ISO-10303-21;
HEADER;
FILE_DESCRIPTION((''),'2;1');
FILE_NAME('349511220','2014-04-07T',('me'),(''),
'PRO/ENGINEER BY PARAMETRIC TECHNOLOGY CORPORATION, 2011490',
'PRO/ENGINEER BY PARAMETRIC TECHNOLOGY CORPORATION, 2011490','');
FILE_SCHEMA(('CONFIG_CONTROL_DESIGN'));
ENDSEC;
DATA;
#1=DIRECTION('',(0.E0,0.E0,-1.E0));
#2=VECTOR('',#1,5.E0);
#3=CARTESIAN_POINT('',(-2.799469381201E1,-1.365569495444E0,4.186356998094E1));
#4=LINE('',#3,#2);
#5=DIRECTION('',(1.424289308715E-8,1.424291280471E-8,-1.E0));
#6=VECTOR('',#5,2.500000000001E0);
#7=CARTESIAN_POINT('',(-2.875999995226E1,2.540341166604E0,4.486356999162E1));
#8=LINE('',#7,#6);
#9=DIRECTION('',(0.E0,0.E0,1.E0));
#10=VECTOR('',#9,2.500000000001E0);
#11=CARTESIAN_POINT('',(-8.059999934456E0,2.540341828899E0,4.236356998094E1));
#12=LINE('',#11,#10);
#13=CARTESIAN_POINT('',(-8.825306056905E0,-1.365569495444E0,3.686356998094E1));
#14=CARTESIAN_POINT('',(-8.825306056905E0,-1.365569495444E0,3.681994245253E1));
#15=CARTESIAN_POINT('',(-8.818689621592E0,-1.349404441253E0,3.673537208788E1));
#16=CARTESIAN_POINT('',(-8.787401359143E0,-1.271744771830E0,3.660989199288E1));
#17=CARTESIAN_POINT('',(-8.739062827538E0,-1.147918124802E0,3.650580740593E1));
#18=CARTESIAN_POINT('',(-8.678914811516E0,-9.867582669129E-1,3.642688432776E1));
#19=CARTESIAN_POINT('',(-8.610426884262E0,-7.923948368095E-1,3.637618729901E1));
#20=CARTESIAN_POINT('',(-8.561335120614E0,-6.429480129676E-1,3.636356998094E1));
#21=CARTESIAN_POINT('',(-8.536190410647E0,-5.629444111256E-1,3.636356998094E1));
#23=DIRECTION('',(2.246226003959E-13,4.850347182369E-9,1.E0));
#24=VECTOR('',#23,1.225768509588E0);
#25=CARTESIAN_POINT('',(-8.059999934456E0,2.540341822954E0,3.513780147135E1));
#26=LINE('',#25,#24);
#27=DIRECTION('',(1.142831388432E-8,-3.546331420594E-7,-9.999999999999E-1));
#28=VECTOR('',#27,1.225768509411E0);
#29=CARTESIAN_POINT('',(-2.875999994319E1,2.540341287669E0,3.636356999162E1));
#30=LINE('',#29,#28);
#31=DIRECTION('',(-1.634248292248E-14,4.272873770361E-8,-1.E0));
#32=VECTOR('',#31,5.E0);
#33=CARTESIAN_POINT('',(-3.025999993446E1,2.540339970199E0,4.186356998094E1));
#34=LINE('',#33,#32);
#35=CARTESIAN_POINT('',(-2.575999993446E1,2.540341828899E0,4.236356998094E1));
#36=DIRECTION('',(0.E0,0.E0,1.E0));
#37=DIRECTION('',(-9.999999999999E-1,-4.700161200244E-7,0.E0));
#38=AXIS2_PLACEMENT_3D('',#35,#36,#37);
#40=CARTESIAN_POINT('',(-2.828380945827E1,-5.629444111255E-1,4.236356998094E1));
#41=CARTESIAN_POINT('',(-2.826267782590E1,-6.301794957225E-1,4.236356998094E1));
#42=CARTESIAN_POINT('',(-2.822120133006E1,-7.573808217829E-1,4.235465445057E1));
#43=CARTESIAN_POINT('',(-2.816201388467E1,-9.281149390679E-1,4.231780575301E1));
#44=CARTESIAN_POINT('',(-2.810845397631E1,-1.074822268481E0,4.226049766887E1));
#45=CARTESIAN_POINT('',(-2.806123910895E1,-1.198750426385E0,4.218305430962E1));
#46=CARTESIAN_POINT('',(-2.802331721993E1,-1.294878830087E0,4.208554413370E1));
#47=CARTESIAN_POINT('',(-2.799981364118E1,-1.353041900148E0,4.197574863380E1));
#48=CARTESIAN_POINT('',(-2.799469381201E1,-1.365569495444E0,4.190153141695E1));
#49=CARTESIAN_POINT('',(-2.799469381201E1,-1.365569495444E0,4.186356998094E1));
#51=CARTESIAN_POINT('',(-2.575999993446E1,2.540341828899E0,4.186356998094E1));
#52=DIRECTION('',(0.E0,0.E0,-1.E0));
#53=DIRECTION('',(-4.965986394558E-1,-8.679802942986E-1,0.E0));
#54=AXIS2_PLACEMENT_3D('',#51,#52,#53);
#56=DIRECTION('',(-9.999999999992E-1,-1.253376276878E-6,-1.068215008526E-8));
#57=VECTOR('',#56,1.000000017804E0);
#58=CARTESIAN_POINT('',(-2.875999991665E1,2.540341202211E0,4.236356999162E1));
#59=LINE('',#58,#57);
#60=CARTESIAN_POINT('',(-1.840999993446E1,2.540341828899E0,4.236356998094E1));
#61=DIRECTION('',(0.E0,0.E0,-1.E0));
#62=DIRECTION('',(-9.539912583391E-1,-2.998344193261E-1,0.E0));
#63=AXIS2_PLACEMENT_3D('',#60,#61,#62);
#65=DIRECTION('',(-2.135457430692E-5,-8.002519091052E-8,9.999999997720E-1));
#66=VECTOR('',#65,8.261153799811E-1);
#67=CARTESIAN_POINT('',(-2.725991165640E1,2.540339962208E0,4.205051554207E1));
#68=LINE('',#67,#66);
#69=CARTESIAN_POINT('',(-2.765999993446E1,2.540339722976E0,4.596356998094E1));
#70=DIRECTION('',(-2.276674057330E-7,1.E0,0.E0));
#71=DIRECTION('',(-5.329070518201E-14,0.E0,1.E0));
#72=AXIS2_PLACEMENT_3D('',#69,#70,#71);
#74=CARTESIAN_POINT('',(-2.985999993446E1,2.540339829871E0,4.596356998094E1));
#75=DIRECTION('',(-1.745876179527E-7,1.E0,0.E0));
#76=DIRECTION('',(-1.E0,-1.745876176962E-7,-1.953992523340E-13));
#77=AXIS2_PLACEMENT_3D('',#74,#75,#76);
#79=CARTESIAN_POINT('',(-2.985999993446E1,2.540339881361E0,4.526356998094E1));
#80=DIRECTION('',(-1.700906803745E-7,1.E0,0.E0));
#81=DIRECTION('',(-2.042810365310E-13,0.E0,-1.E0));
#82=AXIS2_PLACEMENT_3D('',#79,#80,#81);
#84=DIRECTION('',(-9.999999999993E-1,-1.204173529082E-6,-9.710374076246E-9));
#85=VECTOR('',#84,1.099999982197E0);
#86=CARTESIAN_POINT('',(-2.875999995226E1,2.540341166604E0,4.486356999162E1));
#87=LINE('',#86,#85);
#88=CARTESIAN_POINT('',(-2.975999993446E1,2.540340098090E0,4.186356998094E1));
#89=DIRECTION('',(-4.327022732897E-7,9.999999999999E-1,0.E0));
#90=DIRECTION('',(-9.999999999999E-1,-4.327022731232E-7,0.E0));
#91=AXIS2_PLACEMENT_3D('',#88,#89,#90);
#93=CARTESIAN_POINT('',(-2.975999993446E1,2.540340321996E0,3.686356998094E1));
#94=DIRECTION('',(-3.767257488185E-7,9.999999999999E-1,0.E0));
#95=DIRECTION('',(0.E0,0.E0,-1.E0));
#96=AXIS2_PLACEMENT_3D('',#93,#94,#95);
#98=DIRECTION('',(-9.999999999994E-1,-1.082461357561E-6,-1.068215036869E-8));
#99=VECTOR('',#98,9.999999912710E-1);
#100=CARTESIAN_POINT('',(-2.875999994319E1,2.540341287669E0,3.636356999162E1));
#101=LINE('',#100,#99);
#102=DIRECTION('',(4.356009498245E-1,-1.933344469807E-8,9.001398849690E-1));
#103=VECTOR('',#102,1.085856221E1);
#104=CARTESIAN_POINT('',(-3.348999994158E1,2.540341062904E0,2.536357654357E1));
#105=LINE('',#104,#103);
#106=CARTESIAN_POINT('',(-3.548824685644E1,2.540340739317E0,2.386357008450E1));
#107=CARTESIAN_POINT('',(-3.548824685836E1,2.540340737400E0,2.390841694968E1));
#108=CARTESIAN_POINT('',(-3.547660102945E1,2.540340733719E0,2.399456741189E1));
#109=CARTESIAN_POINT('',(-3.542613742073E1,2.540340728502E0,2.411667543667E1));
#110=CARTESIAN_POINT('',(-3.534582798864E1,2.540340724038E0,2.422115043879E1));
#111=CARTESIAN_POINT('',(-3.524135291411E1,2.540340720606E0,2.430146007039E1));
#112=CARTESIAN_POINT('',(-3.511924498846E1,2.540340718450E0,2.435192358719E1));
#113=CARTESIAN_POINT('',(-3.503309380272E1,2.540340717952E0,2.436357005357E1));
#114=CARTESIAN_POINT('',(-3.498824705475E1,2.540340717952E0,2.436357005165E1));
#116=CARTESIAN_POINT('',(-3.498824643266E1,2.540340974325E0,1.836357029578E1));
#117=CARTESIAN_POINT('',(-3.503309385053E1,2.540340974325E0,1.836357029770E1));
#118=CARTESIAN_POINT('',(-3.511924469778E1,2.540340973827E0,1.837521615768E1));
#119=CARTESIAN_POINT('',(-3.524135274004E1,2.540340971671E0,1.842567992106E1));
#120=CARTESIAN_POINT('',(-3.534582776656E1,2.540340968239E0,1.850598947442E1));
#121=CARTESIAN_POINT('',(-3.542613720079E1,2.540340963775E0,1.861046450035E1));
#122=CARTESIAN_POINT('',(-3.547660080659E1,2.540340958558E0,1.873257243445E1));
#123=CARTESIAN_POINT('',(-3.548824664089E1,2.540340954877E0,1.881872306216E1));
#124=CARTESIAN_POINT('',(-3.548824664280E1,2.540340952960E0,1.886357027980E1));
#126=DIRECTION('',(-1.E0,-1.766711245286E-7,2.590606758349E-8));
#127=VECTOR('',#126,1.498246048704E0);
#128=CARTESIAN_POINT('',(-3.349000038396E1,2.540341239021E0,1.836357025697E1));
#129=LINE('',#128,#127);
#130=DIRECTION('',(1.E0,-6.654474163882E-8,2.259217033784E-8));
#131=VECTOR('',#130,1.498245997732E0);
#132=CARTESIAN_POINT('',(-3.498824583249E1,2.540341572527E0,4.363569850690E0));
#133=LINE('',#132,#131);
#134=CARTESIAN_POINT('',(-3.548824600187E1,2.540341593891E0,3.863569829325E0));
#135=CARTESIAN_POINT('',(-3.548824600379E1,2.540341591975E0,3.908417017225E0));
#136=CARTESIAN_POINT('',(-3.547660017562E1,2.540341588294E0,3.994567634629E0));
#137=CARTESIAN_POINT('',(-3.542613657463E1,2.540341583077E0,4.116675585508E0));
#138=CARTESIAN_POINT('',(-3.534582714204E1,2.540341578612E0,4.221150617900E0));
#139=CARTESIAN_POINT('',(-3.524135210943E1,2.540341575181E0,4.301460185819E0));
#140=CARTESIAN_POINT('',(-3.511924407349E1,2.540341573025E0,4.351923932275E0));
#141=CARTESIAN_POINT('',(-3.503309319198E1,2.540341572527E0,4.363569848773E0));
#142=CARTESIAN_POINT('',(-3.498824583249E1,2.540341572527E0,4.363569850690E0));
#144=CARTESIAN_POINT('',(-3.498824557612E1,2.540341828899E0,-1.636430149310E0));
#145=CARTESIAN_POINT('',(-3.503309293561E1,2.540341828899E0,-1.636430151227E0));
#146=CARTESIAN_POINT('',(-3.511924381811E1,2.540341828402E0,-1.624784242091E0));
#147=CARTESIAN_POINT('',(-3.524135185836E1,2.540341826246E0,-1.574320506069E0));
#148=CARTESIAN_POINT('',(-3.534582689784E1,2.540341822814E0,-1.494010947078E0));
#149=CARTESIAN_POINT('',(-3.542613633936E1,2.540341818350E0,-1.389535921549E0));
#150=CARTESIAN_POINT('',(-3.547659995078E1,2.540341813132E0,-1.267427974983E0));
#151=CARTESIAN_POINT('',(-3.548824578631E1,2.540341809451E0,-1.181277358574E0));
#152=CARTESIAN_POINT('',(-3.548824578823E1,2.540341807535E0,-1.136430170675E0));
#154=CARTESIAN_POINT('',(-3.318999993446E1,2.540341910142E0,-3.336430019058E0));
#155=DIRECTION('',(0.E0,1.E0,0.E0));
#156=DIRECTION('',(-4.736951571734E-14,0.E0,-1.E0));
#157=AXIS2_PLACEMENT_3D('',#154,#155,#156);
#159=DIRECTION('',(-1.E0,3.880742481766E-8,-8.576664779007E-9));
#160=VECTOR('',#159,1.468060612326E0);
#161=CARTESIAN_POINT('',(-3.172193932213E1,2.540341857385E0,-3.636430006467E0));
#162=LINE('',#161,#160);
#163=CARTESIAN_POINT('',(-3.178999993446E1,2.540341828899E0,-1.936430019063E0));
#164=DIRECTION('',(0.E0,-1.E0,0.E0));
#165=DIRECTION('',(-9.999999999714E-1,0.E0,-7.556827585908E-6));
#166=AXIS2_PLACEMENT_3D('',#163,#164,#165);
#168=DIRECTION('',(-1.E0,3.942929983597E-8,-1.424289503036E-8));
#169=VECTOR('',#168,2.780000109613E0);
#170=CARTESIAN_POINT('',(-2.920999992591E1,2.540341424629E0,1.225557000074E1));
#171=LINE('',#170,#169);
#172=DIRECTION('',(1.E0,3.357845433491E-8,1.424289351429E-8));
#173=VECTOR('',#172,2.779999906652E0);
#174=CARTESIAN_POINT('',(-3.198999984965E1,2.540341314189E0,1.345556996114E1));
#175=LINE('',#174,#173);
#176=DIRECTION('',(1.380398546363E-8,5.231715610047E-8,-1.E0));
#177=VECTOR('',#176,1.190800643270E1);
#178=CARTESIAN_POINT('',(-3.199000001403E1,2.540340691196E0,2.536357639384E1));
#179=LINE('',#178,#177);
#180=DIRECTION('',(-4.356009498221E-1,-5.622475841618E-8,-9.001398849701E-1));
#181=VECTOR('',#180,1.085856242660E1);
#182=CARTESIAN_POINT('',(-2.725999990730E1,2.540341301716E0,3.513780152746E1));
#183=LINE('',#182,#181);
#184=DIRECTION('',(9.925474148894E-1,6.800406194862E-6,1.218590544449E-1));
#185=VECTOR('',#184,1.511844737747E-1);
#186=CARTESIAN_POINT('',(-2.740998708586E1,2.540340106497E0,3.893208583937E1));
#187=LINE('',#186,#185);
#188=DIRECTION('',(1.E0,1.822695478040E-8,1.424291915029E-8));
#189=VECTOR('',#188,9.499999827103E-1);
#190=CARTESIAN_POINT('',(-2.835999990597E1,2.540340133993E0,3.736356997417E1));
#191=LINE('',#190,#189);
#192=DIRECTION('',(-9.925474148922E-1,-5.781391816904E-6,1.218590544747E-1));
#193=VECTOR('',#192,1.511844775307E-1);
#194=CARTESIAN_POINT('',(-2.725992930121E1,2.540340921602E0,3.977663092229E1));
#195=LINE('',#194,#193);
#196=DIRECTION('',(-3.912486897368E-10,2.682438892444E-8,-1.E0));
#197=VECTOR('',#196,8.261392280053E-1);
#198=CARTESIAN_POINT('',(-2.725999993413E1,2.590341256956E0,3.977663959492E1));
#199=LINE('',#198,#197);
#200=DIRECTION('',(0.E0,0.E0,1.E0));
#201=VECTOR('',#200,8.261218854547E-1);
#202=CARTESIAN_POINT('',(-9.560070556489E0,2.540341828899E0,4.205050903821E1));
#203=LINE('',#202,#201);
#204=DIRECTION('',(-9.925474149550E-1,1.800097172515E-10,-1.218590540998E-1));
#205=VECTOR('',#204,1.511844770025E-1);
#206=CARTESIAN_POINT('',(-9.410012794658E0,2.540341828899E0,3.979505412103E1));
#207=LINE('',#206,#205);
#208=DIRECTION('',(0.E0,0.E0,1.E0));
#209=VECTOR('',#208,4.E0);
#210=CARTESIAN_POINT('',(-8.459999934456E0,2.540341828899E0,3.736356998094E1));
#211=LINE('',#210,#209);
#212=DIRECTION('',(1.E0,0.E0,0.E0));
#213=VECTOR('',#212,9.5E-1);
#214=CARTESIAN_POINT('',(-9.409999934456E0,2.540341828899E0,3.736356998094E1));
#215=LINE('',#214,#213);
#216=DIRECTION('',(9.925474149550E-1,-7.128921759812E-10,-1.218590541003E-1));
#217=VECTOR('',#216,1.511844770020E-1);
#218=CARTESIAN_POINT('',(-9.560070556488E0,2.540341829007E0,3.895050903821E1));
#219=LINE('',#218,#217);
#220=DIRECTION('',(-4.356009498224E-1,-1.859357358187E-10,9.001398849700E-1));
#221=VECTOR('',#220,1.085856218158E1);
#222=CARTESIAN_POINT('',(-4.829999934456E0,2.540341824902E0,2.536357655829E1));
#223=LINE('',#222,#221);
#224=DIRECTION('',(1.E0,0.E0,0.E0));
#225=VECTOR('',#224,2.78E0);
#226=CARTESIAN_POINT('',(-7.609999934456E0,2.540341828899E0,1.345556998094E1));
#227=LINE('',#226,#225);
#228=DIRECTION('',(-1.E0,0.E0,0.E0));
#229=VECTOR('',#228,2.78E0);
#230=CARTESIAN_POINT('',(-4.829999934456E0,2.540341828899E0,1.225556998094E1));
#231=LINE('',#230,#229);
#232=CARTESIAN_POINT('',(-5.029999934456E0,2.540341828899E0,-1.936430019063E0));
#233=DIRECTION('',(0.E0,-1.E0,0.E0));
#234=DIRECTION('',(0.E0,0.E0,-1.E0));
#235=AXIS2_PLACEMENT_3D('',#232,#233,#234);
#237=DIRECTION('',(-1.E0,0.E0,6.190671535054E-14));
#238=VECTOR('',#237,1.441878004259E0);
#239=CARTESIAN_POINT('',(-3.629999934456E0,2.540341828899E0,-3.636430019060E0));
#240=LINE('',#239,#238);
#241=CARTESIAN_POINT('',(-3.629999934456E0,2.540341828899E0,-3.336430019060E0));
#242=DIRECTION('',(0.E0,1.E0,0.E0));
#243=DIRECTION('',(1.E0,0.E0,-1.332267629550E-14));
#244=AXIS2_PLACEMENT_3D('',#241,#242,#243);
#246=DIRECTION('',(-1.300546673650E-13,1.393537849737E-10,-1.E0));
#247=VECTOR('',#246,2.870000657735E1);
#248=CARTESIAN_POINT('',(-3.329999934452E0,2.540341824900E0,2.536357655829E1));
#249=LINE('',#248,#247);
#250=DIRECTION('',(4.356009498228E-1,1.792092654802E-10,-9.001398849698E-1));
#251=VECTOR('',#250,1.085856218158E1);
#252=CARTESIAN_POINT('',(-8.059999934456E0,2.540341822954E0,3.513780147135E1));
#253=LINE('',#252,#251);
#254=DIRECTION('',(-1.E0,0.E0,0.E0));
#255=VECTOR('',#254,1.E0);
#256=CARTESIAN_POINT('',(-7.059999934456E0,2.540341828899E0,3.636356998094E1));
#257=LINE('',#256,#255);
#258=CARTESIAN_POINT('',(-7.059999934456E0,2.540341828899E0,3.686356998094E1));
#259=DIRECTION('',(0.E0,1.E0,0.E0));
#260=DIRECTION('',(1.E0,0.E0,0.E0));
#261=AXIS2_PLACEMENT_3D('',#258,#259,#260);
#263=CARTESIAN_POINT('',(-7.059999934456E0,2.540341828899E0,4.186356998094E1));
#264=DIRECTION('',(-1.734504424085E-14,1.E0,0.E0));
#265=DIRECTION('',(-6.039613253961E-14,0.E0,1.E0));
#266=AXIS2_PLACEMENT_3D('',#263,#264,#265);
#268=DIRECTION('',(-1.E0,0.E0,-6.459479416001E-13));
#269=VECTOR('',#268,1.1E0);
#270=CARTESIAN_POINT('',(-6.959999934456E0,2.540341828899E0,4.486356998094E1));
#271=LINE('',#270,#269);
#272=CARTESIAN_POINT('',(-6.959999934456E0,2.540341828899E0,4.526356998094E1));
#273=DIRECTION('',(0.E0,1.E0,0.E0));
#274=DIRECTION('',(1.E0,0.E0,-5.329070518201E-14));
#275=AXIS2_PLACEMENT_3D('',#272,#273,#274);
#277=CARTESIAN_POINT('',(-6.959999934456E0,2.540341828899E0,4.596356998094E1));
#278=DIRECTION('',(0.E0,1.E0,0.E0));
#279=DIRECTION('',(2.220446049250E-13,0.E0,1.E0));
#280=AXIS2_PLACEMENT_3D('',#277,#278,#279);
#282=CARTESIAN_POINT('',(-9.159999934456E0,2.540341828899E0,4.596356998094E1));
#283=DIRECTION('',(0.E0,1.E0,0.E0));
#284=DIRECTION('',(-1.E0,0.E0,0.E0));
#285=AXIS2_PLACEMENT_3D('',#282,#283,#284);
#287=DIRECTION('',(6.952692745285E-14,1.196644353621E-11,-1.E0));
#288=VECTOR('',#287,2.273878114545E0);
#289=CARTESIAN_POINT('',(-9.560070556489E0,2.540341828899E0,4.205050903821E1));
#290=LINE('',#289,#288);
#291=DIRECTION('',(7.759766534839E-6,-4.219186788196E-7,9.999999999698E-1));
#292=VECTOR('',#291,2.273884619850E0);
#293=CARTESIAN_POINT('',(-2.725992930121E1,2.540340921602E0,3.977663092229E1));
#294=LINE('',#293,#292);
#295=CARTESIAN_POINT('',(-2.725992930121E1,2.540340921602E0,3.977663092229E1));
#296=CARTESIAN_POINT('',(-2.725703087571E1,2.027327796772E0,3.977627504750E1));
#297=CARTESIAN_POINT('',(-2.716168975138E1,1.001817833156E0,3.977555058366E1));
#298=CARTESIAN_POINT('',(-2.675486292489E1,-4.885332522254E-1,
3.977452029397E1));
#299=CARTESIAN_POINT('',(-2.609624515982E1,-1.886002511220E0,3.977354714966E1));
#300=CARTESIAN_POINT('',(-2.520577161673E1,-3.148434812665E0,3.977266888503E1));
#301=CARTESIAN_POINT('',(-2.411028710269E1,-4.237746144295E0,3.977191006539E1));
#302=CARTESIAN_POINT('',(-2.284284400032E1,-5.121075355194E0,3.977129444498E1));
#303=CARTESIAN_POINT('',(-2.144167557889E1,-5.771775352902E0,3.977084069823E1));
#304=CARTESIAN_POINT('',(-1.994905126100E1,-6.170216483733E0,3.977056276811E1));
#305=CARTESIAN_POINT('',(-1.840999857646E1,-6.304379131973E0,3.977046916624E1));
#306=CARTESIAN_POINT('',(-1.687094595391E1,-6.170216014977E0,3.977056276843E1));
#307=CARTESIAN_POINT('',(-1.537832181682E1,-5.771774451278E0,3.977084069886E1));
#308=CARTESIAN_POINT('',(-1.397715367174E1,-5.121074085153E0,3.977129444586E1));
#309=CARTESIAN_POINT('',(-1.270971091237E1,-4.237744587339E0,3.977191006649E1));
#310=CARTESIAN_POINT('',(-1.161422677679E1,-3.148433054224E0,3.977266888620E1));
#311=CARTESIAN_POINT('',(-1.072375361301E1,-1.886000620105E0,3.977354715119E1));
#312=CARTESIAN_POINT('',(-1.006513624013E1,-4.885313048412E-1,
3.977452029454E1));
#313=CARTESIAN_POINT('',(-9.658309707764E0,1.001819865140E0,3.977555058803E1));
#314=CARTESIAN_POINT('',(-9.562968976331E0,2.027329703114E0,3.977627504246E1));
#315=CARTESIAN_POINT('',(-9.560070556488E0,2.540341828927E0,3.977663092367E1));
#317=CARTESIAN_POINT('',(-1.840999993446E1,2.540341828899E0,3.977663959496E1));
#318=DIRECTION('',(0.E0,0.E0,1.E0));
#319=DIRECTION('',(-9.444377083162E-1,-3.286904548515E-1,0.E0));
#320=AXIS2_PLACEMENT_3D('',#317,#318,#319);
#322=CARTESIAN_POINT('',(-1.840999993446E1,2.540341828899E0,3.977663959496E1));
#323=DIRECTION('',(0.E0,0.E0,1.E0));
#324=DIRECTION('',(-1.E0,0.E0,0.E0));
#325=AXIS2_PLACEMENT_3D('',#322,#323,#324);
#327=CARTESIAN_POINT('',(-2.725991165640E1,2.540339962208E0,4.205051554207E1));
#328=CARTESIAN_POINT('',(-2.725701313341E1,2.027328734027E0,4.205087142266E1));
#329=CARTESIAN_POINT('',(-2.716169838990E1,1.001820175078E0,4.205158635578E1));
#330=CARTESIAN_POINT('',(-2.675486132717E1,-4.885317059117E-1,
4.205262047625E1));
#331=CARTESIAN_POINT('',(-2.609624660367E1,-1.886001033117E0,4.205359259431E1));
#332=CARTESIAN_POINT('',(-2.520577247063E1,-3.148433631740E0,4.205447113414E1));
#333=CARTESIAN_POINT('',(-2.411028826380E1,-4.237745216629E0,4.205522988027E1));
#334=CARTESIAN_POINT('',(-2.284284515366E1,-5.121074693746E0,4.205584552061E1));
#335=CARTESIAN_POINT('',(-2.144167673878E1,-5.771774940206E0,4.205629926224E1));
#336=CARTESIAN_POINT('',(-1.994905236096E1,-6.170216296966E0,4.205657719394E1));
#337=CARTESIAN_POINT('',(-1.840999958154E1,-6.304379138433E0,4.205667079556E1));
#338=CARTESIAN_POINT('',(-1.687094683247E1,-6.170216175906E0,4.205657719358E1));
#339=CARTESIAN_POINT('',(-1.537832254939E1,-5.771774723747E0,4.205629926320E1));
#340=CARTESIAN_POINT('',(-1.397715424929E1,-5.121074424623E0,4.205584551626E1));
#341=CARTESIAN_POINT('',(-1.270971133677E1,-4.237744950070E0,4.205522989564E1));
#342=CARTESIAN_POINT('',(-1.161422705999E1,-3.148433399613E0,4.205447107592E1));
#343=CARTESIAN_POINT('',(-1.072375377598E1,-1.886000912808E0,4.205359281090E1));
#344=CARTESIAN_POINT('',(-1.006513631135E1,-4.885315165732E-1,
4.205261966749E1));
#345=CARTESIAN_POINT('',(-9.658309721332E0,1.001819754110E0,4.205158937393E1));
#346=CARTESIAN_POINT('',(-9.562968976548E0,2.027329666126E0,4.205086491945E1));
#347=CARTESIAN_POINT('',(-9.560070556489E0,2.540341828899E0,4.205050903821E1));
#349=CARTESIAN_POINT('',(-1.840999993446E1,2.540341828899E0,4.205050036692E1));
#350=DIRECTION('',(0.E0,0.E0,-1.E0));
#351=DIRECTION('',(-9.444377083162E-1,-3.286904548515E-1,0.E0));
#352=AXIS2_PLACEMENT_3D('',#349,#350,#351);
#354=CARTESIAN_POINT('',(-1.840999993446E1,2.540341828899E0,4.205050036692E1));
#355=DIRECTION('',(0.E0,0.E0,-1.E0));
#356=DIRECTION('',(1.E0,0.E0,0.E0));
#357=AXIS2_PLACEMENT_3D('',#354,#355,#356);
#359=CARTESIAN_POINT('',(-9.560141178521E0,2.540341828899E0,3.977662225237E1));
#360=CARTESIAN_POINT('',(-9.560047015822E0,2.557008360562E0,3.977663381410E1));
#361=CARTESIAN_POINT('',(-9.559999934456E0,2.573675027228E0,3.977663959496E1));
#362=CARTESIAN_POINT('',(-9.559999934456E0,2.590341828899E0,3.977663959496E1));
#364=CARTESIAN_POINT('',(-9.159999934456E0,2.590341828899E0,4.596356998094E1));
#365=DIRECTION('',(0.E0,-1.E0,0.E0));
#366=DIRECTION('',(0.E0,0.E0,1.E0));
#367=AXIS2_PLACEMENT_3D('',#364,#365,#366);
#369=CARTESIAN_POINT('',(-6.959999934456E0,2.590341828899E0,4.596356998094E1));
#370=DIRECTION('',(0.E0,-1.E0,0.E0));
#371=DIRECTION('',(1.E0,0.E0,-1.776356839400E-14));
#372=AXIS2_PLACEMENT_3D('',#369,#370,#371);
#374=CARTESIAN_POINT('',(-6.959999934456E0,2.590341828899E0,4.526356998094E1));
#375=DIRECTION('',(0.E0,-1.E0,0.E0));
#376=DIRECTION('',(0.E0,0.E0,-1.E0));
#377=AXIS2_PLACEMENT_3D('',#374,#375,#376);
#379=DIRECTION('',(1.E0,0.E0,0.E0));
#380=VECTOR('',#379,1.100000000009E0);
#381=CARTESIAN_POINT('',(-8.059999934465E0,2.590341828899E0,4.486356998094E1));
#382=LINE('',#381,#380);
#383=CARTESIAN_POINT('',(-7.059999934456E0,2.590341828899E0,4.186356998094E1));
#384=DIRECTION('',(0.E0,-1.E0,0.E0));
#385=DIRECTION('',(1.E0,0.E0,4.263256414561E-14));
#386=AXIS2_PLACEMENT_3D('',#383,#384,#385);
#388=CARTESIAN_POINT('',(-7.059999934456E0,2.590341828899E0,3.686356998094E1));
#389=DIRECTION('',(0.E0,-1.E0,0.E0));
#390=DIRECTION('',(-7.993605777301E-14,0.E0,-1.E0));
#391=AXIS2_PLACEMENT_3D('',#388,#389,#390);
#393=DIRECTION('',(1.E0,0.E0,0.E0));
#394=VECTOR('',#393,1.E0);
#395=CARTESIAN_POINT('',(-8.059999934456E0,2.590341828899E0,3.636356998094E1));
#396=LINE('',#395,#394);
#397=DIRECTION('',(-4.356009498228E-1,-6.385125826706E-10,9.001398849698E-1));
#398=VECTOR('',#397,1.085856217419E1);
#399=CARTESIAN_POINT('',(-3.329999934450E0,2.590341835833E0,2.536357655829E1));
#400=LINE('',#399,#398);
#401=CARTESIAN_POINT('',(-3.629999934456E0,2.590341828899E0,-3.336430019061E0));
#402=DIRECTION('',(0.E0,-1.E0,0.E0));
#403=DIRECTION('',(7.549516567451E-14,0.E0,-1.E0));
#404=AXIS2_PLACEMENT_3D('',#401,#402,#403);
#406=CARTESIAN_POINT('',(-5.171877938715E0,2.590341828899E0,-3.336430019061E0));
#407=DIRECTION('',(0.E0,-1.E0,0.E0));
#408=DIRECTION('',(-1.E0,0.E0,0.E0));
#409=AXIS2_PLACEMENT_3D('',#406,#407,#408);
#411=DIRECTION('',(1.E0,0.E0,0.E0));
#412=VECTOR('',#411,2.138121995741E0);
#413=CARTESIAN_POINT('',(-7.609999934456E0,2.590341828899E0,1.225556998094E1));
#414=LINE('',#413,#412);
#415=DIRECTION('',(0.E0,0.E0,-1.E0));
#416=VECTOR('',#415,1.2E0);
#417=CARTESIAN_POINT('',(-7.609999934456E0,2.590341828899E0,1.345556998094E1));
#418=LINE('',#417,#416);
#419=DIRECTION('',(-1.E0,0.E0,0.E0));
#420=VECTOR('',#419,2.78E0);
#421=CARTESIAN_POINT('',(-4.829999934456E0,2.590341828899E0,1.345556998094E1));
#422=LINE('',#421,#420);
#423=DIRECTION('',(-3.211701513924E-13,-6.297916196029E-10,-1.E0));
#424=VECTOR('',#423,1.190800657735E1);
#425=CARTESIAN_POINT('',(-4.829999934452E0,2.590341836399E0,2.536357655829E1));
#426=LINE('',#425,#424);
#427=DIRECTION('',(4.356009498202E-1,2.608713988809E-10,-9.001398849711E-1));
#428=VECTOR('',#427,1.085856218158E1);
#429=CARTESIAN_POINT('',(-9.559999934429E0,2.590341833566E0,3.513780147136E1));
#430=LINE('',#429,#428);
#431=DIRECTION('',(-9.925428629715E-1,-2.940584471407E-14,1.218961244846E-1));
#432=VECTOR('',#431,1.510207287592E-1);
#433=CARTESIAN_POINT('',(-9.410105387965E0,2.590341828899E0,3.893209152536E1));
#434=LINE('',#433,#432);
#435=DIRECTION('',(1.E0,0.E0,0.E0));
#436=VECTOR('',#435,9.501388899606E-1);
#437=CARTESIAN_POINT('',(-9.410138824417E0,2.590341828899E0,4.136356998094E1));
#438=LINE('',#437,#436);
#439=DIRECTION('',(9.925428629715E-1,7.351461178519E-14,1.218961244845E-1));
#440=VECTOR('',#439,1.510207287592E-1);
#441=CARTESIAN_POINT('',(-9.559999934456E0,2.590341828899E0,3.977663959496E1));
#442=LINE('',#441,#440);
#443=DIRECTION('',(-5.223414955644E-11,-9.816955033954E-8,1.E0));
#444=VECTOR('',#443,6.186930386015E0);
#445=CARTESIAN_POINT('',(-2.725999993413E1,2.590341256956E0,3.977663959492E1));
#446=LINE('',#445,#444);
#447=DIRECTION('',(0.E0,0.E0,-1.E0));
#448=VECTOR('',#447,6.186930385975E0);
#449=CARTESIAN_POINT('',(-9.559999934456E0,2.590341828899E0,4.596356998094E1));
#450=LINE('',#449,#448);
#451=DIRECTION('',(0.E0,0.E0,-1.E0));
#452=VECTOR('',#451,8.261392280452E-1);
#453=CARTESIAN_POINT('',(-9.559999934456E0,2.590341828899E0,3.977663959496E1));
#454=LINE('',#453,#452);
#455=DIRECTION('',(-7.097136300518E-12,-1.224033542032E-9,1.E0));
#456=VECTOR('',#455,3.812698895554E0);
#457=CARTESIAN_POINT('',(-9.559999934429E0,2.590341833566E0,3.513780147136E1));
#458=LINE('',#457,#456);
#459=DIRECTION('',(-7.128550330204E-9,8.236052365184E-8,-1.E0));
#460=VECTOR('',#459,3.812698951662E0);
#461=CARTESIAN_POINT('',(-2.725999993446E1,2.590341279117E0,3.895050036692E1));
#462=LINE('',#461,#460);
#463=DIRECTION('',(9.925428629254E-1,2.543879397662E-7,-1.218961248599E-1));
#464=VECTOR('',#463,1.510207408208E-1);
#465=CARTESIAN_POINT('',(-2.740989449259E1,2.590341218538E0,3.979504843800E1));
#466=LINE('',#465,#464);
#467=DIRECTION('',(1.E0,3.147968949882E-7,-1.424290115730E-8));
#468=VECTOR('',#467,9.501388723417E-1);
#469=CARTESIAN_POINT('',(-2.835999990597E1,2.590341202212E0,4.136356998771E1));
#470=LINE('',#469,#468);
#471=DIRECTION('',(-9.925428629284E-1,-2.400933550648E-7,-1.218961248354E-1));
#472=VECTOR('',#471,1.510207179500E-1);
#473=CARTESIAN_POINT('',(-2.725999993446E1,2.590341279117E0,3.895050036692E1));
#474=LINE('',#473,#472);
#475=DIRECTION('',(4.356009498203E-1,-1.184946647166E-8,9.001398849710E-1));
#476=VECTOR('',#475,1.085856192457E1);
#477=CARTESIAN_POINT('',(-3.198999984966E1,2.590341721801E0,2.536357673353E1));
#478=LINE('',#477,#476);
#479=DIRECTION('',(1.424256719243E-8,-1.361308119988E-8,1.E0));
#480=VECTOR('',#479,1.190800673279E1);
#481=CARTESIAN_POINT('',(-3.199000001926E1,2.590341883905E0,1.345557000074E1));
#482=LINE('',#481,#480);
#483=DIRECTION('',(-1.E0,-3.357840767097E-8,1.424288936290E-8));
#484=VECTOR('',#483,2.780000093348E0);
#485=CARTESIAN_POINT('',(-2.920999992591E1,2.590341977253E0,1.345556996114E1));
#486=LINE('',#485,#484);
#487=DIRECTION('',(1.424289728846E-8,-1.424289469794E-8,1.E0));
#488=VECTOR('',#487,1.199999995242E0);
#489=CARTESIAN_POINT('',(-2.920999994300E1,2.590341994345E0,1.225556996590E1));
#490=LINE('',#489,#488);
#491=DIRECTION('',(1.E0,-5.763411963764E-8,-1.424289716660E-8));
#492=VECTOR('',#491,2.111939276637E0);
#493=CARTESIAN_POINT('',(-3.132193921964E1,2.590342116065E0,1.225556999598E1));
#494=LINE('',#493,#492);
#495=DIRECTION('',(7.258472249627E-9,-4.104971458270E-8,1.E0));
#496=VECTOR('',#495,1.559200001504E1);
#497=CARTESIAN_POINT('',(-3.132193933281E1,2.590342756112E0,-3.336430019063E0));
#498=LINE('',#497,#496);
#499=CARTESIAN_POINT('',(-3.162193933281E1,2.590342764716E0,-3.336430019063E0));
#500=DIRECTION('',(0.E0,-1.E0,0.E0));
#501=DIRECTION('',(9.473903143468E-14,0.E0,-1.E0));
#502=AXIS2_PLACEMENT_3D('',#499,#500,#501);
#504=DIRECTION('',(1.E0,0.E0,7.646648766881E-14));
#505=VECTOR('',#504,1.568060601643E0);
#506=CARTESIAN_POINT('',(-3.318999993446E1,2.590342768930E0,-3.636430019063E0));
#507=LINE('',#506,#505);
#508=CARTESIAN_POINT('',(-3.318999993446E1,2.590342764716E0,-3.336430019063E0));
#509=DIRECTION('',(0.E0,-1.E0,0.E0));
#510=DIRECTION('',(-1.E0,0.E0,0.E0));
#511=AXIS2_PLACEMENT_3D('',#508,#509,#510);
#513=CARTESIAN_POINT('',(-3.548775161970E1,2.590342662109E0,-1.136429903164E0));
#514=CARTESIAN_POINT('',(-3.548775162200E1,2.590342664402E0,-1.190090806229E0));
#515=CARTESIAN_POINT('',(-3.547157297600E1,2.590342668750E0,-1.291856364549E0));
#516=CARTESIAN_POINT('',(-3.539855635010E1,2.590342674904E0,-1.435874620808E0));
#517=CARTESIAN_POINT('',(-3.528732588733E1,2.590342679659E0,-1.547168152447E0));
#518=CARTESIAN_POINT('',(-3.514306103701E1,2.590342682784E0,-1.620301543956E0));
#519=CARTESIAN_POINT('',(-3.504135510483E1,2.590342683473E0,-1.636429871162E0));
#520=CARTESIAN_POINT('',(-3.498774484385E1,2.590342683473E0,-1.636429868871E0));
#522=CARTESIAN_POINT('',(-3.498774428846E1,2.590342427101E0,4.363570080554E0));
#523=CARTESIAN_POINT('',(-3.504140928246E1,2.590342427101E0,4.363570078261E0));
#524=CARTESIAN_POINT('',(-3.514318014478E1,2.590342427792E0,4.347388800104E0));
#525=CARTESIAN_POINT('',(-3.528719009175E1,2.590342430912E0,4.274377359775E0));
#526=CARTESIAN_POINT('',(-3.539848727962E1,2.590342435665E0,4.163150747349E0));
#527=CARTESIAN_POINT('',(-3.547162612627E1,2.590342441829E0,4.018877146223E0));
#528=CARTESIAN_POINT('',(-3.548775140377E1,2.590342446175E0,3.917177086522E0));
#529=CARTESIAN_POINT('',(-3.548775140606E1,2.590342448465E0,3.863570096916E0));
#531=DIRECTION('',(1.E0,1.767031286509E-7,-2.258544804788E-8));
#532=VECTOR('',#531,1.497744194276E0);
#533=CARTESIAN_POINT('',(-3.498774367923E1,2.590341828899E0,1.836357032481E1));
#534=LINE('',#533,#532);
#535=CARTESIAN_POINT('',(-3.548775076513E1,2.590341807535E0,1.886357034617E1));
#536=CARTESIAN_POINT('',(-3.548775076742E1,2.590341809828E0,1.880990910225E1));
#537=CARTESIAN_POINT('',(-3.547157210505E1,2.590341814176E0,1.870814338882E1));
#538=CARTESIAN_POINT('',(-3.539855561268E1,2.590341820330E0,1.856412538908E1));
#539=CARTESIAN_POINT('',(-3.528732529754E1,2.590341825085E0,1.845283186554E1));
#540=CARTESIAN_POINT('',(-3.514306027743E1,2.590341828210E0,1.837969812318E1));
#541=CARTESIAN_POINT('',(-3.504135452345E1,2.590341828899E0,1.836357032710E1));
#542=CARTESIAN_POINT('',(-3.498774367923E1,2.590341828899E0,1.836357032481E1));
#544=CARTESIAN_POINT('',(-3.498774342286E1,2.590341572527E0,2.436357032481E1));
#545=CARTESIAN_POINT('',(-3.504140836713E1,2.590341572527E0,2.436357032710E1));
#546=CARTESIAN_POINT('',(-3.514317925137E1,2.590341573219E0,2.434738930248E1));
#547=CARTESIAN_POINT('',(-3.528718919516E1,2.590341576338E0,2.427437778688E1));
#548=CARTESIAN_POINT('',(-3.539848640627E1,2.590341581091E0,2.416315117217E1));
#549=CARTESIAN_POINT('',(-3.547162527198E1,2.590341587256E0,2.401887765205E1));
#550=CARTESIAN_POINT('',(-3.548775054919E1,2.590341591601E0,2.391717730740E1));
#551=CARTESIAN_POINT('',(-3.548775055149E1,2.590341593892E0,2.386357034617E1));
#553=DIRECTION('',(-4.356009498233E-1,5.039900029654E-9,-9.001398849696E-1));
#554=VECTOR('',#553,1.085856214519E1);
#555=CARTESIAN_POINT('',(-2.875999994318E1,2.590341594026E0,3.513780145331E1));
#556=LINE('',#555,#554);
#557=DIRECTION('',(9.999999999999E-1,5.127441546553E-7,-1.068218570933E-8));
#558=VECTOR('',#557,1.000000008729E0);
#559=CARTESIAN_POINT('',(-2.975999993446E1,2.590341059783E0,3.636356998094E1));
#560=LINE('',#559,#558);
#561=CARTESIAN_POINT('',(-2.975999993446E1,2.590341111683E0,3.686356998094E1));
#562=DIRECTION('',(1.793040443343E-7,-1.E0,0.E0));
#563=DIRECTION('',(-1.E0,-1.793040445008E-7,0.E0));
#564=AXIS2_PLACEMENT_3D('',#561,#562,#563);
#566=CARTESIAN_POINT('',(-2.975999993446E1,2.590340887778E0,4.186356998094E1));
#567=DIRECTION('',(2.352804659433E-7,-1.E0,0.E0));
#568=DIRECTION('',(0.E0,0.E0,1.E0));
#569=AXIS2_PLACEMENT_3D('',#566,#567,#568);
#571=DIRECTION('',(9.999999999998E-1,6.862484840997E-7,-9.711077845245E-9));
#572=VECTOR('',#571,1.100000017795E0);
#573=CARTESIAN_POINT('',(-2.985999993446E1,2.590340696589E0,4.486356998094E1));
#574=LINE('',#573,#572);
#575=CARTESIAN_POINT('',(-2.985999993446E1,2.590340716615E0,4.526356998094E1));
#576=DIRECTION('',(9.714276543479E-8,-1.E0,0.E0));
#577=DIRECTION('',(-1.E0,-9.714276494321E-8,-1.776356839400E-14));
#578=AXIS2_PLACEMENT_3D('',#575,#576,#577);
#580=CARTESIAN_POINT('',(-2.985999993446E1,2.590340665125E0,4.596356998094E1));
#581=DIRECTION('',(1.016396957315E-7,-1.E0,0.E0));
#582=DIRECTION('',(1.776356839400E-14,0.E0,1.E0));
#583=AXIS2_PLACEMENT_3D('',#580,#581,#582);
#585=CARTESIAN_POINT('',(-2.765999993446E1,2.590340602926E0,4.596356998094E1));
#586=DIRECTION('',(1.325376319859E-7,-1.E0,0.E0));
#587=DIRECTION('',(1.E0,1.325376319805E-7,1.776356839400E-14));
#588=AXIS2_PLACEMENT_3D('',#585,#586,#587);
#590=CARTESIAN_POINT('',(-2.725999993446E1,2.590340913554E0,3.977663959496E1));
#591=CARTESIAN_POINT('',(-2.725999993273E1,2.573673827982E0,3.977663959475E1));
#592=CARTESIAN_POINT('',(-2.725995284804E1,2.557006877426E0,3.977663381348E1));
#593=CARTESIAN_POINT('',(-2.725985868041E1,2.540340061887E0,3.977662225115E1));
#595=DIRECTION('',(2.133152701390E-5,1.802810521840E-7,9.999999997725E-1));
#596=VECTOR('',#595,1.568521536528E0);
#597=CARTESIAN_POINT('',(-2.740989449259E1,2.590341218538E0,3.979504843800E1));
#598=LINE('',#597,#596);
#599=CARTESIAN_POINT('',(-2.740998706355E1,2.540340047546E0,3.979505411977E1));
#600=CARTESIAN_POINT('',(-2.740998706467E1,2.545896421243E0,3.979505411991E1));
#601=CARTESIAN_POINT('',(-2.740994455763E1,2.557008742859E0,3.979505176394E1));
#602=CARTESIAN_POINT('',(-2.740998158287E1,2.573674367335E0,3.979505289936E1));
#603=CARTESIAN_POINT('',(-2.740992535593E1,2.584785902374E0,3.979505222754E1));
#604=CARTESIAN_POINT('',(-2.740989449259E1,2.590341218538E0,3.979504843800E1));
#606=DIRECTION('',(8.212904585407E-6,2.856954687460E-8,-9.999999999663E-1));
#607=VECTOR('',#606,1.568515867985E0);
#608=CARTESIAN_POINT('',(-2.740999994563E1,2.540340002734E0,4.136356998771E1));
#609=LINE('',#608,#607);
#610=CARTESIAN_POINT('',(-1.840999993446E1,2.540341828899E0,4.136356998094E1));
#611=DIRECTION('',(0.E0,0.E0,-1.E0));
#612=DIRECTION('',(-1.E0,-2.041484100780E-7,0.E0));
#613=AXIS2_PLACEMENT_3D('',#610,#611,#612);
#615=DIRECTION('',(1.E0,-1.822695551884E-8,1.424288871388E-8));
#616=VECTOR('',#615,9.500000173159E-1);
#617=CARTESIAN_POINT('',(-2.835999996294E1,2.540340020050E0,4.136356997417E1));
#618=LINE('',#617,#616);
#619=DIRECTION('',(-1.139404863008E-6,-9.999999999993E-1,-2.706282450526E-7));
#620=VECTOR('',#619,5.000118216260E-2);
#621=CARTESIAN_POINT('',(-2.835999990597E1,2.590341202212E0,4.136356998771E1));
#622=LINE('',#621,#620);
#623=DIRECTION('',(-1.424289752805E-8,1.424289342022E-8,-1.E0));
#624=VECTOR('',#623,4.E0);
#625=CARTESIAN_POINT('',(-2.835999990597E1,2.590341202212E0,4.136356998771E1));
#626=LINE('',#625,#624);
#627=DIRECTION('',(-1.424289486351E-8,-2.848582514314E-8,1.E0));
#628=VECTOR('',#627,4.E0);
#629=CARTESIAN_POINT('',(-2.835999990597E1,2.540340133993E0,3.736356997417E1));
#630=LINE('',#629,#628);
#631=DIRECTION('',(1.139406090203E-6,-9.999999999993E-1,-2.706284113034E-7));
#632=VECTOR('',#631,5.000112519087E-2);
#633=CARTESIAN_POINT('',(-2.835999996294E1,2.590341259184E0,3.736356998771E1));
#634=LINE('',#633,#632);
#635=DIRECTION('',(1.E0,3.147968829049E-7,-1.424286324023E-8));
#636=VECTOR('',#635,9.501389074015E-1);
#637=CARTESIAN_POINT('',(-2.835999996294E1,2.590341259184E0,3.736356998771E1));
#638=LINE('',#637,#636);
#639=DIRECTION('',(-2.130329101394E-5,-2.010981751763E-7,9.999999997731E-1));
#640=VECTOR('',#639,1.568521552812E0);
#641=CARTESIAN_POINT('',(-2.740986105554E1,2.590341558284E0,3.736356997417E1));
#642=LINE('',#641,#640);
#643=CARTESIAN_POINT('',(-1.840999993446E1,2.540341828899E0,3.736356998094E1));
#644=DIRECTION('',(0.E0,0.E0,-1.E0));
#645=DIRECTION('',(-1.E0,-1.851578600072E-7,0.E0));
#646=AXIS2_PLACEMENT_3D('',#643,#644,#645);
#648=DIRECTION('',(-8.184425535768E-6,2.856938607160E-8,-9.999999999665E-1));
#649=VECTOR('',#648,1.568515851719E0);
#650=CARTESIAN_POINT('',(-2.740998708586E1,2.540340106497E0,3.893208583937E1));
#651=LINE('',#650,#649);
#652=CARTESIAN_POINT('',(-2.740989447021E1,2.590341242858E0,3.893209152663E1));
#653=CARTESIAN_POINT('',(-2.740992533350E1,2.584785936010E0,3.893208773709E1));
#654=CARTESIAN_POINT('',(-2.740998159616E1,2.573674433180E0,3.893208706089E1));
#655=CARTESIAN_POINT('',(-2.740994454412E1,2.557008743367E0,3.893208819960E1));
#656=CARTESIAN_POINT('',(-2.740998708691E1,2.545896469969E0,3.893208583924E1));
#657=CARTESIAN_POINT('',(-2.740998708586E1,2.540340106497E0,3.893208583937E1));
#659=CARTESIAN_POINT('',(-2.725999993446E1,2.590340949247E0,3.895050036692E1));
#660=CARTESIAN_POINT('',(-2.725999993280E1,2.573673861877E0,3.895050036712E1));
#661=CARTESIAN_POINT('',(-2.725995284816E1,2.557006909522E0,3.895050614839E1));
#662=CARTESIAN_POINT('',(-2.725985868058E1,2.540340092184E0,3.895051771071E1));
#664=CARTESIAN_POINT('',(-1.840999993446E1,2.590341828899E0,3.513780147135E1));
#665=DIRECTION('',(0.E0,0.E0,1.E0));
#666=DIRECTION('',(-8.807709438367E-1,4.735425477115E-1,0.E0));
#667=AXIS2_PLACEMENT_3D('',#664,#665,#666);
#669=CARTESIAN_POINT('',(-3.198999984966E1,2.590341721801E0,2.536357673353E1));
#670=CARTESIAN_POINT('',(-3.198999984966E1,6.023669810599E0,2.536958628792E1));
#671=CARTESIAN_POINT('',(-3.198999993152E1,9.457011506592E0,2.536813719089E1));
#672=CARTESIAN_POINT('',(-3.198999993152E1,1.289034182579E1,2.536357656325E1));
#674=CARTESIAN_POINT('',(-1.840999993446E1,2.590341828899E0,3.513780147135E1));
#675=DIRECTION('',(0.E0,0.E0,1.E0));
#676=DIRECTION('',(-4.040883928113E-1,9.147199411815E-1,0.E0));
#677=AXIS2_PLACEMENT_3D('',#674,#675,#676);
#679=CARTESIAN_POINT('',(-2.998999993446E1,1.289034182890E1,2.536357655829E1));
#680=DIRECTION('',(0.E0,0.E0,-1.E0));
#681=DIRECTION('',(-1.E0,0.E0,0.E0));
#682=AXIS2_PLACEMENT_3D('',#679,#680,#681);
#684=DIRECTION('',(-4.485773270054E-1,4.736977647461E-1,-7.578844300889E-1));
#685=VECTOR('',#684,1.289672213869E1);
#686=CARTESIAN_POINT('',(-2.620482278741E1,6.781193376146E0,3.513780147135E1));
#687=LINE('',#686,#685);
#688=DIRECTION('',(1.E0,0.E0,0.E0));
#689=VECTOR('',#688,2.316E1);
#690=CARTESIAN_POINT('',(-2.998999993446E1,1.489034182890E1,2.536357655829E1));
#691=LINE('',#690,#689);
#692=DIRECTION('',(-6.011347506657E-1,3.158003490453E-1,-7.341029567335E-1));
#693=VECTOR('',#692,1.331451511455E1);
#694=CARTESIAN_POINT('',(-2.198618221084E1,1.068561330836E1,3.513780147135E1));
#695=LINE('',#694,#693);
#696=CARTESIAN_POINT('',(-1.840999993446E1,2.590341828899E0,3.513780147135E1));
#697=DIRECTION('',(0.E0,0.E0,1.E0));
#698=DIRECTION('',(4.033507166245E-1,9.150454630227E-1,0.E0));
#699=AXIS2_PLACEMENT_3D('',#696,#697,#698);
#701=DIRECTION('',(1.E0,0.E0,0.E0));
#702=VECTOR('',#701,2.316E1);
#703=CARTESIAN_POINT('',(-2.998999993446E1,1.489034182890E1,1.745556998094E1));
#704=LINE('',#703,#702);
#705=DIRECTION('',(3.874826756900E-14,0.E0,-1.E0));
#706=VECTOR('',#705,7.908006577349E0);
#707=CARTESIAN_POINT('',(-6.829999934456E0,1.489034182890E1,2.536357655829E1));
#708=LINE('',#707,#706);
#709=DIRECTION('',(0.E0,0.E0,1.E0));
#710=VECTOR('',#709,7.908006577349E0);
#711=CARTESIAN_POINT('',(-4.829999934456E0,1.289034182890E1,1.745556998094E1));
#712=LINE('',#711,#710);
#713=DIRECTION('',(0.E0,1.E0,0.E0));
#714=VECTOR('',#713,5.150345790900E0);
#715=CARTESIAN_POINT('',(-4.829999934456E0,7.739996038E0,1.745556998094E1));
#716=LINE('',#715,#714);
#717=CARTESIAN_POINT('',(-7.829999934456E0,7.739996038E0,1.745556998094E1));
#718=DIRECTION('',(0.E0,0.E0,-1.E0));
#719=DIRECTION('',(-2.457293627837E-14,1.E0,0.E0));
#720=AXIS2_PLACEMENT_3D('',#717,#718,#719);
#722=DIRECTION('',(1.E0,0.E0,0.E0));
#723=VECTOR('',#722,2.116E1);
#724=CARTESIAN_POINT('',(-2.898999993446E1,1.073999603800E1,1.745556998094E1));
#725=LINE('',#724,#723);
#726=CARTESIAN_POINT('',(-2.898999993446E1,7.739996037999E0,1.745556998094E1));
#727=DIRECTION('',(0.E0,0.E0,-1.E0));
#728=DIRECTION('',(-1.E0,0.E0,0.E0));
#729=AXIS2_PLACEMENT_3D('',#726,#727,#728);
#731=DIRECTION('',(0.E0,-1.E0,0.E0));
#732=VECTOR('',#731,5.150345790900E0);
#733=CARTESIAN_POINT('',(-3.198999993446E1,1.289034182890E1,1.745556998094E1));
#734=LINE('',#733,#732);
#735=CARTESIAN_POINT('',(-2.998999993446E1,1.289034182890E1,1.745556998094E1));
#736=DIRECTION('',(0.E0,0.E0,1.E0));
#737=DIRECTION('',(-8.348877145181E-14,1.E0,0.E0));
#738=AXIS2_PLACEMENT_3D('',#735,#736,#737);
#740=CARTESIAN_POINT('',(-6.829999934456E0,1.289034182890E1,1.745556998094E1));
#741=DIRECTION('',(0.E0,0.E0,1.E0));
#742=DIRECTION('',(1.E0,-9.325873406851E-14,0.E0));
#743=AXIS2_PLACEMENT_3D('',#740,#741,#742);
#745=CARTESIAN_POINT('',(-4.829999934456E0,1.289034182890E1,2.536357655829E1));
#746=CARTESIAN_POINT('',(-4.829999934456E0,9.457011419246E0,2.536805717493E1));
#747=CARTESIAN_POINT('',(-4.829999934452E0,6.023670142924E0,2.536945170887E1));
#748=CARTESIAN_POINT('',(-4.829999934452E0,2.590341836399E0,2.536357655829E1));
#750=DIRECTION('',(4.463851680099E-1,4.767397444698E-1,-7.572710860871E-1));
#751=VECTOR('',#750,1.290716770522E1);
#752=CARTESIAN_POINT('',(-1.059156815908E1,6.736981995285E0,3.513780146473E1));
#753=LINE('',#752,#751);
#754=CARTESIAN_POINT('',(-1.840999993446E1,2.590341828899E0,3.513780147135E1));
#755=DIRECTION('',(0.E0,0.E0,1.E0));
#756=DIRECTION('',(1.E0,0.E0,0.E0));
#757=AXIS2_PLACEMENT_3D('',#754,#755,#756);
#759=CARTESIAN_POINT('',(-6.829999934456E0,1.289034182890E1,2.536357655829E1));
#760=DIRECTION('',(0.E0,0.E0,-1.E0));
#761=DIRECTION('',(0.E0,1.E0,0.E0));
#762=AXIS2_PLACEMENT_3D('',#759,#760,#761);
#764=DIRECTION('',(6.014888144484E-1,3.155125025852E-1,-7.339366912792E-1));
#765=VECTOR('',#764,1.331753137458E1);
#766=CARTESIAN_POINT('',(-1.484034609233E1,1.068849417665E1,3.513780147135E1));
#767=LINE('',#766,#765);
#768=CARTESIAN_POINT('',(-1.840999993446E1,2.590341828899E0,3.513780147135E1));
#769=DIRECTION('',(0.E0,0.E0,1.E0));
#770=DIRECTION('',(8.834386182450E-1,4.685469109847E-1,0.E0));
#771=AXIS2_PLACEMENT_3D('',#768,#769,#770);
#773=DIRECTION('',(-1.E0,0.E0,0.E0));
#774=VECTOR('',#773,2.116E1);
#775=CARTESIAN_POINT('',(-7.829999934456E0,1.073999603800E1,1.345556998094E1));
#776=LINE('',#775,#774);
#777=CARTESIAN_POINT('',(-7.829999934456E0,7.739996038E0,1.345556998094E1));
#778=DIRECTION('',(0.E0,0.E0,1.E0));
#779=DIRECTION('',(1.E0,-4.292862361884E-14,0.E0));
#780=AXIS2_PLACEMENT_3D('',#777,#778,#779);
#782=DIRECTION('',(0.E0,1.E0,0.E0));
#783=VECTOR('',#782,5.149654209100E0);
#784=CARTESIAN_POINT('',(-4.829999934456E0,2.590341828899E0,1.345556998094E1));
#785=LINE('',#784,#783);
#786=DIRECTION('',(0.E0,-1.E0,0.E0));
#787=VECTOR('',#786,5.65E0);
#788=CARTESIAN_POINT('',(-7.609999934456E0,8.240341828900E0,1.345556998094E1));
#789=LINE('',#788,#787);
#790=CARTESIAN_POINT('',(-8.109999934456E0,8.240341828900E0,1.345556998094E1));
#791=DIRECTION('',(0.E0,0.E0,-1.E0));
#792=DIRECTION('',(3.801403636317E-13,1.E0,0.E0));
#793=AXIS2_PLACEMENT_3D('',#790,#791,#792);
#795=CARTESIAN_POINT('',(-2.870999993446E1,8.240341828899E0,1.345556998094E1));
#796=DIRECTION('',(0.E0,0.E0,-1.E0));
#797=DIRECTION('',(-1.E0,-5.364597654989E-13,0.E0));
#798=AXIS2_PLACEMENT_3D('',#795,#796,#797);
#800=DIRECTION('',(-1.512522300545E-9,1.E0,3.503998835083E-9));
#801=VECTOR('',#800,5.649999851646E0);
#802=CARTESIAN_POINT('',(-2.920999992591E1,2.590341977253E0,1.345556996114E1));
#803=LINE('',#802,#801);
#804=CARTESIAN_POINT('',(-2.898999993446E1,7.739996037999E0,1.345556998094E1));
#805=DIRECTION('',(0.E0,0.E0,1.E0));
#806=DIRECTION('',(2.771116669464E-13,1.E0,0.E0));
#807=AXIS2_PLACEMENT_3D('',#804,#805,#806);
#809=DIRECTION('',(0.E0,1.576516694968E-14,1.E0));
#810=VECTOR('',#809,4.E0);
#811=CARTESIAN_POINT('',(-4.829999934456E0,7.739996037999E0,1.345556998094E1));
#812=LINE('',#811,#810);
#813=DIRECTION('',(0.E0,0.E0,-1.E0));
#814=VECTOR('',#813,4.E0);
#815=CARTESIAN_POINT('',(-7.829999934456E0,1.073999603800E1,1.745556998094E1));
#816=LINE('',#815,#814);
#817=DIRECTION('',(0.E0,0.E0,1.E0));
#818=VECTOR('',#817,4.E0);
#819=CARTESIAN_POINT('',(-2.898999993446E1,1.073999603800E1,1.345556998094E1));
#820=LINE('',#819,#818);
#821=DIRECTION('',(0.E0,-1.110223024625E-14,-1.E0));
#822=VECTOR('',#821,4.E0);
#823=CARTESIAN_POINT('',(-3.198999993446E1,7.739996037999E0,1.745556998094E1));
#824=LINE('',#823,#822);
#825=DIRECTION('',(1.646756332495E-8,1.E0,-3.844466835712E-9));
#826=VECTOR('',#825,5.149654154094E0);
#827=CARTESIAN_POINT('',(-3.199000001926E1,2.590341883905E0,1.345557000074E1));
#828=LINE('',#827,#826);
#829=DIRECTION('',(-3.718849815233E-10,3.927079635603E-10,-1.E0));
#830=VECTOR('',#829,7.908006582317E0);
#831=CARTESIAN_POINT('',(-3.198999993152E1,1.289034182579E1,2.536357656325E1));
#832=LINE('',#831,#830);
#833=DIRECTION('',(1.482542411336E-14,0.E0,1.E0));
#834=VECTOR('',#833,7.908006577349E0);
#835=CARTESIAN_POINT('',(-2.998999993446E1,1.489034182890E1,1.745556998094E1));
#836=LINE('',#835,#834);
#837=DIRECTION('',(0.E0,-1.E0,0.E0));
#838=VECTOR('',#837,5.65E0);
#839=CARTESIAN_POINT('',(-7.609999934456E0,8.240341828900E0,1.225556998094E1));
#840=LINE('',#839,#838);
#841=DIRECTION('',(9.503948098327E-1,3.110461468062E-1,-4.375531662748E-14));
#842=VECTOR('',#841,3.247800681273E-1);
#843=CARTESIAN_POINT('',(-2.835945139238E1,1.033897444925E1,1.225556998094E1));
#844=LINE('',#843,#842);
#845=CARTESIAN_POINT('',(-2.702193933281E1,6.252281227253E0,1.225556998094E1));
#846=DIRECTION('',(0.E0,0.E0,-1.E0));
#847=DIRECTION('',(-1.E0,4.957274900652E-14,0.E0));
#848=AXIS2_PLACEMENT_3D('',#845,#846,#847);
#850=DIRECTION('',(-3.090551001431E-8,1.E0,-4.107123661778E-9));
#851=VECTOR('',#850,3.661939111189E0);
#852=CARTESIAN_POINT('',(-3.132193921964E1,2.590342116065E0,1.225556999598E1));
#853=LINE('',#852,#851);
#854=DIRECTION('',(-1.512517903528E-9,-1.E0,-2.661964178424E-9));
#855=VECTOR('',#854,5.649999834554E0);
#856=CARTESIAN_POINT('',(-2.920999993446E1,8.240341828899E0,1.225556998094E1));
#857=LINE('',#856,#855);
#858=CARTESIAN_POINT('',(-2.870999993446E1,8.240341828899E0,1.225556998094E1));
#859=DIRECTION('',(0.E0,0.E0,1.E0));
#860=DIRECTION('',(1.278976924368E-13,1.E0,0.E0));
#861=AXIS2_PLACEMENT_3D('',#858,#859,#860);
#863=DIRECTION('',(-1.E0,0.E0,0.E0));
#864=VECTOR('',#863,2.06E1);
#865=CARTESIAN_POINT('',(-8.109999934456E0,8.740341828900E0,1.225556998094E1));
#866=LINE('',#865,#864);
#867=CARTESIAN_POINT('',(-8.109999934456E0,8.240341828900E0,1.225556998094E1));
#868=DIRECTION('',(0.E0,0.E0,1.E0));
#869=DIRECTION('',(1.E0,1.350031197944E-13,0.E0));
#870=AXIS2_PLACEMENT_3D('',#867,#868,#869);
#872=CARTESIAN_POINT('',(-9.771877938715E0,6.252281227253E0,1.225556998094E1));
#873=DIRECTION('',(0.E0,0.E0,-1.E0));
#874=DIRECTION('',(7.170572250234E-1,6.970143011745E-1,0.E0));
#875=AXIS2_PLACEMENT_3D('',#872,#873,#874);
#877=CARTESIAN_POINT('',(-7.829999934457E0,1.043999603800E1,1.225556998094E1));
#878=CARTESIAN_POINT('',(-7.716242505779E0,1.043995528450E1,1.225556998094E1));
#879=CARTESIAN_POINT('',(-7.490460135874E0,1.042718644644E1,1.225556998094E1));
#880=CARTESIAN_POINT('',(-7.154394433357E0,1.036952689088E1,1.225556998094E1));
#881=CARTESIAN_POINT('',(-6.937268419926E0,1.030630493207E1,1.225556998094E1));
#882=CARTESIAN_POINT('',(-6.830003258603E0,1.026842433801E1,1.225556998094E1));
#884=DIRECTION('',(9.549314747713E-1,-2.968263439979E-1,0.E0));
#885=VECTOR('',#884,2.746032179346E-1);
#886=CARTESIAN_POINT('',(-8.757751915404E0,1.043999603800E1,1.225556998094E1));
#887=LINE('',#886,#885);
#888=DIRECTION('',(-1.E0,0.E0,-1.914689352198E-14));
#889=VECTOR('',#888,9.277519809471E-1);
#890=CARTESIAN_POINT('',(-7.829999934457E0,1.043999603800E1,1.225556998094E1));
#891=LINE('',#890,#889);
#892=DIRECTION('',(0.E0,1.E0,0.E0));
#893=VECTOR('',#892,6.704744651158E-1);
#894=CARTESIAN_POINT('',(-6.830003258603E0,9.597949872891E0,1.225556998094E1));
#895=LINE('',#894,#893);
#896=CARTESIAN_POINT('',(-6.688531871115E0,9.249442722304E0,1.225556998094E1));
#897=CARTESIAN_POINT('',(-6.718906117166E0,9.280946613890E0,1.225556998094E1));
#898=CARTESIAN_POINT('',(-6.769908080596E0,9.348825300890E0,1.225556998094E1));
#899=CARTESIAN_POINT('',(-6.819083578994E0,9.469966495090E0,1.225556998094E1));
#900=CARTESIAN_POINT('',(-6.829824668211E0,9.554188495927E0,1.225556998094E1));
#901=CARTESIAN_POINT('',(-6.830003258603E0,9.597949872891E0,1.225556998094E1));
#903=CARTESIAN_POINT('',(-9.771877938715E0,6.252281227253E0,1.225556998094E1));
#904=DIRECTION('',(0.E0,0.E0,-1.E0));
#905=DIRECTION('',(2.968263439978E-1,9.549314747713E-1,0.E0));
#906=AXIS2_PLACEMENT_3D('',#903,#904,#905);
#908=DIRECTION('',(9.549314747713E-1,-2.968263439977E-1,1.043136947098E-13));
#909=VECTOR('',#908,5.023551980215E-1);
#910=CARTESIAN_POINT('',(-8.975239449635E0,1.050759882559E1,-3.336430019061E0));
#911=LINE('',#910,#909);
#912=CARTESIAN_POINT('',(-8.886191547253E0,1.079407826827E1,-3.336430019061E0));
#913=DIRECTION('',(9.549314747713E-1,-2.968263439978E-1,7.191941477047E-14));
#914=DIRECTION('',(-2.968263439978E-1,-9.549314747713E-1,0.E0));
#915=AXIS2_PLACEMENT_3D('',#912,#913,#914);
#917=CARTESIAN_POINT('',(-8.406476756326E0,1.064496601120E1,-3.336430019061E0));
#918=DIRECTION('',(9.549314747713E-1,-2.968263439977E-1,0.E0));
#919=DIRECTION('',(-2.968263439977E-1,-9.549314747713E-1,2.368475785867E-14));
#920=AXIS2_PLACEMENT_3D('',#917,#918,#919);
#922=CARTESIAN_POINT('',(-9.771877938715E0,6.252281227253E0,-3.336430019061E0));
#923=DIRECTION('',(0.E0,0.E0,-1.E0));
#924=DIRECTION('',(2.968263439978E-1,9.549314747713E-1,0.E0));
#925=AXIS2_PLACEMENT_3D('',#922,#923,#924);
#927=DIRECTION('',(-3.180854473837E-13,9.923081112864E-14,-1.E0));
#928=VECTOR('',#927,1.5592E1);
#929=CARTESIAN_POINT('',(-8.495524659524E0,1.035848656877E1,1.225556998094E1));
#930=LINE('',#929,#928);
#931=DIRECTION('',(0.E0,6.931801919990E-11,1.E0));
#932=VECTOR('',#931,1.5592E1);
#933=CARTESIAN_POINT('',(-5.471877938715E0,6.252281227247E0,-3.336430019061E0));
#934=LINE('',#933,#932);
#935=DIRECTION('',(1.018681348037E-14,-1.E0,1.722056564539E-14));
#936=VECTOR('',#935,3.661939398348E0);
#937=CARTESIAN_POINT('',(-5.471877938715E0,6.252281227247E0,-3.336430019061E0));
#938=LINE('',#937,#936);
#939=DIRECTION('',(0.E0,1.E0,0.E0));
#940=VECTOR('',#939,3.661939399429E0);
#941=CARTESIAN_POINT('',(-5.471877938715E0,2.590341828899E0,1.225556998094E1));
#942=LINE('',#941,#940);
#943=DIRECTION('',(0.E0,0.E0,1.E0));
#944=VECTOR('',#943,1.5592E1);
#945=CARTESIAN_POINT('',(-5.471877938715E0,2.590341828899E0,-3.336430019061E0));
#946=LINE('',#945,#944);
#947=CARTESIAN_POINT('',(-5.171877938715E0,6.252281227253E0,-3.336430019061E0));
#948=DIRECTION('',(0.E0,-1.E0,0.E0));
#949=DIRECTION('',(-1.E0,0.E0,0.E0));
#950=AXIS2_PLACEMENT_3D('',#947,#948,#949);
#952=DIRECTION('',(1.038084802284E-13,-1.E0,2.292033033081E-14));
#953=VECTOR('',#952,3.661939398354E0);
#954=CARTESIAN_POINT('',(-5.171877938715E0,6.252281227253E0,-3.636430019061E0));
#955=LINE('',#954,#953);
#956=DIRECTION('',(-1.E0,0.E0,-7.574883477678E-14));
#957=VECTOR('',#956,1.541878004259E0);
#958=CARTESIAN_POINT('',(-3.629999934456E0,2.590341828899E0,-3.636430019061E0));
#959=LINE('',#958,#957);
#960=DIRECTION('',(0.E0,1.E0,0.E0));
#961=VECTOR('',#960,4.85E0);
#962=CARTESIAN_POINT('',(-3.629999934456E0,2.590341828899E0,-3.636430019061E0));
#963=LINE('',#962,#961);
#964=CARTESIAN_POINT('',(-7.829999934456E0,7.440341828899E0,-3.636430019061E0));
#965=DIRECTION('',(0.E0,0.E0,1.E0));
#966=DIRECTION('',(1.E0,0.E0,0.E0));
#967=AXIS2_PLACEMENT_3D('',#964,#965,#966);
#969=CARTESIAN_POINT('',(-8.029999934456E0,1.243634022762E1,-3.636430019061E0));
#970=DIRECTION('',(0.E0,0.E0,-1.E0));
#971=DIRECTION('',(4.E-2,-9.991996797437E-1,0.E0));
#972=AXIS2_PLACEMENT_3D('',#969,#970,#971);
#974=DIRECTION('',(-7.395737649584E-10,1.E0,-3.870492803843E-14));
#975=VECTOR('',#974,6.540016024915E-1);
#976=CARTESIAN_POINT('',(-8.829999933972E0,1.243634022641E1,-3.636430019061E0));
#977=LINE('',#976,#975);
#978=CARTESIAN_POINT('',(-1.002999993446E1,1.309034182890E1,-3.636430019061E0));
#979=DIRECTION('',(0.E0,0.E0,1.E0));
#980=DIRECTION('',(1.E0,-1.036208156317E-14,0.E0));
#981=AXIS2_PLACEMENT_3D('',#978,#979,#980);
#983=DIRECTION('',(-1.E0,1.776356839401E-14,-1.250851274411E-13));
#984=VECTOR('',#983,5.999999999999E-1);
#985=CARTESIAN_POINT('',(-1.002999993446E1,1.429034182890E1,-3.636430019061E0));
#986=LINE('',#985,#984);
#987=DIRECTION('',(-8.487038232690E-14,-1.E0,0.E0));
#988=VECTOR('',#987,9.E-1);
#989=CARTESIAN_POINT('',(-1.062999993446E1,1.429034182890E1,-3.636430019061E0));
#990=LINE('',#989,#988);
#991=DIRECTION('',(1.E0,-1.973729821556E-14,7.500173321912E-14));
#992=VECTOR('',#991,9.E-1);
#993=CARTESIAN_POINT('',(-1.062999993446E1,1.339034182890E1,-3.636430019061E0));
#994=LINE('',#993,#992);
#995=DIRECTION('',(1.959650561179E-14,-1.E0,0.E0));
#996=VECTOR('',#995,1.450345790900E0);
#997=CARTESIAN_POINT('',(-9.729999934456E0,1.339034182890E1,-3.636430019061E0));
#998=LINE('',#997,#996);
#999=CARTESIAN_POINT('',(-8.529999934456E0,1.193999603800E1,-3.636430019061E0));
#1000=DIRECTION('',(0.E0,0.E0,1.E0));
#1001=DIRECTION('',(-1.E0,0.E0,0.E0));
#1002=AXIS2_PLACEMENT_3D('',#999,#1000,#1001);
#1004=DIRECTION('',(9.549314747710E-1,-2.968263439986E-1,1.087337663332E-13));
#1005=VECTOR('',#1004,5.023551988826E-1);
#1006=CARTESIAN_POINT('',(-8.886191547253E0,1.079407826827E1,
-3.636430019061E0));
#1007=LINE('',#1006,#1005);
#1008=CARTESIAN_POINT('',(-9.771877938715E0,6.252281227253E0,
-3.636430019061E0));
#1009=DIRECTION('',(0.E0,0.E0,-1.E0));
#1010=DIRECTION('',(2.968263439978E-1,9.549314747713E-1,0.E0));
#1011=AXIS2_PLACEMENT_3D('',#1008,#1009,#1010);
#1013=DIRECTION('',(0.E0,0.E0,1.E0));
#1014=VECTOR('',#1013,1.063313790016E1);
#1015=CARTESIAN_POINT('',(-3.329999934456E0,2.909176685323E0,
-3.069567919223E0));
#1016=LINE('',#1015,#1014);
#1017=DIRECTION('',(2.147476539168E-8,-9.576679008702E-1,-2.878753057190E-1));
#1018=VECTOR('',#1017,1.017378652610E0);
#1019=CARTESIAN_POINT('',(-3.329999956304E0,3.883487563958E0,
-2.776689728571E0));
#1020=LINE('',#1019,#1018);
#1021=DIRECTION('',(-1.964359312550E-13,-2.415805290536E-10,-1.E0));
#1022=VECTOR('',#1021,2.870000657735E1);
#1023=CARTESIAN_POINT('',(-3.329999934450E0,2.590341835833E0,2.536357655829E1));
#1024=LINE('',#1023,#1022);
#1025=DIRECTION('',(0.E0,-1.E0,-1.177019514192E-14));
#1026=VECTOR('',#1025,1.207359312556E0);
#1027=CARTESIAN_POINT('',(-3.329999934456E0,1.289034182858E1,1.725556998094E1));
#1028=LINE('',#1027,#1026);
#1029=CARTESIAN_POINT('',(-3.329999934456E0,1.168298251602E1,1.725556998094E1));
#1030=CARTESIAN_POINT('',(-3.329999962692E0,1.160437345298E1,1.725556984053E1));
#1031=CARTESIAN_POINT('',(-3.329999921356E0,1.144172467108E1,1.724997258494E1));
#1032=CARTESIAN_POINT('',(-3.329999937952E0,1.118590169065E1,1.722350504850E1));
#1033=CARTESIAN_POINT('',(-3.329999933572E0,1.090489054649E1,1.717460425107E1));
#1034=CARTESIAN_POINT('',(-3.329999934498E0,1.060444813666E1,1.710028994655E1));
#1035=CARTESIAN_POINT('',(-3.329999935174E0,1.028237812820E1,1.699672739820E1));
#1036=CARTESIAN_POINT('',(-3.329999931542E0,9.939718692811E0,1.686061465801E1));
#1037=CARTESIAN_POINT('',(-3.329999945394E0,9.578270342527E0,1.668964704840E1));
#1038=CARTESIAN_POINT('',(-3.329999893617E0,9.202038163638E0,1.648408088741E1));
#1039=CARTESIAN_POINT('',(-3.330000086873E0,8.806205936941E0,1.624067167555E1));
#1040=CARTESIAN_POINT('',(-3.329999365626E0,8.384909877222E0,1.595570186700E1));
#1041=CARTESIAN_POINT('',(-3.330002057360E0,7.934022003301E0,1.562853318575E1));
#1042=CARTESIAN_POINT('',(-3.329995360235E0,7.609453799755E0,1.538341240170E1));
#1043=CARTESIAN_POINT('',(-3.329999934456E0,7.440341828899E0,1.525556998094E1));
#1045=DIRECTION('',(0.E0,1.E0,0.E0));
#1046=VECTOR('',#1045,4.849999999997E0);
#1047=CARTESIAN_POINT('',(-3.329999934456E0,2.590341828899E0,
-3.336430019061E0));
#1048=LINE('',#1047,#1046);
#1049=DIRECTION('',(-5.629226296739E-12,1.E0,0.E0));
#1050=VECTOR('',#1049,5.025287877276E-1);
#1051=CARTESIAN_POINT('',(-2.329999934456E0,3.121733246994E0,6.563569980937E0));
#1052=LINE('',#1051,#1050);
#1053=CARTESIAN_POINT('',(-3.329999934456E0,2.909176685323E0,7.563569980937E0));
#1054=CARTESIAN_POINT('',(-3.329999934456E0,2.909176685323E0,7.395041598032E0));
#1055=CARTESIAN_POINT('',(-3.256442428270E0,2.924811815924E0,7.133185656853E0));
#1056=CARTESIAN_POINT('',(-3.049377790183E0,2.968824763439E0,6.839291093413E0));
#1057=CARTESIAN_POINT('',(-2.754937415353E0,3.031409997129E0,6.634724292653E0));
#1058=CARTESIAN_POINT('',(-2.494845567851E0,3.086694225953E0,6.563569980937E0));
#1059=CARTESIAN_POINT('',(-2.329999934456E0,3.121733246994E0,6.563569980937E0));
#1061=DIRECTION('',(2.242402128355E-8,-1.E0,-1.751487029896E-7));
#1062=VECTOR('',#1061,9.743108786348E-1);
#1063=CARTESIAN_POINT('',(-3.329999956304E0,3.883487563958E0,7.563570151587E0));
#1064=LINE('',#1063,#1062);
#1065=CARTESIAN_POINT('',(-2.329999934459E0,3.624262034721E0,6.563569980937E0));
#1066=CARTESIAN_POINT('',(-2.418359420737E0,3.639197512869E0,6.563569980937E0));
#1067=CARTESIAN_POINT('',(-2.594687204420E0,3.673188332290E0,6.587059316293E0));
#1068=CARTESIAN_POINT('',(-2.841250751219E0,3.732156731764E0,6.690460475108E0));
#1069=CARTESIAN_POINT('',(-3.051283356821E0,3.791447854181E0,6.854372585836E0));
#1070=CARTESIAN_POINT('',(-3.210083308214E0,3.842038121425E0,7.064927458555E0));
#1071=CARTESIAN_POINT('',(-3.308934131351E0,3.875822787902E0,7.309999800872E0));
#1072=CARTESIAN_POINT('',(-3.329999956304E0,3.883487563958E0,7.479635687859E0));
#1073=CARTESIAN_POINT('',(-3.329999956304E0,3.883487563958E0,7.563570151587E0));
#1075=DIRECTION('',(0.E0,1.E0,0.E0));
#1076=VECTOR('',#1075,4.499999999998E-1);
#1077=CARTESIAN_POINT('',(-1.330000002217E0,3.090341828900E0,6.563569980937E0));
#1078=LINE('',#1077,#1076);
#1079=CARTESIAN_POINT('',(-2.266914797636E0,1.084997828900E0,6.563569980937E0));
#1080=DIRECTION('',(0.E0,0.E0,-1.E0));
#1081=DIRECTION('',(-2.079116908180E-1,9.781476007337E-1,0.E0));
#1082=AXIS2_PLACEMENT_3D('',#1079,#1080,#1081);
#1084=DIRECTION('',(-9.781476007338E-1,-2.079116908179E-1,0.E0));
#1085=VECTOR('',#1084,3.617545293019E-1);
#1086=CARTESIAN_POINT('',(-2.329999934456E0,3.121733246994E0,6.563569980937E0));
#1087=LINE('',#1086,#1085);
#1088=CARTESIAN_POINT('',(-1.33E0,9.540341828899E0,6.563569980937E0));
#1089=DIRECTION('',(0.E0,0.E0,-1.E0));
#1090=DIRECTION('',(-3.695386589323E-10,-1.E0,0.E0));
#1091=AXIS2_PLACEMENT_3D('',#1088,#1089,#1090);
#1093=DIRECTION('',(-9.857011506028E-11,9.781476007339E-1,2.079116908175E-1));
#1094=VECTOR('',#1093,4.600532676896E-1);
#1095=CARTESIAN_POINT('',(-1.330000002189E0,3.090341828900E0,
-1.636430019062E0));
#1096=LINE('',#1095,#1094);
#1097=DIRECTION('',(3.406678733147E-12,0.E0,-1.E0));
#1098=VECTOR('',#1097,8.2E0);
#1099=CARTESIAN_POINT('',(-1.330000002217E0,3.090341828900E0,6.563569980937E0));
#1100=LINE('',#1099,#1098);
#1101=DIRECTION('',(-2.148786176304E-12,7.364636662804E-14,-1.E0));
#1102=VECTOR('',#1101,8.104349547249E0);
#1103=CARTESIAN_POINT('',(-1.330000002217E0,3.540341828899E0,6.563569980937E0));
#1104=LINE('',#1103,#1102);
#1105=DIRECTION('',(0.E0,0.E0,1.E0));
#1106=VECTOR('',#1105,1.034025988016E1);
#1107=CARTESIAN_POINT('',(-3.329999956304E0,3.883487563958E0,
-2.776689728571E0));
#1108=LINE('',#1107,#1106);
#1109=CARTESIAN_POINT('',(-1.330000002235E0,3.540341828900E0,
-1.540779566311E0));
#1110=CARTESIAN_POINT('',(-1.472188940246E0,3.540341828953E0,
-1.540779566502E0));
#1111=CARTESIAN_POINT('',(-1.747358457548E0,3.550214940773E0,
-1.575263754070E0));
#1112=CARTESIAN_POINT('',(-2.144100381498E0,3.591872653746E0,
-1.730200993540E0));
#1113=CARTESIAN_POINT('',(-2.370280223661E0,3.630251462327E0,
-1.893092862073E0));
#1114=CARTESIAN_POINT('',(-2.474864184787E0,3.650580713379E0,
-1.991565842764E0));
#1116=DIRECTION('',(1.470883370139E-1,-9.781467763720E-1,-1.469486474506E-1));
#1117=VECTOR('',#1116,5.766200279943E-1);
#1118=CARTESIAN_POINT('',(-2.474864184787E0,3.650580713379E0,
-1.991565842764E0));
#1119=LINE('',#1118,#1117);
#1120=CARTESIAN_POINT('',(-3.329999934456E0,3.883487556234E0,
-2.776689708705E0));
#1121=CARTESIAN_POINT('',(-3.044932107124E0,3.782700863047E0,
-2.521918398866E0));
#1122=CARTESIAN_POINT('',(-2.759887751903E0,3.705984195095E0,
-2.259935102593E0));
#1123=CARTESIAN_POINT('',(-2.474864180436E0,3.650580712491E0,
-1.991565838622E0));
#1125=CARTESIAN_POINT('',(-2.390050103780E0,3.086561691805E0,
-2.076299375971E0));
#1126=CARTESIAN_POINT('',(-2.422740160528E0,3.084551981524E0,
-2.109593552377E0));
#1127=CARTESIAN_POINT('',(-2.488152751606E0,3.078913719971E0,
-2.176696186909E0));
#1128=CARTESIAN_POINT('',(-2.586282890753E0,3.065575818331E0,
-2.278837676101E0));
#1129=CARTESIAN_POINT('',(-2.651366586634E0,3.053424656371E0,
-2.347573577602E0));
#1130=CARTESIAN_POINT('',(-2.683849259347E0,3.046520251146E0,
-2.382131717097E0));
#1132=CARTESIAN_POINT('',(-2.264237390217E0,3.090341781431E0,
-1.962210827352E0));
#1133=CARTESIAN_POINT('',(-2.284096086609E0,3.090349265426E0,
-1.977891425602E0));
#1134=CARTESIAN_POINT('',(-2.326774664226E0,3.089794702088E0,
-2.014996836720E0));
#1135=CARTESIAN_POINT('',(-2.368624126403E0,3.087878912125E0,
-2.054477441675E0));
#1136=CARTESIAN_POINT('',(-2.390050103780E0,3.086561691805E0,
-2.076299375971E0));
#1138=DIRECTION('',(0.E0,0.E0,-1.E0));
#1139=VECTOR('',#1138,8.945701698034E0);
#1140=CARTESIAN_POINT('',(-2.683849259347E0,3.046520251145E0,6.563569980937E0));
#1141=LINE('',#1140,#1139);
#1142=DIRECTION('',(-3.140366081337E-4,5.567611884501E-9,9.999999506905E-1));
#1143=VECTOR('',#1142,8.525781228692E0);
#1144=CARTESIAN_POINT('',(-2.264237390217E0,3.090341781431E0,
-1.962210827352E0));
#1145=LINE('',#1144,#1143);
#1146=DIRECTION('',(6.777438751136E-1,1.440589077872E-1,7.210480364255E-1));
#1147=VECTOR('',#1146,9.533847502503E-1);
#1148=CARTESIAN_POINT('',(-3.329999934456E0,2.909176685323E0,
-3.069567919223E0));
#1149=LINE('',#1148,#1147);
#1150=CARTESIAN_POINT('',(-2.264237390217E0,3.090341781431E0,
-1.962210827352E0));
#1151=CARTESIAN_POINT('',(-2.172380262495E0,3.090341781431E0,
-1.889670269708E0));
#1152=CARTESIAN_POINT('',(-1.983283157353E0,3.090341851051E0,
-1.772546568093E0));
#1153=CARTESIAN_POINT('',(-1.663642799726E0,3.090341822571E0,
-1.661258415634E0));
#1154=CARTESIAN_POINT('',(-1.443348078604E0,3.090341828900E0,
-1.636430019224E0));
#1155=CARTESIAN_POINT('',(-1.330000002189E0,3.090341828900E0,
-1.636430019062E0));
#1157=DIRECTION('',(-1.E0,0.E0,0.E0));
#1158=VECTOR('',#1157,9.369147954184E-1);
#1159=CARTESIAN_POINT('',(-1.330000002217E0,3.090341828900E0,6.563569980937E0));
#1160=LINE('',#1159,#1158);
#1161=DIRECTION('',(0.E0,0.E0,-1.E0));
#1162=VECTOR('',#1161,1.073313790086E1);
#1163=CARTESIAN_POINT('',(-3.329999934456E0,2.909176685323E0,2.429670788180E1));
#1164=LINE('',#1163,#1162);
#1165=DIRECTION('',(-6.777440092350E-1,-1.440589081920E-1,7.210479102782E-1));
#1166=VECTOR('',#1165,9.540542990654E-1);
#1167=CARTESIAN_POINT('',(-2.683395348780E0,3.046616706003E0,2.360878902316E1));
#1168=LINE('',#1167,#1166);
#1169=DIRECTION('',(2.386088925559E-9,-9.576678949278E-1,2.878753254876E-1));
#1170=VECTOR('',#1169,1.017378651753E0);
#1171=CARTESIAN_POINT('',(-3.329999936884E0,3.883487557092E0,2.400382967128E1));
#1172=LINE('',#1171,#1170);
#1173=CARTESIAN_POINT('',(-2.474864180409E0,3.650580712486E0,2.321870580117E1));
#1174=CARTESIAN_POINT('',(-2.759887751885E0,3.705984195090E0,2.348707506515E1));
#1175=CARTESIAN_POINT('',(-3.044932107115E0,3.782700863044E0,2.374905836143E1));
#1176=CARTESIAN_POINT('',(-3.329999934456E0,3.883487556234E0,2.400382967128E1));
#1178=DIRECTION('',(-1.470155745977E-1,9.781476588480E-1,-1.470155716783E-1));
#1179=VECTOR('',#1178,5.766305388111E-1);
#1180=CARTESIAN_POINT('',(-2.390090510023E0,3.086550900863E0,2.330347946900E1));
#1181=LINE('',#1180,#1179);
#1182=CARTESIAN_POINT('',(-2.683395348780E0,3.046616706003E0,2.360878902316E1));
#1183=CARTESIAN_POINT('',(-2.650952011749E0,3.053503251961E0,2.357427558786E1));
#1184=CARTESIAN_POINT('',(-2.586229932279E0,3.065578537572E0,2.350592327759E1));
#1185=CARTESIAN_POINT('',(-2.488124447158E0,3.078921002874E0,2.340380733137E1));
#1186=CARTESIAN_POINT('',(-2.422796260612E0,3.084538175975E0,2.333679024544E1));
#1187=CARTESIAN_POINT('',(-2.390090510023E0,3.086550900863E0,2.330347946900E1));
#1189=DIRECTION('',(0.E0,0.E0,1.E0));
#1190=VECTOR('',#1189,1.044025969034E1);
#1191=CARTESIAN_POINT('',(-3.329999936884E0,3.883487557092E0,1.356356998094E1));
#1192=LINE('',#1191,#1190);
#1193=CARTESIAN_POINT('',(-2.329999934454E0,3.624262034721E0,1.456356998094E1));
#1194=CARTESIAN_POINT('',(-2.421521140657E0,3.639731941042E0,1.456356998094E1));
#1195=CARTESIAN_POINT('',(-2.596741372908E0,3.673617994801E0,1.453949255051E1));
#1196=CARTESIAN_POINT('',(-2.844595407078E0,3.733020932945E0,1.443459719146E1));
#1197=CARTESIAN_POINT('',(-3.052022470655E0,3.791706060084E0,1.427170839624E1));
#1198=CARTESIAN_POINT('',(-3.210487697665E0,3.842113723254E0,1.406165454288E1));
#1199=CARTESIAN_POINT('',(-3.308150247501E0,3.875692570817E0,1.381783113464E1));
#1200=CARTESIAN_POINT('',(-3.329999936884E0,3.883487557092E0,1.365014561817E1));
#1201=CARTESIAN_POINT('',(-3.329999936884E0,3.883487557092E0,1.356356998094E1));
#1203=DIRECTION('',(2.145491718686E-12,-7.377715802329E-14,-1.E0));
#1204=VECTOR('',#1203,8.204349547248E0);
#1205=CARTESIAN_POINT('',(-1.330000002235E0,3.540341828900E0,2.276791952819E1));
#1206=LINE('',#1205,#1204);
#1207=DIRECTION('',(-3.491027601326E-12,-1.E0,0.E0));
#1208=VECTOR('',#1207,5.349127364992E-1);
#1209=CARTESIAN_POINT('',(-2.329999934454E0,3.624262034721E0,1.456356998094E1));
#1210=LINE('',#1209,#1208);
#1211=DIRECTION('',(-2.491562901089E-9,1.E0,1.093915848137E-14));
#1212=VECTOR('',#1211,9.743108717686E-1);
#1213=CARTESIAN_POINT('',(-3.329999934456E0,2.909176685323E0,1.356356998094E1));
#1214=LINE('',#1213,#1212);
#1215=CARTESIAN_POINT('',(-2.683302147760E0,3.046636551355E0,1.449907922479E1));
#1216=CARTESIAN_POINT('',(-2.781317373548E0,3.025802771971E0,1.446206248382E1));
#1217=CARTESIAN_POINT('',(-2.956134964264E0,2.988644134178E0,1.436247595513E1));
#1218=CARTESIAN_POINT('',(-3.167660327806E0,2.943683034942E0,1.413821782696E1));
#1219=CARTESIAN_POINT('',(-3.299931207394E0,2.915567990274E0,1.386166959409E1));
#1220=CARTESIAN_POINT('',(-3.329999934456E0,2.909176685323E0,1.366611764908E1));
#1221=CARTESIAN_POINT('',(-3.329999934456E0,2.909176685323E0,1.356356998094E1));
#1223=CARTESIAN_POINT('',(-2.329999934456E0,3.089349298221E0,1.456356998094E1));
#1224=CARTESIAN_POINT('',(-2.369395855812E0,3.088109346034E0,1.456356998094E1));
#1225=CARTESIAN_POINT('',(-2.448675345754E0,3.083284288944E0,1.455891283626E1));
#1226=CARTESIAN_POINT('',(-2.567476728248E0,3.068882421970E0,1.453748268901E1));
#1227=CARTESIAN_POINT('',(-2.645126042670E0,3.054739956439E0,1.451349693369E1));
#1228=CARTESIAN_POINT('',(-2.683302147760E0,3.046636551355E0,1.449907922479E1));
#1230=CARTESIAN_POINT('',(-2.266914692531E0,1.084996828900E0,1.456356998094E1));
#1231=DIRECTION('',(0.E0,0.E0,1.E0));
#1232=DIRECTION('',(-2.729785046622E-4,9.999999627414E-1,0.E0));
#1233=AXIS2_PLACEMENT_3D('',#1230,#1231,#1232);
#1235=CARTESIAN_POINT('',(-1.33E0,9.540341828899E0,1.456356998094E1));
#1236=DIRECTION('',(0.E0,0.E0,1.E0));
#1237=DIRECTION('',(-1.666666557427E-1,-9.860132990298E-1,0.E0));
#1238=AXIS2_PLACEMENT_3D('',#1235,#1236,#1237);
#1240=DIRECTION('',(1.023095370266E-5,2.178483524866E-6,-9.999999999453E-1));
#1241=VECTOR('',#1240,9.109709798872E0);
#1242=CARTESIAN_POINT('',(-2.683395348780E0,3.046616706003E0,2.360878902316E1));
#1243=LINE('',#1242,#1241);
#1244=DIRECTION('',(5.002417324239E-5,6.565011794920E-8,9.999999987488E-1));
#1245=VECTOR('',#1244,5.736592701231E0);
#1246=CARTESIAN_POINT('',(-2.267201709881E0,3.090341818630E0,1.745556998094E1));
#1247=LINE('',#1246,#1245);
#1248=DIRECTION('',(9.617720610612E-5,5.918584482468E-9,9.999999953750E-1));
#1249=VECTOR('',#1248,2.892000013376E0);
#1250=CARTESIAN_POINT('',(-2.267479854363E0,3.090341801513E0,1.456356998094E1));
#1251=LINE('',#1250,#1249);
#1252=CARTESIAN_POINT('',(-2.390090510023E0,3.086550900863E0,2.330347946900E1));
#1253=CARTESIAN_POINT('',(-2.377150711900E0,3.087347221182E0,2.329030029668E1));
#1254=CARTESIAN_POINT('',(-2.350778811410E0,3.088725144590E0,2.326447232345E1));
#1255=CARTESIAN_POINT('',(-2.309672356923E0,3.090030584453E0,2.322732978112E1));
#1256=CARTESIAN_POINT('',(-2.281332767279E0,3.090342195238E0,2.320369451438E1));
#1257=CARTESIAN_POINT('',(-2.266914741574E0,3.090342195238E0,2.319216267499E1));
#1259=CARTESIAN_POINT('',(-1.330000002235E0,3.540341828900E0,2.276791952819E1));
#1260=CARTESIAN_POINT('',(-1.472094669788E0,3.540341828953E0,2.276791952838E1));
#1261=CARTESIAN_POINT('',(-1.747141774230E0,3.550202101677E0,2.280231727081E1));
#1262=CARTESIAN_POINT('',(-2.143882382511E0,3.591840166434E0,2.295726135193E1));
#1263=CARTESIAN_POINT('',(-2.370212530026E0,3.630238304134E0,2.312016908614E1));
#1264=CARTESIAN_POINT('',(-2.474864180017E0,3.650580712421E0,2.321870580069E1));
#1266=DIRECTION('',(0.E0,1.E0,0.E0));
#1267=VECTOR('',#1266,4.499999999998E-1);
#1268=CARTESIAN_POINT('',(-1.330000002217E0,3.090341828900E0,1.456356998094E1));
#1269=LINE('',#1268,#1267);
#1270=DIRECTION('',(-3.343964997808E-12,0.E0,-1.E0));
#1271=VECTOR('',#1270,8.300000000003E0);
#1272=CARTESIAN_POINT('',(-1.330000002189E0,3.090341828900E0,2.286356998094E1));
#1273=LINE('',#1272,#1271);
#1274=DIRECTION('',(9.859183429989E-11,-9.781476007325E-1,2.079116908240E-1));
#1275=VECTOR('',#1274,4.600532676903E-1);
#1276=CARTESIAN_POINT('',(-1.330000002235E0,3.540341828900E0,2.276791952819E1));
#1277=LINE('',#1276,#1275);
#1278=DIRECTION('',(1.E0,2.921285582913E-8,0.E0));
#1279=VECTOR('',#1278,9.374798521454E-1);
#1280=CARTESIAN_POINT('',(-2.267479854363E0,3.090341801513E0,1.456356998094E1));
#1281=LINE('',#1280,#1279);
#1282=CARTESIAN_POINT('',(-1.33E0,3.090341828900E0,2.436356998094E1));
#1283=DIRECTION('',(0.E0,1.E0,1.661335729158E-14));
#1284=DIRECTION('',(-1.478163665543E-9,1.657933050107E-14,-1.E0));
#1285=AXIS2_PLACEMENT_3D('',#1282,#1283,#1284);
#1287=CARTESIAN_POINT('',(-3.329999934450E0,2.590341835833E0,2.536357655829E1));
#1288=CARTESIAN_POINT('',(-3.329999934450E0,6.023667431707E0,2.537086562482E1));
#1289=CARTESIAN_POINT('',(-3.329999934447E0,9.457012747594E0,2.536898863588E1));
#1290=CARTESIAN_POINT('',(-3.329999934447E0,1.289034181531E1,2.536357655829E1));
#1292=CARTESIAN_POINT('',(-1.840999993446E1,2.590341828899E0,3.513780147135E1));
#1293=DIRECTION('',(0.E0,0.E0,-1.E0));
#1294=DIRECTION('',(8.763633372486E-1,4.816506006707E-1,0.E0));
#1295=AXIS2_PLACEMENT_3D('',#1292,#1293,#1294);
#1297=DIRECTION('',(1.424250166920E-8,-1.753925132597E-8,1.E0));
#1298=VECTOR('',#1297,1.225768516944E0);
#1299=CARTESIAN_POINT('',(-2.875999994318E1,2.590341594026E0,3.513780145331E1));
#1300=LINE('',#1299,#1298);
#1301=DIRECTION('',(2.627517781751E-9,0.E0,-1.E0));
#1302=VECTOR('',#1301,1.225768516239E0);
#1303=CARTESIAN_POINT('',(-8.059999934456E0,2.590341828899E0,3.636356998094E1));
#1304=LINE('',#1303,#1302);
#1305=CARTESIAN_POINT('',(-8.536190410647E0,5.693628068924E0,3.636356998094E1));
#1306=CARTESIAN_POINT('',(-8.561337472832E0,5.773639154883E0,3.636356998094E1));
#1307=CARTESIAN_POINT('',(-8.610432934298E0,5.923096462152E0,3.637618958182E1));
#1308=CARTESIAN_POINT('',(-8.678921265832E0,6.117459572944E0,3.642689158439E1));
#1309=CARTESIAN_POINT('',(-8.739066814189E0,6.278612310641E0,3.650581222241E1));
#1310=CARTESIAN_POINT('',(-8.787409483875E0,6.402448861554E0,3.660991700292E1));
#1311=CARTESIAN_POINT('',(-8.818686949951E0,6.480081395317E0,3.673536428444E1));
#1312=CARTESIAN_POINT('',(-8.825306056905E0,6.496253153243E0,3.681993892613E1));
#1313=CARTESIAN_POINT('',(-8.825306056905E0,6.496253153243E0,3.686356998094E1));
#1315=DIRECTION('',(1.323030573985E-12,0.E0,-1.E0));
#1316=VECTOR('',#1315,2.5E0);
#1317=CARTESIAN_POINT('',(-8.059999934465E0,2.590341828899E0,4.486356998094E1));
#1318=LINE('',#1317,#1316);
#1319=DIRECTION('',(1.424212570100E-8,-1.424289592933E-8,1.E0));
#1320=VECTOR('',#1319,2.5E0);
#1321=CARTESIAN_POINT('',(-2.875999995227E1,2.590341487070E0,4.236356997026E1));
#1322=LINE('',#1321,#1320);
#1323=CARTESIAN_POINT('',(-1.840999993446E1,2.590341828899E0,4.236356998094E1));
#1324=DIRECTION('',(0.E0,0.E0,-1.E0));
#1325=DIRECTION('',(-1.E0,0.E0,0.E0));
#1326=AXIS2_PLACEMENT_3D('',#1323,#1324,#1325);
#1328=DIRECTION('',(9.999999999998E-1,6.836588950146E-7,-1.068218599283E-8));
#1329=VECTOR('',#1328,9.999999821899E-1);
#1330=CARTESIAN_POINT('',(-2.975999993446E1,2.590340803411E0,4.236356998094E1));
#1331=LINE('',#1330,#1329);
#1332=CARTESIAN_POINT('',(-2.575999993446E1,2.590341828899E0,4.236356998094E1));
#1333=DIRECTION('',(0.E0,0.E0,1.E0));
#1334=DIRECTION('',(-6.309523809523E-1,7.758215600063E-1,0.E0));
#1335=AXIS2_PLACEMENT_3D('',#1332,#1333,#1334);
#1337=CARTESIAN_POINT('',(-2.575999993446E1,2.590341828899E0,4.186356998094E1));
#1338=DIRECTION('',(0.E0,0.E0,-1.E0));
#1339=DIRECTION('',(-1.E0,-2.231386606353E-7,0.E0));
#1340=AXIS2_PLACEMENT_3D('',#1337,#1338,#1339);
#1342=CARTESIAN_POINT('',(-2.799469381201E1,6.496253153243E0,4.186356998094E1));
#1343=CARTESIAN_POINT('',(-2.799469381201E1,6.496253153243E0,4.190164748509E1));
#1344=CARTESIAN_POINT('',(-2.799984675369E1,6.483644964159E0,4.197600047719E1));
#1345=CARTESIAN_POINT('',(-2.802336088176E1,6.425450788256E0,4.208562545784E1));
#1346=CARTESIAN_POINT('',(-2.806113987541E1,6.329688926228E0,4.218284317348E1));
#1347=CARTESIAN_POINT('',(-2.810842945999E1,6.205574737112E0,4.226048513979E1));
#1348=CARTESIAN_POINT('',(-2.816201205740E1,6.058803322303E0,4.231780079108E1));
#1349=CARTESIAN_POINT('',(-2.822118870888E1,5.888101890304E0,4.235464966303E1));
#1350=CARTESIAN_POINT('',(-2.826267342390E1,5.760877159477E0,4.236356998094E1));
#1351=CARTESIAN_POINT('',(-2.828380945827E1,5.693628068925E0,4.236356998094E1));
#1353=DIRECTION('',(0.E0,-4.272868077138E-8,1.E0));
#1354=VECTOR('',#1353,5.E0);
#1355=CARTESIAN_POINT('',(-3.025999993446E1,2.590341038419E0,3.686356998094E1));
#1356=LINE('',#1355,#1354);
#1357=DIRECTION('',(0.E0,0.E0,-1.E0));
#1358=VECTOR('',#1357,5.E0);
#1359=CARTESIAN_POINT('',(-2.799469381201E1,6.496253153243E0,4.186356998094E1));
#1360=LINE('',#1359,#1358);
#1361=CARTESIAN_POINT('',(-2.575999993446E1,2.590341828899E0,3.636356998094E1));
#1362=DIRECTION('',(0.E0,0.E0,-1.E0));
#1363=DIRECTION('',(-1.E0,-1.922790587860E-7,0.E0));
#1364=AXIS2_PLACEMENT_3D('',#1361,#1362,#1363);
#1366=CARTESIAN_POINT('',(-2.828380945827E1,5.693628068925E0,3.636356998094E1));
#1367=CARTESIAN_POINT('',(-2.826267782647E1,5.760863151705E0,3.636356998094E1));
#1368=CARTESIAN_POINT('',(-2.822120133103E1,5.888064476753E0,3.637248551097E1));
#1369=CARTESIAN_POINT('',(-2.816201388236E1,6.058798603710E0,3.640933420924E1));
#1370=CARTESIAN_POINT('',(-2.810845396981E1,6.205505943260E0,3.646664230420E1));
#1371=CARTESIAN_POINT('',(-2.806123912172E1,6.329434051064E0,3.654408562782E1));
#1372=CARTESIAN_POINT('',(-2.802331721899E1,6.425562490525E0,3.664159582512E1));
#1373=CARTESIAN_POINT('',(-2.799981363962E1,6.483725561694E0,3.675139133949E1));
#1374=CARTESIAN_POINT('',(-2.799469381201E1,6.496253153243E0,3.682560855068E1));
#1375=CARTESIAN_POINT('',(-2.799469381201E1,6.496253153243E0,3.686356998094E1));
#1377=CARTESIAN_POINT('',(-2.575999993446E1,2.590341828899E0,3.686356998094E1));
#1378=DIRECTION('',(0.E0,0.E0,1.E0));
#1379=DIRECTION('',(-4.965986394557E-1,8.679802942986E-1,0.E0));
#1380=AXIS2_PLACEMENT_3D('',#1377,#1378,#1379);
#1382=CARTESIAN_POINT('',(-1.840999993446E1,2.590341828899E0,3.636356998094E1));
#1383=DIRECTION('',(0.E0,0.E0,1.E0));
#1384=DIRECTION('',(-9.539912583391E-1,2.998344193261E-1,0.E0));
#1385=AXIS2_PLACEMENT_3D('',#1382,#1383,#1384);
#1387=CARTESIAN_POINT('',(-3.348999992987E1,1.289034182485E1,2.536357656574E1));
#1388=CARTESIAN_POINT('',(-3.348999992987E1,9.457012661947E0,2.536898698816E1));
#1389=CARTESIAN_POINT('',(-3.348999992734E1,6.023667344895E0,2.537086201688E1));
#1390=CARTESIAN_POINT('',(-3.348999992734E1,2.590341648752E0,2.536357657301E1));
#1392=DIRECTION('',(-4.752004918588E-1,4.203911535175E-1,-7.729526315250E-1));
#1393=VECTOR('',#1392,7.316691152325E-1);
#1394=CARTESIAN_POINT('',(-3.314231040644E1,1.258275460150E1,2.592912213376E1));
#1395=LINE('',#1394,#1393);
#1396=DIRECTION('',(-4.752004918589E-1,4.203911535172E-1,-7.729526315251E-1));
#1397=VECTOR('',#1396,1.191363992485E1);
#1398=CARTESIAN_POINT('',(-2.748094285432E1,7.574365770902E0,3.513780146472E1));
#1399=LINE('',#1398,#1397);
#1400=CARTESIAN_POINT('',(-1.840999993446E1,2.590341828899E0,3.513780147135E1));
#1401=DIRECTION('',(0.E0,0.E0,-1.E0));
#1402=DIRECTION('',(-1.E0,0.E0,0.E0));
#1403=AXIS2_PLACEMENT_3D('',#1400,#1401,#1402);
#1405=DIRECTION('',(8.378168531963E-9,-3.435050540089E-8,1.E0));
#1406=VECTOR('',#1405,1.699999937623E0);
#1407=CARTESIAN_POINT('',(-3.348999993446E1,2.590342756112E0,
-3.336430019063E0));
#1408=LINE('',#1407,#1406);
#1409=DIRECTION('',(0.E0,-1.E0,-1.685105295068E-14));
#1410=VECTOR('',#1409,4.849098442190E0);
#1411=CARTESIAN_POINT('',(-3.348999993446E1,7.439441198302E0,
-3.336430019063E0));
#1412=LINE('',#1411,#1410);
#1413=CARTESIAN_POINT('',(-3.348999993446E1,7.439441198305E0,1.525556998094E1));
#1414=CARTESIAN_POINT('',(-3.349000263864E1,7.596882163416E0,1.537458770133E1));
#1415=CARTESIAN_POINT('',(-3.348999867944E1,7.899776923485E0,1.560338159744E1));
#1416=CARTESIAN_POINT('',(-3.349000027074E1,8.322366347806E0,1.591166042797E1));
#1417=CARTESIAN_POINT('',(-3.348999984435E1,8.718295611434E0,1.618325032950E1));
#1418=CARTESIAN_POINT('',(-3.348999995860E1,9.090709425629E0,1.641819809268E1));
#1419=CARTESIAN_POINT('',(-3.348999992798E1,9.444285287183E0,1.661937085806E1));
#1420=CARTESIAN_POINT('',(-3.348999993620E1,9.784417055890E0,1.679026823206E1));
#1421=CARTESIAN_POINT('',(-3.348999993396E1,1.010960405811E1,1.693106399579E1));
#1422=CARTESIAN_POINT('',(-3.348999993471E1,1.041692526302E1,1.704261679494E1));
#1423=CARTESIAN_POINT('',(-3.348999993394E1,1.070595088369E1,1.712750388196E1));
#1424=CARTESIAN_POINT('',(-3.348999993626E1,1.097615922830E1,1.718855948598E1));
#1425=CARTESIAN_POINT('',(-3.348999992777E1,1.122969548757E1,1.722890821901E1));
#1426=CARTESIAN_POINT('',(-3.348999995940E1,1.146214654805E1,1.725090951803E1));
#1427=CARTESIAN_POINT('',(-3.348999988072E1,1.161030706167E1,1.725556978970E1));
#1428=CARTESIAN_POINT('',(-3.348999993446E1,1.168208188542E1,1.725556998094E1));
#1430=DIRECTION('',(0.E0,1.E0,0.E0));
#1431=VECTOR('',#1430,1.208259942828E0);
#1432=CARTESIAN_POINT('',(-3.348999993446E1,1.168208188542E1,1.725556998094E1));
#1433=LINE('',#1432,#1431);
#1434=DIRECTION('',(-3.355687164094E-7,-8.160863255173E-8,9.999999999999E-1));
#1435=VECTOR('',#1434,1.000006282027E0);
#1436=CARTESIAN_POINT('',(-3.348999959177E1,2.590341730362E0,2.436357029098E1));
#1437=LINE('',#1436,#1435);
#1438=DIRECTION('',(1.017808293461E-7,-1.E0,-3.376799911505E-8));
#1439=VECTOR('',#1438,3.366864379088E0);
#1440=CARTESIAN_POINT('',(-3.348999993446E1,5.957206109450E0,2.436357040467E1));
#1441=LINE('',#1440,#1439);
#1442=DIRECTION('',(0.E0,-1.035249239223E-7,1.E0));
#1443=VECTOR('',#1442,5.E0);
#1444=CARTESIAN_POINT('',(-3.348999993446E1,6.826758702088E0,1.886357044183E1));
#1445=LINE('',#1444,#1443);
#1446=DIRECTION('',(3.922888017925E-8,-1.670322800684E-8,1.E0));
#1447=VECTOR('',#1446,1.400000037242E1);
#1448=CARTESIAN_POINT('',(-3.349000003416E1,2.590342327401E0,4.363569918560E0));
#1449=LINE('',#1448,#1447);
#1450=DIRECTION('',(-2.961219838098E-8,-1.E0,-4.221916463907E-8));
#1451=VECTOR('',#1450,3.366865913344E0);
#1452=CARTESIAN_POINT('',(-3.348999993446E1,5.957208240744E0,4.363570060706E0));
#1453=LINE('',#1452,#1451);
#1454=DIRECTION('',(0.E0,-1.035249216130E-7,1.E0));
#1455=VECTOR('',#1454,5.E0);
#1456=CARTESIAN_POINT('',(-3.348999993446E1,6.826760772586E0,
-1.136429867181E0));
#1457=LINE('',#1456,#1455);
#1458=CARTESIAN_POINT('',(-3.318999993446E1,7.439441198305E0,
-3.336430019063E0));
#1459=DIRECTION('',(0.E0,-1.E0,0.E0));
#1460=DIRECTION('',(-1.E0,0.E0,0.E0));
#1461=AXIS2_PLACEMENT_3D('',#1458,#1459,#1460);
#1463=DIRECTION('',(1.E0,-8.487038232690E-14,7.500173321912E-14));
#1464=VECTOR('',#1463,9.E-1);
#1465=CARTESIAN_POINT('',(-2.708999993446E1,1.339034182890E1,
-3.636430019062E0));
#1466=LINE('',#1465,#1464);
#1467=DIRECTION('',(0.E0,1.E0,0.E0));
#1468=VECTOR('',#1467,9.E-1);
#1469=CARTESIAN_POINT('',(-2.618999993446E1,1.339034182890E1,
-3.636430019062E0));
#1470=LINE('',#1469,#1468);
#1471=DIRECTION('',(-1.E0,-5.329070518201E-14,-7.253457094218E-14));
#1472=VECTOR('',#1471,6.E-1);
#1473=CARTESIAN_POINT('',(-2.618999993446E1,1.429034182890E1,
-3.636430019062E0));
#1474=LINE('',#1473,#1472);
#1475=CARTESIAN_POINT('',(-2.678999993446E1,1.309034182890E1,
-3.636430019062E0));
#1476=DIRECTION('',(0.E0,0.E0,1.E0));
#1477=DIRECTION('',(1.480297366167E-14,1.E0,0.E0));
#1478=AXIS2_PLACEMENT_3D('',#1475,#1476,#1477);
#1480=DIRECTION('',(-9.648211054160E-10,-1.E0,-4.957705503329E-14));
#1481=VECTOR('',#1480,6.539015336286E-1);
#1482=CARTESIAN_POINT('',(-2.798999993446E1,1.309034182890E1,
-3.636430019062E0));
#1483=LINE('',#1482,#1481);
#1484=CARTESIAN_POINT('',(-2.878999993446E1,1.243644029768E1,
-3.636430019062E0));
#1485=DIRECTION('',(0.E0,0.E0,-1.E0));
#1486=DIRECTION('',(1.E0,-1.776356839400E-14,0.E0));
#1487=AXIS2_PLACEMENT_3D('',#1484,#1485,#1486);
#1489=DIRECTION('',(-9.997999000020E-1,2.000399850145E-2,-2.442490724156E-13));
#1490=VECTOR('',#1489,9.999999713487E-2);
#1491=CARTESIAN_POINT('',(-2.880600313555E1,1.163660037816E1,
-3.636430019062E0));
#1492=LINE('',#1491,#1490);
#1493=CARTESIAN_POINT('',(-2.898999993446E1,7.439441198305E0,
-3.636430019063E0));
#1494=DIRECTION('',(0.E0,0.E0,1.E0));
#1495=DIRECTION('',(2.000400280266E-2,9.997998999159E-1,0.E0));
#1496=AXIS2_PLACEMENT_3D('',#1493,#1494,#1495);
#1498=DIRECTION('',(0.E0,-1.E0,-2.262070700988E-14));
#1499=VECTOR('',#1498,4.849098429374E0);
#1500=CARTESIAN_POINT('',(-3.318999993446E1,7.439441198305E0,
-3.636430019063E0));
#1501=LINE('',#1500,#1499);
#1502=DIRECTION('',(1.707504412172E-13,1.E0,0.E0));
#1503=VECTOR('',#1502,3.661938458323E0);
#1504=CARTESIAN_POINT('',(-3.162193933281E1,2.590342768930E0,
-3.636430019063E0));
#1505=LINE('',#1504,#1503);
#1506=CARTESIAN_POINT('',(-2.702193933281E1,6.252281227253E0,
-3.636430019063E0));
#1507=DIRECTION('',(0.E0,0.E0,-1.E0));
#1508=DIRECTION('',(-1.E0,0.E0,0.E0));
#1509=AXIS2_PLACEMENT_3D('',#1506,#1507,#1508);
#1511=DIRECTION('',(9.503948098326E-1,3.110461468066E-1,2.086650190016E-13));
#1512=VECTOR('',#1511,5.639835616595E-1);
#1513=CARTESIAN_POINT('',(-2.845275160812E1,1.062409735248E1,
-3.636430019063E0));
#1514=LINE('',#1513,#1512);
#1515=CARTESIAN_POINT('',(-2.828999993446E1,1.193999603800E1,
-3.636430019062E0));
#1516=DIRECTION('',(0.E0,0.E0,1.E0));
#1517=DIRECTION('',(3.110461468062E-1,-9.503948098328E-1,0.E0));
#1518=AXIS2_PLACEMENT_3D('',#1515,#1516,#1517);
#1520=DIRECTION('',(0.E0,1.E0,1.561596540939E-14));
#1521=VECTOR('',#1520,1.450345790900E0);
#1522=CARTESIAN_POINT('',(-2.708999993446E1,1.193999603800E1,
-3.636430019062E0));
#1523=LINE('',#1522,#1521);
#1524=CARTESIAN_POINT('',(-2.678999993446E1,1.309034182890E1,
-3.336430019062E0));
#1525=CARTESIAN_POINT('',(-2.678999993446E1,1.309034182890E1,
-3.365605545675E0));
#1526=CARTESIAN_POINT('',(-2.679841706311E1,1.309875895755E1,
-3.425016416862E0));
#1527=CARTESIAN_POINT('',(-2.683970620695E1,1.314004810140E1,
-3.510564250356E0));
#1528=CARTESIAN_POINT('',(-2.690453728311E1,1.320487917756E1,
-3.578372590925E0));
#1529=CARTESIAN_POINT('',(-2.698875980995E1,1.328910170439E1,
-3.624389279974E0));
#1530=CARTESIAN_POINT('',(-2.705508038355E1,1.335542227800E1,
-3.636430019062E0));
#1531=CARTESIAN_POINT('',(-2.708999993446E1,1.339034182890E1,
-3.636430019062E0));
#1533=CARTESIAN_POINT('',(-2.708999993446E1,1.193999603800E1,
-3.336430019062E0));
#1534=DIRECTION('',(0.E0,1.E0,0.E0));
#1535=DIRECTION('',(1.E0,0.E0,0.E0));
#1536=AXIS2_PLACEMENT_3D('',#1533,#1534,#1535);
#1538=CARTESIAN_POINT('',(-2.791674455829E1,1.079952226620E1,
-3.336430019062E0));
#1539=DIRECTION('',(9.503948098327E-1,3.110461468062E-1,0.E0));
#1540=DIRECTION('',(3.110461468062E-1,-9.503948098327E-1,2.220446049250E-14));
#1541=AXIS2_PLACEMENT_3D('',#1538,#1539,#1540);
#1543=CARTESIAN_POINT('',(-2.828999993446E1,1.193999603800E1,
-3.336430019062E0));
#1544=DIRECTION('',(0.E0,0.E0,1.E0));
#1545=DIRECTION('',(3.110461468061E-1,-9.503948098328E-1,0.E0));
#1546=AXIS2_PLACEMENT_3D('',#1543,#1544,#1545);
#1548=DIRECTION('',(-1.654995295866E-7,-5.416489818957E-8,-1.E0));
#1549=VECTOR('',#1548,1.3592E1);
#1550=CARTESIAN_POINT('',(-2.782342846554E1,1.051440455921E1,1.025556998094E1));
#1551=LINE('',#1550,#1549);
#1552=DIRECTION('',(0.E0,-5.934367509202E-11,1.E0));
#1553=VECTOR('',#1552,1.3592E1);
#1554=CARTESIAN_POINT('',(-2.678999993446E1,1.193999603881E1,
-3.336430019062E0));
#1555=LINE('',#1554,#1553);
#1556=DIRECTION('',(9.503948098328E-1,3.110461468061E-1,1.779558277797E-13));
#1557=VECTOR('',#1556,5.639835608552E-1);
#1558=CARTESIAN_POINT('',(-2.835943776407E1,1.033897890954E1,
-3.336430019063E0));
#1559=LINE('',#1558,#1557);
#1560=DIRECTION('',(0.E0,0.E0,1.E0));
#1561=VECTOR('',#1560,2.E0);
#1562=CARTESIAN_POINT('',(-2.805078210130E1,1.043999603800E1,1.025556998094E1));
#1563=LINE('',#1562,#1561);
#1564=CARTESIAN_POINT('',(-2.845275160812E1,1.062409735248E1,
-3.336430019062E0));
#1565=DIRECTION('',(9.503948098328E-1,3.110461468062E-1,7.181619998843E-14));
#1566=DIRECTION('',(3.110461468061E-1,-9.503948098328E-1,0.E0));
#1567=AXIS2_PLACEMENT_3D('',#1564,#1565,#1566);
#1569=CARTESIAN_POINT('',(-3.162193933281E1,6.252281227253E0,
-3.336430019063E0));
#1570=DIRECTION('',(0.E0,1.E0,0.E0));
#1571=DIRECTION('',(1.E0,0.E0,0.E0));
#1572=AXIS2_PLACEMENT_3D('',#1569,#1570,#1571);
#1574=CARTESIAN_POINT('',(-2.702193933281E1,6.252281227253E0,
-3.336430019063E0));
#1575=DIRECTION('',(0.E0,0.E0,-1.E0));
#1576=DIRECTION('',(-1.E0,0.E0,0.E0));
#1577=AXIS2_PLACEMENT_3D('',#1574,#1575,#1576);
#1579=DIRECTION('',(0.E0,-3.755048834443E-13,-1.E0));
#1580=VECTOR('',#1579,1.5592E1);
#1581=CARTESIAN_POINT('',(-3.132193933281E1,6.252281227253E0,1.225556998094E1));
#1582=LINE('',#1581,#1580);
#1583=DIRECTION('',(-8.740579033023E-7,-2.860625285477E-7,9.999999999996E-1));
#1584=VECTOR('',#1583,1.559200000001E1);
#1585=CARTESIAN_POINT('',(-2.835943776407E1,1.033897890954E1,
-3.336430019063E0));
#1586=LINE('',#1585,#1584);
#1587=DIRECTION('',(0.E0,1.E0,0.E0));
#1588=VECTOR('',#1587,3.661938471136E0);
#1589=CARTESIAN_POINT('',(-3.132193933281E1,2.590342756112E0,
-3.336430019063E0));
#1590=LINE('',#1589,#1588);
#1591=DIRECTION('',(1.065814103640E-14,0.E0,1.E0));
#1592=VECTOR('',#1591,2.E0);
#1593=CARTESIAN_POINT('',(-8.757751915404E0,1.043999603800E1,1.025556998094E1));
#1594=LINE('',#1593,#1592);
#1595=DIRECTION('',(1.E0,0.E0,0.E0));
#1596=VECTOR('',#1595,1.929303018590E1);
#1597=CARTESIAN_POINT('',(-2.805078210130E1,1.043999603800E1,1.025556998094E1));
#1598=LINE('',#1597,#1596);
#1599=DIRECTION('',(-1.E0,0.E0,0.E0));
#1600=VECTOR('',#1599,1.929303018590E1);
#1601=CARTESIAN_POINT('',(-8.757751915404E0,1.043999603800E1,1.225556998094E1));
#1602=LINE('',#1601,#1600);
#1603=DIRECTION('',(9.549314747713E-1,-2.968263439978E-1,-3.119798875710E-14));
#1604=VECTOR('',#1603,2.277527379384E-1);
#1605=CARTESIAN_POINT('',(-8.975240173326E0,1.050759905054E1,1.025556998094E1));
#1606=LINE('',#1605,#1604);
#1607=CARTESIAN_POINT('',(-8.529999934456E0,1.193999603800E1,1.025556998094E1));
#1608=DIRECTION('',(0.E0,0.E0,1.E0));
#1609=DIRECTION('',(-1.E0,3.907985046681E-14,0.E0));
#1610=AXIS2_PLACEMENT_3D('',#1607,#1608,#1609);
#1612=DIRECTION('',(1.E0,0.E0,0.E0));
#1613=VECTOR('',#1612,1.676E1);
#1614=CARTESIAN_POINT('',(-2.678999993446E1,1.193999603800E1,1.025556998094E1));
#1615=LINE('',#1614,#1613);
#1616=CARTESIAN_POINT('',(-2.828999993446E1,1.193999603800E1,1.025556998094E1));
#1617=DIRECTION('',(0.E0,0.E0,1.E0));
#1618=DIRECTION('',(3.110476459404E-1,-9.503943191933E-1,0.E0));
#1619=AXIS2_PLACEMENT_3D('',#1616,#1617,#1618);
#1621=DIRECTION('',(9.503948098320E-1,3.110461468085E-1,7.425613911606E-14));
#1622=VECTOR('',#1621,2.392201992382E-1);
#1623=CARTESIAN_POINT('',(-2.805078210130E1,1.043999603800E1,1.025556998094E1));
#1624=LINE('',#1623,#1622);
#1625=CARTESIAN_POINT('',(-8.529999934456E0,1.193999603800E1,
-3.336430019061E0));
#1626=DIRECTION('',(0.E0,0.E0,1.E0));
#1627=DIRECTION('',(-1.E0,0.E0,0.E0));
#1628=AXIS2_PLACEMENT_3D('',#1625,#1626,#1627);
#1630=DIRECTION('',(0.E0,6.408829388967E-11,-1.E0));
#1631=VECTOR('',#1630,1.3592E1);
#1632=CARTESIAN_POINT('',(-1.002999993446E1,1.193999603800E1,1.025556998094E1));
#1633=LINE('',#1632,#1631);
#1634=DIRECTION('',(-5.324391101319E-8,1.655008940043E-8,1.E0));
#1635=VECTOR('',#1634,1.3592E1);
#1636=CARTESIAN_POINT('',(-8.975239449635E0,1.050759882559E1,
-3.336430019061E0));
#1637=LINE('',#1636,#1635);
#1638=CARTESIAN_POINT('',(-9.729999934456E0,1.193999603800E1,
-3.336430019061E0));
#1639=DIRECTION('',(0.E0,-1.E0,0.E0));
#1640=DIRECTION('',(-1.E0,0.E0,0.E0));
#1641=AXIS2_PLACEMENT_3D('',#1638,#1639,#1640);
#1643=CARTESIAN_POINT('',(-1.002999993446E1,1.309034182890E1,
-3.336430019061E0));
#1644=CARTESIAN_POINT('',(-1.002999993446E1,1.309034182890E1,
-3.365605545673E0));
#1645=CARTESIAN_POINT('',(-1.002158280580E1,1.309875895755E1,
-3.425016416861E0));
#1646=CARTESIAN_POINT('',(-9.980293661960E0,1.314004810140E1,
-3.510564250355E0));
#1647=CARTESIAN_POINT('',(-9.915462585798E0,1.320487917756E1,
-3.578372590924E0));
#1648=CARTESIAN_POINT('',(-9.831240058961E0,1.328910170439E1,
-3.624389279973E0));
#1649=CARTESIAN_POINT('',(-9.764919485358E0,1.335542227800E1,
-3.636430019061E0));
#1650=CARTESIAN_POINT('',(-9.729999934456E0,1.339034182890E1,
-3.636430019061E0));
#1652=DIRECTION('',(0.E0,-1.E0,0.E0));
#1653=VECTOR('',#1652,1.150345790029E0);
#1654=CARTESIAN_POINT('',(-1.002999993446E1,1.309034182890E1,
-3.336430019061E0));
#1655=LINE('',#1654,#1653);
#1656=DIRECTION('',(0.E0,0.E0,-1.E0));
#1657=VECTOR('',#1656,1.27E1);
#1658=CARTESIAN_POINT('',(-1.002999993446E1,1.309034182890E1,9.363569980937E0));
#1659=LINE('',#1658,#1657);
#1660=DIRECTION('',(1.681729000336E-14,-1.E0,0.E0));
#1661=VECTOR('',#1660,1.161895003862E0);
#1662=CARTESIAN_POINT('',(-1.002999993446E1,1.425223683276E1,9.363569980937E0));
#1663=LINE('',#1662,#1661);
#1664=DIRECTION('',(0.E0,1.857155147778E-13,1.E0));
#1665=VECTOR('',#1664,5.892E0);
#1666=CARTESIAN_POINT('',(-1.002999993446E1,1.425223683276E1,9.363569980937E0));
#1667=LINE('',#1666,#1665);
#1668=DIRECTION('',(0.E0,-1.E0,0.E0));
#1669=VECTOR('',#1668,2.312240794763E0);
#1670=CARTESIAN_POINT('',(-1.002999993446E1,1.425223683276E1,1.525556998094E1));
#1671=LINE('',#1670,#1669);
#1672=DIRECTION('',(0.E0,0.E0,1.E0));
#1673=VECTOR('',#1672,5.E0);
#1674=CARTESIAN_POINT('',(-1.002999993446E1,1.193999603800E1,1.025556998094E1));
#1675=LINE('',#1674,#1673);
#1676=DIRECTION('',(-1.E0,0.E0,0.E0));
#1677=VECTOR('',#1676,6.E-1);
#1678=CARTESIAN_POINT('',(-1.002999993446E1,1.309034182890E1,9.363569980937E0));
#1679=LINE('',#1678,#1677);
#1680=DIRECTION('',(1.E0,0.E0,9.399888275150E-14));
#1681=VECTOR('',#1680,6.000000000006E-1);
#1682=CARTESIAN_POINT('',(-1.062999993446E1,1.309034182890E1,
-3.336430019061E0));
#1683=LINE('',#1682,#1681);
#1684=DIRECTION('',(0.E0,-1.496615604849E-13,-1.E0));
#1685=VECTOR('',#1684,1.27E1);
#1686=CARTESIAN_POINT('',(-1.092999993446E1,1.339034182890E1,9.363569980937E0));
#1687=LINE('',#1686,#1685);
#1688=DIRECTION('',(4.699652740461E-14,0.E0,1.E0));
#1689=VECTOR('',#1688,1.27E1);
#1690=CARTESIAN_POINT('',(-1.062999993446E1,1.309034182890E1,
-3.336430019061E0));
#1691=LINE('',#1690,#1689);
#1692=CARTESIAN_POINT('',(-1.062999993446E1,1.339034182890E1,
-3.336430019061E0));
#1693=DIRECTION('',(0.E0,0.E0,1.E0));
#1694=DIRECTION('',(-1.E0,0.E0,0.E0));
#1695=AXIS2_PLACEMENT_3D('',#1692,#1693,#1694);
#1697=DIRECTION('',(-6.118562446805E-14,-1.E0,0.E0));
#1698=VECTOR('',#1697,9.000000000026E-1);
#1699=CARTESIAN_POINT('',(-1.092999993446E1,1.429034182890E1,
-3.336430019061E0));
#1700=LINE('',#1699,#1698);
#1701=DIRECTION('',(0.E0,-5.007368098467E-14,1.E0));
#1702=VECTOR('',#1701,1.27E1);
#1703=CARTESIAN_POINT('',(-1.092999993446E1,1.429034182890E1,
-3.336430019061E0));
#1704=LINE('',#1703,#1702);
#1705=CARTESIAN_POINT('',(-1.062999993446E1,1.429034182890E1,
-3.336430019061E0));
#1706=DIRECTION('',(0.E0,0.E0,1.E0));
#1707=DIRECTION('',(0.E0,1.E0,0.E0));
#1708=AXIS2_PLACEMENT_3D('',#1705,#1706,#1707);
#1710=DIRECTION('',(-1.570747032005E-13,0.E0,-1.E0));
#1711=VECTOR('',#1710,1.27E1);
#1712=CARTESIAN_POINT('',(-1.062999993446E1,1.459034182890E1,9.363569980937E0));
#1713=LINE('',#1712,#1711);
#1714=CARTESIAN_POINT('',(-1.062999993446E1,1.429034182890E1,
-3.336430019061E0));
#1715=DIRECTION('',(-1.E0,0.E0,-7.587058446202E-14));
#1716=DIRECTION('',(0.E0,1.E0,0.E0));
#1717=AXIS2_PLACEMENT_3D('',#1714,#1715,#1716);
#1719=CARTESIAN_POINT('',(-1.062999993446E1,1.429034182890E1,
-3.336430019061E0));
#1720=DIRECTION('',(0.E0,-1.E0,0.E0));
#1721=DIRECTION('',(-1.E0,0.E0,0.E0));
#1722=AXIS2_PLACEMENT_3D('',#1719,#1720,#1721);
#1724=CARTESIAN_POINT('',(-1.062999993446E1,1.339034182890E1,
-3.336430019061E0));
#1725=DIRECTION('',(0.E0,-1.E0,0.E0));
#1726=DIRECTION('',(-1.E0,0.E0,0.E0));
#1727=AXIS2_PLACEMENT_3D('',#1724,#1725,#1726);
#1729=CARTESIAN_POINT('',(-1.062999993446E1,1.339034182890E1,
-3.336430019061E0));
#1730=DIRECTION('',(1.E0,0.E0,7.576801625302E-14));
#1731=DIRECTION('',(0.E0,-1.E0,0.E0));
#1732=AXIS2_PLACEMENT_3D('',#1729,#1730,#1731);
#1734=CARTESIAN_POINT('',(-1.002999993446E1,1.429034182890E1,
-3.336430019061E0));
#1735=DIRECTION('',(-1.E0,0.E0,-7.587058446202E-14));
#1736=DIRECTION('',(0.E0,1.E0,0.E0));
#1737=AXIS2_PLACEMENT_3D('',#1734,#1735,#1736);
#1739=CARTESIAN_POINT('',(-8.829999934456E0,1.309034182890E1,
-3.336430019061E0));
#1740=DIRECTION('',(0.E0,1.E0,0.E0));
#1741=DIRECTION('',(1.E0,0.E0,0.E0));
#1742=AXIS2_PLACEMENT_3D('',#1739,#1740,#1741);
#1744=DIRECTION('',(8.955328167566E-11,0.E0,1.E0));
#1745=VECTOR('',#1744,1.27E1);
#1746=CARTESIAN_POINT('',(-1.002999993559E1,1.459034182890E1,
-3.336430019061E0));
#1747=LINE('',#1746,#1745);
#1748=CARTESIAN_POINT('',(-1.002999993446E1,1.309034182890E1,
-3.336430019061E0));
#1749=DIRECTION('',(0.E0,0.E0,1.E0));
#1750=DIRECTION('',(1.E0,0.E0,0.E0));
#1751=AXIS2_PLACEMENT_3D('',#1748,#1749,#1750);
#1753=DIRECTION('',(0.E0,2.163597279917E-11,-1.E0));
#1754=VECTOR('',#1753,1.8592E1);
#1755=CARTESIAN_POINT('',(-8.529999934456E0,1.309034182740E1,1.525556998094E1));
#1756=LINE('',#1755,#1754);
#1757=CARTESIAN_POINT('',(-1.002999993446E1,1.309034182890E1,1.525556998094E1));
#1758=DIRECTION('',(0.E0,0.E0,-1.E0));
#1759=DIRECTION('',(2.5E-1,9.682458365519E-1,0.E0));
#1760=AXIS2_PLACEMENT_3D('',#1757,#1758,#1759);
#1762=DIRECTION('',(1.060930026790E-12,-2.734480063367E-13,1.E0));
#1763=VECTOR('',#1762,5.892E0);
#1764=CARTESIAN_POINT('',(-9.654999934456E0,1.454271058373E1,9.363569980937E0));
#1765=LINE('',#1764,#1763);
#1766=CARTESIAN_POINT('',(-1.002999993446E1,1.309034182890E1,9.363569980937E0));
#1767=DIRECTION('',(0.E0,0.E0,1.E0));
#1768=DIRECTION('',(2.5E-1,9.682458365519E-1,0.E0));
#1769=AXIS2_PLACEMENT_3D('',#1766,#1767,#1768);
#1771=DIRECTION('',(-1.E0,0.E0,-1.139828974105E-13));
#1772=VECTOR('',#1771,5.999999988646E-1);
#1773=CARTESIAN_POINT('',(-1.002999993559E1,1.459034182890E1,
-3.336430019061E0));
#1774=LINE('',#1773,#1772);
#1775=DIRECTION('',(1.E0,0.E0,0.E0));
#1776=VECTOR('',#1775,6.E-1);
#1777=CARTESIAN_POINT('',(-1.062999993446E1,1.459034182890E1,9.363569980937E0));
#1778=LINE('',#1777,#1776);
#1779=CARTESIAN_POINT('',(-1.062999993446E1,1.339034182890E1,9.363569980937E0));
#1780=DIRECTION('',(0.E0,0.E0,1.E0));
#1781=DIRECTION('',(-1.E0,-1.344110008480E-12,0.E0));
#1782=AXIS2_PLACEMENT_3D('',#1779,#1780,#1781);
#1784=DIRECTION('',(-3.947459643111E-14,-1.E0,0.E0));
#1785=VECTOR('',#1784,9.000000000001E-1);
#1786=CARTESIAN_POINT('',(-1.092999993446E1,1.429034182890E1,9.363569980937E0));
#1787=LINE('',#1786,#1785);
#1788=CARTESIAN_POINT('',(-1.062999993446E1,1.429034182890E1,9.363569980937E0));
#1789=DIRECTION('',(0.E0,0.E0,1.E0));
#1790=DIRECTION('',(-1.894780628694E-13,1.E0,0.E0));
#1791=AXIS2_PLACEMENT_3D('',#1788,#1789,#1790);
#1793=CARTESIAN_POINT('',(-9.729999934456E0,1.425223683276E1,9.363569980937E0));
#1794=DIRECTION('',(0.E0,0.E0,-1.E0));
#1795=DIRECTION('',(-1.E0,0.E0,0.E0));
#1796=AXIS2_PLACEMENT_3D('',#1793,#1794,#1795);
#1798=CARTESIAN_POINT('',(-1.035826498609E1,1.539034182890E1,1.625556998094E1));
#1799=CARTESIAN_POINT('',(-1.020547061554E1,1.542695668466E1,1.625557021848E1));
#1800=CARTESIAN_POINT('',(-9.904574084849E0,1.548004966388E1,1.625149315950E1));
#1801=CARTESIAN_POINT('',(-9.587869942016E0,1.547267857493E1,1.625234924916E1));
#1802=CARTESIAN_POINT('',(-9.420571211256E0,1.545064912459E1,1.625362837874E1));
#1804=CARTESIAN_POINT('',(-1.102999993446E1,1.425223683276E1,1.525556998094E1));
#1805=DIRECTION('',(0.E0,-1.E0,0.E0));
#1806=DIRECTION('',(1.E0,0.E0,0.E0));
#1807=AXIS2_PLACEMENT_3D('',#1804,#1805,#1806);
#1809=CARTESIAN_POINT('',(-9.729999934456E0,1.425223683276E1,1.525556998094E1));
#1810=DIRECTION('',(0.E0,0.E0,1.E0));
#1811=DIRECTION('',(2.5E-1,9.682458365519E-1,0.E0));
#1812=AXIS2_PLACEMENT_3D('',#1809,#1810,#1811);
#1814=CARTESIAN_POINT('',(-1.035825842534E1,1.539034182890E1,1.725556998097E1));
#1815=DIRECTION('',(9.999999999997E-1,0.E0,-7.700937349930E-7));
#1816=DIRECTION('',(-7.700937345450E-7,0.E0,-9.999999999997E-1));
#1817=AXIS2_PLACEMENT_3D('',#1814,#1815,#1816);
#1819=CARTESIAN_POINT('',(-9.436143307136E0,1.539034182890E1,1.725168676377E1));
#1820=DIRECTION('',(9.998783176516E-1,0.E0,1.559967596715E-2));
#1821=DIRECTION('',(1.557128235087E-2,6.030729569209E-2,-9.980583977164E-1));
#1822=AXIS2_PLACEMENT_3D('',#1819,#1820,#1821);
#1824=CARTESIAN_POINT('',(-9.420571211256E0,1.545064912459E1,1.625362837874E1));
#1825=CARTESIAN_POINT('',(-9.359957543071E0,1.544287583840E1,1.625410434708E1));
#1826=CARTESIAN_POINT('',(-9.237793394167E0,1.542504019897E1,1.625504623314E1));
#1827=CARTESIAN_POINT('',(-9.113228182562E0,1.540265002746E1,1.625556997950E1));
#1828=CARTESIAN_POINT('',(-9.050204036863E0,1.539034182890E1,1.625556998094E1));
#1830=CARTESIAN_POINT('',(-9.404999934456E0,1.551095642028E1,1.525556998094E1));
#1831=DIRECTION('',(9.682458365519E-1,-2.5E-1,0.E0));
#1832=DIRECTION('',(-1.557127679076E-2,-6.030729568979E-2,9.980583978033E-1));
#1833=AXIS2_PLACEMENT_3D('',#1830,#1831,#1832);
#1835=CARTESIAN_POINT('',(-7.529999934456E0,1.309034182890E1,1.525556998094E1));
#1836=DIRECTION('',(0.E0,-1.E0,0.E0));
#1837=DIRECTION('',(-2.042810365310E-14,0.E0,1.E0));
#1838=AXIS2_PLACEMENT_3D('',#1835,#1836,#1837);
#1840=DIRECTION('',(0.E0,-1.E0,0.E0));
#1841=VECTOR('',#1840,1.207359307345E0);
#1842=CARTESIAN_POINT('',(-4.329999934456E0,1.289034182890E1,1.625556998094E1));
#1843=LINE('',#1842,#1841);
#1844=CARTESIAN_POINT('',(-6.829999934456E0,1.289034182890E1,1.625556998094E1));
#1845=DIRECTION('',(0.E0,0.E0,-1.E0));
#1846=DIRECTION('',(0.E0,1.E0,0.E0));
#1847=AXIS2_PLACEMENT_3D('',#1844,#1845,#1846);
#1849=DIRECTION('',(1.E0,1.280139488058E-14,0.E0));
#1850=VECTOR('',#1849,2.220204102407E0);
#1851=CARTESIAN_POINT('',(-9.050204036863E0,1.539034182890E1,1.625556998094E1));
#1852=LINE('',#1851,#1850);
#1853=CARTESIAN_POINT('',(-1.002999993446E1,1.309034182890E1,1.625556998094E1));
#1854=DIRECTION('',(0.E0,0.E0,-1.E0));
#1855=DIRECTION('',(3.919183594947E-1,9.199999997234E-1,0.E0));
#1856=AXIS2_PLACEMENT_3D('',#1853,#1854,#1855);
#1858=DIRECTION('',(3.254727051616E-9,-1.E0,2.246010186642E-14));
#1859=VECTOR('',#1858,1.581788764775E-1);
#1860=CARTESIAN_POINT('',(-7.529999934971E0,1.309034182793E1,1.625556998094E1));
#1861=LINE('',#1860,#1859);
#1862=CARTESIAN_POINT('',(-7.829999934456E0,7.440341828899E0,1.625556998094E1));
#1863=DIRECTION('',(0.E0,0.E0,-1.E0));
#1864=DIRECTION('',(5.454509665017E-2,9.985113081139E-1,0.E0));
#1865=AXIS2_PLACEMENT_3D('',#1862,#1863,#1864);
#1867=DIRECTION('',(1.E0,0.E0,0.E0));
#1868=VECTOR('',#1867,1.610346992646E1);
#1869=CARTESIAN_POINT('',(-2.646173491256E1,1.539034182890E1,1.625556998094E1));
#1870=LINE('',#1869,#1868);
#1871=CARTESIAN_POINT('',(-2.708999993446E1,1.425223683276E1,1.625556998094E1));
#1872=DIRECTION('',(0.E0,0.E0,1.E0));
#1873=DIRECTION('',(1.E0,1.639714005600E-14,0.E0));
#1874=AXIS2_PLACEMENT_3D('',#1871,#1872,#1873);
#1876=DIRECTION('',(2.165891316814E-14,-1.E0,0.E0));
#1877=VECTOR('',#1876,1.312240794806E0);
#1878=CARTESIAN_POINT('',(-2.578999993446E1,1.425223683281E1,1.625556998094E1));
#1879=LINE('',#1878,#1877);
#1880=DIRECTION('',(1.E0,0.E0,0.E0));
#1881=VECTOR('',#1880,1.476E1);
#1882=CARTESIAN_POINT('',(-2.578999993446E1,1.293999603800E1,1.625556998094E1));
#1883=LINE('',#1882,#1881);
#1884=DIRECTION('',(-4.196414426316E-14,-1.E0,0.E0));
#1885=VECTOR('',#1884,1.312240794810E0);
#1886=CARTESIAN_POINT('',(-1.102999993446E1,1.425223683281E1,1.625556998094E1));
#1887=LINE('',#1886,#1885);
#1888=CARTESIAN_POINT('',(-9.729999934456E0,1.425223683276E1,1.625556998094E1));
#1889=DIRECTION('',(0.E0,0.E0,1.E0));
#1890=DIRECTION('',(-4.832807550068E-1,8.754654258393E-1,0.E0));
#1891=AXIS2_PLACEMENT_3D('',#1888,#1889,#1890);
#1893=DIRECTION('',(1.E0,-1.120122051925E-14,0.E0));
#1894=VECTOR('',#1893,2.220204102657E0);
#1895=CARTESIAN_POINT('',(-2.998999993446E1,1.539034182890E1,1.625556998094E1));
#1896=LINE('',#1895,#1894);
#1897=CARTESIAN_POINT('',(-2.998999993446E1,1.289034182890E1,1.625556998094E1));
#1898=DIRECTION('',(0.E0,0.E0,-1.E0));
#1899=DIRECTION('',(-1.E0,-1.421085471520E-14,0.E0));
#1900=AXIS2_PLACEMENT_3D('',#1897,#1898,#1899);
#1902=DIRECTION('',(0.E0,1.E0,0.E0));
#1903=VECTOR('',#1902,1.208259935562E0);
#1904=CARTESIAN_POINT('',(-3.248999993446E1,1.168208189334E1,1.625556998094E1));
#1905=LINE('',#1904,#1903);
#1906=CARTESIAN_POINT('',(-2.898999993446E1,7.439441198305E0,1.625556998094E1));
#1907=DIRECTION('',(0.E0,0.E0,-1.E0));
#1908=DIRECTION('',(-6.363636335385E-1,7.713892181705E-1,0.E0));
#1909=AXIS2_PLACEMENT_3D('',#1906,#1907,#1908);
#1911=DIRECTION('',(2.222052359795E-9,1.E0,-2.233824615519E-14));
#1912=VECTOR('',#1911,1.590417463448E-1);
#1913=CARTESIAN_POINT('',(-2.928999993446E1,1.293130008199E1,1.625556998094E1));
#1914=LINE('',#1913,#1912);
#1915=CARTESIAN_POINT('',(-2.678999993446E1,1.309034182890E1,1.625556998094E1));
#1916=DIRECTION('',(0.E0,0.E0,-1.E0));
#1917=DIRECTION('',(-1.E0,-1.918465386552E-14,0.E0));
#1918=AXIS2_PLACEMENT_3D('',#1915,#1916,#1917);
#1920=CARTESIAN_POINT('',(-4.329999934456E0,1.289034182890E1,1.725556998094E1));
#1921=DIRECTION('',(0.E0,-1.E0,0.E0));
#1922=DIRECTION('',(0.E0,0.E0,-1.E0));
#1923=AXIS2_PLACEMENT_3D('',#1920,#1921,#1922);
#1925=CARTESIAN_POINT('',(-4.329999934456E0,1.168298250874E1,1.725556998094E1));
#1926=DIRECTION('',(0.E0,-1.E0,-2.166705785214E-9));
#1927=DIRECTION('',(0.E0,2.166705925788E-9,-1.E0));
#1928=AXIS2_PLACEMENT_3D('',#1925,#1926,#1927);
#1930=CARTESIAN_POINT('',(-4.329999934456E0,1.168298252155E1,1.625556998094E1));
#1931=CARTESIAN_POINT('',(-4.310807669843E0,1.162805079059E1,1.625556994392E1));
#1932=CARTESIAN_POINT('',(-4.269889946438E0,1.151179707427E1,1.625277287977E1));
#1933=CARTESIAN_POINT('',(-4.202958632923E0,1.132370274158E1,1.623953596142E1));
#1934=CARTESIAN_POINT('',(-4.126133152906E0,1.110891704631E1,1.621508559829E1));
#1935=CARTESIAN_POINT('',(-4.040550628073E0,1.086876185558E1,1.617792619079E1));
#1936=CARTESIAN_POINT('',(-3.945552827219E0,1.059766864411E1,1.612614341781E1));
#1937=CARTESIAN_POINT('',(-3.842090395350E0,1.029170868711E1,1.605808716045E1));
#1938=CARTESIAN_POINT('',(-3.732630213578E0,9.947049765247E0,1.597260691613E1));
#1939=CARTESIAN_POINT('',(-3.622096295585E0,9.562387717136E0,1.586982883402E1));
#1940=CARTESIAN_POINT('',(-3.515166188415E0,9.128169329444E0,1.574811626037E1));
#1941=CARTESIAN_POINT('',(-3.419930987349E0,8.634234481880E0,1.560568083768E1));
#1942=CARTESIAN_POINT('',(-3.349420861372E0,8.074246062960E0,1.544194434221E1));
#1943=CARTESIAN_POINT('',(-3.329995337916E0,7.658873463972E0,1.531975454411E1));
#1944=CARTESIAN_POINT('',(-3.329999934456E0,7.440341828899E0,1.525556998094E1));
#1946=CARTESIAN_POINT('',(-8.529944874482E0,1.243634023199E1,1.525556976290E1));
#1947=CARTESIAN_POINT('',(-8.529864810087E0,1.243632415184E1,1.533644281753E1));
#1948=CARTESIAN_POINT('',(-8.510226461072E0,1.244652562798E1,1.550011999790E1));
#1949=CARTESIAN_POINT('',(-8.419954102555E0,1.249354548613E1,1.573479155827E1));
#1950=CARTESIAN_POINT('',(-8.268258051155E0,1.257116201777E1,1.594712072445E1));
#1951=CARTESIAN_POINT('',(-8.060253842592E0,1.267537983929E1,1.611803626949E1));
#1952=CARTESIAN_POINT('',(-7.805260698022E0,1.280113815918E1,1.623027501494E1));
#1953=CARTESIAN_POINT('',(-7.622190567924E0,1.288783134918E1,1.625547865957E1));
#1954=CARTESIAN_POINT('',(-7.529999934456E0,1.293216295145E1,1.625556998094E1));
#1956=CARTESIAN_POINT('',(-7.529999934456E0,1.293216295145E1,1.625556998094E1));
#1957=CARTESIAN_POINT('',(-7.579298320598E0,1.284250471488E1,1.625547863633E1));
#1958=CARTESIAN_POINT('',(-7.672556453023E0,1.266322581114E1,1.623027692247E1));
#1959=CARTESIAN_POINT('',(-7.797960981463E0,1.241038830262E1,1.611803093017E1));
#1960=CARTESIAN_POINT('',(-7.894646627019E0,1.220191538678E1,1.594713728969E1));
#1961=CARTESIAN_POINT('',(-7.962531878360E0,1.204859596213E1,1.573482380983E1));
#1962=CARTESIAN_POINT('',(-8.001552715022E0,1.195692570312E1,1.550010262760E1));
#1963=CARTESIAN_POINT('',(-8.009995143505E0,1.193676584149E1,1.533643425453E1));
#1964=CARTESIAN_POINT('',(-8.010000409189E0,1.193675226079E1,1.525556997309E1));
#1966=DIRECTION('',(2.961487431779E-6,3.027518986272E-10,9.999999999956E-1));
#1967=VECTOR('',#1966,1.859199978204E1);
#1968=CARTESIAN_POINT('',(-8.529999934456E0,1.243634022636E1,
-3.336430019061E0));
#1969=LINE('',#1968,#1967);
#1970=CARTESIAN_POINT('',(-8.029999934456E0,1.243634022762E1,
-3.336430019061E0));
#1971=DIRECTION('',(0.E0,0.E0,-1.E0));
#1972=DIRECTION('',(3.999999999999E-2,-9.991996797437E-1,0.E0));
#1973=AXIS2_PLACEMENT_3D('',#1970,#1971,#1972);
#1975=CARTESIAN_POINT('',(-8.010000409189E0,1.193675226079E1,1.525556997309E1));
#1976=CARTESIAN_POINT('',(-8.063590064408E0,1.193460858529E1,1.525764150796E1));
#1977=CARTESIAN_POINT('',(-8.171604648510E0,1.194771344201E1,1.525458776651E1));
#1978=CARTESIAN_POINT('',(-8.319001703597E0,1.201767881812E1,1.525589937706E1));
#1979=CARTESIAN_POINT('',(-8.436701110476E0,1.213074300869E1,1.525523244857E1));
#1980=CARTESIAN_POINT('',(-8.512572543726E0,1.227523131434E1,1.525658725630E1));
#1981=CARTESIAN_POINT('',(-8.529944874482E0,1.238268326153E1,1.525341826082E1));
#1982=CARTESIAN_POINT('',(-8.529944874482E0,1.243634023199E1,1.525556976290E1));
#1984=DIRECTION('',(-2.987748835851E-14,1.E0,-2.851942070585E-14));
#1985=VECTOR('',#1984,6.540016014377E-1);
#1986=CARTESIAN_POINT('',(-8.529999934456E0,1.243634022636E1,
-3.336430019061E0));
#1987=LINE('',#1986,#1985);
#1988=DIRECTION('',(8.418935656892E-5,-9.999999964560E-1,-3.333878280830E-7));
#1989=VECTOR('',#1988,6.540015977245E-1);
#1990=CARTESIAN_POINT('',(-8.529999934456E0,1.309034182740E1,1.525556998094E1));
#1991=LINE('',#1990,#1989);
#1992=CARTESIAN_POINT('',(-8.829999934456E0,1.243634022762E1,
-3.336430019061E0));
#1993=DIRECTION('',(0.E0,1.E0,0.E0));
#1994=DIRECTION('',(1.E0,0.E0,0.E0));
#1995=AXIS2_PLACEMENT_3D('',#1992,#1993,#1994);
#1997=CARTESIAN_POINT('',(-7.997999934456E0,1.163698048382E1,
-3.336430019061E0));
#1998=DIRECTION('',(-9.991996797437E-1,-3.999999999999E-2,0.E0));
#1999=DIRECTION('',(-4.E-2,9.991996797437E-1,-4.144832625267E-14));
#2000=AXIS2_PLACEMENT_3D('',#1997,#1998,#1999);
#2002=CARTESIAN_POINT('',(-3.629999934456E0,7.440341828899E0,
-3.336430019061E0));
#2003=DIRECTION('',(0.E0,1.E0,0.E0));
#2004=DIRECTION('',(1.E0,0.E0,0.E0));
#2005=AXIS2_PLACEMENT_3D('',#2002,#2003,#2004);
#2007=DIRECTION('',(0.E0,-1.386823339280E-13,-1.E0));
#2008=VECTOR('',#2007,1.8592E1);
#2009=CARTESIAN_POINT('',(-3.329999934456E0,7.440341828899E0,1.525556998094E1));
#2010=LINE('',#2009,#2008);
#2011=CARTESIAN_POINT('',(-7.829999934456E0,7.440341828899E0,1.525556998094E1));
#2012=DIRECTION('',(0.E0,0.E0,-1.E0));
#2013=DIRECTION('',(-4.E-2,9.991996797437E-1,0.E0));
#2014=AXIS2_PLACEMENT_3D('',#2011,#2012,#2013);
#2016=DIRECTION('',(-2.546239917253E-8,6.386133455882E-7,9.999999999998E-1));
#2017=VECTOR('',#2016,1.859199999215E1);
#2018=CARTESIAN_POINT('',(-8.009999935792E0,1.193674038769E1,
-3.336430019061E0));
#2019=LINE('',#2018,#2017);
#2020=CARTESIAN_POINT('',(-7.829999934456E0,7.440341828899E0,
-3.336430019061E0));
#2021=DIRECTION('',(0.E0,0.E0,1.E0));
#2022=DIRECTION('',(1.E0,0.E0,0.E0));
#2023=AXIS2_PLACEMENT_3D('',#2020,#2021,#2022);
#2025=CARTESIAN_POINT('',(-6.829999934456E0,1.539034182890E1,1.725556998094E1));
#2026=DIRECTION('',(1.E0,0.E0,0.E0));
#2027=DIRECTION('',(0.E0,-1.598721155460E-14,-1.E0));
#2028=AXIS2_PLACEMENT_3D('',#2025,#2026,#2027);
#2030=CARTESIAN_POINT('',(-6.829999934456E0,1.289034182890E1,1.725556998094E1));
#2031=DIRECTION('',(0.E0,0.E0,-1.E0));
#2032=DIRECTION('',(0.E0,1.E0,0.E0));
#2033=AXIS2_PLACEMENT_3D('',#2030,#2031,#2032);
#2035=DIRECTION('',(-1.178522419436E-12,1.636635231219E-9,-1.E0));
#2036=VECTOR('',#2035,8.108006577354E0);
#2037=CARTESIAN_POINT('',(-3.329999934447E0,1.289034181531E1,2.536357655829E1));
#2038=LINE('',#2037,#2036);
#2039=DIRECTION('',(1.363990310718E-10,0.E0,1.E0));
#2040=VECTOR('',#2039,8.108006577348E0);
#2041=CARTESIAN_POINT('',(-6.829999935562E0,1.639034182890E1,1.725556998094E1));
#2042=LINE('',#2041,#2040);
#2043=CARTESIAN_POINT('',(-6.829999934456E0,1.289034182890E1,2.536357655829E1));
#2044=DIRECTION('',(0.E0,0.E0,1.E0));
#2045=DIRECTION('',(1.E0,-3.907985046681E-14,0.E0));
#2046=AXIS2_PLACEMENT_3D('',#2043,#2044,#2045);
#2048=DIRECTION('',(4.752528877764E-1,4.203129526124E-1,-7.729629451186E-1));
#2049=VECTOR('',#2048,1.264514032420E1);
#2050=CARTESIAN_POINT('',(-9.339639389860E0,7.575425549444E0,3.513780146472E1));
#2051=LINE('',#2050,#2049);
#2052=CARTESIAN_POINT('',(-1.840999993445E1,2.590341828906E0,3.513780147135E1));
#2053=DIRECTION('',(1.447822743641E-14,1.487767152365E-14,-1.E0));
#2054=DIRECTION('',(4.187429393772E-1,9.081048126300E-1,1.990892689570E-14));
#2055=AXIS2_PLACEMENT_3D('',#2052,#2053,#2054);
#2057=DIRECTION('',(-1.E0,0.E0,0.E0));
#2058=VECTOR('',#2057,2.316E1);
#2059=CARTESIAN_POINT('',(-6.829999934456E0,1.639034182890E1,2.536357655829E1));
#2060=LINE('',#2059,#2058);
#2061=DIRECTION('',(5.600261692168E-1,3.401512671549E-1,-7.554255788926E-1));
#2062=VECTOR('',#2061,1.293869996750E1);
#2063=CARTESIAN_POINT('',(-1.407601051190E1,1.198922663962E1,3.513780147135E1));
#2064=LINE('',#2063,#2062);
#2065=CARTESIAN_POINT('',(-1.840999993446E1,2.590341828899E0,3.513780147136E1));
#2066=DIRECTION('',(0.E0,0.E0,-1.E0));
#2067=DIRECTION('',(-4.154787245779E-1,9.096028965560E-1,0.E0));
#2068=AXIS2_PLACEMENT_3D('',#2065,#2066,#2067);
#2070=DIRECTION('',(1.E0,1.280139488419E-14,0.E0));
#2071=VECTOR('',#2070,2.220204101781E0);
#2072=CARTESIAN_POINT('',(-9.050204037343E0,1.639034182890E1,1.725556998094E1));
#2073=LINE('',#2072,#2071);
#2074=DIRECTION('',(1.E0,-1.120122052088E-14,0.E0));
#2075=VECTOR('',#2074,2.220204102334E0);
#2076=CARTESIAN_POINT('',(-2.998999993390E1,1.639034182890E1,1.725556998094E1));
#2077=LINE('',#2076,#2075);
#2078=CARTESIAN_POINT('',(-2.776979583157E1,1.639034182890E1,1.725556998094E1));
#2079=CARTESIAN_POINT('',(-2.770227356311E1,1.639034182548E1,1.725556997851E1));
#2080=CARTESIAN_POINT('',(-2.757042754380E1,1.639034183214E1,1.725453720326E1));
#2081=CARTESIAN_POINT('',(-2.744498413995E1,1.639034182584E1,1.725264043556E1));
#2082=CARTESIAN_POINT('',(-2.738385738137E1,1.639034182890E1,1.725168677656E1));
#2084=CARTESIAN_POINT('',(-2.738385738137E1,1.639034182890E1,1.725168677656E1));
#2085=CARTESIAN_POINT('',(-2.722825267421E1,1.639034182890E1,1.724925908305E1));
#2086=CARTESIAN_POINT('',(-2.691892072750E1,1.639034182890E1,1.724802175282E1));
#2087=CARTESIAN_POINT('',(-2.661352198083E1,1.639034182890E1,1.725557031608E1));
#2088=CARTESIAN_POINT('',(-2.646173484887E1,1.639034182890E1,1.725556998094E1));
#2090=DIRECTION('',(1.E0,0.E0,4.781495844655E-11));
#2091=VECTOR('',#2090,1.610346983559E1);
#2092=CARTESIAN_POINT('',(-2.646173484887E1,1.639034182890E1,1.725556998094E1));
#2093=LINE('',#2092,#2091);
#2094=CARTESIAN_POINT('',(-1.035826501328E1,1.639034182890E1,1.725556998171E1));
#2095=CARTESIAN_POINT('',(-1.020648852371E1,1.639034192694E1,1.725557080072E1));
#2096=CARTESIAN_POINT('',(-9.901100369923E0,1.639034220460E1,1.724802680186E1));
#2097=CARTESIAN_POINT('',(-9.591757779584E0,1.639034097947E1,1.724925830247E1));
#2098=CARTESIAN_POINT('',(-9.436142488038E0,1.639034182890E1,1.725168677654E1));
#2100=CARTESIAN_POINT('',(-9.436142488038E0,1.639034182890E1,1.725168677654E1));
#2101=CARTESIAN_POINT('',(-9.375007202741E0,1.639034182793E1,1.725264057565E1));
#2102=CARTESIAN_POINT('',(-9.249555265801E0,1.639034183301E1,1.725453718252E1));
#2103=CARTESIAN_POINT('',(-9.117717776817E0,1.639034182165E1,1.725556997582E1));
#2104=CARTESIAN_POINT('',(-9.050204037343E0,1.639034182890E1,1.725556998094E1));
#2106=CARTESIAN_POINT('',(-9.050204037343E0,1.539034182890E1,1.725556998094E1));
#2107=DIRECTION('',(1.E0,0.E0,0.E0));
#2108=DIRECTION('',(0.E0,0.E0,-1.E0));
#2109=AXIS2_PLACEMENT_3D('',#2106,#2107,#2108);
#2111=CARTESIAN_POINT('',(-2.998999993446E1,1.289034182890E1,1.725556998094E1));
#2112=DIRECTION('',(0.E0,0.E0,-1.E0));
#2113=DIRECTION('',(-1.E0,0.E0,0.E0));
#2114=AXIS2_PLACEMENT_3D('',#2111,#2112,#2113);
#2116=DIRECTION('',(6.819557197432E-11,0.E0,-1.E0));
#2117=VECTOR('',#2116,8.108006577348E0);
#2118=CARTESIAN_POINT('',(-2.998999993446E1,1.639034182890E1,2.536357655829E1));
#2119=LINE('',#2118,#2117);
#2120=DIRECTION('',(5.651202589036E-10,-4.201325890495E-10,1.E0));
#2121=VECTOR('',#2120,8.108006584801E0);
#2122=CARTESIAN_POINT('',(-3.348999993446E1,1.289034182825E1,1.725556998094E1));
#2123=LINE('',#2122,#2121);
#2124=CARTESIAN_POINT('',(-3.248999993446E1,1.289034182890E1,1.725556998094E1));
#2125=DIRECTION('',(0.E0,1.E0,0.E0));
#2126=DIRECTION('',(0.E0,0.E0,-1.E0));
#2127=AXIS2_PLACEMENT_3D('',#2124,#2125,#2126);
#2129=CARTESIAN_POINT('',(-2.998999993446E1,1.539034182890E1,1.725556998094E1));
#2130=DIRECTION('',(1.E0,0.E0,0.E0));
#2131=DIRECTION('',(0.E0,3.552713678801E-14,-1.E0));
#2132=AXIS2_PLACEMENT_3D('',#2129,#2130,#2131);
#2134=CARTESIAN_POINT('',(-2.776979516550E1,1.539034182890E1,1.725556998094E1));
#2135=DIRECTION('',(1.E0,0.E0,-5.115402237657E-8));
#2136=DIRECTION('',(-5.115402146316E-8,0.E0,-1.E0));
#2137=AXIS2_PLACEMENT_3D('',#2134,#2135,#2136);
#2139=CARTESIAN_POINT('',(-2.776979583180E1,1.539034182890E1,1.625556998094E1));
#2140=CARTESIAN_POINT('',(-2.770677163425E1,1.540264989266E1,1.625556998026E1));
#2141=CARTESIAN_POINT('',(-2.758220638746E1,1.542503992990E1,1.625504622278E1));
#2142=CARTESIAN_POINT('',(-2.746004230560E1,1.544287571896E1,1.625410433761E1));
#2143=CARTESIAN_POINT('',(-2.739942866628E1,1.545064912390E1,1.625362837883E1));
#2145=CARTESIAN_POINT('',(-2.928999993446E1,1.309034182890E1,1.525556998094E1));
#2146=DIRECTION('',(0.E0,1.E0,0.E0));
#2147=DIRECTION('',(0.E0,0.E0,1.E0));
#2148=AXIS2_PLACEMENT_3D('',#2145,#2146,#2147);
#2150=CARTESIAN_POINT('',(-2.889606036849E1,1.213453993889E1,1.585025121917E1));
#2151=CARTESIAN_POINT('',(-2.891596029445E1,1.217934422570E1,1.591027116694E1));
#2152=CARTESIAN_POINT('',(-2.896318505307E1,1.228315777429E1,1.602161896665E1));
#2153=CARTESIAN_POINT('',(-2.905522462470E1,1.247759470682E1,1.615310748293E1));
#2154=CARTESIAN_POINT('',(-2.916670422624E1,1.269942604989E1,1.623673821067E1));
#2155=CARTESIAN_POINT('',(-2.924768158511E1,1.285410705032E1,1.625551574453E1));
#2156=CARTESIAN_POINT('',(-2.928999993446E1,1.293130008199E1,1.625556998094E1));
#2158=CARTESIAN_POINT('',(-2.928999993446E1,1.293130008199E1,1.625556998094E1));
#2159=CARTESIAN_POINT('',(-2.921062410657E1,1.289325721652E1,1.625551575219E1));
#2160=CARTESIAN_POINT('',(-2.905258683913E1,1.281828935106E1,1.623673725177E1));
#2161=CARTESIAN_POINT('',(-2.882825904363E1,1.270833939071E1,1.615311460875E1));
#2162=CARTESIAN_POINT('',(-2.863357437743E1,1.261146652474E1,1.602163960469E1));
#2163=CARTESIAN_POINT('',(-2.853041275149E1,1.255913618329E1,1.591023967032E1));
#2164=CARTESIAN_POINT('',(-2.848603835676E1,1.253644029527E1,1.585025122462E1));
#2166=CARTESIAN_POINT('',(-3.348999993446E1,7.439441198305E0,1.525556998094E1));
#2167=CARTESIAN_POINT('',(-3.349000265054E1,7.642785109814E0,1.531530499257E1));
#2168=CARTESIAN_POINT('',(-3.347318503164E1,8.030646268516E0,1.542938103162E1));
#2169=CARTESIAN_POINT('',(-3.341112195209E1,8.557832356368E0,1.558364920019E1));
#2170=CARTESIAN_POINT('',(-3.332589729430E1,9.027096356739E0,1.571940252207E1));
#2171=CARTESIAN_POINT('',(-3.322871666158E1,9.442693447133E0,1.583688295161E1));
#2172=CARTESIAN_POINT('',(-3.312698324317E1,9.812532663876E0,1.593746637199E1));
#2173=CARTESIAN_POINT('',(-3.302478171250E1,1.014589711118E1,1.602291261150E1));
#2174=CARTESIAN_POINT('',(-3.292618543232E1,1.044521266784E1,1.609330926586E1));
#2175=CARTESIAN_POINT('',(-3.283421787225E1,1.071222417472E1,1.614908794920E1));
#2176=CARTESIAN_POINT('',(-3.274999663123E1,1.095070436386E1,1.619153316962E1));
#2177=CARTESIAN_POINT('',(-3.267391165398E1,1.116378539453E1,1.622206373506E1));
#2178=CARTESIAN_POINT('',(-3.260521434305E1,1.135596517870E1,1.624223714089E1));
#2179=CARTESIAN_POINT('',(-3.254472196513E1,1.152617400965E1,1.625324184265E1));
#2180=CARTESIAN_POINT('',(-3.250753744731E1,1.163188508602E1,1.625556992935E1));
#2181=CARTESIAN_POINT('',(-3.248999993446E1,1.168208189334E1,1.625556998094E1));
#2183=CARTESIAN_POINT('',(-3.248999993446E1,1.168208188542E1,1.725556998094E1));
#2184=DIRECTION('',(0.E0,1.E0,0.E0));
#2185=DIRECTION('',(0.E0,0.E0,-1.E0));
#2186=AXIS2_PLACEMENT_3D('',#2183,#2184,#2185);
#2188=DIRECTION('',(-2.944957339761E-11,5.892207739125E-13,-1.E0));
#2189=VECTOR('',#2188,1.8592E1);
#2190=CARTESIAN_POINT('',(-2.889998192129E1,1.193854074792E1,1.525556998094E1));
#2191=LINE('',#2190,#2189);
#2192=CARTESIAN_POINT('',(-2.898999993446E1,7.439441198305E0,1.525556998094E1));
#2193=DIRECTION('',(0.E0,0.E0,-1.E0));
#2194=DIRECTION('',(-1.E0,0.E0,0.E0));
#2195=AXIS2_PLACEMENT_3D('',#2192,#2193,#2194);
#2197=DIRECTION('',(0.E0,1.420263791829E-13,1.E0));
#2198=VECTOR('',#2197,1.8592E1);
#2199=CARTESIAN_POINT('',(-3.348999993446E1,7.439441198302E0,
-3.336430019063E0));
#2200=LINE('',#2199,#2198);
#2201=CARTESIAN_POINT('',(-2.898999993446E1,7.439441198305E0,
-3.336430019063E0));
#2202=DIRECTION('',(0.E0,0.E0,1.E0));
#2203=DIRECTION('',(2.000400280266E-2,9.997998999159E-1,0.E0));
#2204=AXIS2_PLACEMENT_3D('',#2201,#2202,#2203);
#2206=DIRECTION('',(-9.997998999159E-1,2.000400280254E-2,-2.264855034253E-13));
#2207=VECTOR('',#2206,9.999999717341E-2);
#2208=CARTESIAN_POINT('',(-2.880000193468E1,1.193654034770E1,
-3.336430019062E0));
#2209=LINE('',#2208,#2207);
#2210=DIRECTION('',(9.998103828034E-1,-1.947301816354E-2,-1.460189866666E-6));
#2211=VECTOR('',#2210,1.000000100453E-1);
#2212=CARTESIAN_POINT('',(-2.889998192129E1,1.193854074792E1,1.525556998094E1));
#2213=LINE('',#2212,#2211);
#2214=CARTESIAN_POINT('',(-2.880600313670E1,1.163660037775E1,
-3.336430019063E0));
#2215=DIRECTION('',(-9.997998999159E-1,2.000400280266E-2,-7.503750175640E-14));
#2216=DIRECTION('',(2.000400280265E-2,9.997998999159E-1,0.E0));
#2217=AXIS2_PLACEMENT_3D('',#2214,#2215,#2216);
#2219=CARTESIAN_POINT('',(-2.890598312268E1,1.163860077795E1,
-3.336430019063E0));
#2220=DIRECTION('',(-9.997998999159E-1,2.000400280275E-2,0.E0));
#2221=DIRECTION('',(2.000400280275E-2,9.997998999159E-1,-2.072416312634E-14));
#2222=AXIS2_PLACEMENT_3D('',#2219,#2220,#2221);
#2224=CARTESIAN_POINT('',(-2.798999993446E1,1.243644029768E1,
-3.336430019062E0));
#2225=DIRECTION('',(0.E0,-1.E0,0.E0));
#2226=DIRECTION('',(-1.E0,0.E0,0.E0));
#2227=AXIS2_PLACEMENT_3D('',#2224,#2225,#2226);
#2229=DIRECTION('',(5.710551506630E-8,2.855970374770E-6,9.999999999959E-1));
#2230=VECTOR('',#2229,1.859199985406E1);
#2231=CARTESIAN_POINT('',(-2.880000193468E1,1.193654034770E1,
-3.336430019062E0));
#2232=LINE('',#2231,#2230);
#2233=CARTESIAN_POINT('',(-2.878999993446E1,1.243644029768E1,
-3.336430019062E0));
#2234=DIRECTION('',(0.E0,0.E0,-1.E0));
#2235=DIRECTION('',(1.E0,0.E0,0.E0));
#2236=AXIS2_PLACEMENT_3D('',#2233,#2234,#2235);
#2238=DIRECTION('',(6.654815805647E-7,-9.945410342944E-11,-9.999999999998E-1));
#2239=VECTOR('',#2238,1.859199999375E1);
#2240=CARTESIAN_POINT('',(-2.829001230709E1,1.243644029831E1,1.525556997469E1));
#2241=LINE('',#2240,#2239);
#2242=CARTESIAN_POINT('',(-2.829001230709E1,1.243644029831E1,1.525556997469E1));
#2243=CARTESIAN_POINT('',(-2.829001405566E1,1.238346977972E1,1.525755205253E1));
#2244=CARTESIAN_POINT('',(-2.830699504135E1,1.227740036553E1,1.525463500497E1));
#2245=CARTESIAN_POINT('',(-2.838098068641E1,1.213431242566E1,1.525587129248E1));
#2246=CARTESIAN_POINT('',(-2.849603812070E1,1.202151588178E1,1.525530174680E1));
#2247=CARTESIAN_POINT('',(-2.864059499942E1,1.195034782430E1,1.525634192166E1));
#2248=CARTESIAN_POINT('',(-2.874700368316E1,1.193553307779E1,1.525394612044E1));
#2249=CARTESIAN_POINT('',(-2.880000087297E1,1.193659344590E1,1.525556983492E1));
#2251=DIRECTION('',(1.892124877865E-5,9.999999998210E-1,9.557733659648E-9));
#2252=VECTOR('',#2251,6.539015300856E-1);
#2253=CARTESIAN_POINT('',(-2.829001230709E1,1.243644029831E1,1.525556997469E1));
#2254=LINE('',#2253,#2252);
#2255=DIRECTION('',(0.E0,-1.E0,-3.599430035576E-14));
#2256=VECTOR('',#2255,6.539015313375E-1);
#2257=CARTESIAN_POINT('',(-2.828999993446E1,1.309034182780E1,
-3.336430019062E0));
#2258=LINE('',#2257,#2256);
#2259=DIRECTION('',(8.955216271071E-11,0.E0,-1.E0));
#2260=VECTOR('',#2259,1.27E1);
#2261=CARTESIAN_POINT('',(-2.678999993446E1,1.459034182890E1,9.363569980937E0));
#2262=LINE('',#2261,#2260);
#2263=CARTESIAN_POINT('',(-2.678999993446E1,1.309034182890E1,9.363569980937E0));
#2264=DIRECTION('',(0.E0,0.E0,-1.E0));
#2265=DIRECTION('',(-2.5E-1,9.682458365519E-1,0.E0));
#2266=AXIS2_PLACEMENT_3D('',#2263,#2264,#2265);
#2268=DIRECTION('',(2.087490623898E-12,5.378514259148E-13,-1.E0));
#2269=VECTOR('',#2268,5.892E0);
#2270=CARTESIAN_POINT('',(-2.716499993447E1,1.454271058372E1,1.525556998094E1));
#2271=LINE('',#2270,#2269);
#2272=CARTESIAN_POINT('',(-2.678999993446E1,1.309034182890E1,1.525556998094E1));
#2273=DIRECTION('',(0.E0,0.E0,-1.E0));
#2274=DIRECTION('',(-1.E0,0.E0,0.E0));
#2275=AXIS2_PLACEMENT_3D('',#2272,#2273,#2274);
#2277=DIRECTION('',(0.E0,2.582243082585E-11,1.E0));
#2278=VECTOR('',#2277,1.8592E1);
#2279=CARTESIAN_POINT('',(-2.828999993446E1,1.309034182780E1,
-3.336430019062E0));
#2280=LINE('',#2279,#2278);
#2281=CARTESIAN_POINT('',(-2.678999993446E1,1.309034182890E1,
-3.336430019062E0));
#2282=DIRECTION('',(0.E0,0.E0,1.E0));
#2283=DIRECTION('',(0.E0,1.E0,0.E0));
#2284=AXIS2_PLACEMENT_3D('',#2281,#2282,#2283);
#2286=DIRECTION('',(-1.E0,0.E0,-7.549516581698E-14));
#2287=VECTOR('',#2286,5.999999988677E-1);
#2288=CARTESIAN_POINT('',(-2.618999993445E1,1.459034182890E1,
-3.336430019062E0));
#2289=LINE('',#2288,#2287);
#2290=DIRECTION('',(0.E0,1.249044612271E-13,-1.E0));
#2291=VECTOR('',#2290,1.27E1);
#2292=CARTESIAN_POINT('',(-2.588999993446E1,1.429034182890E1,9.363569980937E0));
#2293=LINE('',#2292,#2291);
#2294=DIRECTION('',(-3.916377283717E-13,0.E0,1.E0));
#2295=VECTOR('',#2294,1.27E1);
#2296=CARTESIAN_POINT('',(-2.618999993445E1,1.459034182890E1,
-3.336430019062E0));
#2297=LINE('',#2296,#2295);
#2298=CARTESIAN_POINT('',(-2.618999993446E1,1.429034182890E1,
-3.336430019062E0));
#2299=DIRECTION('',(0.E0,0.E0,1.E0));
#2300=DIRECTION('',(1.E0,-1.776356839400E-14,0.E0));
#2301=AXIS2_PLACEMENT_3D('',#2298,#2299,#2300);
#2303=DIRECTION('',(0.E0,-1.E0,0.E0));
#2304=VECTOR('',#2303,9.000000000001E-1);
#2305=CARTESIAN_POINT('',(-2.588999993446E1,1.429034182890E1,9.363569980937E0));
#2306=LINE('',#2305,#2304);
#2307=DIRECTION('',(0.E0,1.E0,0.E0));
#2308=VECTOR('',#2307,9.000000000023E-1);
#2309=CARTESIAN_POINT('',(-2.588999993446E1,1.339034182890E1,
-3.336430019062E0));
#2310=LINE('',#2309,#2308);
#2311=DIRECTION('',(0.E0,4.447885629364E-14,1.E0));
#2312=VECTOR('',#2311,1.27E1);
#2313=CARTESIAN_POINT('',(-2.588999993446E1,1.339034182890E1,
-3.336430019062E0));
#2314=LINE('',#2313,#2312);
#2315=CARTESIAN_POINT('',(-2.618999993446E1,1.339034182890E1,
-3.336430019062E0));
#2316=DIRECTION('',(0.E0,0.E0,1.E0));
#2317=DIRECTION('',(0.E0,-1.E0,0.E0));
#2318=AXIS2_PLACEMENT_3D('',#2315,#2316,#2317);
#2320=DIRECTION('',(1.717611180145E-13,0.E0,-1.E0));
#2321=VECTOR('',#2320,1.27E1);
#2322=CARTESIAN_POINT('',(-2.618999993446E1,1.309034182890E1,9.363569980937E0));
#2323=LINE('',#2322,#2321);
#2324=CARTESIAN_POINT('',(-2.618999993446E1,1.339034182890E1,
-3.336430019062E0));
#2325=DIRECTION('',(1.E0,0.E0,7.570460468561E-14));
#2326=DIRECTION('',(0.E0,-1.E0,0.E0));
#2327=AXIS2_PLACEMENT_3D('',#2324,#2325,#2326);
#2329=CARTESIAN_POINT('',(-2.618999993446E1,1.339034182890E1,
-3.336430019062E0));
#2330=DIRECTION('',(0.E0,1.E0,0.E0));
#2331=DIRECTION('',(1.E0,0.E0,0.E0));
#2332=AXIS2_PLACEMENT_3D('',#2329,#2330,#2331);
#2334=CARTESIAN_POINT('',(-2.618999993446E1,1.429034182890E1,
-3.336430019062E0));
#2335=DIRECTION('',(0.E0,1.E0,0.E0));
#2336=DIRECTION('',(1.E0,0.E0,0.E0));
#2337=AXIS2_PLACEMENT_3D('',#2334,#2335,#2336);
#2339=CARTESIAN_POINT('',(-2.618999993446E1,1.429034182890E1,
-3.336430019062E0));
#2340=DIRECTION('',(-1.E0,0.E0,-7.587058446202E-14));
#2341=DIRECTION('',(0.E0,1.E0,0.E0));
#2342=AXIS2_PLACEMENT_3D('',#2339,#2340,#2341);
#2344=CARTESIAN_POINT('',(-2.678999993446E1,1.429034182890E1,
-3.336430019062E0));
#2345=DIRECTION('',(-1.E0,9.095502129242E-14,0.E0));
#2346=DIRECTION('',(9.473903143468E-14,1.E0,-2.072416312634E-14));
#2347=AXIS2_PLACEMENT_3D('',#2344,#2345,#2346);
#2349=CARTESIAN_POINT('',(-2.798999993446E1,1.309034182890E1,
-3.336430019062E0));
#2350=DIRECTION('',(0.E0,-1.E0,0.E0));
#2351=DIRECTION('',(-1.E0,0.E0,0.E0));
#2352=AXIS2_PLACEMENT_3D('',#2349,#2350,#2351);
#2354=DIRECTION('',(1.E0,-8.289665250507E-14,9.473903143436E-14));
#2355=VECTOR('',#2354,6.000000000020E-1);
#2356=CARTESIAN_POINT('',(-2.678999993446E1,1.309034182890E1,
-3.336430019062E0));
#2357=LINE('',#2356,#2355);
#2358=DIRECTION('',(0.E0,1.E0,2.470710083452E-14));
#2359=VECTOR('',#2358,1.150345790093E0);
#2360=CARTESIAN_POINT('',(-2.678999993446E1,1.193999603881E1,
-3.336430019062E0));
#2361=LINE('',#2360,#2359);
#2362=DIRECTION('',(0.E0,-1.E0,0.E0));
#2363=VECTOR('',#2362,2.312240794763E0);
#2364=CARTESIAN_POINT('',(-2.678999993446E1,1.425223683276E1,1.525556998094E1));
#2365=LINE('',#2364,#2363);
#2366=DIRECTION('',(0.E0,-1.172781416373E-13,-1.E0));
#2367=VECTOR('',#2366,5.892E0);
#2368=CARTESIAN_POINT('',(-2.678999993446E1,1.425223683276E1,1.525556998094E1));
#2369=LINE('',#2368,#2367);
#2370=DIRECTION('',(0.E0,0.E0,1.E0));
#2371=VECTOR('',#2370,1.27E1);
#2372=CARTESIAN_POINT('',(-2.678999993446E1,1.309034182890E1,
-3.336430019062E0));
#2373=LINE('',#2372,#2371);
#2374=DIRECTION('',(1.E0,0.E0,0.E0));
#2375=VECTOR('',#2374,1.676E1);
#2376=CARTESIAN_POINT('',(-2.678999993446E1,1.193999603800E1,1.525556998094E1));
#2377=LINE('',#2376,#2375);
#2378=DIRECTION('',(0.E0,0.E0,1.E0));
#2379=VECTOR('',#2378,5.E0);
#2380=CARTESIAN_POINT('',(-2.678999993446E1,1.193999603800E1,1.025556998094E1));
#2381=LINE('',#2380,#2379);
#2382=CARTESIAN_POINT('',(-1.102999993446E1,1.293999603800E1,1.625556998094E1));
#2383=CARTESIAN_POINT('',(-1.093993120868E1,1.284992731222E1,1.625556998094E1));
#2384=CARTESIAN_POINT('',(-1.076854315107E1,1.267853925462E1,1.623139500670E1));
#2385=CARTESIAN_POINT('',(-1.054540482510E1,1.245540092865E1,1.614056154678E1));
#2386=CARTESIAN_POINT('',(-1.035978283870E1,1.226977894225E1,1.600881923257E1));
#2387=CARTESIAN_POINT('',(-1.021190620093E1,1.212190230447E1,1.584436999598E1));
#2388=CARTESIAN_POINT('',(-1.010539416785E1,1.201539027139E1,1.565573658E1));
#2389=CARTESIAN_POINT('',(-1.004327699441E1,1.195327309796E1,1.545657472908E1));
#2390=CARTESIAN_POINT('',(-1.002999993446E1,1.193999603800E1,1.532186636787E1));
#2391=CARTESIAN_POINT('',(-1.002999993446E1,1.193999603800E1,1.525556998094E1));
#2393=CARTESIAN_POINT('',(-2.678999993446E1,1.193999603800E1,1.525556998094E1));
#2394=CARTESIAN_POINT('',(-2.678999993446E1,1.193999603800E1,1.532186636787E1));
#2395=CARTESIAN_POINT('',(-2.677672287450E1,1.195327309796E1,1.545657472908E1));
#2396=CARTESIAN_POINT('',(-2.671460570106E1,1.201539027139E1,1.565573658E1));
#2397=CARTESIAN_POINT('',(-2.660809366798E1,1.212190230447E1,1.584436999598E1));
#2398=CARTESIAN_POINT('',(-2.646021703021E1,1.226977894225E1,1.600881923257E1));
#2399=CARTESIAN_POINT('',(-2.627459504381E1,1.245540092865E1,1.614056154678E1));
#2400=CARTESIAN_POINT('',(-2.605145671784E1,1.267853925462E1,1.623139500670E1));
#2401=CARTESIAN_POINT('',(-2.588006866023E1,1.284992731222E1,1.625556998094E1));
#2402=CARTESIAN_POINT('',(-2.578999993446E1,1.293999603800E1,1.625556998094E1));
#2404=CARTESIAN_POINT('',(-2.578999993446E1,1.425223683276E1,1.525556998094E1));
#2405=DIRECTION('',(0.E0,-1.E0,0.E0));
#2406=DIRECTION('',(0.E0,0.E0,1.E0));
#2407=AXIS2_PLACEMENT_3D('',#2404,#2405,#2406);
#2409=CARTESIAN_POINT('',(-2.739942866628E1,1.545064912390E1,1.625362837883E1));
#2410=CARTESIAN_POINT('',(-2.723244812043E1,1.547260819735E1,1.625235016996E1));
#2411=CARTESIAN_POINT('',(-2.691607327683E1,1.548013665232E1,1.625148745356E1));
#2412=CARTESIAN_POINT('',(-2.661487120572E1,1.542699041121E1,1.625557042763E1));
#2413=CARTESIAN_POINT('',(-2.646173491256E1,1.539034182890E1,1.625556998094E1));
#2415=CARTESIAN_POINT('',(-2.741499993446E1,1.551095642028E1,1.525556998094E1));
#2416=DIRECTION('',(-9.682458365519E-1,-2.5E-1,0.E0));
#2417=DIRECTION('',(2.5E-1,-9.682458365519E-1,0.E0));
#2418=AXIS2_PLACEMENT_3D('',#2415,#2416,#2417);
#2420=CARTESIAN_POINT('',(-2.708999993446E1,1.425223683276E1,1.525556998094E1));
#2421=DIRECTION('',(0.E0,0.E0,1.E0));
#2422=DIRECTION('',(1.E0,0.E0,0.E0));
#2423=AXIS2_PLACEMENT_3D('',#2420,#2421,#2422);
#2425=CARTESIAN_POINT('',(-2.738377228215E1,1.539034182890E1,1.725168544893E1));
#2426=DIRECTION('',(9.998783420950E-1,0.E0,-1.559810916108E-2));
#2427=DIRECTION('',(-1.556971839711E-2,6.030729516561E-2,-9.980584221471E-1));
#2428=AXIS2_PLACEMENT_3D('',#2425,#2426,#2427);
#2430=CARTESIAN_POINT('',(-2.646173484887E1,1.539034182890E1,1.725556998094E1));
#2431=DIRECTION('',(1.E0,0.E0,0.E0));
#2432=DIRECTION('',(0.E0,0.E0,-1.E0));
#2433=AXIS2_PLACEMENT_3D('',#2430,#2431,#2432);
#2435=CARTESIAN_POINT('',(-2.708999993446E1,1.425223683276E1,9.363569980937E0));
#2436=DIRECTION('',(0.E0,0.E0,-1.E0));
#2437=DIRECTION('',(-2.5E-1,9.682458365519E-1,0.E0));
#2438=AXIS2_PLACEMENT_3D('',#2435,#2436,#2437);
#2440=DIRECTION('',(0.E0,-1.E0,0.E0));
#2441=VECTOR('',#2440,1.161895003862E0);
#2442=CARTESIAN_POINT('',(-2.678999993446E1,1.425223683276E1,9.363569980937E0));
#2443=LINE('',#2442,#2441);
#2444=DIRECTION('',(-1.E0,0.E0,0.E0));
#2445=VECTOR('',#2444,6.000000000001E-1);
#2446=CARTESIAN_POINT('',(-2.618999993446E1,1.459034182890E1,9.363569980937E0));
#2447=LINE('',#2446,#2445);
#2448=CARTESIAN_POINT('',(-2.618999993446E1,1.429034182890E1,9.363569980937E0));
#2449=DIRECTION('',(0.E0,0.E0,1.E0));
#2450=DIRECTION('',(1.E0,8.171241461241E-13,0.E0));
#2451=AXIS2_PLACEMENT_3D('',#2448,#2449,#2450);
#2453=CARTESIAN_POINT('',(-2.618999993446E1,1.339034182890E1,9.363569980937E0));
#2454=DIRECTION('',(0.E0,0.E0,1.E0));
#2455=DIRECTION('',(-1.598721155460E-12,-1.E0,0.E0));
#2456=AXIS2_PLACEMENT_3D('',#2453,#2454,#2455);
#2458=DIRECTION('',(1.E0,0.E0,0.E0));
#2459=VECTOR('',#2458,5.999999999998E-1);
#2460=CARTESIAN_POINT('',(-2.678999993446E1,1.309034182890E1,9.363569980937E0));
#2461=LINE('',#2460,#2459);
#2462=CARTESIAN_POINT('',(-2.880000087297E1,1.193659344590E1,1.525556983492E1));
#2463=CARTESIAN_POINT('',(-2.879998238958E1,1.193666469008E1,1.532463040790E1));
#2464=CARTESIAN_POINT('',(-2.880703204982E1,1.195105684229E1,1.546387196622E1));
#2465=CARTESIAN_POINT('',(-2.883911633225E1,1.201696296181E1,1.566568852788E1));
#2466=CARTESIAN_POINT('',(-2.887471620530E1,1.209064624703E1,1.579148943509E1));
#2467=CARTESIAN_POINT('',(-2.889606036849E1,1.213453993889E1,1.585025121917E1));
#2469=CARTESIAN_POINT('',(-2.848603835676E1,1.253644029527E1,1.585025122462E1));
#2470=CARTESIAN_POINT('',(-2.844254998005E1,1.251435281100E1,1.579145812779E1));
#2471=CARTESIAN_POINT('',(-2.836963382858E1,1.247699288305E1,1.566572244192E1));
#2472=CARTESIAN_POINT('',(-2.830441192885E1,1.244380641608E1,1.546386232639E1));
#2473=CARTESIAN_POINT('',(-2.829002660789E1,1.243644756971E1,1.532462836139E1));
#2474=CARTESIAN_POINT('',(-2.829001230709E1,1.243644029831E1,1.525556997469E1));
#2476=CARTESIAN_POINT('',(-2.888801915386E1,1.253644030384E1,1.555291061394E1));
#2477=DIRECTION('',(5.084262791070E-1,-5.187006318735E-1,-6.873517099764E-1));
#2478=DIRECTION('',(8.039615650302E-1,1.069445332291E-8,5.946812608063E-1));
#2479=AXIS2_PLACEMENT_3D('',#2476,#2477,#2478);
#2481=CARTESIAN_POINT('',(-2.887997791904E1,1.293834064784E1,1.525556998094E1));
#2482=DIRECTION('',(9.997998999159E-1,-2.000400280266E-2,0.E0));
#2483=DIRECTION('',(-1.608244974329E-2,-8.038007094065E-1,5.946812376121E-1));
#2484=AXIS2_PLACEMENT_3D('',#2481,#2482,#2483);
#2486=CARTESIAN_POINT('',(-2.998999993446E1,1.289034182890E1,2.536357655829E1));
#2487=DIRECTION('',(0.E0,0.E0,1.E0));
#2488=DIRECTION('',(4.364762519669E-14,1.E0,0.E0));
#2489=AXIS2_PLACEMENT_3D('',#2486,#2487,#2488);
#2491=DIRECTION('',(-5.620425197836E-1,3.385945948840E-1,-7.546269981061E-1));
#2492=VECTOR('',#2491,1.295239228251E1);
#2493=CARTESIAN_POINT('',(-2.271020473877E1,1.200473181123E1,3.513780146473E1));
#2494=LINE('',#2493,#2492);
#2495=CARTESIAN_POINT('',(-1.840999993446E1,2.590341828906E0,3.513780147135E1));
#2496=DIRECTION('',(0.E0,0.E0,-1.E0));
#2497=DIRECTION('',(-8.764196053902E-1,4.815482066084E-1,0.E0));
#2498=AXIS2_PLACEMENT_3D('',#2495,#2496,#2497);
#2500=DIRECTION('',(-5.750087247576E-1,-8.181472767495E-1,-1.038897856726E-8));
#2501=VECTOR('',#2500,1.481442256179E0);
#2502=CARTESIAN_POINT('',(-3.348999993446E1,5.957206109450E0,2.436357040467E1));
#2503=LINE('',#2502,#2501);
#2504=DIRECTION('',(1.E0,1.053813646062E-7,-2.258545352472E-8));
#2505=VECTOR('',#2504,1.497743831082E0);
#2506=CARTESIAN_POINT('',(-3.498774342286E1,2.590341572527E0,2.436357032481E1));
#2507=LINE('',#2506,#2505);
#2508=CARTESIAN_POINT('',(-3.475591404100E1,5.025560856009E0,2.386357041895E1));
#2509=CARTESIAN_POINT('',(-3.475591403878E1,5.025560853786E0,2.391560907831E1));
#2510=CARTESIAN_POINT('',(-3.474236637091E1,5.016376615956E0,2.402000194893E1));
#2511=CARTESIAN_POINT('',(-3.468248038825E1,4.975786869955E0,2.416242380062E1));
#2512=CARTESIAN_POINT('',(-3.458859941520E1,4.912181281713E0,2.427549146672E1));
#2513=CARTESIAN_POINT('',(-3.447104262334E1,4.832580537515E0,2.434728659660E1));
#2514=CARTESIAN_POINT('',(-3.438482027284E1,4.774238099585E0,2.436357039236E1));
#2515=CARTESIAN_POINT('',(-3.434184215698E1,4.745168161895E0,2.436357038928E1));
#2517=CARTESIAN_POINT('',(-3.348999993446E1,6.826758184463E0,2.386357044183E1));
#2518=CARTESIAN_POINT('',(-3.348999993446E1,6.826758178556E0,2.392063510946E1));
#2519=CARTESIAN_POINT('',(-3.348999993446E1,6.798119882876E0,2.400612615668E1));
#2520=CARTESIAN_POINT('',(-3.348999993446E1,6.701293645823E0,2.413755859964E1));
#2521=CARTESIAN_POINT('',(-3.348999993446E1,6.461349075604E0,2.429706670913E1));
#2522=CARTESIAN_POINT('',(-3.348999993446E1,6.185464779992E0,2.436357041443E1));
#2523=CARTESIAN_POINT('',(-3.348999993446E1,5.957206109450E0,2.436357040467E1));
#2525=CARTESIAN_POINT('',(-3.099503676462E1,2.567759130256E0,2.436357015324E1));
#2526=DIRECTION('',(4.272870039660E-8,-4.272868005234E-8,1.E0));
#2527=DIRECTION('',(-8.382163151114E-1,5.453378852427E-1,5.911746218865E-8));
#2528=AXIS2_PLACEMENT_3D('',#2525,#2526,#2527);
#2530=CARTESIAN_POINT('',(-3.099503678598E1,2.567759151621E0,2.386357015324E1));
#2531=DIRECTION('',(-4.272870039660E-8,4.272868005234E-8,-1.E0));
#2532=DIRECTION('',(-9.999873675935E-1,5.026395666208E-3,4.294293184370E-8));
#2533=AXIS2_PLACEMENT_3D('',#2530,#2531,#2532);
#2535=DIRECTION('',(4.272869915667E-8,-4.272868006083E-8,1.E0));
#2536=VECTOR('',#2535,5.E0);
#2537=CARTESIAN_POINT('',(-3.548775076513E1,2.590341807535E0,1.886357034617E1));
#2538=LINE('',#2537,#2536);
#2539=DIRECTION('',(-4.272870910427E-8,4.272866611643E-8,-1.E0));
#2540=VECTOR('',#2539,5.E0);
#2541=CARTESIAN_POINT('',(-3.475591404100E1,5.025560856009E0,2.386357041895E1));
#2542=LINE('',#2541,#2540);
#2543=CARTESIAN_POINT('',(-3.099503702099E1,2.567759386628E0,1.836357015324E1));
#2544=DIRECTION('',(-4.272870039660E-8,4.272868005234E-8,-1.E0));
#2545=DIRECTION('',(-9.999840056500E-1,5.655832750186E-3,4.296968360711E-8));
#2546=AXIS2_PLACEMENT_3D('',#2543,#2544,#2545);
#2548=CARTESIAN_POINT('',(-3.475591425465E1,5.025561069653E0,1.886357041895E1));
#2549=CARTESIAN_POINT('',(-3.475591425687E1,5.025561071876E0,1.881153175960E1));
#2550=CARTESIAN_POINT('',(-3.474236659792E1,5.016376842967E0,1.870713888704E1));
#2551=CARTESIAN_POINT('',(-3.468248062743E1,4.975787109137E0,1.856471702676E1));
#2552=CARTESIAN_POINT('',(-3.458859966405E1,4.912181530558E0,1.845164934721E1));
#2553=CARTESIAN_POINT('',(-3.447104287832E1,4.832580792496E0,1.837985420047E1));
#2554=CARTESIAN_POINT('',(-3.438482052922E1,4.774238355957E0,1.836357039236E1));
#2555=CARTESIAN_POINT('',(-3.434184241336E1,4.745168418267E0,1.836357038928E1));
#2557=CARTESIAN_POINT('',(-3.099503699963E1,2.567759365264E0,1.886357015324E1));
#2558=DIRECTION('',(4.272870039660E-8,-4.272868005234E-8,1.E0));
#2559=DIRECTION('',(-8.370953375594E-1,5.470570316122E-1,5.914302109289E-8));
#2560=AXIS2_PLACEMENT_3D('',#2557,#2558,#2559);
#2562=DIRECTION('',(1.335082100874E-7,-1.E0,-3.376799758308E-8));
#2563=VECTOR('',#2562,3.366864637044E0);
#2564=CARTESIAN_POINT('',(-3.348999993446E1,5.957206730599E0,1.836357040467E1));
#2565=LINE('',#2564,#2563);
#2566=DIRECTION('',(5.750087247576E-1,8.181472767495E-1,1.038898023686E-8));
#2567=VECTOR('',#2566,1.481442702037E0);
#2568=CARTESIAN_POINT('',(-3.434184241336E1,4.745168418267E0,1.836357038928E1));
#2569=LINE('',#2568,#2567);
#2570=CARTESIAN_POINT('',(-3.348999993446E1,5.957206730599E0,1.836357040467E1));
#2571=CARTESIAN_POINT('',(-3.348999993446E1,6.185465401141E0,1.836357041443E1));
#2572=CARTESIAN_POINT('',(-3.348999993446E1,6.461349682984E0,1.843007414330E1));
#2573=CARTESIAN_POINT('',(-3.348999993446E1,6.701294220177E0,1.858958227329E1));
#2574=CARTESIAN_POINT('',(-3.348999993446E1,6.798120430017E0,1.872101472453E1));
#2575=CARTESIAN_POINT('',(-3.348999993446E1,6.826758707995E0,1.880650577419E1));
#2576=CARTESIAN_POINT('',(-3.348999993446E1,6.826758702088E0,1.886357044183E1));
#2578=DIRECTION('',(-5.750087247576E-1,-8.181472767495E-1,-1.038897433340E-8));
#2579=VECTOR('',#2578,2.201556345222E0);
#2580=CARTESIAN_POINT('',(-3.348999993446E1,6.826758184463E0,2.386357044183E1));
#2581=LINE('',#2580,#2579);
#2582=DIRECTION('',(5.750087247576E-1,8.181472767495E-1,1.038897419382E-8));
#2583=VECTOR('',#2582,2.201556716770E0);
#2584=CARTESIAN_POINT('',(-3.475591425465E1,5.025561069653E0,1.886357041895E1));
#2585=LINE('',#2584,#2583);
#2586=DIRECTION('',(-5.750087247576E-1,-8.181472767495E-1,7.838160055751E-8));
#2587=VECTOR('',#2586,1.481443816682E0);
#2588=CARTESIAN_POINT('',(-3.348999993446E1,5.957208240744E0,4.363570060706E0));
#2589=LINE('',#2588,#2587);
#2590=DIRECTION('',(1.E0,-6.656693861265E-8,-1.081588755394E-7));
#2591=VECTOR('',#2590,1.497744254305E0);
#2592=CARTESIAN_POINT('',(-3.498774428846E1,2.590342427101E0,4.363570080554E0));
#2593=LINE('',#2592,#2591);
#2594=CARTESIAN_POINT('',(-3.475591489558E1,5.025561710583E0,3.863570155304E0));
#2595=CARTESIAN_POINT('',(-3.475591489335E1,5.025561708359E0,3.915609164860E0));
#2596=CARTESIAN_POINT('',(-3.474237025545E1,5.016372748125E0,4.020002454245E0));
#2597=CARTESIAN_POINT('',(-3.468248946276E1,4.975774487674E0,4.162424690295E0));
#2598=CARTESIAN_POINT('',(-3.458860472530E1,4.912172519994E0,4.275492694965E0));
#2599=CARTESIAN_POINT('',(-3.447109183649E1,4.832505928004E0,4.347287158640E0));
#2600=CARTESIAN_POINT('',(-3.438482038989E1,4.774238426310E0,4.363570176208E0));
#2601=CARTESIAN_POINT('',(-3.434184305429E1,4.745169016469E0,4.363570176824E0));
#2603=CARTESIAN_POINT('',(-3.348999993446E1,6.826760254962E0,3.863570132819E0));
#2604=CARTESIAN_POINT('',(-3.348999993446E1,6.826760249054E0,3.920634796465E0));
#2605=CARTESIAN_POINT('',(-3.348999993446E1,6.798121956735E0,4.006125839064E0));
#2606=CARTESIAN_POINT('',(-3.348999993446E1,6.701295727754E0,4.137558274135E0));
#2607=CARTESIAN_POINT('',(-3.348999993446E1,6.461351174755E0,4.297066372916E0));
#2608=CARTESIAN_POINT('',(-3.348999993446E1,6.185466895327E0,4.363570070459E0));
#2609=CARTESIAN_POINT('',(-3.348999993446E1,5.957208240744E0,4.363570060706E0));
#2611=CARTESIAN_POINT('',(-3.099503761919E1,2.567759984830E0,4.363570349392E0));
#2612=DIRECTION('',(4.272870039660E-8,-4.272868005234E-8,1.E0));
#2613=DIRECTION('',(-8.382163182940E-1,5.453378803509E-1,5.911746180784E-8));
#2614=AXIS2_PLACEMENT_3D('',#2611,#2612,#2613);
#2616=CARTESIAN_POINT('',(-3.099503764056E1,2.567760006194E0,3.863570349392E0));
#2617=DIRECTION('',(-4.272870039660E-8,4.272868005234E-8,-1.E0));
#2618=DIRECTION('',(-9.999873675935E-1,5.026395666210E-3,4.294293184370E-8));
#2619=AXIS2_PLACEMENT_3D('',#2616,#2617,#2618);
#2621=DIRECTION('',(4.272869915599E-8,-4.272867997134E-8,1.E0));
#2622=VECTOR('',#2621,5.000000000079E0);
#2623=CARTESIAN_POINT('',(-3.548775161970E1,2.590342662109E0,
-1.136429903164E0));
#2624=LINE('',#2623,#2622);
#2625=DIRECTION('',(-4.272870484050E-8,4.272867091209E-8,-1.E0));
#2626=VECTOR('',#2625,5.000000000059E0);
#2627=CARTESIAN_POINT('',(-3.475591489558E1,5.025561710583E0,3.863570155304E0));
#2628=LINE('',#2627,#2626);
#2629=CARTESIAN_POINT('',(-3.099503787557E1,2.567760241202E0,
-1.636429650846E0));
#2630=DIRECTION('',(-4.272870039660E-8,4.272868005234E-8,-1.E0));
#2631=DIRECTION('',(-9.999840056497E-1,5.655832810713E-3,4.296968326703E-8));
#2632=AXIS2_PLACEMENT_3D('',#2629,#2630,#2631);
#2634=CARTESIAN_POINT('',(-3.475591510922E1,5.025561924226E0,
-1.136429844756E0));
#2635=CARTESIAN_POINT('',(-3.475591511145E1,5.025561926450E0,
-1.188468526611E0));
#2636=CARTESIAN_POINT('',(-3.474236772704E1,5.016377280257E0,
-1.292861661341E0));
#2637=CARTESIAN_POINT('',(-3.468248224108E1,4.975786795365E0,
-1.435283449974E0));
#2638=CARTESIAN_POINT('',(-3.458860096777E1,4.912181568549E0,
-1.548351141089E0));
#2639=CARTESIAN_POINT('',(-3.447104816682E1,4.832574922473E0,
-1.620146377009E0));
#2640=CARTESIAN_POINT('',(-3.438482131977E1,4.774239196222E0,
-1.636429823871E0));
#2641=CARTESIAN_POINT('',(-3.434184322520E1,4.745169272841E0,
-1.636429823255E0));
#2643=CARTESIAN_POINT('',(-3.099503785420E1,2.567760219838E0,
-1.136429650846E0));
#2644=DIRECTION('',(4.272870039660E-8,-4.272868005234E-8,1.E0));
#2645=DIRECTION('',(-8.370953375594E-1,5.470570316122E-1,5.914302074693E-8));
#2646=AXIS2_PLACEMENT_3D('',#2643,#2644,#2645);
#2648=DIRECTION('',(-1.E0,-9.509566584246E-9,1.419259200707E-7));
#2649=VECTOR('',#2648,1.497744923640E0);
#2650=CARTESIAN_POINT('',(-3.348999992021E1,2.590342697716E0,
-1.636430081440E0));
#2651=LINE('',#2650,#2649);
#2652=DIRECTION('',(4.230311781641E-9,-1.E0,-4.221916803063E-8));
#2653=VECTOR('',#2652,3.366866042586E0);
#2654=CARTESIAN_POINT('',(-3.348999993446E1,5.957208740302E0,
-1.636429939294E0));
#2655=LINE('',#2654,#2653);
#2656=DIRECTION('',(5.750087247576E-1,8.181472767495E-1,-7.832813848444E-8));
#2657=VECTOR('',#2656,1.481444113920E0);
#2658=CARTESIAN_POINT('',(-3.434184322520E1,4.745169272841E0,
-1.636429823255E0));
#2659=LINE('',#2658,#2657);
#2660=CARTESIAN_POINT('',(-3.348999993446E1,5.957208740302E0,
-1.636429939294E0));
#2661=CARTESIAN_POINT('',(-3.348999993446E1,6.185467426802E0,
-1.636429929541E0));
#2662=CARTESIAN_POINT('',(-3.348999993446E1,6.461351724830E0,
-1.569926192914E0));
#2663=CARTESIAN_POINT('',(-3.348999993446E1,6.701296279243E0,
-1.410418052210E0));
#2664=CARTESIAN_POINT('',(-3.348999993446E1,6.798122497154E0,
-1.278985593090E0));
#2665=CARTESIAN_POINT('',(-3.348999993446E1,6.826760778494E0,
-1.193494538806E0));
#2666=CARTESIAN_POINT('',(-3.348999993446E1,6.826760772586E0,
-1.136429867181E0));
#2668=DIRECTION('',(-5.750087247576E-1,-8.181472767495E-1,1.021281689712E-8));
#2669=VECTOR('',#2668,2.201557831415E0);
#2670=CARTESIAN_POINT('',(-3.348999993446E1,6.826760254962E0,3.863570132819E0));
#2671=LINE('',#2670,#2669);
#2672=DIRECTION('',(5.750087247576E-1,8.181472767495E-1,-1.018584404826E-8));
#2673=VECTOR('',#2672,2.201558202963E0);
#2674=CARTESIAN_POINT('',(-3.475591510922E1,5.025561924226E0,
-1.136429844756E0));
#2675=LINE('',#2674,#2673);
#2676=CARTESIAN_POINT('',(-1.105999993446E1,2.590341828899E0,3.636356998094E1));
#2677=DIRECTION('',(0.E0,0.E0,-1.E0));
#2678=DIRECTION('',(6.309523809524E-1,7.758215600062E-1,0.E0));
#2679=AXIS2_PLACEMENT_3D('',#2676,#2677,#2678);
#2681=CARTESIAN_POINT('',(-1.840999993446E1,2.590341828899E0,3.636356998094E1));
#2682=DIRECTION('',(0.E0,0.E0,1.E0));
#2683=DIRECTION('',(1.E0,0.E0,0.E0));
#2684=AXIS2_PLACEMENT_3D('',#2681,#2682,#2683);
#2686=CARTESIAN_POINT('',(-1.105999993446E1,2.590341828899E0,3.686356998094E1));
#2687=DIRECTION('',(0.E0,0.E0,-1.E0));
#2688=DIRECTION('',(4.965986394558E-1,8.679802942986E-1,0.E0));
#2689=AXIS2_PLACEMENT_3D('',#2686,#2687,#2688);
#2691=DIRECTION('',(0.E0,0.E0,-1.E0));
#2692=VECTOR('',#2691,5.E0);
#2693=CARTESIAN_POINT('',(-6.559999934456E0,2.590341828899E0,4.186356998094E1));
#2694=LINE('',#2693,#2692);
#2695=DIRECTION('',(0.E0,0.E0,1.E0));
#2696=VECTOR('',#2695,5.E0);
#2697=CARTESIAN_POINT('',(-8.825306056905E0,6.496253153243E0,3.686356998094E1));
#2698=LINE('',#2697,#2696);
#2699=CARTESIAN_POINT('',(-8.825306056905E0,6.496253153243E0,4.186356998094E1));
#2700=CARTESIAN_POINT('',(-8.825306056905E0,6.496253153243E0,4.190143983607E1));
#2701=CARTESIAN_POINT('',(-8.820196702482E0,6.483753971657E0,4.197563324104E1));
#2702=CARTESIAN_POINT('',(-8.796249531764E0,6.424484586561E0,4.208703889149E1));
#2703=CARTESIAN_POINT('',(-8.758209181179E0,6.328006698551E0,4.218430817452E1));
#2704=CARTESIAN_POINT('',(-8.711186259821E0,6.204539877680E0,4.226090506871E1));
#2705=CARTESIAN_POINT('',(-8.657592692228E0,6.057687692633E0,4.231814564282E1));
#2706=CARTESIAN_POINT('',(-8.598686559770E0,5.887716885612E0,4.235465712443E1));
#2707=CARTESIAN_POINT('',(-8.557284925949E0,5.760745057168E0,4.236356998094E1));
#2708=CARTESIAN_POINT('',(-8.536190410647E0,5.693628068925E0,4.236356998094E1));
#2710=CARTESIAN_POINT('',(-1.105999993446E1,2.590341828899E0,4.186356998094E1));
#2711=DIRECTION('',(0.E0,0.E0,1.E0));
#2712=DIRECTION('',(1.E0,0.E0,0.E0));
#2713=AXIS2_PLACEMENT_3D('',#2710,#2711,#2712);
#2715=DIRECTION('',(1.E0,0.E0,0.E0));
#2716=VECTOR('',#2715,1.000000000005E0);
#2717=CARTESIAN_POINT('',(-8.059999934461E0,2.590341828899E0,4.236356998094E1));
#2718=LINE('',#2717,#2716);
#2719=CARTESIAN_POINT('',(-1.840999993446E1,2.590341828899E0,4.236356998094E1));
#2720=DIRECTION('',(0.E0,0.E0,-1.E0));
#2721=DIRECTION('',(9.539912583391E-1,2.998344193261E-1,0.E0));
#2722=AXIS2_PLACEMENT_3D('',#2719,#2720,#2721);
#2724=CARTESIAN_POINT('',(-1.105999993446E1,2.590341828899E0,4.236356998094E1));
#2725=DIRECTION('',(0.E0,0.E0,1.E0));
#2726=DIRECTION('',(1.E0,0.E0,0.E0));
#2727=AXIS2_PLACEMENT_3D('',#2724,#2725,#2726);
#2729=CARTESIAN_POINT('',(-1.840999993446E1,2.590341828899E0,4.486356998094E1));
#2730=DIRECTION('',(0.E0,0.E0,1.E0));
#2731=DIRECTION('',(1.E0,0.E0,0.E0));
#2732=AXIS2_PLACEMENT_3D('',#2729,#2730,#2731);
#2734=CARTESIAN_POINT('',(-1.840999993446E1,2.590341828899E0,4.486356998094E1));
#2735=DIRECTION('',(0.E0,0.E0,-1.E0));
#2736=DIRECTION('',(-1.E0,-9.889170705032E-8,0.E0));
#2737=AXIS2_PLACEMENT_3D('',#2734,#2735,#2736);
#2739=CARTESIAN_POINT('',(-1.840999993446E1,2.590341828899E0,4.526356998094E1));
#2740=DIRECTION('',(0.E0,0.E0,1.E0));
#2741=DIRECTION('',(1.E0,0.E0,0.E0));
#2742=AXIS2_PLACEMENT_3D('',#2739,#2740,#2741);
#2744=DIRECTION('',(0.E0,-4.272868979273E-8,1.E0));
#2745=VECTOR('',#2744,7.E-1);
#2746=CARTESIAN_POINT('',(-3.025999993446E1,2.590340679498E0,4.526356998094E1));
#2747=LINE('',#2746,#2745);
#2748=DIRECTION('',(0.E0,0.E0,-1.E0));
#2749=VECTOR('',#2748,7.E-1);
#2750=CARTESIAN_POINT('',(-6.559999934456E0,2.590341828899E0,4.596356998094E1));
#2751=LINE('',#2750,#2749);
#2752=CARTESIAN_POINT('',(-1.840999993446E1,2.590341828899E0,4.636356998094E1));
#2753=DIRECTION('',(0.E0,0.E0,1.E0));
#2754=DIRECTION('',(1.E0,0.E0,0.E0));
#2755=AXIS2_PLACEMENT_3D('',#2752,#2753,#2754);
#2757=CARTESIAN_POINT('',(-1.840999993446E1,2.590341828899E0,4.596356998094E1));
#2758=DIRECTION('',(0.E0,0.E0,-1.E0));
#2759=DIRECTION('',(-1.E0,-9.951996556428E-8,0.E0));
#2760=AXIS2_PLACEMENT_3D('',#2757,#2758,#2759);
#2762=DIRECTION('',(1.E0,0.E0,0.E0));
#2763=VECTOR('',#2762,2.2E0);
#2764=CARTESIAN_POINT('',(-9.159999934456E0,2.590341828899E0,4.636356998094E1));
#2765=LINE('',#2764,#2763);
#2766=DIRECTION('',(1.E0,0.E0,0.E0));
#2767=VECTOR('',#2766,2.200000000001E0);
#2768=CARTESIAN_POINT('',(-2.985999993446E1,2.590340632496E0,4.636356998094E1));
#2769=LINE('',#2768,#2767);
#2770=CARTESIAN_POINT('',(-1.840999993446E1,2.590341828899E0,4.636356998094E1));
#2771=DIRECTION('',(0.E0,0.E0,-1.E0));
#2772=DIRECTION('',(-1.E0,-1.293408727148E-7,0.E0));
#2773=AXIS2_PLACEMENT_3D('',#2770,#2771,#2772);
#2775=CARTESIAN_POINT('',(-1.840999993446E1,2.590341828899E0,4.596356998094E1));
#2776=DIRECTION('',(0.E0,0.E0,1.E0));
#2777=DIRECTION('',(1.E0,0.E0,0.E0));
#2778=AXIS2_PLACEMENT_3D('',#2775,#2776,#2777);
#2780=DIRECTION('',(7.993605777301E-14,1.184237892934E-14,1.E0));
#2781=VECTOR('',#2780,1.2E0);
#2782=CARTESIAN_POINT('',(-2.870999993446E1,8.740341828899E0,1.225556998094E1));
#2783=LINE('',#2782,#2781);
#2784=DIRECTION('',(0.E0,0.E0,-1.E0));
#2785=VECTOR('',#2784,1.2E0);
#2786=CARTESIAN_POINT('',(-2.920999993446E1,8.240341828899E0,1.345556998094E1));
#2787=LINE('',#2786,#2785);
#2788=DIRECTION('',(-1.E0,0.E0,0.E0));
#2789=VECTOR('',#2788,2.06E1);
#2790=CARTESIAN_POINT('',(-8.109999934456E0,8.740341828900E0,1.345556998094E1));
#2791=LINE('',#2790,#2789);
#2792=DIRECTION('',(0.E0,-1.924386576017E-14,1.E0));
#2793=VECTOR('',#2792,1.2E0);
#2794=CARTESIAN_POINT('',(-7.609999934456E0,8.240341828900E0,1.225556998094E1));
#2795=LINE('',#2794,#2793);
#2796=DIRECTION('',(-7.697546304068E-14,1.184237892933E-14,-1.E0));
#2797=VECTOR('',#2796,1.2E0);
#2798=CARTESIAN_POINT('',(-8.109999934456E0,8.740341828900E0,1.345556998094E1));
#2799=LINE('',#2798,#2797);
#2800=CARTESIAN_POINT('',(-9.560141178521E0,2.540341828899E0,3.895051770951E1));
#2801=CARTESIAN_POINT('',(-9.560047015822E0,2.557008360562E0,3.895050614778E1));
#2802=CARTESIAN_POINT('',(-9.559999934456E0,2.573675027228E0,3.895050036692E1));
#2803=CARTESIAN_POINT('',(-9.559999934456E0,2.590341828899E0,3.895050036692E1));
#2805=DIRECTION('',(-2.131717700531E-5,0.E0,-9.999999997728E-1));
#2806=VECTOR('',#2805,1.568521544781E0);
#2807=CARTESIAN_POINT('',(-9.410105387965E0,2.590341828899E0,3.893209152536E1));
#2808=LINE('',#2807,#2806);
#2809=CARTESIAN_POINT('',(-9.410012794658E0,2.540341828899E0,3.893208584085E1));
#2810=CARTESIAN_POINT('',(-9.410012794658E0,2.545897419384E0,3.893208584085E1));
#2811=CARTESIAN_POINT('',(-9.410055319117E0,2.557008589094E0,3.893208819888E1));
#2812=CARTESIAN_POINT('',(-9.410018281478E0,2.573675239744E0,3.893208706194E1));
#2813=CARTESIAN_POINT('',(-9.410074524057E0,2.584786411176E0,3.893208773575E1));
#2814=CARTESIAN_POINT('',(-9.410105387965E0,2.590341828899E0,3.893209152536E1));
#2816=DIRECTION('',(-8.198962118075E-6,0.E0,9.999999999664E-1));
#2817=VECTOR('',#2816,1.568515859963E0);
#2818=CARTESIAN_POINT('',(-9.409999934456E0,2.540341828899E0,3.736356998094E1));
#2819=LINE('',#2818,#2817);
#2820=CARTESIAN_POINT('',(-1.840999993446E1,2.540341828899E0,3.736356998094E1));
#2821=DIRECTION('',(0.E0,0.E0,-1.E0));
#2822=DIRECTION('',(9.999845677822E-1,5.555555555562E-3,0.E0));
#2823=AXIS2_PLACEMENT_3D('',#2820,#2821,#2822);
#2825=DIRECTION('',(1.E0,0.E0,0.E0));
#2826=VECTOR('',#2825,9.501388899606E-1);
#2827=CARTESIAN_POINT('',(-9.410138824417E0,2.590341828899E0,3.736356998094E1));
#2828=LINE('',#2827,#2826);
#2829=DIRECTION('',(0.E0,0.E0,1.E0));
#2830=VECTOR('',#2829,4.E0);
#2831=CARTESIAN_POINT('',(-8.459999934456E0,2.590341828899E0,3.736356998094E1));
#2832=LINE('',#2831,#2830);
#2833=DIRECTION('',(-3.907985046679E-13,1.E0,0.E0));
#2834=VECTOR('',#2833,5.000000000002E-2);
#2835=CARTESIAN_POINT('',(-8.459999934456E0,2.540341828899E0,3.736356998094E1));
#2836=LINE('',#2835,#2834);
#2837=DIRECTION('',(-4.618527782439E-13,1.E0,0.E0));
#2838=VECTOR('',#2837,5.000000000002E-2);
#2839=CARTESIAN_POINT('',(-8.459999934456E0,2.540341828899E0,4.136356998094E1));
#2840=LINE('',#2839,#2838);
#2841=DIRECTION('',(1.E0,0.E0,0.E0));
#2842=VECTOR('',#2841,9.5E-1);
#2843=CARTESIAN_POINT('',(-9.409999934456E0,2.540341828899E0,4.136356998094E1));
#2844=LINE('',#2843,#2842);
#2845=CARTESIAN_POINT('',(-1.840999993446E1,2.540341828899E0,4.136356998094E1));
#2846=DIRECTION('',(0.E0,0.E0,-1.E0));
#2847=DIRECTION('',(9.999845677822E-1,5.555555555561E-3,0.E0));
#2848=AXIS2_PLACEMENT_3D('',#2845,#2846,#2847);
#2850=DIRECTION('',(2.131717700757E-5,0.E0,-9.999999997728E-1));
#2851=VECTOR('',#2850,1.568521544781E0);
#2852=CARTESIAN_POINT('',(-9.410138824417E0,2.590341828899E0,4.136356998094E1));
#2853=LINE('',#2852,#2851);
#2854=DIRECTION('',(8.198962119206E-6,0.E0,9.999999999664E-1));
#2855=VECTOR('',#2854,1.568515859963E0);
#2856=CARTESIAN_POINT('',(-9.410012794658E0,2.540341828899E0,3.979505412103E1));
#2857=LINE('',#2856,#2855);
#2858=CARTESIAN_POINT('',(-9.410105387965E0,2.590341828899E0,3.979504843651E1));
#2859=CARTESIAN_POINT('',(-9.410074524057E0,2.584786411176E0,3.979505222613E1));
#2860=CARTESIAN_POINT('',(-9.410018281478E0,2.573675239744E0,3.979505289994E1));
#2861=CARTESIAN_POINT('',(-9.410055319117E0,2.557008589094E0,3.979505176300E1));
#2862=CARTESIAN_POINT('',(-9.410012794658E0,2.545897419384E0,3.979505412103E1));
#2863=CARTESIAN_POINT('',(-9.410012794658E0,2.540341828899E0,3.979505412103E1));
#2865=DIRECTION('',(1.851179542775E-5,-4.382798526231E-8,9.999999998287E-1));
#2866=VECTOR('',#2865,3.812707509589E0);
#2867=CARTESIAN_POINT('',(-2.725999990730E1,2.540341301716E0,3.513780152746E1));
#2868=LINE('',#2867,#2866);
#2869=DIRECTION('',(1.852280301421E-5,-1.606292770834E-9,-9.999999998285E-1));
#2870=VECTOR('',#2869,3.812707567516E0);
#2871=CARTESIAN_POINT('',(-9.560070556488E0,2.540341829007E0,3.895050903821E1));
#2872=LINE('',#2871,#2870);
#2873=CARTESIAN_POINT('',(-2.725992932724E1,2.540341134613E0,3.895050903639E1));
#2874=CARTESIAN_POINT('',(-2.725703090716E1,2.027328972714E0,3.895086491763E1));
#2875=CARTESIAN_POINT('',(-2.716169014107E1,1.001820064303E0,3.895158937478E1));
#2876=CARTESIAN_POINT('',(-2.675486353744E1,-4.885316762295E-1,
3.895261966731E1));
#2877=CARTESIAN_POINT('',(-2.609624601143E1,-1.886001041071E0,
3.895359281106E1));
#2878=CARTESIAN_POINT('',(-2.520577262932E1,-3.148433629609E0,
3.895447107606E1));
#2879=CARTESIAN_POINT('',(-2.411028822128E1,-4.237745217200E0,
3.895522989583E1));
#2880=CARTESIAN_POINT('',(-2.284284516505E1,-5.121074693593E0,
3.895584551644E1));
#2881=CARTESIAN_POINT('',(-2.144167673573E1,-5.771774940247E0,
3.895629926336E1));
#2882=CARTESIAN_POINT('',(-1.994905236178E1,-6.170216296955E0,
3.895657719364E1));
#2883=CARTESIAN_POINT('',(-1.840999958132E1,-6.304379138436E0,
3.895667079564E1));
#2884=CARTESIAN_POINT('',(-1.687094683252E1,-6.170216175905E0,
3.895657719356E1));
#2885=CARTESIAN_POINT('',(-1.537832254937E1,-5.771774723747E0,
3.895629926321E1));
#2886=CARTESIAN_POINT('',(-1.397715424930E1,-5.121074424623E0,
3.895584551626E1));
#2887=CARTESIAN_POINT('',(-1.270971133677E1,-4.237744950070E0,
3.895522989564E1));
#2888=CARTESIAN_POINT('',(-1.161422705999E1,-3.148433399615E0,
3.895447107592E1));
#2889=CARTESIAN_POINT('',(-1.072375377598E1,-1.886000912802E0,
3.895359281090E1));
#2890=CARTESIAN_POINT('',(-1.006513631135E1,-4.885315165933E-1,
3.895261966749E1));
#2891=CARTESIAN_POINT('',(-9.658309721346E0,1.001819754185E0,3.895158937393E1));
#2892=CARTESIAN_POINT('',(-9.562968976517E0,2.027329665964E0,3.895086491944E1));
#2893=CARTESIAN_POINT('',(-9.560070556488E0,2.540341829007E0,3.895050903821E1));
#2895=CARTESIAN_POINT('',(-1.840999993446E1,2.540341828899E0,3.895050036692E1));
#2896=DIRECTION('',(0.E0,0.E0,-1.E0));
#2897=DIRECTION('',(-9.444377083162E-1,-3.286904548515E-1,0.E0));
#2898=AXIS2_PLACEMENT_3D('',#2895,#2896,#2897);
#2900=CARTESIAN_POINT('',(-1.840999993446E1,2.540341828899E0,3.895050036692E1));
#2901=DIRECTION('',(0.E0,0.E0,-1.E0));
#2902=DIRECTION('',(1.E0,0.E0,0.E0));
#2903=AXIS2_PLACEMENT_3D('',#2900,#2901,#2902);
#2905=CARTESIAN_POINT('',(-1.840999993446E1,2.540341828899E0,3.513780147135E1));
#2906=DIRECTION('',(0.E0,0.E0,1.E0));
#2907=DIRECTION('',(-1.E0,0.E0,0.E0));
#2908=AXIS2_PLACEMENT_3D('',#2905,#2906,#2907);
#2910=CARTESIAN_POINT('',(-3.198999993446E1,-2.459658171100E0,
2.536357655829E1));
#2911=CARTESIAN_POINT('',(-3.198999993446E1,-1.626325324601E0,
2.536254641950E1));
#2912=CARTESIAN_POINT('',(-3.198999989467E1,4.034241628110E-2,
2.536409932449E1));
#2913=CARTESIAN_POINT('',(-3.199000001403E1,1.707007807636E0,2.536356116468E1));
#2914=CARTESIAN_POINT('',(-3.199000001403E1,2.540340691196E0,2.536357639384E1));
#2916=CARTESIAN_POINT('',(-1.840999993446E1,2.540341828899E0,3.513780147135E1));
#2917=DIRECTION('',(0.E0,0.E0,1.E0));
#2918=DIRECTION('',(-9.444377083162E-1,-3.286904548515E-1,0.E0));
#2919=AXIS2_PLACEMENT_3D('',#2916,#2917,#2918);
#2921=DIRECTION('',(1.E0,0.E0,0.E0));
#2922=VECTOR('',#2921,3.E-1);
#2923=CARTESIAN_POINT('',(-2.161000004632E1,-9.909658171101E0,
1.345556998094E1));
#2924=LINE('',#2923,#2922);
#2925=DIRECTION('',(0.E0,1.E0,0.E0));
#2926=VECTOR('',#2925,1.1E0);
#2927=CARTESIAN_POINT('',(-2.161000004632E1,-1.100965817110E1,
1.345556998094E1));
#2928=LINE('',#2927,#2926);
#2929=DIRECTION('',(1.E0,0.E0,0.E0));
#2930=VECTOR('',#2929,2.299999953684E0);
#2931=CARTESIAN_POINT('',(-2.391E1,-1.100965817110E1,1.345556998094E1));
#2932=LINE('',#2931,#2930);
#2933=DIRECTION('',(1.E0,0.E0,0.E0));
#2934=VECTOR('',#2933,4.079999934456E0);
#2935=CARTESIAN_POINT('',(-2.798999993446E1,-6.459658171101E0,
1.345556998094E1));
#2936=LINE('',#2935,#2934);
#2937=CARTESIAN_POINT('',(-2.798999993446E1,-2.459658171100E0,
1.345556998094E1));
#2938=DIRECTION('',(0.E0,0.E0,1.E0));
#2939=DIRECTION('',(-1.E0,-2.883249194952E-13,0.E0));
#2940=AXIS2_PLACEMENT_3D('',#2937,#2938,#2939);
#2942=DIRECTION('',(-1.696044865951E-8,-1.E0,3.959526803249E-9));
#2943=VECTOR('',#2942,4.999999485290E0);
#2944=CARTESIAN_POINT('',(-3.198999984965E1,2.540341314189E0,1.345556996114E1));
#2945=LINE('',#2944,#2943);
#2946=DIRECTION('',(-1.512520487234E-9,1.E0,3.504002777190E-9));
#2947=VECTOR('',#2946,5.649999578638E0);
#2948=CARTESIAN_POINT('',(-2.920999993446E1,-3.109658171101E0,
1.345556998094E1));
#2949=LINE('',#2948,#2947);
#2950=CARTESIAN_POINT('',(-2.870999993446E1,-3.109658171100E0,
1.345556998094E1));
#2951=DIRECTION('',(0.E0,0.E0,-1.E0));
#2952=DIRECTION('',(2.700062395888E-13,-1.E0,0.E0));
#2953=AXIS2_PLACEMENT_3D('',#2950,#2951,#2952);
#2955=DIRECTION('',(-1.E0,0.E0,0.E0));
#2956=VECTOR('',#2955,2.06E1);
#2957=CARTESIAN_POINT('',(-8.109999934456E0,-3.609658171100E0,
1.345556998094E1));
#2958=LINE('',#2957,#2956);
#2959=CARTESIAN_POINT('',(-8.109999934456E0,-3.109658171101E0,
1.345556998094E1));
#2960=DIRECTION('',(0.E0,0.E0,-1.E0));
#2961=DIRECTION('',(1.E0,-7.460698725481E-14,0.E0));
#2962=AXIS2_PLACEMENT_3D('',#2959,#2960,#2961);
#2964=DIRECTION('',(0.E0,-1.E0,0.E0));
#2965=VECTOR('',#2964,5.65E0);
#2966=CARTESIAN_POINT('',(-7.609999934456E0,2.540341828899E0,1.345556998094E1));
#2967=LINE('',#2966,#2965);
#2968=CARTESIAN_POINT('',(-8.829999934456E0,-2.459658171101E0,
1.345556998094E1));
#2969=DIRECTION('',(0.E0,0.E0,1.E0));
#2970=DIRECTION('',(0.E0,-1.E0,0.E0));
#2971=AXIS2_PLACEMENT_3D('',#2968,#2969,#2970);
#2973=DIRECTION('',(1.E0,0.E0,0.E0));
#2974=VECTOR('',#2973,4.080000065544E0);
#2975=CARTESIAN_POINT('',(-1.291E1,-6.459658171101E0,1.345556998094E1));
#2976=LINE('',#2975,#2974);
#2977=DIRECTION('',(1.E0,0.E0,0.E0));
#2978=VECTOR('',#2977,2.300000046316E0);
#2979=CARTESIAN_POINT('',(-1.521000004632E1,-1.100965817110E1,
1.345556998094E1));
#2980=LINE('',#2979,#2978);
#2981=DIRECTION('',(1.E0,0.E0,0.E0));
#2982=VECTOR('',#2981,3.E-1);
#2983=CARTESIAN_POINT('',(-1.551000004632E1,-9.909658171101E0,
1.345556998094E1));
#2984=LINE('',#2983,#2982);
#2985=DIRECTION('',(1.E0,0.E0,0.E0));
#2986=VECTOR('',#2985,5.8E0);
#2987=CARTESIAN_POINT('',(-2.131000004632E1,-8.409658171101E0,
1.345556998094E1));
#2988=LINE('',#2987,#2986);
#2989=DIRECTION('',(1.E0,0.E0,0.E0));
#2990=VECTOR('',#2989,2.599999953684E0);
#2991=CARTESIAN_POINT('',(-2.391E1,-9.909658171100E0,2.295556998094E1));
#2992=LINE('',#2991,#2990);
#2993=DIRECTION('',(0.E0,0.E0,-1.E0));
#2994=VECTOR('',#2993,1.2E0);
#2995=CARTESIAN_POINT('',(-2.391E1,-9.909658171100E0,2.415556998094E1));
#2996=LINE('',#2995,#2994);
#2997=DIRECTION('',(-1.E0,0.E0,0.E0));
#2998=VECTOR('',#2997,1.1E1);
#2999=CARTESIAN_POINT('',(-1.291E1,-9.909658171100E0,2.415556998094E1));
#3000=LINE('',#2999,#2998);
#3001=DIRECTION('',(1.E0,0.E0,0.E0));
#3002=VECTOR('',#3001,2.600000046316E0);
#3003=CARTESIAN_POINT('',(-1.551000004632E1,-9.909658171101E0,
2.295556998094E1));
#3004=LINE('',#3003,#3002);
#3005=DIRECTION('',(0.E0,0.E0,1.E0));
#3006=VECTOR('',#3005,8.000000000001E-1);
#3007=CARTESIAN_POINT('',(-1.521000004632E1,-9.909658171101E0,
1.265556998094E1));
#3008=LINE('',#3007,#3006);
#3009=CARTESIAN_POINT('',(-1.616E1,-9.909658171100E0,1.165556998094E1));
#3010=DIRECTION('',(0.E0,1.E0,0.E0));
#3011=DIRECTION('',(-1.E0,0.E0,0.E0));
#3012=AXIS2_PLACEMENT_3D('',#3009,#3010,#3011);
#3014=CARTESIAN_POINT('',(-2.066000009263E1,-9.909658171100E0,
1.165556998094E1));
#3015=DIRECTION('',(0.E0,1.E0,0.E0));
#3016=DIRECTION('',(0.E0,0.E0,1.E0));
#3017=AXIS2_PLACEMENT_3D('',#3014,#3015,#3016);
#3019=DIRECTION('',(0.E0,0.E0,-1.E0));
#3020=VECTOR('',#3019,8.000000000001E-1);
#3021=CARTESIAN_POINT('',(-2.161000004632E1,-9.909658171101E0,
1.345556998094E1));
#3022=LINE('',#3021,#3020);
#3023=CARTESIAN_POINT('',(-1.916E1,-9.909658171101E0,1.041215496134E1));
#3024=CARTESIAN_POINT('',(-1.916E1,-9.909658171101E0,1.054336842361E1));
#3025=CARTESIAN_POINT('',(-1.911954063407E1,-9.909658171101E0,
1.069972925109E1));
#3026=CARTESIAN_POINT('',(-1.900628554049E1,-9.909658171101E0,
1.084890108206E1));
#3027=CARTESIAN_POINT('',(-1.892560673114E1,-9.909658171101E0,
1.089943573498E1));
#3028=CARTESIAN_POINT('',(-1.886E1,-9.909658171101E0,1.089943573498E1));
#3030=CARTESIAN_POINT('',(-1.886E1,-9.909658171100E0,7.255569980937E0));
#3031=DIRECTION('',(0.E0,1.E0,0.E0));
#3032=DIRECTION('',(-9.473903143468E-14,0.E0,-1.E0));
#3033=AXIS2_PLACEMENT_3D('',#3030,#3031,#3032);
#3035=DIRECTION('',(-1.E0,0.E0,0.E0));
#3036=VECTOR('',#3035,9.E-1);
#3037=CARTESIAN_POINT('',(-1.796E1,-9.909658171101E0,6.955569980937E0));
#3038=LINE('',#3037,#3036);
#3039=CARTESIAN_POINT('',(-1.796E1,-9.909658171100E0,7.255569980937E0));
#3040=DIRECTION('',(0.E0,1.E0,0.E0));
#3041=DIRECTION('',(1.E0,0.E0,-6.217248937901E-14));
#3042=AXIS2_PLACEMENT_3D('',#3039,#3040,#3041);
#3044=DIRECTION('',(0.E0,0.E0,-1.E0));
#3045=VECTOR('',#3044,3.156584980399E0);
#3046=CARTESIAN_POINT('',(-1.766E1,-9.909658171101E0,1.041215496134E1));
#3047=LINE('',#3046,#3045);
#3048=CARTESIAN_POINT('',(-1.796E1,-9.909658171101E0,1.089943573498E1));
#3049=CARTESIAN_POINT('',(-1.789439326886E1,-9.909658171101E0,
1.089943573498E1));
#3050=CARTESIAN_POINT('',(-1.781371445950E1,-9.909658171101E0,
1.084890108206E1));
#3051=CARTESIAN_POINT('',(-1.770045936593E1,-9.909658171100E0,
1.069972925109E1));
#3052=CARTESIAN_POINT('',(-1.766E1,-9.909658171101E0,1.054336842361E1));
#3053=CARTESIAN_POINT('',(-1.766E1,-9.909658171101E0,1.041215496134E1));
#3055=DIRECTION('',(0.E0,0.E0,1.E0));
#3056=VECTOR('',#3055,9.5E0);
#3057=CARTESIAN_POINT('',(-2.131000004632E1,-9.909658171101E0,
1.345556998094E1));
#3058=LINE('',#3057,#3056);
#3059=DIRECTION('',(0.E0,-1.E0,0.E0));
#3060=VECTOR('',#3059,1.5E0);
#3061=CARTESIAN_POINT('',(-2.131000004632E1,-8.409658171101E0,
1.345556998094E1));
#3062=LINE('',#3061,#3060);
#3063=DIRECTION('',(0.E0,0.E0,-1.E0));
#3064=VECTOR('',#3063,9.5E0);
#3065=CARTESIAN_POINT('',(-1.551000004632E1,-8.409658171101E0,
2.295556998094E1));
#3066=LINE('',#3065,#3064);
#3067=DIRECTION('',(1.E0,0.E0,0.E0));
#3068=VECTOR('',#3067,5.8E0);
#3069=CARTESIAN_POINT('',(-2.131000004632E1,-8.409658171100E0,
2.295556998094E1));
#3070=LINE('',#3069,#3068);
#3071=DIRECTION('',(0.E0,0.E0,1.E0));
#3072=VECTOR('',#3071,9.5E0);
#3073=CARTESIAN_POINT('',(-2.131000004632E1,-8.409658171101E0,
1.345556998094E1));
#3074=LINE('',#3073,#3072);
#3075=DIRECTION('',(0.E0,1.E0,0.E0));
#3076=VECTOR('',#3075,1.5E0);
#3077=CARTESIAN_POINT('',(-1.551000004632E1,-9.909658171101E0,
1.345556998094E1));
#3078=LINE('',#3077,#3076);
#3079=DIRECTION('',(0.E0,0.E0,-1.E0));
#3080=VECTOR('',#3079,9.5E0);
#3081=CARTESIAN_POINT('',(-1.551000004632E1,-9.909658171100E0,
2.295556998094E1));
#3082=LINE('',#3081,#3080);
#3083=DIRECTION('',(0.E0,1.E0,0.E0));
#3084=VECTOR('',#3083,1.5E0);
#3085=CARTESIAN_POINT('',(-1.551000004632E1,-9.909658171100E0,
2.295556998094E1));
#3086=LINE('',#3085,#3084);
#3087=DIRECTION('',(1.E0,0.E0,0.E0));
#3088=VECTOR('',#3087,1.1E1);
#3089=CARTESIAN_POINT('',(-2.391E1,-6.459658171100E0,2.295556998094E1));
#3090=LINE('',#3089,#3088);
#3091=DIRECTION('',(0.E0,-1.E0,0.E0));
#3092=VECTOR('',#3091,1.5E0);
#3093=CARTESIAN_POINT('',(-2.131000004632E1,-8.409658171100E0,
2.295556998094E1));
#3094=LINE('',#3093,#3092);
#3095=DIRECTION('',(0.E0,-1.E0,0.E0));
#3096=VECTOR('',#3095,4.55E0);
#3097=CARTESIAN_POINT('',(-1.291E1,-6.459658171101E0,1.345556998094E1));
#3098=LINE('',#3097,#3096);
#3099=DIRECTION('',(0.E0,0.E0,-1.E0));
#3100=VECTOR('',#3099,9.5E0);
#3101=CARTESIAN_POINT('',(-1.291E1,-6.459658171101E0,2.295556998094E1));
#3102=LINE('',#3101,#3100);
#3103=DIRECTION('',(0.E0,1.E0,0.E0));
#3104=VECTOR('',#3103,3.45E0);
#3105=CARTESIAN_POINT('',(-1.291E1,-9.909658171100E0,2.295556998094E1));
#3106=LINE('',#3105,#3104);
#3107=DIRECTION('',(0.E0,0.E0,-1.E0));
#3108=VECTOR('',#3107,1.2E0);
#3109=CARTESIAN_POINT('',(-1.291E1,-9.909658171100E0,2.415556998094E1));
#3110=LINE('',#3109,#3108);
#3111=CARTESIAN_POINT('',(-1.291E1,-1.190965817110E1,2.385556998094E1));
#3112=DIRECTION('',(-1.E0,0.E0,0.E0));
#3113=DIRECTION('',(0.E0,-1.E0,3.552713678800E-14));
#3114=AXIS2_PLACEMENT_3D('',#3111,#3112,#3113);
#3116=DIRECTION('',(0.E0,-1.E0,0.E0));
#3117=VECTOR('',#3116,1.2E0);
#3118=CARTESIAN_POINT('',(-1.291E1,-1.100965817110E1,2.265556998094E1));
#3119=LINE('',#3118,#3117);
#3120=DIRECTION('',(0.E0,3.304188970433E-14,1.E0));
#3121=VECTOR('',#3120,1.190800657735E1);
#3122=CARTESIAN_POINT('',(-3.198999993446E1,-2.459658171101E0,
1.345556998094E1));
#3123=LINE('',#3122,#3121);
#3124=DIRECTION('',(0.E0,0.E0,-1.E0));
#3125=VECTOR('',#3124,1.190800657735E1);
#3126=CARTESIAN_POINT('',(-2.798999993446E1,-6.459658171100E0,
2.536357655829E1));
#3127=LINE('',#3126,#3125);
#3128=CARTESIAN_POINT('',(-1.840999993446E1,2.540341828899E0,3.513780147135E1));
#3129=DIRECTION('',(0.E0,0.E0,1.E0));
#3130=DIRECTION('',(-8.393255852312E-1,-5.436290665300E-1,0.E0));
#3131=AXIS2_PLACEMENT_3D('',#3128,#3129,#3130);
#3133=DIRECTION('',(5.326072968364E-1,1.635254402072E-2,8.462045034509E-1));
#3134=VECTOR('',#3133,1.155066519508E1);
#3135=CARTESIAN_POINT('',(-3.198999993446E1,-2.459658171100E0,
2.536357655829E1));
#3136=LINE('',#3135,#3134);
#3137=CARTESIAN_POINT('',(-2.798999993446E1,-2.459658171100E0,
2.536357655829E1));
#3138=DIRECTION('',(0.E0,0.E0,-1.E0));
#3139=DIRECTION('',(0.E0,-1.E0,0.E0));
#3140=AXIS2_PLACEMENT_3D('',#3137,#3138,#3139);
#3142=CARTESIAN_POINT('',(-1.840999993446E1,2.540341828899E0,3.513780147135E1));
#3143=DIRECTION('',(0.E0,0.E0,1.E0));
#3144=DIRECTION('',(-1.638545762712E-1,-9.864845046097E-1,0.E0));
#3145=AXIS2_PLACEMENT_3D('',#3142,#3143,#3144);
#3147=DIRECTION('',(6.393301226841E-1,2.120215924748E-2,7.686400085033E-1));
#3148=VECTOR('',#3147,1.271625833281E1);
#3149=CARTESIAN_POINT('',(-2.798999993446E1,-6.459658171100E0,
2.536357655829E1));
#3150=LINE('',#3149,#3148);
#3151=DIRECTION('',(-1.E0,0.E0,0.E0));
#3152=VECTOR('',#3151,1.916E1);
#3153=CARTESIAN_POINT('',(-8.829999934456E0,-6.459658171101E0,
2.536357655829E1));
#3154=LINE('',#3153,#3152);
#3155=CARTESIAN_POINT('',(-4.829999939510E0,-2.459658170945E0,
2.536357656632E1));
#3156=CARTESIAN_POINT('',(-4.829999939510E0,-2.716850687565E0,
2.536248132491E1));
#3157=CARTESIAN_POINT('',(-4.879708189940E0,-3.234171829618E0,
2.536408542439E1));
#3158=CARTESIAN_POINT('',(-5.106366962188E0,-3.990575579720E0,
2.536343837699E1));
#3159=CARTESIAN_POINT('',(-5.479917212179E0,-4.693075606038E0,
2.536362041738E1));
#3160=CARTESIAN_POINT('',(-5.986125345057E0,-5.309928423536E0,
2.536353930320E1));
#3161=CARTESIAN_POINT('',(-6.603713506955E0,-5.814397143461E0,
2.536368171953E1));
#3162=CARTESIAN_POINT('',(-7.305460671574E0,-6.185746894123E0,
2.536319316841E1));
#3163=CARTESIAN_POINT('',(-8.059496004591E0,-6.410515491410E0,
2.536500495657E1));
#3164=CARTESIAN_POINT('',(-8.574285177746E0,-6.459658171101E0,
2.536049922222E1));
#3165=CARTESIAN_POINT('',(-8.829999934456E0,-6.459658171101E0,
2.536357655829E1));
#3167=CARTESIAN_POINT('',(-1.840999993446E1,2.540341828899E0,3.513780147135E1));
#3168=DIRECTION('',(0.E0,0.E0,1.E0));
#3169=DIRECTION('',(1.501045197740E-1,-9.886701336358E-1,0.E0));
#3170=AXIS2_PLACEMENT_3D('',#3167,#3168,#3169);
#3172=DIRECTION('',(-6.449563023901E-1,1.956145020829E-2,7.639690554420E-1));
#3173=VECTOR('',#3172,1.279400630620E1);
#3174=CARTESIAN_POINT('',(-8.829999934456E0,-6.459658171101E0,
2.536357655829E1));
#3175=LINE('',#3174,#3173);
#3176=DIRECTION('',(4.244088269141E-10,-1.303353374640E-11,-1.E0));
#3177=VECTOR('',#3176,1.190800658538E1);
#3178=CARTESIAN_POINT('',(-4.829999939510E0,-2.459658170945E0,
2.536357656632E1));
#3179=LINE('',#3178,#3177);
#3180=DIRECTION('',(0.E0,0.E0,1.E0));
#3181=VECTOR('',#3180,1.190800657735E1);
#3182=CARTESIAN_POINT('',(-8.829999934456E0,-6.459658171101E0,
1.345556998094E1));
#3183=LINE('',#3182,#3181);
#3184=DIRECTION('',(0.E0,-1.E0,0.E0));
#3185=VECTOR('',#3184,5.E0);
#3186=CARTESIAN_POINT('',(-4.829999934456E0,2.540341828899E0,1.345556998094E1));
#3187=LINE('',#3186,#3185);
#3188=DIRECTION('',(0.E0,3.357031380362E-10,-1.E0));
#3189=VECTOR('',#3188,1.190800657735E1);
#3190=CARTESIAN_POINT('',(-4.829999934456E0,2.540341824902E0,2.536357655829E1));
#3191=LINE('',#3190,#3189);
#3192=CARTESIAN_POINT('',(-1.840999993446E1,2.540341828899E0,3.513780147135E1));
#3193=DIRECTION('',(0.E0,0.E0,1.E0));
#3194=DIRECTION('',(8.393255852312E-1,-5.436290665301E-1,0.E0));
#3195=AXIS2_PLACEMENT_3D('',#3192,#3193,#3194);
#3197=DIRECTION('',(-5.326072968364E-1,1.635254402072E-2,8.462045034509E-1));
#3198=VECTOR('',#3197,1.155066519402E1);
#3199=CARTESIAN_POINT('',(-4.829999939510E0,-2.459658170945E0,
2.536357656632E1));
#3200=LINE('',#3199,#3198);
#3201=CARTESIAN_POINT('',(-4.829999934456E0,2.540341824902E0,2.536357655829E1));
#3202=CARTESIAN_POINT('',(-4.829999934456E0,1.707008491708E0,2.536356132800E1));
#3203=CARTESIAN_POINT('',(-4.829999931929E0,4.034214910540E-2,
2.536409923752E1));
#3204=CARTESIAN_POINT('',(-4.829999939510E0,-1.626325474321E0,
2.536254643012E1));
#3205=CARTESIAN_POINT('',(-4.829999939510E0,-2.459658170945E0,
2.536357656632E1));
#3207=DIRECTION('',(0.E0,0.E0,1.E0));
#3208=VECTOR('',#3207,9.5E0);
#3209=CARTESIAN_POINT('',(-2.391E1,-6.459658171101E0,1.345556998094E1));
#3210=LINE('',#3209,#3208);
#3211=DIRECTION('',(0.E0,1.E0,0.E0));
#3212=VECTOR('',#3211,4.55E0);
#3213=CARTESIAN_POINT('',(-2.391E1,-1.100965817110E1,1.345556998094E1));
#3214=LINE('',#3213,#3212);
#3215=CARTESIAN_POINT('',(-2.391E1,-1.190965817110E1,2.385556998094E1));
#3216=DIRECTION('',(1.E0,0.E0,0.E0));
#3217=DIRECTION('',(0.E0,5.329070518201E-14,1.E0));
#3218=AXIS2_PLACEMENT_3D('',#3215,#3216,#3217);
#3220=DIRECTION('',(0.E0,-1.E0,0.E0));
#3221=VECTOR('',#3220,3.45E0);
#3222=CARTESIAN_POINT('',(-2.391E1,-6.459658171100E0,2.295556998094E1));
#3223=LINE('',#3222,#3221);
#3224=DIRECTION('',(0.E0,0.E0,1.E0));
#3225=VECTOR('',#3224,9.2E0);
#3226=CARTESIAN_POINT('',(-2.391E1,-1.100965817110E1,1.345556998094E1));
#3227=LINE('',#3226,#3225);
#3228=DIRECTION('',(0.E0,0.E0,-1.E0));
#3229=VECTOR('',#3228,9.2E0);
#3230=CARTESIAN_POINT('',(-2.161000004632E1,-1.100965817110E1,
2.265556998094E1));
#3231=LINE('',#3230,#3229);
#3232=CARTESIAN_POINT('',(-2.161000004632E1,-9.409658171100E0,
1.265556998094E1));
#3233=DIRECTION('',(-1.E0,0.E0,0.E0));
#3234=DIRECTION('',(0.E0,-1.421085471520E-14,-1.E0));
#3235=AXIS2_PLACEMENT_3D('',#3232,#3233,#3234);
#3237=DIRECTION('',(0.E0,1.E0,0.E0));
#3238=VECTOR('',#3237,2.5E0);
#3239=CARTESIAN_POINT('',(-2.161000004632E1,-1.190965817110E1,
1.215556998094E1));
#3240=LINE('',#3239,#3238);
#3241=CARTESIAN_POINT('',(-2.161000004632E1,-1.190965817110E1,
1.245556998094E1));
#3242=DIRECTION('',(1.E0,0.E0,0.E0));
#3243=DIRECTION('',(0.E0,-1.E0,2.368475785867E-14));
#3244=AXIS2_PLACEMENT_3D('',#3241,#3242,#3243);
#3246=DIRECTION('',(0.E0,0.E0,1.E0));
#3247=VECTOR('',#3246,1.2E0);
#3248=CARTESIAN_POINT('',(-2.391E1,-1.220965817110E1,2.265556998094E1));
#3249=LINE('',#3248,#3247);
#3250=DIRECTION('',(-1.E0,0.E0,0.E0));
#3251=VECTOR('',#3250,2.299999953684E0);
#3252=CARTESIAN_POINT('',(-2.161000004632E1,-1.220965817110E1,
2.265556998094E1));
#3253=LINE('',#3252,#3251);
#3254=DIRECTION('',(0.E0,0.E0,1.E0));
#3255=VECTOR('',#3254,1.02E1);
#3256=CARTESIAN_POINT('',(-2.161000004632E1,-1.220965817110E1,
1.245556998094E1));
#3257=LINE('',#3256,#3255);
#3258=DIRECTION('',(0.E0,0.E0,1.E0));
#3259=VECTOR('',#3258,1.14E1);
#3260=CARTESIAN_POINT('',(-2.481E1,-1.220965817110E1,1.245556998094E1));
#3261=LINE('',#3260,#3259);
#3262=DIRECTION('',(0.E0,0.E0,-1.E0));
#3263=VECTOR('',#3262,1.14E1);
#3264=CARTESIAN_POINT('',(-2.511E1,-1.190965817110E1,2.385556998094E1));
#3265=LINE('',#3264,#3263);
#3266=CARTESIAN_POINT('',(-2.481E1,-1.190965817110E1,1.245556998094E1));
#3267=DIRECTION('',(0.E0,-1.E0,0.E0));
#3268=DIRECTION('',(-1.E0,0.E0,0.E0));
#3269=AXIS2_PLACEMENT_3D('',#3266,#3267,#3268);
#3271=CARTESIAN_POINT('',(-2.481E1,-1.190965817110E1,1.245556998094E1));
#3272=DIRECTION('',(0.E0,0.E0,-1.E0));
#3273=DIRECTION('',(0.E0,-1.E0,0.E0));
#3274=AXIS2_PLACEMENT_3D('',#3271,#3272,#3273);
#3276=CARTESIAN_POINT('',(-2.481E1,-1.190965817110E1,1.245556998094E1));
#3277=DIRECTION('',(-1.E0,0.E0,0.E0));
#3278=DIRECTION('',(0.E0,0.E0,-1.E0));
#3279=AXIS2_PLACEMENT_3D('',#3276,#3277,#3278);
#3281=DIRECTION('',(0.E0,1.E0,0.E0));
#3282=VECTOR('',#3281,3.95E0);
#3283=CARTESIAN_POINT('',(-2.511E1,-1.190965817110E1,1.245556998094E1));
#3284=LINE('',#3283,#3282);
#3285=DIRECTION('',(0.E0,-1.E0,0.E0));
#3286=VECTOR('',#3285,3.95E0);
#3287=CARTESIAN_POINT('',(-2.481E1,-7.959658171101E0,1.215556998094E1));
#3288=LINE('',#3287,#3286);
#3289=CARTESIAN_POINT('',(-1.201E1,-7.959658171101E0,2.385556998094E1));
#3290=DIRECTION('',(0.E0,1.E0,0.E0));
#3291=DIRECTION('',(1.776356839400E-14,0.E0,1.E0));
#3292=AXIS2_PLACEMENT_3D('',#3289,#3290,#3291);
#3294=CARTESIAN_POINT('',(-2.481E1,-7.959658171101E0,2.385556998094E1));
#3295=DIRECTION('',(0.E0,1.E0,0.E0));
#3296=DIRECTION('',(-1.E0,0.E0,0.E0));
#3297=AXIS2_PLACEMENT_3D('',#3294,#3295,#3296);
#3299=CARTESIAN_POINT('',(-2.481E1,-7.959658171101E0,1.245556998094E1));
#3300=DIRECTION('',(0.E0,1.E0,0.E0));
#3301=DIRECTION('',(1.184237892933E-14,0.E0,-1.E0));
#3302=AXIS2_PLACEMENT_3D('',#3299,#3300,#3301);
#3304=DIRECTION('',(-1.E0,0.E0,0.E0));
#3305=VECTOR('',#3304,4.149999907368E0);
#3306=CARTESIAN_POINT('',(-2.066000009263E1,-7.959658171101E0,
1.215556998094E1));
#3307=LINE('',#3306,#3305);
#3308=CARTESIAN_POINT('',(-2.066000009263E1,-7.959658171101E0,
1.165556998094E1));
#3309=DIRECTION('',(0.E0,-1.E0,0.E0));
#3310=DIRECTION('',(1.E0,0.E0,0.E0));
#3311=AXIS2_PLACEMENT_3D('',#3308,#3309,#3310);
#3313=CARTESIAN_POINT('',(-1.966000009263E1,-7.959658171101E0,
6.455569980937E0));
#3314=DIRECTION('',(0.E0,1.E0,0.E0));
#3315=DIRECTION('',(9.947598300641E-14,0.E0,-1.E0));
#3316=AXIS2_PLACEMENT_3D('',#3313,#3314,#3315);
#3318=CARTESIAN_POINT('',(-1.716E1,-7.959658171101E0,6.455569980937E0));
#3319=DIRECTION('',(0.E0,1.E0,0.E0));
#3320=DIRECTION('',(1.E0,0.E0,0.E0));
#3321=AXIS2_PLACEMENT_3D('',#3318,#3319,#3320);
#3323=CARTESIAN_POINT('',(-1.616E1,-7.959658171101E0,1.165556998094E1));
#3324=DIRECTION('',(0.E0,-1.E0,0.E0));
#3325=DIRECTION('',(0.E0,0.E0,1.E0));
#3326=AXIS2_PLACEMENT_3D('',#3323,#3324,#3325);
#3328=CARTESIAN_POINT('',(-1.201E1,-7.959658171101E0,1.245556998094E1));
#3329=DIRECTION('',(0.E0,1.E0,0.E0));
#3330=DIRECTION('',(1.E0,0.E0,-2.960594732334E-14));
#3331=AXIS2_PLACEMENT_3D('',#3328,#3329,#3330);
#3333=DIRECTION('',(-1.E0,0.E0,8.075192103956E-14));
#3334=VECTOR('',#3333,1.916E1);
#3335=CARTESIAN_POINT('',(-8.829999934457E0,-7.959658171101E0,
-3.336430019060E0));
#3336=LINE('',#3335,#3334);
#3337=DIRECTION('',(9.878274794267E-14,0.E0,-1.E0));
#3338=VECTOR('',#3337,2.870000657734E1);
#3339=CARTESIAN_POINT('',(-2.798999993446E1,-7.959658171101E0,
2.536357655829E1));
#3340=LINE('',#3339,#3338);
#3341=DIRECTION('',(0.E0,0.E0,1.E0));
#3342=VECTOR('',#3341,1.14E1);
#3343=CARTESIAN_POINT('',(-1.171E1,-7.959658171101E0,1.245556998094E1));
#3344=LINE('',#3343,#3342);
#3345=DIRECTION('',(0.E0,1.E0,0.E0));
#3346=VECTOR('',#3345,3.95E0);
#3347=CARTESIAN_POINT('',(-1.201E1,-1.190965817110E1,1.215556998094E1));
#3348=LINE('',#3347,#3346);
#3349=DIRECTION('',(0.E0,-1.E0,0.E0));
#3350=VECTOR('',#3349,3.95E0);
#3351=CARTESIAN_POINT('',(-1.171E1,-7.959658171101E0,1.245556998094E1));
#3352=LINE('',#3351,#3350);
#3353=DIRECTION('',(1.E0,0.E0,0.E0));
#3354=VECTOR('',#3353,4.15E0);
#3355=CARTESIAN_POINT('',(-1.616E1,-7.959658171101E0,1.215556998094E1));
#3356=LINE('',#3355,#3354);
#3357=DIRECTION('',(-1.E0,0.E0,-2.617789154112E-14));
#3358=VECTOR('',#3357,9.499999536838E-1);
#3359=CARTESIAN_POINT('',(-1.521000004632E1,-9.909658171101E0,
1.265556998094E1));
#3360=LINE('',#3359,#3358);
#3361=DIRECTION('',(1.E0,0.E0,0.E0));
#3362=VECTOR('',#3361,9.499999536838E-1);
#3363=CARTESIAN_POINT('',(-1.616E1,-9.409658171100E0,1.215556998094E1));
#3364=LINE('',#3363,#3362);
#3365=CARTESIAN_POINT('',(-1.616E1,-9.409658171100E0,1.265556998094E1));
#3366=DIRECTION('',(-1.E0,0.E0,0.E0));
#3367=DIRECTION('',(0.E0,0.E0,-1.E0));
#3368=AXIS2_PLACEMENT_3D('',#3365,#3366,#3367);
#3370=CARTESIAN_POINT('',(-1.616E1,-9.409658171100E0,1.165556998094E1));
#3371=DIRECTION('',(0.E0,1.E0,0.E0));
#3372=DIRECTION('',(-1.E0,0.E0,0.E0));
#3373=AXIS2_PLACEMENT_3D('',#3370,#3371,#3372);
#3375=CARTESIAN_POINT('',(-1.716E1,-9.409658171100E0,1.165556998094E1));
#3376=DIRECTION('',(0.E0,0.E0,1.E0));
#3377=DIRECTION('',(0.E0,-1.E0,0.E0));
#3378=AXIS2_PLACEMENT_3D('',#3375,#3376,#3377);
#3380=DIRECTION('',(0.E0,1.E0,0.E0));
#3381=VECTOR('',#3380,1.45E0);
#3382=CARTESIAN_POINT('',(-1.666E1,-9.409658171101E0,1.165556998094E1));
#3383=LINE('',#3382,#3381);
#3384=DIRECTION('',(0.E0,-1.E0,0.E0));
#3385=VECTOR('',#3384,1.45E0);
#3386=CARTESIAN_POINT('',(-1.616E1,-7.959658171101E0,1.215556998094E1));
#3387=LINE('',#3386,#3385);
#3388=DIRECTION('',(0.E0,0.E0,1.E0));
#3389=VECTOR('',#3388,5.2E0);
#3390=CARTESIAN_POINT('',(-1.666E1,-7.959658171101E0,6.455569980937E0));
#3391=LINE('',#3390,#3389);
#3392=DIRECTION('',(0.E0,1.E0,0.E0));
#3393=VECTOR('',#3392,1.45E0);
#3394=CARTESIAN_POINT('',(-1.716E1,-9.409658171101E0,5.955569980937E0));
#3395=LINE('',#3394,#3393);
#3396=DIRECTION('',(0.E0,-1.E0,0.E0));
#3397=VECTOR('',#3396,1.45E0);
#3398=CARTESIAN_POINT('',(-1.666E1,-7.959658171101E0,6.455569980937E0));
#3399=LINE('',#3398,#3397);
#3400=DIRECTION('',(1.E0,0.E0,0.E0));
#3401=VECTOR('',#3400,2.500000092632E0);
#3402=CARTESIAN_POINT('',(-1.966000009263E1,-7.959658171101E0,
5.955569980937E0));
#3403=LINE('',#3402,#3401);
#3404=DIRECTION('',(0.E0,1.E0,0.E0));
#3405=VECTOR('',#3404,1.45E0);
#3406=CARTESIAN_POINT('',(-2.016000009263E1,-9.409658171101E0,
6.455569980937E0));
#3407=LINE('',#3406,#3405);
#3408=DIRECTION('',(-1.470088418814E-14,-1.E0,0.E0));
#3409=VECTOR('',#3408,1.45E0);
#3410=CARTESIAN_POINT('',(-1.966000009263E1,-7.959658171101E0,
5.955569980937E0));
#3411=LINE('',#3410,#3409);
#3412=DIRECTION('',(0.E0,0.E0,-1.E0));
#3413=VECTOR('',#3412,5.2E0);
#3414=CARTESIAN_POINT('',(-2.016000009263E1,-7.959658171101E0,
1.165556998094E1));
#3415=LINE('',#3414,#3413);
#3416=DIRECTION('',(0.E0,1.E0,0.E0));
#3417=VECTOR('',#3416,1.45E0);
#3418=CARTESIAN_POINT('',(-2.066000009263E1,-9.409658171100E0,
1.215556998094E1));
#3419=LINE('',#3418,#3417);
#3420=DIRECTION('',(0.E0,-1.E0,0.E0));
#3421=VECTOR('',#3420,1.45E0);
#3422=CARTESIAN_POINT('',(-2.016000009263E1,-7.959658171101E0,
1.165556998094E1));
#3423=LINE('',#3422,#3421);
#3424=DIRECTION('',(1.E0,0.E0,0.E0));
#3425=VECTOR('',#3424,3.199999953684E0);
#3426=CARTESIAN_POINT('',(-2.481E1,-1.190965817110E1,1.215556998094E1));
#3427=LINE('',#3426,#3425);
#3428=DIRECTION('',(-1.E0,0.E0,0.E0));
#3429=VECTOR('',#3428,3.199999953684E0);
#3430=CARTESIAN_POINT('',(-2.161000004632E1,-1.220965817110E1,
1.245556998094E1));
#3431=LINE('',#3430,#3429);
#3432=DIRECTION('',(-1.E0,0.E0,2.243819274953E-14));
#3433=VECTOR('',#3432,9.499999536839E-1);
#3434=CARTESIAN_POINT('',(-2.066000009263E1,-9.909658171100E0,
1.265556998094E1));
#3435=LINE('',#3434,#3433);
#3436=DIRECTION('',(1.E0,0.E0,0.E0));
#3437=VECTOR('',#3436,9.499999536839E-1);
#3438=CARTESIAN_POINT('',(-2.161000004632E1,-9.409658171100E0,
1.215556998094E1));
#3439=LINE('',#3438,#3437);
#3440=CARTESIAN_POINT('',(-1.966000009263E1,-9.409658171100E0,
1.165556998094E1));
#3441=DIRECTION('',(0.E0,0.E0,1.E0));
#3442=DIRECTION('',(-1.E0,-1.776356839400E-14,0.E0));
#3443=AXIS2_PLACEMENT_3D('',#3440,#3441,#3442);
#3445=CARTESIAN_POINT('',(-2.066000009263E1,-9.409658171100E0,
1.165556998094E1));
#3446=DIRECTION('',(0.E0,1.E0,0.E0));
#3447=DIRECTION('',(0.E0,0.E0,1.E0));
#3448=AXIS2_PLACEMENT_3D('',#3445,#3446,#3447);
#3450=CARTESIAN_POINT('',(-2.066000009263E1,-9.409658171100E0,
1.265556998094E1));
#3451=DIRECTION('',(1.E0,0.E0,0.E0));
#3452=DIRECTION('',(0.E0,-1.E0,0.E0));
#3453=AXIS2_PLACEMENT_3D('',#3450,#3451,#3452);
#3455=DIRECTION('',(0.E0,0.E0,1.E0));
#3456=VECTOR('',#3455,5.2E0);
#3457=CARTESIAN_POINT('',(-1.966000009263E1,-9.909658171101E0,
6.455569980937E0));
#3458=LINE('',#3457,#3456);
#3459=DIRECTION('',(0.E0,0.E0,-1.E0));
#3460=VECTOR('',#3459,5.2E0);
#3461=CARTESIAN_POINT('',(-2.016000009263E1,-9.409658171101E0,
1.165556998094E1));
#3462=LINE('',#3461,#3460);
#3463=CARTESIAN_POINT('',(-1.966000009263E1,-9.409658171100E0,
6.455569980937E0));
#3464=DIRECTION('',(0.E0,0.E0,-1.E0));
#3465=DIRECTION('',(0.E0,-1.E0,0.E0));
#3466=AXIS2_PLACEMENT_3D('',#3463,#3464,#3465);
#3468=CARTESIAN_POINT('',(-1.966000009263E1,-9.409658171100E0,
6.455569980937E0));
#3469=DIRECTION('',(-1.E0,0.E0,0.E0));
#3470=DIRECTION('',(0.E0,-1.065814103640E-14,-1.E0));
#3471=AXIS2_PLACEMENT_3D('',#3468,#3469,#3470);
#3473=CARTESIAN_POINT('',(-1.966000009263E1,-9.409658171100E0,
6.455569980937E0));
#3474=DIRECTION('',(0.E0,-1.E0,0.E0));
#3475=DIRECTION('',(-1.E0,0.E0,1.421085471520E-14));
#3476=AXIS2_PLACEMENT_3D('',#3473,#3474,#3475);
#3478=DIRECTION('',(1.E0,0.E0,0.E0));
#3479=VECTOR('',#3478,2.500000092632E0);
#3480=CARTESIAN_POINT('',(-1.966000009263E1,-9.409658171101E0,
5.955569980937E0));
#3481=LINE('',#3480,#3479);
#3482=DIRECTION('',(-1.E0,0.E0,0.E0));
#3483=VECTOR('',#3482,2.500000092632E0);
#3484=CARTESIAN_POINT('',(-1.716E1,-9.909658171101E0,6.455569980937E0));
#3485=LINE('',#3484,#3483);
#3486=CARTESIAN_POINT('',(-1.716E1,-9.409658171100E0,6.455569980937E0));
#3487=DIRECTION('',(1.E0,0.E0,0.E0));
#3488=DIRECTION('',(0.E0,-1.E0,0.E0));
#3489=AXIS2_PLACEMENT_3D('',#3486,#3487,#3488);
#3491=CARTESIAN_POINT('',(-1.716E1,-9.409658171100E0,6.455569980937E0));
#3492=DIRECTION('',(0.E0,0.E0,-1.E0));
#3493=DIRECTION('',(1.E0,-2.486899575160E-14,0.E0));
#3494=AXIS2_PLACEMENT_3D('',#3491,#3492,#3493);
#3496=CARTESIAN_POINT('',(-1.716E1,-9.409658171100E0,6.455569980937E0));
#3497=DIRECTION('',(0.E0,-1.E0,0.E0));
#3498=DIRECTION('',(0.E0,0.E0,-1.E0));
#3499=AXIS2_PLACEMENT_3D('',#3496,#3497,#3498);
#3501=DIRECTION('',(0.E0,0.E0,-1.E0));
#3502=VECTOR('',#3501,5.2E0);
#3503=CARTESIAN_POINT('',(-1.716E1,-9.909658171100E0,1.165556998094E1));
#3504=LINE('',#3503,#3502);
#3505=DIRECTION('',(0.E0,0.E0,1.E0));
#3506=VECTOR('',#3505,5.2E0);
#3507=CARTESIAN_POINT('',(-1.666E1,-9.409658171101E0,6.455569980937E0));
#3508=LINE('',#3507,#3506);
#3509=CARTESIAN_POINT('',(-1.521000004632E1,-1.190965817110E1,
1.245556998094E1));
#3510=DIRECTION('',(-1.E0,0.E0,0.E0));
#3511=DIRECTION('',(0.E0,2.960594732334E-14,-1.E0));
#3512=AXIS2_PLACEMENT_3D('',#3509,#3510,#3511);
#3514=DIRECTION('',(0.E0,-1.E0,0.E0));
#3515=VECTOR('',#3514,2.5E0);
#3516=CARTESIAN_POINT('',(-1.521000004632E1,-9.409658171100E0,
1.215556998094E1));
#3517=LINE('',#3516,#3515);
#3518=CARTESIAN_POINT('',(-1.521000004632E1,-9.409658171100E0,
1.265556998094E1));
#3519=DIRECTION('',(1.E0,0.E0,0.E0));
#3520=DIRECTION('',(0.E0,-1.E0,1.563194018672E-13));
#3521=AXIS2_PLACEMENT_3D('',#3518,#3519,#3520);
#3523=DIRECTION('',(0.E0,1.E0,0.E0));
#3524=VECTOR('',#3523,1.1E0);
#3525=CARTESIAN_POINT('',(-1.521000004632E1,-1.100965817110E1,
1.345556998094E1));
#3526=LINE('',#3525,#3524);
#3527=DIRECTION('',(0.E0,0.E0,1.E0));
#3528=VECTOR('',#3527,9.2E0);
#3529=CARTESIAN_POINT('',(-1.521000004632E1,-1.100965817110E1,
1.345556998094E1));
#3530=LINE('',#3529,#3528);
#3531=DIRECTION('',(0.E0,0.E0,-1.E0));
#3532=VECTOR('',#3531,9.2E0);
#3533=CARTESIAN_POINT('',(-1.291E1,-1.100965817110E1,2.265556998094E1));
#3534=LINE('',#3533,#3532);
#3535=DIRECTION('',(-1.E0,0.E0,0.E0));
#3536=VECTOR('',#3535,2.300000046316E0);
#3537=CARTESIAN_POINT('',(-1.291E1,-1.100965817110E1,2.265556998094E1));
#3538=LINE('',#3537,#3536);
#3539=DIRECTION('',(1.E0,0.E0,0.E0));
#3540=VECTOR('',#3539,2.300000046316E0);
#3541=CARTESIAN_POINT('',(-1.521000004632E1,-1.220965817110E1,
2.265556998094E1));
#3542=LINE('',#3541,#3540);
#3543=DIRECTION('',(0.E0,-1.E0,0.E0));
#3544=VECTOR('',#3543,1.2E0);
#3545=CARTESIAN_POINT('',(-1.521000004632E1,-1.100965817110E1,
2.265556998094E1));
#3546=LINE('',#3545,#3544);
#3547=DIRECTION('',(0.E0,0.E0,-1.E0));
#3548=VECTOR('',#3547,1.02E1);
#3549=CARTESIAN_POINT('',(-1.521000004632E1,-1.220965817110E1,
2.265556998094E1));
#3550=LINE('',#3549,#3548);
#3551=DIRECTION('',(0.E0,0.E0,-1.E0));
#3552=VECTOR('',#3551,1.2E0);
#3553=CARTESIAN_POINT('',(-1.291E1,-1.220965817110E1,2.385556998094E1));
#3554=LINE('',#3553,#3552);
#3555=DIRECTION('',(0.E0,0.E0,-1.E0));
#3556=VECTOR('',#3555,1.14E1);
#3557=CARTESIAN_POINT('',(-1.201E1,-1.220965817110E1,2.385556998094E1));
#3558=LINE('',#3557,#3556);
#3559=DIRECTION('',(0.E0,0.E0,1.E0));
#3560=VECTOR('',#3559,1.14E1);
#3561=CARTESIAN_POINT('',(-1.171E1,-1.190965817110E1,1.245556998094E1));
#3562=LINE('',#3561,#3560);
#3563=CARTESIAN_POINT('',(-1.201E1,-1.190965817110E1,2.385556998094E1));
#3564=DIRECTION('',(0.E0,0.E0,1.E0));
#3565=DIRECTION('',(0.E0,-1.E0,0.E0));
#3566=AXIS2_PLACEMENT_3D('',#3563,#3564,#3565);
#3568=CARTESIAN_POINT('',(-1.201E1,-1.190965817110E1,2.385556998094E1));
#3569=DIRECTION('',(1.E0,0.E0,0.E0));
#3570=DIRECTION('',(0.E0,0.E0,1.E0));
#3571=AXIS2_PLACEMENT_3D('',#3568,#3569,#3570);
#3573=CARTESIAN_POINT('',(-1.201E1,-1.190965817110E1,2.385556998094E1));
#3574=DIRECTION('',(0.E0,-1.E0,0.E0));
#3575=DIRECTION('',(1.E0,0.E0,0.E0));
#3576=AXIS2_PLACEMENT_3D('',#3573,#3574,#3575);
#3578=DIRECTION('',(-1.E0,0.E0,0.E0));
#3579=VECTOR('',#3578,8.999999999998E-1);
#3580=CARTESIAN_POINT('',(-1.201E1,-1.190965817110E1,2.415556998094E1));
#3581=LINE('',#3580,#3579);
#3582=DIRECTION('',(1.E0,0.E0,0.E0));
#3583=VECTOR('',#3582,8.999999999998E-1);
#3584=CARTESIAN_POINT('',(-1.291E1,-1.220965817110E1,2.385556998094E1));
#3585=LINE('',#3584,#3583);
#3586=DIRECTION('',(-1.E0,0.E0,0.E0));
#3587=VECTOR('',#3586,1.28E1);
#3588=CARTESIAN_POINT('',(-1.201E1,-7.959658171101E0,2.415556998094E1));
#3589=LINE('',#3588,#3587);
#3590=DIRECTION('',(0.E0,-1.E0,0.E0));
#3591=VECTOR('',#3590,2.E0);
#3592=CARTESIAN_POINT('',(-1.291E1,-9.909658171100E0,2.415556998094E1));
#3593=LINE('',#3592,#3591);
#3594=DIRECTION('',(0.E0,1.E0,0.E0));
#3595=VECTOR('',#3594,2.E0);
#3596=CARTESIAN_POINT('',(-2.391E1,-1.190965817110E1,2.415556998094E1));
#3597=LINE('',#3596,#3595);
#3598=DIRECTION('',(0.E0,1.E0,0.E0));
#3599=VECTOR('',#3598,3.95E0);
#3600=CARTESIAN_POINT('',(-1.171E1,-1.190965817110E1,2.385556998094E1));
#3601=LINE('',#3600,#3599);
#3602=DIRECTION('',(0.E0,-1.E0,0.E0));
#3603=VECTOR('',#3602,3.95E0);
#3604=CARTESIAN_POINT('',(-1.201E1,-7.959658171101E0,2.415556998094E1));
#3605=LINE('',#3604,#3603);
#3606=DIRECTION('',(1.E0,0.E0,0.E0));
#3607=VECTOR('',#3606,9.000000000001E-1);
#3608=CARTESIAN_POINT('',(-2.481E1,-1.220965817110E1,2.385556998094E1));
#3609=LINE('',#3608,#3607);
#3610=DIRECTION('',(-1.E0,0.E0,0.E0));
#3611=VECTOR('',#3610,9.000000000001E-1);
#3612=CARTESIAN_POINT('',(-2.391E1,-1.190965817110E1,2.415556998094E1));
#3613=LINE('',#3612,#3611);
#3614=CARTESIAN_POINT('',(-2.481E1,-1.190965817110E1,2.385556998094E1));
#3615=DIRECTION('',(0.E0,-1.E0,0.E0));
#3616=DIRECTION('',(0.E0,0.E0,1.E0));
#3617=AXIS2_PLACEMENT_3D('',#3614,#3615,#3616);
#3619=CARTESIAN_POINT('',(-2.481E1,-1.190965817110E1,2.385556998094E1));
#3620=DIRECTION('',(-1.E0,0.E0,0.E0));
#3621=DIRECTION('',(0.E0,-1.E0,0.E0));
#3622=AXIS2_PLACEMENT_3D('',#3619,#3620,#3621);
#3624=CARTESIAN_POINT('',(-2.481E1,-1.190965817110E1,2.385556998094E1));
#3625=DIRECTION('',(0.E0,0.E0,1.E0));
#3626=DIRECTION('',(-1.E0,0.E0,0.E0));
#3627=AXIS2_PLACEMENT_3D('',#3624,#3625,#3626);
#3629=DIRECTION('',(0.E0,1.E0,0.E0));
#3630=VECTOR('',#3629,3.95E0);
#3631=CARTESIAN_POINT('',(-2.481E1,-1.190965817110E1,2.415556998094E1));
#3632=LINE('',#3631,#3630);
#3633=DIRECTION('',(0.E0,-1.E0,0.E0));
#3634=VECTOR('',#3633,3.95E0);
#3635=CARTESIAN_POINT('',(-2.511E1,-7.959658171101E0,2.385556998094E1));
#3636=LINE('',#3635,#3634);
#3637=DIRECTION('',(0.E0,0.E0,-1.E0));
#3638=VECTOR('',#3637,1.14E1);
#3639=CARTESIAN_POINT('',(-2.511E1,-7.959658171101E0,2.385556998094E1));
#3640=LINE('',#3639,#3638);
#3641=CARTESIAN_POINT('',(-1.201E1,-1.190965817110E1,1.245556998094E1));
#3642=DIRECTION('',(1.E0,0.E0,0.E0));
#3643=DIRECTION('',(0.E0,-1.E0,0.E0));
#3644=AXIS2_PLACEMENT_3D('',#3641,#3642,#3643);
#3646=CARTESIAN_POINT('',(-1.201E1,-1.190965817110E1,1.245556998094E1));
#3647=DIRECTION('',(0.E0,0.E0,-1.E0));
#3648=DIRECTION('',(1.E0,0.E0,0.E0));
#3649=AXIS2_PLACEMENT_3D('',#3646,#3647,#3648);
#3651=CARTESIAN_POINT('',(-1.201E1,-1.190965817110E1,1.245556998094E1));
#3652=DIRECTION('',(0.E0,-1.E0,0.E0));
#3653=DIRECTION('',(-1.776356839400E-14,0.E0,-1.E0));
#3654=AXIS2_PLACEMENT_3D('',#3651,#3652,#3653);
#3656=DIRECTION('',(1.E0,0.E0,0.E0));
#3657=VECTOR('',#3656,3.200000046316E0);
#3658=CARTESIAN_POINT('',(-1.521000004632E1,-1.190965817110E1,
1.215556998094E1));
#3659=LINE('',#3658,#3657);
#3660=DIRECTION('',(-1.E0,0.E0,0.E0));
#3661=VECTOR('',#3660,3.200000046316E0);
#3662=CARTESIAN_POINT('',(-1.201E1,-1.220965817110E1,1.245556998094E1));
#3663=LINE('',#3662,#3661);
#3664=CARTESIAN_POINT('',(-8.829999934456E0,-7.659658171101E0,
-3.336430019060E0));
#3665=DIRECTION('',(-1.E0,0.E0,7.570155194792E-14));
#3666=DIRECTION('',(-7.697546304068E-14,1.184237892934E-14,-1.E0));
#3667=AXIS2_PLACEMENT_3D('',#3664,#3665,#3666);
#3669=DIRECTION('',(-3.066681018645E-12,1.E0,2.251333287497E-14));
#3670=VECTOR('',#3669,3.649237732970E0);
#3671=CARTESIAN_POINT('',(-3.162193933280E1,-1.121597569450E0,
-3.636430019058E0));
#3672=LINE('',#3671,#3670);
#3673=CARTESIAN_POINT('',(-3.172193933281E1,2.140341828899E0,
-3.636430019058E0));
#3674=DIRECTION('',(0.E0,0.E0,-1.E0));
#3675=DIRECTION('',(-4.440892098501E-14,1.E0,0.E0));
#3676=AXIS2_PLACEMENT_3D('',#3673,#3674,#3675);
#3678=DIRECTION('',(0.E0,1.E0,2.735589485921E-14));
#3679=VECTOR('',#3678,5.000000085457E0);
#3680=CARTESIAN_POINT('',(-3.318999993446E1,-2.459658171101E0,
-3.636430019058E0));
#3681=LINE('',#3680,#3679);
#3682=CARTESIAN_POINT('',(-2.798999993446E1,-2.459658171101E0,
-3.636430019058E0));
#3683=DIRECTION('',(0.E0,0.E0,-1.E0));
#3684=DIRECTION('',(0.E0,-1.E0,0.E0));
#3685=AXIS2_PLACEMENT_3D('',#3682,#3683,#3684);
#3687=DIRECTION('',(-1.E0,0.E0,8.235119846541E-14));
#3688=VECTOR('',#3687,1.916E1);
#3689=CARTESIAN_POINT('',(-8.829999934456E0,-7.659658171101E0,
-3.636430019060E0));
#3690=LINE('',#3689,#3688);
#3691=CARTESIAN_POINT('',(-8.829999934456E0,-2.459658171101E0,
-3.636430019060E0));
#3692=DIRECTION('',(0.E0,0.E0,-1.E0));
#3693=DIRECTION('',(1.E0,0.E0,0.E0));
#3694=AXIS2_PLACEMENT_3D('',#3691,#3692,#3693);
#3696=DIRECTION('',(0.E0,-1.E0,0.E0));
#3697=VECTOR('',#3696,5.E0);
#3698=CARTESIAN_POINT('',(-3.629999934456E0,2.540341828899E0,
-3.636430019060E0));
#3699=LINE('',#3698,#3697);
#3700=CARTESIAN_POINT('',(-5.071877938715E0,2.140341828899E0,
-3.636430019060E0));
#3701=DIRECTION('',(0.E0,0.E0,-1.E0));
#3702=DIRECTION('',(-2.500000000001E-1,9.682458365518E-1,0.E0));
#3703=AXIS2_PLACEMENT_3D('',#3700,#3701,#3702);
#3705=DIRECTION('',(-6.105859263083E-12,-1.E0,0.E0));
#3706=VECTOR('',#3705,3.649237732965E0);
#3707=CARTESIAN_POINT('',(-5.171877938715E0,2.527640163520E0,
-3.636430019060E0));
#3708=LINE('',#3707,#3706);
#3709=CARTESIAN_POINT('',(-9.771877938715E0,-1.121597569454E0,
-3.636430019060E0));
#3710=DIRECTION('',(0.E0,0.E0,-1.E0));
#3711=DIRECTION('',(1.E0,0.E0,0.E0));
#3712=AXIS2_PLACEMENT_3D('',#3709,#3710,#3711);
#3714=DIRECTION('',(-1.E0,8.170182610850E-13,8.225275221094E-14));
#3715=VECTOR('',#3714,1.725006139408E1);
#3716=CARTESIAN_POINT('',(-9.771877938720E0,-5.721597569440E0,
-3.636430019060E0));
#3717=LINE('',#3716,#3715);
#3718=CARTESIAN_POINT('',(-2.702193933281E1,-1.121597569454E0,
-3.636430019058E0));
#3719=DIRECTION('',(-2.072416312639E-14,0.E0,-1.E0));
#3720=DIRECTION('',(0.E0,-1.E0,0.E0));
#3721=AXIS2_PLACEMENT_3D('',#3718,#3719,#3720);
#3723=CARTESIAN_POINT('',(-3.162193933281E1,-1.121597569454E0,
-3.336430019058E0));
#3724=DIRECTION('',(0.E0,1.E0,0.E0));
#3725=DIRECTION('',(1.E0,0.E0,0.E0));
#3726=AXIS2_PLACEMENT_3D('',#3723,#3724,#3725);
#3728=CARTESIAN_POINT('',(-3.132193933281E1,2.140341828899E0,
-3.336430019058E0));
#3729=CARTESIAN_POINT('',(-3.132193933281E1,2.180638638128E0,
-3.371328079542E0));
#3730=CARTESIAN_POINT('',(-3.133403664664E1,2.257097679310E0,
-3.437512016844E0));
#3731=CARTESIAN_POINT('',(-3.137910816409E1,2.355168630563E0,
-3.520492361175E0));
#3732=CARTESIAN_POINT('',(-3.144553003463E1,2.435570788472E0,
-3.584892087418E0));
#3733=CARTESIAN_POINT('',(-3.152902884389E1,2.495563343222E0,
-3.626691767365E0));
#3734=CARTESIAN_POINT('',(-3.159063647313E1,2.519557799903E0,
-3.636430019058E0));
#3735=CARTESIAN_POINT('',(-3.162193933281E1,2.527640163520E0,
-3.636430019058E0));
#3737=DIRECTION('',(-1.614869854007E-14,0.E0,-1.E0));
#3738=VECTOR('',#3737,1.099999999996E0);
#3739=CARTESIAN_POINT('',(-3.132193933281E1,2.140341828899E0,
-2.236430019063E0));
#3740=LINE('',#3739,#3738);
#3741=DIRECTION('',(-1.424289320215E-8,-1.424291214996E-8,1.E0));
#3742=VECTOR('',#3741,1.499999987889E0);
#3743=CARTESIAN_POINT('',(-3.172193932213E1,2.540341857385E0,
-3.636430006467E0));
#3744=LINE('',#3743,#3742);
#3745=DIRECTION('',(0.E0,1.E0,1.960454760653E-14));
#3746=VECTOR('',#3745,3.261939398037E0);
#3747=CARTESIAN_POINT('',(-3.132193933281E1,-1.121597569137E0,
-3.336430019058E0));
#3748=LINE('',#3747,#3746);
#3749=CARTESIAN_POINT('',(-2.702193933281E1,-1.121597569454E0,
-3.336430019058E0));
#3750=DIRECTION('',(-2.072416312639E-14,0.E0,-1.E0));
#3751=DIRECTION('',(0.E0,-1.E0,0.E0));
#3752=AXIS2_PLACEMENT_3D('',#3749,#3750,#3751);
#3754=DIRECTION('',(5.110433547065E-7,-1.695613346706E-14,-9.999999999999E-1));
#3755=VECTOR('',#3754,1.099999999996E0);
#3756=CARTESIAN_POINT('',(-2.702193989460E1,-5.421597569454E0,
-2.236430019063E0));
#3757=LINE('',#3756,#3755);
#3758=DIRECTION('',(2.260817795609E-14,-2.883008983072E-10,1.E0));
#3759=VECTOR('',#3758,1.099999999996E0);
#3760=CARTESIAN_POINT('',(-3.132193933281E1,-1.121597569137E0,
-3.336430019058E0));
#3761=LINE('',#3760,#3759);
#3762=CARTESIAN_POINT('',(-2.702193933281E1,-5.721597569454E0,
-3.336430019058E0));
#3763=DIRECTION('',(-1.E0,-7.889869313438E-14,2.072416312639E-14));
#3764=DIRECTION('',(-8.289665250535E-14,1.E0,2.368475785867E-14));
#3765=AXIS2_PLACEMENT_3D('',#3762,#3763,#3764);
#3767=CARTESIAN_POINT('',(-9.771877938715E0,-5.721597569454E0,
-3.336430019060E0));
#3768=DIRECTION('',(-1.E0,0.E0,7.569791573693E-14));
#3769=DIRECTION('',(0.E0,1.E0,0.E0));
#3770=AXIS2_PLACEMENT_3D('',#3767,#3768,#3769);
#3772=DIRECTION('',(-1.E0,0.E0,8.070809959059E-14));
#3773=VECTOR('',#3772,1.725006139337E1);
#3774=CARTESIAN_POINT('',(-9.771877939079E0,-5.421597569454E0,
-3.336430019060E0));
#3775=LINE('',#3774,#3773);
#3776=CARTESIAN_POINT('',(-9.771877938715E0,-1.121597569454E0,
-3.336430019060E0));
#3777=DIRECTION('',(0.E0,0.E0,-1.E0));
#3778=DIRECTION('',(1.E0,0.E0,0.E0));
#3779=AXIS2_PLACEMENT_3D('',#3776,#3777,#3778);
#3781=DIRECTION('',(0.E0,1.916786390221E-7,-1.E0));
#3782=VECTOR('',#3781,1.099999999998E0);
#3783=CARTESIAN_POINT('',(-5.471877938715E0,-1.121597779984E0,
-2.236430019063E0));
#3784=LINE('',#3783,#3782);
#3785=DIRECTION('',(3.312001178371E-10,0.E0,1.E0));
#3786=VECTOR('',#3785,1.099999999997E0);
#3787=CARTESIAN_POINT('',(-9.771877939079E0,-5.421597569454E0,
-3.336430019060E0));
#3788=LINE('',#3787,#3786);
#3789=CARTESIAN_POINT('',(-5.171877938715E0,-1.121597569454E0,
-3.336430019060E0));
#3790=DIRECTION('',(1.741662369881E-14,-1.E0,0.E0));
#3791=DIRECTION('',(-1.E0,-1.776356839400E-14,0.E0));
#3792=AXIS2_PLACEMENT_3D('',#3789,#3790,#3791);
#3794=CARTESIAN_POINT('',(-5.171877938715E0,2.527640163520E0,
-3.636430019060E0));
#3795=CARTESIAN_POINT('',(-5.203081304744E0,2.519583489055E0,
-3.636430019060E0));
#3796=CARTESIAN_POINT('',(-5.264571394880E0,2.495683829013E0,
-3.626764902580E0));
#3797=CARTESIAN_POINT('',(-5.348232832569E0,2.435635271189E0,
-3.584944030435E0));
#3798=CARTESIAN_POINT('',(-5.414635981590E0,2.355266072020E0,
-3.520571488851E0));
#3799=CARTESIAN_POINT('',(-5.459728200116E0,2.257282632310E0,
-3.437671359045E0));
#3800=CARTESIAN_POINT('',(-5.471877938715E0,2.180717169863E0,
-3.371396090021E0));
#3801=CARTESIAN_POINT('',(-5.471877938715E0,2.140341828899E0,
-3.336430019060E0));
#3803=DIRECTION('',(0.E0,0.E0,-1.E0));
#3804=VECTOR('',#3803,1.499999999998E0);
#3805=CARTESIAN_POINT('',(-5.071877938715E0,2.540341828899E0,
-2.136430019063E0));
#3806=LINE('',#3805,#3804);
#3807=DIRECTION('',(0.E0,0.E0,1.E0));
#3808=VECTOR('',#3807,1.099999999998E0);
#3809=CARTESIAN_POINT('',(-5.471877938715E0,2.140341828899E0,
-3.336430019060E0));
#3810=LINE('',#3809,#3808);
#3811=CARTESIAN_POINT('',(-2.798999993446E1,-2.459658171101E0,
-2.136430019063E0));
#3812=DIRECTION('',(0.E0,0.E0,1.E0));
#3813=DIRECTION('',(-1.E0,0.E0,0.E0));
#3814=AXIS2_PLACEMENT_3D('',#3811,#3812,#3813);
#3816=DIRECTION('',(-1.E0,4.567436949051E-14,-1.424288658480E-8));
#3817=VECTOR('',#3816,6.806058854509E-2);
#3818=CARTESIAN_POINT('',(-3.172193934349E1,2.540341836021E0,
-2.136430018578E0));
#3819=LINE('',#3818,#3817);
#3820=CARTESIAN_POINT('',(-3.172193933281E1,2.140341828899E0,
-2.136430019063E0));
#3821=DIRECTION('',(0.E0,0.E0,1.E0));
#3822=DIRECTION('',(7.500000000001E-1,6.614378277661E-1,0.E0));
#3823=AXIS2_PLACEMENT_3D('',#3820,#3821,#3822);
#3825=CARTESIAN_POINT('',(-2.702193933281E1,-1.121597569454E0,
-2.136430019063E0));
#3826=DIRECTION('',(-2.072416312639E-14,0.E0,-1.E0));
#3827=DIRECTION('',(-1.309059680856E-7,-1.E0,0.E0));
#3828=AXIS2_PLACEMENT_3D('',#3825,#3826,#3827);
#3830=CARTESIAN_POINT('',(-9.771877938715E0,-1.121597569454E0,
-2.136430019063E0));
#3831=DIRECTION('',(0.E0,0.E0,-1.E0));
#3832=DIRECTION('',(1.E0,-3.280204390938E-14,0.E0));
#3833=AXIS2_PLACEMENT_3D('',#3830,#3831,#3832);
#3835=CARTESIAN_POINT('',(-5.071877938715E0,2.140341828899E0,
-2.136430019063E0));
#3836=DIRECTION('',(0.E0,0.E0,1.E0));
#3837=DIRECTION('',(1.554312234475E-14,1.E0,0.E0));
#3838=AXIS2_PLACEMENT_3D('',#3835,#3836,#3837);
#3840=DIRECTION('',(-1.E0,-8.483483732486E-14,2.120870933121E-14));
#3841=VECTOR('',#3840,4.187800425898E-2);
#3842=CARTESIAN_POINT('',(-5.029999934456E0,2.540341828899E0,
-2.136430019063E0));
#3843=LINE('',#3842,#3841);
#3844=CARTESIAN_POINT('',(-8.829999934456E0,-2.459658171100E0,
-2.136430019063E0));
#3845=DIRECTION('',(0.E0,0.E0,1.E0));
#3846=DIRECTION('',(2.541429990431E-9,-1.E0,0.E0));
#3847=AXIS2_PLACEMENT_3D('',#3844,#3845,#3846);
#3849=CARTESIAN_POINT('',(-2.799000017497E1,-6.259658171100E0,
-1.936430019063E0));
#3850=DIRECTION('',(1.E0,-6.329416504995E-8,0.E0));
#3851=DIRECTION('',(-6.329416990525E-8,-1.E0,-1.998401444325E-14));
#3852=AXIS2_PLACEMENT_3D('',#3849,#3850,#3851);
#3854=CARTESIAN_POINT('',(-2.798999993446E1,-2.459658171101E0,
-1.936430019063E0));
#3855=DIRECTION('',(0.E0,0.E0,1.E0));
#3856=DIRECTION('',(-1.E0,0.E0,0.E0));
#3857=AXIS2_PLACEMENT_3D('',#3854,#3855,#3856);
#3859=CARTESIAN_POINT('',(-3.178999993446E1,-2.459658171100E0,
-1.936430019063E0));
#3860=DIRECTION('',(0.E0,1.E0,0.E0));
#3861=DIRECTION('',(0.E0,0.E0,-1.E0));
#3862=AXIS2_PLACEMENT_3D('',#3859,#3860,#3861);
#3864=DIRECTION('',(1.E0,0.E0,0.E0));
#3865=VECTOR('',#3864,1.916000019834E1);
#3866=CARTESIAN_POINT('',(-2.799000012538E1,-6.459658171100E0,
-1.936430019063E0));
#3867=LINE('',#3866,#3865);
#3868=DIRECTION('',(-1.E0,0.E0,0.E0));
#3869=VECTOR('',#3868,1.916000025554E1);
#3870=CARTESIAN_POINT('',(-8.829999924904E0,-6.259658171101E0,
-2.136430019063E0));
#3871=LINE('',#3870,#3869);
#3872=DIRECTION('',(0.E0,3.074638721E-9,-1.E0));
#3873=VECTOR('',#3872,1.4192E1);
#3874=CARTESIAN_POINT('',(-4.829999934456E0,-2.459658345642E0,
1.225556998094E1));
#3875=LINE('',#3874,#3873);
#3876=DIRECTION('',(0.E0,0.E0,1.E0));
#3877=VECTOR('',#3876,2.542E0);
#3878=CARTESIAN_POINT('',(-8.829999934456E0,-6.459658171101E0,
9.713569980937E0));
#3879=LINE('',#3878,#3877);
#3880=DIRECTION('',(0.E0,0.E0,1.E0));
#3881=VECTOR('',#3880,1.358E0);
#3882=CARTESIAN_POINT('',(-6.242047075534E0,-5.509658171101E0,
8.355569980937E0));
#3883=LINE('',#3882,#3881);
#3884=DIRECTION('',(0.E0,0.E0,1.E0));
#3885=VECTOR('',#3884,5.E-1);
#3886=CARTESIAN_POINT('',(-6.893508261352E0,-5.959658171101E0,
7.855569980937E0));
#3887=LINE('',#3886,#3885);
#3888=DIRECTION('',(1.985339996977E-14,0.E0,1.E0));
#3889=VECTOR('',#3888,1.7E0);
#3890=CARTESIAN_POINT('',(-8.829999934045E0,-6.459658171101E0,
6.155569980937E0));
#3891=LINE('',#3890,#3889);
#3892=DIRECTION('',(1.001958807478E-6,0.E0,9.999999999995E-1));
#3893=VECTOR('',#3892,1.500000000001E0);
#3894=CARTESIAN_POINT('',(-6.893509764291E0,-5.959658171101E0,
4.655569980937E0));
#3895=LINE('',#3894,#3893);
#3896=DIRECTION('',(0.E0,0.E0,1.E0));
#3897=VECTOR('',#3896,1.942E0);
#3898=CARTESIAN_POINT('',(-6.242047075534E0,-5.509658171101E0,
2.713569980937E0));
#3899=LINE('',#3898,#3897);
#3900=DIRECTION('',(-8.656007332652E-10,0.E0,1.E0));
#3901=VECTOR('',#3900,4.65E0);
#3902=CARTESIAN_POINT('',(-8.829999927042E0,-6.459658171100E0,
-1.936430019063E0));
#3903=LINE('',#3902,#3901);
#3904=DIRECTION('',(0.E0,0.E0,-1.E0));
#3905=VECTOR('',#3904,1.4192E1);
#3906=CARTESIAN_POINT('',(-4.829999934456E0,2.540341828899E0,1.225556998094E1));
#3907=LINE('',#3906,#3905);
#3908=DIRECTION('',(0.E0,1.E0,0.E0));
#3909=VECTOR('',#3908,5.000000130906E0);
#3910=CARTESIAN_POINT('',(-4.829999934456E0,-2.459658302006E0,
-1.936430019063E0));
#3911=LINE('',#3910,#3909);
#3912=DIRECTION('',(0.E0,-1.E0,0.E0));
#3913=VECTOR('',#3912,5.E0);
#3914=CARTESIAN_POINT('',(-5.029999934456E0,2.540341828899E0,
-2.136430019063E0));
#3915=LINE('',#3914,#3913);
#3916=CARTESIAN_POINT('',(-8.829999934456E0,-2.459658171100E0,
-1.936430019063E0));
#3917=DIRECTION('',(0.E0,0.E0,1.E0));
#3918=DIRECTION('',(0.E0,-1.E0,0.E0));
#3919=AXIS2_PLACEMENT_3D('',#3916,#3917,#3918);
#3921=CARTESIAN_POINT('',(-8.829999925117E0,-6.259658171100E0,
-1.936430019063E0));
#3922=DIRECTION('',(-1.E0,-2.457695921967E-9,0.E0));
#3923=DIRECTION('',(0.E0,-1.376676550535E-13,-1.E0));
#3924=AXIS2_PLACEMENT_3D('',#3921,#3922,#3923);
#3926=CARTESIAN_POINT('',(-5.029999934456E0,-2.459658171100E0,
-1.936430019063E0));
#3927=DIRECTION('',(0.E0,1.E0,0.E0));
#3928=DIRECTION('',(1.E0,0.E0,0.E0));
#3929=AXIS2_PLACEMENT_3D('',#3926,#3927,#3928);
#3931=CARTESIAN_POINT('',(-8.829999934456E0,-2.459658171100E0,
1.225556998094E1));
#3932=DIRECTION('',(0.E0,0.E0,-1.E0));
#3933=DIRECTION('',(1.E0,0.E0,0.E0));
#3934=AXIS2_PLACEMENT_3D('',#3931,#3932,#3933);
#3936=DIRECTION('',(0.E0,-1.E0,0.E0));
#3937=VECTOR('',#3936,5.000000174541E0);
#3938=CARTESIAN_POINT('',(-4.829999934456E0,2.540341828899E0,1.225556998094E1));
#3939=LINE('',#3938,#3937);
#3940=CARTESIAN_POINT('',(-8.109999934456E0,-3.109658171101E0,
1.225556998094E1));
#3941=DIRECTION('',(0.E0,0.E0,1.E0));
#3942=DIRECTION('',(-8.171241461241E-14,-1.E0,0.E0));
#3943=AXIS2_PLACEMENT_3D('',#3940,#3941,#3942);
#3945=CARTESIAN_POINT('',(-2.870999993446E1,-3.109658171101E0,
1.225556998094E1));
#3946=DIRECTION('',(0.E0,0.E0,1.E0));
#3947=DIRECTION('',(-1.E0,0.E0,0.E0));
#3948=AXIS2_PLACEMENT_3D('',#3945,#3946,#3947);
#3950=CARTESIAN_POINT('',(-2.798999993446E1,-2.459658171101E0,
1.225556998094E1));
#3951=DIRECTION('',(0.E0,0.E0,-1.E0));
#3952=DIRECTION('',(2.220446049250E-14,-1.E0,0.E0));
#3953=AXIS2_PLACEMENT_3D('',#3950,#3951,#3952);
#3955=DIRECTION('',(-1.E0,0.E0,0.E0));
#3956=VECTOR('',#3955,9.329999845213E0);
#3957=CARTESIAN_POINT('',(-1.866000009263E1,-6.459658171101E0,
1.225556998094E1));
#3958=LINE('',#3957,#3956);
#3959=DIRECTION('',(-1.E0,0.E0,0.E0));
#3960=VECTOR('',#3959,5.000000926323E-1);
#3961=CARTESIAN_POINT('',(-1.816E1,-8.909658171100E0,1.175556998094E1));
#3962=LINE('',#3961,#3960);
#3963=DIRECTION('',(1.E0,0.E0,0.E0));
#3964=VECTOR('',#3963,5.000000926323E-1);
#3965=CARTESIAN_POINT('',(-1.866000009263E1,-8.409658171100E0,
1.225556998094E1));
#3966=LINE('',#3965,#3964);
#3967=CARTESIAN_POINT('',(-1.866000009263E1,-8.409658171100E0,
1.175556998094E1));
#3968=DIRECTION('',(1.E0,0.E0,0.E0));
#3969=DIRECTION('',(0.E0,-1.776356839400E-14,1.E0));
#3970=AXIS2_PLACEMENT_3D('',#3967,#3968,#3969);
#3972=CARTESIAN_POINT('',(-1.866000009263E1,-8.409658171100E0,
1.175556998094E1));
#3973=DIRECTION('',(0.E0,1.E0,0.E0));
#3974=DIRECTION('',(-1.E0,0.E0,0.E0));
#3975=AXIS2_PLACEMENT_3D('',#3972,#3973,#3974);
#3977=CARTESIAN_POINT('',(-1.866000009263E1,-8.409658171100E0,
1.175556998094E1));
#3978=DIRECTION('',(0.E0,0.E0,-1.E0));
#3979=DIRECTION('',(-2.131628207280E-14,-1.E0,0.E0));
#3980=AXIS2_PLACEMENT_3D('',#3977,#3978,#3979);
#3982=DIRECTION('',(0.E0,1.E0,0.E0));
#3983=VECTOR('',#3982,1.95E0);
#3984=CARTESIAN_POINT('',(-1.916000009263E1,-8.409658171100E0,
1.175556998094E1));
#3985=LINE('',#3984,#3983);
#3986=DIRECTION('',(0.E0,-1.E0,0.E0));
#3987=VECTOR('',#3986,1.95E0);
#3988=CARTESIAN_POINT('',(-1.866000009263E1,-6.459658171101E0,
1.225556998094E1));
#3989=LINE('',#3988,#3987);
#3990=DIRECTION('',(0.E0,0.E0,1.E0));
#3991=VECTOR('',#3990,2.042E0);
#3992=CARTESIAN_POINT('',(-1.916000009263E1,-6.459658171101E0,
9.713569980937E0));
#3993=LINE('',#3992,#3991);
#3994=DIRECTION('',(0.E0,-1.E0,0.E0));
#3995=VECTOR('',#3994,9.500136028094E-1);
#3996=CARTESIAN_POINT('',(-1.916000009263E1,-5.509644568291E0,
9.713569980937E0));
#3997=LINE('',#3996,#3995);
#3998=DIRECTION('',(0.E0,1.001679635145E-5,9.999999999498E-1));
#3999=VECTOR('',#3998,1.358000000068E0);
#4000=CARTESIAN_POINT('',(-1.916000009263E1,-5.509658171101E0,
8.355569980937E0));
#4001=LINE('',#4000,#3999);
#4002=DIRECTION('',(0.E0,1.E0,0.E0));
#4003=VECTOR('',#4002,4.499759306140E-1);
#4004=CARTESIAN_POINT('',(-1.916000009263E1,-5.959634101715E0,
8.355569980937E0));
#4005=LINE('',#4004,#4003);
#4006=DIRECTION('',(0.E0,4.813877191729E-5,9.999999988413E-1));
#4007=VECTOR('',#4006,5.000000005793E-1);
#4008=CARTESIAN_POINT('',(-1.916000009263E1,-5.959658171101E0,
7.855569980937E0));
#4009=LINE('',#4008,#4007);
#4010=DIRECTION('',(0.E0,1.E0,0.E0));
#4011=VECTOR('',#4010,5.E-1);
#4012=CARTESIAN_POINT('',(-1.916000009263E1,-6.459658171101E0,
7.855569980937E0));
#4013=LINE('',#4012,#4011);
#4014=DIRECTION('',(0.E0,0.E0,1.E0));
#4015=VECTOR('',#4014,4.000000000001E-1);
#4016=CARTESIAN_POINT('',(-1.916000009263E1,-6.459658171101E0,
7.455569980937E0));
#4017=LINE('',#4016,#4015);
#4018=DIRECTION('',(0.E0,0.E0,1.E0));
#4019=VECTOR('',#4018,4.3E0);
#4020=CARTESIAN_POINT('',(-1.916000009263E1,-8.409658171100E0,
7.455569980937E0));
#4021=LINE('',#4020,#4019);
#4022=DIRECTION('',(0.E0,0.E0,-1.E0));
#4023=VECTOR('',#4022,4.3E0);
#4024=CARTESIAN_POINT('',(-1.866000009263E1,-8.909658171100E0,
1.175556998094E1));
#4025=LINE('',#4024,#4023);
#4026=CARTESIAN_POINT('',(-1.866000009263E1,-8.409658171100E0,
7.455569980937E0));
#4027=DIRECTION('',(0.E0,1.E0,0.E0));
#4028=DIRECTION('',(0.E0,0.E0,-1.E0));
#4029=AXIS2_PLACEMENT_3D('',#4026,#4027,#4028);
#4031=CARTESIAN_POINT('',(-1.866000009263E1,-8.409658171100E0,
7.455569980937E0));
#4032=DIRECTION('',(1.E0,0.E0,0.E0));
#4033=DIRECTION('',(0.E0,-1.E0,0.E0));
#4034=AXIS2_PLACEMENT_3D('',#4031,#4032,#4033);
#4036=CARTESIAN_POINT('',(-1.866000009263E1,-8.409658171100E0,
7.455569980937E0));
#4037=DIRECTION('',(0.E0,0.E0,1.E0));
#4038=DIRECTION('',(-1.E0,1.421085471520E-14,0.E0));
#4039=AXIS2_PLACEMENT_3D('',#4036,#4037,#4038);
#4041=DIRECTION('',(0.E0,-1.E0,0.E0));
#4042=VECTOR('',#4041,1.95E0);
#4043=CARTESIAN_POINT('',(-1.916000009263E1,-6.459658171101E0,
7.455569980937E0));
#4044=LINE('',#4043,#4042);
#4045=DIRECTION('',(0.E0,1.E0,0.E0));
#4046=VECTOR('',#4045,1.95E0);
#4047=CARTESIAN_POINT('',(-1.866000009263E1,-8.409658171101E0,
6.955569980937E0));
#4048=LINE('',#4047,#4046);
#4049=CARTESIAN_POINT('',(-1.866000009263E1,-6.459658171101E0,
7.455569980937E0));
#4050=DIRECTION('',(0.E0,-1.E0,0.E0));
#4051=DIRECTION('',(-1.E0,0.E0,0.E0));
#4052=AXIS2_PLACEMENT_3D('',#4049,#4050,#4051);
#4054=DIRECTION('',(1.E0,0.E0,0.E0));
#4055=VECTOR('',#4054,8.829999841824E0);
#4056=CARTESIAN_POINT('',(-2.798999993446E1,-6.459658171101E0,
7.855569980937E0));
#4057=LINE('',#4056,#4055);
#4058=DIRECTION('',(-1.E0,0.E0,3.791909954588E-14));
#4059=VECTOR('',#4058,1.916000000041E1);
#4060=CARTESIAN_POINT('',(-8.829999934045E0,-6.459658171101E0,
6.155569980937E0));
#4061=LINE('',#4060,#4059);
#4062=CARTESIAN_POINT('',(-1.816E1,-6.459658171101E0,7.455569980937E0));
#4063=DIRECTION('',(0.E0,-1.E0,0.E0));
#4064=DIRECTION('',(-9.947598300641E-14,0.E0,-1.E0));
#4065=AXIS2_PLACEMENT_3D('',#4062,#4063,#4064);
#4067=DIRECTION('',(-1.E0,0.E0,0.E0));
#4068=VECTOR('',#4067,5.000000926323E-1);
#4069=CARTESIAN_POINT('',(-1.816E1,-6.459658171101E0,6.955569980937E0));
#4070=LINE('',#4069,#4068);
#4071=DIRECTION('',(0.E0,-1.E0,0.E0));
#4072=VECTOR('',#4071,1.95E0);
#4073=CARTESIAN_POINT('',(-1.816E1,-6.459658171101E0,6.955569980937E0));
#4074=LINE('',#4073,#4072);
#4075=DIRECTION('',(0.E0,1.E0,0.E0));
#4076=VECTOR('',#4075,1.95E0);
#4077=CARTESIAN_POINT('',(-1.766E1,-8.409658171100E0,7.455569980937E0));
#4078=LINE('',#4077,#4076);
#4079=CARTESIAN_POINT('',(-1.816E1,-8.409658171100E0,7.455569980937E0));
#4080=DIRECTION('',(0.E0,1.E0,0.E0));
#4081=DIRECTION('',(1.E0,0.E0,1.421085471520E-14));
#4082=AXIS2_PLACEMENT_3D('',#4079,#4080,#4081);
#4084=CARTESIAN_POINT('',(-1.816E1,-8.409658171100E0,7.455569980937E0));
#4085=DIRECTION('',(0.E0,0.E0,1.E0));
#4086=DIRECTION('',(-1.421085471520E-14,-1.E0,0.E0));
#4087=AXIS2_PLACEMENT_3D('',#4084,#4085,#4086);
#4089=CARTESIAN_POINT('',(-1.816E1,-8.409658171100E0,7.455569980937E0));
#4090=DIRECTION('',(-1.E0,0.E0,0.E0));
#4091=DIRECTION('',(0.E0,-1.065814103640E-14,-1.E0));
#4092=AXIS2_PLACEMENT_3D('',#4089,#4090,#4091);
#4094=DIRECTION('',(0.E0,0.E0,1.E0));
#4095=VECTOR('',#4094,4.3E0);
#4096=CARTESIAN_POINT('',(-1.816E1,-8.909658171101E0,7.455569980937E0));
#4097=LINE('',#4096,#4095);
#4098=DIRECTION('',(0.E0,0.E0,-1.E0));
#4099=VECTOR('',#4098,4.3E0);
#4100=CARTESIAN_POINT('',(-1.766E1,-8.409658171100E0,1.175556998094E1));
#4101=LINE('',#4100,#4099);
#4102=CARTESIAN_POINT('',(-1.816E1,-8.409658171100E0,1.175556998094E1));
#4103=DIRECTION('',(0.E0,0.E0,-1.E0));
#4104=DIRECTION('',(1.E0,2.131628207280E-14,0.E0));
#4105=AXIS2_PLACEMENT_3D('',#4102,#4103,#4104);
#4107=CARTESIAN_POINT('',(-1.816E1,-8.409658171100E0,1.175556998094E1));
#4108=DIRECTION('',(0.E0,1.E0,0.E0));
#4109=DIRECTION('',(0.E0,0.E0,1.E0));
#4110=AXIS2_PLACEMENT_3D('',#4107,#4108,#4109);
#4112=CARTESIAN_POINT('',(-1.816E1,-8.409658171100E0,1.175556998094E1));
#4113=DIRECTION('',(-1.E0,0.E0,0.E0));
#4114=DIRECTION('',(0.E0,-1.E0,0.E0));
#4115=AXIS2_PLACEMENT_3D('',#4112,#4113,#4114);
#4117=DIRECTION('',(0.E0,-1.E0,0.E0));
#4118=VECTOR('',#4117,1.95E0);
#4119=CARTESIAN_POINT('',(-1.766E1,-6.459658171101E0,1.175556998094E1));
#4120=LINE('',#4119,#4118);
#4121=DIRECTION('',(0.E0,1.E0,0.E0));
#4122=VECTOR('',#4121,1.95E0);
#4123=CARTESIAN_POINT('',(-1.816E1,-8.409658171100E0,1.225556998094E1));
#4124=LINE('',#4123,#4122);
#4125=DIRECTION('',(0.E0,-1.776356839400E-14,-1.E0));
#4126=VECTOR('',#4125,4.000000000001E-1);
#4127=CARTESIAN_POINT('',(-1.766E1,-6.459658171101E0,7.855569980937E0));
#4128=LINE('',#4127,#4126);
#4129=DIRECTION('',(0.E0,-1.E0,0.E0));
#4130=VECTOR('',#4129,5.E-1);
#4131=CARTESIAN_POINT('',(-1.766E1,-5.959658171101E0,7.855569980937E0));
#4132=LINE('',#4131,#4130);
#4133=DIRECTION('',(0.E0,0.E0,-1.E0));
#4134=VECTOR('',#4133,5.E-1);
#4135=CARTESIAN_POINT('',(-1.766E1,-5.959658171101E0,8.355569980937E0));
#4136=LINE('',#4135,#4134);
#4137=DIRECTION('',(0.E0,-1.E0,0.E0));
#4138=VECTOR('',#4137,4.5E-1);
#4139=CARTESIAN_POINT('',(-1.766E1,-5.509658171100E0,8.355569980937E0));
#4140=LINE('',#4139,#4138);
#4141=DIRECTION('',(0.E0,0.E0,-1.E0));
#4142=VECTOR('',#4141,1.358E0);
#4143=CARTESIAN_POINT('',(-1.766E1,-5.509658171100E0,9.713569980937E0));
#4144=LINE('',#4143,#4142);
#4145=DIRECTION('',(0.E0,1.E0,0.E0));
#4146=VECTOR('',#4145,9.5E-1);
#4147=CARTESIAN_POINT('',(-1.766E1,-6.459658171101E0,9.713569980937E0));
#4148=LINE('',#4147,#4146);
#4149=DIRECTION('',(0.E0,0.E0,-1.E0));
#4150=VECTOR('',#4149,2.042E0);
#4151=CARTESIAN_POINT('',(-1.766E1,-6.459658171101E0,1.175556998094E1));
#4152=LINE('',#4151,#4150);
#4153=DIRECTION('',(-1.E0,0.E0,0.E0));
#4154=VECTOR('',#4153,8.830000065955E0);
#4155=CARTESIAN_POINT('',(-8.829999934045E0,-6.459658171100E0,
7.855569980937E0));
#4156=LINE('',#4155,#4154);
#4157=CARTESIAN_POINT('',(-8.829999934456E0,-2.459658171100E0,
7.855569980937E0));
#4158=DIRECTION('',(0.E0,0.E0,-1.E0));
#4159=DIRECTION('',(4.841229182759E-1,-8.75E-1,0.E0));
#4160=AXIS2_PLACEMENT_3D('',#4157,#4158,#4159);
#4162=DIRECTION('',(-1.E0,0.E0,0.E0));
#4163=VECTOR('',#4162,1.076649173865E1);
#4164=CARTESIAN_POINT('',(-6.893508261352E0,-5.959658171101E0,
7.855569980937E0));
#4165=LINE('',#4164,#4163);
#4166=DIRECTION('',(-1.E0,0.E0,0.E0));
#4167=VECTOR('',#4166,1.076649173865E1);
#4168=CARTESIAN_POINT('',(-6.893508261352E0,-5.959658171101E0,
8.355569980937E0));
#4169=LINE('',#4168,#4167);
#4170=CARTESIAN_POINT('',(-8.829999934456E0,-2.459658171100E0,
8.355569980937E0));
#4171=DIRECTION('',(0.E0,0.E0,-1.E0));
#4172=DIRECTION('',(6.469882147304E-1,-7.625E-1,0.E0));
#4173=AXIS2_PLACEMENT_3D('',#4170,#4171,#4172);
#4175=DIRECTION('',(-1.E0,0.E0,0.E0));
#4176=VECTOR('',#4175,1.141795292447E1);
#4177=CARTESIAN_POINT('',(-6.242047075534E0,-5.509658171101E0,
8.355569980937E0));
#4178=LINE('',#4177,#4176);
#4179=DIRECTION('',(1.E0,0.E0,0.E0));
#4180=VECTOR('',#4179,8.830000065544E0);
#4181=CARTESIAN_POINT('',(-1.766E1,-6.459658171101E0,9.713569980937E0));
#4182=LINE('',#4181,#4180);
#4183=DIRECTION('',(-1.E0,0.E0,0.E0));
#4184=VECTOR('',#4183,1.141795292447E1);
#4185=CARTESIAN_POINT('',(-6.242047075534E0,-5.509658171101E0,
9.713569980937E0));
#4186=LINE('',#4185,#4184);
#4187=CARTESIAN_POINT('',(-8.829999934456E0,-2.459658171100E0,
9.713569980937E0));
#4188=DIRECTION('',(0.E0,0.E0,1.E0));
#4189=DIRECTION('',(-2.442490654175E-14,-1.E0,0.E0));
#4190=AXIS2_PLACEMENT_3D('',#4187,#4188,#4189);
#4192=DIRECTION('',(1.E0,0.E0,0.E0));
#4193=VECTOR('',#4192,9.330000065544E0);
#4194=CARTESIAN_POINT('',(-1.816E1,-6.459658171101E0,1.225556998094E1));
#4195=LINE('',#4194,#4193);
#4196=CARTESIAN_POINT('',(-1.816E1,-6.459658171100E0,1.175556998094E1));
#4197=DIRECTION('',(0.E0,-1.E0,0.E0));
#4198=DIRECTION('',(1.E0,0.E0,-1.776356839400E-14));
#4199=AXIS2_PLACEMENT_3D('',#4196,#4197,#4198);
#4201=DIRECTION('',(1.E0,0.E0,0.E0));
#4202=VECTOR('',#4201,5.000000926323E-1);
#4203=CARTESIAN_POINT('',(-1.866000009263E1,-8.909658171101E0,
7.455569980937E0));
#4204=LINE('',#4203,#4202);
#4205=DIRECTION('',(-1.E0,0.E0,0.E0));
#4206=VECTOR('',#4205,5.000000926323E-1);
#4207=CARTESIAN_POINT('',(-1.816E1,-8.409658171101E0,6.955569980937E0));
#4208=LINE('',#4207,#4206);
#4209=CARTESIAN_POINT('',(-2.798999993446E1,-2.459658171100E0,
7.855569980937E0));
#4210=DIRECTION('',(0.E0,0.E0,-1.E0));
#4211=DIRECTION('',(4.973799150321E-14,-1.E0,0.E0));
#4212=AXIS2_PLACEMENT_3D('',#4209,#4210,#4211);
#4214=DIRECTION('',(-1.E0,0.E0,0.E0));
#4215=VECTOR('',#4214,1.076649151991E1);
#4216=CARTESIAN_POINT('',(-1.916000009263E1,-5.959658171101E0,
7.855569980937E0));
#4217=LINE('',#4216,#4215);
#4218=DIRECTION('',(-1.E0,0.E0,0.E0));
#4219=VECTOR('',#4218,1.076653181435E1);
#4220=CARTESIAN_POINT('',(-1.916000009263E1,-5.959634101715E0,
8.355569980937E0));
#4221=LINE('',#4220,#4219);
#4222=CARTESIAN_POINT('',(-2.798999993446E1,-2.459658171100E0,
8.355569980937E0));
#4223=DIRECTION('',(0.E0,0.E0,-1.E0));
#4224=DIRECTION('',(-4.841537056783E-1,-8.749829651359E-1,0.E0));
#4225=AXIS2_PLACEMENT_3D('',#4222,#4223,#4224);
#4227=DIRECTION('',(-1.E0,0.E0,0.E0));
#4228=VECTOR('',#4227,1.141795269983E1);
#4229=CARTESIAN_POINT('',(-1.916000009263E1,-5.509658171101E0,
8.355569980937E0));
#4230=LINE('',#4229,#4228);
#4231=DIRECTION('',(-1.E0,0.E0,0.E0));
#4232=VECTOR('',#4231,1.141797193004E1);
#4233=CARTESIAN_POINT('',(-1.916000009263E1,-5.509644568291E0,
9.713569980937E0));
#4234=LINE('',#4233,#4232);
#4235=DIRECTION('',(1.E0,0.E0,0.E0));
#4236=VECTOR('',#4235,8.829999845213E0);
#4237=CARTESIAN_POINT('',(-2.798999993784E1,-6.459658171100E0,
9.713569980937E0));
#4238=LINE('',#4237,#4236);
#4239=CARTESIAN_POINT('',(-2.798999993446E1,-2.459658171101E0,
9.713569980937E0));
#4240=DIRECTION('',(0.E0,0.E0,1.E0));
#4241=DIRECTION('',(-6.470016326242E-1,-7.624886145915E-1,0.E0));
#4242=AXIS2_PLACEMENT_3D('',#4239,#4240,#4241);
#4244=CARTESIAN_POINT('',(-1.866000009263E1,-6.459658171100E0,
1.175556998094E1));
#4245=DIRECTION('',(0.E0,-1.E0,0.E0));
#4246=DIRECTION('',(0.E0,0.E0,1.E0));
#4247=AXIS2_PLACEMENT_3D('',#4244,#4245,#4246);
#4249=DIRECTION('',(-2.507797890919E-14,0.E0,-1.E0));
#4250=VECTOR('',#4249,1.699999999999E0);
#4251=CARTESIAN_POINT('',(-2.798999993446E1,-6.459658171101E0,
7.855569980937E0));
#4252=LINE('',#4251,#4250);
#4253=DIRECTION('',(8.058888094828E-5,-4.813877176453E-5,-9.999999955940E-1));
#4254=VECTOR('',#4253,5.000000022030E-1);
#4255=CARTESIAN_POINT('',(-2.992653190699E1,-5.959634101715E0,
8.355569980937E0));
#4256=LINE('',#4255,#4254);
#4257=DIRECTION('',(1.416068763329E-5,-1.001679634914E-5,-9.999999998496E-1));
#4258=VECTOR('',#4257,1.358000000204E0);
#4259=CARTESIAN_POINT('',(-3.057797202267E1,-5.509644568291E0,
9.713569980937E0));
#4260=LINE('',#4259,#4258);
#4261=DIRECTION('',(-1.257845126247E-14,0.E0,-1.E0));
#4262=VECTOR('',#4261,2.542E0);
#4263=CARTESIAN_POINT('',(-2.798999993784E1,-6.459658171101E0,
1.225556998094E1));
#4264=LINE('',#4263,#4262);
#4265=DIRECTION('',(0.E0,0.E0,1.E0));
#4266=VECTOR('',#4265,1.4192E1);
#4267=CARTESIAN_POINT('',(-3.198999993446E1,-2.459658171101E0,
-1.936430019063E0));
#4268=LINE('',#4267,#4266);
#4269=DIRECTION('',(-3.523926765684E-9,0.E0,-1.E0));
#4270=VECTOR('',#4269,4.65E0);
#4271=CARTESIAN_POINT('',(-2.799000010900E1,-6.459658171101E0,
2.713569980937E0));
#4272=LINE('',#4271,#4270);
#4273=DIRECTION('',(1.352617983290E-9,0.E0,-1.E0));
#4274=VECTOR('',#4273,1.942E0);
#4275=CARTESIAN_POINT('',(-3.057795279338E1,-5.509658171101E0,
4.655569980937E0));
#4276=LINE('',#4275,#4274);
#4277=DIRECTION('',(1.040523519198E-9,0.E0,-1.E0));
#4278=VECTOR('',#4277,1.500000000001E0);
#4279=CARTESIAN_POINT('',(-2.992649160756E1,-5.959658171101E0,
6.155569980938E0));
#4280=LINE('',#4279,#4278);
#4281=DIRECTION('',(-1.424289749392E-8,-1.424291351518E-8,1.E0));
#4282=VECTOR('',#4281,1.419200048399E1);
#4283=CARTESIAN_POINT('',(-3.198999983339E1,2.540341736378E0,
-1.936430522850E0));
#4284=LINE('',#4283,#4282);
#4285=DIRECTION('',(2.021350743780E-8,-1.E0,3.959526984259E-9));
#4286=VECTOR('',#4285,4.999999705343E0);
#4287=CARTESIAN_POINT('',(-3.199000003552E1,2.540341534242E0,1.225556996114E1));
#4288=LINE('',#4287,#4286);
#4289=DIRECTION('',(4.832024551372E-10,1.E0,-9.693721367348E-11));
#4290=VECTOR('',#4289,5.000000007121E0);
#4291=CARTESIAN_POINT('',(-3.178999993446E1,-2.459658171101E0,
-2.136430019063E0));
#4292=LINE('',#4291,#4290);
#4293=DIRECTION('',(-2.021352438420E-8,-1.E0,1.007575495919E-7));
#4294=VECTOR('',#4293,4.999999907478E0);
#4295=CARTESIAN_POINT('',(-3.198999983339E1,2.540341736378E0,
-1.936430522850E0));
#4296=LINE('',#4295,#4294);
#4297=CARTESIAN_POINT('',(-2.798999993446E1,-2.459658171100E0,
2.713569980937E0));
#4298=DIRECTION('',(0.E0,0.E0,-1.E0));
#4299=DIRECTION('',(-6.545289199522E-8,-1.E0,0.E0));
#4300=AXIS2_PLACEMENT_3D('',#4297,#4298,#4299);
#4302=DIRECTION('',(-1.E0,0.E0,0.E0));
#4303=VECTOR('',#4302,1.916000017793E1);
#4304=CARTESIAN_POINT('',(-8.829999931067E0,-6.459658171101E0,
2.713569980937E0));
#4305=LINE('',#4304,#4303);
#4306=CARTESIAN_POINT('',(-8.829999934456E0,-2.459658171100E0,
2.713569980937E0));
#4307=DIRECTION('',(0.E0,0.E0,-1.E0));
#4308=DIRECTION('',(6.469882147304E-1,-7.625E-1,0.E0));
#4309=AXIS2_PLACEMENT_3D('',#4306,#4307,#4308);
#4311=DIRECTION('',(-1.E0,0.E0,0.E0));
#4312=VECTOR('',#4311,2.433590571522E1);
#4313=CARTESIAN_POINT('',(-6.242047075534E0,-5.509658171101E0,
2.713569980937E0));
#4314=LINE('',#4313,#4312);
#4315=CARTESIAN_POINT('',(-2.798999993446E1,-2.459658171100E0,
4.655569980937E0));
#4316=DIRECTION('',(0.E0,0.E0,1.E0));
#4317=DIRECTION('',(-6.469882147304E-1,-7.625E-1,0.E0));
#4318=AXIS2_PLACEMENT_3D('',#4315,#4316,#4317);
#4320=DIRECTION('',(-1.E0,0.E0,0.E0));
#4321=VECTOR('',#4320,2.433590571784E1);
#4322=CARTESIAN_POINT('',(-6.242047075534E0,-5.509658171101E0,
4.655569980937E0));
#4323=LINE('',#4322,#4321);
#4324=CARTESIAN_POINT('',(-8.829999934456E0,-2.459658171100E0,
4.655569980937E0));
#4325=DIRECTION('',(0.E0,0.E0,1.E0));
#4326=DIRECTION('',(4.841220552599E-1,-8.750004774918E-1,0.E0));
#4327=AXIS2_PLACEMENT_3D('',#4324,#4325,#4326);
#4329=DIRECTION('',(1.E0,0.E0,-3.150446288212E-14));
#4330=VECTOR('',#4329,2.303298334621E1);
#4331=CARTESIAN_POINT('',(-2.992649160756E1,-5.959658171101E0,
6.155569980938E0));
#4332=LINE('',#4331,#4330);
#4333=DIRECTION('',(-1.E0,0.E0,0.E0));
#4334=VECTOR('',#4333,2.303298184171E1);
#4335=CARTESIAN_POINT('',(-6.893509764291E0,-5.959658171101E0,
4.655569980937E0));
#4336=LINE('',#4335,#4334);
#4337=CARTESIAN_POINT('',(-8.829999934456E0,-2.459658171100E0,
6.155569980937E0));
#4338=DIRECTION('',(0.E0,0.E0,1.E0));
#4339=DIRECTION('',(-3.241851231905E-14,-1.E0,0.E0));
#4340=AXIS2_PLACEMENT_3D('',#4337,#4338,#4339);
#4342=CARTESIAN_POINT('',(-2.798999993446E1,-2.459658171100E0,
6.155569980940E0));
#4343=DIRECTION('',(0.E0,0.E0,1.E0));
#4344=DIRECTION('',(-4.841229182759E-1,-8.75E-1,0.E0));
#4345=AXIS2_PLACEMENT_3D('',#4342,#4343,#4344);
#4347=DIRECTION('',(0.E0,-1.E0,0.E0));
#4348=VECTOR('',#4347,5.65E0);
#4349=CARTESIAN_POINT('',(-7.609999934456E0,2.540341828899E0,1.225556998094E1));
#4350=LINE('',#4349,#4348);
#4351=DIRECTION('',(0.E0,0.E0,-1.E0));
#4352=VECTOR('',#4351,1.2E0);
#4353=CARTESIAN_POINT('',(-7.609999934456E0,2.540341828899E0,1.345556998094E1));
#4354=LINE('',#4353,#4352);
#4355=DIRECTION('',(4.292862361884E-14,0.E0,1.E0));
#4356=VECTOR('',#4355,1.2E0);
#4357=CARTESIAN_POINT('',(-8.109999934456E0,-3.609658171101E0,
1.225556998094E1));
#4358=LINE('',#4357,#4356);
#4359=DIRECTION('',(0.E0,-1.036208156317E-14,-1.E0));
#4360=VECTOR('',#4359,1.2E0);
#4361=CARTESIAN_POINT('',(-7.609999934456E0,-3.109658171101E0,
1.345556998094E1));
#4362=LINE('',#4361,#4360);
#4363=DIRECTION('',(-1.E0,0.E0,0.E0));
#4364=VECTOR('',#4363,2.06E1);
#4365=CARTESIAN_POINT('',(-8.109999934456E0,-3.609658171101E0,
1.225556998094E1));
#4366=LINE('',#4365,#4364);
#4367=DIRECTION('',(0.E0,0.E0,1.E0));
#4368=VECTOR('',#4367,1.2E0);
#4369=CARTESIAN_POINT('',(-2.920999993446E1,-3.109658171101E0,
1.225556998094E1));
#4370=LINE('',#4369,#4368);
#4371=DIRECTION('',(-3.552713678801E-14,0.E0,-1.E0));
#4372=VECTOR('',#4371,1.2E0);
#4373=CARTESIAN_POINT('',(-2.870999993446E1,-3.609658171101E0,
1.345556998094E1));
#4374=LINE('',#4373,#4372);
#4375=DIRECTION('',(-1.424289723199E-8,-1.424291166489E-8,1.E0));
#4376=VECTOR('',#4375,1.2E0);
#4377=CARTESIAN_POINT('',(-2.920999992591E1,2.540341424629E0,1.225557000074E1));
#4378=LINE('',#4377,#4376);
#4379=DIRECTION('',(1.512519853859E-9,1.E0,3.504002766590E-9));
#4380=VECTOR('',#4379,5.649999595729E0);
#4381=CARTESIAN_POINT('',(-2.920999993446E1,-3.109658171101E0,
1.225556998094E1));
#4382=LINE('',#4381,#4380);
#4383=DIRECTION('',(0.E0,1.E0,-1.293355571138E-14));
#4384=VECTOR('',#4383,3.261939398354E0);
#4385=CARTESIAN_POINT('',(-3.132193933281E1,-1.121597569454E0,
-2.236430019062E0));
#4386=LINE('',#4385,#4384);
#4387=DIRECTION('',(0.E0,-1.E0,0.E0));
#4388=VECTOR('',#4387,3.526514529460E0);
#4389=CARTESIAN_POINT('',(-3.142193933281E1,2.404916960006E0,
-2.136430019063E0));
#4390=LINE('',#4389,#4388);
#4391=CARTESIAN_POINT('',(-3.132193933281E1,2.140341828899E0,
-2.236430019063E0));
#4392=CARTESIAN_POINT('',(-3.132193933281E1,2.175950896221E0,
-2.218625485402E0));
#4393=CARTESIAN_POINT('',(-3.133132357765E1,2.243755082359E0,
-2.184790214738E0));
#4394=CARTESIAN_POINT('',(-3.136759910925E1,2.333738038495E0,
-2.147156430974E0));
#4395=CARTESIAN_POINT('',(-3.140290337647E1,2.383332214379E0,
-2.136430019063E0));
#4396=CARTESIAN_POINT('',(-3.142193933281E1,2.404916960006E0,
-2.136430019063E0));
#4398=CARTESIAN_POINT('',(-2.702193933281E1,-1.121597569454E0,
-2.236430019063E0));
#4399=DIRECTION('',(-2.072416312639E-14,0.E0,-1.E0));
#4400=DIRECTION('',(-1.309058560775E-7,-1.E0,0.E0));
#4401=AXIS2_PLACEMENT_3D('',#4398,#4399,#4400);
#4403=CARTESIAN_POINT('',(-2.702193990425E1,-5.521597569454E0,
-2.236430019063E0));
#4404=DIRECTION('',(-1.E0,1.298725146577E-7,2.072416351089E-14));
#4405=DIRECTION('',(3.552713678800E-14,-4.263256414561E-13,1.E0));
#4406=AXIS2_PLACEMENT_3D('',#4403,#4404,#4405);
#4408=CARTESIAN_POINT('',(-3.142193933281E1,-1.121597569454E0,
-2.236430019062E0));
#4409=DIRECTION('',(0.E0,-1.E0,0.E0));
#4410=DIRECTION('',(1.E0,0.E0,-9.103828801926E-13));
#4411=AXIS2_PLACEMENT_3D('',#4408,#4409,#4410);
#4413=DIRECTION('',(1.E0,0.E0,0.E0));
#4414=VECTOR('',#4413,1.725006196420E1);
#4415=CARTESIAN_POINT('',(-2.702193990292E1,-5.521597569454E0,
-2.136430019063E0));
#4416=LINE('',#4415,#4414);
#4417=DIRECTION('',(-1.E0,0.E0,0.E0));
#4418=VECTOR('',#4417,1.725006195588E1);
#4419=CARTESIAN_POINT('',(-9.771877938715E0,-5.421597569454E0,
-2.236430019063E0));
#4420=LINE('',#4419,#4418);
#4421=CARTESIAN_POINT('',(-9.771877938715E0,-5.521597569454E0,
-2.236430019063E0));
#4422=DIRECTION('',(1.E0,1.130341425757E-14,0.E0));
#4423=DIRECTION('',(-1.776356839400E-14,1.E0,3.907985046681E-13));
#4424=AXIS2_PLACEMENT_3D('',#4421,#4422,#4423);
#4426=CARTESIAN_POINT('',(-9.771877938715E0,-1.121597569454E0,
-2.236430019063E0));
#4427=DIRECTION('',(0.E0,0.E0,-1.E0));
#4428=DIRECTION('',(1.E0,1.063748572432E-14,0.E0));
#4429=AXIS2_PLACEMENT_3D('',#4426,#4427,#4428);
#4431=CARTESIAN_POINT('',(-5.371877938715E0,-1.121597855174E0,
-2.236430019063E0));
#4432=DIRECTION('',(-6.493625068098E-8,-1.E0,0.E0));
#4433=DIRECTION('',(1.332267629550E-13,0.E0,1.E0));
#4434=AXIS2_PLACEMENT_3D('',#4431,#4432,#4433);
#4436=DIRECTION('',(0.E0,1.E0,0.E0));
#4437=VECTOR('',#4436,3.526514718516E0);
#4438=CARTESIAN_POINT('',(-5.371877938715E0,-1.121597758510E0,
-2.136430019063E0));
#4439=LINE('',#4438,#4437);
#4440=DIRECTION('',(0.E0,-1.E0,0.E0));
#4441=VECTOR('',#4440,3.261939608884E0);
#4442=CARTESIAN_POINT('',(-5.471877938715E0,2.140341828899E0,
-2.236430019063E0));
#4443=LINE('',#4442,#4441);
#4444=CARTESIAN_POINT('',(-5.371877938715E0,2.404916960006E0,
-2.136430019063E0));
#4445=CARTESIAN_POINT('',(-5.390909890603E0,2.383336755009E0,
-2.136430019063E0));
#4446=CARTESIAN_POINT('',(-5.426211141123E0,2.333750106502E0,
-2.147152439785E0));
#4447=CARTESIAN_POINT('',(-5.462490927690E0,2.243767550418E0,
-2.184784118707E0));
#4448=CARTESIAN_POINT('',(-5.471877938715E0,2.175956264993E0,
-2.218622801016E0));
#4449=CARTESIAN_POINT('',(-5.471877938715E0,2.140341828899E0,
-2.236430019063E0));
#4451=DIRECTION('',(0.E0,-1.E0,0.E0));
#4452=VECTOR('',#4451,3.261939398037E0);
#4453=CARTESIAN_POINT('',(-5.471877938715E0,2.140341828899E0,
-3.336430019060E0));
#4454=LINE('',#4453,#4452);
#4455=CARTESIAN_POINT('',(-3.318999993446E1,-2.459658171101E0,
-3.336430019058E0));
#4456=DIRECTION('',(0.E0,1.E0,0.E0));
#4457=DIRECTION('',(-7.105427357601E-14,0.E0,-1.E0));
#4458=AXIS2_PLACEMENT_3D('',#4455,#4456,#4457);
#4460=DIRECTION('',(0.E0,1.E0,2.122746392245E-14));
#4461=VECTOR('',#4460,5.000000072637E0);
#4462=CARTESIAN_POINT('',(-3.348999993446E1,-2.459658171099E0,
-3.336430019058E0));
#4463=LINE('',#4462,#4461);
#4464=DIRECTION('',(8.378189597974E-9,3.435055284841E-8,-1.E0));
#4465=VECTOR('',#4464,1.699999903596E0);
#4466=CARTESIAN_POINT('',(-3.348999994870E1,2.540341843142E0,
-1.636430115462E0));
#4467=LINE('',#4466,#4465);
#4468=DIRECTION('',(0.E0,1.037516196956E-7,-1.E0));
#4469=VECTOR('',#4468,5.E0);
#4470=CARTESIAN_POINT('',(-3.348999993446E1,-1.696073302641E0,
3.863569733691E0));
#4471=LINE('',#4470,#4469);
#4472=DIRECTION('',(-2.963131460398E-8,-1.E0,-3.376225702580E-8));
#4473=VECTOR('',#4472,3.364691429533E0);
#4474=CARTESIAN_POINT('',(-3.348999983476E1,2.540341472827E0,4.363569884538E0));
#4475=LINE('',#4474,#4473);
#4476=DIRECTION('',(3.922888017923E-8,1.670036693045E-8,-1.E0));
#4477=VECTOR('',#4476,1.400000037243E1);
#4478=CARTESIAN_POINT('',(-3.349000038396E1,2.540341239021E0,1.836357025697E1));
#4479=LINE('',#4478,#4477);
#4480=DIRECTION('',(0.E0,1.037516180080E-7,-1.E0));
#4481=VECTOR('',#4480,5.E0);
#4482=CARTESIAN_POINT('',(-3.348999993446E1,-1.696075377674E0,
2.386357004266E1));
#4483=LINE('',#4482,#4481);
#4484=DIRECTION('',(1.018465533767E-7,-1.E0,-4.222089094044E-8));
#4485=VECTOR('',#4484,3.364692846543E0);
#4486=CARTESIAN_POINT('',(-3.349000027714E1,2.540340875827E0,2.436357025697E1));
#4487=LINE('',#4486,#4485);
#4488=DIRECTION('',(-3.355550156950E-7,-1.870756739401E-7,-9.999999999999E-1));
#4489=VECTOR('',#4488,1.000006286606E0);
#4490=CARTESIAN_POINT('',(-3.348999994158E1,2.540341062904E0,2.536357654357E1));
#4491=LINE('',#4490,#4489);
#4492=DIRECTION('',(0.E0,4.671446053241E-14,-1.E0));
#4493=VECTOR('',#4492,2.870000657734E1);
#4494=CARTESIAN_POINT('',(-3.348999993446E1,-2.459658171101E0,
2.536357655829E1));
#4495=LINE('',#4494,#4493);
#4496=CARTESIAN_POINT('',(-3.109164961030E1,2.543957266324E0,
-1.636429982659E0));
#4497=DIRECTION('',(4.272868168105E-8,4.272873793851E-8,-1.E0));
#4498=DIRECTION('',(-8.198349847866E-1,-5.725998582955E-1,-5.949693739630E-8));
#4499=AXIS2_PLACEMENT_3D('',#4496,#4497,#4498);
#4501=DIRECTION('',(-5.735764903212E-1,8.191520064987E-1,1.049316797646E-8));
#4502=VECTOR('',#4501,1.388161520621E0);
#4503=CARTESIAN_POINT('',(-3.348999993446E1,-8.243493341970E-1,
-1.636430229061E0));
#4504=LINE('',#4503,#4502);
#4505=DIRECTION('',(4.233054612795E-9,-1.E0,-3.376225533286E-8));
#4506=VECTOR('',#4505,3.364691177339E0);
#4507=CARTESIAN_POINT('',(-3.348999994870E1,2.540341843142E0,
-1.636430115462E0));
#4508=LINE('',#4507,#4506);
#4509=DIRECTION('',(1.E0,9.506395070938E-9,2.259216821529E-8));
#4510=VECTOR('',#4509,1.498245627417E0);
#4511=CARTESIAN_POINT('',(-3.498824557612E1,2.540341828899E0,
-1.636430149310E0));
#4512=LINE('',#4511,#4510);
#4513=CARTESIAN_POINT('',(-3.428621674745E1,3.127659607644E-1,
-1.636430214495E0));
#4514=CARTESIAN_POINT('',(-3.432777806860E1,2.808309169009E-1,
-1.636430208057E0));
#4515=CARTESIAN_POINT('',(-3.441163211740E1,2.180254855819E-1,
-1.619844017653E0));
#4516=CARTESIAN_POINT('',(-3.452836055577E1,1.376937170218E-1,
-1.547643110424E0));
#4517=CARTESIAN_POINT('',(-3.462071663359E1,7.354348348584E-2,
-1.435202694835E0));
#4518=CARTESIAN_POINT('',(-3.467822341132E1,2.980167842050E-2,
-1.293471362362E0));
#4519=CARTESIAN_POINT('',(-3.469600066557E1,2.627482710276E-2,
-1.188851612309E0));
#4520=CARTESIAN_POINT('',(-3.469600066781E1,2.627482486286E-2,
-1.136430244246E0));
#4522=CARTESIAN_POINT('',(-3.109164984531E1,2.543957031316E0,3.863570017341E0));
#4523=DIRECTION('',(-4.272868168105E-8,-4.272873793851E-8,1.E0));
#4524=DIRECTION('',(-9.999996618898E-1,-8.223261981497E-4,-4.276380418954E-8));
#4525=AXIS2_PLACEMENT_3D('',#4522,#4523,#4524);
#4527=DIRECTION('',(1.600200604996E-5,-2.298436085385E-5,9.999999996078E-1));
#4528=VECTOR('',#4527,5.000000001959E0);
#4529=CARTESIAN_POINT('',(-3.469600066781E1,2.627482486286E-2,
-1.136430244246E0));
#4530=LINE('',#4529,#4528);
#4531=CARTESIAN_POINT('',(-3.109164963166E1,2.543957244960E0,
-1.136429982659E0));
#4532=DIRECTION('',(4.272868168105E-8,4.272873793851E-8,-1.E0));
#4533=DIRECTION('',(-8.197960414820E-1,-5.726556123627E-1,-5.949765568347E-8));
#4534=AXIS2_PLACEMENT_3D('',#4531,#4532,#4533);
#4536=DIRECTION('',(4.272868352473E-8,4.272873814770E-8,-1.E0));
#4537=VECTOR('',#4536,5.E0);
#4538=CARTESIAN_POINT('',(-3.548824600187E1,2.540341593891E0,3.863569829325E0));
#4539=LINE('',#4538,#4537);
#4540=DIRECTION('',(5.735764903212E-1,-8.191520064987E-1,-1.049316091881E-8));
#4541=VECTOR('',#4540,1.388161967593E0);
#4542=CARTESIAN_POINT('',(-3.428621700382E1,3.127657043920E-1,
4.363569785505E0));
#4543=LINE('',#4542,#4541);
#4544=CARTESIAN_POINT('',(-3.109164986667E1,2.543957009952E0,4.363570017341E0));
#4545=DIRECTION('',(-4.272868168105E-8,-4.272873793851E-8,1.E0));
#4546=DIRECTION('',(-9.999995695520E-1,-9.278446880563E-4,-4.276830881015E-8));
#4547=AXIS2_PLACEMENT_3D('',#4544,#4545,#4546);
#4549=CARTESIAN_POINT('',(-3.348999993446E1,-8.243499567067E-1,
4.363569770939E0));
#4550=CARTESIAN_POINT('',(-3.348999993446E1,-1.052970523008E0,
4.363569761170E0));
#4551=CARTESIAN_POINT('',(-3.348999993446E1,-1.329491483886E0,
4.297159867670E0));
#4552=CARTESIAN_POINT('',(-3.348999993446E1,-1.570130871941E0,
4.137713270957E0));
#4553=CARTESIAN_POINT('',(-3.348999993446E1,-1.667296498765E0,
4.006258340966E0));
#4554=CARTESIAN_POINT('',(-3.348999993446E1,-1.696073308571E0,
3.920724875267E0));
#4555=CARTESIAN_POINT('',(-3.348999993446E1,-1.696073302641E0,
3.863569733691E0));
#4557=CARTESIAN_POINT('',(-3.428621700382E1,3.127657043920E-1,
4.363569785505E0));
#4558=CARTESIAN_POINT('',(-3.432777678260E1,2.808317405284E-1,
4.363569772787E0));
#4559=CARTESIAN_POINT('',(-3.441162805261E1,2.180266198360E-1,
4.346984891160E0));
#4560=CARTESIAN_POINT('',(-3.452836187016E1,1.376984465292E-1,
4.274784513400E0));
#4561=CARTESIAN_POINT('',(-3.462070616035E1,7.352948299562E-2,
4.162342977269E0));
#4562=CARTESIAN_POINT('',(-3.467826132151E1,2.985438981988E-2,
4.020612856888E0));
#4563=CARTESIAN_POINT('',(-3.469592066002E1,2.615990081895E-2,
3.915983942941E0));
#4564=CARTESIAN_POINT('',(-3.469592065778E1,2.615990305854E-2,
3.863569755753E0));
#4566=DIRECTION('',(5.735764523517E-1,-8.191520330852E-1,-1.049316397828E-8));
#4567=VECTOR('',#4566,2.102458562196E0);
#4568=CARTESIAN_POINT('',(-3.469592065778E1,2.615990305854E-2,
3.863569755753E0));
#4569=LINE('',#4568,#4567);
#4570=DIRECTION('',(-5.735764217632E-1,8.191520545035E-1,1.049317059636E-8));
#4571=VECTOR('',#4570,2.102598167553E0);
#4572=CARTESIAN_POINT('',(-3.348999993446E1,-1.696072783883E0,
-1.136430266309E0));
#4573=LINE('',#4572,#4571);
#4574=CARTESIAN_POINT('',(-3.348999993446E1,-1.696072783883E0,
-1.136430266309E0));
#4575=CARTESIAN_POINT('',(-3.348999993446E1,-1.696072777953E0,
-1.193585407884E0));
#4576=CARTESIAN_POINT('',(-3.348999993446E1,-1.667295950398E0,
-1.279118871125E0));
#4577=CARTESIAN_POINT('',(-3.348999993446E1,-1.570130296297E0,
-1.410573792812E0));
#4578=CARTESIAN_POINT('',(-3.348999993446E1,-1.329490875157E0,
-1.570020368961E0));
#4579=CARTESIAN_POINT('',(-3.348999993446E1,-1.052969900499E0,
-1.636430238830E0));
#4580=CARTESIAN_POINT('',(-3.348999993446E1,-8.243493341969E-1,
-1.636430229061E0));
#4582=CARTESIAN_POINT('',(-3.109165046487E1,2.543956411749E0,1.836357042475E1));
#4583=DIRECTION('',(4.272868168105E-8,4.272873793851E-8,-1.E0));
#4584=DIRECTION('',(-8.198349883819E-1,-5.725998531478E-1,-5.949693729157E-8));
#4585=AXIS2_PLACEMENT_3D('',#4582,#4583,#4584);
#4587=DIRECTION('',(-5.735764903211E-1,8.191520064987E-1,5.840541482985E-8));
#4588=VECTOR('',#4587,1.388163085020E0);
#4589=CARTESIAN_POINT('',(-3.348999993446E1,-8.243514702522E-1,
1.836357011490E1));
#4590=LINE('',#4589,#4588);
#4591=DIRECTION('',(1.335943945996E-7,-1.E0,-4.222089055116E-8));
#4592=VECTOR('',#4591,3.364692709274E0);
#4593=CARTESIAN_POINT('',(-3.349000038396E1,2.540341239021E0,1.836357025697E1));
#4594=LINE('',#4593,#4592);
#4595=CARTESIAN_POINT('',(-3.428621764476E1,3.127651061896E-1,
1.836357019598E1));
#4596=CARTESIAN_POINT('',(-3.432777916275E1,2.808303489071E-1,
1.836357020597E1));
#4597=CARTESIAN_POINT('',(-3.441163347312E1,2.180253031731E-1,
1.838015640376E1));
#4598=CARTESIAN_POINT('',(-3.452836152156E1,1.376929942704E-1,
1.845235731326E1));
#4599=CARTESIAN_POINT('',(-3.462071759237E1,7.354276516857E-2,
1.856479772811E1));
#4600=CARTESIAN_POINT('',(-3.467822430238E1,2.980087371374E-2,
1.870652905563E1));
#4601=CARTESIAN_POINT('',(-3.469600153309E1,2.627399105033E-2,
1.881114880151E1));
#4602=CARTESIAN_POINT('',(-3.469600152238E1,2.627397029430E-2,
1.886357016662E1));
#4604=CARTESIAN_POINT('',(-3.109165069988E1,2.543956176741E0,2.386356983885E1));
#4605=DIRECTION('',(-4.272868168105E-8,-4.272873793851E-8,1.E0));
#4606=DIRECTION('',(-9.999996618898E-1,-8.223261981513E-4,-4.276380459357E-8));
#4607=AXIS2_PLACEMENT_3D('',#4604,#4605,#4606);
#4609=DIRECTION('',(1.600200721925E-5,-2.298436252271E-5,9.999999996078E-1));
#4610=VECTOR('',#4609,4.999999855509E0);
#4611=CARTESIAN_POINT('',(-3.469600152238E1,2.627397029430E-2,
1.886357016662E1));
#4612=LINE('',#4611,#4610);
#4613=CARTESIAN_POINT('',(-3.109165048624E1,2.543956390385E0,1.886357042475E1));
#4614=DIRECTION('',(4.272868168105E-8,4.272873793851E-8,-1.E0));
#4615=DIRECTION('',(-8.197960414820E-1,-5.726556123627E-1,-5.949765578447E-8));
#4616=AXIS2_PLACEMENT_3D('',#4613,#4614,#4615);
#4618=DIRECTION('',(4.272868235155E-8,4.272873777389E-8,-1.E0));
#4619=VECTOR('',#4618,4.999999804699E0);
#4620=CARTESIAN_POINT('',(-3.548824685644E1,2.540340739317E0,2.386357008450E1));
#4621=LINE('',#4620,#4619);
#4622=DIRECTION('',(5.735764903211E-1,-8.191520064988E-1,8.228513062160E-8));
#4623=VECTOR('',#4622,1.388163383001E0);
#4624=CARTESIAN_POINT('',(-3.428621781567E1,3.127648498173E-1,
2.436357000068E1));
#4625=LINE('',#4624,#4623);
#4626=CARTESIAN_POINT('',(-3.109165072125E1,2.543956155377E0,2.436356983885E1));
#4627=DIRECTION('',(-4.272868168105E-8,-4.272873793851E-8,1.E0));
#4628=DIRECTION('',(-9.999995695520E-1,-9.278446982328E-4,-4.276830857208E-8));
#4629=AXIS2_PLACEMENT_3D('',#4626,#4627,#4628);
#4631=DIRECTION('',(-1.E0,-1.053731135331E-7,-1.370356307744E-7));
#4632=VECTOR('',#4631,1.498246777609E0);
#4633=CARTESIAN_POINT('',(-3.349000027714E1,2.540340875827E0,2.436357025697E1));
#4634=LINE('',#4633,#4632);
#4635=CARTESIAN_POINT('',(-3.428621781567E1,3.127648498173E-1,
2.436357000068E1));
#4636=CARTESIAN_POINT('',(-3.432777745472E1,2.808306176090E-1,
2.436356999151E1));
#4637=CARTESIAN_POINT('',(-3.441162856519E1,2.180251204331E-1,
2.434698537990E1));
#4638=CARTESIAN_POINT('',(-3.452836276618E1,1.376973042529E-1,
2.427478477656E1));
#4639=CARTESIAN_POINT('',(-3.462070714257E1,7.352838689090E-2,
2.416234308651E1));
#4640=CARTESIAN_POINT('',(-3.467826219603E1,2.985326653326E-2,
2.402061278058E1));
#4641=CARTESIAN_POINT('',(-3.469592150164E1,2.615902773274E-2,
2.391598397230E1));
#4642=CARTESIAN_POINT('',(-3.469592151235E1,2.615904848501E-2,
2.386357002016E1));
#4644=CARTESIAN_POINT('',(-3.348999993446E1,-8.243519707161E-1,
2.436357011490E1));
#4645=CARTESIAN_POINT('',(-3.348999993446E1,-1.052972553022E0,
2.436357010514E1));
#4646=CARTESIAN_POINT('',(-3.348999993446E1,-1.329493530149E0,
2.429716020388E1));
#4647=CARTESIAN_POINT('',(-3.348999993446E1,-1.570132935489E0,
2.413771359645E1));
#4648=CARTESIAN_POINT('',(-3.348999993446E1,-1.667298570418E0,
2.400625865855E1));
#4649=CARTESIAN_POINT('',(-3.348999993446E1,-1.696075383604E0,
2.392072518823E1));
#4650=CARTESIAN_POINT('',(-3.348999993446E1,-1.696075377674E0,
2.386357004266E1));
#4652=DIRECTION('',(5.735764523517E-1,-8.191520330852E-1,1.069811103915E-8));
#4653=VECTOR('',#4652,2.102460052101E0);
#4654=CARTESIAN_POINT('',(-3.469592151235E1,2.615904848501E-2,
2.386357002016E1));
#4655=LINE('',#4654,#4653);
#4656=DIRECTION('',(-5.735764217632E-1,8.191520545035E-1,5.895530097562E-8));
#4657=VECTOR('',#4656,2.102599657464E0);
#4658=CARTESIAN_POINT('',(-3.348999993446E1,-1.696074858916E0,
1.886357004266E1));
#4659=LINE('',#4658,#4657);
#4660=CARTESIAN_POINT('',(-3.348999993446E1,-1.696074858916E0,
1.886357004266E1));
#4661=CARTESIAN_POINT('',(-3.348999993446E1,-1.696074852986E0,
1.880641490508E1));
#4662=CARTESIAN_POINT('',(-3.348999993446E1,-1.667298028810E0,
1.872088144646E1));
#4663=CARTESIAN_POINT('',(-3.348999993446E1,-1.570132382814E0,
1.858942653268E1));
#4664=CARTESIAN_POINT('',(-3.348999993446E1,-1.329492978958E0,
1.842997996725E1));
#4665=CARTESIAN_POINT('',(-3.348999993446E1,-1.052972020550E0,
1.836357010514E1));
#4666=CARTESIAN_POINT('',(-3.348999993446E1,-8.243514702522E-1,
1.836357011490E1));
#4668=DIRECTION('',(5.177446684070E-1,1.652976941246E-2,8.553754877592E-1));
#4669=VECTOR('',#4668,1.142682370751E1);
#4670=CARTESIAN_POINT('',(-3.348999993446E1,-2.459658171101E0,
2.536357655829E1));
#4671=LINE('',#4670,#4669);
#4672=CARTESIAN_POINT('',(-3.348999994158E1,2.540341062904E0,2.536357654357E1));
#4673=CARTESIAN_POINT('',(-3.348999994158E1,1.707010365314E0,2.536555575249E1));
#4674=CARTESIAN_POINT('',(-3.348999993089E1,4.034158016545E-2,
2.536426239208E1));
#4675=CARTESIAN_POINT('',(-3.348999993446E1,-1.626327759707E0,
2.536138761725E1));
#4676=CARTESIAN_POINT('',(-3.348999993446E1,-2.459658171101E0,
2.536357655829E1));
#4678=CARTESIAN_POINT('',(-1.840999993446E1,2.540341828899E0,3.513780147135E1));
#4679=DIRECTION('',(0.E0,0.E0,-1.E0));
#4680=DIRECTION('',(-8.853935209782E-1,-4.648422452938E-1,0.E0));
#4681=AXIS2_PLACEMENT_3D('',#4678,#4679,#4680);
#4683=CARTESIAN_POINT('',(-3.348999993446E1,-2.459658171101E0,
2.536357655829E1));
#4684=CARTESIAN_POINT('',(-3.348999993446E1,-2.788621456311E0,
2.536357655829E1));
#4685=CARTESIAN_POINT('',(-3.343058987772E1,-3.447755583516E0,
2.536137918306E1));
#4686=CARTESIAN_POINT('',(-3.316676596745E1,-4.404907508037E0,
2.536403015208E1));
#4687=CARTESIAN_POINT('',(-3.272944998843E1,-5.308945334032E0,
2.536348597639E1));
#4688=CARTESIAN_POINT('',(-3.215478625400E1,-6.092142927452E0,
2.536347075712E1));
#4689=CARTESIAN_POINT('',(-3.151233209767E1,-6.712523254083E0,
2.536336477512E1));
#4690=CARTESIAN_POINT('',(-3.084088643713E1,-7.184570225712E0,
2.536352503345E1));
#4691=CARTESIAN_POINT('',(-3.018448526464E1,-7.518723228349E0,
2.536399803321E1));
#4692=CARTESIAN_POINT('',(-2.956867370082E1,-7.740210404395E0,
2.536241591642E1));
#4693=CARTESIAN_POINT('',(-2.899940446687E1,-7.875797697719E0,
2.535929302618E1));
#4694=CARTESIAN_POINT('',(-2.846951495540E1,-7.946648257159E0,
2.535924825047E1));
#4695=CARTESIAN_POINT('',(-2.814451231811E1,-7.959658171101E0,
2.536357655829E1));
#4696=CARTESIAN_POINT('',(-2.798999993446E1,-7.959658171101E0,
2.536357655829E1));
#4698=CARTESIAN_POINT('',(-1.840999993446E1,2.540341828899E0,3.513780147135E1));
#4699=DIRECTION('',(0.E0,0.E0,-1.E0));
#4700=DIRECTION('',(-2.720945893720E-1,-9.622705100098E-1,0.E0));
#4701=AXIS2_PLACEMENT_3D('',#4698,#4699,#4700);
#4703=DIRECTION('',(5.684547834483E-1,4.542549785231E-2,8.214594836750E-1));
#4704=VECTOR('',#4703,1.189860864389E1);
#4705=CARTESIAN_POINT('',(-2.798999993446E1,-7.959658171101E0,
2.536357655829E1));
#4706=LINE('',#4705,#4704);
#4707=CARTESIAN_POINT('',(-2.798999993446E1,-2.459658171101E0,
-3.336430019058E0));
#4708=DIRECTION('',(0.E0,0.E0,-1.E0));
#4709=DIRECTION('',(0.E0,-1.E0,0.E0));
#4710=AXIS2_PLACEMENT_3D('',#4707,#4708,#4709);
#4712=CARTESIAN_POINT('',(-2.798999993446E1,-7.659658171101E0,
-3.336430019058E0));
#4713=DIRECTION('',(-1.E0,9.859127403367E-14,0.E0));
#4714=DIRECTION('',(0.E0,-1.184237892934E-14,-1.E0));
#4715=AXIS2_PLACEMENT_3D('',#4712,#4713,#4714);
#4717=DIRECTION('',(1.E0,0.E0,2.503216840491E-14));
#4718=VECTOR('',#4717,1.916E1);
#4719=CARTESIAN_POINT('',(-2.798999993446E1,-7.959658171101E0,
2.536357655829E1));
#4720=LINE('',#4719,#4718);
#4721=CARTESIAN_POINT('',(-1.840999993446E1,2.540341828899E0,3.513780147135E1));
#4722=DIRECTION('',(0.E0,-1.997393603016E-14,-1.E0));
#4723=DIRECTION('',(2.476885690442E-1,-9.688397043706E-1,1.922241217515E-14));
#4724=AXIS2_PLACEMENT_3D('',#4721,#4722,#4723);
#4726=DIRECTION('',(-5.827044772296E-1,3.924123908666E-2,8.117361747338E-1));
#4727=VECTOR('',#4726,1.204113506001E1);
#4728=CARTESIAN_POINT('',(-8.829999934456E0,-7.959658171101E0,
2.536357655829E1));
#4729=LINE('',#4728,#4727);
#4730=CARTESIAN_POINT('',(-8.829999934456E0,-7.959658171101E0,
2.536357655829E1));
#4731=CARTESIAN_POINT('',(-8.478098585210E0,-7.959658171101E0,
2.535916715303E1));
#4732=CARTESIAN_POINT('',(-7.769712042038E0,-7.891973970207E0,
2.536562317702E1));
#4733=CARTESIAN_POINT('',(-6.732283713138E0,-7.582472750942E0,
2.536302750062E1));
#4734=CARTESIAN_POINT('',(-5.767074339009E0,-7.071274284081E0,
2.536372617023E1));
#4735=CARTESIAN_POINT('',(-4.917970966730E0,-6.377094705547E0,
2.536352716819E1));
#4736=CARTESIAN_POINT('',(-4.222318689054E0,-5.528610074373E0,
2.536362450672E1));
#4737=CARTESIAN_POINT('',(-3.709262050092E0,-4.562769297235E0,
2.536343415465E1));
#4738=CARTESIAN_POINT('',(-3.398162783533E0,-3.523333669873E0,
2.536409822438E1));
#4739=CARTESIAN_POINT('',(-3.329999934456E0,-2.812822544726E0,
2.536245427315E1));
#4740=CARTESIAN_POINT('',(-3.329999934456E0,-2.459658171100E0,
2.536357655829E1));
#4742=CARTESIAN_POINT('',(-1.840999993446E1,2.540341828899E0,3.513780147135E1));
#4743=DIRECTION('',(0.E0,0.E0,-1.E0));
#4744=DIRECTION('',(8.853935209782E-1,-4.648422452938E-1,0.E0));
#4745=AXIS2_PLACEMENT_3D('',#4742,#4743,#4744);
#4747=DIRECTION('',(-5.177446684070E-1,1.652976941246E-2,8.553754877592E-1));
#4748=VECTOR('',#4747,1.142695091161E1);
#4749=CARTESIAN_POINT('',(-3.329999934456E0,-2.459658171100E0,
2.536357655829E1));
#4750=LINE('',#4749,#4748);
#4751=CARTESIAN_POINT('',(-8.829999934456E0,-2.459658171101E0,
-3.336430019060E0));
#4752=DIRECTION('',(0.E0,0.E0,-1.E0));
#4753=DIRECTION('',(1.E0,0.E0,0.E0));
#4754=AXIS2_PLACEMENT_3D('',#4751,#4752,#4753);
#4756=DIRECTION('',(-4.598720659236E-14,0.E0,-1.E0));
#4757=VECTOR('',#4756,2.870000657735E1);
#4758=CARTESIAN_POINT('',(-8.829999934456E0,-7.959658171101E0,
2.536357655829E1));
#4759=LINE('',#4758,#4757);
#4760=DIRECTION('',(0.E0,-9.578089125393E-14,1.E0));
#4761=VECTOR('',#4760,2.870000657735E1);
#4762=CARTESIAN_POINT('',(-3.329999934456E0,-2.459658171098E0,
-3.336430019060E0));
#4763=LINE('',#4762,#4761);
#4764=CARTESIAN_POINT('',(-3.629999934456E0,-2.459658171100E0,
-3.336430019060E0));
#4765=DIRECTION('',(0.E0,-1.E0,0.E0));
#4766=DIRECTION('',(-7.993605777301E-14,0.E0,-1.E0));
#4767=AXIS2_PLACEMENT_3D('',#4764,#4765,#4766);
#4769=DIRECTION('',(0.E0,-9.576678948579E-1,2.878753257202E-1));
#4770=VECTOR('',#4769,1.017378689662E0);
#4771=CARTESIAN_POINT('',(-3.329999934456E0,2.221506986394E0,
-3.069567988951E0));
#4772=LINE('',#4771,#4770);
#4773=DIRECTION('',(0.E0,0.E0,-1.E0));
#4774=VECTOR('',#4773,1.063313796989E1);
#4775=CARTESIAN_POINT('',(-3.329999934456E0,2.221506986394E0,7.563569980937E0));
#4776=LINE('',#4775,#4774);
#4777=DIRECTION('',(0.E0,0.E0,-1.E0));
#4778=VECTOR('',#4777,1.073313797059E1);
#4779=CARTESIAN_POINT('',(-3.329999934456E0,2.221506986394E0,2.429670795153E1));
#4780=LINE('',#4779,#4778);
#4781=DIRECTION('',(0.E0,9.576678948579E-1,2.878753257202E-1));
#4782=VECTOR('',#4781,1.017378689662E0);
#4783=CARTESIAN_POINT('',(-3.329999934456E0,1.247196078392E0,2.400382972986E1));
#4784=LINE('',#4783,#4782);
#4785=DIRECTION('',(0.E0,-1.E0,0.E0));
#4786=VECTOR('',#4785,4.999999999997E0);
#4787=CARTESIAN_POINT('',(-3.329999934456E0,2.540341828899E0,
-3.336430019060E0));
#4788=LINE('',#4787,#4786);
#4789=CARTESIAN_POINT('',(-2.329999934456E0,2.008950424724E0,6.563569980937E0));
#4790=CARTESIAN_POINT('',(-2.494845567850E0,2.043989445764E0,6.563569980937E0));
#4791=CARTESIAN_POINT('',(-2.754937415353E0,2.099273674588E0,6.634724292653E0));
#4792=CARTESIAN_POINT('',(-3.049377790183E0,2.161858908279E0,6.839291093413E0));
#4793=CARTESIAN_POINT('',(-3.256442428270E0,2.205871855794E0,7.133185656853E0));
#4794=CARTESIAN_POINT('',(-3.329999934456E0,2.221506986394E0,7.395041598032E0));
#4795=CARTESIAN_POINT('',(-3.329999934456E0,2.221506986394E0,7.563569980937E0));
#4797=DIRECTION('',(0.E0,1.E0,0.E0));
#4798=VECTOR('',#4797,5.025288127246E-1);
#4799=CARTESIAN_POINT('',(-2.329999934456E0,1.506421611999E0,6.563569980937E0));
#4800=LINE('',#4799,#4798);
#4801=DIRECTION('',(0.E0,-1.E0,0.E0));
#4802=VECTOR('',#4801,9.743109080021E-1);
#4803=CARTESIAN_POINT('',(-3.329999934456E0,2.221506986394E0,7.563569980937E0));
#4804=LINE('',#4803,#4802);
#4805=DIRECTION('',(0.E0,0.E0,-1.E0));
#4806=VECTOR('',#4805,8.515594453798E0);
#4807=CARTESIAN_POINT('',(-2.266914732154E0,2.040341828899E0,6.563569980937E0));
#4808=LINE('',#4807,#4806);
#4809=DIRECTION('',(1.206318762189E-14,0.E0,1.E0));
#4810=VECTOR('',#4809,8.945701698097E0);
#4811=CARTESIAN_POINT('',(-2.683849193866E0,2.084163406653E0,
-2.382131717160E0));
#4812=LINE('',#4811,#4810);
#4813=CARTESIAN_POINT('',(-2.389162550418E0,2.042234004679E0,
-2.075109532403E0));
#4814=CARTESIAN_POINT('',(-2.421894771742E0,2.044246395711E0,
-2.108446679220E0));
#4815=CARTESIAN_POINT('',(-2.488664512157E0,2.052661049705E0,
-2.177352137375E0));
#4816=CARTESIAN_POINT('',(-2.586260043454E0,2.064872272100E0,
-2.278779438190E0));
#4817=CARTESIAN_POINT('',(-2.651407039354E0,2.077267613837E0,
-2.347616684760E0));
#4818=CARTESIAN_POINT('',(-2.683849193866E0,2.084163406653E0,
-2.382131717160E0));
#4820=CARTESIAN_POINT('',(-2.266914732154E0,2.040341828899E0,
-1.952024472861E0));
#4821=CARTESIAN_POINT('',(-2.280553232297E0,2.040341828899E0,
-1.965662782778E0));
#4822=CARTESIAN_POINT('',(-2.308015077452E0,2.040594119003E0,
-1.993172823991E0));
#4823=CARTESIAN_POINT('',(-2.348318128827E0,2.039458813535E0,
-2.034014287488E0));
#4824=CARTESIAN_POINT('',(-2.377482187434E0,2.042234004679E0,
-2.063207255852E0));
#4825=CARTESIAN_POINT('',(-2.389162550418E0,2.042234004679E0,
-2.075109532403E0));
#4827=CARTESIAN_POINT('',(-1.329999932267E0,2.040341828899E0,
-1.636430019062E0));
#4828=CARTESIAN_POINT('',(-1.463779035281E0,2.040341828899E0,
-1.636430018872E0));
#4829=CARTESIAN_POINT('',(-1.721033538377E0,2.040594119003E0,
-1.670796715779E0));
#4830=CARTESIAN_POINT('',(-2.089597732324E0,2.039458813535E0,
-1.822710872300E0));
#4831=CARTESIAN_POINT('',(-2.296604787129E0,2.042234004679E0,
-1.982551769123E0));
#4832=CARTESIAN_POINT('',(-2.389162550418E0,2.042234004679E0,
-2.075109532403E0));
#4834=DIRECTION('',(-3.406299632602E-12,0.E0,-1.E0));
#4835=VECTOR('',#4834,8.2E0);
#4836=CARTESIAN_POINT('',(-1.329999932239E0,2.040341828899E0,6.563569980937E0));
#4837=LINE('',#4836,#4835);
#4838=DIRECTION('',(1.E0,0.E0,0.E0));
#4839=VECTOR('',#4838,9.369147999155E-1);
#4840=CARTESIAN_POINT('',(-2.266914732154E0,2.040341828899E0,6.563569980937E0));
#4841=LINE('',#4840,#4839);
#4842=DIRECTION('',(0.E0,-1.E0,0.E0));
#4843=VECTOR('',#4842,4.499999999998E-1);
#4844=CARTESIAN_POINT('',(-1.329999932239E0,2.040341828899E0,6.563569980937E0));
#4845=LINE('',#4844,#4843);
#4846=DIRECTION('',(-9.857011506054E-11,9.781476007339E-1,-2.079116908175E-1));
#4847=VECTOR('',#4846,4.600532676884E-1);
#4848=CARTESIAN_POINT('',(-1.329999932221E0,1.590341828900E0,
-1.540779566311E0));
#4849=LINE('',#4848,#4847);
#4850=DIRECTION('',(-2.149224547534E-12,-7.356417202243E-14,1.E0));
#4851=VECTOR('',#4850,8.104349547249E0);
#4852=CARTESIAN_POINT('',(-1.329999932221E0,1.590341828900E0,
-1.540779566311E0));
#4853=LINE('',#4852,#4851);
#4854=CARTESIAN_POINT('',(-2.474867636747E0,1.480101653534E0,
-1.991568929420E0));
#4855=CARTESIAN_POINT('',(-2.370280330398E0,1.500431744110E0,
-1.893092855876E0));
#4856=CARTESIAN_POINT('',(-2.144106391891E0,1.538810392842E0,
-1.730204291476E0));
#4857=CARTESIAN_POINT('',(-1.747355607181E0,1.580468997700E0,
-1.575262423807E0));
#4858=CARTESIAN_POINT('',(-1.472187749015E0,1.590341828953E0,
-1.540779566120E0));
#4859=CARTESIAN_POINT('',(-1.329999932221E0,1.590341828900E0,
-1.540779566311E0));
#4861=DIRECTION('',(0.E0,0.E0,-1.E0));
#4862=VECTOR('',#4861,1.034025974822E1);
#4863=CARTESIAN_POINT('',(-3.329999934456E0,1.247196078392E0,7.563569980937E0));
#4864=LINE('',#4863,#4862);
#4865=CARTESIAN_POINT('',(-2.329999934456E0,1.506421611999E0,6.563569980937E0));
#4866=CARTESIAN_POINT('',(-2.421672686007E0,1.490926088796E0,6.563569980937E0));
#4867=CARTESIAN_POINT('',(-2.597070974774E0,1.457000054414E0,6.587666121268E0));
#4868=CARTESIAN_POINT('',(-2.845121427429E0,1.397519622180E0,6.692925179759E0));
#4869=CARTESIAN_POINT('',(-3.051788795483E0,1.339044225426E0,6.855190185437E0));
#4870=CARTESIAN_POINT('',(-3.210593163918E0,1.288536784365E0,7.065750751280E0));
#4871=CARTESIAN_POINT('',(-3.307880656843E0,1.255083636260E0,7.308397753544E0));
#4872=CARTESIAN_POINT('',(-3.329999934456E0,1.247196078392E0,7.476607203234E0));
#4873=CARTESIAN_POINT('',(-3.329999934456E0,1.247196078392E0,7.563569980937E0));
#4875=DIRECTION('',(9.781476007338E-1,-2.079116908179E-1,0.E0));
#4876=VECTOR('',#4875,3.617544623577E-1);
#4877=CARTESIAN_POINT('',(-2.683849193866E0,2.084163406653E0,6.563569980937E0));
#4878=LINE('',#4877,#4876);
#4879=CARTESIAN_POINT('',(-2.266914732154E0,4.045685828899E0,6.563569980937E0));
#4880=DIRECTION('',(0.E0,0.E0,-1.E0));
#4881=DIRECTION('',(4.938399286934E-14,-1.E0,0.E0));
#4882=AXIS2_PLACEMENT_3D('',#4879,#4880,#4881);
#4884=CARTESIAN_POINT('',(-1.329999934456E0,-4.409658171101E0,
6.563569980937E0));
#4885=DIRECTION('',(0.E0,0.E0,-1.E0));
#4886=DIRECTION('',(-1.666666666667E-1,9.860132971833E-1,0.E0));
#4887=AXIS2_PLACEMENT_3D('',#4884,#4885,#4886);
#4889=DIRECTION('',(6.777438751136E-1,-1.440589077872E-1,7.210480364255E-1));
#4890=VECTOR('',#4889,9.533848468666E-1);
#4891=CARTESIAN_POINT('',(-3.329999934456E0,2.221506986394E0,
-3.069567988951E0));
#4892=LINE('',#4891,#4890);
#4893=CARTESIAN_POINT('',(-2.474867636747E0,1.480101653534E0,
-1.991568929420E0));
#4894=CARTESIAN_POINT('',(-2.573629600831E0,1.460903915823E0,
-2.084560046401E0));
#4895=CARTESIAN_POINT('',(-2.768664646624E0,1.417846558402E0,
-2.266652097222E0));
#4896=CARTESIAN_POINT('',(-3.054203553531E0,1.339767198369E0,
-2.528720293786E0));
#4897=CARTESIAN_POINT('',(-3.238947447845E0,1.279387993755E0,
-2.695314182415E0));
#4898=CARTESIAN_POINT('',(-3.329999934456E0,1.247196078392E0,
-2.776689767283E0));
#4900=DIRECTION('',(-1.491217594964E-1,-9.780769014193E-1,1.453556870396E-1));
#4901=VECTOR('',#4900,5.747322632087E-1);
#4902=CARTESIAN_POINT('',(-2.389162550418E0,2.042234004679E0,
-2.075109532403E0));
#4903=LINE('',#4902,#4901);
#4904=DIRECTION('',(6.777438751136E-1,-1.440589077872E-1,-7.210480364255E-1));
#4905=VECTOR('',#4904,9.533846951765E-1);
#4906=CARTESIAN_POINT('',(-3.329999934456E0,2.221506986394E0,2.429670795153E1));
#4907=LINE('',#4906,#4905);
#4908=DIRECTION('',(-9.548682518724E-5,5.674304553434E-9,-9.999999954411E-1));
#4909=VECTOR('',#4908,2.892000013184E0);
#4910=CARTESIAN_POINT('',(-2.267195658914E0,2.040341838745E0,1.745556998094E1));
#4911=LINE('',#4910,#4909);
#4912=DIRECTION('',(-4.910059069207E-5,1.720257551761E-9,-9.999999987946E-1));
#4913=VECTOR('',#4912,5.723594356293E0);
#4914=CARTESIAN_POINT('',(-2.266914627050E0,2.040341828899E0,2.317916433033E1));
#4915=LINE('',#4914,#4913);
#4916=CARTESIAN_POINT('',(-2.390346140496E0,2.042236228214E0,2.330305182321E1));
#4917=CARTESIAN_POINT('',(-2.376537239126E0,2.042236228214E0,2.328928770804E1));
#4918=CARTESIAN_POINT('',(-2.349237624704E0,2.039457775886E0,2.326137769003E1));
#4919=CARTESIAN_POINT('',(-2.308038979547E0,2.040594415475E0,2.322033731858E1));
#4920=CARTESIAN_POINT('',(-2.280626099156E0,2.040341828899E0,2.319287001235E1));
#4921=CARTESIAN_POINT('',(-2.266914627050E0,2.040341828899E0,2.317916433033E1));
#4923=DIRECTION('',(1.982471613787E-13,-4.060484028239E-14,1.E0));
#4924=VECTOR('',#4923,9.110399381758E0);
#4925=CARTESIAN_POINT('',(-2.683849296675E0,2.084163428506E0,1.449887240735E1));
#4926=LINE('',#4925,#4924);
#4927=CARTESIAN_POINT('',(-2.329999934456E0,2.041334361638E0,1.456356998094E1));
#4928=CARTESIAN_POINT('',(-2.369602508226E0,2.042580819325E0,1.456356998094E1));
#4929=CARTESIAN_POINT('',(-2.448774430499E0,2.047405720576E0,1.455890709038E1));
#4930=CARTESIAN_POINT('',(-2.568128066447E0,2.061893390964E0,1.453733274653E1));
#4931=CARTESIAN_POINT('',(-2.645565521221E0,2.076025960828E0,1.451335616057E1));
#4932=CARTESIAN_POINT('',(-2.683849296675E0,2.084163428506E0,1.449887240735E1));
#4934=DIRECTION('',(-1.E0,2.800738854447E-8,0.E0));
#4935=VECTOR('',#4934,9.374718745747E-1);
#4936=CARTESIAN_POINT('',(-1.329999932239E0,2.040341828899E0,1.456356998094E1));
#4937=LINE('',#4936,#4935);
#4938=DIRECTION('',(3.343938245448E-12,0.E0,-1.E0));
#4939=VECTOR('',#4938,8.299999999996E0);
#4940=CARTESIAN_POINT('',(-1.329999932267E0,2.040341828899E0,2.286356998093E1));
#4941=LINE('',#4940,#4939);
#4942=CARTESIAN_POINT('',(-1.329999934456E0,2.040341828899E0,2.436356998094E1));
#4943=DIRECTION('',(0.E0,-1.E0,1.661335729158E-14));
#4944=DIRECTION('',(-7.070190512049E-1,-1.332267629550E-14,-7.071945002850E-1));
#4945=AXIS2_PLACEMENT_3D('',#4942,#4943,#4944);
#4947=DIRECTION('',(0.E0,-1.E0,0.E0));
#4948=VECTOR('',#4947,4.499999999998E-1);
#4949=CARTESIAN_POINT('',(-1.329999932239E0,2.040341828899E0,1.456356998094E1));
#4950=LINE('',#4949,#4948);
#4951=CARTESIAN_POINT('',(-2.266914627050E0,4.045686828899E0,1.456356998094E1));
#4952=DIRECTION('',(0.E0,0.E0,1.E0));
#4953=DIRECTION('',(-3.145858064620E-2,-9.995050563673E-1,0.E0));
#4954=AXIS2_PLACEMENT_3D('',#4951,#4952,#4953);
#4956=CARTESIAN_POINT('',(-1.329999934456E0,-4.409658171101E0,
1.456356998094E1));
#4957=DIRECTION('',(0.E0,0.E0,1.E0));
#4958=DIRECTION('',(3.695392510513E-10,1.E0,0.E0));
#4959=AXIS2_PLACEMENT_3D('',#4956,#4957,#4958);
#4961=DIRECTION('',(9.859038635114E-11,-9.781476007355E-1,-2.079116908099E-1));
#4962=VECTOR('',#4961,4.600532676877E-1);
#4963=CARTESIAN_POINT('',(-1.329999932267E0,2.040341828899E0,2.286356998093E1));
#4964=LINE('',#4963,#4962);
#4965=DIRECTION('',(2.145491718686E-12,7.280284485790E-14,1.E0));
#4966=VECTOR('',#4965,8.204349547249E0);
#4967=CARTESIAN_POINT('',(-1.329999932239E0,1.590341828899E0,1.456356998094E1));
#4968=LINE('',#4967,#4966);
#4969=CARTESIAN_POINT('',(-3.329999934456E0,1.247196078392E0,1.356356998094E1));
#4970=CARTESIAN_POINT('',(-3.329999934456E0,1.247196078392E0,1.364961029371E1));
#4971=CARTESIAN_POINT('',(-3.308565038226E0,1.254848233473E0,1.381650325603E1));
#4972=CARTESIAN_POINT('',(-3.210623358125E0,1.288518818776E0,1.406130819580E1));
#4973=CARTESIAN_POINT('',(-3.053195819935E0,1.338625660146E0,1.427049624286E1));
#4974=CARTESIAN_POINT('',(-2.844959786920E0,1.397573080649E0,1.443446596240E1));
#4975=CARTESIAN_POINT('',(-2.597398603968E0,1.456922179664E0,1.453927961795E1));
#4976=CARTESIAN_POINT('',(-2.421768614788E0,1.490909873872E0,1.456356998094E1));
#4977=CARTESIAN_POINT('',(-2.329999934459E0,1.506421611999E0,1.456356998094E1));
#4979=DIRECTION('',(0.E0,0.E0,-1.E0));
#4980=VECTOR('',#4979,1.044025974892E1);
#4981=CARTESIAN_POINT('',(-3.329999934456E0,1.247196078392E0,2.400382972986E1));
#4982=LINE('',#4981,#4980);
#4983=DIRECTION('',(-5.276806394516E-12,-1.E0,0.E0));
#4984=VECTOR('',#4983,5.349127496398E-1);
#4985=CARTESIAN_POINT('',(-2.329999934456E0,2.041334361638E0,1.456356998094E1));
#4986=LINE('',#4985,#4984);
#4987=CARTESIAN_POINT('',(-3.329999934456E0,2.221506986394E0,1.356356998094E1));
#4988=CARTESIAN_POINT('',(-3.329999934456E0,2.221506986394E0,1.379610555896E1));
#4989=CARTESIAN_POINT('',(-3.189094388855E0,2.191556588101E0,1.416088428709E1));
#4990=CARTESIAN_POINT('',(-2.897165751464E0,2.129505240684E0,1.441816921516E1));
#4991=CARTESIAN_POINT('',(-2.683849296673E0,2.084163428506E0,1.449887240735E1));
#4993=DIRECTION('',(0.E0,1.E0,2.240704212272E-12));
#4994=VECTOR('',#4993,9.743109080020E-1);
#4995=CARTESIAN_POINT('',(-3.329999934456E0,1.247196078392E0,1.356356998094E1));
#4996=LINE('',#4995,#4994);
#4997=CARTESIAN_POINT('',(-3.329999934456E0,1.247196078392E0,2.400382972986E1));
#4998=CARTESIAN_POINT('',(-3.238913933928E0,1.279399842714E0,2.392242419287E1));
#4999=CARTESIAN_POINT('',(-3.054124961306E0,1.339791322285E0,2.375578892043E1));
#5000=CARTESIAN_POINT('',(-2.768593258440E0,1.417863271190E0,2.349372567925E1));
#5001=CARTESIAN_POINT('',(-2.573596286447E0,1.460911090812E0,2.331166888619E1));
#5002=CARTESIAN_POINT('',(-2.474859448541E0,1.480103935842E0,2.321870142464E1));
#5004=CARTESIAN_POINT('',(-2.390346140496E0,2.042236228214E0,2.330305182321E1));
#5005=CARTESIAN_POINT('',(-2.423036958294E0,2.044248626828E0,2.333634756879E1));
#5006=CARTESIAN_POINT('',(-2.488002104910E0,2.052647447703E0,2.340400383805E1));
#5007=CARTESIAN_POINT('',(-2.586320085248E0,2.064856224981E0,2.350592369476E1));
#5008=CARTESIAN_POINT('',(-2.651365376275E0,2.077258758076E0,2.357471232221E1));
#5009=CARTESIAN_POINT('',(-2.683849296673E0,2.084163428506E0,2.360927178911E1));
#5011=DIRECTION('',(-1.470630452241E-1,-9.781759659776E-1,-1.467795636770E-1));
#5012=VECTOR('',#5011,5.746739972400E-1);
#5013=CARTESIAN_POINT('',(-2.390346140496E0,2.042236228214E0,2.330305182321E1));
#5014=LINE('',#5013,#5012);
#5015=CARTESIAN_POINT('',(-2.474859448541E0,1.480103935842E0,2.321870142464E1));
#5016=CARTESIAN_POINT('',(-2.370203395558E0,1.500447380587E0,2.312016270367E1));
#5017=CARTESIAN_POINT('',(-2.143891891003E0,1.538841854057E0,2.295726709038E1));
#5018=CARTESIAN_POINT('',(-1.747136759977E0,1.580482222953E0,2.280231490289E1));
#5019=CARTESIAN_POINT('',(-1.472093060757E0,1.590341828953E0,2.276791952800E1));
#5020=CARTESIAN_POINT('',(-1.329999932221E0,1.590341828900E0,2.276791952819E1));
#5022=CARTESIAN_POINT('',(-3.329999934456E0,-2.459658171100E0,
2.536357655829E1));
#5023=CARTESIAN_POINT('',(-3.329999934456E0,-1.626327712650E0,
2.536138761713E1));
#5024=CARTESIAN_POINT('',(-3.329999934458E0,4.034209315785E-2,
2.536368142406E1));
#5025=CARTESIAN_POINT('',(-3.329999934452E0,1.707010841932E0,2.536555576789E1));
#5026=CARTESIAN_POINT('',(-3.329999934452E0,2.540341824900E0,2.536357655829E1));
#5028=CARTESIAN_POINT('',(-1.840999993446E1,2.540341828899E0,3.513780147135E1));
#5029=DIRECTION('',(0.E0,0.E0,-1.E0));
#5030=DIRECTION('',(1.E0,0.E0,0.E0));
#5031=AXIS2_PLACEMENT_3D('',#5028,#5029,#5030);
#5033=DIRECTION('',(-1.E0,0.E0,0.E0));
#5034=VECTOR('',#5033,2.299999953684E0);
#5035=CARTESIAN_POINT('',(-2.161000004632E1,-1.100965817110E1,
2.265556998094E1));
#5036=LINE('',#5035,#5034);
#5037=DIRECTION('',(0.E0,1.E0,0.E0));
#5038=VECTOR('',#5037,1.2E0);
#5039=CARTESIAN_POINT('',(-2.161000004632E1,-1.220965817110E1,
2.265556998094E1));
#5040=LINE('',#5039,#5038);
#5041=DIRECTION('',(0.E0,-1.E0,0.E0));
#5042=VECTOR('',#5041,1.2E0);
#5043=CARTESIAN_POINT('',(-2.391E1,-1.100965817110E1,2.265556998094E1));
#5044=LINE('',#5043,#5042);
#5045=DIRECTION('',(2.934089326188E-14,6.156614753257E-1,7.880107536067E-1));
#5046=VECTOR('',#5045,3.632520980623E0);
#5047=CARTESIAN_POINT('',(-1.886E1,-1.214606139718E1,8.036970139548E0));
#5048=LINE('',#5047,#5046);
#5049=CARTESIAN_POINT('',(-1.886E1,-1.190965817110E1,7.852271696950E0));
#5050=DIRECTION('',(0.E0,-6.156614753257E-1,-7.880107536067E-1));
#5051=DIRECTION('',(0.E0,-7.880107536067E-1,6.156614753257E-1));
#5052=AXIS2_PLACEMENT_3D('',#5049,#5050,#5051);
#5054=CARTESIAN_POINT('',(-1.886E1,-1.190965817110E1,7.852271696950E0));
#5055=DIRECTION('',(-1.E0,0.E0,0.E0));
#5056=DIRECTION('',(0.E0,-1.E0,0.E0));
#5057=AXIS2_PLACEMENT_3D('',#5054,#5055,#5056);
#5059=CARTESIAN_POINT('',(-1.886E1,-1.190965817110E1,7.852271696950E0));
#5060=DIRECTION('',(0.E0,0.E0,1.E0));
#5061=DIRECTION('',(-1.E0,0.E0,0.E0));
#5062=AXIS2_PLACEMENT_3D('',#5059,#5060,#5061);
#5064=DIRECTION('',(-1.E0,0.E0,0.E0));
#5065=VECTOR('',#5064,9.E-1);
#5066=CARTESIAN_POINT('',(-1.796E1,-1.214606139718E1,8.036970139548E0));
#5067=LINE('',#5066,#5065);
#5068=DIRECTION('',(1.E0,0.E0,0.E0));
#5069=VECTOR('',#5068,9.E-1);
#5070=CARTESIAN_POINT('',(-1.886E1,-1.220965817110E1,7.852271696950E0));
#5071=LINE('',#5070,#5069);
#5072=DIRECTION('',(-1.E0,0.E0,0.E0));
#5073=VECTOR('',#5072,8.999999999998E-1);
#5074=CARTESIAN_POINT('',(-1.796E1,-9.909658171100E0,1.089943573498E1));
#5075=LINE('',#5074,#5073);
#5076=DIRECTION('',(3.129695281268E-14,-6.156614753257E-1,-7.880107536067E-1));
#5077=VECTOR('',#5076,3.632520980623E0);
#5078=CARTESIAN_POINT('',(-1.796E1,-9.909658171100E0,1.089943573498E1));
#5079=LINE('',#5078,#5077);
#5080=DIRECTION('',(0.E0,-6.156614753257E-1,-7.880107536067E-1));
#5081=VECTOR('',#5080,3.248538490965E0);
#5082=CARTESIAN_POINT('',(-1.766E1,-9.909658171101E0,1.041215496134E1));
#5083=LINE('',#5082,#5081);
#5084=DIRECTION('',(0.E0,1.E0,0.E0));
#5085=VECTOR('',#5084,2.E0);
#5086=CARTESIAN_POINT('',(-1.796E1,-1.190965817110E1,6.955569980937E0));
#5087=LINE('',#5086,#5085);
#5088=DIRECTION('',(0.E0,-1.E0,0.E0));
#5089=VECTOR('',#5088,2.E0);
#5090=CARTESIAN_POINT('',(-1.766E1,-9.909658171101E0,7.255569980937E0));
#5091=LINE('',#5090,#5089);
#5092=DIRECTION('',(0.E0,1.E0,0.E0));
#5093=VECTOR('',#5092,2.E0);
#5094=CARTESIAN_POINT('',(-1.916E1,-1.190965817110E1,7.255569980937E0));
#5095=LINE('',#5094,#5093);
#5096=DIRECTION('',(0.E0,-1.E0,0.E0));
#5097=VECTOR('',#5096,2.E0);
#5098=CARTESIAN_POINT('',(-1.886E1,-9.909658171101E0,6.955569980937E0));
#5099=LINE('',#5098,#5097);
#5100=DIRECTION('',(0.E0,0.E0,-1.E0));
#5101=VECTOR('',#5100,3.156584980399E0);
#5102=CARTESIAN_POINT('',(-1.916E1,-9.909658171101E0,1.041215496134E1));
#5103=LINE('',#5102,#5101);
#5104=DIRECTION('',(0.E0,6.156614753257E-1,7.880107536067E-1));
#5105=VECTOR('',#5104,3.248538490965E0);
#5106=CARTESIAN_POINT('',(-1.916E1,-1.190965817110E1,7.852271696950E0));
#5107=LINE('',#5106,#5105);
#5108=DIRECTION('',(1.786175697234E-14,-1.190783798156E-14,-1.E0));
#5109=VECTOR('',#5108,5.967017160131E-1);
#5110=CARTESIAN_POINT('',(-1.916E1,-1.190965817110E1,7.852271696950E0));
#5111=LINE('',#5110,#5109);
#5112=DIRECTION('',(0.E0,0.E0,1.E0));
#5113=VECTOR('',#5112,5.967017160131E-1);
#5114=CARTESIAN_POINT('',(-1.886E1,-1.220965817110E1,7.255569980937E0));
#5115=LINE('',#5114,#5113);
#5116=DIRECTION('',(1.E0,0.E0,0.E0));
#5117=VECTOR('',#5116,9.E-1);
#5118=CARTESIAN_POINT('',(-1.886E1,-1.190965817110E1,6.955569980937E0));
#5119=LINE('',#5118,#5117);
#5120=DIRECTION('',(-1.E0,0.E0,0.E0));
#5121=VECTOR('',#5120,9.E-1);
#5122=CARTESIAN_POINT('',(-1.796E1,-1.220965817110E1,7.255569980937E0));
#5123=LINE('',#5122,#5121);
#5124=CARTESIAN_POINT('',(-1.796E1,-1.190965817110E1,7.255569980937E0));
#5125=DIRECTION('',(1.E0,0.E0,0.E0));
#5126=DIRECTION('',(0.E0,-1.E0,0.E0));
#5127=AXIS2_PLACEMENT_3D('',#5124,#5125,#5126);
#5129=CARTESIAN_POINT('',(-1.796E1,-1.190965817110E1,7.255569980937E0));
#5130=DIRECTION('',(0.E0,0.E0,-1.E0));
#5131=DIRECTION('',(1.E0,0.E0,0.E0));
#5132=AXIS2_PLACEMENT_3D('',#5129,#5130,#5131);
#5134=CARTESIAN_POINT('',(-1.796E1,-1.190965817110E1,7.255569980937E0));
#5135=DIRECTION('',(0.E0,-1.E0,0.E0));
#5136=DIRECTION('',(1.894780628694E-13,0.E0,-1.E0));
#5137=AXIS2_PLACEMENT_3D('',#5134,#5135,#5136);
#5139=DIRECTION('',(0.E0,0.E0,-1.E0));
#5140=VECTOR('',#5139,5.967017160131E-1);
#5141=CARTESIAN_POINT('',(-1.796E1,-1.220965817110E1,7.852271696950E0));
#5142=LINE('',#5141,#5140);
#5143=DIRECTION('',(-1.786175697234E-14,0.E0,1.E0));
#5144=VECTOR('',#5143,5.967017160131E-1);
#5145=CARTESIAN_POINT('',(-1.766E1,-1.190965817110E1,7.255569980937E0));
#5146=LINE('',#5145,#5144);
#5147=CARTESIAN_POINT('',(-1.796E1,-1.190965817110E1,7.852271696950E0));
#5148=DIRECTION('',(0.E0,-6.156614753257E-1,-7.880107536067E-1));
#5149=DIRECTION('',(1.E0,7.697546304068E-14,-5.921189464667E-14));
#5150=AXIS2_PLACEMENT_3D('',#5147,#5148,#5149);
#5152=CARTESIAN_POINT('',(-1.796E1,-1.190965817110E1,7.852271696950E0));
#5153=DIRECTION('',(0.E0,0.E0,1.E0));
#5154=DIRECTION('',(0.E0,-1.E0,0.E0));
#5155=AXIS2_PLACEMENT_3D('',#5152,#5153,#5154);
#5157=CARTESIAN_POINT('',(-1.796E1,-1.190965817110E1,7.852271696950E0));
#5158=DIRECTION('',(1.E0,0.E0,0.E0));
#5159=DIRECTION('',(0.E0,-7.880107536067E-1,6.156614753257E-1));
#5160=AXIS2_PLACEMENT_3D('',#5157,#5158,#5159);
#5162=CARTESIAN_POINT('',(-1.886E1,-1.190965817110E1,7.255569980937E0));
#5163=DIRECTION('',(0.E0,-1.E0,0.E0));
#5164=DIRECTION('',(-1.E0,0.E0,0.E0));
#5165=AXIS2_PLACEMENT_3D('',#5162,#5163,#5164);
#5167=CARTESIAN_POINT('',(-1.886E1,-1.190965817110E1,7.255569980937E0));
#5168=DIRECTION('',(0.E0,0.E0,-1.E0));
#5169=DIRECTION('',(0.E0,-1.E0,0.E0));
#5170=AXIS2_PLACEMENT_3D('',#5167,#5168,#5169);
#5172=CARTESIAN_POINT('',(-1.886E1,-1.190965817110E1,7.255569980937E0));
#5173=DIRECTION('',(-1.E0,0.E0,0.E0));
#5174=DIRECTION('',(0.E0,0.E0,-1.E0));
#5175=AXIS2_PLACEMENT_3D('',#5172,#5173,#5174);
#5177=CARTESIAN_POINT('',(-1.840999993446E1,2.540341828899E0,3.636356998094E1));
#5178=DIRECTION('',(0.E0,0.E0,1.E0));
#5179=DIRECTION('',(9.539912583391E-1,-2.998344193261E-1,0.E0));
#5180=AXIS2_PLACEMENT_3D('',#5177,#5178,#5179);
#5182=CARTESIAN_POINT('',(-1.105999993446E1,2.540341828899E0,3.636356998094E1));
#5183=DIRECTION('',(0.E0,0.E0,-1.E0));
#5184=DIRECTION('',(1.E0,0.E0,0.E0));
#5185=AXIS2_PLACEMENT_3D('',#5182,#5183,#5184);
#5187=CARTESIAN_POINT('',(-1.105999993446E1,2.540341828899E0,3.686356998094E1));
#5188=DIRECTION('',(0.E0,0.E0,-1.E0));
#5189=DIRECTION('',(1.E0,0.E0,0.E0));
#5190=AXIS2_PLACEMENT_3D('',#5187,#5188,#5189);
#5192=DIRECTION('',(0.E0,0.E0,-1.E0));
#5193=VECTOR('',#5192,5.E0);
#5194=CARTESIAN_POINT('',(-8.825306056905E0,-1.365569495444E0,
4.186356998094E1));
#5195=LINE('',#5194,#5193);
#5196=DIRECTION('',(0.E0,0.E0,1.E0));
#5197=VECTOR('',#5196,5.E0);
#5198=CARTESIAN_POINT('',(-6.559999934456E0,2.540341828899E0,3.686356998094E1));
#5199=LINE('',#5198,#5197);
#5200=CARTESIAN_POINT('',(-1.105999993446E1,2.540341828899E0,4.186356998094E1));
#5201=DIRECTION('',(0.E0,0.E0,1.E0));
#5202=DIRECTION('',(4.965986394558E-1,-8.679802942986E-1,0.E0));
#5203=AXIS2_PLACEMENT_3D('',#5200,#5201,#5202);
#5205=CARTESIAN_POINT('',(-8.536190410647E0,-5.629444111256E-1,
4.236356998094E1));
#5206=CARTESIAN_POINT('',(-8.557290065166E0,-6.300777509558E-1,
4.236356998094E1));
#5207=CARTESIAN_POINT('',(-8.598696333992E0,-7.570617800035E-1,
4.235465212468E1));
#5208=CARTESIAN_POINT('',(-8.657581672259E0,-9.269716134946E-1,
4.231815041527E1));
#5209=CARTESIAN_POINT('',(-8.711144232356E0,-1.073742395602E0,
4.226095458683E1));
#5210=CARTESIAN_POINT('',(-8.758144514067E0,-1.197155730970E0,
4.218442975111E1));
#5211=CARTESIAN_POINT('',(-8.796185876606E0,-1.293641824011E0,
4.208724565727E1));
#5212=CARTESIAN_POINT('',(-8.820172556719E0,-1.353011291030E0,
4.197583945697E1));
#5213=CARTESIAN_POINT('',(-8.825306056905E0,-1.365569495444E0,
4.190152505943E1));
#5214=CARTESIAN_POINT('',(-8.825306056905E0,-1.365569495444E0,
4.186356998094E1));
#5216=CARTESIAN_POINT('',(-1.105999993446E1,2.540341828899E0,4.236356998094E1));
#5217=DIRECTION('',(0.E0,0.E0,1.E0));
#5218=DIRECTION('',(6.309523809523E-1,-7.758215600063E-1,0.E0));
#5219=AXIS2_PLACEMENT_3D('',#5216,#5217,#5218);
#5221=CARTESIAN_POINT('',(-1.840999993446E1,2.540341828899E0,4.236356998094E1));
#5222=DIRECTION('',(0.E0,0.E0,-1.E0));
#5223=DIRECTION('',(1.E0,0.E0,0.E0));
#5224=AXIS2_PLACEMENT_3D('',#5221,#5222,#5223);
#5226=DIRECTION('',(-1.E0,-2.131628207280E-14,0.E0));
#5227=VECTOR('',#5226,1.E0);
#5228=CARTESIAN_POINT('',(-7.059999934456E0,2.540341828899E0,4.236356998094E1));
#5229=LINE('',#5228,#5227);
#5230=CARTESIAN_POINT('',(-1.840999993446E1,2.540341828899E0,4.486356998094E1));
#5231=DIRECTION('',(0.E0,0.E0,1.E0));
#5232=DIRECTION('',(-1.E0,0.E0,0.E0));
#5233=AXIS2_PLACEMENT_3D('',#5230,#5231,#5232);
#5235=CARTESIAN_POINT('',(-1.840999993446E1,2.540341828899E0,4.486356998094E1));
#5236=DIRECTION('',(0.E0,0.E0,-1.E0));
#5237=DIRECTION('',(1.E0,0.E0,0.E0));
#5238=AXIS2_PLACEMENT_3D('',#5235,#5236,#5237);
#5240=CARTESIAN_POINT('',(-1.840999993446E1,2.540341828899E0,4.526356998094E1));
#5241=DIRECTION('',(0.E0,0.E0,1.E0));
#5242=DIRECTION('',(-1.E0,-1.691120480595E-7,0.E0));
#5243=AXIS2_PLACEMENT_3D('',#5240,#5241,#5242);
#5245=DIRECTION('',(0.E0,0.E0,1.E0));
#5246=VECTOR('',#5245,7.E-1);
#5247=CARTESIAN_POINT('',(-6.559999934456E0,2.540341828899E0,4.526356998094E1));
#5248=LINE('',#5247,#5246);
#5249=DIRECTION('',(0.E0,4.272873800813E-8,-1.E0));
#5250=VECTOR('',#5249,7.E-1);
#5251=CARTESIAN_POINT('',(-3.025999993446E1,2.540339795012E0,4.596356998094E1));
#5252=LINE('',#5251,#5250);
#5253=CARTESIAN_POINT('',(-1.840999993446E1,2.540341828899E0,4.636356998094E1));
#5254=DIRECTION('',(0.E0,0.E0,1.E0));
#5255=DIRECTION('',(-1.E0,-1.791248370397E-7,0.E0));
#5256=AXIS2_PLACEMENT_3D('',#5253,#5254,#5255);
#5258=CARTESIAN_POINT('',(-1.840999993446E1,2.540341828899E0,4.596356998094E1));
#5259=DIRECTION('',(0.E0,0.E0,-1.E0));
#5260=DIRECTION('',(1.E0,0.E0,0.E0));
#5261=AXIS2_PLACEMENT_3D('',#5258,#5259,#5260);
#5263=DIRECTION('',(-1.E0,0.E0,1.291895883200E-14));
#5264=VECTOR('',#5263,2.2E0);
#5265=CARTESIAN_POINT('',(-2.765999993446E1,2.540339777920E0,4.636356998094E1));
#5266=LINE('',#5265,#5264);
#5267=DIRECTION('',(-1.E0,0.E0,0.E0));
#5268=VECTOR('',#5267,2.2E0);
#5269=CARTESIAN_POINT('',(-6.959999934456E0,2.540341828899E0,4.636356998094E1));
#5270=LINE('',#5269,#5268);
#5271=CARTESIAN_POINT('',(-1.840999993446E1,2.540341828899E0,4.636356998094E1));
#5272=DIRECTION('',(0.E0,0.E0,-1.E0));
#5273=DIRECTION('',(1.E0,0.E0,0.E0));
#5274=AXIS2_PLACEMENT_3D('',#5271,#5272,#5273);
#5276=CARTESIAN_POINT('',(-1.840999993446E1,2.540341828899E0,4.596356998094E1));
#5277=DIRECTION('',(0.E0,0.E0,1.E0));
#5278=DIRECTION('',(-1.E0,-2.298178417438E-7,0.E0));
#5279=AXIS2_PLACEMENT_3D('',#5276,#5277,#5278);
#5281=DIRECTION('',(-2.287768924545E-5,0.E0,-9.999999997383E-1));
#5282=VECTOR('',#5281,3.086939058080E0);
#5283=CARTESIAN_POINT('',(-9.559999934456E0,2.540341828899E0,4.596356998094E1));
#5284=LINE('',#5283,#5282);
#5285=DIRECTION('',(-2.288244632157E-5,-3.274650271809E-8,9.999999997382E-1));
#5286=VECTOR('',#5285,3.086939059884E0);
#5287=CARTESIAN_POINT('',(-2.725992929774E1,2.540339896098E0,4.287663092186E1));
#5288=LINE('',#5287,#5286);
#5289=CARTESIAN_POINT('',(-2.725992929774E1,2.540339896098E0,4.287663092186E1));
#5290=CARTESIAN_POINT('',(-2.725703076696E1,2.027327651128E0,4.287627504145E1));
#5291=CARTESIAN_POINT('',(-2.716168977175E1,1.001817693967E0,4.287555058633E1));
#5292=CARTESIAN_POINT('',(-2.675486286604E1,-4.885333768046E-1,
4.287452029315E1));
#5293=CARTESIAN_POINT('',(-2.609624509995E1,-1.886002618760E0,
4.287354714978E1));
#5294=CARTESIAN_POINT('',(-2.520577154037E1,-3.148434901280E0,
4.287266888492E1));
#5295=CARTESIAN_POINT('',(-2.411028701964E1,-4.237746213192E0,
4.287191006536E1));
#5296=CARTESIAN_POINT('',(-2.284284391352E1,-5.121075404498E0,
4.287129444494E1));
#5297=CARTESIAN_POINT('',(-2.144167549277E1,-5.771775383620E0,
4.287084069821E1));
#5298=CARTESIAN_POINT('',(-1.994905117903E1,-6.170216497644E0,
4.287056276810E1));
#5299=CARTESIAN_POINT('',(-1.840999850164E1,-6.304379131491E0,
4.287046916624E1));
#5300=CARTESIAN_POINT('',(-1.687094588849E1,-6.170216002993E0,
4.287056276844E1));
#5301=CARTESIAN_POINT('',(-1.537832176227E1,-5.771774430989E0,
4.287084069888E1));
#5302=CARTESIAN_POINT('',(-1.397715362873E1,-5.121074059875E0,
4.287129444588E1));
#5303=CARTESIAN_POINT('',(-1.270971088077E1,-4.237744560328E0,
4.287191006651E1));
#5304=CARTESIAN_POINT('',(-1.161422675570E1,-3.148433028504E0,
4.287266888622E1));
#5305=CARTESIAN_POINT('',(-1.072375360087E1,-1.886000598311E0,
4.287354715120E1));
#5306=CARTESIAN_POINT('',(-1.006513623482E1,-4.885312890691E-1,
4.287452029455E1));
#5307=CARTESIAN_POINT('',(-9.658309706750E0,1.001819873387E0,4.287555058804E1));
#5308=CARTESIAN_POINT('',(-9.562968976323E0,2.027329705912E0,4.287627504246E1));
#5309=CARTESIAN_POINT('',(-9.560070556489E0,2.540341828899E0,4.287663092367E1));
#5311=CARTESIAN_POINT('',(-1.840999993446E1,2.540341828899E0,4.287663959496E1));
#5312=DIRECTION('',(0.E0,0.E0,1.E0));
#5313=DIRECTION('',(-9.444377083162E-1,-3.286904548515E-1,0.E0));
#5314=AXIS2_PLACEMENT_3D('',#5311,#5312,#5313);
#5316=CARTESIAN_POINT('',(-1.840999993446E1,2.540341828899E0,4.287663959496E1));
#5317=DIRECTION('',(0.E0,0.E0,1.E0));
#5318=DIRECTION('',(-1.E0,-2.149138157581E-7,0.E0));
#5319=AXIS2_PLACEMENT_3D('',#5316,#5317,#5318);
#5321=CARTESIAN_POINT('',(-2.575999993446E1,2.540341828899E0,3.636356998094E1));
#5322=DIRECTION('',(0.E0,0.E0,-1.E0));
#5323=DIRECTION('',(-6.309523809524E-1,-7.758215600062E-1,0.E0));
#5324=AXIS2_PLACEMENT_3D('',#5321,#5322,#5323);
#5326=CARTESIAN_POINT('',(-2.575999993446E1,2.540341828899E0,3.686356998094E1));
#5327=DIRECTION('',(0.E0,0.E0,1.E0));
#5328=DIRECTION('',(-9.999999999999E-1,-3.655680939198E-7,0.E0));
#5329=AXIS2_PLACEMENT_3D('',#5326,#5327,#5328);
#5331=CARTESIAN_POINT('',(-2.799469381201E1,-1.365569495444E0,
3.686356998094E1));
#5332=CARTESIAN_POINT('',(-2.799469381201E1,-1.365569495444E0,
3.682549247073E1));
#5333=CARTESIAN_POINT('',(-2.799984675517E1,-1.352961302827E0,
3.675113947264E1));
#5334=CARTESIAN_POINT('',(-2.802336088393E1,-1.294767124718E0,
3.664151450306E1));
#5335=CARTESIAN_POINT('',(-2.806113986249E1,-1.199005301894E0,
3.654429681370E1));
#5336=CARTESIAN_POINT('',(-2.810842946576E1,-1.074891064285E0,
3.646665481172E1));
#5337=CARTESIAN_POINT('',(-2.816201205976E1,-9.281196575665E-1,
3.640933917022E1));
#5338=CARTESIAN_POINT('',(-2.822118870902E1,-7.574182320720E-1,
3.637249029870E1));
#5339=CARTESIAN_POINT('',(-2.826267342380E1,-6.301935020043E-1,
3.636356998094E1));
#5340=CARTESIAN_POINT('',(-2.828380945827E1,-5.629444111255E-1,
3.636356998094E1));
#5342=CARTESIAN_POINT('',(-1.840999993446E1,2.540341828899E0,3.636356998094E1));
#5343=DIRECTION('',(0.E0,0.E0,1.E0));
#5344=DIRECTION('',(-1.E0,0.E0,0.E0));
#5345=AXIS2_PLACEMENT_3D('',#5342,#5343,#5344);
#5347=CARTESIAN_POINT('',(-2.875999995226E1,2.540341166604E0,4.486356999162E1));
#5348=CARTESIAN_POINT('',(-2.875999991665E1,2.540341202211E0,4.236356999162E1));
#5349=VERTEX_POINT('',#5347);
#5350=VERTEX_POINT('',#5348);
#5351=CARTESIAN_POINT('',(-8.059999934456E0,2.540341828899E0,4.486356998094E1));
#5352=VERTEX_POINT('',#5351);
#5353=CARTESIAN_POINT('',(-8.059999934456E0,2.540341828899E0,4.236356998094E1));
#5354=VERTEX_POINT('',#5353);
#5355=CARTESIAN_POINT('',(-8.536190410647E0,-5.629444111257E-1,
4.236356998094E1));
#5356=VERTEX_POINT('',#5355);
#5357=VERTEX_POINT('',#5214);
#5358=CARTESIAN_POINT('',(-8.825306056905E0,-1.365569495444E0,
3.686356998094E1));
#5359=VERTEX_POINT('',#5358);
#5360=CARTESIAN_POINT('',(-8.536190410647E0,-5.629444111255E-1,
3.636356998094E1));
#5361=CARTESIAN_POINT('',(-8.059999934456E0,2.540341828899E0,3.636356998094E1));
#5362=VERTEX_POINT('',#5360);
#5363=VERTEX_POINT('',#5361);
#5364=CARTESIAN_POINT('',(-8.059999934456E0,2.540341822954E0,3.513780147135E1));
#5365=VERTEX_POINT('',#5364);
#5366=CARTESIAN_POINT('',(-9.246176992331E0,-2.270775409891E0,
3.513780147135E1));
#5367=VERTEX_POINT('',#5366);
#5368=CARTESIAN_POINT('',(-1.584642324485E1,-7.487149111336E0,
3.513780147135E1));
#5369=VERTEX_POINT('',#5368);
#5370=CARTESIAN_POINT('',(-2.122617893446E1,-7.419157949702E0,
3.513780147135E1));
#5371=VERTEX_POINT('',#5370);
#5372=CARTESIAN_POINT('',(-2.757382287658E1,-2.270775409892E0,
3.513780147135E1));
#5373=VERTEX_POINT('',#5372);
#5374=CARTESIAN_POINT('',(-2.875999993446E1,2.540341828899E0,3.513780147135E1));
#5375=VERTEX_POINT('',#5374);
#5376=CARTESIAN_POINT('',(-2.875999994319E1,2.540341287669E0,3.636356999162E1));
#5377=VERTEX_POINT('',#5376);
#5378=CARTESIAN_POINT('',(-3.198999984965E1,2.540341314189E0,1.345556996114E1));
#5379=CARTESIAN_POINT('',(-3.198999993446E1,-2.459658171101E0,
1.345556998094E1));
#5380=VERTEX_POINT('',#5378);
#5381=VERTEX_POINT('',#5379);
#5382=CARTESIAN_POINT('',(-3.198999993446E1,-2.459658171100E0,
2.536357655829E1));
#5383=VERTEX_POINT('',#5382);
#5384=VERTEX_POINT('',#2914);
#5385=CARTESIAN_POINT('',(-7.059999934456E0,2.540341828899E0,3.636356998094E1));
#5386=VERTEX_POINT('',#5385);
#5387=CARTESIAN_POINT('',(-7.609999934456E0,2.540341828899E0,1.225556998094E1));
#5388=CARTESIAN_POINT('',(-7.609999934456E0,-3.109658171101E0,
1.225556998094E1));
#5389=VERTEX_POINT('',#5387);
#5390=VERTEX_POINT('',#5388);
#5391=CARTESIAN_POINT('',(-7.609999934456E0,2.540341828899E0,1.345556998094E1));
#5392=VERTEX_POINT('',#5391);
#5393=CARTESIAN_POINT('',(-7.609999934456E0,-3.109658171101E0,
1.345556998094E1));
#5394=VERTEX_POINT('',#5393);
#5395=CARTESIAN_POINT('',(-1.329999932267E0,2.040341828899E0,2.286356998093E1));
#5396=CARTESIAN_POINT('',(-1.329999932221E0,1.590341828900E0,2.276791952819E1));
#5397=VERTEX_POINT('',#5395);
#5398=VERTEX_POINT('',#5396);
#5399=CARTESIAN_POINT('',(-1.329999932239E0,2.040341828899E0,1.456356998094E1));
#5400=VERTEX_POINT('',#5399);
#5401=CARTESIAN_POINT('',(-1.329999932239E0,1.590341828899E0,1.456356998094E1));
#5402=VERTEX_POINT('',#5401);
#5403=CARTESIAN_POINT('',(-1.666E1,-7.959658171101E0,6.455569980937E0));
#5404=CARTESIAN_POINT('',(-1.666E1,-7.959658171101E0,1.165556998094E1));
#5405=VERTEX_POINT('',#5403);
#5406=VERTEX_POINT('',#5404);
#5407=CARTESIAN_POINT('',(-1.666E1,-9.409658171101E0,6.455569980937E0));
#5408=VERTEX_POINT('',#5407);
#5409=CARTESIAN_POINT('',(-1.666E1,-9.409658171101E0,1.165556998094E1));
#5410=VERTEX_POINT('',#5409);
#5411=CARTESIAN_POINT('',(-2.920999993446E1,-3.109658171101E0,
1.225556998094E1));
#5412=CARTESIAN_POINT('',(-2.920999993446E1,-3.109658171101E0,
1.345556998094E1));
#5413=VERTEX_POINT('',#5411);
#5414=VERTEX_POINT('',#5412);
#5415=CARTESIAN_POINT('',(-2.870999993446E1,-3.609658171101E0,
1.225556998094E1));
#5416=VERTEX_POINT('',#5415);
#5417=CARTESIAN_POINT('',(-2.870999993446E1,-3.609658171101E0,
1.345556998094E1));
#5418=VERTEX_POINT('',#5417);
#5419=CARTESIAN_POINT('',(-1.201E1,-1.220965817110E1,2.385556998094E1));
#5420=CARTESIAN_POINT('',(-1.171E1,-1.190965817110E1,2.385556998094E1));
#5421=VERTEX_POINT('',#5419);
#5422=VERTEX_POINT('',#5420);
#5423=CARTESIAN_POINT('',(-1.171E1,-1.190965817110E1,1.245556998094E1));
#5424=VERTEX_POINT('',#5423);
#5425=CARTESIAN_POINT('',(-1.201E1,-1.220965817110E1,1.245556998094E1));
#5426=VERTEX_POINT('',#5425);
#5427=VERTEX_POINT('',#4997);
#5428=VERTEX_POINT('',#5002);
#5429=CARTESIAN_POINT('',(-3.329999934456E0,2.221506986394E0,2.429670795153E1));
#5430=VERTEX_POINT('',#5429);
#5431=CARTESIAN_POINT('',(-2.683849296673E0,2.084163428506E0,2.360927178911E1));
#5432=VERTEX_POINT('',#5431);
#5433=VERTEX_POINT('',#5004);
#5434=CARTESIAN_POINT('',(-9.410012794658E0,2.540341828899E0,3.979505412103E1));
#5435=CARTESIAN_POINT('',(-9.409999934456E0,2.540341828899E0,4.136356998094E1));
#5436=VERTEX_POINT('',#5434);
#5437=VERTEX_POINT('',#5435);
#5438=CARTESIAN_POINT('',(-8.459999934456E0,2.540341828899E0,4.136356998094E1));
#5439=VERTEX_POINT('',#5438);
#5440=CARTESIAN_POINT('',(-8.459999934456E0,2.540341828899E0,3.736356998094E1));
#5441=VERTEX_POINT('',#5440);
#5442=CARTESIAN_POINT('',(-9.409999934456E0,2.540341828899E0,3.736356998094E1));
#5443=VERTEX_POINT('',#5442);
#5444=CARTESIAN_POINT('',(-9.410012794658E0,2.540341828899E0,3.893208584085E1));
#5445=VERTEX_POINT('',#5444);
#5446=CARTESIAN_POINT('',(-9.560070556488E0,2.540341829007E0,3.895050903821E1));
#5447=CARTESIAN_POINT('',(-9.559999934457E0,2.540341822883E0,3.513780147135E1));
#5448=VERTEX_POINT('',#5446);
#5449=VERTEX_POINT('',#5447);
#5450=CARTESIAN_POINT('',(-4.829999934456E0,2.540341824902E0,2.536357655829E1));
#5451=VERTEX_POINT('',#5450);
#5452=CARTESIAN_POINT('',(-4.829999934456E0,2.540341828899E0,1.345556998094E1));
#5453=VERTEX_POINT('',#5452);
#5454=CARTESIAN_POINT('',(-4.829999934456E0,2.540341828899E0,1.225556998094E1));
#5455=VERTEX_POINT('',#5454);
#5456=CARTESIAN_POINT('',(-4.829999934456E0,2.540341828899E0,
-1.936430019063E0));
#5457=VERTEX_POINT('',#5456);
#5458=CARTESIAN_POINT('',(-5.029999934456E0,2.540341828899E0,
-2.136430019063E0));
#5459=VERTEX_POINT('',#5458);
#5460=CARTESIAN_POINT('',(-5.071877938715E0,2.540341828899E0,
-2.136430019063E0));
#5461=VERTEX_POINT('',#5460);
#5462=CARTESIAN_POINT('',(-5.071877938715E0,2.540341828899E0,
-3.636430019060E0));
#5463=VERTEX_POINT('',#5462);
#5464=CARTESIAN_POINT('',(-3.329999934452E0,2.540341824900E0,2.536357655829E1));
#5465=VERTEX_POINT('',#5464);
#5466=CARTESIAN_POINT('',(-6.559999934456E0,2.540341828899E0,3.686356998094E1));
#5467=VERTEX_POINT('',#5466);
#5468=CARTESIAN_POINT('',(-6.559999934456E0,2.540341828899E0,4.186356998094E1));
#5469=VERTEX_POINT('',#5468);
#5470=CARTESIAN_POINT('',(-7.059999934456E0,2.540341828899E0,4.236356998094E1));
#5471=VERTEX_POINT('',#5470);
#5472=CARTESIAN_POINT('',(-1.966000009263E1,-9.909658171101E0,
6.455569980937E0));
#5473=CARTESIAN_POINT('',(-1.966000009263E1,-9.909658171100E0,
1.165556998094E1));
#5474=VERTEX_POINT('',#5472);
#5475=VERTEX_POINT('',#5473);
#5476=CARTESIAN_POINT('',(-2.016000009263E1,-9.409658171101E0,
6.455569980937E0));
#5477=VERTEX_POINT('',#5476);
#5478=CARTESIAN_POINT('',(-2.016000009263E1,-9.409658171101E0,
1.165556998094E1));
#5479=VERTEX_POINT('',#5478);
#5480=CARTESIAN_POINT('',(-2.329999934456E0,1.506421611999E0,1.456356998094E1));
#5481=VERTEX_POINT('',#5480);
#5482=VERTEX_POINT('',#4969);
#5483=CARTESIAN_POINT('',(-6.242047075534E0,-5.509658171101E0,
8.355569980937E0));
#5484=CARTESIAN_POINT('',(-6.242047075534E0,-5.509658171101E0,
9.713569980937E0));
#5485=VERTEX_POINT('',#5483);
#5486=VERTEX_POINT('',#5484);
#5487=CARTESIAN_POINT('',(-1.766E1,-5.509658171100E0,9.713569980937E0));
#5488=VERTEX_POINT('',#5487);
#5489=CARTESIAN_POINT('',(-1.766E1,-5.509658171100E0,8.355569980937E0));
#5490=VERTEX_POINT('',#5489);
#5491=CARTESIAN_POINT('',(-2.481E1,-1.220965817110E1,1.245556998094E1));
#5492=CARTESIAN_POINT('',(-2.511E1,-1.190965817110E1,1.245556998094E1));
#5493=VERTEX_POINT('',#5491);
#5494=VERTEX_POINT('',#5492);
#5495=CARTESIAN_POINT('',(-2.511E1,-1.190965817110E1,2.385556998094E1));
#5496=VERTEX_POINT('',#5495);
#5497=CARTESIAN_POINT('',(-2.481E1,-1.220965817110E1,2.385556998094E1));
#5498=VERTEX_POINT('',#5497);
#5499=CARTESIAN_POINT('',(-2.131000004632E1,-8.409658171101E0,
1.345556998094E1));
#5500=CARTESIAN_POINT('',(-2.131000004632E1,-9.909658171101E0,
1.345556998094E1));
#5501=VERTEX_POINT('',#5499);
#5502=VERTEX_POINT('',#5500);
#5503=CARTESIAN_POINT('',(-2.131000004632E1,-8.409658171100E0,
2.295556998094E1));
#5504=VERTEX_POINT('',#5503);
#5505=CARTESIAN_POINT('',(-2.131000004632E1,-9.909658171100E0,
2.295556998094E1));
#5506=VERTEX_POINT('',#5505);
#5507=CARTESIAN_POINT('',(-4.829999934456E0,-2.459658171100E0,
1.225556998094E1));
#5508=CARTESIAN_POINT('',(-8.829999934456E0,-6.459658171100E0,
1.225556998094E1));
#5509=VERTEX_POINT('',#5507);
#5510=VERTEX_POINT('',#5508);
#5511=CARTESIAN_POINT('',(-8.829999934456E0,-6.459658171101E0,
9.713569980937E0));
#5512=VERTEX_POINT('',#5511);
#5513=CARTESIAN_POINT('',(-6.893508261352E0,-5.959658171101E0,
8.355569980937E0));
#5514=VERTEX_POINT('',#5513);
#5515=CARTESIAN_POINT('',(-6.893508261352E0,-5.959658171101E0,
7.855569980937E0));
#5516=VERTEX_POINT('',#5515);
#5517=CARTESIAN_POINT('',(-8.829999934456E0,-6.459658171100E0,
7.855569980937E0));
#5518=VERTEX_POINT('',#5517);
#5519=CARTESIAN_POINT('',(-8.829999934045E0,-6.459658171101E0,
6.155569980937E0));
#5520=VERTEX_POINT('',#5519);
#5521=CARTESIAN_POINT('',(-6.893508261352E0,-5.959658171101E0,
6.155569980937E0));
#5522=VERTEX_POINT('',#5521);
#5523=CARTESIAN_POINT('',(-6.893509764291E0,-5.959658171101E0,
4.655569980937E0));
#5524=VERTEX_POINT('',#5523);
#5525=CARTESIAN_POINT('',(-6.242047075535E0,-5.509658171101E0,
4.655569980937E0));
#5526=VERTEX_POINT('',#5525);
#5527=CARTESIAN_POINT('',(-6.242047075534E0,-5.509658171101E0,
2.713569980937E0));
#5528=VERTEX_POINT('',#5527);
#5529=CARTESIAN_POINT('',(-8.829999934456E0,-6.459658171100E0,
2.713569980937E0));
#5530=VERTEX_POINT('',#5529);
#5531=CARTESIAN_POINT('',(-8.829999927042E0,-6.459658171100E0,
-1.936430019063E0));
#5532=VERTEX_POINT('',#5531);
#5533=CARTESIAN_POINT('',(-4.829999934456E0,-2.459658432912E0,
-1.936430019063E0));
#5534=VERTEX_POINT('',#5533);
#5535=CARTESIAN_POINT('',(-2.798999993446E1,-6.459658171101E0,
1.345556998094E1));
#5536=VERTEX_POINT('',#5535);
#5537=CARTESIAN_POINT('',(-2.798999993446E1,-6.459658171100E0,
2.536357655829E1));
#5538=VERTEX_POINT('',#5537);
#5539=CARTESIAN_POINT('',(-1.551000004632E1,-8.409658171101E0,
2.295556998094E1));
#5540=CARTESIAN_POINT('',(-1.551000004632E1,-8.409658171101E0,
1.345556998094E1));
#5541=VERTEX_POINT('',#5539);
#5542=VERTEX_POINT('',#5540);
#5543=CARTESIAN_POINT('',(-3.198999983339E1,2.540341736378E0,
-1.936430522850E0));
#5544=CARTESIAN_POINT('',(-3.198999993446E1,-2.459658171101E0,
-1.936430019063E0));
#5545=VERTEX_POINT('',#5543);
#5546=VERTEX_POINT('',#5544);
#5547=CARTESIAN_POINT('',(-3.198999993446E1,-2.459658171101E0,
1.225556998094E1));
#5548=VERTEX_POINT('',#5547);
#5549=CARTESIAN_POINT('',(-3.199000003552E1,2.540341534242E0,1.225556996114E1));
#5550=VERTEX_POINT('',#5549);
#5551=CARTESIAN_POINT('',(-2.066000009263E1,-9.909658171100E0,
1.265556998094E1));
#5552=CARTESIAN_POINT('',(-2.066000009263E1,-9.409658171100E0,
1.215556998094E1));
#5553=VERTEX_POINT('',#5551);
#5554=VERTEX_POINT('',#5552);
#5555=CARTESIAN_POINT('',(-2.161000004632E1,-9.409658171100E0,
1.215556998094E1));
#5556=VERTEX_POINT('',#5555);
#5557=CARTESIAN_POINT('',(-2.161000004632E1,-9.909658171100E0,
1.265556998094E1));
#5558=VERTEX_POINT('',#5557);
#5559=CARTESIAN_POINT('',(-4.829999939510E0,-2.459658170945E0,
2.536357656632E1));
#5560=CARTESIAN_POINT('',(-1.098196850516E1,-2.270775409891E0,
3.513780147135E1));
#5561=VERTEX_POINT('',#5559);
#5562=VERTEX_POINT('',#5560);
#5563=CARTESIAN_POINT('',(-2.583803136824E1,-2.270775410029E0,
3.513780146421E1));
#5564=VERTEX_POINT('',#5563);
#5565=CARTESIAN_POINT('',(-1.986011293446E1,-6.190046036896E0,
3.513780147135E1));
#5566=VERTEX_POINT('',#5565);
#5567=CARTESIAN_POINT('',(-8.829999925117E0,-6.259658171101E0,
-2.136430019063E0));
#5568=VERTEX_POINT('',#5567);
#5569=CARTESIAN_POINT('',(-5.029999934456E0,-2.459658171101E0,
-2.136430019063E0));
#5570=VERTEX_POINT('',#5569);
#5571=CARTESIAN_POINT('',(-2.481E1,-1.190965817110E1,1.215556998094E1));
#5572=VERTEX_POINT('',#5571);
#5573=CARTESIAN_POINT('',(-2.391E1,-1.100965817110E1,1.345556998094E1));
#5574=CARTESIAN_POINT('',(-2.391E1,-6.459658171101E0,1.345556998094E1));
#5575=VERTEX_POINT('',#5573);
#5576=VERTEX_POINT('',#5574);
#5577=CARTESIAN_POINT('',(-2.391E1,-1.100965817110E1,2.265556998094E1));
#5578=VERTEX_POINT('',#5577);
#5579=CARTESIAN_POINT('',(-2.391E1,-1.220965817110E1,2.265556998094E1));
#5580=VERTEX_POINT('',#5579);
#5581=CARTESIAN_POINT('',(-2.391E1,-1.220965817110E1,2.385556998094E1));
#5582=VERTEX_POINT('',#5581);
#5583=CARTESIAN_POINT('',(-2.391E1,-1.190965817110E1,2.415556998094E1));
#5584=VERTEX_POINT('',#5583);
#5585=CARTESIAN_POINT('',(-2.391E1,-9.909658171100E0,2.415556998094E1));
#5586=VERTEX_POINT('',#5585);
#5587=CARTESIAN_POINT('',(-2.391E1,-9.909658171100E0,2.295556998094E1));
#5588=VERTEX_POINT('',#5587);
#5589=CARTESIAN_POINT('',(-2.391E1,-6.459658171100E0,2.295556998094E1));
#5590=VERTEX_POINT('',#5589);
#5591=CARTESIAN_POINT('',(-2.161000004632E1,-1.220965817110E1,
2.265556998094E1));
#5592=VERTEX_POINT('',#5591);
#5593=CARTESIAN_POINT('',(-2.161000004632E1,-1.220965817110E1,
1.245556998094E1));
#5594=VERTEX_POINT('',#5593);
#5595=CARTESIAN_POINT('',(-2.481E1,-1.190965817110E1,2.415556998094E1));
#5596=VERTEX_POINT('',#5595);
#5597=CARTESIAN_POINT('',(-2.481E1,-7.959658171101E0,2.415556998094E1));
#5598=VERTEX_POINT('',#5597);
#5599=CARTESIAN_POINT('',(-2.511E1,-7.959658171101E0,2.385556998094E1));
#5600=VERTEX_POINT('',#5599);
#5601=CARTESIAN_POINT('',(-2.161000004632E1,-1.100965817110E1,
2.265556998094E1));
#5602=VERTEX_POINT('',#5601);
#5603=CARTESIAN_POINT('',(-1.329999932239E0,2.040341828899E0,6.563569980937E0));
#5604=CARTESIAN_POINT('',(-1.329999932239E0,1.590341828899E0,6.563569980937E0));
#5605=VERTEX_POINT('',#5603);
#5606=VERTEX_POINT('',#5604);
#5607=CARTESIAN_POINT('',(-1.329999932267E0,2.040341828899E0,
-1.636430019062E0));
#5608=VERTEX_POINT('',#5607);
#5609=CARTESIAN_POINT('',(-1.329999932221E0,1.590341828900E0,
-1.540779566311E0));
#5610=VERTEX_POINT('',#5609);
#5611=VERTEX_POINT('',#4927);
#5612=VERTEX_POINT('',#4932);
#5613=VERTEX_POINT('',#4987);
#5614=CARTESIAN_POINT('',(-2.161000004632E1,-1.190965817110E1,
1.215556998094E1));
#5615=VERTEX_POINT('',#5614);
#5616=CARTESIAN_POINT('',(-2.266914627050E0,2.040341828899E0,2.317916433033E1));
#5617=CARTESIAN_POINT('',(-2.267195658914E0,2.040341838745E0,1.745556998094E1));
#5618=VERTEX_POINT('',#5616);
#5619=VERTEX_POINT('',#5617);
#5620=CARTESIAN_POINT('',(-2.267462038870E0,2.040341903614E0,1.456356998094E1));
#5621=VERTEX_POINT('',#5620);
#5622=CARTESIAN_POINT('',(-1.966000009263E1,-9.409658171101E0,
5.955569980937E0));
#5623=VERTEX_POINT('',#5622);
#5624=CARTESIAN_POINT('',(-8.109999934456E0,-3.609658171101E0,
1.225556998094E1));
#5625=VERTEX_POINT('',#5624);
#5626=CARTESIAN_POINT('',(-8.109999934456E0,-3.609658171100E0,
1.345556998094E1));
#5627=VERTEX_POINT('',#5626);
#5628=CARTESIAN_POINT('',(-2.920999992591E1,2.540341424629E0,1.225557000074E1));
#5629=CARTESIAN_POINT('',(-2.920999994300E1,2.540341407537E0,1.345557000074E1));
#5630=VERTEX_POINT('',#5628);
#5631=VERTEX_POINT('',#5629);
#5632=CARTESIAN_POINT('',(-2.511E1,-7.959658171101E0,1.245556998094E1));
#5633=VERTEX_POINT('',#5632);
#5634=CARTESIAN_POINT('',(-1.201E1,-1.190965817110E1,2.415556998094E1));
#5635=VERTEX_POINT('',#5634);
#5636=CARTESIAN_POINT('',(-1.201E1,-7.959658171101E0,2.415556998094E1));
#5637=CARTESIAN_POINT('',(-1.171E1,-7.959658171101E0,2.385556998094E1));
#5638=VERTEX_POINT('',#5636);
#5639=VERTEX_POINT('',#5637);
#5640=CARTESIAN_POINT('',(-2.481E1,-7.959658171101E0,1.215556998094E1));
#5641=VERTEX_POINT('',#5640);
#5642=CARTESIAN_POINT('',(-2.066000009263E1,-7.959658171101E0,
1.215556998094E1));
#5643=VERTEX_POINT('',#5642);
#5644=CARTESIAN_POINT('',(-2.016000009263E1,-7.959658171101E0,
1.165556998094E1));
#5645=VERTEX_POINT('',#5644);
#5646=CARTESIAN_POINT('',(-2.016000009263E1,-7.959658171101E0,
6.455569980937E0));
#5647=VERTEX_POINT('',#5646);
#5648=CARTESIAN_POINT('',(-1.966000009263E1,-7.959658171101E0,
5.955569980937E0));
#5649=VERTEX_POINT('',#5648);
#5650=CARTESIAN_POINT('',(-1.716E1,-7.959658171101E0,5.955569980937E0));
#5651=VERTEX_POINT('',#5650);
#5652=CARTESIAN_POINT('',(-1.616E1,-7.959658171101E0,1.215556998094E1));
#5653=VERTEX_POINT('',#5652);
#5654=CARTESIAN_POINT('',(-1.201E1,-7.959658171101E0,1.215556998094E1));
#5655=VERTEX_POINT('',#5654);
#5656=CARTESIAN_POINT('',(-1.171E1,-7.959658171101E0,1.245556998094E1));
#5657=VERTEX_POINT('',#5656);
#5658=CARTESIAN_POINT('',(-1.551000004632E1,-9.909658171101E0,
2.295556998094E1));
#5659=CARTESIAN_POINT('',(-1.291E1,-9.909658171101E0,2.295556998094E1));
#5660=VERTEX_POINT('',#5658);
#5661=VERTEX_POINT('',#5659);
#5662=CARTESIAN_POINT('',(-1.291E1,-6.459658171101E0,2.295556998094E1));
#5663=VERTEX_POINT('',#5662);
#5664=CARTESIAN_POINT('',(-1.866000009263E1,-8.909658171100E0,
7.455569980937E0));
#5665=CARTESIAN_POINT('',(-1.866000009263E1,-8.409658171101E0,
6.955569980937E0));
#5666=VERTEX_POINT('',#5664);
#5667=VERTEX_POINT('',#5665);
#5668=CARTESIAN_POINT('',(-1.816E1,-8.409658171101E0,6.955569980937E0));
#5669=VERTEX_POINT('',#5668);
#5670=CARTESIAN_POINT('',(-1.816E1,-8.909658171100E0,7.455569980937E0));
#5671=VERTEX_POINT('',#5670);
#5672=CARTESIAN_POINT('',(-1.916E1,-9.909658171101E0,1.041215496134E1));
#5673=CARTESIAN_POINT('',(-1.916E1,-9.909658171101E0,7.255569980937E0));
#5674=VERTEX_POINT('',#5672);
#5675=VERTEX_POINT('',#5673);
#5676=CARTESIAN_POINT('',(-1.886E1,-9.909658171100E0,6.955569980937E0));
#5677=VERTEX_POINT('',#5676);
#5678=CARTESIAN_POINT('',(-1.796E1,-9.909658171101E0,6.955569980937E0));
#5679=VERTEX_POINT('',#5678);
#5680=CARTESIAN_POINT('',(-1.766E1,-9.909658171100E0,7.255569980937E0));
#5681=VERTEX_POINT('',#5680);
#5682=CARTESIAN_POINT('',(-1.766E1,-9.909658171101E0,1.041215496134E1));
#5683=VERTEX_POINT('',#5682);
#5684=VERTEX_POINT('',#3048);
#5685=CARTESIAN_POINT('',(-1.886E1,-9.909658171100E0,1.089943573498E1));
#5686=VERTEX_POINT('',#5685);
#5687=CARTESIAN_POINT('',(-1.291E1,-9.909658171100E0,2.415556998094E1));
#5688=VERTEX_POINT('',#5687);
#5689=CARTESIAN_POINT('',(-1.551000004632E1,-9.909658171101E0,
1.345556998094E1));
#5690=VERTEX_POINT('',#5689);
#5691=CARTESIAN_POINT('',(-1.521000004632E1,-9.909658171101E0,
1.345556998094E1));
#5692=VERTEX_POINT('',#5691);
#5693=CARTESIAN_POINT('',(-1.521000004632E1,-9.909658171101E0,
1.265556998094E1));
#5694=VERTEX_POINT('',#5693);
#5695=CARTESIAN_POINT('',(-1.616E1,-9.909658171100E0,1.265556998094E1));
#5696=VERTEX_POINT('',#5695);
#5697=CARTESIAN_POINT('',(-1.716E1,-9.909658171100E0,1.165556998094E1));
#5698=VERTEX_POINT('',#5697);
#5699=CARTESIAN_POINT('',(-1.716E1,-9.909658171101E0,6.455569980937E0));
#5700=VERTEX_POINT('',#5699);
#5701=CARTESIAN_POINT('',(-2.161000004632E1,-9.909658171101E0,
1.345556998094E1));
#5702=VERTEX_POINT('',#5701);
#5703=CARTESIAN_POINT('',(-1.521000004632E1,-9.409658171100E0,
1.215556998094E1));
#5704=CARTESIAN_POINT('',(-1.521000004632E1,-1.190965817110E1,
1.215556998094E1));
#5705=VERTEX_POINT('',#5703);
#5706=VERTEX_POINT('',#5704);
#5707=CARTESIAN_POINT('',(-1.201E1,-1.190965817110E1,1.215556998094E1));
#5708=VERTEX_POINT('',#5707);
#5709=CARTESIAN_POINT('',(-1.616E1,-9.409658171100E0,1.215556998094E1));
#5710=VERTEX_POINT('',#5709);
#5711=CARTESIAN_POINT('',(-1.521000004632E1,-1.220965817110E1,
1.245556998094E1));
#5712=VERTEX_POINT('',#5711);
#5713=CARTESIAN_POINT('',(-1.521000004632E1,-1.220965817110E1,
2.265556998094E1));
#5714=VERTEX_POINT('',#5713);
#5715=CARTESIAN_POINT('',(-1.291E1,-1.220965817110E1,2.265556998094E1));
#5716=VERTEX_POINT('',#5715);
#5717=CARTESIAN_POINT('',(-1.291E1,-1.220965817110E1,2.385556998094E1));
#5718=VERTEX_POINT('',#5717);
#5719=CARTESIAN_POINT('',(-1.291E1,-1.190965817110E1,2.415556998094E1));
#5720=VERTEX_POINT('',#5719);
#5721=CARTESIAN_POINT('',(-1.291E1,-6.459658171101E0,1.345556998094E1));
#5722=VERTEX_POINT('',#5721);
#5723=CARTESIAN_POINT('',(-1.291E1,-1.100965817110E1,2.265556998094E1));
#5724=VERTEX_POINT('',#5723);
#5725=CARTESIAN_POINT('',(-1.291E1,-1.100965817110E1,1.345556998094E1));
#5726=VERTEX_POINT('',#5725);
#5727=CARTESIAN_POINT('',(-1.916E1,-1.190965817110E1,7.852271696950E0));
#5728=VERTEX_POINT('',#5727);
#5729=CARTESIAN_POINT('',(-1.916E1,-1.190965817110E1,7.255569980937E0));
#5730=VERTEX_POINT('',#5729);
#5731=CARTESIAN_POINT('',(-1.886E1,-1.214606139718E1,8.036970139548E0));
#5732=VERTEX_POINT('',#5731);
#5733=CARTESIAN_POINT('',(-1.796E1,-1.214606139718E1,8.036970139548E0));
#5734=VERTEX_POINT('',#5733);
#5735=CARTESIAN_POINT('',(-1.766E1,-1.190965817110E1,7.852271696950E0));
#5736=VERTEX_POINT('',#5735);
#5737=CARTESIAN_POINT('',(-1.766E1,-1.190965817110E1,7.255569980937E0));
#5738=VERTEX_POINT('',#5737);
#5739=CARTESIAN_POINT('',(-1.796E1,-1.190965817110E1,6.955569980937E0));
#5740=VERTEX_POINT('',#5739);
#5741=CARTESIAN_POINT('',(-1.886E1,-1.190965817110E1,6.955569980937E0));
#5742=VERTEX_POINT('',#5741);
#5743=CARTESIAN_POINT('',(-1.886E1,-1.220965817110E1,7.255569980937E0));
#5744=VERTEX_POINT('',#5743);
#5745=CARTESIAN_POINT('',(-1.886E1,-1.220965817110E1,7.852271696950E0));
#5746=VERTEX_POINT('',#5745);
#5747=CARTESIAN_POINT('',(-1.796E1,-1.220965817110E1,7.852271696950E0));
#5748=VERTEX_POINT('',#5747);
#5749=CARTESIAN_POINT('',(-1.796E1,-1.220965817110E1,7.255569980937E0));
#5750=VERTEX_POINT('',#5749);
#5751=CARTESIAN_POINT('',(-1.766E1,-6.459658171101E0,9.713569980937E0));
#5752=VERTEX_POINT('',#5751);
#5753=CARTESIAN_POINT('',(-2.161000004632E1,-1.100965817110E1,
1.345556998094E1));
#5754=VERTEX_POINT('',#5753);
#5755=CARTESIAN_POINT('',(-8.829999934456E0,-6.459658171101E0,
1.345556998094E1));
#5756=VERTEX_POINT('',#5755);
#5757=CARTESIAN_POINT('',(-8.829999934456E0,-6.459658171101E0,
2.536357655829E1));
#5758=VERTEX_POINT('',#5757);
#5759=CARTESIAN_POINT('',(-4.829999934456E0,-2.459658171101E0,
1.345556998094E1));
#5760=VERTEX_POINT('',#5759);
#5761=CARTESIAN_POINT('',(-1.521000004632E1,-1.100965817110E1,
1.345556998094E1));
#5762=VERTEX_POINT('',#5761);
#5763=CARTESIAN_POINT('',(-2.329999934456E0,1.506421611999E0,6.563569980937E0));
#5764=CARTESIAN_POINT('',(-2.329999934456E0,2.008950424724E0,6.563569980937E0));
#5765=VERTEX_POINT('',#5763);
#5766=VERTEX_POINT('',#5764);
#5767=VERTEX_POINT('',#4873);
#5768=CARTESIAN_POINT('',(-3.329999934456E0,2.221506986394E0,7.563569980937E0));
#5769=VERTEX_POINT('',#5768);
#5770=CARTESIAN_POINT('',(-1.816E1,-8.909658171100E0,1.175556998094E1));
#5771=VERTEX_POINT('',#5770);
#5772=CARTESIAN_POINT('',(-1.866000009263E1,-8.909658171100E0,
1.175556998094E1));
#5773=VERTEX_POINT('',#5772);
#5774=CARTESIAN_POINT('',(-1.716E1,-9.409658171101E0,5.955569980937E0));
#5775=VERTEX_POINT('',#5774);
#5776=CARTESIAN_POINT('',(-1.816E1,-8.409658171100E0,1.225556998094E1));
#5777=CARTESIAN_POINT('',(-1.816E1,-6.459658171101E0,1.225556998094E1));
#5778=VERTEX_POINT('',#5776);
#5779=VERTEX_POINT('',#5777);
#5780=CARTESIAN_POINT('',(-2.798999993446E1,-6.459658171101E0,
1.225556998094E1));
#5781=VERTEX_POINT('',#5780);
#5782=CARTESIAN_POINT('',(-1.866000009263E1,-6.459658171101E0,
1.225556998094E1));
#5783=VERTEX_POINT('',#5782);
#5784=CARTESIAN_POINT('',(-1.866000009263E1,-8.409658171100E0,
1.225556998094E1));
#5785=VERTEX_POINT('',#5784);
#5786=CARTESIAN_POINT('',(-1.521000004632E1,-1.100965817110E1,
2.265556998094E1));
#5787=VERTEX_POINT('',#5786);
#5788=CARTESIAN_POINT('',(-2.683849193866E0,2.084163406653E0,6.563569980937E0));
#5789=VERTEX_POINT('',#5788);
#5790=CARTESIAN_POINT('',(-3.329999934456E0,2.221506986394E0,
-3.069567988951E0));
#5791=VERTEX_POINT('',#5790);
#5792=CARTESIAN_POINT('',(-2.683849193866E0,2.084163406653E0,
-2.382131717160E0));
#5793=VERTEX_POINT('',#5792);
#5794=CARTESIAN_POINT('',(-2.266914732154E0,2.040341828899E0,6.563569980937E0));
#5795=VERTEX_POINT('',#5794);
#5796=CARTESIAN_POINT('',(-3.329999934456E0,1.247196078392E0,
-2.776689767283E0));
#5797=VERTEX_POINT('',#5796);
#5798=VERTEX_POINT('',#4893);
#5799=CARTESIAN_POINT('',(-2.389162550418E0,2.042234004679E0,
-2.075109532403E0));
#5800=VERTEX_POINT('',#5799);
#5801=CARTESIAN_POINT('',(-1.766E1,-5.959658171101E0,8.355569980937E0));
#5802=VERTEX_POINT('',#5801);
#5803=CARTESIAN_POINT('',(-1.766E1,-5.959658171101E0,7.855569980937E0));
#5804=VERTEX_POINT('',#5803);
#5805=CARTESIAN_POINT('',(-2.799000018763E1,-6.459658171100E0,
-1.936430019063E0));
#5806=CARTESIAN_POINT('',(-2.799000017497E1,-6.259658171101E0,
-2.136430019063E0));
#5807=VERTEX_POINT('',#5805);
#5808=VERTEX_POINT('',#5806);
#5809=CARTESIAN_POINT('',(-8.829999934456E0,-7.959658171101E0,
2.536357655829E1));
#5810=VERTEX_POINT('',#5809);
#5811=CARTESIAN_POINT('',(-1.766E1,-6.459658171100E0,1.175556998094E1));
#5812=VERTEX_POINT('',#5811);
#5813=CARTESIAN_POINT('',(-1.766E1,-8.409658171100E0,1.175556998094E1));
#5814=VERTEX_POINT('',#5813);
#5815=CARTESIAN_POINT('',(-1.766E1,-8.409658171100E0,7.455569980937E0));
#5816=VERTEX_POINT('',#5815);
#5817=CARTESIAN_POINT('',(-1.816E1,-6.459658171101E0,6.955569980937E0));
#5818=VERTEX_POINT('',#5817);
#5819=CARTESIAN_POINT('',(-1.766E1,-6.459658171101E0,7.455569980937E0));
#5820=VERTEX_POINT('',#5819);
#5821=CARTESIAN_POINT('',(-1.916000009263E1,-6.459658171101E0,
7.455569980937E0));
#5822=CARTESIAN_POINT('',(-1.866000009263E1,-6.459658171101E0,
6.955569980937E0));
#5823=VERTEX_POINT('',#5821);
#5824=VERTEX_POINT('',#5822);
#5825=CARTESIAN_POINT('',(-1.916000009263E1,-6.459658171101E0,
7.855569980937E0));
#5826=VERTEX_POINT('',#5825);
#5827=CARTESIAN_POINT('',(-2.798999993446E1,-6.459658171101E0,
7.855569980937E0));
#5828=VERTEX_POINT('',#5827);
#5829=CARTESIAN_POINT('',(-2.798999993446E1,-6.459658171100E0,
6.155569980938E0));
#5830=VERTEX_POINT('',#5829);
#5831=CARTESIAN_POINT('',(-1.766E1,-6.459658171101E0,7.855569980937E0));
#5832=VERTEX_POINT('',#5831);
#5833=VERTEX_POINT('',#4391);
#5834=VERTEX_POINT('',#4396);
#5835=CARTESIAN_POINT('',(-3.172193933281E1,2.540341828899E0,
-2.136430019063E0));
#5836=VERTEX_POINT('',#5835);
#5837=CARTESIAN_POINT('',(-3.172193932213E1,2.540341857385E0,
-3.636430006467E0));
#5838=VERTEX_POINT('',#5837);
#5839=CARTESIAN_POINT('',(-5.471877938715E0,2.140341828899E0,
-2.236430019063E0));
#5840=CARTESIAN_POINT('',(-5.471877938715E0,-1.121597779984E0,
-2.236430019063E0));
#5841=VERTEX_POINT('',#5839);
#5842=VERTEX_POINT('',#5840);
#5843=CARTESIAN_POINT('',(-5.371877938715E0,2.404916960006E0,
-2.136430019063E0));
#5844=VERTEX_POINT('',#5843);
#5845=CARTESIAN_POINT('',(-3.178999993446E1,-2.459658171101E0,
-2.136430019063E0));
#5846=CARTESIAN_POINT('',(-3.178999993204E1,2.540341836021E0,
-2.136430019547E0));
#5847=VERTEX_POINT('',#5845);
#5848=VERTEX_POINT('',#5846);
#5849=CARTESIAN_POINT('',(-3.142193933281E1,-1.121597569454E0,
-2.136430019062E0));
#5850=VERTEX_POINT('',#5849);
#5851=CARTESIAN_POINT('',(-2.702193990880E1,-5.521597569454E0,
-2.136430019063E0));
#5852=VERTEX_POINT('',#5851);
#5853=CARTESIAN_POINT('',(-9.771877938715E0,-5.521597569454E0,
-2.136430019063E0));
#5854=VERTEX_POINT('',#5853);
#5855=CARTESIAN_POINT('',(-5.371877938715E0,-1.121597569454E0,
-2.136430019063E0));
#5856=VERTEX_POINT('',#5855);
#5857=CARTESIAN_POINT('',(-2.702193989571E1,-5.421597569454E0,
-2.236430019063E0));
#5858=CARTESIAN_POINT('',(-3.132193933281E1,-1.121597569454E0,
-2.236430019062E0));
#5859=VERTEX_POINT('',#5857);
#5860=VERTEX_POINT('',#5858);
#5861=CARTESIAN_POINT('',(-9.771877938715E0,-5.421597569454E0,
-2.236430019063E0));
#5862=VERTEX_POINT('',#5861);
#5863=CARTESIAN_POINT('',(-2.676827365305E1,-3.685686965364E-1,
3.513780147135E1));
#5864=VERTEX_POINT('',#5863);
#5865=CARTESIAN_POINT('',(-2.725999993446E1,2.540341828899E0,3.513780147135E1));
#5866=VERTEX_POINT('',#5865);
#5867=CARTESIAN_POINT('',(-1.916000009263E1,-5.959658171101E0,
7.855569980937E0));
#5868=VERTEX_POINT('',#5867);
#5869=CARTESIAN_POINT('',(-2.992649161254E1,-5.959658171100E0,
7.855569980937E0));
#5870=VERTEX_POINT('',#5869);
#5871=VERTEX_POINT('',#4820);
#5872=CARTESIAN_POINT('',(-2.992653190699E1,-5.959634101715E0,
8.355569980937E0));
#5873=VERTEX_POINT('',#5872);
#5874=CARTESIAN_POINT('',(-1.916000009263E1,-5.959634101715E0,
8.355569980937E0));
#5875=VERTEX_POINT('',#5874);
#5876=CARTESIAN_POINT('',(-2.992649160756E1,-5.959658171101E0,
6.155569980940E0));
#5877=VERTEX_POINT('',#5876);
#5878=VERTEX_POINT('',#5022);
#5879=CARTESIAN_POINT('',(-1.916000009263E1,-5.509658171101E0,
8.355569980937E0));
#5880=VERTEX_POINT('',#5879);
#5881=CARTESIAN_POINT('',(-3.057795279246E1,-5.509658171100E0,
8.355569980937E0));
#5882=VERTEX_POINT('',#5881);
#5883=CARTESIAN_POINT('',(-1.708157493446E1,-6.209388853777E0,
3.513780147135E1));
#5884=VERTEX_POINT('',#5883);
#5885=CARTESIAN_POINT('',(-2.725992932724E1,2.540341134613E0,3.895050903639E1));
#5886=VERTEX_POINT('',#5885);
#5887=CARTESIAN_POINT('',(-2.799000010900E1,-6.459658171101E0,
2.713569980937E0));
#5888=VERTEX_POINT('',#5887);
#5889=CARTESIAN_POINT('',(-3.057795279338E1,-5.509658171101E0,
4.655569980937E0));
#5890=VERTEX_POINT('',#5889);
#5891=CARTESIAN_POINT('',(-2.992649160600E1,-5.959658171101E0,
4.655569980937E0));
#5892=VERTEX_POINT('',#5891);
#5893=CARTESIAN_POINT('',(-3.057795279075E1,-5.509658171101E0,
2.713569980937E0));
#5894=VERTEX_POINT('',#5893);
#5895=CARTESIAN_POINT('',(-1.916000009263E1,-8.409658171100E0,
1.175556998094E1));
#5896=CARTESIAN_POINT('',(-1.916000009263E1,-6.459658171101E0,
1.175556998094E1));
#5897=VERTEX_POINT('',#5895);
#5898=VERTEX_POINT('',#5896);
#5899=CARTESIAN_POINT('',(-1.916000009263E1,-6.459658171101E0,
9.713569980937E0));
#5900=VERTEX_POINT('',#5899);
#5901=CARTESIAN_POINT('',(-1.916000009263E1,-5.509644568291E0,
9.713569980937E0));
#5902=VERTEX_POINT('',#5901);
#5903=CARTESIAN_POINT('',(-1.916000009263E1,-8.409658171100E0,
7.455569980937E0));
#5904=VERTEX_POINT('',#5903);
#5905=CARTESIAN_POINT('',(-2.798999993784E1,-6.459658171101E0,
9.713569980937E0));
#5906=VERTEX_POINT('',#5905);
#5907=CARTESIAN_POINT('',(-3.057800646495E1,-5.509612629466E0,
9.713569980937E0));
#5908=VERTEX_POINT('',#5907);
#5909=CARTESIAN_POINT('',(-3.349000038396E1,2.540341239021E0,1.836357025697E1));
#5910=CARTESIAN_POINT('',(-3.348999983476E1,2.540341472827E0,4.363569884538E0));
#5911=VERTEX_POINT('',#5909);
#5912=VERTEX_POINT('',#5910);
#5913=CARTESIAN_POINT('',(-3.348999994158E1,2.540341062904E0,2.536357654357E1));
#5914=CARTESIAN_POINT('',(-3.349000027714E1,2.540340875827E0,2.436357025697E1));
#5915=VERTEX_POINT('',#5913);
#5916=VERTEX_POINT('',#5914);
#5917=CARTESIAN_POINT('',(-2.740998708586E1,2.540340106497E0,3.893208583937E1));
#5918=CARTESIAN_POINT('',(-2.740999992326E1,2.540340151308E0,3.736356998771E1));
#5919=VERTEX_POINT('',#5917);
#5920=VERTEX_POINT('',#5918);
#5921=CARTESIAN_POINT('',(-2.835999990597E1,2.540340133993E0,3.736356997417E1));
#5922=VERTEX_POINT('',#5921);
#5923=CARTESIAN_POINT('',(-2.835999996294E1,2.540340020050E0,4.136356997417E1));
#5924=VERTEX_POINT('',#5923);
#5925=CARTESIAN_POINT('',(-2.740999994563E1,2.540340002734E0,4.136356998771E1));
#5926=VERTEX_POINT('',#5925);
#5927=CARTESIAN_POINT('',(-2.740998706355E1,2.540340047546E0,3.979505411977E1));
#5928=VERTEX_POINT('',#5927);
#5929=VERTEX_POINT('',#2858);
#5930=VERTEX_POINT('',#604);
#5931=VERTEX_POINT('',#652);
#5932=CARTESIAN_POINT('',(-2.740986104450E1,2.590341828902E0,3.736356998094E1));
#5933=VERTEX_POINT('',#5932);
#5934=CARTESIAN_POINT('',(-2.835999996294E1,2.590341259184E0,3.736356998771E1));
#5935=VERTEX_POINT('',#5934);
#5936=CARTESIAN_POINT('',(-2.835999990597E1,2.590341202212E0,4.136356998771E1));
#5937=VERTEX_POINT('',#5936);
#5938=CARTESIAN_POINT('',(-2.740986104450E1,2.590341828894E0,4.136356998094E1));
#5939=VERTEX_POINT('',#5938);
#5940=CARTESIAN_POINT('',(-9.559999934456E0,2.590341828899E0,3.513780147135E1));
#5941=CARTESIAN_POINT('',(-1.059156816299E1,6.736981991114E0,3.513780147135E1));
#5942=VERTEX_POINT('',#5940);
#5943=VERTEX_POINT('',#5941);
#5944=CARTESIAN_POINT('',(-1.484034609233E1,1.068849417665E1,3.513780147135E1));
#5945=VERTEX_POINT('',#5944);
#5946=CARTESIAN_POINT('',(-2.198618221084E1,1.068561330836E1,3.513780147135E1));
#5947=VERTEX_POINT('',#5946);
#5948=CARTESIAN_POINT('',(-2.620482278741E1,6.781193376146E0,3.513780147135E1));
#5949=VERTEX_POINT('',#5948);
#5950=CARTESIAN_POINT('',(-2.725999993446E1,2.590341828899E0,3.513780147135E1));
#5951=VERTEX_POINT('',#5950);
#5952=CARTESIAN_POINT('',(-8.059999934465E0,2.590341828899E0,4.486356998094E1));
#5953=CARTESIAN_POINT('',(-8.059999934461E0,2.590341828899E0,4.236356998094E1));
#5954=VERTEX_POINT('',#5952);
#5955=VERTEX_POINT('',#5953);
#5956=CARTESIAN_POINT('',(-7.059999934456E0,2.590341828899E0,4.236356998094E1));
#5957=VERTEX_POINT('',#5956);
#5958=CARTESIAN_POINT('',(-6.559999934456E0,2.590341828899E0,4.186356998094E1));
#5959=VERTEX_POINT('',#5958);
#5960=CARTESIAN_POINT('',(-6.559999934456E0,2.590341828899E0,3.686356998094E1));
#5961=VERTEX_POINT('',#5960);
#5962=CARTESIAN_POINT('',(-7.059999934456E0,2.590341828899E0,3.636356998094E1));
#5963=VERTEX_POINT('',#5962);
#5964=CARTESIAN_POINT('',(-8.059999934456E0,2.590341828899E0,3.636356998094E1));
#5965=VERTEX_POINT('',#5964);
#5966=CARTESIAN_POINT('',(-8.059999931235E0,2.590341828899E0,3.513780146470E1));
#5967=VERTEX_POINT('',#5966);
#5968=CARTESIAN_POINT('',(-3.329999934450E0,2.590341835833E0,2.536357655829E1));
#5969=VERTEX_POINT('',#5968);
#5970=CARTESIAN_POINT('',(-7.609999934456E0,2.590341828899E0,1.225556998094E1));
#5971=CARTESIAN_POINT('',(-5.471877938715E0,2.590341828899E0,1.225556998094E1));
#5972=VERTEX_POINT('',#5970);
#5973=VERTEX_POINT('',#5971);
#5974=CARTESIAN_POINT('',(-7.609999934456E0,2.590341828899E0,1.345556998094E1));
#5975=VERTEX_POINT('',#5974);
#5976=CARTESIAN_POINT('',(-4.829999934456E0,2.590341828899E0,1.345556998094E1));
#5977=VERTEX_POINT('',#5976);
#5978=CARTESIAN_POINT('',(-4.829999934452E0,2.590341836399E0,2.536357655829E1));
#5979=VERTEX_POINT('',#5978);
#5980=CARTESIAN_POINT('',(-9.410105387965E0,2.590341828899E0,3.893209152536E1));
#5981=CARTESIAN_POINT('',(-9.410138824417E0,2.590341828899E0,3.736356998094E1));
#5982=VERTEX_POINT('',#5980);
#5983=VERTEX_POINT('',#5981);
#5984=CARTESIAN_POINT('',(-8.459999934456E0,2.590341828899E0,3.736356998094E1));
#5985=VERTEX_POINT('',#5984);
#5986=CARTESIAN_POINT('',(-8.459999934456E0,2.590341828899E0,4.136356998094E1));
#5987=VERTEX_POINT('',#5986);
#5988=CARTESIAN_POINT('',(-9.410138824417E0,2.590341828899E0,4.136356998094E1));
#5989=VERTEX_POINT('',#5988);
#5990=CARTESIAN_POINT('',(-3.349000003416E1,2.590342327401E0,4.363569918560E0));
#5991=CARTESIAN_POINT('',(-3.348999948495E1,2.590342093555E0,1.836357029098E1));
#5992=VERTEX_POINT('',#5990);
#5993=VERTEX_POINT('',#5991);
#5994=CARTESIAN_POINT('',(-3.348999959177E1,2.590341730362E0,2.436357029098E1));
#5995=CARTESIAN_POINT('',(-3.348999992734E1,2.590341648752E0,2.536357657301E1));
#5996=VERTEX_POINT('',#5994);
#5997=VERTEX_POINT('',#5995);
#5998=CARTESIAN_POINT('',(-2.875999994318E1,2.590341594026E0,3.513780145331E1));
#5999=VERTEX_POINT('',#5998);
#6000=CARTESIAN_POINT('',(-2.875999992573E1,2.590341572527E0,3.636356997026E1));
#6001=VERTEX_POINT('',#6000);
#6002=CARTESIAN_POINT('',(-2.875999995227E1,2.590341487070E0,4.236356997026E1));
#6003=CARTESIAN_POINT('',(-2.875999991666E1,2.590341451463E0,4.486356997026E1));
#6004=VERTEX_POINT('',#6002);
#6005=VERTEX_POINT('',#6003);
#6006=CARTESIAN_POINT('',(-3.198999984966E1,2.590341721801E0,2.536357673353E1));
#6007=VERTEX_POINT('',#6006);
#6008=CARTESIAN_POINT('',(-3.199000001926E1,2.590341883905E0,1.345557000074E1));
#6009=VERTEX_POINT('',#6008);
#6010=CARTESIAN_POINT('',(-2.920999992591E1,2.590341977253E0,1.345556996114E1));
#6011=VERTEX_POINT('',#6010);
#6012=CARTESIAN_POINT('',(-2.920999994300E1,2.590341994345E0,1.225556996590E1));
#6013=VERTEX_POINT('',#6012);
#6014=CARTESIAN_POINT('',(-3.132193921964E1,2.590342116065E0,1.225556999598E1));
#6015=VERTEX_POINT('',#6014);
#6016=CARTESIAN_POINT('',(-8.757751915404E0,1.043999603800E1,1.225556998094E1));
#6017=CARTESIAN_POINT('',(-2.805078210130E1,1.043999603800E1,1.225556998094E1));
#6018=VERTEX_POINT('',#6016);
#6019=VERTEX_POINT('',#6017);
#6020=CARTESIAN_POINT('',(-2.835945139238E1,1.033897444925E1,1.225556998094E1));
#6021=VERTEX_POINT('',#6020);
#6022=CARTESIAN_POINT('',(-3.132193933281E1,6.252281227253E0,1.225556998094E1));
#6023=VERTEX_POINT('',#6022);
#6024=CARTESIAN_POINT('',(-2.920999993446E1,8.240341828899E0,1.225556998094E1));
#6025=VERTEX_POINT('',#6024);
#6026=CARTESIAN_POINT('',(-2.870999993446E1,8.740341828899E0,1.225556998094E1));
#6027=VERTEX_POINT('',#6026);
#6028=CARTESIAN_POINT('',(-8.109999934456E0,8.740341828900E0,1.225556998094E1));
#6029=VERTEX_POINT('',#6028);
#6030=CARTESIAN_POINT('',(-7.609999934456E0,8.240341828900E0,1.225556998094E1));
#6031=VERTEX_POINT('',#6030);
#6032=CARTESIAN_POINT('',(-5.471877938715E0,6.252281228328E0,1.225556998094E1));
#6033=VERTEX_POINT('',#6032);
#6034=CARTESIAN_POINT('',(-6.688531871115E0,9.249442722304E0,1.225556998094E1));
#6035=VERTEX_POINT('',#6034);
#6036=VERTEX_POINT('',#901);
#6037=CARTESIAN_POINT('',(-6.830003258603E0,1.026842433801E1,1.225556998094E1));
#6038=VERTEX_POINT('',#6037);
#6039=VERTEX_POINT('',#877);
#6040=CARTESIAN_POINT('',(-1.062999993446E1,1.459034182890E1,9.363569980937E0));
#6041=CARTESIAN_POINT('',(-1.092999993446E1,1.429034182890E1,9.363569980937E0));
#6042=VERTEX_POINT('',#6040);
#6043=VERTEX_POINT('',#6041);
#6044=CARTESIAN_POINT('',(-1.002999993446E1,1.309034182890E1,9.363569980937E0));
#6045=CARTESIAN_POINT('',(-1.062999993446E1,1.309034182890E1,9.363569980937E0));
#6046=VERTEX_POINT('',#6044);
#6047=VERTEX_POINT('',#6045);
#6048=CARTESIAN_POINT('',(-1.092999993446E1,1.339034182890E1,9.363569980937E0));
#6049=VERTEX_POINT('',#6048);
#6050=CARTESIAN_POINT('',(-2.618999993446E1,1.309034182890E1,9.363569980937E0));
#6051=CARTESIAN_POINT('',(-2.588999993446E1,1.339034182890E1,9.363569980937E0));
#6052=VERTEX_POINT('',#6050);
#6053=VERTEX_POINT('',#6051);
#6054=CARTESIAN_POINT('',(-2.588999993446E1,1.429034182890E1,9.363569980937E0));
#6055=CARTESIAN_POINT('',(-2.618999993446E1,1.459034182890E1,9.363569980937E0));
#6056=VERTEX_POINT('',#6054);
#6057=VERTEX_POINT('',#6055);
#6058=CARTESIAN_POINT('',(-2.678999993446E1,1.309034182890E1,9.363569980937E0));
#6059=VERTEX_POINT('',#6058);
#6060=CARTESIAN_POINT('',(-9.339639389860E0,7.575425549444E0,3.513780146472E1));
#6061=CARTESIAN_POINT('',(-3.329999934447E0,1.289034181531E1,2.536357655829E1));
#6062=VERTEX_POINT('',#6060);
#6063=VERTEX_POINT('',#6061);
#6064=CARTESIAN_POINT('',(-1.407601051190E1,1.198922663962E1,3.513780147135E1));
#6065=VERTEX_POINT('',#6064);
#6066=CARTESIAN_POINT('',(-6.829999934456E0,1.639034182890E1,2.536357655829E1));
#6067=VERTEX_POINT('',#6066);
#6068=CARTESIAN_POINT('',(-3.329999934456E0,2.909176685323E0,
-3.069567919223E0));
#6069=CARTESIAN_POINT('',(-3.329999934456E0,2.909176685323E0,7.563569980937E0));
#6070=VERTEX_POINT('',#6068);
#6071=VERTEX_POINT('',#6069);
#6072=CARTESIAN_POINT('',(-3.329999956304E0,3.883487563958E0,
-2.776689728571E0));
#6073=VERTEX_POINT('',#6072);
#6074=CARTESIAN_POINT('',(-3.329999956304E0,3.883487563958E0,7.563570151587E0));
#6075=VERTEX_POINT('',#6074);
#6076=CARTESIAN_POINT('',(-3.329999934456E0,2.909176685323E0,1.356356998094E1));
#6077=CARTESIAN_POINT('',(-3.329999936884E0,3.883487557092E0,1.356356998094E1));
#6078=VERTEX_POINT('',#6076);
#6079=VERTEX_POINT('',#6077);
#6080=CARTESIAN_POINT('',(-3.329999936884E0,3.883487557092E0,2.400382967128E1));
#6081=VERTEX_POINT('',#6080);
#6082=CARTESIAN_POINT('',(-3.329999934456E0,2.909176685323E0,2.429670788180E1));
#6083=VERTEX_POINT('',#6082);
#6084=CARTESIAN_POINT('',(-1.330000002189E0,3.090341828900E0,
-1.636430019062E0));
#6085=CARTESIAN_POINT('',(-1.330000002235E0,3.540341828900E0,
-1.540779566311E0));
#6086=VERTEX_POINT('',#6084);
#6087=VERTEX_POINT('',#6085);
#6088=CARTESIAN_POINT('',(-1.330000002217E0,3.090341828900E0,6.563569980937E0));
#6089=VERTEX_POINT('',#6088);
#6090=CARTESIAN_POINT('',(-1.330000002217E0,3.540341828899E0,6.563569980937E0));
#6091=VERTEX_POINT('',#6090);
#6092=VERTEX_POINT('',#1150);
#6093=VERTEX_POINT('',#1114);
#6094=CARTESIAN_POINT('',(-2.390050103780E0,3.086561691805E0,
-2.076299375971E0));
#6095=VERTEX_POINT('',#6094);
#6096=CARTESIAN_POINT('',(-2.683849259347E0,3.046520251146E0,
-2.382131717097E0));
#6097=VERTEX_POINT('',#6096);
#6098=VERTEX_POINT('',#1059);
#6099=CARTESIAN_POINT('',(-2.683849259347E0,3.046520251145E0,6.563569980937E0));
#6100=VERTEX_POINT('',#6099);
#6101=CARTESIAN_POINT('',(-2.329999934456E0,3.624262034721E0,6.563569980937E0));
#6102=VERTEX_POINT('',#6101);
#6103=CARTESIAN_POINT('',(-2.266914797636E0,3.090341828900E0,6.563569980937E0));
#6104=VERTEX_POINT('',#6103);
#6105=CARTESIAN_POINT('',(-1.330000002217E0,3.090341828900E0,1.456356998094E1));
#6106=CARTESIAN_POINT('',(-1.330000002217E0,3.540341828899E0,1.456356998094E1));
#6107=VERTEX_POINT('',#6105);
#6108=VERTEX_POINT('',#6106);
#6109=CARTESIAN_POINT('',(-1.330000002189E0,3.090341828900E0,2.286356998094E1));
#6110=VERTEX_POINT('',#6109);
#6111=CARTESIAN_POINT('',(-1.330000002235E0,3.540341828900E0,2.276791952819E1));
#6112=VERTEX_POINT('',#6111);
#6113=CARTESIAN_POINT('',(-2.267479854363E0,3.090341801513E0,1.456356998094E1));
#6114=VERTEX_POINT('',#6113);
#6115=CARTESIAN_POINT('',(-2.267201709881E0,3.090341818630E0,1.745556998094E1));
#6116=VERTEX_POINT('',#6115);
#6117=CARTESIAN_POINT('',(-2.266914741574E0,3.090342195238E0,2.319216267499E1));
#6118=VERTEX_POINT('',#6117);
#6119=VERTEX_POINT('',#1223);
#6120=VERTEX_POINT('',#1228);
#6121=CARTESIAN_POINT('',(-2.683395348780E0,3.046616706003E0,2.360878902316E1));
#6122=VERTEX_POINT('',#6121);
#6123=VERTEX_POINT('',#1187);
#6124=VERTEX_POINT('',#1193);
#6125=VERTEX_POINT('',#1264);
#6126=CARTESIAN_POINT('',(-2.271020473384E1,1.200473180825E1,3.513780147136E1));
#6127=VERTEX_POINT('',#6126);
#6128=CARTESIAN_POINT('',(-2.998999993446E1,1.639034182890E1,2.536357655829E1));
#6129=VERTEX_POINT('',#6128);
#6130=CARTESIAN_POINT('',(-3.348999993446E1,1.289034182890E1,2.536357655829E1));
#6131=VERTEX_POINT('',#6130);
#6132=CARTESIAN_POINT('',(-7.609999934456E0,8.240341828900E0,1.345556998094E1));
#6133=VERTEX_POINT('',#6132);
#6134=CARTESIAN_POINT('',(-8.109999934456E0,8.740341828900E0,1.345556998094E1));
#6135=VERTEX_POINT('',#6134);
#6136=CARTESIAN_POINT('',(-2.870999993446E1,8.740341828899E0,1.345556998094E1));
#6137=VERTEX_POINT('',#6136);
#6138=CARTESIAN_POINT('',(-2.920999993446E1,8.240341828899E0,1.345556998094E1));
#6139=VERTEX_POINT('',#6138);
#6140=CARTESIAN_POINT('',(-4.829999934456E0,7.739996037999E0,1.345556998094E1));
#6141=CARTESIAN_POINT('',(-7.829999934456E0,1.073999603800E1,1.345556998094E1));
#6142=VERTEX_POINT('',#6140);
#6143=VERTEX_POINT('',#6141);
#6144=CARTESIAN_POINT('',(-3.198999993446E1,7.739996037999E0,1.345556998094E1));
#6145=VERTEX_POINT('',#6144);
#6146=CARTESIAN_POINT('',(-2.898999993446E1,1.073999603800E1,1.345556998094E1));
#6147=VERTEX_POINT('',#6146);
#6148=CARTESIAN_POINT('',(-6.829999934456E0,1.489034182890E1,2.536357655829E1));
#6149=VERTEX_POINT('',#6148);
#6150=CARTESIAN_POINT('',(-4.829999934456E0,1.289034182890E1,2.536357655829E1));
#6151=VERTEX_POINT('',#6150);
#6152=CARTESIAN_POINT('',(-2.998999993446E1,1.489034182890E1,2.536357655829E1));
#6153=VERTEX_POINT('',#6152);
#6154=CARTESIAN_POINT('',(-3.198999993446E1,1.289034182890E1,2.536357655829E1));
#6155=VERTEX_POINT('',#6154);
#6156=CARTESIAN_POINT('',(-3.198999993446E1,1.289034182890E1,1.745556998094E1));
#6157=VERTEX_POINT('',#6156);
#6158=CARTESIAN_POINT('',(-2.998999993446E1,1.489034182890E1,1.745556998094E1));
#6159=VERTEX_POINT('',#6158);
#6160=CARTESIAN_POINT('',(-6.829999934456E0,1.489034182890E1,1.745556998094E1));
#6161=VERTEX_POINT('',#6160);
#6162=CARTESIAN_POINT('',(-4.829999934456E0,1.289034182890E1,1.745556998094E1));
#6163=VERTEX_POINT('',#6162);
#6164=CARTESIAN_POINT('',(-7.829999934456E0,1.073999603800E1,1.745556998094E1));
#6165=CARTESIAN_POINT('',(-4.829999934456E0,7.739996038E0,1.745556998094E1));
#6166=VERTEX_POINT('',#6164);
#6167=VERTEX_POINT('',#6165);
#6168=CARTESIAN_POINT('',(-2.898999993446E1,1.073999603800E1,1.745556998094E1));
#6169=VERTEX_POINT('',#6168);
#6170=CARTESIAN_POINT('',(-3.198999993446E1,7.739996037999E0,1.745556998094E1));
#6171=VERTEX_POINT('',#6170);
#6172=CARTESIAN_POINT('',(-2.805078210130E1,1.043999603800E1,1.025556998094E1));
#6173=CARTESIAN_POINT('',(-8.757751915404E0,1.043999603800E1,1.025556998094E1));
#6174=VERTEX_POINT('',#6172);
#6175=VERTEX_POINT('',#6173);
#6176=CARTESIAN_POINT('',(-8.495524659524E0,1.035848656877E1,1.225556998094E1));
#6177=VERTEX_POINT('',#6176);
#6178=CARTESIAN_POINT('',(-8.975240173326E0,1.050759905054E1,1.025556998094E1));
#6179=VERTEX_POINT('',#6178);
#6180=CARTESIAN_POINT('',(-1.002999993446E1,1.193999603800E1,1.025556998094E1));
#6181=VERTEX_POINT('',#6180);
#6182=CARTESIAN_POINT('',(-2.678999993446E1,1.193999603800E1,1.025556998094E1));
#6183=VERTEX_POINT('',#6182);
#6184=CARTESIAN_POINT('',(-2.782342846555E1,1.051440455921E1,1.025556998094E1));
#6185=VERTEX_POINT('',#6184);
#6186=CARTESIAN_POINT('',(-2.748094285025E1,7.574365767300E0,3.513780147135E1));
#6187=VERTEX_POINT('',#6186);
#6188=CARTESIAN_POINT('',(-3.314231040644E1,1.258275460150E1,2.592912213376E1));
#6189=VERTEX_POINT('',#6188);
#6190=CARTESIAN_POINT('',(-8.825306056905E0,6.496253153243E0,3.686356998094E1));
#6191=VERTEX_POINT('',#6190);
#6192=CARTESIAN_POINT('',(-8.536190410646E0,5.693628068924E0,3.636356998094E1));
#6193=VERTEX_POINT('',#6192);
#6194=VERTEX_POINT('',#2699);
#6195=VERTEX_POINT('',#2708);
#6196=VERTEX_POINT('',#4683);
#6197=VERTEX_POINT('',#4696);
#6198=VERTEX_POINT('',#2462);
#6199=VERTEX_POINT('',#2467);
#6200=VERTEX_POINT('',#2156);
#6201=VERTEX_POINT('',#2164);
#6202=VERTEX_POINT('',#2474);
#6203=CARTESIAN_POINT('',(-2.828999993446E1,1.309034182828E1,1.525556998094E1));
#6204=VERTEX_POINT('',#6203);
#6205=CARTESIAN_POINT('',(-2.928999993410E1,1.309034182834E1,1.625556998094E1));
#6206=VERTEX_POINT('',#6205);
#6207=CARTESIAN_POINT('',(-2.716499993446E1,1.454271058373E1,1.525556998094E1));
#6208=VERTEX_POINT('',#6207);
#6209=CARTESIAN_POINT('',(-2.678999993446E1,1.425223683276E1,1.525556998094E1));
#6210=CARTESIAN_POINT('',(-2.678999993446E1,1.425223683276E1,9.363569980937E0));
#6211=VERTEX_POINT('',#6209);
#6212=VERTEX_POINT('',#6210);
#6213=CARTESIAN_POINT('',(-2.716499993446E1,1.454271058373E1,9.363569980937E0));
#6214=VERTEX_POINT('',#6213);
#6215=CARTESIAN_POINT('',(-2.578999993446E1,1.425223683281E1,1.625556998094E1));
#6216=CARTESIAN_POINT('',(-2.578999993446E1,1.293999603800E1,1.625556998094E1));
#6217=VERTEX_POINT('',#6215);
#6218=VERTEX_POINT('',#6216);
#6219=CARTESIAN_POINT('',(-2.678999993446E1,1.193999603800E1,1.525556998094E1));
#6220=VERTEX_POINT('',#6219);
#6221=CARTESIAN_POINT('',(-1.002999993446E1,1.193999603800E1,1.525556998094E1));
#6222=VERTEX_POINT('',#6221);
#6223=CARTESIAN_POINT('',(-1.102999993446E1,1.293999603800E1,1.625556998094E1));
#6224=VERTEX_POINT('',#6223);
#6225=CARTESIAN_POINT('',(-1.002999993446E1,1.425223683276E1,1.525556998094E1));
#6226=VERTEX_POINT('',#6225);
#6227=CARTESIAN_POINT('',(-1.102999993446E1,1.425223683281E1,1.625556998094E1));
#6228=VERTEX_POINT('',#6227);
#6229=CARTESIAN_POINT('',(-9.654999934456E0,1.454271058373E1,9.363569980937E0));
#6230=CARTESIAN_POINT('',(-9.654999934450E0,1.454271058373E1,1.525556998094E1));
#6231=VERTEX_POINT('',#6229);
#6232=VERTEX_POINT('',#6230);
#6233=CARTESIAN_POINT('',(-1.002999993446E1,1.425223683276E1,9.363569980937E0));
#6234=VERTEX_POINT('',#6233);
#6235=CARTESIAN_POINT('',(-7.529999934971E0,1.309034182793E1,1.625556998094E1));
#6236=CARTESIAN_POINT('',(-7.529999934456E0,1.293216295145E1,1.625556998094E1));
#6237=VERTEX_POINT('',#6235);
#6238=VERTEX_POINT('',#6236);
#6239=CARTESIAN_POINT('',(-8.529999934456E0,1.309034182740E1,1.525556998094E1));
#6240=CARTESIAN_POINT('',(-8.529944874482E0,1.243634023199E1,1.525556976290E1));
#6241=VERTEX_POINT('',#6239);
#6242=VERTEX_POINT('',#6240);
#6243=CARTESIAN_POINT('',(-2.889998192129E1,1.193854074792E1,1.525556998094E1));
#6244=VERTEX_POINT('',#6243);
#6245=CARTESIAN_POINT('',(-1.002999993446E1,1.459034182890E1,9.363569980937E0));
#6246=VERTEX_POINT('',#6245);
#6247=CARTESIAN_POINT('',(-2.678999993446E1,1.459034182890E1,9.363569980937E0));
#6248=VERTEX_POINT('',#6247);
#6249=VERTEX_POINT('',#1964);
#6250=VERTEX_POINT('',#2660);
#6251=VERTEX_POINT('',#2666);
#6252=VERTEX_POINT('',#2634);
#6253=VERTEX_POINT('',#2641);
#6254=VERTEX_POINT('',#2570);
#6255=VERTEX_POINT('',#2576);
#6256=VERTEX_POINT('',#2548);
#6257=VERTEX_POINT('',#2555);
#6258=VERTEX_POINT('',#2594);
#6259=VERTEX_POINT('',#2601);
#6260=VERTEX_POINT('',#2603);
#6261=VERTEX_POINT('',#2609);
#6262=VERTEX_POINT('',#4574);
#6263=VERTEX_POINT('',#4580);
#6264=VERTEX_POINT('',#4549);
#6265=VERTEX_POINT('',#4555);
#6266=CARTESIAN_POINT('',(-3.025999993446E1,2.540339881739E0,4.186356998094E1));
#6267=CARTESIAN_POINT('',(-2.975999993446E1,2.540340098090E0,4.236356998094E1));
#6268=VERTEX_POINT('',#6266);
#6269=VERTEX_POINT('',#6267);
#6270=CARTESIAN_POINT('',(-2.975999993446E1,2.590340887778E0,4.236356998094E1));
#6271=CARTESIAN_POINT('',(-3.025999993446E1,2.590340770137E0,4.186356998094E1));
#6272=VERTEX_POINT('',#6270);
#6273=VERTEX_POINT('',#6271);
#6274=CARTESIAN_POINT('',(-2.975999993446E1,2.540340321996E0,3.636356998094E1));
#6275=CARTESIAN_POINT('',(-3.025999993446E1,2.540340133634E0,3.686356998094E1));
#6276=VERTEX_POINT('',#6274);
#6277=VERTEX_POINT('',#6275);
#6278=CARTESIAN_POINT('',(-3.025999993446E1,2.590341022031E0,3.686356998094E1));
#6279=CARTESIAN_POINT('',(-2.975999993446E1,2.590341111683E0,3.636356998094E1));
#6280=VERTEX_POINT('',#6278);
#6281=VERTEX_POINT('',#6279);
#6282=CARTESIAN_POINT('',(-3.348999993446E1,5.957206109450E0,2.436357040467E1));
#6283=CARTESIAN_POINT('',(-3.434184215698E1,4.745168161895E0,2.436357038928E1));
#6284=VERTEX_POINT('',#6282);
#6285=VERTEX_POINT('',#6283);
#6286=CARTESIAN_POINT('',(-3.348999993446E1,6.826758184463E0,2.386357044183E1));
#6287=CARTESIAN_POINT('',(-3.475591404100E1,5.025560856009E0,2.386357041895E1));
#6288=VERTEX_POINT('',#6286);
#6289=VERTEX_POINT('',#6287);
#6290=VERTEX_POINT('',#544);
#6291=VERTEX_POINT('',#551);
#6292=CARTESIAN_POINT('',(-3.469592151235E1,2.615904848501E-2,
2.386357002016E1));
#6293=CARTESIAN_POINT('',(-3.348999993446E1,-1.696075377674E0,
2.386357004266E1));
#6294=VERTEX_POINT('',#6292);
#6295=VERTEX_POINT('',#6293);
#6296=CARTESIAN_POINT('',(-3.428621781567E1,3.127648498173E-1,
2.436357000068E1));
#6297=CARTESIAN_POINT('',(-3.348999993446E1,-8.243519707161E-1,
2.436357011490E1));
#6298=VERTEX_POINT('',#6296);
#6299=VERTEX_POINT('',#6297);
#6300=VERTEX_POINT('',#106);
#6301=VERTEX_POINT('',#114);
#6302=VERTEX_POINT('',#116);
#6303=VERTEX_POINT('',#124);
#6304=CARTESIAN_POINT('',(-3.469596383004E1,2.622007476385E-2,
1.886357016316E1));
#6305=VERTEX_POINT('',#6304);
#6306=CARTESIAN_POINT('',(-3.428621758149E1,3.127651503747E-1,
1.836357019292E1));
#6307=VERTEX_POINT('',#6306);
#6308=CARTESIAN_POINT('',(-3.348999993446E1,-8.243514702522E-1,
1.836357011490E1));
#6309=VERTEX_POINT('',#6308);
#6310=CARTESIAN_POINT('',(-3.348999993446E1,-1.696074858916E0,
1.886357004266E1));
#6311=VERTEX_POINT('',#6310);
#6312=CARTESIAN_POINT('',(-3.469592065778E1,2.615990305854E-2,
3.863569755753E0));
#6313=VERTEX_POINT('',#6312);
#6314=CARTESIAN_POINT('',(-3.428621700382E1,3.127657043920E-1,
4.363569785505E0));
#6315=VERTEX_POINT('',#6314);
#6316=VERTEX_POINT('',#134);
#6317=VERTEX_POINT('',#142);
#6318=VERTEX_POINT('',#522);
#6319=VERTEX_POINT('',#529);
#6320=VERTEX_POINT('',#535);
#6321=VERTEX_POINT('',#542);
#6322=VERTEX_POINT('',#144);
#6323=VERTEX_POINT('',#152);
#6324=CARTESIAN_POINT('',(-3.469596297547E1,2.622092933863E-2,
-1.136430244247E0));
#6325=VERTEX_POINT('',#6324);
#6326=CARTESIAN_POINT('',(-3.428621667975E1,3.127660080513E-1,
-1.636430214495E0));
#6327=VERTEX_POINT('',#6326);
#6328=VERTEX_POINT('',#513);
#6329=VERTEX_POINT('',#520);
#6330=CARTESIAN_POINT('',(-2.828380945827E1,-5.629444111255E-1,
4.236356998094E1));
#6331=VERTEX_POINT('',#6330);
#6332=CARTESIAN_POINT('',(-2.828380945827E1,-5.629444111255E-1,
3.636356998094E1));
#6333=VERTEX_POINT('',#6332);
#6334=CARTESIAN_POINT('',(-2.799469381201E1,-1.365569495444E0,
4.186356998094E1));
#6335=CARTESIAN_POINT('',(-2.799469381201E1,-1.365569495444E0,
3.686356998094E1));
#6336=VERTEX_POINT('',#6334);
#6337=VERTEX_POINT('',#6335);
#6338=CARTESIAN_POINT('',(-3.348999994870E1,2.540341843142E0,
-1.636430115462E0));
#6339=VERTEX_POINT('',#6338);
#6340=CARTESIAN_POINT('',(-3.348999992021E1,2.590342697716E0,
-1.636430081440E0));
#6341=VERTEX_POINT('',#6340);
#6342=CARTESIAN_POINT('',(-2.828380945827E1,5.693628068925E0,4.236356998094E1));
#6343=VERTEX_POINT('',#6342);
#6344=CARTESIAN_POINT('',(-2.799469381201E1,6.496253153243E0,4.186356998094E1));
#6345=CARTESIAN_POINT('',(-2.799469381201E1,6.496253153243E0,3.686356998094E1));
#6346=VERTEX_POINT('',#6344);
#6347=VERTEX_POINT('',#6345);
#6348=CARTESIAN_POINT('',(-2.828380945827E1,5.693628068925E0,3.636356998094E1));
#6349=VERTEX_POINT('',#6348);
#6350=CARTESIAN_POINT('',(-2.985999993446E1,2.590340665125E0,4.636356998094E1));
#6351=CARTESIAN_POINT('',(-3.025999993446E1,2.590340624469E0,4.596356998094E1));
#6352=VERTEX_POINT('',#6350);
#6353=VERTEX_POINT('',#6351);
#6354=CARTESIAN_POINT('',(-6.559999934456E0,2.590341828899E0,4.596356998094E1));
#6355=CARTESIAN_POINT('',(-6.959999934456E0,2.590341828899E0,4.636356998094E1));
#6356=VERTEX_POINT('',#6354);
#6357=VERTEX_POINT('',#6355);
#6358=CARTESIAN_POINT('',(-6.959999934456E0,2.540341828899E0,4.636356998094E1));
#6359=CARTESIAN_POINT('',(-6.559999934456E0,2.540341828899E0,4.596356998094E1));
#6360=VERTEX_POINT('',#6358);
#6361=VERTEX_POINT('',#6359);
#6362=CARTESIAN_POINT('',(-3.025999993446E1,2.540339760036E0,4.596356998094E1));
#6363=CARTESIAN_POINT('',(-2.985999993446E1,2.540339829871E0,4.636356998094E1));
#6364=VERTEX_POINT('',#6362);
#6365=VERTEX_POINT('',#6363);
#6366=CARTESIAN_POINT('',(-2.765999993446E1,2.540339722976E0,4.636356998094E1));
#6367=CARTESIAN_POINT('',(-2.725999993446E1,2.540339814043E0,4.596356998094E1));
#6368=VERTEX_POINT('',#6366);
#6369=VERTEX_POINT('',#6367);
#6370=CARTESIAN_POINT('',(-9.559999934456E0,2.540341828899E0,4.596356998094E1));
#6371=CARTESIAN_POINT('',(-9.159999934456E0,2.540341828899E0,4.636356998094E1));
#6372=VERTEX_POINT('',#6370);
#6373=VERTEX_POINT('',#6371);
#6374=CARTESIAN_POINT('',(-9.159999934456E0,2.590341828899E0,4.636356998094E1));
#6375=CARTESIAN_POINT('',(-9.559999934456E0,2.590341828899E0,4.596356998094E1));
#6376=VERTEX_POINT('',#6374);
#6377=VERTEX_POINT('',#6375);
#6378=CARTESIAN_POINT('',(-2.725999993446E1,2.590340655941E0,4.596356998094E1));
#6379=CARTESIAN_POINT('',(-2.765999993446E1,2.590340602926E0,4.636356998094E1));
#6380=VERTEX_POINT('',#6378);
#6381=VERTEX_POINT('',#6379);
#6382=CARTESIAN_POINT('',(-6.959999934456E0,2.590341828899E0,4.486356998094E1));
#6383=CARTESIAN_POINT('',(-6.559999934456E0,2.590341828899E0,4.526356998094E1));
#6384=VERTEX_POINT('',#6382);
#6385=VERTEX_POINT('',#6383);
#6386=CARTESIAN_POINT('',(-3.025999993446E1,2.590340677758E0,4.526356998094E1));
#6387=CARTESIAN_POINT('',(-2.985999993446E1,2.590340716615E0,4.486356998094E1));
#6388=VERTEX_POINT('',#6386);
#6389=VERTEX_POINT('',#6387);
#6390=CARTESIAN_POINT('',(-2.985999993446E1,2.540339881361E0,4.486356998094E1));
#6391=CARTESIAN_POINT('',(-3.025999993446E1,2.540339813325E0,4.526356998094E1));
#6392=VERTEX_POINT('',#6390);
#6393=VERTEX_POINT('',#6391);
#6394=CARTESIAN_POINT('',(-6.559999934456E0,2.540341828899E0,4.526356998094E1));
#6395=CARTESIAN_POINT('',(-6.959999934456E0,2.540341828899E0,4.486356998094E1));
#6396=VERTEX_POINT('',#6394);
#6397=VERTEX_POINT('',#6395);
#6398=CARTESIAN_POINT('',(-5.471877938715E0,2.590341828899E0,
-3.336430019061E0));
#6399=CARTESIAN_POINT('',(-5.171877938715E0,2.590341828899E0,
-3.636430019061E0));
#6400=VERTEX_POINT('',#6398);
#6401=VERTEX_POINT('',#6399);
#6402=CARTESIAN_POINT('',(-5.171877938715E0,6.252281227253E0,
-3.636430019061E0));
#6403=VERTEX_POINT('',#6402);
#6404=CARTESIAN_POINT('',(-5.471877938715E0,6.252281227247E0,
-3.336430019061E0));
#6405=VERTEX_POINT('',#6404);
#6406=CARTESIAN_POINT('',(-8.495524659524E0,1.035848656877E1,
-3.336430019061E0));
#6407=VERTEX_POINT('',#6406);
#6408=CARTESIAN_POINT('',(-8.406476756325E0,1.064496601120E1,
-3.636430019061E0));
#6409=VERTEX_POINT('',#6408);
#6410=CARTESIAN_POINT('',(-8.975239449635E0,1.050759882559E1,
-3.336430019061E0));
#6411=VERTEX_POINT('',#6410);
#6412=CARTESIAN_POINT('',(-8.886191547253E0,1.079407826827E1,
-3.636430019061E0));
#6413=VERTEX_POINT('',#6412);
#6414=CARTESIAN_POINT('',(-1.002999993446E1,1.193999603800E1,
-3.336430019061E0));
#6415=VERTEX_POINT('',#6414);
#6416=CARTESIAN_POINT('',(-9.729999934456E0,1.193999603800E1,
-3.636430019061E0));
#6417=VERTEX_POINT('',#6416);
#6418=CARTESIAN_POINT('',(-1.002999993446E1,1.309034182890E1,
-3.336430019061E0));
#6419=VERTEX_POINT('',#6418);
#6420=CARTESIAN_POINT('',(-9.729999934456E0,1.339034182890E1,
-3.636430019061E0));
#6421=VERTEX_POINT('',#6420);
#6422=CARTESIAN_POINT('',(-3.329999934456E0,2.590341828899E0,
-3.336430019061E0));
#6423=VERTEX_POINT('',#6422);
#6424=CARTESIAN_POINT('',(-3.629999934456E0,2.590341828899E0,
-3.636430019061E0));
#6425=VERTEX_POINT('',#6424);
#6426=CARTESIAN_POINT('',(-1.092999993446E1,1.429034182890E1,
-3.336430019061E0));
#6427=VERTEX_POINT('',#6426);
#6428=CARTESIAN_POINT('',(-1.062999993446E1,1.459034182890E1,
-3.336430019061E0));
#6429=VERTEX_POINT('',#6428);
#6430=CARTESIAN_POINT('',(-1.092999993446E1,1.339034182890E1,
-3.336430019061E0));
#6431=VERTEX_POINT('',#6430);
#6432=CARTESIAN_POINT('',(-1.062999993446E1,1.309034182890E1,
-3.336430019061E0));
#6433=VERTEX_POINT('',#6432);
#6434=CARTESIAN_POINT('',(-3.329999934456E0,7.440341828899E0,1.525556998094E1));
#6435=CARTESIAN_POINT('',(-3.329999934456E0,7.440341828897E0,
-3.336430019061E0));
#6436=VERTEX_POINT('',#6434);
#6437=VERTEX_POINT('',#6435);
#6438=CARTESIAN_POINT('',(-1.002999993559E1,1.459034182890E1,
-3.336430019061E0));
#6439=VERTEX_POINT('',#6438);
#6440=CARTESIAN_POINT('',(-8.529999934456E0,1.309034182780E1,
-3.336430019061E0));
#6441=VERTEX_POINT('',#6440);
#6442=CARTESIAN_POINT('',(-8.529999934456E0,1.243634022636E1,
-3.336430019061E0));
#6443=VERTEX_POINT('',#6442);
#6444=CARTESIAN_POINT('',(-8.009999935792E0,1.193674038769E1,
-3.336430019061E0));
#6445=VERTEX_POINT('',#6444);
#6446=CARTESIAN_POINT('',(-3.629999934456E0,7.440341828899E0,
-3.636430019061E0));
#6447=VERTEX_POINT('',#6446);
#6448=CARTESIAN_POINT('',(-7.997999934456E0,1.163698048382E1,
-3.636430019061E0));
#6449=VERTEX_POINT('',#6448);
#6450=CARTESIAN_POINT('',(-8.829999934456E0,1.243634022762E1,
-3.636430019061E0));
#6451=VERTEX_POINT('',#6450);
#6452=CARTESIAN_POINT('',(-8.829999934456E0,1.309034182890E1,
-3.636430019061E0));
#6453=VERTEX_POINT('',#6452);
#6454=CARTESIAN_POINT('',(-1.002999993446E1,1.429034182890E1,
-3.636430019061E0));
#6455=VERTEX_POINT('',#6454);
#6456=CARTESIAN_POINT('',(-1.062999993446E1,1.429034182890E1,
-3.636430019061E0));
#6457=VERTEX_POINT('',#6456);
#6458=CARTESIAN_POINT('',(-2.708999993446E1,1.339034182890E1,
-3.636430019062E0));
#6459=CARTESIAN_POINT('',(-2.618999993446E1,1.339034182890E1,
-3.636430019062E0));
#6460=VERTEX_POINT('',#6458);
#6461=VERTEX_POINT('',#6459);
#6462=CARTESIAN_POINT('',(-2.678999993446E1,1.309034182890E1,
-3.336430019062E0));
#6463=CARTESIAN_POINT('',(-2.618999993445E1,1.309034182890E1,
-3.336430019062E0));
#6464=VERTEX_POINT('',#6462);
#6465=VERTEX_POINT('',#6463);
#6466=CARTESIAN_POINT('',(-3.162193933281E1,2.590342764716E0,
-3.636430019063E0));
#6467=CARTESIAN_POINT('',(-3.132193933281E1,2.590342764716E0,
-3.336430019063E0));
#6468=VERTEX_POINT('',#6466);
#6469=VERTEX_POINT('',#6467);
#6470=CARTESIAN_POINT('',(-3.132193933281E1,6.252281227247E0,
-3.336430019063E0));
#6471=VERTEX_POINT('',#6470);
#6472=CARTESIAN_POINT('',(-3.162193933281E1,6.252281227253E0,
-3.636430019063E0));
#6473=VERTEX_POINT('',#6472);
#6474=CARTESIAN_POINT('',(-2.835943776408E1,1.033897890953E1,
-3.336430019063E0));
#6475=VERTEX_POINT('',#6474);
#6476=CARTESIAN_POINT('',(-2.845275160812E1,1.062409735248E1,
-3.636430019063E0));
#6477=VERTEX_POINT('',#6476);
#6478=CARTESIAN_POINT('',(-2.782343071501E1,1.051440382300E1,
-3.336430019062E0));
#6479=VERTEX_POINT('',#6478);
#6480=CARTESIAN_POINT('',(-2.791674455829E1,1.079952226620E1,
-3.636430019062E0));
#6481=VERTEX_POINT('',#6480);
#6482=CARTESIAN_POINT('',(-2.678999993446E1,1.193999603800E1,
-3.336430019062E0));
#6483=VERTEX_POINT('',#6482);
#6484=CARTESIAN_POINT('',(-2.708999993446E1,1.193999603800E1,
-3.636430019062E0));
#6485=VERTEX_POINT('',#6484);
#6486=CARTESIAN_POINT('',(-3.318999993446E1,2.590342768930E0,
-3.636430019063E0));
#6487=VERTEX_POINT('',#6486);
#6488=CARTESIAN_POINT('',(-3.348999993446E1,2.590342756112E0,
-3.336430019063E0));
#6489=VERTEX_POINT('',#6488);
#6490=CARTESIAN_POINT('',(-2.588999993446E1,1.339034182890E1,
-3.336430019062E0));
#6491=VERTEX_POINT('',#6490);
#6492=CARTESIAN_POINT('',(-2.588999993446E1,1.429034182890E1,
-3.336430019062E0));
#6493=VERTEX_POINT('',#6492);
#6494=CARTESIAN_POINT('',(-2.618999993445E1,1.459034182890E1,
-3.336430019062E0));
#6495=VERTEX_POINT('',#6494);
#6496=CARTESIAN_POINT('',(-2.678999993332E1,1.459034182890E1,
-3.336430019062E0));
#6497=VERTEX_POINT('',#6496);
#6498=CARTESIAN_POINT('',(-2.828999993446E1,1.309034182780E1,
-3.336430019062E0));
#6499=VERTEX_POINT('',#6498);
#6500=CARTESIAN_POINT('',(-2.889998192184E1,1.193854074793E1,
-3.336430019063E0));
#6501=VERTEX_POINT('',#6500);
#6502=CARTESIAN_POINT('',(-3.348999993446E1,7.439441198302E0,
-3.336430019063E0));
#6503=CARTESIAN_POINT('',(-3.348999993446E1,7.439441198305E0,1.525556998094E1));
#6504=VERTEX_POINT('',#6502);
#6505=VERTEX_POINT('',#6503);
#6506=CARTESIAN_POINT('',(-2.880000193468E1,1.193654034770E1,
-3.336430019062E0));
#6507=VERTEX_POINT('',#6506);
#6508=CARTESIAN_POINT('',(-2.828999993446E1,1.243644029646E1,
-3.336430019062E0));
#6509=VERTEX_POINT('',#6508);
#6510=CARTESIAN_POINT('',(-1.062999993446E1,1.339034182890E1,
-3.636430019061E0));
#6511=VERTEX_POINT('',#6510);
#6512=CARTESIAN_POINT('',(-3.318999993446E1,7.439441198305E0,
-3.636430019063E0));
#6513=VERTEX_POINT('',#6512);
#6514=CARTESIAN_POINT('',(-2.890598312268E1,1.163860077795E1,
-3.636430019063E0));
#6515=VERTEX_POINT('',#6514);
#6516=CARTESIAN_POINT('',(-2.880600313555E1,1.163660037816E1,
-3.636430019062E0));
#6517=VERTEX_POINT('',#6516);
#6518=CARTESIAN_POINT('',(-2.798999993446E1,1.243644029768E1,
-3.636430019062E0));
#6519=VERTEX_POINT('',#6518);
#6520=CARTESIAN_POINT('',(-2.798999993446E1,1.309034182890E1,
-3.636430019062E0));
#6521=VERTEX_POINT('',#6520);
#6522=CARTESIAN_POINT('',(-2.678999993446E1,1.429034182890E1,
-3.636430019062E0));
#6523=VERTEX_POINT('',#6522);
#6524=CARTESIAN_POINT('',(-2.618999993446E1,1.429034182890E1,
-3.636430019062E0));
#6525=VERTEX_POINT('',#6524);
#6526=VERTEX_POINT('',#3728);
#6527=VERTEX_POINT('',#3735);
#6528=CARTESIAN_POINT('',(-3.162193933280E1,-1.121597569450E0,
-3.636430019058E0));
#6529=VERTEX_POINT('',#6528);
#6530=CARTESIAN_POINT('',(-3.132193933281E1,-1.121597569137E0,
-3.336430019058E0));
#6531=VERTEX_POINT('',#6530);
#6532=CARTESIAN_POINT('',(-2.702193933281E1,-5.421597569454E0,
-3.336430019058E0));
#6533=VERTEX_POINT('',#6532);
#6534=CARTESIAN_POINT('',(-2.702193933281E1,-5.721597569454E0,
-3.636430019058E0));
#6535=VERTEX_POINT('',#6534);
#6536=CARTESIAN_POINT('',(-9.771877939079E0,-5.421597569454E0,
-3.336430019060E0));
#6537=VERTEX_POINT('',#6536);
#6538=CARTESIAN_POINT('',(-9.771877938720E0,-5.721597569440E0,
-3.636430019060E0));
#6539=VERTEX_POINT('',#6538);
#6540=CARTESIAN_POINT('',(-5.471877938715E0,-1.121597569454E0,
-3.336430019060E0));
#6541=VERTEX_POINT('',#6540);
#6542=CARTESIAN_POINT('',(-5.171877938715E0,-1.121597569454E0,
-3.636430019060E0));
#6543=VERTEX_POINT('',#6542);
#6544=VERTEX_POINT('',#3794);
#6545=VERTEX_POINT('',#3801);
#6546=CARTESIAN_POINT('',(-3.318999993446E1,2.540341910142E0,
-3.636430019058E0));
#6547=CARTESIAN_POINT('',(-3.348999993446E1,2.540341910142E0,
-3.336430019058E0));
#6548=VERTEX_POINT('',#6546);
#6549=VERTEX_POINT('',#6547);
#6550=CARTESIAN_POINT('',(-3.348999993446E1,-2.459658171099E0,
-3.336430019058E0));
#6551=VERTEX_POINT('',#6550);
#6552=CARTESIAN_POINT('',(-3.318999993446E1,-2.459658171101E0,
-3.636430019058E0));
#6553=VERTEX_POINT('',#6552);
#6554=CARTESIAN_POINT('',(-2.798999993446E1,-7.659658171101E0,
-3.636430019058E0));
#6555=VERTEX_POINT('',#6554);
#6556=CARTESIAN_POINT('',(-2.798999993446E1,-7.959658171101E0,
-3.336430019058E0));
#6557=VERTEX_POINT('',#6556);
#6558=CARTESIAN_POINT('',(-8.829999934456E0,-7.659658171101E0,
-3.636430019060E0));
#6559=VERTEX_POINT('',#6558);
#6560=CARTESIAN_POINT('',(-8.829999934457E0,-7.959658171101E0,
-3.336430019060E0));
#6561=VERTEX_POINT('',#6560);
#6562=CARTESIAN_POINT('',(-3.629999934456E0,-2.459658171101E0,
-3.636430019060E0));
#6563=VERTEX_POINT('',#6562);
#6564=CARTESIAN_POINT('',(-3.329999934456E0,-2.459658171101E0,
-3.336430019060E0));
#6565=VERTEX_POINT('',#6564);
#6566=CARTESIAN_POINT('',(-3.329999934456E0,2.540341828899E0,
-3.336430019060E0));
#6567=CARTESIAN_POINT('',(-3.629999934456E0,2.540341828899E0,
-3.636430019060E0));
#6568=VERTEX_POINT('',#6566);
#6569=VERTEX_POINT('',#6567);
#6570=VERTEX_POINT('',#1029);
#6571=VERTEX_POINT('',#1930);
#6572=CARTESIAN_POINT('',(-4.329999934456E0,1.289034182890E1,1.625556998094E1));
#6573=VERTEX_POINT('',#6572);
#6574=CARTESIAN_POINT('',(-3.329999934456E0,1.289034182858E1,1.725556998094E1));
#6575=VERTEX_POINT('',#6574);
#6576=CARTESIAN_POINT('',(-6.829999934456E0,1.539034182890E1,1.625556998094E1));
#6577=VERTEX_POINT('',#6576);
#6578=CARTESIAN_POINT('',(-6.829999934456E0,1.639034182890E1,1.725556998094E1));
#6579=VERTEX_POINT('',#6578);
#6580=CARTESIAN_POINT('',(-9.050204036863E0,1.539034182890E1,1.625556998094E1));
#6581=VERTEX_POINT('',#6580);
#6582=CARTESIAN_POINT('',(-9.050204037343E0,1.639034182890E1,1.725556998094E1));
#6583=VERTEX_POINT('',#6582);
#6584=VERTEX_POINT('',#1824);
#6585=VERTEX_POINT('',#2100);
#6586=VERTEX_POINT('',#1798);
#6587=VERTEX_POINT('',#2094);
#6588=CARTESIAN_POINT('',(-2.646173491256E1,1.539034182890E1,1.625556998094E1));
#6589=VERTEX_POINT('',#6588);
#6590=CARTESIAN_POINT('',(-2.646173484887E1,1.639034182890E1,1.725556998094E1));
#6591=VERTEX_POINT('',#6590);
#6592=VERTEX_POINT('',#2409);
#6593=VERTEX_POINT('',#2084);
#6594=VERTEX_POINT('',#2139);
#6595=VERTEX_POINT('',#2078);
#6596=CARTESIAN_POINT('',(-2.998999993446E1,1.539034182890E1,1.625556998094E1));
#6597=VERTEX_POINT('',#6596);
#6598=CARTESIAN_POINT('',(-2.998999993390E1,1.639034182890E1,1.725556998094E1));
#6599=VERTEX_POINT('',#6598);
#6600=CARTESIAN_POINT('',(-3.248999993446E1,1.289034182890E1,1.625556998094E1));
#6601=VERTEX_POINT('',#6600);
#6602=CARTESIAN_POINT('',(-3.348999993446E1,1.289034182890E1,1.725556998094E1));
#6603=VERTEX_POINT('',#6602);
#6604=CARTESIAN_POINT('',(-3.248999993446E1,1.168208189334E1,1.625556998094E1));
#6605=VERTEX_POINT('',#6604);
#6606=CARTESIAN_POINT('',(-3.348999993446E1,1.168208188542E1,1.725556998094E1));
#6607=VERTEX_POINT('',#6606);
#6608=VERTEX_POINT('',#295);
#6609=VERTEX_POINT('',#315);
#6610=CARTESIAN_POINT('',(-9.560070556489E0,2.540341828899E0,4.205050903821E1));
#6611=CARTESIAN_POINT('',(-9.560070556489E0,2.540341828899E0,4.287663092367E1));
#6612=VERTEX_POINT('',#6610);
#6613=VERTEX_POINT('',#6611);
#6614=VERTEX_POINT('',#5289);
#6615=VERTEX_POINT('',#327);
#6616=VERTEX_POINT('',#362);
#6617=VERTEX_POINT('',#590);
#6618=VERTEX_POINT('',#659);
#6619=VERTEX_POINT('',#2803);
#6620=CARTESIAN_POINT('',(-2.676827365305E1,-3.685686965364E-1,
3.977663959496E1));
#6621=VERTEX_POINT('',#6620);
#6622=CARTESIAN_POINT('',(-2.676827365305E1,-3.685686965364E-1,
4.287663959496E1));
#6623=VERTEX_POINT('',#6622);
#6624=CARTESIAN_POINT('',(-2.676827365305E1,-3.685686965364E-1,
3.895050036692E1));
#6625=VERTEX_POINT('',#6624);
#6626=CARTESIAN_POINT('',(-2.676827365305E1,-3.685686965364E-1,
4.205050036692E1));
#6627=VERTEX_POINT('',#6626);
#6628=CARTESIAN_POINT('',(-1.840999993446E1,2.540341828899E0,4.012471436557E1));
#6629=DIRECTION('',(0.E0,0.E0,1.E0));
#6630=DIRECTION('',(-1.E0,0.E0,0.E0));
#6631=AXIS2_PLACEMENT_3D('',#6628,#6629,#6630);
#6632=CYLINDRICAL_SURFACE('',#6631,1.035E1);
#6634=ORIENTED_EDGE('',*,*,#6633,.F.);
#6636=ORIENTED_EDGE('',*,*,#6635,.F.);
#6638=ORIENTED_EDGE('',*,*,#6637,.T.);
#6640=ORIENTED_EDGE('',*,*,#6639,.F.);
#6642=ORIENTED_EDGE('',*,*,#6641,.T.);
#6644=ORIENTED_EDGE('',*,*,#6643,.F.);
#6646=ORIENTED_EDGE('',*,*,#6645,.T.);
#6648=ORIENTED_EDGE('',*,*,#6647,.T.);
#6650=ORIENTED_EDGE('',*,*,#6649,.T.);
#6652=ORIENTED_EDGE('',*,*,#6651,.T.);
#6654=ORIENTED_EDGE('',*,*,#6653,.T.);
#6656=ORIENTED_EDGE('',*,*,#6655,.F.);
#6658=ORIENTED_EDGE('',*,*,#6657,.T.);
#6660=ORIENTED_EDGE('',*,*,#6659,.T.);
#6662=ORIENTED_EDGE('',*,*,#6661,.T.);
#6664=ORIENTED_EDGE('',*,*,#6663,.T.);
#6666=ORIENTED_EDGE('',*,*,#6665,.T.);
#6668=ORIENTED_EDGE('',*,*,#6667,.F.);
#6670=ORIENTED_EDGE('',*,*,#6669,.T.);
#6672=ORIENTED_EDGE('',*,*,#6671,.F.);
#6673=EDGE_LOOP('',(#6634,#6636,#6638,#6640,#6642,#6644,#6646,#6648,#6650,#6652,
#6654,#6656,#6658,#6660,#6662,#6664,#6666,#6668,#6670,#6672));
#6674=FACE_OUTER_BOUND('',#6673,.F.);
#6675=ADVANCED_FACE('',(#6674),#6632,.T.);
#6676=CARTESIAN_POINT('',(-2.575999993446E1,2.540341828899E0,4.236356998094E1));
#6677=DIRECTION('',(0.E0,0.E0,-1.E0));
#6678=DIRECTION('',(-1.E0,0.E0,0.E0));
#6679=AXIS2_PLACEMENT_3D('',#6676,#6677,#6678);
#6680=CYLINDRICAL_SURFACE('',#6679,4.5E0);
#6682=ORIENTED_EDGE('',*,*,#6681,.F.);
#6683=ORIENTED_EDGE('',*,*,#6633,.T.);
#6685=ORIENTED_EDGE('',*,*,#6684,.F.);
#6687=ORIENTED_EDGE('',*,*,#6686,.F.);
#6688=EDGE_LOOP('',(#6682,#6683,#6685,#6687));
#6689=FACE_OUTER_BOUND('',#6688,.F.);
#6690=ADVANCED_FACE('',(#6689),#6680,.T.);
#6691=CARTESIAN_POINT('',(-2.575999993446E1,2.540341828899E0,4.186356998094E1));
#6692=DIRECTION('',(0.E0,0.E0,-1.E0));
#6693=DIRECTION('',(8.645743303294E-1,5.025049525482E-1,0.E0));
#6694=AXIS2_PLACEMENT_3D('',#6691,#6692,#6693);
#6695=TOROIDAL_SURFACE('',#6694,4.E0,5.E-1);
#6697=ORIENTED_EDGE('',*,*,#6696,.T.);
#6698=ORIENTED_EDGE('',*,*,#6635,.T.);
#6699=ORIENTED_EDGE('',*,*,#6681,.T.);
#6701=ORIENTED_EDGE('',*,*,#6700,.T.);
#6702=EDGE_LOOP('',(#6697,#6698,#6699,#6701));
#6703=FACE_OUTER_BOUND('',#6702,.F.);
#6704=ADVANCED_FACE('',(#6703),#6695,.T.);
#6705=CARTESIAN_POINT('',(-2.901337516127E1,4.419043461169E0,4.236356998094E1));
#6706=DIRECTION('',(0.E0,0.E0,1.E0));
#6707=DIRECTION('',(0.E0,-1.E0,0.E0));
#6708=AXIS2_PLACEMENT_3D('',#6705,#6706,#6707);
#6709=PLANE('',#6708);
#6710=ORIENTED_EDGE('',*,*,#6696,.F.);
#6712=ORIENTED_EDGE('',*,*,#6711,.F.);
#6713=ORIENTED_EDGE('',*,*,#6637,.F.);
#6714=EDGE_LOOP('',(#6710,#6712,#6713));
#6715=FACE_OUTER_BOUND('',#6714,.F.);
#6716=ADVANCED_FACE('',(#6715),#6709,.T.);
#6717=CARTESIAN_POINT('',(-3.349000076339E1,2.540340999962E0,1.776356991471E1));
#6718=DIRECTION('',(0.E0,-1.E0,-4.272873793851E-8));
#6719=DIRECTION('',(1.E0,0.E0,4.272868168105E-8));
#6720=AXIS2_PLACEMENT_3D('',#6717,#6718,#6719);
#6721=PLANE('',#6720);
#6723=ORIENTED_EDGE('',*,*,#6722,.T.);
#6725=ORIENTED_EDGE('',*,*,#6724,.T.);
#6727=ORIENTED_EDGE('',*,*,#6726,.F.);
#6729=ORIENTED_EDGE('',*,*,#6728,.T.);
#6731=ORIENTED_EDGE('',*,*,#6730,.F.);
#6733=ORIENTED_EDGE('',*,*,#6732,.T.);
#6735=ORIENTED_EDGE('',*,*,#6734,.F.);
#6737=ORIENTED_EDGE('',*,*,#6736,.F.);
#6738=ORIENTED_EDGE('',*,*,#6639,.T.);
#6739=ORIENTED_EDGE('',*,*,#6711,.T.);
#6740=ORIENTED_EDGE('',*,*,#6700,.F.);
#6741=ORIENTED_EDGE('',*,*,#6686,.T.);
#6743=ORIENTED_EDGE('',*,*,#6742,.F.);
#6745=ORIENTED_EDGE('',*,*,#6744,.F.);
#6746=ORIENTED_EDGE('',*,*,#6667,.T.);
#6748=ORIENTED_EDGE('',*,*,#6747,.F.);
#6750=ORIENTED_EDGE('',*,*,#6749,.T.);
#6752=ORIENTED_EDGE('',*,*,#6751,.T.);
#6754=ORIENTED_EDGE('',*,*,#6753,.F.);
#6756=ORIENTED_EDGE('',*,*,#6755,.T.);
#6758=ORIENTED_EDGE('',*,*,#6757,.F.);
#6760=ORIENTED_EDGE('',*,*,#6759,.F.);
#6762=ORIENTED_EDGE('',*,*,#6761,.T.);
#6764=ORIENTED_EDGE('',*,*,#6763,.F.);
#6766=ORIENTED_EDGE('',*,*,#6765,.F.);
#6768=ORIENTED_EDGE('',*,*,#6767,.T.);
#6770=ORIENTED_EDGE('',*,*,#6769,.F.);
#6772=ORIENTED_EDGE('',*,*,#6771,.T.);
#6774=ORIENTED_EDGE('',*,*,#6773,.T.);
#6776=ORIENTED_EDGE('',*,*,#6775,.F.);
#6778=ORIENTED_EDGE('',*,*,#6777,.F.);
#6780=ORIENTED_EDGE('',*,*,#6779,.T.);
#6782=ORIENTED_EDGE('',*,*,#6781,.T.);
#6784=ORIENTED_EDGE('',*,*,#6783,.F.);
#6786=ORIENTED_EDGE('',*,*,#6785,.T.);
#6788=ORIENTED_EDGE('',*,*,#6787,.F.);
#6790=ORIENTED_EDGE('',*,*,#6789,.T.);
#6792=ORIENTED_EDGE('',*,*,#6791,.F.);
#6794=ORIENTED_EDGE('',*,*,#6793,.F.);
#6796=ORIENTED_EDGE('',*,*,#6795,.F.);
#6798=ORIENTED_EDGE('',*,*,#6797,.T.);
#6800=ORIENTED_EDGE('',*,*,#6799,.F.);
#6802=ORIENTED_EDGE('',*,*,#6801,.T.);
#6804=ORIENTED_EDGE('',*,*,#6803,.F.);
#6806=ORIENTED_EDGE('',*,*,#6805,.T.);
#6808=ORIENTED_EDGE('',*,*,#6807,.T.);
#6810=ORIENTED_EDGE('',*,*,#6809,.T.);
#6812=ORIENTED_EDGE('',*,*,#6811,.F.);
#6814=ORIENTED_EDGE('',*,*,#6813,.T.);
#6815=EDGE_LOOP('',(#6723,#6725,#6727,#6729,#6731,#6733,#6735,#6737,#6738,#6739,
#6740,#6741,#6743,#6745,#6746,#6748,#6750,#6752,#6754,#6756,#6758,#6760,#6762,
#6764,#6766,#6768,#6770,#6772,#6774,#6776,#6778,#6780,#6782,#6784,#6786,#6788,
#6790,#6792,#6794,#6796,#6798,#6800,#6802,#6804,#6806,#6808,#6810,#6812,#6814));
#6816=FACE_OUTER_BOUND('',#6815,.F.);
#6817=ADVANCED_FACE('',(#6816),#6721,.F.);
#6818=CARTESIAN_POINT('',(-1.840999993446E1,2.590341828899E0,4.636356998094E1));
#6819=DIRECTION('',(0.E0,0.E0,1.E0));
#6820=DIRECTION('',(1.E0,0.E0,0.E0));
#6821=AXIS2_PLACEMENT_3D('',#6818,#6819,#6820);
#6822=CYLINDRICAL_SURFACE('',#6821,8.85E0);
#6824=ORIENTED_EDGE('',*,*,#6823,.T.);
#6826=ORIENTED_EDGE('',*,*,#6825,.F.);
#6827=ORIENTED_EDGE('',*,*,#6722,.F.);
#6829=ORIENTED_EDGE('',*,*,#6828,.T.);
#6830=EDGE_LOOP('',(#6824,#6826,#6827,#6829));
#6831=FACE_OUTER_BOUND('',#6830,.F.);
#6832=ADVANCED_FACE('',(#6831),#6822,.F.);
#6833=CARTESIAN_POINT('',(-1.840999993446E1,2.590341828899E0,4.636356998094E1));
#6834=DIRECTION('',(0.E0,0.E0,1.E0));
#6835=DIRECTION('',(1.E0,0.E0,0.E0));
#6836=AXIS2_PLACEMENT_3D('',#6833,#6834,#6835);
#6837=CYLINDRICAL_SURFACE('',#6836,8.85E0);
#6839=ORIENTED_EDGE('',*,*,#6838,.F.);
#6841=ORIENTED_EDGE('',*,*,#6840,.F.);
#6843=ORIENTED_EDGE('',*,*,#6842,.T.);
#6845=ORIENTED_EDGE('',*,*,#6844,.T.);
#6847=ORIENTED_EDGE('',*,*,#6846,.T.);
#6849=ORIENTED_EDGE('',*,*,#6848,.T.);
#6851=ORIENTED_EDGE('',*,*,#6850,.F.);
#6853=ORIENTED_EDGE('',*,*,#6852,.F.);
#6854=EDGE_LOOP('',(#6839,#6841,#6843,#6845,#6847,#6849,#6851,#6853));
#6855=FACE_OUTER_BOUND('',#6854,.F.);
#6856=ADVANCED_FACE('',(#6855),#6837,.F.);
#6857=CARTESIAN_POINT('',(-3.137491546944E1,2.540341828899E0,3.036357008776E1));
#6858=DIRECTION('',(0.E0,-1.E0,0.E0));
#6859=DIRECTION('',(0.E0,0.E0,1.E0));
#6860=AXIS2_PLACEMENT_3D('',#6857,#6858,#6859);
#6861=PLANE('',#6860);
#6862=ORIENTED_EDGE('',*,*,#6823,.F.);
#6864=ORIENTED_EDGE('',*,*,#6863,.T.);
#6866=ORIENTED_EDGE('',*,*,#6865,.F.);
#6868=ORIENTED_EDGE('',*,*,#6867,.T.);
#6870=ORIENTED_EDGE('',*,*,#6869,.T.);
#6872=ORIENTED_EDGE('',*,*,#6871,.F.);
#6874=ORIENTED_EDGE('',*,*,#6873,.F.);
#6876=ORIENTED_EDGE('',*,*,#6875,.T.);
#6878=ORIENTED_EDGE('',*,*,#6877,.F.);
#6880=ORIENTED_EDGE('',*,*,#6879,.T.);
#6882=ORIENTED_EDGE('',*,*,#6881,.F.);
#6884=ORIENTED_EDGE('',*,*,#6883,.T.);
#6886=ORIENTED_EDGE('',*,*,#6885,.F.);
#6888=ORIENTED_EDGE('',*,*,#6887,.T.);
#6890=ORIENTED_EDGE('',*,*,#6889,.F.);
#6892=ORIENTED_EDGE('',*,*,#6891,.T.);
#6894=ORIENTED_EDGE('',*,*,#6893,.F.);
#6896=ORIENTED_EDGE('',*,*,#6895,.T.);
#6898=ORIENTED_EDGE('',*,*,#6897,.T.);
#6900=ORIENTED_EDGE('',*,*,#6899,.F.);
#6902=ORIENTED_EDGE('',*,*,#6901,.F.);
#6904=ORIENTED_EDGE('',*,*,#6903,.F.);
#6906=ORIENTED_EDGE('',*,*,#6905,.F.);
#6907=ORIENTED_EDGE('',*,*,#6655,.T.);
#6909=ORIENTED_EDGE('',*,*,#6908,.F.);
#6911=ORIENTED_EDGE('',*,*,#6910,.F.);
#6913=ORIENTED_EDGE('',*,*,#6912,.T.);
#6915=ORIENTED_EDGE('',*,*,#6914,.F.);
#6917=ORIENTED_EDGE('',*,*,#6916,.T.);
#6918=ORIENTED_EDGE('',*,*,#6643,.T.);
#6920=ORIENTED_EDGE('',*,*,#6919,.F.);
#6922=ORIENTED_EDGE('',*,*,#6921,.F.);
#6924=ORIENTED_EDGE('',*,*,#6923,.T.);
#6926=ORIENTED_EDGE('',*,*,#6925,.F.);
#6928=ORIENTED_EDGE('',*,*,#6927,.T.);
#6930=ORIENTED_EDGE('',*,*,#6929,.F.);
#6932=ORIENTED_EDGE('',*,*,#6931,.T.);
#6933=EDGE_LOOP('',(#6862,#6864,#6866,#6868,#6870,#6872,#6874,#6876,#6878,#6880,
#6882,#6884,#6886,#6888,#6890,#6892,#6894,#6896,#6898,#6900,#6902,#6904,#6906,
#6907,#6909,#6911,#6913,#6915,#6917,#6918,#6920,#6922,#6924,#6926,#6928,#6930,
#6932));
#6934=FACE_OUTER_BOUND('',#6933,.F.);
#6935=ADVANCED_FACE('',(#6934),#6861,.F.);
#6936=CARTESIAN_POINT('',(-1.840999993446E1,2.540341828899E0,3.719223818247E1));
#6937=DIRECTION('',(0.E0,0.E0,1.E0));
#6938=DIRECTION('',(9.444377083162E-1,3.286904548515E-1,0.E0));
#6939=AXIS2_PLACEMENT_3D('',#6936,#6937,#6938);
#6940=CYLINDRICAL_SURFACE('',#6939,8.85E0);
#6942=ORIENTED_EDGE('',*,*,#6941,.T.);
#6944=ORIENTED_EDGE('',*,*,#6943,.T.);
#6945=ORIENTED_EDGE('',*,*,#6863,.F.);
#6947=ORIENTED_EDGE('',*,*,#6946,.T.);
#6949=ORIENTED_EDGE('',*,*,#6948,.T.);
#6950=ORIENTED_EDGE('',*,*,#6813,.F.);
#6951=EDGE_LOOP('',(#6942,#6944,#6945,#6947,#6949,#6950));
#6952=FACE_OUTER_BOUND('',#6951,.F.);
#6953=ADVANCED_FACE('',(#6952),#6940,.F.);
#6954=CARTESIAN_POINT('',(-1.840999993446E1,2.540341828899E0,3.977357039845E1));
#6955=DIRECTION('',(0.E0,0.E0,1.E0));
#6956=DIRECTION('',(1.E0,0.E0,0.E0));
#6957=AXIS2_PLACEMENT_3D('',#6954,#6955,#6956);
#6958=CONICAL_SURFACE('',#6957,8.825003400320E0,8.3E1);
#6959=ORIENTED_EDGE('',*,*,#6838,.T.);
#6960=ORIENTED_EDGE('',*,*,#6943,.F.);
#6961=ORIENTED_EDGE('',*,*,#6941,.F.);
#6962=EDGE_LOOP('',(#6959,#6960,#6961));
#6963=FACE_OUTER_BOUND('',#6962,.F.);
#6964=ADVANCED_FACE('',(#6963),#6958,.F.);
#6965=CARTESIAN_POINT('',(-1.840999993446E1,2.540341828899E0,4.205356914586E1));
#6966=DIRECTION('',(0.E0,0.E0,-1.E0));
#6967=DIRECTION('',(-1.E0,0.E0,0.E0));
#6968=AXIS2_PLACEMENT_3D('',#6965,#6966,#6967);
#6969=CONICAL_SURFACE('',#6968,8.825006801148E0,8.3E1);
#6970=ORIENTED_EDGE('',*,*,#6828,.F.);
#6971=ORIENTED_EDGE('',*,*,#6948,.F.);
#6972=ORIENTED_EDGE('',*,*,#6946,.F.);
#6973=EDGE_LOOP('',(#6970,#6971,#6972));
#6974=FACE_OUTER_BOUND('',#6973,.F.);
#6975=ADVANCED_FACE('',(#6974),#6969,.F.);
#6976=CARTESIAN_POINT('',(-1.058749993446E1,4.116821636125E0,3.965047845863E1));
#6977=DIRECTION('',(-1.218693434051E-1,0.E0,9.925461516413E-1));
#6978=DIRECTION('',(9.925461516413E-1,0.E0,1.218693434051E-1));
#6979=AXIS2_PLACEMENT_3D('',#6976,#6977,#6978);
#6980=PLANE('',#6979);
#6981=ORIENTED_EDGE('',*,*,#6852,.T.);
#6983=ORIENTED_EDGE('',*,*,#6982,.T.);
#6985=ORIENTED_EDGE('',*,*,#6984,.T.);
#6986=ORIENTED_EDGE('',*,*,#6865,.T.);
#6987=EDGE_LOOP('',(#6981,#6983,#6985,#6986));
#6988=FACE_OUTER_BOUND('',#6987,.F.);
#6989=ADVANCED_FACE('',(#6988),#6980,.T.);
#6990=CARTESIAN_POINT('',(0.E0,2.590341828899E0,2.536357655829E1));
#6991=DIRECTION('',(0.E0,1.E0,0.E0));
#6992=DIRECTION('',(-1.E0,0.E0,0.E0));
#6993=AXIS2_PLACEMENT_3D('',#6990,#6991,#6992);
#6994=PLANE('',#6993);
#6996=ORIENTED_EDGE('',*,*,#6995,.F.);
#6998=ORIENTED_EDGE('',*,*,#6997,.F.);
#7000=ORIENTED_EDGE('',*,*,#6999,.T.);
#7002=ORIENTED_EDGE('',*,*,#7001,.F.);
#7004=ORIENTED_EDGE('',*,*,#7003,.T.);
#7006=ORIENTED_EDGE('',*,*,#7005,.F.);
#7008=ORIENTED_EDGE('',*,*,#7007,.F.);
#7010=ORIENTED_EDGE('',*,*,#7009,.T.);
#7012=ORIENTED_EDGE('',*,*,#7011,.T.);
#7014=ORIENTED_EDGE('',*,*,#7013,.F.);
#7016=ORIENTED_EDGE('',*,*,#7015,.T.);
#7018=ORIENTED_EDGE('',*,*,#7017,.F.);
#7020=ORIENTED_EDGE('',*,*,#7019,.F.);
#7022=ORIENTED_EDGE('',*,*,#7021,.T.);
#7024=ORIENTED_EDGE('',*,*,#7023,.F.);
#7026=ORIENTED_EDGE('',*,*,#7025,.T.);
#7028=ORIENTED_EDGE('',*,*,#7027,.F.);
#7030=ORIENTED_EDGE('',*,*,#7029,.T.);
#7032=ORIENTED_EDGE('',*,*,#7031,.F.);
#7034=ORIENTED_EDGE('',*,*,#7033,.T.);
#7036=ORIENTED_EDGE('',*,*,#7035,.F.);
#7038=ORIENTED_EDGE('',*,*,#7037,.F.);
#7040=ORIENTED_EDGE('',*,*,#7039,.F.);
#7042=ORIENTED_EDGE('',*,*,#7041,.F.);
#7044=ORIENTED_EDGE('',*,*,#7043,.F.);
#7046=ORIENTED_EDGE('',*,*,#7045,.T.);
#7048=ORIENTED_EDGE('',*,*,#7047,.F.);
#7050=ORIENTED_EDGE('',*,*,#7049,.T.);
#7052=ORIENTED_EDGE('',*,*,#7051,.T.);
#7054=ORIENTED_EDGE('',*,*,#7053,.T.);
#7056=ORIENTED_EDGE('',*,*,#7055,.F.);
#7058=ORIENTED_EDGE('',*,*,#7057,.T.);
#7059=ORIENTED_EDGE('',*,*,#6982,.F.);
#7060=EDGE_LOOP('',(#6996,#6998,#7000,#7002,#7004,#7006,#7008,#7010,#7012,#7014,
#7016,#7018,#7020,#7022,#7024,#7026,#7028,#7030,#7032,#7034,#7036,#7038,#7040,
#7042,#7044,#7046,#7048,#7050,#7052,#7054,#7056,#7058,#7059));
#7061=FACE_OUTER_BOUND('',#7060,.F.);
#7062=ADVANCED_FACE('',(#7061),#6994,.F.);
#7063=CARTESIAN_POINT('',(-1.840999993446E1,2.590341828899E0,3.727015926935E1));
#7064=DIRECTION('',(0.E0,0.E0,-1.E0));
#7065=DIRECTION('',(1.E0,0.E0,0.E0));
#7066=AXIS2_PLACEMENT_3D('',#7063,#7064,#7065);
#7067=CYLINDRICAL_SURFACE('',#7066,8.85E0);
#7069=ORIENTED_EDGE('',*,*,#7068,.T.);
#7071=ORIENTED_EDGE('',*,*,#7070,.F.);
#7072=ORIENTED_EDGE('',*,*,#6995,.T.);
#7073=ORIENTED_EDGE('',*,*,#6850,.T.);
#7074=ORIENTED_EDGE('',*,*,#7045,.F.);
#7076=ORIENTED_EDGE('',*,*,#7075,.T.);
#7078=ORIENTED_EDGE('',*,*,#7077,.T.);
#7080=ORIENTED_EDGE('',*,*,#7079,.T.);
#7082=ORIENTED_EDGE('',*,*,#7081,.T.);
#7084=ORIENTED_EDGE('',*,*,#7083,.T.);
#7086=ORIENTED_EDGE('',*,*,#7085,.F.);
#7087=ORIENTED_EDGE('',*,*,#6842,.F.);
#7088=EDGE_LOOP('',(#7069,#7071,#7072,#7073,#7074,#7076,#7078,#7080,#7082,#7084,
#7086,#7087));
#7089=FACE_OUTER_BOUND('',#7088,.F.);
#7090=ADVANCED_FACE('',(#7089),#7067,.F.);
#7091=CARTESIAN_POINT('',(-3.548775078649E1,2.590341828899E0,1.836357034617E1));
#7092=DIRECTION('',(0.E0,1.E0,4.272868005234E-8));
#7093=DIRECTION('',(-1.E0,0.E0,4.272870039660E-8));
#7094=AXIS2_PLACEMENT_3D('',#7091,#7092,#7093);
#7095=PLANE('',#7094);
#7096=ORIENTED_EDGE('',*,*,#7068,.F.);
#7098=ORIENTED_EDGE('',*,*,#7097,.F.);
#7100=ORIENTED_EDGE('',*,*,#7099,.T.);
#7102=ORIENTED_EDGE('',*,*,#7101,.F.);
#7104=ORIENTED_EDGE('',*,*,#7103,.T.);
#7106=ORIENTED_EDGE('',*,*,#7105,.T.);
#7108=ORIENTED_EDGE('',*,*,#7107,.T.);
#7110=ORIENTED_EDGE('',*,*,#7109,.F.);
#7111=ORIENTED_EDGE('',*,*,#7085,.T.);
#7113=ORIENTED_EDGE('',*,*,#7112,.F.);
#7115=ORIENTED_EDGE('',*,*,#7114,.F.);
#7117=ORIENTED_EDGE('',*,*,#7116,.F.);
#7119=ORIENTED_EDGE('',*,*,#7118,.F.);
#7121=ORIENTED_EDGE('',*,*,#7120,.F.);
#7123=ORIENTED_EDGE('',*,*,#7122,.F.);
#7125=ORIENTED_EDGE('',*,*,#7124,.F.);
#7127=ORIENTED_EDGE('',*,*,#7126,.F.);
#7129=ORIENTED_EDGE('',*,*,#7128,.F.);
#7131=ORIENTED_EDGE('',*,*,#7130,.T.);
#7133=ORIENTED_EDGE('',*,*,#7132,.T.);
#7135=ORIENTED_EDGE('',*,*,#7134,.F.);
#7137=ORIENTED_EDGE('',*,*,#7136,.T.);
#7139=ORIENTED_EDGE('',*,*,#7138,.F.);
#7141=ORIENTED_EDGE('',*,*,#7140,.T.);
#7143=ORIENTED_EDGE('',*,*,#7142,.T.);
#7145=ORIENTED_EDGE('',*,*,#7144,.F.);
#7147=ORIENTED_EDGE('',*,*,#7146,.F.);
#7149=ORIENTED_EDGE('',*,*,#7148,.T.);
#7151=ORIENTED_EDGE('',*,*,#7150,.F.);
#7153=ORIENTED_EDGE('',*,*,#7152,.T.);
#7155=ORIENTED_EDGE('',*,*,#7154,.T.);
#7157=ORIENTED_EDGE('',*,*,#7156,.F.);
#7159=ORIENTED_EDGE('',*,*,#7158,.T.);
#7161=ORIENTED_EDGE('',*,*,#7160,.F.);
#7163=ORIENTED_EDGE('',*,*,#7162,.F.);
#7165=ORIENTED_EDGE('',*,*,#7164,.T.);
#7167=ORIENTED_EDGE('',*,*,#7166,.F.);
#7169=ORIENTED_EDGE('',*,*,#7168,.T.);
#7171=ORIENTED_EDGE('',*,*,#7170,.T.);
#7173=ORIENTED_EDGE('',*,*,#7172,.F.);
#7175=ORIENTED_EDGE('',*,*,#7174,.F.);
#7177=ORIENTED_EDGE('',*,*,#7176,.T.);
#7179=ORIENTED_EDGE('',*,*,#7178,.F.);
#7181=ORIENTED_EDGE('',*,*,#7180,.T.);
#7183=ORIENTED_EDGE('',*,*,#7182,.F.);
#7184=EDGE_LOOP('',(#7096,#7098,#7100,#7102,#7104,#7106,#7108,#7110,#7111,#7113,
#7115,#7117,#7119,#7121,#7123,#7125,#7127,#7129,#7131,#7133,#7135,#7137,#7139,
#7141,#7143,#7145,#7147,#7149,#7151,#7153,#7155,#7157,#7159,#7161,#7163,#7165,
#7167,#7169,#7171,#7173,#7175,#7177,#7179,#7181,#7183));
#7185=FACE_OUTER_BOUND('',#7184,.F.);
#7186=ADVANCED_FACE('',(#7185),#7095,.F.);
#7187=CARTESIAN_POINT('',(-2.623246595784E1,4.116821636125E0,3.965047428683E1));
#7188=DIRECTION('',(1.218693434051E-1,0.E0,9.925461516413E-1));
#7189=DIRECTION('',(9.925461516413E-1,0.E0,-1.218693434051E-1));
#7190=AXIS2_PLACEMENT_3D('',#7187,#7188,#7189);
#7191=PLANE('',#7190);
#7192=ORIENTED_EDGE('',*,*,#6840,.T.);
#7193=ORIENTED_EDGE('',*,*,#6811,.T.);
#7195=ORIENTED_EDGE('',*,*,#7194,.T.);
#7196=ORIENTED_EDGE('',*,*,#7097,.T.);
#7197=EDGE_LOOP('',(#7192,#7193,#7195,#7196));
#7198=FACE_OUTER_BOUND('',#7197,.F.);
#7199=ADVANCED_FACE('',(#7198),#7191,.T.);
#7200=CARTESIAN_POINT('',(-1.840999993446E1,2.540341828899E0,4.087637907166E1));
#7201=DIRECTION('',(0.E0,0.E0,1.E0));
#7202=DIRECTION('',(9.444377083162E-1,3.286904548515E-1,0.E0));
#7203=AXIS2_PLACEMENT_3D('',#7200,#7201,#7202);
#7204=CYLINDRICAL_SURFACE('',#7203,9.E0);
#7205=ORIENTED_EDGE('',*,*,#7099,.F.);
#7206=ORIENTED_EDGE('',*,*,#7194,.F.);
#7207=ORIENTED_EDGE('',*,*,#6809,.F.);
#7209=ORIENTED_EDGE('',*,*,#7208,.T.);
#7210=EDGE_LOOP('',(#7205,#7206,#7207,#7209));
#7211=FACE_OUTER_BOUND('',#7210,.F.);
#7212=ADVANCED_FACE('',(#7211),#7204,.F.);
#7213=CARTESIAN_POINT('',(-2.815833264156E1,4.426693502517E0,4.136356998094E1));
#7214=DIRECTION('',(0.E0,0.E0,1.E0));
#7215=DIRECTION('',(1.E0,0.E0,0.E0));
#7216=AXIS2_PLACEMENT_3D('',#7213,#7214,#7215);
#7217=PLANE('',#7216);
#7218=ORIENTED_EDGE('',*,*,#7101,.T.);
#7219=ORIENTED_EDGE('',*,*,#7208,.F.);
#7220=ORIENTED_EDGE('',*,*,#6807,.F.);
#7222=ORIENTED_EDGE('',*,*,#7221,.F.);
#7223=EDGE_LOOP('',(#7218,#7219,#7220,#7222));
#7224=FACE_OUTER_BOUND('',#7223,.F.);
#7225=ADVANCED_FACE('',(#7224),#7217,.T.);
#7226=CARTESIAN_POINT('',(-2.835999993446E1,2.265561144022E0,3.936356998094E1));
#7227=DIRECTION('',(-1.E0,0.E0,0.E0));
#7228=DIRECTION('',(0.E0,0.E0,1.E0));
#7229=AXIS2_PLACEMENT_3D('',#7226,#7227,#7228);
#7230=PLANE('',#7229);
#7231=ORIENTED_EDGE('',*,*,#7103,.F.);
#7232=ORIENTED_EDGE('',*,*,#7221,.T.);
#7233=ORIENTED_EDGE('',*,*,#6805,.F.);
#7235=ORIENTED_EDGE('',*,*,#7234,.F.);
#7236=EDGE_LOOP('',(#7231,#7232,#7233,#7235));
#7237=FACE_OUTER_BOUND('',#7236,.F.);
#7238=ADVANCED_FACE('',(#7237),#7230,.T.);
#7239=CARTESIAN_POINT('',(-2.815833749104E1,4.426696603744E0,3.736356998094E1));
#7240=DIRECTION('',(0.E0,0.E0,1.E0));
#7241=DIRECTION('',(0.E0,1.E0,0.E0));
#7242=AXIS2_PLACEMENT_3D('',#7239,#7240,#7241);
#7243=PLANE('',#7242);
#7245=ORIENTED_EDGE('',*,*,#7244,.T.);
#7246=ORIENTED_EDGE('',*,*,#7105,.F.);
#7247=ORIENTED_EDGE('',*,*,#7234,.T.);
#7248=ORIENTED_EDGE('',*,*,#6803,.T.);
#7249=EDGE_LOOP('',(#7245,#7246,#7247,#7248));
#7250=FACE_OUTER_BOUND('',#7249,.F.);
#7251=ADVANCED_FACE('',(#7250),#7243,.F.);
#7252=CARTESIAN_POINT('',(-1.840999993446E1,2.540341828899E0,3.719223818247E1));
#7253=DIRECTION('',(0.E0,0.E0,1.E0));
#7254=DIRECTION('',(9.444377083162E-1,3.286904548515E-1,0.E0));
#7255=AXIS2_PLACEMENT_3D('',#7252,#7253,#7254);
#7256=CYLINDRICAL_SURFACE('',#7255,9.E0);
#7257=ORIENTED_EDGE('',*,*,#7107,.F.);
#7258=ORIENTED_EDGE('',*,*,#7244,.F.);
#7259=ORIENTED_EDGE('',*,*,#6801,.F.);
#7261=ORIENTED_EDGE('',*,*,#7260,.F.);
#7262=EDGE_LOOP('',(#7257,#7258,#7259,#7261));
#7263=FACE_OUTER_BOUND('',#7262,.F.);
#7264=ADVANCED_FACE('',(#7263),#7256,.F.);
#7265=CARTESIAN_POINT('',(-2.623246595784E1,4.116821636125E0,3.907666567505E1));
#7266=DIRECTION('',(-1.218693434051E-1,0.E0,9.925461516413E-1));
#7267=DIRECTION('',(-9.925461516413E-1,0.E0,-1.218693434051E-1));
#7268=AXIS2_PLACEMENT_3D('',#7265,#7266,#7267);
#7269=PLANE('',#7268);
#7270=ORIENTED_EDGE('',*,*,#6844,.F.);
#7271=ORIENTED_EDGE('',*,*,#7109,.T.);
#7272=ORIENTED_EDGE('',*,*,#7260,.T.);
#7273=ORIENTED_EDGE('',*,*,#6799,.T.);
#7274=EDGE_LOOP('',(#7270,#7271,#7272,#7273));
#7275=FACE_OUTER_BOUND('',#7274,.F.);
#7276=ADVANCED_FACE('',(#7275),#7269,.F.);
#7277=CARTESIAN_POINT('',(-3.208562087508E1,2.381937899682E0,2.516562415612E1));
#7278=CARTESIAN_POINT('',(-3.044526964975E1,2.423069696933E0,2.855512839068E1));
#7279=CARTESIAN_POINT('',(-2.880491842442E1,2.464201494184E0,3.194463262523E1));
#7280=CARTESIAN_POINT('',(-2.716456719909E1,2.505333291436E0,3.533413685979E1));
#7281=CARTESIAN_POINT('',(-3.208566921254E1,2.451405884584E0,2.516564024013E1));
#7282=CARTESIAN_POINT('',(-3.044539770061E1,2.478826830012E0,2.855513862208E1));
#7283=CARTESIAN_POINT('',(-2.880512618868E1,2.506247775439E0,3.194463700404E1));
#7284=CARTESIAN_POINT('',(-2.716485467675E1,2.533668720867E0,3.533413538599E1));
#7285=CARTESIAN_POINT('',(-3.208821816575E1,5.994247730631E0,2.516646056640E1));
#7286=CARTESIAN_POINT('',(-3.044952058907E1,5.322450175963E0,2.855565905410E1));
#7287=CARTESIAN_POINT('',(-2.881082301240E1,4.650652621295E0,3.194485754181E1));
#7288=CARTESIAN_POINT('',(-2.717212543572E1,3.978855066627E0,3.533405602951E1));
#7289=CARTESIAN_POINT('',(-3.209530683245E1,9.606576101249E0,2.516729952124E1));
#7290=CARTESIAN_POINT('',(-3.032466769221E1,8.221283615852E0,2.855611657112E1));
#7291=CARTESIAN_POINT('',(-2.855402855197E1,6.835991130454E0,3.194493362100E1));
#7292=CARTESIAN_POINT('',(-2.678338941173E1,5.450698645057E0,3.533375067087E1));
#7293=CARTESIAN_POINT('',(-3.210612627037E1,1.315154227564E1,2.516812442882E1));
#7294=CARTESIAN_POINT('',(-3.009105692088E1,1.100382939208E1,2.855650531103E1));
#7295=CARTESIAN_POINT('',(-2.807598757139E1,8.856116508519E0,3.194488619325E1));
#7296=CARTESIAN_POINT('',(-2.606091822191E1,6.708403624957E0,3.533326707547E1));
#7297=CARTESIAN_POINT('',(-3.210633984562E1,1.322105223472E1,2.516814060425E1));
#7298=CARTESIAN_POINT('',(-3.008643522956E1,1.105836586505E1,2.855651291126E1));
#7299=CARTESIAN_POINT('',(-2.806653061349E1,8.895679495376E0,3.194488521827E1));
#7300=CARTESIAN_POINT('',(-2.604662599743E1,6.732993125701E0,3.533325752529E1));
#7301=B_SPLINE_SURFACE_WITH_KNOTS('',3,3,((#7277,#7278,#7279,#7280),(#7281,
#7282,#7283,#7284),(#7285,#7286,#7287,#7288),(#7289,#7290,#7291,#7292),(#7293,
#7294,#7295,#7296),(#7297,#7298,#7299,#7300)),.UNSPECIFIED.,.F.,.F.,.F.,(4,1,1,
4),(4,4),(-2.000014033011E-2,0.E0,1.E0,1.020000002752E0),(-1.146335717041E-2,
1.011463359170E0),.UNSPECIFIED.);
#7302=ORIENTED_EDGE('',*,*,#7083,.F.);
#7304=ORIENTED_EDGE('',*,*,#7303,.T.);
#7306=ORIENTED_EDGE('',*,*,#7305,.F.);
#7307=ORIENTED_EDGE('',*,*,#7112,.T.);
#7308=EDGE_LOOP('',(#7302,#7304,#7306,#7307));
#7309=FACE_OUTER_BOUND('',#7308,.F.);
#7310=ADVANCED_FACE('',(#7309),#7301,.T.);
#7311=CARTESIAN_POINT('',(-3.204630448250E1,1.290988237391E1,2.526704809300E1));
#7312=CARTESIAN_POINT('',(-3.202726104641E1,1.288952364590E1,2.529944555980E1));
#7313=CARTESIAN_POINT('',(-3.176832234089E1,1.261269476765E1,2.573996767252E1));
#7314=CARTESIAN_POINT('',(-3.127167629600E1,1.208173759268E1,2.658489121508E1));
#7315=CARTESIAN_POINT('',(-3.031364212642E1,1.105754233335E1,2.821473722413E1));
#7316=CARTESIAN_POINT('',(-2.911693869389E1,9.778217249020E0,3.025060262502E1));
#7317=CARTESIAN_POINT('',(-2.768029562610E1,8.242388217353E0,3.269465790449E1));
#7318=CARTESIAN_POINT('',(-2.670427458318E1,7.198961223447E0,3.435510273708E1));
#7319=CARTESIAN_POINT('',(-2.620588583790E1,6.666146104478E0,3.520298346473E1));
#7320=CARTESIAN_POINT('',(-2.618665598224E1,6.645588102886E0,3.523569799650E1));
#7321=CARTESIAN_POINT('',(-3.205391032837E1,1.315490070337E1,2.526708115210E1));
#7322=CARTESIAN_POINT('',(-3.203408054771E1,1.313522682809E1,2.529945524499E1));
#7323=CARTESIAN_POINT('',(-3.176428510863E1,1.286756902915E1,2.573990990905E1));
#7324=CARTESIAN_POINT('',(-3.124680947679E1,1.235413272721E1,2.658475279113E1));
#7325=CARTESIAN_POINT('',(-3.024897423850E1,1.136385961889E1,2.821399460486E1));
#7326=CARTESIAN_POINT('',(-2.900248706030E1,1.012655651740E1,3.024940614663E1));
#7327=CARTESIAN_POINT('',(-2.750544626768E1,8.640494048738E0,3.269400797854E1));
#7328=CARTESIAN_POINT('',(-2.648811984305E1,7.630837409282E0,3.435515077161E1));
#7329=CARTESIAN_POINT('',(-2.596885539321E1,7.115589994751E0,3.520298011614E1));
#7330=CARTESIAN_POINT('',(-2.594882426567E1,7.095713317323E0,3.523568633444E1));
#7331=CARTESIAN_POINT('',(-3.197685434740E1,1.367704732760E1,2.526720025704E1));
#7332=CARTESIAN_POINT('',(-3.195562800473E1,1.365839358825E1,2.529949169023E1));
#7333=CARTESIAN_POINT('',(-3.166627404119E1,1.340414830439E1,2.573962662727E1));
#7334=CARTESIAN_POINT('',(-3.110841904777E1,1.291504688373E1,2.658752889353E1));
#7335=CARTESIAN_POINT('',(-3.002931759742E1,1.197209525720E1,2.822575477684E1));
#7336=CARTESIAN_POINT('',(-2.868131929325E1,1.079877782117E1,3.026906768395E1));
#7337=CARTESIAN_POINT('',(-2.707342539611E1,9.401359944282E0,3.270418144062E1));
#7338=CARTESIAN_POINT('',(-2.598414785410E1,8.451635196269E0,3.435518585022E1));
#7339=CARTESIAN_POINT('',(-2.542566030504E1,7.962540920277E0,3.520296899572E1));
#7340=CARTESIAN_POINT('',(-2.540413730772E1,7.943692771524E0,3.523564145938E1));
#7341=CARTESIAN_POINT('',(-3.151533305665E1,1.439830506509E1,2.526737742460E1));
#7342=CARTESIAN_POINT('',(-3.149230294519E1,1.438107948734E1,2.529954518604E1));
#7343=CARTESIAN_POINT('',(-3.117745960432E1,1.414565247129E1,2.573923994597E1));
#7344=CARTESIAN_POINT('',(-3.056822107717E1,1.369017535155E1,2.659014673856E1));
#7345=CARTESIAN_POINT('',(-2.938974181943E1,1.280914784303E1,2.823651857657E1));
#7346=CARTESIAN_POINT('',(-2.792239050563E1,1.171226799225E1,3.028682924366E1));
#7347=CARTESIAN_POINT('',(-2.618583435902E1,1.041410541779E1,3.271310718260E1));
#7348=CARTESIAN_POINT('',(-2.500994708703E1,9.534958462681E0,3.435529803236E1));
#7349=CARTESIAN_POINT('',(-2.440276617609E1,9.080921563064E0,3.520295266684E1));
#7350=CARTESIAN_POINT('',(-2.437939754973E1,9.063445361128E0,3.523557856296E1));
#7351=CARTESIAN_POINT('',(-3.079466290204E1,1.486053484077E1,2.526749532851E1));
#7352=CARTESIAN_POINT('',(-3.077008451789E1,1.484493666421E1,2.529957883340E1));
#7353=CARTESIAN_POINT('',(-3.043335790115E1,1.463129167757E1,2.573907727259E1));
#7354=CARTESIAN_POINT('',(-2.978379797987E1,1.421839729961E1,2.658776508442E1));
#7355=CARTESIAN_POINT('',(-2.853239555038E1,1.342035199291E1,2.822561379278E1));
#7356=CARTESIAN_POINT('',(-2.697395093672E1,1.242279520755E1,3.026915893466E1));
#7357=CARTESIAN_POINT('',(-2.511813968448E1,1.123300593694E1,3.270400621098E1));
#7358=CARTESIAN_POINT('',(-2.385704670348E1,1.042685408112E1,3.435554522582E1));
#7359=CARTESIAN_POINT('',(-2.320853740282E1,1.001398189868E1,3.520294012412E1));
#7360=CARTESIAN_POINT('',(-2.318359236025E1,9.998097915325E0,3.523553820351E1));
#7361=CARTESIAN_POINT('',(-3.027276497788E1,1.493813296421E1,2.526757660226E1));
#7362=CARTESIAN_POINT('',(-3.024714442786E1,1.492378959948E1,2.529960156588E1));
#7363=CARTESIAN_POINT('',(-2.989560760279E1,1.472701661364E1,2.573898749249E1));
#7364=CARTESIAN_POINT('',(-2.921855840905E1,1.434811995300E1,2.658514951479E1));
#7365=CARTESIAN_POINT('',(-2.791532613917E1,1.361891894175E1,2.821375812665E1));
#7366=CARTESIAN_POINT('',(-2.628607996519E1,1.270750445199E1,3.024956169117E1));
#7367=CARTESIAN_POINT('',(-2.433002323504E1,1.161330025558E1,3.269370839592E1));
#7368=CARTESIAN_POINT('',(-2.300001074574E1,1.086917070511E1,3.435576693540E1));
#7369=CARTESIAN_POINT('',(-2.232217395132E1,1.048984402594E1,3.520293061393E1));
#7370=CARTESIAN_POINT('',(-2.229610743496E1,1.047525605353E1,3.523550929521E1));
#7371=CARTESIAN_POINT('',(-3.002783578382E1,1.493083656485E1,2.526765701568E1));
#7372=CARTESIAN_POINT('',(-3.000153992426E1,1.491719604284E1,2.529962539229E1));
#7373=CARTESIAN_POINT('',(-2.964027139515E1,1.472978503544E1,2.573883400249E1));
#7374=CARTESIAN_POINT('',(-2.894396123603E1,1.436855497385E1,2.658537850415E1));
#7375=CARTESIAN_POINT('',(-2.760400810012E1,1.367341159387E1,2.821444529771E1));
#7376=CARTESIAN_POINT('',(-2.592907235764E1,1.280446658892E1,3.025079157055E1));
#7377=CARTESIAN_POINT('',(-2.391924481818E1,1.176178412432E1,3.269428884059E1));
#7378=CARTESIAN_POINT('',(-2.255255713923E1,1.105276700387E1,3.435585946614E1));
#7379=CARTESIAN_POINT('',(-2.185581642033E1,1.069131651102E1,3.520292267052E1));
#7380=CARTESIAN_POINT('',(-2.182903617798E1,1.067742388495E1,3.523548057324E1));
#7381=B_SPLINE_SURFACE_WITH_KNOTS('',3,3,((#7311,#7312,#7313,#7314,#7315,#7316,
#7317,#7318,#7319,#7320),(#7321,#7322,#7323,#7324,#7325,#7326,#7327,#7328,#7329,
#7330),(#7331,#7332,#7333,#7334,#7335,#7336,#7337,#7338,#7339,#7340),(#7341,
#7342,#7343,#7344,#7345,#7346,#7347,#7348,#7349,#7350),(#7351,#7352,#7353,#7354,
#7355,#7356,#7357,#7358,#7359,#7360),(#7361,#7362,#7363,#7364,#7365,#7366,#7367,
#7368,#7369,#7370),(#7371,#7372,#7373,#7374,#7375,#7376,#7377,#7378,#7379,
#7380)),.UNSPECIFIED.,.F.,.F.,.F.,(4,1,1,1,4),(4,1,1,1,1,1,1,4),(
6.623381827910E1,6.698224288741E1,6.768934966860E1,6.839645644978E1,
6.914482435921E1),(8.823908969661E-1,1.E0,2.497847255780E0,3.995694511560E0,
6.991389023120E0,9.987083534680E0,1.298277804624E1,1.310253408293E1),
.UNSPECIFIED.);
#7382=ORIENTED_EDGE('',*,*,#7081,.F.);
#7384=ORIENTED_EDGE('',*,*,#7383,.T.);
#7386=ORIENTED_EDGE('',*,*,#7385,.F.);
#7387=ORIENTED_EDGE('',*,*,#7303,.F.);
#7388=EDGE_LOOP('',(#7382,#7384,#7386,#7387));
#7389=FACE_OUTER_BOUND('',#7388,.F.);
#7390=ADVANCED_FACE('',(#7389),#7381,.T.);
#7391=CARTESIAN_POINT('',(-3.029474531588E1,1.492823246768E1,2.527612414453E1));
#7392=CARTESIAN_POINT('',(-3.027037633935E1,1.491561673246E1,2.530523415053E1));
#7393=CARTESIAN_POINT('',(-3.016091047438E1,1.485890729115E1,2.543613417155E1));
#7394=CARTESIAN_POINT('',(-2.996626133108E1,1.475802548760E1,2.566904585907E1));
#7395=CARTESIAN_POINT('',(-2.962585051932E1,1.458162930137E1,2.607626609615E1));
#7396=CARTESIAN_POINT('',(-2.903009591295E1,1.427290322316E1,2.678899376882E1));
#7397=CARTESIAN_POINT('',(-2.817903763549E1,1.383188329735E1,2.780712719873E1));
#7398=CARTESIAN_POINT('',(-2.715775951289E1,1.330265144964E1,2.902890945960E1));
#7399=CARTESIAN_POINT('',(-2.579606004166E1,1.259701321262E1,3.065794028899E1));
#7400=CARTESIAN_POINT('',(-2.443434527714E1,1.189136182390E1,3.228700784223E1));
#7401=CARTESIAN_POINT('',(-2.307266502140E1,1.118574385322E1,3.391598124068E1));
#7402=CARTESIAN_POINT('',(-2.236463060725E1,1.081881703320E1,3.476309132326E1));
#7403=CARTESIAN_POINT('',(-2.199712088006E1,1.062838976445E1,3.520269018127E1));
#7404=CARTESIAN_POINT('',(-2.197000796604E1,1.061434517553E1,3.523510705219E1));
#7405=CARTESIAN_POINT('',(-2.827505473921E1,1.492633940497E1,2.527504451837E1));
#7406=CARTESIAN_POINT('',(-2.825469987781E1,1.491422357948E1,2.530488100627E1));
#7407=CARTESIAN_POINT('',(-2.816419728779E1,1.486058411377E1,2.543673058111E1));
#7408=CARTESIAN_POINT('',(-2.800427701184E1,1.476605455071E1,2.566882355239E1));
#7409=CARTESIAN_POINT('',(-2.772388046469E1,1.460013155576E1,2.607639702164E1));
#7410=CARTESIAN_POINT('',(-2.723348518244E1,1.431002958239E1,2.678891584617E1));
#7411=CARTESIAN_POINT('',(-2.653274735645E1,1.389545791788E1,2.780719384957E1));
#7412=CARTESIAN_POINT('',(-2.569192838258E1,1.339803725124E1,2.902894854124E1));
#7413=CARTESIAN_POINT('',(-2.457080013764E1,1.273477923610E1,3.065804424853E1));
#7414=CARTESIAN_POINT('',(-2.344981494621E1,1.207163374572E1,3.228683090076E1));
#7415=CARTESIAN_POINT('',(-2.232855768138E1,1.140822077972E1,3.391636434693E1));
#7416=CARTESIAN_POINT('',(-2.174617476452E1,1.106378965811E1,3.476221904981E1));
#7417=CARTESIAN_POINT('',(-2.144321974136E1,1.088444561202E1,3.520283059452E1));
#7418=CARTESIAN_POINT('',(-2.142077169297E1,1.087113229790E1,3.523556464943E1));
#7419=CARTESIAN_POINT('',(-2.431343538963E1,1.492336899747E1,2.527336816241E1));
#7420=CARTESIAN_POINT('',(-2.430114805078E1,1.491205281238E1,2.530433263513E1));
#7421=CARTESIAN_POINT('',(-2.424731209827E1,1.486320241460E1,2.543765786523E1));
#7422=CARTESIAN_POINT('',(-2.415308140655E1,1.477849234764E1,2.566846300635E1));
#7423=CARTESIAN_POINT('',(-2.398731204415E1,1.462883538318E1,2.607650130046E1));
#7424=CARTESIAN_POINT('',(-2.369784428296E1,1.436766024741E1,2.678844363912E1));
#7425=CARTESIAN_POINT('',(-2.328439166981E1,1.399421927714E1,2.780642771424E1));
#7426=CARTESIAN_POINT('',(-2.278850465817E1,1.354618774647E1,2.902762691218E1));
#7427=CARTESIAN_POINT('',(-2.212708192371E1,1.294854046919E1,3.065655530091E1));
#7428=CARTESIAN_POINT('',(-2.146513671448E1,1.235083862682E1,3.228547284633E1));
#7429=CARTESIAN_POINT('',(-2.080170253943E1,1.175233952465E1,3.391671282437E1));
#7430=CARTESIAN_POINT('',(-2.045734476049E1,1.144254300243E1,3.476087285978E1));
#7431=CARTESIAN_POINT('',(-2.027756908163E1,1.128037330449E1,3.520304809625E1));
#7432=CARTESIAN_POINT('',(-2.026416360245E1,1.126820156450E1,3.523627371063E1));
#7433=CARTESIAN_POINT('',(-1.840996683369E1,1.492183206610E1,2.527251046698E1));
#7434=CARTESIAN_POINT('',(-1.840997817044E1,1.491093538193E1,2.530405205181E1));
#7435=CARTESIAN_POINT('',(-1.841002713857E1,1.486455233446E1,2.543813273643E1));
#7436=CARTESIAN_POINT('',(-1.841011207809E1,1.478486699234E1,2.566827311618E1));
#7437=CARTESIAN_POINT('',(-1.841026209667E1,1.464356289795E1,2.607651973105E1));
#7438=CARTESIAN_POINT('',(-1.841052387191E1,1.439724524669E1,2.678807813459E1));
#7439=CARTESIAN_POINT('',(-1.841089809080E1,1.404496689391E1,2.780572870445E1));
#7440=CARTESIAN_POINT('',(-1.841134705367E1,1.362236551133E1,2.902646185004E1));
#7441=CARTESIAN_POINT('',(-1.841194602783E1,1.305850471580E1,3.065520857506E1));
#7442=CARTESIAN_POINT('',(-1.841254527259E1,1.249447376597E1,3.228439202041E1));
#7443=CARTESIAN_POINT('',(-1.841314539843E1,1.192935757907E1,3.391680485479E1));
#7444=CARTESIAN_POINT('',(-1.841345601742E1,1.163735287154E1,3.476018364792E1));
#7445=CARTESIAN_POINT('',(-1.841361856127E1,1.148403075340E1,3.520315973584E1));
#7446=CARTESIAN_POINT('',(-1.841363075799E1,1.147245039470E1,3.523663774283E1));
#7447=CARTESIAN_POINT('',(-1.250650064672E1,1.492335415576E1,2.527337067507E1));
#7448=CARTESIAN_POINT('',(-1.251880936689E1,1.491204332794E1,2.530433345702E1));
#7449=CARTESIAN_POINT('',(-1.257274002588E1,1.486321438856E1,2.543765647707E1));
#7450=CARTESIAN_POINT('',(-1.266713765704E1,1.477853965300E1,2.566846352512E1));
#7451=CARTESIAN_POINT('',(-1.283319996524E1,1.462894648809E1,2.607650100472E1));
#7452=CARTESIAN_POINT('',(-1.312317985715E1,1.436788208122E1,2.678844385230E1));
#7453=CARTESIAN_POINT('',(-1.353736420342E1,1.399459983293E1,2.780642763793E1));
#7454=CARTESIAN_POINT('',(-1.403412923425E1,1.354675867502E1,2.902762694654E1));
#7455=CARTESIAN_POINT('',(-1.469672296579E1,1.294936554645E1,3.065655520841E1));
#7456=CARTESIAN_POINT('',(-1.535983951256E1,1.235191776563E1,3.228547335714E1));
#7457=CARTESIAN_POINT('',(-1.602444566433E1,1.175367369763E1,3.391671195368E1));
#7458=CARTESIAN_POINT('',(-1.636941183456E1,1.144400795571E1,3.476087489238E1));
#7459=CARTESIAN_POINT('',(-1.654950417384E1,1.128190796722E1,3.520304776898E1));
#7460=CARTESIAN_POINT('',(-1.656293315419E1,1.126974164377E1,3.523627264406E1));
#7461=CARTESIAN_POINT('',(-8.544886075186E0,1.492631565059E1,2.527504791499E1));
#7462=CARTESIAN_POINT('',(-8.565259876572E0,1.491420826710E1,2.530488211730E1));
#7463=CARTESIAN_POINT('',(-8.655850967606E0,1.486060338620E1,2.543672870460E1));
#7464=CARTESIAN_POINT('',(-8.815932323659E0,1.476613170417E1,2.566882425367E1));
#7465=CARTESIAN_POINT('',(-9.096607939185E0,1.460031250522E1,2.607639662187E1));
#7466=CARTESIAN_POINT('',(-9.587492853098E0,1.431039098685E1,2.678891613438E1));
#7467=CARTESIAN_POINT('',(-1.028892949614E1,1.389607773733E1,2.780719374650E1));
#7468=CARTESIAN_POINT('',(-1.113058734674E1,1.339896688239E1,2.902894858776E1));
#7469=CARTESIAN_POINT('',(-1.225283390567E1,1.273612211041E1,3.065804412380E1));
#7470=CARTESIAN_POINT('',(-1.337493786478E1,1.207338940501E1,3.228683159022E1));
#7471=CARTESIAN_POINT('',(-1.449731260014E1,1.141039043990E1,3.391636317190E1));
#7472=CARTESIAN_POINT('',(-1.508027887091E1,1.106617234923E1,3.476222179294E1));
#7473=CARTESIAN_POINT('',(-1.538353423752E1,1.088694127205E1,3.520283015284E1));
#7474=CARTESIAN_POINT('',(-1.540600408506E1,1.087363664181E1,3.523556321002E1));
#7475=CARTESIAN_POINT('',(-6.525198361741E0,1.492820472470E1,2.527612756651E1));
#7476=CARTESIAN_POINT('',(-6.549584783094E0,1.491559873350E1,2.530523526986E1));
#7477=CARTESIAN_POINT('',(-6.659135250087E0,1.485892989377E1,2.543613228102E1));
#7478=CARTESIAN_POINT('',(-6.853941593548E0,1.475811685215E1,2.566904656559E1));
#7479=CARTESIAN_POINT('',(-7.194622515732E0,1.458184336158E1,2.607626569339E1));
#7480=CARTESIAN_POINT('',(-7.790852085187E0,1.427333087550E1,2.678899405913E1));
#7481=CARTESIAN_POINT('',(-8.642587688101E0,1.383261667279E1,2.780712709476E1));
#7482=CARTESIAN_POINT('',(-9.664679138871E0,1.330375142666E1,2.902890950626E1));
#7483=CARTESIAN_POINT('',(-1.102746272648E1,1.259860215169E1,3.065794016308E1));
#7484=CARTESIAN_POINT('',(-1.239026246429E1,1.189343930151E1,3.228700853671E1));
#7485=CARTESIAN_POINT('',(-1.375302536820E1,1.118831102223E1,3.391598005678E1));
#7486=CARTESIAN_POINT('',(-1.446162691700E1,1.082163669943E1,3.476309408701E1));
#7487=CARTESIAN_POINT('',(-1.482942654528E1,1.063134276258E1,3.520268973628E1));
#7488=CARTESIAN_POINT('',(-1.485656019281E1,1.061730834224E1,3.523510560197E1));
#7489=B_SPLINE_SURFACE_WITH_KNOTS('',3,3,((#7391,#7392,#7393,#7394,#7395,#7396,
#7397,#7398,#7399,#7400,#7401,#7402,#7403,#7404),(#7405,#7406,#7407,#7408,#7409,
#7410,#7411,#7412,#7413,#7414,#7415,#7416,#7417,#7418),(#7419,#7420,#7421,#7422,
#7423,#7424,#7425,#7426,#7427,#7428,#7429,#7430,#7431,#7432),(#7433,#7434,#7435,
#7436,#7437,#7438,#7439,#7440,#7441,#7442,#7443,#7444,#7445,#7446),(#7447,#7448,
#7449,#7450,#7451,#7452,#7453,#7454,#7455,#7456,#7457,#7458,#7459,#7460),(#7461,
#7462,#7463,#7464,#7465,#7466,#7467,#7468,#7469,#7470,#7471,#7472,#7473,#7474),(
#7475,#7476,#7477,#7478,#7479,#7480,#7481,#7482,#7483,#7484,#7485,#7486,#7487,
#7488)),.UNSPECIFIED.,.F.,.F.,.F.,(4,1,1,1,4),(4,1,1,1,1,1,1,1,1,1,1,4),(
6.887197250722E1,7.489356323097E1,8.068356323097E1,8.647356323097E1,
9.249515480764E1),(8.926398166086E-1,1.E0,1.374461813945E0,1.748923627890E0,
2.497847255780E0,3.995694511560E0,5.493541767340E0,6.991389023120E0,
9.987083534680E0,1.148493079046E1,1.298277804624E1,1.310213291806E1),
.UNSPECIFIED.);
#7491=ORIENTED_EDGE('',*,*,#7490,.F.);
#7492=ORIENTED_EDGE('',*,*,#7383,.F.);
#7493=ORIENTED_EDGE('',*,*,#7079,.F.);
#7495=ORIENTED_EDGE('',*,*,#7494,.T.);
#7496=EDGE_LOOP('',(#7491,#7492,#7493,#7495));
#7497=FACE_OUTER_BOUND('',#7496,.F.);
#7498=ADVANCED_FACE('',(#7497),#7489,.T.);
#7499=CARTESIAN_POINT('',(-2.998999993446E1,1.489034182890E1,1.795556998094E1));
#7500=DIRECTION('',(0.E0,-1.E0,0.E0));
#7501=DIRECTION('',(-1.E0,0.E0,0.E0));
#7502=AXIS2_PLACEMENT_3D('',#7499,#7500,#7501);
#7503=PLANE('',#7502);
#7505=ORIENTED_EDGE('',*,*,#7504,.T.);
#7507=ORIENTED_EDGE('',*,*,#7506,.F.);
#7509=ORIENTED_EDGE('',*,*,#7508,.T.);
#7510=ORIENTED_EDGE('',*,*,#7490,.T.);
#7511=EDGE_LOOP('',(#7505,#7507,#7509,#7510));
#7512=FACE_OUTER_BOUND('',#7511,.F.);
#7513=ADVANCED_FACE('',(#7512),#7503,.T.);
#7514=CARTESIAN_POINT('',(-6.829999934456E0,1.289034182890E1,
-4.355626970209E-12));
#7515=DIRECTION('',(0.E0,0.E0,-1.E0));
#7516=DIRECTION('',(-1.E0,0.E0,0.E0));
#7517=AXIS2_PLACEMENT_3D('',#7514,#7515,#7516);
#7518=CYLINDRICAL_SURFACE('',#7517,2.E0);
#7520=ORIENTED_EDGE('',*,*,#7519,.T.);
#7521=ORIENTED_EDGE('',*,*,#7504,.F.);
#7523=ORIENTED_EDGE('',*,*,#7522,.T.);
#7525=ORIENTED_EDGE('',*,*,#7524,.F.);
#7526=EDGE_LOOP('',(#7520,#7521,#7523,#7525));
#7527=FACE_OUTER_BOUND('',#7526,.F.);
#7528=ADVANCED_FACE('',(#7527),#7518,.F.);
#7529=CARTESIAN_POINT('',(4.487345392718E1,1.921664973398E1,1.745556998094E1));
#7530=DIRECTION('',(0.E0,0.E0,-1.E0));
#7531=DIRECTION('',(-1.E0,0.E0,0.E0));
#7532=AXIS2_PLACEMENT_3D('',#7529,#7530,#7531);
#7533=PLANE('',#7532);
#7535=ORIENTED_EDGE('',*,*,#7534,.F.);
#7537=ORIENTED_EDGE('',*,*,#7536,.F.);
#7539=ORIENTED_EDGE('',*,*,#7538,.F.);
#7541=ORIENTED_EDGE('',*,*,#7540,.F.);
#7543=ORIENTED_EDGE('',*,*,#7542,.F.);
#7545=ORIENTED_EDGE('',*,*,#7544,.F.);
#7546=ORIENTED_EDGE('',*,*,#7506,.T.);
#7547=ORIENTED_EDGE('',*,*,#7519,.F.);
#7548=EDGE_LOOP('',(#7535,#7537,#7539,#7541,#7543,#7545,#7546,#7547));
#7549=FACE_OUTER_BOUND('',#7548,.F.);
#7550=ADVANCED_FACE('',(#7549),#7533,.F.);
#7551=CARTESIAN_POINT('',(-4.829999934456E0,7.740341828899E0,1.915692577508E1));
#7552=DIRECTION('',(1.E0,0.E0,0.E0));
#7553=DIRECTION('',(0.E0,0.E0,-1.E0));
#7554=AXIS2_PLACEMENT_3D('',#7551,#7552,#7553);
#7555=PLANE('',#7554);
#7556=ORIENTED_EDGE('',*,*,#7524,.T.);
#7558=ORIENTED_EDGE('',*,*,#7557,.T.);
#7559=ORIENTED_EDGE('',*,*,#7041,.T.);
#7561=ORIENTED_EDGE('',*,*,#7560,.T.);
#7563=ORIENTED_EDGE('',*,*,#7562,.T.);
#7564=ORIENTED_EDGE('',*,*,#7534,.T.);
#7565=EDGE_LOOP('',(#7556,#7558,#7559,#7561,#7563,#7564));
#7566=FACE_OUTER_BOUND('',#7565,.F.);
#7567=ADVANCED_FACE('',(#7566),#7555,.F.);
#7568=CARTESIAN_POINT('',(-4.714146853261E0,1.322195137294E1,2.516814087041E1));
#7569=CARTESIAN_POINT('',(-6.725552145108E0,1.104371477391E1,2.855651304608E1));
#7570=CARTESIAN_POINT('',(-8.736957436954E0,8.865478174876E0,3.194488522174E1));
#7571=CARTESIAN_POINT('',(-1.074836272880E1,6.687241575845E0,3.533325739741E1));
#7572=CARTESIAN_POINT('',(-4.714355512155E0,1.315243647444E1,2.516812459963E1));
#7573=CARTESIAN_POINT('',(-6.721031353650E0,1.098924710850E1,2.855650539434E1));
#7574=CARTESIAN_POINT('',(-8.727707195144E0,8.826057742562E0,3.194488618905E1));
#7575=CARTESIAN_POINT('',(-1.073438303664E1,6.662868376623E0,3.533326698377E1));
#7576=CARTESIAN_POINT('',(-4.724925630342E0,9.607217053691E0,2.516729482945E1));
#7577=CARTESIAN_POINT('',(-6.492525814405E0,8.210249354200E0,2.855611402436E1));
#7578=CARTESIAN_POINT('',(-8.260125998467E0,6.813281654708E0,3.194493321928E1));
#7579=CARTESIAN_POINT('',(-1.002772618253E1,5.416313955216E0,3.533375241419E1));
#7580=CARTESIAN_POINT('',(-4.731840285074E0,5.994559179649E0,2.516645092062E1));
#7581=CARTESIAN_POINT('',(-6.370573001252E0,5.317082339954E0,2.855565371153E1));
#7582=CARTESIAN_POINT('',(-8.009305717430E0,4.639605500259E0,3.194485650244E1));
#7583=CARTESIAN_POINT('',(-9.648038433609E0,3.962128660563E0,3.533405929335E1));
#7584=CARTESIAN_POINT('',(-4.734321013248E0,2.451393142375E0,2.516562573270E1));
#7585=CARTESIAN_POINT('',(-6.374595544266E0,2.479045896421E0,2.855513062188E1));
#7586=CARTESIAN_POINT('',(-8.014870075283E0,2.506698650467E0,3.194463551106E1));
#7587=CARTESIAN_POINT('',(-9.655144606300E0,2.534351404513E0,3.533414040024E1));
#7588=CARTESIAN_POINT('',(-4.734368050112E0,2.381918787003E0,2.516560955337E1));
#7589=CARTESIAN_POINT('',(-6.374720559706E0,2.423398278259E0,2.855512033838E1));
#7590=CARTESIAN_POINT('',(-8.015073069301E0,2.464877769514E0,3.194463112339E1));
#7591=CARTESIAN_POINT('',(-9.655425578896E0,2.506357260769E0,3.533414190840E1));
#7592=B_SPLINE_SURFACE_WITH_KNOTS('',3,3,((#7568,#7569,#7570,#7571),(#7572,
#7573,#7574,#7575),(#7576,#7577,#7578,#7579),(#7580,#7581,#7582,#7583),(#7584,
#7585,#7586,#7587),(#7588,#7589,#7590,#7591)),.UNSPECIFIED.,.F.,.F.,.F.,(4,1,1,
4),(4,4),(-2.000000283494E-2,0.E0,1.E0,1.020000144581E0),(-1.146335917041E-2,
1.011463357170E0),.UNSPECIFIED.);
#7593=ORIENTED_EDGE('',*,*,#7557,.F.);
#7595=ORIENTED_EDGE('',*,*,#7594,.F.);
#7596=ORIENTED_EDGE('',*,*,#7075,.F.);
#7597=ORIENTED_EDGE('',*,*,#7043,.T.);
#7598=EDGE_LOOP('',(#7593,#7595,#7596,#7597));
#7599=FACE_OUTER_BOUND('',#7598,.F.);
#7600=ADVANCED_FACE('',(#7599),#7592,.T.);
#7601=CARTESIAN_POINT('',(-6.792144388164E0,1.493081705710E1,2.526762518831E1));
#7602=CARTESIAN_POINT('',(-6.818472899641E0,1.491718257994E1,2.529960397380E1));
#7603=CARTESIAN_POINT('',(-7.180079834883E0,1.472991118624E1,2.573882223378E1));
#7604=CARTESIAN_POINT('',(-7.877036589383E0,1.436895264590E1,2.658537895891E1));
#7605=CARTESIAN_POINT('',(-9.218214392779E0,1.367434220074E1,2.821444519401E1));
#7606=CARTESIAN_POINT('',(-1.089468170043E1,1.280606264632E1,3.025079198061E1));
#7607=CARTESIAN_POINT('',(-1.290634611241E1,1.176417922505E1,3.269428865098E1));
#7608=CARTESIAN_POINT('',(-1.427428380659E1,1.105570487730E1,3.435586008414E1));
#7609=CARTESIAN_POINT('',(-1.497166097667E1,1.069453168941E1,3.520292255031E1));
#7610=CARTESIAN_POINT('',(-1.499846557673E1,1.068064978977E1,3.523548028393E1));
#7611=CARTESIAN_POINT('',(-6.547237309299E0,1.493814087086E1,2.526754163333E1));
#7612=CARTESIAN_POINT('',(-6.572876893436E0,1.492379735380E1,2.529957922782E1));
#7613=CARTESIAN_POINT('',(-6.924550498488E0,1.472709345502E1,2.573898147108E1));
#7614=CARTESIAN_POINT('',(-7.601842599863E0,1.434834322270E1,2.658514738708E1));
#7615=CARTESIAN_POINT('',(-8.905538858373E0,1.361942608602E1,2.821375899163E1));
#7616=CARTESIAN_POINT('',(-1.053536211608E1,1.270837054709E1,3.024956029711E1));
#7617=CARTESIAN_POINT('',(-1.249211632842E1,1.161459541993E1,3.269370962677E1));
#7618=CARTESIAN_POINT('',(-1.382259808653E1,1.087076044273E1,3.435576373388E1));
#7619=CARTESIAN_POINT('',(-1.450067791811E1,1.049158084851E1,3.520293080092E1));
#7620=CARTESIAN_POINT('',(-1.452675414065E1,1.047699828823E1,3.523551010466E1));
#7621=CARTESIAN_POINT('',(-6.025389743233E0,1.486059749141E1,2.526745592216E1));
#7622=CARTESIAN_POINT('',(-6.049961324502E0,1.484498278523E1,2.529955519534E1));
#7623=CARTESIAN_POINT('',(-6.386450827722E0,1.463120536589E1,2.573907944731E1));
#7624=CARTESIAN_POINT('',(-7.035504680574E0,1.421808407032E1,2.658775591748E1));
#7625=CARTESIAN_POINT('',(-8.285931395433E0,1.341958137840E1,2.822560117498E1));
#7626=CARTESIAN_POINT('',(-9.843127368549E0,1.242144253796E1,3.026913034181E1));
#7627=CARTESIAN_POINT('',(-1.169745314684E1,1.123092155189E1,3.270399669110E1));
#7628=CARTESIAN_POINT('',(-1.295752970865E1,1.042428072934E1,3.435553663457E1));
#7629=CARTESIAN_POINT('',(-1.360553074538E1,1.001115869220E1,3.520294075502E1));
#7630=CARTESIAN_POINT('',(-1.363045726941E1,9.995264360823E0,3.523554060712E1));
#7631=CARTESIAN_POINT('',(-5.304798895044E0,1.439846573676E1,2.526733712579E1));
#7632=CARTESIAN_POINT('',(-5.327786949723E0,1.438118481796E1,2.529952129809E1));
#7633=CARTESIAN_POINT('',(-5.641914667207E0,1.414510771834E1,2.573924367365E1));
#7634=CARTESIAN_POINT('',(-6.249716594848E0,1.368841198505E1,2.659013355986E1));
#7635=CARTESIAN_POINT('',(-7.425426705574E0,1.280501866100E1,2.823649170066E1));
#7636=CARTESIAN_POINT('',(-8.889318910965E0,1.170520107025E1,3.028677695465E1));
#7637=CARTESIAN_POINT('',(-1.062182331010E1,1.040353095577E1,3.271308651288E1));
#7638=CARTESIAN_POINT('',(-1.179496147574E1,9.522015240367E0,3.435528857229E1));
#7639=CARTESIAN_POINT('',(-1.240072714571E1,9.066752633602E0,3.520295337696E1));
#7640=CARTESIAN_POINT('',(-1.242404244528E1,9.049228379930E0,3.523558125555E1));
#7641=CARTESIAN_POINT('',(-4.843359600405E0,1.367736883518E1,2.526716561663E1));
#7642=CARTESIAN_POINT('',(-4.864518417113E0,1.365861241177E1,2.529946948926E1));
#7643=CARTESIAN_POINT('',(-5.152848344394E0,1.340305643258E1,2.573961955564E1));
#7644=CARTESIAN_POINT('',(-5.708711221929E0,1.291144902706E1,2.658752385045E1));
#7645=CARTESIAN_POINT('',(-6.783960331391E0,1.196368018514E1,2.822574042303E1));
#7646=CARTESIAN_POINT('',(-8.127159093661E0,1.078438522899E1,3.026904166849E1));
#7647=CARTESIAN_POINT('',(-9.729359587747E0,9.379862765533E0,3.270416950655E1));
#7648=CARTESIAN_POINT('',(-1.081477630592E1,8.425320363813E0,3.435518329315E1));
#7649=CARTESIAN_POINT('',(-1.137127885346E1,7.933743861199E0,3.520296914138E1));
#7650=CARTESIAN_POINT('',(-1.139272569708E1,7.914799836861E0,3.523564212688E1));
#7651=CARTESIAN_POINT('',(-4.766314734742E0,1.315534226504E1,2.526705465568E1));
#7652=CARTESIAN_POINT('',(-4.786069540902E0,1.313553345974E1,2.529943545882E1));
#7653=CARTESIAN_POINT('',(-5.054786086674E0,1.286609622328E1,2.573988748243E1));
#7654=CARTESIAN_POINT('',(-5.570210910408E0,1.234922521402E1,2.658475819022E1));
#7655=CARTESIAN_POINT('',(-6.564055698127E0,1.135236530737E1,2.821399332818E1));
#7656=CARTESIAN_POINT('',(-7.805565684930E0,1.010682270703E1,3.024941095008E1));
#7657=CARTESIAN_POINT('',(-9.296619942154E0,8.610872535185E0,3.269400567054E1));
#7658=CARTESIAN_POINT('',(-1.030988691487E1,7.594487681627E0,3.435515851219E1));
#7659=CARTESIAN_POINT('',(-1.082707171918E1,7.075815066695E0,3.520297942255E1));
#7660=CARTESIAN_POINT('',(-1.084702185725E1,7.055807098712E0,3.523568399291E1));
#7661=CARTESIAN_POINT('',(-4.773914236888E0,1.291038944126E1,2.526702705434E1));
#7662=CARTESIAN_POINT('',(-4.792881397908E0,1.288987939733E1,2.529942738827E1));
#7663=CARTESIAN_POINT('',(-5.050752164705E0,1.261102717584E1,2.573993505753E1));
#7664=CARTESIAN_POINT('',(-5.545391116093E0,1.207614547235E1,2.658490055581E1));
#7665=CARTESIAN_POINT('',(-6.499496937712E0,1.104444048802E1,2.821473137636E1));
#7666=CARTESIAN_POINT('',(-7.691310023149E0,9.755717318796E0,3.025060589833E1));
#7667=CARTESIAN_POINT('',(-9.122069547790E0,8.208619461530E0,3.269465060018E1));
#7668=CARTESIAN_POINT('',(-1.009411060165E1,7.157518366075E0,3.435511728859E1));
#7669=CARTESIAN_POINT('',(-1.059045109526E1,6.620801547358E0,3.520298222533E1));
#7670=CARTESIAN_POINT('',(-1.060960047724E1,6.600094540654E0,3.523569370372E1));
#7671=B_SPLINE_SURFACE_WITH_KNOTS('',3,3,((#7601,#7602,#7603,#7604,#7605,#7606,
#7607,#7608,#7609,#7610),(#7611,#7612,#7613,#7614,#7615,#7616,#7617,#7618,#7619,
#7620),(#7621,#7622,#7623,#7624,#7625,#7626,#7627,#7628,#7629,#7630),(#7631,
#7632,#7633,#7634,#7635,#7636,#7637,#7638,#7639,#7640),(#7641,#7642,#7643,#7644,
#7645,#7646,#7647,#7648,#7649,#7650),(#7651,#7652,#7653,#7654,#7655,#7656,#7657,
#7658,#7659,#7660),(#7661,#7662,#7663,#7664,#7665,#7666,#7667,#7668,#7669,
#7670)),.UNSPECIFIED.,.F.,.F.,.F.,(4,1,1,1,4),(4,1,1,1,1,1,1,4),(
9.222222262212E1,9.297067001216E1,9.367777679334E1,9.438488357453E1,
9.513325934512E1),(8.823512212951E-1,1.E0,2.497847255780E0,3.995694511560E0,
6.991389023120E0,9.987083534680E0,1.298277804624E1,1.310253395837E1),
.UNSPECIFIED.);
#7672=ORIENTED_EDGE('',*,*,#7522,.F.);
#7673=ORIENTED_EDGE('',*,*,#7494,.F.);
#7674=ORIENTED_EDGE('',*,*,#7077,.F.);
#7675=ORIENTED_EDGE('',*,*,#7594,.T.);
#7676=EDGE_LOOP('',(#7672,#7673,#7674,#7675));
#7677=FACE_OUTER_BOUND('',#7676,.F.);
#7678=ADVANCED_FACE('',(#7677),#7671,.T.);
#7679=CARTESIAN_POINT('',(6.2334395E1,1.921664973398E1,1.345556998094E1));
#7680=DIRECTION('',(0.E0,0.E0,-1.E0));
#7681=DIRECTION('',(-1.E0,0.E0,0.E0));
#7682=AXIS2_PLACEMENT_3D('',#7679,#7680,#7681);
#7683=PLANE('',#7682);
#7685=ORIENTED_EDGE('',*,*,#7684,.F.);
#7687=ORIENTED_EDGE('',*,*,#7686,.F.);
#7688=ORIENTED_EDGE('',*,*,#7560,.F.);
#7689=ORIENTED_EDGE('',*,*,#7039,.T.);
#7691=ORIENTED_EDGE('',*,*,#7690,.F.);
#7693=ORIENTED_EDGE('',*,*,#7692,.F.);
#7695=ORIENTED_EDGE('',*,*,#7694,.T.);
#7697=ORIENTED_EDGE('',*,*,#7696,.F.);
#7699=ORIENTED_EDGE('',*,*,#7698,.F.);
#7700=ORIENTED_EDGE('',*,*,#7116,.T.);
#7702=ORIENTED_EDGE('',*,*,#7701,.T.);
#7704=ORIENTED_EDGE('',*,*,#7703,.F.);
#7705=EDGE_LOOP('',(#7685,#7687,#7688,#7689,#7691,#7693,#7695,#7697,#7699,#7700,
#7702,#7704));
#7706=FACE_OUTER_BOUND('',#7705,.F.);
#7707=ADVANCED_FACE('',(#7706),#7683,.F.);
#7708=CARTESIAN_POINT('',(-1.840999993446E1,1.073999603800E1,1.520556998094E1));
#7709=DIRECTION('',(0.E0,1.E0,0.E0));
#7710=DIRECTION('',(1.E0,0.E0,0.E0));
#7711=AXIS2_PLACEMENT_3D('',#7708,#7709,#7710);
#7712=PLANE('',#7711);
#7713=ORIENTED_EDGE('',*,*,#7538,.T.);
#7715=ORIENTED_EDGE('',*,*,#7714,.T.);
#7716=ORIENTED_EDGE('',*,*,#7684,.T.);
#7718=ORIENTED_EDGE('',*,*,#7717,.T.);
#7719=EDGE_LOOP('',(#7713,#7715,#7716,#7718));
#7720=FACE_OUTER_BOUND('',#7719,.F.);
#7721=ADVANCED_FACE('',(#7720),#7712,.F.);
#7722=CARTESIAN_POINT('',(-7.829999934456E0,7.739996038E0,-4.355626970209E-12));
#7723=DIRECTION('',(0.E0,0.E0,-1.E0));
#7724=DIRECTION('',(-1.E0,0.E0,0.E0));
#7725=AXIS2_PLACEMENT_3D('',#7722,#7723,#7724);
#7726=CYLINDRICAL_SURFACE('',#7725,3.E0);
#7727=ORIENTED_EDGE('',*,*,#7536,.T.);
#7728=ORIENTED_EDGE('',*,*,#7562,.F.);
#7729=ORIENTED_EDGE('',*,*,#7686,.T.);
#7730=ORIENTED_EDGE('',*,*,#7714,.F.);
#7731=EDGE_LOOP('',(#7727,#7728,#7729,#7730));
#7732=FACE_OUTER_BOUND('',#7731,.F.);
#7733=ADVANCED_FACE('',(#7732),#7726,.F.);
#7734=CARTESIAN_POINT('',(-2.898999993446E1,7.739996037999E0,
-4.355626970209E-12));
#7735=DIRECTION('',(0.E0,0.E0,1.E0));
#7736=DIRECTION('',(1.E0,0.E0,0.E0));
#7737=AXIS2_PLACEMENT_3D('',#7734,#7735,#7736);
#7738=CYLINDRICAL_SURFACE('',#7737,3.E0);
#7739=ORIENTED_EDGE('',*,*,#7540,.T.);
#7740=ORIENTED_EDGE('',*,*,#7717,.F.);
#7741=ORIENTED_EDGE('',*,*,#7703,.T.);
#7743=ORIENTED_EDGE('',*,*,#7742,.F.);
#7744=EDGE_LOOP('',(#7739,#7740,#7741,#7743));
#7745=FACE_OUTER_BOUND('',#7744,.F.);
#7746=ADVANCED_FACE('',(#7745),#7738,.F.);
#7747=CARTESIAN_POINT('',(-3.198999993446E1,7.740341766479E0,1.915692577508E1));
#7748=DIRECTION('',(1.E0,0.E0,0.E0));
#7749=DIRECTION('',(0.E0,0.E0,-1.E0));
#7750=AXIS2_PLACEMENT_3D('',#7747,#7748,#7749);
#7751=PLANE('',#7750);
#7752=ORIENTED_EDGE('',*,*,#7114,.T.);
#7753=ORIENTED_EDGE('',*,*,#7305,.T.);
#7755=ORIENTED_EDGE('',*,*,#7754,.T.);
#7756=ORIENTED_EDGE('',*,*,#7542,.T.);
#7757=ORIENTED_EDGE('',*,*,#7742,.T.);
#7758=ORIENTED_EDGE('',*,*,#7701,.F.);
#7759=EDGE_LOOP('',(#7752,#7753,#7755,#7756,#7757,#7758));
#7760=FACE_OUTER_BOUND('',#7759,.F.);
#7761=ADVANCED_FACE('',(#7760),#7751,.T.);
#7762=CARTESIAN_POINT('',(-2.998999993446E1,1.289034182890E1,
-4.355626970209E-12));
#7763=DIRECTION('',(0.E0,0.E0,1.E0));
#7764=DIRECTION('',(1.E0,0.E0,0.E0));
#7765=AXIS2_PLACEMENT_3D('',#7762,#7763,#7764);
#7766=CYLINDRICAL_SURFACE('',#7765,2.E0);
#7767=ORIENTED_EDGE('',*,*,#7544,.T.);
#7768=ORIENTED_EDGE('',*,*,#7754,.F.);
#7769=ORIENTED_EDGE('',*,*,#7385,.T.);
#7770=ORIENTED_EDGE('',*,*,#7508,.F.);
#7771=EDGE_LOOP('',(#7767,#7768,#7769,#7770));
#7772=FACE_OUTER_BOUND('',#7771,.F.);
#7773=ADVANCED_FACE('',(#7772),#7766,.F.);
#7774=CARTESIAN_POINT('',(-7.609999934456E0,5.415341828899E0,1.260556998094E1));
#7775=DIRECTION('',(1.E0,0.E0,0.E0));
#7776=DIRECTION('',(0.E0,0.E0,-1.E0));
#7777=AXIS2_PLACEMENT_3D('',#7774,#7775,#7776);
#7778=PLANE('',#7777);
#7779=ORIENTED_EDGE('',*,*,#7690,.T.);
#7780=ORIENTED_EDGE('',*,*,#7037,.T.);
#7782=ORIENTED_EDGE('',*,*,#7781,.F.);
#7784=ORIENTED_EDGE('',*,*,#7783,.T.);
#7785=EDGE_LOOP('',(#7779,#7780,#7782,#7784));
#7786=FACE_OUTER_BOUND('',#7785,.F.);
#7787=ADVANCED_FACE('',(#7786),#7778,.F.);
#7788=CARTESIAN_POINT('',(-1.840999993446E1,6.515168933449E0,1.225556998094E1));
#7789=DIRECTION('',(0.E0,0.E0,1.E0));
#7790=DIRECTION('',(1.E0,0.E0,0.E0));
#7791=AXIS2_PLACEMENT_3D('',#7788,#7789,#7790);
#7792=PLANE('',#7791);
#7794=ORIENTED_EDGE('',*,*,#7793,.T.);
#7796=ORIENTED_EDGE('',*,*,#7795,.T.);
#7798=ORIENTED_EDGE('',*,*,#7797,.F.);
#7800=ORIENTED_EDGE('',*,*,#7799,.F.);
#7802=ORIENTED_EDGE('',*,*,#7801,.F.);
#7803=ORIENTED_EDGE('',*,*,#7120,.T.);
#7805=ORIENTED_EDGE('',*,*,#7804,.F.);
#7807=ORIENTED_EDGE('',*,*,#7806,.F.);
#7809=ORIENTED_EDGE('',*,*,#7808,.F.);
#7811=ORIENTED_EDGE('',*,*,#7810,.F.);
#7812=ORIENTED_EDGE('',*,*,#7781,.T.);
#7813=ORIENTED_EDGE('',*,*,#7035,.T.);
#7815=ORIENTED_EDGE('',*,*,#7814,.T.);
#7817=ORIENTED_EDGE('',*,*,#7816,.F.);
#7819=ORIENTED_EDGE('',*,*,#7818,.T.);
#7821=ORIENTED_EDGE('',*,*,#7820,.T.);
#7823=ORIENTED_EDGE('',*,*,#7822,.F.);
#7824=EDGE_LOOP('',(#7794,#7796,#7798,#7800,#7802,#7803,#7805,#7807,#7809,#7811,
#7812,#7813,#7815,#7817,#7819,#7821,#7823));
#7825=FACE_OUTER_BOUND('',#7824,.F.);
#7826=ADVANCED_FACE('',(#7825),#7792,.F.);
#7827=CARTESIAN_POINT('',(-1.840999993446E1,6.515168933449E0,1.225556998094E1));
#7828=DIRECTION('',(0.E0,0.E0,1.E0));
#7829=DIRECTION('',(1.E0,0.E0,0.E0));
#7830=AXIS2_PLACEMENT_3D('',#7827,#7828,#7829);
#7831=PLANE('',#7830);
#7833=ORIENTED_EDGE('',*,*,#7832,.F.);
#7834=ORIENTED_EDGE('',*,*,#7793,.F.);
#7835=ORIENTED_EDGE('',*,*,#7822,.T.);
#7836=ORIENTED_EDGE('',*,*,#7820,.F.);
#7837=ORIENTED_EDGE('',*,*,#7818,.F.);
#7839=ORIENTED_EDGE('',*,*,#7838,.F.);
#7840=EDGE_LOOP('',(#7833,#7834,#7835,#7836,#7837,#7839));
#7841=FACE_OUTER_BOUND('',#7840,.F.);
#7842=ADVANCED_FACE('',(#7841),#7831,.T.);
#7843=CARTESIAN_POINT('',(-8.735382065795E0,1.043304270067E1,
-2.633222121430E0));
#7844=DIRECTION('',(2.968263439978E-1,9.549314747713E-1,0.E0));
#7845=DIRECTION('',(0.E0,0.E0,1.E0));
#7846=AXIS2_PLACEMENT_3D('',#7843,#7844,#7845);
#7847=PLANE('',#7846);
#7849=ORIENTED_EDGE('',*,*,#7848,.F.);
#7851=ORIENTED_EDGE('',*,*,#7850,.T.);
#7853=ORIENTED_EDGE('',*,*,#7852,.T.);
#7855=ORIENTED_EDGE('',*,*,#7854,.T.);
#7856=ORIENTED_EDGE('',*,*,#7832,.T.);
#7858=ORIENTED_EDGE('',*,*,#7857,.T.);
#7859=EDGE_LOOP('',(#7849,#7851,#7853,#7855,#7856,#7858));
#7860=FACE_OUTER_BOUND('',#7859,.F.);
#7861=ADVANCED_FACE('',(#7860),#7847,.F.);
#7862=CARTESIAN_POINT('',(-8.983552574025E0,1.082434150536E1,
-3.336430019061E0));
#7863=DIRECTION('',(9.549314747713E-1,-2.968263439978E-1,7.191941477047E-14));
#7864=DIRECTION('',(-2.968263439978E-1,-9.549314747713E-1,0.E0));
#7865=AXIS2_PLACEMENT_3D('',#7862,#7863,#7864);
#7866=CYLINDRICAL_SURFACE('',#7865,3.E-1);
#7867=ORIENTED_EDGE('',*,*,#7848,.T.);
#7869=ORIENTED_EDGE('',*,*,#7868,.T.);
#7871=ORIENTED_EDGE('',*,*,#7870,.F.);
#7873=ORIENTED_EDGE('',*,*,#7872,.F.);
#7874=EDGE_LOOP('',(#7867,#7869,#7871,#7873));
#7875=FACE_OUTER_BOUND('',#7874,.F.);
#7876=ADVANCED_FACE('',(#7875),#7866,.T.);
#7877=CARTESIAN_POINT('',(-9.771877938715E0,6.252281227253E0,
-3.336430019061E0));
#7878=DIRECTION('',(0.E0,0.E0,1.E0));
#7879=DIRECTION('',(2.745494316068E-1,9.615729871437E-1,0.E0));
#7880=AXIS2_PLACEMENT_3D('',#7877,#7878,#7879);
#7881=TOROIDAL_SURFACE('',#7880,4.6E0,3.E-1);
#7883=ORIENTED_EDGE('',*,*,#7882,.T.);
#7885=ORIENTED_EDGE('',*,*,#7884,.T.);
#7887=ORIENTED_EDGE('',*,*,#7886,.F.);
#7888=ORIENTED_EDGE('',*,*,#7868,.F.);
#7889=EDGE_LOOP('',(#7883,#7885,#7887,#7888));
#7890=FACE_OUTER_BOUND('',#7889,.F.);
#7891=ADVANCED_FACE('',(#7890),#7881,.T.);
#7892=CARTESIAN_POINT('',(-9.771877938715E0,6.252281227253E0,4.509569980937E0));
#7893=DIRECTION('',(0.E0,0.E0,1.E0));
#7894=DIRECTION('',(2.968263439978E-1,9.549314747713E-1,0.E0));
#7895=AXIS2_PLACEMENT_3D('',#7892,#7893,#7894);
#7896=CYLINDRICAL_SURFACE('',#7895,4.3E0);
#7897=ORIENTED_EDGE('',*,*,#7882,.F.);
#7898=ORIENTED_EDGE('',*,*,#7857,.F.);
#7899=ORIENTED_EDGE('',*,*,#7838,.T.);
#7900=ORIENTED_EDGE('',*,*,#7816,.T.);
#7902=ORIENTED_EDGE('',*,*,#7901,.F.);
#7903=EDGE_LOOP('',(#7897,#7898,#7899,#7900,#7902));
#7904=FACE_OUTER_BOUND('',#7903,.F.);
#7905=ADVANCED_FACE('',(#7904),#7896,.F.);
#7906=CARTESIAN_POINT('',(-5.471877938715E0,4.621311528077E0,
-2.736430019065E0));
#7907=DIRECTION('',(1.E0,0.E0,0.E0));
#7908=DIRECTION('',(0.E0,0.E0,-1.E0));
#7909=AXIS2_PLACEMENT_3D('',#7906,#7907,#7908);
#7910=PLANE('',#7909);
#7912=ORIENTED_EDGE('',*,*,#7911,.F.);
#7913=ORIENTED_EDGE('',*,*,#7901,.T.);
#7914=ORIENTED_EDGE('',*,*,#7814,.F.);
#7915=ORIENTED_EDGE('',*,*,#7033,.F.);
#7916=EDGE_LOOP('',(#7912,#7913,#7914,#7915));
#7917=FACE_OUTER_BOUND('',#7916,.F.);
#7918=ADVANCED_FACE('',(#7917),#7910,.F.);
#7919=CARTESIAN_POINT('',(-5.171877938715E0,6.358073925390E0,
-3.336430019061E0));
#7920=DIRECTION('',(0.E0,-1.E0,0.E0));
#7921=DIRECTION('',(-1.E0,0.E0,0.E0));
#7922=AXIS2_PLACEMENT_3D('',#7919,#7920,#7921);
#7923=CYLINDRICAL_SURFACE('',#7922,3.E-1);
#7924=ORIENTED_EDGE('',*,*,#7031,.T.);
#7926=ORIENTED_EDGE('',*,*,#7925,.F.);
#7927=ORIENTED_EDGE('',*,*,#7884,.F.);
#7928=ORIENTED_EDGE('',*,*,#7911,.T.);
#7929=EDGE_LOOP('',(#7924,#7926,#7927,#7928));
#7930=FACE_OUTER_BOUND('',#7929,.F.);
#7931=ADVANCED_FACE('',(#7930),#7923,.T.);
#7932=CARTESIAN_POINT('',(-7.129999934456E0,8.390341828899E0,
-3.636430019061E0));
#7933=DIRECTION('',(-7.576785203094E-14,0.E0,1.E0));
#7934=DIRECTION('',(0.E0,1.E0,0.E0));
#7935=AXIS2_PLACEMENT_3D('',#7932,#7933,#7934);
#7936=PLANE('',#7935);
#7937=ORIENTED_EDGE('',*,*,#7925,.T.);
#7938=ORIENTED_EDGE('',*,*,#7029,.F.);
#7940=ORIENTED_EDGE('',*,*,#7939,.T.);
#7942=ORIENTED_EDGE('',*,*,#7941,.T.);
#7944=ORIENTED_EDGE('',*,*,#7943,.T.);
#7946=ORIENTED_EDGE('',*,*,#7945,.T.);
#7948=ORIENTED_EDGE('',*,*,#7947,.T.);
#7950=ORIENTED_EDGE('',*,*,#7949,.T.);
#7952=ORIENTED_EDGE('',*,*,#7951,.T.);
#7954=ORIENTED_EDGE('',*,*,#7953,.T.);
#7956=ORIENTED_EDGE('',*,*,#7955,.T.);
#7958=ORIENTED_EDGE('',*,*,#7957,.T.);
#7959=ORIENTED_EDGE('',*,*,#7870,.T.);
#7960=ORIENTED_EDGE('',*,*,#7886,.T.);
#7961=EDGE_LOOP('',(#7937,#7938,#7940,#7942,#7944,#7946,#7948,#7950,#7952,#7954,
#7956,#7958,#7959,#7960));
#7962=FACE_OUTER_BOUND('',#7961,.F.);
#7963=ADVANCED_FACE('',(#7962),#7936,.F.);
#7964=CARTESIAN_POINT('',(-3.629999934456E0,-4.959838264699E1,
-3.336430019061E0));
#7965=DIRECTION('',(0.E0,1.E0,0.E0));
#7966=DIRECTION('',(1.E0,0.E0,0.E0));
#7967=AXIS2_PLACEMENT_3D('',#7964,#7965,#7966);
#7968=CYLINDRICAL_SURFACE('',#7967,3.E-1);
#7969=ORIENTED_EDGE('',*,*,#7027,.T.);
#7971=ORIENTED_EDGE('',*,*,#7970,.T.);
#7973=ORIENTED_EDGE('',*,*,#7972,.T.);
#7974=ORIENTED_EDGE('',*,*,#7939,.F.);
#7975=EDGE_LOOP('',(#7969,#7971,#7973,#7974));
#7976=FACE_OUTER_BOUND('',#7975,.F.);
#7977=ADVANCED_FACE('',(#7976),#7968,.T.);
#7978=CARTESIAN_POINT('',(-3.329999934456E0,7.740341828899E0,1.083899735351E1));
#7979=DIRECTION('',(1.E0,0.E0,0.E0));
#7980=DIRECTION('',(0.E0,-1.E0,0.E0));
#7981=AXIS2_PLACEMENT_3D('',#7978,#7979,#7980);
#7982=PLANE('',#7981);
#7983=ORIENTED_EDGE('',*,*,#7025,.F.);
#7985=ORIENTED_EDGE('',*,*,#7984,.T.);
#7987=ORIENTED_EDGE('',*,*,#7986,.T.);
#7989=ORIENTED_EDGE('',*,*,#7988,.T.);
#7991=ORIENTED_EDGE('',*,*,#7990,.T.);
#7993=ORIENTED_EDGE('',*,*,#7992,.T.);
#7994=ORIENTED_EDGE('',*,*,#7970,.F.);
#7995=EDGE_LOOP('',(#7983,#7985,#7987,#7989,#7991,#7993,#7994));
#7996=FACE_OUTER_BOUND('',#7995,.F.);
#7998=ORIENTED_EDGE('',*,*,#7997,.T.);
#8000=ORIENTED_EDGE('',*,*,#7999,.T.);
#8002=ORIENTED_EDGE('',*,*,#8001,.T.);
#8004=ORIENTED_EDGE('',*,*,#8003,.T.);
#8005=EDGE_LOOP('',(#7998,#8000,#8002,#8004));
#8006=FACE_BOUND('',#8005,.F.);
#8008=ORIENTED_EDGE('',*,*,#8007,.T.);
#8010=ORIENTED_EDGE('',*,*,#8009,.F.);
#8012=ORIENTED_EDGE('',*,*,#8011,.F.);
#8014=ORIENTED_EDGE('',*,*,#8013,.T.);
#8015=EDGE_LOOP('',(#8008,#8010,#8012,#8014));
#8016=FACE_BOUND('',#8015,.F.);
#8017=ADVANCED_FACE('',(#7996,#8006,#8016),#7982,.T.);
#8018=CARTESIAN_POINT('',(-2.329999934456E0,-5.506706202141E-14,
7.563569980937E0));
#8019=DIRECTION('',(0.E0,-1.E0,0.E0));
#8020=DIRECTION('',(-1.E0,0.E0,0.E0));
#8021=AXIS2_PLACEMENT_3D('',#8018,#8019,#8020);
#8022=CYLINDRICAL_SURFACE('',#8021,1.E0);
#8024=ORIENTED_EDGE('',*,*,#8023,.F.);
#8026=ORIENTED_EDGE('',*,*,#8025,.F.);
#8027=ORIENTED_EDGE('',*,*,#8007,.F.);
#8029=ORIENTED_EDGE('',*,*,#8028,.F.);
#8030=EDGE_LOOP('',(#8024,#8026,#8027,#8029));
#8031=FACE_OUTER_BOUND('',#8030,.F.);
#8032=ADVANCED_FACE('',(#8031),#8022,.F.);
#8033=CARTESIAN_POINT('',(-1.33E0,3.356910688184E0,6.563569980937E0));
#8034=DIRECTION('',(0.E0,0.E0,1.E0));
#8035=DIRECTION('',(1.E0,0.E0,0.E0));
#8036=AXIS2_PLACEMENT_3D('',#8033,#8034,#8035);
#8037=PLANE('',#8036);
#8039=ORIENTED_EDGE('',*,*,#8038,.F.);
#8041=ORIENTED_EDGE('',*,*,#8040,.T.);
#8043=ORIENTED_EDGE('',*,*,#8042,.F.);
#8045=ORIENTED_EDGE('',*,*,#8044,.F.);
#8046=ORIENTED_EDGE('',*,*,#8023,.T.);
#8048=ORIENTED_EDGE('',*,*,#8047,.F.);
#8049=EDGE_LOOP('',(#8039,#8041,#8043,#8045,#8046,#8048));
#8050=FACE_OUTER_BOUND('',#8049,.F.);
#8051=ADVANCED_FACE('',(#8050),#8037,.T.);
#8052=CARTESIAN_POINT('',(-1.330000002217E0,1.921664973398E1,
-8.742458231883E0));
#8053=DIRECTION('',(-1.E0,0.E0,0.E0));
#8054=DIRECTION('',(0.E0,0.E0,1.E0));
#8055=AXIS2_PLACEMENT_3D('',#8052,#8053,#8054);
#8056=PLANE('',#8055);
#8058=ORIENTED_EDGE('',*,*,#8057,.T.);
#8060=ORIENTED_EDGE('',*,*,#8059,.F.);
#8062=ORIENTED_EDGE('',*,*,#8061,.F.);
#8063=ORIENTED_EDGE('',*,*,#8038,.T.);
#8064=EDGE_LOOP('',(#8058,#8060,#8062,#8063));
#8065=FACE_OUTER_BOUND('',#8064,.F.);
#8066=ADVANCED_FACE('',(#8065),#8056,.F.);
#8067=CARTESIAN_POINT('',(-1.33E0,9.540341828899E0,2.393440106827E0));
#8068=DIRECTION('',(0.E0,0.E0,-1.E0));
#8069=DIRECTION('',(-3.333333333333E-1,-9.428090415821E-1,0.E0));
#8070=AXIS2_PLACEMENT_3D('',#8067,#8068,#8069);
#8071=CYLINDRICAL_SURFACE('',#8070,6.E0);
#8072=ORIENTED_EDGE('',*,*,#8057,.F.);
#8073=ORIENTED_EDGE('',*,*,#8047,.T.);
#8074=ORIENTED_EDGE('',*,*,#8028,.T.);
#8075=ORIENTED_EDGE('',*,*,#8013,.F.);
#8077=ORIENTED_EDGE('',*,*,#8076,.T.);
#8079=ORIENTED_EDGE('',*,*,#8078,.F.);
#8080=EDGE_LOOP('',(#8072,#8073,#8074,#8075,#8077,#8079));
#8081=FACE_OUTER_BOUND('',#8080,.F.);
#8082=ADVANCED_FACE('',(#8081),#8071,.F.);
#8083=CARTESIAN_POINT('',(-2.860045693779E0,3.268283721284E0,
-2.491665969846E0));
#8084=DIRECTION('',(6.916548014802E-1,2.079116908181E-1,-6.916548014802E-1));
#8085=DIRECTION('',(0.E0,9.576678948579E-1,2.878753257202E-1));
#8086=AXIS2_PLACEMENT_3D('',#8083,#8084,#8085);
#8087=PLANE('',#8086);
#8089=ORIENTED_EDGE('',*,*,#8088,.F.);
#8090=ORIENTED_EDGE('',*,*,#8076,.F.);
#8091=ORIENTED_EDGE('',*,*,#8011,.T.);
#8093=ORIENTED_EDGE('',*,*,#8092,.T.);
#8095=ORIENTED_EDGE('',*,*,#8094,.F.);
#8096=EDGE_LOOP('',(#8089,#8090,#8091,#8093,#8095));
#8097=FACE_OUTER_BOUND('',#8096,.F.);
#8098=ADVANCED_FACE('',(#8097),#8087,.T.);
#8099=CARTESIAN_POINT('',(-1.33E0,3.368575249817E0,-3.136430019063E0));
#8100=DIRECTION('',(0.E0,1.E0,0.E0));
#8101=DIRECTION('',(7.071067811534E-1,0.E0,7.071067812197E-1));
#8102=AXIS2_PLACEMENT_3D('',#8099,#8100,#8101);
#8103=CONICAL_SURFACE('',#8102,1.559140339292E0,1.199999999998E1);
#8105=ORIENTED_EDGE('',*,*,#8104,.F.);
#8107=ORIENTED_EDGE('',*,*,#8106,.T.);
#8108=ORIENTED_EDGE('',*,*,#8059,.T.);
#8109=ORIENTED_EDGE('',*,*,#8078,.T.);
#8110=ORIENTED_EDGE('',*,*,#8088,.T.);
#8111=EDGE_LOOP('',(#8105,#8107,#8108,#8109,#8110));
#8112=FACE_OUTER_BOUND('',#8111,.F.);
#8113=ADVANCED_FACE('',(#8112),#8103,.F.);
#8114=CARTESIAN_POINT('',(-2.266914797636E0,1.084997828900E0,
-4.355626970209E-12));
#8115=DIRECTION('',(0.E0,0.E0,-1.E0));
#8116=DIRECTION('',(-1.E0,0.E0,0.E0));
#8117=AXIS2_PLACEMENT_3D('',#8114,#8115,#8116);
#8118=CYLINDRICAL_SURFACE('',#8117,2.005344E0);
#8120=ORIENTED_EDGE('',*,*,#8119,.F.);
#8121=ORIENTED_EDGE('',*,*,#8042,.T.);
#8123=ORIENTED_EDGE('',*,*,#8122,.F.);
#8124=ORIENTED_EDGE('',*,*,#8104,.T.);
#8125=ORIENTED_EDGE('',*,*,#8094,.T.);
#8126=EDGE_LOOP('',(#8120,#8121,#8123,#8124,#8125));
#8127=FACE_OUTER_BOUND('',#8126,.F.);
#8128=ADVANCED_FACE('',(#8127),#8118,.F.);
#8129=CARTESIAN_POINT('',(-3.006649892096E0,2.977906858544E0,2.247000995991E0));
#8130=DIRECTION('',(-2.079116908179E-1,9.781476007338E-1,0.E0));
#8131=DIRECTION('',(-9.781476007338E-1,-2.079116908179E-1,0.E0));
#8132=AXIS2_PLACEMENT_3D('',#8129,#8130,#8131);
#8133=PLANE('',#8132);
#8134=ORIENTED_EDGE('',*,*,#8119,.T.);
#8135=ORIENTED_EDGE('',*,*,#8092,.F.);
#8136=ORIENTED_EDGE('',*,*,#8009,.T.);
#8137=ORIENTED_EDGE('',*,*,#8025,.T.);
#8138=ORIENTED_EDGE('',*,*,#8044,.T.);
#8139=EDGE_LOOP('',(#8134,#8135,#8136,#8137,#8138));
#8140=FACE_OUTER_BOUND('',#8139,.F.);
#8141=ADVANCED_FACE('',(#8140),#8133,.F.);
#8142=CARTESIAN_POINT('',(-1.330000001036E0,3.090341828900E0,2.299047960710E0));
#8143=DIRECTION('',(0.E0,1.E0,0.E0));
#8144=DIRECTION('',(-1.E0,0.E0,0.E0));
#8145=AXIS2_PLACEMENT_3D('',#8142,#8143,#8144);
#8146=PLANE('',#8145);
#8147=ORIENTED_EDGE('',*,*,#8061,.T.);
#8148=ORIENTED_EDGE('',*,*,#8106,.F.);
#8149=ORIENTED_EDGE('',*,*,#8122,.T.);
#8150=ORIENTED_EDGE('',*,*,#8040,.F.);
#8151=EDGE_LOOP('',(#8147,#8148,#8149,#8150));
#8152=FACE_OUTER_BOUND('',#8151,.F.);
#8153=ADVANCED_FACE('',(#8152),#8146,.F.);
#8154=CARTESIAN_POINT('',(-3.006649913100E0,2.977906854079E0,1.893013896334E1));
#8155=DIRECTION('',(-2.079116908179E-1,9.781476007338E-1,0.E0));
#8156=DIRECTION('',(-9.781476007338E-1,-2.079116908179E-1,0.E0));
#8157=AXIS2_PLACEMENT_3D('',#8154,#8155,#8156);
#8158=PLANE('',#8157);
#8159=ORIENTED_EDGE('',*,*,#7997,.F.);
#8161=ORIENTED_EDGE('',*,*,#8160,.F.);
#8163=ORIENTED_EDGE('',*,*,#8162,.T.);
#8165=ORIENTED_EDGE('',*,*,#8164,.T.);
#8166=EDGE_LOOP('',(#8159,#8161,#8163,#8165));
#8167=FACE_OUTER_BOUND('',#8166,.F.);
#8168=ADVANCED_FACE('',(#8167),#8158,.F.);
#8169=CARTESIAN_POINT('',(-2.955453889299E0,3.456342793920E0,2.375768350069E1));
#8170=DIRECTION('',(6.916548014802E-1,2.079116908181E-1,6.916548014802E-1));
#8171=DIRECTION('',(-6.623755977019E-1,-1.991103512621E-1,7.222282434171E-1));
#8172=AXIS2_PLACEMENT_3D('',#8169,#8170,#8171);
#8173=PLANE('',#8172);
#8174=ORIENTED_EDGE('',*,*,#8160,.T.);
#8175=ORIENTED_EDGE('',*,*,#8003,.F.);
#8177=ORIENTED_EDGE('',*,*,#8176,.F.);
#8179=ORIENTED_EDGE('',*,*,#8178,.F.);
#8181=ORIENTED_EDGE('',*,*,#8180,.F.);
#8182=EDGE_LOOP('',(#8174,#8175,#8177,#8179,#8181));
#8183=FACE_OUTER_BOUND('',#8182,.F.);
#8184=ADVANCED_FACE('',(#8183),#8173,.T.);
#8185=CARTESIAN_POINT('',(-1.33E0,9.540341828899E0,1.878369985540E1));
#8186=DIRECTION('',(0.E0,0.E0,-1.E0));
#8187=DIRECTION('',(-3.333333236231E-1,-9.428090450151E-1,0.E0));
#8188=AXIS2_PLACEMENT_3D('',#8185,#8186,#8187);
#8189=CYLINDRICAL_SURFACE('',#8188,6.E0);
#8190=ORIENTED_EDGE('',*,*,#8001,.F.);
#8192=ORIENTED_EDGE('',*,*,#8191,.F.);
#8194=ORIENTED_EDGE('',*,*,#8193,.T.);
#8196=ORIENTED_EDGE('',*,*,#8195,.F.);
#8198=ORIENTED_EDGE('',*,*,#8197,.T.);
#8199=ORIENTED_EDGE('',*,*,#8176,.T.);
#8200=EDGE_LOOP('',(#8190,#8192,#8194,#8196,#8198,#8199));
#8201=FACE_OUTER_BOUND('',#8200,.F.);
#8202=ADVANCED_FACE('',(#8201),#8189,.F.);
#8203=CARTESIAN_POINT('',(-2.329999934456E0,-5.506706202141E-14,
1.356356998094E1));
#8204=DIRECTION('',(0.E0,1.E0,0.E0));
#8205=DIRECTION('',(1.E0,0.E0,0.E0));
#8206=AXIS2_PLACEMENT_3D('',#8203,#8204,#8205);
#8207=CYLINDRICAL_SURFACE('',#8206,1.E0);
#8209=ORIENTED_EDGE('',*,*,#8208,.F.);
#8210=ORIENTED_EDGE('',*,*,#8191,.T.);
#8211=ORIENTED_EDGE('',*,*,#7999,.F.);
#8212=ORIENTED_EDGE('',*,*,#8164,.F.);
#8214=ORIENTED_EDGE('',*,*,#8213,.F.);
#8215=EDGE_LOOP('',(#8209,#8210,#8211,#8212,#8214));
#8216=FACE_OUTER_BOUND('',#8215,.F.);
#8217=ADVANCED_FACE('',(#8216),#8207,.F.);
#8218=CARTESIAN_POINT('',(-1.33E0,3.356808185904E0,1.456356998094E1));
#8219=DIRECTION('',(0.E0,0.E0,1.E0));
#8220=DIRECTION('',(0.E0,1.E0,0.E0));
#8221=AXIS2_PLACEMENT_3D('',#8218,#8219,#8220);
#8222=PLANE('',#8221);
#8223=ORIENTED_EDGE('',*,*,#8208,.T.);
#8225=ORIENTED_EDGE('',*,*,#8224,.F.);
#8227=ORIENTED_EDGE('',*,*,#8226,.T.);
#8229=ORIENTED_EDGE('',*,*,#8228,.T.);
#8230=ORIENTED_EDGE('',*,*,#8193,.F.);
#8231=EDGE_LOOP('',(#8223,#8225,#8227,#8229,#8230));
#8232=FACE_OUTER_BOUND('',#8231,.F.);
#8233=ADVANCED_FACE('',(#8232),#8222,.F.);
#8234=CARTESIAN_POINT('',(-2.266914692531E0,1.084996828900E0,
-4.355626970209E-12));
#8235=DIRECTION('',(0.E0,0.E0,-1.E0));
#8236=DIRECTION('',(-1.E0,0.E0,0.E0));
#8237=AXIS2_PLACEMENT_3D('',#8234,#8235,#8236);
#8238=CYLINDRICAL_SURFACE('',#8237,2.005345E0);
#8239=ORIENTED_EDGE('',*,*,#8224,.T.);
#8240=ORIENTED_EDGE('',*,*,#8213,.T.);
#8241=ORIENTED_EDGE('',*,*,#8162,.F.);
#8242=ORIENTED_EDGE('',*,*,#8180,.T.);
#8244=ORIENTED_EDGE('',*,*,#8243,.T.);
#8246=ORIENTED_EDGE('',*,*,#8245,.F.);
#8248=ORIENTED_EDGE('',*,*,#8247,.F.);
#8249=EDGE_LOOP('',(#8239,#8240,#8241,#8242,#8244,#8246,#8248));
#8250=FACE_OUTER_BOUND('',#8249,.F.);
#8251=ADVANCED_FACE('',(#8250),#8238,.F.);
#8252=CARTESIAN_POINT('',(-1.33E0,3.368561457894E0,2.436356998094E1));
#8253=DIRECTION('',(0.E0,1.E0,1.661335729158E-14));
#8254=DIRECTION('',(-7.071067813866E-1,1.034573708644E-14,-7.071067809864E-1));
#8255=AXIS2_PLACEMENT_3D('',#8252,#8253,#8254);
#8256=CONICAL_SURFACE('',#8255,1.559137407728E0,1.199999999998E1);
#8258=ORIENTED_EDGE('',*,*,#8257,.T.);
#8260=ORIENTED_EDGE('',*,*,#8259,.T.);
#8261=ORIENTED_EDGE('',*,*,#8243,.F.);
#8262=ORIENTED_EDGE('',*,*,#8178,.T.);
#8263=ORIENTED_EDGE('',*,*,#8197,.F.);
#8264=EDGE_LOOP('',(#8258,#8260,#8261,#8262,#8263));
#8265=FACE_OUTER_BOUND('',#8264,.F.);
#8266=ADVANCED_FACE('',(#8265),#8256,.F.);
#8267=CARTESIAN_POINT('',(-1.330000002217E0,1.921664973398E1,
-8.742458231883E0));
#8268=DIRECTION('',(-1.E0,0.E0,0.E0));
#8269=DIRECTION('',(0.E0,0.E0,1.E0));
#8270=AXIS2_PLACEMENT_3D('',#8267,#8268,#8269);
#8271=PLANE('',#8270);
#8272=ORIENTED_EDGE('',*,*,#8195,.T.);
#8273=ORIENTED_EDGE('',*,*,#8228,.F.);
#8275=ORIENTED_EDGE('',*,*,#8274,.F.);
#8276=ORIENTED_EDGE('',*,*,#8257,.F.);
#8277=EDGE_LOOP('',(#8272,#8273,#8275,#8276));
#8278=FACE_OUTER_BOUND('',#8277,.F.);
#8279=ADVANCED_FACE('',(#8278),#8271,.F.);
#8280=CARTESIAN_POINT('',(-1.330000002217E0,3.090341828900E0,1.887809205184E1));
#8281=DIRECTION('',(0.E0,1.E0,0.E0));
#8282=DIRECTION('',(-1.E0,0.E0,0.E0));
#8283=AXIS2_PLACEMENT_3D('',#8280,#8281,#8282);
#8284=PLANE('',#8283);
#8285=ORIENTED_EDGE('',*,*,#8274,.T.);
#8286=ORIENTED_EDGE('',*,*,#8226,.F.);
#8287=ORIENTED_EDGE('',*,*,#8247,.T.);
#8288=ORIENTED_EDGE('',*,*,#8245,.T.);
#8289=ORIENTED_EDGE('',*,*,#8259,.F.);
#8290=EDGE_LOOP('',(#8285,#8286,#8287,#8288,#8289));
#8291=FACE_OUTER_BOUND('',#8290,.F.);
#8292=ADVANCED_FACE('',(#8291),#8284,.F.);
#8293=CARTESIAN_POINT('',(-3.235085226213E0,2.382266535622E0,2.516700743E1));
#8294=CARTESIAN_POINT('',(-4.875211436035E0,2.417606741221E0,2.855600780202E1));
#8295=CARTESIAN_POINT('',(-6.515337645856E0,2.452946946821E0,3.194500817405E1));
#8296=CARTESIAN_POINT('',(-8.155463855678E0,2.488287152420E0,3.533400854607E1));
#8297=CARTESIAN_POINT('',(-3.235020593059E0,2.451624979966E0,2.516701447644E1));
#8298=CARTESIAN_POINT('',(-4.875051809986E0,2.475184722873E0,2.855601217977E1));
#8299=CARTESIAN_POINT('',(-6.515083026913E0,2.498744465780E0,3.194500988310E1));
#8300=CARTESIAN_POINT('',(-8.155114243841E0,2.522304208687E0,3.533400758643E1));
#8301=CARTESIAN_POINT('',(-3.231622671822E0,5.988902910451E0,2.516737388833E1));
#8302=CARTESIAN_POINT('',(-4.869832271133E0,5.411696719173E0,2.855623419075E1));
#8303=CARTESIAN_POINT('',(-6.508041870445E0,4.834490527895E0,3.194509449316E1));
#8304=CARTESIAN_POINT('',(-8.146251469756E0,4.257284336617E0,3.533395479557E1));
#8305=CARTESIAN_POINT('',(-3.222705316187E0,9.595563285551E0,2.516774268547E1));
#8306=CARTESIAN_POINT('',(-5.021250394863E0,8.405095959301E0,2.855639335084E1));
#8307=CARTESIAN_POINT('',(-6.819795473538E0,7.214628633051E0,3.194504401621E1));
#8308=CARTESIAN_POINT('',(-8.618340552213E0,6.024161306801E0,3.533369468158E1));
#8309=CARTESIAN_POINT('',(-3.209282560829E0,1.313545858183E1,2.516810631947E1));
#8310=CARTESIAN_POINT('',(-5.304192923711E0,1.126637138889E1,2.855649399818E1));
#8311=CARTESIAN_POINT('',(-7.399103286594E0,9.397284195946E0,3.194488167689E1));
#8312=CARTESIAN_POINT('',(-9.494013649477E0,7.528197003005E0,3.533326935560E1));
#8313=CARTESIAN_POINT('',(-3.209017643174E0,1.320486928979E1,2.516811345026E1));
#8314=CARTESIAN_POINT('',(-5.309790440707E0,1.132244620794E1,2.855649595122E1));
#8315=CARTESIAN_POINT('',(-7.410563238240E0,9.440023126096E0,3.194487845218E1));
#8316=CARTESIAN_POINT('',(-9.511336035773E0,7.557600044251E0,3.533326095315E1));
#8317=B_SPLINE_SURFACE_WITH_KNOTS('',3,3,((#8293,#8294,#8295,#8296),(#8297,
#8298,#8299,#8300),(#8301,#8302,#8303,#8304),(#8305,#8306,#8307,#8308),(#8309,
#8310,#8311,#8312),(#8313,#8314,#8315,#8316)),.UNSPECIFIED.,.F.,.F.,.F.,(4,1,1,
4),(4,4),(-2.000000849647E-2,0.E0,1.E0,1.020000000167E0),(-1.146335920744E-2,
1.011463359210E0),.UNSPECIFIED.);
#8318=ORIENTED_EDGE('',*,*,#7984,.F.);
#8319=ORIENTED_EDGE('',*,*,#7023,.T.);
#8321=ORIENTED_EDGE('',*,*,#8320,.F.);
#8323=ORIENTED_EDGE('',*,*,#8322,.T.);
#8324=EDGE_LOOP('',(#8318,#8319,#8321,#8323));
#8325=FACE_OUTER_BOUND('',#8324,.F.);
#8326=ADVANCED_FACE('',(#8325),#8317,.T.);
#8327=CARTESIAN_POINT('',(-1.840999993446E1,2.590341828899E0,4.036490772741E1));
#8328=DIRECTION('',(0.E0,0.E0,-1.E0));
#8329=DIRECTION('',(-1.E0,0.E0,0.E0));
#8330=AXIS2_PLACEMENT_3D('',#8327,#8328,#8329);
#8331=CYLINDRICAL_SURFACE('',#8330,1.035E1);
#8333=ORIENTED_EDGE('',*,*,#8332,.T.);
#8335=ORIENTED_EDGE('',*,*,#8334,.F.);
#8337=ORIENTED_EDGE('',*,*,#8336,.T.);
#8339=ORIENTED_EDGE('',*,*,#8338,.F.);
#8341=ORIENTED_EDGE('',*,*,#8340,.T.);
#8342=ORIENTED_EDGE('',*,*,#7158,.F.);
#8344=ORIENTED_EDGE('',*,*,#8343,.T.);
#8346=ORIENTED_EDGE('',*,*,#8345,.T.);
#8348=ORIENTED_EDGE('',*,*,#8347,.T.);
#8350=ORIENTED_EDGE('',*,*,#8349,.T.);
#8351=ORIENTED_EDGE('',*,*,#8320,.T.);
#8352=ORIENTED_EDGE('',*,*,#7021,.F.);
#8354=ORIENTED_EDGE('',*,*,#8353,.T.);
#8356=ORIENTED_EDGE('',*,*,#8355,.T.);
#8358=ORIENTED_EDGE('',*,*,#8357,.T.);
#8360=ORIENTED_EDGE('',*,*,#8359,.T.);
#8362=ORIENTED_EDGE('',*,*,#8361,.T.);
#8363=ORIENTED_EDGE('',*,*,#7009,.F.);
#8365=ORIENTED_EDGE('',*,*,#8364,.T.);
#8366=ORIENTED_EDGE('',*,*,#7170,.F.);
#8367=EDGE_LOOP('',(#8333,#8335,#8337,#8339,#8341,#8342,#8344,#8346,#8348,#8350,
#8351,#8352,#8354,#8356,#8358,#8360,#8362,#8363,#8365,#8366));
#8368=FACE_OUTER_BOUND('',#8367,.F.);
#8369=ADVANCED_FACE('',(#8368),#8331,.T.);
#8370=CARTESIAN_POINT('',(-2.901337516127E1,4.419043461169E0,4.236356998094E1));
#8371=DIRECTION('',(0.E0,0.E0,1.E0));
#8372=DIRECTION('',(0.E0,-1.E0,0.E0));
#8373=AXIS2_PLACEMENT_3D('',#8370,#8371,#8372);
#8374=PLANE('',#8373);
#8376=ORIENTED_EDGE('',*,*,#8375,.F.);
#8377=ORIENTED_EDGE('',*,*,#8332,.F.);
#8378=ORIENTED_EDGE('',*,*,#7168,.F.);
#8379=EDGE_LOOP('',(#8376,#8377,#8378));
#8380=FACE_OUTER_BOUND('',#8379,.F.);
#8381=ADVANCED_FACE('',(#8380),#8374,.T.);
#8382=CARTESIAN_POINT('',(-2.575999993446E1,2.590341828899E0,4.186356998094E1));
#8383=DIRECTION('',(0.E0,0.E0,1.E0));
#8384=DIRECTION('',(8.657875059531E-1,-5.004118249357E-1,0.E0));
#8385=AXIS2_PLACEMENT_3D('',#8382,#8383,#8384);
#8386=TOROIDAL_SURFACE('',#8385,4.E0,5.E-1);
#8387=ORIENTED_EDGE('',*,*,#8375,.T.);
#8388=ORIENTED_EDGE('',*,*,#7166,.T.);
#8390=ORIENTED_EDGE('',*,*,#8389,.T.);
#8391=ORIENTED_EDGE('',*,*,#8334,.T.);
#8392=EDGE_LOOP('',(#8387,#8388,#8390,#8391));
#8393=FACE_OUTER_BOUND('',#8392,.F.);
#8394=ADVANCED_FACE('',(#8393),#8386,.T.);
#8395=CARTESIAN_POINT('',(-2.575999993446E1,2.590341828899E0,4.236356998094E1));
#8396=DIRECTION('',(0.E0,0.E0,1.E0));
#8397=DIRECTION('',(-1.E0,0.E0,0.E0));
#8398=AXIS2_PLACEMENT_3D('',#8395,#8396,#8397);
#8399=CYLINDRICAL_SURFACE('',#8398,4.5E0);
#8400=ORIENTED_EDGE('',*,*,#8389,.F.);
#8401=ORIENTED_EDGE('',*,*,#7164,.F.);
#8403=ORIENTED_EDGE('',*,*,#8402,.F.);
#8404=ORIENTED_EDGE('',*,*,#8336,.F.);
#8405=EDGE_LOOP('',(#8400,#8401,#8403,#8404));
#8406=FACE_OUTER_BOUND('',#8405,.F.);
#8407=ADVANCED_FACE('',(#8406),#8399,.T.);
#8408=CARTESIAN_POINT('',(-2.575999993446E1,2.590341828899E0,3.686356998094E1));
#8409=DIRECTION('',(0.E0,0.E0,1.E0));
#8410=DIRECTION('',(8.645743303294E-1,-5.025049525482E-1,0.E0));
#8411=AXIS2_PLACEMENT_3D('',#8408,#8409,#8410);
#8412=TOROIDAL_SURFACE('',#8411,4.E0,5.E-1);
#8414=ORIENTED_EDGE('',*,*,#8413,.T.);
#8415=ORIENTED_EDGE('',*,*,#8338,.T.);
#8416=ORIENTED_EDGE('',*,*,#8402,.T.);
#8417=ORIENTED_EDGE('',*,*,#7162,.T.);
#8418=EDGE_LOOP('',(#8414,#8415,#8416,#8417));
#8419=FACE_OUTER_BOUND('',#8418,.F.);
#8420=ADVANCED_FACE('',(#8419),#8412,.T.);
#8421=CARTESIAN_POINT('',(-2.901337516127E1,4.419043461169E0,3.636356998094E1));
#8422=DIRECTION('',(0.E0,0.E0,1.E0));
#8423=DIRECTION('',(0.E0,-1.E0,0.E0));
#8424=AXIS2_PLACEMENT_3D('',#8421,#8422,#8423);
#8425=PLANE('',#8424);
#8426=ORIENTED_EDGE('',*,*,#8413,.F.);
#8427=ORIENTED_EDGE('',*,*,#7160,.T.);
#8428=ORIENTED_EDGE('',*,*,#8340,.F.);
#8429=EDGE_LOOP('',(#8426,#8427,#8428));
#8430=FACE_OUTER_BOUND('',#8429,.F.);
#8431=ADVANCED_FACE('',(#8430),#8425,.F.);
#8432=CARTESIAN_POINT('',(-3.361097014353E1,1.320489080897E1,2.516811359073E1));
#8433=CARTESIAN_POINT('',(-3.151040924020E1,1.132209590508E1,2.855649198422E1));
#8434=CARTESIAN_POINT('',(-2.940984833687E1,9.439301001189E0,3.194487037771E1));
#8435=CARTESIAN_POINT('',(-2.730928743355E1,7.556506097301E0,3.533324877120E1));
#8436=CARTESIAN_POINT('',(-3.361070537159E1,1.313547999401E1,2.516810641289E1));
#8437=CARTESIAN_POINT('',(-3.151600354321E1,1.126602242984E1,2.855649136148E1));
#8438=CARTESIAN_POINT('',(-2.942130171484E1,9.396564865681E0,3.194487631008E1));
#8439=CARTESIAN_POINT('',(-2.732659988646E1,7.527107301518E0,3.533326125868E1));
#8440=CARTESIAN_POINT('',(-3.359729000384E1,9.595579156285E0,2.516774039688E1));
#8441=CARTESIAN_POINT('',(-3.179878341742E1,8.404816867420E0,2.855645804981E1));
#8442=CARTESIAN_POINT('',(-3.000027683100E1,7.214054578555E0,3.194517570275E1));
#8443=CARTESIAN_POINT('',(-2.820177024458E1,6.023292289690E0,3.533389335569E1));
#8444=CARTESIAN_POINT('',(-3.358837766139E1,5.988910659349E0,2.516737013331E1));
#8445=CARTESIAN_POINT('',(-3.195010811442E1,5.411561028652E0,2.855633988493E1));
#8446=CARTESIAN_POINT('',(-3.031183856745E1,4.834211397956E0,3.194530963655E1));
#8447=CARTESIAN_POINT('',(-2.867356902048E1,4.256861767260E0,3.533427938817E1));
#8448=CARTESIAN_POINT('',(-3.358498130227E1,2.451624741163E0,2.516701040558E1));
#8449=CARTESIAN_POINT('',(-3.194489337462E1,2.475190309892E0,2.855612581749E1));
#8450=CARTESIAN_POINT('',(-3.030480544698E1,2.498755878621E0,3.194524122939E1));
#8451=CARTESIAN_POINT('',(-2.866471751933E1,2.522321447350E0,3.533435664129E1));
#8452=CARTESIAN_POINT('',(-3.358491669857E1,2.382266177196E0,2.516700335337E1));
#8453=CARTESIAN_POINT('',(-3.194473387745E1,2.417615128103E0,2.855612158346E1));
#8454=CARTESIAN_POINT('',(-3.030455105633E1,2.452964079010E0,3.194523981354E1));
#8455=CARTESIAN_POINT('',(-2.866436823521E1,2.488313029917E0,3.533435804363E1));
#8456=B_SPLINE_SURFACE_WITH_KNOTS('',3,3,((#8432,#8433,#8434,#8435),(#8436,
#8437,#8438,#8439),(#8440,#8441,#8442,#8443),(#8444,#8445,#8446,#8447),(#8448,
#8449,#8450,#8451),(#8452,#8453,#8454,#8455)),.UNSPECIFIED.,.F.,.F.,.F.,(4,1,1,
4),(4,4),(-1.999999995341E-2,0.E0,1.E0,1.019999997624E0),(-1.146335917042E-2,
1.011463357170E0),.UNSPECIFIED.);
#8458=ORIENTED_EDGE('',*,*,#8457,.F.);
#8460=ORIENTED_EDGE('',*,*,#8459,.F.);
#8462=ORIENTED_EDGE('',*,*,#8461,.F.);
#8463=ORIENTED_EDGE('',*,*,#8343,.F.);
#8464=ORIENTED_EDGE('',*,*,#7156,.T.);
#8465=EDGE_LOOP('',(#8458,#8460,#8462,#8463,#8464));
#8466=FACE_OUTER_BOUND('',#8465,.F.);
#8467=ADVANCED_FACE('',(#8466),#8456,.T.);
#8468=CARTESIAN_POINT('',(-3.348999993446E1,7.740341828899E0,1.083899735351E1));
#8469=DIRECTION('',(1.E0,0.E0,0.E0));
#8470=DIRECTION('',(0.E0,1.E0,0.E0));
#8471=AXIS2_PLACEMENT_3D('',#8468,#8469,#8470);
#8472=PLANE('',#8471);
#8473=ORIENTED_EDGE('',*,*,#7130,.F.);
#8475=ORIENTED_EDGE('',*,*,#8474,.F.);
#8477=ORIENTED_EDGE('',*,*,#8476,.T.);
#8479=ORIENTED_EDGE('',*,*,#8478,.T.);
#8481=ORIENTED_EDGE('',*,*,#8480,.T.);
#8483=ORIENTED_EDGE('',*,*,#8482,.T.);
#8484=ORIENTED_EDGE('',*,*,#8457,.T.);
#8485=ORIENTED_EDGE('',*,*,#7154,.F.);
#8487=ORIENTED_EDGE('',*,*,#8486,.F.);
#8489=ORIENTED_EDGE('',*,*,#8488,.F.);
#8491=ORIENTED_EDGE('',*,*,#8490,.F.);
#8493=ORIENTED_EDGE('',*,*,#8492,.F.);
#8495=ORIENTED_EDGE('',*,*,#8494,.T.);
#8496=ORIENTED_EDGE('',*,*,#7142,.F.);
#8498=ORIENTED_EDGE('',*,*,#8497,.F.);
#8500=ORIENTED_EDGE('',*,*,#8499,.F.);
#8502=ORIENTED_EDGE('',*,*,#8501,.F.);
#8504=ORIENTED_EDGE('',*,*,#8503,.F.);
#8506=ORIENTED_EDGE('',*,*,#8505,.T.);
#8507=EDGE_LOOP('',(#8473,#8475,#8477,#8479,#8481,#8483,#8484,#8485,#8487,#8489,
#8491,#8493,#8495,#8496,#8498,#8500,#8502,#8504,#8506));
#8508=FACE_OUTER_BOUND('',#8507,.F.);
#8509=ADVANCED_FACE('',(#8508),#8472,.F.);
#8510=CARTESIAN_POINT('',(-3.318999993446E1,1.299030132434E1,
-3.336430019063E0));
#8511=DIRECTION('',(0.E0,-1.E0,0.E0));
#8512=DIRECTION('',(-1.E0,0.E0,0.E0));
#8513=AXIS2_PLACEMENT_3D('',#8510,#8511,#8512);
#8514=CYLINDRICAL_SURFACE('',#8513,3.E-1);
#8515=ORIENTED_EDGE('',*,*,#7128,.T.);
#8517=ORIENTED_EDGE('',*,*,#8516,.F.);
#8519=ORIENTED_EDGE('',*,*,#8518,.F.);
#8520=ORIENTED_EDGE('',*,*,#8474,.T.);
#8521=EDGE_LOOP('',(#8515,#8517,#8519,#8520));
#8522=FACE_OUTER_BOUND('',#8521,.F.);
#8523=ADVANCED_FACE('',(#8522),#8514,.T.);
#8524=CARTESIAN_POINT('',(-2.968999993446E1,8.390341828899E0,
-3.636430019063E0));
#8525=DIRECTION('',(-7.570292670828E-14,0.E0,1.E0));
#8526=DIRECTION('',(0.E0,1.E0,0.E0));
#8527=AXIS2_PLACEMENT_3D('',#8524,#8525,#8526);
#8528=PLANE('',#8527);
#8530=ORIENTED_EDGE('',*,*,#8529,.T.);
#8532=ORIENTED_EDGE('',*,*,#8531,.T.);
#8534=ORIENTED_EDGE('',*,*,#8533,.T.);
#8536=ORIENTED_EDGE('',*,*,#8535,.T.);
#8538=ORIENTED_EDGE('',*,*,#8537,.T.);
#8540=ORIENTED_EDGE('',*,*,#8539,.T.);
#8542=ORIENTED_EDGE('',*,*,#8541,.T.);
#8544=ORIENTED_EDGE('',*,*,#8543,.T.);
#8545=ORIENTED_EDGE('',*,*,#8516,.T.);
#8546=ORIENTED_EDGE('',*,*,#7126,.T.);
#8548=ORIENTED_EDGE('',*,*,#8547,.T.);
#8550=ORIENTED_EDGE('',*,*,#8549,.T.);
#8552=ORIENTED_EDGE('',*,*,#8551,.T.);
#8554=ORIENTED_EDGE('',*,*,#8553,.T.);
#8556=ORIENTED_EDGE('',*,*,#8555,.T.);
#8557=EDGE_LOOP('',(#8530,#8532,#8534,#8536,#8538,#8540,#8542,#8544,#8545,#8546,
#8548,#8550,#8552,#8554,#8556));
#8558=FACE_OUTER_BOUND('',#8557,.F.);
#8559=ADVANCED_FACE('',(#8558),#8528,.F.);
#8560=CARTESIAN_POINT('',(-8.001693976162E1,1.339034182890E1,
-3.336430019066E0));
#8561=DIRECTION('',(1.E0,0.E0,7.570460468561E-14));
#8562=DIRECTION('',(0.E0,-1.E0,0.E0));
#8563=AXIS2_PLACEMENT_3D('',#8560,#8561,#8562);
#8564=CYLINDRICAL_SURFACE('',#8563,3.E-1);
#8565=ORIENTED_EDGE('',*,*,#8529,.F.);
#8567=ORIENTED_EDGE('',*,*,#8566,.F.);
#8569=ORIENTED_EDGE('',*,*,#8568,.T.);
#8571=ORIENTED_EDGE('',*,*,#8570,.T.);
#8572=EDGE_LOOP('',(#8565,#8567,#8569,#8571));
#8573=FACE_OUTER_BOUND('',#8572,.F.);
#8574=ADVANCED_FACE('',(#8573),#8564,.T.);
#8575=CARTESIAN_POINT('',(-2.708999993446E1,1.183804076009E1,
-3.336430019062E0));
#8576=DIRECTION('',(0.E0,1.E0,0.E0));
#8577=DIRECTION('',(1.E0,0.E0,0.E0));
#8578=AXIS2_PLACEMENT_3D('',#8575,#8576,#8577);
#8579=CYLINDRICAL_SURFACE('',#8578,3.E-1);
#8580=ORIENTED_EDGE('',*,*,#8555,.F.);
#8582=ORIENTED_EDGE('',*,*,#8581,.F.);
#8584=ORIENTED_EDGE('',*,*,#8583,.T.);
#8585=ORIENTED_EDGE('',*,*,#8566,.T.);
#8586=EDGE_LOOP('',(#8580,#8582,#8584,#8585));
#8587=FACE_OUTER_BOUND('',#8586,.F.);
#8588=ADVANCED_FACE('',(#8587),#8579,.T.);
#8589=CARTESIAN_POINT('',(-2.828999993446E1,1.193999603800E1,
-3.336430019062E0));
#8590=DIRECTION('',(0.E0,0.E0,-1.E0));
#8591=DIRECTION('',(2.470701522445E-1,-9.689975953891E-1,0.E0));
#8592=AXIS2_PLACEMENT_3D('',#8589,#8590,#8591);
#8593=TOROIDAL_SURFACE('',#8592,1.2E0,3.E-1);
#8595=ORIENTED_EDGE('',*,*,#8594,.T.);
#8596=ORIENTED_EDGE('',*,*,#8581,.T.);
#8597=ORIENTED_EDGE('',*,*,#8553,.F.);
#8599=ORIENTED_EDGE('',*,*,#8598,.F.);
#8600=EDGE_LOOP('',(#8595,#8596,#8597,#8599));
#8601=FACE_OUTER_BOUND('',#8600,.F.);
#8602=ADVANCED_FACE('',(#8601),#8593,.T.);
#8603=CARTESIAN_POINT('',(-2.828999993446E1,1.193999603800E1,3.801545980938E0));
#8604=DIRECTION('',(0.E0,0.E0,-1.E0));
#8605=DIRECTION('',(1.E0,0.E0,0.E0));
#8606=AXIS2_PLACEMENT_3D('',#8603,#8604,#8605);
#8607=CYLINDRICAL_SURFACE('',#8606,1.5E0);
#8608=ORIENTED_EDGE('',*,*,#8594,.F.);
#8610=ORIENTED_EDGE('',*,*,#8609,.F.);
#8612=ORIENTED_EDGE('',*,*,#8611,.T.);
#8614=ORIENTED_EDGE('',*,*,#8613,.F.);
#8615=EDGE_LOOP('',(#8608,#8610,#8612,#8614));
#8616=FACE_OUTER_BOUND('',#8615,.F.);
#8617=ADVANCED_FACE('',(#8616),#8607,.T.);
#8618=CARTESIAN_POINT('',(-2.809143423087E1,1.042669136911E1,
-2.686430019065E0));
#8619=DIRECTION('',(-3.110461468062E-1,9.503948098328E-1,0.E0));
#8620=DIRECTION('',(9.503948098328E-1,3.110461468062E-1,0.E0));
#8621=AXIS2_PLACEMENT_3D('',#8618,#8619,#8620);
#8622=PLANE('',#8621);
#8624=ORIENTED_EDGE('',*,*,#8623,.F.);
#8626=ORIENTED_EDGE('',*,*,#8625,.T.);
#8627=ORIENTED_EDGE('',*,*,#7797,.T.);
#8629=ORIENTED_EDGE('',*,*,#8628,.F.);
#8631=ORIENTED_EDGE('',*,*,#8630,.T.);
#8632=ORIENTED_EDGE('',*,*,#8609,.T.);
#8633=EDGE_LOOP('',(#8624,#8626,#8627,#8629,#8631,#8632));
#8634=FACE_OUTER_BOUND('',#8633,.F.);
#8635=ADVANCED_FACE('',(#8634),#8622,.F.);
#8636=CARTESIAN_POINT('',(-2.855635983654E1,1.059018834973E1,
-3.336430019062E0));
#8637=DIRECTION('',(9.503948098328E-1,3.110461468062E-1,7.181619998843E-14));
#8638=DIRECTION('',(3.110461468062E-1,-9.503948098328E-1,0.E0));
#8639=AXIS2_PLACEMENT_3D('',#8636,#8637,#8638);
#8640=CYLINDRICAL_SURFACE('',#8639,3.E-1);
#8641=ORIENTED_EDGE('',*,*,#8623,.T.);
#8642=ORIENTED_EDGE('',*,*,#8598,.T.);
#8643=ORIENTED_EDGE('',*,*,#8551,.F.);
#8645=ORIENTED_EDGE('',*,*,#8644,.F.);
#8646=EDGE_LOOP('',(#8641,#8642,#8643,#8645));
#8647=FACE_OUTER_BOUND('',#8646,.F.);
#8648=ADVANCED_FACE('',(#8647),#8640,.T.);
#8649=CARTESIAN_POINT('',(-2.702193933281E1,6.252281227253E0,
-3.336430019063E0));
#8650=DIRECTION('',(0.E0,0.E0,-1.E0));
#8651=DIRECTION('',(-9.996788947464E-1,-2.533983817272E-2,0.E0));
#8652=AXIS2_PLACEMENT_3D('',#8649,#8650,#8651);
#8653=TOROIDAL_SURFACE('',#8652,4.6E0,3.E-1);
#8655=ORIENTED_EDGE('',*,*,#8654,.T.);
#8656=ORIENTED_EDGE('',*,*,#8644,.T.);
#8657=ORIENTED_EDGE('',*,*,#8549,.F.);
#8659=ORIENTED_EDGE('',*,*,#8658,.F.);
#8660=EDGE_LOOP('',(#8655,#8656,#8657,#8659));
#8661=FACE_OUTER_BOUND('',#8660,.F.);
#8662=ADVANCED_FACE('',(#8661),#8653,.T.);
#8663=CARTESIAN_POINT('',(-2.702193933281E1,6.252281227253E0,4.509569980938E0));
#8664=DIRECTION('',(0.E0,0.E0,-1.E0));
#8665=DIRECTION('',(-3.110461468061E-1,9.503948098328E-1,0.E0));
#8666=AXIS2_PLACEMENT_3D('',#8663,#8664,#8665);
#8667=CYLINDRICAL_SURFACE('',#8666,4.3E0);
#8668=ORIENTED_EDGE('',*,*,#8654,.F.);
#8670=ORIENTED_EDGE('',*,*,#8669,.F.);
#8671=ORIENTED_EDGE('',*,*,#7799,.T.);
#8672=ORIENTED_EDGE('',*,*,#8625,.F.);
#8673=EDGE_LOOP('',(#8668,#8670,#8671,#8672));
#8674=FACE_OUTER_BOUND('',#8673,.F.);
#8675=ADVANCED_FACE('',(#8674),#8667,.F.);
#8676=CARTESIAN_POINT('',(-3.132193933281E1,4.621311528076E0,
-2.736430019064E0));
#8677=DIRECTION('',(1.E0,0.E0,0.E0));
#8678=DIRECTION('',(0.E0,0.E0,-1.E0));
#8679=AXIS2_PLACEMENT_3D('',#8676,#8677,#8678);
#8680=PLANE('',#8679);
#8682=ORIENTED_EDGE('',*,*,#8681,.F.);
#8683=ORIENTED_EDGE('',*,*,#7122,.T.);
#8684=ORIENTED_EDGE('',*,*,#7801,.T.);
#8685=ORIENTED_EDGE('',*,*,#8669,.T.);
#8686=EDGE_LOOP('',(#8682,#8683,#8684,#8685));
#8687=FACE_OUTER_BOUND('',#8686,.F.);
#8688=ADVANCED_FACE('',(#8687),#8680,.T.);
#8689=CARTESIAN_POINT('',(-3.162193933281E1,-4.959838264699E1,
-3.336430019063E0));
#8690=DIRECTION('',(0.E0,1.E0,0.E0));
#8691=DIRECTION('',(1.E0,0.E0,0.E0));
#8692=AXIS2_PLACEMENT_3D('',#8689,#8690,#8691);
#8693=CYLINDRICAL_SURFACE('',#8692,3.E-1);
#8694=ORIENTED_EDGE('',*,*,#7124,.T.);
#8695=ORIENTED_EDGE('',*,*,#8681,.T.);
#8696=ORIENTED_EDGE('',*,*,#8658,.T.);
#8697=ORIENTED_EDGE('',*,*,#8547,.F.);
#8698=EDGE_LOOP('',(#8694,#8695,#8696,#8697));
#8699=FACE_OUTER_BOUND('',#8698,.F.);
#8700=ADVANCED_FACE('',(#8699),#8693,.T.);
#8701=CARTESIAN_POINT('',(-1.840999993446E1,1.043999603800E1,5.138272998145E0));
#8702=DIRECTION('',(0.E0,1.E0,0.E0));
#8703=DIRECTION('',(1.E0,0.E0,0.E0));
#8704=AXIS2_PLACEMENT_3D('',#8701,#8702,#8703);
#8705=PLANE('',#8704);
#8706=ORIENTED_EDGE('',*,*,#7854,.F.);
#8708=ORIENTED_EDGE('',*,*,#8707,.F.);
#8709=ORIENTED_EDGE('',*,*,#8628,.T.);
#8710=ORIENTED_EDGE('',*,*,#7795,.F.);
#8711=EDGE_LOOP('',(#8706,#8708,#8709,#8710));
#8712=FACE_OUTER_BOUND('',#8711,.F.);
#8713=ADVANCED_FACE('',(#8712),#8705,.F.);
#8714=CARTESIAN_POINT('',(-1.840999993446E1,1.118999603800E1,1.025556998094E1));
#8715=DIRECTION('',(0.E0,0.E0,1.E0));
#8716=DIRECTION('',(-1.E0,0.E0,0.E0));
#8717=AXIS2_PLACEMENT_3D('',#8714,#8715,#8716);
#8718=PLANE('',#8717);
#8719=ORIENTED_EDGE('',*,*,#7852,.F.);
#8721=ORIENTED_EDGE('',*,*,#8720,.F.);
#8723=ORIENTED_EDGE('',*,*,#8722,.F.);
#8724=ORIENTED_EDGE('',*,*,#8611,.F.);
#8725=ORIENTED_EDGE('',*,*,#8630,.F.);
#8726=ORIENTED_EDGE('',*,*,#8707,.T.);
#8727=EDGE_LOOP('',(#8719,#8721,#8723,#8724,#8725,#8726));
#8728=FACE_OUTER_BOUND('',#8727,.F.);
#8729=ADVANCED_FACE('',(#8728),#8718,.F.);
#8730=CARTESIAN_POINT('',(-8.529999934456E0,1.193999603800E1,
-4.355626970209E-12));
#8731=DIRECTION('',(0.E0,0.E0,1.E0));
#8732=DIRECTION('',(1.E0,0.E0,0.E0));
#8733=AXIS2_PLACEMENT_3D('',#8730,#8731,#8732);
#8734=CYLINDRICAL_SURFACE('',#8733,1.5E0);
#8736=ORIENTED_EDGE('',*,*,#8735,.F.);
#8738=ORIENTED_EDGE('',*,*,#8737,.F.);
#8739=ORIENTED_EDGE('',*,*,#8720,.T.);
#8740=ORIENTED_EDGE('',*,*,#7850,.F.);
#8741=EDGE_LOOP('',(#8736,#8738,#8739,#8740));
#8742=FACE_OUTER_BOUND('',#8741,.F.);
#8743=ADVANCED_FACE('',(#8742),#8734,.T.);
#8744=CARTESIAN_POINT('',(-8.529999934456E0,1.193999603800E1,
-3.336430019061E0));
#8745=DIRECTION('',(0.E0,0.E0,1.E0));
#8746=DIRECTION('',(-9.973622475893E-1,7.258475792914E-2,0.E0));
#8747=AXIS2_PLACEMENT_3D('',#8744,#8745,#8746);
#8748=TOROIDAL_SURFACE('',#8747,1.2E0,3.E-1);
#8749=ORIENTED_EDGE('',*,*,#8735,.T.);
#8750=ORIENTED_EDGE('',*,*,#7872,.T.);
#8751=ORIENTED_EDGE('',*,*,#7957,.F.);
#8753=ORIENTED_EDGE('',*,*,#8752,.F.);
#8754=EDGE_LOOP('',(#8749,#8750,#8751,#8753));
#8755=FACE_OUTER_BOUND('',#8754,.F.);
#8756=ADVANCED_FACE('',(#8755),#8748,.T.);
#8757=CARTESIAN_POINT('',(-9.729999934456E0,5.386019891901E1,
-3.336430019061E0));
#8758=DIRECTION('',(0.E0,-1.E0,0.E0));
#8759=DIRECTION('',(-1.E0,0.E0,0.E0));
#8760=AXIS2_PLACEMENT_3D('',#8757,#8758,#8759);
#8761=CYLINDRICAL_SURFACE('',#8760,3.E-1);
#8763=ORIENTED_EDGE('',*,*,#8762,.T.);
#8764=ORIENTED_EDGE('',*,*,#8752,.T.);
#8765=ORIENTED_EDGE('',*,*,#7955,.F.);
#8767=ORIENTED_EDGE('',*,*,#8766,.F.);
#8768=EDGE_LOOP('',(#8763,#8764,#8765,#8767));
#8769=FACE_OUTER_BOUND('',#8768,.F.);
#8770=ADVANCED_FACE('',(#8769),#8761,.T.);
#8771=CARTESIAN_POINT('',(-1.002999993446E1,1.309611643538E1,6.009569980938E0));
#8772=DIRECTION('',(1.E0,0.E0,0.E0));
#8773=DIRECTION('',(0.E0,0.E0,-1.E0));
#8774=AXIS2_PLACEMENT_3D('',#8771,#8772,#8773);
#8775=PLANE('',#8774);
#8776=ORIENTED_EDGE('',*,*,#8762,.F.);
#8778=ORIENTED_EDGE('',*,*,#8777,.F.);
#8780=ORIENTED_EDGE('',*,*,#8779,.F.);
#8782=ORIENTED_EDGE('',*,*,#8781,.T.);
#8784=ORIENTED_EDGE('',*,*,#8783,.T.);
#8786=ORIENTED_EDGE('',*,*,#8785,.F.);
#8787=ORIENTED_EDGE('',*,*,#8737,.T.);
#8788=EDGE_LOOP('',(#8776,#8778,#8780,#8782,#8784,#8786,#8787));
#8789=FACE_OUTER_BOUND('',#8788,.F.);
#8790=ADVANCED_FACE('',(#8789),#8775,.F.);
#8791=CARTESIAN_POINT('',(-1.057999993446E1,1.309034182890E1,2.913569980938E0));
#8792=DIRECTION('',(0.E0,1.E0,0.E0));
#8793=DIRECTION('',(0.E0,0.E0,-1.E0));
#8794=AXIS2_PLACEMENT_3D('',#8791,#8792,#8793);
#8795=PLANE('',#8794);
#8797=ORIENTED_EDGE('',*,*,#8796,.T.);
#8799=ORIENTED_EDGE('',*,*,#8798,.F.);
#8800=ORIENTED_EDGE('',*,*,#8777,.T.);
#8802=ORIENTED_EDGE('',*,*,#8801,.F.);
#8803=EDGE_LOOP('',(#8797,#8799,#8800,#8802));
#8804=FACE_OUTER_BOUND('',#8803,.F.);
#8805=ADVANCED_FACE('',(#8804),#8795,.F.);
#8806=CARTESIAN_POINT('',(-1.062999993446E1,1.339034182890E1,0.E0));
#8807=DIRECTION('',(0.E0,0.E0,1.E0));
#8808=DIRECTION('',(0.E0,1.E0,0.E0));
#8809=AXIS2_PLACEMENT_3D('',#8806,#8807,#8808);
#8810=CYLINDRICAL_SURFACE('',#8809,3.E-1);
#8812=ORIENTED_EDGE('',*,*,#8811,.F.);
#8814=ORIENTED_EDGE('',*,*,#8813,.T.);
#8815=ORIENTED_EDGE('',*,*,#8796,.F.);
#8817=ORIENTED_EDGE('',*,*,#8816,.F.);
#8818=EDGE_LOOP('',(#8812,#8814,#8815,#8817));
#8819=FACE_OUTER_BOUND('',#8818,.F.);
#8820=ADVANCED_FACE('',(#8819),#8810,.T.);
#8821=CARTESIAN_POINT('',(-1.092999993446E1,1.384034182890E1,2.913569980938E0));
#8822=DIRECTION('',(1.E0,0.E0,0.E0));
#8823=DIRECTION('',(0.E0,0.E0,-1.E0));
#8824=AXIS2_PLACEMENT_3D('',#8821,#8822,#8823);
#8825=PLANE('',#8824);
#8827=ORIENTED_EDGE('',*,*,#8826,.T.);
#8829=ORIENTED_EDGE('',*,*,#8828,.T.);
#8830=ORIENTED_EDGE('',*,*,#8811,.T.);
#8832=ORIENTED_EDGE('',*,*,#8831,.F.);
#8833=EDGE_LOOP('',(#8827,#8829,#8830,#8832));
#8834=FACE_OUTER_BOUND('',#8833,.F.);
#8835=ADVANCED_FACE('',(#8834),#8825,.F.);
#8836=CARTESIAN_POINT('',(-1.062999993446E1,1.429034182890E1,0.E0));
#8837=DIRECTION('',(0.E0,0.E0,1.E0));
#8838=DIRECTION('',(1.E0,0.E0,0.E0));
#8839=AXIS2_PLACEMENT_3D('',#8836,#8837,#8838);
#8840=CYLINDRICAL_SURFACE('',#8839,3.E-1);
#8841=ORIENTED_EDGE('',*,*,#8826,.F.);
#8843=ORIENTED_EDGE('',*,*,#8842,.F.);
#8845=ORIENTED_EDGE('',*,*,#8844,.F.);
#8847=ORIENTED_EDGE('',*,*,#8846,.T.);
#8848=EDGE_LOOP('',(#8841,#8843,#8845,#8847));
#8849=FACE_OUTER_BOUND('',#8848,.F.);
#8850=ADVANCED_FACE('',(#8849),#8840,.T.);
#8851=CARTESIAN_POINT('',(-1.062999993446E1,1.429034182890E1,
-3.336430019061E0));
#8852=DIRECTION('',(7.071067811799E-1,7.071067811932E-1,0.E0));
#8853=DIRECTION('',(-7.071067811932E-1,7.071067811799E-1,0.E0));
#8854=AXIS2_PLACEMENT_3D('',#8851,#8852,#8853);
#8855=SPHERICAL_SURFACE('',#8854,3.E-1);
#8856=ORIENTED_EDGE('',*,*,#8842,.T.);
#8858=ORIENTED_EDGE('',*,*,#8857,.T.);
#8860=ORIENTED_EDGE('',*,*,#8859,.F.);
#8861=EDGE_LOOP('',(#8856,#8858,#8860));
#8862=FACE_OUTER_BOUND('',#8861,.F.);
#8863=ADVANCED_FACE('',(#8862),#8855,.T.);
#8864=CARTESIAN_POINT('',(-1.062999993446E1,1.439613452596E1,
-3.336430019061E0));
#8865=DIRECTION('',(0.E0,-1.E0,0.E0));
#8866=DIRECTION('',(-1.E0,0.E0,0.E0));
#8867=AXIS2_PLACEMENT_3D('',#8864,#8865,#8866);
#8868=CYLINDRICAL_SURFACE('',#8867,3.E-1);
#8869=ORIENTED_EDGE('',*,*,#8831,.T.);
#8871=ORIENTED_EDGE('',*,*,#8870,.T.);
#8872=ORIENTED_EDGE('',*,*,#7951,.F.);
#8873=ORIENTED_EDGE('',*,*,#8857,.F.);
#8874=EDGE_LOOP('',(#8869,#8871,#8872,#8873));
#8875=FACE_OUTER_BOUND('',#8874,.F.);
#8876=ADVANCED_FACE('',(#8875),#8868,.T.);
#8877=CARTESIAN_POINT('',(-1.062999993446E1,1.339034182890E1,
-3.336430019061E0));
#8878=DIRECTION('',(-7.071067811932E-1,7.071067811798E-1,0.E0));
#8879=DIRECTION('',(-7.071067811798E-1,-7.071067811932E-1,0.E0));
#8880=AXIS2_PLACEMENT_3D('',#8877,#8878,#8879);
#8881=SPHERICAL_SURFACE('',#8880,3.E-1);
#8882=ORIENTED_EDGE('',*,*,#8816,.T.);
#8884=ORIENTED_EDGE('',*,*,#8883,.T.);
#8885=ORIENTED_EDGE('',*,*,#8870,.F.);
#8886=EDGE_LOOP('',(#8882,#8884,#8885));
#8887=FACE_OUTER_BOUND('',#8886,.F.);
#8888=ADVANCED_FACE('',(#8887),#8881,.T.);
#8889=CARTESIAN_POINT('',(-1.073579263152E1,1.339034182890E1,
-3.336430019061E0));
#8890=DIRECTION('',(1.E0,0.E0,7.576801625302E-14));
#8891=DIRECTION('',(0.E0,-1.E0,0.E0));
#8892=AXIS2_PLACEMENT_3D('',#8889,#8890,#8891);
#8893=CYLINDRICAL_SURFACE('',#8892,3.E-1);
#8894=ORIENTED_EDGE('',*,*,#8766,.T.);
#8895=ORIENTED_EDGE('',*,*,#7953,.F.);
#8896=ORIENTED_EDGE('',*,*,#8883,.F.);
#8897=ORIENTED_EDGE('',*,*,#8801,.T.);
#8898=EDGE_LOOP('',(#8894,#8895,#8896,#8897));
#8899=FACE_OUTER_BOUND('',#8898,.F.);
#8900=ADVANCED_FACE('',(#8899),#8893,.T.);
#8901=CARTESIAN_POINT('',(-9.928044656544E0,1.429034182890E1,
-3.336430019061E0));
#8902=DIRECTION('',(-1.E0,0.E0,-7.587058446202E-14));
#8903=DIRECTION('',(0.E0,1.E0,0.E0));
#8904=AXIS2_PLACEMENT_3D('',#8901,#8902,#8903);
#8905=CYLINDRICAL_SURFACE('',#8904,3.E-1);
#8906=ORIENTED_EDGE('',*,*,#7949,.F.);
#8908=ORIENTED_EDGE('',*,*,#8907,.F.);
#8910=ORIENTED_EDGE('',*,*,#8909,.T.);
#8911=ORIENTED_EDGE('',*,*,#8859,.T.);
#8912=EDGE_LOOP('',(#8906,#8908,#8910,#8911));
#8913=FACE_OUTER_BOUND('',#8912,.F.);
#8914=ADVANCED_FACE('',(#8913),#8905,.T.);
#8915=CARTESIAN_POINT('',(-1.002999993446E1,1.309034182890E1,
-3.336430019061E0));
#8916=DIRECTION('',(0.E0,0.E0,-1.E0));
#8917=DIRECTION('',(9.977803992070E-1,-6.659035184171E-2,0.E0));
#8918=AXIS2_PLACEMENT_3D('',#8915,#8916,#8917);
#8919=TOROIDAL_SURFACE('',#8918,1.2E0,3.E-1);
#8921=ORIENTED_EDGE('',*,*,#8920,.T.);
#8922=ORIENTED_EDGE('',*,*,#8907,.T.);
#8923=ORIENTED_EDGE('',*,*,#7947,.F.);
#8925=ORIENTED_EDGE('',*,*,#8924,.F.);
#8926=EDGE_LOOP('',(#8921,#8922,#8923,#8925));
#8927=FACE_OUTER_BOUND('',#8926,.F.);
#8928=ADVANCED_FACE('',(#8927),#8919,.T.);
#8929=CARTESIAN_POINT('',(-1.002999993446E1,1.309034182890E1,
-4.355626970209E-12));
#8930=DIRECTION('',(0.E0,0.E0,-1.E0));
#8931=DIRECTION('',(-1.E0,0.E0,0.E0));
#8932=AXIS2_PLACEMENT_3D('',#8929,#8930,#8931);
#8933=CYLINDRICAL_SURFACE('',#8932,1.5E0);
#8935=ORIENTED_EDGE('',*,*,#8934,.F.);
#8936=ORIENTED_EDGE('',*,*,#8920,.F.);
#8938=ORIENTED_EDGE('',*,*,#8937,.F.);
#8940=ORIENTED_EDGE('',*,*,#8939,.F.);
#8942=ORIENTED_EDGE('',*,*,#8941,.F.);
#8944=ORIENTED_EDGE('',*,*,#8943,.T.);
#8945=EDGE_LOOP('',(#8935,#8936,#8938,#8940,#8942,#8944));
#8946=FACE_OUTER_BOUND('',#8945,.F.);
#8947=ADVANCED_FACE('',(#8946),#8933,.T.);
#8948=CARTESIAN_POINT('',(-1.032999993446E1,1.459034182890E1,2.913569980938E0));
#8949=DIRECTION('',(0.E0,1.E0,0.E0));
#8950=DIRECTION('',(0.E0,0.E0,-1.E0));
#8951=AXIS2_PLACEMENT_3D('',#8948,#8949,#8950);
#8952=PLANE('',#8951);
#8953=ORIENTED_EDGE('',*,*,#8844,.T.);
#8954=ORIENTED_EDGE('',*,*,#8909,.F.);
#8955=ORIENTED_EDGE('',*,*,#8934,.T.);
#8957=ORIENTED_EDGE('',*,*,#8956,.F.);
#8958=EDGE_LOOP('',(#8953,#8954,#8955,#8957));
#8959=FACE_OUTER_BOUND('',#8958,.F.);
#8960=ADVANCED_FACE('',(#8959),#8952,.T.);
#8961=CARTESIAN_POINT('',(-1.032878517960E1,1.375259172882E1,9.363569980937E0));
#8962=DIRECTION('',(0.E0,0.E0,1.E0));
#8963=DIRECTION('',(0.E0,1.E0,0.E0));
#8964=AXIS2_PLACEMENT_3D('',#8961,#8962,#8963);
#8965=PLANE('',#8964);
#8966=ORIENTED_EDGE('',*,*,#8956,.T.);
#8967=ORIENTED_EDGE('',*,*,#8943,.F.);
#8969=ORIENTED_EDGE('',*,*,#8968,.F.);
#8970=ORIENTED_EDGE('',*,*,#8779,.T.);
#8971=ORIENTED_EDGE('',*,*,#8798,.T.);
#8972=ORIENTED_EDGE('',*,*,#8813,.F.);
#8973=ORIENTED_EDGE('',*,*,#8828,.F.);
#8974=ORIENTED_EDGE('',*,*,#8846,.F.);
#8975=EDGE_LOOP('',(#8966,#8967,#8969,#8970,#8971,#8972,#8973,#8974));
#8976=FACE_OUTER_BOUND('',#8975,.F.);
#8977=ADVANCED_FACE('',(#8976),#8965,.T.);
#8978=CARTESIAN_POINT('',(-9.729999934456E0,1.425223683276E1,
-6.881643124532E1));
#8979=DIRECTION('',(0.E0,0.E0,1.E0));
#8980=DIRECTION('',(2.5E-1,9.682458365519E-1,0.E0));
#8981=AXIS2_PLACEMENT_3D('',#8978,#8979,#8980);
#8982=CYLINDRICAL_SURFACE('',#8981,3.E-1);
#8983=ORIENTED_EDGE('',*,*,#8941,.T.);
#8985=ORIENTED_EDGE('',*,*,#8984,.T.);
#8986=ORIENTED_EDGE('',*,*,#8781,.F.);
#8987=ORIENTED_EDGE('',*,*,#8968,.T.);
#8988=EDGE_LOOP('',(#8983,#8985,#8986,#8987));
#8989=FACE_OUTER_BOUND('',#8988,.F.);
#8990=ADVANCED_FACE('',(#8989),#8982,.T.);
#8991=CARTESIAN_POINT('',(-9.729999934456E0,1.425223683276E1,1.525556998094E1));
#8992=DIRECTION('',(0.E0,0.E0,1.E0));
#8993=DIRECTION('',(-8.812641713687E-1,-4.726240157480E-1,0.E0));
#8994=AXIS2_PLACEMENT_3D('',#8991,#8992,#8993);
#8995=TOROIDAL_SURFACE('',#8994,1.3E0,1.E0);
#8997=ORIENTED_EDGE('',*,*,#8996,.F.);
#8999=ORIENTED_EDGE('',*,*,#8998,.T.);
#9001=ORIENTED_EDGE('',*,*,#9000,.F.);
#9002=ORIENTED_EDGE('',*,*,#8984,.F.);
#9004=ORIENTED_EDGE('',*,*,#9003,.F.);
#9005=EDGE_LOOP('',(#8997,#8999,#9001,#9002,#9004));
#9006=FACE_OUTER_BOUND('',#9005,.F.);
#9007=ADVANCED_FACE('',(#9006),#8995,.F.);
#9008=CARTESIAN_POINT('',(-1.039584042948E1,1.530014884469E1,1.625954757962E1));
#9009=CARTESIAN_POINT('',(-1.038341416269E1,1.530322600676E1,1.625933551725E1));
#9010=CARTESIAN_POINT('',(-1.030438239558E1,1.532246388213E1,1.625788250746E1));
#9011=CARTESIAN_POINT('',(-1.015220506260E1,1.535506951240E1,1.625414822311E1));
#9012=CARTESIAN_POINT('',(-9.924976346175E0,1.538585214931E1,1.624969889619E1));
#9013=CARTESIAN_POINT('',(-9.676801559695E0,1.539452912371E1,1.624833859681E1));
#9014=CARTESIAN_POINT('',(-9.491944060128E0,1.537971388635E1,1.625062591357E1));
#9015=CARTESIAN_POINT('',(-9.391623561254E0,1.536560617121E1,1.625257023236E1));
#9016=CARTESIAN_POINT('',(-9.377285674718E0,1.536346387524E1,1.625286171304E1));
#9017=CARTESIAN_POINT('',(-1.039551558182E1,1.596159396026E1,1.619964707894E1));
#9018=CARTESIAN_POINT('',(-1.038321710384E1,1.596485375712E1,1.620147791311E1));
#9019=CARTESIAN_POINT('',(-1.030486120785E1,1.598518706814E1,1.621280049183E1));
#9020=CARTESIAN_POINT('',(-1.015266897956E1,1.601896913839E1,1.623072765166E1));
#9021=CARTESIAN_POINT('',(-9.924946492376E0,1.605003345152E1,1.624671619845E1));
#9022=CARTESIAN_POINT('',(-9.676840454243E0,1.605866228513E1,1.625111971011E1));
#9023=CARTESIAN_POINT('',(-9.491853694321E0,1.604387806383E1,1.624356782368E1));
#9024=CARTESIAN_POINT('',(-9.391360483898E0,1.602955397592E1,1.623614420916E1));
#9025=CARTESIAN_POINT('',(-9.376999059337E0,1.602737506530E1,1.623501311515E1));
#9026=CARTESIAN_POINT('',(-1.039803895176E1,1.643551029347E1,1.666493523606E1));
#9027=CARTESIAN_POINT('',(-1.038484181614E1,1.643733086053E1,1.666823479565E1));
#9028=CARTESIAN_POINT('',(-1.030117760099E1,1.644863634045E1,1.668867766385E1));
#9029=CARTESIAN_POINT('',(-1.014347556809E1,1.646667704792E1,1.672142119133E1));
#9030=CARTESIAN_POINT('',(-9.918033058987E0,1.648234335871E1,1.675091740630E1));
#9031=CARTESIAN_POINT('',(-9.678909684374E0,1.648654924316E1,1.675907653846E1));
#9032=CARTESIAN_POINT('',(-9.499351999930E0,1.647928371473E1,1.674509582954E1));
#9033=CARTESIAN_POINT('',(-9.399294234920E0,1.647196003627E1,1.673143237741E1));
#9034=CARTESIAN_POINT('',(-9.384936267593E0,1.647084172431E1,1.672935180456E1));
#9035=CARTESIAN_POINT('',(-1.040163141226E1,1.638775843001E1,1.732735601787E1));
#9036=CARTESIAN_POINT('',(-1.038714278007E1,1.638753264594E1,1.733051459234E1));
#9037=CARTESIAN_POINT('',(-1.029592873858E1,1.638605218992E1,1.734999210036E1));
#9038=CARTESIAN_POINT('',(-1.013110673420E1,1.638253233593E1,1.738026049190E1));
#9039=CARTESIAN_POINT('',(-9.909110430833E0,1.637797748019E1,1.740681045400E1));
#9040=CARTESIAN_POINT('',(-9.681550318846E0,1.637650405130E1,1.741406907863E1));
#9041=CARTESIAN_POINT('',(-9.509152222165E0,1.637894376353E1,1.740160263300E1));
#9042=CARTESIAN_POINT('',(-9.409831044421E0,1.638090156858E1,1.738922689839E1));
#9043=CARTESIAN_POINT('',(-9.395501092029E0,1.638119328297E1,1.738733938203E1));
#9044=(BOUNDED_SURFACE()B_SPLINE_SURFACE(3,3,((#9008,#9009,#9010,#9011,#9012,
#9013,#9014,#9015,#9016),(#9017,#9018,#9019,#9020,#9021,#9022,#9023,#9024,
#9025),(#9026,#9027,#9028,#9029,#9030,#9031,#9032,#9033,#9034),(#9035,#9036,
#9037,#9038,#9039,#9040,#9041,#9042,#9043)),.UNSPECIFIED.,.F.,.F.,.F.)B_SPLINE_SURFACE_WITH_KNOTS((4,4),(4,1,1,1,1,1,4),(0.E0,1.E0),(-4.471499998415E-2,0.E0,
2.374127195433E-1,4.731394704554E-1,7.239545010082E-1,1.E0,1.046352826033E0),
.UNSPECIFIED.)GEOMETRIC_REPRESENTATION_ITEM()RATIONAL_B_SPLINE_SURFACE(((
1.213982624519E0,1.213982624519E0,1.213982624519E0,1.213982624519E0,
1.213982624519E0,1.213982624519E0,1.213982624519E0,1.213982624519E0,
1.213982624519E0),(9.286724584936E-1,9.286724584936E-1,9.286724584936E-1,
9.286724584936E-1,9.286724584936E-1,9.286724584936E-1,9.286724584936E-1,
9.286724584936E-1,9.286724584936E-1),(9.286724584936E-1,9.286724584936E-1,
9.286724584936E-1,9.286724584936E-1,9.286724584936E-1,9.286724584936E-1,
9.286724584936E-1,9.286724584936E-1,9.286724584936E-1),(1.213982624519E0,
1.213982624519E0,1.213982624519E0,1.213982624519E0,1.213982624519E0,
1.213982624519E0,1.213982624519E0,1.213982624519E0,1.213982624519E0)))REPRESENTATION_ITEM('')SURFACE());
#9045=ORIENTED_EDGE('',*,*,#8996,.T.);
#9047=ORIENTED_EDGE('',*,*,#9046,.T.);
#9049=ORIENTED_EDGE('',*,*,#9048,.F.);
#9051=ORIENTED_EDGE('',*,*,#9050,.F.);
#9052=EDGE_LOOP('',(#9045,#9047,#9049,#9051));
#9053=FACE_OUTER_BOUND('',#9052,.F.);
#9054=ADVANCED_FACE('',(#9053),#9044,.T.);
#9055=CARTESIAN_POINT('',(-9.461722406762E0,1.537467680173E1,1.625128496665E1));
#9056=CARTESIAN_POINT('',(-9.447966011643E0,1.537302181097E1,1.625152738508E1));
#9057=CARTESIAN_POINT('',(-9.393041489412E0,1.536618699233E1,1.625251535787E1));
#9058=CARTESIAN_POINT('',(-9.297885246423E0,1.535280395783E1,1.625433626803E1));
#9059=CARTESIAN_POINT('',(-9.174255193146E0,1.533262864773E1,1.625673296424E1));
#9060=CARTESIAN_POINT('',(-9.079040667083E0,1.531504046698E1,1.625842974671E1));
#9061=CARTESIAN_POINT('',(-9.023941520369E0,1.530414698119E1,1.625926665346E1));
#9062=CARTESIAN_POINT('',(-9.010876687962E0,1.530152498431E1,1.625945527859E1));
#9063=CARTESIAN_POINT('',(-9.461558555686E0,1.603873878789E1,1.624088245154E1));
#9064=CARTESIAN_POINT('',(-9.447784918097E0,1.603706638148E1,1.624002584041E1));
#9065=CARTESIAN_POINT('',(-9.392791100476E0,1.603014942505E1,1.623647503864E1));
#9066=CARTESIAN_POINT('',(-9.297523865671E0,1.601651688540E1,1.622940832685E1));
#9067=CARTESIAN_POINT('',(-9.173878751994E0,1.599571656493E1,1.621840478452E1));
#9068=CARTESIAN_POINT('',(-9.078882488039E0,1.597733019225E1,1.620841856579E1));
#9069=CARTESIAN_POINT('',(-9.024068190648E0,1.596582086010E1,1.620202102689E1));
#9070=CARTESIAN_POINT('',(-9.011081329438E0,1.596304389429E1,1.620046854527E1));
#9071=CARTESIAN_POINT('',(-9.469422705853E0,1.647663047047E1,1.674015744195E1));
#9072=CARTESIAN_POINT('',(-9.455634348482E0,1.647578443685E1,1.673857609018E1));
#9073=CARTESIAN_POINT('',(-9.400495187228E0,1.647227364010E1,1.673202554444E1));
#9074=CARTESIAN_POINT('',(-9.304346699689E0,1.646525317617E1,1.671902694521E1));
#9075=CARTESIAN_POINT('',(-9.178192280129E0,1.645425961071E1,1.669890195686E1));
#9076=CARTESIAN_POINT('',(-9.080094941661E0,1.644425842537E1,1.668076308809E1));
#9077=CARTESIAN_POINT('',(-9.023015573717E0,1.643786392437E1,1.666920827434E1));
#9078=CARTESIAN_POINT('',(-9.009464848517E0,1.643631370490E1,1.666640807903E1));
#9079=CARTESIAN_POINT('',(-9.479770226999E0,1.637961569562E1,1.739709539549E1));
#9080=CARTESIAN_POINT('',(-9.465980050734E0,1.637985718790E1,1.739567457143E1));
#9081=CARTESIAN_POINT('',(-9.410721972341E0,1.638083933060E1,1.738977828607E1));
#9082=CARTESIAN_POINT('',(-9.313543299643E0,1.638263066984E1,1.737798581958E1));
#9083=CARTESIAN_POINT('',(-9.184154518402E0,1.638496135820E1,1.735944926622E1));
#9084=CARTESIAN_POINT('',(-9.081823185799E0,1.638661675124E1,1.734243613608E1));
#9085=CARTESIAN_POINT('',(-9.021525818641E0,1.638746153989E1,1.733143736226E1));
#9086=CARTESIAN_POINT('',(-9.007166947371E0,1.638765486277E1,1.732876254862E1));
#9087=(BOUNDED_SURFACE()B_SPLINE_SURFACE(3,3,((#9055,#9056,#9057,#9058,#9059,
#9060,#9061,#9062),(#9063,#9064,#9065,#9066,#9067,#9068,#9069,#9070),(#9071,
#9072,#9073,#9074,#9075,#9076,#9077,#9078),(#9079,#9080,#9081,#9082,#9083,#9084,
#9085,#9086)),.UNSPECIFIED.,.F.,.F.,.F.)B_SPLINE_SURFACE_WITH_KNOTS((4,4),(4,1,
1,1,1,4),(0.E0,1.E0),(-1.082178627100E-1,0.E0,3.248181085908E-1,
6.490788272040E-1,1.E0,1.109559340606E0),.UNSPECIFIED.)GEOMETRIC_REPRESENTATION_ITEM()RATIONAL_B_SPLINE_SURFACE(((1.213979492043E0,1.213979492043E0,
1.213979492043E0,1.213979492043E0,1.213979492043E0,1.213979492043E0,
1.213979492043E0,1.213979492043E0),(9.286735026524E-1,9.286735026524E-1,
9.286735026524E-1,9.286735026524E-1,9.286735026524E-1,9.286735026524E-1,
9.286735026524E-1,9.286735026524E-1),(9.286735026524E-1,9.286735026524E-1,
9.286735026524E-1,9.286735026524E-1,9.286735026524E-1,9.286735026524E-1,
9.286735026524E-1,9.286735026524E-1),(1.213979492043E0,1.213979492043E0,
1.213979492043E0,1.213979492043E0,1.213979492043E0,1.213979492043E0,
1.213979492043E0,1.213979492043E0)))REPRESENTATION_ITEM('')SURFACE());
#9089=ORIENTED_EDGE('',*,*,#9088,.T.);
#9091=ORIENTED_EDGE('',*,*,#9090,.T.);
#9093=ORIENTED_EDGE('',*,*,#9092,.F.);
#9094=ORIENTED_EDGE('',*,*,#9046,.F.);
#9095=EDGE_LOOP('',(#9089,#9091,#9093,#9094));
#9096=FACE_OUTER_BOUND('',#9095,.F.);
#9097=ADVANCED_FACE('',(#9096),#9087,.T.);
#9098=CARTESIAN_POINT('',(-1.002999993446E1,1.309034182890E1,1.525556998094E1));
#9099=DIRECTION('',(0.E0,0.E0,-1.E0));
#9100=DIRECTION('',(-7.081567326534E-1,-7.060552683733E-1,0.E0));
#9101=AXIS2_PLACEMENT_3D('',#9098,#9099,#9100);
#9102=TOROIDAL_SURFACE('',#9101,2.5E0,1.E0);
#9103=ORIENTED_EDGE('',*,*,#9088,.F.);
#9104=ORIENTED_EDGE('',*,*,#9003,.T.);
#9105=ORIENTED_EDGE('',*,*,#8939,.T.);
#9107=ORIENTED_EDGE('',*,*,#9106,.F.);
#9109=ORIENTED_EDGE('',*,*,#9108,.F.);
#9110=EDGE_LOOP('',(#9103,#9104,#9105,#9107,#9109));
#9111=FACE_OUTER_BOUND('',#9110,.F.);
#9112=ADVANCED_FACE('',(#9111),#9102,.F.);
#9113=CARTESIAN_POINT('',(-7.529999934456E0,1.319430100222E1,1.525556998094E1));
#9114=DIRECTION('',(0.E0,-1.E0,0.E0));
#9115=DIRECTION('',(0.E0,0.E0,1.E0));
#9116=AXIS2_PLACEMENT_3D('',#9113,#9114,#9115);
#9117=CYLINDRICAL_SURFACE('',#9116,1.E0);
#9119=ORIENTED_EDGE('',*,*,#9118,.F.);
#9120=ORIENTED_EDGE('',*,*,#9106,.T.);
#9122=ORIENTED_EDGE('',*,*,#9121,.T.);
#9124=ORIENTED_EDGE('',*,*,#9123,.T.);
#9125=EDGE_LOOP('',(#9119,#9120,#9122,#9124));
#9126=FACE_OUTER_BOUND('',#9125,.F.);
#9127=ADVANCED_FACE('',(#9126),#9117,.F.);
#9128=CARTESIAN_POINT('',(-3.012989788301E1,1.353666217246E1,1.625556998094E1));
#9129=DIRECTION('',(0.E0,0.E0,1.E0));
#9130=DIRECTION('',(1.E0,0.E0,0.E0));
#9131=AXIS2_PLACEMENT_3D('',#9128,#9129,#9130);
#9132=PLANE('',#9131);
#9134=ORIENTED_EDGE('',*,*,#9133,.F.);
#9136=ORIENTED_EDGE('',*,*,#9135,.F.);
#9138=ORIENTED_EDGE('',*,*,#9137,.F.);
#9139=ORIENTED_EDGE('',*,*,#9108,.T.);
#9140=ORIENTED_EDGE('',*,*,#9118,.T.);
#9142=ORIENTED_EDGE('',*,*,#9141,.T.);
#9143=EDGE_LOOP('',(#9134,#9136,#9138,#9139,#9140,#9142));
#9144=FACE_OUTER_BOUND('',#9143,.F.);
#9145=ADVANCED_FACE('',(#9144),#9132,.F.);
#9146=CARTESIAN_POINT('',(-3.012989788301E1,1.353666217246E1,1.625556998094E1));
#9147=DIRECTION('',(0.E0,0.E0,1.E0));
#9148=DIRECTION('',(1.E0,0.E0,0.E0));
#9149=AXIS2_PLACEMENT_3D('',#9146,#9147,#9148);
#9150=PLANE('',#9149);
#9152=ORIENTED_EDGE('',*,*,#9151,.F.);
#9154=ORIENTED_EDGE('',*,*,#9153,.F.);
#9156=ORIENTED_EDGE('',*,*,#9155,.T.);
#9158=ORIENTED_EDGE('',*,*,#9157,.T.);
#9160=ORIENTED_EDGE('',*,*,#9159,.F.);
#9161=ORIENTED_EDGE('',*,*,#8998,.F.);
#9162=EDGE_LOOP('',(#9152,#9154,#9156,#9158,#9160,#9161));
#9163=FACE_OUTER_BOUND('',#9162,.F.);
#9164=ADVANCED_FACE('',(#9163),#9150,.F.);
#9165=CARTESIAN_POINT('',(-3.012989788301E1,1.353666217246E1,1.625556998094E1));
#9166=DIRECTION('',(0.E0,0.E0,1.E0));
#9167=DIRECTION('',(1.E0,0.E0,0.E0));
#9168=AXIS2_PLACEMENT_3D('',#9165,#9166,#9167);
#9169=PLANE('',#9168);
#9171=ORIENTED_EDGE('',*,*,#9170,.F.);
#9173=ORIENTED_EDGE('',*,*,#9172,.F.);
#9175=ORIENTED_EDGE('',*,*,#9174,.F.);
#9177=ORIENTED_EDGE('',*,*,#9176,.T.);
#9179=ORIENTED_EDGE('',*,*,#9178,.T.);
#9181=ORIENTED_EDGE('',*,*,#9180,.T.);
#9182=EDGE_LOOP('',(#9171,#9173,#9175,#9177,#9179,#9181));
#9183=FACE_OUTER_BOUND('',#9182,.F.);
#9184=ADVANCED_FACE('',(#9183),#9169,.F.);
#9185=CARTESIAN_POINT('',(-4.329999934456E0,1.299430100222E1,1.725556998094E1));
#9186=DIRECTION('',(0.E0,-1.E0,0.E0));
#9187=DIRECTION('',(0.E0,0.E0,-1.E0));
#9188=AXIS2_PLACEMENT_3D('',#9185,#9186,#9187);
#9189=CYLINDRICAL_SURFACE('',#9188,1.E0);
#9190=ORIENTED_EDGE('',*,*,#9133,.T.);
#9192=ORIENTED_EDGE('',*,*,#9191,.T.);
#9193=ORIENTED_EDGE('',*,*,#7988,.F.);
#9195=ORIENTED_EDGE('',*,*,#9194,.F.);
#9196=EDGE_LOOP('',(#9190,#9192,#9193,#9195));
#9197=FACE_OUTER_BOUND('',#9196,.F.);
#9198=ADVANCED_FACE('',(#9197),#9189,.T.);
#9199=CARTESIAN_POINT('',(-4.423496626446E0,1.171888524630E1,1.625967602348E1));
#9200=CARTESIAN_POINT('',(-4.419365270601E0,1.170694198639E1,1.625947121582E1));
#9201=CARTESIAN_POINT('',(-4.394580105305E0,1.163548506709E1,1.625784323038E1));
#9202=CARTESIAN_POINT('',(-4.347279206120E0,1.150118812099E1,1.625042045374E1));
#9203=CARTESIAN_POINT('',(-4.277516446300E0,1.130709593812E1,1.623040417525E1));
#9204=CARTESIAN_POINT('',(-4.199797445725E0,1.109393787703E1,1.619909916372E1));
#9205=CARTESIAN_POINT('',(-4.112078405358E0,1.085474455709E1,1.615437502597E1));
#9206=CARTESIAN_POINT('',(-4.014421273818E0,1.058661911636E1,1.609476151482E1));
#9207=CARTESIAN_POINT('',(-3.907657011481E0,1.028606208966E1,1.601905334281E1));
#9208=CARTESIAN_POINT('',(-3.793819962297E0,9.949053828036E0,1.592645236267E1));
#9209=CARTESIAN_POINT('',(-3.676127202719E0,9.569587707832E0,1.581615203206E1));
#9210=CARTESIAN_POINT('',(-3.559719617348E0,9.139596098844E0,1.568718349502E1));
#9211=CARTESIAN_POINT('',(-3.452985980452E0,8.650442895030E0,1.553878599699E1));
#9212=CARTESIAN_POINT('',(-3.368460722283E0,8.094652106268E0,1.537078641014E1));
#9213=CARTESIAN_POINT('',(-3.338402567626E0,7.682766874917E0,1.524800806779E1));
#9214=CARTESIAN_POINT('',(-3.332416743911E0,7.458332419631E0,1.518180781806E1));
#9215=CARTESIAN_POINT('',(-3.332054035511E0,7.442885835324E0,1.517725502059E1));
#9216=CARTESIAN_POINT('',(-3.762262151414E0,1.171793289551E1,1.619758812998E1));
#9217=CARTESIAN_POINT('',(-3.757873323241E0,1.170635168529E1,1.620012189175E1));
#9218=CARTESIAN_POINT('',(-3.731645390318E0,1.163678961748E1,1.621494265489E1));
#9219=CARTESIAN_POINT('',(-3.682755553828E0,1.150307153978E1,1.623904394784E1));
#9220=CARTESIAN_POINT('',(-3.613700423236E0,1.130316779506E1,1.626508307744E1));
#9221=CARTESIAN_POINT('',(-3.540535537196E0,1.107675564585E1,1.628392731583E1));
#9222=CARTESIAN_POINT('',(-3.462880681203E0,1.081554606938E1,1.629382063012E1));
#9223=CARTESIAN_POINT('',(-3.382866591390E0,1.051585932838E1,1.629221413992E1));
#9224=CARTESIAN_POINT('',(-3.303851379550E0,1.017407540352E1,1.627643068431E1));
#9225=CARTESIAN_POINT('',(-3.230766697714E0,9.787082762101E0,1.624381059844E1));
#9226=CARTESIAN_POINT('',(-3.170169258339E0,9.350912015306E0,1.619156532003E1));
#9227=CARTESIAN_POINT('',(-3.130958648799E0,8.861037480886E0,1.611646224664E1));
#9228=CARTESIAN_POINT('',(-3.125125237570E0,8.314637543518E0,1.601483000795E1));
#9229=CARTESIAN_POINT('',(-3.167460825888E0,7.712856778557E0,1.588272888946E1));
#9230=CARTESIAN_POINT('',(-3.237303370270E0,7.285512686339E0,1.577326250606E1));
#9231=CARTESIAN_POINT('',(-3.286132665526E0,7.058802657218E0,1.571032766209E1));
#9232=CARTESIAN_POINT('',(-3.289543872360E0,7.043228188934E0,1.570598042300E1));
#9233=CARTESIAN_POINT('',(-3.286807945368E0,1.172504484248E1,1.666124683777E1));
#9234=CARTESIAN_POINT('',(-3.284343435790E0,1.171110443720E1,1.666578992831E1));
#9235=CARTESIAN_POINT('',(-3.269725996641E0,1.162738611253E1,1.669247668469E1));
#9236=CARTESIAN_POINT('',(-3.243748021864E0,1.146665434635E1,1.673712699437E1));
#9237=CARTESIAN_POINT('',(-3.210460462301E0,1.122744366328E1,1.678851445260E1));
#9238=CARTESIAN_POINT('',(-3.179580581824E0,1.095844140500E1,1.683011525259E1));
#9239=CARTESIAN_POINT('',(-3.152839732855E0,1.065132250148E1,1.685937689109E1));
#9240=CARTESIAN_POINT('',(-3.133676783560E0,1.030394658091E1,1.687216890761E1));
#9241=CARTESIAN_POINT('',(-3.126665532497E0,9.915052090001E0,1.686406404499E1));
#9242=CARTESIAN_POINT('',(-3.137583910363E0,9.484822333483E0,1.683055924081E1));
#9243=CARTESIAN_POINT('',(-3.173522681428E0,9.013395545738E0,1.676692525216E1));
#9244=CARTESIAN_POINT('',(-3.243213112452E0,8.501370159394E0,1.666768865786E1));
#9245=CARTESIAN_POINT('',(-3.356731655762E0,7.952151284119E0,1.652654402879E1));
#9246=CARTESIAN_POINT('',(-3.523987583601E0,7.373488781399E0,1.633655632675E1));
#9247=CARTESIAN_POINT('',(-3.673726742243E0,6.981836992343E0,1.617481034537E1));
#9248=CARTESIAN_POINT('',(-3.761077046652E0,6.778846381843E0,1.608066761530E1));
#9249=CARTESIAN_POINT('',(-3.767115345559E0,6.764923758757E0,1.607415943749E1));
#9250=CARTESIAN_POINT('',(-3.332353812143E0,1.173520679680E1,1.732374877931E1));
#9251=CARTESIAN_POINT('',(-3.332638667955E0,1.171784930623E1,1.732815527725E1));
#9252=CARTESIAN_POINT('',(-3.334498985422E0,1.161390450954E1,1.735375913265E1));
#9253=CARTESIAN_POINT('',(-3.339779623961E0,1.141761254541E1,1.739349528669E1));
#9254=CARTESIAN_POINT('',(-3.352101589898E0,1.113331297182E1,1.743165211149E1));
#9255=CARTESIAN_POINT('',(-3.371424490281E0,1.082241281301E1,1.745257223196E1));
#9256=CARTESIAN_POINT('',(-3.400550462967E0,1.047785996174E1,1.745229739663E1));
#9257=CARTESIAN_POINT('',(-3.442543551938E0,1.010029032018E1,1.742572771374E1));
#9258=CARTESIAN_POINT('',(-3.501024655833E0,9.691616980764E0,1.736764151555E1));
#9259=CARTESIAN_POINT('',(-3.579970284366E0,9.255381776048E0,1.727301015263E1));
#9260=CARTESIAN_POINT('',(-3.683823135283E0,8.795004865163E0,1.713657332101E1));
#9261=CARTESIAN_POINT('',(-3.817337806082E0,8.314178196563E0,1.695221960155E1));
#9262=CARTESIAN_POINT('',(-3.984510732455E0,7.818555676037E0,1.671314321103E1));
#9263=CARTESIAN_POINT('',(-4.186671193109E0,7.315820103533E0,1.641229690858E1));
#9264=CARTESIAN_POINT('',(-4.339971636247E0,6.985846862078E0,1.616953959258E1));
#9265=CARTESIAN_POINT('',(-4.422389536387E0,6.815847245853E0,1.603171885819E1));
#9266=CARTESIAN_POINT('',(-4.428055868433E0,6.804191560849E0,1.602220681811E1));
#9267=(BOUNDED_SURFACE()B_SPLINE_SURFACE(3,3,((#9199,#9200,#9201,#9202,#9203,
#9204,#9205,#9206,#9207,#9208,#9209,#9210,#9211,#9212,#9213,#9214,#9215),(#9216,
#9217,#9218,#9219,#9220,#9221,#9222,#9223,#9224,#9225,#9226,#9227,#9228,#9229,
#9230,#9231,#9232),(#9233,#9234,#9235,#9236,#9237,#9238,#9239,#9240,#9241,#9242,
#9243,#9244,#9245,#9246,#9247,#9248,#9249),(#9250,#9251,#9252,#9253,#9254,#9255,
#9256,#9257,#9258,#9259,#9260,#9261,#9262,#9263,#9264,#9265,#9266)),
.UNSPECIFIED.,.F.,.F.,.F.)B_SPLINE_SURFACE_WITH_KNOTS((4,4),(4,1,1,1,1,1,1,1,1,
1,1,1,1,1,4),(0.E0,1.E0),(-1.005089442555E-2,0.E0,4.996060795106E-2,
1.014085810809E-1,1.583667436143E-1,2.209523126639E-1,2.898678560090E-1,
3.654663863916E-1,4.479280995549E-1,5.379242159437E-1,6.368801729156E-1,
7.461175582290E-1,8.666954302464E-1,1.E0,1.009850366805E0),.UNSPECIFIED.)GEOMETRIC_REPRESENTATION_ITEM()RATIONAL_B_SPLINE_SURFACE(((1.213979600038E0,
1.213979600038E0,1.213979600038E0,1.213979600038E0,1.213979600038E0,
1.213979600038E0,1.213979600038E0,1.213979600038E0,1.213979600038E0,
1.213979600038E0,1.213979600038E0,1.213979600038E0,1.213979600038E0,
1.213979600038E0,1.213979600038E0,1.213979600038E0,1.213979600038E0),(
9.286734666539E-1,9.286734666539E-1,9.286734666539E-1,9.286734666539E-1,
9.286734666539E-1,9.286734666539E-1,9.286734666539E-1,9.286734666539E-1,
9.286734666539E-1,9.286734666539E-1,9.286734666539E-1,9.286734666539E-1,
9.286734666539E-1,9.286734666539E-1,9.286734666539E-1,9.286734666539E-1,
9.286734666539E-1),(9.286734666539E-1,9.286734666539E-1,9.286734666539E-1,
9.286734666539E-1,9.286734666539E-1,9.286734666539E-1,9.286734666539E-1,
9.286734666539E-1,9.286734666539E-1,9.286734666539E-1,9.286734666539E-1,
9.286734666539E-1,9.286734666539E-1,9.286734666539E-1,9.286734666539E-1,
9.286734666539E-1,9.286734666539E-1),(1.213979600038E0,1.213979600038E0,
1.213979600038E0,1.213979600038E0,1.213979600038E0,1.213979600038E0,
1.213979600038E0,1.213979600038E0,1.213979600038E0,1.213979600038E0,
1.213979600038E0,1.213979600038E0,1.213979600038E0,1.213979600038E0,
1.213979600038E0,1.213979600038E0,1.213979600038E0)))REPRESENTATION_ITEM('')SURFACE());
#9268=ORIENTED_EDGE('',*,*,#7990,.F.);
#9269=ORIENTED_EDGE('',*,*,#9191,.F.);
#9271=ORIENTED_EDGE('',*,*,#9270,.T.);
#9272=EDGE_LOOP('',(#9268,#9269,#9271));
#9273=FACE_OUTER_BOUND('',#9272,.F.);
#9274=ADVANCED_FACE('',(#9273),#9267,.T.);
#9275=CARTESIAN_POINT('',(-7.829999934456E0,7.440341828899E0,1.525556998094E1));
#9276=DIRECTION('',(0.E0,0.E0,-1.E0));
#9277=DIRECTION('',(-6.938910988643E-1,-7.200799559194E-1,0.E0));
#9278=AXIS2_PLACEMENT_3D('',#9275,#9276,#9277);
#9279=TOROIDAL_SURFACE('',#9278,5.5E0,1.E0);
#9280=ORIENTED_EDGE('',*,*,#9270,.F.);
#9281=ORIENTED_EDGE('',*,*,#9141,.F.);
#9283=ORIENTED_EDGE('',*,*,#9282,.T.);
#9285=ORIENTED_EDGE('',*,*,#9284,.T.);
#9286=EDGE_LOOP('',(#9280,#9281,#9283,#9285));
#9287=FACE_OUTER_BOUND('',#9286,.F.);
#9288=ADVANCED_FACE('',(#9287),#9279,.F.);
#9289=CARTESIAN_POINT('',(-7.446717198022E0,1.292410701549E1,1.625069722339E1));
#9290=CARTESIAN_POINT('',(-7.456029630113E0,1.290716890788E1,1.625056579881E1));
#9291=CARTESIAN_POINT('',(-7.517564711521E0,1.279464337545E1,1.624677653010E1));
#9292=CARTESIAN_POINT('',(-7.623823382815E0,1.259370565597E1,1.620437060627E1));
#9293=CARTESIAN_POINT('',(-7.748442678462E0,1.234412696838E1,1.606846740422E1));
#9294=CARTESIAN_POINT('',(-7.841509957638E0,1.214687011477E1,1.587414243594E1));
#9295=CARTESIAN_POINT('',(-7.900800400683E0,1.201427894196E1,1.564519142485E1));
#9296=CARTESIAN_POINT('',(-7.927548803040E0,1.195121432600E1,1.541660698584E1));
#9297=CARTESIAN_POINT('',(-7.930388899294E0,1.194451367948E1,1.526834018666E1));
#9298=CARTESIAN_POINT('',(-7.928907040129E0,1.194797017759E1,1.520268590173E1));
#9299=CARTESIAN_POINT('',(-7.708048315198E0,1.320396668367E1,1.629929620174E1));
#9300=CARTESIAN_POINT('',(-7.717451052147E0,1.318607047163E1,1.630378117529E1));
#9301=CARTESIAN_POINT('',(-7.780167274714E0,1.306606674501E1,1.633063868651E1));
#9302=CARTESIAN_POINT('',(-7.894195912283E0,1.283748531840E1,1.634196505949E1));
#9303=CARTESIAN_POINT('',(-8.038925477633E0,1.251886496309E1,1.626032465323E1));
#9304=CARTESIAN_POINT('',(-8.159767057128E0,1.223182984964E1,1.608292439433E1));
#9305=CARTESIAN_POINT('',(-8.251297639711E0,1.200608424965E1,1.581842878265E1));
#9306=CARTESIAN_POINT('',(-8.303228336084E0,1.187936166203E1,1.549983707301E1));
#9307=CARTESIAN_POINT('',(-8.309131775918E0,1.186469709298E1,1.527452280718E1));
#9308=CARTESIAN_POINT('',(-8.306239136220E0,1.187194566635E1,1.517609503522E1));
#9309=CARTESIAN_POINT('',(-7.892519782654E0,1.338357896798E1,1.601176853200E1));
#9310=CARTESIAN_POINT('',(-7.901630202220E0,1.337064836447E1,1.601922324346E1));
#9311=CARTESIAN_POINT('',(-7.962975895921E0,1.328289403635E1,1.606672898922E1));
#9312=CARTESIAN_POINT('',(-8.080516675361E0,1.310243286319E1,1.612569806938E1));
#9313=CARTESIAN_POINT('',(-8.241479012328E0,1.282055780035E1,1.612194730959E1));
#9314=CARTESIAN_POINT('',(-8.386954806618E0,1.253940534256E1,1.601744666251E1));
#9315=CARTESIAN_POINT('',(-8.506618995312E0,1.229629853970E1,1.580365205443E1));
#9316=CARTESIAN_POINT('',(-8.579601959736E0,1.214885860448E1,1.550110415510E1));
#9317=CARTESIAN_POINT('',(-8.588039795532E0,1.213122583738E1,1.527435850371E1));
#9318=CARTESIAN_POINT('',(-8.583966514539E0,1.213980325238E1,1.517614927924E1));
#9319=CARTESIAN_POINT('',(-7.840445637303E0,1.330746421079E1,1.563700979401E1));
#9320=CARTESIAN_POINT('',(-7.849134158994E0,1.330112449721E1,1.564321685789E1));
#9321=CARTESIAN_POINT('',(-7.907744039022E0,1.325743077662E1,1.568349834590E1));
#9322=CARTESIAN_POINT('',(-8.021498883878E0,1.315919897989E1,1.574277908940E1));
#9323=CARTESIAN_POINT('',(-8.180764750738E0,1.298804795841E1,1.577312039856E1));
#9324=CARTESIAN_POINT('',(-8.326410301655E0,1.280334680712E1,1.573438941334E1));
#9325=CARTESIAN_POINT('',(-8.445747975732E0,1.263370058507E1,1.561365257377E1));
#9326=CARTESIAN_POINT('',(-8.517429487572E0,1.252641770028E1,1.541931139460E1));
#9327=CARTESIAN_POINT('',(-8.525678896063E0,1.251338185190E1,1.526798950396E1));
#9328=CARTESIAN_POINT('',(-8.521677123868E0,1.251967457584E1,1.520280167795E1));
#9329=(BOUNDED_SURFACE()B_SPLINE_SURFACE(3,3,((#9289,#9290,#9291,#9292,#9293,
#9294,#9295,#9296,#9297,#9298),(#9299,#9300,#9301,#9302,#9303,#9304,#9305,#9306,
#9307,#9308),(#9309,#9310,#9311,#9312,#9313,#9314,#9315,#9316,#9317,#9318),(
#9319,#9320,#9321,#9322,#9323,#9324,#9325,#9326,#9327,#9328)),.UNSPECIFIED.,.F.,
.F.,.F.)B_SPLINE_SURFACE_WITH_KNOTS((4,4),(4,1,1,1,1,1,1,4),(0.E0,1.E0),(
-3.309026629170E-2,0.E0,1.874357102144E-1,3.708420857967E-1,5.432445038361E-1,
7.037194114171E-1,8.542150998221E-1,9.754765743253E-1),.UNSPECIFIED.)GEOMETRIC_REPRESENTATION_ITEM()RATIONAL_B_SPLINE_SURFACE(((1.276177773855E0,
1.276177773855E0,1.276177773855E0,1.276177773855E0,1.276177773855E0,
1.276177773855E0,1.276177773855E0,1.276177773855E0,1.276177773855E0,
1.276177773855E0),(9.079407420483E-1,9.079407420483E-1,9.079407420483E-1,
9.079407420483E-1,9.079407420483E-1,9.079407420483E-1,9.079407420483E-1,
9.079407420483E-1,9.079407420483E-1,9.079407420483E-1),(9.079407420483E-1,
9.079407420483E-1,9.079407420483E-1,9.079407420483E-1,9.079407420483E-1,
9.079407420483E-1,9.079407420483E-1,9.079407420483E-1,9.079407420483E-1,
9.079407420483E-1),(1.276177773855E0,1.276177773855E0,1.276177773855E0,
1.276177773855E0,1.276177773855E0,1.276177773855E0,1.276177773855E0,
1.276177773855E0,1.276177773855E0,1.276177773855E0)))REPRESENTATION_ITEM('')SURFACE());
#9330=ORIENTED_EDGE('',*,*,#9123,.F.);
#9332=ORIENTED_EDGE('',*,*,#9331,.F.);
#9333=ORIENTED_EDGE('',*,*,#9282,.F.);
#9334=EDGE_LOOP('',(#9330,#9332,#9333));
#9335=FACE_OUTER_BOUND('',#9334,.F.);
#9336=ADVANCED_FACE('',(#9335),#9329,.F.);
#9337=CARTESIAN_POINT('',(-8.029999934456E0,1.243634022762E1,6.568045980938E0));
#9338=DIRECTION('',(0.E0,0.E0,-1.E0));
#9339=DIRECTION('',(0.E0,-1.E0,0.E0));
#9340=AXIS2_PLACEMENT_3D('',#9337,#9338,#9339);
#9341=CYLINDRICAL_SURFACE('',#9340,5.E-1);
#9343=ORIENTED_EDGE('',*,*,#9342,.F.);
#9345=ORIENTED_EDGE('',*,*,#9344,.F.);
#9347=ORIENTED_EDGE('',*,*,#9346,.T.);
#9348=ORIENTED_EDGE('',*,*,#9331,.T.);
#9349=EDGE_LOOP('',(#9343,#9345,#9347,#9348));
#9350=FACE_OUTER_BOUND('',#9349,.F.);
#9351=ADVANCED_FACE('',(#9350),#9341,.F.);
#9352=CARTESIAN_POINT('',(-8.529999934456E0,1.276334102826E1,6.009569980938E0));
#9353=DIRECTION('',(1.E0,0.E0,0.E0));
#9354=DIRECTION('',(0.E0,-1.E0,0.E0));
#9355=AXIS2_PLACEMENT_3D('',#9352,#9353,#9354);
#9356=PLANE('',#9355);
#9357=ORIENTED_EDGE('',*,*,#8937,.T.);
#9359=ORIENTED_EDGE('',*,*,#9358,.F.);
#9360=ORIENTED_EDGE('',*,*,#9342,.T.);
#9361=ORIENTED_EDGE('',*,*,#9121,.F.);
#9362=EDGE_LOOP('',(#9357,#9359,#9360,#9361));
#9363=FACE_OUTER_BOUND('',#9362,.F.);
#9364=ADVANCED_FACE('',(#9363),#9356,.T.);
#9365=CARTESIAN_POINT('',(-8.829999934456E0,1.233638073218E1,
-3.336430019061E0));
#9366=DIRECTION('',(0.E0,1.E0,0.E0));
#9367=DIRECTION('',(1.E0,0.E0,0.E0));
#9368=AXIS2_PLACEMENT_3D('',#9365,#9366,#9367);
#9369=CYLINDRICAL_SURFACE('',#9368,3.E-1);
#9370=ORIENTED_EDGE('',*,*,#9358,.T.);
#9371=ORIENTED_EDGE('',*,*,#8924,.T.);
#9372=ORIENTED_EDGE('',*,*,#7945,.F.);
#9374=ORIENTED_EDGE('',*,*,#9373,.F.);
#9375=EDGE_LOOP('',(#9370,#9371,#9372,#9374));
#9376=FACE_OUTER_BOUND('',#9375,.F.);
#9377=ADVANCED_FACE('',(#9376),#9369,.T.);
#9378=CARTESIAN_POINT('',(-8.029999934456E0,1.243634022762E1,
-3.336430019061E0));
#9379=DIRECTION('',(0.E0,0.E0,-1.E0));
#9380=DIRECTION('',(2.551053059040E-1,-9.669132757904E-1,0.E0));
#9381=AXIS2_PLACEMENT_3D('',#9378,#9379,#9380);
#9382=TOROIDAL_SURFACE('',#9381,8.E-1,3.E-1);
#9383=ORIENTED_EDGE('',*,*,#9344,.T.);
#9384=ORIENTED_EDGE('',*,*,#9373,.T.);
#9385=ORIENTED_EDGE('',*,*,#7943,.F.);
#9387=ORIENTED_EDGE('',*,*,#9386,.F.);
#9388=EDGE_LOOP('',(#9383,#9384,#9385,#9387));
#9389=FACE_OUTER_BOUND('',#9388,.F.);
#9390=ADVANCED_FACE('',(#9389),#9382,.T.);
#9391=CARTESIAN_POINT('',(-7.829999934456E0,7.440341828899E0,
-3.336430019061E0));
#9392=DIRECTION('',(0.E0,0.E0,-1.E0));
#9393=DIRECTION('',(9.997532965462E-1,-2.221139448539E-2,0.E0));
#9394=AXIS2_PLACEMENT_3D('',#9391,#9392,#9393);
#9395=TOROIDAL_SURFACE('',#9394,4.2E0,3.E-1);
#9397=ORIENTED_EDGE('',*,*,#9396,.T.);
#9398=ORIENTED_EDGE('',*,*,#9386,.T.);
#9399=ORIENTED_EDGE('',*,*,#7941,.F.);
#9400=ORIENTED_EDGE('',*,*,#7972,.F.);
#9401=EDGE_LOOP('',(#9397,#9398,#9399,#9400));
#9402=FACE_OUTER_BOUND('',#9401,.F.);
#9403=ADVANCED_FACE('',(#9402),#9395,.T.);
#9404=CARTESIAN_POINT('',(-7.829999934456E0,7.440341828899E0,6.568045980938E0));
#9405=DIRECTION('',(0.E0,0.E0,-1.E0));
#9406=DIRECTION('',(-3.999999999999E-2,9.991996797437E-1,0.E0));
#9407=AXIS2_PLACEMENT_3D('',#9404,#9405,#9406);
#9408=CYLINDRICAL_SURFACE('',#9407,4.5E0);
#9409=ORIENTED_EDGE('',*,*,#7992,.F.);
#9410=ORIENTED_EDGE('',*,*,#9284,.F.);
#9411=ORIENTED_EDGE('',*,*,#9346,.F.);
#9412=ORIENTED_EDGE('',*,*,#9396,.F.);
#9413=EDGE_LOOP('',(#9409,#9410,#9411,#9412));
#9414=FACE_OUTER_BOUND('',#9413,.F.);
#9415=ADVANCED_FACE('',(#9414),#9408,.T.);
#9416=CARTESIAN_POINT('',(-6.829999934456E0,1.289034182890E1,1.725556998094E1));
#9417=DIRECTION('',(0.E0,0.E0,1.E0));
#9418=DIRECTION('',(-4.218170679432E-2,9.991099557165E-1,0.E0));
#9419=AXIS2_PLACEMENT_3D('',#9416,#9417,#9418);
#9420=TOROIDAL_SURFACE('',#9419,2.5E0,1.E0);
#9421=ORIENTED_EDGE('',*,*,#9135,.T.);
#9422=ORIENTED_EDGE('',*,*,#9194,.T.);
#9424=ORIENTED_EDGE('',*,*,#9423,.F.);
#9426=ORIENTED_EDGE('',*,*,#9425,.F.);
#9427=EDGE_LOOP('',(#9421,#9422,#9424,#9426));
#9428=FACE_OUTER_BOUND('',#9427,.F.);
#9429=ADVANCED_FACE('',(#9428),#9420,.T.);
#9430=CARTESIAN_POINT('',(-6.829999934456E0,1.289034182890E1,
-4.355626970209E-12));
#9431=DIRECTION('',(0.E0,0.E0,1.E0));
#9432=DIRECTION('',(1.E0,0.E0,0.E0));
#9433=AXIS2_PLACEMENT_3D('',#9430,#9431,#9432);
#9434=CYLINDRICAL_SURFACE('',#9433,3.5E0);
#9435=ORIENTED_EDGE('',*,*,#9423,.T.);
#9436=ORIENTED_EDGE('',*,*,#7986,.F.);
#9438=ORIENTED_EDGE('',*,*,#9437,.T.);
#9440=ORIENTED_EDGE('',*,*,#9439,.F.);
#9441=EDGE_LOOP('',(#9435,#9436,#9438,#9440));
#9442=FACE_OUTER_BOUND('',#9441,.F.);
#9443=ADVANCED_FACE('',(#9442),#9434,.T.);
#9444=CARTESIAN_POINT('',(-3.212822314198E0,1.288682023508E1,2.516809157864E1));
#9445=CARTESIAN_POINT('',(-5.273831431734E0,1.104227959307E1,2.855648971929E1));
#9446=CARTESIAN_POINT('',(-7.334840549270E0,9.197738951066E0,3.194488785994E1));
#9447=CARTESIAN_POINT('',(-9.395849666805E0,7.353198309056E0,3.533328600059E1));
#9448=CARTESIAN_POINT('',(-3.211234980214E0,1.292341201557E1,2.516809157864E1));
#9449=CARTESIAN_POINT('',(-5.279802618118E0,1.107960020897E1,2.855648971929E1));
#9450=CARTESIAN_POINT('',(-7.348370256022E0,9.235788402370E0,3.194488785994E1));
#9451=CARTESIAN_POINT('',(-9.416937893926E0,7.391976595769E0,3.533328600059E1));
#9452=CARTESIAN_POINT('',(-3.184702521607E0,1.387541878692E1,2.516809157864E1));
#9453=CARTESIAN_POINT('',(-5.446951798644E0,1.204919019786E1,2.855648971929E1));
#9454=CARTESIAN_POINT('',(-7.709201075681E0,1.022296160881E1,3.194488785994E1));
#9455=CARTESIAN_POINT('',(-9.971450352718E0,8.396733019747E0,3.533328600059E1));
#9456=CARTESIAN_POINT('',(-3.945267253916E0,1.573898540469E1,2.516809157864E1));
#9457=CARTESIAN_POINT('',(-6.422421437478E0,1.388737419451E1,2.855648971929E1));
#9458=CARTESIAN_POINT('',(-8.899575621039E0,1.203576298434E1,3.194488785994E1));
#9459=CARTESIAN_POINT('',(-1.137672980460E1,1.018415177416E1,3.533328600059E1));
#9460=CARTESIAN_POINT('',(-5.806960997748E0,1.650213869953E1,2.516809157864E1));
#9461=CARTESIAN_POINT('',(-8.291195630142E0,1.482056408698E1,2.855648971929E1));
#9462=CARTESIAN_POINT('',(-1.077543026254E1,1.313898947443E1,3.194488785994E1));
#9463=CARTESIAN_POINT('',(-1.325966489493E1,1.145741486189E1,3.533328600059E1));
#9464=CARTESIAN_POINT('',(-6.758252382924E0,1.647704685614E1,2.516809157864E1));
#9465=CARTESIAN_POINT('',(-9.272470230018E0,1.496418327911E1,2.855648971929E1));
#9466=CARTESIAN_POINT('',(-1.178668807711E1,1.345131970208E1,3.194488785994E1));
#9467=CARTESIAN_POINT('',(-1.430090592421E1,1.193845612504E1,3.533328600059E1));
#9468=CARTESIAN_POINT('',(-6.794817000772E0,1.647551510243E1,2.516809157864E1));
#9469=CARTESIAN_POINT('',(-9.310234501203E0,1.496924665671E1,2.855648971929E1));
#9470=CARTESIAN_POINT('',(-1.182565200163E1,1.346297821099E1,3.194488785994E1));
#9471=CARTESIAN_POINT('',(-1.434106950207E1,1.195670976527E1,3.533328600059E1));
#9472=B_SPLINE_SURFACE_WITH_KNOTS('',3,3,((#9444,#9445,#9446,#9447),(#9448,
#9449,#9450,#9451),(#9452,#9453,#9454,#9455),(#9456,#9457,#9458,#9459),(#9460,
#9461,#9462,#9463),(#9464,#9465,#9466,#9467),(#9468,#9469,#9470,#9471)),
.UNSPECIFIED.,.F.,.F.,.F.,(4,1,1,1,4),(4,4),(-2.E-2,0.E0,5.E-1,1.E0,1.02E0),(
-2.000004925058E-2,1.020000003170E0),.UNSPECIFIED.);
#9473=ORIENTED_EDGE('',*,*,#9437,.F.);
#9474=ORIENTED_EDGE('',*,*,#8322,.F.);
#9475=ORIENTED_EDGE('',*,*,#8349,.F.);
#9477=ORIENTED_EDGE('',*,*,#9476,.T.);
#9478=EDGE_LOOP('',(#9473,#9474,#9475,#9477));
#9479=FACE_OUTER_BOUND('',#9478,.F.);
#9480=ADVANCED_FACE('',(#9479),#9472,.T.);
#9481=CARTESIAN_POINT('',(-6.528277540795E0,1.643241692083E1,2.527091448644E1));
#9482=CARTESIAN_POINT('',(-6.551662928241E0,1.641839861507E1,2.530178222805E1));
#9483=CARTESIAN_POINT('',(-6.729193640388E0,1.631194186459E1,2.553624866862E1));
#9484=CARTESIAN_POINT('',(-7.060919735524E0,1.611298736692E1,2.597448677148E1));
#9485=CARTESIAN_POINT('',(-7.677526114690E0,1.574320283917E1,2.678897115362E1));
#9486=CARTESIAN_POINT('',(-8.448300174424E0,1.528095219510E1,2.780713474832E1));
#9487=CARTESIAN_POINT('',(-9.373221254843E0,1.472625981300E1,2.902890624497E1));
#9488=CARTESIAN_POINT('',(-1.029814456173E1,1.417156472611E1,3.025068528956E1));
#9489=CARTESIAN_POINT('',(-1.106891423433E1,1.370931898122E1,3.126883378888E1));
#9490=CARTESIAN_POINT('',(-1.168553066297E1,1.333952210833E1,3.208335331420E1));
#9491=CARTESIAN_POINT('',(-1.214799329179E1,1.306217441437E1,3.269424305562E1));
#9492=CARTESIAN_POINT('',(-1.253337910357E1,1.283105131365E1,3.320331790232E1));
#9493=CARTESIAN_POINT('',(-1.284168790841E1,1.264615285164E1,3.361057775746E1));
#9494=CARTESIAN_POINT('',(-1.307291962674E1,1.250747900307E1,3.391602262408E1));
#9495=CARTESIAN_POINT('',(-1.330415130334E1,1.236880523043E1,3.422146744860E1));
#9496=CARTESIAN_POINT('',(-1.349684481327E1,1.225324360089E1,3.447600475508E1));
#9497=CARTESIAN_POINT('',(-1.365099880472E1,1.216079470697E1,3.467963455673E1));
#9498=CARTESIAN_POINT('',(-1.376661664859E1,1.209145697539E1,3.483235689786E1));
#9499=CARTESIAN_POINT('',(-1.386295744795E1,1.203367894845E1,3.495962545672E1));
#9500=CARTESIAN_POINT('',(-1.393041057324E1,1.199322764909E1,3.504871351080E1));
#9501=CARTESIAN_POINT('',(-1.396893248667E1,1.197012306182E1,3.509962084976E1));
#9502=CARTESIAN_POINT('',(-1.399854620976E1,1.195237061437E1,3.513866965536E1));
#9503=CARTESIAN_POINT('',(-1.403126219826E1,1.193271800565E1,3.518218807804E1));
#9504=CARTESIAN_POINT('',(-1.405404131230E1,1.191890271326E1,3.521297979135E1));
#9505=CARTESIAN_POINT('',(-1.406675017175E1,1.191113675248E1,3.523017827249E1));
#9506=CARTESIAN_POINT('',(-8.547895352817E0,1.642959309774E1,2.527036705099E1));
#9507=CARTESIAN_POINT('',(-8.567208270085E0,1.641644426712E1,2.530161726196E1));
#9508=CARTESIAN_POINT('',(-8.713035036200E0,1.631737713756E1,2.553678204027E1));
#9509=CARTESIAN_POINT('',(-8.984790584650E0,1.613296517191E1,2.597427222724E1));
#9510=CARTESIAN_POINT('',(-9.490557913166E0,1.578958797170E1,2.678911231891E1));
#9511=CARTESIAN_POINT('',(-1.012258310369E1,1.536055934152E1,2.780713090173E1));
#9512=CARTESIAN_POINT('',(-1.088110700603E1,1.484564522625E1,2.902897942907E1));
#9513=CARTESIAN_POINT('',(-1.163960352790E1,1.433075998529E1,3.025075261940E1));
#9514=CARTESIAN_POINT('',(-1.227167766344E1,1.390168988849E1,3.126889736571E1));
#9515=CARTESIAN_POINT('',(-1.277732600442E1,1.355843762360E1,3.208340354688E1));
#9516=CARTESIAN_POINT('',(-1.315655710066E1,1.330099917977E1,3.269428126361E1));
#9517=CARTESIAN_POINT('',(-1.347257831239E1,1.308646746914E1,3.320334507511E1));
#9518=CARTESIAN_POINT('',(-1.372539260672E1,1.291484184509E1,3.361059647467E1));
#9519=CARTESIAN_POINT('',(-1.391500170651E1,1.278612253499E1,3.391603543534E1));
#9520=CARTESIAN_POINT('',(-1.410461044189E1,1.265740245162E1,3.422147508367E1));
#9521=CARTESIAN_POINT('',(-1.426261362690E1,1.255013673674E1,3.447600891986E1));
#9522=CARTESIAN_POINT('',(-1.438902232464E1,1.246432074755E1,3.467963666808E1));
#9523=CARTESIAN_POINT('',(-1.448381006834E1,1.239996713161E1,3.483235774894E1));
#9524=CARTESIAN_POINT('',(-1.456285839866E1,1.234631180436E1,3.495962595622E1));
#9525=CARTESIAN_POINT('',(-1.461807674501E1,1.230880629300E1,3.504871330895E1));
#9526=CARTESIAN_POINT('',(-1.464981018104E1,1.228729131406E1,3.509962134814E1));
#9527=CARTESIAN_POINT('',(-1.467363233058E1,1.227102803305E1,3.513866773301E1));
#9528=CARTESIAN_POINT('',(-1.470246837492E1,1.225184617393E1,3.518219667252E1));
#9529=CARTESIAN_POINT('',(-1.472579886888E1,1.223757124771E1,3.521299711331E1));
#9530=CARTESIAN_POINT('',(-1.473893522675E1,1.223000881555E1,3.523019005748E1));
#9531=CARTESIAN_POINT('',(-1.250875259512E1,1.642516446430E1,2.526952931939E1));
#9532=CARTESIAN_POINT('',(-1.252020845887E1,1.641339094853E1,2.530136472227E1));
#9533=CARTESIAN_POINT('',(-1.260603458809E1,1.632587196803E1,2.553760133431E1));
#9534=CARTESIAN_POINT('',(-1.276523514956E1,1.616409560763E1,2.597387299649E1));
#9535=CARTESIAN_POINT('',(-1.306176646036E1,1.586197075850E1,2.678892522634E1));
#9536=CARTESIAN_POINT('',(-1.343175139340E1,1.548484022803E1,2.780612935951E1));
#9537=CARTESIAN_POINT('',(-1.387565583990E1,1.503198545004E1,2.902750637268E1));
#9538=CARTESIAN_POINT('',(-1.431963691492E1,1.457902628250E1,3.024904674554E1));
#9539=CARTESIAN_POINT('',(-1.468991647617E1,1.420139838892E1,3.126737253086E1));
#9540=CARTESIAN_POINT('',(-1.498638440260E1,1.389923116448E1,3.208218899066E1));
#9541=CARTESIAN_POINT('',(-1.520886817127E1,1.367258308898E1,3.269335939926E1));
#9542=CARTESIAN_POINT('',(-1.539438651376E1,1.348370305609E1,3.320268902839E1));
#9543=CARTESIAN_POINT('',(-1.554287050633E1,1.333260404429E1,3.361014464063E1));
#9544=CARTESIAN_POINT('',(-1.565426714984E1,1.321928512701E1,3.391572613245E1));
#9545=CARTESIAN_POINT('',(-1.576569855481E1,1.310597367463E1,3.422129085309E1));
#9546=CARTESIAN_POINT('',(-1.585858013394E1,1.301155843327E1,3.447590812291E1));
#9547=CARTESIAN_POINT('',(-1.593291121957E1,1.293602956610E1,3.467958613983E1));
#9548=CARTESIAN_POINT('',(-1.598863828482E1,1.287939752239E1,3.483233551684E1));
#9549=CARTESIAN_POINT('',(-1.603517477138E1,1.283217425925E1,3.495961886932E1));
#9550=CARTESIAN_POINT('',(-1.606757426067E1,1.279918613189E1,3.504871126823E1));
#9551=CARTESIAN_POINT('',(-1.608636874384E1,1.278023337764E1,3.509962144601E1));
#9552=CARTESIAN_POINT('',(-1.609997983044E1,1.276599288179E1,3.513866644605E1));
#9553=CARTESIAN_POINT('',(-1.611869914645E1,1.274881437711E1,3.518220272616E1));
#9554=CARTESIAN_POINT('',(-1.613649517262E1,1.273499421475E1,3.521303412962E1));
#9555=CARTESIAN_POINT('',(-1.614660365592E1,1.272722123462E1,3.523025444982E1));
#9556=CARTESIAN_POINT('',(-1.841018015089E1,1.642285544648E1,2.526910680941E1));
#9557=CARTESIAN_POINT('',(-1.841011917311E1,1.641180407205E1,2.530123731977E1));
#9558=CARTESIAN_POINT('',(-1.840966639370E1,1.633028838481E1,2.553801565502E1));
#9559=CARTESIAN_POINT('',(-1.840883008500E1,1.618023737348E1,2.597364612607E1));
#9560=CARTESIAN_POINT('',(-1.840726824032E1,1.589954922560E1,2.678868575753E1));
#9561=CARTESIAN_POINT('',(-1.840531926601E1,1.554941121574E1,2.780526551325E1));
#9562=CARTESIAN_POINT('',(-1.840297897796E1,1.512887573683E1,2.902619130912E1));
#9563=CARTESIAN_POINT('',(-1.840063781129E1,1.470817955045E1,3.024753209375E1));
#9564=CARTESIAN_POINT('',(-1.839868553423E1,1.435735277087E1,3.126601575488E1));
#9565=CARTESIAN_POINT('',(-1.839712312245E1,1.407658584368E1,3.208110799798E1));
#9566=CARTESIAN_POINT('',(-1.839595109959E1,1.386597295168E1,3.269253858282E1));
#9567=CARTESIAN_POINT('',(-1.839497433360E1,1.369044936847E1,3.320210477123E1));
#9568=CARTESIAN_POINT('',(-1.839419294873E1,1.355003685454E1,3.360974218929E1));
#9569=CARTESIAN_POINT('',(-1.839360694673E1,1.344473492843E1,3.391545060737E1));
#9570=CARTESIAN_POINT('',(-1.839302100517E1,1.333944443406E1,3.422112672583E1));
#9571=CARTESIAN_POINT('',(-1.839253279404E1,1.325171737573E1,3.447581832800E1));
#9572=CARTESIAN_POINT('',(-1.839214228102E1,1.318154408588E1,3.467954111268E1));
#9573=CARTESIAN_POINT('',(-1.839184943440E1,1.312892731849E1,3.483231574758E1));
#9574=CARTESIAN_POINT('',(-1.839160540879E1,1.308506334129E1,3.495961244235E1));
#9575=CARTESIAN_POINT('',(-1.839143464255E1,1.305440583302E1,3.504870960705E1));
#9576=CARTESIAN_POINT('',(-1.839133701424E1,1.303681963175E1,3.509962125775E1));
#9577=CARTESIAN_POINT('',(-1.839126228379E1,1.302352836569E1,3.513866638256E1));
#9578=CARTESIAN_POINT('',(-1.839117832794E1,1.300784487509E1,3.518220327036E1));
#9579=CARTESIAN_POINT('',(-1.839112238904E1,1.299468527141E1,3.521305677278E1));
#9580=CARTESIAN_POINT('',(-1.839109417057E1,1.298662554860E1,3.523030389832E1));
#9581=CARTESIAN_POINT('',(-2.431159754173E1,1.642508337216E1,2.526953571209E1));
#9582=CARTESIAN_POINT('',(-2.430002467720E1,1.641333804785E1,2.530136664872E1));
#9583=CARTESIAN_POINT('',(-2.421331859194E1,1.632602021542E1,2.553759510442E1));
#9584=CARTESIAN_POINT('',(-2.405248177930E1,1.616460771438E1,2.597387553411E1));
#9585=CARTESIAN_POINT('',(-2.375290322398E1,1.586316943368E1,2.678892376132E1));
#9586=CARTESIAN_POINT('',(-2.337911209208E1,1.548689395664E1,2.780612985754E1));
#9587=CARTESIAN_POINT('',(-2.293063903287E1,1.503506750752E1,2.902750623940E1));
#9588=CARTESIAN_POINT('',(-2.248208849594E1,1.458313714486E1,3.024904678250E1));
#9589=CARTESIAN_POINT('',(-2.210799981606E1,1.420636733074E1,3.126737252665E1));
#9590=CARTESIAN_POINT('',(-2.180848401832E1,1.390488679589E1,3.208218899178E1));
#9591=CARTESIAN_POINT('',(-2.158371413550E1,1.367875380646E1,3.269335939923E1));
#9592=CARTESIAN_POINT('',(-2.139629061481E1,1.349030301239E1,3.320268902856E1));
#9593=CARTESIAN_POINT('',(-2.124628250298E1,1.333954735363E1,3.361014464072E1));
#9594=CARTESIAN_POINT('',(-2.113374280236E1,1.322648592017E1,3.391572613252E1));
#9595=CARTESIAN_POINT('',(-2.102116839985E1,1.311343191278E1,3.422129085313E1));
#9596=CARTESIAN_POINT('',(-2.092733438087E1,1.301923115493E1,3.447590812293E1));
#9597=CARTESIAN_POINT('',(-2.085224142049E1,1.294387386099E1,3.467958613984E1));
#9598=CARTESIAN_POINT('',(-2.079594291877E1,1.288737042411E1,3.483233551681E1));
#9599=CARTESIAN_POINT('',(-2.074893045937E1,1.284025449012E1,3.495961886941E1));
#9600=CARTESIAN_POINT('',(-2.071619742280E1,1.280734114269E1,3.504871126810E1));
#9601=CARTESIAN_POINT('',(-2.069721294459E1,1.278843164913E1,3.509962144623E1));
#9602=CARTESIAN_POINT('',(-2.068345440113E1,1.277422280170E1,3.513866644518E1));
#9603=CARTESIAN_POINT('',(-2.066457834186E1,1.275708632187E1,3.518220273005E1));
#9604=CARTESIAN_POINT('',(-2.064667731072E1,1.274330432453E1,3.521303413933E1));
#9605=CARTESIAN_POINT('',(-2.063650783187E1,1.273555281968E1,3.523025445932E1));
#9606=CARTESIAN_POINT('',(-2.827243381969E1,1.642946224981E1,2.527037581215E1));
#9607=CARTESIAN_POINT('',(-2.825301340982E1,1.641635854665E1,2.530161990214E1));
#9608=CARTESIAN_POINT('',(-2.810635633736E1,1.631761722433E1,2.553677350227E1));
#9609=CARTESIAN_POINT('',(-2.783303599304E1,1.613379840399E1,2.597427570506E1));
#9610=CARTESIAN_POINT('',(-2.732437127137E1,1.579153695677E1,2.678911031128E1));
#9611=CARTESIAN_POINT('',(-2.668872036880E1,1.536389849683E1,2.780713158467E1));
#9612=CARTESIAN_POINT('',(-2.592584731221E1,1.485065448781E1,2.902897924705E1));
#9613=CARTESIAN_POINT('',(-2.516300122724E1,1.433743879931E1,3.025075267079E1));
#9614=CARTESIAN_POINT('',(-2.452730260742E1,1.390976008864E1,3.126889736059E1));
#9615=CARTESIAN_POINT('',(-2.401875468143E1,1.356762089806E1,3.208340354894E1));
#9616=CARTESIAN_POINT('',(-2.363734890802E1,1.331101726068E1,3.269428126396E1));
#9617=CARTESIAN_POINT('',(-2.331951546792E1,1.309718122122E1,3.320334507563E1));
#9618=CARTESIAN_POINT('',(-2.306525139057E1,1.292611213597E1,3.361059647499E1));
#9619=CARTESIAN_POINT('',(-2.287455495102E1,1.279781023067E1,3.391603543557E1));
#9620=CARTESIAN_POINT('',(-2.268385887804E1,1.266950755563E1,3.422147508381E1));
#9621=CARTESIAN_POINT('',(-2.252494956178E1,1.256258967707E1,3.447600891993E1));
#9622=CARTESIAN_POINT('',(-2.239781598779E1,1.247705197114E1,3.467963666813E1));
#9623=CARTESIAN_POINT('',(-2.230248450108E1,1.241290703326E1,3.483235774894E1));
#9624=CARTESIAN_POINT('',(-2.222298331942E1,1.235942571679E1,3.495962595628E1));
#9625=CARTESIAN_POINT('',(-2.216744744851E1,1.232204179411E1,3.504871330888E1));
#9626=CARTESIAN_POINT('',(-2.213553339401E1,1.230059663686E1,3.509962134828E1));
#9627=CARTESIAN_POINT('',(-2.211157032601E1,1.228438592638E1,3.513866773246E1));
#9628=CARTESIAN_POINT('',(-2.208258769064E1,1.226526700209E1,3.518219667497E1));
#9629=CARTESIAN_POINT('',(-2.205915623061E1,1.225104202970E1,3.521299711955E1));
#9630=CARTESIAN_POINT('',(-2.204595645055E1,1.224350760016E1,3.523019006354E1));
#9631=CARTESIAN_POINT('',(-3.029203887968E1,1.643226317890E1,2.527092343641E1));
#9632=CARTESIAN_POINT('',(-3.026855196424E1,1.641829758374E1,2.530178492512E1));
#9633=CARTESIAN_POINT('',(-3.009022257706E1,1.631222471885E1,2.553623994662E1));
#9634=CARTESIAN_POINT('',(-2.975697807788E1,1.611397236546E1,2.597449032420E1));
#9635=CARTESIAN_POINT('',(-2.913757132872E1,1.574550579737E1,2.678896910241E1));
#9636=CARTESIAN_POINT('',(-2.836328917662E1,1.528489823865E1,2.780713544520E1));
#9637=CARTESIAN_POINT('',(-2.743416165696E1,1.473217943241E1,2.902890605779E1));
#9638=CARTESIAN_POINT('',(-2.650503102993E1,1.417945742121E1,3.025068534064E1));
#9639=CARTESIAN_POINT('',(-2.573075545470E1,1.371885602227E1,3.126883378238E1));
#9640=CARTESIAN_POINT('',(-2.511133426054E1,1.335037460273E1,3.208335331529E1));
#9641=CARTESIAN_POINT('',(-2.464676806266E1,1.307401350215E1,3.269424305521E1));
#9642=CARTESIAN_POINT('',(-2.425962927519E1,1.284371256186E1,3.320331790230E1));
#9643=CARTESIAN_POINT('',(-2.394991809007E1,1.265947182824E1,3.361057775742E1));
#9644=CARTESIAN_POINT('',(-2.371763458671E1,1.252129127593E1,3.391602262406E1));
#9645=CARTESIAN_POINT('',(-2.348535112468E1,1.238311079922E1,3.422146744858E1));
#9646=CARTESIAN_POINT('',(-2.329178112877E1,1.226796025022E1,3.447600475507E1));
#9647=CARTESIAN_POINT('',(-2.313692594484E1,1.217584021905E1,3.467963455673E1));
#9648=CARTESIAN_POINT('',(-2.302078221714E1,1.210674913890E1,3.483235689786E1));
#9649=CARTESIAN_POINT('',(-2.292400314807E1,1.204917664074E1,3.495962545671E1));
#9650=CARTESIAN_POINT('',(-2.285624329929E1,1.200886923905E1,3.504871351082E1));
#9651=CARTESIAN_POINT('',(-2.281754601340E1,1.198584683600E1,3.509962084973E1));
#9652=CARTESIAN_POINT('',(-2.278779806448E1,1.196815755185E1,3.513866965545E1));
#9653=CARTESIAN_POINT('',(-2.275493118782E1,1.194857479282E1,3.518218807762E1));
#9654=CARTESIAN_POINT('',(-2.273204496680E1,1.193480824068E1,3.521297979055E1));
#9655=CARTESIAN_POINT('',(-2.271927715372E1,1.192706948762E1,3.523017827168E1));
#9656=B_SPLINE_SURFACE_WITH_KNOTS('',3,3,((#9481,#9482,#9483,#9484,#9485,#9486,
#9487,#9488,#9489,#9490,#9491,#9492,#9493,#9494,#9495,#9496,#9497,#9498,#9499,
#9500,#9501,#9502,#9503,#9504,#9505),(#9506,#9507,#9508,#9509,#9510,#9511,#9512,
#9513,#9514,#9515,#9516,#9517,#9518,#9519,#9520,#9521,#9522,#9523,#9524,#9525,
#9526,#9527,#9528,#9529,#9530),(#9531,#9532,#9533,#9534,#9535,#9536,#9537,#9538,
#9539,#9540,#9541,#9542,#9543,#9544,#9545,#9546,#9547,#9548,#9549,#9550,#9551,
#9552,#9553,#9554,#9555),(#9556,#9557,#9558,#9559,#9560,#9561,#9562,#9563,#9564,
#9565,#9566,#9567,#9568,#9569,#9570,#9571,#9572,#9573,#9574,#9575,#9576,#9577,
#9578,#9579,#9580),(#9581,#9582,#9583,#9584,#9585,#9586,#9587,#9588,#9589,#9590,
#9591,#9592,#9593,#9594,#9595,#9596,#9597,#9598,#9599,#9600,#9601,#9602,#9603,
#9604,#9605),(#9606,#9607,#9608,#9609,#9610,#9611,#9612,#9613,#9614,#9615,#9616,
#9617,#9618,#9619,#9620,#9621,#9622,#9623,#9624,#9625,#9626,#9627,#9628,#9629,
#9630),(#9631,#9632,#9633,#9634,#9635,#9636,#9637,#9638,#9639,#9640,#9641,#9642,
#9643,#9644,#9645,#9646,#9647,#9648,#9649,#9650,#9651,#9652,#9653,#9654,#9655)),
.UNSPECIFIED.,.F.,.F.,.F.,(4,1,1,1,4),(4,1,1,1,1,1,1,1,1,1,1,1,1,1,1,1,1,1,1,1,
1,1,4),(1.542601892048E1,2.144756805311E1,2.723756805311E1,3.302756805311E1,
3.904912147808E1),(8.863344706372E-1,1.E0,1.748923627890E0,2.497847255780E0,
3.995694511560E0,5.493541767340E0,6.991389023120E0,8.489236278900E0,
9.238159906790E0,9.987083534680E0,1.073600716257E1,1.111046897651E1,
1.148493079046E1,1.185939260440E1,1.223385441835E1,1.242108532532E1,
1.260831623229E1,1.279554713927E1,1.288916259275E1,1.293597031950E1,
1.298277804624E1,1.303277804624E1,1.309602979806E1),.UNSPECIFIED.);
#9658=ORIENTED_EDGE('',*,*,#9657,.F.);
#9659=ORIENTED_EDGE('',*,*,#9476,.F.);
#9660=ORIENTED_EDGE('',*,*,#8347,.F.);
#9662=ORIENTED_EDGE('',*,*,#9661,.T.);
#9663=EDGE_LOOP('',(#9658,#9659,#9660,#9662));
#9664=FACE_OUTER_BOUND('',#9663,.F.);
#9665=ADVANCED_FACE('',(#9664),#9656,.T.);
#9666=CARTESIAN_POINT('',(-1.840999993446E1,1.639034182890E1,2.114029036010E1));
#9667=DIRECTION('',(0.E0,1.E0,0.E0));
#9668=DIRECTION('',(0.E0,0.E0,1.E0));
#9669=AXIS2_PLACEMENT_3D('',#9666,#9667,#9668);
#9670=PLANE('',#9669);
#9672=ORIENTED_EDGE('',*,*,#9671,.T.);
#9673=ORIENTED_EDGE('',*,*,#9439,.T.);
#9674=ORIENTED_EDGE('',*,*,#9657,.T.);
#9676=ORIENTED_EDGE('',*,*,#9675,.T.);
#9678=ORIENTED_EDGE('',*,*,#9677,.T.);
#9680=ORIENTED_EDGE('',*,*,#9679,.T.);
#9682=ORIENTED_EDGE('',*,*,#9681,.T.);
#9684=ORIENTED_EDGE('',*,*,#9683,.T.);
#9685=ORIENTED_EDGE('',*,*,#9048,.T.);
#9686=ORIENTED_EDGE('',*,*,#9092,.T.);
#9687=EDGE_LOOP('',(#9672,#9673,#9674,#9676,#9678,#9680,#9682,#9684,#9685,
#9686));
#9688=FACE_OUTER_BOUND('',#9687,.F.);
#9689=ADVANCED_FACE('',(#9688),#9670,.T.);
#9690=CARTESIAN_POINT('',(-3.008039427730E1,1.539034182890E1,1.725556998094E1));
#9691=DIRECTION('',(1.E0,0.E0,0.E0));
#9692=DIRECTION('',(0.E0,0.E0,-1.E0));
#9693=AXIS2_PLACEMENT_3D('',#9690,#9691,#9692);
#9694=CYLINDRICAL_SURFACE('',#9693,1.E0);
#9695=ORIENTED_EDGE('',*,*,#9137,.T.);
#9696=ORIENTED_EDGE('',*,*,#9425,.T.);
#9697=ORIENTED_EDGE('',*,*,#9671,.F.);
#9698=ORIENTED_EDGE('',*,*,#9090,.F.);
#9699=EDGE_LOOP('',(#9695,#9696,#9697,#9698));
#9700=FACE_OUTER_BOUND('',#9699,.F.);
#9701=ADVANCED_FACE('',(#9700),#9694,.T.);
#9702=CARTESIAN_POINT('',(-2.998999993446E1,1.289034182890E1,
-4.355626970209E-12));
#9703=DIRECTION('',(0.E0,0.E0,-1.E0));
#9704=DIRECTION('',(-1.E0,0.E0,0.E0));
#9705=AXIS2_PLACEMENT_3D('',#9702,#9703,#9704);
#9706=CYLINDRICAL_SURFACE('',#9705,3.5E0);
#9708=ORIENTED_EDGE('',*,*,#9707,.T.);
#9709=ORIENTED_EDGE('',*,*,#9675,.F.);
#9711=ORIENTED_EDGE('',*,*,#9710,.T.);
#9712=ORIENTED_EDGE('',*,*,#8482,.F.);
#9713=EDGE_LOOP('',(#9708,#9709,#9711,#9712));
#9714=FACE_OUTER_BOUND('',#9713,.F.);
#9715=ADVANCED_FACE('',(#9714),#9706,.T.);
#9716=CARTESIAN_POINT('',(-2.998999993446E1,1.289034182890E1,1.725556998094E1));
#9717=DIRECTION('',(0.E0,0.E0,-1.E0));
#9718=DIRECTION('',(-9.995589095850E-1,-2.969825364095E-2,0.E0));
#9719=AXIS2_PLACEMENT_3D('',#9716,#9717,#9718);
#9720=TOROIDAL_SURFACE('',#9719,2.5E0,1.E0);
#9721=ORIENTED_EDGE('',*,*,#9172,.T.);
#9723=ORIENTED_EDGE('',*,*,#9722,.T.);
#9724=ORIENTED_EDGE('',*,*,#9707,.F.);
#9726=ORIENTED_EDGE('',*,*,#9725,.F.);
#9727=EDGE_LOOP('',(#9721,#9723,#9724,#9726));
#9728=FACE_OUTER_BOUND('',#9727,.F.);
#9729=ADVANCED_FACE('',(#9728),#9720,.T.);
#9730=CARTESIAN_POINT('',(-3.008039427730E1,1.539034182890E1,1.725556998094E1));
#9731=DIRECTION('',(1.E0,0.E0,0.E0));
#9732=DIRECTION('',(0.E0,0.E0,-1.E0));
#9733=AXIS2_PLACEMENT_3D('',#9730,#9731,#9732);
#9734=CYLINDRICAL_SURFACE('',#9733,1.E0);
#9735=ORIENTED_EDGE('',*,*,#9170,.T.);
#9737=ORIENTED_EDGE('',*,*,#9736,.T.);
#9738=ORIENTED_EDGE('',*,*,#9677,.F.);
#9739=ORIENTED_EDGE('',*,*,#9722,.F.);
#9740=EDGE_LOOP('',(#9735,#9737,#9738,#9739));
#9741=FACE_OUTER_BOUND('',#9740,.F.);
#9742=ADVANCED_FACE('',(#9741),#9734,.T.);
#9743=CARTESIAN_POINT('',(-2.780902741688E1,1.530154422818E1,1.625945387033E1));
#9744=CARTESIAN_POINT('',(-2.779599425346E1,1.530415965897E1,1.625926567308E1));
#9745=CARTESIAN_POINT('',(-2.774400909192E1,1.531443706766E1,1.625847601045E1));
#9746=CARTESIAN_POINT('',(-2.765202571344E1,1.533149443291E1,1.625685004197E1));
#9747=CARTESIAN_POINT('',(-2.752856506960E1,1.535185369696E1,1.625446291152E1));
#9748=CARTESIAN_POINT('',(-2.743014140117E1,1.536579241595E1,1.625257247765E1));
#9749=CARTESIAN_POINT('',(-2.737186051161E1,1.537304336340E1,1.625152427806E1));
#9750=CARTESIAN_POINT('',(-2.735801684196E1,1.537470809194E1,1.625128041297E1));
#9751=CARTESIAN_POINT('',(-2.780882335287E1,1.596306422440E1,1.620047991312E1));
#9752=CARTESIAN_POINT('',(-2.779586791609E1,1.596583424028E1,1.620202846509E1));
#9753=CARTESIAN_POINT('',(-2.774415142633E1,1.597669262980E1,1.620806410609E1));
#9754=CARTESIAN_POINT('',(-2.765239335860E1,1.599453536525E1,1.621776843715E1));
#9755=CARTESIAN_POINT('',(-2.752893397852E1,1.601554672210E1,1.622890389330E1));
#9756=CARTESIAN_POINT('',(-2.743039579332E1,1.602975017600E1,1.623627013294E1));
#9757=CARTESIAN_POINT('',(-2.737204138605E1,1.603708820363E1,1.624003704637E1));
#9758=CARTESIAN_POINT('',(-2.735818036592E1,1.603877044607E1,1.624089867960E1));
#9759=CARTESIAN_POINT('',(-2.781043565233E1,1.643632499831E1,1.666642859020E1));
#9760=CARTESIAN_POINT('',(-2.779691788478E1,1.643787134267E1,1.666922171064E1));
#9761=CARTESIAN_POINT('',(-2.774306466037E1,1.644390414477E1,1.668012291401E1));
#9762=CARTESIAN_POINT('',(-2.764826701868E1,1.645362205550E1,1.669774375278E1));
#9763=CARTESIAN_POINT('',(-2.752218875559E1,1.646475108697E1,1.671809995890E1));
#9764=CARTESIAN_POINT('',(-2.742269947596E1,1.647207107459E1,1.673164750482E1));
#9765=CARTESIAN_POINT('',(-2.736419150988E1,1.647579552518E1,1.673859676015E1));
#9766=CARTESIAN_POINT('',(-2.735031598426E1,1.647664652983E1,1.674018738966E1));
#9767=CARTESIAN_POINT('',(-2.781272756124E1,1.638765336790E1,1.732878212382E1));
#9768=CARTESIAN_POINT('',(-2.779840387762E1,1.638746053546E1,1.733145014722E1));
#9769=CARTESIAN_POINT('',(-2.774151501992E1,1.638666346919E1,1.734182670001E1));
#9770=CARTESIAN_POINT('',(-2.764255597552E1,1.638507477949E1,1.735836870965E1));
#9771=CARTESIAN_POINT('',(-2.751308512984E1,1.638275461496E1,1.737714272622E1));
#9772=CARTESIAN_POINT('',(-2.741247874857E1,1.638089613282E1,1.738943807239E1));
#9773=CARTESIAN_POINT('',(-2.735384544946E1,1.637985410679E1,1.739569318383E1));
#9774=CARTESIAN_POINT('',(-2.733996849046E1,1.637961118734E1,1.739712232771E1));
#9775=(BOUNDED_SURFACE()B_SPLINE_SURFACE(3,3,((#9743,#9744,#9745,#9746,#9747,
#9748,#9749,#9750),(#9751,#9752,#9753,#9754,#9755,#9756,#9757,#9758),(#9759,
#9760,#9761,#9762,#9763,#9764,#9765,#9766),(#9767,#9768,#9769,#9770,#9771,#9772,
#9773,#9774)),.UNSPECIFIED.,.F.,.F.,.F.)B_SPLINE_SURFACE_WITH_KNOTS((4,4),(4,1,
1,1,1,4),(0.E0,1.E0),(-1.092914171515E-1,0.E0,3.251602389198E-1,
6.494100837301E-1,1.E0,1.108901134059E0),.UNSPECIFIED.)GEOMETRIC_REPRESENTATION_ITEM()RATIONAL_B_SPLINE_SURFACE(((1.213979492043E0,1.213979492043E0,
1.213979492043E0,1.213979492043E0,1.213979492043E0,1.213979492043E0,
1.213979492043E0,1.213979492043E0),(9.286735026524E-1,9.286735026524E-1,
9.286735026524E-1,9.286735026524E-1,9.286735026524E-1,9.286735026524E-1,
9.286735026524E-1,9.286735026524E-1),(9.286735026524E-1,9.286735026524E-1,
9.286735026524E-1,9.286735026524E-1,9.286735026524E-1,9.286735026524E-1,
9.286735026524E-1,9.286735026524E-1),(1.213979492043E0,1.213979492043E0,
1.213979492043E0,1.213979492043E0,1.213979492043E0,1.213979492043E0,
1.213979492043E0,1.213979492043E0)))REPRESENTATION_ITEM('')SURFACE());
#9777=ORIENTED_EDGE('',*,*,#9776,.T.);
#9779=ORIENTED_EDGE('',*,*,#9778,.T.);
#9780=ORIENTED_EDGE('',*,*,#9679,.F.);
#9781=ORIENTED_EDGE('',*,*,#9736,.F.);
#9782=EDGE_LOOP('',(#9777,#9779,#9780,#9781));
#9783=FACE_OUTER_BOUND('',#9782,.F.);
#9784=ADVANCED_FACE('',(#9783),#9775,.T.);
#9785=CARTESIAN_POINT('',(-2.678999993446E1,1.309034182890E1,1.525556998094E1));
#9786=DIRECTION('',(0.E0,0.E0,1.E0));
#9787=DIRECTION('',(-9.951573978671E-1,-9.829421890665E-2,0.E0));
#9788=AXIS2_PLACEMENT_3D('',#9785,#9786,#9787);
#9789=TOROIDAL_SURFACE('',#9788,2.5E0,1.E0);
#9790=ORIENTED_EDGE('',*,*,#9776,.F.);
#9791=ORIENTED_EDGE('',*,*,#9180,.F.);
#9793=ORIENTED_EDGE('',*,*,#9792,.T.);
#9795=ORIENTED_EDGE('',*,*,#9794,.T.);
#9797=ORIENTED_EDGE('',*,*,#9796,.T.);
#9798=EDGE_LOOP('',(#9790,#9791,#9793,#9795,#9797));
#9799=FACE_OUTER_BOUND('',#9798,.F.);
#9800=ADVANCED_FACE('',(#9799),#9789,.F.);
#9801=CARTESIAN_POINT('',(-2.928999993446E1,-4.959838150674E1,
1.525556998094E1));
#9802=DIRECTION('',(0.E0,1.E0,0.E0));
#9803=DIRECTION('',(0.E0,0.E0,1.E0));
#9804=AXIS2_PLACEMENT_3D('',#9801,#9802,#9803);
#9805=CYLINDRICAL_SURFACE('',#9804,1.E0);
#9807=ORIENTED_EDGE('',*,*,#9806,.T.);
#9809=ORIENTED_EDGE('',*,*,#9808,.T.);
#9811=ORIENTED_EDGE('',*,*,#9810,.T.);
#9812=ORIENTED_EDGE('',*,*,#9792,.F.);
#9813=ORIENTED_EDGE('',*,*,#9178,.F.);
#9814=EDGE_LOOP('',(#9807,#9809,#9811,#9812,#9813));
#9815=FACE_OUTER_BOUND('',#9814,.F.);
#9816=ADVANCED_FACE('',(#9815),#9805,.F.);
#9817=CARTESIAN_POINT('',(-2.897520049044E1,1.331361884949E1,1.583207191128E1));
#9818=CARTESIAN_POINT('',(-2.896755918500E1,1.330526599372E1,1.583748247064E1));
#9819=CARTESIAN_POINT('',(-2.891915261796E1,1.325179650119E1,1.587032377936E1));
#9820=CARTESIAN_POINT('',(-2.882760926500E1,1.314300867E1,1.591622338823E1));
#9821=CARTESIAN_POINT('',(-2.870017231224E1,1.297137560350E1,1.593869920325E1));
#9822=CARTESIAN_POINT('',(-2.857757035526E1,1.278801283072E1,1.591215901257E1));
#9823=CARTESIAN_POINT('',(-2.849389087296E1,1.265172419496E1,1.584819926904E1));
#9824=CARTESIAN_POINT('',(-2.845248873217E1,1.258220117903E1,1.579563275335E1));
#9825=CARTESIAN_POINT('',(-2.844570986672E1,1.257078868787E1,1.578636307674E1));
#9826=CARTESIAN_POINT('',(-2.901234497670E1,1.328777320564E1,1.611608360356E1));
#9827=CARTESIAN_POINT('',(-2.900444776311E1,1.327518050581E1,1.612112800132E1));
#9828=CARTESIAN_POINT('',(-2.895459289576E1,1.319522404523E1,1.615108859368E1));
#9829=CARTESIAN_POINT('',(-2.886214323E1,1.304012178015E1,1.618517575036E1));
#9830=CARTESIAN_POINT('',(-2.873715808801E1,1.281132486553E1,1.617757035786E1));
#9831=CARTESIAN_POINT('',(-2.862005818467E1,1.258015923777E1,1.610966489829E1));
#9832=CARTESIAN_POINT('',(-2.854196690716E1,1.241679601613E1,1.600857498468E1));
#9833=CARTESIAN_POINT('',(-2.850372704712E1,1.233559944774E1,1.593445917605E1));
#9834=CARTESIAN_POINT('',(-2.849747700047E1,1.232232660697E1,1.592156412030E1));
#9835=CARTESIAN_POINT('',(-2.917447237466E1,1.312412000493E1,1.628827831129E1));
#9836=CARTESIAN_POINT('',(-2.916645040871E1,1.310900985270E1,1.629101213668E1));
#9837=CARTESIAN_POINT('',(-2.911612084183E1,1.301374201653E1,1.630609542037E1));
#9838=CARTESIAN_POINT('',(-2.902591153148E1,1.283680727915E1,1.630930483122E1));
#9839=CARTESIAN_POINT('',(-2.890987366502E1,1.259311667946E1,1.625510962766E1));
#9840=CARTESIAN_POINT('',(-2.880677841746E1,1.236241520006E1,1.614263483152E1));
#9841=CARTESIAN_POINT('',(-2.874212084752E1,1.220993949940E1,1.601516093796E1));
#9842=CARTESIAN_POINT('',(-2.871168296833E1,1.213699634119E1,1.593097494177E1));
#9843=CARTESIAN_POINT('',(-2.870674603396E1,1.212514895116E1,1.591653031676E1));
#9844=CARTESIAN_POINT('',(-2.936923911642E1,1.291587187302E1,1.625057838760E1));
#9845=CARTESIAN_POINT('',(-2.936129460960E1,1.290140053571E1,1.625037327202E1));
#9846=CARTESIAN_POINT('',(-2.931173432054E1,1.281071787952E1,1.624705638455E1));
#9847=CARTESIAN_POINT('',(-2.922563598538E1,1.264886784234E1,1.621790992042E1));
#9848=CARTESIAN_POINT('',(-2.911994472273E1,1.244103677801E1,1.612715265229E1));
#9849=CARTESIAN_POINT('',(-2.903138004377E1,1.225880208341E1,1.599228999197E1));
#9850=CARTESIAN_POINT('',(-2.898035019221E1,1.214897476055E1,1.586420594042E1));
#9851=CARTESIAN_POINT('',(-2.895791018768E1,1.209951104642E1,1.578716458013E1));
#9852=CARTESIAN_POINT('',(-2.895432274431E1,1.209156300765E1,1.577412879029E1));
#9853=(BOUNDED_SURFACE()B_SPLINE_SURFACE(3,3,((#9817,#9818,#9819,#9820,#9821,
#9822,#9823,#9824,#9825),(#9826,#9827,#9828,#9829,#9830,#9831,#9832,#9833,
#9834),(#9835,#9836,#9837,#9838,#9839,#9840,#9841,#9842,#9843),(#9844,#9845,
#9846,#9847,#9848,#9849,#9850,#9851,#9852)),.UNSPECIFIED.,.F.,.F.,.F.)B_SPLINE_SURFACE_WITH_KNOTS((4,4),(4,1,1,1,1,1,4),(0.E0,1.E0),(-4.894541307756E-2,0.E0,
2.585158534184E-1,5.098770489674E-1,7.560420959696E-1,1.E0,1.048792221352E0),
.UNSPECIFIED.)GEOMETRIC_REPRESENTATION_ITEM()RATIONAL_B_SPLINE_SURFACE(((
1.166035974746E0,1.166035974746E0,1.166035974746E0,1.166035974746E0,
1.166035974746E0,1.166035974746E0,1.166035974746E0,1.166035974746E0,
1.166035974746E0),(9.446546750848E-1,9.446546750848E-1,9.446546750848E-1,
9.446546750848E-1,9.446546750848E-1,9.446546750848E-1,9.446546750848E-1,
9.446546750848E-1,9.446546750848E-1),(9.446546750848E-1,9.446546750848E-1,
9.446546750848E-1,9.446546750848E-1,9.446546750848E-1,9.446546750848E-1,
9.446546750848E-1,9.446546750848E-1,9.446546750848E-1),(1.166035974746E0,
1.166035974746E0,1.166035974746E0,1.166035974746E0,1.166035974746E0,
1.166035974746E0,1.166035974746E0,1.166035974746E0,1.166035974746E0)))REPRESENTATION_ITEM('')SURFACE());
#9855=ORIENTED_EDGE('',*,*,#9854,.F.);
#9857=ORIENTED_EDGE('',*,*,#9856,.F.);
#9858=ORIENTED_EDGE('',*,*,#9806,.F.);
#9859=EDGE_LOOP('',(#9855,#9857,#9858));
#9860=FACE_OUTER_BOUND('',#9859,.F.);
#9861=ADVANCED_FACE('',(#9860),#9853,.F.);
#9862=CARTESIAN_POINT('',(-2.898999993446E1,7.439441198305E0,1.525556998094E1));
#9863=DIRECTION('',(0.E0,0.E0,1.E0));
#9864=DIRECTION('',(6.993317310068E-1,-7.147972649689E-1,0.E0));
#9865=AXIS2_PLACEMENT_3D('',#9862,#9863,#9864);
#9866=TOROIDAL_SURFACE('',#9865,5.5E0,1.E0);
#9868=ORIENTED_EDGE('',*,*,#9867,.F.);
#9870=ORIENTED_EDGE('',*,*,#9869,.T.);
#9872=ORIENTED_EDGE('',*,*,#9871,.F.);
#9873=ORIENTED_EDGE('',*,*,#9854,.T.);
#9874=ORIENTED_EDGE('',*,*,#9176,.F.);
#9875=EDGE_LOOP('',(#9868,#9870,#9872,#9873,#9874));
#9876=FACE_OUTER_BOUND('',#9875,.F.);
#9877=ADVANCED_FACE('',(#9876),#9866,.F.);
#9878=CARTESIAN_POINT('',(-3.348794658660E1,7.441990734584E0,1.517725428531E1));
#9879=CARTESIAN_POINT('',(-3.348758343835E1,7.457435781333E0,1.518180650053E1));
#9880=CARTESIAN_POINT('',(-3.348216069903E1,7.660583018370E0,1.524172604908E1));
#9881=CARTESIAN_POINT('',(-3.345664326834E1,8.033059663735E0,1.535264463718E1));
#9882=CARTESIAN_POINT('',(-3.338606695188E1,8.537010380986E0,1.550468832752E1));
#9883=CARTESIAN_POINT('',(-3.329568481407E1,8.986152694769E0,1.564093710439E1));
#9884=CARTESIAN_POINT('',(-3.319478079552E1,9.386984825441E0,1.576188579285E1));
#9885=CARTESIAN_POINT('',(-3.309005207116E1,9.745871326289E0,1.586807953227E1));
#9886=CARTESIAN_POINT('',(-3.298616468550E1,1.006837256057E1,1.596000415599E1));
#9887=CARTESIAN_POINT('',(-3.288649978963E1,1.035848800875E1,1.603796234977E1));
#9888=CARTESIAN_POINT('',(-3.279328970866E1,1.061947451225E1,1.610241812262E1));
#9889=CARTESIAN_POINT('',(-3.270785246984E1,1.085396293489E1,1.615405821364E1));
#9890=CARTESIAN_POINT('',(-3.262988239200E1,1.106665425822E1,1.619429439537E1));
#9891=CARTESIAN_POINT('',(-3.255646840255E1,1.126769630409E1,1.622529351227E1));
#9892=CARTESIAN_POINT('',(-3.248274740044E1,1.147202157861E1,1.624842402031E1));
#9893=CARTESIAN_POINT('',(-3.242973612891E1,1.162213177866E1,1.625756029431E1));
#9894=CARTESIAN_POINT('',(-3.240062132548E1,1.170607224611E1,1.625947215615E1));
#9895=CARTESIAN_POINT('',(-3.239648486507E1,1.171803055539E1,1.625967703802E1));
#9896=CARTESIAN_POINT('',(-3.353045968072E1,7.042336757621E0,1.570598464212E1));
#9897=CARTESIAN_POINT('',(-3.353387006126E1,7.057909566913E0,1.571033088495E1));
#9898=CARTESIAN_POINT('',(-3.357806323682E1,7.263115188208E0,1.576729017894E1));
#9899=CARTESIAN_POINT('',(-3.364295044045E1,7.648578562387E0,1.586679915705E1));
#9900=CARTESIAN_POINT('',(-3.368873410282E1,8.190822187207E0,1.598883858075E1));
#9901=CARTESIAN_POINT('',(-3.369387528464E1,8.688729583252E0,1.608588955914E1));
#9902=CARTESIAN_POINT('',(-3.366918618363E1,9.142402336178E0,1.616114591761E1));
#9903=CARTESIAN_POINT('',(-3.362368311076E1,9.553525639515E0,1.621729051226E1));
#9904=CARTESIAN_POINT('',(-3.356454319910E1,9.924404776797E0,1.625659142546E1));
#9905=CARTESIAN_POINT('',(-3.349753408426E1,1.025682463958E1,1.628103522706E1));
#9906=CARTESIAN_POINT('',(-3.342716923708E1,1.055280093225E1,1.629261842175E1));
#9907=CARTESIAN_POINT('',(-3.335682993655E1,1.081452928125E1,1.629336055440E1));
#9908=CARTESIAN_POINT('',(-3.328812150427E1,1.104713869545E1,1.628518874029E1));
#9909=CARTESIAN_POINT('',(-3.321971298806E1,1.126177951806E1,1.626908788737E1));
#9910=CARTESIAN_POINT('',(-3.314749431477E1,1.147372681003E1,1.624373924743E1));
#9911=CARTESIAN_POINT('',(-3.309292353902E1,1.162376717948E1,1.621752434558E1));
#9912=CARTESIAN_POINT('',(-3.306211384236E1,1.170548110424E1,1.620011390868E1));
#9913=CARTESIAN_POINT('',(-3.305771961518E1,1.171707677474E1,1.619757684586E1));
#9914=CARTESIAN_POINT('',(-3.305288812886E1,6.764034395103E0,1.607416864645E1));
#9915=CARTESIAN_POINT('',(-3.305892557070E1,6.777955307703E0,1.608067521927E1));
#9916=CARTESIAN_POINT('',(-3.313798836753E1,6.961688556281E0,1.616587808063E1));
#9917=CARTESIAN_POINT('',(-3.327432545819E1,7.314183809792E0,1.631309269071E1));
#9918=CARTESIAN_POINT('',(-3.343117036167E1,7.831770686627E0,1.648943879555E1));
#9919=CARTESIAN_POINT('',(-3.354390606452E1,8.326491428207E0,1.662565336242E1));
#9920=CARTESIAN_POINT('',(-3.361963532485E1,8.793870867344E0,1.672726546874E1));
#9921=CARTESIAN_POINT('',(-3.366548634448E1,9.231151185642E0,1.679888564706E1));
#9922=CARTESIAN_POINT('',(-3.368790046158E1,9.636708498484E0,1.684440508303E1));
#9923=CARTESIAN_POINT('',(-3.369247917099E1,1.000888989590E1,1.686726421801E1));
#9924=CARTESIAN_POINT('',(-3.368408306205E1,1.034683245760E1,1.687087877600E1));
#9925=CARTESIAN_POINT('',(-3.366676221160E1,1.065046234786E1,1.685864687487E1));
#9926=CARTESIAN_POINT('',(-3.364351398072E1,1.092371072418E1,1.683361266468E1));
#9927=CARTESIAN_POINT('',(-3.361550390411E1,1.117829490905E1,1.679695279391E1));
#9928=CARTESIAN_POINT('',(-3.358157086890E1,1.143158232846E1,1.674597168805E1));
#9929=CARTESIAN_POINT('',(-3.355282131741E1,1.161189672989E1,1.669712685111E1));
#9930=CARTESIAN_POINT('',(-3.353565029965E1,1.171023999846E1,1.666577713823E1));
#9931=CARTESIAN_POINT('',(-3.353318279073E1,1.172419787741E1,1.666122817104E1));
#9932=CARTESIAN_POINT('',(-3.239194552015E1,6.803301757134E0,1.602221680416E1));
#9933=CARTESIAN_POINT('',(-3.239761133652E1,6.814955789680E0,1.603172686071E1));
#9934=CARTESIAN_POINT('',(-3.247221250556E1,6.968825084374E0,1.615646387972E1));
#9935=CARTESIAN_POINT('',(-3.261066872882E1,7.265641663157E0,1.637686433147E1));
#9936=CARTESIAN_POINT('',(-3.279497199684E1,7.713006467825E0,1.665353893879E1));
#9937=CARTESIAN_POINT('',(-3.295151350707E1,8.154835580730E0,1.687966604818E1));
#9938=CARTESIAN_POINT('',(-3.308106423544E1,8.587123820223E0,1.706109976272E1));
#9939=CARTESIAN_POINT('',(-3.318598824778E1,9.006039265804E0,1.720280913562E1));
#9940=CARTESIAN_POINT('',(-3.326926297875E1,9.408125050814E0,1.730900493515E1));
#9941=CARTESIAN_POINT('',(-3.333388829536E1,9.789491085828E0,1.738332640415E1));
#9942=CARTESIAN_POINT('',(-3.338289314099E1,1.014678792320E1,1.742949458368E1));
#9943=CARTESIAN_POINT('',(-3.341913039805E1,1.047743813298E1,1.745135996386E1));
#9944=CARTESIAN_POINT('',(-3.344548904128E1,1.078339369211E1,1.745289785210E1));
#9945=CARTESIAN_POINT('',(-3.346478730135E1,1.107610360945E1,1.743671512701E1));
#9946=CARTESIAN_POINT('',(-3.347892978273E1,1.137530225652E1,1.740102050221E1));
#9947=CARTESIAN_POINT('',(-3.348517683432E1,1.159488973428E1,1.735822229037E1));
#9948=CARTESIAN_POINT('',(-3.348736206659E1,1.171699365280E1,1.732814426237E1));
#9949=CARTESIAN_POINT('',(-3.348764732110E1,1.173437310361E1,1.732373193172E1));
#9950=(BOUNDED_SURFACE()B_SPLINE_SURFACE(3,3,((#9878,#9879,#9880,#9881,#9882,
#9883,#9884,#9885,#9886,#9887,#9888,#9889,#9890,#9891,#9892,#9893,#9894,#9895),(
#9896,#9897,#9898,#9899,#9900,#9901,#9902,#9903,#9904,#9905,#9906,#9907,#9908,
#9909,#9910,#9911,#9912,#9913),(#9914,#9915,#9916,#9917,#9918,#9919,#9920,#9921,
#9922,#9923,#9924,#9925,#9926,#9927,#9928,#9929,#9930,#9931),(#9932,#9933,#9934,
#9935,#9936,#9937,#9938,#9939,#9940,#9941,#9942,#9943,#9944,#9945,#9946,#9947,
#9948,#9949)),.UNSPECIFIED.,.F.,.F.,.F.)B_SPLINE_SURFACE_WITH_KNOTS((4,4),(4,1,
1,1,1,1,1,1,1,1,1,1,1,1,1,4),(0.E0,1.E0),(-9.849907421034E-3,0.E0,
1.197334524904E-1,2.285621310583E-1,3.280533968780E-1,4.192009977999E-1,
5.031854072E-1,5.808839921507E-1,6.525691099781E-1,7.183701168476E-1,
7.787945278662E-1,8.339062844164E-1,8.857498080381E-1,9.395687123527E-1,1.E0,
1.010063681948E0),.UNSPECIFIED.)GEOMETRIC_REPRESENTATION_ITEM()RATIONAL_B_SPLINE_SURFACE(((1.213980330623E0,1.213980330623E0,1.213980330623E0,1.213980330623E0,
1.213980330623E0,1.213980330623E0,1.213980330623E0,1.213980330623E0,
1.213980330623E0,1.213980330623E0,1.213980330623E0,1.213980330623E0,
1.213980330623E0,1.213980330623E0,1.213980330623E0,1.213980330623E0,
1.213980330623E0,1.213980330623E0),(9.286732231255E-1,9.286732231255E-1,
9.286732231255E-1,9.286732231255E-1,9.286732231255E-1,9.286732231255E-1,
9.286732231255E-1,9.286732231255E-1,9.286732231255E-1,9.286732231255E-1,
9.286732231255E-1,9.286732231255E-1,9.286732231255E-1,9.286732231255E-1,
9.286732231255E-1,9.286732231255E-1,9.286732231255E-1,9.286732231255E-1),(
9.286732231255E-1,9.286732231255E-1,9.286732231255E-1,9.286732231255E-1,
9.286732231255E-1,9.286732231255E-1,9.286732231255E-1,9.286732231255E-1,
9.286732231255E-1,9.286732231255E-1,9.286732231255E-1,9.286732231255E-1,
9.286732231255E-1,9.286732231255E-1,9.286732231255E-1,9.286732231255E-1,
9.286732231255E-1,9.286732231255E-1),(1.213980330623E0,1.213980330623E0,
1.213980330623E0,1.213980330623E0,1.213980330623E0,1.213980330623E0,
1.213980330623E0,1.213980330623E0,1.213980330623E0,1.213980330623E0,
1.213980330623E0,1.213980330623E0,1.213980330623E0,1.213980330623E0,
1.213980330623E0,1.213980330623E0,1.213980330623E0,1.213980330623E0)))REPRESENTATION_ITEM('')SURFACE());
#9951=ORIENTED_EDGE('',*,*,#9867,.T.);
#9953=ORIENTED_EDGE('',*,*,#9952,.T.);
#9954=ORIENTED_EDGE('',*,*,#8478,.F.);
#9955=EDGE_LOOP('',(#9951,#9953,#9954));
#9956=FACE_OUTER_BOUND('',#9955,.F.);
#9957=ADVANCED_FACE('',(#9956),#9950,.T.);
#9958=CARTESIAN_POINT('',(-3.248999993446E1,1.049976358056E1,1.725556998094E1));
#9959=DIRECTION('',(0.E0,1.E0,0.E0));
#9960=DIRECTION('',(0.E0,0.E0,-1.E0));
#9961=AXIS2_PLACEMENT_3D('',#9958,#9959,#9960);
#9962=CYLINDRICAL_SURFACE('',#9961,1.E0);
#9963=ORIENTED_EDGE('',*,*,#9174,.T.);
#9964=ORIENTED_EDGE('',*,*,#9725,.T.);
#9965=ORIENTED_EDGE('',*,*,#8480,.F.);
#9966=ORIENTED_EDGE('',*,*,#9952,.F.);
#9967=EDGE_LOOP('',(#9963,#9964,#9965,#9966));
#9968=FACE_OUTER_BOUND('',#9967,.F.);
#9969=ADVANCED_FACE('',(#9968),#9962,.T.);
#9970=CARTESIAN_POINT('',(-2.898999993446E1,7.439441198305E0,
-4.355626970209E-12));
#9971=DIRECTION('',(0.E0,0.E0,1.E0));
#9972=DIRECTION('',(1.E0,0.E0,0.E0));
#9973=AXIS2_PLACEMENT_3D('',#9970,#9971,#9972);
#9974=CYLINDRICAL_SURFACE('',#9973,4.5E0);
#9976=ORIENTED_EDGE('',*,*,#9975,.F.);
#9977=ORIENTED_EDGE('',*,*,#9869,.F.);
#9978=ORIENTED_EDGE('',*,*,#8476,.F.);
#9980=ORIENTED_EDGE('',*,*,#9979,.F.);
#9981=EDGE_LOOP('',(#9976,#9977,#9978,#9980));
#9982=FACE_OUTER_BOUND('',#9981,.F.);
#9983=ADVANCED_FACE('',(#9982),#9974,.T.);
#9984=CARTESIAN_POINT('',(-2.879999993446E1,1.193654030768E1,6.009569980937E0));
#9985=DIRECTION('',(2.000400280266E-2,9.997998999159E-1,0.E0));
#9986=DIRECTION('',(-1.773299880356E-13,0.E0,-1.E0));
#9987=AXIS2_PLACEMENT_3D('',#9984,#9985,#9986);
#9988=PLANE('',#9987);
#9989=ORIENTED_EDGE('',*,*,#9975,.T.);
#9991=ORIENTED_EDGE('',*,*,#9990,.F.);
#9993=ORIENTED_EDGE('',*,*,#9992,.T.);
#9995=ORIENTED_EDGE('',*,*,#9994,.F.);
#9996=EDGE_LOOP('',(#9989,#9991,#9993,#9995));
#9997=FACE_OUTER_BOUND('',#9996,.F.);
#9998=ADVANCED_FACE('',(#9997),#9988,.T.);
#9999=CARTESIAN_POINT('',(-2.870406826005E1,1.163456086409E1,
-3.336430019062E0));
#10000=DIRECTION('',(-9.997998999159E-1,2.000400280266E-2,-7.503750175640E-14));
#10001=DIRECTION('',(2.000400280266E-2,9.997998999159E-1,0.E0));
#10002=AXIS2_PLACEMENT_3D('',#9999,#10000,#10001);
#10003=CYLINDRICAL_SURFACE('',#10002,3.E-1);
#10004=ORIENTED_EDGE('',*,*,#9990,.T.);
#10006=ORIENTED_EDGE('',*,*,#10005,.T.);
#10007=ORIENTED_EDGE('',*,*,#8541,.F.);
#10009=ORIENTED_EDGE('',*,*,#10008,.F.);
#10010=EDGE_LOOP('',(#10004,#10006,#10007,#10009));
#10011=FACE_OUTER_BOUND('',#10010,.F.);
#10012=ADVANCED_FACE('',(#10011),#10003,.T.);
#10013=CARTESIAN_POINT('',(-2.898999993446E1,7.439441198305E0,
-3.336430019063E0));
#10014=DIRECTION('',(0.E0,0.E0,1.E0));
#10015=DIRECTION('',(4.420714089145E-2,9.990223864830E-1,0.E0));
#10016=AXIS2_PLACEMENT_3D('',#10013,#10014,#10015);
#10017=TOROIDAL_SURFACE('',#10016,4.2E0,3.E-1);
#10018=ORIENTED_EDGE('',*,*,#9979,.T.);
#10019=ORIENTED_EDGE('',*,*,#8518,.T.);
#10020=ORIENTED_EDGE('',*,*,#8543,.F.);
#10021=ORIENTED_EDGE('',*,*,#10005,.F.);
#10022=EDGE_LOOP('',(#10018,#10019,#10020,#10021));
#10023=FACE_OUTER_BOUND('',#10022,.F.);
#10024=ADVANCED_FACE('',(#10023),#10017,.T.);
#10025=CARTESIAN_POINT('',(-2.878999993446E1,1.243644029768E1,
-3.336430019062E0));
#10026=DIRECTION('',(0.E0,0.E0,-1.E0));
#10027=DIRECTION('',(9.763436477458E-1,2.162246089286E-1,0.E0));
#10028=AXIS2_PLACEMENT_3D('',#10025,#10026,#10027);
#10029=TOROIDAL_SURFACE('',#10028,8.E-1,3.E-1);
#10031=ORIENTED_EDGE('',*,*,#10030,.T.);
#10032=ORIENTED_EDGE('',*,*,#10008,.T.);
#10033=ORIENTED_EDGE('',*,*,#8539,.F.);
#10035=ORIENTED_EDGE('',*,*,#10034,.F.);
#10036=EDGE_LOOP('',(#10031,#10032,#10033,#10035));
#10037=FACE_OUTER_BOUND('',#10036,.F.);
#10038=ADVANCED_FACE('',(#10037),#10029,.T.);
#10039=CARTESIAN_POINT('',(-2.878999993446E1,1.243644029768E1,0.E0));
#10040=DIRECTION('',(0.E0,0.E0,-1.E0));
#10041=DIRECTION('',(-1.E0,0.E0,0.E0));
#10042=AXIS2_PLACEMENT_3D('',#10039,#10040,#10041);
#10043=CYLINDRICAL_SURFACE('',#10042,5.E-1);
#10044=ORIENTED_EDGE('',*,*,#9992,.F.);
#10045=ORIENTED_EDGE('',*,*,#10030,.F.);
#10047=ORIENTED_EDGE('',*,*,#10046,.F.);
#10049=ORIENTED_EDGE('',*,*,#10048,.T.);
#10050=EDGE_LOOP('',(#10044,#10045,#10047,#10049));
#10051=FACE_OUTER_BOUND('',#10050,.F.);
#10052=ADVANCED_FACE('',(#10051),#10043,.F.);
#10053=CARTESIAN_POINT('',(-2.828999993446E1,1.276334102826E1,
6.009569980938E0));
#10054=DIRECTION('',(1.E0,0.E0,0.E0));
#10055=DIRECTION('',(0.E0,1.E0,0.E0));
#10056=AXIS2_PLACEMENT_3D('',#10053,#10054,#10055);
#10057=PLANE('',#10056);
#10059=ORIENTED_EDGE('',*,*,#10058,.T.);
#10060=ORIENTED_EDGE('',*,*,#9810,.F.);
#10061=ORIENTED_EDGE('',*,*,#10046,.T.);
#10063=ORIENTED_EDGE('',*,*,#10062,.F.);
#10064=EDGE_LOOP('',(#10059,#10060,#10061,#10063));
#10065=FACE_OUTER_BOUND('',#10064,.F.);
#10066=ADVANCED_FACE('',(#10065),#10057,.F.);
#10067=CARTESIAN_POINT('',(-2.678999993446E1,1.309034182890E1,
-4.355626970209E-12));
#10068=DIRECTION('',(0.E0,0.E0,1.E0));
#10069=DIRECTION('',(1.E0,0.E0,0.E0));
#10070=AXIS2_PLACEMENT_3D('',#10067,#10068,#10069);
#10071=CYLINDRICAL_SURFACE('',#10070,1.5E0);
#10073=ORIENTED_EDGE('',*,*,#10072,.F.);
#10075=ORIENTED_EDGE('',*,*,#10074,.F.);
#10077=ORIENTED_EDGE('',*,*,#10076,.F.);
#10078=ORIENTED_EDGE('',*,*,#9794,.F.);
#10079=ORIENTED_EDGE('',*,*,#10058,.F.);
#10081=ORIENTED_EDGE('',*,*,#10080,.F.);
#10082=EDGE_LOOP('',(#10073,#10075,#10077,#10078,#10079,#10081));
#10083=FACE_OUTER_BOUND('',#10082,.F.);
#10084=ADVANCED_FACE('',(#10083),#10071,.T.);
#10085=CARTESIAN_POINT('',(-2.648999993446E1,1.459034182890E1,
2.913569980938E0));
#10086=DIRECTION('',(0.E0,1.E0,0.E0));
#10087=DIRECTION('',(0.E0,0.E0,1.E0));
#10088=AXIS2_PLACEMENT_3D('',#10085,#10086,#10087);
#10089=PLANE('',#10088);
#10091=ORIENTED_EDGE('',*,*,#10090,.T.);
#10093=ORIENTED_EDGE('',*,*,#10092,.T.);
#10094=ORIENTED_EDGE('',*,*,#10072,.T.);
#10096=ORIENTED_EDGE('',*,*,#10095,.F.);
#10097=EDGE_LOOP('',(#10091,#10093,#10094,#10096));
#10098=FACE_OUTER_BOUND('',#10097,.F.);
#10099=ADVANCED_FACE('',(#10098),#10089,.T.);
#10100=CARTESIAN_POINT('',(-2.618999993446E1,1.429034182890E1,0.E0));
#10101=DIRECTION('',(0.E0,0.E0,-1.E0));
#10102=DIRECTION('',(-1.E0,0.E0,0.E0));
#10103=AXIS2_PLACEMENT_3D('',#10100,#10101,#10102);
#10104=CYLINDRICAL_SURFACE('',#10103,3.E-1);
#10106=ORIENTED_EDGE('',*,*,#10105,.F.);
#10108=ORIENTED_EDGE('',*,*,#10107,.T.);
#10109=ORIENTED_EDGE('',*,*,#10090,.F.);
#10111=ORIENTED_EDGE('',*,*,#10110,.F.);
#10112=EDGE_LOOP('',(#10106,#10108,#10109,#10111));
#10113=FACE_OUTER_BOUND('',#10112,.F.);
#10114=ADVANCED_FACE('',(#10113),#10104,.T.);
#10115=CARTESIAN_POINT('',(-2.588999993446E1,1.384034182890E1,
2.913569980938E0));
#10116=DIRECTION('',(1.E0,0.E0,0.E0));
#10117=DIRECTION('',(0.E0,0.E0,-1.E0));
#10118=AXIS2_PLACEMENT_3D('',#10115,#10116,#10117);
#10119=PLANE('',#10118);
#10121=ORIENTED_EDGE('',*,*,#10120,.T.);
#10123=ORIENTED_EDGE('',*,*,#10122,.F.);
#10124=ORIENTED_EDGE('',*,*,#10105,.T.);
#10126=ORIENTED_EDGE('',*,*,#10125,.F.);
#10127=EDGE_LOOP('',(#10121,#10123,#10124,#10126));
#10128=FACE_OUTER_BOUND('',#10127,.F.);
#10129=ADVANCED_FACE('',(#10128),#10119,.T.);
#10130=CARTESIAN_POINT('',(-2.618999993446E1,1.339034182890E1,0.E0));
#10131=DIRECTION('',(0.E0,0.E0,1.E0));
#10132=DIRECTION('',(0.E0,1.E0,0.E0));
#10133=AXIS2_PLACEMENT_3D('',#10130,#10131,#10132);
#10134=CYLINDRICAL_SURFACE('',#10133,3.E-1);
#10135=ORIENTED_EDGE('',*,*,#10120,.F.);
#10137=ORIENTED_EDGE('',*,*,#10136,.F.);
#10139=ORIENTED_EDGE('',*,*,#10138,.F.);
#10141=ORIENTED_EDGE('',*,*,#10140,.T.);
#10142=EDGE_LOOP('',(#10135,#10137,#10139,#10141));
#10143=FACE_OUTER_BOUND('',#10142,.F.);
#10144=ADVANCED_FACE('',(#10143),#10134,.T.);
#10145=CARTESIAN_POINT('',(-2.618999993446E1,1.339034182890E1,
-3.336430019062E0));
#10146=DIRECTION('',(-7.071067811798E-1,-7.071067811933E-1,0.E0));
#10147=DIRECTION('',(7.071067811933E-1,-7.071067811798E-1,0.E0));
#10148=AXIS2_PLACEMENT_3D('',#10145,#10146,#10147);
#10149=SPHERICAL_SURFACE('',#10148,3.E-1);
#10150=ORIENTED_EDGE('',*,*,#10136,.T.);
#10152=ORIENTED_EDGE('',*,*,#10151,.T.);
#10153=ORIENTED_EDGE('',*,*,#8570,.F.);
#10154=EDGE_LOOP('',(#10150,#10152,#10153));
#10155=FACE_OUTER_BOUND('',#10154,.F.);
#10156=ADVANCED_FACE('',(#10155),#10149,.T.);
#10157=CARTESIAN_POINT('',(-2.618999993446E1,1.328838655099E1,
-3.336430019062E0));
#10158=DIRECTION('',(0.E0,1.E0,0.E0));
#10159=DIRECTION('',(1.E0,0.E0,0.E0));
#10160=AXIS2_PLACEMENT_3D('',#10157,#10158,#10159);
#10161=CYLINDRICAL_SURFACE('',#10160,3.E-1);
#10162=ORIENTED_EDGE('',*,*,#10125,.T.);
#10164=ORIENTED_EDGE('',*,*,#10163,.T.);
#10165=ORIENTED_EDGE('',*,*,#8531,.F.);
#10166=ORIENTED_EDGE('',*,*,#10151,.F.);
#10167=EDGE_LOOP('',(#10162,#10164,#10165,#10166));
#10168=FACE_OUTER_BOUND('',#10167,.F.);
#10169=ADVANCED_FACE('',(#10168),#10161,.T.);
#10170=CARTESIAN_POINT('',(-2.618999993446E1,1.429034182890E1,
-3.336430019062E0));
#10171=DIRECTION('',(7.071067811707E-1,-7.071067812024E-1,0.E0));
#10172=DIRECTION('',(7.071067812024E-1,7.071067811707E-1,0.E0));
#10173=AXIS2_PLACEMENT_3D('',#10170,#10171,#10172);
#10174=SPHERICAL_SURFACE('',#10173,3.E-1);
#10175=ORIENTED_EDGE('',*,*,#10110,.T.);
#10177=ORIENTED_EDGE('',*,*,#10176,.T.);
#10178=ORIENTED_EDGE('',*,*,#10163,.F.);
#10179=EDGE_LOOP('',(#10175,#10177,#10178));
#10180=FACE_OUTER_BOUND('',#10179,.F.);
#10181=ADVANCED_FACE('',(#10180),#10174,.T.);
#10182=CARTESIAN_POINT('',(-2.608420723739E1,1.429034182890E1,
-3.336430019062E0));
#10183=DIRECTION('',(-1.E0,0.E0,-7.587058446202E-14));
#10184=DIRECTION('',(0.E0,1.E0,0.E0));
#10185=AXIS2_PLACEMENT_3D('',#10182,#10183,#10184);
#10186=CYLINDRICAL_SURFACE('',#10185,3.E-1);
#10187=ORIENTED_EDGE('',*,*,#10095,.T.);
#10189=ORIENTED_EDGE('',*,*,#10188,.T.);
#10190=ORIENTED_EDGE('',*,*,#8533,.F.);
#10191=ORIENTED_EDGE('',*,*,#10176,.F.);
#10192=EDGE_LOOP('',(#10187,#10189,#10190,#10191));
#10193=FACE_OUTER_BOUND('',#10192,.F.);
#10194=ADVANCED_FACE('',(#10193),#10186,.T.);
#10195=CARTESIAN_POINT('',(-2.678999993446E1,1.309034182890E1,
-3.336430019062E0));
#10196=DIRECTION('',(0.E0,0.E0,1.E0));
#10197=DIRECTION('',(7.258475792915E-2,9.973622475893E-1,0.E0));
#10198=AXIS2_PLACEMENT_3D('',#10195,#10196,#10197);
#10199=TOROIDAL_SURFACE('',#10198,1.2E0,3.E-1);
#10200=ORIENTED_EDGE('',*,*,#10080,.T.);
#10202=ORIENTED_EDGE('',*,*,#10201,.T.);
#10203=ORIENTED_EDGE('',*,*,#8535,.F.);
#10204=ORIENTED_EDGE('',*,*,#10188,.F.);
#10205=EDGE_LOOP('',(#10200,#10202,#10203,#10204));
#10206=FACE_OUTER_BOUND('',#10205,.F.);
#10207=ADVANCED_FACE('',(#10206),#10199,.T.);
#10208=CARTESIAN_POINT('',(-2.798999993446E1,1.319030132434E1,
-3.336430019062E0));
#10209=DIRECTION('',(0.E0,-1.E0,0.E0));
#10210=DIRECTION('',(-1.E0,0.E0,0.E0));
#10211=AXIS2_PLACEMENT_3D('',#10208,#10209,#10210);
#10212=CYLINDRICAL_SURFACE('',#10211,3.E-1);
#10213=ORIENTED_EDGE('',*,*,#10062,.T.);
#10214=ORIENTED_EDGE('',*,*,#10034,.T.);
#10215=ORIENTED_EDGE('',*,*,#8537,.F.);
#10216=ORIENTED_EDGE('',*,*,#10201,.F.);
#10217=EDGE_LOOP('',(#10213,#10214,#10215,#10216));
#10218=FACE_OUTER_BOUND('',#10217,.F.);
#10219=ADVANCED_FACE('',(#10218),#10212,.T.);
#10220=CARTESIAN_POINT('',(-2.623999993446E1,1.309034182890E1,
2.913569980938E0));
#10221=DIRECTION('',(0.E0,1.E0,0.E0));
#10222=DIRECTION('',(0.E0,0.E0,1.E0));
#10223=AXIS2_PLACEMENT_3D('',#10220,#10221,#10222);
#10224=PLANE('',#10223);
#10225=ORIENTED_EDGE('',*,*,#8568,.F.);
#10227=ORIENTED_EDGE('',*,*,#10226,.T.);
#10229=ORIENTED_EDGE('',*,*,#10228,.T.);
#10230=ORIENTED_EDGE('',*,*,#10138,.T.);
#10231=EDGE_LOOP('',(#10225,#10227,#10229,#10230));
#10232=FACE_OUTER_BOUND('',#10231,.F.);
#10233=ADVANCED_FACE('',(#10232),#10224,.F.);
#10234=CARTESIAN_POINT('',(-2.678999993446E1,1.309611643538E1,
6.009569980938E0));
#10235=DIRECTION('',(1.E0,0.E0,0.E0));
#10236=DIRECTION('',(0.E0,0.E0,-1.E0));
#10237=AXIS2_PLACEMENT_3D('',#10234,#10235,#10236);
#10238=PLANE('',#10237);
#10239=ORIENTED_EDGE('',*,*,#8583,.F.);
#10240=ORIENTED_EDGE('',*,*,#8613,.T.);
#10242=ORIENTED_EDGE('',*,*,#10241,.T.);
#10244=ORIENTED_EDGE('',*,*,#10243,.F.);
#10246=ORIENTED_EDGE('',*,*,#10245,.T.);
#10248=ORIENTED_EDGE('',*,*,#10247,.T.);
#10249=ORIENTED_EDGE('',*,*,#10226,.F.);
#10250=EDGE_LOOP('',(#10239,#10240,#10242,#10244,#10246,#10248,#10249));
#10251=FACE_OUTER_BOUND('',#10250,.F.);
#10252=ADVANCED_FACE('',(#10251),#10238,.T.);
#10253=CARTESIAN_POINT('',(-1.840999993446E1,1.193999603800E1,
1.300556998094E1));
#10254=DIRECTION('',(0.E0,1.E0,0.E0));
#10255=DIRECTION('',(1.E0,0.E0,0.E0));
#10256=AXIS2_PLACEMENT_3D('',#10253,#10254,#10255);
#10257=PLANE('',#10256);
#10259=ORIENTED_EDGE('',*,*,#10258,.F.);
#10260=ORIENTED_EDGE('',*,*,#10241,.F.);
#10261=ORIENTED_EDGE('',*,*,#8722,.T.);
#10262=ORIENTED_EDGE('',*,*,#8785,.T.);
#10263=EDGE_LOOP('',(#10259,#10260,#10261,#10262));
#10264=FACE_OUTER_BOUND('',#10263,.F.);
#10265=ADVANCED_FACE('',(#10264),#10257,.T.);
#10266=CARTESIAN_POINT('',(-8.272808734159E1,1.293999603800E1,
1.525556998094E1));
#10267=DIRECTION('',(1.E0,0.E0,0.E0));
#10268=DIRECTION('',(0.E0,0.E0,1.E0));
#10269=AXIS2_PLACEMENT_3D('',#10266,#10267,#10268);
#10270=CYLINDRICAL_SURFACE('',#10269,1.E0);
#10271=ORIENTED_EDGE('',*,*,#10258,.T.);
#10273=ORIENTED_EDGE('',*,*,#10272,.F.);
#10274=ORIENTED_EDGE('',*,*,#9157,.F.);
#10276=ORIENTED_EDGE('',*,*,#10275,.F.);
#10277=EDGE_LOOP('',(#10271,#10273,#10274,#10276));
#10278=FACE_OUTER_BOUND('',#10277,.F.);
#10279=ADVANCED_FACE('',(#10278),#10270,.F.);
#10280=CARTESIAN_POINT('',(-1.102999993446E1,5.386019690406E1,
1.525556998094E1));
#10281=DIRECTION('',(0.E0,-1.E0,0.E0));
#10282=DIRECTION('',(1.E0,0.E0,0.E0));
#10283=AXIS2_PLACEMENT_3D('',#10280,#10281,#10282);
#10284=CYLINDRICAL_SURFACE('',#10283,1.E0);
#10285=ORIENTED_EDGE('',*,*,#8783,.F.);
#10286=ORIENTED_EDGE('',*,*,#9000,.T.);
#10287=ORIENTED_EDGE('',*,*,#9159,.T.);
#10288=ORIENTED_EDGE('',*,*,#10272,.T.);
#10289=EDGE_LOOP('',(#10285,#10286,#10287,#10288));
#10290=FACE_OUTER_BOUND('',#10289,.F.);
#10291=ADVANCED_FACE('',(#10290),#10284,.F.);
#10292=CARTESIAN_POINT('',(-2.578999993446E1,5.386019690406E1,
1.525556998094E1));
#10293=DIRECTION('',(0.E0,-1.E0,0.E0));
#10294=DIRECTION('',(0.E0,0.E0,1.E0));
#10295=AXIS2_PLACEMENT_3D('',#10292,#10293,#10294);
#10296=CYLINDRICAL_SURFACE('',#10295,1.E0);
#10297=ORIENTED_EDGE('',*,*,#9155,.F.);
#10299=ORIENTED_EDGE('',*,*,#10298,.T.);
#10300=ORIENTED_EDGE('',*,*,#10243,.T.);
#10301=ORIENTED_EDGE('',*,*,#10275,.T.);
#10302=EDGE_LOOP('',(#10297,#10299,#10300,#10301));
#10303=FACE_OUTER_BOUND('',#10302,.F.);
#10304=ADVANCED_FACE('',(#10303),#10296,.F.);
#10305=CARTESIAN_POINT('',(-2.708999993446E1,1.425223683276E1,
1.525556998094E1));
#10306=DIRECTION('',(0.E0,0.E0,-1.E0));
#10307=DIRECTION('',(-5.639909699156E-1,8.257809551290E-1,0.E0));
#10308=AXIS2_PLACEMENT_3D('',#10305,#10306,#10307);
#10309=TOROIDAL_SURFACE('',#10308,1.3E0,1.E0);
#10311=ORIENTED_EDGE('',*,*,#10310,.F.);
#10312=ORIENTED_EDGE('',*,*,#9796,.F.);
#10314=ORIENTED_EDGE('',*,*,#10313,.F.);
#10315=ORIENTED_EDGE('',*,*,#10298,.F.);
#10316=ORIENTED_EDGE('',*,*,#9153,.T.);
#10317=EDGE_LOOP('',(#10311,#10312,#10314,#10315,#10316));
#10318=FACE_OUTER_BOUND('',#10317,.F.);
#10319=ADVANCED_FACE('',(#10318),#10309,.F.);
#10320=CARTESIAN_POINT('',(-2.744406054511E1,1.530929819465E1,
1.625580919159E1));
#10321=CARTESIAN_POINT('',(-2.742925970593E1,1.530929819465E1,
1.625556965589E1));
#10322=CARTESIAN_POINT('',(-2.737105369750E1,1.530929819465E1,
1.625463653958E1));
#10323=CARTESIAN_POINT('',(-2.726741671068E1,1.530929819465E1,
1.625314701910E1));
#10324=CARTESIAN_POINT('',(-2.712748224364E1,1.530929819465E1,
1.625211273673E1));
#10325=CARTESIAN_POINT('',(-2.697625705067E1,1.530929819465E1,
1.625245715504E1));
#10326=CARTESIAN_POINT('',(-2.681118530869E1,1.530929819465E1,
1.625448063229E1));
#10327=CARTESIAN_POINT('',(-2.663562621859E1,1.530929819465E1,
1.625755563859E1));
#10328=CARTESIAN_POINT('',(-2.650652319052E1,1.530929819465E1,
1.625901230431E1));
#10329=CARTESIAN_POINT('',(-2.643573626720E1,1.530929819465E1,
1.625882511323E1));
#10330=CARTESIAN_POINT('',(-2.642289676119E1,1.530929819465E1,
1.625875163638E1));
#10331=CARTESIAN_POINT('',(-2.744492564008E1,1.597136872653E1,
1.620198243083E1));
#10332=CARTESIAN_POINT('',(-2.743012268945E1,1.597136872653E1,
1.620174288306E1));
#10333=CARTESIAN_POINT('',(-2.737188270127E1,1.597136872653E1,
1.620080923447E1));
#10334=CARTESIAN_POINT('',(-2.726803137855E1,1.597136872653E1,
1.619931640396E1));
#10335=CARTESIAN_POINT('',(-2.712762412164E1,1.597136872653E1,
1.619827836307E1));
#10336=CARTESIAN_POINT('',(-2.697583763719E1,1.597136872653E1,
1.619862415865E1));
#10337=CARTESIAN_POINT('',(-2.681030918590E1,1.597136872653E1,
1.620065387962E1));
#10338=CARTESIAN_POINT('',(-2.663471924295E1,1.597136872653E1,
1.620372961920E1));
#10339=CARTESIAN_POINT('',(-2.650616590431E1,1.597136872653E1,
1.620517773437E1));
#10340=CARTESIAN_POINT('',(-2.643592988821E1,1.597136872653E1,
1.620499162344E1));
#10341=CARTESIAN_POINT('',(-2.642319924002E1,1.597136872653E1,
1.620491861380E1));
#10342=CARTESIAN_POINT('',(-2.743737683190E1,1.644101586394E1,
1.667167409465E1));
#10343=CARTESIAN_POINT('',(-2.742259230570E1,1.644101586394E1,
1.667143465227E1));
#10344=CARTESIAN_POINT('',(-2.736464882439E1,1.644101586394E1,
1.667050564834E1));
#10345=CARTESIAN_POINT('',(-2.726266779413E1,1.644101586394E1,
1.666904170112E1));
#10346=CARTESIAN_POINT('',(-2.712638609587E1,1.644101586394E1,
1.666803645702E1));
#10347=CARTESIAN_POINT('',(-2.697949743415E1,1.644101586394E1,
1.666837023456E1));
#10348=CARTESIAN_POINT('',(-2.681795422281E1,1.644101586394E1,
1.667034547282E1));
#10349=CARTESIAN_POINT('',(-2.664263350141E1,1.644101586394E1,
1.667341481384E1));
#10350=CARTESIAN_POINT('',(-2.650928357940E1,1.644101586394E1,
1.667493754107E1));
#10351=CARTESIAN_POINT('',(-2.643424035359E1,1.644101586394E1,
1.667474200475E1));
#10352=CARTESIAN_POINT('',(-2.642055981341E1,1.644101586394E1,
1.667466491821E1));
#10353=CARTESIAN_POINT('',(-2.742673770397E1,1.638703425047E1,
1.733364742566E1));
#10354=CARTESIAN_POINT('',(-2.741197914478E1,1.638703425047E1,
1.733340813181E1));
#10355=CARTESIAN_POINT('',(-2.735445355388E1,1.638703425047E1,
1.733248567397E1));
#10356=CARTESIAN_POINT('',(-2.725510847359E1,1.638703425047E1,
1.733106243425E1));
#10357=CARTESIAN_POINT('',(-2.712464124896E1,1.638703425047E1,
1.733010341324E1));
#10358=CARTESIAN_POINT('',(-2.698465547328E1,1.638703425047E1,
1.733042025281E1));
#10359=CARTESIAN_POINT('',(-2.682872897345E1,1.638703425047E1,
1.733231870431E1));
#10360=CARTESIAN_POINT('',(-2.665378768709E1,1.638703425047E1,
1.733537902734E1));
#10361=CARTESIAN_POINT('',(-2.651367756362E1,1.638703425047E1,
1.733700691119E1));
#10362=CARTESIAN_POINT('',(-2.643185915984E1,1.638703425047E1,
1.733679809094E1));
#10363=CARTESIAN_POINT('',(-2.641683986230E1,1.638703425047E1,
1.733671525848E1));
#10364=(BOUNDED_SURFACE()B_SPLINE_SURFACE(3,3,((#10320,#10321,#10322,#10323,
#10324,#10325,#10326,#10327,#10328,#10329,#10330),(#10331,#10332,#10333,#10334,
#10335,#10336,#10337,#10338,#10339,#10340,#10341),(#10342,#10343,#10344,#10345,
#10346,#10347,#10348,#10349,#10350,#10351,#10352),(#10353,#10354,#10355,#10356,
#10357,#10358,#10359,#10360,#10361,#10362,#10363)),.UNSPECIFIED.,.F.,.F.,.F.)B_SPLINE_SURFACE_WITH_KNOTS((4,4),(4,1,1,1,1,1,1,1,4),(0.E0,1.E0),(
-4.784103208999E-2,0.E0,1.391935273771E-1,2.785548569471E-1,4.328317635878E-1,
6.047640933008E-1,7.934731217642E-1,1.E0,1.046229130821E0),.UNSPECIFIED.)GEOMETRIC_REPRESENTATION_ITEM()RATIONAL_B_SPLINE_SURFACE(((1.214042234553E0,
1.214042234553E0,1.214042234553E0,1.214042234553E0,1.214042234553E0,
1.214042234553E0,1.214042234553E0,1.214042234553E0,1.214042234553E0,
1.214042234553E0,1.214042234553E0),(9.286525884823E-1,9.286525884823E-1,
9.286525884823E-1,9.286525884823E-1,9.286525884823E-1,9.286525884823E-1,
9.286525884823E-1,9.286525884823E-1,9.286525884823E-1,9.286525884823E-1,
9.286525884823E-1),(9.286525884823E-1,9.286525884823E-1,9.286525884823E-1,
9.286525884823E-1,9.286525884823E-1,9.286525884823E-1,9.286525884823E-1,
9.286525884823E-1,9.286525884823E-1,9.286525884823E-1,9.286525884823E-1),(
1.214042234553E0,1.214042234553E0,1.214042234553E0,1.214042234553E0,
1.214042234553E0,1.214042234553E0,1.214042234553E0,1.214042234553E0,
1.214042234553E0,1.214042234553E0,1.214042234553E0)))REPRESENTATION_ITEM('')SURFACE());
#10365=ORIENTED_EDGE('',*,*,#10310,.T.);
#10367=ORIENTED_EDGE('',*,*,#10366,.T.);
#10368=ORIENTED_EDGE('',*,*,#9681,.F.);
#10369=ORIENTED_EDGE('',*,*,#9778,.F.);
#10370=EDGE_LOOP('',(#10365,#10367,#10368,#10369));
#10371=FACE_OUTER_BOUND('',#10370,.F.);
#10372=ADVANCED_FACE('',(#10371),#10364,.T.);
#10373=CARTESIAN_POINT('',(-3.008039427730E1,1.539034182890E1,
1.725556998094E1));
#10374=DIRECTION('',(1.E0,0.E0,0.E0));
#10375=DIRECTION('',(0.E0,0.E0,-1.E0));
#10376=AXIS2_PLACEMENT_3D('',#10373,#10374,#10375);
#10377=CYLINDRICAL_SURFACE('',#10376,1.E0);
#10378=ORIENTED_EDGE('',*,*,#9151,.T.);
#10379=ORIENTED_EDGE('',*,*,#9050,.T.);
#10380=ORIENTED_EDGE('',*,*,#9683,.F.);
#10381=ORIENTED_EDGE('',*,*,#10366,.F.);
#10382=EDGE_LOOP('',(#10378,#10379,#10380,#10381));
#10383=FACE_OUTER_BOUND('',#10382,.F.);
#10384=ADVANCED_FACE('',(#10383),#10377,.T.);
#10385=CARTESIAN_POINT('',(-2.708999993446E1,1.425223683276E1,
1.115435712254E2));
#10386=DIRECTION('',(0.E0,0.E0,-1.E0));
#10387=DIRECTION('',(-2.5E-1,9.682458365519E-1,0.E0));
#10388=AXIS2_PLACEMENT_3D('',#10385,#10386,#10387);
#10389=CYLINDRICAL_SURFACE('',#10388,3.E-1);
#10390=ORIENTED_EDGE('',*,*,#10245,.F.);
#10391=ORIENTED_EDGE('',*,*,#10313,.T.);
#10392=ORIENTED_EDGE('',*,*,#10076,.T.);
#10394=ORIENTED_EDGE('',*,*,#10393,.T.);
#10395=EDGE_LOOP('',(#10390,#10391,#10392,#10394));
#10396=FACE_OUTER_BOUND('',#10395,.F.);
#10397=ADVANCED_FACE('',(#10396),#10389,.T.);
#10398=CARTESIAN_POINT('',(-2.648999993446E1,1.375259172882E1,
9.363569980937E0));
#10399=DIRECTION('',(0.E0,0.E0,1.E0));
#10400=DIRECTION('',(0.E0,1.E0,0.E0));
#10401=AXIS2_PLACEMENT_3D('',#10398,#10399,#10400);
#10402=PLANE('',#10401);
#10403=ORIENTED_EDGE('',*,*,#10247,.F.);
#10404=ORIENTED_EDGE('',*,*,#10393,.F.);
#10405=ORIENTED_EDGE('',*,*,#10074,.T.);
#10406=ORIENTED_EDGE('',*,*,#10092,.F.);
#10407=ORIENTED_EDGE('',*,*,#10107,.F.);
#10408=ORIENTED_EDGE('',*,*,#10122,.T.);
#10409=ORIENTED_EDGE('',*,*,#10140,.F.);
#10410=ORIENTED_EDGE('',*,*,#10228,.F.);
#10411=EDGE_LOOP('',(#10403,#10404,#10405,#10406,#10407,#10408,#10409,#10410));
#10412=FACE_OUTER_BOUND('',#10411,.F.);
#10413=ADVANCED_FACE('',(#10412),#10402,.T.);
#10414=CARTESIAN_POINT('',(-2.849107069783E1,1.261842898168E1,
1.584759293370E1));
#10415=CARTESIAN_POINT('',(-2.848261334330E1,1.261400595427E1,
1.583615563248E1));
#10416=CARTESIAN_POINT('',(-2.843317025342E1,1.258815905310E1,
1.576612504707E1));
#10417=CARTESIAN_POINT('',(-2.835734987610E1,1.254860773173E1,
1.562223741913E1));
#10418=CARTESIAN_POINT('',(-2.830212302837E1,1.252011126767E1,
1.541639757513E1));
#10419=CARTESIAN_POINT('',(-2.829482515442E1,1.251631082596E1,
1.527654235956E1));
#10420=CARTESIAN_POINT('',(-2.829751281598E1,1.251772129136E1,
1.521273699195E1));
#10421=CARTESIAN_POINT('',(-2.857121351782E1,1.230274713808E1,
1.604389208343E1));
#10422=CARTESIAN_POINT('',(-2.855817801635E1,1.229664248525E1,
1.603160437481E1));
#10423=CARTESIAN_POINT('',(-2.848107220427E1,1.226045905139E1,
1.595507356762E1));
#10424=CARTESIAN_POINT('',(-2.835294097549E1,1.219965222795E1,
1.578256069589E1));
#10425=CARTESIAN_POINT('',(-2.824667906542E1,1.214766981568E1,
1.549620787431E1));
#10426=CARTESIAN_POINT('',(-2.823156757117E1,1.214038550715E1,
1.528661321362E1));
#10427=CARTESIAN_POINT('',(-2.823696895832E1,1.214294563993E1,
1.519188850889E1));
#10428=CARTESIAN_POINT('',(-2.887277601935E1,1.207881913774E1,
1.598456124341E1));
#10429=CARTESIAN_POINT('',(-2.885944936068E1,1.207152162880E1,
1.597530824441E1));
#10430=CARTESIAN_POINT('',(-2.878006486466E1,1.202800600545E1,
1.591652883050E1));
#10431=CARTESIAN_POINT('',(-2.864209034571E1,1.195212165326E1,
1.577068663002E1));
#10432=CARTESIAN_POINT('',(-2.852035701193E1,1.188347955172E1,
1.549709117354E1));
#10433=CARTESIAN_POINT('',(-2.850251441781E1,1.187372397237E1,
1.528651230040E1));
#10434=CARTESIAN_POINT('',(-2.850881641815E1,1.187709961838E1,
1.519191470839E1));
#10435=CARTESIAN_POINT('',(-2.913967201575E1,1.213680412647E1,
1.571998402732E1));
#10436=CARTESIAN_POINT('',(-2.913058843965E1,1.212981550140E1,
1.571507378646E1));
#10437=CARTESIAN_POINT('',(-2.907624435114E1,1.208819851031E1,
1.568322293832E1));
#10438=CARTESIAN_POINT('',(-2.897925300280E1,1.201621840561E1,
1.559669865110E1));
#10439=CARTESIAN_POINT('',(-2.889075018158E1,1.195189024380E1,
1.541829737713E1));
#10440=CARTESIAN_POINT('',(-2.887757825179E1,1.194277458714E1,
1.527632531518E1));
#10441=CARTESIAN_POINT('',(-2.888220295424E1,1.194593906025E1,
1.521279334190E1));
#10442=(BOUNDED_SURFACE()B_SPLINE_SURFACE(3,3,((#10414,#10415,#10416,#10417,
#10418,#10419,#10420),(#10421,#10422,#10423,#10424,#10425,#10426,#10427),
(#10428,#10429,#10430,#10431,#10432,#10433,#10434),(#10435,#10436,#10437,#10438,
#10439,#10440,#10441)),.UNSPECIFIED.,.F.,.F.,.F.)B_SPLINE_SURFACE_WITH_KNOTS((4,
4),(4,1,1,1,4),(0.E0,1.E0),(-6.372415374223E-2,0.E0,3.191493626238E-1,
6.489439123020E-1,9.293004162679E-1),.UNSPECIFIED.)GEOMETRIC_REPRESENTATION_ITEM()RATIONAL_B_SPLINE_SURFACE(((1.269517930942E0,1.269517930942E0,1.269517930942E0,
1.269517930942E0,1.269517930942E0,1.269517930942E0,1.269517930942E0),(
9.101606896860E-1,9.101606896860E-1,9.101606896860E-1,9.101606896860E-1,
9.101606896860E-1,9.101606896860E-1,9.101606896860E-1),(9.101606896860E-1,
9.101606896860E-1,9.101606896860E-1,9.101606896860E-1,9.101606896860E-1,
9.101606896860E-1,9.101606896860E-1),(1.269517930942E0,1.269517930942E0,
1.269517930942E0,1.269517930942E0,1.269517930942E0,1.269517930942E0,
1.269517930942E0)))REPRESENTATION_ITEM('')SURFACE());
#10444=ORIENTED_EDGE('',*,*,#10443,.F.);
#10445=ORIENTED_EDGE('',*,*,#10048,.F.);
#10446=ORIENTED_EDGE('',*,*,#9808,.F.);
#10447=ORIENTED_EDGE('',*,*,#9856,.T.);
#10448=EDGE_LOOP('',(#10444,#10445,#10446,#10447));
#10449=FACE_OUTER_BOUND('',#10448,.F.);
#10450=ADVANCED_FACE('',(#10449),#10442,.F.);
#10451=CARTESIAN_POINT('',(-2.903599092274E1,1.294146215702E1,
1.525556998094E1));
#10452=DIRECTION('',(9.997998999159E-1,-2.000400280266E-2,0.E0));
#10453=DIRECTION('',(0.E0,0.E0,1.E0));
#10454=AXIS2_PLACEMENT_3D('',#10451,#10452,#10453);
#10455=CYLINDRICAL_SURFACE('',#10454,1.E0);
#10456=ORIENTED_EDGE('',*,*,#10443,.T.);
#10457=ORIENTED_EDGE('',*,*,#9871,.T.);
#10458=ORIENTED_EDGE('',*,*,#9994,.T.);
#10459=EDGE_LOOP('',(#10456,#10457,#10458));
#10460=FACE_OUTER_BOUND('',#10459,.F.);
#10461=ADVANCED_FACE('',(#10460),#10455,.F.);
#10462=CARTESIAN_POINT('',(-3.002587651071E1,1.647520742789E1,
2.516809156223E1));
#10463=CARTESIAN_POINT('',(-2.749843610931E1,1.497427211805E1,
2.855648970872E1));
#10464=CARTESIAN_POINT('',(-2.497099570792E1,1.347333680821E1,
3.194488785521E1));
#10465=CARTESIAN_POINT('',(-2.244355530653E1,1.197240149837E1,
3.533328600170E1));
#10466=CARTESIAN_POINT('',(-3.006243514175E1,1.647673830624E1,
2.516809156223E1));
#10467=CARTESIAN_POINT('',(-2.753629816468E1,1.496922303863E1,
2.855648970872E1));
#10468=CARTESIAN_POINT('',(-2.501016118762E1,1.346170777102E1,
3.194488785521E1));
#10469=CARTESIAN_POINT('',(-2.248402421056E1,1.195419250341E1,
3.533328600170E1));
#10470=CARTESIAN_POINT('',(-3.101357106395E1,1.650180914601E1,
2.516809156223E1));
#10471=CARTESIAN_POINT('',(-2.852011198399E1,1.482594691850E1,
2.855648970872E1));
#10472=CARTESIAN_POINT('',(-2.602665290404E1,1.315008469099E1,
3.194488785521E1));
#10473=CARTESIAN_POINT('',(-2.353319382409E1,1.147422246349E1,
3.533328600170E1));
#10474=CARTESIAN_POINT('',(-3.287497217301E1,1.573870587462E1,
2.516809156223E1));
#10475=CARTESIAN_POINT('',(-3.039366586463E1,1.389193999258E1,
2.855648970872E1));
#10476=CARTESIAN_POINT('',(-2.791235955625E1,1.204517411053E1,
3.194488785521E1));
#10477=CARTESIAN_POINT('',(-2.543105324787E1,1.019840822849E1,
3.533328600170E1));
#10478=CARTESIAN_POINT('',(-3.363534124765E1,1.387533038194E1,
2.516809156223E1));
#10479=CARTESIAN_POINT('',(-3.137233121925E1,1.205063429227E1,
2.855648970872E1));
#10480=CARTESIAN_POINT('',(-2.910932119085E1,1.022593820260E1,
3.194488785521E1));
#10481=CARTESIAN_POINT('',(-2.684631116244E1,8.401242112936E0,
3.533328600170E1));
#10482=CARTESIAN_POINT('',(-3.360874855978E1,1.292344232016E1,
2.516809156223E1));
#10483=CARTESIAN_POINT('',(-3.154046412593E1,1.107910538701E1,
2.855648970872E1));
#10484=CARTESIAN_POINT('',(-2.947217969209E1,9.234768453866E0,
3.194488785521E1));
#10485=CARTESIAN_POINT('',(-2.740389525824E1,7.390431520721E0,
3.533328600170E1));
#10486=CARTESIAN_POINT('',(-3.360715896696E1,1.288685513490E1,
2.516809156223E1));
#10487=CARTESIAN_POINT('',(-3.154647220578E1,1.104170971596E1,
2.855648970872E1));
#10488=CARTESIAN_POINT('',(-2.948578544460E1,9.196564297031E0,
3.194488785521E1));
#10489=CARTESIAN_POINT('',(-2.742509868342E1,7.351418878098E0,
3.533328600170E1));
#10490=B_SPLINE_SURFACE_WITH_KNOTS('',3,3,((#10462,#10463,#10464,#10465),
(#10466,#10467,#10468,#10469),(#10470,#10471,#10472,#10473),(#10474,#10475,
#10476,#10477),(#10478,#10479,#10480,#10481),(#10482,#10483,#10484,#10485),(
#10486,#10487,#10488,#10489)),.UNSPECIFIED.,.F.,.F.,.F.,(4,1,1,1,4),(4,4),(
-1.999999999998E-2,0.E0,5.E-1,1.E0,1.02E0),(-2.000005092980E-2,
1.020000003283E0),.UNSPECIFIED.);
#10491=ORIENTED_EDGE('',*,*,#8459,.T.);
#10492=ORIENTED_EDGE('',*,*,#9710,.F.);
#10493=ORIENTED_EDGE('',*,*,#9661,.F.);
#10494=ORIENTED_EDGE('',*,*,#8345,.F.);
#10495=ORIENTED_EDGE('',*,*,#8461,.T.);
#10496=EDGE_LOOP('',(#10491,#10492,#10493,#10494,#10495));
#10497=FACE_OUTER_BOUND('',#10496,.F.);
#10498=ADVANCED_FACE('',(#10497),#10490,.T.);
#10499=CARTESIAN_POINT('',(-3.402675371508E1,7.667167631276E-1,
2.436357020582E1));
#10500=DIRECTION('',(-4.272870039660E-8,4.272868005234E-8,-1.E0));
#10501=DIRECTION('',(-9.999999999999E-1,-4.954240937863E-7,4.272867922777E-8));
#10502=AXIS2_PLACEMENT_3D('',#10499,#10500,#10501);
#10503=PLANE('',#10502);
#10505=ORIENTED_EDGE('',*,*,#10504,.F.);
#10506=ORIENTED_EDGE('',*,*,#8486,.T.);
#10507=ORIENTED_EDGE('',*,*,#7152,.F.);
#10509=ORIENTED_EDGE('',*,*,#10508,.F.);
#10510=EDGE_LOOP('',(#10505,#10506,#10507,#10509));
#10511=FACE_OUTER_BOUND('',#10510,.F.);
#10512=ADVANCED_FACE('',(#10511),#10503,.F.);
#10513=CARTESIAN_POINT('',(1.770896005146E-1,5.386019690406E1,
2.386357101295E1));
#10514=DIRECTION('',(-5.750087247576E-1,-8.181472767495E-1,-1.038897771013E-8));
#10515=DIRECTION('',(4.272869972883E-8,-4.272867959744E-8,1.E0));
#10516=AXIS2_PLACEMENT_3D('',#10513,#10514,#10515);
#10517=CYLINDRICAL_SURFACE('',#10516,5.E-1);
#10518=ORIENTED_EDGE('',*,*,#10504,.T.);
#10520=ORIENTED_EDGE('',*,*,#10519,.F.);
#10522=ORIENTED_EDGE('',*,*,#10521,.F.);
#10523=ORIENTED_EDGE('',*,*,#8488,.T.);
#10524=EDGE_LOOP('',(#10518,#10520,#10522,#10523));
#10525=FACE_OUTER_BOUND('',#10524,.F.);
#10526=ADVANCED_FACE('',(#10525),#10517,.T.);
#10527=CARTESIAN_POINT('',(-3.099503678598E1,2.567759151621E0,
2.386357015324E1));
#10528=DIRECTION('',(4.272870039660E-8,-4.272868005234E-8,1.E0));
#10529=DIRECTION('',(9.580734774385E-1,-2.865226201E-1,-5.317996785922E-8));
#10530=AXIS2_PLACEMENT_3D('',#10527,#10528,#10529);
#10531=TOROIDAL_SURFACE('',#10530,3.992770520005E0,5.E-1);
#10532=ORIENTED_EDGE('',*,*,#10508,.T.);
#10533=ORIENTED_EDGE('',*,*,#7150,.T.);
#10535=ORIENTED_EDGE('',*,*,#10534,.T.);
#10536=ORIENTED_EDGE('',*,*,#10519,.T.);
#10537=EDGE_LOOP('',(#10532,#10533,#10535,#10536));
#10538=FACE_OUTER_BOUND('',#10537,.F.);
#10539=ADVANCED_FACE('',(#10538),#10531,.T.);
#10540=CARTESIAN_POINT('',(-3.099503702099E1,2.567759386628E0,
1.836357015324E1));
#10541=DIRECTION('',(4.272870039660E-8,-4.272868005234E-8,1.E0));
#10542=DIRECTION('',(4.954240919606E-7,-9.999999999999E-1,-4.272870122116E-8));
#10543=AXIS2_PLACEMENT_3D('',#10540,#10541,#10542);
#10544=CYLINDRICAL_SURFACE('',#10543,4.492770520005E0);
#10545=ORIENTED_EDGE('',*,*,#10534,.F.);
#10546=ORIENTED_EDGE('',*,*,#7148,.F.);
#10548=ORIENTED_EDGE('',*,*,#10547,.F.);
#10550=ORIENTED_EDGE('',*,*,#10549,.F.);
#10551=EDGE_LOOP('',(#10545,#10546,#10548,#10550));
#10552=FACE_OUTER_BOUND('',#10551,.F.);
#10553=ADVANCED_FACE('',(#10552),#10544,.T.);
#10554=CARTESIAN_POINT('',(-3.099503699963E1,2.567759365264E0,
1.886357015324E1));
#10555=DIRECTION('',(4.272870039660E-8,-4.272868005234E-8,1.E0));
#10556=DIRECTION('',(9.573774920040E-1,-2.888396402922E-1,-5.324923240679E-8));
#10557=AXIS2_PLACEMENT_3D('',#10554,#10555,#10556);
#10558=TOROIDAL_SURFACE('',#10557,3.992770520005E0,5.E-1);
#10560=ORIENTED_EDGE('',*,*,#10559,.T.);
#10562=ORIENTED_EDGE('',*,*,#10561,.F.);
#10563=ORIENTED_EDGE('',*,*,#10547,.T.);
#10564=ORIENTED_EDGE('',*,*,#7146,.T.);
#10565=EDGE_LOOP('',(#10560,#10562,#10563,#10564));
#10566=FACE_OUTER_BOUND('',#10565,.F.);
#10567=ADVANCED_FACE('',(#10566),#10558,.T.);
#10568=CARTESIAN_POINT('',(-3.402675397145E1,7.667170194996E-1,
1.836357020582E1));
#10569=DIRECTION('',(-4.272870039660E-8,4.272868005234E-8,-1.E0));
#10570=DIRECTION('',(-9.999999999999E-1,-4.954240937863E-7,4.272867922777E-8));
#10571=AXIS2_PLACEMENT_3D('',#10568,#10569,#10570);
#10572=PLANE('',#10571);
#10573=ORIENTED_EDGE('',*,*,#10559,.F.);
#10574=ORIENTED_EDGE('',*,*,#7144,.T.);
#10575=ORIENTED_EDGE('',*,*,#8494,.F.);
#10577=ORIENTED_EDGE('',*,*,#10576,.F.);
#10578=EDGE_LOOP('',(#10573,#10574,#10575,#10577));
#10579=FACE_OUTER_BOUND('',#10578,.F.);
#10580=ADVANCED_FACE('',(#10579),#10572,.T.);
#10581=CARTESIAN_POINT('',(-7.253547355953E1,-4.959838150674E1,
1.886356969922E1));
#10582=DIRECTION('',(5.750087247576E-1,8.181472767495E-1,1.038897768227E-8));
#10583=DIRECTION('',(-4.272867496098E-8,4.272866215610E-8,-1.E0));
#10584=AXIS2_PLACEMENT_3D('',#10581,#10582,#10583);
#10585=CYLINDRICAL_SURFACE('',#10584,5.E-1);
#10586=ORIENTED_EDGE('',*,*,#8492,.T.);
#10588=ORIENTED_EDGE('',*,*,#10587,.F.);
#10589=ORIENTED_EDGE('',*,*,#10561,.T.);
#10590=ORIENTED_EDGE('',*,*,#10576,.T.);
#10591=EDGE_LOOP('',(#10586,#10588,#10589,#10590));
#10592=FACE_OUTER_BOUND('',#10591,.F.);
#10593=ADVANCED_FACE('',(#10592),#10585,.T.);
#10594=CARTESIAN_POINT('',(-3.348999993446E1,6.826758753850E0,
1.836357044183E1));
#10595=DIRECTION('',(8.181472767495E-1,-5.750087247576E-1,-5.952773369599E-8));
#10596=DIRECTION('',(5.750087247576E-1,8.181472767495E-1,1.038897769832E-8));
#10597=AXIS2_PLACEMENT_3D('',#10594,#10595,#10596);
#10598=PLANE('',#10597);
#10599=ORIENTED_EDGE('',*,*,#10521,.T.);
#10600=ORIENTED_EDGE('',*,*,#10549,.T.);
#10601=ORIENTED_EDGE('',*,*,#10587,.T.);
#10602=ORIENTED_EDGE('',*,*,#8490,.T.);
#10603=EDGE_LOOP('',(#10599,#10600,#10601,#10602));
#10604=FACE_OUTER_BOUND('',#10603,.F.);
#10605=ADVANCED_FACE('',(#10604),#10598,.F.);
#10606=CARTESIAN_POINT('',(-3.402661485066E1,4.364107750642E0,
4.363569969706E0));
#10607=DIRECTION('',(4.272868168105E-8,4.272873793851E-8,-1.E0));
#10608=DIRECTION('',(-1.E0,0.E0,-4.272868168105E-8));
#10609=AXIS2_PLACEMENT_3D('',#10606,#10607,#10608);
#10610=PLANE('',#10609);
#10612=ORIENTED_EDGE('',*,*,#10611,.F.);
#10613=ORIENTED_EDGE('',*,*,#8497,.T.);
#10614=ORIENTED_EDGE('',*,*,#7140,.F.);
#10616=ORIENTED_EDGE('',*,*,#10615,.F.);
#10617=EDGE_LOOP('',(#10612,#10613,#10614,#10616));
#10618=FACE_OUTER_BOUND('',#10617,.F.);
#10619=ADVANCED_FACE('',(#10618),#10610,.F.);
#10620=CARTESIAN_POINT('',(1.770881453310E-1,5.386019690406E1,
3.863573546091E0));
#10621=DIRECTION('',(-5.750087247576E-1,-8.181472767495E-1,-5.952776535054E-8));
#10622=DIRECTION('',(-4.272868326829E-8,-4.272873682689E-8,1.E0));
#10623=AXIS2_PLACEMENT_3D('',#10620,#10621,#10622);
#10624=CYLINDRICAL_SURFACE('',#10623,5.E-1);
#10626=ORIENTED_EDGE('',*,*,#10625,.F.);
#10628=ORIENTED_EDGE('',*,*,#10627,.F.);
#10629=ORIENTED_EDGE('',*,*,#8499,.T.);
#10630=ORIENTED_EDGE('',*,*,#10611,.T.);
#10631=EDGE_LOOP('',(#10626,#10628,#10629,#10630));
#10632=FACE_OUTER_BOUND('',#10631,.F.);
#10633=ADVANCED_FACE('',(#10632),#10624,.T.);
#10634=CARTESIAN_POINT('',(-3.099503764056E1,2.567760006194E0,
3.863570349392E0));
#10635=DIRECTION('',(4.272870039660E-8,-4.272868005234E-8,1.E0));
#10636=DIRECTION('',(9.580734774385E-1,-2.865226201E-1,-5.317996808166E-8));
#10637=AXIS2_PLACEMENT_3D('',#10634,#10635,#10636);
#10638=TOROIDAL_SURFACE('',#10637,3.992770520005E0,5.E-1);
#10639=ORIENTED_EDGE('',*,*,#10615,.T.);
#10640=ORIENTED_EDGE('',*,*,#7138,.T.);
#10642=ORIENTED_EDGE('',*,*,#10641,.T.);
#10643=ORIENTED_EDGE('',*,*,#10625,.T.);
#10644=EDGE_LOOP('',(#10639,#10640,#10642,#10643));
#10645=FACE_OUTER_BOUND('',#10644,.F.);
#10646=ADVANCED_FACE('',(#10645),#10638,.T.);
#10647=CARTESIAN_POINT('',(-3.099503787557E1,2.567760241202E0,
-1.636430190727E0));
#10648=DIRECTION('',(4.272870039660E-8,-4.272868005234E-8,1.E0));
#10649=DIRECTION('',(4.954240919606E-7,-9.999999999999E-1,-4.272870122116E-8));
#10650=AXIS2_PLACEMENT_3D('',#10647,#10648,#10649);
#10651=CYLINDRICAL_SURFACE('',#10650,4.492770520005E0);
#10652=ORIENTED_EDGE('',*,*,#10641,.F.);
#10653=ORIENTED_EDGE('',*,*,#7136,.F.);
#10655=ORIENTED_EDGE('',*,*,#10654,.F.);
#10657=ORIENTED_EDGE('',*,*,#10656,.F.);
#10658=EDGE_LOOP('',(#10652,#10653,#10655,#10657));
#10659=FACE_OUTER_BOUND('',#10658,.F.);
#10660=ADVANCED_FACE('',(#10659),#10651,.T.);
#10661=CARTESIAN_POINT('',(-3.099503785420E1,2.567760219838E0,
-1.136429650846E0));
#10662=DIRECTION('',(4.272870039660E-8,-4.272868005234E-8,1.E0));
#10663=DIRECTION('',(9.573774920040E-1,-2.888396402922E-1,-5.324923257362E-8));
#10664=AXIS2_PLACEMENT_3D('',#10661,#10662,#10663);
#10665=TOROIDAL_SURFACE('',#10664,3.992770520005E0,5.E-1);
#10667=ORIENTED_EDGE('',*,*,#10666,.T.);
#10669=ORIENTED_EDGE('',*,*,#10668,.F.);
#10670=ORIENTED_EDGE('',*,*,#10654,.T.);
#10671=ORIENTED_EDGE('',*,*,#7134,.T.);
#10672=EDGE_LOOP('',(#10667,#10669,#10670,#10671));
#10673=FACE_OUTER_BOUND('',#10672,.F.);
#10674=ADVANCED_FACE('',(#10673),#10665,.T.);
#10675=CARTESIAN_POINT('',(-3.402661459429E1,4.364108007014E0,
-1.636430030294E0));
#10676=DIRECTION('',(4.272868168105E-8,4.272873793851E-8,-1.E0));
#10677=DIRECTION('',(-1.E0,0.E0,-4.272868168105E-8));
#10678=AXIS2_PLACEMENT_3D('',#10675,#10676,#10677);
#10679=PLANE('',#10678);
#10680=ORIENTED_EDGE('',*,*,#10666,.F.);
#10681=ORIENTED_EDGE('',*,*,#7132,.F.);
#10682=ORIENTED_EDGE('',*,*,#8505,.F.);
#10684=ORIENTED_EDGE('',*,*,#10683,.F.);
#10685=EDGE_LOOP('',(#10680,#10681,#10682,#10684));
#10686=FACE_OUTER_BOUND('',#10685,.F.);
#10687=ADVANCED_FACE('',(#10686),#10679,.T.);
#10688=CARTESIAN_POINT('',(-7.253547501471E1,-4.959838150674E1,
-1.136433981476E0));
#10689=DIRECTION('',(5.750087247576E-1,8.181472767495E-1,5.952776534705E-8));
#10690=DIRECTION('',(4.272868233736E-8,4.272873747691E-8,-1.E0));
#10691=AXIS2_PLACEMENT_3D('',#10688,#10689,#10690);
#10692=CYLINDRICAL_SURFACE('',#10691,5.E-1);
#10693=ORIENTED_EDGE('',*,*,#8503,.T.);
#10695=ORIENTED_EDGE('',*,*,#10694,.F.);
#10696=ORIENTED_EDGE('',*,*,#10668,.T.);
#10697=ORIENTED_EDGE('',*,*,#10683,.T.);
#10698=EDGE_LOOP('',(#10693,#10695,#10696,#10697));
#10699=FACE_OUTER_BOUND('',#10698,.F.);
#10700=ADVANCED_FACE('',(#10699),#10692,.T.);
#10701=CARTESIAN_POINT('',(-3.349000078903E1,6.826759608424E0,
-1.636429902139E0));
#10702=DIRECTION('',(8.181472767495E-1,-5.750087247576E-1,-5.952773369599E-8));
#10703=DIRECTION('',(5.750087247576E-1,8.181472767495E-1,1.038897769832E-8));
#10704=AXIS2_PLACEMENT_3D('',#10701,#10702,#10703);
#10705=PLANE('',#10704);
#10706=ORIENTED_EDGE('',*,*,#10627,.T.);
#10707=ORIENTED_EDGE('',*,*,#10656,.T.);
#10708=ORIENTED_EDGE('',*,*,#10694,.T.);
#10709=ORIENTED_EDGE('',*,*,#8501,.T.);
#10710=EDGE_LOOP('',(#10706,#10707,#10708,#10709));
#10711=FACE_OUTER_BOUND('',#10710,.F.);
#10712=ADVANCED_FACE('',(#10711),#10705,.F.);
#10713=CARTESIAN_POINT('',(-7.806624707645E0,7.116401966302E-1,
3.636356998094E1));
#10714=DIRECTION('',(0.E0,0.E0,1.E0));
#10715=DIRECTION('',(0.E0,-1.E0,0.E0));
#10716=AXIS2_PLACEMENT_3D('',#10713,#10714,#10715);
#10717=PLANE('',#10716);
#10718=ORIENTED_EDGE('',*,*,#7019,.T.);
#10720=ORIENTED_EDGE('',*,*,#10719,.F.);
#10721=ORIENTED_EDGE('',*,*,#8353,.F.);
#10722=EDGE_LOOP('',(#10718,#10720,#10721));
#10723=FACE_OUTER_BOUND('',#10722,.F.);
#10724=ADVANCED_FACE('',(#10723),#10717,.F.);
#10725=CARTESIAN_POINT('',(-1.105999993446E1,2.590341828899E0,
3.686356998094E1));
#10726=DIRECTION('',(0.E0,0.E0,-1.E0));
#10727=DIRECTION('',(1.E0,0.E0,0.E0));
#10728=AXIS2_PLACEMENT_3D('',#10725,#10726,#10727);
#10729=TOROIDAL_SURFACE('',#10728,4.E0,5.E-1);
#10730=ORIENTED_EDGE('',*,*,#10719,.T.);
#10731=ORIENTED_EDGE('',*,*,#7017,.T.);
#10733=ORIENTED_EDGE('',*,*,#10732,.F.);
#10734=ORIENTED_EDGE('',*,*,#8355,.F.);
#10735=EDGE_LOOP('',(#10730,#10731,#10733,#10734));
#10736=FACE_OUTER_BOUND('',#10735,.F.);
#10737=ADVANCED_FACE('',(#10736),#10729,.T.);
#10738=CARTESIAN_POINT('',(-1.105999993446E1,2.590341828899E0,
4.236356998094E1));
#10739=DIRECTION('',(0.E0,0.E0,-1.E0));
#10740=DIRECTION('',(1.E0,0.E0,0.E0));
#10741=AXIS2_PLACEMENT_3D('',#10738,#10739,#10740);
#10742=CYLINDRICAL_SURFACE('',#10741,4.5E0);
#10743=ORIENTED_EDGE('',*,*,#7015,.F.);
#10745=ORIENTED_EDGE('',*,*,#10744,.T.);
#10746=ORIENTED_EDGE('',*,*,#8357,.F.);
#10747=ORIENTED_EDGE('',*,*,#10732,.T.);
#10748=EDGE_LOOP('',(#10743,#10745,#10746,#10747));
#10749=FACE_OUTER_BOUND('',#10748,.F.);
#10750=ADVANCED_FACE('',(#10749),#10742,.T.);
#10751=CARTESIAN_POINT('',(-1.105999993446E1,2.590341828899E0,
4.186356998094E1));
#10752=DIRECTION('',(0.E0,0.E0,-1.E0));
#10753=DIRECTION('',(1.E0,0.E0,0.E0));
#10754=AXIS2_PLACEMENT_3D('',#10751,#10752,#10753);
#10755=TOROIDAL_SURFACE('',#10754,4.E0,5.E-1);
#10757=ORIENTED_EDGE('',*,*,#10756,.T.);
#10758=ORIENTED_EDGE('',*,*,#8359,.F.);
#10759=ORIENTED_EDGE('',*,*,#10744,.F.);
#10760=ORIENTED_EDGE('',*,*,#7013,.T.);
#10761=EDGE_LOOP('',(#10757,#10758,#10759,#10760));
#10762=FACE_OUTER_BOUND('',#10761,.F.);
#10763=ADVANCED_FACE('',(#10762),#10755,.T.);
#10764=CARTESIAN_POINT('',(-7.806624707645E0,7.116401966302E-1,
4.236356998094E1));
#10765=DIRECTION('',(0.E0,0.E0,1.E0));
#10766=DIRECTION('',(0.E0,-1.E0,0.E0));
#10767=AXIS2_PLACEMENT_3D('',#10764,#10765,#10766);
#10768=PLANE('',#10767);
#10769=ORIENTED_EDGE('',*,*,#7011,.F.);
#10770=ORIENTED_EDGE('',*,*,#8361,.F.);
#10771=ORIENTED_EDGE('',*,*,#10756,.F.);
#10772=EDGE_LOOP('',(#10769,#10770,#10771));
#10773=FACE_OUTER_BOUND('',#10772,.F.);
#10774=ADVANCED_FACE('',(#10773),#10768,.T.);
#10775=CARTESIAN_POINT('',(-1.840999993446E1,8.315341828899E0,
4.486356998094E1));
#10776=DIRECTION('',(0.E0,0.E0,1.E0));
#10777=DIRECTION('',(0.E0,-1.E0,0.E0));
#10778=AXIS2_PLACEMENT_3D('',#10775,#10776,#10777);
#10779=PLANE('',#10778);
#10781=ORIENTED_EDGE('',*,*,#10780,.F.);
#10782=ORIENTED_EDGE('',*,*,#7172,.T.);
#10783=ORIENTED_EDGE('',*,*,#8364,.F.);
#10784=ORIENTED_EDGE('',*,*,#7007,.T.);
#10785=EDGE_LOOP('',(#10781,#10782,#10783,#10784));
#10786=FACE_OUTER_BOUND('',#10785,.F.);
#10787=ADVANCED_FACE('',(#10786),#10779,.F.);
#10788=CARTESIAN_POINT('',(-1.840999993446E1,2.590341828899E0,
4.526356998094E1));
#10789=DIRECTION('',(0.E0,0.E0,-1.E0));
#10790=DIRECTION('',(-1.485959642857E-3,-9.999988959614E-1,0.E0));
#10791=AXIS2_PLACEMENT_3D('',#10788,#10789,#10790);
#10792=TOROIDAL_SURFACE('',#10791,1.145E1,4.E-1);
#10793=ORIENTED_EDGE('',*,*,#10780,.T.);
#10794=ORIENTED_EDGE('',*,*,#7005,.T.);
#10796=ORIENTED_EDGE('',*,*,#10795,.T.);
#10797=ORIENTED_EDGE('',*,*,#7174,.T.);
#10798=EDGE_LOOP('',(#10793,#10794,#10796,#10797));
#10799=FACE_OUTER_BOUND('',#10798,.F.);
#10800=ADVANCED_FACE('',(#10799),#10792,.T.);
#10801=CARTESIAN_POINT('',(-1.840999993446E1,2.590341828899E0,
4.561356998094E1));
#10802=DIRECTION('',(0.E0,0.E0,-1.E0));
#10803=DIRECTION('',(-1.E0,0.E0,0.E0));
#10804=AXIS2_PLACEMENT_3D('',#10801,#10802,#10803);
#10805=CYLINDRICAL_SURFACE('',#10804,1.185E1);
#10807=ORIENTED_EDGE('',*,*,#10806,.F.);
#10808=ORIENTED_EDGE('',*,*,#7176,.F.);
#10809=ORIENTED_EDGE('',*,*,#10795,.F.);
#10810=ORIENTED_EDGE('',*,*,#7003,.F.);
#10811=EDGE_LOOP('',(#10807,#10808,#10809,#10810));
#10812=FACE_OUTER_BOUND('',#10811,.F.);
#10813=ADVANCED_FACE('',(#10812),#10805,.T.);
#10814=CARTESIAN_POINT('',(-1.840999993446E1,2.590341828899E0,
4.596356998094E1));
#10815=DIRECTION('',(0.E0,0.E0,-1.E0));
#10816=DIRECTION('',(9.333331978299E-4,-9.999995644445E-1,0.E0));
#10817=AXIS2_PLACEMENT_3D('',#10814,#10815,#10816);
#10818=TOROIDAL_SURFACE('',#10817,1.145E1,4.E-1);
#10820=ORIENTED_EDGE('',*,*,#10819,.T.);
#10821=ORIENTED_EDGE('',*,*,#7178,.T.);
#10822=ORIENTED_EDGE('',*,*,#10806,.T.);
#10823=ORIENTED_EDGE('',*,*,#7001,.T.);
#10824=EDGE_LOOP('',(#10820,#10821,#10822,#10823));
#10825=FACE_OUTER_BOUND('',#10824,.F.);
#10826=ADVANCED_FACE('',(#10825),#10818,.T.);
#10827=CARTESIAN_POINT('',(-1.840999993446E1,8.315341822187E0,
4.636356998094E1));
#10828=DIRECTION('',(0.E0,0.E0,1.E0));
#10829=DIRECTION('',(-1.E0,0.E0,0.E0));
#10830=AXIS2_PLACEMENT_3D('',#10827,#10828,#10829);
#10831=PLANE('',#10830);
#10832=ORIENTED_EDGE('',*,*,#10819,.F.);
#10833=ORIENTED_EDGE('',*,*,#6999,.F.);
#10835=ORIENTED_EDGE('',*,*,#10834,.F.);
#10836=ORIENTED_EDGE('',*,*,#7180,.F.);
#10837=EDGE_LOOP('',(#10832,#10833,#10835,#10836));
#10838=FACE_OUTER_BOUND('',#10837,.F.);
#10839=ADVANCED_FACE('',(#10838),#10831,.T.);
#10840=CARTESIAN_POINT('',(-1.840999993446E1,2.590341828899E0,
4.596356998094E1));
#10841=DIRECTION('',(0.E0,0.E0,-1.E0));
#10842=DIRECTION('',(-1.485959642856E-3,-9.999988959614E-1,0.E0));
#10843=AXIS2_PLACEMENT_3D('',#10840,#10841,#10842);
#10844=TOROIDAL_SURFACE('',#10843,9.25E0,4.E-1);
#10845=ORIENTED_EDGE('',*,*,#10834,.T.);
#10846=ORIENTED_EDGE('',*,*,#6997,.T.);
#10847=ORIENTED_EDGE('',*,*,#7070,.T.);
#10848=ORIENTED_EDGE('',*,*,#7182,.T.);
#10849=EDGE_LOOP('',(#10845,#10846,#10847,#10848));
#10850=FACE_OUTER_BOUND('',#10849,.F.);
#10851=ADVANCED_FACE('',(#10850),#10844,.T.);
#10852=CARTESIAN_POINT('',(-2.920999993446E1,5.415341828899E0,
1.260556998094E1));
#10853=DIRECTION('',(1.E0,0.E0,0.E0));
#10854=DIRECTION('',(0.E0,0.E0,-1.E0));
#10855=AXIS2_PLACEMENT_3D('',#10852,#10853,#10854);
#10856=PLANE('',#10855);
#10858=ORIENTED_EDGE('',*,*,#10857,.T.);
#10859=ORIENTED_EDGE('',*,*,#7804,.T.);
#10860=ORIENTED_EDGE('',*,*,#7118,.T.);
#10861=ORIENTED_EDGE('',*,*,#7698,.T.);
#10862=EDGE_LOOP('',(#10858,#10859,#10860,#10861));
#10863=FACE_OUTER_BOUND('',#10862,.F.);
#10864=ADVANCED_FACE('',(#10863),#10856,.T.);
#10865=CARTESIAN_POINT('',(-2.870999993446E1,8.240341828899E0,
-4.355626970209E-12));
#10866=DIRECTION('',(0.E0,0.E0,1.E0));
#10867=DIRECTION('',(0.E0,1.E0,0.E0));
#10868=AXIS2_PLACEMENT_3D('',#10865,#10866,#10867);
#10869=CYLINDRICAL_SURFACE('',#10868,5.E-1);
#10870=ORIENTED_EDGE('',*,*,#7696,.T.);
#10872=ORIENTED_EDGE('',*,*,#10871,.F.);
#10873=ORIENTED_EDGE('',*,*,#7806,.T.);
#10874=ORIENTED_EDGE('',*,*,#10857,.F.);
#10875=EDGE_LOOP('',(#10870,#10872,#10873,#10874));
#10876=FACE_OUTER_BOUND('',#10875,.F.);
#10877=ADVANCED_FACE('',(#10876),#10869,.F.);
#10878=CARTESIAN_POINT('',(-1.840999993446E1,8.740341828899E0,
1.260556998094E1));
#10879=DIRECTION('',(0.E0,1.E0,0.E0));
#10880=DIRECTION('',(1.E0,0.E0,0.E0));
#10881=AXIS2_PLACEMENT_3D('',#10878,#10879,#10880);
#10882=PLANE('',#10881);
#10884=ORIENTED_EDGE('',*,*,#10883,.T.);
#10885=ORIENTED_EDGE('',*,*,#7808,.T.);
#10886=ORIENTED_EDGE('',*,*,#10871,.T.);
#10887=ORIENTED_EDGE('',*,*,#7694,.F.);
#10888=EDGE_LOOP('',(#10884,#10885,#10886,#10887));
#10889=FACE_OUTER_BOUND('',#10888,.F.);
#10890=ADVANCED_FACE('',(#10889),#10882,.F.);
#10891=CARTESIAN_POINT('',(-8.109999934456E0,8.240341828900E0,
-4.355626970209E-12));
#10892=DIRECTION('',(0.E0,0.E0,-1.E0));
#10893=DIRECTION('',(-1.E0,0.E0,0.E0));
#10894=AXIS2_PLACEMENT_3D('',#10891,#10892,#10893);
#10895=CYLINDRICAL_SURFACE('',#10894,5.E-1);
#10896=ORIENTED_EDGE('',*,*,#7692,.T.);
#10897=ORIENTED_EDGE('',*,*,#7783,.F.);
#10898=ORIENTED_EDGE('',*,*,#7810,.T.);
#10899=ORIENTED_EDGE('',*,*,#10883,.F.);
#10900=EDGE_LOOP('',(#10896,#10897,#10898,#10899));
#10901=FACE_OUTER_BOUND('',#10900,.F.);
#10902=ADVANCED_FACE('',(#10901),#10895,.F.);
#10903=CARTESIAN_POINT('',(-1.058749993446E1,4.116821636125E0,
3.907666150324E1));
#10904=DIRECTION('',(1.218693434051E-1,0.E0,9.925461516413E-1));
#10905=DIRECTION('',(-9.925461516413E-1,0.E0,1.218693434051E-1));
#10906=AXIS2_PLACEMENT_3D('',#10903,#10904,#10905);
#10907=PLANE('',#10906);
#10908=ORIENTED_EDGE('',*,*,#6848,.F.);
#10909=ORIENTED_EDGE('',*,*,#6877,.T.);
#10911=ORIENTED_EDGE('',*,*,#10910,.T.);
#10912=ORIENTED_EDGE('',*,*,#7047,.T.);
#10913=EDGE_LOOP('',(#10908,#10909,#10911,#10912));
#10914=FACE_OUTER_BOUND('',#10913,.F.);
#10915=ADVANCED_FACE('',(#10914),#10907,.F.);
#10916=CARTESIAN_POINT('',(-1.840999993446E1,2.540341828899E0,
3.719223818247E1));
#10917=DIRECTION('',(0.E0,0.E0,1.E0));
#10918=DIRECTION('',(9.444377083162E-1,3.286904548515E-1,0.E0));
#10919=AXIS2_PLACEMENT_3D('',#10916,#10917,#10918);
#10920=CYLINDRICAL_SURFACE('',#10919,9.E0);
#10921=ORIENTED_EDGE('',*,*,#7049,.F.);
#10922=ORIENTED_EDGE('',*,*,#10910,.F.);
#10923=ORIENTED_EDGE('',*,*,#6875,.F.);
#10925=ORIENTED_EDGE('',*,*,#10924,.F.);
#10926=EDGE_LOOP('',(#10921,#10922,#10923,#10925));
#10927=FACE_OUTER_BOUND('',#10926,.F.);
#10928=ADVANCED_FACE('',(#10927),#10920,.F.);
#10929=CARTESIAN_POINT('',(-8.661667227351E0,4.426881354307E0,
3.736356998094E1));
#10930=DIRECTION('',(0.E0,0.E0,1.E0));
#10931=DIRECTION('',(0.E0,-1.E0,0.E0));
#10932=AXIS2_PLACEMENT_3D('',#10929,#10930,#10931);
#10933=PLANE('',#10932);
#10934=ORIENTED_EDGE('',*,*,#7051,.F.);
#10935=ORIENTED_EDGE('',*,*,#10924,.T.);
#10936=ORIENTED_EDGE('',*,*,#6873,.T.);
#10938=ORIENTED_EDGE('',*,*,#10937,.T.);
#10939=EDGE_LOOP('',(#10934,#10935,#10936,#10938));
#10940=FACE_OUTER_BOUND('',#10939,.F.);
#10941=ADVANCED_FACE('',(#10940),#10933,.F.);
#10942=CARTESIAN_POINT('',(-8.459999934456E0,2.265561144022E0,
3.936356998094E1));
#10943=DIRECTION('',(-1.E0,0.E0,0.E0));
#10944=DIRECTION('',(0.E0,0.E0,1.E0));
#10945=AXIS2_PLACEMENT_3D('',#10942,#10943,#10944);
#10946=PLANE('',#10945);
#10947=ORIENTED_EDGE('',*,*,#7053,.F.);
#10948=ORIENTED_EDGE('',*,*,#10937,.F.);
#10949=ORIENTED_EDGE('',*,*,#6871,.T.);
#10951=ORIENTED_EDGE('',*,*,#10950,.T.);
#10952=EDGE_LOOP('',(#10947,#10948,#10949,#10951));
#10953=FACE_OUTER_BOUND('',#10952,.F.);
#10954=ADVANCED_FACE('',(#10953),#10946,.F.);
#10955=CARTESIAN_POINT('',(-8.661662377873E0,4.426881354307E0,
4.136356998094E1));
#10956=DIRECTION('',(0.E0,0.E0,1.E0));
#10957=DIRECTION('',(-1.E0,0.E0,0.E0));
#10958=AXIS2_PLACEMENT_3D('',#10955,#10956,#10957);
#10959=PLANE('',#10958);
#10960=ORIENTED_EDGE('',*,*,#7055,.T.);
#10961=ORIENTED_EDGE('',*,*,#10950,.F.);
#10962=ORIENTED_EDGE('',*,*,#6869,.F.);
#10964=ORIENTED_EDGE('',*,*,#10963,.F.);
#10965=EDGE_LOOP('',(#10960,#10961,#10962,#10964));
#10966=FACE_OUTER_BOUND('',#10965,.F.);
#10967=ADVANCED_FACE('',(#10966),#10959,.T.);
#10968=CARTESIAN_POINT('',(-1.840999993446E1,2.540341828899E0,
4.087637907166E1));
#10969=DIRECTION('',(0.E0,0.E0,1.E0));
#10970=DIRECTION('',(9.444377083162E-1,3.286904548515E-1,0.E0));
#10971=AXIS2_PLACEMENT_3D('',#10968,#10969,#10970);
#10972=CYLINDRICAL_SURFACE('',#10971,9.E0);
#10973=ORIENTED_EDGE('',*,*,#7057,.F.);
#10974=ORIENTED_EDGE('',*,*,#10963,.T.);
#10975=ORIENTED_EDGE('',*,*,#6867,.F.);
#10976=ORIENTED_EDGE('',*,*,#6984,.F.);
#10977=EDGE_LOOP('',(#10973,#10974,#10975,#10976));
#10978=FACE_OUTER_BOUND('',#10977,.F.);
#10979=ADVANCED_FACE('',(#10978),#10972,.F.);
#10980=CARTESIAN_POINT('',(-1.840999993446E1,2.540341828899E0,
3.719223818247E1));
#10981=DIRECTION('',(0.E0,0.E0,1.E0));
#10982=DIRECTION('',(9.444377083162E-1,3.286904548515E-1,0.E0));
#10983=AXIS2_PLACEMENT_3D('',#10980,#10981,#10982);
#10984=CYLINDRICAL_SURFACE('',#10983,8.85E0);
#10986=ORIENTED_EDGE('',*,*,#10985,.T.);
#10988=ORIENTED_EDGE('',*,*,#10987,.T.);
#10989=ORIENTED_EDGE('',*,*,#6797,.F.);
#10991=ORIENTED_EDGE('',*,*,#10990,.T.);
#10993=ORIENTED_EDGE('',*,*,#10992,.T.);
#10995=ORIENTED_EDGE('',*,*,#10994,.T.);
#10997=ORIENTED_EDGE('',*,*,#10996,.T.);
#10999=ORIENTED_EDGE('',*,*,#10998,.T.);
#11001=ORIENTED_EDGE('',*,*,#11000,.T.);
#11002=ORIENTED_EDGE('',*,*,#6879,.F.);
#11003=EDGE_LOOP('',(#10986,#10988,#10989,#10991,#10993,#10995,#10997,#10999,
#11001,#11002));
#11004=FACE_OUTER_BOUND('',#11003,.F.);
#11005=ADVANCED_FACE('',(#11004),#10984,.F.);
#11006=CARTESIAN_POINT('',(-1.840999993446E1,2.540341828899E0,
3.895356956343E1));
#11007=DIRECTION('',(0.E0,0.E0,-1.E0));
#11008=DIRECTION('',(-1.E0,0.E0,0.E0));
#11009=AXIS2_PLACEMENT_3D('',#11006,#11007,#11008);
#11010=CONICAL_SURFACE('',#11009,8.825003400320E0,8.3E1);
#11011=ORIENTED_EDGE('',*,*,#6846,.F.);
#11012=ORIENTED_EDGE('',*,*,#10987,.F.);
#11013=ORIENTED_EDGE('',*,*,#10985,.F.);
#11014=EDGE_LOOP('',(#11011,#11012,#11013));
#11015=FACE_OUTER_BOUND('',#11014,.F.);
#11016=ADVANCED_FACE('',(#11015),#11010,.F.);
#11017=CARTESIAN_POINT('',(-2.716455788102E1,2.591443469009E0,
3.533472655395E1));
#11018=CARTESIAN_POINT('',(-2.881273643398E1,2.591154523515E0,
3.192898014863E1));
#11019=CARTESIAN_POINT('',(-3.046091498694E1,2.590865578020E0,
2.852323374330E1));
#11020=CARTESIAN_POINT('',(-3.210909353990E1,2.590576632525E0,
2.511748733798E1));
#11021=CARTESIAN_POINT('',(-2.716465621003E1,2.574409783525E0,
3.533472670220E1));
#11022=CARTESIAN_POINT('',(-2.881280155215E1,2.574216913958E0,
3.192897906974E1));
#11023=CARTESIAN_POINT('',(-3.046094689426E1,2.574024044391E0,
2.852323143727E1));
#11024=CARTESIAN_POINT('',(-3.210909223638E1,2.573831174824E0,
2.511748380481E1));
#11025=CARTESIAN_POINT('',(-2.716957933048E1,8.605194946526E-1,
3.533473684409E1));
#11026=CARTESIAN_POINT('',(-2.881606156590E1,8.700258217567E-1,
3.192892668494E1));
#11027=CARTESIAN_POINT('',(-3.046254380131E1,8.795321488609E-1,
2.852311652579E1));
#11028=CARTESIAN_POINT('',(-3.210902603673E1,8.890384759650E-1,
2.511730636664E1));
#11029=CARTESIAN_POINT('',(-2.664892873812E1,-8.669075993194E-1,
3.533425050303E1));
#11030=CARTESIAN_POINT('',(-2.847066948218E1,-8.468770034814E-1,
3.193456561957E1));
#11031=CARTESIAN_POINT('',(-3.029241022623E1,-8.268464076434E-1,
2.853488073610E1));
#11032=CARTESIAN_POINT('',(-3.211415097029E1,-8.068158118054E-1,
2.513519585264E1));
#11033=CARTESIAN_POINT('',(-2.569631947892E1,-2.295005500803E0,
3.533334620134E1));
#11034=CARTESIAN_POINT('',(-2.783521921160E1,-2.362184789705E0,
3.194514626817E1));
#11035=CARTESIAN_POINT('',(-2.997411894428E1,-2.429364078607E0,
2.855694633501E1));
#11036=CARTESIAN_POINT('',(-3.211301867696E1,-2.496543367509E0,
2.516874640185E1));
#11037=CARTESIAN_POINT('',(-2.568694686155E1,-2.308969932231E0,
3.533333730250E1));
#11038=CARTESIAN_POINT('',(-2.782896693965E1,-2.377012855715E0,
3.194525040661E1));
#11039=CARTESIAN_POINT('',(-2.997098701775E1,-2.445055779199E0,
2.855716351071E1));
#11040=CARTESIAN_POINT('',(-3.211300709585E1,-2.513098702683E0,
2.516907661481E1));
#11041=B_SPLINE_SURFACE_WITH_KNOTS('',3,3,((#11017,#11018,#11019,#11020),
(#11021,#11022,#11023,#11024),(#11025,#11026,#11027,#11028),(#11029,#11030,
#11031,#11032),(#11033,#11034,#11035,#11036),(#11037,#11038,#11039,#11040)),
.UNSPECIFIED.,.F.,.F.,.F.,(4,1,1,4),(4,4),(-1.003864490032E-2,0.E0,1.E0,
1.009893932031E0),(-1.026522158106E-2,9.392197906999E-1),.UNSPECIFIED.);
#11042=ORIENTED_EDGE('',*,*,#10990,.F.);
#11043=ORIENTED_EDGE('',*,*,#6795,.T.);
#11045=ORIENTED_EDGE('',*,*,#11044,.F.);
#11047=ORIENTED_EDGE('',*,*,#11046,.T.);
#11048=ORIENTED_EDGE('',*,*,#10992,.F.);
#11049=EDGE_LOOP('',(#11042,#11043,#11045,#11047,#11048));
#11050=FACE_OUTER_BOUND('',#11049,.F.);
#11051=ADVANCED_FACE('',(#11050),#11041,.T.);
#11052=CARTESIAN_POINT('',(-3.198999993446E1,7.740341766479E0,
1.915692577508E1));
#11053=DIRECTION('',(1.E0,0.E0,0.E0));
#11054=DIRECTION('',(0.E0,0.E0,-1.E0));
#11055=AXIS2_PLACEMENT_3D('',#11052,#11053,#11054);
#11056=PLANE('',#11055);
#11057=ORIENTED_EDGE('',*,*,#6793,.T.);
#11059=ORIENTED_EDGE('',*,*,#11058,.T.);
#11061=ORIENTED_EDGE('',*,*,#11060,.T.);
#11062=ORIENTED_EDGE('',*,*,#11044,.T.);
#11063=EDGE_LOOP('',(#11057,#11059,#11061,#11062));
#11064=FACE_OUTER_BOUND('',#11063,.F.);
#11065=ADVANCED_FACE('',(#11064),#11056,.T.);
#11066=CARTESIAN_POINT('',(-6.499439493446E1,-1.408596607618E1,
1.345556998094E1));
#11067=DIRECTION('',(0.E0,0.E0,-1.E0));
#11068=DIRECTION('',(1.E0,0.E0,0.E0));
#11069=AXIS2_PLACEMENT_3D('',#11066,#11067,#11068);
#11070=PLANE('',#11069);
#11072=ORIENTED_EDGE('',*,*,#11071,.F.);
#11074=ORIENTED_EDGE('',*,*,#11073,.F.);
#11076=ORIENTED_EDGE('',*,*,#11075,.F.);
#11078=ORIENTED_EDGE('',*,*,#11077,.T.);
#11080=ORIENTED_EDGE('',*,*,#11079,.F.);
#11082=ORIENTED_EDGE('',*,*,#11081,.F.);
#11083=ORIENTED_EDGE('',*,*,#11058,.F.);
#11084=ORIENTED_EDGE('',*,*,#6791,.T.);
#11086=ORIENTED_EDGE('',*,*,#11085,.F.);
#11088=ORIENTED_EDGE('',*,*,#11087,.F.);
#11090=ORIENTED_EDGE('',*,*,#11089,.F.);
#11092=ORIENTED_EDGE('',*,*,#11091,.F.);
#11094=ORIENTED_EDGE('',*,*,#11093,.F.);
#11095=ORIENTED_EDGE('',*,*,#6885,.T.);
#11097=ORIENTED_EDGE('',*,*,#11096,.T.);
#11099=ORIENTED_EDGE('',*,*,#11098,.F.);
#11101=ORIENTED_EDGE('',*,*,#11100,.F.);
#11103=ORIENTED_EDGE('',*,*,#11102,.T.);
#11105=ORIENTED_EDGE('',*,*,#11104,.F.);
#11107=ORIENTED_EDGE('',*,*,#11106,.T.);
#11109=ORIENTED_EDGE('',*,*,#11108,.F.);
#11111=ORIENTED_EDGE('',*,*,#11110,.T.);
#11113=ORIENTED_EDGE('',*,*,#11112,.F.);
#11115=ORIENTED_EDGE('',*,*,#11114,.T.);
#11116=EDGE_LOOP('',(#11072,#11074,#11076,#11078,#11080,#11082,#11083,#11084,
#11086,#11088,#11090,#11092,#11094,#11095,#11097,#11099,#11101,#11103,#11105,
#11107,#11109,#11111,#11113,#11115));
#11117=FACE_OUTER_BOUND('',#11116,.F.);
#11118=ADVANCED_FACE('',(#11117),#11070,.F.);
#11119=CARTESIAN_POINT('',(-1.841000002316E1,-9.909658171100E0,
1.530556998094E1));
#11120=DIRECTION('',(0.E0,-1.E0,0.E0));
#11121=DIRECTION('',(0.E0,0.E0,1.E0));
#11122=AXIS2_PLACEMENT_3D('',#11119,#11120,#11121);
#11123=PLANE('',#11122);
#11124=ORIENTED_EDGE('',*,*,#11071,.T.);
#11126=ORIENTED_EDGE('',*,*,#11125,.T.);
#11128=ORIENTED_EDGE('',*,*,#11127,.F.);
#11130=ORIENTED_EDGE('',*,*,#11129,.F.);
#11132=ORIENTED_EDGE('',*,*,#11131,.F.);
#11134=ORIENTED_EDGE('',*,*,#11133,.T.);
#11136=ORIENTED_EDGE('',*,*,#11135,.F.);
#11138=ORIENTED_EDGE('',*,*,#11137,.T.);
#11139=ORIENTED_EDGE('',*,*,#11108,.T.);
#11141=ORIENTED_EDGE('',*,*,#11140,.F.);
#11143=ORIENTED_EDGE('',*,*,#11142,.T.);
#11145=ORIENTED_EDGE('',*,*,#11144,.F.);
#11147=ORIENTED_EDGE('',*,*,#11146,.T.);
#11149=ORIENTED_EDGE('',*,*,#11148,.T.);
#11151=ORIENTED_EDGE('',*,*,#11150,.T.);
#11153=ORIENTED_EDGE('',*,*,#11152,.F.);
#11155=ORIENTED_EDGE('',*,*,#11154,.T.);
#11157=ORIENTED_EDGE('',*,*,#11156,.F.);
#11158=EDGE_LOOP('',(#11124,#11126,#11128,#11130,#11132,#11134,#11136,#11138,
#11139,#11141,#11143,#11145,#11147,#11149,#11151,#11153,#11155,#11157));
#11159=FACE_OUTER_BOUND('',#11158,.F.);
#11161=ORIENTED_EDGE('',*,*,#11160,.F.);
#11163=ORIENTED_EDGE('',*,*,#11162,.T.);
#11165=ORIENTED_EDGE('',*,*,#11164,.F.);
#11167=ORIENTED_EDGE('',*,*,#11166,.F.);
#11169=ORIENTED_EDGE('',*,*,#11168,.F.);
#11171=ORIENTED_EDGE('',*,*,#11170,.F.);
#11173=ORIENTED_EDGE('',*,*,#11172,.F.);
#11175=ORIENTED_EDGE('',*,*,#11174,.T.);
#11176=EDGE_LOOP('',(#11161,#11163,#11165,#11167,#11169,#11171,#11173,#11175));
#11177=FACE_BOUND('',#11176,.F.);
#11178=ADVANCED_FACE('',(#11159,#11177),#11123,.T.);
#11179=CARTESIAN_POINT('',(-2.131000004632E1,-9.159658171100E0,
1.820556998094E1));
#11180=DIRECTION('',(-1.E0,0.E0,0.E0));
#11181=DIRECTION('',(0.E0,-1.E0,0.E0));
#11182=AXIS2_PLACEMENT_3D('',#11179,#11180,#11181);
#11183=PLANE('',#11182);
#11184=ORIENTED_EDGE('',*,*,#11125,.F.);
#11185=ORIENTED_EDGE('',*,*,#11114,.F.);
#11187=ORIENTED_EDGE('',*,*,#11186,.T.);
#11189=ORIENTED_EDGE('',*,*,#11188,.T.);
#11190=EDGE_LOOP('',(#11184,#11185,#11187,#11189));
#11191=FACE_OUTER_BOUND('',#11190,.F.);
#11192=ADVANCED_FACE('',(#11191),#11183,.T.);
#11193=CARTESIAN_POINT('',(-1.841000004632E1,-8.409658171100E0,
1.820556998094E1));
#11194=DIRECTION('',(0.E0,-1.E0,0.E0));
#11195=DIRECTION('',(-1.E0,0.E0,0.E0));
#11196=AXIS2_PLACEMENT_3D('',#11193,#11194,#11195);
#11197=PLANE('',#11196);
#11198=ORIENTED_EDGE('',*,*,#11112,.T.);
#11200=ORIENTED_EDGE('',*,*,#11199,.F.);
#11202=ORIENTED_EDGE('',*,*,#11201,.F.);
#11203=ORIENTED_EDGE('',*,*,#11186,.F.);
#11204=EDGE_LOOP('',(#11198,#11200,#11202,#11203));
#11205=FACE_OUTER_BOUND('',#11204,.F.);
#11206=ADVANCED_FACE('',(#11205),#11197,.F.);
#11207=CARTESIAN_POINT('',(-1.551000004632E1,-9.159658171100E0,
1.820556998094E1));
#11208=DIRECTION('',(-1.E0,0.E0,0.E0));
#11209=DIRECTION('',(0.E0,0.E0,1.E0));
#11210=AXIS2_PLACEMENT_3D('',#11207,#11208,#11209);
#11211=PLANE('',#11210);
#11212=ORIENTED_EDGE('',*,*,#11110,.F.);
#11213=ORIENTED_EDGE('',*,*,#11137,.F.);
#11215=ORIENTED_EDGE('',*,*,#11214,.T.);
#11216=ORIENTED_EDGE('',*,*,#11199,.T.);
#11217=EDGE_LOOP('',(#11212,#11213,#11215,#11216));
#11218=FACE_OUTER_BOUND('',#11217,.F.);
#11219=ADVANCED_FACE('',(#11218),#11211,.F.);
#11220=CARTESIAN_POINT('',(-1.841000002316E1,-8.184658171100E0,
2.295556998094E1));
#11221=DIRECTION('',(0.E0,0.E0,1.E0));
#11222=DIRECTION('',(-1.E0,0.E0,0.E0));
#11223=AXIS2_PLACEMENT_3D('',#11220,#11221,#11222);
#11224=PLANE('',#11223);
#11225=ORIENTED_EDGE('',*,*,#11214,.F.);
#11226=ORIENTED_EDGE('',*,*,#11135,.T.);
#11228=ORIENTED_EDGE('',*,*,#11227,.T.);
#11230=ORIENTED_EDGE('',*,*,#11229,.F.);
#11232=ORIENTED_EDGE('',*,*,#11231,.T.);
#11233=ORIENTED_EDGE('',*,*,#11127,.T.);
#11234=ORIENTED_EDGE('',*,*,#11188,.F.);
#11235=ORIENTED_EDGE('',*,*,#11201,.T.);
#11236=EDGE_LOOP('',(#11225,#11226,#11228,#11230,#11232,#11233,#11234,#11235));
#11237=FACE_OUTER_BOUND('',#11236,.F.);
#11238=ADVANCED_FACE('',(#11237),#11224,.F.);
#11239=CARTESIAN_POINT('',(-1.291E1,-9.334658171101E0,1.895556998094E1));
#11240=DIRECTION('',(-1.E0,0.E0,0.E0));
#11241=DIRECTION('',(0.E0,-1.E0,0.E0));
#11242=AXIS2_PLACEMENT_3D('',#11239,#11240,#11241);
#11243=PLANE('',#11242);
#11244=ORIENTED_EDGE('',*,*,#11102,.F.);
#11246=ORIENTED_EDGE('',*,*,#11245,.F.);
#11247=ORIENTED_EDGE('',*,*,#11227,.F.);
#11248=ORIENTED_EDGE('',*,*,#11133,.F.);
#11250=ORIENTED_EDGE('',*,*,#11249,.T.);
#11252=ORIENTED_EDGE('',*,*,#11251,.F.);
#11254=ORIENTED_EDGE('',*,*,#11253,.T.);
#11256=ORIENTED_EDGE('',*,*,#11255,.F.);
#11258=ORIENTED_EDGE('',*,*,#11257,.T.);
#11259=EDGE_LOOP('',(#11244,#11246,#11247,#11248,#11250,#11252,#11254,#11256,
#11258));
#11260=FACE_OUTER_BOUND('',#11259,.F.);
#11261=ADVANCED_FACE('',(#11260),#11243,.T.);
#11262=CARTESIAN_POINT('',(-1.840999993446E1,-6.459658171101E0,
1.940113996008E1));
#11263=DIRECTION('',(0.E0,-1.E0,0.E0));
#11264=DIRECTION('',(-1.E0,0.E0,0.E0));
#11265=AXIS2_PLACEMENT_3D('',#11262,#11263,#11264);
#11266=PLANE('',#11265);
#11268=ORIENTED_EDGE('',*,*,#11267,.T.);
#11269=ORIENTED_EDGE('',*,*,#11079,.T.);
#11271=ORIENTED_EDGE('',*,*,#11270,.T.);
#11272=ORIENTED_EDGE('',*,*,#11229,.T.);
#11273=ORIENTED_EDGE('',*,*,#11245,.T.);
#11274=ORIENTED_EDGE('',*,*,#11100,.T.);
#11276=ORIENTED_EDGE('',*,*,#11275,.T.);
#11278=ORIENTED_EDGE('',*,*,#11277,.T.);
#11279=EDGE_LOOP('',(#11268,#11269,#11271,#11272,#11273,#11274,#11276,#11278));
#11280=FACE_OUTER_BOUND('',#11279,.F.);
#11281=ADVANCED_FACE('',(#11280),#11266,.F.);
#11282=CARTESIAN_POINT('',(-2.798999993446E1,-2.459658171101E0,
-4.362843419869E-12));
#11283=DIRECTION('',(0.E0,0.E0,-1.E0));
#11284=DIRECTION('',(0.E0,1.E0,0.E0));
#11285=AXIS2_PLACEMENT_3D('',#11282,#11283,#11284);
#11286=CYLINDRICAL_SURFACE('',#11285,4.E0);
#11288=ORIENTED_EDGE('',*,*,#11287,.T.);
#11289=ORIENTED_EDGE('',*,*,#11060,.F.);
#11290=ORIENTED_EDGE('',*,*,#11081,.T.);
#11291=ORIENTED_EDGE('',*,*,#11267,.F.);
#11292=EDGE_LOOP('',(#11288,#11289,#11290,#11291));
#11293=FACE_OUTER_BOUND('',#11292,.F.);
#11294=ADVANCED_FACE('',(#11293),#11286,.F.);
#11295=CARTESIAN_POINT('',(-2.581849390791E1,-2.207066792478E0,
3.523251375311E1));
#11296=CARTESIAN_POINT('',(-2.583859851491E1,-2.207700714167E0,
3.520036551564E1));
#11297=CARTESIAN_POINT('',(-2.598674759428E1,-2.212373747881E0,
3.496344831146E1));
#11298=CARTESIAN_POINT('',(-2.625926613768E1,-2.220970701084E0,
3.452762099294E1));
#11299=CARTESIAN_POINT('',(-2.676928167021E1,-2.23705539E0,3.371199494920E1));
#11300=CARTESIAN_POINT('',(-2.740558243583E1,-2.257118888973E0,
3.269440774105E1));
#11301=CARTESIAN_POINT('',(-2.816967046186E1,-2.281206577361E0,
3.147246547459E1));
#11302=CARTESIAN_POINT('',(-2.893361816671E1,-2.305287310429E0,
3.025074769987E1));
#11303=CARTESIAN_POINT('',(-2.969763298733E1,-2.329369851735E0,
2.902892184201E1));
#11304=CARTESIAN_POINT('',(-3.046155256594E1,-2.353451486811E0,
2.780724472409E1));
#11305=CARTESIAN_POINT('',(-3.109842892892E1,-2.373531785039E0,
2.678873506999E1));
#11306=CARTESIAN_POINT('',(-3.154369809634E1,-2.387574036880E0,
2.607664275056E1));
#11307=CARTESIAN_POINT('',(-3.179897901492E1,-2.395625327800E0,
2.566839056568E1));
#11308=CARTESIAN_POINT('',(-3.194268906337E1,-2.400159022497E0,
2.543855580390E1));
#11309=CARTESIAN_POINT('',(-3.202584971284E1,-2.402781536652E0,
2.530557019291E1));
#11310=CARTESIAN_POINT('',(-3.204423623510E1,-2.403361285354E0,
2.527616851045E1));
#11311=CARTESIAN_POINT('',(-2.564421499803E1,-2.478778065670E0,
3.523236739396E1));
#11312=CARTESIAN_POINT('',(-2.566482812477E1,-2.479348872750E0,3.520031841E1));
#11313=CARTESIAN_POINT('',(-2.581711265422E1,-2.483560193428E0,
3.496360068796E1));
#11314=CARTESIAN_POINT('',(-2.609766817785E1,-2.491319834567E0,
3.452754447903E1));
#11315=CARTESIAN_POINT('',(-2.662237754424E1,-2.505859824497E0,
3.371194690675E1));
#11316=CARTESIAN_POINT('',(-2.727714209740E1,-2.524037279710E0,
3.269418885736E1));
#11317=CARTESIAN_POINT('',(-2.806331795706E1,-2.545902271463E0,
3.147213992952E1));
#11318=CARTESIAN_POINT('',(-2.884931203743E1,-2.567782320712E0,
3.025037113019E1));
#11319=CARTESIAN_POINT('',(-2.963531680421E1,-2.589664791449E0,
2.902859554045E1));
#11320=CARTESIAN_POINT('',(-3.042120336828E1,-2.611527521182E0,
2.780703055895E1));
#11321=CARTESIAN_POINT('',(-3.107637586842E1,-2.629725350699E0,
2.678867440605E1));
#11322=CARTESIAN_POINT('',(-3.153452615354E1,-2.642426693240E0,
2.607658767244E1));
#11323=CARTESIAN_POINT('',(-3.179712078668E1,-2.649700093828E0,
2.566844231617E1));
#11324=CARTESIAN_POINT('',(-3.194513907316E1,-2.653793973006E0,
2.543840843500E1));
#11325=CARTESIAN_POINT('',(-3.203053926035E1,-2.656158641993E0,
2.530565553671E1));
#11326=CARTESIAN_POINT('',(-3.204940192455E1,-2.656681177826E0,
2.527633137123E1));
#11327=CARTESIAN_POINT('',(-2.527653801384E1,-2.989114682649E0,
3.523209828509E1));
#11328=CARTESIAN_POINT('',(-2.529807481152E1,-2.989709200124E0,
3.520023196194E1));
#11329=CARTESIAN_POINT('',(-2.545791172895E1,-2.994127514361E0,
3.496387286188E1));
#11330=CARTESIAN_POINT('',(-2.575308852341E1,-3.002209128767E0,
3.452759368827E1));
#11331=CARTESIAN_POINT('',(-2.630430297844E1,-3.017034594507E0,
3.371293866743E1));
#11332=CARTESIAN_POINT('',(-2.699228826475E1,-3.035126952498E0,
3.269645313954E1));
#11333=CARTESIAN_POINT('',(-2.781859558253E1,-3.056405298512E0,
3.147578434204E1));
#11334=CARTESIAN_POINT('',(-2.864531568483E1,-3.077457849341E0,
3.025451724467E1));
#11335=CARTESIAN_POINT('',(-2.947260721955E1,-3.098502450693E0,
2.903223319681E1));
#11336=CARTESIAN_POINT('',(-3.030012061640E1,-3.119744672630E0,
2.780929858915E1));
#11337=CARTESIAN_POINT('',(-3.098982018344E1,-3.137787512627E0,
2.678963668460E1));
#11338=CARTESIAN_POINT('',(-3.147183155026E1,-3.150670155942E0,
2.607679127308E1));
#11339=CARTESIAN_POINT('',(-3.174778200479E1,-3.158134930304E0,
2.566858127095E1));
#11340=CARTESIAN_POINT('',(-3.190358035327E1,-3.162391167579E0,
2.543814246800E1));
#11341=CARTESIAN_POINT('',(-3.199298515795E1,-3.164841367206E0,
2.530580755619E1));
#11342=CARTESIAN_POINT('',(-3.201269718716E1,-3.165381679840E0,
2.527662331113E1));
#11343=CARTESIAN_POINT('',(-2.464463504036E1,-3.693444037781E0,
3.523175707615E1));
#11344=CARTESIAN_POINT('',(-2.466732511651E1,-3.694290144265E0,
3.520012253211E1));
#11345=CARTESIAN_POINT('',(-2.483666066627E1,-3.700636609133E0,
3.496420922900E1));
#11346=CARTESIAN_POINT('',(-2.515008860411E1,-3.712228505015E0,
3.452786328404E1));
#11347=CARTESIAN_POINT('',(-2.573385057646E1,-3.733202607351E0,
3.371537612721E1));
#11348=CARTESIAN_POINT('',(-2.646220815981E1,-3.758447856675E0,
3.270224580594E1));
#11349=CARTESIAN_POINT('',(-2.733758379540E1,-3.787752094823E0,
3.148508221405E1));
#11350=CARTESIAN_POINT('',(-2.821503422504E1,-3.816568991E0,3.026514412797E1));
#11351=CARTESIAN_POINT('',(-2.909489727441E1,-3.845385783754E0,
2.904158073187E1));
#11352=CARTESIAN_POINT('',(-2.997636290977E1,-3.874661448108E0,
2.781516629592E1));
#11353=CARTESIAN_POINT('',(-3.071110728428E1,-3.899807580330E0,
2.679206843493E1));
#11354=CARTESIAN_POINT('',(-3.122396437991E1,-3.917972937447E0,
2.607739191307E1));
#11355=CARTESIAN_POINT('',(-3.151700920700E1,-3.928549267544E0,
2.566880944478E1));
#11356=CARTESIAN_POINT('',(-3.168269329552E1,-3.934631999862E0,
2.543780407038E1));
#11357=CARTESIAN_POINT('',(-3.177713364017E1,-3.938104545898E0,
2.530599871221E1));
#11358=CARTESIAN_POINT('',(-3.179791051447E1,-3.938867800398E0,
2.527699251468E1));
#11359=CARTESIAN_POINT('',(-2.395452193910E1,-4.318146593202E0,
3.523148893120E1));
#11360=CARTESIAN_POINT('',(-2.397810921238E1,-4.319300333626E0,
3.520003654253E1));
#11361=CARTESIAN_POINT('',(-2.415487423282E1,-4.327984090763E0,
3.496447319264E1));
#11362=CARTESIAN_POINT('',(-2.448250441755E1,-4.343949473992E0,
3.452808408352E1));
#11363=CARTESIAN_POINT('',(-2.509124262095E1,-4.373051321829E0,
3.371734371031E1));
#11364=CARTESIAN_POINT('',(-2.585015722934E1,-4.408501948393E0,
3.270693388025E1));
#11365=CARTESIAN_POINT('',(-2.676238187275E1,-4.450168760414E0,
3.149262998680E1));
#11366=CARTESIAN_POINT('',(-2.767801425603E1,-4.491474114178E0,
3.027380236001E1));
#11367=CARTESIAN_POINT('',(-2.859779810423E1,-4.532875537318E0,
2.904922420383E1));
#11368=CARTESIAN_POINT('',(-2.952075301274E1,-4.574764692590E0,
2.781998042336E1));
#11369=CARTESIAN_POINT('',(-3.029061699208E1,-4.610356392607E0,
2.679406524694E1));
#11370=CARTESIAN_POINT('',(-3.082777334589E1,-4.635734027596E0,
2.607788731777E1));
#11371=CARTESIAN_POINT('',(-3.113434141370E1,-4.650390065347E0,
2.566899401063E1));
#11372=CARTESIAN_POINT('',(-3.130788880215E1,-4.658782953861E0,
2.543753391463E1));
#11373=CARTESIAN_POINT('',(-3.140631985316E1,-4.663541905297E0,
2.530615121339E1));
#11374=CARTESIAN_POINT('',(-3.142793909490E1,-4.664586068304E0,
2.527728715907E1));
#11375=CARTESIAN_POINT('',(-2.319894455566E1,-4.870335416851E0,
3.523128654404E1));
#11376=CARTESIAN_POINT('',(-2.322320565109E1,-4.871750012446E0,
3.519997153201E1));
#11377=CARTESIAN_POINT('',(-2.340557197124E1,-4.882408472564E0,
3.496467769162E1));
#11378=CARTESIAN_POINT('',(-2.374394023056E1,-4.902147104669E0,
3.452812568054E1));
#11379=CARTESIAN_POINT('',(-2.437150535890E1,-4.938532328534E0,
3.371811685560E1));
#11380=CARTESIAN_POINT('',(-2.515325485485E1,-4.983541627483E0,
3.270871094126E1));
#11381=CARTESIAN_POINT('',(-2.609244399265E1,-5.037241763399E0,
3.149551213245E1));
#11382=CARTESIAN_POINT('',(-2.703542419507E1,-5.090941291757E0,
3.027711186763E1));
#11383=CARTESIAN_POINT('',(-2.798338367279E1,-5.144859717374E0,
2.905215454476E1));
#11384=CARTESIAN_POINT('',(-2.893555496943E1,-5.199110172014E0,
2.782182314824E1));
#11385=CARTESIAN_POINT('',(-2.973050482391E1,-5.244608649759E0,
2.679484839149E1));
#11386=CARTESIAN_POINT('',(-3.028551357964E1,-5.276556472227E0,
2.607805567588E1));
#11387=CARTESIAN_POINT('',(-3.060219887338E1,-5.294840764457E0,
2.566910362575E1));
#11388=CARTESIAN_POINT('',(-3.078173976225E1,-5.305244931508E0,
2.543732700362E1));
#11389=CARTESIAN_POINT('',(-3.088322028893E1,-5.311117319904E0,
2.530626941139E1));
#11390=CARTESIAN_POINT('',(-3.090548263929E1,-5.312404612178E0,
2.527751420987E1));
#11391=CARTESIAN_POINT('',(-2.238987949068E1,-5.340335136542E0,
3.523114278534E1));
#11392=CARTESIAN_POINT('',(-2.241462078928E1,-5.341884320323E0,
3.519992516525E1));
#11393=CARTESIAN_POINT('',(-2.260098618876E1,-5.353560744811E0,
3.496483212864E1));
#11394=CARTESIAN_POINT('',(-2.294719414287E1,-5.375298124558E0,
3.452793733749E1));
#11395=CARTESIAN_POINT('',(-2.358887579379E1,-5.415699298789E0,
3.371742470033E1));
#11396=CARTESIAN_POINT('',(-2.438805041064E1,-5.466202343392E0,
3.270689678633E1));
#11397=CARTESIAN_POINT('',(-2.534739950041E1,-5.527013779173E0,
3.149262497921E1));
#11398=CARTESIAN_POINT('',(-2.630986806209E1,-5.588099342623E0,
3.027378435888E1));
#11399=CARTESIAN_POINT('',(-2.727682692108E1,-5.649432441887E0,
2.904921715377E1));
#11400=CARTESIAN_POINT('',(-2.824792810389E1,-5.710875071822E0,
2.781995397972E1));
#11401=CARTESIAN_POINT('',(-2.905907069037E1,-5.761970549467E0,
2.679411668986E1));
#11402=CARTESIAN_POINT('',(-2.962606749037E1,-5.797516416481E0,
2.607781060648E1));
#11403=CARTESIAN_POINT('',(-2.994975196723E1,-5.817751467924E0,
2.566912691928E1));
#11404=CARTESIAN_POINT('',(-3.013356555469E1,-5.829221287209E0,
2.543717932985E1));
#11405=CARTESIAN_POINT('',(-3.023723615375E1,-5.835679307410E0,
2.530635618979E1));
#11406=CARTESIAN_POINT('',(-3.025996024116E1,-5.837094337097E0,
2.527767865300E1));
#11407=CARTESIAN_POINT('',(-2.123470882966E1,-5.858764158834E0,
3.523100370059E1));
#11408=CARTESIAN_POINT('',(-2.125992273873E1,-5.860261831705E0,
3.519988002270E1));
#11409=CARTESIAN_POINT('',(-2.145022338327E1,-5.871554791799E0,
3.496499531612E1));
#11410=CARTESIAN_POINT('',(-2.180452748165E1,-5.892655060861E0,
3.452742818340E1));
#11411=CARTESIAN_POINT('',(-2.246174712394E1,-5.932067652148E0,
3.371489329526E1));
#11412=CARTESIAN_POINT('',(-2.328114740593E1,-5.981610645689E0,
3.270053227688E1));
#11413=CARTESIAN_POINT('',(-2.426397995562E1,-6.041457311022E0,
3.148245479263E1));
#11414=CARTESIAN_POINT('',(-2.524811706690E1,-6.101570089343E0,
3.026209716635E1));
#11415=CARTESIAN_POINT('',(-2.623458208663E1,-6.161782662529E0,
2.903890972603E1));
#11416=CARTESIAN_POINT('',(-2.722351724658E1,-6.221876985380E0,
2.781342914058E1));
#11417=CARTESIAN_POINT('',(-2.804917719391E1,-6.271642164227E0,
2.679149905084E1));
#11418=CARTESIAN_POINT('',(-2.862718919526E1,-6.306169252729E0,
2.607703352506E1));
#11419=CARTESIAN_POINT('',(-2.895748464417E1,-6.325800986830E0,
2.566906777244E1));
#11420=CARTESIAN_POINT('',(-2.914545594587E1,-6.336924669467E0,
2.543703760543E1));
#11421=CARTESIAN_POINT('',(-2.925127280900E1,-6.343181426255E0,
2.530644306175E1));
#11422=CARTESIAN_POINT('',(-2.927444919771E1,-6.344551942265E0,
2.527784002484E1));
#11423=CARTESIAN_POINT('',(-2.032274363763E1,-6.102029842537E0,
3.523092644802E1));
#11424=CARTESIAN_POINT('',(-2.034823424403E1,-6.103180227308E0,
3.519985475718E1));
#11425=CARTESIAN_POINT('',(-2.054083388377E1,-6.111865312429E0,
3.496509527815E1));
#11426=CARTESIAN_POINT('',(-2.090033521217E1,-6.128065105993E0,
3.452692407986E1));
#11427=CARTESIAN_POINT('',(-2.156878868418E1,-6.158179853198E0,
3.371222982686E1));
#11428=CARTESIAN_POINT('',(-2.240438525442E1,-6.195801612362E0,
3.269390014028E1));
#11429=CARTESIAN_POINT('',(-2.340716377367E1,-6.240928628605E0,
3.147190392648E1));
#11430=CARTESIAN_POINT('',(-2.440985808063E1,-6.286040076752E0,
3.025004915605E1));
#11431=CARTESIAN_POINT('',(-2.541242622070E1,-6.331146216341E0,
2.902834772582E1));
#11432=CARTESIAN_POINT('',(-2.641484890458E1,-6.376258279837E0,
2.780678417079E1));
#11433=CARTESIAN_POINT('',(-2.725013519950E1,-6.413870436289E0,
2.678882821739E1));
#11434=CARTESIAN_POINT('',(-2.783479389761E1,-6.440213198502E0,
2.607625882216E1));
#11435=CARTESIAN_POINT('',(-2.816894608381E1,-6.455276086744E0,
2.566898220088E1));
#11436=CARTESIAN_POINT('',(-2.835930572986E1,-6.463856466184E0,
2.543696171907E1));
#11437=CARTESIAN_POINT('',(-2.846634233401E1,-6.468686081122E0,
2.530649195134E1));
#11438=CARTESIAN_POINT('',(-2.848977496681E1,-6.469743740494E0,
2.527792878161E1));
#11439=CARTESIAN_POINT('',(-1.971010992259E1,-6.199323719106E0,
3.523082798161E1));
#11440=CARTESIAN_POINT('',(-1.973594539777E1,-6.200140052067E0,
3.519982309746E1));
#11441=CARTESIAN_POINT('',(-1.993145159370E1,-6.206318921342E0,
3.496519625369E1));
#11442=CARTESIAN_POINT('',(-2.029665823362E1,-6.217862786553E0,
3.452690914327E1));
#11443=CARTESIAN_POINT('',(-2.097534990433E1,-6.239315139769E0,
3.371240537285E1));
#11444=CARTESIAN_POINT('',(-2.182371820898E1,-6.266132330327E0,
3.269426629705E1));
#11445=CARTESIAN_POINT('',(-2.284175388699E1,-6.298313972088E0,
3.147250244563E1));
#11446=CARTESIAN_POINT('',(-2.385979549773E1,-6.330496631410E0,
3.025072892198E1));
#11447=CARTESIAN_POINT('',(-2.487784470690E1,-6.362679602636E0,
2.902894617166E1));
#11448=CARTESIAN_POINT('',(-2.589590344168E1,-6.394862240431E0,
2.780715424339E1));
#11449=CARTESIAN_POINT('',(-2.674428855687E1,-6.421679847301E0,
2.678899504149E1));
#11450=CARTESIAN_POINT('',(-2.733816319834E1,-6.440451464801E0,
2.607628051641E1));
#11451=CARTESIAN_POINT('',(-2.767751244397E1,-6.451177209511E0,
2.566902578459E1));
#11452=CARTESIAN_POINT('',(-2.787096439864E1,-6.457292079400E0,
2.543686273545E1));
#11453=CARTESIAN_POINT('',(-2.797955068610E1,-6.460723499609E0,
2.530654888577E1));
#11454=CARTESIAN_POINT('',(-2.800330813662E1,-6.461474187479E0,
2.527803778595E1));
#11455=B_SPLINE_SURFACE_WITH_KNOTS('',3,3,((#11295,#11296,#11297,#11298,#11299,
#11300,#11301,#11302,#11303,#11304,#11305,#11306,#11307,#11308,#11309,#11310),(
#11311,#11312,#11313,#11314,#11315,#11316,#11317,#11318,#11319,#11320,#11321,
#11322,#11323,#11324,#11325,#11326),(#11327,#11328,#11329,#11330,#11331,#11332,
#11333,#11334,#11335,#11336,#11337,#11338,#11339,#11340,#11341,#11342),(#11343,
#11344,#11345,#11346,#11347,#11348,#11349,#11350,#11351,#11352,#11353,#11354,
#11355,#11356,#11357,#11358),(#11359,#11360,#11361,#11362,#11363,#11364,#11365,
#11366,#11367,#11368,#11369,#11370,#11371,#11372,#11373,#11374),(#11375,#11376,
#11377,#11378,#11379,#11380,#11381,#11382,#11383,#11384,#11385,#11386,#11387,
#11388,#11389,#11390),(#11391,#11392,#11393,#11394,#11395,#11396,#11397,#11398,
#11399,#11400,#11401,#11402,#11403,#11404,#11405,#11406),(#11407,#11408,#11409,
#11410,#11411,#11412,#11413,#11414,#11415,#11416,#11417,#11418,#11419,#11420,
#11421,#11422),(#11423,#11424,#11425,#11426,#11427,#11428,#11429,#11430,#11431,
#11432,#11433,#11434,#11435,#11436,#11437,#11438),(#11439,#11440,#11441,#11442,
#11443,#11444,#11445,#11446,#11447,#11448,#11449,#11450,#11451,#11452,#11453,
#11454)),.UNSPECIFIED.,.F.,.F.,.F.,(4,1,1,1,1,1,1,4),(4,1,1,1,1,1,1,1,1,1,1,1,1,
4),(6.443308908109E0,7.410375954400E0,8.303895950986E0,9.197415947572E0,
1.009093594416E1,1.098445594074E1,1.187797593733E1,1.373851225091E1),(
8.913894631019E-1,1.E0,1.713138851666E0,2.426277703331E0,3.852555406663E0,
5.278833109994E0,6.705110813325E0,8.131388516657E0,9.557666219988E0,
1.098394392332E1,1.169708277498E1,1.205365220082E1,1.241022162665E1,
1.251009258117E1),.UNSPECIFIED.);
#11456=ORIENTED_EDGE('',*,*,#10994,.F.);
#11457=ORIENTED_EDGE('',*,*,#11046,.F.);
#11458=ORIENTED_EDGE('',*,*,#11287,.F.);
#11460=ORIENTED_EDGE('',*,*,#11459,.T.);
#11461=EDGE_LOOP('',(#11456,#11457,#11458,#11460));
#11462=FACE_OUTER_BOUND('',#11461,.F.);
#11463=ADVANCED_FACE('',(#11462),#11455,.T.);
#11464=CARTESIAN_POINT('',(-1.976794589329E1,-6.170719953911E0,
3.533328596961E1));
#11465=CARTESIAN_POINT('',(-2.275172410945E1,-6.268921178054E0,
3.194488799975E1));
#11466=CARTESIAN_POINT('',(-2.573550232560E1,-6.367122402197E0,
2.855649002989E1));
#11467=CARTESIAN_POINT('',(-2.871928054176E1,-6.465323626340E0,
2.516809206002E1));
#11468=CARTESIAN_POINT('',(-1.974449047393E1,-6.175489172678E0,
3.533328596961E1));
#11469=CARTESIAN_POINT('',(-2.267312225978E1,-6.272069485867E0,
3.194488799975E1));
#11470=CARTESIAN_POINT('',(-2.560175404563E1,-6.368649799057E0,
2.855649002989E1));
#11471=CARTESIAN_POINT('',(-2.853038583148E1,-6.465230112246E0,
2.516809206002E1));
#11472=CARTESIAN_POINT('',(-1.891363143723E1,-6.339882301839E0,
3.533328596961E1));
#11473=CARTESIAN_POINT('',(-1.989089667143E1,-6.380590440411E0,
3.194488799975E1));
#11474=CARTESIAN_POINT('',(-2.086816190563E1,-6.421298578984E0,
2.855649002989E1));
#11475=CARTESIAN_POINT('',(-2.184542713983E1,-6.462006717557E0,
2.516809206002E1));
#11476=CARTESIAN_POINT('',(-1.803256334180E1,-6.346956795674E0,
3.533328596961E1));
#11477=CARTESIAN_POINT('',(-1.701240833422E1,-6.385260531113E0,
3.194488799975E1));
#11478=CARTESIAN_POINT('',(-1.599225332665E1,-6.423564266552E0,
2.855649002989E1));
#11479=CARTESIAN_POINT('',(-1.497209831908E1,-6.461868001991E0,
2.516809206002E1));
#11480=CARTESIAN_POINT('',(-1.719950883483E1,-6.195977162596E0,
3.533328596961E1));
#11481=CARTESIAN_POINT('',(-1.422873344851E1,-6.285594237382E0,
3.194488799975E1));
#11482=CARTESIAN_POINT('',(-1.125795806219E1,-6.375211312168E0,
2.855649002989E1));
#11483=CARTESIAN_POINT('',(-8.287182675871E0,-6.464828386954E0,
2.516809206002E1));
#11484=CARTESIAN_POINT('',(-1.717598965006E1,-6.191586671710E0,
3.533328596961E1));
#11485=CARTESIAN_POINT('',(-1.415008950534E1,-6.282695939477E0,
3.194488799975E1));
#11486=CARTESIAN_POINT('',(-1.112418936061E1,-6.373805207244E0,
2.855649002989E1));
#11487=CARTESIAN_POINT('',(-8.098289215891E0,-6.464914475010E0,
2.516809206002E1));
#11488=B_SPLINE_SURFACE_WITH_KNOTS('',3,3,((#11464,#11465,#11466,#11467),
(#11468,#11469,#11470,#11471),(#11472,#11473,#11474,#11475),(#11476,#11477,
#11478,#11479),(#11480,#11481,#11482,#11483),(#11484,#11485,#11486,#11487)),
.UNSPECIFIED.,.F.,.F.,.F.,(4,1,1,4),(4,4),(-2.907826494622E-2,0.E0,1.E0,
1.029078264946E0),(-2.E-2,1.02E0),.UNSPECIFIED.);
#11489=ORIENTED_EDGE('',*,*,#10996,.F.);
#11490=ORIENTED_EDGE('',*,*,#11459,.F.);
#11491=ORIENTED_EDGE('',*,*,#11277,.F.);
#11493=ORIENTED_EDGE('',*,*,#11492,.T.);
#11494=EDGE_LOOP('',(#11489,#11490,#11491,#11493));
#11495=FACE_OUTER_BOUND('',#11494,.F.);
#11496=ADVANCED_FACE('',(#11495),#11488,.T.);
#11497=CARTESIAN_POINT('',(-1.732306967011E1,-6.215851134404E0,
3.533327946336E1));
#11498=CARTESIAN_POINT('',(-1.445809007206E1,-6.298541109717E0,
3.194501148983E1));
#11499=CARTESIAN_POINT('',(-1.159311047400E1,-6.381231085030E0,
2.855674351630E1));
#11500=CARTESIAN_POINT('',(-8.728130875949E0,-6.463921060342E0,
2.516847554277E1));
#11501=CARTESIAN_POINT('',(-1.729756517586E1,-6.212137975585E0,
3.533328159400E1));
#11502=CARTESIAN_POINT('',(-1.443408069426E1,-6.296206123412E0,
3.194496997919E1));
#11503=CARTESIAN_POINT('',(-1.157059621266E1,-6.380274271239E0,
2.855665836438E1));
#11504=CARTESIAN_POINT('',(-8.707111731058E0,-6.464342419066E0,
2.516834674956E1));
#11505=CARTESIAN_POINT('',(-1.665320764159E1,-6.115505386009E0,
3.533333640997E1));
#11506=CARTESIAN_POINT('',(-1.382707607616E1,-6.233869993251E0,
3.194392961899E1));
#11507=CARTESIAN_POINT('',(-1.100094451072E1,-6.352234600493E0,
2.855452282801E1));
#11508=CARTESIAN_POINT('',(-8.174812945287E0,-6.470599207734E0,
2.516511603702E1));
#11509=CARTESIAN_POINT('',(-1.571593943453E1,-5.868648773781E0,
3.533345446717E1));
#11510=CARTESIAN_POINT('',(-1.292942234908E1,-6.017564576637E0,
3.194269730745E1));
#11511=CARTESIAN_POINT('',(-1.014290526363E1,-6.166480379492E0,
2.855194014774E1));
#11512=CARTESIAN_POINT('',(-7.356388178187E0,-6.315396182348E0,
2.516118298802E1));
#11513=CARTESIAN_POINT('',(-1.456892747470E1,-5.365038316586E0,
3.533372126769E1));
#11514=CARTESIAN_POINT('',(-1.185078996489E1,-5.513058838151E0,
3.194024129284E1));
#11515=CARTESIAN_POINT('',(-9.132652455076E0,-5.661079359716E0,
2.854676131798E1));
#11516=CARTESIAN_POINT('',(-6.414514945266E0,-5.809099881281E0,
2.515328134312E1));
#11517=CARTESIAN_POINT('',(-1.375232139680E1,-4.899722379720E0,
3.533398737405E1));
#11518=CARTESIAN_POINT('',(-1.110619058385E1,-5.037930823588E0,
3.193764744454E1));
#11519=CARTESIAN_POINT('',(-8.460059770892E0,-5.176139267457E0,
2.854130751503E1));
#11520=CARTESIAN_POINT('',(-5.813928957938E0,-5.314347711325E0,
2.514496758551E1));
#11521=CARTESIAN_POINT('',(-1.298848476036E1,-4.351810057892E0,
3.533431221679E1));
#11522=CARTESIAN_POINT('',(-1.043167074333E1,-4.472740288596E0,
3.193446072528E1));
#11523=CARTESIAN_POINT('',(-7.874856726297E0,-4.593670519300E0,
2.853460923376E1));
#11524=CARTESIAN_POINT('',(-5.318042709265E0,-4.714600750004E0,
2.513475774225E1));
#11525=CARTESIAN_POINT('',(-1.205148267586E1,-3.519381592371E0,
3.533482012172E1));
#11526=CARTESIAN_POINT('',(-9.637827001068E0,-3.603764494974E0,
3.192943002917E1));
#11527=CARTESIAN_POINT('',(-7.224171326276E0,-3.688147397577E0,
2.852403993662E1));
#11528=CARTESIAN_POINT('',(-4.810515651484E0,-3.772530300180E0,
2.511864984406E1));
#11529=CARTESIAN_POINT('',(-1.143544813197E1,-2.770128671358E0,
3.533530748037E1));
#11530=CARTESIAN_POINT('',(-9.174796371030E0,-2.831486534742E0,
3.192423635419E1));
#11531=CARTESIAN_POINT('',(-6.914144610094E0,-2.892844398126E0,
2.851316522801E1));
#11532=CARTESIAN_POINT('',(-4.653492849158E0,-2.954202261511E0,
2.510209410182E1));
#11533=CARTESIAN_POINT('',(-1.107849020414E1,-2.224335569461E0,
3.533567292289E1));
#11534=CARTESIAN_POINT('',(-8.938400568996E0,-2.290690289339E0,
3.192022935543E1));
#11535=CARTESIAN_POINT('',(-6.798310933854E0,-2.357045009216E0,
2.850478578797E1));
#11536=CARTESIAN_POINT('',(-4.658221298712E0,-2.423399729094E0,
2.508934222050E1));
#11537=CARTESIAN_POINT('',(-1.106462477798E1,-2.202937401290E0,
3.533568726508E1));
#11538=CARTESIAN_POINT('',(-8.929275037234E0,-2.269519871490E0,
3.192007194025E1));
#11539=CARTESIAN_POINT('',(-6.793925296488E0,-2.336102341690E0,
2.850445661542E1));
#11540=CARTESIAN_POINT('',(-4.658575555741E0,-2.402684811891E0,
2.508884129060E1));
#11541=B_SPLINE_SURFACE_WITH_KNOTS('',3,3,((#11497,#11498,#11499,#11500),
(#11501,#11502,#11503,#11504),(#11505,#11506,#11507,#11508),(#11509,#11510,
#11511,#11512),(#11513,#11514,#11515,#11516),(#11517,#11518,#11519,#11520),(
#11521,#11522,#11523,#11524),(#11525,#11526,#11527,#11528),(#11529,#11530,
#11531,#11532),(#11533,#11534,#11535,#11536),(#11537,#11538,#11539,#11540)),
.UNSPECIFIED.,.F.,.F.,.F.,(4,1,1,1,1,1,1,1,4),(4,4),(-1.029623649356E-2,0.E0,
2.5E-1,3.75E-1,5.E-1,6.25E-1,7.5E-1,1.E0,1.010171828351E0),(-1.033734746998E-2,
9.464898094947E-1),.UNSPECIFIED.);
#11543=ORIENTED_EDGE('',*,*,#11542,.F.);
#11545=ORIENTED_EDGE('',*,*,#11544,.T.);
#11546=ORIENTED_EDGE('',*,*,#10998,.F.);
#11547=ORIENTED_EDGE('',*,*,#11492,.F.);
#11548=EDGE_LOOP('',(#11543,#11545,#11546,#11547));
#11549=FACE_OUTER_BOUND('',#11548,.F.);
#11550=ADVANCED_FACE('',(#11549),#11541,.T.);
#11551=CARTESIAN_POINT('',(-8.829999934456E0,-2.459658171101E0,
-4.362843419869E-12));
#11552=DIRECTION('',(0.E0,0.E0,1.E0));
#11553=DIRECTION('',(0.E0,-1.E0,0.E0));
#11554=AXIS2_PLACEMENT_3D('',#11551,#11552,#11553);
#11555=CYLINDRICAL_SURFACE('',#11554,4.E0);
#11557=ORIENTED_EDGE('',*,*,#11556,.F.);
#11558=ORIENTED_EDGE('',*,*,#11542,.T.);
#11559=ORIENTED_EDGE('',*,*,#11275,.F.);
#11560=ORIENTED_EDGE('',*,*,#11098,.T.);
#11561=EDGE_LOOP('',(#11557,#11558,#11559,#11560));
#11562=FACE_OUTER_BOUND('',#11561,.F.);
#11563=ADVANCED_FACE('',(#11562),#11555,.F.);
#11564=CARTESIAN_POINT('',(-4.829999934456E0,4.034182889948E-2,
1.915692577508E1));
#11565=DIRECTION('',(-1.E0,0.E0,0.E0));
#11566=DIRECTION('',(0.E0,0.E0,-1.E0));
#11567=AXIS2_PLACEMENT_3D('',#11564,#11565,#11566);
#11568=PLANE('',#11567);
#11570=ORIENTED_EDGE('',*,*,#11569,.T.);
#11571=ORIENTED_EDGE('',*,*,#11556,.T.);
#11572=ORIENTED_EDGE('',*,*,#11096,.F.);
#11573=ORIENTED_EDGE('',*,*,#6883,.F.);
#11574=EDGE_LOOP('',(#11570,#11571,#11572,#11573));
#11575=FACE_OUTER_BOUND('',#11574,.F.);
#11576=ADVANCED_FACE('',(#11575),#11568,.T.);
#11577=CARTESIAN_POINT('',(-1.113305750080E1,-2.308954875958E0,
3.533335992119E1));
#11578=CARTESIAN_POINT('',(-8.991035834327E0,-2.376997050469E0,
3.194526523377E1));
#11579=CARTESIAN_POINT('',(-6.849014167852E0,-2.445039224979E0,
2.855717054635E1));
#11580=CARTESIAN_POINT('',(-4.706992501376E0,-2.513081399490E0,
2.516907585894E1));
#11581=CARTESIAN_POINT('',(-1.112368815776E1,-2.294995298965E0,
3.533336881765E1));
#11582=CARTESIAN_POINT('',(-8.984785746856E0,-2.362174144453E0,
3.194516113247E1));
#11583=CARTESIAN_POINT('',(-6.845883335953E0,-2.429352989940E0,
2.855695344730E1));
#11584=CARTESIAN_POINT('',(-4.706980925049E0,-2.496531835428E0,
2.516874576212E1));
#11585=CARTESIAN_POINT('',(-1.017108150493E1,-8.669019002583E-1,
3.533427319146E1));
#11586=CARTESIAN_POINT('',(-8.349337234571E0,-8.468712921165E-1,
3.193458058770E1));
#11587=CARTESIAN_POINT('',(-6.527592964210E0,-8.268406839747E-1,
2.853488798394E1));
#11588=CARTESIAN_POINT('',(-4.705848693848E0,-8.068100758329E-1,
2.513519538017E1));
#11589=CARTESIAN_POINT('',(-9.650431195791E0,8.605205418706E-1,
3.533475957205E1));
#11590=CARTESIAN_POINT('',(-8.003945342600E0,8.700268834077E-1,
3.192894169551E1));
#11591=CARTESIAN_POINT('',(-6.357459489410E0,8.795332249449E-1,
2.852312381897E1));
#11592=CARTESIAN_POINT('',(-4.710973636219E0,8.890395664819E-1,
2.511730594242E1));
#11593=CARTESIAN_POINT('',(-9.655354663580E0,2.574412008130E0,
3.533474942942E1));
#11594=CARTESIAN_POINT('',(-8.007205586626E0,2.574219125550E0,
3.192899408372E1));
#11595=CARTESIAN_POINT('',(-6.359056509672E0,2.574026242971E0,
2.852323873802E1));
#11596=CARTESIAN_POINT('',(-4.710907432718E0,2.573833360391E0,
2.511748339232E1));
#11597=CARTESIAN_POINT('',(-9.655453005764E0,2.591446805857E0,
3.533474928115E1));
#11598=CARTESIAN_POINT('',(-8.007270713517E0,2.591157840898E0,
3.192899516275E1));
#11599=CARTESIAN_POINT('',(-6.359088421270E0,2.590868875938E0,
2.852324104435E1));
#11600=CARTESIAN_POINT('',(-4.710906129022E0,2.590579910979E0,
2.511748692595E1));
#11601=B_SPLINE_SURFACE_WITH_KNOTS('',3,3,((#11577,#11578,#11579,#11580),
(#11581,#11582,#11583,#11584),(#11585,#11586,#11587,#11588),(#11589,#11590,
#11591,#11592),(#11593,#11594,#11595,#11596),(#11597,#11598,#11599,#11600)),
.UNSPECIFIED.,.F.,.F.,.F.,(4,1,1,4),(4,4),(-9.890483430353E-3,0.E0,1.E0,
1.010039300035E0),(-1.026733361549E-2,9.392198290535E-1),.UNSPECIFIED.);
#11602=ORIENTED_EDGE('',*,*,#11000,.F.);
#11603=ORIENTED_EDGE('',*,*,#11544,.F.);
#11604=ORIENTED_EDGE('',*,*,#11569,.F.);
#11605=ORIENTED_EDGE('',*,*,#6881,.T.);
#11606=EDGE_LOOP('',(#11602,#11603,#11604,#11605));
#11607=FACE_OUTER_BOUND('',#11606,.F.);
#11608=ADVANCED_FACE('',(#11607),#11601,.T.);
#11609=CARTESIAN_POINT('',(-2.391E1,-9.334658171101E0,1.895556998094E1));
#11610=DIRECTION('',(-1.E0,0.E0,0.E0));
#11611=DIRECTION('',(0.E0,0.E0,1.E0));
#11612=AXIS2_PLACEMENT_3D('',#11609,#11610,#11611);
#11613=PLANE('',#11612);
#11614=ORIENTED_EDGE('',*,*,#11270,.F.);
#11615=ORIENTED_EDGE('',*,*,#11077,.F.);
#11617=ORIENTED_EDGE('',*,*,#11616,.T.);
#11619=ORIENTED_EDGE('',*,*,#11618,.T.);
#11621=ORIENTED_EDGE('',*,*,#11620,.T.);
#11623=ORIENTED_EDGE('',*,*,#11622,.F.);
#11625=ORIENTED_EDGE('',*,*,#11624,.T.);
#11626=ORIENTED_EDGE('',*,*,#11129,.T.);
#11627=ORIENTED_EDGE('',*,*,#11231,.F.);
#11628=EDGE_LOOP('',(#11614,#11615,#11617,#11619,#11621,#11623,#11625,#11626,
#11627));
#11629=FACE_OUTER_BOUND('',#11628,.F.);
#11630=ADVANCED_FACE('',(#11629),#11613,.F.);
#11631=CARTESIAN_POINT('',(-2.276000004632E1,-1.100965817110E1,
1.780556998094E1));
#11632=DIRECTION('',(0.E0,-1.E0,0.E0));
#11633=DIRECTION('',(0.E0,0.E0,-1.E0));
#11634=AXIS2_PLACEMENT_3D('',#11631,#11632,#11633);
#11635=PLANE('',#11634);
#11636=ORIENTED_EDGE('',*,*,#11616,.F.);
#11637=ORIENTED_EDGE('',*,*,#11075,.T.);
#11639=ORIENTED_EDGE('',*,*,#11638,.F.);
#11641=ORIENTED_EDGE('',*,*,#11640,.T.);
#11642=EDGE_LOOP('',(#11636,#11637,#11639,#11641));
#11643=FACE_OUTER_BOUND('',#11642,.F.);
#11644=ADVANCED_FACE('',(#11643),#11635,.F.);
#11645=CARTESIAN_POINT('',(-2.161000004632E1,-1.080965817110E1,
1.740556998094E1));
#11646=DIRECTION('',(-1.E0,0.E0,0.E0));
#11647=DIRECTION('',(0.E0,0.E0,1.E0));
#11648=AXIS2_PLACEMENT_3D('',#11645,#11646,#11647);
#11649=PLANE('',#11648);
#11651=ORIENTED_EDGE('',*,*,#11650,.T.);
#11653=ORIENTED_EDGE('',*,*,#11652,.T.);
#11654=ORIENTED_EDGE('',*,*,#11638,.T.);
#11655=ORIENTED_EDGE('',*,*,#11073,.T.);
#11656=ORIENTED_EDGE('',*,*,#11156,.T.);
#11658=ORIENTED_EDGE('',*,*,#11657,.F.);
#11660=ORIENTED_EDGE('',*,*,#11659,.F.);
#11662=ORIENTED_EDGE('',*,*,#11661,.F.);
#11663=EDGE_LOOP('',(#11651,#11653,#11654,#11655,#11656,#11658,#11660,#11662));
#11664=FACE_OUTER_BOUND('',#11663,.F.);
#11665=ADVANCED_FACE('',(#11664),#11649,.F.);
#11666=CARTESIAN_POINT('',(-2.321000004632E1,-1.220965817110E1,
1.815556998094E1));
#11667=DIRECTION('',(0.E0,-1.E0,0.E0));
#11668=DIRECTION('',(-1.E0,0.E0,0.E0));
#11669=AXIS2_PLACEMENT_3D('',#11666,#11667,#11668);
#11670=PLANE('',#11669);
#11672=ORIENTED_EDGE('',*,*,#11671,.T.);
#11674=ORIENTED_EDGE('',*,*,#11673,.T.);
#11675=ORIENTED_EDGE('',*,*,#11620,.F.);
#11677=ORIENTED_EDGE('',*,*,#11676,.F.);
#11678=ORIENTED_EDGE('',*,*,#11650,.F.);
#11680=ORIENTED_EDGE('',*,*,#11679,.T.);
#11681=EDGE_LOOP('',(#11672,#11674,#11675,#11677,#11678,#11680));
#11682=FACE_OUTER_BOUND('',#11681,.F.);
#11683=ADVANCED_FACE('',(#11682),#11670,.T.);
#11684=CARTESIAN_POINT('',(-2.481E1,-1.190965817110E1,-4.362843419869E-12));
#11685=DIRECTION('',(0.E0,0.E0,-1.E0));
#11686=DIRECTION('',(0.E0,1.E0,0.E0));
#11687=AXIS2_PLACEMENT_3D('',#11684,#11685,#11686);
#11688=CYLINDRICAL_SURFACE('',#11687,3.E-1);
#11689=ORIENTED_EDGE('',*,*,#11671,.F.);
#11691=ORIENTED_EDGE('',*,*,#11690,.T.);
#11693=ORIENTED_EDGE('',*,*,#11692,.F.);
#11695=ORIENTED_EDGE('',*,*,#11694,.T.);
#11696=EDGE_LOOP('',(#11689,#11691,#11693,#11695));
#11697=FACE_OUTER_BOUND('',#11696,.F.);
#11698=ADVANCED_FACE('',(#11697),#11688,.T.);
#11699=CARTESIAN_POINT('',(-2.481E1,-1.190965817110E1,1.245556998094E1));
#11700=DIRECTION('',(-1.E0,0.E0,0.E0));
#11701=DIRECTION('',(0.E0,1.E0,0.E0));
#11702=AXIS2_PLACEMENT_3D('',#11699,#11700,#11701);
#11703=SPHERICAL_SURFACE('',#11702,3.E-1);
#11705=ORIENTED_EDGE('',*,*,#11704,.F.);
#11706=ORIENTED_EDGE('',*,*,#11690,.F.);
#11708=ORIENTED_EDGE('',*,*,#11707,.F.);
#11709=EDGE_LOOP('',(#11705,#11706,#11708));
#11710=FACE_OUTER_BOUND('',#11709,.F.);
#11711=ADVANCED_FACE('',(#11710),#11703,.T.);
#11712=CARTESIAN_POINT('',(-2.481E1,5.130683657799E0,1.245556998094E1));
#11713=DIRECTION('',(0.E0,1.E0,0.E0));
#11714=DIRECTION('',(0.E0,0.E0,1.E0));
#11715=AXIS2_PLACEMENT_3D('',#11712,#11713,#11714);
#11716=CYLINDRICAL_SURFACE('',#11715,3.E-1);
#11718=ORIENTED_EDGE('',*,*,#11717,.T.);
#11720=ORIENTED_EDGE('',*,*,#11719,.F.);
#11721=ORIENTED_EDGE('',*,*,#11704,.T.);
#11723=ORIENTED_EDGE('',*,*,#11722,.F.);
#11724=EDGE_LOOP('',(#11718,#11720,#11721,#11723));
#11725=FACE_OUTER_BOUND('',#11724,.F.);
#11726=ADVANCED_FACE('',(#11725),#11716,.T.);
#11727=CARTESIAN_POINT('',(-8.829999934435E0,-7.959658171101E0,
-3.236430019060E0));
#11728=DIRECTION('',(0.E0,-1.E0,0.E0));
#11729=DIRECTION('',(-1.E0,0.E0,0.E0));
#11730=AXIS2_PLACEMENT_3D('',#11727,#11728,#11729);
#11731=PLANE('',#11730);
#11733=ORIENTED_EDGE('',*,*,#11732,.T.);
#11735=ORIENTED_EDGE('',*,*,#11734,.F.);
#11737=ORIENTED_EDGE('',*,*,#11736,.T.);
#11739=ORIENTED_EDGE('',*,*,#11738,.T.);
#11740=EDGE_LOOP('',(#11733,#11735,#11737,#11739));
#11741=FACE_OUTER_BOUND('',#11740,.F.);
#11743=ORIENTED_EDGE('',*,*,#11742,.T.);
#11745=ORIENTED_EDGE('',*,*,#11744,.F.);
#11747=ORIENTED_EDGE('',*,*,#11746,.T.);
#11749=ORIENTED_EDGE('',*,*,#11748,.F.);
#11751=ORIENTED_EDGE('',*,*,#11750,.T.);
#11752=ORIENTED_EDGE('',*,*,#11717,.F.);
#11754=ORIENTED_EDGE('',*,*,#11753,.F.);
#11756=ORIENTED_EDGE('',*,*,#11755,.F.);
#11758=ORIENTED_EDGE('',*,*,#11757,.T.);
#11760=ORIENTED_EDGE('',*,*,#11759,.F.);
#11762=ORIENTED_EDGE('',*,*,#11761,.T.);
#11764=ORIENTED_EDGE('',*,*,#11763,.F.);
#11766=ORIENTED_EDGE('',*,*,#11765,.T.);
#11768=ORIENTED_EDGE('',*,*,#11767,.F.);
#11770=ORIENTED_EDGE('',*,*,#11769,.T.);
#11772=ORIENTED_EDGE('',*,*,#11771,.F.);
#11773=EDGE_LOOP('',(#11743,#11745,#11747,#11749,#11751,#11752,#11754,#11756,
#11758,#11760,#11762,#11764,#11766,#11768,#11770,#11772));
#11774=FACE_BOUND('',#11773,.F.);
#11775=ADVANCED_FACE('',(#11741,#11774),#11731,.T.);
#11776=CARTESIAN_POINT('',(-1.171E1,-1.018465817110E1,1.815556998094E1));
#11777=DIRECTION('',(-1.E0,0.E0,0.E0));
#11778=DIRECTION('',(0.E0,0.E0,1.E0));
#11779=AXIS2_PLACEMENT_3D('',#11776,#11777,#11778);
#11780=PLANE('',#11779);
#11781=ORIENTED_EDGE('',*,*,#11742,.F.);
#11783=ORIENTED_EDGE('',*,*,#11782,.T.);
#11785=ORIENTED_EDGE('',*,*,#11784,.T.);
#11787=ORIENTED_EDGE('',*,*,#11786,.T.);
#11788=EDGE_LOOP('',(#11781,#11783,#11785,#11787));
#11789=FACE_OUTER_BOUND('',#11788,.F.);
#11790=ADVANCED_FACE('',(#11789),#11780,.F.);
#11791=CARTESIAN_POINT('',(-1.201E1,5.130683657799E0,1.245556998094E1));
#11792=DIRECTION('',(0.E0,-1.E0,0.E0));
#11793=DIRECTION('',(0.E0,0.E0,-1.E0));
#11794=AXIS2_PLACEMENT_3D('',#11791,#11792,#11793);
#11795=CYLINDRICAL_SURFACE('',#11794,3.E-1);
#11796=ORIENTED_EDGE('',*,*,#11771,.T.);
#11798=ORIENTED_EDGE('',*,*,#11797,.F.);
#11800=ORIENTED_EDGE('',*,*,#11799,.T.);
#11801=ORIENTED_EDGE('',*,*,#11782,.F.);
#11802=EDGE_LOOP('',(#11796,#11798,#11800,#11801));
#11803=FACE_OUTER_BOUND('',#11802,.F.);
#11804=ADVANCED_FACE('',(#11803),#11795,.T.);
#11805=CARTESIAN_POINT('',(-1.4085E1,-1.018465817110E1,1.215556998094E1));
#11806=DIRECTION('',(0.E0,0.E0,1.E0));
#11807=DIRECTION('',(0.E0,1.E0,0.E0));
#11808=AXIS2_PLACEMENT_3D('',#11805,#11806,#11807);
#11809=PLANE('',#11808);
#11811=ORIENTED_EDGE('',*,*,#11810,.T.);
#11813=ORIENTED_EDGE('',*,*,#11812,.T.);
#11815=ORIENTED_EDGE('',*,*,#11814,.T.);
#11816=ORIENTED_EDGE('',*,*,#11797,.T.);
#11817=ORIENTED_EDGE('',*,*,#11769,.F.);
#11819=ORIENTED_EDGE('',*,*,#11818,.T.);
#11820=EDGE_LOOP('',(#11811,#11813,#11815,#11816,#11817,#11819));
#11821=FACE_OUTER_BOUND('',#11820,.F.);
#11822=ADVANCED_FACE('',(#11821),#11809,.F.);
#11823=CARTESIAN_POINT('',(-2.659999934456E0,-9.409658171100E0,
1.265556998094E1));
#11824=DIRECTION('',(1.E0,0.E0,0.E0));
#11825=DIRECTION('',(0.E0,0.E0,1.E0));
#11826=AXIS2_PLACEMENT_3D('',#11823,#11824,#11825);
#11827=CYLINDRICAL_SURFACE('',#11826,5.E-1);
#11829=ORIENTED_EDGE('',*,*,#11828,.T.);
#11830=ORIENTED_EDGE('',*,*,#11142,.F.);
#11832=ORIENTED_EDGE('',*,*,#11831,.T.);
#11833=ORIENTED_EDGE('',*,*,#11810,.F.);
#11834=EDGE_LOOP('',(#11829,#11830,#11832,#11833));
#11835=FACE_OUTER_BOUND('',#11834,.F.);
#11836=ADVANCED_FACE('',(#11835),#11827,.T.);
#11837=CARTESIAN_POINT('',(-1.616E1,-9.409658171100E0,1.165556998094E1));
#11838=DIRECTION('',(0.E0,1.E0,0.E0));
#11839=DIRECTION('',(1.E0,0.E0,0.E0));
#11840=AXIS2_PLACEMENT_3D('',#11837,#11838,#11839);
#11841=TOROIDAL_SURFACE('',#11840,1.E0,5.E-1);
#11842=ORIENTED_EDGE('',*,*,#11828,.F.);
#11844=ORIENTED_EDGE('',*,*,#11843,.F.);
#11846=ORIENTED_EDGE('',*,*,#11845,.F.);
#11847=ORIENTED_EDGE('',*,*,#11144,.T.);
#11848=EDGE_LOOP('',(#11842,#11844,#11846,#11847));
#11849=FACE_OUTER_BOUND('',#11848,.F.);
#11850=ADVANCED_FACE('',(#11849),#11841,.T.);
#11851=CARTESIAN_POINT('',(-1.616E1,5.130683657799E0,1.165556998094E1));
#11852=DIRECTION('',(0.E0,1.E0,0.E0));
#11853=DIRECTION('',(1.E0,0.E0,0.E0));
#11854=AXIS2_PLACEMENT_3D('',#11851,#11852,#11853);
#11855=CYLINDRICAL_SURFACE('',#11854,5.E-1);
#11856=ORIENTED_EDGE('',*,*,#11767,.T.);
#11858=ORIENTED_EDGE('',*,*,#11857,.F.);
#11859=ORIENTED_EDGE('',*,*,#11843,.T.);
#11860=ORIENTED_EDGE('',*,*,#11818,.F.);
#11861=EDGE_LOOP('',(#11856,#11858,#11859,#11860));
#11862=FACE_OUTER_BOUND('',#11861,.F.);
#11863=ADVANCED_FACE('',(#11862),#11855,.F.);
#11864=CARTESIAN_POINT('',(-1.666E1,-8.934658171100E0,9.055569980937E0));
#11865=DIRECTION('',(-1.E0,0.E0,0.E0));
#11866=DIRECTION('',(0.E0,-1.E0,0.E0));
#11867=AXIS2_PLACEMENT_3D('',#11864,#11865,#11866);
#11868=PLANE('',#11867);
#11869=ORIENTED_EDGE('',*,*,#11857,.T.);
#11870=ORIENTED_EDGE('',*,*,#11765,.F.);
#11872=ORIENTED_EDGE('',*,*,#11871,.T.);
#11874=ORIENTED_EDGE('',*,*,#11873,.T.);
#11875=EDGE_LOOP('',(#11869,#11870,#11872,#11874));
#11876=FACE_OUTER_BOUND('',#11875,.F.);
#11877=ADVANCED_FACE('',(#11876),#11868,.F.);
#11878=CARTESIAN_POINT('',(-1.716E1,5.130683657799E0,6.455569980937E0));
#11879=DIRECTION('',(0.E0,-1.E0,0.E0));
#11880=DIRECTION('',(0.E0,0.E0,-1.E0));
#11881=AXIS2_PLACEMENT_3D('',#11878,#11879,#11880);
#11882=CYLINDRICAL_SURFACE('',#11881,5.E-1);
#11884=ORIENTED_EDGE('',*,*,#11883,.F.);
#11886=ORIENTED_EDGE('',*,*,#11885,.T.);
#11887=ORIENTED_EDGE('',*,*,#11871,.F.);
#11888=ORIENTED_EDGE('',*,*,#11763,.T.);
#11889=EDGE_LOOP('',(#11884,#11886,#11887,#11888));
#11890=FACE_OUTER_BOUND('',#11889,.F.);
#11891=ADVANCED_FACE('',(#11890),#11882,.T.);
#11892=CARTESIAN_POINT('',(-1.841000004632E1,-8.934658171100E0,
5.955569980937E0));
#11893=DIRECTION('',(0.E0,0.E0,1.E0));
#11894=DIRECTION('',(-1.E0,0.E0,0.E0));
#11895=AXIS2_PLACEMENT_3D('',#11892,#11893,#11894);
#11896=PLANE('',#11895);
#11897=ORIENTED_EDGE('',*,*,#11883,.T.);
#11898=ORIENTED_EDGE('',*,*,#11761,.F.);
#11900=ORIENTED_EDGE('',*,*,#11899,.T.);
#11902=ORIENTED_EDGE('',*,*,#11901,.T.);
#11903=EDGE_LOOP('',(#11897,#11898,#11900,#11902));
#11904=FACE_OUTER_BOUND('',#11903,.F.);
#11905=ADVANCED_FACE('',(#11904),#11896,.F.);
#11906=CARTESIAN_POINT('',(-1.966000009263E1,0.E0,6.455569980937E0));
#11907=DIRECTION('',(0.E0,1.E0,0.E0));
#11908=DIRECTION('',(0.E0,0.E0,-1.E0));
#11909=AXIS2_PLACEMENT_3D('',#11906,#11907,#11908);
#11910=CYLINDRICAL_SURFACE('',#11909,5.E-1);
#11912=ORIENTED_EDGE('',*,*,#11911,.F.);
#11914=ORIENTED_EDGE('',*,*,#11913,.T.);
#11915=ORIENTED_EDGE('',*,*,#11899,.F.);
#11916=ORIENTED_EDGE('',*,*,#11759,.T.);
#11917=EDGE_LOOP('',(#11912,#11914,#11915,#11916));
#11918=FACE_OUTER_BOUND('',#11917,.F.);
#11919=ADVANCED_FACE('',(#11918),#11910,.T.);
#11920=CARTESIAN_POINT('',(-2.016000009263E1,-8.934658171100E0,
9.055569980937E0));
#11921=DIRECTION('',(-1.E0,0.E0,0.E0));
#11922=DIRECTION('',(0.E0,-1.E0,0.E0));
#11923=AXIS2_PLACEMENT_3D('',#11920,#11921,#11922);
#11924=PLANE('',#11923);
#11925=ORIENTED_EDGE('',*,*,#11911,.T.);
#11926=ORIENTED_EDGE('',*,*,#11757,.F.);
#11928=ORIENTED_EDGE('',*,*,#11927,.T.);
#11930=ORIENTED_EDGE('',*,*,#11929,.T.);
#11931=EDGE_LOOP('',(#11925,#11926,#11928,#11930));
#11932=FACE_OUTER_BOUND('',#11931,.F.);
#11933=ADVANCED_FACE('',(#11932),#11924,.T.);
#11934=CARTESIAN_POINT('',(-2.066000009263E1,5.130683657799E0,
1.165556998094E1));
#11935=DIRECTION('',(0.E0,-1.E0,0.E0));
#11936=DIRECTION('',(-1.E0,0.E0,0.E0));
#11937=AXIS2_PLACEMENT_3D('',#11934,#11935,#11936);
#11938=CYLINDRICAL_SURFACE('',#11937,5.E-1);
#11939=ORIENTED_EDGE('',*,*,#11755,.T.);
#11941=ORIENTED_EDGE('',*,*,#11940,.F.);
#11943=ORIENTED_EDGE('',*,*,#11942,.T.);
#11944=ORIENTED_EDGE('',*,*,#11927,.F.);
#11945=EDGE_LOOP('',(#11939,#11941,#11943,#11944));
#11946=FACE_OUTER_BOUND('',#11945,.F.);
#11947=ADVANCED_FACE('',(#11946),#11938,.F.);
#11948=CARTESIAN_POINT('',(-2.273500006947E1,-1.018465817110E1,
1.215556998094E1));
#11949=DIRECTION('',(0.E0,0.E0,1.E0));
#11950=DIRECTION('',(0.E0,1.E0,0.E0));
#11951=AXIS2_PLACEMENT_3D('',#11948,#11949,#11950);
#11952=PLANE('',#11951);
#11953=ORIENTED_EDGE('',*,*,#11940,.T.);
#11954=ORIENTED_EDGE('',*,*,#11753,.T.);
#11955=ORIENTED_EDGE('',*,*,#11722,.T.);
#11957=ORIENTED_EDGE('',*,*,#11956,.T.);
#11958=ORIENTED_EDGE('',*,*,#11659,.T.);
#11960=ORIENTED_EDGE('',*,*,#11959,.T.);
#11961=EDGE_LOOP('',(#11953,#11954,#11955,#11957,#11958,#11960));
#11962=FACE_OUTER_BOUND('',#11961,.F.);
#11963=ADVANCED_FACE('',(#11962),#11952,.F.);
#11964=CARTESIAN_POINT('',(-2.659999934456E0,-1.190965817110E1,
1.245556998094E1));
#11965=DIRECTION('',(1.E0,0.E0,0.E0));
#11966=DIRECTION('',(0.E0,-1.E0,0.E0));
#11967=AXIS2_PLACEMENT_3D('',#11964,#11965,#11966);
#11968=CYLINDRICAL_SURFACE('',#11967,3.E-1);
#11969=ORIENTED_EDGE('',*,*,#11956,.F.);
#11970=ORIENTED_EDGE('',*,*,#11707,.T.);
#11971=ORIENTED_EDGE('',*,*,#11679,.F.);
#11972=ORIENTED_EDGE('',*,*,#11661,.T.);
#11973=EDGE_LOOP('',(#11969,#11970,#11971,#11972));
#11974=FACE_OUTER_BOUND('',#11973,.F.);
#11975=ADVANCED_FACE('',(#11974),#11968,.T.);
#11976=CARTESIAN_POINT('',(-2.659999934456E0,-9.409658171100E0,
1.265556998094E1));
#11977=DIRECTION('',(-1.E0,0.E0,0.E0));
#11978=DIRECTION('',(0.E0,0.E0,-1.E0));
#11979=AXIS2_PLACEMENT_3D('',#11976,#11977,#11978);
#11980=CYLINDRICAL_SURFACE('',#11979,5.E-1);
#11981=ORIENTED_EDGE('',*,*,#11154,.F.);
#11983=ORIENTED_EDGE('',*,*,#11982,.T.);
#11984=ORIENTED_EDGE('',*,*,#11959,.F.);
#11985=ORIENTED_EDGE('',*,*,#11657,.T.);
#11986=EDGE_LOOP('',(#11981,#11983,#11984,#11985));
#11987=FACE_OUTER_BOUND('',#11986,.F.);
#11988=ADVANCED_FACE('',(#11987),#11980,.T.);
#11989=CARTESIAN_POINT('',(-2.066000009263E1,-9.409658171100E0,
1.165556998094E1));
#11990=DIRECTION('',(0.E0,-1.E0,0.E0));
#11991=DIRECTION('',(-1.E0,0.E0,0.E0));
#11992=AXIS2_PLACEMENT_3D('',#11989,#11990,#11991);
#11993=TOROIDAL_SURFACE('',#11992,1.E0,5.E-1);
#11995=ORIENTED_EDGE('',*,*,#11994,.F.);
#11996=ORIENTED_EDGE('',*,*,#11942,.F.);
#11997=ORIENTED_EDGE('',*,*,#11982,.F.);
#11998=ORIENTED_EDGE('',*,*,#11152,.T.);
#11999=EDGE_LOOP('',(#11995,#11996,#11997,#11998));
#12000=FACE_OUTER_BOUND('',#11999,.F.);
#12001=ADVANCED_FACE('',(#12000),#11993,.T.);
#12002=CARTESIAN_POINT('',(-1.966000009263E1,-9.409658171101E0,
-4.362843419869E-12));
#12003=DIRECTION('',(0.E0,0.E0,-1.E0));
#12004=DIRECTION('',(0.E0,1.E0,0.E0));
#12005=AXIS2_PLACEMENT_3D('',#12002,#12003,#12004);
#12006=CYLINDRICAL_SURFACE('',#12005,5.E-1);
#12007=ORIENTED_EDGE('',*,*,#11994,.T.);
#12008=ORIENTED_EDGE('',*,*,#11150,.F.);
#12010=ORIENTED_EDGE('',*,*,#12009,.T.);
#12011=ORIENTED_EDGE('',*,*,#11929,.F.);
#12012=EDGE_LOOP('',(#12007,#12008,#12010,#12011));
#12013=FACE_OUTER_BOUND('',#12012,.F.);
#12014=ADVANCED_FACE('',(#12013),#12006,.T.);
#12015=CARTESIAN_POINT('',(-1.966000009263E1,-9.409658171100E0,
6.455569980937E0));
#12016=DIRECTION('',(0.E0,-1.E0,0.E0));
#12017=DIRECTION('',(-1.E0,0.E0,0.E0));
#12018=AXIS2_PLACEMENT_3D('',#12015,#12016,#12017);
#12019=SPHERICAL_SURFACE('',#12018,5.E-1);
#12020=ORIENTED_EDGE('',*,*,#12009,.F.);
#12022=ORIENTED_EDGE('',*,*,#12021,.F.);
#12023=ORIENTED_EDGE('',*,*,#11913,.F.);
#12024=EDGE_LOOP('',(#12020,#12022,#12023));
#12025=FACE_OUTER_BOUND('',#12024,.F.);
#12026=ADVANCED_FACE('',(#12025),#12019,.T.);
#12027=CARTESIAN_POINT('',(-2.659999934456E0,-9.409658171101E0,
6.455569980937E0));
#12028=DIRECTION('',(-1.E0,0.E0,0.E0));
#12029=DIRECTION('',(0.E0,0.E0,-1.E0));
#12030=AXIS2_PLACEMENT_3D('',#12027,#12028,#12029);
#12031=CYLINDRICAL_SURFACE('',#12030,5.E-1);
#12033=ORIENTED_EDGE('',*,*,#12032,.T.);
#12034=ORIENTED_EDGE('',*,*,#11901,.F.);
#12035=ORIENTED_EDGE('',*,*,#12021,.T.);
#12036=ORIENTED_EDGE('',*,*,#11148,.F.);
#12037=EDGE_LOOP('',(#12033,#12034,#12035,#12036));
#12038=FACE_OUTER_BOUND('',#12037,.F.);
#12039=ADVANCED_FACE('',(#12038),#12031,.T.);
#12040=CARTESIAN_POINT('',(-1.716E1,-9.409658171100E0,6.455569980937E0));
#12041=DIRECTION('',(0.E0,-1.E0,0.E0));
#12042=DIRECTION('',(-1.E0,0.E0,0.E0));
#12043=AXIS2_PLACEMENT_3D('',#12040,#12041,#12042);
#12044=SPHERICAL_SURFACE('',#12043,5.E-1);
#12045=ORIENTED_EDGE('',*,*,#12032,.F.);
#12047=ORIENTED_EDGE('',*,*,#12046,.F.);
#12048=ORIENTED_EDGE('',*,*,#11885,.F.);
#12049=EDGE_LOOP('',(#12045,#12047,#12048));
#12050=FACE_OUTER_BOUND('',#12049,.F.);
#12051=ADVANCED_FACE('',(#12050),#12044,.T.);
#12052=CARTESIAN_POINT('',(-1.716E1,-9.409658171101E0,-4.362843419869E-12));
#12053=DIRECTION('',(0.E0,0.E0,-1.E0));
#12054=DIRECTION('',(0.E0,1.E0,0.E0));
#12055=AXIS2_PLACEMENT_3D('',#12052,#12053,#12054);
#12056=CYLINDRICAL_SURFACE('',#12055,5.E-1);
#12057=ORIENTED_EDGE('',*,*,#11146,.F.);
#12058=ORIENTED_EDGE('',*,*,#11845,.T.);
#12059=ORIENTED_EDGE('',*,*,#11873,.F.);
#12060=ORIENTED_EDGE('',*,*,#12046,.T.);
#12061=EDGE_LOOP('',(#12057,#12058,#12059,#12060));
#12062=FACE_OUTER_BOUND('',#12061,.F.);
#12063=ADVANCED_FACE('',(#12062),#12056,.T.);
#12064=CARTESIAN_POINT('',(-1.521000004632E1,-1.080965817110E1,
1.740556998094E1));
#12065=DIRECTION('',(-1.E0,0.E0,0.E0));
#12066=DIRECTION('',(0.E0,-1.E0,0.E0));
#12067=AXIS2_PLACEMENT_3D('',#12064,#12065,#12066);
#12068=PLANE('',#12067);
#12070=ORIENTED_EDGE('',*,*,#12069,.T.);
#12072=ORIENTED_EDGE('',*,*,#12071,.T.);
#12074=ORIENTED_EDGE('',*,*,#12073,.T.);
#12076=ORIENTED_EDGE('',*,*,#12075,.F.);
#12077=ORIENTED_EDGE('',*,*,#11812,.F.);
#12078=ORIENTED_EDGE('',*,*,#11831,.F.);
#12079=ORIENTED_EDGE('',*,*,#11140,.T.);
#12080=ORIENTED_EDGE('',*,*,#11106,.F.);
#12081=EDGE_LOOP('',(#12070,#12072,#12074,#12076,#12077,#12078,#12079,#12080));
#12082=FACE_OUTER_BOUND('',#12081,.F.);
#12083=ADVANCED_FACE('',(#12082),#12068,.T.);
#12084=CARTESIAN_POINT('',(-1.406000004632E1,-1.100965817110E1,
1.780556998094E1));
#12085=DIRECTION('',(0.E0,-1.E0,0.E0));
#12086=DIRECTION('',(0.E0,0.E0,-1.E0));
#12087=AXIS2_PLACEMENT_3D('',#12084,#12085,#12086);
#12088=PLANE('',#12087);
#12090=ORIENTED_EDGE('',*,*,#12089,.T.);
#12091=ORIENTED_EDGE('',*,*,#12069,.F.);
#12092=ORIENTED_EDGE('',*,*,#11104,.T.);
#12093=ORIENTED_EDGE('',*,*,#11257,.F.);
#12094=EDGE_LOOP('',(#12090,#12091,#12092,#12093));
#12095=FACE_OUTER_BOUND('',#12094,.F.);
#12096=ADVANCED_FACE('',(#12095),#12088,.F.);
#12097=CARTESIAN_POINT('',(-1.406000002316E1,-1.185965817110E1,
2.265556998094E1));
#12098=DIRECTION('',(0.E0,0.E0,1.E0));
#12099=DIRECTION('',(1.E0,0.E0,0.E0));
#12100=AXIS2_PLACEMENT_3D('',#12097,#12098,#12099);
#12101=PLANE('',#12100);
#12102=ORIENTED_EDGE('',*,*,#12089,.F.);
#12103=ORIENTED_EDGE('',*,*,#11255,.T.);
#12105=ORIENTED_EDGE('',*,*,#12104,.F.);
#12106=ORIENTED_EDGE('',*,*,#12071,.F.);
#12107=EDGE_LOOP('',(#12102,#12103,#12105,#12106));
#12108=FACE_OUTER_BOUND('',#12107,.F.);
#12109=ADVANCED_FACE('',(#12108),#12101,.T.);
#12110=CARTESIAN_POINT('',(-1.361000004632E1,-1.220965817110E1,
1.815556998094E1));
#12111=DIRECTION('',(0.E0,-1.E0,0.E0));
#12112=DIRECTION('',(-1.E0,0.E0,0.E0));
#12113=AXIS2_PLACEMENT_3D('',#12110,#12111,#12112);
#12114=PLANE('',#12113);
#12116=ORIENTED_EDGE('',*,*,#12115,.T.);
#12118=ORIENTED_EDGE('',*,*,#12117,.T.);
#12119=ORIENTED_EDGE('',*,*,#12073,.F.);
#12120=ORIENTED_EDGE('',*,*,#12104,.T.);
#12121=ORIENTED_EDGE('',*,*,#11253,.F.);
#12123=ORIENTED_EDGE('',*,*,#12122,.T.);
#12124=EDGE_LOOP('',(#12116,#12118,#12119,#12120,#12121,#12123));
#12125=FACE_OUTER_BOUND('',#12124,.F.);
#12126=ADVANCED_FACE('',(#12125),#12114,.T.);
#12127=CARTESIAN_POINT('',(-1.201E1,-1.190965817110E1,-4.362843419869E-12));
#12128=DIRECTION('',(0.E0,0.E0,-1.E0));
#12129=DIRECTION('',(0.E0,1.E0,0.E0));
#12130=AXIS2_PLACEMENT_3D('',#12127,#12128,#12129);
#12131=CYLINDRICAL_SURFACE('',#12130,3.E-1);
#12132=ORIENTED_EDGE('',*,*,#12115,.F.);
#12134=ORIENTED_EDGE('',*,*,#12133,.T.);
#12135=ORIENTED_EDGE('',*,*,#11784,.F.);
#12137=ORIENTED_EDGE('',*,*,#12136,.T.);
#12138=EDGE_LOOP('',(#12132,#12134,#12135,#12137));
#12139=FACE_OUTER_BOUND('',#12138,.F.);
#12140=ADVANCED_FACE('',(#12139),#12131,.T.);
#12141=CARTESIAN_POINT('',(-1.201E1,-1.190965817110E1,2.385556998094E1));
#12142=DIRECTION('',(0.E0,-1.E0,0.E0));
#12143=DIRECTION('',(-1.E0,0.E0,0.E0));
#12144=AXIS2_PLACEMENT_3D('',#12141,#12142,#12143);
#12145=SPHERICAL_SURFACE('',#12144,3.E-1);
#12146=ORIENTED_EDGE('',*,*,#12133,.F.);
#12148=ORIENTED_EDGE('',*,*,#12147,.F.);
#12150=ORIENTED_EDGE('',*,*,#12149,.F.);
#12151=EDGE_LOOP('',(#12146,#12148,#12150));
#12152=FACE_OUTER_BOUND('',#12151,.F.);
#12153=ADVANCED_FACE('',(#12152),#12145,.T.);
#12154=CARTESIAN_POINT('',(-2.659999934456E0,-1.190965817110E1,
2.385556998094E1));
#12155=DIRECTION('',(1.E0,0.E0,0.E0));
#12156=DIRECTION('',(0.E0,-1.E0,0.E0));
#12157=AXIS2_PLACEMENT_3D('',#12154,#12155,#12156);
#12158=CYLINDRICAL_SURFACE('',#12157,3.E-1);
#12160=ORIENTED_EDGE('',*,*,#12159,.F.);
#12161=ORIENTED_EDGE('',*,*,#12147,.T.);
#12162=ORIENTED_EDGE('',*,*,#12122,.F.);
#12163=ORIENTED_EDGE('',*,*,#11251,.T.);
#12164=EDGE_LOOP('',(#12160,#12161,#12162,#12163));
#12165=FACE_OUTER_BOUND('',#12164,.F.);
#12166=ADVANCED_FACE('',(#12165),#12158,.T.);
#12167=CARTESIAN_POINT('',(-1.841E1,-1.018465817110E1,2.415556998094E1));
#12168=DIRECTION('',(0.E0,0.E0,1.E0));
#12169=DIRECTION('',(-1.E0,0.E0,0.E0));
#12170=AXIS2_PLACEMENT_3D('',#12167,#12168,#12169);
#12171=PLANE('',#12170);
#12172=ORIENTED_EDGE('',*,*,#11746,.F.);
#12174=ORIENTED_EDGE('',*,*,#12173,.T.);
#12175=ORIENTED_EDGE('',*,*,#12159,.T.);
#12176=ORIENTED_EDGE('',*,*,#11249,.F.);
#12177=ORIENTED_EDGE('',*,*,#11131,.T.);
#12178=ORIENTED_EDGE('',*,*,#11624,.F.);
#12180=ORIENTED_EDGE('',*,*,#12179,.T.);
#12182=ORIENTED_EDGE('',*,*,#12181,.T.);
#12183=EDGE_LOOP('',(#12172,#12174,#12175,#12176,#12177,#12178,#12180,#12182));
#12184=FACE_OUTER_BOUND('',#12183,.F.);
#12185=ADVANCED_FACE('',(#12184),#12171,.T.);
#12186=CARTESIAN_POINT('',(-1.201E1,5.130683657799E0,2.385556998094E1));
#12187=DIRECTION('',(0.E0,1.E0,0.E0));
#12188=DIRECTION('',(1.E0,0.E0,0.E0));
#12189=AXIS2_PLACEMENT_3D('',#12186,#12187,#12188);
#12190=CYLINDRICAL_SURFACE('',#12189,3.E-1);
#12191=ORIENTED_EDGE('',*,*,#11744,.T.);
#12192=ORIENTED_EDGE('',*,*,#11786,.F.);
#12193=ORIENTED_EDGE('',*,*,#12149,.T.);
#12194=ORIENTED_EDGE('',*,*,#12173,.F.);
#12195=EDGE_LOOP('',(#12191,#12192,#12193,#12194));
#12196=FACE_OUTER_BOUND('',#12195,.F.);
#12197=ADVANCED_FACE('',(#12196),#12190,.T.);
#12198=CARTESIAN_POINT('',(-2.659999934456E0,-1.190965817110E1,
2.385556998094E1));
#12199=DIRECTION('',(-1.E0,0.E0,0.E0));
#12200=DIRECTION('',(0.E0,1.E0,0.E0));
#12201=AXIS2_PLACEMENT_3D('',#12198,#12199,#12200);
#12202=CYLINDRICAL_SURFACE('',#12201,3.E-1);
#12203=ORIENTED_EDGE('',*,*,#11673,.F.);
#12205=ORIENTED_EDGE('',*,*,#12204,.T.);
#12206=ORIENTED_EDGE('',*,*,#12179,.F.);
#12207=ORIENTED_EDGE('',*,*,#11622,.T.);
#12208=EDGE_LOOP('',(#12203,#12205,#12206,#12207));
#12209=FACE_OUTER_BOUND('',#12208,.F.);
#12210=ADVANCED_FACE('',(#12209),#12202,.T.);
#12211=CARTESIAN_POINT('',(-2.481E1,-1.190965817110E1,2.385556998094E1));
#12212=DIRECTION('',(0.E0,0.E0,1.E0));
#12213=DIRECTION('',(-1.E0,0.E0,0.E0));
#12214=AXIS2_PLACEMENT_3D('',#12211,#12212,#12213);
#12215=SPHERICAL_SURFACE('',#12214,3.E-1);
#12217=ORIENTED_EDGE('',*,*,#12216,.F.);
#12218=ORIENTED_EDGE('',*,*,#12204,.F.);
#12219=ORIENTED_EDGE('',*,*,#11694,.F.);
#12220=EDGE_LOOP('',(#12217,#12218,#12219));
#12221=FACE_OUTER_BOUND('',#12220,.F.);
#12222=ADVANCED_FACE('',(#12221),#12215,.T.);
#12223=CARTESIAN_POINT('',(-2.481E1,5.130683657799E0,2.385556998094E1));
#12224=DIRECTION('',(0.E0,-1.E0,0.E0));
#12225=DIRECTION('',(-1.E0,0.E0,0.E0));
#12226=AXIS2_PLACEMENT_3D('',#12223,#12224,#12225);
#12227=CYLINDRICAL_SURFACE('',#12226,3.E-1);
#12228=ORIENTED_EDGE('',*,*,#11748,.T.);
#12229=ORIENTED_EDGE('',*,*,#12181,.F.);
#12230=ORIENTED_EDGE('',*,*,#12216,.T.);
#12232=ORIENTED_EDGE('',*,*,#12231,.F.);
#12233=EDGE_LOOP('',(#12228,#12229,#12230,#12232));
#12234=FACE_OUTER_BOUND('',#12233,.F.);
#12235=ADVANCED_FACE('',(#12234),#12227,.T.);
#12236=CARTESIAN_POINT('',(-2.511E1,-1.018465817110E1,1.815556998094E1));
#12237=DIRECTION('',(-1.E0,0.E0,0.E0));
#12238=DIRECTION('',(0.E0,-1.E0,0.E0));
#12239=AXIS2_PLACEMENT_3D('',#12236,#12237,#12238);
#12240=PLANE('',#12239);
#12241=ORIENTED_EDGE('',*,*,#11750,.F.);
#12242=ORIENTED_EDGE('',*,*,#12231,.T.);
#12243=ORIENTED_EDGE('',*,*,#11692,.T.);
#12244=ORIENTED_EDGE('',*,*,#11719,.T.);
#12245=EDGE_LOOP('',(#12241,#12242,#12243,#12244));
#12246=FACE_OUTER_BOUND('',#12245,.F.);
#12247=ADVANCED_FACE('',(#12246),#12240,.T.);
#12248=CARTESIAN_POINT('',(-1.201E1,-1.190965817110E1,1.245556998094E1));
#12249=DIRECTION('',(0.E0,-1.E0,0.E0));
#12250=DIRECTION('',(-1.E0,0.E0,0.E0));
#12251=AXIS2_PLACEMENT_3D('',#12248,#12249,#12250);
#12252=SPHERICAL_SURFACE('',#12251,3.E-1);
#12254=ORIENTED_EDGE('',*,*,#12253,.F.);
#12255=ORIENTED_EDGE('',*,*,#12136,.F.);
#12256=ORIENTED_EDGE('',*,*,#11799,.F.);
#12257=EDGE_LOOP('',(#12254,#12255,#12256));
#12258=FACE_OUTER_BOUND('',#12257,.F.);
#12259=ADVANCED_FACE('',(#12258),#12252,.T.);
#12260=CARTESIAN_POINT('',(-2.659999934456E0,-1.190965817110E1,
1.245556998094E1));
#12261=DIRECTION('',(-1.E0,0.E0,0.E0));
#12262=DIRECTION('',(0.E0,1.E0,0.E0));
#12263=AXIS2_PLACEMENT_3D('',#12260,#12261,#12262);
#12264=CYLINDRICAL_SURFACE('',#12263,3.E-1);
#12265=ORIENTED_EDGE('',*,*,#12253,.T.);
#12266=ORIENTED_EDGE('',*,*,#11814,.F.);
#12267=ORIENTED_EDGE('',*,*,#12075,.T.);
#12268=ORIENTED_EDGE('',*,*,#12117,.F.);
#12269=EDGE_LOOP('',(#12265,#12266,#12267,#12268));
#12270=FACE_OUTER_BOUND('',#12269,.F.);
#12271=ADVANCED_FACE('',(#12270),#12264,.T.);
#12272=CARTESIAN_POINT('',(-8.726040761132E0,-7.659658171101E0,
-3.336430019060E0));
#12273=DIRECTION('',(-1.E0,0.E0,7.570155194792E-14));
#12274=DIRECTION('',(-7.570155194792E-14,0.E0,-1.E0));
#12275=AXIS2_PLACEMENT_3D('',#12272,#12273,#12274);
#12276=CYLINDRICAL_SURFACE('',#12275,3.E-1);
#12278=ORIENTED_EDGE('',*,*,#12277,.T.);
#12280=ORIENTED_EDGE('',*,*,#12279,.T.);
#12281=ORIENTED_EDGE('',*,*,#11732,.F.);
#12283=ORIENTED_EDGE('',*,*,#12282,.F.);
#12284=EDGE_LOOP('',(#12278,#12280,#12281,#12283));
#12285=FACE_OUTER_BOUND('',#12284,.F.);
#12286=ADVANCED_FACE('',(#12285),#12276,.T.);
#12287=CARTESIAN_POINT('',(-1.840999993446E1,-2.509658171101E0,
-3.636430019059E0));
#12288=DIRECTION('',(7.569153165142E-14,0.E0,1.E0));
#12289=DIRECTION('',(0.E0,-1.E0,0.E0));
#12290=AXIS2_PLACEMENT_3D('',#12287,#12288,#12289);
#12291=PLANE('',#12290);
#12293=ORIENTED_EDGE('',*,*,#12292,.T.);
#12295=ORIENTED_EDGE('',*,*,#12294,.F.);
#12296=ORIENTED_EDGE('',*,*,#6777,.T.);
#12298=ORIENTED_EDGE('',*,*,#12297,.F.);
#12300=ORIENTED_EDGE('',*,*,#12299,.F.);
#12301=ORIENTED_EDGE('',*,*,#12277,.F.);
#12303=ORIENTED_EDGE('',*,*,#12302,.F.);
#12305=ORIENTED_EDGE('',*,*,#12304,.F.);
#12306=ORIENTED_EDGE('',*,*,#6899,.T.);
#12308=ORIENTED_EDGE('',*,*,#12307,.F.);
#12310=ORIENTED_EDGE('',*,*,#12309,.T.);
#12312=ORIENTED_EDGE('',*,*,#12311,.T.);
#12314=ORIENTED_EDGE('',*,*,#12313,.T.);
#12316=ORIENTED_EDGE('',*,*,#12315,.T.);
#12317=EDGE_LOOP('',(#12293,#12295,#12296,#12298,#12300,#12301,#12303,#12305,
#12306,#12308,#12310,#12312,#12314,#12316));
#12318=FACE_OUTER_BOUND('',#12317,.F.);
#12319=ADVANCED_FACE('',(#12318),#12291,.F.);
#12320=CARTESIAN_POINT('',(-3.162193933281E1,-1.223552847367E0,
-3.336430019058E0));
#12321=DIRECTION('',(0.E0,1.E0,0.E0));
#12322=DIRECTION('',(1.E0,0.E0,0.E0));
#12323=AXIS2_PLACEMENT_3D('',#12320,#12321,#12322);
#12324=CYLINDRICAL_SURFACE('',#12323,3.E-1);
#12326=ORIENTED_EDGE('',*,*,#12325,.T.);
#12327=ORIENTED_EDGE('',*,*,#12292,.F.);
#12329=ORIENTED_EDGE('',*,*,#12328,.F.);
#12331=ORIENTED_EDGE('',*,*,#12330,.T.);
#12332=EDGE_LOOP('',(#12326,#12327,#12329,#12331));
#12333=FACE_OUTER_BOUND('',#12332,.F.);
#12334=ADVANCED_FACE('',(#12333),#12324,.T.);
#12335=CARTESIAN_POINT('',(-3.172193933281E1,2.140341828899E0,
-4.362843419869E-12));
#12336=DIRECTION('',(0.E0,0.E0,1.E0));
#12337=DIRECTION('',(-1.E0,0.E0,0.E0));
#12338=AXIS2_PLACEMENT_3D('',#12335,#12336,#12337);
#12339=CYLINDRICAL_SURFACE('',#12338,4.E-1);
#12340=ORIENTED_EDGE('',*,*,#12325,.F.);
#12342=ORIENTED_EDGE('',*,*,#12341,.F.);
#12344=ORIENTED_EDGE('',*,*,#12343,.T.);
#12346=ORIENTED_EDGE('',*,*,#12345,.T.);
#12347=ORIENTED_EDGE('',*,*,#6779,.F.);
#12348=ORIENTED_EDGE('',*,*,#12294,.T.);
#12349=EDGE_LOOP('',(#12340,#12342,#12344,#12346,#12347,#12348));
#12350=FACE_OUTER_BOUND('',#12349,.F.);
#12351=ADVANCED_FACE('',(#12350),#12339,.T.);
#12352=CARTESIAN_POINT('',(-3.132193933281E1,5.093721297226E-1,
-2.736430019061E0));
#12353=DIRECTION('',(-1.E0,0.E0,0.E0));
#12354=DIRECTION('',(0.E0,0.E0,1.E0));
#12355=AXIS2_PLACEMENT_3D('',#12352,#12353,#12354);
#12356=PLANE('',#12355);
#12357=ORIENTED_EDGE('',*,*,#12330,.F.);
#12359=ORIENTED_EDGE('',*,*,#12358,.T.);
#12361=ORIENTED_EDGE('',*,*,#12360,.T.);
#12362=ORIENTED_EDGE('',*,*,#12341,.T.);
#12363=EDGE_LOOP('',(#12357,#12359,#12361,#12362));
#12364=FACE_OUTER_BOUND('',#12363,.F.);
#12365=ADVANCED_FACE('',(#12364),#12356,.F.);
#12366=CARTESIAN_POINT('',(-2.702193933281E1,-1.121597569454E0,
-2.736430019061E0));
#12367=DIRECTION('',(-2.072416312639E-14,0.E0,-1.E0));
#12368=DIRECTION('',(-1.E0,0.E0,2.072416312639E-14));
#12369=AXIS2_PLACEMENT_3D('',#12366,#12367,#12368);
#12370=CYLINDRICAL_SURFACE('',#12369,4.3E0);
#12372=ORIENTED_EDGE('',*,*,#12371,.F.);
#12374=ORIENTED_EDGE('',*,*,#12373,.F.);
#12376=ORIENTED_EDGE('',*,*,#12375,.T.);
#12377=ORIENTED_EDGE('',*,*,#12358,.F.);
#12378=EDGE_LOOP('',(#12372,#12374,#12376,#12377));
#12379=FACE_OUTER_BOUND('',#12378,.F.);
#12380=ADVANCED_FACE('',(#12379),#12370,.F.);
#12381=CARTESIAN_POINT('',(-2.702193933281E1,-1.121597569454E0,
-3.336430019058E0));
#12382=DIRECTION('',(-2.072416312639E-14,0.E0,-1.E0));
#12383=DIRECTION('',(2.533970730889E-2,-9.996788980635E-1,0.E0));
#12384=AXIS2_PLACEMENT_3D('',#12381,#12382,#12383);
#12385=TOROIDAL_SURFACE('',#12384,4.6E0,3.E-1);
#12386=ORIENTED_EDGE('',*,*,#12371,.T.);
#12387=ORIENTED_EDGE('',*,*,#12328,.T.);
#12388=ORIENTED_EDGE('',*,*,#12315,.F.);
#12390=ORIENTED_EDGE('',*,*,#12389,.F.);
#12391=EDGE_LOOP('',(#12386,#12387,#12388,#12390));
#12392=FACE_OUTER_BOUND('',#12391,.F.);
#12393=ADVANCED_FACE('',(#12392),#12385,.T.);
#12394=CARTESIAN_POINT('',(-9.662904970392E0,-5.721597569454E0,
-3.336430019060E0));
#12395=DIRECTION('',(-1.E0,0.E0,7.569791573693E-14));
#12396=DIRECTION('',(0.E0,1.E0,0.E0));
#12397=AXIS2_PLACEMENT_3D('',#12394,#12395,#12396);
#12398=CYLINDRICAL_SURFACE('',#12397,3.E-1);
#12400=ORIENTED_EDGE('',*,*,#12399,.T.);
#12401=ORIENTED_EDGE('',*,*,#12389,.T.);
#12402=ORIENTED_EDGE('',*,*,#12313,.F.);
#12404=ORIENTED_EDGE('',*,*,#12403,.F.);
#12405=EDGE_LOOP('',(#12400,#12401,#12402,#12404));
#12406=FACE_OUTER_BOUND('',#12405,.F.);
#12407=ADVANCED_FACE('',(#12406),#12398,.T.);
#12408=CARTESIAN_POINT('',(-1.839690863576E1,-5.421597569454E0,
-2.736430019061E0));
#12409=DIRECTION('',(0.E0,-1.E0,0.E0));
#12410=DIRECTION('',(-1.E0,0.E0,0.E0));
#12411=AXIS2_PLACEMENT_3D('',#12408,#12409,#12410);
#12412=PLANE('',#12411);
#12413=ORIENTED_EDGE('',*,*,#12399,.F.);
#12415=ORIENTED_EDGE('',*,*,#12414,.T.);
#12417=ORIENTED_EDGE('',*,*,#12416,.T.);
#12418=ORIENTED_EDGE('',*,*,#12373,.T.);
#12419=EDGE_LOOP('',(#12413,#12415,#12417,#12418));
#12420=FACE_OUTER_BOUND('',#12419,.F.);
#12421=ADVANCED_FACE('',(#12420),#12412,.F.);
#12422=CARTESIAN_POINT('',(-9.771877938715E0,-1.121597569454E0,
-2.736430019060E0));
#12423=DIRECTION('',(0.E0,0.E0,1.E0));
#12424=DIRECTION('',(1.E0,0.E0,0.E0));
#12425=AXIS2_PLACEMENT_3D('',#12422,#12423,#12424);
#12426=CYLINDRICAL_SURFACE('',#12425,4.3E0);
#12428=ORIENTED_EDGE('',*,*,#12427,.F.);
#12430=ORIENTED_EDGE('',*,*,#12429,.F.);
#12432=ORIENTED_EDGE('',*,*,#12431,.T.);
#12433=ORIENTED_EDGE('',*,*,#12414,.F.);
#12434=EDGE_LOOP('',(#12428,#12430,#12432,#12433));
#12435=FACE_OUTER_BOUND('',#12434,.F.);
#12436=ADVANCED_FACE('',(#12435),#12426,.F.);
#12437=CARTESIAN_POINT('',(-9.771877938715E0,-1.121597569454E0,
-3.336430019060E0));
#12438=DIRECTION('',(0.E0,0.E0,1.E0));
#12439=DIRECTION('',(9.997298147439E-1,2.324430063899E-2,0.E0));
#12440=AXIS2_PLACEMENT_3D('',#12437,#12438,#12439);
#12441=TOROIDAL_SURFACE('',#12440,4.6E0,3.E-1);
#12442=ORIENTED_EDGE('',*,*,#12427,.T.);
#12443=ORIENTED_EDGE('',*,*,#12403,.T.);
#12444=ORIENTED_EDGE('',*,*,#12311,.F.);
#12446=ORIENTED_EDGE('',*,*,#12445,.F.);
#12447=EDGE_LOOP('',(#12442,#12443,#12444,#12446));
#12448=FACE_OUTER_BOUND('',#12447,.F.);
#12449=ADVANCED_FACE('',(#12448),#12441,.T.);
#12450=CARTESIAN_POINT('',(-5.171877938715E0,5.386019891901E1,
-3.336430019060E0));
#12451=DIRECTION('',(0.E0,-1.E0,0.E0));
#12452=DIRECTION('',(-1.E0,0.E0,0.E0));
#12453=AXIS2_PLACEMENT_3D('',#12450,#12451,#12452);
#12454=CYLINDRICAL_SURFACE('',#12453,3.E-1);
#12456=ORIENTED_EDGE('',*,*,#12455,.T.);
#12458=ORIENTED_EDGE('',*,*,#12457,.T.);
#12459=ORIENTED_EDGE('',*,*,#12445,.T.);
#12460=ORIENTED_EDGE('',*,*,#12309,.F.);
#12461=EDGE_LOOP('',(#12456,#12458,#12459,#12460));
#12462=FACE_OUTER_BOUND('',#12461,.F.);
#12463=ADVANCED_FACE('',(#12462),#12454,.T.);
#12464=CARTESIAN_POINT('',(-5.071877938715E0,2.140341828899E0,
-4.362843419869E-12));
#12465=DIRECTION('',(0.E0,0.E0,1.E0));
#12466=DIRECTION('',(-1.E0,0.E0,0.E0));
#12467=AXIS2_PLACEMENT_3D('',#12464,#12465,#12466);
#12468=CYLINDRICAL_SURFACE('',#12467,4.E-1);
#12469=ORIENTED_EDGE('',*,*,#12455,.F.);
#12470=ORIENTED_EDGE('',*,*,#12307,.T.);
#12471=ORIENTED_EDGE('',*,*,#6897,.F.);
#12473=ORIENTED_EDGE('',*,*,#12472,.T.);
#12475=ORIENTED_EDGE('',*,*,#12474,.T.);
#12477=ORIENTED_EDGE('',*,*,#12476,.F.);
#12478=EDGE_LOOP('',(#12469,#12470,#12471,#12473,#12475,#12477));
#12479=FACE_OUTER_BOUND('',#12478,.F.);
#12480=ADVANCED_FACE('',(#12479),#12468,.T.);
#12481=CARTESIAN_POINT('',(-1.840999993446E1,-1.859658171101E0,
-2.136430019063E0));
#12482=DIRECTION('',(0.E0,0.E0,1.E0));
#12483=DIRECTION('',(0.E0,-1.E0,0.E0));
#12484=AXIS2_PLACEMENT_3D('',#12481,#12482,#12483);
#12485=PLANE('',#12484);
#12487=ORIENTED_EDGE('',*,*,#12486,.F.);
#12489=ORIENTED_EDGE('',*,*,#12488,.T.);
#12490=ORIENTED_EDGE('',*,*,#6781,.F.);
#12491=ORIENTED_EDGE('',*,*,#12345,.F.);
#12493=ORIENTED_EDGE('',*,*,#12492,.T.);
#12495=ORIENTED_EDGE('',*,*,#12494,.F.);
#12497=ORIENTED_EDGE('',*,*,#12496,.T.);
#12499=ORIENTED_EDGE('',*,*,#12498,.F.);
#12501=ORIENTED_EDGE('',*,*,#12500,.T.);
#12502=ORIENTED_EDGE('',*,*,#12472,.F.);
#12503=ORIENTED_EDGE('',*,*,#6895,.F.);
#12505=ORIENTED_EDGE('',*,*,#12504,.T.);
#12507=ORIENTED_EDGE('',*,*,#12506,.F.);
#12509=ORIENTED_EDGE('',*,*,#12508,.T.);
#12510=EDGE_LOOP('',(#12487,#12489,#12490,#12491,#12493,#12495,#12497,#12499,
#12501,#12502,#12503,#12505,#12507,#12509));
#12511=FACE_OUTER_BOUND('',#12510,.F.);
#12512=ADVANCED_FACE('',(#12511),#12485,.T.);
#12513=CARTESIAN_POINT('',(-2.798999993446E1,-2.459658171101E0,
-1.936430019063E0));
#12514=DIRECTION('',(0.E0,0.E0,1.E0));
#12515=DIRECTION('',(-1.E0,0.E0,0.E0));
#12516=AXIS2_PLACEMENT_3D('',#12513,#12514,#12515);
#12517=TOROIDAL_SURFACE('',#12516,3.8E0,2.E-1);
#12518=ORIENTED_EDGE('',*,*,#12486,.T.);
#12520=ORIENTED_EDGE('',*,*,#12519,.F.);
#12522=ORIENTED_EDGE('',*,*,#12521,.F.);
#12524=ORIENTED_EDGE('',*,*,#12523,.F.);
#12525=EDGE_LOOP('',(#12518,#12520,#12522,#12524));
#12526=FACE_OUTER_BOUND('',#12525,.F.);
#12527=ADVANCED_FACE('',(#12526),#12517,.F.);
#12528=CARTESIAN_POINT('',(-2.659999934456E0,-6.259658171101E0,
-1.936430019063E0));
#12529=DIRECTION('',(-1.E0,0.E0,0.E0));
#12530=DIRECTION('',(0.E0,0.E0,-1.E0));
#12531=AXIS2_PLACEMENT_3D('',#12528,#12529,#12530);
#12532=CYLINDRICAL_SURFACE('',#12531,2.E-1);
#12534=ORIENTED_EDGE('',*,*,#12533,.F.);
#12535=ORIENTED_EDGE('',*,*,#12519,.T.);
#12536=ORIENTED_EDGE('',*,*,#12508,.F.);
#12538=ORIENTED_EDGE('',*,*,#12537,.T.);
#12539=EDGE_LOOP('',(#12534,#12535,#12536,#12538));
#12540=FACE_OUTER_BOUND('',#12539,.F.);
#12541=ADVANCED_FACE('',(#12540),#12532,.F.);
#12542=CARTESIAN_POINT('',(-1.840999993446E1,-6.459658171101E0,
3.885699809375E-1));
#12543=DIRECTION('',(0.E0,-1.E0,0.E0));
#12544=DIRECTION('',(-1.E0,0.E0,0.E0));
#12545=AXIS2_PLACEMENT_3D('',#12542,#12543,#12544);
#12546=PLANE('',#12545);
#12547=ORIENTED_EDGE('',*,*,#12533,.T.);
#12549=ORIENTED_EDGE('',*,*,#12548,.T.);
#12551=ORIENTED_EDGE('',*,*,#12550,.T.);
#12553=ORIENTED_EDGE('',*,*,#12552,.T.);
#12554=EDGE_LOOP('',(#12547,#12549,#12551,#12553));
#12555=FACE_OUTER_BOUND('',#12554,.F.);
#12556=ADVANCED_FACE('',(#12555),#12546,.F.);
#12557=CARTESIAN_POINT('',(-8.829999934456E0,-2.459658171100E0,
9.205569980938E0));
#12558=DIRECTION('',(0.E0,0.E0,-1.E0));
#12559=DIRECTION('',(0.E0,-1.E0,0.E0));
#12560=AXIS2_PLACEMENT_3D('',#12557,#12558,#12559);
#12561=CYLINDRICAL_SURFACE('',#12560,4.E0);
#12563=ORIENTED_EDGE('',*,*,#12562,.F.);
#12565=ORIENTED_EDGE('',*,*,#12564,.T.);
#12567=ORIENTED_EDGE('',*,*,#12566,.F.);
#12569=ORIENTED_EDGE('',*,*,#12568,.T.);
#12571=ORIENTED_EDGE('',*,*,#12570,.F.);
#12573=ORIENTED_EDGE('',*,*,#12572,.T.);
#12575=ORIENTED_EDGE('',*,*,#12574,.F.);
#12577=ORIENTED_EDGE('',*,*,#12576,.T.);
#12579=ORIENTED_EDGE('',*,*,#12578,.F.);
#12581=ORIENTED_EDGE('',*,*,#12580,.T.);
#12583=ORIENTED_EDGE('',*,*,#12582,.F.);
#12585=ORIENTED_EDGE('',*,*,#12584,.T.);
#12587=ORIENTED_EDGE('',*,*,#12586,.F.);
#12589=ORIENTED_EDGE('',*,*,#12588,.T.);
#12590=ORIENTED_EDGE('',*,*,#12548,.F.);
#12592=ORIENTED_EDGE('',*,*,#12591,.T.);
#12593=EDGE_LOOP('',(#12563,#12565,#12567,#12569,#12571,#12573,#12575,#12577,
#12579,#12581,#12583,#12585,#12587,#12589,#12590,#12592));
#12594=FACE_OUTER_BOUND('',#12593,.F.);
#12595=ADVANCED_FACE('',(#12594),#12561,.F.);
#12596=CARTESIAN_POINT('',(-4.829999934456E0,4.034182889948E-2,
1.888569980937E0));
#12597=DIRECTION('',(-1.E0,0.E0,0.E0));
#12598=DIRECTION('',(0.E0,0.E0,-1.E0));
#12599=AXIS2_PLACEMENT_3D('',#12596,#12597,#12598);
#12600=PLANE('',#12599);
#12602=ORIENTED_EDGE('',*,*,#12601,.T.);
#12603=ORIENTED_EDGE('',*,*,#6891,.F.);
#12605=ORIENTED_EDGE('',*,*,#12604,.T.);
#12606=ORIENTED_EDGE('',*,*,#12562,.T.);
#12607=EDGE_LOOP('',(#12602,#12603,#12605,#12606));
#12608=FACE_OUTER_BOUND('',#12607,.F.);
#12609=ADVANCED_FACE('',(#12608),#12600,.T.);
#12610=CARTESIAN_POINT('',(-5.029999934456E0,5.130683657799E0,
-1.936430019063E0));
#12611=DIRECTION('',(0.E0,1.E0,0.E0));
#12612=DIRECTION('',(1.E0,0.E0,0.E0));
#12613=AXIS2_PLACEMENT_3D('',#12610,#12611,#12612);
#12614=CYLINDRICAL_SURFACE('',#12613,2.E-1);
#12615=ORIENTED_EDGE('',*,*,#12601,.F.);
#12617=ORIENTED_EDGE('',*,*,#12616,.T.);
#12618=ORIENTED_EDGE('',*,*,#12504,.F.);
#12619=ORIENTED_EDGE('',*,*,#6893,.T.);
#12620=EDGE_LOOP('',(#12615,#12617,#12618,#12619));
#12621=FACE_OUTER_BOUND('',#12620,.F.);
#12622=ADVANCED_FACE('',(#12621),#12614,.F.);
#12623=CARTESIAN_POINT('',(-8.829999934456E0,-2.459658171100E0,
-1.936430019063E0));
#12624=DIRECTION('',(0.E0,0.E0,-1.E0));
#12625=DIRECTION('',(0.E0,1.E0,0.E0));
#12626=AXIS2_PLACEMENT_3D('',#12623,#12624,#12625);
#12627=TOROIDAL_SURFACE('',#12626,3.8E0,2.E-1);
#12628=ORIENTED_EDGE('',*,*,#12591,.F.);
#12629=ORIENTED_EDGE('',*,*,#12537,.F.);
#12630=ORIENTED_EDGE('',*,*,#12506,.T.);
#12631=ORIENTED_EDGE('',*,*,#12616,.F.);
#12632=EDGE_LOOP('',(#12628,#12629,#12630,#12631));
#12633=FACE_OUTER_BOUND('',#12632,.F.);
#12634=ADVANCED_FACE('',(#12633),#12627,.F.);
#12635=CARTESIAN_POINT('',(-1.840999993446E1,-2.934658171101E0,
1.225556998094E1));
#12636=DIRECTION('',(0.E0,0.E0,1.E0));
#12637=DIRECTION('',(-1.E0,0.E0,0.E0));
#12638=AXIS2_PLACEMENT_3D('',#12635,#12636,#12637);
#12639=PLANE('',#12638);
#12641=ORIENTED_EDGE('',*,*,#12640,.T.);
#12643=ORIENTED_EDGE('',*,*,#12642,.T.);
#12645=ORIENTED_EDGE('',*,*,#12644,.T.);
#12646=ORIENTED_EDGE('',*,*,#12564,.F.);
#12647=ORIENTED_EDGE('',*,*,#12604,.F.);
#12648=ORIENTED_EDGE('',*,*,#6889,.T.);
#12650=ORIENTED_EDGE('',*,*,#12649,.T.);
#12652=ORIENTED_EDGE('',*,*,#12651,.F.);
#12654=ORIENTED_EDGE('',*,*,#12653,.T.);
#12656=ORIENTED_EDGE('',*,*,#12655,.F.);
#12658=ORIENTED_EDGE('',*,*,#12657,.T.);
#12659=ORIENTED_EDGE('',*,*,#6787,.T.);
#12661=ORIENTED_EDGE('',*,*,#12660,.T.);
#12663=ORIENTED_EDGE('',*,*,#12662,.F.);
#12665=ORIENTED_EDGE('',*,*,#12664,.F.);
#12667=ORIENTED_EDGE('',*,*,#12666,.T.);
#12668=EDGE_LOOP('',(#12641,#12643,#12645,#12646,#12647,#12648,#12650,#12652,
#12654,#12656,#12658,#12659,#12661,#12663,#12665,#12667));
#12669=FACE_OUTER_BOUND('',#12668,.F.);
#12670=ADVANCED_FACE('',(#12669),#12639,.F.);
#12671=CARTESIAN_POINT('',(-2.659999934456E0,-8.409658171100E0,
1.175556998094E1));
#12672=DIRECTION('',(1.E0,0.E0,0.E0));
#12673=DIRECTION('',(0.E0,-1.E0,0.E0));
#12674=AXIS2_PLACEMENT_3D('',#12671,#12672,#12673);
#12675=CYLINDRICAL_SURFACE('',#12674,5.E-1);
#12677=ORIENTED_EDGE('',*,*,#12676,.T.);
#12679=ORIENTED_EDGE('',*,*,#12678,.F.);
#12681=ORIENTED_EDGE('',*,*,#12680,.T.);
#12682=ORIENTED_EDGE('',*,*,#12640,.F.);
#12683=EDGE_LOOP('',(#12677,#12679,#12681,#12682));
#12684=FACE_OUTER_BOUND('',#12683,.F.);
#12685=ADVANCED_FACE('',(#12684),#12675,.F.);
#12686=CARTESIAN_POINT('',(-1.866000009263E1,-8.409658171100E0,
1.175556998094E1));
#12687=DIRECTION('',(0.E0,0.E0,1.E0));
#12688=DIRECTION('',(-1.E0,0.E0,0.E0));
#12689=AXIS2_PLACEMENT_3D('',#12686,#12687,#12688);
#12690=SPHERICAL_SURFACE('',#12689,5.E-1);
#12691=ORIENTED_EDGE('',*,*,#12676,.F.);
#12693=ORIENTED_EDGE('',*,*,#12692,.F.);
#12695=ORIENTED_EDGE('',*,*,#12694,.F.);
#12696=EDGE_LOOP('',(#12691,#12693,#12695));
#12697=FACE_OUTER_BOUND('',#12696,.F.);
#12698=ADVANCED_FACE('',(#12697),#12690,.F.);
#12699=CARTESIAN_POINT('',(-1.866000009263E1,5.130683657799E0,
1.175556998094E1));
#12700=DIRECTION('',(0.E0,1.E0,0.E0));
#12701=DIRECTION('',(0.E0,0.E0,1.E0));
#12702=AXIS2_PLACEMENT_3D('',#12699,#12700,#12701);
#12703=CYLINDRICAL_SURFACE('',#12702,5.E-1);
#12705=ORIENTED_EDGE('',*,*,#12704,.F.);
#12706=ORIENTED_EDGE('',*,*,#12692,.T.);
#12707=ORIENTED_EDGE('',*,*,#12666,.F.);
#12709=ORIENTED_EDGE('',*,*,#12708,.T.);
#12710=EDGE_LOOP('',(#12705,#12706,#12707,#12709));
#12711=FACE_OUTER_BOUND('',#12710,.F.);
#12712=ADVANCED_FACE('',(#12711),#12703,.F.);
#12713=CARTESIAN_POINT('',(-1.916000009263E1,-6.959658171101E0,
9.605569980937E0));
#12714=DIRECTION('',(-1.E0,0.E0,0.E0));
#12715=DIRECTION('',(0.E0,-1.E0,0.E0));
#12716=AXIS2_PLACEMENT_3D('',#12713,#12714,#12715);
#12717=PLANE('',#12716);
#12719=ORIENTED_EDGE('',*,*,#12718,.T.);
#12720=ORIENTED_EDGE('',*,*,#12704,.T.);
#12722=ORIENTED_EDGE('',*,*,#12721,.F.);
#12724=ORIENTED_EDGE('',*,*,#12723,.F.);
#12726=ORIENTED_EDGE('',*,*,#12725,.F.);
#12728=ORIENTED_EDGE('',*,*,#12727,.F.);
#12730=ORIENTED_EDGE('',*,*,#12729,.F.);
#12732=ORIENTED_EDGE('',*,*,#12731,.F.);
#12734=ORIENTED_EDGE('',*,*,#12733,.F.);
#12736=ORIENTED_EDGE('',*,*,#12735,.T.);
#12737=EDGE_LOOP('',(#12719,#12720,#12722,#12724,#12726,#12728,#12730,#12732,
#12734,#12736));
#12738=FACE_OUTER_BOUND('',#12737,.F.);
#12739=ADVANCED_FACE('',(#12738),#12717,.F.);
#12740=CARTESIAN_POINT('',(-1.866000009263E1,-8.409658171101E0,
-4.362843419869E-12));
#12741=DIRECTION('',(0.E0,0.E0,1.E0));
#12742=DIRECTION('',(0.E0,-1.E0,0.E0));
#12743=AXIS2_PLACEMENT_3D('',#12740,#12741,#12742);
#12744=CYLINDRICAL_SURFACE('',#12743,5.E-1);
#12745=ORIENTED_EDGE('',*,*,#12718,.F.);
#12747=ORIENTED_EDGE('',*,*,#12746,.T.);
#12749=ORIENTED_EDGE('',*,*,#12748,.F.);
#12750=ORIENTED_EDGE('',*,*,#12694,.T.);
#12751=EDGE_LOOP('',(#12745,#12747,#12749,#12750));
#12752=FACE_OUTER_BOUND('',#12751,.F.);
#12753=ADVANCED_FACE('',(#12752),#12744,.F.);
#12754=CARTESIAN_POINT('',(-1.866000009263E1,-8.409658171100E0,
7.455569980937E0));
#12755=DIRECTION('',(0.E0,0.E0,-1.E0));
#12756=DIRECTION('',(0.E0,1.E0,0.E0));
#12757=AXIS2_PLACEMENT_3D('',#12754,#12755,#12756);
#12758=SPHERICAL_SURFACE('',#12757,5.E-1);
#12760=ORIENTED_EDGE('',*,*,#12759,.F.);
#12762=ORIENTED_EDGE('',*,*,#12761,.F.);
#12763=ORIENTED_EDGE('',*,*,#12746,.F.);
#12764=EDGE_LOOP('',(#12760,#12762,#12763));
#12765=FACE_OUTER_BOUND('',#12764,.F.);
#12766=ADVANCED_FACE('',(#12765),#12758,.F.);
#12767=CARTESIAN_POINT('',(-1.866000009263E1,5.130683657799E0,
7.455569980937E0));
#12768=DIRECTION('',(0.E0,-1.E0,0.E0));
#12769=DIRECTION('',(0.E0,0.E0,-1.E0));
#12770=AXIS2_PLACEMENT_3D('',#12767,#12768,#12769);
#12771=CYLINDRICAL_SURFACE('',#12770,5.E-1);
#12772=ORIENTED_EDGE('',*,*,#12759,.T.);
#12773=ORIENTED_EDGE('',*,*,#12735,.F.);
#12775=ORIENTED_EDGE('',*,*,#12774,.T.);
#12777=ORIENTED_EDGE('',*,*,#12776,.F.);
#12778=EDGE_LOOP('',(#12772,#12773,#12775,#12777));
#12779=FACE_OUTER_BOUND('',#12778,.F.);
#12780=ADVANCED_FACE('',(#12779),#12771,.F.);
#12781=CARTESIAN_POINT('',(-1.840999993446E1,-6.459658171101E0,
7.005569980937E0));
#12782=DIRECTION('',(0.E0,-1.E0,0.E0));
#12783=DIRECTION('',(-1.E0,0.E0,0.E0));
#12784=AXIS2_PLACEMENT_3D('',#12781,#12782,#12783);
#12785=PLANE('',#12784);
#12787=ORIENTED_EDGE('',*,*,#12786,.T.);
#12788=ORIENTED_EDGE('',*,*,#12774,.F.);
#12789=ORIENTED_EDGE('',*,*,#12733,.T.);
#12791=ORIENTED_EDGE('',*,*,#12790,.F.);
#12793=ORIENTED_EDGE('',*,*,#12792,.T.);
#12795=ORIENTED_EDGE('',*,*,#12794,.F.);
#12796=ORIENTED_EDGE('',*,*,#12578,.T.);
#12798=ORIENTED_EDGE('',*,*,#12797,.T.);
#12800=ORIENTED_EDGE('',*,*,#12799,.T.);
#12802=ORIENTED_EDGE('',*,*,#12801,.F.);
#12803=EDGE_LOOP('',(#12787,#12788,#12789,#12791,#12793,#12795,#12796,#12798,
#12800,#12802));
#12804=FACE_OUTER_BOUND('',#12803,.F.);
#12805=ADVANCED_FACE('',(#12804),#12785,.F.);
#12806=CARTESIAN_POINT('',(-1.841000004632E1,-7.434658171101E0,
6.955569980937E0));
#12807=DIRECTION('',(0.E0,0.E0,1.E0));
#12808=DIRECTION('',(-1.E0,0.E0,0.E0));
#12809=AXIS2_PLACEMENT_3D('',#12806,#12807,#12808);
#12810=PLANE('',#12809);
#12811=ORIENTED_EDGE('',*,*,#12776,.T.);
#12812=ORIENTED_EDGE('',*,*,#12786,.F.);
#12814=ORIENTED_EDGE('',*,*,#12813,.T.);
#12816=ORIENTED_EDGE('',*,*,#12815,.T.);
#12817=EDGE_LOOP('',(#12811,#12812,#12814,#12816));
#12818=FACE_OUTER_BOUND('',#12817,.F.);
#12819=ADVANCED_FACE('',(#12818),#12810,.T.);
#12820=CARTESIAN_POINT('',(-1.816E1,5.130683657799E0,7.455569980937E0));
#12821=DIRECTION('',(0.E0,1.E0,0.E0));
#12822=DIRECTION('',(0.E0,0.E0,1.E0));
#12823=AXIS2_PLACEMENT_3D('',#12820,#12821,#12822);
#12824=CYLINDRICAL_SURFACE('',#12823,5.E-1);
#12826=ORIENTED_EDGE('',*,*,#12825,.T.);
#12827=ORIENTED_EDGE('',*,*,#12813,.F.);
#12828=ORIENTED_EDGE('',*,*,#12801,.T.);
#12830=ORIENTED_EDGE('',*,*,#12829,.F.);
#12831=EDGE_LOOP('',(#12826,#12827,#12828,#12830));
#12832=FACE_OUTER_BOUND('',#12831,.F.);
#12833=ADVANCED_FACE('',(#12832),#12824,.F.);
#12834=CARTESIAN_POINT('',(-1.816E1,-8.409658171100E0,7.455569980937E0));
#12835=DIRECTION('',(1.E0,0.E0,0.E0));
#12836=DIRECTION('',(0.E0,-1.E0,0.E0));
#12837=AXIS2_PLACEMENT_3D('',#12834,#12835,#12836);
#12838=SPHERICAL_SURFACE('',#12837,5.E-1);
#12839=ORIENTED_EDGE('',*,*,#12825,.F.);
#12841=ORIENTED_EDGE('',*,*,#12840,.F.);
#12843=ORIENTED_EDGE('',*,*,#12842,.F.);
#12844=EDGE_LOOP('',(#12839,#12841,#12843));
#12845=FACE_OUTER_BOUND('',#12844,.F.);
#12846=ADVANCED_FACE('',(#12845),#12838,.F.);
#12847=CARTESIAN_POINT('',(-1.816E1,-8.409658171101E0,-4.362843419869E-12));
#12848=DIRECTION('',(0.E0,0.E0,1.E0));
#12849=DIRECTION('',(0.E0,-1.E0,0.E0));
#12850=AXIS2_PLACEMENT_3D('',#12847,#12848,#12849);
#12851=CYLINDRICAL_SURFACE('',#12850,5.E-1);
#12853=ORIENTED_EDGE('',*,*,#12852,.T.);
#12855=ORIENTED_EDGE('',*,*,#12854,.F.);
#12856=ORIENTED_EDGE('',*,*,#12840,.T.);
#12858=ORIENTED_EDGE('',*,*,#12857,.F.);
#12859=EDGE_LOOP('',(#12853,#12855,#12856,#12858));
#12860=FACE_OUTER_BOUND('',#12859,.F.);
#12861=ADVANCED_FACE('',(#12860),#12851,.F.);
#12862=CARTESIAN_POINT('',(-1.816E1,-8.409658171100E0,1.175556998094E1));
#12863=DIRECTION('',(1.E0,0.E0,0.E0));
#12864=DIRECTION('',(0.E0,-1.E0,0.E0));
#12865=AXIS2_PLACEMENT_3D('',#12862,#12863,#12864);
#12866=SPHERICAL_SURFACE('',#12865,5.E-1);
#12867=ORIENTED_EDGE('',*,*,#12852,.F.);
#12869=ORIENTED_EDGE('',*,*,#12868,.F.);
#12870=ORIENTED_EDGE('',*,*,#12680,.F.);
#12871=EDGE_LOOP('',(#12867,#12869,#12870));
#12872=FACE_OUTER_BOUND('',#12871,.F.);
#12873=ADVANCED_FACE('',(#12872),#12866,.F.);
#12874=CARTESIAN_POINT('',(-1.816E1,5.130683657799E0,1.175556998094E1));
#12875=DIRECTION('',(0.E0,1.E0,0.E0));
#12876=DIRECTION('',(0.E0,0.E0,1.E0));
#12877=AXIS2_PLACEMENT_3D('',#12874,#12875,#12876);
#12878=CYLINDRICAL_SURFACE('',#12877,5.E-1);
#12880=ORIENTED_EDGE('',*,*,#12879,.F.);
#12882=ORIENTED_EDGE('',*,*,#12881,.T.);
#12883=ORIENTED_EDGE('',*,*,#12642,.F.);
#12884=ORIENTED_EDGE('',*,*,#12868,.T.);
#12885=EDGE_LOOP('',(#12880,#12882,#12883,#12884));
#12886=FACE_OUTER_BOUND('',#12885,.F.);
#12887=ADVANCED_FACE('',(#12886),#12878,.F.);
#12888=CARTESIAN_POINT('',(-1.766E1,-6.959658171100E0,9.605569980937E0));
#12889=DIRECTION('',(-1.E0,0.E0,0.E0));
#12890=DIRECTION('',(0.E0,-1.E0,0.E0));
#12891=AXIS2_PLACEMENT_3D('',#12888,#12889,#12890);
#12892=PLANE('',#12891);
#12893=ORIENTED_EDGE('',*,*,#12829,.T.);
#12894=ORIENTED_EDGE('',*,*,#12799,.F.);
#12896=ORIENTED_EDGE('',*,*,#12895,.F.);
#12898=ORIENTED_EDGE('',*,*,#12897,.F.);
#12900=ORIENTED_EDGE('',*,*,#12899,.F.);
#12902=ORIENTED_EDGE('',*,*,#12901,.F.);
#12904=ORIENTED_EDGE('',*,*,#12903,.F.);
#12906=ORIENTED_EDGE('',*,*,#12905,.F.);
#12907=ORIENTED_EDGE('',*,*,#12879,.T.);
#12908=ORIENTED_EDGE('',*,*,#12857,.T.);
#12909=EDGE_LOOP('',(#12893,#12894,#12896,#12898,#12900,#12902,#12904,#12906,
#12907,#12908));
#12910=FACE_OUTER_BOUND('',#12909,.F.);
#12911=ADVANCED_FACE('',(#12910),#12892,.T.);
#12912=CARTESIAN_POINT('',(-1.227675413068E1,-6.209658171100E0,
7.855569980937E0));
#12913=DIRECTION('',(0.E0,0.E0,1.E0));
#12914=DIRECTION('',(1.E0,0.E0,0.E0));
#12915=AXIS2_PLACEMENT_3D('',#12912,#12913,#12914);
#12916=PLANE('',#12915);
#12918=ORIENTED_EDGE('',*,*,#12917,.T.);
#12919=ORIENTED_EDGE('',*,*,#12895,.T.);
#12920=ORIENTED_EDGE('',*,*,#12797,.F.);
#12921=ORIENTED_EDGE('',*,*,#12576,.F.);
#12922=EDGE_LOOP('',(#12918,#12919,#12920,#12921));
#12923=FACE_OUTER_BOUND('',#12922,.F.);
#12924=ADVANCED_FACE('',(#12923),#12916,.F.);
#12925=CARTESIAN_POINT('',(-1.227675413068E1,-5.959658171101E0,
8.105569980937E0));
#12926=DIRECTION('',(0.E0,-1.E0,0.E0));
#12927=DIRECTION('',(-1.E0,0.E0,0.E0));
#12928=AXIS2_PLACEMENT_3D('',#12925,#12926,#12927);
#12929=PLANE('',#12928);
#12930=ORIENTED_EDGE('',*,*,#12917,.F.);
#12931=ORIENTED_EDGE('',*,*,#12574,.T.);
#12933=ORIENTED_EDGE('',*,*,#12932,.T.);
#12934=ORIENTED_EDGE('',*,*,#12897,.T.);
#12935=EDGE_LOOP('',(#12930,#12931,#12933,#12934));
#12936=FACE_OUTER_BOUND('',#12935,.F.);
#12937=ADVANCED_FACE('',(#12936),#12929,.F.);
#12938=CARTESIAN_POINT('',(-1.195102353777E1,-5.734658171100E0,
8.355569980937E0));
#12939=DIRECTION('',(0.E0,0.E0,1.E0));
#12940=DIRECTION('',(1.E0,0.E0,0.E0));
#12941=AXIS2_PLACEMENT_3D('',#12938,#12939,#12940);
#12942=PLANE('',#12941);
#12944=ORIENTED_EDGE('',*,*,#12943,.T.);
#12945=ORIENTED_EDGE('',*,*,#12899,.T.);
#12946=ORIENTED_EDGE('',*,*,#12932,.F.);
#12947=ORIENTED_EDGE('',*,*,#12572,.F.);
#12948=EDGE_LOOP('',(#12944,#12945,#12946,#12947));
#12949=FACE_OUTER_BOUND('',#12948,.F.);
#12950=ADVANCED_FACE('',(#12949),#12942,.F.);
#12951=CARTESIAN_POINT('',(-1.195102353777E1,-5.509658171101E0,
9.034569980937E0));
#12952=DIRECTION('',(0.E0,-1.E0,0.E0));
#12953=DIRECTION('',(-1.E0,0.E0,0.E0));
#12954=AXIS2_PLACEMENT_3D('',#12951,#12952,#12953);
#12955=PLANE('',#12954);
#12956=ORIENTED_EDGE('',*,*,#12943,.F.);
#12957=ORIENTED_EDGE('',*,*,#12570,.T.);
#12959=ORIENTED_EDGE('',*,*,#12958,.T.);
#12960=ORIENTED_EDGE('',*,*,#12901,.T.);
#12961=EDGE_LOOP('',(#12956,#12957,#12959,#12960));
#12962=FACE_OUTER_BOUND('',#12961,.F.);
#12963=ADVANCED_FACE('',(#12962),#12955,.F.);
#12964=CARTESIAN_POINT('',(-1.195102353777E1,-5.984658171100E0,
9.713569980937E0));
#12965=DIRECTION('',(0.E0,0.E0,1.E0));
#12966=DIRECTION('',(0.E0,1.E0,0.E0));
#12967=AXIS2_PLACEMENT_3D('',#12964,#12965,#12966);
#12968=PLANE('',#12967);
#12970=ORIENTED_EDGE('',*,*,#12969,.F.);
#12971=ORIENTED_EDGE('',*,*,#12903,.T.);
#12972=ORIENTED_EDGE('',*,*,#12958,.F.);
#12973=ORIENTED_EDGE('',*,*,#12568,.F.);
#12974=EDGE_LOOP('',(#12970,#12971,#12972,#12973));
#12975=FACE_OUTER_BOUND('',#12974,.F.);
#12976=ADVANCED_FACE('',(#12975),#12968,.T.);
#12977=CARTESIAN_POINT('',(-1.349499996723E1,-6.459658171101E0,
1.098456998094E1));
#12978=DIRECTION('',(0.E0,-1.E0,0.E0));
#12979=DIRECTION('',(-1.E0,0.E0,0.E0));
#12980=AXIS2_PLACEMENT_3D('',#12977,#12978,#12979);
#12981=PLANE('',#12980);
#12982=ORIENTED_EDGE('',*,*,#12644,.F.);
#12983=ORIENTED_EDGE('',*,*,#12881,.F.);
#12984=ORIENTED_EDGE('',*,*,#12905,.T.);
#12985=ORIENTED_EDGE('',*,*,#12969,.T.);
#12986=ORIENTED_EDGE('',*,*,#12566,.T.);
#12987=EDGE_LOOP('',(#12982,#12983,#12984,#12985,#12986));
#12988=FACE_OUTER_BOUND('',#12987,.F.);
#12989=ADVANCED_FACE('',(#12988),#12981,.F.);
#12990=CARTESIAN_POINT('',(-1.841000004632E1,-8.909658171100E0,
9.605569980937E0));
#12991=DIRECTION('',(0.E0,-1.E0,0.E0));
#12992=DIRECTION('',(-1.E0,0.E0,0.E0));
#12993=AXIS2_PLACEMENT_3D('',#12990,#12991,#12992);
#12994=PLANE('',#12993);
#12996=ORIENTED_EDGE('',*,*,#12995,.T.);
#12997=ORIENTED_EDGE('',*,*,#12854,.T.);
#12998=ORIENTED_EDGE('',*,*,#12678,.T.);
#12999=ORIENTED_EDGE('',*,*,#12748,.T.);
#13000=EDGE_LOOP('',(#12996,#12997,#12998,#12999));
#13001=FACE_OUTER_BOUND('',#13000,.F.);
#13002=ADVANCED_FACE('',(#13001),#12994,.F.);
#13003=CARTESIAN_POINT('',(-2.659999934456E0,-8.409658171101E0,
7.455569980937E0));
#13004=DIRECTION('',(-1.E0,0.E0,0.E0));
#13005=DIRECTION('',(0.E0,0.E0,-1.E0));
#13006=AXIS2_PLACEMENT_3D('',#13003,#13004,#13005);
#13007=CYLINDRICAL_SURFACE('',#13006,5.E-1);
#13008=ORIENTED_EDGE('',*,*,#12995,.F.);
#13009=ORIENTED_EDGE('',*,*,#12761,.T.);
#13010=ORIENTED_EDGE('',*,*,#12815,.F.);
#13011=ORIENTED_EDGE('',*,*,#12842,.T.);
#13012=EDGE_LOOP('',(#13008,#13009,#13010,#13011));
#13013=FACE_OUTER_BOUND('',#13012,.F.);
#13014=ADVANCED_FACE('',(#13013),#13007,.F.);
#13015=CARTESIAN_POINT('',(-2.454320585700E1,-6.209585962943E0,
7.855569980937E0));
#13016=DIRECTION('',(0.E0,0.E0,1.E0));
#13017=DIRECTION('',(1.E0,0.E0,0.E0));
#13018=AXIS2_PLACEMENT_3D('',#13015,#13016,#13017);
#13019=PLANE('',#13018);
#13020=ORIENTED_EDGE('',*,*,#12790,.T.);
#13021=ORIENTED_EDGE('',*,*,#12731,.T.);
#13023=ORIENTED_EDGE('',*,*,#13022,.T.);
#13025=ORIENTED_EDGE('',*,*,#13024,.F.);
#13026=EDGE_LOOP('',(#13020,#13021,#13023,#13025));
#13027=FACE_OUTER_BOUND('',#13026,.F.);
#13028=ADVANCED_FACE('',(#13027),#13019,.F.);
#13029=CARTESIAN_POINT('',(-2.454320585700E1,-5.959658171101E0,
8.105569980937E0));
#13030=DIRECTION('',(0.E0,-1.E0,0.E0));
#13031=DIRECTION('',(-1.E0,0.E0,0.E0));
#13032=AXIS2_PLACEMENT_3D('',#13029,#13030,#13031);
#13033=PLANE('',#13032);
#13035=ORIENTED_EDGE('',*,*,#13034,.T.);
#13037=ORIENTED_EDGE('',*,*,#13036,.T.);
#13038=ORIENTED_EDGE('',*,*,#13022,.F.);
#13039=ORIENTED_EDGE('',*,*,#12729,.T.);
#13040=EDGE_LOOP('',(#13035,#13037,#13038,#13039));
#13041=FACE_OUTER_BOUND('',#13040,.F.);
#13042=ADVANCED_FACE('',(#13041),#13033,.F.);
#13043=CARTESIAN_POINT('',(-2.486897644300E1,-5.734617362672E0,
8.355569980937E0));
#13044=DIRECTION('',(0.E0,0.E0,1.E0));
#13045=DIRECTION('',(1.E0,0.E0,0.E0));
#13046=AXIS2_PLACEMENT_3D('',#13043,#13044,#13045);
#13047=PLANE('',#13046);
#13048=ORIENTED_EDGE('',*,*,#13034,.F.);
#13049=ORIENTED_EDGE('',*,*,#12727,.T.);
#13051=ORIENTED_EDGE('',*,*,#13050,.T.);
#13053=ORIENTED_EDGE('',*,*,#13052,.F.);
#13054=EDGE_LOOP('',(#13048,#13049,#13051,#13053));
#13055=FACE_OUTER_BOUND('',#13054,.F.);
#13056=ADVANCED_FACE('',(#13055),#13047,.F.);
#13057=CARTESIAN_POINT('',(-2.486894185065E1,-5.509658171100E0,
9.034569980937E0));
#13058=DIRECTION('',(0.E0,-1.E0,0.E0));
#13059=DIRECTION('',(-1.E0,0.E0,0.E0));
#13060=AXIS2_PLACEMENT_3D('',#13057,#13058,#13059);
#13061=PLANE('',#13060);
#13063=ORIENTED_EDGE('',*,*,#13062,.T.);
#13065=ORIENTED_EDGE('',*,*,#13064,.T.);
#13066=ORIENTED_EDGE('',*,*,#13050,.F.);
#13067=ORIENTED_EDGE('',*,*,#12725,.T.);
#13068=EDGE_LOOP('',(#13063,#13065,#13066,#13067));
#13069=FACE_OUTER_BOUND('',#13068,.F.);
#13070=ADVANCED_FACE('',(#13069),#13061,.F.);
#13071=CARTESIAN_POINT('',(-2.486894185065E1,-5.984617362672E0,
9.713569980937E0));
#13072=DIRECTION('',(0.E0,0.E0,1.E0));
#13073=DIRECTION('',(0.E0,1.E0,0.E0));
#13074=AXIS2_PLACEMENT_3D('',#13071,#13072,#13073);
#13075=PLANE('',#13074);
#13076=ORIENTED_EDGE('',*,*,#13062,.F.);
#13077=ORIENTED_EDGE('',*,*,#12723,.T.);
#13079=ORIENTED_EDGE('',*,*,#13078,.F.);
#13081=ORIENTED_EDGE('',*,*,#13080,.F.);
#13082=EDGE_LOOP('',(#13076,#13077,#13079,#13081));
#13083=FACE_OUTER_BOUND('',#13082,.F.);
#13084=ADVANCED_FACE('',(#13083),#13075,.T.);
#13085=CARTESIAN_POINT('',(-2.332500001354E1,-6.459658171101E0,
1.098456998094E1));
#13086=DIRECTION('',(0.E0,-1.E0,0.E0));
#13087=DIRECTION('',(-1.E0,0.E0,0.E0));
#13088=AXIS2_PLACEMENT_3D('',#13085,#13086,#13087);
#13089=PLANE('',#13088);
#13090=ORIENTED_EDGE('',*,*,#12721,.T.);
#13091=ORIENTED_EDGE('',*,*,#12708,.F.);
#13092=ORIENTED_EDGE('',*,*,#12664,.T.);
#13094=ORIENTED_EDGE('',*,*,#13093,.T.);
#13095=ORIENTED_EDGE('',*,*,#13078,.T.);
#13096=EDGE_LOOP('',(#13090,#13091,#13092,#13094,#13095));
#13097=FACE_OUTER_BOUND('',#13096,.F.);
#13098=ADVANCED_FACE('',(#13097),#13089,.F.);
#13099=CARTESIAN_POINT('',(-2.798999993446E1,-2.459658171101E0,
9.205569980937E0));
#13100=DIRECTION('',(0.E0,0.E0,1.E0));
#13101=DIRECTION('',(0.E0,-1.E0,0.E0));
#13102=AXIS2_PLACEMENT_3D('',#13099,#13100,#13101);
#13103=CYLINDRICAL_SURFACE('',#13102,4.E0);
#13104=ORIENTED_EDGE('',*,*,#12792,.F.);
#13105=ORIENTED_EDGE('',*,*,#13024,.T.);
#13106=ORIENTED_EDGE('',*,*,#13036,.F.);
#13107=ORIENTED_EDGE('',*,*,#13052,.T.);
#13108=ORIENTED_EDGE('',*,*,#13064,.F.);
#13109=ORIENTED_EDGE('',*,*,#13080,.T.);
#13110=ORIENTED_EDGE('',*,*,#13093,.F.);
#13111=ORIENTED_EDGE('',*,*,#12662,.T.);
#13113=ORIENTED_EDGE('',*,*,#13112,.F.);
#13114=ORIENTED_EDGE('',*,*,#12521,.T.);
#13115=ORIENTED_EDGE('',*,*,#12552,.F.);
#13117=ORIENTED_EDGE('',*,*,#13116,.T.);
#13119=ORIENTED_EDGE('',*,*,#13118,.F.);
#13121=ORIENTED_EDGE('',*,*,#13120,.T.);
#13123=ORIENTED_EDGE('',*,*,#13122,.F.);
#13125=ORIENTED_EDGE('',*,*,#13124,.T.);
#13126=EDGE_LOOP('',(#13104,#13105,#13106,#13107,#13108,#13109,#13110,#13111,
#13113,#13114,#13115,#13117,#13119,#13121,#13123,#13125));
#13127=FACE_OUTER_BOUND('',#13126,.F.);
#13128=ADVANCED_FACE('',(#13127),#13103,.F.);
#13129=CARTESIAN_POINT('',(-3.198999993446E1,4.034182889948E-2,
9.584569980937E0));
#13130=DIRECTION('',(-1.E0,0.E0,0.E0));
#13131=DIRECTION('',(0.E0,0.E0,-1.E0));
#13132=AXIS2_PLACEMENT_3D('',#13129,#13130,#13131);
#13133=PLANE('',#13132);
#13134=ORIENTED_EDGE('',*,*,#6785,.F.);
#13136=ORIENTED_EDGE('',*,*,#13135,.T.);
#13137=ORIENTED_EDGE('',*,*,#13112,.T.);
#13138=ORIENTED_EDGE('',*,*,#12660,.F.);
#13139=EDGE_LOOP('',(#13134,#13136,#13137,#13138));
#13140=FACE_OUTER_BOUND('',#13139,.F.);
#13141=ADVANCED_FACE('',(#13140),#13133,.F.);
#13142=CARTESIAN_POINT('',(-3.178999993446E1,5.130683657799E0,
-1.936430019063E0));
#13143=DIRECTION('',(0.E0,-1.E0,0.E0));
#13144=DIRECTION('',(-1.E0,0.E0,0.E0));
#13145=AXIS2_PLACEMENT_3D('',#13142,#13143,#13144);
#13146=CYLINDRICAL_SURFACE('',#13145,2.E-1);
#13147=ORIENTED_EDGE('',*,*,#12488,.F.);
#13148=ORIENTED_EDGE('',*,*,#12523,.T.);
#13149=ORIENTED_EDGE('',*,*,#13135,.F.);
#13150=ORIENTED_EDGE('',*,*,#6783,.T.);
#13151=EDGE_LOOP('',(#13147,#13148,#13149,#13150));
#13152=FACE_OUTER_BOUND('',#13151,.F.);
#13153=ADVANCED_FACE('',(#13152),#13146,.F.);
#13154=CARTESIAN_POINT('',(-1.840999993446E1,-5.984617362672E0,
2.713569980937E0));
#13155=DIRECTION('',(0.E0,0.E0,1.E0));
#13156=DIRECTION('',(-1.E0,0.E0,0.E0));
#13157=AXIS2_PLACEMENT_3D('',#13154,#13155,#13156);
#13158=PLANE('',#13157);
#13159=ORIENTED_EDGE('',*,*,#13116,.F.);
#13160=ORIENTED_EDGE('',*,*,#12550,.F.);
#13161=ORIENTED_EDGE('',*,*,#12588,.F.);
#13163=ORIENTED_EDGE('',*,*,#13162,.T.);
#13164=EDGE_LOOP('',(#13159,#13160,#13161,#13163));
#13165=FACE_OUTER_BOUND('',#13164,.F.);
#13166=ADVANCED_FACE('',(#13165),#13158,.F.);
#13167=CARTESIAN_POINT('',(-1.840999993446E1,-5.509658171101E0,
3.684569980937E0));
#13168=DIRECTION('',(0.E0,-1.E0,0.E0));
#13169=DIRECTION('',(-1.E0,0.E0,0.E0));
#13170=AXIS2_PLACEMENT_3D('',#13167,#13168,#13169);
#13171=PLANE('',#13170);
#13172=ORIENTED_EDGE('',*,*,#13118,.T.);
#13173=ORIENTED_EDGE('',*,*,#13162,.F.);
#13174=ORIENTED_EDGE('',*,*,#12586,.T.);
#13176=ORIENTED_EDGE('',*,*,#13175,.T.);
#13177=EDGE_LOOP('',(#13172,#13173,#13174,#13176));
#13178=FACE_OUTER_BOUND('',#13177,.F.);
#13179=ADVANCED_FACE('',(#13178),#13171,.F.);
#13180=CARTESIAN_POINT('',(-1.840999993446E1,-5.734585962943E0,
4.655569980937E0));
#13181=DIRECTION('',(0.E0,0.E0,1.E0));
#13182=DIRECTION('',(0.E0,-1.E0,0.E0));
#13183=AXIS2_PLACEMENT_3D('',#13180,#13181,#13182);
#13184=PLANE('',#13183);
#13185=ORIENTED_EDGE('',*,*,#13120,.F.);
#13186=ORIENTED_EDGE('',*,*,#13175,.F.);
#13187=ORIENTED_EDGE('',*,*,#12584,.F.);
#13189=ORIENTED_EDGE('',*,*,#13188,.T.);
#13190=EDGE_LOOP('',(#13185,#13186,#13187,#13189));
#13191=FACE_OUTER_BOUND('',#13190,.F.);
#13192=ADVANCED_FACE('',(#13191),#13184,.T.);
#13193=CARTESIAN_POINT('',(-7.409999934456E0,-5.959658171101E0,
5.713569980937E0));
#13194=DIRECTION('',(0.E0,1.E0,0.E0));
#13195=DIRECTION('',(-1.E0,0.E0,0.E0));
#13196=AXIS2_PLACEMENT_3D('',#13193,#13194,#13195);
#13197=PLANE('',#13196);
#13198=ORIENTED_EDGE('',*,*,#12582,.T.);
#13200=ORIENTED_EDGE('',*,*,#13199,.F.);
#13201=ORIENTED_EDGE('',*,*,#13122,.T.);
#13202=ORIENTED_EDGE('',*,*,#13188,.F.);
#13203=EDGE_LOOP('',(#13198,#13200,#13201,#13202));
#13204=FACE_OUTER_BOUND('',#13203,.F.);
#13205=ADVANCED_FACE('',(#13204),#13197,.T.);
#13206=CARTESIAN_POINT('',(-1.840999993446E1,-6.209658171101E0,
6.155569980937E0));
#13207=DIRECTION('',(0.E0,0.E0,1.E0));
#13208=DIRECTION('',(0.E0,-1.E0,0.E0));
#13209=AXIS2_PLACEMENT_3D('',#13206,#13207,#13208);
#13210=PLANE('',#13209);
#13211=ORIENTED_EDGE('',*,*,#13199,.T.);
#13212=ORIENTED_EDGE('',*,*,#12580,.F.);
#13213=ORIENTED_EDGE('',*,*,#12794,.T.);
#13214=ORIENTED_EDGE('',*,*,#13124,.F.);
#13215=EDGE_LOOP('',(#13211,#13212,#13213,#13214));
#13216=FACE_OUTER_BOUND('',#13215,.F.);
#13217=ADVANCED_FACE('',(#13216),#13210,.T.);
#13218=CARTESIAN_POINT('',(-7.609999934456E0,-2.846581711005E-1,
1.260556998094E1));
#13219=DIRECTION('',(-1.E0,0.E0,0.E0));
#13220=DIRECTION('',(0.E0,0.E0,-1.E0));
#13221=AXIS2_PLACEMENT_3D('',#13218,#13219,#13220);
#13222=PLANE('',#13221);
#13224=ORIENTED_EDGE('',*,*,#13223,.T.);
#13225=ORIENTED_EDGE('',*,*,#12649,.F.);
#13226=ORIENTED_EDGE('',*,*,#6887,.F.);
#13227=ORIENTED_EDGE('',*,*,#11093,.T.);
#13228=EDGE_LOOP('',(#13224,#13225,#13226,#13227));
#13229=FACE_OUTER_BOUND('',#13228,.F.);
#13230=ADVANCED_FACE('',(#13229),#13222,.T.);
#13231=CARTESIAN_POINT('',(-8.109999934456E0,-3.109658171101E0,
-4.362843419869E-12));
#13232=DIRECTION('',(0.E0,0.E0,1.E0));
#13233=DIRECTION('',(0.E0,-1.E0,0.E0));
#13234=AXIS2_PLACEMENT_3D('',#13231,#13232,#13233);
#13235=CYLINDRICAL_SURFACE('',#13234,5.E-1);
#13236=ORIENTED_EDGE('',*,*,#11091,.T.);
#13238=ORIENTED_EDGE('',*,*,#13237,.F.);
#13239=ORIENTED_EDGE('',*,*,#12651,.T.);
#13240=ORIENTED_EDGE('',*,*,#13223,.F.);
#13241=EDGE_LOOP('',(#13236,#13238,#13239,#13240));
#13242=FACE_OUTER_BOUND('',#13241,.F.);
#13243=ADVANCED_FACE('',(#13242),#13235,.F.);
#13244=CARTESIAN_POINT('',(-1.840999993446E1,-3.609658171101E0,
1.260556998094E1));
#13245=DIRECTION('',(0.E0,-1.E0,0.E0));
#13246=DIRECTION('',(-1.E0,0.E0,0.E0));
#13247=AXIS2_PLACEMENT_3D('',#13244,#13245,#13246);
#13248=PLANE('',#13247);
#13249=ORIENTED_EDGE('',*,*,#11089,.T.);
#13251=ORIENTED_EDGE('',*,*,#13250,.T.);
#13252=ORIENTED_EDGE('',*,*,#12653,.F.);
#13253=ORIENTED_EDGE('',*,*,#13237,.T.);
#13254=EDGE_LOOP('',(#13249,#13251,#13252,#13253));
#13255=FACE_OUTER_BOUND('',#13254,.F.);
#13256=ADVANCED_FACE('',(#13255),#13248,.F.);
#13257=CARTESIAN_POINT('',(-2.870999993446E1,-3.109658171101E0,
-4.362843419869E-12));
#13258=DIRECTION('',(0.E0,0.E0,-1.E0));
#13259=DIRECTION('',(0.E0,1.E0,0.E0));
#13260=AXIS2_PLACEMENT_3D('',#13257,#13258,#13259);
#13261=CYLINDRICAL_SURFACE('',#13260,5.E-1);
#13262=ORIENTED_EDGE('',*,*,#11087,.T.);
#13264=ORIENTED_EDGE('',*,*,#13263,.F.);
#13265=ORIENTED_EDGE('',*,*,#12655,.T.);
#13266=ORIENTED_EDGE('',*,*,#13250,.F.);
#13267=EDGE_LOOP('',(#13262,#13264,#13265,#13266));
#13268=FACE_OUTER_BOUND('',#13267,.F.);
#13269=ADVANCED_FACE('',(#13268),#13261,.F.);
#13270=CARTESIAN_POINT('',(-2.920999993446E1,-2.846581711005E-1,
1.260556998094E1));
#13271=DIRECTION('',(-1.E0,0.E0,0.E0));
#13272=DIRECTION('',(0.E0,0.E0,-1.E0));
#13273=AXIS2_PLACEMENT_3D('',#13270,#13271,#13272);
#13274=PLANE('',#13273);
#13275=ORIENTED_EDGE('',*,*,#11085,.T.);
#13276=ORIENTED_EDGE('',*,*,#6789,.F.);
#13277=ORIENTED_EDGE('',*,*,#12657,.F.);
#13278=ORIENTED_EDGE('',*,*,#13263,.T.);
#13279=EDGE_LOOP('',(#13275,#13276,#13277,#13278));
#13280=FACE_OUTER_BOUND('',#13279,.F.);
#13281=ADVANCED_FACE('',(#13280),#13274,.F.);
#13282=CARTESIAN_POINT('',(-3.142193933281E1,5.130683657799E0,
-2.236430019063E0));
#13283=DIRECTION('',(0.E0,1.E0,0.E0));
#13284=DIRECTION('',(1.E0,0.E0,0.E0));
#13285=AXIS2_PLACEMENT_3D('',#13282,#13283,#13284);
#13286=CYLINDRICAL_SURFACE('',#13285,1.E-1);
#13287=ORIENTED_EDGE('',*,*,#12360,.F.);
#13289=ORIENTED_EDGE('',*,*,#13288,.T.);
#13290=ORIENTED_EDGE('',*,*,#12492,.F.);
#13291=ORIENTED_EDGE('',*,*,#12343,.F.);
#13292=EDGE_LOOP('',(#13287,#13289,#13290,#13291));
#13293=FACE_OUTER_BOUND('',#13292,.F.);
#13294=ADVANCED_FACE('',(#13293),#13286,.T.);
#13295=CARTESIAN_POINT('',(-2.702193933281E1,-1.121597569454E0,
-2.236430019063E0));
#13296=DIRECTION('',(-2.072416312639E-14,0.E0,-1.E0));
#13297=DIRECTION('',(1.E0,0.E0,-2.072416312639E-14));
#13298=AXIS2_PLACEMENT_3D('',#13295,#13296,#13297);
#13299=TOROIDAL_SURFACE('',#13298,4.4E0,1.E-1);
#13300=ORIENTED_EDGE('',*,*,#12375,.F.);
#13302=ORIENTED_EDGE('',*,*,#13301,.F.);
#13303=ORIENTED_EDGE('',*,*,#12494,.T.);
#13304=ORIENTED_EDGE('',*,*,#13288,.F.);
#13305=EDGE_LOOP('',(#13300,#13302,#13303,#13304));
#13306=FACE_OUTER_BOUND('',#13305,.F.);
#13307=ADVANCED_FACE('',(#13306),#13299,.T.);
#13308=CARTESIAN_POINT('',(-2.659999934456E0,-5.521597569454E0,
-2.236430019063E0));
#13309=DIRECTION('',(1.E0,0.E0,0.E0));
#13310=DIRECTION('',(0.E0,-1.E0,0.E0));
#13311=AXIS2_PLACEMENT_3D('',#13308,#13309,#13310);
#13312=CYLINDRICAL_SURFACE('',#13311,1.E-1);
#13313=ORIENTED_EDGE('',*,*,#12496,.F.);
#13314=ORIENTED_EDGE('',*,*,#13301,.T.);
#13315=ORIENTED_EDGE('',*,*,#12416,.F.);
#13317=ORIENTED_EDGE('',*,*,#13316,.T.);
#13318=EDGE_LOOP('',(#13313,#13314,#13315,#13317));
#13319=FACE_OUTER_BOUND('',#13318,.F.);
#13320=ADVANCED_FACE('',(#13319),#13312,.T.);
#13321=CARTESIAN_POINT('',(-9.771877938715E0,-1.121597569454E0,
-2.236430019063E0));
#13322=DIRECTION('',(0.E0,0.E0,1.E0));
#13323=DIRECTION('',(-1.E0,0.E0,0.E0));
#13324=AXIS2_PLACEMENT_3D('',#13321,#13322,#13323);
#13325=TOROIDAL_SURFACE('',#13324,4.4E0,1.E-1);
#13326=ORIENTED_EDGE('',*,*,#12498,.T.);
#13327=ORIENTED_EDGE('',*,*,#13316,.F.);
#13328=ORIENTED_EDGE('',*,*,#12431,.F.);
#13330=ORIENTED_EDGE('',*,*,#13329,.F.);
#13331=EDGE_LOOP('',(#13326,#13327,#13328,#13330));
#13332=FACE_OUTER_BOUND('',#13331,.F.);
#13333=ADVANCED_FACE('',(#13332),#13325,.T.);
#13334=CARTESIAN_POINT('',(-5.371877938715E0,5.130683657799E0,
-2.236430019063E0));
#13335=DIRECTION('',(0.E0,-1.E0,0.E0));
#13336=DIRECTION('',(-1.E0,0.E0,0.E0));
#13337=AXIS2_PLACEMENT_3D('',#13334,#13335,#13336);
#13338=CYLINDRICAL_SURFACE('',#13337,1.E-1);
#13339=ORIENTED_EDGE('',*,*,#12500,.F.);
#13340=ORIENTED_EDGE('',*,*,#13329,.T.);
#13342=ORIENTED_EDGE('',*,*,#13341,.F.);
#13343=ORIENTED_EDGE('',*,*,#12474,.F.);
#13344=EDGE_LOOP('',(#13339,#13340,#13342,#13343));
#13345=FACE_OUTER_BOUND('',#13344,.F.);
#13346=ADVANCED_FACE('',(#13345),#13338,.T.);
#13347=CARTESIAN_POINT('',(-5.471877938715E0,5.093721297227E-1,
-2.736430019060E0));
#13348=DIRECTION('',(-1.E0,0.E0,0.E0));
#13349=DIRECTION('',(0.E0,0.E0,1.E0));
#13350=AXIS2_PLACEMENT_3D('',#13347,#13348,#13349);
#13351=PLANE('',#13350);
#13352=ORIENTED_EDGE('',*,*,#12457,.F.);
#13353=ORIENTED_EDGE('',*,*,#12476,.T.);
#13354=ORIENTED_EDGE('',*,*,#13341,.T.);
#13355=ORIENTED_EDGE('',*,*,#12429,.T.);
#13356=EDGE_LOOP('',(#13352,#13353,#13354,#13355));
#13357=FACE_OUTER_BOUND('',#13356,.F.);
#13358=ADVANCED_FACE('',(#13357),#13351,.T.);
#13359=CARTESIAN_POINT('',(-3.318999993446E1,-2.563617344425E0,
-3.336430019058E0));
#13360=DIRECTION('',(0.E0,1.E0,0.E0));
#13361=DIRECTION('',(-7.105427357601E-14,0.E0,-1.E0));
#13362=AXIS2_PLACEMENT_3D('',#13359,#13360,#13361);
#13363=CYLINDRICAL_SURFACE('',#13362,3.E-1);
#13364=ORIENTED_EDGE('',*,*,#6775,.T.);
#13366=ORIENTED_EDGE('',*,*,#13365,.F.);
#13368=ORIENTED_EDGE('',*,*,#13367,.F.);
#13369=ORIENTED_EDGE('',*,*,#12297,.T.);
#13370=EDGE_LOOP('',(#13364,#13366,#13368,#13369));
#13371=FACE_OUTER_BOUND('',#13370,.F.);
#13372=ADVANCED_FACE('',(#13371),#13363,.T.);
#13373=CARTESIAN_POINT('',(-3.348999993446E1,7.740341828899E0,
1.083899735351E1));
#13374=DIRECTION('',(1.E0,0.E0,0.E0));
#13375=DIRECTION('',(0.E0,1.E0,0.E0));
#13376=AXIS2_PLACEMENT_3D('',#13373,#13374,#13375);
#13377=PLANE('',#13376);
#13378=ORIENTED_EDGE('',*,*,#13365,.T.);
#13379=ORIENTED_EDGE('',*,*,#6773,.F.);
#13381=ORIENTED_EDGE('',*,*,#13380,.T.);
#13383=ORIENTED_EDGE('',*,*,#13382,.F.);
#13385=ORIENTED_EDGE('',*,*,#13384,.F.);
#13387=ORIENTED_EDGE('',*,*,#13386,.F.);
#13389=ORIENTED_EDGE('',*,*,#13388,.F.);
#13390=ORIENTED_EDGE('',*,*,#6761,.F.);
#13392=ORIENTED_EDGE('',*,*,#13391,.T.);
#13394=ORIENTED_EDGE('',*,*,#13393,.F.);
#13396=ORIENTED_EDGE('',*,*,#13395,.F.);
#13398=ORIENTED_EDGE('',*,*,#13397,.F.);
#13400=ORIENTED_EDGE('',*,*,#13399,.F.);
#13401=ORIENTED_EDGE('',*,*,#6749,.F.);
#13403=ORIENTED_EDGE('',*,*,#13402,.T.);
#13405=ORIENTED_EDGE('',*,*,#13404,.T.);
#13406=EDGE_LOOP('',(#13378,#13379,#13381,#13383,#13385,#13387,#13389,#13390,
#13392,#13394,#13396,#13398,#13400,#13401,#13403,#13405));
#13407=FACE_OUTER_BOUND('',#13406,.F.);
#13408=ADVANCED_FACE('',(#13407),#13377,.F.);
#13409=CARTESIAN_POINT('',(-3.417264420068E1,2.656757016748E-1,
-1.636430211654E0));
#13410=DIRECTION('',(4.272868168105E-8,4.272873793851E-8,-1.E0));
#13411=DIRECTION('',(0.E0,-1.E0,-4.272873793850E-8));
#13412=AXIS2_PLACEMENT_3D('',#13409,#13410,#13411);
#13413=PLANE('',#13412);
#13415=ORIENTED_EDGE('',*,*,#13414,.F.);
#13417=ORIENTED_EDGE('',*,*,#13416,.F.);
#13418=ORIENTED_EDGE('',*,*,#13380,.F.);
#13419=ORIENTED_EDGE('',*,*,#6771,.F.);
#13420=EDGE_LOOP('',(#13415,#13417,#13418,#13419));
#13421=FACE_OUTER_BOUND('',#13420,.F.);
#13422=ADVANCED_FACE('',(#13421),#13413,.T.);
#13423=CARTESIAN_POINT('',(-3.109164963166E1,2.543957244960E0,
-1.136429982659E0));
#13424=DIRECTION('',(4.272868168105E-8,4.272873793851E-8,-1.E0));
#13425=DIRECTION('',(-8.060274852624E-1,-5.918781065402E-1,-5.973069638309E-8));
#13426=AXIS2_PLACEMENT_3D('',#13423,#13424,#13425);
#13427=TOROIDAL_SURFACE('',#13426,3.896597643099E0,5.E-1);
#13428=ORIENTED_EDGE('',*,*,#6769,.T.);
#13430=ORIENTED_EDGE('',*,*,#13429,.F.);
#13432=ORIENTED_EDGE('',*,*,#13431,.F.);
#13433=ORIENTED_EDGE('',*,*,#13414,.T.);
#13434=EDGE_LOOP('',(#13428,#13430,#13432,#13433));
#13435=FACE_OUTER_BOUND('',#13434,.F.);
#13436=ADVANCED_FACE('',(#13435),#13427,.T.);
#13437=CARTESIAN_POINT('',(-3.109164961030E1,2.543957266324E0,
-1.636429982659E0));
#13438=DIRECTION('',(4.272868168105E-8,4.272873793851E-8,-1.E0));
#13439=DIRECTION('',(0.E0,-1.E0,-4.272873793850E-8));
#13440=AXIS2_PLACEMENT_3D('',#13437,#13438,#13439);
#13441=CYLINDRICAL_SURFACE('',#13440,4.396597643099E0);
#13443=ORIENTED_EDGE('',*,*,#13442,.T.);
#13445=ORIENTED_EDGE('',*,*,#13444,.F.);
#13446=ORIENTED_EDGE('',*,*,#13429,.T.);
#13447=ORIENTED_EDGE('',*,*,#6767,.F.);
#13448=EDGE_LOOP('',(#13443,#13445,#13446,#13447));
#13449=FACE_OUTER_BOUND('',#13448,.F.);
#13450=ADVANCED_FACE('',(#13449),#13441,.T.);
#13451=CARTESIAN_POINT('',(-3.109164984531E1,2.543957031316E0,
3.863570017341E0));
#13452=DIRECTION('',(4.272868168105E-8,4.272873793851E-8,-1.E0));
#13453=DIRECTION('',(9.534813088331E-1,3.014521416510E-1,5.362166886948E-8));
#13454=AXIS2_PLACEMENT_3D('',#13451,#13452,#13453);
#13455=TOROIDAL_SURFACE('',#13454,3.896597643099E0,5.E-1);
#13456=ORIENTED_EDGE('',*,*,#6765,.T.);
#13458=ORIENTED_EDGE('',*,*,#13457,.T.);
#13460=ORIENTED_EDGE('',*,*,#13459,.T.);
#13461=ORIENTED_EDGE('',*,*,#13442,.F.);
#13462=EDGE_LOOP('',(#13456,#13458,#13460,#13461));
#13463=FACE_OUTER_BOUND('',#13462,.F.);
#13464=ADVANCED_FACE('',(#13463),#13455,.T.);
#13465=CARTESIAN_POINT('',(-3.417264445705E1,2.656754453024E-1,
4.363569788346E0));
#13466=DIRECTION('',(4.272868168105E-8,4.272873793851E-8,-1.E0));
#13467=DIRECTION('',(0.E0,-1.E0,-4.272873793850E-8));
#13468=AXIS2_PLACEMENT_3D('',#13465,#13466,#13467);
#13469=PLANE('',#13468);
#13471=ORIENTED_EDGE('',*,*,#13470,.F.);
#13472=ORIENTED_EDGE('',*,*,#13457,.F.);
#13473=ORIENTED_EDGE('',*,*,#6763,.T.);
#13474=ORIENTED_EDGE('',*,*,#13388,.T.);
#13475=EDGE_LOOP('',(#13471,#13472,#13473,#13474));
#13476=FACE_OUTER_BOUND('',#13475,.F.);
#13477=ADVANCED_FACE('',(#13476),#13469,.F.);
#13478=CARTESIAN_POINT('',(-3.437109281477E1,4.339811359387E-1,
3.863569787058E0));
#13479=DIRECTION('',(5.735764363511E-1,-8.191520442890E-1,-1.049316806571E-8));
#13480=DIRECTION('',(-4.272867526158E-8,-4.272873344609E-8,1.E0));
#13481=AXIS2_PLACEMENT_3D('',#13478,#13479,#13480);
#13482=CYLINDRICAL_SURFACE('',#13481,5.E-1);
#13483=ORIENTED_EDGE('',*,*,#13386,.T.);
#13485=ORIENTED_EDGE('',*,*,#13484,.F.);
#13486=ORIENTED_EDGE('',*,*,#13459,.F.);
#13487=ORIENTED_EDGE('',*,*,#13470,.T.);
#13488=EDGE_LOOP('',(#13483,#13485,#13486,#13487));
#13489=FACE_OUTER_BOUND('',#13488,.F.);
#13490=ADVANCED_FACE('',(#13489),#13482,.T.);
#13491=CARTESIAN_POINT('',(-3.469596295410E1,2.622095070296E-2,
-1.636430244247E0));
#13492=DIRECTION('',(8.191520442890E-1,5.735764363511E-1,5.950948418535E-8));
#13493=DIRECTION('',(-5.735764363511E-1,8.191520442890E-1,1.049316806362E-8));
#13494=AXIS2_PLACEMENT_3D('',#13491,#13492,#13493);
#13495=PLANE('',#13494);
#13496=ORIENTED_EDGE('',*,*,#13484,.T.);
#13497=ORIENTED_EDGE('',*,*,#13384,.T.);
#13499=ORIENTED_EDGE('',*,*,#13498,.T.);
#13500=ORIENTED_EDGE('',*,*,#13444,.T.);
#13501=EDGE_LOOP('',(#13496,#13497,#13499,#13500));
#13502=FACE_OUTER_BOUND('',#13501,.F.);
#13503=ADVANCED_FACE('',(#13502),#13495,.F.);
#13504=CARTESIAN_POINT('',(6.619450253165E-1,-4.959838150674E1,
-1.136430853846E0));
#13505=DIRECTION('',(-5.735764363511E-1,8.191520442890E-1,1.049316806089E-8));
#13506=DIRECTION('',(4.272868760180E-8,4.272874208093E-8,-1.E0));
#13507=AXIS2_PLACEMENT_3D('',#13504,#13505,#13506);
#13508=CYLINDRICAL_SURFACE('',#13507,5.E-1);
#13509=ORIENTED_EDGE('',*,*,#13382,.T.);
#13510=ORIENTED_EDGE('',*,*,#13416,.T.);
#13511=ORIENTED_EDGE('',*,*,#13431,.T.);
#13512=ORIENTED_EDGE('',*,*,#13498,.F.);
#13513=EDGE_LOOP('',(#13509,#13510,#13511,#13512));
#13514=FACE_OUTER_BOUND('',#13513,.F.);
#13515=ADVANCED_FACE('',(#13514),#13508,.T.);
#13516=CARTESIAN_POINT('',(-3.402675397145E1,7.667170194996E-1,
1.836357020582E1));
#13517=DIRECTION('',(-4.272870039660E-8,4.272868005234E-8,-1.E0));
#13518=DIRECTION('',(-9.999999999999E-1,-4.954240937863E-7,4.272867922777E-8));
#13519=AXIS2_PLACEMENT_3D('',#13516,#13517,#13518);
#13520=PLANE('',#13519);
#13522=ORIENTED_EDGE('',*,*,#13521,.F.);
#13524=ORIENTED_EDGE('',*,*,#13523,.F.);
#13525=ORIENTED_EDGE('',*,*,#13391,.F.);
#13526=ORIENTED_EDGE('',*,*,#6759,.T.);
#13527=EDGE_LOOP('',(#13522,#13524,#13525,#13526));
#13528=FACE_OUTER_BOUND('',#13527,.F.);
#13529=ADVANCED_FACE('',(#13528),#13520,.T.);
#13530=CARTESIAN_POINT('',(-3.109165048624E1,2.543956390385E0,
1.886357042475E1));
#13531=DIRECTION('',(4.272868168105E-8,4.272873793851E-8,-1.E0));
#13532=DIRECTION('',(-8.060274852624E-1,-5.918781065402E-1,-5.973069632611E-8));
#13533=AXIS2_PLACEMENT_3D('',#13530,#13531,#13532);
#13534=TOROIDAL_SURFACE('',#13533,3.896597643099E0,5.E-1);
#13535=ORIENTED_EDGE('',*,*,#6757,.T.);
#13537=ORIENTED_EDGE('',*,*,#13536,.F.);
#13539=ORIENTED_EDGE('',*,*,#13538,.F.);
#13540=ORIENTED_EDGE('',*,*,#13521,.T.);
#13541=EDGE_LOOP('',(#13535,#13537,#13539,#13540));
#13542=FACE_OUTER_BOUND('',#13541,.F.);
#13543=ADVANCED_FACE('',(#13542),#13534,.T.);
#13544=CARTESIAN_POINT('',(-3.109165043924E1,2.543956437387E0,
1.776357001734E1));
#13545=DIRECTION('',(4.272868168105E-8,4.272873793851E-8,-1.E0));
#13546=DIRECTION('',(0.E0,-1.E0,-4.272873793850E-8));
#13547=AXIS2_PLACEMENT_3D('',#13544,#13545,#13546);
#13548=CYLINDRICAL_SURFACE('',#13547,4.396597643099E0);
#13550=ORIENTED_EDGE('',*,*,#13549,.T.);
#13552=ORIENTED_EDGE('',*,*,#13551,.F.);
#13553=ORIENTED_EDGE('',*,*,#13536,.T.);
#13554=ORIENTED_EDGE('',*,*,#6755,.F.);
#13555=EDGE_LOOP('',(#13550,#13552,#13553,#13554));
#13556=FACE_OUTER_BOUND('',#13555,.F.);
#13557=ADVANCED_FACE('',(#13556),#13548,.T.);
#13558=CARTESIAN_POINT('',(-3.109165069988E1,2.543956176741E0,
2.386356983885E1));
#13559=DIRECTION('',(4.272868168105E-8,4.272873793851E-8,-1.E0));
#13560=DIRECTION('',(9.534813088331E-1,3.014521416510E-1,5.362166898345E-8));
#13561=AXIS2_PLACEMENT_3D('',#13558,#13559,#13560);
#13562=TOROIDAL_SURFACE('',#13561,3.896597643099E0,5.E-1);
#13563=ORIENTED_EDGE('',*,*,#6753,.T.);
#13565=ORIENTED_EDGE('',*,*,#13564,.T.);
#13567=ORIENTED_EDGE('',*,*,#13566,.T.);
#13568=ORIENTED_EDGE('',*,*,#13549,.F.);
#13569=EDGE_LOOP('',(#13563,#13565,#13567,#13568));
#13570=FACE_OUTER_BOUND('',#13569,.F.);
#13571=ADVANCED_FACE('',(#13570),#13562,.T.);
#13572=CARTESIAN_POINT('',(-3.402675371508E1,7.667167631276E-1,
2.436357020582E1));
#13573=DIRECTION('',(-4.272870039660E-8,4.272868005234E-8,-1.E0));
#13574=DIRECTION('',(-9.999999999999E-1,-4.954240937863E-7,4.272867922777E-8));
#13575=AXIS2_PLACEMENT_3D('',#13572,#13573,#13574);
#13576=PLANE('',#13575);
#13578=ORIENTED_EDGE('',*,*,#13577,.F.);
#13579=ORIENTED_EDGE('',*,*,#13564,.F.);
#13580=ORIENTED_EDGE('',*,*,#6751,.F.);
#13581=ORIENTED_EDGE('',*,*,#13399,.T.);
#13582=EDGE_LOOP('',(#13578,#13579,#13580,#13581));
#13583=FACE_OUTER_BOUND('',#13582,.F.);
#13584=ADVANCED_FACE('',(#13583),#13576,.F.);
#13585=CARTESIAN_POINT('',(-3.437109366934E1,4.339802813639E-1,
2.386357020632E1));
#13586=DIRECTION('',(5.735764363511E-1,-8.191520442890E-1,-5.950946132712E-8));
#13587=DIRECTION('',(4.272870052981E-8,-4.272867997015E-8,1.E0));
#13588=AXIS2_PLACEMENT_3D('',#13585,#13586,#13587);
#13589=CYLINDRICAL_SURFACE('',#13588,5.E-1);
#13591=ORIENTED_EDGE('',*,*,#13590,.F.);
#13592=ORIENTED_EDGE('',*,*,#13566,.F.);
#13593=ORIENTED_EDGE('',*,*,#13577,.T.);
#13594=ORIENTED_EDGE('',*,*,#13397,.T.);
#13595=EDGE_LOOP('',(#13591,#13592,#13593,#13594));
#13596=FACE_OUTER_BOUND('',#13595,.F.);
#13597=ADVANCED_FACE('',(#13596),#13589,.T.);
#13598=CARTESIAN_POINT('',(-3.469596378304E1,2.622012176544E-2,
1.776356975575E1));
#13599=DIRECTION('',(8.191520442890E-1,5.735764363511E-1,5.950948418535E-8));
#13600=DIRECTION('',(-5.735764363511E-1,8.191520442890E-1,1.049316806362E-8));
#13601=AXIS2_PLACEMENT_3D('',#13598,#13599,#13600);
#13602=PLANE('',#13601);
#13603=ORIENTED_EDGE('',*,*,#13590,.T.);
#13604=ORIENTED_EDGE('',*,*,#13395,.T.);
#13606=ORIENTED_EDGE('',*,*,#13605,.T.);
#13607=ORIENTED_EDGE('',*,*,#13551,.T.);
#13608=EDGE_LOOP('',(#13603,#13604,#13606,#13607));
#13609=FACE_OUTER_BOUND('',#13608,.F.);
#13610=ADVANCED_FACE('',(#13609),#13602,.F.);
#13611=CARTESIAN_POINT('',(6.619435723634E-1,-4.959838150674E1,
1.886356657159E1));
#13612=DIRECTION('',(-5.735764363511E-1,8.191520442890E-1,5.950946130567E-8));
#13613=DIRECTION('',(-4.272869426632E-8,4.272868432971E-8,-1.E0));
#13614=AXIS2_PLACEMENT_3D('',#13611,#13612,#13613);
#13615=CYLINDRICAL_SURFACE('',#13614,5.E-1);
#13616=ORIENTED_EDGE('',*,*,#13523,.T.);
#13617=ORIENTED_EDGE('',*,*,#13538,.T.);
#13618=ORIENTED_EDGE('',*,*,#13605,.F.);
#13619=ORIENTED_EDGE('',*,*,#13393,.T.);
#13620=EDGE_LOOP('',(#13616,#13617,#13618,#13619));
#13621=FACE_OUTER_BOUND('',#13620,.F.);
#13622=ADVANCED_FACE('',(#13621),#13615,.T.);
#13623=CARTESIAN_POINT('',(-2.740765864932E1,-2.355090260624E0,
3.533324127271E1));
#13624=CARTESIAN_POINT('',(-2.947457507764E1,-2.424386415828E0,
3.194541922982E1));
#13625=CARTESIAN_POINT('',(-3.154149150595E1,-2.493682571032E0,
2.855759718693E1));
#13626=CARTESIAN_POINT('',(-3.360840793426E1,-2.562978726235E0,
2.516977514404E1));
#13627=CARTESIAN_POINT('',(-2.742375033032E1,-2.325804000625E0,
3.533325630134E1));
#13628=CARTESIAN_POINT('',(-2.948529324694E1,-2.393803637933E0,
3.194524040193E1));
#13629=CARTESIAN_POINT('',(-3.154683616356E1,-2.461803275242E0,
2.855722450251E1));
#13630=CARTESIAN_POINT('',(-3.360837908018E1,-2.529802912550E0,
2.516920860310E1));
#13631=CARTESIAN_POINT('',(-2.823713347484E1,-8.282308984630E-1,
3.533401564188E1));
#13632=CARTESIAN_POINT('',(-3.002707191777E1,-8.313450817150E-1,
3.193620915195E1));
#13633=CARTESIAN_POINT('',(-3.181701036069E1,-8.344592649669E-1,
2.853840266201E1));
#13634=CARTESIAN_POINT('',(-3.360694880362E1,-8.375734482189E-1,
2.514059617208E1));
#13635=CARTESIAN_POINT('',(-2.867303264130E1,9.052667188555E-1,
3.533441175914E1));
#13636=CARTESIAN_POINT('',(-3.031761339597E1,9.040064149067E-1,
3.193162283760E1));
#13637=CARTESIAN_POINT('',(-3.196219415063E1,9.027461109578E-1,
2.852883391605E1));
#13638=CARTESIAN_POINT('',(-3.360677490529E1,9.014858070090E-1,
2.512604499451E1));
#13639=CARTESIAN_POINT('',(-2.866470050982E1,2.607078919492E0,
3.533440212247E1));
#13640=CARTESIAN_POINT('',(-3.031141155973E1,2.607130563056E0,
3.193164209366E1));
#13641=CARTESIAN_POINT('',(-3.195812260964E1,2.607182206620E0,
2.852888206485E1));
#13642=CARTESIAN_POINT('',(-3.360483365955E1,2.607233850185E0,
2.512612203603E1));
#13643=CARTESIAN_POINT('',(-2.866437428763E1,2.640445878946E0,
3.533440178307E1));
#13644=CARTESIAN_POINT('',(-3.031118125894E1,2.640523844169E0,
3.193164420954E1));
#13645=CARTESIAN_POINT('',(-3.195798823026E1,2.640601809392E0,
2.852888663600E1));
#13646=CARTESIAN_POINT('',(-3.360479520157E1,2.640679774615E0,
2.512612906246E1));
#13647=B_SPLINE_SURFACE_WITH_KNOTS('',3,3,((#13623,#13624,#13625,#13626),
(#13627,#13628,#13629,#13630),(#13631,#13632,#13633,#13634),(#13635,#13636,
#13637,#13638),(#13639,#13640,#13641,#13642),(#13643,#13644,#13645,#13646)),
.UNSPECIFIED.,.F.,.F.,.F.,(4,1,1,4),(4,4),(-1.999999995217E-2,0.E0,1.E0,
1.019999997560E0),(-1.024916177703E-2,9.384157881543E-1),.UNSPECIFIED.);
#13649=ORIENTED_EDGE('',*,*,#13648,.F.);
#13650=ORIENTED_EDGE('',*,*,#13402,.F.);
#13651=ORIENTED_EDGE('',*,*,#6747,.T.);
#13652=ORIENTED_EDGE('',*,*,#6665,.F.);
#13653=EDGE_LOOP('',(#13649,#13650,#13651,#13652));
#13654=FACE_OUTER_BOUND('',#13653,.F.);
#13655=ADVANCED_FACE('',(#13654),#13647,.T.);
#13656=CARTESIAN_POINT('',(-2.107754276426E1,-7.436486735071E0,
3.523570085736E1));
#13657=CARTESIAN_POINT('',(-2.110027924063E1,-7.438225535305E0,
3.520285121437E1));
#13658=CARTESIAN_POINT('',(-2.140552401133E1,-7.461568948247E0,
3.476183421719E1));
#13659=CARTESIAN_POINT('',(-2.199059732650E1,-7.506312883256E0,
3.391651662476E1));
#13660=CARTESIAN_POINT('',(-2.311861423012E1,-7.592583412752E0,
3.228673544617E1));
#13661=CARTESIAN_POINT('',(-2.452772709294E1,-7.700357494627E0,
3.025080253675E1));
#13662=CARTESIAN_POINT('',(-2.593709783857E1,-7.808152111900E0,
2.821449542101E1));
#13663=CARTESIAN_POINT('',(-2.692380977340E1,-7.883615945962E0,
2.678887193261E1));
#13664=CARTESIAN_POINT('',(-2.741689518236E1,-7.921325437096E0,
2.607645564942E1));
#13665=CARTESIAN_POINT('',(-2.769910392739E1,-7.942907319801E0,
2.566871817600E1));
#13666=CARTESIAN_POINT('',(-2.786158395040E1,-7.955332509827E0,
2.543396652957E1));
#13667=CARTESIAN_POINT('',(-2.795532298221E1,-7.962501138173E0,
2.529853207412E1));
#13668=CARTESIAN_POINT('',(-2.797795472670E1,-7.964231898229E0,
2.526583365412E1));
#13669=CARTESIAN_POINT('',(-2.176041160646E1,-7.247501268983E0,
3.523569274692E1));
#13670=CARTESIAN_POINT('',(-2.178309613999E1,-7.249903911380E0,
3.520284869267E1));
#13671=CARTESIAN_POINT('',(-2.208767684891E1,-7.282166068240E0,
3.476185204640E1));
#13672=CARTESIAN_POINT('',(-2.267165316228E1,-7.343999328813E0,
3.391640351319E1));
#13673=CARTESIAN_POINT('',(-2.379780523437E1,-7.463164708751E0,
3.228626908952E1));
#13674=CARTESIAN_POINT('',(-2.520472423234E1,-7.611947711565E0,
3.025001860641E1));
#13675=CARTESIAN_POINT('',(-2.661148410349E1,-7.760712875213E0,
2.821402333401E1));
#13676=CARTESIAN_POINT('',(-2.759615860749E1,-7.864913729400E0,
2.678872104699E1));
#13677=CARTESIAN_POINT('',(-2.808821037586E1,-7.917011733868E0,
2.607640992969E1));
#13678=CARTESIAN_POINT('',(-2.836982205336E1,-7.946837256023E0,
2.566871604606E1));
#13679=CARTESIAN_POINT('',(-2.853197295761E1,-7.964015668774E0,
2.543395474179E1));
#13680=CARTESIAN_POINT('',(-2.862550448339E1,-7.973924330440E0,
2.529854017399E1));
#13681=CARTESIAN_POINT('',(-2.864808509117E1,-7.976316481964E0,
2.526584808970E1));
#13682=CARTESIAN_POINT('',(-2.276357690897E1,-6.857395415699E0,
3.523557695961E1));
#13683=CARTESIAN_POINT('',(-2.278657290987E1,-6.860473976093E0,
3.520281399604E1));
#13684=CARTESIAN_POINT('',(-2.309601833713E1,-6.901906450863E0,
3.476202944864E1));
#13685=CARTESIAN_POINT('',(-2.368743601881E1,-6.981631105326E0,
3.391819544234E1));
#13686=CARTESIAN_POINT('',(-2.482230672578E1,-7.136068296807E0,
3.229464480113E1));
#13687=CARTESIAN_POINT('',(-2.623805785411E1,-7.330473391755E0,
3.026386500592E1));
#13688=CARTESIAN_POINT('',(-2.766091954087E1,-7.525647547707E0,
2.822234600346E1));
#13689=CARTESIAN_POINT('',(-2.866054536259E1,-7.661364823136E0,
2.679144338033E1));
#13690=CARTESIAN_POINT('',(-2.916047067563E1,-7.728731643924E0,
2.607714506020E1));
#13691=CARTESIAN_POINT('',(-2.944649917755E1,-7.767110013993E0,
2.566888372171E1));
#13692=CARTESIAN_POINT('',(-2.961135079171E1,-7.789156626639E0,
2.543380920334E1));
#13693=CARTESIAN_POINT('',(-2.970615563379E1,-7.801814479123E0,
2.529862911741E1));
#13694=CARTESIAN_POINT('',(-2.972902721341E1,-7.804867171855E0,
2.526601699381E1));
#13695=CARTESIAN_POINT('',(-2.400997907795E1,-6.130862237490E0,
3.523548201185E1));
#13696=CARTESIAN_POINT('',(-2.403327633008E1,-6.134050265679E0,
3.520278564126E1));
#13697=CARTESIAN_POINT('',(-2.434732061441E1,-6.177053577680E0,
3.476216917742E1));
#13698=CARTESIAN_POINT('',(-2.494685029053E1,-6.259451166219E0,
3.391991856916E1));
#13699=CARTESIAN_POINT('',(-2.609549424723E1,-6.418045399376E0,
3.230266479593E1));
#13700=CARTESIAN_POINT('',(-2.753083981286E1,-6.617138917720E0,
3.027729313709E1));
#13701=CARTESIAN_POINT('',(-2.898088685913E1,-6.818100279372E0,
2.823051340164E1));
#13702=CARTESIAN_POINT('',(-3.000031253048E1,-6.958532819766E0,
2.679411805677E1));
#13703=CARTESIAN_POINT('',(-3.050936287826E1,-7.028350442873E0,
2.607787327363E1));
#13704=CARTESIAN_POINT('',(-3.080015353369E1,-7.068128439114E0,
2.566904080868E1));
#13705=CARTESIAN_POINT('',(-3.096769098276E1,-7.091009295527E0,
2.543368774343E1));
#13706=CARTESIAN_POINT('',(-3.106376772771E1,-7.104106605730E0,
2.529870236746E1));
#13707=CARTESIAN_POINT('',(-3.108693090006E1,-7.107262968512E0,
2.526615712904E1));
#13708=CARTESIAN_POINT('',(-2.487152038946E1,-5.503532814829E0,
3.523547749072E1));
#13709=CARTESIAN_POINT('',(-2.489485294420E1,-5.506459429067E0,
3.520278445388E1));
#13710=CARTESIAN_POINT('',(-2.520942162627E1,-5.545986982429E0,
3.476216620148E1));
#13711=CARTESIAN_POINT('',(-2.581013874709E1,-5.621244642592E0,
3.392042592100E1));
#13712=CARTESIAN_POINT('',(-2.696199770453E1,-5.764620985244E0,
3.230493356370E1));
#13713=CARTESIAN_POINT('',(-2.840371156120E1,-5.942931973436E0,
3.028112415024E1));
#13714=CARTESIAN_POINT('',(-2.986237980107E1,-6.122977572046E0,
2.823285274166E1));
#13715=CARTESIAN_POINT('',(-3.088687474972E1,-6.249891910745E0,
2.679487918333E1));
#13716=CARTESIAN_POINT('',(-3.139776888542E1,-6.313386073693E0,
2.607808835230E1));
#13717=CARTESIAN_POINT('',(-3.168934827245E1,-6.349680734729E0,
2.566907428062E1));
#13718=CARTESIAN_POINT('',(-3.185721947418E1,-6.370630229634E0,
2.543368433138E1));
#13719=CARTESIAN_POINT('',(-3.195344335052E1,-6.382614287023E0,
2.529870276798E1));
#13720=CARTESIAN_POINT('',(-3.197663980751E1,-6.385501737838E0,
2.526615966866E1));
#13721=CARTESIAN_POINT('',(-2.566475745148E1,-4.791666956782E0,
3.523556529244E1));
#13722=CARTESIAN_POINT('',(-2.568783692103E1,-4.794058443120E0,
3.520281111617E1));
#13723=CARTESIAN_POINT('',(-2.599857726134E1,-4.826375134301E0,
3.476201086849E1));
#13724=CARTESIAN_POINT('',(-2.659250228910E1,-4.887401839379E0,
3.391998614854E1));
#13725=CARTESIAN_POINT('',(-2.773371468304E1,-5.002098451937E0,
3.230262621660E1));
#13726=CARTESIAN_POINT('',(-2.916337065175E1,-5.142613765852E0,
3.027730245416E1));
#13727=CARTESIAN_POINT('',(-3.060768505581E1,-5.284008133176E0,
2.823052402976E1));
#13728=CARTESIAN_POINT('',(-3.162040904604E1,-5.384892877151E0,
2.679410101552E1));
#13729=CARTESIAN_POINT('',(-3.212506632217E1,-5.435875654437E0,
2.607789750699E1));
#13730=CARTESIAN_POINT('',(-3.241307178879E1,-5.465187807438E0,
2.566899823833E1));
#13731=CARTESIAN_POINT('',(-3.257873106718E1,-5.482192773664E0,
2.543380373184E1));
#13732=CARTESIAN_POINT('',(-3.267386825825E1,-5.491932071046E0,
2.529862628995E1));
#13733=CARTESIAN_POINT('',(-3.269681344240E1,-5.494279109087E0,
2.526601814123E1));
#13734=CARTESIAN_POINT('',(-2.663525356397E1,-3.723956293391E0,
3.523582530908E1));
#13735=CARTESIAN_POINT('',(-2.665752241979E1,-3.725412617151E0,
3.520288996435E1));
#13736=CARTESIAN_POINT('',(-2.695610847748E1,-3.745056646279E0,
3.476155735372E1));
#13737=CARTESIAN_POINT('',(-2.752721658144E1,-3.781726567672E0,
3.391839718334E1));
#13738=CARTESIAN_POINT('',(-2.862820093514E1,-3.849378538857E0,
3.229453068469E1));
#13739=CARTESIAN_POINT('',(-3.000633130064E1,-3.930265253843E0,
3.026389444525E1));
#13740=CARTESIAN_POINT('',(-3.139112876135E1,-4.010924712385E0,
2.822237845238E1));
#13741=CARTESIAN_POINT('',(-3.236030403246E1,-4.069550245696E0,
2.679139316392E1));
#13742=CARTESIAN_POINT('',(-3.284352425808E1,-4.099664502312E0,
2.607721700717E1));
#13743=CARTESIAN_POINT('',(-3.311971029199E1,-4.117152155060E0,
2.566875750245E1));
#13744=CARTESIAN_POINT('',(-3.327833219501E1,-4.127366881246E0,
2.543415314024E1));
#13745=CARTESIAN_POINT('',(-3.337001297157E1,-4.133251698093E0,
2.529840352635E1));
#13746=CARTESIAN_POINT('',(-3.339215832289E1,-4.134671640799E0,
2.526560485686E1));
#13747=CARTESIAN_POINT('',(-2.722596259584E1,-2.823750380522E0,
3.523618581519E1));
#13748=CARTESIAN_POINT('',(-2.724704125845E1,-2.824505739856E0,
3.520299951877E1));
#13749=CARTESIAN_POINT('',(-2.752795141326E1,-2.834576598599E0,
3.476091475421E1));
#13750=CARTESIAN_POINT('',(-2.806440838223E1,-2.853870945778E0,
3.391680422217E1));
#13751=CARTESIAN_POINT('',(-2.910063641753E1,-2.891298601429E0,
3.228604321134E1));
#13752=CARTESIAN_POINT('',(-3.039429969032E1,-2.938233242060E0,
3.025007859388E1));
#13753=CARTESIAN_POINT('',(-3.168798368064E1,-2.985193496373E0,
2.821408741649E1));
#13754=CARTESIAN_POINT('',(-3.259380630039E1,-3.017954422318E0,
2.678862299914E1));
#13755=CARTESIAN_POINT('',(-3.304633787511E1,-3.034274909949E0,
2.607655081881E1));
#13756=CARTESIAN_POINT('',(-3.330567153910E1,-3.043611500253E0,
2.566846900117E1));
#13757=CARTESIAN_POINT('',(-3.345431853448E1,-3.048957742212E0,
2.543462794541E1));
#13758=CARTESIAN_POINT('',(-3.354105299479E1,-3.052073101909E0,
2.529809861359E1));
#13759=CARTESIAN_POINT('',(-3.356205049239E1,-3.052827080689E0,
2.526504139449E1));
#13760=CARTESIAN_POINT('',(-2.755298497949E1,-2.194866460903E0,
3.523647174517E1));
#13761=CARTESIAN_POINT('',(-2.757306090377E1,-2.195494583593E0,
3.520308702312E1));
#13762=CARTESIAN_POINT('',(-2.783926632358E1,-2.203821430299E0,
3.476036882979E1));
#13763=CARTESIAN_POINT('',(-2.834627452997E1,-2.219674961220E0,
3.391714211968E1));
#13764=CARTESIAN_POINT('',(-2.932683198346E1,-2.250327635274E0,
3.228637791543E1));
#13765=CARTESIAN_POINT('',(-3.055074295127E1,-2.288574250058E0,
3.025088900846E1));
#13766=CARTESIAN_POINT('',(-3.177514259861E1,-2.326834863135E0,
2.821459126448E1));
#13767=CARTESIAN_POINT('',(-3.263249890492E1,-2.353633441339E0,
2.678871715537E1));
#13768=CARTESIAN_POINT('',(-3.306063453198E1,-2.367018448208E0,
2.607667560622E1));
#13769=CARTESIAN_POINT('',(-3.330616606761E1,-2.374695882743E0,
2.566833172084E1));
#13770=CARTESIAN_POINT('',(-3.344644542380E1,-2.379081970437E0,
2.543501946561E1));
#13771=CARTESIAN_POINT('',(-3.352893513258E1,-2.381662260645E0,
2.529784144719E1));
#13772=CARTESIAN_POINT('',(-3.354894184271E1,-2.382288135129E0,
2.526457193109E1));
#13773=B_SPLINE_SURFACE_WITH_KNOTS('',3,3,((#13656,#13657,#13658,#13659,#13660,
#13661,#13662,#13663,#13664,#13665,#13666,#13667,#13668),(#13669,#13670,#13671,
#13672,#13673,#13674,#13675,#13676,#13677,#13678,#13679,#13680,#13681),(#13682,
#13683,#13684,#13685,#13686,#13687,#13688,#13689,#13690,#13691,#13692,#13693,
#13694),(#13695,#13696,#13697,#13698,#13699,#13700,#13701,#13702,#13703,#13704,
#13705,#13706,#13707),(#13708,#13709,#13710,#13711,#13712,#13713,#13714,#13715,
#13716,#13717,#13718,#13719,#13720),(#13721,#13722,#13723,#13724,#13725,#13726,
#13727,#13728,#13729,#13730,#13731,#13732,#13733),(#13734,#13735,#13736,#13737,
#13738,#13739,#13740,#13741,#13742,#13743,#13744,#13745,#13746),(#13747,#13748,
#13749,#13750,#13751,#13752,#13753,#13754,#13755,#13756,#13757,#13758,#13759),(
#13760,#13761,#13762,#13763,#13764,#13765,#13766,#13767,#13768,#13769,#13770,
#13771,#13772)),.UNSPECIFIED.,.F.,.F.,.F.,(4,1,1,1,1,1,4),(4,1,1,1,1,1,1,1,1,1,
4),(4.888524945589E1,5.101253026536E1,5.203415906898E1,5.305578787260E1,
5.407741667621E1,5.509904547983E1,5.722583514106E1),(8.864149416024E-1,1.E0,
2.426277703331E0,3.852555406663E0,6.705110813325E0,9.557666219988E0,
1.098394392332E1,1.169708277498E1,1.205365220082E1,1.241022162665E1,
1.252316980556E1),.UNSPECIFIED.);
#13775=ORIENTED_EDGE('',*,*,#13774,.F.);
#13776=ORIENTED_EDGE('',*,*,#13648,.T.);
#13777=ORIENTED_EDGE('',*,*,#6663,.F.);
#13779=ORIENTED_EDGE('',*,*,#13778,.F.);
#13780=EDGE_LOOP('',(#13775,#13776,#13777,#13779));
#13781=FACE_OUTER_BOUND('',#13780,.F.);
#13782=ADVANCED_FACE('',(#13781),#13773,.T.);
#13783=CARTESIAN_POINT('',(-2.798999993446E1,-2.459658171101E0,
1.115435712254E2));
#13784=DIRECTION('',(0.E0,0.E0,-1.E0));
#13785=DIRECTION('',(0.E0,-1.E0,0.E0));
#13786=AXIS2_PLACEMENT_3D('',#13783,#13784,#13785);
#13787=CYLINDRICAL_SURFACE('',#13786,5.5E0);
#13789=ORIENTED_EDGE('',*,*,#13788,.T.);
#13790=ORIENTED_EDGE('',*,*,#13404,.F.);
#13791=ORIENTED_EDGE('',*,*,#13774,.T.);
#13792=ORIENTED_EDGE('',*,*,#11734,.T.);
#13793=EDGE_LOOP('',(#13789,#13790,#13791,#13792));
#13794=FACE_OUTER_BOUND('',#13793,.F.);
#13795=ADVANCED_FACE('',(#13794),#13787,.T.);
#13796=CARTESIAN_POINT('',(-2.798999993446E1,-2.459658171101E0,
-3.336430019058E0));
#13797=DIRECTION('',(0.E0,0.E0,-1.E0));
#13798=DIRECTION('',(1.890054238787E-2,-9.998213687942E-1,0.E0));
#13799=AXIS2_PLACEMENT_3D('',#13796,#13797,#13798);
#13800=TOROIDAL_SURFACE('',#13799,5.2E0,3.E-1);
#13801=ORIENTED_EDGE('',*,*,#12299,.T.);
#13802=ORIENTED_EDGE('',*,*,#13367,.T.);
#13803=ORIENTED_EDGE('',*,*,#13788,.F.);
#13804=ORIENTED_EDGE('',*,*,#12279,.F.);
#13805=EDGE_LOOP('',(#13801,#13802,#13803,#13804));
#13806=FACE_OUTER_BOUND('',#13805,.F.);
#13807=ADVANCED_FACE('',(#13806),#13800,.T.);
#13808=CARTESIAN_POINT('',(-1.588699138094E1,-7.449632736970E0,
3.533328596961E1));
#13809=CARTESIAN_POINT('',(-1.335829886318E1,-7.622974714583E0,
3.194488799975E1));
#13810=CARTESIAN_POINT('',(-1.082960634542E1,-7.796316692196E0,
2.855649002989E1));
#13811=CARTESIAN_POINT('',(-8.300913827662E0,-7.969658669809E0,
2.516809206002E1));
#13812=CARTESIAN_POINT('',(-1.592019529768E1,-7.459176349999E0,
3.533328596961E1));
#13813=CARTESIAN_POINT('',(-1.342363042478E1,-7.629274746713E0,
3.194488799975E1));
#13814=CARTESIAN_POINT('',(-1.092706555187E1,-7.799373143428E0,
2.855649002989E1));
#13815=CARTESIAN_POINT('',(-8.430500678967E0,-7.969471540142E0,
2.516809206002E1));
#13816=CARTESIAN_POINT('',(-1.761615019937E1,-7.936422903632E0,
3.533328596961E1));
#13817=CARTESIAN_POINT('',(-1.675722679779E1,-7.944319857281E0,
3.194488799975E1));
#13818=CARTESIAN_POINT('',(-1.589830339620E1,-7.952216810931E0,
2.855649002989E1));
#13819=CARTESIAN_POINT('',(-1.503937999462E1,-7.960113764580E0,
2.516809206002E1));
#13820=CARTESIAN_POINT('',(-1.947365760918E1,-7.911268190004E0,
3.533328596961E1));
#13821=CARTESIAN_POINT('',(-2.024088158030E1,-7.927714458089E0,
3.194488799975E1));
#13822=CARTESIAN_POINT('',(-2.100810555141E1,-7.944160726174E0,
2.855649002989E1));
#13823=CARTESIAN_POINT('',(-2.177532952253E1,-7.960606994259E0,
2.516809206002E1));
#13824=CARTESIAN_POINT('',(-2.115696792307E1,-7.388020098999E0,
3.533328596961E1));
#13825=CARTESIAN_POINT('',(-2.356613087248E1,-7.582302319583E0,
3.194488799975E1));
#13826=CARTESIAN_POINT('',(-2.597529382188E1,-7.776584540166E0,
2.855649002989E1));
#13827=CARTESIAN_POINT('',(-2.838445677128E1,-7.970866760750E0,
2.516809206002E1));
#13828=CARTESIAN_POINT('',(-2.118991922612E1,-7.377575820581E0,
3.533328596961E1));
#13829=CARTESIAN_POINT('',(-2.363129567601E1,-7.575407730561E0,
3.194488799975E1));
#13830=CARTESIAN_POINT('',(-2.607267212591E1,-7.773239640542E0,
2.855649002989E1));
#13831=CARTESIAN_POINT('',(-2.851404857580E1,-7.971071550522E0,
2.516809206002E1));
#13832=B_SPLINE_SURFACE_WITH_KNOTS('',3,3,((#13808,#13809,#13810,#13811),
(#13812,#13813,#13814,#13815),(#13816,#13817,#13818,#13819),(#13820,#13821,
#13822,#13823),(#13824,#13825,#13826,#13827),(#13828,#13829,#13830,#13831)),
.UNSPECIFIED.,.F.,.F.,.F.,(4,1,1,4),(4,4),(-2.E-2,0.E0,1.E0,1.02E0),(-2.E-2,
1.02E0),.UNSPECIFIED.);
#13833=ORIENTED_EDGE('',*,*,#11736,.F.);
#13834=ORIENTED_EDGE('',*,*,#13778,.T.);
#13835=ORIENTED_EDGE('',*,*,#6661,.F.);
#13837=ORIENTED_EDGE('',*,*,#13836,.F.);
#13838=EDGE_LOOP('',(#13833,#13834,#13835,#13837));
#13839=FACE_OUTER_BOUND('',#13838,.F.);
#13840=ADVANCED_FACE('',(#13839),#13832,.T.);
#13841=CARTESIAN_POINT('',(-9.323737149315E0,-2.188752933254E0,
3.533460183098E1));
#13842=CARTESIAN_POINT('',(-7.277238156340E0,-2.251915198555E0,
3.192979962015E1));
#13843=CARTESIAN_POINT('',(-5.230739163365E0,-2.315077463856E0,
2.852499740933E1));
#13844=CARTESIAN_POINT('',(-3.184240170390E0,-2.378239729157E0,
2.512019519851E1));
#13845=CARTESIAN_POINT('',(-9.337473047617E0,-2.214885393016E0,
3.533458856079E1));
#13846=CARTESIAN_POINT('',(-7.286245060089E0,-2.278886240190E0,
3.192995785022E1));
#13847=CARTESIAN_POINT('',(-5.235017072562E0,-2.342887087365E0,
2.852532713965E1));
#13848=CARTESIAN_POINT('',(-3.183789085034E0,-2.406887934540E0,
2.512069642908E1));
#13849=CARTESIAN_POINT('',(-9.690518033008E0,-2.879750337008E0,
3.533425244482E1));
#13850=CARTESIAN_POINT('',(-7.519761952753E0,-2.966068937963E0,
3.193396159430E1));
#13851=CARTESIAN_POINT('',(-5.349005872497E0,-3.052387538917E0,
2.853367074379E1));
#13852=CARTESIAN_POINT('',(-3.178249792242E0,-3.138706139872E0,
2.513337989328E1));
#13853=CARTESIAN_POINT('',(-1.031855964786E1,-3.806320039452E0,
3.533384120022E1));
#13854=CARTESIAN_POINT('',(-8.010735738082E0,-3.959551279787E0,
3.193870952952E1));
#13855=CARTESIAN_POINT('',(-5.702911828305E0,-4.112782520122E0,
2.854357785882E1));
#13856=CARTESIAN_POINT('',(-3.395087918528E0,-4.266013760458E0,
2.514844618811E1));
#13857=CARTESIAN_POINT('',(-1.130441814967E1,-4.864772390756E0,
3.533349240311E1));
#13858=CARTESIAN_POINT('',(-8.900561541838E0,-5.097509031880E0,
3.194227592039E1));
#13859=CARTESIAN_POINT('',(-6.496704934010E0,-5.330245673005E0,
2.855105943766E1));
#13860=CARTESIAN_POINT('',(-4.092848326182E0,-5.562982314130E0,
2.515984295494E1));
#13861=CARTESIAN_POINT('',(-1.212144458253E1,-5.578660983332E0,
3.533331180905E1));
#13862=CARTESIAN_POINT('',(-9.672239155167E0,-5.848583919779E0,
3.194404821972E1));
#13863=CARTESIAN_POINT('',(-7.223033727808E0,-6.118506856226E0,
2.855478463039E1));
#13864=CARTESIAN_POINT('',(-4.773828300448E0,-6.388429792673E0,
2.516552104106E1));
#13865=CARTESIAN_POINT('',(-1.300743474576E1,-6.204723155740E0,
3.533321286810E1));
#13866=CARTESIAN_POINT('',(-1.053766954596E1,-6.492869567363E0,
3.194493876063E1));
#13867=CARTESIAN_POINT('',(-8.067904346154E0,-6.781015978987E0,
2.855666465317E1));
#13868=CARTESIAN_POINT('',(-5.598139146351E0,-7.069162390611E0,
2.516839054570E1));
#13869=CARTESIAN_POINT('',(-1.426776416372E1,-6.913564996764E0,
3.533319969397E1));
#13870=CARTESIAN_POINT('',(-1.180876629243E1,-7.197506305946E0,
3.194468356368E1));
#13871=CARTESIAN_POINT('',(-9.349768421137E0,-7.481447615127E0,
2.855616743339E1));
#13872=CARTESIAN_POINT('',(-6.890770549844E0,-7.765388924309E0,
2.516765130310E1));
#13873=CARTESIAN_POINT('',(-1.531551432497E1,-7.305790180661E0,
3.533330257043E1));
#13874=CARTESIAN_POINT('',(-1.288152905330E1,-7.529926925911E0,
3.194355668898E1));
#13875=CARTESIAN_POINT('',(-1.044754378164E1,-7.754063671162E0,
2.855381080753E1));
#13876=CARTESIAN_POINT('',(-8.013558509972E0,-7.978200416412E0,
2.516406492608E1));
#13877=CARTESIAN_POINT('',(-1.604425950239E1,-7.492541921751E0,
3.533339742276E1));
#13878=CARTESIAN_POINT('',(-1.361066141441E1,-7.651316874529E0,
3.194315704578E1));
#13879=CARTESIAN_POINT('',(-1.117706332643E1,-7.810091827308E0,
2.855291666880E1));
#13880=CARTESIAN_POINT('',(-8.743465238450E0,-7.968866780086E0,
2.516267629182E1));
#13881=CARTESIAN_POINT('',(-1.607302365710E1,-7.499783994103E0,
3.533340119984E1));
#13882=CARTESIAN_POINT('',(-1.363941370586E1,-7.655942908538E0,
3.194314190149E1));
#13883=CARTESIAN_POINT('',(-1.120580375463E1,-7.812101822973E0,
2.855288260315E1));
#13884=CARTESIAN_POINT('',(-8.772193803390E0,-7.968260737408E0,
2.516262330480E1));
#13885=B_SPLINE_SURFACE_WITH_KNOTS('',3,3,((#13841,#13842,#13843,#13844),
(#13845,#13846,#13847,#13848),(#13849,#13850,#13851,#13852),(#13853,#13854,
#13855,#13856),(#13857,#13858,#13859,#13860),(#13861,#13862,#13863,#13864),(
#13865,#13866,#13867,#13868),(#13869,#13870,#13871,#13872),(#13873,#13874,
#13875,#13876),(#13877,#13878,#13879,#13880),(#13881,#13882,#13883,#13884)),
.UNSPECIFIED.,.F.,.F.,.F.,(4,1,1,1,1,1,1,1,4),(4,4),(-1.020435884507E-2,0.E0,
2.5E-1,3.75E-1,5.E-1,6.25E-1,7.5E-1,1.E0,1.010261548132E0),(-1.028949569104E-2,
9.427509609280E-1),.UNSPECIFIED.);
#13887=ORIENTED_EDGE('',*,*,#13886,.F.);
#13888=ORIENTED_EDGE('',*,*,#13836,.T.);
#13889=ORIENTED_EDGE('',*,*,#6659,.F.);
#13891=ORIENTED_EDGE('',*,*,#13890,.F.);
#13892=EDGE_LOOP('',(#13887,#13888,#13889,#13891));
#13893=FACE_OUTER_BOUND('',#13892,.F.);
#13894=ADVANCED_FACE('',(#13893),#13885,.T.);
#13895=CARTESIAN_POINT('',(-8.829999934456E0,-2.459658171101E0,
-4.362843419869E-12));
#13896=DIRECTION('',(0.E0,0.E0,1.E0));
#13897=DIRECTION('',(0.E0,-1.E0,0.E0));
#13898=AXIS2_PLACEMENT_3D('',#13895,#13896,#13897);
#13899=CYLINDRICAL_SURFACE('',#13898,5.5E0);
#13901=ORIENTED_EDGE('',*,*,#13900,.T.);
#13902=ORIENTED_EDGE('',*,*,#11738,.F.);
#13903=ORIENTED_EDGE('',*,*,#13886,.T.);
#13905=ORIENTED_EDGE('',*,*,#13904,.F.);
#13906=EDGE_LOOP('',(#13901,#13902,#13903,#13905));
#13907=FACE_OUTER_BOUND('',#13906,.F.);
#13908=ADVANCED_FACE('',(#13907),#13899,.T.);
#13909=CARTESIAN_POINT('',(-8.829999934456E0,-2.459658171101E0,
-3.336430019060E0));
#13910=DIRECTION('',(0.E0,0.E0,1.E0));
#13911=DIRECTION('',(9.996395370223E-1,2.684764462534E-2,0.E0));
#13912=AXIS2_PLACEMENT_3D('',#13909,#13910,#13911);
#13913=TOROIDAL_SURFACE('',#13912,5.2E0,3.E-1);
#13914=ORIENTED_EDGE('',*,*,#12302,.T.);
#13915=ORIENTED_EDGE('',*,*,#12282,.T.);
#13916=ORIENTED_EDGE('',*,*,#13900,.F.);
#13918=ORIENTED_EDGE('',*,*,#13917,.F.);
#13919=EDGE_LOOP('',(#13914,#13915,#13916,#13918));
#13920=FACE_OUTER_BOUND('',#13919,.F.);
#13921=ADVANCED_FACE('',(#13920),#13913,.T.);
#13922=CARTESIAN_POINT('',(-3.629999934456E0,5.386019891901E1,
-3.336430019060E0));
#13923=DIRECTION('',(0.E0,-1.E0,0.E0));
#13924=DIRECTION('',(-7.845576040684E-14,0.E0,-1.E0));
#13925=AXIS2_PLACEMENT_3D('',#13922,#13923,#13924);
#13926=CYLINDRICAL_SURFACE('',#13925,3.E-1);
#13927=ORIENTED_EDGE('',*,*,#6901,.T.);
#13928=ORIENTED_EDGE('',*,*,#12304,.T.);
#13929=ORIENTED_EDGE('',*,*,#13917,.T.);
#13931=ORIENTED_EDGE('',*,*,#13930,.F.);
#13932=EDGE_LOOP('',(#13927,#13928,#13929,#13931));
#13933=FACE_OUTER_BOUND('',#13932,.F.);
#13934=ADVANCED_FACE('',(#13933),#13926,.T.);
#13935=CARTESIAN_POINT('',(-3.329999934456E0,4.034182907355E-2,
1.084215952778E1));
#13936=DIRECTION('',(-1.E0,0.E0,0.E0));
#13937=DIRECTION('',(0.E0,-1.E0,0.E0));
#13938=AXIS2_PLACEMENT_3D('',#13935,#13936,#13937);
#13939=PLANE('',#13938);
#13940=ORIENTED_EDGE('',*,*,#13930,.T.);
#13941=ORIENTED_EDGE('',*,*,#13904,.T.);
#13943=ORIENTED_EDGE('',*,*,#13942,.T.);
#13944=ORIENTED_EDGE('',*,*,#6903,.T.);
#13945=EDGE_LOOP('',(#13940,#13941,#13943,#13944));
#13946=FACE_OUTER_BOUND('',#13945,.F.);
#13948=ORIENTED_EDGE('',*,*,#13947,.F.);
#13950=ORIENTED_EDGE('',*,*,#13949,.F.);
#13952=ORIENTED_EDGE('',*,*,#13951,.T.);
#13954=ORIENTED_EDGE('',*,*,#13953,.T.);
#13955=EDGE_LOOP('',(#13948,#13950,#13952,#13954));
#13956=FACE_BOUND('',#13955,.F.);
#13958=ORIENTED_EDGE('',*,*,#13957,.T.);
#13960=ORIENTED_EDGE('',*,*,#13959,.T.);
#13962=ORIENTED_EDGE('',*,*,#13961,.F.);
#13964=ORIENTED_EDGE('',*,*,#13963,.F.);
#13965=EDGE_LOOP('',(#13958,#13960,#13962,#13964));
#13966=FACE_BOUND('',#13965,.F.);
#13967=ADVANCED_FACE('',(#13946,#13956,#13966),#13939,.F.);
#13968=CARTESIAN_POINT('',(-2.329999934456E0,5.130683657799E0,
7.563569980937E0));
#13969=DIRECTION('',(0.E0,-1.E0,0.E0));
#13970=DIRECTION('',(-1.E0,0.E0,0.E0));
#13971=AXIS2_PLACEMENT_3D('',#13968,#13969,#13970);
#13972=CYLINDRICAL_SURFACE('',#13971,1.E0);
#13974=ORIENTED_EDGE('',*,*,#13973,.F.);
#13976=ORIENTED_EDGE('',*,*,#13975,.F.);
#13978=ORIENTED_EDGE('',*,*,#13977,.T.);
#13979=ORIENTED_EDGE('',*,*,#13957,.F.);
#13980=EDGE_LOOP('',(#13974,#13976,#13978,#13979));
#13981=FACE_OUTER_BOUND('',#13980,.F.);
#13982=ADVANCED_FACE('',(#13981),#13972,.F.);
#13983=CARTESIAN_POINT('',(-3.006649856484E0,2.152776805604E0,
2.247000995993E0));
#13984=DIRECTION('',(-2.079116908179E-1,-9.781476007338E-1,0.E0));
#13985=DIRECTION('',(9.781476007338E-1,-2.079116908179E-1,0.E0));
#13986=AXIS2_PLACEMENT_3D('',#13983,#13984,#13985);
#13987=PLANE('',#13986);
#13989=ORIENTED_EDGE('',*,*,#13988,.T.);
#13991=ORIENTED_EDGE('',*,*,#13990,.T.);
#13992=ORIENTED_EDGE('',*,*,#13973,.T.);
#13993=ORIENTED_EDGE('',*,*,#13963,.T.);
#13995=ORIENTED_EDGE('',*,*,#13994,.T.);
#13996=EDGE_LOOP('',(#13989,#13991,#13992,#13993,#13995));
#13997=FACE_OUTER_BOUND('',#13996,.F.);
#13998=ADVANCED_FACE('',(#13997),#13987,.F.);
#13999=CARTESIAN_POINT('',(-2.266914732154E0,4.045685828899E0,
-4.362843419869E-12));
#14000=DIRECTION('',(0.E0,0.E0,-1.E0));
#14001=DIRECTION('',(1.E0,0.E0,0.E0));
#14002=AXIS2_PLACEMENT_3D('',#13999,#14000,#14001);
#14003=CYLINDRICAL_SURFACE('',#14002,2.005344E0);
#14005=ORIENTED_EDGE('',*,*,#14004,.F.);
#14007=ORIENTED_EDGE('',*,*,#14006,.T.);
#14008=ORIENTED_EDGE('',*,*,#13988,.F.);
#14010=ORIENTED_EDGE('',*,*,#14009,.F.);
#14012=ORIENTED_EDGE('',*,*,#14011,.F.);
#14013=EDGE_LOOP('',(#14005,#14007,#14008,#14010,#14012));
#14014=FACE_OUTER_BOUND('',#14013,.F.);
#14015=ADVANCED_FACE('',(#14014),#14003,.F.);
#14016=CARTESIAN_POINT('',(-1.329999933420E0,2.040341828899E0,
2.299047960710E0));
#14017=DIRECTION('',(0.E0,-1.E0,0.E0));
#14018=DIRECTION('',(1.E0,0.E0,0.E0));
#14019=AXIS2_PLACEMENT_3D('',#14016,#14017,#14018);
#14020=PLANE('',#14019);
#14021=ORIENTED_EDGE('',*,*,#14004,.T.);
#14022=ORIENTED_EDGE('',*,*,#14011,.T.);
#14024=ORIENTED_EDGE('',*,*,#14023,.F.);
#14026=ORIENTED_EDGE('',*,*,#14025,.F.);
#14028=ORIENTED_EDGE('',*,*,#14027,.F.);
#14029=EDGE_LOOP('',(#14021,#14022,#14024,#14026,#14028));
#14030=FACE_OUTER_BOUND('',#14029,.F.);
#14031=ADVANCED_FACE('',(#14030),#14020,.F.);
#14032=CARTESIAN_POINT('',(-1.329999934456E0,1.760221446263E0,
-3.136430019063E0));
#14033=DIRECTION('',(0.E0,-1.E0,0.E0));
#14034=DIRECTION('',(-7.071067811534E-1,0.E0,7.071067812197E-1));
#14035=AXIS2_PLACEMENT_3D('',#14032,#14033,#14034);
#14036=CONICAL_SURFACE('',#14035,1.559541425387E0,1.199999999998E1);
#14038=ORIENTED_EDGE('',*,*,#14037,.T.);
#14039=ORIENTED_EDGE('',*,*,#14023,.T.);
#14041=ORIENTED_EDGE('',*,*,#14040,.T.);
#14043=ORIENTED_EDGE('',*,*,#14042,.T.);
#14044=EDGE_LOOP('',(#14038,#14039,#14041,#14043));
#14045=FACE_OUTER_BOUND('',#14044,.F.);
#14046=ADVANCED_FACE('',(#14045),#14036,.F.);
#14047=CARTESIAN_POINT('',(-1.329999932239E0,-1.408596607618E1,
-8.742458231883E0));
#14048=DIRECTION('',(1.E0,0.E0,0.E0));
#14049=DIRECTION('',(0.E0,0.E0,1.E0));
#14050=AXIS2_PLACEMENT_3D('',#14047,#14048,#14049);
#14051=PLANE('',#14050);
#14053=ORIENTED_EDGE('',*,*,#14052,.T.);
#14055=ORIENTED_EDGE('',*,*,#14054,.F.);
#14056=ORIENTED_EDGE('',*,*,#14025,.T.);
#14057=ORIENTED_EDGE('',*,*,#14037,.F.);
#14058=EDGE_LOOP('',(#14053,#14055,#14056,#14057));
#14059=FACE_OUTER_BOUND('',#14058,.F.);
#14060=ADVANCED_FACE('',(#14059),#14051,.T.);
#14061=CARTESIAN_POINT('',(-1.329999934456E0,-4.409658171101E0,
2.393440106827E0));
#14062=DIRECTION('',(0.E0,0.E0,-1.E0));
#14063=DIRECTION('',(3.333333333333E-1,9.428090415821E-1,0.E0));
#14064=AXIS2_PLACEMENT_3D('',#14061,#14062,#14063);
#14065=CYLINDRICAL_SURFACE('',#14064,6.E0);
#14067=ORIENTED_EDGE('',*,*,#14066,.T.);
#14068=ORIENTED_EDGE('',*,*,#14052,.F.);
#14069=ORIENTED_EDGE('',*,*,#14042,.F.);
#14071=ORIENTED_EDGE('',*,*,#14070,.T.);
#14072=ORIENTED_EDGE('',*,*,#13959,.F.);
#14073=ORIENTED_EDGE('',*,*,#13977,.F.);
#14074=EDGE_LOOP('',(#14067,#14068,#14069,#14071,#14072,#14073));
#14075=FACE_OUTER_BOUND('',#14074,.F.);
#14076=ADVANCED_FACE('',(#14075),#14065,.F.);
#14077=CARTESIAN_POINT('',(-1.329999934456E0,1.773772969615E0,
6.563569980937E0));
#14078=DIRECTION('',(0.E0,0.E0,1.E0));
#14079=DIRECTION('',(-1.E0,0.E0,0.E0));
#14080=AXIS2_PLACEMENT_3D('',#14077,#14078,#14079);
#14081=PLANE('',#14080);
#14082=ORIENTED_EDGE('',*,*,#13990,.F.);
#14083=ORIENTED_EDGE('',*,*,#14006,.F.);
#14084=ORIENTED_EDGE('',*,*,#14027,.T.);
#14085=ORIENTED_EDGE('',*,*,#14054,.T.);
#14086=ORIENTED_EDGE('',*,*,#14066,.F.);
#14087=ORIENTED_EDGE('',*,*,#13975,.T.);
#14088=EDGE_LOOP('',(#14082,#14083,#14084,#14085,#14086,#14087));
#14089=FACE_OUTER_BOUND('',#14088,.F.);
#14090=ADVANCED_FACE('',(#14089),#14081,.T.);
#14091=CARTESIAN_POINT('',(-2.860045746120E0,1.862399910954E0,
-2.491666080047E0));
#14092=DIRECTION('',(-6.916548014802E-1,2.079116908181E-1,6.916548014802E-1));
#14093=DIRECTION('',(-7.222282434171E-1,-1.991103512621E-1,-6.623755977019E-1));
#14094=AXIS2_PLACEMENT_3D('',#14091,#14092,#14093);
#14095=PLANE('',#14094);
#14096=ORIENTED_EDGE('',*,*,#13994,.F.);
#14097=ORIENTED_EDGE('',*,*,#13961,.T.);
#14098=ORIENTED_EDGE('',*,*,#14070,.F.);
#14099=ORIENTED_EDGE('',*,*,#14040,.F.);
#14100=ORIENTED_EDGE('',*,*,#14009,.T.);
#14101=EDGE_LOOP('',(#14096,#14097,#14098,#14099,#14100));
#14102=FACE_OUTER_BOUND('',#14101,.F.);
#14103=ADVANCED_FACE('',(#14102),#14095,.F.);
#14104=CARTESIAN_POINT('',(-3.006649851840E0,2.152776804617E0,
1.893013896623E1));
#14105=DIRECTION('',(-2.079116908180E-1,-9.781476007338E-1,0.E0));
#14106=DIRECTION('',(9.781476007338E-1,-2.079116908180E-1,0.E0));
#14107=AXIS2_PLACEMENT_3D('',#14104,#14105,#14106);
#14108=PLANE('',#14107);
#14110=ORIENTED_EDGE('',*,*,#14109,.T.);
#14112=ORIENTED_EDGE('',*,*,#14111,.F.);
#14113=ORIENTED_EDGE('',*,*,#13947,.T.);
#14115=ORIENTED_EDGE('',*,*,#14114,.T.);
#14116=EDGE_LOOP('',(#14110,#14112,#14113,#14115));
#14117=FACE_OUTER_BOUND('',#14116,.F.);
#14118=ADVANCED_FACE('',(#14117),#14108,.F.);
#14119=CARTESIAN_POINT('',(-2.266914627050E0,4.045686828899E0,
-4.362843419869E-12));
#14120=DIRECTION('',(0.E0,0.E0,-1.E0));
#14121=DIRECTION('',(0.E0,1.E0,0.E0));
#14122=AXIS2_PLACEMENT_3D('',#14119,#14120,#14121);
#14123=CYLINDRICAL_SURFACE('',#14122,2.005345E0);
#14125=ORIENTED_EDGE('',*,*,#14124,.F.);
#14127=ORIENTED_EDGE('',*,*,#14126,.F.);
#14129=ORIENTED_EDGE('',*,*,#14128,.F.);
#14131=ORIENTED_EDGE('',*,*,#14130,.T.);
#14132=ORIENTED_EDGE('',*,*,#14109,.F.);
#14134=ORIENTED_EDGE('',*,*,#14133,.F.);
#14136=ORIENTED_EDGE('',*,*,#14135,.T.);
#14137=EDGE_LOOP('',(#14125,#14127,#14129,#14131,#14132,#14134,#14136));
#14138=FACE_OUTER_BOUND('',#14137,.F.);
#14139=ADVANCED_FACE('',(#14138),#14123,.F.);
#14140=CARTESIAN_POINT('',(-1.329999932239E0,2.040341828899E0,
1.887809205184E1));
#14141=DIRECTION('',(0.E0,-1.E0,0.E0));
#14142=DIRECTION('',(1.E0,0.E0,0.E0));
#14143=AXIS2_PLACEMENT_3D('',#14140,#14141,#14142);
#14144=PLANE('',#14143);
#14145=ORIENTED_EDGE('',*,*,#14126,.T.);
#14146=ORIENTED_EDGE('',*,*,#14124,.T.);
#14148=ORIENTED_EDGE('',*,*,#14147,.F.);
#14150=ORIENTED_EDGE('',*,*,#14149,.F.);
#14152=ORIENTED_EDGE('',*,*,#14151,.F.);
#14153=ORIENTED_EDGE('',*,*,#14128,.T.);
#14154=EDGE_LOOP('',(#14145,#14146,#14148,#14150,#14152,#14153));
#14155=FACE_OUTER_BOUND('',#14154,.F.);
#14156=ADVANCED_FACE('',(#14155),#14144,.F.);
#14157=CARTESIAN_POINT('',(-1.329999934456E0,1.773875471895E0,
1.456356998094E1));
#14158=DIRECTION('',(0.E0,0.E0,1.E0));
#14159=DIRECTION('',(0.E0,-1.E0,0.E0));
#14160=AXIS2_PLACEMENT_3D('',#14157,#14158,#14159);
#14161=PLANE('',#14160);
#14163=ORIENTED_EDGE('',*,*,#14162,.F.);
#14164=ORIENTED_EDGE('',*,*,#14147,.T.);
#14165=ORIENTED_EDGE('',*,*,#14135,.F.);
#14167=ORIENTED_EDGE('',*,*,#14166,.T.);
#14169=ORIENTED_EDGE('',*,*,#14168,.F.);
#14170=EDGE_LOOP('',(#14163,#14164,#14165,#14167,#14169));
#14171=FACE_OUTER_BOUND('',#14170,.F.);
#14172=ADVANCED_FACE('',(#14171),#14161,.F.);
#14173=CARTESIAN_POINT('',(-1.329999932239E0,-1.408596607618E1,
-8.742458231883E0));
#14174=DIRECTION('',(1.E0,0.E0,0.E0));
#14175=DIRECTION('',(0.E0,0.E0,1.E0));
#14176=AXIS2_PLACEMENT_3D('',#14173,#14174,#14175);
#14177=PLANE('',#14176);
#14179=ORIENTED_EDGE('',*,*,#14178,.T.);
#14181=ORIENTED_EDGE('',*,*,#14180,.F.);
#14182=ORIENTED_EDGE('',*,*,#14149,.T.);
#14183=ORIENTED_EDGE('',*,*,#14162,.T.);
#14184=EDGE_LOOP('',(#14179,#14181,#14182,#14183));
#14185=FACE_OUTER_BOUND('',#14184,.F.);
#14186=ADVANCED_FACE('',(#14185),#14177,.T.);
#14187=CARTESIAN_POINT('',(-1.329999934456E0,-4.409658171101E0,
1.878369985540E1));
#14188=DIRECTION('',(0.E0,0.E0,-1.E0));
#14189=DIRECTION('',(3.333333236231E-1,9.428090450151E-1,0.E0));
#14190=AXIS2_PLACEMENT_3D('',#14187,#14188,#14189);
#14191=CYLINDRICAL_SURFACE('',#14190,6.E0);
#14192=ORIENTED_EDGE('',*,*,#14178,.F.);
#14193=ORIENTED_EDGE('',*,*,#14168,.T.);
#14195=ORIENTED_EDGE('',*,*,#14194,.F.);
#14196=ORIENTED_EDGE('',*,*,#13951,.F.);
#14198=ORIENTED_EDGE('',*,*,#14197,.T.);
#14200=ORIENTED_EDGE('',*,*,#14199,.T.);
#14201=EDGE_LOOP('',(#14192,#14193,#14195,#14196,#14198,#14200));
#14202=FACE_OUTER_BOUND('',#14201,.F.);
#14203=ADVANCED_FACE('',(#14202),#14191,.F.);
#14204=CARTESIAN_POINT('',(-2.329999934456E0,5.130683657799E0,
1.356356998094E1));
#14205=DIRECTION('',(0.E0,-1.E0,0.E0));
#14206=DIRECTION('',(-1.E0,0.E0,0.E0));
#14207=AXIS2_PLACEMENT_3D('',#14204,#14205,#14206);
#14208=CYLINDRICAL_SURFACE('',#14207,1.E0);
#14209=ORIENTED_EDGE('',*,*,#14166,.F.);
#14210=ORIENTED_EDGE('',*,*,#14133,.T.);
#14211=ORIENTED_EDGE('',*,*,#14114,.F.);
#14212=ORIENTED_EDGE('',*,*,#13953,.F.);
#14213=ORIENTED_EDGE('',*,*,#14194,.T.);
#14214=EDGE_LOOP('',(#14209,#14210,#14211,#14212,#14213));
#14215=FACE_OUTER_BOUND('',#14214,.F.);
#14216=ADVANCED_FACE('',(#14215),#14208,.F.);
#14217=CARTESIAN_POINT('',(-2.919925413792E0,1.734351532393E0,
2.374019432003E1));
#14218=DIRECTION('',(6.916548014802E-1,-2.079116908181E-1,6.916548014802E-1));
#14219=DIRECTION('',(7.071067811865E-1,0.E0,-7.071067811865E-1));
#14220=AXIS2_PLACEMENT_3D('',#14217,#14218,#14219);
#14221=PLANE('',#14220);
#14223=ORIENTED_EDGE('',*,*,#14222,.T.);
#14224=ORIENTED_EDGE('',*,*,#14197,.F.);
#14225=ORIENTED_EDGE('',*,*,#13949,.T.);
#14226=ORIENTED_EDGE('',*,*,#14111,.T.);
#14227=ORIENTED_EDGE('',*,*,#14130,.F.);
#14228=EDGE_LOOP('',(#14223,#14224,#14225,#14226,#14227));
#14229=FACE_OUTER_BOUND('',#14228,.F.);
#14230=ADVANCED_FACE('',(#14229),#14221,.T.);
#14231=CARTESIAN_POINT('',(-1.329999934456E0,1.760223428373E0,
2.436356998094E1));
#14232=DIRECTION('',(0.E0,-1.E0,1.661335729158E-14));
#14233=DIRECTION('',(7.071067813866E-1,-1.031236374098E-14,-7.071067809864E-1));
#14234=AXIS2_PLACEMENT_3D('',#14231,#14232,#14233);
#14235=CONICAL_SURFACE('',#14234,1.559541004076E0,1.199999999998E1);
#14236=ORIENTED_EDGE('',*,*,#14222,.F.);
#14237=ORIENTED_EDGE('',*,*,#14151,.T.);
#14238=ORIENTED_EDGE('',*,*,#14180,.T.);
#14239=ORIENTED_EDGE('',*,*,#14199,.F.);
#14240=EDGE_LOOP('',(#14236,#14237,#14238,#14239));
#14241=FACE_OUTER_BOUND('',#14240,.F.);
#14242=ADVANCED_FACE('',(#14241),#14235,.F.);
#14243=CARTESIAN_POINT('',(-8.155625586599E0,2.640445878945E0,
3.533440179405E1));
#14244=CARTESIAN_POINT('',(-6.508818613478E0,2.640523844169E0,
3.193164421678E1));
#14245=CARTESIAN_POINT('',(-4.862011640357E0,2.640601809392E0,
2.852888663951E1));
#14246=CARTESIAN_POINT('',(-3.215204667236E0,2.640679774615E0,
2.512612906224E1));
#14247=CARTESIAN_POINT('',(-8.155299364401E0,2.607078919492E0,
3.533440213344E1));
#14248=CARTESIAN_POINT('',(-6.508588312688E0,2.607130563056E0,
3.193164210090E1));
#14249=CARTESIAN_POINT('',(-4.861877260975E0,2.607182206620E0,
2.852888206836E1));
#14250=CARTESIAN_POINT('',(-3.215166209262E0,2.607233850185E0,
2.512612203582E1));
#14251=CARTESIAN_POINT('',(-8.146967232915E0,9.052667188595E-1,
3.533441177012E1));
#14252=CARTESIAN_POINT('',(-6.502386476449E0,9.040064149093E-1,
3.193162284484E1));
#14253=CARTESIAN_POINT('',(-4.857805719982E0,9.027461109591E-1,
2.852883391957E1));
#14254=CARTESIAN_POINT('',(-3.213224963516E0,9.014858070089E-1,
2.512604499429E1));
#14255=CARTESIAN_POINT('',(-8.582866399845E0,-8.282308984530E-1,
3.533401565284E1));
#14256=CARTESIAN_POINT('',(-6.792927954957E0,-8.313450817083E-1,
3.193620915918E1));
#14257=CARTESIAN_POINT('',(-5.002989510070E0,-8.344592649637E-1,
2.853840266552E1));
#14258=CARTESIAN_POINT('',(-3.213051065182E0,-8.375734482191E-1,
2.514059617186E1));
#14259=CARTESIAN_POINT('',(-9.396249545242E0,-2.325804000406E0,
3.533325631227E1));
#14260=CARTESIAN_POINT('',(-7.334706626362E0,-2.393803637789E0,
3.194524040914E1));
#14261=CARTESIAN_POINT('',(-5.273163707483E0,-2.461803275171E0,
2.855722450601E1));
#14262=CARTESIAN_POINT('',(-3.211620788603E0,-2.529802912554E0,
2.516920860289E1));
#14263=CARTESIAN_POINT('',(-9.412341226254E0,-2.355090260401E0,
3.533324128364E1));
#14264=CARTESIAN_POINT('',(-7.345424795676E0,-2.424386415680E0,
3.194541923704E1));
#14265=CARTESIAN_POINT('',(-5.278508365097E0,-2.493682570960E0,
2.855759719043E1));
#14266=CARTESIAN_POINT('',(-3.211591934519E0,-2.562978726240E0,
2.516977514383E1));
#14267=B_SPLINE_SURFACE_WITH_KNOTS('',3,3,((#14243,#14244,#14245,#14246),
(#14247,#14248,#14249,#14250),(#14251,#14252,#14253,#14254),(#14255,#14256,
#14257,#14258),(#14259,#14260,#14261,#14262),(#14263,#14264,#14265,#14266)),
.UNSPECIFIED.,.F.,.F.,.F.,(4,1,1,4),(4,4),(-1.999999756046E-2,0.E0,1.E0,
1.019999999952E0),(-1.024916279704E-2,9.384157881743E-1),.UNSPECIFIED.);
#14268=ORIENTED_EDGE('',*,*,#13942,.F.);
#14269=ORIENTED_EDGE('',*,*,#13890,.T.);
#14270=ORIENTED_EDGE('',*,*,#6657,.F.);
#14271=ORIENTED_EDGE('',*,*,#6905,.T.);
#14272=EDGE_LOOP('',(#14268,#14269,#14270,#14271));
#14273=FACE_OUTER_BOUND('',#14272,.F.);
#14274=ADVANCED_FACE('',(#14273),#14267,.T.);
#14275=CARTESIAN_POINT('',(-2.276000004632E1,-1.185965817110E1,
2.265556998094E1));
#14276=DIRECTION('',(0.E0,0.E0,1.E0));
#14277=DIRECTION('',(1.E0,0.E0,0.E0));
#14278=AXIS2_PLACEMENT_3D('',#14275,#14276,#14277);
#14279=PLANE('',#14278);
#14280=ORIENTED_EDGE('',*,*,#11640,.F.);
#14281=ORIENTED_EDGE('',*,*,#11652,.F.);
#14282=ORIENTED_EDGE('',*,*,#11676,.T.);
#14283=ORIENTED_EDGE('',*,*,#11618,.F.);
#14284=EDGE_LOOP('',(#14280,#14281,#14282,#14283));
#14285=FACE_OUTER_BOUND('',#14284,.F.);
#14286=ADVANCED_FACE('',(#14285),#14279,.T.);
#14287=CARTESIAN_POINT('',(-1.886E1,-1.804452518336E1,-4.362843419869E-12));
#14288=DIRECTION('',(0.E0,-6.156614753257E-1,-7.880107536067E-1));
#14289=DIRECTION('',(0.E0,7.880107536067E-1,-6.156614753257E-1));
#14290=AXIS2_PLACEMENT_3D('',#14287,#14288,#14289);
#14291=CYLINDRICAL_SURFACE('',#14290,3.E-1);
#14293=ORIENTED_EDGE('',*,*,#14292,.T.);
#14295=ORIENTED_EDGE('',*,*,#14294,.T.);
#14296=ORIENTED_EDGE('',*,*,#11160,.T.);
#14298=ORIENTED_EDGE('',*,*,#14297,.F.);
#14299=EDGE_LOOP('',(#14293,#14295,#14296,#14298));
#14300=FACE_OUTER_BOUND('',#14299,.F.);
#14301=ADVANCED_FACE('',(#14300),#14291,.T.);
#14302=CARTESIAN_POINT('',(-1.886E1,-1.190965817110E1,7.852271696950E0));
#14303=DIRECTION('',(0.E0,-7.880107536067E-1,6.156614753257E-1));
#14304=DIRECTION('',(0.E0,-6.156614753257E-1,-7.880107536067E-1));
#14305=AXIS2_PLACEMENT_3D('',#14302,#14303,#14304);
#14306=SPHERICAL_SURFACE('',#14305,3.E-1);
#14307=ORIENTED_EDGE('',*,*,#14292,.F.);
#14309=ORIENTED_EDGE('',*,*,#14308,.F.);
#14311=ORIENTED_EDGE('',*,*,#14310,.F.);
#14312=EDGE_LOOP('',(#14307,#14309,#14311));
#14313=FACE_OUTER_BOUND('',#14312,.F.);
#14314=ADVANCED_FACE('',(#14313),#14306,.T.);
#14315=CARTESIAN_POINT('',(-2.659999934456E0,-1.190965817110E1,
7.852271696950E0));
#14316=DIRECTION('',(1.E0,0.E0,0.E0));
#14317=DIRECTION('',(0.E0,-1.E0,0.E0));
#14318=AXIS2_PLACEMENT_3D('',#14315,#14316,#14317);
#14319=CYLINDRICAL_SURFACE('',#14318,3.E-1);
#14321=ORIENTED_EDGE('',*,*,#14320,.F.);
#14323=ORIENTED_EDGE('',*,*,#14322,.T.);
#14325=ORIENTED_EDGE('',*,*,#14324,.F.);
#14326=ORIENTED_EDGE('',*,*,#14308,.T.);
#14327=EDGE_LOOP('',(#14321,#14323,#14325,#14326));
#14328=FACE_OUTER_BOUND('',#14327,.F.);
#14329=ADVANCED_FACE('',(#14328),#14319,.T.);
#14330=CARTESIAN_POINT('',(-1.841000004632E1,-1.107025763342E1,
9.413936164859E0));
#14331=DIRECTION('',(0.E0,-7.880107536067E-1,6.156614753257E-1));
#14332=DIRECTION('',(1.E0,0.E0,0.E0));
#14333=AXIS2_PLACEMENT_3D('',#14330,#14331,#14332);
#14334=PLANE('',#14333);
#14335=ORIENTED_EDGE('',*,*,#11174,.F.);
#14337=ORIENTED_EDGE('',*,*,#14336,.T.);
#14338=ORIENTED_EDGE('',*,*,#14320,.T.);
#14339=ORIENTED_EDGE('',*,*,#14297,.T.);
#14340=EDGE_LOOP('',(#14335,#14337,#14338,#14339));
#14341=FACE_OUTER_BOUND('',#14340,.F.);
#14342=ADVANCED_FACE('',(#14341),#14334,.T.);
#14343=CARTESIAN_POINT('',(-1.796E1,-1.804452518336E1,-4.362843419869E-12));
#14344=DIRECTION('',(0.E0,6.156614753257E-1,7.880107536067E-1));
#14345=DIRECTION('',(0.E0,-7.880107536067E-1,6.156614753257E-1));
#14346=AXIS2_PLACEMENT_3D('',#14343,#14344,#14345);
#14347=CYLINDRICAL_SURFACE('',#14346,3.E-1);
#14348=ORIENTED_EDGE('',*,*,#11172,.T.);
#14350=ORIENTED_EDGE('',*,*,#14349,.T.);
#14352=ORIENTED_EDGE('',*,*,#14351,.T.);
#14353=ORIENTED_EDGE('',*,*,#14336,.F.);
#14354=EDGE_LOOP('',(#14348,#14350,#14352,#14353));
#14355=FACE_OUTER_BOUND('',#14354,.F.);
#14356=ADVANCED_FACE('',(#14355),#14347,.T.);
#14357=CARTESIAN_POINT('',(-1.766E1,-1.110965817110E1,8.577874144694E0));
#14358=DIRECTION('',(-1.E0,0.E0,0.E0));
#14359=DIRECTION('',(0.E0,0.E0,1.E0));
#14360=AXIS2_PLACEMENT_3D('',#14357,#14358,#14359);
#14361=PLANE('',#14360);
#14362=ORIENTED_EDGE('',*,*,#11170,.T.);
#14364=ORIENTED_EDGE('',*,*,#14363,.T.);
#14366=ORIENTED_EDGE('',*,*,#14365,.T.);
#14367=ORIENTED_EDGE('',*,*,#14349,.F.);
#14368=EDGE_LOOP('',(#14362,#14364,#14366,#14367));
#14369=FACE_OUTER_BOUND('',#14368,.F.);
#14370=ADVANCED_FACE('',(#14369),#14361,.F.);
#14371=CARTESIAN_POINT('',(-1.796E1,5.130683657799E0,7.255569980937E0));
#14372=DIRECTION('',(0.E0,-1.E0,0.E0));
#14373=DIRECTION('',(-1.E0,0.E0,0.E0));
#14374=AXIS2_PLACEMENT_3D('',#14371,#14372,#14373);
#14375=CYLINDRICAL_SURFACE('',#14374,3.E-1);
#14376=ORIENTED_EDGE('',*,*,#11168,.T.);
#14378=ORIENTED_EDGE('',*,*,#14377,.F.);
#14380=ORIENTED_EDGE('',*,*,#14379,.T.);
#14381=ORIENTED_EDGE('',*,*,#14363,.F.);
#14382=EDGE_LOOP('',(#14376,#14378,#14380,#14381));
#14383=FACE_OUTER_BOUND('',#14382,.F.);
#14384=ADVANCED_FACE('',(#14383),#14375,.T.);
#14385=CARTESIAN_POINT('',(-1.841000002316E1,-1.110965817110E1,
6.955569980937E0));
#14386=DIRECTION('',(0.E0,0.E0,1.E0));
#14387=DIRECTION('',(0.E0,-1.E0,0.E0));
#14388=AXIS2_PLACEMENT_3D('',#14385,#14386,#14387);
#14389=PLANE('',#14388);
#14390=ORIENTED_EDGE('',*,*,#11166,.T.);
#14392=ORIENTED_EDGE('',*,*,#14391,.T.);
#14394=ORIENTED_EDGE('',*,*,#14393,.T.);
#14395=ORIENTED_EDGE('',*,*,#14377,.T.);
#14396=EDGE_LOOP('',(#14390,#14392,#14394,#14395));
#14397=FACE_OUTER_BOUND('',#14396,.F.);
#14398=ADVANCED_FACE('',(#14397),#14389,.F.);
#14399=CARTESIAN_POINT('',(-1.886E1,5.130683657799E0,7.255569980937E0));
#14400=DIRECTION('',(0.E0,1.E0,0.E0));
#14401=DIRECTION('',(1.E0,0.E0,0.E0));
#14402=AXIS2_PLACEMENT_3D('',#14399,#14400,#14401);
#14403=CYLINDRICAL_SURFACE('',#14402,3.E-1);
#14404=ORIENTED_EDGE('',*,*,#11164,.T.);
#14406=ORIENTED_EDGE('',*,*,#14405,.F.);
#14408=ORIENTED_EDGE('',*,*,#14407,.T.);
#14409=ORIENTED_EDGE('',*,*,#14391,.F.);
#14410=EDGE_LOOP('',(#14404,#14406,#14408,#14409));
#14411=FACE_OUTER_BOUND('',#14410,.F.);
#14412=ADVANCED_FACE('',(#14411),#14403,.T.);
#14413=CARTESIAN_POINT('',(-1.916E1,-1.110965817111E1,8.577874144710E0));
#14414=DIRECTION('',(-1.E0,0.E0,0.E0));
#14415=DIRECTION('',(0.E0,-1.E0,0.E0));
#14416=AXIS2_PLACEMENT_3D('',#14413,#14414,#14415);
#14417=PLANE('',#14416);
#14418=ORIENTED_EDGE('',*,*,#11162,.F.);
#14419=ORIENTED_EDGE('',*,*,#14294,.F.);
#14421=ORIENTED_EDGE('',*,*,#14420,.T.);
#14422=ORIENTED_EDGE('',*,*,#14405,.T.);
#14423=EDGE_LOOP('',(#14418,#14419,#14421,#14422));
#14424=FACE_OUTER_BOUND('',#14423,.F.);
#14425=ADVANCED_FACE('',(#14424),#14417,.T.);
#14426=CARTESIAN_POINT('',(-1.886E1,-1.190965817110E1,-4.362843419869E-12));
#14427=DIRECTION('',(0.E0,0.E0,1.E0));
#14428=DIRECTION('',(-1.E0,0.E0,0.E0));
#14429=AXIS2_PLACEMENT_3D('',#14426,#14427,#14428);
#14430=CYLINDRICAL_SURFACE('',#14429,3.E-1);
#14431=ORIENTED_EDGE('',*,*,#14420,.F.);
#14432=ORIENTED_EDGE('',*,*,#14310,.T.);
#14434=ORIENTED_EDGE('',*,*,#14433,.F.);
#14436=ORIENTED_EDGE('',*,*,#14435,.T.);
#14437=EDGE_LOOP('',(#14431,#14432,#14434,#14436));
#14438=FACE_OUTER_BOUND('',#14437,.F.);
#14439=ADVANCED_FACE('',(#14438),#14430,.T.);
#14440=CARTESIAN_POINT('',(-1.841000004632E1,-1.220965817110E1,
7.553920838937E0));
#14441=DIRECTION('',(0.E0,-1.E0,0.E0));
#14442=DIRECTION('',(-1.E0,0.E0,0.E0));
#14443=AXIS2_PLACEMENT_3D('',#14440,#14441,#14442);
#14444=PLANE('',#14443);
#14446=ORIENTED_EDGE('',*,*,#14445,.T.);
#14447=ORIENTED_EDGE('',*,*,#14433,.T.);
#14448=ORIENTED_EDGE('',*,*,#14324,.T.);
#14450=ORIENTED_EDGE('',*,*,#14449,.T.);
#14451=EDGE_LOOP('',(#14446,#14447,#14448,#14450));
#14452=FACE_OUTER_BOUND('',#14451,.F.);
#14453=ADVANCED_FACE('',(#14452),#14444,.T.);
#14454=CARTESIAN_POINT('',(-2.659999934456E0,-1.190965817110E1,
7.255569980937E0));
#14455=DIRECTION('',(-1.E0,0.E0,0.E0));
#14456=DIRECTION('',(0.E0,1.E0,0.E0));
#14457=AXIS2_PLACEMENT_3D('',#14454,#14455,#14456);
#14458=CYLINDRICAL_SURFACE('',#14457,3.E-1);
#14460=ORIENTED_EDGE('',*,*,#14459,.T.);
#14461=ORIENTED_EDGE('',*,*,#14393,.F.);
#14463=ORIENTED_EDGE('',*,*,#14462,.T.);
#14464=ORIENTED_EDGE('',*,*,#14445,.F.);
#14465=EDGE_LOOP('',(#14460,#14461,#14463,#14464));
#14466=FACE_OUTER_BOUND('',#14465,.F.);
#14467=ADVANCED_FACE('',(#14466),#14458,.T.);
#14468=CARTESIAN_POINT('',(-1.796E1,-1.190965817110E1,7.255569980937E0));
#14469=DIRECTION('',(0.E0,-1.E0,0.E0));
#14470=DIRECTION('',(-1.E0,0.E0,0.E0));
#14471=AXIS2_PLACEMENT_3D('',#14468,#14469,#14470);
#14472=SPHERICAL_SURFACE('',#14471,3.E-1);
#14473=ORIENTED_EDGE('',*,*,#14459,.F.);
#14475=ORIENTED_EDGE('',*,*,#14474,.F.);
#14476=ORIENTED_EDGE('',*,*,#14379,.F.);
#14477=EDGE_LOOP('',(#14473,#14475,#14476));
#14478=FACE_OUTER_BOUND('',#14477,.F.);
#14479=ADVANCED_FACE('',(#14478),#14472,.T.);
#14480=CARTESIAN_POINT('',(-1.796E1,-1.190965817110E1,-4.362843419869E-12));
#14481=DIRECTION('',(0.E0,0.E0,-1.E0));
#14482=DIRECTION('',(1.E0,0.E0,0.E0));
#14483=AXIS2_PLACEMENT_3D('',#14480,#14481,#14482);
#14484=CYLINDRICAL_SURFACE('',#14483,3.E-1);
#14485=ORIENTED_EDGE('',*,*,#14449,.F.);
#14487=ORIENTED_EDGE('',*,*,#14486,.T.);
#14488=ORIENTED_EDGE('',*,*,#14365,.F.);
#14489=ORIENTED_EDGE('',*,*,#14474,.T.);
#14490=EDGE_LOOP('',(#14485,#14487,#14488,#14489));
#14491=FACE_OUTER_BOUND('',#14490,.F.);
#14492=ADVANCED_FACE('',(#14491),#14484,.T.);
#14493=CARTESIAN_POINT('',(-1.796E1,-1.190965817110E1,7.852271696950E0));
#14494=DIRECTION('',(1.E0,0.E0,0.E0));
#14495=DIRECTION('',(0.E0,-1.E0,0.E0));
#14496=AXIS2_PLACEMENT_3D('',#14493,#14494,#14495);
#14497=SPHERICAL_SURFACE('',#14496,3.E-1);
#14498=ORIENTED_EDGE('',*,*,#14351,.F.);
#14499=ORIENTED_EDGE('',*,*,#14486,.F.);
#14500=ORIENTED_EDGE('',*,*,#14322,.F.);
#14501=EDGE_LOOP('',(#14498,#14499,#14500));
#14502=FACE_OUTER_BOUND('',#14501,.F.);
#14503=ADVANCED_FACE('',(#14502),#14497,.T.);
#14504=CARTESIAN_POINT('',(-1.886E1,-1.190965817110E1,7.255569980937E0));
#14505=DIRECTION('',(-1.E0,0.E0,0.E0));
#14506=DIRECTION('',(0.E0,1.E0,0.E0));
#14507=AXIS2_PLACEMENT_3D('',#14504,#14505,#14506);
#14508=SPHERICAL_SURFACE('',#14507,3.E-1);
#14509=ORIENTED_EDGE('',*,*,#14407,.F.);
#14510=ORIENTED_EDGE('',*,*,#14435,.F.);
#14511=ORIENTED_EDGE('',*,*,#14462,.F.);
#14512=EDGE_LOOP('',(#14509,#14510,#14511));
#14513=FACE_OUTER_BOUND('',#14512,.F.);
#14514=ADVANCED_FACE('',(#14513),#14508,.T.);
#14515=CARTESIAN_POINT('',(-7.806624707645E0,7.116401966302E-1,
3.636356998094E1));
#14516=DIRECTION('',(0.E0,0.E0,1.E0));
#14517=DIRECTION('',(0.E0,-1.E0,0.E0));
#14518=AXIS2_PLACEMENT_3D('',#14515,#14516,#14517);
#14519=PLANE('',#14518);
#14520=ORIENTED_EDGE('',*,*,#6908,.T.);
#14521=ORIENTED_EDGE('',*,*,#6653,.F.);
#14523=ORIENTED_EDGE('',*,*,#14522,.F.);
#14524=EDGE_LOOP('',(#14520,#14521,#14523));
#14525=FACE_OUTER_BOUND('',#14524,.F.);
#14526=ADVANCED_FACE('',(#14525),#14519,.F.);
#14527=CARTESIAN_POINT('',(-1.105999993446E1,2.540341828899E0,
3.686356998094E1));
#14528=DIRECTION('',(0.E0,0.E0,1.E0));
#14529=DIRECTION('',(-1.E0,0.E0,0.E0));
#14530=AXIS2_PLACEMENT_3D('',#14527,#14528,#14529);
#14531=TOROIDAL_SURFACE('',#14530,4.E0,5.E-1);
#14532=ORIENTED_EDGE('',*,*,#14522,.T.);
#14533=ORIENTED_EDGE('',*,*,#6651,.F.);
#14535=ORIENTED_EDGE('',*,*,#14534,.F.);
#14536=ORIENTED_EDGE('',*,*,#6910,.T.);
#14537=EDGE_LOOP('',(#14532,#14533,#14535,#14536));
#14538=FACE_OUTER_BOUND('',#14537,.F.);
#14539=ADVANCED_FACE('',(#14538),#14531,.T.);
#14540=CARTESIAN_POINT('',(-1.105999993446E1,2.540341828899E0,
4.236356998094E1));
#14541=DIRECTION('',(0.E0,0.E0,1.E0));
#14542=DIRECTION('',(1.E0,0.E0,0.E0));
#14543=AXIS2_PLACEMENT_3D('',#14540,#14541,#14542);
#14544=CYLINDRICAL_SURFACE('',#14543,4.5E0);
#14545=ORIENTED_EDGE('',*,*,#6649,.F.);
#14547=ORIENTED_EDGE('',*,*,#14546,.T.);
#14548=ORIENTED_EDGE('',*,*,#6912,.F.);
#14549=ORIENTED_EDGE('',*,*,#14534,.T.);
#14550=EDGE_LOOP('',(#14545,#14547,#14548,#14549));
#14551=FACE_OUTER_BOUND('',#14550,.F.);
#14552=ADVANCED_FACE('',(#14551),#14544,.T.);
#14553=CARTESIAN_POINT('',(-1.105999993446E1,2.540341828899E0,
4.186356998094E1));
#14554=DIRECTION('',(0.E0,0.E0,1.E0));
#14555=DIRECTION('',(-1.E0,0.E0,0.E0));
#14556=AXIS2_PLACEMENT_3D('',#14553,#14554,#14555);
#14557=TOROIDAL_SURFACE('',#14556,4.E0,5.E-1);
#14559=ORIENTED_EDGE('',*,*,#14558,.T.);
#14560=ORIENTED_EDGE('',*,*,#6914,.T.);
#14561=ORIENTED_EDGE('',*,*,#14546,.F.);
#14562=ORIENTED_EDGE('',*,*,#6647,.F.);
#14563=EDGE_LOOP('',(#14559,#14560,#14561,#14562));
#14564=FACE_OUTER_BOUND('',#14563,.F.);
#14565=ADVANCED_FACE('',(#14564),#14557,.T.);
#14566=CARTESIAN_POINT('',(-7.806624707645E0,7.116401966302E-1,
4.236356998094E1));
#14567=DIRECTION('',(0.E0,0.E0,1.E0));
#14568=DIRECTION('',(0.E0,-1.E0,0.E0));
#14569=AXIS2_PLACEMENT_3D('',#14566,#14567,#14568);
#14570=PLANE('',#14569);
#14571=ORIENTED_EDGE('',*,*,#14558,.F.);
#14572=ORIENTED_EDGE('',*,*,#6645,.F.);
#14573=ORIENTED_EDGE('',*,*,#6916,.F.);
#14574=EDGE_LOOP('',(#14571,#14572,#14573));
#14575=FACE_OUTER_BOUND('',#14574,.F.);
#14576=ADVANCED_FACE('',(#14575),#14570,.T.);
#14577=CARTESIAN_POINT('',(-1.840999993446E1,-3.184658171101E0,
4.486356998094E1));
#14578=DIRECTION('',(0.E0,0.E0,1.E0));
#14579=DIRECTION('',(0.E0,1.E0,0.E0));
#14580=AXIS2_PLACEMENT_3D('',#14577,#14578,#14579);
#14581=PLANE('',#14580);
#14583=ORIENTED_EDGE('',*,*,#14582,.F.);
#14584=ORIENTED_EDGE('',*,*,#6919,.T.);
#14585=ORIENTED_EDGE('',*,*,#6641,.F.);
#14586=ORIENTED_EDGE('',*,*,#6736,.T.);
#14587=EDGE_LOOP('',(#14583,#14584,#14585,#14586));
#14588=FACE_OUTER_BOUND('',#14587,.F.);
#14589=ADVANCED_FACE('',(#14588),#14581,.F.);
#14590=CARTESIAN_POINT('',(-1.840999993446E1,2.540341828899E0,
4.526356998094E1));
#14591=DIRECTION('',(0.E0,0.E0,1.E0));
#14592=DIRECTION('',(9.333331978271E-4,9.999995644445E-1,0.E0));
#14593=AXIS2_PLACEMENT_3D('',#14590,#14591,#14592);
#14594=TOROIDAL_SURFACE('',#14593,1.145E1,4.E-1);
#14595=ORIENTED_EDGE('',*,*,#14582,.T.);
#14596=ORIENTED_EDGE('',*,*,#6734,.T.);
#14598=ORIENTED_EDGE('',*,*,#14597,.T.);
#14599=ORIENTED_EDGE('',*,*,#6921,.T.);
#14600=EDGE_LOOP('',(#14595,#14596,#14598,#14599));
#14601=FACE_OUTER_BOUND('',#14600,.F.);
#14602=ADVANCED_FACE('',(#14601),#14594,.T.);
#14603=CARTESIAN_POINT('',(-1.840999993446E1,2.540341828899E0,
4.561356998094E1));
#14604=DIRECTION('',(0.E0,0.E0,1.E0));
#14605=DIRECTION('',(-1.E0,0.E0,0.E0));
#14606=AXIS2_PLACEMENT_3D('',#14603,#14604,#14605);
#14607=CYLINDRICAL_SURFACE('',#14606,1.185E1);
#14609=ORIENTED_EDGE('',*,*,#14608,.F.);
#14610=ORIENTED_EDGE('',*,*,#6923,.F.);
#14611=ORIENTED_EDGE('',*,*,#14597,.F.);
#14612=ORIENTED_EDGE('',*,*,#6732,.F.);
#14613=EDGE_LOOP('',(#14609,#14610,#14611,#14612));
#14614=FACE_OUTER_BOUND('',#14613,.F.);
#14615=ADVANCED_FACE('',(#14614),#14607,.T.);
#14616=CARTESIAN_POINT('',(-1.840999993446E1,2.540341828899E0,
4.596356998094E1));
#14617=DIRECTION('',(0.E0,0.E0,1.E0));
#14618=DIRECTION('',(-1.485959642861E-3,9.999988959614E-1,0.E0));
#14619=AXIS2_PLACEMENT_3D('',#14616,#14617,#14618);
#14620=TOROIDAL_SURFACE('',#14619,1.145E1,4.E-1);
#14622=ORIENTED_EDGE('',*,*,#14621,.T.);
#14623=ORIENTED_EDGE('',*,*,#6925,.T.);
#14624=ORIENTED_EDGE('',*,*,#14608,.T.);
#14625=ORIENTED_EDGE('',*,*,#6730,.T.);
#14626=EDGE_LOOP('',(#14622,#14623,#14624,#14625));
#14627=FACE_OUTER_BOUND('',#14626,.F.);
#14628=ADVANCED_FACE('',(#14627),#14620,.T.);
#14629=CARTESIAN_POINT('',(-1.840999993446E1,-3.184658164388E0,
4.636356998094E1));
#14630=DIRECTION('',(0.E0,0.E0,1.E0));
#14631=DIRECTION('',(1.E0,0.E0,0.E0));
#14632=AXIS2_PLACEMENT_3D('',#14629,#14630,#14631);
#14633=PLANE('',#14632);
#14634=ORIENTED_EDGE('',*,*,#14621,.F.);
#14635=ORIENTED_EDGE('',*,*,#6728,.F.);
#14637=ORIENTED_EDGE('',*,*,#14636,.F.);
#14638=ORIENTED_EDGE('',*,*,#6927,.F.);
#14639=EDGE_LOOP('',(#14634,#14635,#14637,#14638));
#14640=FACE_OUTER_BOUND('',#14639,.F.);
#14641=ADVANCED_FACE('',(#14640),#14633,.T.);
#14642=CARTESIAN_POINT('',(-1.840999993446E1,2.540341828899E0,
4.596356998094E1));
#14643=DIRECTION('',(0.E0,0.E0,1.E0));
#14644=DIRECTION('',(9.333331978273E-4,9.999995644445E-1,0.E0));
#14645=AXIS2_PLACEMENT_3D('',#14642,#14643,#14644);
#14646=TOROIDAL_SURFACE('',#14645,9.25E0,4.E-1);
#14647=ORIENTED_EDGE('',*,*,#14636,.T.);
#14648=ORIENTED_EDGE('',*,*,#6726,.T.);
#14650=ORIENTED_EDGE('',*,*,#14649,.T.);
#14651=ORIENTED_EDGE('',*,*,#6929,.T.);
#14652=EDGE_LOOP('',(#14647,#14648,#14650,#14651));
#14653=FACE_OUTER_BOUND('',#14652,.F.);
#14654=ADVANCED_FACE('',(#14653),#14646,.T.);
#14655=CARTESIAN_POINT('',(-1.840999993446E1,2.540341828899E0,
3.719223818247E1));
#14656=DIRECTION('',(0.E0,0.E0,1.E0));
#14657=DIRECTION('',(9.444377083162E-1,3.286904548515E-1,0.E0));
#14658=AXIS2_PLACEMENT_3D('',#14655,#14656,#14657);
#14659=CYLINDRICAL_SURFACE('',#14658,8.85E0);
#14661=ORIENTED_EDGE('',*,*,#14660,.T.);
#14663=ORIENTED_EDGE('',*,*,#14662,.T.);
#14664=ORIENTED_EDGE('',*,*,#6931,.F.);
#14665=ORIENTED_EDGE('',*,*,#14649,.F.);
#14666=ORIENTED_EDGE('',*,*,#6724,.F.);
#14667=EDGE_LOOP('',(#14661,#14663,#14664,#14665,#14666));
#14668=FACE_OUTER_BOUND('',#14667,.F.);
#14669=ADVANCED_FACE('',(#14668),#14659,.F.);
#14670=CARTESIAN_POINT('',(-1.840999993446E1,2.540341828899E0,
4.287357039848E1));
#14671=DIRECTION('',(0.E0,0.E0,1.E0));
#14672=DIRECTION('',(1.E0,0.E0,0.E0));
#14673=AXIS2_PLACEMENT_3D('',#14670,#14671,#14672);
#14674=CONICAL_SURFACE('',#14673,8.825003400579E0,8.3E1);
#14675=ORIENTED_EDGE('',*,*,#6825,.T.);
#14676=ORIENTED_EDGE('',*,*,#14662,.F.);
#14677=ORIENTED_EDGE('',*,*,#14660,.F.);
#14678=EDGE_LOOP('',(#14675,#14676,#14677));
#14679=FACE_OUTER_BOUND('',#14678,.F.);
#14680=ADVANCED_FACE('',(#14679),#14674,.F.);
#14681=CARTESIAN_POINT('',(-2.575999993446E1,2.540341828899E0,
3.686356998094E1));
#14682=DIRECTION('',(0.E0,0.E0,-1.E0));
#14683=DIRECTION('',(8.657875059531E-1,5.004118249357E-1,0.E0));
#14684=AXIS2_PLACEMENT_3D('',#14681,#14682,#14683);
#14685=TOROIDAL_SURFACE('',#14684,4.E0,5.E-1);
#14687=ORIENTED_EDGE('',*,*,#14686,.T.);
#14688=ORIENTED_EDGE('',*,*,#6742,.T.);
#14689=ORIENTED_EDGE('',*,*,#6684,.T.);
#14690=ORIENTED_EDGE('',*,*,#6671,.T.);
#14691=EDGE_LOOP('',(#14687,#14688,#14689,#14690));
#14692=FACE_OUTER_BOUND('',#14691,.F.);
#14693=ADVANCED_FACE('',(#14692),#14685,.T.);
#14694=CARTESIAN_POINT('',(-2.901337516127E1,4.419043461169E0,
3.636356998094E1));
#14695=DIRECTION('',(0.E0,0.E0,1.E0));
#14696=DIRECTION('',(0.E0,-1.E0,0.E0));
#14697=AXIS2_PLACEMENT_3D('',#14694,#14695,#14696);
#14698=PLANE('',#14697);
#14699=ORIENTED_EDGE('',*,*,#14686,.F.);
#14700=ORIENTED_EDGE('',*,*,#6669,.F.);
#14701=ORIENTED_EDGE('',*,*,#6744,.T.);
#14702=EDGE_LOOP('',(#14699,#14700,#14701));
#14703=FACE_OUTER_BOUND('',#14702,.F.);
#14704=ADVANCED_FACE('',(#14703),#14698,.F.);
#14705=CLOSED_SHELL('',(#6675,#6690,#6704,#6716,#6817,#6832,#6856,#6935,#6953,
#6964,#6975,#6989,#7062,#7090,#7186,#7199,#7212,#7225,#7238,#7251,#7264,#7276,
#7310,#7390,#7498,#7513,#7528,#7550,#7567,#7600,#7678,#7707,#7721,#7733,#7746,
#7761,#7773,#7787,#7826,#7842,#7861,#7876,#7891,#7905,#7918,#7931,#7963,#7977,
#8017,#8032,#8051,#8066,#8082,#8098,#8113,#8128,#8141,#8153,#8168,#8184,#8202,
#8217,#8233,#8251,#8266,#8279,#8292,#8326,#8369,#8381,#8394,#8407,#8420,#8431,
#8467,#8509,#8523,#8559,#8574,#8588,#8602,#8617,#8635,#8648,#8662,#8675,#8688,
#8700,#8713,#8729,#8743,#8756,#8770,#8790,#8805,#8820,#8835,#8850,#8863,#8876,
#8888,#8900,#8914,#8928,#8947,#8960,#8977,#8990,#9007,#9054,#9097,#9112,#9127,
#9145,#9164,#9184,#9198,#9274,#9288,#9336,#9351,#9364,#9377,#9390,#9403,#9415,
#9429,#9443,#9480,#9665,#9689,#9701,#9715,#9729,#9742,#9784,#9800,#9816,#9861,
#9877,#9957,#9969,#9983,#9998,#10012,#10024,#10038,#10052,#10066,#10084,#10099,
#10114,#10129,#10144,#10156,#10169,#10181,#10194,#10207,#10219,#10233,#10252,
#10265,#10279,#10291,#10304,#10319,#10372,#10384,#10397,#10413,#10450,#10461,
#10498,#10512,#10526,#10539,#10553,#10567,#10580,#10593,#10605,#10619,#10633,
#10646,#10660,#10674,#10687,#10700,#10712,#10724,#10737,#10750,#10763,#10774,
#10787,#10800,#10813,#10826,#10839,#10851,#10864,#10877,#10890,#10902,#10915,
#10928,#10941,#10954,#10967,#10979,#11005,#11016,#11051,#11065,#11118,#11178,
#11192,#11206,#11219,#11238,#11261,#11281,#11294,#11463,#11496,#11550,#11563,
#11576,#11608,#11630,#11644,#11665,#11683,#11698,#11711,#11726,#11775,#11790,
#11804,#11822,#11836,#11850,#11863,#11877,#11891,#11905,#11919,#11933,#11947,
#11963,#11975,#11988,#12001,#12014,#12026,#12039,#12051,#12063,#12083,#12096,
#12109,#12126,#12140,#12153,#12166,#12185,#12197,#12210,#12222,#12235,#12247,
#12259,#12271,#12286,#12319,#12334,#12351,#12365,#12380,#12393,#12407,#12421,
#12436,#12449,#12463,#12480,#12512,#12527,#12541,#12556,#12595,#12609,#12622,
#12634,#12670,#12685,#12698,#12712,#12739,#12753,#12766,#12780,#12805,#12819,
#12833,#12846,#12861,#12873,#12887,#12911,#12924,#12937,#12950,#12963,#12976,
#12989,#13002,#13014,#13028,#13042,#13056,#13070,#13084,#13098,#13128,#13141,
#13153,#13166,#13179,#13192,#13205,#13217,#13230,#13243,#13256,#13269,#13281,
#13294,#13307,#13320,#13333,#13346,#13358,#13372,#13408,#13422,#13436,#13450,
#13464,#13477,#13490,#13503,#13515,#13529,#13543,#13557,#13571,#13584,#13597,
#13610,#13622,#13655,#13782,#13795,#13807,#13840,#13894,#13908,#13921,#13934,
#13967,#13982,#13998,#14015,#14031,#14046,#14060,#14076,#14090,#14103,#14118,
#14139,#14156,#14172,#14186,#14203,#14216,#14230,#14242,#14274,#14286,#14301,
#14314,#14329,#14342,#14356,#14370,#14384,#14398,#14412,#14425,#14439,#14453,
#14467,#14479,#14492,#14503,#14514,#14526,#14539,#14552,#14565,#14576,#14589,
#14602,#14615,#14628,#14641,#14654,#14669,#14680,#14693,#14704));
#14706=MANIFOLD_SOLID_BREP('',#14705);
#14707=CARTESIAN_POINT('',(0.E0,0.E0,0.E0));
#14708=DIRECTION('',(0.E0,0.E0,1.E0));
#14709=DIRECTION('',(1.E0,0.E0,0.E0));
#14710=AXIS2_PLACEMENT_3D('CM-34951-1210',#14707,#14708,#14709);
#14711=DIRECTION('',(0.E0,0.E0,1.E0));
#14712=VECTOR('',#14711,8.261392280452E-1);
#14713=CARTESIAN_POINT('',(-1.840999993446E1,2.590341828899E0,
4.205050036692E1));
#14714=LINE('',#14713,#14712);
#14718=DIMENSIONAL_EXPONENTS(0.E0,0.E0,0.E0,0.E0,0.E0,0.E0,0.E0);
#14720=PLANE_ANGLE_MEASURE_WITH_UNIT(PLANE_ANGLE_MEASURE(1.745329251994E-2),
#14719);
#14721=(CONVERSION_BASED_UNIT('DEGREE',#14720)NAMED_UNIT(*)PLANE_ANGLE_UNIT());
#14723=UNCERTAINTY_MEASURE_WITH_UNIT(LENGTH_MEASURE(6.760780742708E-3),#14717,
'closure',
'Maximum model space distance between geometric entities at asserted connectivities');
#14724=(GEOMETRIC_REPRESENTATION_CONTEXT(3)GLOBAL_UNCERTAINTY_ASSIGNED_CONTEXT((
#14723))GLOBAL_UNIT_ASSIGNED_CONTEXT((#14717,#14721,#14722))REPRESENTATION_CONTEXT('ID1','3'));
#14716=GEOMETRIC_SET('',(#14715));
#14728=SHAPE_REPRESENTATION_RELATIONSHIP('','',#14727,#14725);
#14729=SHAPE_REPRESENTATION_RELATIONSHIP('','',#14727,#14726);
#14730=APPLICATION_CONTEXT(
'CONFIGURATION CONTROLLED 3D DESIGNS OF MECHANICAL PARTS AND ASSEMBLIES');
#14731=APPLICATION_PROTOCOL_DEFINITION('international standard',
'config_control_design',1994,#14730);
#14732=DESIGN_CONTEXT('',#14730,'design');
#14733=MECHANICAL_CONTEXT('',#14730,'mechanical');
#14734=PRODUCT('349511220','349511220','NOT SPECIFIED',(#14733));
#14735=PRODUCT_DEFINITION_FORMATION_WITH_SPECIFIED_SOURCE('1','LAST_VERSION',
#14734,.MADE.);
#14739=PRODUCT_CATEGORY('part','');
#14740=PRODUCT_RELATED_PRODUCT_CATEGORY('detail','',(#14734));
#14741=PRODUCT_CATEGORY_RELATIONSHIP('','',#14739,#14740);
#14742=SECURITY_CLASSIFICATION_LEVEL('unclassified');
#14743=SECURITY_CLASSIFICATION('','',#14742);
#14744=CC_DESIGN_SECURITY_CLASSIFICATION(#14743,(#14735));
#14745=APPROVAL_STATUS('approved');
#14746=APPROVAL(#14745,'');
#14747=CC_DESIGN_APPROVAL(#14746,(#14743,#14735,#14736));
#14748=CALENDAR_DATE(114,7,4);
#14749=COORDINATED_UNIVERSAL_TIME_OFFSET(5,30,.AHEAD.);
#14750=LOCAL_TIME(16,11,5.3E1,#14749);
#14751=DATE_AND_TIME(#14748,#14750);
#14752=APPROVAL_DATE_TIME(#14751,#14746);
#14753=DATE_TIME_ROLE('creation_date');
#14754=CC_DESIGN_DATE_AND_TIME_ASSIGNMENT(#14751,#14753,(#14736));
#14755=DATE_TIME_ROLE('classification_date');
#14756=CC_DESIGN_DATE_AND_TIME_ASSIGNMENT(#14751,#14755,(#14743));
#14757=PERSON('UNSPECIFIED','UNSPECIFIED',$,$,$,$);
#14758=ORGANIZATION('UNSPECIFIED','UNSPECIFIED','UNSPECIFIED');
#14759=PERSON_AND_ORGANIZATION(#14757,#14758);
#14760=APPROVAL_ROLE('approver');
#14761=APPROVAL_PERSON_ORGANIZATION(#14759,#14746,#14760);
#14762=PERSON_AND_ORGANIZATION_ROLE('creator');
#14763=CC_DESIGN_PERSON_AND_ORGANIZATION_ASSIGNMENT(#14759,#14762,(#14735,
#14736));
#14764=PERSON_AND_ORGANIZATION_ROLE('design_supplier');
#14765=CC_DESIGN_PERSON_AND_ORGANIZATION_ASSIGNMENT(#14759,#14764,(#14735));
#14766=PERSON_AND_ORGANIZATION_ROLE('classification_officer');
#14767=CC_DESIGN_PERSON_AND_ORGANIZATION_ASSIGNMENT(#14759,#14766,(#14743));
#14768=PERSON_AND_ORGANIZATION_ROLE('design_owner');
#14769=CC_DESIGN_PERSON_AND_ORGANIZATION_ASSIGNMENT(#14759,#14768,(#14734));
#22=B_SPLINE_CURVE_WITH_KNOTS('',3,(#13,#14,#15,#16,#17,#18,#19,#20,#21),
.UNSPECIFIED.,.F.,.F.,(4,1,1,1,1,1,4),(0.E0,1.666666666667E-1,3.333333333333E-1,
5.E-1,6.666666666667E-1,8.333333333333E-1,1.E0),.UNSPECIFIED.);
#39=CIRCLE('',#38,4.E0);
#50=B_SPLINE_CURVE_WITH_KNOTS('',3,(#40,#41,#42,#43,#44,#45,#46,#47,#48,#49),
.UNSPECIFIED.,.F.,.F.,(4,1,1,1,1,1,1,4),(0.E0,1.428571428571E-1,
2.857142857143E-1,4.285714285714E-1,5.714285714286E-1,7.142857142857E-1,
8.571428571429E-1,1.E0),.UNSPECIFIED.);
#55=CIRCLE('',#54,4.5E0);
#64=CIRCLE('',#63,1.035E1);
#73=CIRCLE('',#72,4.E-1);
#78=CIRCLE('',#77,4.E-1);
#83=CIRCLE('',#82,4.E-1);
#92=CIRCLE('',#91,5.E-1);
#97=CIRCLE('',#96,5.E-1);
#115=B_SPLINE_CURVE_WITH_KNOTS('',3,(#106,#107,#108,#109,#110,#111,#112,#113,
#114),.UNSPECIFIED.,.F.,.F.,(4,1,1,1,1,1,4),(0.E0,1.666666666667E-1,
3.333333333333E-1,5.E-1,6.666666666667E-1,8.333333333333E-1,1.E0),
.UNSPECIFIED.);
#125=B_SPLINE_CURVE_WITH_KNOTS('',3,(#116,#117,#118,#119,#120,#121,#122,#123,
#124),.UNSPECIFIED.,.F.,.F.,(4,1,1,1,1,1,4),(0.E0,1.666666666667E-1,
3.333333333333E-1,5.E-1,6.666666666667E-1,8.333333333333E-1,1.E0),
.UNSPECIFIED.);
#143=B_SPLINE_CURVE_WITH_KNOTS('',3,(#134,#135,#136,#137,#138,#139,#140,#141,
#142),.UNSPECIFIED.,.F.,.F.,(4,1,1,1,1,1,4),(0.E0,1.666666666667E-1,
3.333333333333E-1,5.E-1,6.666666666667E-1,8.333333333333E-1,1.E0),
.UNSPECIFIED.);
#153=B_SPLINE_CURVE_WITH_KNOTS('',3,(#144,#145,#146,#147,#148,#149,#150,#151,
#152),.UNSPECIFIED.,.F.,.F.,(4,1,1,1,1,1,4),(0.E0,1.666666666667E-1,
3.333333333333E-1,5.E-1,6.666666666667E-1,8.333333333333E-1,1.E0),
.UNSPECIFIED.);
#158=CIRCLE('',#157,3.E-1);
#167=CIRCLE('',#166,2.E-1);
#236=CIRCLE('',#235,2.E-1);
#245=CIRCLE('',#244,3.E-1);
#262=CIRCLE('',#261,5.E-1);
#267=CIRCLE('',#266,5.E-1);
#276=CIRCLE('',#275,4.E-1);
#281=CIRCLE('',#280,4.E-1);
#286=CIRCLE('',#285,4.E-1);
#316=B_SPLINE_CURVE_WITH_KNOTS('',3,(#295,#296,#297,#298,#299,#300,#301,#302,
#303,#304,#305,#306,#307,#308,#309,#310,#311,#312,#313,#314,#315),.UNSPECIFIED.,
.F.,.F.,(4,1,1,1,1,1,1,1,1,1,1,1,1,1,1,1,1,1,4),(0.E0,5.555555555556E-2,
1.111111111111E-1,1.666666666667E-1,2.222222222222E-1,2.777777777778E-1,
3.333333333333E-1,3.888888888889E-1,4.444444444444E-1,5.E-1,5.555555555556E-1,
6.111111111111E-1,6.666666666667E-1,7.222222222222E-1,7.777777777778E-1,
8.333333333333E-1,8.888888888889E-1,9.444444444444E-1,1.E0),.UNSPECIFIED.);
#321=CIRCLE('',#320,8.85E0);
#326=CIRCLE('',#325,8.85E0);
#348=B_SPLINE_CURVE_WITH_KNOTS('',3,(#327,#328,#329,#330,#331,#332,#333,#334,
#335,#336,#337,#338,#339,#340,#341,#342,#343,#344,#345,#346,#347),.UNSPECIFIED.,
.F.,.F.,(4,1,1,1,1,1,1,1,1,1,1,1,1,1,1,1,1,1,4),(0.E0,5.555555555556E-2,
1.111111111111E-1,1.666666666667E-1,2.222222222222E-1,2.777777777778E-1,
3.333333333333E-1,3.888888888889E-1,4.444444444444E-1,5.E-1,5.555555555556E-1,
6.111111111111E-1,6.666666666667E-1,7.222222222222E-1,7.777777777778E-1,
8.333333333333E-1,8.888888888889E-1,9.444444444444E-1,1.E0),.UNSPECIFIED.);
#353=CIRCLE('',#352,8.85E0);
#358=CIRCLE('',#357,8.85E0);
#363=B_SPLINE_CURVE_WITH_KNOTS('',3,(#359,#360,#361,#362),.UNSPECIFIED.,.F.,.F.,
(4,4),(0.E0,1.E0),.UNSPECIFIED.);
#368=CIRCLE('',#367,4.E-1);
#373=CIRCLE('',#372,4.E-1);
#378=CIRCLE('',#377,4.E-1);
#387=CIRCLE('',#386,5.E-1);
#392=CIRCLE('',#391,5.E-1);
#405=CIRCLE('',#404,3.E-1);
#410=CIRCLE('',#409,3.E-1);
#503=CIRCLE('',#502,3.E-1);
#512=CIRCLE('',#511,3.E-1);
#521=B_SPLINE_CURVE_WITH_KNOTS('',3,(#513,#514,#515,#516,#517,#518,#519,#520),
.UNSPECIFIED.,.F.,.F.,(4,1,1,1,1,4),(0.E0,2.E-1,4.E-1,6.E-1,8.E-1,1.E0),
.UNSPECIFIED.);
#530=B_SPLINE_CURVE_WITH_KNOTS('',3,(#522,#523,#524,#525,#526,#527,#528,#529),
.UNSPECIFIED.,.F.,.F.,(4,1,1,1,1,4),(0.E0,2.E-1,4.E-1,6.E-1,8.E-1,1.E0),
.UNSPECIFIED.);
#543=B_SPLINE_CURVE_WITH_KNOTS('',3,(#535,#536,#537,#538,#539,#540,#541,#542),
.UNSPECIFIED.,.F.,.F.,(4,1,1,1,1,4),(0.E0,2.E-1,4.E-1,6.E-1,8.E-1,1.E0),
.UNSPECIFIED.);
#552=B_SPLINE_CURVE_WITH_KNOTS('',3,(#544,#545,#546,#547,#548,#549,#550,#551),
.UNSPECIFIED.,.F.,.F.,(4,1,1,1,1,4),(0.E0,2.E-1,4.E-1,6.E-1,8.E-1,1.E0),
.UNSPECIFIED.);
#565=CIRCLE('',#564,5.E-1);
#570=CIRCLE('',#569,5.E-1);
#579=CIRCLE('',#578,4.E-1);
#584=CIRCLE('',#583,4.E-1);
#589=CIRCLE('',#588,4.E-1);
#594=B_SPLINE_CURVE_WITH_KNOTS('',3,(#590,#591,#592,#593),.UNSPECIFIED.,.F.,.F.,
(4,4),(0.E0,1.E0),.UNSPECIFIED.);
#605=B_SPLINE_CURVE_WITH_KNOTS('',3,(#599,#600,#601,#602,#603,#604),
.UNSPECIFIED.,.F.,.F.,(4,1,1,4),(0.E0,3.333333333333E-1,6.666666666667E-1,1.E0),
.UNSPECIFIED.);
#614=CIRCLE('',#613,9.E0);
#647=CIRCLE('',#646,9.E0);
#658=B_SPLINE_CURVE_WITH_KNOTS('',3,(#652,#653,#654,#655,#656,#657),
.UNSPECIFIED.,.F.,.F.,(4,1,1,4),(0.E0,3.333333333333E-1,6.666666666667E-1,1.E0),
.UNSPECIFIED.);
#663=B_SPLINE_CURVE_WITH_KNOTS('',3,(#659,#660,#661,#662),.UNSPECIFIED.,.F.,.F.,
(4,4),(0.E0,1.E0),.UNSPECIFIED.);
#668=CIRCLE('',#667,8.85E0);
#673=B_SPLINE_CURVE_WITH_KNOTS('',3,(#669,#670,#671,#672),.UNSPECIFIED.,.F.,.F.,
(4,4),(0.E0,1.E0),.UNSPECIFIED.);
#678=CIRCLE('',#677,8.85E0);
#683=CIRCLE('',#682,2.E0);
#700=CIRCLE('',#699,8.85E0);
#721=CIRCLE('',#720,3.E0);
#730=CIRCLE('',#729,3.E0);
#739=CIRCLE('',#738,2.E0);
#744=CIRCLE('',#743,2.E0);
#749=B_SPLINE_CURVE_WITH_KNOTS('',3,(#745,#746,#747,#748),.UNSPECIFIED.,.F.,.F.,
(4,4),(0.E0,1.E0),.UNSPECIFIED.);
#758=CIRCLE('',#757,8.85E0);
#763=CIRCLE('',#762,2.E0);
#772=CIRCLE('',#771,8.85E0);
#781=CIRCLE('',#780,3.E0);
#794=CIRCLE('',#793,5.E-1);
#799=CIRCLE('',#798,5.E-1);
#808=CIRCLE('',#807,3.E0);
#849=CIRCLE('',#848,4.3E0);
#862=CIRCLE('',#861,5.E-1);
#871=CIRCLE('',#870,5.E-1);
#876=CIRCLE('',#875,4.3E0);
#883=B_SPLINE_CURVE_WITH_KNOTS('',3,(#877,#878,#879,#880,#881,#882),
.UNSPECIFIED.,.F.,.F.,(4,1,1,4),(0.E0,3.333333333333E-1,6.666666666667E-1,1.E0),
.UNSPECIFIED.);
#902=B_SPLINE_CURVE_WITH_KNOTS('',3,(#896,#897,#898,#899,#900,#901),
.UNSPECIFIED.,.F.,.F.,(4,1,1,4),(0.E0,3.333333333333E-1,6.666666666667E-1,1.E0),
.UNSPECIFIED.);
#907=CIRCLE('',#906,4.3E0);
#916=CIRCLE('',#915,3.E-1);
#921=CIRCLE('',#920,3.E-1);
#926=CIRCLE('',#925,4.3E0);
#951=CIRCLE('',#950,3.E-1);
#968=CIRCLE('',#967,4.2E0);
#973=CIRCLE('',#972,8.E-1);
#982=CIRCLE('',#981,1.2E0);
#1003=CIRCLE('',#1002,1.2E0);
#1012=CIRCLE('',#1011,4.6E0);
#1044=B_SPLINE_CURVE_WITH_KNOTS('',3,(#1029,#1030,#1031,#1032,#1033,#1034,#1035,
#1036,#1037,#1038,#1039,#1040,#1041,#1042,#1043),.UNSPECIFIED.,.F.,.F.,(4,1,1,1,
1,1,1,1,1,1,1,1,4),(0.E0,8.333333333333E-2,1.666666666667E-1,2.5E-1,
3.333333333333E-1,4.166666666667E-1,5.E-1,5.833333333333E-1,6.666666666667E-1,
7.5E-1,8.333333333333E-1,9.166666666667E-1,1.E0),.UNSPECIFIED.);
#1060=B_SPLINE_CURVE_WITH_KNOTS('',3,(#1053,#1054,#1055,#1056,#1057,#1058,
#1059),.UNSPECIFIED.,.F.,.F.,(4,1,1,1,4),(0.E0,2.5E-1,5.E-1,7.5E-1,1.E0),
.UNSPECIFIED.);
#1074=B_SPLINE_CURVE_WITH_KNOTS('',3,(#1065,#1066,#1067,#1068,#1069,#1070,#1071,
#1072,#1073),.UNSPECIFIED.,.F.,.F.,(4,1,1,1,1,1,4),(0.E0,1.666666666667E-1,
3.333333333333E-1,5.E-1,6.666666666667E-1,8.333333333333E-1,1.E0),
.UNSPECIFIED.);
#1083=CIRCLE('',#1082,2.005344E0);
#1092=CIRCLE('',#1091,6.E0);
#1115=B_SPLINE_CURVE_WITH_KNOTS('',3,(#1109,#1110,#1111,#1112,#1113,#1114),
.UNSPECIFIED.,.F.,.F.,(4,1,1,4),(0.E0,3.333333333333E-1,6.666666666667E-1,1.E0),
.UNSPECIFIED.);
#1124=B_SPLINE_CURVE_WITH_KNOTS('',3,(#1120,#1121,#1122,#1123),.UNSPECIFIED.,
.F.,.F.,(4,4),(0.E0,1.E0),.UNSPECIFIED.);
#1131=B_SPLINE_CURVE_WITH_KNOTS('',3,(#1125,#1126,#1127,#1128,#1129,#1130),
.UNSPECIFIED.,.F.,.F.,(4,1,1,4),(0.E0,3.333333333333E-1,6.666666666667E-1,1.E0),
.UNSPECIFIED.);
#1137=B_SPLINE_CURVE_WITH_KNOTS('',3,(#1132,#1133,#1134,#1135,#1136),
.UNSPECIFIED.,.F.,.F.,(4,1,4),(0.E0,5.E-1,1.E0),.UNSPECIFIED.);
#1156=B_SPLINE_CURVE_WITH_KNOTS('',3,(#1150,#1151,#1152,#1153,#1154,#1155),
.UNSPECIFIED.,.F.,.F.,(4,1,1,4),(0.E0,3.333333333333E-1,6.666666666667E-1,1.E0),
.UNSPECIFIED.);
#1177=B_SPLINE_CURVE_WITH_KNOTS('',3,(#1173,#1174,#1175,#1176),.UNSPECIFIED.,
.F.,.F.,(4,4),(0.E0,1.E0),.UNSPECIFIED.);
#1188=B_SPLINE_CURVE_WITH_KNOTS('',3,(#1182,#1183,#1184,#1185,#1186,#1187),
.UNSPECIFIED.,.F.,.F.,(4,1,1,4),(0.E0,3.333333333333E-1,6.666666666667E-1,1.E0),
.UNSPECIFIED.);
#1202=B_SPLINE_CURVE_WITH_KNOTS('',3,(#1193,#1194,#1195,#1196,#1197,#1198,#1199,
#1200,#1201),.UNSPECIFIED.,.F.,.F.,(4,1,1,1,1,1,4),(0.E0,1.666666666667E-1,
3.333333333333E-1,5.E-1,6.666666666667E-1,8.333333333333E-1,1.E0),
.UNSPECIFIED.);
#1222=B_SPLINE_CURVE_WITH_KNOTS('',3,(#1215,#1216,#1217,#1218,#1219,#1220,
#1221),.UNSPECIFIED.,.F.,.F.,(4,1,1,1,4),(0.E0,2.5E-1,5.E-1,7.5E-1,1.E0),
.UNSPECIFIED.);
#1229=B_SPLINE_CURVE_WITH_KNOTS('',3,(#1223,#1224,#1225,#1226,#1227,#1228),
.UNSPECIFIED.,.F.,.F.,(4,1,1,4),(0.E0,3.333333333333E-1,6.666666666667E-1,1.E0),
.UNSPECIFIED.);
#1234=CIRCLE('',#1233,2.005345E0);
#1239=CIRCLE('',#1238,6.E0);
#1258=B_SPLINE_CURVE_WITH_KNOTS('',3,(#1252,#1253,#1254,#1255,#1256,#1257),
.UNSPECIFIED.,.F.,.F.,(4,1,1,4),(0.E0,3.333333333333E-1,6.666666666667E-1,1.E0),
.UNSPECIFIED.);
#1265=B_SPLINE_CURVE_WITH_KNOTS('',3,(#1259,#1260,#1261,#1262,#1263,#1264),
.UNSPECIFIED.,.F.,.F.,(4,1,1,4),(0.E0,3.333333333333E-1,6.666666666667E-1,1.E0),
.UNSPECIFIED.);
#1286=CIRCLE('',#1285,1.5E0);
#1291=B_SPLINE_CURVE_WITH_KNOTS('',3,(#1287,#1288,#1289,#1290),.UNSPECIFIED.,
.F.,.F.,(4,4),(0.E0,1.E0),.UNSPECIFIED.);
#1296=CIRCLE('',#1295,1.035E1);
#1314=B_SPLINE_CURVE_WITH_KNOTS('',3,(#1305,#1306,#1307,#1308,#1309,#1310,#1311,
#1312,#1313),.UNSPECIFIED.,.F.,.F.,(4,1,1,1,1,1,4),(0.E0,1.666666666667E-1,
3.333333333333E-1,5.E-1,6.666666666667E-1,8.333333333333E-1,1.E0),
.UNSPECIFIED.);
#1327=CIRCLE('',#1326,1.035E1);
#1336=CIRCLE('',#1335,4.E0);
#1341=CIRCLE('',#1340,4.5E0);
#1352=B_SPLINE_CURVE_WITH_KNOTS('',3,(#1342,#1343,#1344,#1345,#1346,#1347,#1348,
#1349,#1350,#1351),.UNSPECIFIED.,.F.,.F.,(4,1,1,1,1,1,1,4),(0.E0,
1.428571428571E-1,2.857142857143E-1,4.285714285714E-1,5.714285714286E-1,
7.142857142857E-1,8.571428571429E-1,1.E0),.UNSPECIFIED.);
#1365=CIRCLE('',#1364,4.E0);
#1376=B_SPLINE_CURVE_WITH_KNOTS('',3,(#1366,#1367,#1368,#1369,#1370,#1371,#1372,
#1373,#1374,#1375),.UNSPECIFIED.,.F.,.F.,(4,1,1,1,1,1,1,4),(0.E0,
1.428571428571E-1,2.857142857143E-1,4.285714285714E-1,5.714285714286E-1,
7.142857142857E-1,8.571428571429E-1,1.E0),.UNSPECIFIED.);
#1381=CIRCLE('',#1380,4.5E0);
#1386=CIRCLE('',#1385,1.035E1);
#1391=B_SPLINE_CURVE_WITH_KNOTS('',3,(#1387,#1388,#1389,#1390),.UNSPECIFIED.,
.F.,.F.,(4,4),(0.E0,1.E0),.UNSPECIFIED.);
#1404=CIRCLE('',#1403,1.035E1);
#1429=B_SPLINE_CURVE_WITH_KNOTS('',3,(#1413,#1414,#1415,#1416,#1417,#1418,#1419,
#1420,#1421,#1422,#1423,#1424,#1425,#1426,#1427,#1428),.UNSPECIFIED.,.F.,.F.,(4,
1,1,1,1,1,1,1,1,1,1,1,1,4),(0.E0,7.692307692308E-2,1.538461538462E-1,
2.307692307692E-1,3.076923076923E-1,3.846153846154E-1,4.615384615385E-1,
5.384615384615E-1,6.153846153846E-1,6.923076923077E-1,7.692307692308E-1,
8.461538461538E-1,9.230769230769E-1,1.E0),.UNSPECIFIED.);
#1462=CIRCLE('',#1461,3.E-1);
#1479=CIRCLE('',#1478,1.2E0);
#1488=CIRCLE('',#1487,8.E-1);
#1497=CIRCLE('',#1496,4.2E0);
#1510=CIRCLE('',#1509,4.6E0);
#1519=CIRCLE('',#1518,1.2E0);
#1532=B_SPLINE_CURVE_WITH_KNOTS('',3,(#1524,#1525,#1526,#1527,#1528,#1529,#1530,
#1531),.UNSPECIFIED.,.F.,.F.,(4,1,1,1,1,4),(0.E0,2.E-1,4.E-1,6.E-1,8.E-1,1.E0),
.UNSPECIFIED.);
#1537=CIRCLE('',#1536,3.E-1);
#1542=CIRCLE('',#1541,3.E-1);
#1547=CIRCLE('',#1546,1.5E0);
#1568=CIRCLE('',#1567,3.E-1);
#1573=CIRCLE('',#1572,3.E-1);
#1578=CIRCLE('',#1577,4.3E0);
#1611=CIRCLE('',#1610,1.5E0);
#1620=CIRCLE('',#1619,1.5E0);
#1629=CIRCLE('',#1628,1.5E0);
#1642=CIRCLE('',#1641,3.E-1);
#1651=B_SPLINE_CURVE_WITH_KNOTS('',3,(#1643,#1644,#1645,#1646,#1647,#1648,#1649,
#1650),.UNSPECIFIED.,.F.,.F.,(4,1,1,1,1,4),(0.E0,2.E-1,4.E-1,6.E-1,8.E-1,1.E0),
.UNSPECIFIED.);
#1696=CIRCLE('',#1695,3.E-1);
#1709=CIRCLE('',#1708,3.E-1);
#1718=CIRCLE('',#1717,3.E-1);
#1723=CIRCLE('',#1722,3.E-1);
#1728=CIRCLE('',#1727,3.E-1);
#1733=CIRCLE('',#1732,3.E-1);
#1738=CIRCLE('',#1737,3.E-1);
#1743=CIRCLE('',#1742,3.E-1);
#1752=CIRCLE('',#1751,1.5E0);
#1761=CIRCLE('',#1760,1.5E0);
#1770=CIRCLE('',#1769,1.5E0);
#1783=CIRCLE('',#1782,3.E-1);
#1792=CIRCLE('',#1791,3.E-1);
#1797=CIRCLE('',#1796,3.E-1);
#1803=B_SPLINE_CURVE_WITH_KNOTS('',3,(#1798,#1799,#1800,#1801,#1802),
.UNSPECIFIED.,.F.,.F.,(4,1,4),(0.E0,5.E-1,1.E0),.UNSPECIFIED.);
#1808=CIRCLE('',#1807,1.E0);
#1813=CIRCLE('',#1812,3.E-1);
#1818=CIRCLE('',#1817,1.000000000018E0);
#1823=CIRCLE('',#1822,1.E0);
#1829=B_SPLINE_CURVE_WITH_KNOTS('',3,(#1824,#1825,#1826,#1827,#1828),
.UNSPECIFIED.,.F.,.F.,(4,1,4),(0.E0,5.E-1,1.E0),.UNSPECIFIED.);
#1834=CIRCLE('',#1833,1.E0);
#1839=CIRCLE('',#1838,1.E0);
#1848=CIRCLE('',#1847,2.5E0);
#1857=CIRCLE('',#1856,2.5E0);
#1866=CIRCLE('',#1865,5.5E0);
#1875=CIRCLE('',#1874,1.3E0);
#1892=CIRCLE('',#1891,1.3E0);
#1901=CIRCLE('',#1900,2.5E0);
#1910=CIRCLE('',#1909,5.5E0);
#1919=CIRCLE('',#1918,2.5E0);
#1924=CIRCLE('',#1923,1.E0);
#1929=CIRCLE('',#1928,1.E0);
#1945=B_SPLINE_CURVE_WITH_KNOTS('',3,(#1930,#1931,#1932,#1933,#1934,#1935,#1936,
#1937,#1938,#1939,#1940,#1941,#1942,#1943,#1944),.UNSPECIFIED.,.F.,.F.,(4,1,1,1,
1,1,1,1,1,1,1,1,4),(0.E0,8.333333333333E-2,1.666666666667E-1,2.5E-1,
3.333333333333E-1,4.166666666667E-1,5.E-1,5.833333333333E-1,6.666666666667E-1,
7.5E-1,8.333333333333E-1,9.166666666667E-1,1.E0),.UNSPECIFIED.);
#1955=B_SPLINE_CURVE_WITH_KNOTS('',3,(#1946,#1947,#1948,#1949,#1950,#1951,#1952,
#1953,#1954),.UNSPECIFIED.,.F.,.F.,(4,1,1,1,1,1,4),(0.E0,1.666666666667E-1,
3.333333333333E-1,5.E-1,6.666666666667E-1,8.333333333333E-1,1.E0),
.UNSPECIFIED.);
#1965=B_SPLINE_CURVE_WITH_KNOTS('',3,(#1956,#1957,#1958,#1959,#1960,#1961,#1962,
#1963,#1964),.UNSPECIFIED.,.F.,.F.,(4,1,1,1,1,1,4),(0.E0,1.666666666667E-1,
3.333333333333E-1,5.E-1,6.666666666667E-1,8.333333333333E-1,1.E0),
.UNSPECIFIED.);
#1974=CIRCLE('',#1973,5.E-1);
#1983=B_SPLINE_CURVE_WITH_KNOTS('',3,(#1975,#1976,#1977,#1978,#1979,#1980,#1981,
#1982),.UNSPECIFIED.,.F.,.F.,(4,1,1,1,1,4),(0.E0,2.E-1,4.E-1,6.E-1,8.E-1,1.E0),
.UNSPECIFIED.);
#1996=CIRCLE('',#1995,3.E-1);
#2001=CIRCLE('',#2000,3.E-1);
#2006=CIRCLE('',#2005,3.E-1);
#2015=CIRCLE('',#2014,4.5E0);
#2024=CIRCLE('',#2023,4.5E0);
#2029=CIRCLE('',#2028,1.E0);
#2034=CIRCLE('',#2033,3.5E0);
#2047=CIRCLE('',#2046,3.5E0);
#2056=CIRCLE('',#2055,1.034999999999E1);
#2069=CIRCLE('',#2068,1.035E1);
#2083=B_SPLINE_CURVE_WITH_KNOTS('',3,(#2078,#2079,#2080,#2081,#2082),
.UNSPECIFIED.,.F.,.F.,(4,1,4),(0.E0,5.E-1,1.E0),.UNSPECIFIED.);
#2089=B_SPLINE_CURVE_WITH_KNOTS('',3,(#2084,#2085,#2086,#2087,#2088),
.UNSPECIFIED.,.F.,.F.,(4,1,4),(0.E0,5.E-1,1.E0),.UNSPECIFIED.);
#2099=B_SPLINE_CURVE_WITH_KNOTS('',3,(#2094,#2095,#2096,#2097,#2098),
.UNSPECIFIED.,.F.,.F.,(4,1,4),(0.E0,5.E-1,1.E0),.UNSPECIFIED.);
#2105=B_SPLINE_CURVE_WITH_KNOTS('',3,(#2100,#2101,#2102,#2103,#2104),
.UNSPECIFIED.,.F.,.F.,(4,1,4),(0.E0,5.E-1,1.E0),.UNSPECIFIED.);
#2110=CIRCLE('',#2109,1.E0);
#2115=CIRCLE('',#2114,3.5E0);
#2128=CIRCLE('',#2127,1.E0);
#2133=CIRCLE('',#2132,1.E0);
#2138=CIRCLE('',#2137,1.E0);
#2144=B_SPLINE_CURVE_WITH_KNOTS('',3,(#2139,#2140,#2141,#2142,#2143),
.UNSPECIFIED.,.F.,.F.,(4,1,4),(0.E0,5.E-1,1.E0),.UNSPECIFIED.);
#2149=CIRCLE('',#2148,1.E0);
#2157=B_SPLINE_CURVE_WITH_KNOTS('',3,(#2150,#2151,#2152,#2153,#2154,#2155,
#2156),.UNSPECIFIED.,.F.,.F.,(4,1,1,1,4),(0.E0,2.5E-1,5.E-1,7.5E-1,1.E0),
.UNSPECIFIED.);
#2165=B_SPLINE_CURVE_WITH_KNOTS('',3,(#2158,#2159,#2160,#2161,#2162,#2163,
#2164),.UNSPECIFIED.,.F.,.F.,(4,1,1,1,4),(0.E0,2.5E-1,5.E-1,7.5E-1,1.E0),
.UNSPECIFIED.);
#2182=B_SPLINE_CURVE_WITH_KNOTS('',3,(#2166,#2167,#2168,#2169,#2170,#2171,#2172,
#2173,#2174,#2175,#2176,#2177,#2178,#2179,#2180,#2181),.UNSPECIFIED.,.F.,.F.,(4,
1,1,1,1,1,1,1,1,1,1,1,1,4),(0.E0,7.692307692308E-2,1.538461538462E-1,
2.307692307692E-1,3.076923076923E-1,3.846153846154E-1,4.615384615385E-1,
5.384615384615E-1,6.153846153846E-1,6.923076923077E-1,7.692307692308E-1,
8.461538461538E-1,9.230769230769E-1,1.E0),.UNSPECIFIED.);
#2187=CIRCLE('',#2186,1.E0);
#2196=CIRCLE('',#2195,4.5E0);
#2205=CIRCLE('',#2204,4.5E0);
#2218=CIRCLE('',#2217,3.E-1);
#2223=CIRCLE('',#2222,3.E-1);
#2228=CIRCLE('',#2227,3.E-1);
#2237=CIRCLE('',#2236,5.E-1);
#2250=B_SPLINE_CURVE_WITH_KNOTS('',3,(#2242,#2243,#2244,#2245,#2246,#2247,#2248,
#2249),.UNSPECIFIED.,.F.,.F.,(4,1,1,1,1,4),(0.E0,2.E-1,4.E-1,6.E-1,8.E-1,1.E0),
.UNSPECIFIED.);
#2267=CIRCLE('',#2266,1.5E0);
#2276=CIRCLE('',#2275,1.5E0);
#2285=CIRCLE('',#2284,1.5E0);
#2302=CIRCLE('',#2301,3.E-1);
#2319=CIRCLE('',#2318,3.E-1);
#2328=CIRCLE('',#2327,3.E-1);
#2333=CIRCLE('',#2332,3.E-1);
#2338=CIRCLE('',#2337,3.E-1);
#2343=CIRCLE('',#2342,3.E-1);
#2348=CIRCLE('',#2347,3.E-1);
#2353=CIRCLE('',#2352,3.E-1);
#2392=B_SPLINE_CURVE_WITH_KNOTS('',3,(#2382,#2383,#2384,#2385,#2386,#2387,#2388,
#2389,#2390,#2391),.UNSPECIFIED.,.F.,.F.,(4,1,1,1,1,1,1,4),(0.E0,
1.428571428571E-1,2.857142857143E-1,4.285714285714E-1,5.714285714286E-1,
7.142857142857E-1,8.571428571429E-1,1.E0),.UNSPECIFIED.);
#2403=B_SPLINE_CURVE_WITH_KNOTS('',3,(#2393,#2394,#2395,#2396,#2397,#2398,#2399,
#2400,#2401,#2402),.UNSPECIFIED.,.F.,.F.,(4,1,1,1,1,1,1,4),(0.E0,
1.428571428571E-1,2.857142857143E-1,4.285714285714E-1,5.714285714286E-1,
7.142857142857E-1,8.571428571429E-1,1.E0),.UNSPECIFIED.);
#2408=CIRCLE('',#2407,1.E0);
#2414=B_SPLINE_CURVE_WITH_KNOTS('',3,(#2409,#2410,#2411,#2412,#2413),
.UNSPECIFIED.,.F.,.F.,(4,1,4),(0.E0,5.E-1,1.E0),.UNSPECIFIED.);
#2419=CIRCLE('',#2418,1.E0);
#2424=CIRCLE('',#2423,3.E-1);
#2429=CIRCLE('',#2428,1.E0);
#2434=CIRCLE('',#2433,1.E0);
#2439=CIRCLE('',#2438,3.E-1);
#2452=CIRCLE('',#2451,3.E-1);
#2457=CIRCLE('',#2456,3.E-1);
#2468=B_SPLINE_CURVE_WITH_KNOTS('',3,(#2462,#2463,#2464,#2465,#2466,#2467),
.UNSPECIFIED.,.F.,.F.,(4,1,1,4),(0.E0,3.333333333333E-1,6.666666666667E-1,1.E0),
.UNSPECIFIED.);
#2475=B_SPLINE_CURVE_WITH_KNOTS('',3,(#2469,#2470,#2471,#2472,#2473,#2474),
.UNSPECIFIED.,.F.,.F.,(4,1,1,4),(0.E0,3.333333333333E-1,6.666666666667E-1,1.E0),
.UNSPECIFIED.);
#2480=CIRCLE('',#2479,5.000000000001E-1);
#2485=CIRCLE('',#2484,1.E0);
#2490=CIRCLE('',#2489,3.5E0);
#2499=CIRCLE('',#2498,1.034999999999E1);
#2516=B_SPLINE_CURVE_WITH_KNOTS('',3,(#2508,#2509,#2510,#2511,#2512,#2513,#2514,
#2515),.UNSPECIFIED.,.F.,.F.,(4,1,1,1,1,4),(0.E0,2.E-1,4.E-1,6.E-1,8.E-1,1.E0),
.UNSPECIFIED.);
#2524=B_SPLINE_CURVE_WITH_KNOTS('',3,(#2517,#2518,#2519,#2520,#2521,#2522,
#2523),.UNSPECIFIED.,.F.,.F.,(4,1,1,1,4),(0.E0,1.25E-1,2.5E-1,5.E-1,1.E0),
.UNSPECIFIED.);
#2529=CIRCLE('',#2528,3.992770520005E0);
#2534=CIRCLE('',#2533,4.492770520005E0);
#2547=CIRCLE('',#2546,3.992770520005E0);
#2556=B_SPLINE_CURVE_WITH_KNOTS('',3,(#2548,#2549,#2550,#2551,#2552,#2553,#2554,
#2555),.UNSPECIFIED.,.F.,.F.,(4,1,1,1,1,4),(0.E0,2.E-1,4.E-1,6.E-1,8.E-1,1.E0),
.UNSPECIFIED.);
#2561=CIRCLE('',#2560,4.492770520005E0);
#2577=B_SPLINE_CURVE_WITH_KNOTS('',3,(#2570,#2571,#2572,#2573,#2574,#2575,
#2576),.UNSPECIFIED.,.F.,.F.,(4,1,1,1,4),(0.E0,5.E-1,7.5E-1,8.75E-1,1.E0),
.UNSPECIFIED.);
#2602=B_SPLINE_CURVE_WITH_KNOTS('',3,(#2594,#2595,#2596,#2597,#2598,#2599,#2600,
#2601),.UNSPECIFIED.,.F.,.F.,(4,1,1,1,1,4),(0.E0,2.E-1,4.E-1,6.E-1,8.E-1,1.E0),
.UNSPECIFIED.);
#2610=B_SPLINE_CURVE_WITH_KNOTS('',3,(#2603,#2604,#2605,#2606,#2607,#2608,
#2609),.UNSPECIFIED.,.F.,.F.,(4,1,1,1,4),(0.E0,1.25E-1,2.5E-1,5.E-1,1.E0),
.UNSPECIFIED.);
#2615=CIRCLE('',#2614,3.992770560748E0);
#2620=CIRCLE('',#2619,4.492770520005E0);
#2633=CIRCLE('',#2632,3.992770479261E0);
#2642=B_SPLINE_CURVE_WITH_KNOTS('',3,(#2634,#2635,#2636,#2637,#2638,#2639,#2640,
#2641),.UNSPECIFIED.,.F.,.F.,(4,1,1,1,1,4),(0.E0,2.E-1,4.E-1,6.E-1,8.E-1,1.E0),
.UNSPECIFIED.);
#2647=CIRCLE('',#2646,4.492770520005E0);
#2667=B_SPLINE_CURVE_WITH_KNOTS('',3,(#2660,#2661,#2662,#2663,#2664,#2665,
#2666),.UNSPECIFIED.,.F.,.F.,(4,1,1,1,4),(0.E0,5.E-1,7.5E-1,8.75E-1,1.E0),
.UNSPECIFIED.);
#2680=CIRCLE('',#2679,4.E0);
#2685=CIRCLE('',#2684,1.035E1);
#2690=CIRCLE('',#2689,4.5E0);
#2709=B_SPLINE_CURVE_WITH_KNOTS('',3,(#2699,#2700,#2701,#2702,#2703,#2704,#2705,
#2706,#2707,#2708),.UNSPECIFIED.,.F.,.F.,(4,1,1,1,1,1,1,4),(0.E0,
1.428571428571E-1,2.857142857143E-1,4.285714285714E-1,5.714285714286E-1,
7.142857142857E-1,8.571428571429E-1,1.E0),.UNSPECIFIED.);
#2714=CIRCLE('',#2713,4.5E0);
#2723=CIRCLE('',#2722,1.035E1);
#2728=CIRCLE('',#2727,4.E0);
#2733=CIRCLE('',#2732,1.035E1);
#2738=CIRCLE('',#2737,1.145E1);
#2743=CIRCLE('',#2742,1.185E1);
#2756=CIRCLE('',#2755,1.145E1);
#2761=CIRCLE('',#2760,1.185E1);
#2774=CIRCLE('',#2773,9.25E0);
#2779=CIRCLE('',#2778,8.85E0);
#2804=B_SPLINE_CURVE_WITH_KNOTS('',3,(#2800,#2801,#2802,#2803),.UNSPECIFIED.,
.F.,.F.,(4,4),(0.E0,1.E0),.UNSPECIFIED.);
#2815=B_SPLINE_CURVE_WITH_KNOTS('',3,(#2809,#2810,#2811,#2812,#2813,#2814),
.UNSPECIFIED.,.F.,.F.,(4,1,1,4),(0.E0,3.333333333333E-1,6.666666666667E-1,1.E0),
.UNSPECIFIED.);
#2824=CIRCLE('',#2823,9.E0);
#2849=CIRCLE('',#2848,9.E0);
#2864=B_SPLINE_CURVE_WITH_KNOTS('',3,(#2858,#2859,#2860,#2861,#2862,#2863),
.UNSPECIFIED.,.F.,.F.,(4,1,1,4),(0.E0,3.333333333333E-1,6.666666666667E-1,1.E0),
.UNSPECIFIED.);
#2894=B_SPLINE_CURVE_WITH_KNOTS('',3,(#2873,#2874,#2875,#2876,#2877,#2878,#2879,
#2880,#2881,#2882,#2883,#2884,#2885,#2886,#2887,#2888,#2889,#2890,#2891,#2892,
#2893),.UNSPECIFIED.,.F.,.F.,(4,1,1,1,1,1,1,1,1,1,1,1,1,1,1,1,1,1,4),(0.E0,
5.555555555556E-2,1.111111111111E-1,1.666666666667E-1,2.222222222222E-1,
2.777777777778E-1,3.333333333333E-1,3.888888888889E-1,4.444444444444E-1,5.E-1,
5.555555555556E-1,6.111111111111E-1,6.666666666667E-1,7.222222222222E-1,
7.777777777778E-1,8.333333333333E-1,8.888888888889E-1,9.444444444444E-1,1.E0),
.UNSPECIFIED.);
#2899=CIRCLE('',#2898,8.85E0);
#2904=CIRCLE('',#2903,8.85E0);
#2909=CIRCLE('',#2908,8.85E0);
#2915=B_SPLINE_CURVE_WITH_KNOTS('',3,(#2910,#2911,#2912,#2913,#2914),
.UNSPECIFIED.,.F.,.F.,(4,1,4),(0.E0,5.E-1,1.E0),.UNSPECIFIED.);
#2920=CIRCLE('',#2919,8.85E0);
#2941=CIRCLE('',#2940,4.E0);
#2954=CIRCLE('',#2953,5.E-1);
#2963=CIRCLE('',#2962,5.E-1);
#2972=CIRCLE('',#2971,4.E0);
#3013=CIRCLE('',#3012,1.E0);
#3018=CIRCLE('',#3017,1.E0);
#3029=B_SPLINE_CURVE_WITH_KNOTS('',3,(#3023,#3024,#3025,#3026,#3027,#3028),
.UNSPECIFIED.,.F.,.F.,(4,1,1,4),(0.E0,5.E-1,7.5E-1,1.E0),.UNSPECIFIED.);
#3034=CIRCLE('',#3033,3.E-1);
#3043=CIRCLE('',#3042,3.E-1);
#3054=B_SPLINE_CURVE_WITH_KNOTS('',3,(#3048,#3049,#3050,#3051,#3052,#3053),
.UNSPECIFIED.,.F.,.F.,(4,1,1,4),(0.E0,2.5E-1,5.E-1,1.E0),.UNSPECIFIED.);
#3115=CIRCLE('',#3114,3.E-1);
#3132=CIRCLE('',#3131,8.85E0);
#3141=CIRCLE('',#3140,4.E0);
#3146=CIRCLE('',#3145,8.85E0);
#3166=B_SPLINE_CURVE_WITH_KNOTS('',3,(#3155,#3156,#3157,#3158,#3159,#3160,#3161,
#3162,#3163,#3164,#3165),.UNSPECIFIED.,.F.,.F.,(4,1,1,1,1,1,1,1,4),(0.E0,
1.25E-1,2.5E-1,3.75E-1,5.E-1,6.25E-1,7.5E-1,8.75E-1,1.E0),.UNSPECIFIED.);
#3171=CIRCLE('',#3170,8.85E0);
#3196=CIRCLE('',#3195,8.85E0);
#3206=B_SPLINE_CURVE_WITH_KNOTS('',3,(#3201,#3202,#3203,#3204,#3205),
.UNSPECIFIED.,.F.,.F.,(4,1,4),(0.E0,5.E-1,1.E0),.UNSPECIFIED.);
#3219=CIRCLE('',#3218,3.E-1);
#3236=CIRCLE('',#3235,5.E-1);
#3245=CIRCLE('',#3244,3.E-1);
#3270=CIRCLE('',#3269,3.E-1);
#3275=CIRCLE('',#3274,3.E-1);
#3280=CIRCLE('',#3279,3.E-1);
#3293=CIRCLE('',#3292,3.E-1);
#3298=CIRCLE('',#3297,3.E-1);
#3303=CIRCLE('',#3302,3.E-1);
#3312=CIRCLE('',#3311,5.E-1);
#3317=CIRCLE('',#3316,5.E-1);
#3322=CIRCLE('',#3321,5.E-1);
#3327=CIRCLE('',#3326,5.E-1);
#3332=CIRCLE('',#3331,3.E-1);
#3369=CIRCLE('',#3368,5.E-1);
#3374=CIRCLE('',#3373,5.E-1);
#3379=CIRCLE('',#3378,5.E-1);
#3444=CIRCLE('',#3443,5.E-1);
#3449=CIRCLE('',#3448,5.E-1);
#3454=CIRCLE('',#3453,5.E-1);
#3467=CIRCLE('',#3466,5.E-1);
#3472=CIRCLE('',#3471,5.E-1);
#3477=CIRCLE('',#3476,5.E-1);
#3490=CIRCLE('',#3489,5.E-1);
#3495=CIRCLE('',#3494,5.E-1);
#3500=CIRCLE('',#3499,5.E-1);
#3513=CIRCLE('',#3512,3.E-1);
#3522=CIRCLE('',#3521,5.E-1);
#3567=CIRCLE('',#3566,3.E-1);
#3572=CIRCLE('',#3571,3.E-1);
#3577=CIRCLE('',#3576,3.E-1);
#3618=CIRCLE('',#3617,3.E-1);
#3623=CIRCLE('',#3622,3.E-1);
#3628=CIRCLE('',#3627,3.E-1);
#3645=CIRCLE('',#3644,3.E-1);
#3650=CIRCLE('',#3649,3.E-1);
#3655=CIRCLE('',#3654,3.E-1);
#3668=CIRCLE('',#3667,3.E-1);
#3677=CIRCLE('',#3676,4.E-1);
#3686=CIRCLE('',#3685,5.2E0);
#3695=CIRCLE('',#3694,5.2E0);
#3704=CIRCLE('',#3703,4.E-1);
#3713=CIRCLE('',#3712,4.6E0);
#3722=CIRCLE('',#3721,4.6E0);
#3727=CIRCLE('',#3726,3.E-1);
#3736=B_SPLINE_CURVE_WITH_KNOTS('',3,(#3728,#3729,#3730,#3731,#3732,#3733,#3734,
#3735),.UNSPECIFIED.,.F.,.F.,(4,1,1,1,1,4),(0.E0,2.E-1,4.E-1,6.E-1,8.E-1,1.E0),
.UNSPECIFIED.);
#3753=CIRCLE('',#3752,4.3E0);
#3766=CIRCLE('',#3765,3.E-1);
#3771=CIRCLE('',#3770,3.E-1);
#3780=CIRCLE('',#3779,4.3E0);
#3793=CIRCLE('',#3792,3.E-1);
#3802=B_SPLINE_CURVE_WITH_KNOTS('',3,(#3794,#3795,#3796,#3797,#3798,#3799,#3800,
#3801),.UNSPECIFIED.,.F.,.F.,(4,1,1,1,1,4),(0.E0,2.E-1,4.E-1,6.E-1,8.E-1,1.E0),
.UNSPECIFIED.);
#3815=CIRCLE('',#3814,3.8E0);
#3824=CIRCLE('',#3823,4.E-1);
#3829=CIRCLE('',#3828,4.4E0);
#3834=CIRCLE('',#3833,4.4E0);
#3839=CIRCLE('',#3838,4.E-1);
#3848=CIRCLE('',#3847,3.8E0);
#3853=CIRCLE('',#3852,2.E-1);
#3858=CIRCLE('',#3857,4.E0);
#3863=CIRCLE('',#3862,2.E-1);
#3920=CIRCLE('',#3919,4.E0);
#3925=CIRCLE('',#3924,2.E-1);
#3930=CIRCLE('',#3929,2.E-1);
#3935=CIRCLE('',#3934,4.E0);
#3944=CIRCLE('',#3943,5.E-1);
#3949=CIRCLE('',#3948,5.E-1);
#3954=CIRCLE('',#3953,4.E0);
#3971=CIRCLE('',#3970,5.E-1);
#3976=CIRCLE('',#3975,5.E-1);
#3981=CIRCLE('',#3980,5.E-1);
#4030=CIRCLE('',#4029,5.E-1);
#4035=CIRCLE('',#4034,5.E-1);
#4040=CIRCLE('',#4039,5.E-1);
#4053=CIRCLE('',#4052,5.E-1);
#4066=CIRCLE('',#4065,5.E-1);
#4083=CIRCLE('',#4082,5.E-1);
#4088=CIRCLE('',#4087,5.E-1);
#4093=CIRCLE('',#4092,5.E-1);
#4106=CIRCLE('',#4105,5.E-1);
#4111=CIRCLE('',#4110,5.E-1);
#4116=CIRCLE('',#4115,5.E-1);
#4161=CIRCLE('',#4160,4.E0);
#4174=CIRCLE('',#4173,4.E0);
#4191=CIRCLE('',#4190,4.E0);
#4200=CIRCLE('',#4199,5.E-1);
#4213=CIRCLE('',#4212,4.E0);
#4226=CIRCLE('',#4225,4.E0);
#4243=CIRCLE('',#4242,4.E0);
#4248=CIRCLE('',#4247,5.E-1);
#4301=CIRCLE('',#4300,4.E0);
#4310=CIRCLE('',#4309,4.E0);
#4319=CIRCLE('',#4318,4.E0);
#4328=CIRCLE('',#4327,4.E0);
#4341=CIRCLE('',#4340,4.E0);
#4346=CIRCLE('',#4345,4.E0);
#4397=B_SPLINE_CURVE_WITH_KNOTS('',3,(#4391,#4392,#4393,#4394,#4395,#4396),
.UNSPECIFIED.,.F.,.F.,(4,1,1,4),(0.E0,3.333333333333E-1,6.666666666667E-1,1.E0),
.UNSPECIFIED.);
#4402=CIRCLE('',#4401,4.3E0);
#4407=CIRCLE('',#4406,1.E-1);
#4412=CIRCLE('',#4411,1.E-1);
#4425=CIRCLE('',#4424,1.E-1);
#4430=CIRCLE('',#4429,4.3E0);
#4435=CIRCLE('',#4434,1.E-1);
#4450=B_SPLINE_CURVE_WITH_KNOTS('',3,(#4444,#4445,#4446,#4447,#4448,#4449),
.UNSPECIFIED.,.F.,.F.,(4,1,1,4),(0.E0,3.333333333333E-1,6.666666666667E-1,1.E0),
.UNSPECIFIED.);
#4459=CIRCLE('',#4458,3.E-1);
#4500=CIRCLE('',#4499,3.896597643099E0);
#4521=B_SPLINE_CURVE_WITH_KNOTS('',3,(#4513,#4514,#4515,#4516,#4517,#4518,#4519,
#4520),.UNSPECIFIED.,.F.,.F.,(4,1,1,1,1,4),(0.E0,2.E-1,4.E-1,6.E-1,8.E-1,1.E0),
.UNSPECIFIED.);
#4526=CIRCLE('',#4525,4.396597643099E0);
#4535=CIRCLE('',#4534,4.396597643099E0);
#4548=CIRCLE('',#4547,3.896597643099E0);
#4556=B_SPLINE_CURVE_WITH_KNOTS('',3,(#4549,#4550,#4551,#4552,#4553,#4554,
#4555),.UNSPECIFIED.,.F.,.F.,(4,1,1,1,4),(0.E0,5.E-1,7.5E-1,8.75E-1,1.E0),
.UNSPECIFIED.);
#4565=B_SPLINE_CURVE_WITH_KNOTS('',3,(#4557,#4558,#4559,#4560,#4561,#4562,#4563,
#4564),.UNSPECIFIED.,.F.,.F.,(4,1,1,1,1,4),(0.E0,2.E-1,4.E-1,6.E-1,8.E-1,1.E0),
.UNSPECIFIED.);
#4581=B_SPLINE_CURVE_WITH_KNOTS('',3,(#4574,#4575,#4576,#4577,#4578,#4579,
#4580),.UNSPECIFIED.,.F.,.F.,(4,1,1,1,4),(0.E0,1.25E-1,2.5E-1,5.E-1,1.E0),
.UNSPECIFIED.);
#4586=CIRCLE('',#4585,3.896597683546E0);
#4603=B_SPLINE_CURVE_WITH_KNOTS('',3,(#4595,#4596,#4597,#4598,#4599,#4600,#4601,
#4602),.UNSPECIFIED.,.F.,.F.,(4,1,1,1,1,4),(0.E0,2.E-1,4.E-1,6.E-1,8.E-1,1.E0),
.UNSPECIFIED.);
#4608=CIRCLE('',#4607,4.396597643099E0);
#4617=CIRCLE('',#4616,4.396597643099E0);
#4630=CIRCLE('',#4629,3.896597602488E0);
#4643=B_SPLINE_CURVE_WITH_KNOTS('',3,(#4635,#4636,#4637,#4638,#4639,#4640,#4641,
#4642),.UNSPECIFIED.,.F.,.F.,(4,1,1,1,1,4),(0.E0,2.E-1,4.E-1,6.E-1,8.E-1,1.E0),
.UNSPECIFIED.);
#4651=B_SPLINE_CURVE_WITH_KNOTS('',3,(#4644,#4645,#4646,#4647,#4648,#4649,
#4650),.UNSPECIFIED.,.F.,.F.,(4,1,1,1,4),(0.E0,5.E-1,7.5E-1,8.75E-1,1.E0),
.UNSPECIFIED.);
#4667=B_SPLINE_CURVE_WITH_KNOTS('',3,(#4660,#4661,#4662,#4663,#4664,#4665,
#4666),.UNSPECIFIED.,.F.,.F.,(4,1,1,1,4),(0.E0,1.25E-1,2.5E-1,5.E-1,1.E0),
.UNSPECIFIED.);
#4677=B_SPLINE_CURVE_WITH_KNOTS('',3,(#4672,#4673,#4674,#4675,#4676),
.UNSPECIFIED.,.F.,.F.,(4,1,4),(0.E0,5.E-1,1.E0),.UNSPECIFIED.);
#4682=CIRCLE('',#4681,1.035E1);
#4697=B_SPLINE_CURVE_WITH_KNOTS('',3,(#4683,#4684,#4685,#4686,#4687,#4688,#4689,
#4690,#4691,#4692,#4693,#4694,#4695,#4696),.UNSPECIFIED.,.F.,.F.,(4,1,1,1,1,1,1,
1,1,1,1,4),(0.E0,9.090909090909E-2,1.818181818182E-1,2.727272727273E-1,
3.636363636364E-1,4.545454545455E-1,5.454545454545E-1,6.363636363636E-1,
7.272727272727E-1,8.181818181818E-1,9.090909090909E-1,1.E0),.UNSPECIFIED.);
#4702=CIRCLE('',#4701,1.035E1);
#4711=CIRCLE('',#4710,5.5E0);
#4716=CIRCLE('',#4715,3.E-1);
#4725=CIRCLE('',#4724,1.035E1);
#4741=B_SPLINE_CURVE_WITH_KNOTS('',3,(#4730,#4731,#4732,#4733,#4734,#4735,#4736,
#4737,#4738,#4739,#4740),.UNSPECIFIED.,.F.,.F.,(4,1,1,1,1,1,1,1,4),(0.E0,
1.25E-1,2.5E-1,3.75E-1,5.E-1,6.25E-1,7.5E-1,8.75E-1,1.E0),.UNSPECIFIED.);
#4746=CIRCLE('',#4745,1.035E1);
#4755=CIRCLE('',#4754,5.5E0);
#4768=CIRCLE('',#4767,3.E-1);
#4796=B_SPLINE_CURVE_WITH_KNOTS('',3,(#4789,#4790,#4791,#4792,#4793,#4794,
#4795),.UNSPECIFIED.,.F.,.F.,(4,1,1,1,4),(0.E0,2.5E-1,5.E-1,7.5E-1,1.E0),
.UNSPECIFIED.);
#4819=B_SPLINE_CURVE_WITH_KNOTS('',3,(#4813,#4814,#4815,#4816,#4817,#4818),
.UNSPECIFIED.,.F.,.F.,(4,1,1,4),(0.E0,3.333333333333E-1,6.666666666667E-1,1.E0),
.UNSPECIFIED.);
#4826=B_SPLINE_CURVE_WITH_KNOTS('',3,(#4820,#4821,#4822,#4823,#4824,#4825),
.UNSPECIFIED.,.F.,.F.,(4,1,1,4),(0.E0,3.333333333333E-1,6.666666666667E-1,1.E0),
.UNSPECIFIED.);
#4833=B_SPLINE_CURVE_WITH_KNOTS('',3,(#4827,#4828,#4829,#4830,#4831,#4832),
.UNSPECIFIED.,.F.,.F.,(4,1,1,4),(0.E0,3.333333333333E-1,6.666666666667E-1,1.E0),
.UNSPECIFIED.);
#4860=B_SPLINE_CURVE_WITH_KNOTS('',3,(#4854,#4855,#4856,#4857,#4858,#4859),
.UNSPECIFIED.,.F.,.F.,(4,1,1,4),(0.E0,3.333333333333E-1,6.666666666667E-1,1.E0),
.UNSPECIFIED.);
#4874=B_SPLINE_CURVE_WITH_KNOTS('',3,(#4865,#4866,#4867,#4868,#4869,#4870,#4871,
#4872,#4873),.UNSPECIFIED.,.F.,.F.,(4,1,1,1,1,1,4),(0.E0,1.666666666667E-1,
3.333333333333E-1,5.E-1,6.666666666667E-1,8.333333333333E-1,1.E0),
.UNSPECIFIED.);
#4883=CIRCLE('',#4882,2.005344E0);
#4888=CIRCLE('',#4887,6.E0);
#4899=B_SPLINE_CURVE_WITH_KNOTS('',3,(#4893,#4894,#4895,#4896,#4897,#4898),
.UNSPECIFIED.,.F.,.F.,(4,1,1,4),(0.E0,3.333333333333E-1,6.666666666667E-1,1.E0),
.UNSPECIFIED.);
#4922=B_SPLINE_CURVE_WITH_KNOTS('',3,(#4916,#4917,#4918,#4919,#4920,#4921),
.UNSPECIFIED.,.F.,.F.,(4,1,1,4),(0.E0,3.333333333333E-1,6.666666666667E-1,1.E0),
.UNSPECIFIED.);
#4933=B_SPLINE_CURVE_WITH_KNOTS('',3,(#4927,#4928,#4929,#4930,#4931,#4932),
.UNSPECIFIED.,.F.,.F.,(4,1,1,4),(0.E0,3.333333333333E-1,6.666666666667E-1,1.E0),
.UNSPECIFIED.);
#4946=CIRCLE('',#4945,1.5E0);
#4955=CIRCLE('',#4954,2.005345E0);
#4960=CIRCLE('',#4959,6.E0);
#4978=B_SPLINE_CURVE_WITH_KNOTS('',3,(#4969,#4970,#4971,#4972,#4973,#4974,#4975,
#4976,#4977),.UNSPECIFIED.,.F.,.F.,(4,1,1,1,1,1,4),(0.E0,1.666666666667E-1,
3.333333333333E-1,5.E-1,6.666666666667E-1,8.333333333333E-1,1.E0),
.UNSPECIFIED.);
#4992=B_SPLINE_CURVE_WITH_KNOTS('',3,(#4987,#4988,#4989,#4990,#4991),
.UNSPECIFIED.,.F.,.F.,(4,1,4),(0.E0,5.E-1,1.E0),.UNSPECIFIED.);
#5003=B_SPLINE_CURVE_WITH_KNOTS('',3,(#4997,#4998,#4999,#5000,#5001,#5002),
.UNSPECIFIED.,.F.,.F.,(4,1,1,4),(0.E0,3.333333333333E-1,6.666666666667E-1,1.E0),
.UNSPECIFIED.);
#5010=B_SPLINE_CURVE_WITH_KNOTS('',3,(#5004,#5005,#5006,#5007,#5008,#5009),
.UNSPECIFIED.,.F.,.F.,(4,1,1,4),(0.E0,3.333333333333E-1,6.666666666667E-1,1.E0),
.UNSPECIFIED.);
#5021=B_SPLINE_CURVE_WITH_KNOTS('',3,(#5015,#5016,#5017,#5018,#5019,#5020),
.UNSPECIFIED.,.F.,.F.,(4,1,1,4),(0.E0,3.333333333333E-1,6.666666666667E-1,1.E0),
.UNSPECIFIED.);
#5027=B_SPLINE_CURVE_WITH_KNOTS('',3,(#5022,#5023,#5024,#5025,#5026),
.UNSPECIFIED.,.F.,.F.,(4,1,4),(0.E0,5.E-1,1.E0),.UNSPECIFIED.);
#5032=CIRCLE('',#5031,1.035E1);
#5053=CIRCLE('',#5052,3.E-1);
#5058=CIRCLE('',#5057,3.E-1);
#5063=CIRCLE('',#5062,3.E-1);
#5128=CIRCLE('',#5127,3.E-1);
#5133=CIRCLE('',#5132,3.E-1);
#5138=CIRCLE('',#5137,3.E-1);
#5151=CIRCLE('',#5150,3.E-1);
#5156=CIRCLE('',#5155,3.E-1);
#5161=CIRCLE('',#5160,3.E-1);
#5166=CIRCLE('',#5165,3.E-1);
#5171=CIRCLE('',#5170,3.E-1);
#5176=CIRCLE('',#5175,3.E-1);
#5181=CIRCLE('',#5180,1.035E1);
#5186=CIRCLE('',#5185,4.E0);
#5191=CIRCLE('',#5190,4.5E0);
#5204=CIRCLE('',#5203,4.5E0);
#5215=B_SPLINE_CURVE_WITH_KNOTS('',3,(#5205,#5206,#5207,#5208,#5209,#5210,#5211,
#5212,#5213,#5214),.UNSPECIFIED.,.F.,.F.,(4,1,1,1,1,1,1,4),(0.E0,
1.428571428571E-1,2.857142857143E-1,4.285714285714E-1,5.714285714286E-1,
7.142857142857E-1,8.571428571429E-1,1.E0),.UNSPECIFIED.);
#5220=CIRCLE('',#5219,4.E0);
#5225=CIRCLE('',#5224,1.035E1);
#5234=CIRCLE('',#5233,1.035E1);
#5239=CIRCLE('',#5238,1.145E1);
#5244=CIRCLE('',#5243,1.185E1);
#5257=CIRCLE('',#5256,1.145E1);
#5262=CIRCLE('',#5261,1.185E1);
#5275=CIRCLE('',#5274,9.25E0);
#5280=CIRCLE('',#5279,8.85E0);
#5310=B_SPLINE_CURVE_WITH_KNOTS('',3,(#5289,#5290,#5291,#5292,#5293,#5294,#5295,
#5296,#5297,#5298,#5299,#5300,#5301,#5302,#5303,#5304,#5305,#5306,#5307,#5308,
#5309),.UNSPECIFIED.,.F.,.F.,(4,1,1,1,1,1,1,1,1,1,1,1,1,1,1,1,1,1,4),(0.E0,
5.555555555556E-2,1.111111111111E-1,1.666666666667E-1,2.222222222222E-1,
2.777777777778E-1,3.333333333333E-1,3.888888888889E-1,4.444444444444E-1,5.E-1,
5.555555555556E-1,6.111111111111E-1,6.666666666667E-1,7.222222222222E-1,
7.777777777778E-1,8.333333333333E-1,8.888888888889E-1,9.444444444444E-1,1.E0),
.UNSPECIFIED.);
#5315=CIRCLE('',#5314,8.85E0);
#5320=CIRCLE('',#5319,8.85E0);
#5325=CIRCLE('',#5324,4.E0);
#5330=CIRCLE('',#5329,4.5E0);
#5341=B_SPLINE_CURVE_WITH_KNOTS('',3,(#5331,#5332,#5333,#5334,#5335,#5336,#5337,
#5338,#5339,#5340),.UNSPECIFIED.,.F.,.F.,(4,1,1,1,1,1,1,4),(0.E0,
1.428571428571E-1,2.857142857143E-1,4.285714285714E-1,5.714285714286E-1,
7.142857142857E-1,8.571428571429E-1,1.E0),.UNSPECIFIED.);
#5346=CIRCLE('',#5345,1.035E1);
#6633=EDGE_CURVE('',#6336,#6337,#4,.T.);
#6635=EDGE_CURVE('',#6331,#6336,#50,.T.);
#6637=EDGE_CURVE('',#6331,#5350,#64,.T.);
#6639=EDGE_CURVE('',#5349,#5350,#8,.T.);
#6641=EDGE_CURVE('',#5349,#5352,#5234,.T.);
#6643=EDGE_CURVE('',#5354,#5352,#12,.T.);
#6645=EDGE_CURVE('',#5354,#5356,#5225,.T.);
#6647=EDGE_CURVE('',#5356,#5357,#5215,.T.);
#6649=EDGE_CURVE('',#5357,#5359,#5195,.T.);
#6651=EDGE_CURVE('',#5359,#5362,#22,.T.);
#6653=EDGE_CURVE('',#5362,#5363,#5181,.T.);
#6655=EDGE_CURVE('',#5365,#5363,#26,.T.);
#6657=EDGE_CURVE('',#5365,#5367,#5032,.T.);
#6659=EDGE_CURVE('',#5367,#5369,#4746,.T.);
#6661=EDGE_CURVE('',#5369,#5371,#4725,.T.);
#6663=EDGE_CURVE('',#5371,#5373,#4702,.T.);
#6665=EDGE_CURVE('',#5373,#5375,#4682,.T.);
#6667=EDGE_CURVE('',#5377,#5375,#30,.T.);
#6669=EDGE_CURVE('',#5377,#6333,#5346,.T.);
#6671=EDGE_CURVE('',#6337,#6333,#5341,.T.);
#6681=EDGE_CURVE('',#6336,#6268,#55,.T.);
#6684=EDGE_CURVE('',#6277,#6337,#5330,.T.);
#6686=EDGE_CURVE('',#6268,#6277,#34,.T.);
#6696=EDGE_CURVE('',#6269,#6331,#39,.T.);
#6700=EDGE_CURVE('',#6268,#6269,#92,.T.);
#6711=EDGE_CURVE('',#5350,#6269,#59,.T.);
#6722=EDGE_CURVE('',#6615,#6614,#68,.T.);
#6724=EDGE_CURVE('',#6614,#6369,#5288,.T.);
#6726=EDGE_CURVE('',#6368,#6369,#73,.T.);
#6728=EDGE_CURVE('',#6368,#6365,#5266,.T.);
#6730=EDGE_CURVE('',#6364,#6365,#78,.T.);
#6732=EDGE_CURVE('',#6364,#6393,#5252,.T.);
#6734=EDGE_CURVE('',#6392,#6393,#83,.T.);
#6736=EDGE_CURVE('',#5349,#6392,#87,.T.);
#6742=EDGE_CURVE('',#6276,#6277,#97,.T.);
#6744=EDGE_CURVE('',#5377,#6276,#101,.T.);
#6747=EDGE_CURVE('',#5915,#5375,#105,.T.);
#6749=EDGE_CURVE('',#5915,#5916,#4491,.T.);
#6751=EDGE_CURVE('',#5916,#6301,#4634,.T.);
#6753=EDGE_CURVE('',#6300,#6301,#115,.T.);
#6755=EDGE_CURVE('',#6300,#6303,#4621,.T.);
#6757=EDGE_CURVE('',#6302,#6303,#125,.T.);
#6759=EDGE_CURVE('',#5911,#6302,#129,.T.);
#6761=EDGE_CURVE('',#5911,#5912,#4479,.T.);
#6763=EDGE_CURVE('',#6317,#5912,#133,.T.);
#6765=EDGE_CURVE('',#6316,#6317,#143,.T.);
#6767=EDGE_CURVE('',#6316,#6323,#4539,.T.);
#6769=EDGE_CURVE('',#6322,#6323,#153,.T.);
#6771=EDGE_CURVE('',#6322,#6339,#4512,.T.);
#6773=EDGE_CURVE('',#6339,#6549,#4467,.T.);
#6775=EDGE_CURVE('',#6548,#6549,#158,.T.);
#6777=EDGE_CURVE('',#5838,#6548,#162,.T.);
#6779=EDGE_CURVE('',#5838,#5836,#3744,.T.);
#6781=EDGE_CURVE('',#5836,#5848,#3819,.T.);
#6783=EDGE_CURVE('',#5545,#5848,#167,.T.);
#6785=EDGE_CURVE('',#5545,#5550,#4284,.T.);
#6787=EDGE_CURVE('',#5630,#5550,#171,.T.);
#6789=EDGE_CURVE('',#5630,#5631,#4378,.T.);
#6791=EDGE_CURVE('',#5380,#5631,#175,.T.);
#6793=EDGE_CURVE('',#5384,#5380,#179,.T.);
#6795=EDGE_CURVE('',#5866,#5384,#183,.T.);
#6797=EDGE_CURVE('',#5866,#5886,#2868,.T.);
#6799=EDGE_CURVE('',#5919,#5886,#187,.T.);
#6801=EDGE_CURVE('',#5919,#5920,#651,.T.);
#6803=EDGE_CURVE('',#5922,#5920,#191,.T.);
#6805=EDGE_CURVE('',#5922,#5924,#630,.T.);
#6807=EDGE_CURVE('',#5924,#5926,#618,.T.);
#6809=EDGE_CURVE('',#5926,#5928,#609,.T.);
#6811=EDGE_CURVE('',#6608,#5928,#195,.T.);
#6813=EDGE_CURVE('',#6608,#6615,#294,.T.);
#6823=EDGE_CURVE('',#6612,#6613,#203,.T.);
#6825=EDGE_CURVE('',#6614,#6613,#5310,.T.);
#6828=EDGE_CURVE('',#6615,#6612,#348,.T.);
#6838=EDGE_CURVE('',#6608,#6609,#316,.T.);
#6840=EDGE_CURVE('',#6617,#6608,#594,.T.);
#6842=EDGE_CURVE('',#6617,#6618,#199,.T.);
#6844=EDGE_CURVE('',#6618,#5886,#663,.T.);
#6846=EDGE_CURVE('',#5886,#5448,#2894,.T.);
#6848=EDGE_CURVE('',#5448,#6619,#2804,.T.);
#6850=EDGE_CURVE('',#6616,#6619,#454,.T.);
#6852=EDGE_CURVE('',#6609,#6616,#363,.T.);
#6863=EDGE_CURVE('',#6612,#6609,#290,.T.);
#6865=EDGE_CURVE('',#5436,#6609,#207,.T.);
#6867=EDGE_CURVE('',#5436,#5437,#2857,.T.);
#6869=EDGE_CURVE('',#5437,#5439,#2844,.T.);
#6871=EDGE_CURVE('',#5441,#5439,#211,.T.);
#6873=EDGE_CURVE('',#5443,#5441,#215,.T.);
#6875=EDGE_CURVE('',#5443,#5445,#2819,.T.);
#6877=EDGE_CURVE('',#5448,#5445,#219,.T.);
#6879=EDGE_CURVE('',#5448,#5449,#2872,.T.);
#6881=EDGE_CURVE('',#5451,#5449,#223,.T.);
#6883=EDGE_CURVE('',#5451,#5453,#3191,.T.);
#6885=EDGE_CURVE('',#5392,#5453,#227,.T.);
#6887=EDGE_CURVE('',#5392,#5389,#4354,.T.);
#6889=EDGE_CURVE('',#5455,#5389,#231,.T.);
#6891=EDGE_CURVE('',#5455,#5457,#3907,.T.);
#6893=EDGE_CURVE('',#5459,#5457,#236,.T.);
#6895=EDGE_CURVE('',#5459,#5461,#3843,.T.);
#6897=EDGE_CURVE('',#5461,#5463,#3806,.T.);
#6899=EDGE_CURVE('',#6569,#5463,#240,.T.);
#6901=EDGE_CURVE('',#6568,#6569,#245,.T.);
#6903=EDGE_CURVE('',#5465,#6568,#249,.T.);
#6905=EDGE_CURVE('',#5365,#5465,#253,.T.);
#6908=EDGE_CURVE('',#5386,#5363,#257,.T.);
#6910=EDGE_CURVE('',#5467,#5386,#262,.T.);
#6912=EDGE_CURVE('',#5467,#5469,#5199,.T.);
#6914=EDGE_CURVE('',#5471,#5469,#267,.T.);
#6916=EDGE_CURVE('',#5471,#5354,#5229,.T.);
#6919=EDGE_CURVE('',#6397,#5352,#271,.T.);
#6921=EDGE_CURVE('',#6396,#6397,#276,.T.);
#6923=EDGE_CURVE('',#6396,#6361,#5248,.T.);
#6925=EDGE_CURVE('',#6360,#6361,#281,.T.);
#6927=EDGE_CURVE('',#6360,#6373,#5270,.T.);
#6929=EDGE_CURVE('',#6372,#6373,#286,.T.);
#6931=EDGE_CURVE('',#6372,#6613,#5284,.T.);
#6941=EDGE_CURVE('',#6608,#6621,#326,.T.);
#6943=EDGE_CURVE('',#6621,#6609,#321,.T.);
#6946=EDGE_CURVE('',#6612,#6627,#358,.T.);
#6948=EDGE_CURVE('',#6627,#6615,#353,.T.);
#6982=EDGE_CURVE('',#6616,#5929,#442,.T.);
#6984=EDGE_CURVE('',#5929,#5436,#2864,.T.);
#6995=EDGE_CURVE('',#6377,#6616,#450,.T.);
#6997=EDGE_CURVE('',#6376,#6377,#368,.T.);
#6999=EDGE_CURVE('',#6376,#6357,#2765,.T.);
#7001=EDGE_CURVE('',#6356,#6357,#373,.T.);
#7003=EDGE_CURVE('',#6356,#6385,#2751,.T.);
#7005=EDGE_CURVE('',#6384,#6385,#378,.T.);
#7007=EDGE_CURVE('',#5954,#6384,#382,.T.);
#7009=EDGE_CURVE('',#5954,#5955,#1318,.T.);
#7011=EDGE_CURVE('',#5955,#5957,#2718,.T.);
#7013=EDGE_CURVE('',#5959,#5957,#387,.T.);
#7015=EDGE_CURVE('',#5959,#5961,#2694,.T.);
#7017=EDGE_CURVE('',#5963,#5961,#392,.T.);
#7019=EDGE_CURVE('',#5965,#5963,#396,.T.);
#7021=EDGE_CURVE('',#5965,#5967,#1304,.T.);
#7023=EDGE_CURVE('',#5969,#5967,#400,.T.);
#7025=EDGE_CURVE('',#5969,#6423,#1024,.T.);
#7027=EDGE_CURVE('',#6425,#6423,#405,.T.);
#7029=EDGE_CURVE('',#6425,#6401,#959,.T.);
#7031=EDGE_CURVE('',#6400,#6401,#410,.T.);
#7033=EDGE_CURVE('',#6400,#5973,#946,.T.);
#7035=EDGE_CURVE('',#5972,#5973,#414,.T.);
#7037=EDGE_CURVE('',#5975,#5972,#418,.T.);
#7039=EDGE_CURVE('',#5977,#5975,#422,.T.);
#7041=EDGE_CURVE('',#5979,#5977,#426,.T.);
#7043=EDGE_CURVE('',#5942,#5979,#430,.T.);
#7045=EDGE_CURVE('',#5942,#6619,#458,.T.);
#7047=EDGE_CURVE('',#5982,#6619,#434,.T.);
#7049=EDGE_CURVE('',#5982,#5983,#2808,.T.);
#7051=EDGE_CURVE('',#5983,#5985,#2828,.T.);
#7053=EDGE_CURVE('',#5985,#5987,#2832,.T.);
#7055=EDGE_CURVE('',#5989,#5987,#438,.T.);
#7057=EDGE_CURVE('',#5989,#5929,#2853,.T.);
#7068=EDGE_CURVE('',#6617,#6380,#446,.T.);
#7070=EDGE_CURVE('',#6377,#6380,#2779,.T.);
#7075=EDGE_CURVE('',#5942,#5943,#758,.T.);
#7077=EDGE_CURVE('',#5943,#5945,#772,.T.);
#7079=EDGE_CURVE('',#5945,#5947,#700,.T.);
#7081=EDGE_CURVE('',#5947,#5949,#678,.T.);
#7083=EDGE_CURVE('',#5949,#5951,#668,.T.);
#7085=EDGE_CURVE('',#6618,#5951,#462,.T.);
#7097=EDGE_CURVE('',#5930,#6617,#466,.T.);
#7099=EDGE_CURVE('',#5930,#5939,#598,.T.);
#7101=EDGE_CURVE('',#5937,#5939,#470,.T.);
#7103=EDGE_CURVE('',#5937,#5935,#626,.T.);
#7105=EDGE_CURVE('',#5935,#5933,#638,.T.);
#7107=EDGE_CURVE('',#5933,#5931,#642,.T.);
#7109=EDGE_CURVE('',#6618,#5931,#474,.T.);
#7112=EDGE_CURVE('',#6007,#5951,#478,.T.);
#7114=EDGE_CURVE('',#6009,#6007,#482,.T.);
#7116=EDGE_CURVE('',#6011,#6009,#486,.T.);
#7118=EDGE_CURVE('',#6013,#6011,#490,.T.);
#7120=EDGE_CURVE('',#6015,#6013,#494,.T.);
#7122=EDGE_CURVE('',#6469,#6015,#498,.T.);
#7124=EDGE_CURVE('',#6468,#6469,#503,.T.);
#7126=EDGE_CURVE('',#6487,#6468,#507,.T.);
#7128=EDGE_CURVE('',#6489,#6487,#512,.T.);
#7130=EDGE_CURVE('',#6489,#6341,#1408,.T.);
#7132=EDGE_CURVE('',#6341,#6329,#2651,.T.);
#7134=EDGE_CURVE('',#6328,#6329,#521,.T.);
#7136=EDGE_CURVE('',#6328,#6319,#2624,.T.);
#7138=EDGE_CURVE('',#6318,#6319,#530,.T.);
#7140=EDGE_CURVE('',#6318,#5992,#2593,.T.);
#7142=EDGE_CURVE('',#5992,#5993,#1449,.T.);
#7144=EDGE_CURVE('',#6321,#5993,#534,.T.);
#7146=EDGE_CURVE('',#6320,#6321,#543,.T.);
#7148=EDGE_CURVE('',#6320,#6291,#2538,.T.);
#7150=EDGE_CURVE('',#6290,#6291,#552,.T.);
#7152=EDGE_CURVE('',#6290,#5996,#2507,.T.);
#7154=EDGE_CURVE('',#5996,#5997,#1437,.T.);
#7156=EDGE_CURVE('',#5999,#5997,#556,.T.);
#7158=EDGE_CURVE('',#5999,#6001,#1300,.T.);
#7160=EDGE_CURVE('',#6281,#6001,#560,.T.);
#7162=EDGE_CURVE('',#6280,#6281,#565,.T.);
#7164=EDGE_CURVE('',#6280,#6273,#1356,.T.);
#7166=EDGE_CURVE('',#6272,#6273,#570,.T.);
#7168=EDGE_CURVE('',#6272,#6004,#1331,.T.);
#7170=EDGE_CURVE('',#6004,#6005,#1322,.T.);
#7172=EDGE_CURVE('',#6389,#6005,#574,.T.);
#7174=EDGE_CURVE('',#6388,#6389,#579,.T.);
#7176=EDGE_CURVE('',#6388,#6353,#2747,.T.);
#7178=EDGE_CURVE('',#6352,#6353,#584,.T.);
#7180=EDGE_CURVE('',#6352,#6381,#2769,.T.);
#7182=EDGE_CURVE('',#6380,#6381,#589,.T.);
#7194=EDGE_CURVE('',#5928,#5930,#605,.T.);
#7208=EDGE_CURVE('',#5926,#5939,#614,.T.);
#7221=EDGE_CURVE('',#5937,#5924,#622,.T.);
#7234=EDGE_CURVE('',#5935,#5922,#634,.T.);
#7244=EDGE_CURVE('',#5920,#5933,#647,.T.);
#7260=EDGE_CURVE('',#5931,#5919,#658,.T.);
#7303=EDGE_CURVE('',#5949,#6155,#687,.T.);
#7305=EDGE_CURVE('',#6007,#6155,#673,.T.);
#7383=EDGE_CURVE('',#5947,#6153,#695,.T.);
#7385=EDGE_CURVE('',#6155,#6153,#683,.T.);
#7490=EDGE_CURVE('',#6153,#6149,#691,.T.);
#7494=EDGE_CURVE('',#5945,#6149,#767,.T.);
#7504=EDGE_CURVE('',#6149,#6161,#708,.T.);
#7506=EDGE_CURVE('',#6159,#6161,#704,.T.);
#7508=EDGE_CURVE('',#6159,#6153,#836,.T.);
#7519=EDGE_CURVE('',#6163,#6161,#744,.T.);
#7522=EDGE_CURVE('',#6149,#6151,#763,.T.);
#7524=EDGE_CURVE('',#6163,#6151,#712,.T.);
#7534=EDGE_CURVE('',#6167,#6163,#716,.T.);
#7536=EDGE_CURVE('',#6166,#6167,#721,.T.);
#7538=EDGE_CURVE('',#6169,#6166,#725,.T.);
#7540=EDGE_CURVE('',#6171,#6169,#730,.T.);
#7542=EDGE_CURVE('',#6157,#6171,#734,.T.);
#7544=EDGE_CURVE('',#6159,#6157,#739,.T.);
#7557=EDGE_CURVE('',#6151,#5979,#749,.T.);
#7560=EDGE_CURVE('',#5977,#6142,#785,.T.);
#7562=EDGE_CURVE('',#6142,#6167,#812,.T.);
#7594=EDGE_CURVE('',#5943,#6151,#753,.T.);
#7684=EDGE_CURVE('',#6143,#6147,#776,.T.);
#7686=EDGE_CURVE('',#6142,#6143,#781,.T.);
#7690=EDGE_CURVE('',#6133,#5975,#789,.T.);
#7692=EDGE_CURVE('',#6135,#6133,#794,.T.);
#7694=EDGE_CURVE('',#6135,#6137,#2791,.T.);
#7696=EDGE_CURVE('',#6139,#6137,#799,.T.);
#7698=EDGE_CURVE('',#6011,#6139,#803,.T.);
#7701=EDGE_CURVE('',#6009,#6145,#828,.T.);
#7703=EDGE_CURVE('',#6147,#6145,#808,.T.);
#7714=EDGE_CURVE('',#6166,#6143,#816,.T.);
#7717=EDGE_CURVE('',#6147,#6169,#820,.T.);
#7742=EDGE_CURVE('',#6171,#6145,#824,.T.);
#7754=EDGE_CURVE('',#6155,#6157,#832,.T.);
#7781=EDGE_CURVE('',#6031,#5972,#840,.T.);
#7783=EDGE_CURVE('',#6031,#6133,#2795,.T.);
#7793=EDGE_CURVE('',#6039,#6018,#891,.T.);
#7795=EDGE_CURVE('',#6018,#6019,#1602,.T.);
#7797=EDGE_CURVE('',#6021,#6019,#844,.T.);
#7799=EDGE_CURVE('',#6023,#6021,#849,.T.);
#7801=EDGE_CURVE('',#6015,#6023,#853,.T.);
#7804=EDGE_CURVE('',#6025,#6013,#857,.T.);
#7806=EDGE_CURVE('',#6027,#6025,#862,.T.);
#7808=EDGE_CURVE('',#6029,#6027,#866,.T.);
#7810=EDGE_CURVE('',#6031,#6029,#871,.T.);
#7814=EDGE_CURVE('',#5973,#6033,#942,.T.);
#7816=EDGE_CURVE('',#6035,#6033,#876,.T.);
#7818=EDGE_CURVE('',#6035,#6036,#902,.T.);
#7820=EDGE_CURVE('',#6036,#6038,#895,.T.);
#7822=EDGE_CURVE('',#6039,#6038,#883,.T.);
#7832=EDGE_CURVE('',#6018,#6177,#887,.T.);
#7838=EDGE_CURVE('',#6177,#6035,#907,.T.);
#7848=EDGE_CURVE('',#6411,#6407,#911,.T.);
#7850=EDGE_CURVE('',#6411,#6179,#1637,.T.);
#7852=EDGE_CURVE('',#6179,#6175,#1606,.T.);
#7854=EDGE_CURVE('',#6175,#6018,#1594,.T.);
#7857=EDGE_CURVE('',#6177,#6407,#930,.T.);
#7868=EDGE_CURVE('',#6407,#6409,#921,.T.);
#7870=EDGE_CURVE('',#6413,#6409,#1007,.T.);
#7872=EDGE_CURVE('',#6411,#6413,#916,.T.);
#7882=EDGE_CURVE('',#6407,#6405,#926,.T.);
#7884=EDGE_CURVE('',#6405,#6403,#951,.T.);
#7886=EDGE_CURVE('',#6409,#6403,#1012,.T.);
#7901=EDGE_CURVE('',#6405,#6033,#934,.T.);
#7911=EDGE_CURVE('',#6405,#6400,#938,.T.);
#7925=EDGE_CURVE('',#6403,#6401,#955,.T.);
#7939=EDGE_CURVE('',#6425,#6447,#963,.T.);
#7941=EDGE_CURVE('',#6447,#6449,#968,.T.);
#7943=EDGE_CURVE('',#6449,#6451,#973,.T.);
#7945=EDGE_CURVE('',#6451,#6453,#977,.T.);
#7947=EDGE_CURVE('',#6453,#6455,#982,.T.);
#7949=EDGE_CURVE('',#6455,#6457,#986,.T.);
#7951=EDGE_CURVE('',#6457,#6511,#990,.T.);
#7953=EDGE_CURVE('',#6511,#6421,#994,.T.);
#7955=EDGE_CURVE('',#6421,#6417,#998,.T.);
#7957=EDGE_CURVE('',#6417,#6413,#1003,.T.);
#7970=EDGE_CURVE('',#6423,#6437,#1048,.T.);
#7972=EDGE_CURVE('',#6437,#6447,#2006,.T.);
#7984=EDGE_CURVE('',#5969,#6063,#1291,.T.);
#7986=EDGE_CURVE('',#6063,#6575,#2038,.T.);
#7988=EDGE_CURVE('',#6575,#6570,#1028,.T.);
#7990=EDGE_CURVE('',#6570,#6436,#1044,.T.);
#7992=EDGE_CURVE('',#6436,#6437,#2010,.T.);
#7997=EDGE_CURVE('',#6083,#6078,#1164,.T.);
#7999=EDGE_CURVE('',#6078,#6079,#1214,.T.);
#8001=EDGE_CURVE('',#6079,#6081,#1192,.T.);
#8003=EDGE_CURVE('',#6081,#6083,#1172,.T.);
#8007=EDGE_CURVE('',#6075,#6071,#1064,.T.);
#8009=EDGE_CURVE('',#6070,#6071,#1016,.T.);
#8011=EDGE_CURVE('',#6073,#6070,#1020,.T.);
#8013=EDGE_CURVE('',#6073,#6075,#1108,.T.);
#8023=EDGE_CURVE('',#6098,#6102,#1052,.T.);
#8025=EDGE_CURVE('',#6071,#6098,#1060,.T.);
#8028=EDGE_CURVE('',#6102,#6075,#1074,.T.);
#8038=EDGE_CURVE('',#6089,#6091,#1078,.T.);
#8040=EDGE_CURVE('',#6089,#6104,#1160,.T.);
#8042=EDGE_CURVE('',#6100,#6104,#1083,.T.);
#8044=EDGE_CURVE('',#6098,#6100,#1087,.T.);
#8047=EDGE_CURVE('',#6091,#6102,#1092,.T.);
#8057=EDGE_CURVE('',#6091,#6087,#1104,.T.);
#8059=EDGE_CURVE('',#6086,#6087,#1096,.T.);
#8061=EDGE_CURVE('',#6089,#6086,#1100,.T.);
#8076=EDGE_CURVE('',#6073,#6093,#1124,.T.);
#8078=EDGE_CURVE('',#6087,#6093,#1115,.T.);
#8088=EDGE_CURVE('',#6093,#6095,#1119,.T.);
#8092=EDGE_CURVE('',#6070,#6097,#1149,.T.);
#8094=EDGE_CURVE('',#6095,#6097,#1131,.T.);
#8104=EDGE_CURVE('',#6092,#6095,#1137,.T.);
#8106=EDGE_CURVE('',#6092,#6086,#1156,.T.);
#8119=EDGE_CURVE('',#6100,#6097,#1141,.T.);
#8122=EDGE_CURVE('',#6092,#6104,#1145,.T.);
#8160=EDGE_CURVE('',#6122,#6083,#1168,.T.);
#8162=EDGE_CURVE('',#6122,#6120,#1243,.T.);
#8164=EDGE_CURVE('',#6120,#6078,#1222,.T.);
#8176=EDGE_CURVE('',#6125,#6081,#1177,.T.);
#8178=EDGE_CURVE('',#6123,#6125,#1181,.T.);
#8180=EDGE_CURVE('',#6122,#6123,#1188,.T.);
#8191=EDGE_CURVE('',#6124,#6079,#1202,.T.);
#8193=EDGE_CURVE('',#6124,#6108,#1239,.T.);
#8195=EDGE_CURVE('',#6112,#6108,#1206,.T.);
#8197=EDGE_CURVE('',#6112,#6125,#1265,.T.);
#8208=EDGE_CURVE('',#6124,#6119,#1210,.T.);
#8213=EDGE_CURVE('',#6119,#6120,#1229,.T.);
#8224=EDGE_CURVE('',#6114,#6119,#1234,.T.);
#8226=EDGE_CURVE('',#6114,#6107,#1281,.T.);
#8228=EDGE_CURVE('',#6107,#6108,#1269,.T.);
#8243=EDGE_CURVE('',#6123,#6118,#1258,.T.);
#8245=EDGE_CURVE('',#6116,#6118,#1247,.T.);
#8247=EDGE_CURVE('',#6114,#6116,#1251,.T.);
#8257=EDGE_CURVE('',#6112,#6110,#1277,.T.);
#8259=EDGE_CURVE('',#6110,#6118,#1286,.T.);
#8274=EDGE_CURVE('',#6110,#6107,#1273,.T.);
#8320=EDGE_CURVE('',#6062,#5967,#1296,.T.);
#8322=EDGE_CURVE('',#6062,#6063,#2051,.T.);
#8332=EDGE_CURVE('',#6004,#6343,#1327,.T.);
#8334=EDGE_CURVE('',#6346,#6343,#1352,.T.);
#8336=EDGE_CURVE('',#6346,#6347,#1360,.T.);
#8338=EDGE_CURVE('',#6349,#6347,#1376,.T.);
#8340=EDGE_CURVE('',#6349,#6001,#1386,.T.);
#8343=EDGE_CURVE('',#5999,#6187,#1404,.T.);
#8345=EDGE_CURVE('',#6187,#6127,#2499,.T.);
#8347=EDGE_CURVE('',#6127,#6065,#2069,.T.);
#8349=EDGE_CURVE('',#6065,#6062,#2056,.T.);
#8353=EDGE_CURVE('',#5965,#6193,#2685,.T.);
#8355=EDGE_CURVE('',#6193,#6191,#1314,.T.);
#8357=EDGE_CURVE('',#6191,#6194,#2698,.T.);
#8359=EDGE_CURVE('',#6194,#6195,#2709,.T.);
#8361=EDGE_CURVE('',#6195,#5955,#2723,.T.);
#8364=EDGE_CURVE('',#5954,#6005,#2733,.T.);
#8375=EDGE_CURVE('',#6343,#6272,#1336,.T.);
#8389=EDGE_CURVE('',#6273,#6346,#1341,.T.);
#8402=EDGE_CURVE('',#6347,#6280,#1381,.T.);
#8413=EDGE_CURVE('',#6281,#6349,#1365,.T.);
#8457=EDGE_CURVE('',#6131,#5997,#1391,.T.);
#8459=EDGE_CURVE('',#6189,#6131,#1395,.T.);
#8461=EDGE_CURVE('',#6187,#6189,#1399,.T.);
#8474=EDGE_CURVE('',#6504,#6489,#1412,.T.);
#8476=EDGE_CURVE('',#6504,#6505,#2200,.T.);
#8478=EDGE_CURVE('',#6505,#6607,#1429,.T.);
#8480=EDGE_CURVE('',#6607,#6603,#1433,.T.);
#8482=EDGE_CURVE('',#6603,#6131,#2123,.T.);
#8486=EDGE_CURVE('',#6284,#5996,#1441,.T.);
#8488=EDGE_CURVE('',#6288,#6284,#2524,.T.);
#8490=EDGE_CURVE('',#6255,#6288,#1445,.T.);
#8492=EDGE_CURVE('',#6254,#6255,#2577,.T.);
#8494=EDGE_CURVE('',#6254,#5993,#2565,.T.);
#8497=EDGE_CURVE('',#6261,#5992,#1453,.T.);
#8499=EDGE_CURVE('',#6260,#6261,#2610,.T.);
#8501=EDGE_CURVE('',#6251,#6260,#1457,.T.);
#8503=EDGE_CURVE('',#6250,#6251,#2667,.T.);
#8505=EDGE_CURVE('',#6250,#6341,#2655,.T.);
#8516=EDGE_CURVE('',#6513,#6487,#1501,.T.);
#8518=EDGE_CURVE('',#6504,#6513,#1462,.T.);
#8529=EDGE_CURVE('',#6460,#6461,#1466,.T.);
#8531=EDGE_CURVE('',#6461,#6525,#1470,.T.);
#8533=EDGE_CURVE('',#6525,#6523,#1474,.T.);
#8535=EDGE_CURVE('',#6523,#6521,#1479,.T.);
#8537=EDGE_CURVE('',#6521,#6519,#1483,.T.);
#8539=EDGE_CURVE('',#6519,#6517,#1488,.T.);
#8541=EDGE_CURVE('',#6517,#6515,#1492,.T.);
#8543=EDGE_CURVE('',#6515,#6513,#1497,.T.);
#8547=EDGE_CURVE('',#6468,#6473,#1505,.T.);
#8549=EDGE_CURVE('',#6473,#6477,#1510,.T.);
#8551=EDGE_CURVE('',#6477,#6481,#1514,.T.);
#8553=EDGE_CURVE('',#6481,#6485,#1519,.T.);
#8555=EDGE_CURVE('',#6485,#6460,#1523,.T.);
#8566=EDGE_CURVE('',#6464,#6460,#1532,.T.);
#8568=EDGE_CURVE('',#6464,#6465,#2357,.T.);
#8570=EDGE_CURVE('',#6465,#6461,#2328,.T.);
#8581=EDGE_CURVE('',#6483,#6485,#1537,.T.);
#8583=EDGE_CURVE('',#6483,#6464,#2361,.T.);
#8594=EDGE_CURVE('',#6479,#6483,#1547,.T.);
#8598=EDGE_CURVE('',#6479,#6481,#1542,.T.);
#8609=EDGE_CURVE('',#6185,#6479,#1551,.T.);
#8611=EDGE_CURVE('',#6185,#6183,#1620,.T.);
#8613=EDGE_CURVE('',#6483,#6183,#1555,.T.);
#8623=EDGE_CURVE('',#6475,#6479,#1559,.T.);
#8625=EDGE_CURVE('',#6475,#6021,#1586,.T.);
#8628=EDGE_CURVE('',#6174,#6019,#1563,.T.);
#8630=EDGE_CURVE('',#6174,#6185,#1624,.T.);
#8644=EDGE_CURVE('',#6475,#6477,#1568,.T.);
#8654=EDGE_CURVE('',#6471,#6475,#1578,.T.);
#8658=EDGE_CURVE('',#6471,#6473,#1573,.T.);
#8669=EDGE_CURVE('',#6023,#6471,#1582,.T.);
#8681=EDGE_CURVE('',#6469,#6471,#1590,.T.);
#8707=EDGE_CURVE('',#6174,#6175,#1598,.T.);
#8720=EDGE_CURVE('',#6181,#6179,#1611,.T.);
#8722=EDGE_CURVE('',#6183,#6181,#1615,.T.);
#8735=EDGE_CURVE('',#6415,#6411,#1629,.T.);
#8737=EDGE_CURVE('',#6181,#6415,#1633,.T.);
#8752=EDGE_CURVE('',#6415,#6417,#1642,.T.);
#8762=EDGE_CURVE('',#6419,#6415,#1655,.T.);
#8766=EDGE_CURVE('',#6419,#6421,#1651,.T.);
#8777=EDGE_CURVE('',#6046,#6419,#1659,.T.);
#8779=EDGE_CURVE('',#6234,#6046,#1663,.T.);
#8781=EDGE_CURVE('',#6234,#6226,#1667,.T.);
#8783=EDGE_CURVE('',#6226,#6222,#1671,.T.);
#8785=EDGE_CURVE('',#6181,#6222,#1675,.T.);
#8796=EDGE_CURVE('',#6433,#6047,#1691,.T.);
#8798=EDGE_CURVE('',#6046,#6047,#1679,.T.);
#8801=EDGE_CURVE('',#6433,#6419,#1683,.T.);
#8811=EDGE_CURVE('',#6049,#6431,#1687,.T.);
#8813=EDGE_CURVE('',#6049,#6047,#1783,.T.);
#8816=EDGE_CURVE('',#6431,#6433,#1696,.T.);
#8826=EDGE_CURVE('',#6427,#6043,#1704,.T.);
#8828=EDGE_CURVE('',#6043,#6049,#1787,.T.);
#8831=EDGE_CURVE('',#6427,#6431,#1700,.T.);
#8842=EDGE_CURVE('',#6429,#6427,#1709,.T.);
#8844=EDGE_CURVE('',#6042,#6429,#1713,.T.);
#8846=EDGE_CURVE('',#6042,#6043,#1792,.T.);
#8857=EDGE_CURVE('',#6427,#6457,#1723,.T.);
#8859=EDGE_CURVE('',#6429,#6457,#1718,.T.);
#8870=EDGE_CURVE('',#6431,#6511,#1728,.T.);
#8883=EDGE_CURVE('',#6433,#6511,#1733,.T.);
#8907=EDGE_CURVE('',#6439,#6455,#1738,.T.);
#8909=EDGE_CURVE('',#6439,#6429,#1774,.T.);
#8920=EDGE_CURVE('',#6441,#6439,#1752,.T.);
#8924=EDGE_CURVE('',#6441,#6453,#1743,.T.);
#8934=EDGE_CURVE('',#6439,#6246,#1747,.T.);
#8937=EDGE_CURVE('',#6241,#6441,#1756,.T.);
#8939=EDGE_CURVE('',#6232,#6241,#1761,.T.);
#8941=EDGE_CURVE('',#6231,#6232,#1765,.T.);
#8943=EDGE_CURVE('',#6231,#6246,#1770,.T.);
#8956=EDGE_CURVE('',#6042,#6246,#1778,.T.);
#8968=EDGE_CURVE('',#6234,#6231,#1797,.T.);
#8984=EDGE_CURVE('',#6232,#6226,#1813,.T.);
#8996=EDGE_CURVE('',#6586,#6584,#1803,.T.);
#8998=EDGE_CURVE('',#6586,#6228,#1892,.T.);
#9000=EDGE_CURVE('',#6226,#6228,#1808,.T.);
#9003=EDGE_CURVE('',#6584,#6232,#1834,.T.);
#9046=EDGE_CURVE('',#6584,#6585,#1823,.T.);
#9048=EDGE_CURVE('',#6587,#6585,#2099,.T.);
#9050=EDGE_CURVE('',#6586,#6587,#1818,.T.);
#9088=EDGE_CURVE('',#6584,#6581,#1829,.T.);
#9090=EDGE_CURVE('',#6581,#6583,#2110,.T.);
#9092=EDGE_CURVE('',#6585,#6583,#2105,.T.);
#9106=EDGE_CURVE('',#6237,#6241,#1839,.T.);
#9108=EDGE_CURVE('',#6581,#6237,#1857,.T.);
#9118=EDGE_CURVE('',#6237,#6238,#1861,.T.);
#9121=EDGE_CURVE('',#6241,#6242,#1991,.T.);
#9123=EDGE_CURVE('',#6242,#6238,#1955,.T.);
#9133=EDGE_CURVE('',#6573,#6571,#1843,.T.);
#9135=EDGE_CURVE('',#6577,#6573,#1848,.T.);
#9137=EDGE_CURVE('',#6581,#6577,#1852,.T.);
#9141=EDGE_CURVE('',#6238,#6571,#1866,.T.);
#9151=EDGE_CURVE('',#6589,#6586,#1870,.T.);
#9153=EDGE_CURVE('',#6217,#6589,#1875,.T.);
#9155=EDGE_CURVE('',#6217,#6218,#1879,.T.);
#9157=EDGE_CURVE('',#6218,#6224,#1883,.T.);
#9159=EDGE_CURVE('',#6228,#6224,#1887,.T.);
#9170=EDGE_CURVE('',#6597,#6594,#1896,.T.);
#9172=EDGE_CURVE('',#6601,#6597,#1901,.T.);
#9174=EDGE_CURVE('',#6605,#6601,#1905,.T.);
#9176=EDGE_CURVE('',#6605,#6200,#1910,.T.);
#9178=EDGE_CURVE('',#6200,#6206,#1914,.T.);
#9180=EDGE_CURVE('',#6206,#6594,#1919,.T.);
#9191=EDGE_CURVE('',#6571,#6570,#1929,.T.);
#9194=EDGE_CURVE('',#6573,#6575,#1924,.T.);
#9270=EDGE_CURVE('',#6571,#6436,#1945,.T.);
#9282=EDGE_CURVE('',#6238,#6249,#1965,.T.);
#9284=EDGE_CURVE('',#6249,#6436,#2015,.T.);
#9331=EDGE_CURVE('',#6249,#6242,#1983,.T.);
#9342=EDGE_CURVE('',#6443,#6242,#1969,.T.);
#9344=EDGE_CURVE('',#6445,#6443,#1974,.T.);
#9346=EDGE_CURVE('',#6445,#6249,#2019,.T.);
#9358=EDGE_CURVE('',#6443,#6441,#1987,.T.);
#9373=EDGE_CURVE('',#6443,#6451,#1996,.T.);
#9386=EDGE_CURVE('',#6445,#6449,#2001,.T.);
#9396=EDGE_CURVE('',#6437,#6445,#2024,.T.);
#9423=EDGE_CURVE('',#6579,#6575,#2034,.T.);
#9425=EDGE_CURVE('',#6577,#6579,#2029,.T.);
#9437=EDGE_CURVE('',#6063,#6067,#2047,.T.);
#9439=EDGE_CURVE('',#6579,#6067,#2042,.T.);
#9476=EDGE_CURVE('',#6065,#6067,#2064,.T.);
#9657=EDGE_CURVE('',#6067,#6129,#2060,.T.);
#9661=EDGE_CURVE('',#6127,#6129,#2494,.T.);
#9671=EDGE_CURVE('',#6583,#6579,#2073,.T.);
#9675=EDGE_CURVE('',#6129,#6599,#2119,.T.);
#9677=EDGE_CURVE('',#6599,#6595,#2077,.T.);
#9679=EDGE_CURVE('',#6595,#6593,#2083,.T.);
#9681=EDGE_CURVE('',#6593,#6591,#2089,.T.);
#9683=EDGE_CURVE('',#6591,#6587,#2093,.T.);
#9707=EDGE_CURVE('',#6603,#6599,#2115,.T.);
#9710=EDGE_CURVE('',#6129,#6131,#2490,.T.);
#9722=EDGE_CURVE('',#6597,#6599,#2133,.T.);
#9725=EDGE_CURVE('',#6601,#6603,#2128,.T.);
#9736=EDGE_CURVE('',#6594,#6595,#2138,.T.);
#9776=EDGE_CURVE('',#6594,#6592,#2144,.T.);
#9778=EDGE_CURVE('',#6592,#6593,#2429,.T.);
#9792=EDGE_CURVE('',#6206,#6204,#2149,.T.);
#9794=EDGE_CURVE('',#6204,#6208,#2276,.T.);
#9796=EDGE_CURVE('',#6208,#6592,#2419,.T.);
#9806=EDGE_CURVE('',#6200,#6201,#2165,.T.);
#9808=EDGE_CURVE('',#6201,#6202,#2475,.T.);
#9810=EDGE_CURVE('',#6202,#6204,#2254,.T.);
#9854=EDGE_CURVE('',#6199,#6200,#2157,.T.);
#9856=EDGE_CURVE('',#6201,#6199,#2480,.T.);
#9867=EDGE_CURVE('',#6505,#6605,#2182,.T.);
#9869=EDGE_CURVE('',#6505,#6244,#2196,.T.);
#9871=EDGE_CURVE('',#6199,#6244,#2485,.T.);
#9952=EDGE_CURVE('',#6605,#6607,#2187,.T.);
#9975=EDGE_CURVE('',#6244,#6501,#2191,.T.);
#9979=EDGE_CURVE('',#6501,#6504,#2205,.T.);
#9990=EDGE_CURVE('',#6507,#6501,#2209,.T.);
#9992=EDGE_CURVE('',#6507,#6198,#2232,.T.);
#9994=EDGE_CURVE('',#6244,#6198,#2213,.T.);
#10005=EDGE_CURVE('',#6501,#6515,#2223,.T.);
#10008=EDGE_CURVE('',#6507,#6517,#2218,.T.);
#10030=EDGE_CURVE('',#6509,#6507,#2237,.T.);
#10034=EDGE_CURVE('',#6509,#6519,#2228,.T.);
#10046=EDGE_CURVE('',#6202,#6509,#2241,.T.);
#10048=EDGE_CURVE('',#6202,#6198,#2250,.T.);
#10058=EDGE_CURVE('',#6499,#6204,#2280,.T.);
#10062=EDGE_CURVE('',#6499,#6509,#2258,.T.);
#10072=EDGE_CURVE('',#6248,#6497,#2262,.T.);
#10074=EDGE_CURVE('',#6214,#6248,#2267,.T.);
#10076=EDGE_CURVE('',#6208,#6214,#2271,.T.);
#10080=EDGE_CURVE('',#6497,#6499,#2285,.T.);
#10090=EDGE_CURVE('',#6495,#6057,#2297,.T.);
#10092=EDGE_CURVE('',#6057,#6248,#2447,.T.);
#10095=EDGE_CURVE('',#6495,#6497,#2289,.T.);
#10105=EDGE_CURVE('',#6056,#6493,#2293,.T.);
#10107=EDGE_CURVE('',#6056,#6057,#2452,.T.);
#10110=EDGE_CURVE('',#6493,#6495,#2302,.T.);
#10120=EDGE_CURVE('',#6491,#6053,#2314,.T.);
#10122=EDGE_CURVE('',#6056,#6053,#2306,.T.);
#10125=EDGE_CURVE('',#6491,#6493,#2310,.T.);
#10136=EDGE_CURVE('',#6465,#6491,#2319,.T.);
#10138=EDGE_CURVE('',#6052,#6465,#2323,.T.);
#10140=EDGE_CURVE('',#6052,#6053,#2457,.T.);
#10151=EDGE_CURVE('',#6491,#6461,#2333,.T.);
#10163=EDGE_CURVE('',#6493,#6525,#2338,.T.);
#10176=EDGE_CURVE('',#6495,#6525,#2343,.T.);
#10188=EDGE_CURVE('',#6497,#6523,#2348,.T.);
#10201=EDGE_CURVE('',#6499,#6521,#2353,.T.);
#10226=EDGE_CURVE('',#6464,#6059,#2373,.T.);
#10228=EDGE_CURVE('',#6059,#6052,#2461,.T.);
#10241=EDGE_CURVE('',#6183,#6220,#2381,.T.);
#10243=EDGE_CURVE('',#6211,#6220,#2365,.T.);
#10245=EDGE_CURVE('',#6211,#6212,#2369,.T.);
#10247=EDGE_CURVE('',#6212,#6059,#2443,.T.);
#10258=EDGE_CURVE('',#6220,#6222,#2377,.T.);
#10272=EDGE_CURVE('',#6224,#6222,#2392,.T.);
#10275=EDGE_CURVE('',#6220,#6218,#2403,.T.);
#10298=EDGE_CURVE('',#6217,#6211,#2408,.T.);
#10310=EDGE_CURVE('',#6592,#6589,#2414,.T.);
#10313=EDGE_CURVE('',#6211,#6208,#2424,.T.);
#10366=EDGE_CURVE('',#6589,#6591,#2434,.T.);
#10393=EDGE_CURVE('',#6214,#6212,#2439,.T.);
#10443=EDGE_CURVE('',#6198,#6199,#2468,.T.);
#10504=EDGE_CURVE('',#6284,#6285,#2503,.T.);
#10508=EDGE_CURVE('',#6285,#6290,#2529,.T.);
#10519=EDGE_CURVE('',#6289,#6285,#2516,.T.);
#10521=EDGE_CURVE('',#6288,#6289,#2581,.T.);
#10534=EDGE_CURVE('',#6291,#6289,#2534,.T.);
#10547=EDGE_CURVE('',#6256,#6320,#2561,.T.);
#10549=EDGE_CURVE('',#6289,#6256,#2542,.T.);
#10559=EDGE_CURVE('',#6321,#6257,#2547,.T.);
#10561=EDGE_CURVE('',#6256,#6257,#2556,.T.);
#10576=EDGE_CURVE('',#6257,#6254,#2569,.T.);
#10587=EDGE_CURVE('',#6256,#6255,#2585,.T.);
#10611=EDGE_CURVE('',#6261,#6259,#2589,.T.);
#10615=EDGE_CURVE('',#6259,#6318,#2615,.T.);
#10625=EDGE_CURVE('',#6258,#6259,#2602,.T.);
#10627=EDGE_CURVE('',#6260,#6258,#2671,.T.);
#10641=EDGE_CURVE('',#6319,#6258,#2620,.T.);
#10654=EDGE_CURVE('',#6252,#6328,#2647,.T.);
#10656=EDGE_CURVE('',#6258,#6252,#2628,.T.);
#10666=EDGE_CURVE('',#6329,#6253,#2633,.T.);
#10668=EDGE_CURVE('',#6252,#6253,#2642,.T.);
#10683=EDGE_CURVE('',#6253,#6250,#2659,.T.);
#10694=EDGE_CURVE('',#6252,#6251,#2675,.T.);
#10719=EDGE_CURVE('',#6193,#5963,#2680,.T.);
#10732=EDGE_CURVE('',#6191,#5961,#2690,.T.);
#10744=EDGE_CURVE('',#5959,#6194,#2714,.T.);
#10756=EDGE_CURVE('',#5957,#6195,#2728,.T.);
#10780=EDGE_CURVE('',#6389,#6384,#2738,.T.);
#10795=EDGE_CURVE('',#6385,#6388,#2743,.T.);
#10806=EDGE_CURVE('',#6353,#6356,#2761,.T.);
#10819=EDGE_CURVE('',#6357,#6352,#2756,.T.);
#10834=EDGE_CURVE('',#6381,#6376,#2774,.T.);
#10857=EDGE_CURVE('',#6139,#6025,#2787,.T.);
#10871=EDGE_CURVE('',#6027,#6137,#2783,.T.);
#10883=EDGE_CURVE('',#6135,#6029,#2799,.T.);
#10910=EDGE_CURVE('',#5445,#5982,#2815,.T.);
#10924=EDGE_CURVE('',#5983,#5443,#2824,.T.);
#10937=EDGE_CURVE('',#5441,#5985,#2836,.T.);
#10950=EDGE_CURVE('',#5439,#5987,#2840,.T.);
#10963=EDGE_CURVE('',#5989,#5437,#2849,.T.);
#10985=EDGE_CURVE('',#5448,#6625,#2904,.T.);
#10987=EDGE_CURVE('',#6625,#5886,#2899,.T.);
#10990=EDGE_CURVE('',#5866,#5864,#2909,.T.);
#10992=EDGE_CURVE('',#5864,#5564,#2920,.T.);
#10994=EDGE_CURVE('',#5564,#5566,#3132,.T.);
#10996=EDGE_CURVE('',#5566,#5884,#3146,.T.);
#10998=EDGE_CURVE('',#5884,#5562,#3171,.T.);
#11000=EDGE_CURVE('',#5562,#5449,#3196,.T.);
#11044=EDGE_CURVE('',#5383,#5384,#2915,.T.);
#11046=EDGE_CURVE('',#5383,#5564,#3136,.T.);
#11058=EDGE_CURVE('',#5380,#5381,#2945,.T.);
#11060=EDGE_CURVE('',#5381,#5383,#3123,.T.);
#11071=EDGE_CURVE('',#5702,#5502,#2924,.T.);
#11073=EDGE_CURVE('',#5754,#5702,#2928,.T.);
#11075=EDGE_CURVE('',#5575,#5754,#2932,.T.);
#11077=EDGE_CURVE('',#5575,#5576,#3214,.T.);
#11079=EDGE_CURVE('',#5536,#5576,#2936,.T.);
#11081=EDGE_CURVE('',#5381,#5536,#2941,.T.);
#11085=EDGE_CURVE('',#5414,#5631,#2949,.T.);
#11087=EDGE_CURVE('',#5418,#5414,#2954,.T.);
#11089=EDGE_CURVE('',#5627,#5418,#2958,.T.);
#11091=EDGE_CURVE('',#5394,#5627,#2963,.T.);
#11093=EDGE_CURVE('',#5392,#5394,#2967,.T.);
#11096=EDGE_CURVE('',#5453,#5760,#3187,.T.);
#11098=EDGE_CURVE('',#5756,#5760,#2972,.T.);
#11100=EDGE_CURVE('',#5722,#5756,#2976,.T.);
#11102=EDGE_CURVE('',#5722,#5726,#3098,.T.);
#11104=EDGE_CURVE('',#5762,#5726,#2980,.T.);
#11106=EDGE_CURVE('',#5762,#5692,#3526,.T.);
#11108=EDGE_CURVE('',#5690,#5692,#2984,.T.);
#11110=EDGE_CURVE('',#5690,#5542,#3078,.T.);
#11112=EDGE_CURVE('',#5501,#5542,#2988,.T.);
#11114=EDGE_CURVE('',#5501,#5502,#3062,.T.);
#11125=EDGE_CURVE('',#5502,#5506,#3058,.T.);
#11127=EDGE_CURVE('',#5588,#5506,#2992,.T.);
#11129=EDGE_CURVE('',#5586,#5588,#2996,.T.);
#11131=EDGE_CURVE('',#5688,#5586,#3000,.T.);
#11133=EDGE_CURVE('',#5688,#5661,#3110,.T.);
#11135=EDGE_CURVE('',#5660,#5661,#3004,.T.);
#11137=EDGE_CURVE('',#5660,#5690,#3082,.T.);
#11140=EDGE_CURVE('',#5694,#5692,#3008,.T.);
#11142=EDGE_CURVE('',#5694,#5696,#3360,.T.);
#11144=EDGE_CURVE('',#5698,#5696,#3013,.T.);
#11146=EDGE_CURVE('',#5698,#5700,#3504,.T.);
#11148=EDGE_CURVE('',#5700,#5474,#3485,.T.);
#11150=EDGE_CURVE('',#5474,#5475,#3458,.T.);
#11152=EDGE_CURVE('',#5553,#5475,#3018,.T.);
#11154=EDGE_CURVE('',#5553,#5558,#3435,.T.);
#11156=EDGE_CURVE('',#5702,#5558,#3022,.T.);
#11160=EDGE_CURVE('',#5674,#5686,#3029,.T.);
#11162=EDGE_CURVE('',#5674,#5675,#5103,.T.);
#11164=EDGE_CURVE('',#5677,#5675,#3034,.T.);
#11166=EDGE_CURVE('',#5679,#5677,#3038,.T.);
#11168=EDGE_CURVE('',#5681,#5679,#3043,.T.);
#11170=EDGE_CURVE('',#5683,#5681,#3047,.T.);
#11172=EDGE_CURVE('',#5684,#5683,#3054,.T.);
#11174=EDGE_CURVE('',#5684,#5686,#5075,.T.);
#11186=EDGE_CURVE('',#5501,#5504,#3074,.T.);
#11188=EDGE_CURVE('',#5504,#5506,#3094,.T.);
#11199=EDGE_CURVE('',#5541,#5542,#3066,.T.);
#11201=EDGE_CURVE('',#5504,#5541,#3070,.T.);
#11214=EDGE_CURVE('',#5660,#5541,#3086,.T.);
#11227=EDGE_CURVE('',#5661,#5663,#3106,.T.);
#11229=EDGE_CURVE('',#5590,#5663,#3090,.T.);
#11231=EDGE_CURVE('',#5590,#5588,#3223,.T.);
#11245=EDGE_CURVE('',#5663,#5722,#3102,.T.);
#11249=EDGE_CURVE('',#5688,#5720,#3593,.T.);
#11251=EDGE_CURVE('',#5718,#5720,#3115,.T.);
#11253=EDGE_CURVE('',#5718,#5716,#3554,.T.);
#11255=EDGE_CURVE('',#5724,#5716,#3119,.T.);
#11257=EDGE_CURVE('',#5724,#5726,#3534,.T.);
#11267=EDGE_CURVE('',#5538,#5536,#3127,.T.);
#11270=EDGE_CURVE('',#5576,#5590,#3210,.T.);
#11275=EDGE_CURVE('',#5756,#5758,#3183,.T.);
#11277=EDGE_CURVE('',#5758,#5538,#3154,.T.);
#11287=EDGE_CURVE('',#5538,#5383,#3141,.T.);
#11459=EDGE_CURVE('',#5538,#5566,#3150,.T.);
#11492=EDGE_CURVE('',#5758,#5884,#3175,.T.);
#11542=EDGE_CURVE('',#5561,#5758,#3166,.T.);
#11544=EDGE_CURVE('',#5561,#5562,#3200,.T.);
#11556=EDGE_CURVE('',#5561,#5760,#3179,.T.);
#11569=EDGE_CURVE('',#5451,#5561,#3206,.T.);
#11616=EDGE_CURVE('',#5575,#5578,#3227,.T.);
#11618=EDGE_CURVE('',#5578,#5580,#5044,.T.);
#11620=EDGE_CURVE('',#5580,#5582,#3249,.T.);
#11622=EDGE_CURVE('',#5584,#5582,#3219,.T.);
#11624=EDGE_CURVE('',#5584,#5586,#3597,.T.);
#11638=EDGE_CURVE('',#5602,#5754,#3231,.T.);
#11640=EDGE_CURVE('',#5602,#5578,#5036,.T.);
#11650=EDGE_CURVE('',#5594,#5592,#3257,.T.);
#11652=EDGE_CURVE('',#5592,#5602,#5040,.T.);
#11657=EDGE_CURVE('',#5556,#5558,#3236,.T.);
#11659=EDGE_CURVE('',#5615,#5556,#3240,.T.);
#11661=EDGE_CURVE('',#5594,#5615,#3245,.T.);
#11671=EDGE_CURVE('',#5493,#5498,#3261,.T.);
#11673=EDGE_CURVE('',#5498,#5582,#3609,.T.);
#11676=EDGE_CURVE('',#5592,#5580,#3253,.T.);
#11679=EDGE_CURVE('',#5594,#5493,#3431,.T.);
#11690=EDGE_CURVE('',#5493,#5494,#3275,.T.);
#11692=EDGE_CURVE('',#5496,#5494,#3265,.T.);
#11694=EDGE_CURVE('',#5496,#5498,#3628,.T.);
#11704=EDGE_CURVE('',#5494,#5572,#3270,.T.);
#11707=EDGE_CURVE('',#5572,#5493,#3280,.T.);
#11717=EDGE_CURVE('',#5641,#5633,#3303,.T.);
#11719=EDGE_CURVE('',#5494,#5633,#3284,.T.);
#11722=EDGE_CURVE('',#5641,#5572,#3288,.T.);
#11732=EDGE_CURVE('',#6561,#6557,#3336,.T.);
#11734=EDGE_CURVE('',#6197,#6557,#3340,.T.);
#11736=EDGE_CURVE('',#6197,#5810,#4720,.T.);
#11738=EDGE_CURVE('',#5810,#6561,#4759,.T.);
#11742=EDGE_CURVE('',#5657,#5639,#3344,.T.);
#11744=EDGE_CURVE('',#5638,#5639,#3293,.T.);
#11746=EDGE_CURVE('',#5638,#5598,#3589,.T.);
#11748=EDGE_CURVE('',#5600,#5598,#3298,.T.);
#11750=EDGE_CURVE('',#5600,#5633,#3640,.T.);
#11753=EDGE_CURVE('',#5643,#5641,#3307,.T.);
#11755=EDGE_CURVE('',#5645,#5643,#3312,.T.);
#11757=EDGE_CURVE('',#5645,#5647,#3415,.T.);
#11759=EDGE_CURVE('',#5649,#5647,#3317,.T.);
#11761=EDGE_CURVE('',#5649,#5651,#3403,.T.);
#11763=EDGE_CURVE('',#5405,#5651,#3322,.T.);
#11765=EDGE_CURVE('',#5405,#5406,#3391,.T.);
#11767=EDGE_CURVE('',#5653,#5406,#3327,.T.);
#11769=EDGE_CURVE('',#5653,#5655,#3356,.T.);
#11771=EDGE_CURVE('',#5657,#5655,#3332,.T.);
#11782=EDGE_CURVE('',#5657,#5424,#3352,.T.);
#11784=EDGE_CURVE('',#5424,#5422,#3562,.T.);
#11786=EDGE_CURVE('',#5422,#5639,#3601,.T.);
#11797=EDGE_CURVE('',#5708,#5655,#3348,.T.);
#11799=EDGE_CURVE('',#5708,#5424,#3655,.T.);
#11810=EDGE_CURVE('',#5710,#5705,#3364,.T.);
#11812=EDGE_CURVE('',#5705,#5706,#3517,.T.);
#11814=EDGE_CURVE('',#5706,#5708,#3659,.T.);
#11818=EDGE_CURVE('',#5653,#5710,#3387,.T.);
#11828=EDGE_CURVE('',#5710,#5696,#3369,.T.);
#11831=EDGE_CURVE('',#5694,#5705,#3522,.T.);
#11843=EDGE_CURVE('',#5410,#5710,#3374,.T.);
#11845=EDGE_CURVE('',#5698,#5410,#3379,.T.);
#11857=EDGE_CURVE('',#5410,#5406,#3383,.T.);
#11871=EDGE_CURVE('',#5405,#5408,#3399,.T.);
#11873=EDGE_CURVE('',#5408,#5410,#3508,.T.);
#11883=EDGE_CURVE('',#5775,#5651,#3395,.T.);
#11885=EDGE_CURVE('',#5775,#5408,#3500,.T.);
#11899=EDGE_CURVE('',#5649,#5623,#3411,.T.);
#11901=EDGE_CURVE('',#5623,#5775,#3481,.T.);
#11911=EDGE_CURVE('',#5477,#5647,#3407,.T.);
#11913=EDGE_CURVE('',#5477,#5623,#3477,.T.);
#11927=EDGE_CURVE('',#5645,#5479,#3423,.T.);
#11929=EDGE_CURVE('',#5479,#5477,#3462,.T.);
#11940=EDGE_CURVE('',#5554,#5643,#3419,.T.);
#11942=EDGE_CURVE('',#5554,#5479,#3449,.T.);
#11956=EDGE_CURVE('',#5572,#5615,#3427,.T.);
#11959=EDGE_CURVE('',#5556,#5554,#3439,.T.);
#11982=EDGE_CURVE('',#5553,#5554,#3454,.T.);
#11994=EDGE_CURVE('',#5479,#5475,#3444,.T.);
#12009=EDGE_CURVE('',#5474,#5477,#3467,.T.);
#12021=EDGE_CURVE('',#5623,#5474,#3472,.T.);
#12032=EDGE_CURVE('',#5700,#5775,#3490,.T.);
#12046=EDGE_CURVE('',#5408,#5700,#3495,.T.);
#12069=EDGE_CURVE('',#5762,#5787,#3530,.T.);
#12071=EDGE_CURVE('',#5787,#5714,#3546,.T.);
#12073=EDGE_CURVE('',#5714,#5712,#3550,.T.);
#12075=EDGE_CURVE('',#5706,#5712,#3513,.T.);
#12089=EDGE_CURVE('',#5724,#5787,#3538,.T.);
#12104=EDGE_CURVE('',#5714,#5716,#3542,.T.);
#12115=EDGE_CURVE('',#5421,#5426,#3558,.T.);
#12117=EDGE_CURVE('',#5426,#5712,#3663,.T.);
#12122=EDGE_CURVE('',#5718,#5421,#3585,.T.);
#12133=EDGE_CURVE('',#5421,#5422,#3567,.T.);
#12136=EDGE_CURVE('',#5424,#5426,#3650,.T.);
#12147=EDGE_CURVE('',#5635,#5421,#3572,.T.);
#12149=EDGE_CURVE('',#5422,#5635,#3577,.T.);
#12159=EDGE_CURVE('',#5635,#5720,#3581,.T.);
#12173=EDGE_CURVE('',#5638,#5635,#3605,.T.);
#12179=EDGE_CURVE('',#5584,#5596,#3613,.T.);
#12181=EDGE_CURVE('',#5596,#5598,#3632,.T.);
#12204=EDGE_CURVE('',#5498,#5596,#3623,.T.);
#12216=EDGE_CURVE('',#5596,#5496,#3618,.T.);
#12231=EDGE_CURVE('',#5600,#5496,#3636,.T.);
#12253=EDGE_CURVE('',#5426,#5708,#3645,.T.);
#12277=EDGE_CURVE('',#6559,#6555,#3690,.T.);
#12279=EDGE_CURVE('',#6555,#6557,#4716,.T.);
#12282=EDGE_CURVE('',#6559,#6561,#3668,.T.);
#12292=EDGE_CURVE('',#6529,#6527,#3672,.T.);
#12294=EDGE_CURVE('',#5838,#6527,#3677,.T.);
#12297=EDGE_CURVE('',#6553,#6548,#3681,.T.);
#12299=EDGE_CURVE('',#6555,#6553,#3686,.T.);
#12302=EDGE_CURVE('',#6563,#6559,#3695,.T.);
#12304=EDGE_CURVE('',#6569,#6563,#3699,.T.);
#12307=EDGE_CURVE('',#6544,#5463,#3704,.T.);
#12309=EDGE_CURVE('',#6544,#6543,#3708,.T.);
#12311=EDGE_CURVE('',#6543,#6539,#3713,.T.);
#12313=EDGE_CURVE('',#6539,#6535,#3717,.T.);
#12315=EDGE_CURVE('',#6535,#6529,#3722,.T.);
#12325=EDGE_CURVE('',#6526,#6527,#3736,.T.);
#12328=EDGE_CURVE('',#6531,#6529,#3727,.T.);
#12330=EDGE_CURVE('',#6531,#6526,#3748,.T.);
#12341=EDGE_CURVE('',#5833,#6526,#3740,.T.);
#12343=EDGE_CURVE('',#5833,#5834,#4397,.T.);
#12345=EDGE_CURVE('',#5834,#5836,#3824,.T.);
#12358=EDGE_CURVE('',#6531,#5860,#3761,.T.);
#12360=EDGE_CURVE('',#5860,#5833,#4386,.T.);
#12371=EDGE_CURVE('',#6533,#6531,#3753,.T.);
#12373=EDGE_CURVE('',#5859,#6533,#3757,.T.);
#12375=EDGE_CURVE('',#5859,#5860,#4402,.T.);
#12389=EDGE_CURVE('',#6533,#6535,#3766,.T.);
#12399=EDGE_CURVE('',#6537,#6533,#3775,.T.);
#12403=EDGE_CURVE('',#6537,#6539,#3771,.T.);
#12414=EDGE_CURVE('',#6537,#5862,#3788,.T.);
#12416=EDGE_CURVE('',#5862,#5859,#4420,.T.);
#12427=EDGE_CURVE('',#6541,#6537,#3780,.T.);
#12429=EDGE_CURVE('',#5842,#6541,#3784,.T.);
#12431=EDGE_CURVE('',#5842,#5862,#4430,.T.);
#12445=EDGE_CURVE('',#6541,#6543,#3793,.T.);
#12455=EDGE_CURVE('',#6544,#6545,#3802,.T.);
#12457=EDGE_CURVE('',#6545,#6541,#4454,.T.);
#12472=EDGE_CURVE('',#5461,#5844,#3839,.T.);
#12474=EDGE_CURVE('',#5844,#5841,#4450,.T.);
#12476=EDGE_CURVE('',#6545,#5841,#3810,.T.);
#12486=EDGE_CURVE('',#5847,#5808,#3815,.T.);
#12488=EDGE_CURVE('',#5847,#5848,#4292,.T.);
#12492=EDGE_CURVE('',#5834,#5850,#4390,.T.);
#12494=EDGE_CURVE('',#5852,#5850,#3829,.T.);
#12496=EDGE_CURVE('',#5852,#5854,#4416,.T.);
#12498=EDGE_CURVE('',#5856,#5854,#3834,.T.);
#12500=EDGE_CURVE('',#5856,#5844,#4439,.T.);
#12504=EDGE_CURVE('',#5459,#5570,#3915,.T.);
#12506=EDGE_CURVE('',#5568,#5570,#3848,.T.);
#12508=EDGE_CURVE('',#5568,#5808,#3871,.T.);
#12519=EDGE_CURVE('',#5807,#5808,#3853,.T.);
#12521=EDGE_CURVE('',#5546,#5807,#3858,.T.);
#12523=EDGE_CURVE('',#5847,#5546,#3863,.T.);
#12533=EDGE_CURVE('',#5807,#5532,#3867,.T.);
#12537=EDGE_CURVE('',#5568,#5532,#3925,.T.);
#12548=EDGE_CURVE('',#5532,#5530,#3903,.T.);
#12550=EDGE_CURVE('',#5530,#5888,#4305,.T.);
#12552=EDGE_CURVE('',#5888,#5807,#4272,.T.);
#12562=EDGE_CURVE('',#5509,#5534,#3875,.T.);
#12564=EDGE_CURVE('',#5509,#5510,#3935,.T.);
#12566=EDGE_CURVE('',#5512,#5510,#3879,.T.);
#12568=EDGE_CURVE('',#5512,#5486,#4191,.T.);
#12570=EDGE_CURVE('',#5485,#5486,#3883,.T.);
#12572=EDGE_CURVE('',#5485,#5514,#4174,.T.);
#12574=EDGE_CURVE('',#5516,#5514,#3887,.T.);
#12576=EDGE_CURVE('',#5516,#5518,#4161,.T.);
#12578=EDGE_CURVE('',#5520,#5518,#3891,.T.);
#12580=EDGE_CURVE('',#5520,#5522,#4341,.T.);
#12582=EDGE_CURVE('',#5524,#5522,#3895,.T.);
#12584=EDGE_CURVE('',#5524,#5526,#4328,.T.);
#12586=EDGE_CURVE('',#5528,#5526,#3899,.T.);
#12588=EDGE_CURVE('',#5528,#5530,#4310,.T.);
#12591=EDGE_CURVE('',#5532,#5534,#3920,.T.);
#12601=EDGE_CURVE('',#5534,#5457,#3911,.T.);
#12604=EDGE_CURVE('',#5455,#5509,#3939,.T.);
#12616=EDGE_CURVE('',#5534,#5570,#3930,.T.);
#12640=EDGE_CURVE('',#5785,#5778,#3966,.T.);
#12642=EDGE_CURVE('',#5778,#5779,#4124,.T.);
#12644=EDGE_CURVE('',#5779,#5510,#4195,.T.);
#12649=EDGE_CURVE('',#5389,#5390,#4350,.T.);
#12651=EDGE_CURVE('',#5625,#5390,#3944,.T.);
#12653=EDGE_CURVE('',#5625,#5416,#4366,.T.);
#12655=EDGE_CURVE('',#5413,#5416,#3949,.T.);
#12657=EDGE_CURVE('',#5413,#5630,#4382,.T.);
#12660=EDGE_CURVE('',#5550,#5548,#4288,.T.);
#12662=EDGE_CURVE('',#5781,#5548,#3954,.T.);
#12664=EDGE_CURVE('',#5783,#5781,#3958,.T.);
#12666=EDGE_CURVE('',#5783,#5785,#3989,.T.);
#12676=EDGE_CURVE('',#5785,#5773,#3971,.T.);
#12678=EDGE_CURVE('',#5771,#5773,#3962,.T.);
#12680=EDGE_CURVE('',#5771,#5778,#4116,.T.);
#12692=EDGE_CURVE('',#5897,#5785,#3976,.T.);
#12694=EDGE_CURVE('',#5773,#5897,#3981,.T.);
#12704=EDGE_CURVE('',#5897,#5898,#3985,.T.);
#12708=EDGE_CURVE('',#5783,#5898,#4248,.T.);
#12718=EDGE_CURVE('',#5904,#5897,#4021,.T.);
#12721=EDGE_CURVE('',#5900,#5898,#3993,.T.);
#12723=EDGE_CURVE('',#5902,#5900,#3997,.T.);
#12725=EDGE_CURVE('',#5880,#5902,#4001,.T.);
#12727=EDGE_CURVE('',#5875,#5880,#4005,.T.);
#12729=EDGE_CURVE('',#5868,#5875,#4009,.T.);
#12731=EDGE_CURVE('',#5826,#5868,#4013,.T.);
#12733=EDGE_CURVE('',#5823,#5826,#4017,.T.);
#12735=EDGE_CURVE('',#5823,#5904,#4044,.T.);
#12746=EDGE_CURVE('',#5904,#5666,#4040,.T.);
#12748=EDGE_CURVE('',#5773,#5666,#4025,.T.);
#12759=EDGE_CURVE('',#5667,#5904,#4030,.T.);
#12761=EDGE_CURVE('',#5666,#5667,#4035,.T.);
#12774=EDGE_CURVE('',#5823,#5824,#4053,.T.);
#12776=EDGE_CURVE('',#5667,#5824,#4048,.T.);
#12786=EDGE_CURVE('',#5818,#5824,#4070,.T.);
#12790=EDGE_CURVE('',#5828,#5826,#4057,.T.);
#12792=EDGE_CURVE('',#5828,#5830,#4252,.T.);
#12794=EDGE_CURVE('',#5520,#5830,#4061,.T.);
#12797=EDGE_CURVE('',#5518,#5832,#4156,.T.);
#12799=EDGE_CURVE('',#5832,#5820,#4128,.T.);
#12801=EDGE_CURVE('',#5818,#5820,#4066,.T.);
#12813=EDGE_CURVE('',#5818,#5669,#4074,.T.);
#12815=EDGE_CURVE('',#5669,#5667,#4208,.T.);
#12825=EDGE_CURVE('',#5816,#5669,#4083,.T.);
#12829=EDGE_CURVE('',#5816,#5820,#4078,.T.);
#12840=EDGE_CURVE('',#5671,#5816,#4088,.T.);
#12842=EDGE_CURVE('',#5669,#5671,#4093,.T.);
#12852=EDGE_CURVE('',#5814,#5771,#4106,.T.);
#12854=EDGE_CURVE('',#5671,#5771,#4097,.T.);
#12857=EDGE_CURVE('',#5814,#5816,#4101,.T.);
#12868=EDGE_CURVE('',#5778,#5814,#4111,.T.);
#12879=EDGE_CURVE('',#5812,#5814,#4120,.T.);
#12881=EDGE_CURVE('',#5812,#5779,#4200,.T.);
#12895=EDGE_CURVE('',#5804,#5832,#4132,.T.);
#12897=EDGE_CURVE('',#5802,#5804,#4136,.T.);
#12899=EDGE_CURVE('',#5490,#5802,#4140,.T.);
#12901=EDGE_CURVE('',#5488,#5490,#4144,.T.);
#12903=EDGE_CURVE('',#5752,#5488,#4148,.T.);
#12905=EDGE_CURVE('',#5812,#5752,#4152,.T.);
#12917=EDGE_CURVE('',#5516,#5804,#4165,.T.);
#12932=EDGE_CURVE('',#5514,#5802,#4169,.T.);
#12943=EDGE_CURVE('',#5485,#5490,#4178,.T.);
#12958=EDGE_CURVE('',#5486,#5488,#4186,.T.);
#12969=EDGE_CURVE('',#5752,#5512,#4182,.T.);
#12995=EDGE_CURVE('',#5666,#5671,#4204,.T.);
#13022=EDGE_CURVE('',#5868,#5870,#4217,.T.);
#13024=EDGE_CURVE('',#5828,#5870,#4213,.T.);
#13034=EDGE_CURVE('',#5875,#5873,#4221,.T.);
#13036=EDGE_CURVE('',#5873,#5870,#4256,.T.);
#13050=EDGE_CURVE('',#5880,#5882,#4230,.T.);
#13052=EDGE_CURVE('',#5873,#5882,#4226,.T.);
#13062=EDGE_CURVE('',#5902,#5908,#4234,.T.);
#13064=EDGE_CURVE('',#5908,#5882,#4260,.T.);
#13078=EDGE_CURVE('',#5906,#5900,#4238,.T.);
#13080=EDGE_CURVE('',#5908,#5906,#4243,.T.);
#13093=EDGE_CURVE('',#5781,#5906,#4264,.T.);
#13112=EDGE_CURVE('',#5546,#5548,#4268,.T.);
#13116=EDGE_CURVE('',#5888,#5894,#4301,.T.);
#13118=EDGE_CURVE('',#5890,#5894,#4276,.T.);
#13120=EDGE_CURVE('',#5890,#5892,#4319,.T.);
#13122=EDGE_CURVE('',#5877,#5892,#4280,.T.);
#13124=EDGE_CURVE('',#5877,#5830,#4346,.T.);
#13135=EDGE_CURVE('',#5545,#5546,#4296,.T.);
#13162=EDGE_CURVE('',#5528,#5894,#4314,.T.);
#13175=EDGE_CURVE('',#5526,#5890,#4323,.T.);
#13188=EDGE_CURVE('',#5524,#5892,#4336,.T.);
#13199=EDGE_CURVE('',#5877,#5522,#4332,.T.);
#13223=EDGE_CURVE('',#5394,#5390,#4362,.T.);
#13237=EDGE_CURVE('',#5625,#5627,#4358,.T.);
#13250=EDGE_CURVE('',#5418,#5416,#4374,.T.);
#13263=EDGE_CURVE('',#5413,#5414,#4370,.T.);
#13288=EDGE_CURVE('',#5860,#5850,#4412,.T.);
#13301=EDGE_CURVE('',#5852,#5859,#4407,.T.);
#13316=EDGE_CURVE('',#5862,#5854,#4425,.T.);
#13329=EDGE_CURVE('',#5856,#5842,#4435,.T.);
#13341=EDGE_CURVE('',#5841,#5842,#4443,.T.);
#13365=EDGE_CURVE('',#6551,#6549,#4463,.T.);
#13367=EDGE_CURVE('',#6553,#6551,#4459,.T.);
#13380=EDGE_CURVE('',#6339,#6263,#4508,.T.);
#13382=EDGE_CURVE('',#6262,#6263,#4581,.T.);
#13384=EDGE_CURVE('',#6265,#6262,#4471,.T.);
#13386=EDGE_CURVE('',#6264,#6265,#4556,.T.);
#13388=EDGE_CURVE('',#5912,#6264,#4475,.T.);
#13391=EDGE_CURVE('',#5911,#6309,#4594,.T.);
#13393=EDGE_CURVE('',#6311,#6309,#4667,.T.);
#13395=EDGE_CURVE('',#6295,#6311,#4483,.T.);
#13397=EDGE_CURVE('',#6299,#6295,#4651,.T.);
#13399=EDGE_CURVE('',#5916,#6299,#4487,.T.);
#13402=EDGE_CURVE('',#5915,#6196,#4677,.T.);
#13404=EDGE_CURVE('',#6196,#6551,#4495,.T.);
#13414=EDGE_CURVE('',#6327,#6322,#4500,.T.);
#13416=EDGE_CURVE('',#6263,#6327,#4504,.T.);
#13429=EDGE_CURVE('',#6325,#6323,#4535,.T.);
#13431=EDGE_CURVE('',#6327,#6325,#4521,.T.);
#13442=EDGE_CURVE('',#6316,#6313,#4526,.T.);
#13444=EDGE_CURVE('',#6325,#6313,#4530,.T.);
#13457=EDGE_CURVE('',#6317,#6315,#4548,.T.);
#13459=EDGE_CURVE('',#6315,#6313,#4565,.T.);
#13470=EDGE_CURVE('',#6315,#6264,#4543,.T.);
#13484=EDGE_CURVE('',#6313,#6265,#4569,.T.);
#13498=EDGE_CURVE('',#6262,#6325,#4573,.T.);
#13521=EDGE_CURVE('',#6307,#6302,#4586,.T.);
#13523=EDGE_CURVE('',#6309,#6307,#4590,.T.);
#13536=EDGE_CURVE('',#6305,#6303,#4617,.T.);
#13538=EDGE_CURVE('',#6307,#6305,#4603,.T.);
#13549=EDGE_CURVE('',#6300,#6294,#4608,.T.);
#13551=EDGE_CURVE('',#6305,#6294,#4612,.T.);
#13564=EDGE_CURVE('',#6301,#6298,#4630,.T.);
#13566=EDGE_CURVE('',#6298,#6294,#4643,.T.);
#13577=EDGE_CURVE('',#6298,#6299,#4625,.T.);
#13590=EDGE_CURVE('',#6294,#6295,#4655,.T.);
#13605=EDGE_CURVE('',#6311,#6305,#4659,.T.);
#13648=EDGE_CURVE('',#6196,#5373,#4671,.T.);
#13774=EDGE_CURVE('',#6196,#6197,#4697,.T.);
#13778=EDGE_CURVE('',#6197,#5371,#4706,.T.);
#13788=EDGE_CURVE('',#6557,#6551,#4711,.T.);
#13836=EDGE_CURVE('',#5810,#5369,#4729,.T.);
#13886=EDGE_CURVE('',#5810,#5878,#4741,.T.);
#13890=EDGE_CURVE('',#5878,#5367,#4750,.T.);
#13900=EDGE_CURVE('',#6565,#6561,#4755,.T.);
#13904=EDGE_CURVE('',#6565,#5878,#4763,.T.);
#13917=EDGE_CURVE('',#6563,#6565,#4768,.T.);
#13930=EDGE_CURVE('',#6568,#6565,#4788,.T.);
#13942=EDGE_CURVE('',#5878,#5465,#5027,.T.);
#13947=EDGE_CURVE('',#5430,#5613,#4780,.T.);
#13949=EDGE_CURVE('',#5427,#5430,#4784,.T.);
#13951=EDGE_CURVE('',#5427,#5482,#4982,.T.);
#13953=EDGE_CURVE('',#5482,#5613,#4996,.T.);
#13957=EDGE_CURVE('',#5769,#5767,#4804,.T.);
#13959=EDGE_CURVE('',#5767,#5797,#4864,.T.);
#13961=EDGE_CURVE('',#5791,#5797,#4772,.T.);
#13963=EDGE_CURVE('',#5769,#5791,#4776,.T.);
#13973=EDGE_CURVE('',#5766,#5769,#4796,.T.);
#13975=EDGE_CURVE('',#5765,#5766,#4800,.T.);
#13977=EDGE_CURVE('',#5765,#5767,#4874,.T.);
#13988=EDGE_CURVE('',#5793,#5789,#4812,.T.);
#13990=EDGE_CURVE('',#5789,#5766,#4878,.T.);
#13994=EDGE_CURVE('',#5791,#5793,#4892,.T.);
#14004=EDGE_CURVE('',#5795,#5871,#4808,.T.);
#14006=EDGE_CURVE('',#5795,#5789,#4883,.T.);
#14009=EDGE_CURVE('',#5800,#5793,#4819,.T.);
#14011=EDGE_CURVE('',#5871,#5800,#4826,.T.);
#14023=EDGE_CURVE('',#5608,#5800,#4833,.T.);
#14025=EDGE_CURVE('',#5605,#5608,#4837,.T.);
#14027=EDGE_CURVE('',#5795,#5605,#4841,.T.);
#14037=EDGE_CURVE('',#5610,#5608,#4849,.T.);
#14040=EDGE_CURVE('',#5800,#5798,#4903,.T.);
#14042=EDGE_CURVE('',#5798,#5610,#4860,.T.);
#14052=EDGE_CURVE('',#5610,#5606,#4853,.T.);
#14054=EDGE_CURVE('',#5605,#5606,#4845,.T.);
#14066=EDGE_CURVE('',#5765,#5606,#4888,.T.);
#14070=EDGE_CURVE('',#5798,#5797,#4899,.T.);
#14109=EDGE_CURVE('',#5612,#5432,#4926,.T.);
#14111=EDGE_CURVE('',#5430,#5432,#4907,.T.);
#14114=EDGE_CURVE('',#5613,#5612,#4992,.T.);
#14124=EDGE_CURVE('',#5619,#5621,#4911,.T.);
#14126=EDGE_CURVE('',#5618,#5619,#4915,.T.);
#14128=EDGE_CURVE('',#5433,#5618,#4922,.T.);
#14130=EDGE_CURVE('',#5433,#5432,#5010,.T.);
#14133=EDGE_CURVE('',#5611,#5612,#4933,.T.);
#14135=EDGE_CURVE('',#5611,#5621,#4955,.T.);
#14147=EDGE_CURVE('',#5400,#5621,#4937,.T.);
#14149=EDGE_CURVE('',#5397,#5400,#4941,.T.);
#14151=EDGE_CURVE('',#5433,#5397,#4946,.T.);
#14162=EDGE_CURVE('',#5400,#5402,#4950,.T.);
#14166=EDGE_CURVE('',#5611,#5481,#4986,.T.);
#14168=EDGE_CURVE('',#5402,#5481,#4960,.T.);
#14178=EDGE_CURVE('',#5402,#5398,#4968,.T.);
#14180=EDGE_CURVE('',#5397,#5398,#4964,.T.);
#14194=EDGE_CURVE('',#5482,#5481,#4978,.T.);
#14197=EDGE_CURVE('',#5427,#5428,#5003,.T.);
#14199=EDGE_CURVE('',#5428,#5398,#5021,.T.);
#14222=EDGE_CURVE('',#5433,#5428,#5014,.T.);
#14292=EDGE_CURVE('',#5732,#5728,#5053,.T.);
#14294=EDGE_CURVE('',#5728,#5674,#5107,.T.);
#14297=EDGE_CURVE('',#5732,#5686,#5048,.T.);
#14308=EDGE_CURVE('',#5746,#5732,#5058,.T.);
#14310=EDGE_CURVE('',#5728,#5746,#5063,.T.);
#14320=EDGE_CURVE('',#5734,#5732,#5067,.T.);
#14322=EDGE_CURVE('',#5734,#5748,#5161,.T.);
#14324=EDGE_CURVE('',#5746,#5748,#5071,.T.);
#14336=EDGE_CURVE('',#5684,#5734,#5079,.T.);
#14349=EDGE_CURVE('',#5683,#5736,#5083,.T.);
#14351=EDGE_CURVE('',#5736,#5734,#5151,.T.);
#14363=EDGE_CURVE('',#5681,#5738,#5091,.T.);
#14365=EDGE_CURVE('',#5738,#5736,#5146,.T.);
#14377=EDGE_CURVE('',#5740,#5679,#5087,.T.);
#14379=EDGE_CURVE('',#5740,#5738,#5138,.T.);
#14391=EDGE_CURVE('',#5677,#5742,#5099,.T.);
#14393=EDGE_CURVE('',#5742,#5740,#5119,.T.);
#14405=EDGE_CURVE('',#5730,#5675,#5095,.T.);
#14407=EDGE_CURVE('',#5730,#5742,#5166,.T.);
#14420=EDGE_CURVE('',#5728,#5730,#5111,.T.);
#14433=EDGE_CURVE('',#5744,#5746,#5115,.T.);
#14435=EDGE_CURVE('',#5744,#5730,#5171,.T.);
#14445=EDGE_CURVE('',#5750,#5744,#5123,.T.);
#14449=EDGE_CURVE('',#5748,#5750,#5142,.T.);
#14459=EDGE_CURVE('',#5750,#5740,#5128,.T.);
#14462=EDGE_CURVE('',#5742,#5744,#5176,.T.);
#14474=EDGE_CURVE('',#5738,#5750,#5133,.T.);
#14486=EDGE_CURVE('',#5748,#5736,#5156,.T.);
#14522=EDGE_CURVE('',#5386,#5362,#5186,.T.);
#14534=EDGE_CURVE('',#5467,#5359,#5191,.T.);
#14546=EDGE_CURVE('',#5357,#5469,#5204,.T.);
#14558=EDGE_CURVE('',#5356,#5471,#5220,.T.);
#14582=EDGE_CURVE('',#6397,#6392,#5239,.T.);
#14597=EDGE_CURVE('',#6393,#6396,#5244,.T.);
#14608=EDGE_CURVE('',#6361,#6364,#5262,.T.);
#14621=EDGE_CURVE('',#6365,#6360,#5257,.T.);
#14636=EDGE_CURVE('',#6373,#6368,#5275,.T.);
#14649=EDGE_CURVE('',#6369,#6372,#5280,.T.);
#14660=EDGE_CURVE('',#6614,#6623,#5320,.T.);
#14662=EDGE_CURVE('',#6623,#6613,#5315,.T.);
#14686=EDGE_CURVE('',#6333,#6276,#5325,.T.);
#14715=TRIMMED_CURVE('A_1',#14714,(PARAMETER_VALUE(0.E0)),(PARAMETER_VALUE
(1.E0)),.T.,.UNSPECIFIED.);
#14717=(LENGTH_UNIT()NAMED_UNIT(*)SI_UNIT(.MILLI.,.METRE.));
#14719=(NAMED_UNIT(*)PLANE_ANGLE_UNIT()SI_UNIT($,.RADIAN.));
#14722=(NAMED_UNIT(*)SI_UNIT($,.STERADIAN.)SOLID_ANGLE_UNIT());
#14725=ADVANCED_BREP_SHAPE_REPRESENTATION('',(#14706),#14724);
#14726=GEOMETRICALLY_BOUNDED_SURFACE_SHAPE_REPRESENTATION('',(#14716),#14724);
#14727=SHAPE_REPRESENTATION('',(#14710),#14724);
#14736=PRODUCT_DEFINITION('design','',#14735,#14732);
#14737=PRODUCT_DEFINITION_SHAPE('','SHAPE FOR 349511220.',#14736);
#14738=SHAPE_DEFINITION_REPRESENTATION(#14737,#14727);
ENDSEC;
END-ISO-10303-21;
