ISO-10303-21;
HEADER;
/* Generated by software containing ST-Developer
 * from STEP Tools, Inc. (www.steptools.com) 
 */
/* OPTION: using custom schema-name function */

FILE_DESCRIPTION(
/* description */ (''),
/* implementation_level */ '2;1');

FILE_NAME(
/* name */ '510210500wbm000_01_214.stp',
/* time_stamp */ '2021-11-10T14:18:07+06:00',
/* author */ (''),
/* organization */ (''),
/* preprocessor_version */ 'ST-DEVELOPER v16.7',
/* originating_system */ 'SIEMENS PLM Software NX 1919',
/* authorisation */ '');

FILE_SCHEMA (('AUTOMOTIVE_DESIGN { 1 0 10303 214 3 1 1 1 }'));
ENDSEC;

DATA;
#10=SHAPE_REPRESENTATION_RELATIONSHIP('None',
'relationship between 510210500wbm000_01-None and 510210500wbm000_01-N
one',#22,#11);
#11=ADVANCED_BREP_SHAPE_REPRESENTATION('510210500wbm000_01-None',(#32),
#7346);
#12=SHAPE_DEFINITION_REPRESENTATION(#13,#22);
#13=PRODUCT_DEFINITION_SHAPE('','',#14);
#14=PRODUCT_DEFINITION(' ','',#16,#15);
#15=PRODUCT_DEFINITION_CONTEXT('part definition',#21,'design');
#16=PRODUCT_DEFINITION_FORMATION_WITH_SPECIFIED_SOURCE(' ',' ',#18,
 .NOT_KNOWN.);
#17=PRODUCT_RELATED_PRODUCT_CATEGORY('part','',(#18));
#18=PRODUCT('510210500wbm000_01','510210500wbm000_01',' ',(#19));
#19=PRODUCT_CONTEXT(' ',#21,'mechanical');
#20=APPLICATION_PROTOCOL_DEFINITION('international standard',
'automotive_design',2010,#21);
#21=APPLICATION_CONTEXT(
'core data for automotive mechanical design processes');
#22=SHAPE_REPRESENTATION('510210500wbm000_01-None',(#4641),#7346);
#23=PRESENTATION_LAYER_ASSIGNMENT('1','Layer 1',(#32));
#24=STYLED_ITEM('',(#25),#32);
#25=PRESENTATION_STYLE_ASSIGNMENT((#26));
#26=SURFACE_STYLE_USAGE(.BOTH.,#27);
#27=SURFACE_SIDE_STYLE('',(#28));
#28=SURFACE_STYLE_FILL_AREA(#29);
#29=FILL_AREA_STYLE('',(#30));
#30=FILL_AREA_STYLE_COLOUR('',#31);
#31=COLOUR_RGB('Medium Steel',0.596063172350652,0.666666666666667,0.686259250782025);
#32=MANIFOLD_SOLID_BREP('',#33);
#33=CLOSED_SHELL('',(#299,#300,#301,#302,#303,#304,#305,#306,#307,#308,
#309,#310,#311,#312,#313,#314,#315,#316,#317,#318,#319,#320,#321,#322,#323,
#324,#325,#326,#327,#328,#329,#330,#331,#332,#333,#334,#335,#336,#337,#338,
#339,#340,#341,#342,#343,#344,#345,#346,#347,#348,#349,#350,#351,#352,#353,
#354,#355,#356,#357,#358,#359,#360,#361,#362,#363,#364,#365,#366,#367,#368,
#369,#370,#371,#372,#373,#374,#375,#376,#377,#378,#379,#380,#381,#382,#383,
#384,#385,#386,#387,#388,#389,#390,#391,#392,#393,#394,#395,#396,#397,#398,
#399,#400,#401,#402,#403,#404,#405,#406,#407,#408,#409,#410,#411,#412,#413,
#414,#415,#416,#417,#418,#419,#420,#421,#422,#423,#424,#425,#426,#427,#428,
#429,#430,#431,#432,#433,#434,#435,#436,#437,#438,#439,#440,#441,#442,#443,
#444,#445,#446,#447,#448,#449,#450,#451,#452,#453,#454,#455,#456,#457,#458,
#459,#460,#461,#462,#463,#464,#465,#466,#467,#468,#469,#470,#471,#472,#473,
#474,#475,#476,#477,#478,#479,#480,#481,#482,#483,#484,#485,#486,#487,#488,
#489,#490,#491,#492,#493,#494,#495,#496,#497,#498,#499,#500,#501,#502,#503,
#504,#505,#506,#507,#508,#509,#510,#511,#512,#513,#514,#515,#516,#517,#518,
#519,#520,#521,#522,#523,#524,#525,#526,#527,#528,#529,#530,#531,#532,#533,
#534,#535,#536,#537,#538,#539,#540,#541,#542,#543,#544));
#34=SPHERICAL_SURFACE('',#4745,0.3);
#35=SPHERICAL_SURFACE('',#4749,0.3);
#36=ELLIPSE('',#4684,0.424264068711928,0.3);
#37=ELLIPSE('',#4687,0.424264068711928,0.3);
#38=CYLINDRICAL_SURFACE('',#4678,0.3);
#39=CYLINDRICAL_SURFACE('',#4682,0.3);
#40=CYLINDRICAL_SURFACE('',#4686,0.3);
#41=CYLINDRICAL_SURFACE('',#4689,0.3);
#42=CYLINDRICAL_SURFACE('',#4743,0.3);
#43=CYLINDRICAL_SURFACE('',#4747,0.3);
#44=CYLINDRICAL_SURFACE('',#4750,0.3);
#45=CIRCLE('',#4676,0.3);
#46=CIRCLE('',#4677,0.3);
#47=CIRCLE('',#4680,0.3);
#48=CIRCLE('',#4681,0.3);
#49=CIRCLE('',#4685,0.3);
#50=CIRCLE('',#4688,0.3);
#51=CIRCLE('',#4742,0.3);
#52=CIRCLE('',#4744,0.3);
#53=CIRCLE('',#4746,0.3);
#54=CIRCLE('',#4748,0.3);
#55=FACE_OUTER_BOUND('',#794,.T.);
#56=FACE_OUTER_BOUND('',#795,.T.);
#57=FACE_OUTER_BOUND('',#796,.T.);
#58=FACE_OUTER_BOUND('',#797,.T.);
#59=FACE_OUTER_BOUND('',#798,.T.);
#60=FACE_OUTER_BOUND('',#799,.T.);
#61=FACE_OUTER_BOUND('',#800,.T.);
#62=FACE_OUTER_BOUND('',#801,.T.);
#63=FACE_OUTER_BOUND('',#802,.T.);
#64=FACE_OUTER_BOUND('',#803,.T.);
#65=FACE_OUTER_BOUND('',#804,.T.);
#66=FACE_OUTER_BOUND('',#805,.T.);
#67=FACE_OUTER_BOUND('',#806,.T.);
#68=FACE_OUTER_BOUND('',#807,.T.);
#69=FACE_OUTER_BOUND('',#808,.T.);
#70=FACE_OUTER_BOUND('',#809,.T.);
#71=FACE_OUTER_BOUND('',#810,.T.);
#72=FACE_OUTER_BOUND('',#811,.T.);
#73=FACE_OUTER_BOUND('',#812,.T.);
#74=FACE_OUTER_BOUND('',#813,.T.);
#75=FACE_OUTER_BOUND('',#814,.T.);
#76=FACE_OUTER_BOUND('',#815,.T.);
#77=FACE_OUTER_BOUND('',#816,.T.);
#78=FACE_OUTER_BOUND('',#817,.T.);
#79=FACE_OUTER_BOUND('',#818,.T.);
#80=FACE_OUTER_BOUND('',#819,.T.);
#81=FACE_OUTER_BOUND('',#820,.T.);
#82=FACE_OUTER_BOUND('',#821,.T.);
#83=FACE_OUTER_BOUND('',#822,.T.);
#84=FACE_OUTER_BOUND('',#823,.T.);
#85=FACE_OUTER_BOUND('',#824,.T.);
#86=FACE_OUTER_BOUND('',#825,.T.);
#87=FACE_OUTER_BOUND('',#826,.T.);
#88=FACE_OUTER_BOUND('',#827,.T.);
#89=FACE_OUTER_BOUND('',#828,.T.);
#90=FACE_OUTER_BOUND('',#829,.T.);
#91=FACE_OUTER_BOUND('',#830,.T.);
#92=FACE_OUTER_BOUND('',#831,.T.);
#93=FACE_OUTER_BOUND('',#832,.T.);
#94=FACE_OUTER_BOUND('',#839,.T.);
#95=FACE_OUTER_BOUND('',#840,.T.);
#96=FACE_OUTER_BOUND('',#841,.T.);
#97=FACE_OUTER_BOUND('',#842,.T.);
#98=FACE_OUTER_BOUND('',#843,.T.);
#99=FACE_OUTER_BOUND('',#844,.T.);
#100=FACE_OUTER_BOUND('',#845,.T.);
#101=FACE_OUTER_BOUND('',#846,.T.);
#102=FACE_OUTER_BOUND('',#847,.T.);
#103=FACE_OUTER_BOUND('',#848,.T.);
#104=FACE_OUTER_BOUND('',#849,.T.);
#105=FACE_OUTER_BOUND('',#850,.T.);
#106=FACE_OUTER_BOUND('',#851,.T.);
#107=FACE_OUTER_BOUND('',#852,.T.);
#108=FACE_OUTER_BOUND('',#853,.T.);
#109=FACE_OUTER_BOUND('',#854,.T.);
#110=FACE_OUTER_BOUND('',#855,.T.);
#111=FACE_OUTER_BOUND('',#856,.T.);
#112=FACE_OUTER_BOUND('',#857,.T.);
#113=FACE_OUTER_BOUND('',#858,.T.);
#114=FACE_OUTER_BOUND('',#859,.T.);
#115=FACE_OUTER_BOUND('',#860,.T.);
#116=FACE_OUTER_BOUND('',#861,.T.);
#117=FACE_OUTER_BOUND('',#862,.T.);
#118=FACE_OUTER_BOUND('',#863,.T.);
#119=FACE_OUTER_BOUND('',#864,.T.);
#120=FACE_OUTER_BOUND('',#865,.T.);
#121=FACE_OUTER_BOUND('',#866,.T.);
#122=FACE_OUTER_BOUND('',#867,.T.);
#123=FACE_OUTER_BOUND('',#868,.T.);
#124=FACE_OUTER_BOUND('',#869,.T.);
#125=FACE_OUTER_BOUND('',#870,.T.);
#126=FACE_OUTER_BOUND('',#871,.T.);
#127=FACE_OUTER_BOUND('',#872,.T.);
#128=FACE_OUTER_BOUND('',#873,.T.);
#129=FACE_OUTER_BOUND('',#874,.T.);
#130=FACE_OUTER_BOUND('',#875,.T.);
#131=FACE_OUTER_BOUND('',#876,.T.);
#132=FACE_OUTER_BOUND('',#877,.T.);
#133=FACE_OUTER_BOUND('',#878,.T.);
#134=FACE_OUTER_BOUND('',#879,.T.);
#135=FACE_OUTER_BOUND('',#880,.T.);
#136=FACE_OUTER_BOUND('',#881,.T.);
#137=FACE_OUTER_BOUND('',#882,.T.);
#138=FACE_OUTER_BOUND('',#883,.T.);
#139=FACE_OUTER_BOUND('',#884,.T.);
#140=FACE_OUTER_BOUND('',#885,.T.);
#141=FACE_OUTER_BOUND('',#886,.T.);
#142=FACE_OUTER_BOUND('',#887,.T.);
#143=FACE_OUTER_BOUND('',#888,.T.);
#144=FACE_OUTER_BOUND('',#889,.T.);
#145=FACE_OUTER_BOUND('',#890,.T.);
#146=FACE_OUTER_BOUND('',#891,.T.);
#147=FACE_OUTER_BOUND('',#892,.T.);
#148=FACE_OUTER_BOUND('',#893,.T.);
#149=FACE_OUTER_BOUND('',#894,.T.);
#150=FACE_OUTER_BOUND('',#895,.T.);
#151=FACE_OUTER_BOUND('',#896,.T.);
#152=FACE_OUTER_BOUND('',#897,.T.);
#153=FACE_OUTER_BOUND('',#898,.T.);
#154=FACE_OUTER_BOUND('',#899,.T.);
#155=FACE_OUTER_BOUND('',#900,.T.);
#156=FACE_OUTER_BOUND('',#901,.T.);
#157=FACE_OUTER_BOUND('',#902,.T.);
#158=FACE_OUTER_BOUND('',#903,.T.);
#159=FACE_OUTER_BOUND('',#904,.T.);
#160=FACE_OUTER_BOUND('',#905,.T.);
#161=FACE_OUTER_BOUND('',#906,.T.);
#162=FACE_OUTER_BOUND('',#907,.T.);
#163=FACE_OUTER_BOUND('',#908,.T.);
#164=FACE_OUTER_BOUND('',#909,.T.);
#165=FACE_OUTER_BOUND('',#910,.T.);
#166=FACE_OUTER_BOUND('',#911,.T.);
#167=FACE_OUTER_BOUND('',#912,.T.);
#168=FACE_OUTER_BOUND('',#913,.T.);
#169=FACE_OUTER_BOUND('',#914,.T.);
#170=FACE_OUTER_BOUND('',#915,.T.);
#171=FACE_OUTER_BOUND('',#916,.T.);
#172=FACE_OUTER_BOUND('',#917,.T.);
#173=FACE_OUTER_BOUND('',#918,.T.);
#174=FACE_OUTER_BOUND('',#919,.T.);
#175=FACE_OUTER_BOUND('',#920,.T.);
#176=FACE_OUTER_BOUND('',#921,.T.);
#177=FACE_OUTER_BOUND('',#922,.T.);
#178=FACE_OUTER_BOUND('',#923,.T.);
#179=FACE_OUTER_BOUND('',#924,.T.);
#180=FACE_OUTER_BOUND('',#925,.T.);
#181=FACE_OUTER_BOUND('',#926,.T.);
#182=FACE_OUTER_BOUND('',#927,.T.);
#183=FACE_OUTER_BOUND('',#928,.T.);
#184=FACE_OUTER_BOUND('',#929,.T.);
#185=FACE_OUTER_BOUND('',#930,.T.);
#186=FACE_OUTER_BOUND('',#931,.T.);
#187=FACE_OUTER_BOUND('',#932,.T.);
#188=FACE_OUTER_BOUND('',#933,.T.);
#189=FACE_OUTER_BOUND('',#934,.T.);
#190=FACE_OUTER_BOUND('',#935,.T.);
#191=FACE_OUTER_BOUND('',#936,.T.);
#192=FACE_OUTER_BOUND('',#937,.T.);
#193=FACE_OUTER_BOUND('',#938,.T.);
#194=FACE_OUTER_BOUND('',#939,.T.);
#195=FACE_OUTER_BOUND('',#940,.T.);
#196=FACE_OUTER_BOUND('',#941,.T.);
#197=FACE_OUTER_BOUND('',#942,.T.);
#198=FACE_OUTER_BOUND('',#943,.T.);
#199=FACE_OUTER_BOUND('',#944,.T.);
#200=FACE_OUTER_BOUND('',#945,.T.);
#201=FACE_OUTER_BOUND('',#946,.T.);
#202=FACE_OUTER_BOUND('',#947,.T.);
#203=FACE_OUTER_BOUND('',#948,.T.);
#204=FACE_OUTER_BOUND('',#949,.T.);
#205=FACE_OUTER_BOUND('',#950,.T.);
#206=FACE_OUTER_BOUND('',#951,.T.);
#207=FACE_OUTER_BOUND('',#952,.T.);
#208=FACE_OUTER_BOUND('',#953,.T.);
#209=FACE_OUTER_BOUND('',#954,.T.);
#210=FACE_OUTER_BOUND('',#955,.T.);
#211=FACE_OUTER_BOUND('',#956,.T.);
#212=FACE_OUTER_BOUND('',#957,.T.);
#213=FACE_OUTER_BOUND('',#958,.T.);
#214=FACE_OUTER_BOUND('',#959,.T.);
#215=FACE_OUTER_BOUND('',#960,.T.);
#216=FACE_OUTER_BOUND('',#961,.T.);
#217=FACE_OUTER_BOUND('',#962,.T.);
#218=FACE_OUTER_BOUND('',#963,.T.);
#219=FACE_OUTER_BOUND('',#964,.T.);
#220=FACE_OUTER_BOUND('',#965,.T.);
#221=FACE_OUTER_BOUND('',#966,.T.);
#222=FACE_OUTER_BOUND('',#967,.T.);
#223=FACE_OUTER_BOUND('',#968,.T.);
#224=FACE_OUTER_BOUND('',#969,.T.);
#225=FACE_OUTER_BOUND('',#970,.T.);
#226=FACE_OUTER_BOUND('',#971,.T.);
#227=FACE_OUTER_BOUND('',#972,.T.);
#228=FACE_OUTER_BOUND('',#973,.T.);
#229=FACE_OUTER_BOUND('',#974,.T.);
#230=FACE_OUTER_BOUND('',#975,.T.);
#231=FACE_OUTER_BOUND('',#976,.T.);
#232=FACE_OUTER_BOUND('',#977,.T.);
#233=FACE_OUTER_BOUND('',#978,.T.);
#234=FACE_OUTER_BOUND('',#979,.T.);
#235=FACE_OUTER_BOUND('',#980,.T.);
#236=FACE_OUTER_BOUND('',#981,.T.);
#237=FACE_OUTER_BOUND('',#982,.T.);
#238=FACE_OUTER_BOUND('',#983,.T.);
#239=FACE_OUTER_BOUND('',#984,.T.);
#240=FACE_OUTER_BOUND('',#985,.T.);
#241=FACE_OUTER_BOUND('',#986,.T.);
#242=FACE_OUTER_BOUND('',#987,.T.);
#243=FACE_OUTER_BOUND('',#988,.T.);
#244=FACE_OUTER_BOUND('',#989,.T.);
#245=FACE_OUTER_BOUND('',#990,.T.);
#246=FACE_OUTER_BOUND('',#991,.T.);
#247=FACE_OUTER_BOUND('',#992,.T.);
#248=FACE_OUTER_BOUND('',#993,.T.);
#249=FACE_OUTER_BOUND('',#994,.T.);
#250=FACE_OUTER_BOUND('',#995,.T.);
#251=FACE_OUTER_BOUND('',#996,.T.);
#252=FACE_OUTER_BOUND('',#997,.T.);
#253=FACE_OUTER_BOUND('',#998,.T.);
#254=FACE_OUTER_BOUND('',#999,.T.);
#255=FACE_OUTER_BOUND('',#1000,.T.);
#256=FACE_OUTER_BOUND('',#1001,.T.);
#257=FACE_OUTER_BOUND('',#1002,.T.);
#258=FACE_OUTER_BOUND('',#1003,.T.);
#259=FACE_OUTER_BOUND('',#1004,.T.);
#260=FACE_OUTER_BOUND('',#1005,.T.);
#261=FACE_OUTER_BOUND('',#1006,.T.);
#262=FACE_OUTER_BOUND('',#1007,.T.);
#263=FACE_OUTER_BOUND('',#1008,.T.);
#264=FACE_OUTER_BOUND('',#1009,.T.);
#265=FACE_OUTER_BOUND('',#1010,.T.);
#266=FACE_OUTER_BOUND('',#1011,.T.);
#267=FACE_OUTER_BOUND('',#1012,.T.);
#268=FACE_OUTER_BOUND('',#1013,.T.);
#269=FACE_OUTER_BOUND('',#1014,.T.);
#270=FACE_OUTER_BOUND('',#1015,.T.);
#271=FACE_OUTER_BOUND('',#1016,.T.);
#272=FACE_OUTER_BOUND('',#1017,.T.);
#273=FACE_OUTER_BOUND('',#1018,.T.);
#274=FACE_OUTER_BOUND('',#1019,.T.);
#275=FACE_OUTER_BOUND('',#1020,.T.);
#276=FACE_OUTER_BOUND('',#1021,.T.);
#277=FACE_OUTER_BOUND('',#1022,.T.);
#278=FACE_OUTER_BOUND('',#1023,.T.);
#279=FACE_OUTER_BOUND('',#1024,.T.);
#280=FACE_OUTER_BOUND('',#1025,.T.);
#281=FACE_OUTER_BOUND('',#1026,.T.);
#282=FACE_OUTER_BOUND('',#1027,.T.);
#283=FACE_OUTER_BOUND('',#1028,.T.);
#284=FACE_OUTER_BOUND('',#1029,.T.);
#285=FACE_OUTER_BOUND('',#1030,.T.);
#286=FACE_OUTER_BOUND('',#1031,.T.);
#287=FACE_OUTER_BOUND('',#1032,.T.);
#288=FACE_OUTER_BOUND('',#1033,.T.);
#289=FACE_OUTER_BOUND('',#1034,.T.);
#290=FACE_OUTER_BOUND('',#1035,.T.);
#291=FACE_OUTER_BOUND('',#1036,.T.);
#292=FACE_OUTER_BOUND('',#1037,.T.);
#293=FACE_OUTER_BOUND('',#1038,.T.);
#294=FACE_OUTER_BOUND('',#1039,.T.);
#295=FACE_OUTER_BOUND('',#1040,.T.);
#296=FACE_OUTER_BOUND('',#1041,.T.);
#297=FACE_OUTER_BOUND('',#1042,.T.);
#298=FACE_OUTER_BOUND('',#1043,.T.);
#299=ADVANCED_FACE('',(#782,#783,#784),#545,.F.);
#300=ADVANCED_FACE('',(#55),#546,.F.);
#301=ADVANCED_FACE('',(#56),#547,.F.);
#302=ADVANCED_FACE('',(#57),#548,.F.);
#303=ADVANCED_FACE('',(#58),#549,.F.);
#304=ADVANCED_FACE('',(#59),#550,.F.);
#305=ADVANCED_FACE('',(#60),#551,.F.);
#306=ADVANCED_FACE('',(#61),#552,.F.);
#307=ADVANCED_FACE('',(#62),#553,.T.);
#308=ADVANCED_FACE('',(#63),#554,.F.);
#309=ADVANCED_FACE('',(#64),#555,.F.);
#310=ADVANCED_FACE('',(#65),#556,.F.);
#311=ADVANCED_FACE('',(#66),#557,.F.);
#312=ADVANCED_FACE('',(#67),#558,.F.);
#313=ADVANCED_FACE('',(#68),#559,.F.);
#314=ADVANCED_FACE('',(#69),#560,.F.);
#315=ADVANCED_FACE('',(#70),#561,.F.);
#316=ADVANCED_FACE('',(#71),#562,.F.);
#317=ADVANCED_FACE('',(#72),#563,.F.);
#318=ADVANCED_FACE('',(#73),#564,.F.);
#319=ADVANCED_FACE('',(#74),#565,.F.);
#320=ADVANCED_FACE('',(#75),#566,.F.);
#321=ADVANCED_FACE('',(#76),#567,.F.);
#322=ADVANCED_FACE('',(#77),#568,.F.);
#323=ADVANCED_FACE('',(#78),#569,.F.);
#324=ADVANCED_FACE('',(#79),#570,.F.);
#325=ADVANCED_FACE('',(#80),#571,.F.);
#326=ADVANCED_FACE('',(#81),#572,.F.);
#327=ADVANCED_FACE('',(#82),#573,.F.);
#328=ADVANCED_FACE('',(#83),#574,.F.);
#329=ADVANCED_FACE('',(#84),#575,.F.);
#330=ADVANCED_FACE('',(#85),#576,.F.);
#331=ADVANCED_FACE('',(#86),#577,.F.);
#332=ADVANCED_FACE('',(#87),#578,.T.);
#333=ADVANCED_FACE('',(#88),#38,.T.);
#334=ADVANCED_FACE('',(#89),#579,.T.);
#335=ADVANCED_FACE('',(#90),#39,.T.);
#336=ADVANCED_FACE('',(#91),#580,.T.);
#337=ADVANCED_FACE('',(#92),#40,.T.);
#338=ADVANCED_FACE('',(#93),#41,.T.);
#339=ADVANCED_FACE('',(#785,#786,#787,#788,#789,#790),#581,.T.);
#340=ADVANCED_FACE('',(#94),#582,.F.);
#341=ADVANCED_FACE('',(#95),#583,.T.);
#342=ADVANCED_FACE('',(#96),#584,.T.);
#343=ADVANCED_FACE('',(#97),#585,.T.);
#344=ADVANCED_FACE('',(#98),#586,.T.);
#345=ADVANCED_FACE('',(#99),#587,.F.);
#346=ADVANCED_FACE('',(#100),#588,.F.);
#347=ADVANCED_FACE('',(#101),#589,.F.);
#348=ADVANCED_FACE('',(#102),#590,.F.);
#349=ADVANCED_FACE('',(#103),#591,.F.);
#350=ADVANCED_FACE('',(#104),#592,.F.);
#351=ADVANCED_FACE('',(#105),#593,.F.);
#352=ADVANCED_FACE('',(#106),#594,.F.);
#353=ADVANCED_FACE('',(#107),#595,.F.);
#354=ADVANCED_FACE('',(#108),#596,.F.);
#355=ADVANCED_FACE('',(#109),#597,.F.);
#356=ADVANCED_FACE('',(#110),#598,.F.);
#357=ADVANCED_FACE('',(#111),#599,.T.);
#358=ADVANCED_FACE('',(#112),#600,.T.);
#359=ADVANCED_FACE('',(#113),#601,.T.);
#360=ADVANCED_FACE('',(#114),#602,.T.);
#361=ADVANCED_FACE('',(#115),#603,.T.);
#362=ADVANCED_FACE('',(#116),#604,.T.);
#363=ADVANCED_FACE('',(#117),#605,.T.);
#364=ADVANCED_FACE('',(#118),#606,.T.);
#365=ADVANCED_FACE('',(#119),#607,.T.);
#366=ADVANCED_FACE('',(#120),#608,.T.);
#367=ADVANCED_FACE('',(#121),#609,.T.);
#368=ADVANCED_FACE('',(#122),#610,.T.);
#369=ADVANCED_FACE('',(#123),#611,.T.);
#370=ADVANCED_FACE('',(#124),#612,.T.);
#371=ADVANCED_FACE('',(#125),#613,.T.);
#372=ADVANCED_FACE('',(#126),#614,.T.);
#373=ADVANCED_FACE('',(#127),#615,.T.);
#374=ADVANCED_FACE('',(#128),#616,.T.);
#375=ADVANCED_FACE('',(#129),#617,.F.);
#376=ADVANCED_FACE('',(#130),#618,.F.);
#377=ADVANCED_FACE('',(#131),#619,.F.);
#378=ADVANCED_FACE('',(#132),#620,.F.);
#379=ADVANCED_FACE('',(#133),#621,.F.);
#380=ADVANCED_FACE('',(#134),#622,.F.);
#381=ADVANCED_FACE('',(#135),#623,.F.);
#382=ADVANCED_FACE('',(#136),#624,.F.);
#383=ADVANCED_FACE('',(#137),#625,.F.);
#384=ADVANCED_FACE('',(#138),#626,.T.);
#385=ADVANCED_FACE('',(#139),#627,.T.);
#386=ADVANCED_FACE('',(#140),#628,.F.);
#387=ADVANCED_FACE('',(#141),#629,.F.);
#388=ADVANCED_FACE('',(#142),#630,.T.);
#389=ADVANCED_FACE('',(#143),#631,.T.);
#390=ADVANCED_FACE('',(#144),#632,.T.);
#391=ADVANCED_FACE('',(#145),#42,.T.);
#392=ADVANCED_FACE('',(#146),#34,.T.);
#393=ADVANCED_FACE('',(#147),#43,.T.);
#394=ADVANCED_FACE('',(#148),#35,.T.);
#395=ADVANCED_FACE('',(#149),#44,.T.);
#396=ADVANCED_FACE('',(#150),#633,.T.);
#397=ADVANCED_FACE('',(#151),#634,.T.);
#398=ADVANCED_FACE('',(#152),#635,.T.);
#399=ADVANCED_FACE('',(#153),#636,.T.);
#400=ADVANCED_FACE('',(#154),#637,.T.);
#401=ADVANCED_FACE('',(#155),#638,.T.);
#402=ADVANCED_FACE('',(#156),#639,.T.);
#403=ADVANCED_FACE('',(#157),#640,.T.);
#404=ADVANCED_FACE('',(#158),#641,.T.);
#405=ADVANCED_FACE('',(#159),#642,.T.);
#406=ADVANCED_FACE('',(#160),#643,.T.);
#407=ADVANCED_FACE('',(#161),#644,.T.);
#408=ADVANCED_FACE('',(#162),#645,.F.);
#409=ADVANCED_FACE('',(#163),#646,.F.);
#410=ADVANCED_FACE('',(#164),#647,.F.);
#411=ADVANCED_FACE('',(#165),#648,.F.);
#412=ADVANCED_FACE('',(#166),#649,.F.);
#413=ADVANCED_FACE('',(#167),#650,.F.);
#414=ADVANCED_FACE('',(#168),#651,.F.);
#415=ADVANCED_FACE('',(#169),#652,.F.);
#416=ADVANCED_FACE('',(#170),#653,.F.);
#417=ADVANCED_FACE('',(#171),#654,.F.);
#418=ADVANCED_FACE('',(#172),#655,.F.);
#419=ADVANCED_FACE('',(#173),#656,.F.);
#420=ADVANCED_FACE('',(#174),#657,.T.);
#421=ADVANCED_FACE('',(#175),#658,.F.);
#422=ADVANCED_FACE('',(#176),#659,.F.);
#423=ADVANCED_FACE('',(#177),#660,.F.);
#424=ADVANCED_FACE('',(#178),#661,.F.);
#425=ADVANCED_FACE('',(#179),#662,.F.);
#426=ADVANCED_FACE('',(#180),#663,.F.);
#427=ADVANCED_FACE('',(#181),#664,.F.);
#428=ADVANCED_FACE('',(#182),#665,.F.);
#429=ADVANCED_FACE('',(#183),#666,.F.);
#430=ADVANCED_FACE('',(#184),#667,.F.);
#431=ADVANCED_FACE('',(#185),#668,.F.);
#432=ADVANCED_FACE('',(#186),#669,.F.);
#433=ADVANCED_FACE('',(#187),#670,.T.);
#434=ADVANCED_FACE('',(#188),#671,.F.);
#435=ADVANCED_FACE('',(#189),#672,.F.);
#436=ADVANCED_FACE('',(#190),#673,.F.);
#437=ADVANCED_FACE('',(#191),#674,.F.);
#438=ADVANCED_FACE('',(#192),#675,.F.);
#439=ADVANCED_FACE('',(#193),#676,.F.);
#440=ADVANCED_FACE('',(#194),#677,.F.);
#441=ADVANCED_FACE('',(#195),#678,.F.);
#442=ADVANCED_FACE('',(#196),#679,.F.);
#443=ADVANCED_FACE('',(#197),#680,.F.);
#444=ADVANCED_FACE('',(#198),#681,.F.);
#445=ADVANCED_FACE('',(#199),#682,.F.);
#446=ADVANCED_FACE('',(#200),#683,.T.);
#447=ADVANCED_FACE('',(#201),#684,.F.);
#448=ADVANCED_FACE('',(#202),#685,.F.);
#449=ADVANCED_FACE('',(#203),#686,.F.);
#450=ADVANCED_FACE('',(#204),#687,.F.);
#451=ADVANCED_FACE('',(#205),#688,.F.);
#452=ADVANCED_FACE('',(#206),#689,.F.);
#453=ADVANCED_FACE('',(#207),#690,.F.);
#454=ADVANCED_FACE('',(#208),#691,.F.);
#455=ADVANCED_FACE('',(#209),#692,.F.);
#456=ADVANCED_FACE('',(#210),#693,.F.);
#457=ADVANCED_FACE('',(#211),#694,.F.);
#458=ADVANCED_FACE('',(#212),#695,.F.);
#459=ADVANCED_FACE('',(#213),#696,.T.);
#460=ADVANCED_FACE('',(#214),#697,.T.);
#461=ADVANCED_FACE('',(#215),#698,.T.);
#462=ADVANCED_FACE('',(#216),#699,.T.);
#463=ADVANCED_FACE('',(#217),#700,.T.);
#464=ADVANCED_FACE('',(#218),#701,.T.);
#465=ADVANCED_FACE('',(#219),#702,.T.);
#466=ADVANCED_FACE('',(#220),#703,.T.);
#467=ADVANCED_FACE('',(#221),#704,.T.);
#468=ADVANCED_FACE('',(#222),#705,.T.);
#469=ADVANCED_FACE('',(#223),#706,.T.);
#470=ADVANCED_FACE('',(#224),#707,.T.);
#471=ADVANCED_FACE('',(#225),#708,.T.);
#472=ADVANCED_FACE('',(#226),#709,.T.);
#473=ADVANCED_FACE('',(#227),#710,.T.);
#474=ADVANCED_FACE('',(#228),#711,.T.);
#475=ADVANCED_FACE('',(#229),#712,.T.);
#476=ADVANCED_FACE('',(#230),#713,.T.);
#477=ADVANCED_FACE('',(#231),#714,.T.);
#478=ADVANCED_FACE('',(#232),#715,.T.);
#479=ADVANCED_FACE('',(#233),#716,.T.);
#480=ADVANCED_FACE('',(#234),#717,.T.);
#481=ADVANCED_FACE('',(#235),#718,.T.);
#482=ADVANCED_FACE('',(#236),#719,.T.);
#483=ADVANCED_FACE('',(#237),#720,.T.);
#484=ADVANCED_FACE('',(#238),#721,.T.);
#485=ADVANCED_FACE('',(#239),#722,.T.);
#486=ADVANCED_FACE('',(#240),#723,.T.);
#487=ADVANCED_FACE('',(#241),#724,.T.);
#488=ADVANCED_FACE('',(#242),#725,.T.);
#489=ADVANCED_FACE('',(#243),#726,.T.);
#490=ADVANCED_FACE('',(#244),#727,.T.);
#491=ADVANCED_FACE('',(#245),#728,.T.);
#492=ADVANCED_FACE('',(#246),#729,.T.);
#493=ADVANCED_FACE('',(#247),#730,.T.);
#494=ADVANCED_FACE('',(#248),#731,.T.);
#495=ADVANCED_FACE('',(#249),#732,.T.);
#496=ADVANCED_FACE('',(#250),#733,.T.);
#497=ADVANCED_FACE('',(#251),#734,.T.);
#498=ADVANCED_FACE('',(#252),#735,.T.);
#499=ADVANCED_FACE('',(#253),#736,.T.);
#500=ADVANCED_FACE('',(#254),#737,.T.);
#501=ADVANCED_FACE('',(#255),#738,.T.);
#502=ADVANCED_FACE('',(#256),#739,.T.);
#503=ADVANCED_FACE('',(#257),#740,.T.);
#504=ADVANCED_FACE('',(#258),#741,.T.);
#505=ADVANCED_FACE('',(#259),#742,.T.);
#506=ADVANCED_FACE('',(#260),#743,.T.);
#507=ADVANCED_FACE('',(#261),#744,.T.);
#508=ADVANCED_FACE('',(#262),#745,.T.);
#509=ADVANCED_FACE('',(#263),#746,.T.);
#510=ADVANCED_FACE('',(#264),#747,.T.);
#511=ADVANCED_FACE('',(#265),#748,.T.);
#512=ADVANCED_FACE('',(#266),#749,.T.);
#513=ADVANCED_FACE('',(#267),#750,.T.);
#514=ADVANCED_FACE('',(#268),#751,.T.);
#515=ADVANCED_FACE('',(#269),#752,.T.);
#516=ADVANCED_FACE('',(#270),#753,.T.);
#517=ADVANCED_FACE('',(#271),#754,.T.);
#518=ADVANCED_FACE('',(#272),#755,.T.);
#519=ADVANCED_FACE('',(#273),#756,.T.);
#520=ADVANCED_FACE('',(#274),#757,.T.);
#521=ADVANCED_FACE('',(#275),#758,.T.);
#522=ADVANCED_FACE('',(#276),#759,.T.);
#523=ADVANCED_FACE('',(#277),#760,.T.);
#524=ADVANCED_FACE('',(#278),#761,.T.);
#525=ADVANCED_FACE('',(#279),#762,.T.);
#526=ADVANCED_FACE('',(#280),#763,.T.);
#527=ADVANCED_FACE('',(#281),#764,.T.);
#528=ADVANCED_FACE('',(#282),#765,.F.);
#529=ADVANCED_FACE('',(#283),#766,.F.);
#530=ADVANCED_FACE('',(#284),#767,.F.);
#531=ADVANCED_FACE('',(#285),#768,.F.);
#532=ADVANCED_FACE('',(#286),#769,.F.);
#533=ADVANCED_FACE('',(#287),#770,.F.);
#534=ADVANCED_FACE('',(#288),#771,.F.);
#535=ADVANCED_FACE('',(#289),#772,.F.);
#536=ADVANCED_FACE('',(#290),#773,.F.);
#537=ADVANCED_FACE('',(#291),#774,.F.);
#538=ADVANCED_FACE('',(#292),#775,.F.);
#539=ADVANCED_FACE('',(#293),#776,.F.);
#540=ADVANCED_FACE('',(#294),#777,.F.);
#541=ADVANCED_FACE('',(#295),#778,.F.);
#542=ADVANCED_FACE('',(#296),#779,.T.);
#543=ADVANCED_FACE('',(#297),#780,.T.);
#544=ADVANCED_FACE('',(#298),#781,.T.);
#545=PLANE('',#4642);
#546=PLANE('',#4643);
#547=PLANE('',#4644);
#548=PLANE('',#4645);
#549=PLANE('',#4646);
#550=PLANE('',#4647);
#551=PLANE('',#4648);
#552=PLANE('',#4649);
#553=PLANE('',#4650);
#554=PLANE('',#4651);
#555=PLANE('',#4652);
#556=PLANE('',#4653);
#557=PLANE('',#4654);
#558=PLANE('',#4655);
#559=PLANE('',#4656);
#560=PLANE('',#4657);
#561=PLANE('',#4658);
#562=PLANE('',#4659);
#563=PLANE('',#4660);
#564=PLANE('',#4661);
#565=PLANE('',#4662);
#566=PLANE('',#4663);
#567=PLANE('',#4664);
#568=PLANE('',#4665);
#569=PLANE('',#4666);
#570=PLANE('',#4667);
#571=PLANE('',#4668);
#572=PLANE('',#4669);
#573=PLANE('',#4670);
#574=PLANE('',#4671);
#575=PLANE('',#4672);
#576=PLANE('',#4673);
#577=PLANE('',#4674);
#578=PLANE('',#4675);
#579=PLANE('',#4679);
#580=PLANE('',#4683);
#581=PLANE('',#4690);
#582=PLANE('',#4691);
#583=PLANE('',#4692);
#584=PLANE('',#4693);
#585=PLANE('',#4694);
#586=PLANE('',#4695);
#587=PLANE('',#4696);
#588=PLANE('',#4697);
#589=PLANE('',#4698);
#590=PLANE('',#4699);
#591=PLANE('',#4700);
#592=PLANE('',#4701);
#593=PLANE('',#4702);
#594=PLANE('',#4703);
#595=PLANE('',#4704);
#596=PLANE('',#4705);
#597=PLANE('',#4706);
#598=PLANE('',#4707);
#599=PLANE('',#4708);
#600=PLANE('',#4709);
#601=PLANE('',#4710);
#602=PLANE('',#4711);
#603=PLANE('',#4712);
#604=PLANE('',#4713);
#605=PLANE('',#4714);
#606=PLANE('',#4715);
#607=PLANE('',#4716);
#608=PLANE('',#4717);
#609=PLANE('',#4718);
#610=PLANE('',#4719);
#611=PLANE('',#4720);
#612=PLANE('',#4721);
#613=PLANE('',#4722);
#614=PLANE('',#4723);
#615=PLANE('',#4724);
#616=PLANE('',#4725);
#617=PLANE('',#4726);
#618=PLANE('',#4727);
#619=PLANE('',#4728);
#620=PLANE('',#4729);
#621=PLANE('',#4730);
#622=PLANE('',#4731);
#623=PLANE('',#4732);
#624=PLANE('',#4733);
#625=PLANE('',#4734);
#626=PLANE('',#4735);
#627=PLANE('',#4736);
#628=PLANE('',#4737);
#629=PLANE('',#4738);
#630=PLANE('',#4739);
#631=PLANE('',#4740);
#632=PLANE('',#4741);
#633=PLANE('',#4751);
#634=PLANE('',#4752);
#635=PLANE('',#4753);
#636=PLANE('',#4754);
#637=PLANE('',#4755);
#638=PLANE('',#4756);
#639=PLANE('',#4757);
#640=PLANE('',#4758);
#641=PLANE('',#4759);
#642=PLANE('',#4760);
#643=PLANE('',#4761);
#644=PLANE('',#4762);
#645=PLANE('',#4763);
#646=PLANE('',#4764);
#647=PLANE('',#4765);
#648=PLANE('',#4766);
#649=PLANE('',#4767);
#650=PLANE('',#4768);
#651=PLANE('',#4769);
#652=PLANE('',#4770);
#653=PLANE('',#4771);
#654=PLANE('',#4772);
#655=PLANE('',#4773);
#656=PLANE('',#4774);
#657=PLANE('',#4775);
#658=PLANE('',#4776);
#659=PLANE('',#4777);
#660=PLANE('',#4778);
#661=PLANE('',#4779);
#662=PLANE('',#4780);
#663=PLANE('',#4781);
#664=PLANE('',#4782);
#665=PLANE('',#4783);
#666=PLANE('',#4784);
#667=PLANE('',#4785);
#668=PLANE('',#4786);
#669=PLANE('',#4787);
#670=PLANE('',#4788);
#671=PLANE('',#4789);
#672=PLANE('',#4790);
#673=PLANE('',#4791);
#674=PLANE('',#4792);
#675=PLANE('',#4793);
#676=PLANE('',#4794);
#677=PLANE('',#4795);
#678=PLANE('',#4796);
#679=PLANE('',#4797);
#680=PLANE('',#4798);
#681=PLANE('',#4799);
#682=PLANE('',#4800);
#683=PLANE('',#4801);
#684=PLANE('',#4802);
#685=PLANE('',#4803);
#686=PLANE('',#4804);
#687=PLANE('',#4805);
#688=PLANE('',#4806);
#689=PLANE('',#4807);
#690=PLANE('',#4808);
#691=PLANE('',#4809);
#692=PLANE('',#4810);
#693=PLANE('',#4811);
#694=PLANE('',#4812);
#695=PLANE('',#4813);
#696=PLANE('',#4814);
#697=PLANE('',#4815);
#698=PLANE('',#4816);
#699=PLANE('',#4817);
#700=PLANE('',#4818);
#701=PLANE('',#4819);
#702=PLANE('',#4820);
#703=PLANE('',#4821);
#704=PLANE('',#4822);
#705=PLANE('',#4823);
#706=PLANE('',#4824);
#707=PLANE('',#4825);
#708=PLANE('',#4826);
#709=PLANE('',#4827);
#710=PLANE('',#4828);
#711=PLANE('',#4829);
#712=PLANE('',#4830);
#713=PLANE('',#4831);
#714=PLANE('',#4832);
#715=PLANE('',#4833);
#716=PLANE('',#4834);
#717=PLANE('',#4835);
#718=PLANE('',#4836);
#719=PLANE('',#4837);
#720=PLANE('',#4838);
#721=PLANE('',#4839);
#722=PLANE('',#4840);
#723=PLANE('',#4841);
#724=PLANE('',#4842);
#725=PLANE('',#4843);
#726=PLANE('',#4844);
#727=PLANE('',#4845);
#728=PLANE('',#4846);
#729=PLANE('',#4847);
#730=PLANE('',#4848);
#731=PLANE('',#4849);
#732=PLANE('',#4850);
#733=PLANE('',#4851);
#734=PLANE('',#4852);
#735=PLANE('',#4853);
#736=PLANE('',#4854);
#737=PLANE('',#4855);
#738=PLANE('',#4856);
#739=PLANE('',#4857);
#740=PLANE('',#4858);
#741=PLANE('',#4859);
#742=PLANE('',#4860);
#743=PLANE('',#4861);
#744=PLANE('',#4862);
#745=PLANE('',#4863);
#746=PLANE('',#4864);
#747=PLANE('',#4865);
#748=PLANE('',#4866);
#749=PLANE('',#4867);
#750=PLANE('',#4868);
#751=PLANE('',#4869);
#752=PLANE('',#4870);
#753=PLANE('',#4871);
#754=PLANE('',#4872);
#755=PLANE('',#4873);
#756=PLANE('',#4874);
#757=PLANE('',#4875);
#758=PLANE('',#4876);
#759=PLANE('',#4877);
#760=PLANE('',#4878);
#761=PLANE('',#4879);
#762=PLANE('',#4880);
#763=PLANE('',#4881);
#764=PLANE('',#4882);
#765=PLANE('',#4883);
#766=PLANE('',#4884);
#767=PLANE('',#4885);
#768=PLANE('',#4886);
#769=PLANE('',#4887);
#770=PLANE('',#4888);
#771=PLANE('',#4889);
#772=PLANE('',#4890);
#773=PLANE('',#4891);
#774=PLANE('',#4892);
#775=PLANE('',#4893);
#776=PLANE('',#4894);
#777=PLANE('',#4895);
#778=PLANE('',#4896);
#779=PLANE('',#4897);
#780=PLANE('',#4898);
#781=PLANE('',#4899);
#782=FACE_BOUND('',#791,.T.);
#783=FACE_BOUND('',#792,.T.);
#784=FACE_BOUND('',#793,.T.);
#785=FACE_BOUND('',#833,.T.);
#786=FACE_BOUND('',#834,.T.);
#787=FACE_BOUND('',#835,.T.);
#788=FACE_BOUND('',#836,.T.);
#789=FACE_BOUND('',#837,.T.);
#790=FACE_BOUND('',#838,.T.);
#791=EDGE_LOOP('',(#1044,#1045,#1046,#1047));
#792=EDGE_LOOP('',(#1048,#1049,#1050,#1051,#1052,#1053,#1054,#1055,#1056,
#1057,#1058,#1059,#1060,#1061,#1062,#1063,#1064,#1065,#1066,#1067,#1068,
#1069,#1070,#1071));
#793=EDGE_LOOP('',(#1072,#1073,#1074,#1075));
#794=EDGE_LOOP('',(#1076,#1077,#1078,#1079,#1080,#1081,#1082,#1083,#1084,
#1085,#1086,#1087,#1088,#1089,#1090,#1091,#1092,#1093,#1094,#1095,#1096,
#1097,#1098,#1099,#1100,#1101,#1102,#1103,#1104,#1105,#1106,#1107,#1108,
#1109));
#795=EDGE_LOOP('',(#1110,#1111,#1112,#1113));
#796=EDGE_LOOP('',(#1114,#1115,#1116,#1117));
#797=EDGE_LOOP('',(#1118,#1119,#1120,#1121));
#798=EDGE_LOOP('',(#1122,#1123,#1124,#1125));
#799=EDGE_LOOP('',(#1126,#1127,#1128,#1129));
#800=EDGE_LOOP('',(#1130,#1131,#1132,#1133,#1134,#1135,#1136,#1137,#1138,
#1139,#1140,#1141,#1142,#1143,#1144,#1145,#1146,#1147,#1148,#1149,#1150,
#1151,#1152,#1153));
#801=EDGE_LOOP('',(#1154,#1155,#1156,#1157,#1158,#1159,#1160,#1161,#1162,
#1163,#1164,#1165,#1166,#1167,#1168,#1169,#1170,#1171,#1172,#1173,#1174,
#1175,#1176,#1177,#1178,#1179,#1180,#1181));
#802=EDGE_LOOP('',(#1182,#1183,#1184,#1185));
#803=EDGE_LOOP('',(#1186,#1187,#1188,#1189));
#804=EDGE_LOOP('',(#1190,#1191,#1192,#1193));
#805=EDGE_LOOP('',(#1194,#1195,#1196,#1197));
#806=EDGE_LOOP('',(#1198,#1199,#1200,#1201));
#807=EDGE_LOOP('',(#1202,#1203,#1204,#1205));
#808=EDGE_LOOP('',(#1206,#1207,#1208,#1209));
#809=EDGE_LOOP('',(#1210,#1211,#1212,#1213));
#810=EDGE_LOOP('',(#1214,#1215,#1216,#1217));
#811=EDGE_LOOP('',(#1218,#1219,#1220,#1221));
#812=EDGE_LOOP('',(#1222,#1223,#1224,#1225));
#813=EDGE_LOOP('',(#1226,#1227,#1228,#1229));
#814=EDGE_LOOP('',(#1230,#1231,#1232,#1233,#1234,#1235,#1236,#1237,#1238,
#1239,#1240,#1241,#1242,#1243,#1244,#1245,#1246,#1247,#1248,#1249,#1250,
#1251,#1252,#1253,#1254,#1255,#1256,#1257,#1258,#1259,#1260,#1261,#1262,
#1263,#1264,#1265,#1266,#1267,#1268,#1269,#1270,#1271,#1272,#1273,#1274,
#1275,#1276,#1277,#1278,#1279,#1280,#1281,#1282,#1283));
#815=EDGE_LOOP('',(#1284,#1285,#1286,#1287));
#816=EDGE_LOOP('',(#1288,#1289,#1290,#1291));
#817=EDGE_LOOP('',(#1292,#1293,#1294,#1295));
#818=EDGE_LOOP('',(#1296,#1297,#1298,#1299));
#819=EDGE_LOOP('',(#1300,#1301,#1302,#1303,#1304,#1305,#1306,#1307,#1308,
#1309,#1310,#1311,#1312,#1313,#1314,#1315));
#820=EDGE_LOOP('',(#1316,#1317,#1318,#1319,#1320,#1321,#1322,#1323,#1324,
#1325,#1326,#1327));
#821=EDGE_LOOP('',(#1328,#1329,#1330,#1331));
#822=EDGE_LOOP('',(#1332,#1333,#1334,#1335));
#823=EDGE_LOOP('',(#1336,#1337,#1338,#1339));
#824=EDGE_LOOP('',(#1340,#1341,#1342,#1343));
#825=EDGE_LOOP('',(#1344,#1345,#1346,#1347));
#826=EDGE_LOOP('',(#1348,#1349,#1350,#1351));
#827=EDGE_LOOP('',(#1352,#1353,#1354,#1355));
#828=EDGE_LOOP('',(#1356,#1357,#1358,#1359));
#829=EDGE_LOOP('',(#1360,#1361,#1362,#1363));
#830=EDGE_LOOP('',(#1364,#1365,#1366,#1367));
#831=EDGE_LOOP('',(#1368,#1369,#1370,#1371));
#832=EDGE_LOOP('',(#1372,#1373,#1374,#1375));
#833=EDGE_LOOP('',(#1376,#1377,#1378,#1379,#1380,#1381,#1382,#1383,#1384,
#1385,#1386,#1387));
#834=EDGE_LOOP('',(#1388,#1389,#1390,#1391,#1392,#1393,#1394,#1395,#1396,
#1397,#1398,#1399));
#835=EDGE_LOOP('',(#1400,#1401,#1402,#1403,#1404,#1405,#1406,#1407,#1408,
#1409,#1410,#1411));
#836=EDGE_LOOP('',(#1412,#1413,#1414,#1415,#1416,#1417,#1418,#1419,#1420,
#1421,#1422,#1423));
#837=EDGE_LOOP('',(#1424,#1425,#1426,#1427,#1428,#1429,#1430,#1431,#1432,
#1433,#1434,#1435));
#838=EDGE_LOOP('',(#1436,#1437,#1438,#1439,#1440,#1441,#1442,#1443));
#839=EDGE_LOOP('',(#1444,#1445,#1446,#1447));
#840=EDGE_LOOP('',(#1448,#1449,#1450,#1451,#1452,#1453,#1454,#1455,#1456,
#1457,#1458,#1459));
#841=EDGE_LOOP('',(#1460,#1461,#1462,#1463,#1464,#1465));
#842=EDGE_LOOP('',(#1466,#1467,#1468,#1469,#1470,#1471));
#843=EDGE_LOOP('',(#1472,#1473,#1474,#1475));
#844=EDGE_LOOP('',(#1476,#1477,#1478,#1479));
#845=EDGE_LOOP('',(#1480,#1481,#1482,#1483));
#846=EDGE_LOOP('',(#1484,#1485,#1486,#1487));
#847=EDGE_LOOP('',(#1488,#1489,#1490,#1491));
#848=EDGE_LOOP('',(#1492,#1493,#1494,#1495));
#849=EDGE_LOOP('',(#1496,#1497,#1498,#1499));
#850=EDGE_LOOP('',(#1500,#1501,#1502,#1503));
#851=EDGE_LOOP('',(#1504,#1505,#1506,#1507));
#852=EDGE_LOOP('',(#1508,#1509,#1510,#1511));
#853=EDGE_LOOP('',(#1512,#1513,#1514,#1515));
#854=EDGE_LOOP('',(#1516,#1517,#1518,#1519));
#855=EDGE_LOOP('',(#1520,#1521,#1522,#1523));
#856=EDGE_LOOP('',(#1524,#1525,#1526,#1527,#1528,#1529,#1530,#1531,#1532,
#1533,#1534,#1535));
#857=EDGE_LOOP('',(#1536,#1537,#1538,#1539));
#858=EDGE_LOOP('',(#1540,#1541,#1542,#1543));
#859=EDGE_LOOP('',(#1544,#1545,#1546,#1547));
#860=EDGE_LOOP('',(#1548,#1549,#1550,#1551));
#861=EDGE_LOOP('',(#1552,#1553,#1554,#1555));
#862=EDGE_LOOP('',(#1556,#1557,#1558,#1559));
#863=EDGE_LOOP('',(#1560,#1561,#1562,#1563));
#864=EDGE_LOOP('',(#1564,#1565,#1566,#1567));
#865=EDGE_LOOP('',(#1568,#1569,#1570,#1571));
#866=EDGE_LOOP('',(#1572,#1573,#1574,#1575));
#867=EDGE_LOOP('',(#1576,#1577,#1578,#1579));
#868=EDGE_LOOP('',(#1580,#1581,#1582,#1583));
#869=EDGE_LOOP('',(#1584,#1585,#1586,#1587));
#870=EDGE_LOOP('',(#1588,#1589,#1590,#1591));
#871=EDGE_LOOP('',(#1592,#1593,#1594,#1595));
#872=EDGE_LOOP('',(#1596,#1597,#1598,#1599));
#873=EDGE_LOOP('',(#1600,#1601,#1602,#1603));
#874=EDGE_LOOP('',(#1604,#1605,#1606,#1607));
#875=EDGE_LOOP('',(#1608,#1609,#1610,#1611));
#876=EDGE_LOOP('',(#1612,#1613,#1614,#1615));
#877=EDGE_LOOP('',(#1616,#1617,#1618,#1619));
#878=EDGE_LOOP('',(#1620,#1621,#1622,#1623));
#879=EDGE_LOOP('',(#1624,#1625,#1626,#1627));
#880=EDGE_LOOP('',(#1628,#1629,#1630,#1631));
#881=EDGE_LOOP('',(#1632,#1633,#1634,#1635));
#882=EDGE_LOOP('',(#1636,#1637,#1638,#1639));
#883=EDGE_LOOP('',(#1640,#1641,#1642,#1643));
#884=EDGE_LOOP('',(#1644,#1645,#1646,#1647));
#885=EDGE_LOOP('',(#1648,#1649,#1650,#1651));
#886=EDGE_LOOP('',(#1652,#1653,#1654,#1655));
#887=EDGE_LOOP('',(#1656,#1657,#1658,#1659));
#888=EDGE_LOOP('',(#1660,#1661,#1662,#1663));
#889=EDGE_LOOP('',(#1664,#1665,#1666,#1667));
#890=EDGE_LOOP('',(#1668,#1669,#1670,#1671));
#891=EDGE_LOOP('',(#1672,#1673,#1674));
#892=EDGE_LOOP('',(#1675,#1676,#1677,#1678));
#893=EDGE_LOOP('',(#1679,#1680,#1681));
#894=EDGE_LOOP('',(#1682,#1683,#1684,#1685));
#895=EDGE_LOOP('',(#1686,#1687,#1688,#1689,#1690,#1691));
#896=EDGE_LOOP('',(#1692,#1693,#1694,#1695,#1696,#1697));
#897=EDGE_LOOP('',(#1698,#1699,#1700,#1701,#1702,#1703));
#898=EDGE_LOOP('',(#1704,#1705,#1706,#1707,#1708,#1709));
#899=EDGE_LOOP('',(#1710,#1711,#1712,#1713,#1714,#1715));
#900=EDGE_LOOP('',(#1716,#1717,#1718,#1719,#1720,#1721));
#901=EDGE_LOOP('',(#1722,#1723,#1724,#1725,#1726,#1727));
#902=EDGE_LOOP('',(#1728,#1729,#1730,#1731,#1732,#1733));
#903=EDGE_LOOP('',(#1734,#1735,#1736,#1737));
#904=EDGE_LOOP('',(#1738,#1739,#1740,#1741));
#905=EDGE_LOOP('',(#1742,#1743,#1744,#1745));
#906=EDGE_LOOP('',(#1746,#1747,#1748,#1749));
#907=EDGE_LOOP('',(#1750,#1751,#1752,#1753));
#908=EDGE_LOOP('',(#1754,#1755,#1756,#1757));
#909=EDGE_LOOP('',(#1758,#1759,#1760,#1761));
#910=EDGE_LOOP('',(#1762,#1763,#1764,#1765));
#911=EDGE_LOOP('',(#1766,#1767,#1768,#1769));
#912=EDGE_LOOP('',(#1770,#1771,#1772,#1773));
#913=EDGE_LOOP('',(#1774,#1775,#1776,#1777));
#914=EDGE_LOOP('',(#1778,#1779,#1780,#1781));
#915=EDGE_LOOP('',(#1782,#1783,#1784,#1785));
#916=EDGE_LOOP('',(#1786,#1787,#1788,#1789));
#917=EDGE_LOOP('',(#1790,#1791,#1792,#1793));
#918=EDGE_LOOP('',(#1794,#1795,#1796,#1797));
#919=EDGE_LOOP('',(#1798,#1799,#1800,#1801,#1802,#1803,#1804,#1805,#1806,
#1807,#1808,#1809));
#920=EDGE_LOOP('',(#1810,#1811,#1812,#1813));
#921=EDGE_LOOP('',(#1814,#1815,#1816,#1817));
#922=EDGE_LOOP('',(#1818,#1819,#1820,#1821));
#923=EDGE_LOOP('',(#1822,#1823,#1824,#1825));
#924=EDGE_LOOP('',(#1826,#1827,#1828,#1829));
#925=EDGE_LOOP('',(#1830,#1831,#1832,#1833));
#926=EDGE_LOOP('',(#1834,#1835,#1836,#1837));
#927=EDGE_LOOP('',(#1838,#1839,#1840,#1841));
#928=EDGE_LOOP('',(#1842,#1843,#1844,#1845));
#929=EDGE_LOOP('',(#1846,#1847,#1848,#1849));
#930=EDGE_LOOP('',(#1850,#1851,#1852,#1853));
#931=EDGE_LOOP('',(#1854,#1855,#1856,#1857));
#932=EDGE_LOOP('',(#1858,#1859,#1860,#1861,#1862,#1863,#1864,#1865,#1866,
#1867,#1868,#1869));
#933=EDGE_LOOP('',(#1870,#1871,#1872,#1873));
#934=EDGE_LOOP('',(#1874,#1875,#1876,#1877));
#935=EDGE_LOOP('',(#1878,#1879,#1880,#1881));
#936=EDGE_LOOP('',(#1882,#1883,#1884,#1885));
#937=EDGE_LOOP('',(#1886,#1887,#1888,#1889));
#938=EDGE_LOOP('',(#1890,#1891,#1892,#1893));
#939=EDGE_LOOP('',(#1894,#1895,#1896,#1897));
#940=EDGE_LOOP('',(#1898,#1899,#1900,#1901));
#941=EDGE_LOOP('',(#1902,#1903,#1904,#1905));
#942=EDGE_LOOP('',(#1906,#1907,#1908,#1909));
#943=EDGE_LOOP('',(#1910,#1911,#1912,#1913));
#944=EDGE_LOOP('',(#1914,#1915,#1916,#1917));
#945=EDGE_LOOP('',(#1918,#1919,#1920,#1921,#1922,#1923,#1924,#1925,#1926,
#1927,#1928,#1929));
#946=EDGE_LOOP('',(#1930,#1931,#1932,#1933));
#947=EDGE_LOOP('',(#1934,#1935,#1936,#1937));
#948=EDGE_LOOP('',(#1938,#1939,#1940,#1941));
#949=EDGE_LOOP('',(#1942,#1943,#1944,#1945));
#950=EDGE_LOOP('',(#1946,#1947,#1948,#1949));
#951=EDGE_LOOP('',(#1950,#1951,#1952,#1953));
#952=EDGE_LOOP('',(#1954,#1955,#1956,#1957));
#953=EDGE_LOOP('',(#1958,#1959,#1960,#1961));
#954=EDGE_LOOP('',(#1962,#1963,#1964,#1965));
#955=EDGE_LOOP('',(#1966,#1967,#1968,#1969));
#956=EDGE_LOOP('',(#1970,#1971,#1972,#1973));
#957=EDGE_LOOP('',(#1974,#1975,#1976,#1977));
#958=EDGE_LOOP('',(#1978,#1979,#1980,#1981,#1982,#1983,#1984,#1985,#1986,
#1987,#1988,#1989));
#959=EDGE_LOOP('',(#1990,#1991,#1992,#1993));
#960=EDGE_LOOP('',(#1994,#1995,#1996,#1997));
#961=EDGE_LOOP('',(#1998,#1999,#2000,#2001));
#962=EDGE_LOOP('',(#2002,#2003,#2004,#2005));
#963=EDGE_LOOP('',(#2006,#2007,#2008,#2009));
#964=EDGE_LOOP('',(#2010,#2011,#2012,#2013));
#965=EDGE_LOOP('',(#2014,#2015,#2016,#2017));
#966=EDGE_LOOP('',(#2018,#2019,#2020,#2021));
#967=EDGE_LOOP('',(#2022,#2023,#2024,#2025));
#968=EDGE_LOOP('',(#2026,#2027,#2028,#2029));
#969=EDGE_LOOP('',(#2030,#2031,#2032,#2033));
#970=EDGE_LOOP('',(#2034,#2035,#2036,#2037));
#971=EDGE_LOOP('',(#2038,#2039,#2040,#2041));
#972=EDGE_LOOP('',(#2042,#2043,#2044,#2045));
#973=EDGE_LOOP('',(#2046,#2047,#2048,#2049));
#974=EDGE_LOOP('',(#2050,#2051,#2052,#2053));
#975=EDGE_LOOP('',(#2054,#2055,#2056,#2057));
#976=EDGE_LOOP('',(#2058,#2059,#2060,#2061));
#977=EDGE_LOOP('',(#2062,#2063,#2064,#2065));
#978=EDGE_LOOP('',(#2066,#2067,#2068,#2069));
#979=EDGE_LOOP('',(#2070,#2071,#2072,#2073));
#980=EDGE_LOOP('',(#2074,#2075,#2076,#2077));
#981=EDGE_LOOP('',(#2078,#2079,#2080,#2081));
#982=EDGE_LOOP('',(#2082,#2083,#2084,#2085));
#983=EDGE_LOOP('',(#2086,#2087,#2088,#2089));
#984=EDGE_LOOP('',(#2090,#2091,#2092,#2093));
#985=EDGE_LOOP('',(#2094,#2095,#2096,#2097));
#986=EDGE_LOOP('',(#2098,#2099,#2100,#2101));
#987=EDGE_LOOP('',(#2102,#2103,#2104,#2105));
#988=EDGE_LOOP('',(#2106,#2107,#2108,#2109));
#989=EDGE_LOOP('',(#2110,#2111,#2112,#2113));
#990=EDGE_LOOP('',(#2114,#2115,#2116,#2117));
#991=EDGE_LOOP('',(#2118,#2119,#2120,#2121));
#992=EDGE_LOOP('',(#2122,#2123,#2124,#2125));
#993=EDGE_LOOP('',(#2126,#2127,#2128,#2129));
#994=EDGE_LOOP('',(#2130,#2131,#2132,#2133));
#995=EDGE_LOOP('',(#2134,#2135,#2136,#2137));
#996=EDGE_LOOP('',(#2138,#2139,#2140,#2141));
#997=EDGE_LOOP('',(#2142,#2143,#2144,#2145));
#998=EDGE_LOOP('',(#2146,#2147,#2148,#2149));
#999=EDGE_LOOP('',(#2150,#2151,#2152,#2153));
#1000=EDGE_LOOP('',(#2154,#2155,#2156,#2157));
#1001=EDGE_LOOP('',(#2158,#2159,#2160,#2161));
#1002=EDGE_LOOP('',(#2162,#2163,#2164,#2165));
#1003=EDGE_LOOP('',(#2166,#2167,#2168,#2169));
#1004=EDGE_LOOP('',(#2170,#2171,#2172,#2173));
#1005=EDGE_LOOP('',(#2174,#2175,#2176,#2177));
#1006=EDGE_LOOP('',(#2178,#2179,#2180,#2181));
#1007=EDGE_LOOP('',(#2182,#2183,#2184,#2185));
#1008=EDGE_LOOP('',(#2186,#2187,#2188,#2189));
#1009=EDGE_LOOP('',(#2190,#2191,#2192,#2193));
#1010=EDGE_LOOP('',(#2194,#2195,#2196,#2197));
#1011=EDGE_LOOP('',(#2198,#2199,#2200,#2201));
#1012=EDGE_LOOP('',(#2202,#2203,#2204,#2205));
#1013=EDGE_LOOP('',(#2206,#2207,#2208,#2209));
#1014=EDGE_LOOP('',(#2210,#2211,#2212,#2213));
#1015=EDGE_LOOP('',(#2214,#2215,#2216,#2217));
#1016=EDGE_LOOP('',(#2218,#2219,#2220,#2221));
#1017=EDGE_LOOP('',(#2222,#2223,#2224,#2225));
#1018=EDGE_LOOP('',(#2226,#2227,#2228,#2229));
#1019=EDGE_LOOP('',(#2230,#2231,#2232,#2233));
#1020=EDGE_LOOP('',(#2234,#2235,#2236,#2237));
#1021=EDGE_LOOP('',(#2238,#2239,#2240,#2241));
#1022=EDGE_LOOP('',(#2242,#2243,#2244,#2245));
#1023=EDGE_LOOP('',(#2246,#2247,#2248,#2249));
#1024=EDGE_LOOP('',(#2250,#2251,#2252,#2253));
#1025=EDGE_LOOP('',(#2254,#2255,#2256,#2257));
#1026=EDGE_LOOP('',(#2258,#2259,#2260,#2261));
#1027=EDGE_LOOP('',(#2262,#2263,#2264,#2265));
#1028=EDGE_LOOP('',(#2266,#2267,#2268,#2269));
#1029=EDGE_LOOP('',(#2270,#2271,#2272,#2273));
#1030=EDGE_LOOP('',(#2274,#2275,#2276,#2277));
#1031=EDGE_LOOP('',(#2278,#2279,#2280,#2281));
#1032=EDGE_LOOP('',(#2282,#2283,#2284,#2285));
#1033=EDGE_LOOP('',(#2286,#2287,#2288,#2289));
#1034=EDGE_LOOP('',(#2290,#2291,#2292,#2293));
#1035=EDGE_LOOP('',(#2294,#2295,#2296,#2297));
#1036=EDGE_LOOP('',(#2298,#2299,#2300,#2301));
#1037=EDGE_LOOP('',(#2302,#2303,#2304,#2305));
#1038=EDGE_LOOP('',(#2306,#2307,#2308,#2309));
#1039=EDGE_LOOP('',(#2310,#2311,#2312,#2313));
#1040=EDGE_LOOP('',(#2314,#2315,#2316,#2317));
#1041=EDGE_LOOP('',(#2318,#2319,#2320,#2321));
#1042=EDGE_LOOP('',(#2322,#2323,#2324,#2325));
#1043=EDGE_LOOP('',(#2326,#2327,#2328,#2329));
#1044=ORIENTED_EDGE('',*,*,#2736,.F.);
#1045=ORIENTED_EDGE('',*,*,#2737,.F.);
#1046=ORIENTED_EDGE('',*,*,#2738,.F.);
#1047=ORIENTED_EDGE('',*,*,#2739,.F.);
#1048=ORIENTED_EDGE('',*,*,#2740,.F.);
#1049=ORIENTED_EDGE('',*,*,#2741,.T.);
#1050=ORIENTED_EDGE('',*,*,#2742,.F.);
#1051=ORIENTED_EDGE('',*,*,#2743,.T.);
#1052=ORIENTED_EDGE('',*,*,#2744,.F.);
#1053=ORIENTED_EDGE('',*,*,#2745,.T.);
#1054=ORIENTED_EDGE('',*,*,#2746,.F.);
#1055=ORIENTED_EDGE('',*,*,#2747,.T.);
#1056=ORIENTED_EDGE('',*,*,#2748,.F.);
#1057=ORIENTED_EDGE('',*,*,#2749,.T.);
#1058=ORIENTED_EDGE('',*,*,#2750,.F.);
#1059=ORIENTED_EDGE('',*,*,#2751,.T.);
#1060=ORIENTED_EDGE('',*,*,#2752,.F.);
#1061=ORIENTED_EDGE('',*,*,#2753,.T.);
#1062=ORIENTED_EDGE('',*,*,#2754,.F.);
#1063=ORIENTED_EDGE('',*,*,#2755,.T.);
#1064=ORIENTED_EDGE('',*,*,#2756,.F.);
#1065=ORIENTED_EDGE('',*,*,#2757,.T.);
#1066=ORIENTED_EDGE('',*,*,#2758,.F.);
#1067=ORIENTED_EDGE('',*,*,#2759,.F.);
#1068=ORIENTED_EDGE('',*,*,#2760,.T.);
#1069=ORIENTED_EDGE('',*,*,#2761,.T.);
#1070=ORIENTED_EDGE('',*,*,#2762,.F.);
#1071=ORIENTED_EDGE('',*,*,#2763,.T.);
#1072=ORIENTED_EDGE('',*,*,#2764,.F.);
#1073=ORIENTED_EDGE('',*,*,#2765,.F.);
#1074=ORIENTED_EDGE('',*,*,#2766,.F.);
#1075=ORIENTED_EDGE('',*,*,#2767,.F.);
#1076=ORIENTED_EDGE('',*,*,#2768,.T.);
#1077=ORIENTED_EDGE('',*,*,#2769,.T.);
#1078=ORIENTED_EDGE('',*,*,#2770,.T.);
#1079=ORIENTED_EDGE('',*,*,#2771,.T.);
#1080=ORIENTED_EDGE('',*,*,#2772,.T.);
#1081=ORIENTED_EDGE('',*,*,#2773,.F.);
#1082=ORIENTED_EDGE('',*,*,#2774,.T.);
#1083=ORIENTED_EDGE('',*,*,#2775,.T.);
#1084=ORIENTED_EDGE('',*,*,#2776,.T.);
#1085=ORIENTED_EDGE('',*,*,#2777,.T.);
#1086=ORIENTED_EDGE('',*,*,#2778,.T.);
#1087=ORIENTED_EDGE('',*,*,#2779,.F.);
#1088=ORIENTED_EDGE('',*,*,#2780,.F.);
#1089=ORIENTED_EDGE('',*,*,#2781,.T.);
#1090=ORIENTED_EDGE('',*,*,#2782,.T.);
#1091=ORIENTED_EDGE('',*,*,#2783,.F.);
#1092=ORIENTED_EDGE('',*,*,#2784,.T.);
#1093=ORIENTED_EDGE('',*,*,#2785,.T.);
#1094=ORIENTED_EDGE('',*,*,#2786,.T.);
#1095=ORIENTED_EDGE('',*,*,#2787,.T.);
#1096=ORIENTED_EDGE('',*,*,#2788,.T.);
#1097=ORIENTED_EDGE('',*,*,#2789,.F.);
#1098=ORIENTED_EDGE('',*,*,#2790,.T.);
#1099=ORIENTED_EDGE('',*,*,#2791,.T.);
#1100=ORIENTED_EDGE('',*,*,#2792,.T.);
#1101=ORIENTED_EDGE('',*,*,#2793,.T.);
#1102=ORIENTED_EDGE('',*,*,#2794,.T.);
#1103=ORIENTED_EDGE('',*,*,#2795,.F.);
#1104=ORIENTED_EDGE('',*,*,#2796,.T.);
#1105=ORIENTED_EDGE('',*,*,#2797,.T.);
#1106=ORIENTED_EDGE('',*,*,#2798,.T.);
#1107=ORIENTED_EDGE('',*,*,#2799,.T.);
#1108=ORIENTED_EDGE('',*,*,#2800,.T.);
#1109=ORIENTED_EDGE('',*,*,#2801,.F.);
#1110=ORIENTED_EDGE('',*,*,#2802,.F.);
#1111=ORIENTED_EDGE('',*,*,#2803,.F.);
#1112=ORIENTED_EDGE('',*,*,#2804,.T.);
#1113=ORIENTED_EDGE('',*,*,#2773,.T.);
#1114=ORIENTED_EDGE('',*,*,#2805,.T.);
#1115=ORIENTED_EDGE('',*,*,#2801,.T.);
#1116=ORIENTED_EDGE('',*,*,#2806,.F.);
#1117=ORIENTED_EDGE('',*,*,#2807,.F.);
#1118=ORIENTED_EDGE('',*,*,#2808,.T.);
#1119=ORIENTED_EDGE('',*,*,#2795,.T.);
#1120=ORIENTED_EDGE('',*,*,#2809,.F.);
#1121=ORIENTED_EDGE('',*,*,#2810,.F.);
#1122=ORIENTED_EDGE('',*,*,#2811,.T.);
#1123=ORIENTED_EDGE('',*,*,#2789,.T.);
#1124=ORIENTED_EDGE('',*,*,#2812,.F.);
#1125=ORIENTED_EDGE('',*,*,#2813,.F.);
#1126=ORIENTED_EDGE('',*,*,#2814,.T.);
#1127=ORIENTED_EDGE('',*,*,#2783,.T.);
#1128=ORIENTED_EDGE('',*,*,#2815,.T.);
#1129=ORIENTED_EDGE('',*,*,#2816,.F.);
#1130=ORIENTED_EDGE('',*,*,#2742,.T.);
#1131=ORIENTED_EDGE('',*,*,#2817,.T.);
#1132=ORIENTED_EDGE('',*,*,#2818,.T.);
#1133=ORIENTED_EDGE('',*,*,#2819,.T.);
#1134=ORIENTED_EDGE('',*,*,#2762,.T.);
#1135=ORIENTED_EDGE('',*,*,#2820,.T.);
#1136=ORIENTED_EDGE('',*,*,#2781,.F.);
#1137=ORIENTED_EDGE('',*,*,#2821,.F.);
#1138=ORIENTED_EDGE('',*,*,#2758,.T.);
#1139=ORIENTED_EDGE('',*,*,#2822,.T.);
#1140=ORIENTED_EDGE('',*,*,#2823,.T.);
#1141=ORIENTED_EDGE('',*,*,#2824,.T.);
#1142=ORIENTED_EDGE('',*,*,#2754,.T.);
#1143=ORIENTED_EDGE('',*,*,#2825,.T.);
#1144=ORIENTED_EDGE('',*,*,#2826,.T.);
#1145=ORIENTED_EDGE('',*,*,#2827,.T.);
#1146=ORIENTED_EDGE('',*,*,#2750,.T.);
#1147=ORIENTED_EDGE('',*,*,#2828,.T.);
#1148=ORIENTED_EDGE('',*,*,#2829,.T.);
#1149=ORIENTED_EDGE('',*,*,#2830,.T.);
#1150=ORIENTED_EDGE('',*,*,#2746,.T.);
#1151=ORIENTED_EDGE('',*,*,#2831,.T.);
#1152=ORIENTED_EDGE('',*,*,#2832,.T.);
#1153=ORIENTED_EDGE('',*,*,#2833,.T.);
#1154=ORIENTED_EDGE('',*,*,#2834,.T.);
#1155=ORIENTED_EDGE('',*,*,#2835,.F.);
#1156=ORIENTED_EDGE('',*,*,#2836,.T.);
#1157=ORIENTED_EDGE('',*,*,#2837,.F.);
#1158=ORIENTED_EDGE('',*,*,#2838,.T.);
#1159=ORIENTED_EDGE('',*,*,#2839,.F.);
#1160=ORIENTED_EDGE('',*,*,#2840,.T.);
#1161=ORIENTED_EDGE('',*,*,#2841,.F.);
#1162=ORIENTED_EDGE('',*,*,#2842,.T.);
#1163=ORIENTED_EDGE('',*,*,#2843,.F.);
#1164=ORIENTED_EDGE('',*,*,#2844,.T.);
#1165=ORIENTED_EDGE('',*,*,#2845,.F.);
#1166=ORIENTED_EDGE('',*,*,#2846,.T.);
#1167=ORIENTED_EDGE('',*,*,#2847,.F.);
#1168=ORIENTED_EDGE('',*,*,#2848,.T.);
#1169=ORIENTED_EDGE('',*,*,#2849,.T.);
#1170=ORIENTED_EDGE('',*,*,#2850,.T.);
#1171=ORIENTED_EDGE('',*,*,#2851,.T.);
#1172=ORIENTED_EDGE('',*,*,#2852,.F.);
#1173=ORIENTED_EDGE('',*,*,#2853,.F.);
#1174=ORIENTED_EDGE('',*,*,#2854,.T.);
#1175=ORIENTED_EDGE('',*,*,#2855,.F.);
#1176=ORIENTED_EDGE('',*,*,#2856,.T.);
#1177=ORIENTED_EDGE('',*,*,#2857,.F.);
#1178=ORIENTED_EDGE('',*,*,#2858,.T.);
#1179=ORIENTED_EDGE('',*,*,#2859,.F.);
#1180=ORIENTED_EDGE('',*,*,#2860,.T.);
#1181=ORIENTED_EDGE('',*,*,#2861,.F.);
#1182=ORIENTED_EDGE('',*,*,#2862,.F.);
#1183=ORIENTED_EDGE('',*,*,#2863,.F.);
#1184=ORIENTED_EDGE('',*,*,#2864,.F.);
#1185=ORIENTED_EDGE('',*,*,#2865,.T.);
#1186=ORIENTED_EDGE('',*,*,#2866,.F.);
#1187=ORIENTED_EDGE('',*,*,#2867,.F.);
#1188=ORIENTED_EDGE('',*,*,#2868,.F.);
#1189=ORIENTED_EDGE('',*,*,#2863,.T.);
#1190=ORIENTED_EDGE('',*,*,#2869,.F.);
#1191=ORIENTED_EDGE('',*,*,#2846,.F.);
#1192=ORIENTED_EDGE('',*,*,#2870,.F.);
#1193=ORIENTED_EDGE('',*,*,#2867,.T.);
#1194=ORIENTED_EDGE('',*,*,#2871,.F.);
#1195=ORIENTED_EDGE('',*,*,#2872,.F.);
#1196=ORIENTED_EDGE('',*,*,#2873,.F.);
#1197=ORIENTED_EDGE('',*,*,#2874,.T.);
#1198=ORIENTED_EDGE('',*,*,#2875,.F.);
#1199=ORIENTED_EDGE('',*,*,#2876,.F.);
#1200=ORIENTED_EDGE('',*,*,#2877,.F.);
#1201=ORIENTED_EDGE('',*,*,#2872,.T.);
#1202=ORIENTED_EDGE('',*,*,#2878,.F.);
#1203=ORIENTED_EDGE('',*,*,#2842,.F.);
#1204=ORIENTED_EDGE('',*,*,#2879,.F.);
#1205=ORIENTED_EDGE('',*,*,#2876,.T.);
#1206=ORIENTED_EDGE('',*,*,#2880,.F.);
#1207=ORIENTED_EDGE('',*,*,#2881,.F.);
#1208=ORIENTED_EDGE('',*,*,#2882,.F.);
#1209=ORIENTED_EDGE('',*,*,#2883,.T.);
#1210=ORIENTED_EDGE('',*,*,#2884,.F.);
#1211=ORIENTED_EDGE('',*,*,#2885,.F.);
#1212=ORIENTED_EDGE('',*,*,#2886,.F.);
#1213=ORIENTED_EDGE('',*,*,#2881,.T.);
#1214=ORIENTED_EDGE('',*,*,#2887,.F.);
#1215=ORIENTED_EDGE('',*,*,#2838,.F.);
#1216=ORIENTED_EDGE('',*,*,#2888,.F.);
#1217=ORIENTED_EDGE('',*,*,#2885,.T.);
#1218=ORIENTED_EDGE('',*,*,#2889,.F.);
#1219=ORIENTED_EDGE('',*,*,#2890,.F.);
#1220=ORIENTED_EDGE('',*,*,#2891,.F.);
#1221=ORIENTED_EDGE('',*,*,#2892,.T.);
#1222=ORIENTED_EDGE('',*,*,#2893,.F.);
#1223=ORIENTED_EDGE('',*,*,#2894,.F.);
#1224=ORIENTED_EDGE('',*,*,#2895,.F.);
#1225=ORIENTED_EDGE('',*,*,#2890,.T.);
#1226=ORIENTED_EDGE('',*,*,#2896,.F.);
#1227=ORIENTED_EDGE('',*,*,#2834,.F.);
#1228=ORIENTED_EDGE('',*,*,#2897,.F.);
#1229=ORIENTED_EDGE('',*,*,#2894,.T.);
#1230=ORIENTED_EDGE('',*,*,#2865,.F.);
#1231=ORIENTED_EDGE('',*,*,#2898,.T.);
#1232=ORIENTED_EDGE('',*,*,#2899,.F.);
#1233=ORIENTED_EDGE('',*,*,#2900,.T.);
#1234=ORIENTED_EDGE('',*,*,#2874,.F.);
#1235=ORIENTED_EDGE('',*,*,#2901,.T.);
#1236=ORIENTED_EDGE('',*,*,#2902,.F.);
#1237=ORIENTED_EDGE('',*,*,#2903,.T.);
#1238=ORIENTED_EDGE('',*,*,#2883,.F.);
#1239=ORIENTED_EDGE('',*,*,#2904,.T.);
#1240=ORIENTED_EDGE('',*,*,#2905,.F.);
#1241=ORIENTED_EDGE('',*,*,#2906,.T.);
#1242=ORIENTED_EDGE('',*,*,#2892,.F.);
#1243=ORIENTED_EDGE('',*,*,#2907,.T.);
#1244=ORIENTED_EDGE('',*,*,#2908,.F.);
#1245=ORIENTED_EDGE('',*,*,#2909,.T.);
#1246=ORIENTED_EDGE('',*,*,#2910,.F.);
#1247=ORIENTED_EDGE('',*,*,#2911,.T.);
#1248=ORIENTED_EDGE('',*,*,#2912,.F.);
#1249=ORIENTED_EDGE('',*,*,#2913,.F.);
#1250=ORIENTED_EDGE('',*,*,#2914,.T.);
#1251=ORIENTED_EDGE('',*,*,#2915,.F.);
#1252=ORIENTED_EDGE('',*,*,#2916,.F.);
#1253=ORIENTED_EDGE('',*,*,#2917,.F.);
#1254=ORIENTED_EDGE('',*,*,#2918,.F.);
#1255=ORIENTED_EDGE('',*,*,#2919,.F.);
#1256=ORIENTED_EDGE('',*,*,#2803,.T.);
#1257=ORIENTED_EDGE('',*,*,#2920,.F.);
#1258=ORIENTED_EDGE('',*,*,#2921,.F.);
#1259=ORIENTED_EDGE('',*,*,#2922,.F.);
#1260=ORIENTED_EDGE('',*,*,#2923,.F.);
#1261=ORIENTED_EDGE('',*,*,#2924,.F.);
#1262=ORIENTED_EDGE('',*,*,#2807,.T.);
#1263=ORIENTED_EDGE('',*,*,#2925,.F.);
#1264=ORIENTED_EDGE('',*,*,#2926,.F.);
#1265=ORIENTED_EDGE('',*,*,#2927,.F.);
#1266=ORIENTED_EDGE('',*,*,#2928,.F.);
#1267=ORIENTED_EDGE('',*,*,#2929,.F.);
#1268=ORIENTED_EDGE('',*,*,#2810,.T.);
#1269=ORIENTED_EDGE('',*,*,#2930,.F.);
#1270=ORIENTED_EDGE('',*,*,#2931,.F.);
#1271=ORIENTED_EDGE('',*,*,#2932,.F.);
#1272=ORIENTED_EDGE('',*,*,#2933,.F.);
#1273=ORIENTED_EDGE('',*,*,#2934,.F.);
#1274=ORIENTED_EDGE('',*,*,#2813,.T.);
#1275=ORIENTED_EDGE('',*,*,#2935,.F.);
#1276=ORIENTED_EDGE('',*,*,#2936,.F.);
#1277=ORIENTED_EDGE('',*,*,#2937,.F.);
#1278=ORIENTED_EDGE('',*,*,#2938,.F.);
#1279=ORIENTED_EDGE('',*,*,#2939,.F.);
#1280=ORIENTED_EDGE('',*,*,#2816,.T.);
#1281=ORIENTED_EDGE('',*,*,#2940,.T.);
#1282=ORIENTED_EDGE('',*,*,#2941,.F.);
#1283=ORIENTED_EDGE('',*,*,#2942,.T.);
#1284=ORIENTED_EDGE('',*,*,#2943,.T.);
#1285=ORIENTED_EDGE('',*,*,#2905,.T.);
#1286=ORIENTED_EDGE('',*,*,#2944,.F.);
#1287=ORIENTED_EDGE('',*,*,#2836,.F.);
#1288=ORIENTED_EDGE('',*,*,#2945,.T.);
#1289=ORIENTED_EDGE('',*,*,#2902,.T.);
#1290=ORIENTED_EDGE('',*,*,#2946,.F.);
#1291=ORIENTED_EDGE('',*,*,#2840,.F.);
#1292=ORIENTED_EDGE('',*,*,#2947,.T.);
#1293=ORIENTED_EDGE('',*,*,#2899,.T.);
#1294=ORIENTED_EDGE('',*,*,#2948,.F.);
#1295=ORIENTED_EDGE('',*,*,#2844,.F.);
#1296=ORIENTED_EDGE('',*,*,#2949,.T.);
#1297=ORIENTED_EDGE('',*,*,#2941,.T.);
#1298=ORIENTED_EDGE('',*,*,#2950,.T.);
#1299=ORIENTED_EDGE('',*,*,#2848,.F.);
#1300=ORIENTED_EDGE('',*,*,#2854,.F.);
#1301=ORIENTED_EDGE('',*,*,#2951,.T.);
#1302=ORIENTED_EDGE('',*,*,#2952,.T.);
#1303=ORIENTED_EDGE('',*,*,#2953,.T.);
#1304=ORIENTED_EDGE('',*,*,#2850,.F.);
#1305=ORIENTED_EDGE('',*,*,#2954,.T.);
#1306=ORIENTED_EDGE('',*,*,#2955,.F.);
#1307=ORIENTED_EDGE('',*,*,#2956,.F.);
#1308=ORIENTED_EDGE('',*,*,#2957,.F.);
#1309=ORIENTED_EDGE('',*,*,#2958,.T.);
#1310=ORIENTED_EDGE('',*,*,#2760,.F.);
#1311=ORIENTED_EDGE('',*,*,#2959,.F.);
#1312=ORIENTED_EDGE('',*,*,#2960,.F.);
#1313=ORIENTED_EDGE('',*,*,#2961,.F.);
#1314=ORIENTED_EDGE('',*,*,#2962,.F.);
#1315=ORIENTED_EDGE('',*,*,#2963,.F.);
#1316=ORIENTED_EDGE('',*,*,#2964,.F.);
#1317=ORIENTED_EDGE('',*,*,#2965,.F.);
#1318=ORIENTED_EDGE('',*,*,#2966,.T.);
#1319=ORIENTED_EDGE('',*,*,#2954,.F.);
#1320=ORIENTED_EDGE('',*,*,#2849,.F.);
#1321=ORIENTED_EDGE('',*,*,#2950,.F.);
#1322=ORIENTED_EDGE('',*,*,#2940,.F.);
#1323=ORIENTED_EDGE('',*,*,#2815,.F.);
#1324=ORIENTED_EDGE('',*,*,#2782,.F.);
#1325=ORIENTED_EDGE('',*,*,#2820,.F.);
#1326=ORIENTED_EDGE('',*,*,#2761,.F.);
#1327=ORIENTED_EDGE('',*,*,#2958,.F.);
#1328=ORIENTED_EDGE('',*,*,#2967,.F.);
#1329=ORIENTED_EDGE('',*,*,#2914,.F.);
#1330=ORIENTED_EDGE('',*,*,#2968,.F.);
#1331=ORIENTED_EDGE('',*,*,#2779,.T.);
#1332=ORIENTED_EDGE('',*,*,#2969,.F.);
#1333=ORIENTED_EDGE('',*,*,#2910,.T.);
#1334=ORIENTED_EDGE('',*,*,#2970,.F.);
#1335=ORIENTED_EDGE('',*,*,#2971,.F.);
#1336=ORIENTED_EDGE('',*,*,#2972,.F.);
#1337=ORIENTED_EDGE('',*,*,#2971,.T.);
#1338=ORIENTED_EDGE('',*,*,#2973,.F.);
#1339=ORIENTED_EDGE('',*,*,#2974,.F.);
#1340=ORIENTED_EDGE('',*,*,#2975,.F.);
#1341=ORIENTED_EDGE('',*,*,#2974,.T.);
#1342=ORIENTED_EDGE('',*,*,#2976,.F.);
#1343=ORIENTED_EDGE('',*,*,#2858,.F.);
#1344=ORIENTED_EDGE('',*,*,#2977,.F.);
#1345=ORIENTED_EDGE('',*,*,#2856,.F.);
#1346=ORIENTED_EDGE('',*,*,#2978,.F.);
#1347=ORIENTED_EDGE('',*,*,#2912,.T.);
#1348=ORIENTED_EDGE('',*,*,#2979,.F.);
#1349=ORIENTED_EDGE('',*,*,#2980,.T.);
#1350=ORIENTED_EDGE('',*,*,#2981,.T.);
#1351=ORIENTED_EDGE('',*,*,#2982,.F.);
#1352=ORIENTED_EDGE('',*,*,#2981,.F.);
#1353=ORIENTED_EDGE('',*,*,#2983,.T.);
#1354=ORIENTED_EDGE('',*,*,#2984,.T.);
#1355=ORIENTED_EDGE('',*,*,#2985,.F.);
#1356=ORIENTED_EDGE('',*,*,#2984,.F.);
#1357=ORIENTED_EDGE('',*,*,#2986,.T.);
#1358=ORIENTED_EDGE('',*,*,#2987,.T.);
#1359=ORIENTED_EDGE('',*,*,#2988,.F.);
#1360=ORIENTED_EDGE('',*,*,#2987,.F.);
#1361=ORIENTED_EDGE('',*,*,#2989,.T.);
#1362=ORIENTED_EDGE('',*,*,#2990,.T.);
#1363=ORIENTED_EDGE('',*,*,#2991,.F.);
#1364=ORIENTED_EDGE('',*,*,#2990,.F.);
#1365=ORIENTED_EDGE('',*,*,#2992,.T.);
#1366=ORIENTED_EDGE('',*,*,#2993,.T.);
#1367=ORIENTED_EDGE('',*,*,#2994,.F.);
#1368=ORIENTED_EDGE('',*,*,#2993,.F.);
#1369=ORIENTED_EDGE('',*,*,#2995,.T.);
#1370=ORIENTED_EDGE('',*,*,#2853,.T.);
#1371=ORIENTED_EDGE('',*,*,#2996,.F.);
#1372=ORIENTED_EDGE('',*,*,#2851,.F.);
#1373=ORIENTED_EDGE('',*,*,#2997,.T.);
#1374=ORIENTED_EDGE('',*,*,#2979,.T.);
#1375=ORIENTED_EDGE('',*,*,#2998,.F.);
#1376=ORIENTED_EDGE('',*,*,#2999,.T.);
#1377=ORIENTED_EDGE('',*,*,#3000,.T.);
#1378=ORIENTED_EDGE('',*,*,#3001,.T.);
#1379=ORIENTED_EDGE('',*,*,#3002,.T.);
#1380=ORIENTED_EDGE('',*,*,#3003,.T.);
#1381=ORIENTED_EDGE('',*,*,#3004,.T.);
#1382=ORIENTED_EDGE('',*,*,#3005,.T.);
#1383=ORIENTED_EDGE('',*,*,#3006,.T.);
#1384=ORIENTED_EDGE('',*,*,#3007,.T.);
#1385=ORIENTED_EDGE('',*,*,#3008,.T.);
#1386=ORIENTED_EDGE('',*,*,#3009,.T.);
#1387=ORIENTED_EDGE('',*,*,#3010,.T.);
#1388=ORIENTED_EDGE('',*,*,#3011,.T.);
#1389=ORIENTED_EDGE('',*,*,#3012,.T.);
#1390=ORIENTED_EDGE('',*,*,#3013,.T.);
#1391=ORIENTED_EDGE('',*,*,#3014,.T.);
#1392=ORIENTED_EDGE('',*,*,#3015,.T.);
#1393=ORIENTED_EDGE('',*,*,#3016,.T.);
#1394=ORIENTED_EDGE('',*,*,#3017,.T.);
#1395=ORIENTED_EDGE('',*,*,#3018,.T.);
#1396=ORIENTED_EDGE('',*,*,#3019,.T.);
#1397=ORIENTED_EDGE('',*,*,#3020,.T.);
#1398=ORIENTED_EDGE('',*,*,#3021,.T.);
#1399=ORIENTED_EDGE('',*,*,#3022,.T.);
#1400=ORIENTED_EDGE('',*,*,#3023,.T.);
#1401=ORIENTED_EDGE('',*,*,#3024,.T.);
#1402=ORIENTED_EDGE('',*,*,#3025,.T.);
#1403=ORIENTED_EDGE('',*,*,#3026,.T.);
#1404=ORIENTED_EDGE('',*,*,#3027,.T.);
#1405=ORIENTED_EDGE('',*,*,#3028,.T.);
#1406=ORIENTED_EDGE('',*,*,#3029,.T.);
#1407=ORIENTED_EDGE('',*,*,#3030,.T.);
#1408=ORIENTED_EDGE('',*,*,#3031,.T.);
#1409=ORIENTED_EDGE('',*,*,#3032,.T.);
#1410=ORIENTED_EDGE('',*,*,#3033,.T.);
#1411=ORIENTED_EDGE('',*,*,#3034,.T.);
#1412=ORIENTED_EDGE('',*,*,#3035,.T.);
#1413=ORIENTED_EDGE('',*,*,#3036,.T.);
#1414=ORIENTED_EDGE('',*,*,#3037,.T.);
#1415=ORIENTED_EDGE('',*,*,#3038,.T.);
#1416=ORIENTED_EDGE('',*,*,#3039,.T.);
#1417=ORIENTED_EDGE('',*,*,#3040,.T.);
#1418=ORIENTED_EDGE('',*,*,#3041,.T.);
#1419=ORIENTED_EDGE('',*,*,#3042,.T.);
#1420=ORIENTED_EDGE('',*,*,#3043,.T.);
#1421=ORIENTED_EDGE('',*,*,#3044,.T.);
#1422=ORIENTED_EDGE('',*,*,#3045,.T.);
#1423=ORIENTED_EDGE('',*,*,#3046,.T.);
#1424=ORIENTED_EDGE('',*,*,#3047,.T.);
#1425=ORIENTED_EDGE('',*,*,#3048,.T.);
#1426=ORIENTED_EDGE('',*,*,#3049,.T.);
#1427=ORIENTED_EDGE('',*,*,#3050,.T.);
#1428=ORIENTED_EDGE('',*,*,#3051,.T.);
#1429=ORIENTED_EDGE('',*,*,#3052,.T.);
#1430=ORIENTED_EDGE('',*,*,#3053,.T.);
#1431=ORIENTED_EDGE('',*,*,#3054,.T.);
#1432=ORIENTED_EDGE('',*,*,#3055,.T.);
#1433=ORIENTED_EDGE('',*,*,#3056,.T.);
#1434=ORIENTED_EDGE('',*,*,#3057,.T.);
#1435=ORIENTED_EDGE('',*,*,#3058,.T.);
#1436=ORIENTED_EDGE('',*,*,#2982,.T.);
#1437=ORIENTED_EDGE('',*,*,#2985,.T.);
#1438=ORIENTED_EDGE('',*,*,#2988,.T.);
#1439=ORIENTED_EDGE('',*,*,#2991,.T.);
#1440=ORIENTED_EDGE('',*,*,#2994,.T.);
#1441=ORIENTED_EDGE('',*,*,#2996,.T.);
#1442=ORIENTED_EDGE('',*,*,#2852,.T.);
#1443=ORIENTED_EDGE('',*,*,#2998,.T.);
#1444=ORIENTED_EDGE('',*,*,#2908,.T.);
#1445=ORIENTED_EDGE('',*,*,#3059,.F.);
#1446=ORIENTED_EDGE('',*,*,#2860,.F.);
#1447=ORIENTED_EDGE('',*,*,#3060,.T.);
#1448=ORIENTED_EDGE('',*,*,#3061,.F.);
#1449=ORIENTED_EDGE('',*,*,#3062,.F.);
#1450=ORIENTED_EDGE('',*,*,#3063,.T.);
#1451=ORIENTED_EDGE('',*,*,#2959,.T.);
#1452=ORIENTED_EDGE('',*,*,#2759,.T.);
#1453=ORIENTED_EDGE('',*,*,#2821,.T.);
#1454=ORIENTED_EDGE('',*,*,#2780,.T.);
#1455=ORIENTED_EDGE('',*,*,#2968,.T.);
#1456=ORIENTED_EDGE('',*,*,#2913,.T.);
#1457=ORIENTED_EDGE('',*,*,#2978,.T.);
#1458=ORIENTED_EDGE('',*,*,#2855,.T.);
#1459=ORIENTED_EDGE('',*,*,#2963,.T.);
#1460=ORIENTED_EDGE('',*,*,#2970,.T.);
#1461=ORIENTED_EDGE('',*,*,#2909,.F.);
#1462=ORIENTED_EDGE('',*,*,#3060,.F.);
#1463=ORIENTED_EDGE('',*,*,#2859,.T.);
#1464=ORIENTED_EDGE('',*,*,#2976,.T.);
#1465=ORIENTED_EDGE('',*,*,#2973,.T.);
#1466=ORIENTED_EDGE('',*,*,#2969,.T.);
#1467=ORIENTED_EDGE('',*,*,#2972,.T.);
#1468=ORIENTED_EDGE('',*,*,#2975,.T.);
#1469=ORIENTED_EDGE('',*,*,#2857,.T.);
#1470=ORIENTED_EDGE('',*,*,#2977,.T.);
#1471=ORIENTED_EDGE('',*,*,#2911,.F.);
#1472=ORIENTED_EDGE('',*,*,#3064,.F.);
#1473=ORIENTED_EDGE('',*,*,#3065,.F.);
#1474=ORIENTED_EDGE('',*,*,#3066,.F.);
#1475=ORIENTED_EDGE('',*,*,#2756,.T.);
#1476=ORIENTED_EDGE('',*,*,#3067,.F.);
#1477=ORIENTED_EDGE('',*,*,#3068,.T.);
#1478=ORIENTED_EDGE('',*,*,#3069,.T.);
#1479=ORIENTED_EDGE('',*,*,#3070,.T.);
#1480=ORIENTED_EDGE('',*,*,#3069,.F.);
#1481=ORIENTED_EDGE('',*,*,#3071,.T.);
#1482=ORIENTED_EDGE('',*,*,#3072,.T.);
#1483=ORIENTED_EDGE('',*,*,#3073,.T.);
#1484=ORIENTED_EDGE('',*,*,#3072,.F.);
#1485=ORIENTED_EDGE('',*,*,#3074,.T.);
#1486=ORIENTED_EDGE('',*,*,#3075,.T.);
#1487=ORIENTED_EDGE('',*,*,#3076,.T.);
#1488=ORIENTED_EDGE('',*,*,#3075,.F.);
#1489=ORIENTED_EDGE('',*,*,#3077,.T.);
#1490=ORIENTED_EDGE('',*,*,#3078,.T.);
#1491=ORIENTED_EDGE('',*,*,#3079,.T.);
#1492=ORIENTED_EDGE('',*,*,#3078,.F.);
#1493=ORIENTED_EDGE('',*,*,#3080,.T.);
#1494=ORIENTED_EDGE('',*,*,#3081,.T.);
#1495=ORIENTED_EDGE('',*,*,#3082,.T.);
#1496=ORIENTED_EDGE('',*,*,#3081,.F.);
#1497=ORIENTED_EDGE('',*,*,#3083,.T.);
#1498=ORIENTED_EDGE('',*,*,#3084,.T.);
#1499=ORIENTED_EDGE('',*,*,#3085,.T.);
#1500=ORIENTED_EDGE('',*,*,#3084,.F.);
#1501=ORIENTED_EDGE('',*,*,#3086,.T.);
#1502=ORIENTED_EDGE('',*,*,#3087,.T.);
#1503=ORIENTED_EDGE('',*,*,#3088,.T.);
#1504=ORIENTED_EDGE('',*,*,#3087,.F.);
#1505=ORIENTED_EDGE('',*,*,#3089,.T.);
#1506=ORIENTED_EDGE('',*,*,#3090,.T.);
#1507=ORIENTED_EDGE('',*,*,#3091,.T.);
#1508=ORIENTED_EDGE('',*,*,#3090,.F.);
#1509=ORIENTED_EDGE('',*,*,#3092,.T.);
#1510=ORIENTED_EDGE('',*,*,#3093,.T.);
#1511=ORIENTED_EDGE('',*,*,#3094,.T.);
#1512=ORIENTED_EDGE('',*,*,#3093,.F.);
#1513=ORIENTED_EDGE('',*,*,#3095,.T.);
#1514=ORIENTED_EDGE('',*,*,#3096,.T.);
#1515=ORIENTED_EDGE('',*,*,#3097,.T.);
#1516=ORIENTED_EDGE('',*,*,#3096,.F.);
#1517=ORIENTED_EDGE('',*,*,#3098,.T.);
#1518=ORIENTED_EDGE('',*,*,#3099,.T.);
#1519=ORIENTED_EDGE('',*,*,#3100,.T.);
#1520=ORIENTED_EDGE('',*,*,#3099,.F.);
#1521=ORIENTED_EDGE('',*,*,#3101,.T.);
#1522=ORIENTED_EDGE('',*,*,#3067,.T.);
#1523=ORIENTED_EDGE('',*,*,#3102,.T.);
#1524=ORIENTED_EDGE('',*,*,#3070,.F.);
#1525=ORIENTED_EDGE('',*,*,#3073,.F.);
#1526=ORIENTED_EDGE('',*,*,#3076,.F.);
#1527=ORIENTED_EDGE('',*,*,#3079,.F.);
#1528=ORIENTED_EDGE('',*,*,#3082,.F.);
#1529=ORIENTED_EDGE('',*,*,#3085,.F.);
#1530=ORIENTED_EDGE('',*,*,#3088,.F.);
#1531=ORIENTED_EDGE('',*,*,#3091,.F.);
#1532=ORIENTED_EDGE('',*,*,#3094,.F.);
#1533=ORIENTED_EDGE('',*,*,#3097,.F.);
#1534=ORIENTED_EDGE('',*,*,#3100,.F.);
#1535=ORIENTED_EDGE('',*,*,#3102,.F.);
#1536=ORIENTED_EDGE('',*,*,#2918,.T.);
#1537=ORIENTED_EDGE('',*,*,#3103,.F.);
#1538=ORIENTED_EDGE('',*,*,#2775,.F.);
#1539=ORIENTED_EDGE('',*,*,#3104,.T.);
#1540=ORIENTED_EDGE('',*,*,#2917,.T.);
#1541=ORIENTED_EDGE('',*,*,#3105,.F.);
#1542=ORIENTED_EDGE('',*,*,#2776,.F.);
#1543=ORIENTED_EDGE('',*,*,#3103,.T.);
#1544=ORIENTED_EDGE('',*,*,#2916,.T.);
#1545=ORIENTED_EDGE('',*,*,#3106,.F.);
#1546=ORIENTED_EDGE('',*,*,#2777,.F.);
#1547=ORIENTED_EDGE('',*,*,#3105,.T.);
#1548=ORIENTED_EDGE('',*,*,#2915,.T.);
#1549=ORIENTED_EDGE('',*,*,#2967,.T.);
#1550=ORIENTED_EDGE('',*,*,#2778,.F.);
#1551=ORIENTED_EDGE('',*,*,#3106,.T.);
#1552=ORIENTED_EDGE('',*,*,#2919,.T.);
#1553=ORIENTED_EDGE('',*,*,#3104,.F.);
#1554=ORIENTED_EDGE('',*,*,#2774,.F.);
#1555=ORIENTED_EDGE('',*,*,#2804,.F.);
#1556=ORIENTED_EDGE('',*,*,#3107,.F.);
#1557=ORIENTED_EDGE('',*,*,#3054,.F.);
#1558=ORIENTED_EDGE('',*,*,#3108,.F.);
#1559=ORIENTED_EDGE('',*,*,#3080,.F.);
#1560=ORIENTED_EDGE('',*,*,#3108,.T.);
#1561=ORIENTED_EDGE('',*,*,#3053,.F.);
#1562=ORIENTED_EDGE('',*,*,#3109,.F.);
#1563=ORIENTED_EDGE('',*,*,#3083,.F.);
#1564=ORIENTED_EDGE('',*,*,#3107,.T.);
#1565=ORIENTED_EDGE('',*,*,#3077,.F.);
#1566=ORIENTED_EDGE('',*,*,#3110,.F.);
#1567=ORIENTED_EDGE('',*,*,#3055,.F.);
#1568=ORIENTED_EDGE('',*,*,#3109,.T.);
#1569=ORIENTED_EDGE('',*,*,#3052,.F.);
#1570=ORIENTED_EDGE('',*,*,#3111,.F.);
#1571=ORIENTED_EDGE('',*,*,#3086,.F.);
#1572=ORIENTED_EDGE('',*,*,#3110,.T.);
#1573=ORIENTED_EDGE('',*,*,#3074,.F.);
#1574=ORIENTED_EDGE('',*,*,#3112,.F.);
#1575=ORIENTED_EDGE('',*,*,#3056,.F.);
#1576=ORIENTED_EDGE('',*,*,#3111,.T.);
#1577=ORIENTED_EDGE('',*,*,#3051,.F.);
#1578=ORIENTED_EDGE('',*,*,#3113,.F.);
#1579=ORIENTED_EDGE('',*,*,#3089,.F.);
#1580=ORIENTED_EDGE('',*,*,#3112,.T.);
#1581=ORIENTED_EDGE('',*,*,#3071,.F.);
#1582=ORIENTED_EDGE('',*,*,#3114,.F.);
#1583=ORIENTED_EDGE('',*,*,#3057,.F.);
#1584=ORIENTED_EDGE('',*,*,#3113,.T.);
#1585=ORIENTED_EDGE('',*,*,#3050,.F.);
#1586=ORIENTED_EDGE('',*,*,#3115,.F.);
#1587=ORIENTED_EDGE('',*,*,#3092,.F.);
#1588=ORIENTED_EDGE('',*,*,#3114,.T.);
#1589=ORIENTED_EDGE('',*,*,#3068,.F.);
#1590=ORIENTED_EDGE('',*,*,#3116,.F.);
#1591=ORIENTED_EDGE('',*,*,#3058,.F.);
#1592=ORIENTED_EDGE('',*,*,#3115,.T.);
#1593=ORIENTED_EDGE('',*,*,#3049,.F.);
#1594=ORIENTED_EDGE('',*,*,#3117,.F.);
#1595=ORIENTED_EDGE('',*,*,#3095,.F.);
#1596=ORIENTED_EDGE('',*,*,#3116,.T.);
#1597=ORIENTED_EDGE('',*,*,#3101,.F.);
#1598=ORIENTED_EDGE('',*,*,#3118,.F.);
#1599=ORIENTED_EDGE('',*,*,#3047,.F.);
#1600=ORIENTED_EDGE('',*,*,#3117,.T.);
#1601=ORIENTED_EDGE('',*,*,#3048,.F.);
#1602=ORIENTED_EDGE('',*,*,#3118,.T.);
#1603=ORIENTED_EDGE('',*,*,#3098,.F.);
#1604=ORIENTED_EDGE('',*,*,#2755,.F.);
#1605=ORIENTED_EDGE('',*,*,#2824,.F.);
#1606=ORIENTED_EDGE('',*,*,#3119,.F.);
#1607=ORIENTED_EDGE('',*,*,#3064,.T.);
#1608=ORIENTED_EDGE('',*,*,#3119,.T.);
#1609=ORIENTED_EDGE('',*,*,#2823,.F.);
#1610=ORIENTED_EDGE('',*,*,#3120,.F.);
#1611=ORIENTED_EDGE('',*,*,#3065,.T.);
#1612=ORIENTED_EDGE('',*,*,#3120,.T.);
#1613=ORIENTED_EDGE('',*,*,#2822,.F.);
#1614=ORIENTED_EDGE('',*,*,#2757,.F.);
#1615=ORIENTED_EDGE('',*,*,#3066,.T.);
#1616=ORIENTED_EDGE('',*,*,#3121,.F.);
#1617=ORIENTED_EDGE('',*,*,#3122,.T.);
#1618=ORIENTED_EDGE('',*,*,#3061,.T.);
#1619=ORIENTED_EDGE('',*,*,#2962,.T.);
#1620=ORIENTED_EDGE('',*,*,#3123,.F.);
#1621=ORIENTED_EDGE('',*,*,#3124,.T.);
#1622=ORIENTED_EDGE('',*,*,#3121,.T.);
#1623=ORIENTED_EDGE('',*,*,#2961,.T.);
#1624=ORIENTED_EDGE('',*,*,#3063,.F.);
#1625=ORIENTED_EDGE('',*,*,#3125,.T.);
#1626=ORIENTED_EDGE('',*,*,#3123,.T.);
#1627=ORIENTED_EDGE('',*,*,#2960,.T.);
#1628=ORIENTED_EDGE('',*,*,#3126,.F.);
#1629=ORIENTED_EDGE('',*,*,#3127,.T.);
#1630=ORIENTED_EDGE('',*,*,#3128,.T.);
#1631=ORIENTED_EDGE('',*,*,#2956,.T.);
#1632=ORIENTED_EDGE('',*,*,#2966,.F.);
#1633=ORIENTED_EDGE('',*,*,#3129,.T.);
#1634=ORIENTED_EDGE('',*,*,#3126,.T.);
#1635=ORIENTED_EDGE('',*,*,#2955,.T.);
#1636=ORIENTED_EDGE('',*,*,#3128,.F.);
#1637=ORIENTED_EDGE('',*,*,#3130,.T.);
#1638=ORIENTED_EDGE('',*,*,#2964,.T.);
#1639=ORIENTED_EDGE('',*,*,#2957,.T.);
#1640=ORIENTED_EDGE('',*,*,#3130,.F.);
#1641=ORIENTED_EDGE('',*,*,#3127,.F.);
#1642=ORIENTED_EDGE('',*,*,#3129,.F.);
#1643=ORIENTED_EDGE('',*,*,#2965,.T.);
#1644=ORIENTED_EDGE('',*,*,#3122,.F.);
#1645=ORIENTED_EDGE('',*,*,#3124,.F.);
#1646=ORIENTED_EDGE('',*,*,#3125,.F.);
#1647=ORIENTED_EDGE('',*,*,#3062,.T.);
#1648=ORIENTED_EDGE('',*,*,#3131,.F.);
#1649=ORIENTED_EDGE('',*,*,#3132,.T.);
#1650=ORIENTED_EDGE('',*,*,#2736,.T.);
#1651=ORIENTED_EDGE('',*,*,#3133,.T.);
#1652=ORIENTED_EDGE('',*,*,#2738,.T.);
#1653=ORIENTED_EDGE('',*,*,#3134,.T.);
#1654=ORIENTED_EDGE('',*,*,#3135,.F.);
#1655=ORIENTED_EDGE('',*,*,#3136,.T.);
#1656=ORIENTED_EDGE('',*,*,#3135,.T.);
#1657=ORIENTED_EDGE('',*,*,#3137,.T.);
#1658=ORIENTED_EDGE('',*,*,#3131,.T.);
#1659=ORIENTED_EDGE('',*,*,#3138,.T.);
#1660=ORIENTED_EDGE('',*,*,#3134,.F.);
#1661=ORIENTED_EDGE('',*,*,#2737,.T.);
#1662=ORIENTED_EDGE('',*,*,#3132,.F.);
#1663=ORIENTED_EDGE('',*,*,#3137,.F.);
#1664=ORIENTED_EDGE('',*,*,#3133,.F.);
#1665=ORIENTED_EDGE('',*,*,#2739,.T.);
#1666=ORIENTED_EDGE('',*,*,#3136,.F.);
#1667=ORIENTED_EDGE('',*,*,#3138,.F.);
#1668=ORIENTED_EDGE('',*,*,#3139,.F.);
#1669=ORIENTED_EDGE('',*,*,#2980,.F.);
#1670=ORIENTED_EDGE('',*,*,#2997,.F.);
#1671=ORIENTED_EDGE('',*,*,#2953,.F.);
#1672=ORIENTED_EDGE('',*,*,#2983,.F.);
#1673=ORIENTED_EDGE('',*,*,#3139,.T.);
#1674=ORIENTED_EDGE('',*,*,#3140,.F.);
#1675=ORIENTED_EDGE('',*,*,#3141,.F.);
#1676=ORIENTED_EDGE('',*,*,#2986,.F.);
#1677=ORIENTED_EDGE('',*,*,#3140,.T.);
#1678=ORIENTED_EDGE('',*,*,#2952,.F.);
#1679=ORIENTED_EDGE('',*,*,#2989,.F.);
#1680=ORIENTED_EDGE('',*,*,#3141,.T.);
#1681=ORIENTED_EDGE('',*,*,#3142,.F.);
#1682=ORIENTED_EDGE('',*,*,#3142,.T.);
#1683=ORIENTED_EDGE('',*,*,#2951,.F.);
#1684=ORIENTED_EDGE('',*,*,#2995,.F.);
#1685=ORIENTED_EDGE('',*,*,#2992,.F.);
#1686=ORIENTED_EDGE('',*,*,#2891,.T.);
#1687=ORIENTED_EDGE('',*,*,#2895,.T.);
#1688=ORIENTED_EDGE('',*,*,#2897,.T.);
#1689=ORIENTED_EDGE('',*,*,#2861,.T.);
#1690=ORIENTED_EDGE('',*,*,#3059,.T.);
#1691=ORIENTED_EDGE('',*,*,#2907,.F.);
#1692=ORIENTED_EDGE('',*,*,#2882,.T.);
#1693=ORIENTED_EDGE('',*,*,#2886,.T.);
#1694=ORIENTED_EDGE('',*,*,#2888,.T.);
#1695=ORIENTED_EDGE('',*,*,#2837,.T.);
#1696=ORIENTED_EDGE('',*,*,#2944,.T.);
#1697=ORIENTED_EDGE('',*,*,#2904,.F.);
#1698=ORIENTED_EDGE('',*,*,#2873,.T.);
#1699=ORIENTED_EDGE('',*,*,#2877,.T.);
#1700=ORIENTED_EDGE('',*,*,#2879,.T.);
#1701=ORIENTED_EDGE('',*,*,#2841,.T.);
#1702=ORIENTED_EDGE('',*,*,#2946,.T.);
#1703=ORIENTED_EDGE('',*,*,#2901,.F.);
#1704=ORIENTED_EDGE('',*,*,#2864,.T.);
#1705=ORIENTED_EDGE('',*,*,#2868,.T.);
#1706=ORIENTED_EDGE('',*,*,#2870,.T.);
#1707=ORIENTED_EDGE('',*,*,#2845,.T.);
#1708=ORIENTED_EDGE('',*,*,#2948,.T.);
#1709=ORIENTED_EDGE('',*,*,#2898,.F.);
#1710=ORIENTED_EDGE('',*,*,#2889,.T.);
#1711=ORIENTED_EDGE('',*,*,#2906,.F.);
#1712=ORIENTED_EDGE('',*,*,#2943,.F.);
#1713=ORIENTED_EDGE('',*,*,#2835,.T.);
#1714=ORIENTED_EDGE('',*,*,#2896,.T.);
#1715=ORIENTED_EDGE('',*,*,#2893,.T.);
#1716=ORIENTED_EDGE('',*,*,#2880,.T.);
#1717=ORIENTED_EDGE('',*,*,#2903,.F.);
#1718=ORIENTED_EDGE('',*,*,#2945,.F.);
#1719=ORIENTED_EDGE('',*,*,#2839,.T.);
#1720=ORIENTED_EDGE('',*,*,#2887,.T.);
#1721=ORIENTED_EDGE('',*,*,#2884,.T.);
#1722=ORIENTED_EDGE('',*,*,#2871,.T.);
#1723=ORIENTED_EDGE('',*,*,#2900,.F.);
#1724=ORIENTED_EDGE('',*,*,#2947,.F.);
#1725=ORIENTED_EDGE('',*,*,#2843,.T.);
#1726=ORIENTED_EDGE('',*,*,#2878,.T.);
#1727=ORIENTED_EDGE('',*,*,#2875,.T.);
#1728=ORIENTED_EDGE('',*,*,#2862,.T.);
#1729=ORIENTED_EDGE('',*,*,#2942,.F.);
#1730=ORIENTED_EDGE('',*,*,#2949,.F.);
#1731=ORIENTED_EDGE('',*,*,#2847,.T.);
#1732=ORIENTED_EDGE('',*,*,#2869,.T.);
#1733=ORIENTED_EDGE('',*,*,#2866,.T.);
#1734=ORIENTED_EDGE('',*,*,#3143,.T.);
#1735=ORIENTED_EDGE('',*,*,#3144,.T.);
#1736=ORIENTED_EDGE('',*,*,#3145,.T.);
#1737=ORIENTED_EDGE('',*,*,#2740,.T.);
#1738=ORIENTED_EDGE('',*,*,#3146,.T.);
#1739=ORIENTED_EDGE('',*,*,#3147,.T.);
#1740=ORIENTED_EDGE('',*,*,#3148,.T.);
#1741=ORIENTED_EDGE('',*,*,#2744,.T.);
#1742=ORIENTED_EDGE('',*,*,#3149,.T.);
#1743=ORIENTED_EDGE('',*,*,#3150,.T.);
#1744=ORIENTED_EDGE('',*,*,#3151,.T.);
#1745=ORIENTED_EDGE('',*,*,#2748,.T.);
#1746=ORIENTED_EDGE('',*,*,#3152,.T.);
#1747=ORIENTED_EDGE('',*,*,#3153,.T.);
#1748=ORIENTED_EDGE('',*,*,#3154,.T.);
#1749=ORIENTED_EDGE('',*,*,#2752,.T.);
#1750=ORIENTED_EDGE('',*,*,#3155,.T.);
#1751=ORIENTED_EDGE('',*,*,#3156,.T.);
#1752=ORIENTED_EDGE('',*,*,#3157,.F.);
#1753=ORIENTED_EDGE('',*,*,#3158,.F.);
#1754=ORIENTED_EDGE('',*,*,#3157,.T.);
#1755=ORIENTED_EDGE('',*,*,#3159,.T.);
#1756=ORIENTED_EDGE('',*,*,#3160,.F.);
#1757=ORIENTED_EDGE('',*,*,#3161,.F.);
#1758=ORIENTED_EDGE('',*,*,#3160,.T.);
#1759=ORIENTED_EDGE('',*,*,#3162,.T.);
#1760=ORIENTED_EDGE('',*,*,#3163,.F.);
#1761=ORIENTED_EDGE('',*,*,#3164,.F.);
#1762=ORIENTED_EDGE('',*,*,#3163,.T.);
#1763=ORIENTED_EDGE('',*,*,#3165,.T.);
#1764=ORIENTED_EDGE('',*,*,#3166,.F.);
#1765=ORIENTED_EDGE('',*,*,#3167,.F.);
#1766=ORIENTED_EDGE('',*,*,#3166,.T.);
#1767=ORIENTED_EDGE('',*,*,#3168,.T.);
#1768=ORIENTED_EDGE('',*,*,#3169,.F.);
#1769=ORIENTED_EDGE('',*,*,#3170,.F.);
#1770=ORIENTED_EDGE('',*,*,#3169,.T.);
#1771=ORIENTED_EDGE('',*,*,#3171,.T.);
#1772=ORIENTED_EDGE('',*,*,#3172,.F.);
#1773=ORIENTED_EDGE('',*,*,#3173,.F.);
#1774=ORIENTED_EDGE('',*,*,#3172,.T.);
#1775=ORIENTED_EDGE('',*,*,#3174,.T.);
#1776=ORIENTED_EDGE('',*,*,#3175,.F.);
#1777=ORIENTED_EDGE('',*,*,#3176,.F.);
#1778=ORIENTED_EDGE('',*,*,#3175,.T.);
#1779=ORIENTED_EDGE('',*,*,#3177,.T.);
#1780=ORIENTED_EDGE('',*,*,#3178,.F.);
#1781=ORIENTED_EDGE('',*,*,#3179,.F.);
#1782=ORIENTED_EDGE('',*,*,#3178,.T.);
#1783=ORIENTED_EDGE('',*,*,#3180,.T.);
#1784=ORIENTED_EDGE('',*,*,#3181,.F.);
#1785=ORIENTED_EDGE('',*,*,#3182,.F.);
#1786=ORIENTED_EDGE('',*,*,#3181,.T.);
#1787=ORIENTED_EDGE('',*,*,#3183,.T.);
#1788=ORIENTED_EDGE('',*,*,#3184,.F.);
#1789=ORIENTED_EDGE('',*,*,#3185,.F.);
#1790=ORIENTED_EDGE('',*,*,#3184,.T.);
#1791=ORIENTED_EDGE('',*,*,#3186,.T.);
#1792=ORIENTED_EDGE('',*,*,#3187,.F.);
#1793=ORIENTED_EDGE('',*,*,#3188,.F.);
#1794=ORIENTED_EDGE('',*,*,#3187,.T.);
#1795=ORIENTED_EDGE('',*,*,#3189,.T.);
#1796=ORIENTED_EDGE('',*,*,#3155,.F.);
#1797=ORIENTED_EDGE('',*,*,#3190,.F.);
#1798=ORIENTED_EDGE('',*,*,#3158,.T.);
#1799=ORIENTED_EDGE('',*,*,#3161,.T.);
#1800=ORIENTED_EDGE('',*,*,#3164,.T.);
#1801=ORIENTED_EDGE('',*,*,#3167,.T.);
#1802=ORIENTED_EDGE('',*,*,#3170,.T.);
#1803=ORIENTED_EDGE('',*,*,#3173,.T.);
#1804=ORIENTED_EDGE('',*,*,#3176,.T.);
#1805=ORIENTED_EDGE('',*,*,#3179,.T.);
#1806=ORIENTED_EDGE('',*,*,#3182,.T.);
#1807=ORIENTED_EDGE('',*,*,#3185,.T.);
#1808=ORIENTED_EDGE('',*,*,#3188,.T.);
#1809=ORIENTED_EDGE('',*,*,#3190,.T.);
#1810=ORIENTED_EDGE('',*,*,#3191,.T.);
#1811=ORIENTED_EDGE('',*,*,#3192,.T.);
#1812=ORIENTED_EDGE('',*,*,#3193,.F.);
#1813=ORIENTED_EDGE('',*,*,#3194,.F.);
#1814=ORIENTED_EDGE('',*,*,#3193,.T.);
#1815=ORIENTED_EDGE('',*,*,#3195,.T.);
#1816=ORIENTED_EDGE('',*,*,#3196,.F.);
#1817=ORIENTED_EDGE('',*,*,#3197,.F.);
#1818=ORIENTED_EDGE('',*,*,#3196,.T.);
#1819=ORIENTED_EDGE('',*,*,#3198,.T.);
#1820=ORIENTED_EDGE('',*,*,#3199,.F.);
#1821=ORIENTED_EDGE('',*,*,#3200,.F.);
#1822=ORIENTED_EDGE('',*,*,#3199,.T.);
#1823=ORIENTED_EDGE('',*,*,#3201,.T.);
#1824=ORIENTED_EDGE('',*,*,#3202,.F.);
#1825=ORIENTED_EDGE('',*,*,#3203,.F.);
#1826=ORIENTED_EDGE('',*,*,#3202,.T.);
#1827=ORIENTED_EDGE('',*,*,#3204,.T.);
#1828=ORIENTED_EDGE('',*,*,#3205,.F.);
#1829=ORIENTED_EDGE('',*,*,#3206,.F.);
#1830=ORIENTED_EDGE('',*,*,#3205,.T.);
#1831=ORIENTED_EDGE('',*,*,#3207,.T.);
#1832=ORIENTED_EDGE('',*,*,#3208,.F.);
#1833=ORIENTED_EDGE('',*,*,#3209,.F.);
#1834=ORIENTED_EDGE('',*,*,#3208,.T.);
#1835=ORIENTED_EDGE('',*,*,#3210,.T.);
#1836=ORIENTED_EDGE('',*,*,#3211,.F.);
#1837=ORIENTED_EDGE('',*,*,#3212,.F.);
#1838=ORIENTED_EDGE('',*,*,#3211,.T.);
#1839=ORIENTED_EDGE('',*,*,#3213,.T.);
#1840=ORIENTED_EDGE('',*,*,#3214,.F.);
#1841=ORIENTED_EDGE('',*,*,#3215,.F.);
#1842=ORIENTED_EDGE('',*,*,#3214,.T.);
#1843=ORIENTED_EDGE('',*,*,#3216,.T.);
#1844=ORIENTED_EDGE('',*,*,#3217,.F.);
#1845=ORIENTED_EDGE('',*,*,#3218,.F.);
#1846=ORIENTED_EDGE('',*,*,#3217,.T.);
#1847=ORIENTED_EDGE('',*,*,#3219,.T.);
#1848=ORIENTED_EDGE('',*,*,#3220,.F.);
#1849=ORIENTED_EDGE('',*,*,#3221,.F.);
#1850=ORIENTED_EDGE('',*,*,#3220,.T.);
#1851=ORIENTED_EDGE('',*,*,#3222,.T.);
#1852=ORIENTED_EDGE('',*,*,#3223,.F.);
#1853=ORIENTED_EDGE('',*,*,#3224,.F.);
#1854=ORIENTED_EDGE('',*,*,#3223,.T.);
#1855=ORIENTED_EDGE('',*,*,#3225,.T.);
#1856=ORIENTED_EDGE('',*,*,#3191,.F.);
#1857=ORIENTED_EDGE('',*,*,#3226,.F.);
#1858=ORIENTED_EDGE('',*,*,#3194,.T.);
#1859=ORIENTED_EDGE('',*,*,#3197,.T.);
#1860=ORIENTED_EDGE('',*,*,#3200,.T.);
#1861=ORIENTED_EDGE('',*,*,#3203,.T.);
#1862=ORIENTED_EDGE('',*,*,#3206,.T.);
#1863=ORIENTED_EDGE('',*,*,#3209,.T.);
#1864=ORIENTED_EDGE('',*,*,#3212,.T.);
#1865=ORIENTED_EDGE('',*,*,#3215,.T.);
#1866=ORIENTED_EDGE('',*,*,#3218,.T.);
#1867=ORIENTED_EDGE('',*,*,#3221,.T.);
#1868=ORIENTED_EDGE('',*,*,#3224,.T.);
#1869=ORIENTED_EDGE('',*,*,#3226,.T.);
#1870=ORIENTED_EDGE('',*,*,#3227,.T.);
#1871=ORIENTED_EDGE('',*,*,#3228,.T.);
#1872=ORIENTED_EDGE('',*,*,#3229,.F.);
#1873=ORIENTED_EDGE('',*,*,#3230,.F.);
#1874=ORIENTED_EDGE('',*,*,#3229,.T.);
#1875=ORIENTED_EDGE('',*,*,#3231,.T.);
#1876=ORIENTED_EDGE('',*,*,#3232,.F.);
#1877=ORIENTED_EDGE('',*,*,#3233,.F.);
#1878=ORIENTED_EDGE('',*,*,#3232,.T.);
#1879=ORIENTED_EDGE('',*,*,#3234,.T.);
#1880=ORIENTED_EDGE('',*,*,#3235,.F.);
#1881=ORIENTED_EDGE('',*,*,#3236,.F.);
#1882=ORIENTED_EDGE('',*,*,#3235,.T.);
#1883=ORIENTED_EDGE('',*,*,#3237,.T.);
#1884=ORIENTED_EDGE('',*,*,#3238,.F.);
#1885=ORIENTED_EDGE('',*,*,#3239,.F.);
#1886=ORIENTED_EDGE('',*,*,#3238,.T.);
#1887=ORIENTED_EDGE('',*,*,#3240,.T.);
#1888=ORIENTED_EDGE('',*,*,#3241,.F.);
#1889=ORIENTED_EDGE('',*,*,#3242,.F.);
#1890=ORIENTED_EDGE('',*,*,#3241,.T.);
#1891=ORIENTED_EDGE('',*,*,#3243,.T.);
#1892=ORIENTED_EDGE('',*,*,#3244,.F.);
#1893=ORIENTED_EDGE('',*,*,#3245,.F.);
#1894=ORIENTED_EDGE('',*,*,#3244,.T.);
#1895=ORIENTED_EDGE('',*,*,#3246,.T.);
#1896=ORIENTED_EDGE('',*,*,#3247,.F.);
#1897=ORIENTED_EDGE('',*,*,#3248,.F.);
#1898=ORIENTED_EDGE('',*,*,#3247,.T.);
#1899=ORIENTED_EDGE('',*,*,#3249,.T.);
#1900=ORIENTED_EDGE('',*,*,#3250,.F.);
#1901=ORIENTED_EDGE('',*,*,#3251,.F.);
#1902=ORIENTED_EDGE('',*,*,#3250,.T.);
#1903=ORIENTED_EDGE('',*,*,#3252,.T.);
#1904=ORIENTED_EDGE('',*,*,#3253,.F.);
#1905=ORIENTED_EDGE('',*,*,#3254,.F.);
#1906=ORIENTED_EDGE('',*,*,#3253,.T.);
#1907=ORIENTED_EDGE('',*,*,#3255,.T.);
#1908=ORIENTED_EDGE('',*,*,#3256,.F.);
#1909=ORIENTED_EDGE('',*,*,#3257,.F.);
#1910=ORIENTED_EDGE('',*,*,#3256,.T.);
#1911=ORIENTED_EDGE('',*,*,#3258,.T.);
#1912=ORIENTED_EDGE('',*,*,#3259,.F.);
#1913=ORIENTED_EDGE('',*,*,#3260,.F.);
#1914=ORIENTED_EDGE('',*,*,#3259,.T.);
#1915=ORIENTED_EDGE('',*,*,#3261,.T.);
#1916=ORIENTED_EDGE('',*,*,#3227,.F.);
#1917=ORIENTED_EDGE('',*,*,#3262,.F.);
#1918=ORIENTED_EDGE('',*,*,#3230,.T.);
#1919=ORIENTED_EDGE('',*,*,#3233,.T.);
#1920=ORIENTED_EDGE('',*,*,#3236,.T.);
#1921=ORIENTED_EDGE('',*,*,#3239,.T.);
#1922=ORIENTED_EDGE('',*,*,#3242,.T.);
#1923=ORIENTED_EDGE('',*,*,#3245,.T.);
#1924=ORIENTED_EDGE('',*,*,#3248,.T.);
#1925=ORIENTED_EDGE('',*,*,#3251,.T.);
#1926=ORIENTED_EDGE('',*,*,#3254,.T.);
#1927=ORIENTED_EDGE('',*,*,#3257,.T.);
#1928=ORIENTED_EDGE('',*,*,#3260,.T.);
#1929=ORIENTED_EDGE('',*,*,#3262,.T.);
#1930=ORIENTED_EDGE('',*,*,#3263,.T.);
#1931=ORIENTED_EDGE('',*,*,#3264,.T.);
#1932=ORIENTED_EDGE('',*,*,#3265,.F.);
#1933=ORIENTED_EDGE('',*,*,#3266,.F.);
#1934=ORIENTED_EDGE('',*,*,#3265,.T.);
#1935=ORIENTED_EDGE('',*,*,#3267,.T.);
#1936=ORIENTED_EDGE('',*,*,#3268,.F.);
#1937=ORIENTED_EDGE('',*,*,#3269,.F.);
#1938=ORIENTED_EDGE('',*,*,#3268,.T.);
#1939=ORIENTED_EDGE('',*,*,#3270,.T.);
#1940=ORIENTED_EDGE('',*,*,#3271,.F.);
#1941=ORIENTED_EDGE('',*,*,#3272,.F.);
#1942=ORIENTED_EDGE('',*,*,#3271,.T.);
#1943=ORIENTED_EDGE('',*,*,#3273,.T.);
#1944=ORIENTED_EDGE('',*,*,#3274,.F.);
#1945=ORIENTED_EDGE('',*,*,#3275,.F.);
#1946=ORIENTED_EDGE('',*,*,#3274,.T.);
#1947=ORIENTED_EDGE('',*,*,#3276,.T.);
#1948=ORIENTED_EDGE('',*,*,#3277,.F.);
#1949=ORIENTED_EDGE('',*,*,#3278,.F.);
#1950=ORIENTED_EDGE('',*,*,#3277,.T.);
#1951=ORIENTED_EDGE('',*,*,#3279,.T.);
#1952=ORIENTED_EDGE('',*,*,#3280,.F.);
#1953=ORIENTED_EDGE('',*,*,#3281,.F.);
#1954=ORIENTED_EDGE('',*,*,#3280,.T.);
#1955=ORIENTED_EDGE('',*,*,#3282,.T.);
#1956=ORIENTED_EDGE('',*,*,#3283,.F.);
#1957=ORIENTED_EDGE('',*,*,#3284,.F.);
#1958=ORIENTED_EDGE('',*,*,#3283,.T.);
#1959=ORIENTED_EDGE('',*,*,#3285,.T.);
#1960=ORIENTED_EDGE('',*,*,#3286,.F.);
#1961=ORIENTED_EDGE('',*,*,#3287,.F.);
#1962=ORIENTED_EDGE('',*,*,#3286,.T.);
#1963=ORIENTED_EDGE('',*,*,#3288,.T.);
#1964=ORIENTED_EDGE('',*,*,#3289,.F.);
#1965=ORIENTED_EDGE('',*,*,#3290,.F.);
#1966=ORIENTED_EDGE('',*,*,#3289,.T.);
#1967=ORIENTED_EDGE('',*,*,#3291,.T.);
#1968=ORIENTED_EDGE('',*,*,#3292,.F.);
#1969=ORIENTED_EDGE('',*,*,#3293,.F.);
#1970=ORIENTED_EDGE('',*,*,#3292,.T.);
#1971=ORIENTED_EDGE('',*,*,#3294,.T.);
#1972=ORIENTED_EDGE('',*,*,#3295,.F.);
#1973=ORIENTED_EDGE('',*,*,#3296,.F.);
#1974=ORIENTED_EDGE('',*,*,#3295,.T.);
#1975=ORIENTED_EDGE('',*,*,#3297,.T.);
#1976=ORIENTED_EDGE('',*,*,#3263,.F.);
#1977=ORIENTED_EDGE('',*,*,#3298,.F.);
#1978=ORIENTED_EDGE('',*,*,#3266,.T.);
#1979=ORIENTED_EDGE('',*,*,#3269,.T.);
#1980=ORIENTED_EDGE('',*,*,#3272,.T.);
#1981=ORIENTED_EDGE('',*,*,#3275,.T.);
#1982=ORIENTED_EDGE('',*,*,#3278,.T.);
#1983=ORIENTED_EDGE('',*,*,#3281,.T.);
#1984=ORIENTED_EDGE('',*,*,#3284,.T.);
#1985=ORIENTED_EDGE('',*,*,#3287,.T.);
#1986=ORIENTED_EDGE('',*,*,#3290,.T.);
#1987=ORIENTED_EDGE('',*,*,#3293,.T.);
#1988=ORIENTED_EDGE('',*,*,#3296,.T.);
#1989=ORIENTED_EDGE('',*,*,#3298,.T.);
#1990=ORIENTED_EDGE('',*,*,#2938,.T.);
#1991=ORIENTED_EDGE('',*,*,#3299,.T.);
#1992=ORIENTED_EDGE('',*,*,#2785,.F.);
#1993=ORIENTED_EDGE('',*,*,#3300,.F.);
#1994=ORIENTED_EDGE('',*,*,#2937,.T.);
#1995=ORIENTED_EDGE('',*,*,#3301,.T.);
#1996=ORIENTED_EDGE('',*,*,#2786,.F.);
#1997=ORIENTED_EDGE('',*,*,#3299,.F.);
#1998=ORIENTED_EDGE('',*,*,#2936,.T.);
#1999=ORIENTED_EDGE('',*,*,#3302,.T.);
#2000=ORIENTED_EDGE('',*,*,#2787,.F.);
#2001=ORIENTED_EDGE('',*,*,#3301,.F.);
#2002=ORIENTED_EDGE('',*,*,#2935,.T.);
#2003=ORIENTED_EDGE('',*,*,#2812,.T.);
#2004=ORIENTED_EDGE('',*,*,#2788,.F.);
#2005=ORIENTED_EDGE('',*,*,#3302,.F.);
#2006=ORIENTED_EDGE('',*,*,#2939,.T.);
#2007=ORIENTED_EDGE('',*,*,#3300,.T.);
#2008=ORIENTED_EDGE('',*,*,#2784,.F.);
#2009=ORIENTED_EDGE('',*,*,#2814,.F.);
#2010=ORIENTED_EDGE('',*,*,#2933,.T.);
#2011=ORIENTED_EDGE('',*,*,#3303,.T.);
#2012=ORIENTED_EDGE('',*,*,#2791,.F.);
#2013=ORIENTED_EDGE('',*,*,#3304,.F.);
#2014=ORIENTED_EDGE('',*,*,#2932,.T.);
#2015=ORIENTED_EDGE('',*,*,#3305,.T.);
#2016=ORIENTED_EDGE('',*,*,#2792,.F.);
#2017=ORIENTED_EDGE('',*,*,#3303,.F.);
#2018=ORIENTED_EDGE('',*,*,#2931,.T.);
#2019=ORIENTED_EDGE('',*,*,#3306,.T.);
#2020=ORIENTED_EDGE('',*,*,#2793,.F.);
#2021=ORIENTED_EDGE('',*,*,#3305,.F.);
#2022=ORIENTED_EDGE('',*,*,#2930,.T.);
#2023=ORIENTED_EDGE('',*,*,#2809,.T.);
#2024=ORIENTED_EDGE('',*,*,#2794,.F.);
#2025=ORIENTED_EDGE('',*,*,#3306,.F.);
#2026=ORIENTED_EDGE('',*,*,#2934,.T.);
#2027=ORIENTED_EDGE('',*,*,#3304,.T.);
#2028=ORIENTED_EDGE('',*,*,#2790,.F.);
#2029=ORIENTED_EDGE('',*,*,#2811,.F.);
#2030=ORIENTED_EDGE('',*,*,#2928,.T.);
#2031=ORIENTED_EDGE('',*,*,#3307,.T.);
#2032=ORIENTED_EDGE('',*,*,#2797,.F.);
#2033=ORIENTED_EDGE('',*,*,#3308,.F.);
#2034=ORIENTED_EDGE('',*,*,#2927,.T.);
#2035=ORIENTED_EDGE('',*,*,#3309,.T.);
#2036=ORIENTED_EDGE('',*,*,#2798,.F.);
#2037=ORIENTED_EDGE('',*,*,#3307,.F.);
#2038=ORIENTED_EDGE('',*,*,#2926,.T.);
#2039=ORIENTED_EDGE('',*,*,#3310,.T.);
#2040=ORIENTED_EDGE('',*,*,#2799,.F.);
#2041=ORIENTED_EDGE('',*,*,#3309,.F.);
#2042=ORIENTED_EDGE('',*,*,#2925,.T.);
#2043=ORIENTED_EDGE('',*,*,#2806,.T.);
#2044=ORIENTED_EDGE('',*,*,#2800,.F.);
#2045=ORIENTED_EDGE('',*,*,#3310,.F.);
#2046=ORIENTED_EDGE('',*,*,#2929,.T.);
#2047=ORIENTED_EDGE('',*,*,#3308,.T.);
#2048=ORIENTED_EDGE('',*,*,#2796,.F.);
#2049=ORIENTED_EDGE('',*,*,#2808,.F.);
#2050=ORIENTED_EDGE('',*,*,#2923,.T.);
#2051=ORIENTED_EDGE('',*,*,#3311,.T.);
#2052=ORIENTED_EDGE('',*,*,#2769,.F.);
#2053=ORIENTED_EDGE('',*,*,#3312,.F.);
#2054=ORIENTED_EDGE('',*,*,#2922,.T.);
#2055=ORIENTED_EDGE('',*,*,#3313,.T.);
#2056=ORIENTED_EDGE('',*,*,#2770,.F.);
#2057=ORIENTED_EDGE('',*,*,#3311,.F.);
#2058=ORIENTED_EDGE('',*,*,#2921,.T.);
#2059=ORIENTED_EDGE('',*,*,#3314,.T.);
#2060=ORIENTED_EDGE('',*,*,#2771,.F.);
#2061=ORIENTED_EDGE('',*,*,#3313,.F.);
#2062=ORIENTED_EDGE('',*,*,#2920,.T.);
#2063=ORIENTED_EDGE('',*,*,#2802,.T.);
#2064=ORIENTED_EDGE('',*,*,#2772,.F.);
#2065=ORIENTED_EDGE('',*,*,#3314,.F.);
#2066=ORIENTED_EDGE('',*,*,#2924,.T.);
#2067=ORIENTED_EDGE('',*,*,#3312,.T.);
#2068=ORIENTED_EDGE('',*,*,#2768,.F.);
#2069=ORIENTED_EDGE('',*,*,#2805,.F.);
#2070=ORIENTED_EDGE('',*,*,#3315,.F.);
#2071=ORIENTED_EDGE('',*,*,#3006,.F.);
#2072=ORIENTED_EDGE('',*,*,#3316,.F.);
#2073=ORIENTED_EDGE('',*,*,#3168,.F.);
#2074=ORIENTED_EDGE('',*,*,#3316,.T.);
#2075=ORIENTED_EDGE('',*,*,#3005,.F.);
#2076=ORIENTED_EDGE('',*,*,#3317,.F.);
#2077=ORIENTED_EDGE('',*,*,#3171,.F.);
#2078=ORIENTED_EDGE('',*,*,#3315,.T.);
#2079=ORIENTED_EDGE('',*,*,#3165,.F.);
#2080=ORIENTED_EDGE('',*,*,#3318,.F.);
#2081=ORIENTED_EDGE('',*,*,#3007,.F.);
#2082=ORIENTED_EDGE('',*,*,#3317,.T.);
#2083=ORIENTED_EDGE('',*,*,#3004,.F.);
#2084=ORIENTED_EDGE('',*,*,#3319,.F.);
#2085=ORIENTED_EDGE('',*,*,#3174,.F.);
#2086=ORIENTED_EDGE('',*,*,#3318,.T.);
#2087=ORIENTED_EDGE('',*,*,#3162,.F.);
#2088=ORIENTED_EDGE('',*,*,#3320,.F.);
#2089=ORIENTED_EDGE('',*,*,#3008,.F.);
#2090=ORIENTED_EDGE('',*,*,#3319,.T.);
#2091=ORIENTED_EDGE('',*,*,#3003,.F.);
#2092=ORIENTED_EDGE('',*,*,#3321,.F.);
#2093=ORIENTED_EDGE('',*,*,#3177,.F.);
#2094=ORIENTED_EDGE('',*,*,#3320,.T.);
#2095=ORIENTED_EDGE('',*,*,#3159,.F.);
#2096=ORIENTED_EDGE('',*,*,#3322,.F.);
#2097=ORIENTED_EDGE('',*,*,#3009,.F.);
#2098=ORIENTED_EDGE('',*,*,#3321,.T.);
#2099=ORIENTED_EDGE('',*,*,#3002,.F.);
#2100=ORIENTED_EDGE('',*,*,#3323,.F.);
#2101=ORIENTED_EDGE('',*,*,#3180,.F.);
#2102=ORIENTED_EDGE('',*,*,#3322,.T.);
#2103=ORIENTED_EDGE('',*,*,#3156,.F.);
#2104=ORIENTED_EDGE('',*,*,#3324,.F.);
#2105=ORIENTED_EDGE('',*,*,#3010,.F.);
#2106=ORIENTED_EDGE('',*,*,#3323,.T.);
#2107=ORIENTED_EDGE('',*,*,#3001,.F.);
#2108=ORIENTED_EDGE('',*,*,#3325,.F.);
#2109=ORIENTED_EDGE('',*,*,#3183,.F.);
#2110=ORIENTED_EDGE('',*,*,#3324,.T.);
#2111=ORIENTED_EDGE('',*,*,#3189,.F.);
#2112=ORIENTED_EDGE('',*,*,#3326,.F.);
#2113=ORIENTED_EDGE('',*,*,#2999,.F.);
#2114=ORIENTED_EDGE('',*,*,#3325,.T.);
#2115=ORIENTED_EDGE('',*,*,#3000,.F.);
#2116=ORIENTED_EDGE('',*,*,#3326,.T.);
#2117=ORIENTED_EDGE('',*,*,#3186,.F.);
#2118=ORIENTED_EDGE('',*,*,#3327,.F.);
#2119=ORIENTED_EDGE('',*,*,#3018,.F.);
#2120=ORIENTED_EDGE('',*,*,#3328,.F.);
#2121=ORIENTED_EDGE('',*,*,#3204,.F.);
#2122=ORIENTED_EDGE('',*,*,#3328,.T.);
#2123=ORIENTED_EDGE('',*,*,#3017,.F.);
#2124=ORIENTED_EDGE('',*,*,#3329,.F.);
#2125=ORIENTED_EDGE('',*,*,#3207,.F.);
#2126=ORIENTED_EDGE('',*,*,#3327,.T.);
#2127=ORIENTED_EDGE('',*,*,#3201,.F.);
#2128=ORIENTED_EDGE('',*,*,#3330,.F.);
#2129=ORIENTED_EDGE('',*,*,#3019,.F.);
#2130=ORIENTED_EDGE('',*,*,#3329,.T.);
#2131=ORIENTED_EDGE('',*,*,#3016,.F.);
#2132=ORIENTED_EDGE('',*,*,#3331,.F.);
#2133=ORIENTED_EDGE('',*,*,#3210,.F.);
#2134=ORIENTED_EDGE('',*,*,#3330,.T.);
#2135=ORIENTED_EDGE('',*,*,#3198,.F.);
#2136=ORIENTED_EDGE('',*,*,#3332,.F.);
#2137=ORIENTED_EDGE('',*,*,#3020,.F.);
#2138=ORIENTED_EDGE('',*,*,#3331,.T.);
#2139=ORIENTED_EDGE('',*,*,#3015,.F.);
#2140=ORIENTED_EDGE('',*,*,#3333,.F.);
#2141=ORIENTED_EDGE('',*,*,#3213,.F.);
#2142=ORIENTED_EDGE('',*,*,#3332,.T.);
#2143=ORIENTED_EDGE('',*,*,#3195,.F.);
#2144=ORIENTED_EDGE('',*,*,#3334,.F.);
#2145=ORIENTED_EDGE('',*,*,#3021,.F.);
#2146=ORIENTED_EDGE('',*,*,#3333,.T.);
#2147=ORIENTED_EDGE('',*,*,#3014,.F.);
#2148=ORIENTED_EDGE('',*,*,#3335,.F.);
#2149=ORIENTED_EDGE('',*,*,#3216,.F.);
#2150=ORIENTED_EDGE('',*,*,#3334,.T.);
#2151=ORIENTED_EDGE('',*,*,#3192,.F.);
#2152=ORIENTED_EDGE('',*,*,#3336,.F.);
#2153=ORIENTED_EDGE('',*,*,#3022,.F.);
#2154=ORIENTED_EDGE('',*,*,#3335,.T.);
#2155=ORIENTED_EDGE('',*,*,#3013,.F.);
#2156=ORIENTED_EDGE('',*,*,#3337,.F.);
#2157=ORIENTED_EDGE('',*,*,#3219,.F.);
#2158=ORIENTED_EDGE('',*,*,#3336,.T.);
#2159=ORIENTED_EDGE('',*,*,#3225,.F.);
#2160=ORIENTED_EDGE('',*,*,#3338,.F.);
#2161=ORIENTED_EDGE('',*,*,#3011,.F.);
#2162=ORIENTED_EDGE('',*,*,#3337,.T.);
#2163=ORIENTED_EDGE('',*,*,#3012,.F.);
#2164=ORIENTED_EDGE('',*,*,#3338,.T.);
#2165=ORIENTED_EDGE('',*,*,#3222,.F.);
#2166=ORIENTED_EDGE('',*,*,#3339,.F.);
#2167=ORIENTED_EDGE('',*,*,#3030,.F.);
#2168=ORIENTED_EDGE('',*,*,#3340,.F.);
#2169=ORIENTED_EDGE('',*,*,#3240,.F.);
#2170=ORIENTED_EDGE('',*,*,#3340,.T.);
#2171=ORIENTED_EDGE('',*,*,#3029,.F.);
#2172=ORIENTED_EDGE('',*,*,#3341,.F.);
#2173=ORIENTED_EDGE('',*,*,#3243,.F.);
#2174=ORIENTED_EDGE('',*,*,#3339,.T.);
#2175=ORIENTED_EDGE('',*,*,#3237,.F.);
#2176=ORIENTED_EDGE('',*,*,#3342,.F.);
#2177=ORIENTED_EDGE('',*,*,#3031,.F.);
#2178=ORIENTED_EDGE('',*,*,#3341,.T.);
#2179=ORIENTED_EDGE('',*,*,#3028,.F.);
#2180=ORIENTED_EDGE('',*,*,#3343,.F.);
#2181=ORIENTED_EDGE('',*,*,#3246,.F.);
#2182=ORIENTED_EDGE('',*,*,#3342,.T.);
#2183=ORIENTED_EDGE('',*,*,#3234,.F.);
#2184=ORIENTED_EDGE('',*,*,#3344,.F.);
#2185=ORIENTED_EDGE('',*,*,#3032,.F.);
#2186=ORIENTED_EDGE('',*,*,#3343,.T.);
#2187=ORIENTED_EDGE('',*,*,#3027,.F.);
#2188=ORIENTED_EDGE('',*,*,#3345,.F.);
#2189=ORIENTED_EDGE('',*,*,#3249,.F.);
#2190=ORIENTED_EDGE('',*,*,#3344,.T.);
#2191=ORIENTED_EDGE('',*,*,#3231,.F.);
#2192=ORIENTED_EDGE('',*,*,#3346,.F.);
#2193=ORIENTED_EDGE('',*,*,#3033,.F.);
#2194=ORIENTED_EDGE('',*,*,#3345,.T.);
#2195=ORIENTED_EDGE('',*,*,#3026,.F.);
#2196=ORIENTED_EDGE('',*,*,#3347,.F.);
#2197=ORIENTED_EDGE('',*,*,#3252,.F.);
#2198=ORIENTED_EDGE('',*,*,#3346,.T.);
#2199=ORIENTED_EDGE('',*,*,#3228,.F.);
#2200=ORIENTED_EDGE('',*,*,#3348,.F.);
#2201=ORIENTED_EDGE('',*,*,#3034,.F.);
#2202=ORIENTED_EDGE('',*,*,#3347,.T.);
#2203=ORIENTED_EDGE('',*,*,#3025,.F.);
#2204=ORIENTED_EDGE('',*,*,#3349,.F.);
#2205=ORIENTED_EDGE('',*,*,#3255,.F.);
#2206=ORIENTED_EDGE('',*,*,#3348,.T.);
#2207=ORIENTED_EDGE('',*,*,#3261,.F.);
#2208=ORIENTED_EDGE('',*,*,#3350,.F.);
#2209=ORIENTED_EDGE('',*,*,#3023,.F.);
#2210=ORIENTED_EDGE('',*,*,#3349,.T.);
#2211=ORIENTED_EDGE('',*,*,#3024,.F.);
#2212=ORIENTED_EDGE('',*,*,#3350,.T.);
#2213=ORIENTED_EDGE('',*,*,#3258,.F.);
#2214=ORIENTED_EDGE('',*,*,#3351,.F.);
#2215=ORIENTED_EDGE('',*,*,#3042,.F.);
#2216=ORIENTED_EDGE('',*,*,#3352,.F.);
#2217=ORIENTED_EDGE('',*,*,#3276,.F.);
#2218=ORIENTED_EDGE('',*,*,#3352,.T.);
#2219=ORIENTED_EDGE('',*,*,#3041,.F.);
#2220=ORIENTED_EDGE('',*,*,#3353,.F.);
#2221=ORIENTED_EDGE('',*,*,#3279,.F.);
#2222=ORIENTED_EDGE('',*,*,#3351,.T.);
#2223=ORIENTED_EDGE('',*,*,#3273,.F.);
#2224=ORIENTED_EDGE('',*,*,#3354,.F.);
#2225=ORIENTED_EDGE('',*,*,#3043,.F.);
#2226=ORIENTED_EDGE('',*,*,#3353,.T.);
#2227=ORIENTED_EDGE('',*,*,#3040,.F.);
#2228=ORIENTED_EDGE('',*,*,#3355,.F.);
#2229=ORIENTED_EDGE('',*,*,#3282,.F.);
#2230=ORIENTED_EDGE('',*,*,#3354,.T.);
#2231=ORIENTED_EDGE('',*,*,#3270,.F.);
#2232=ORIENTED_EDGE('',*,*,#3356,.F.);
#2233=ORIENTED_EDGE('',*,*,#3044,.F.);
#2234=ORIENTED_EDGE('',*,*,#3355,.T.);
#2235=ORIENTED_EDGE('',*,*,#3039,.F.);
#2236=ORIENTED_EDGE('',*,*,#3357,.F.);
#2237=ORIENTED_EDGE('',*,*,#3285,.F.);
#2238=ORIENTED_EDGE('',*,*,#3356,.T.);
#2239=ORIENTED_EDGE('',*,*,#3267,.F.);
#2240=ORIENTED_EDGE('',*,*,#3358,.F.);
#2241=ORIENTED_EDGE('',*,*,#3045,.F.);
#2242=ORIENTED_EDGE('',*,*,#3357,.T.);
#2243=ORIENTED_EDGE('',*,*,#3038,.F.);
#2244=ORIENTED_EDGE('',*,*,#3359,.F.);
#2245=ORIENTED_EDGE('',*,*,#3288,.F.);
#2246=ORIENTED_EDGE('',*,*,#3358,.T.);
#2247=ORIENTED_EDGE('',*,*,#3264,.F.);
#2248=ORIENTED_EDGE('',*,*,#3360,.F.);
#2249=ORIENTED_EDGE('',*,*,#3046,.F.);
#2250=ORIENTED_EDGE('',*,*,#3359,.T.);
#2251=ORIENTED_EDGE('',*,*,#3037,.F.);
#2252=ORIENTED_EDGE('',*,*,#3361,.F.);
#2253=ORIENTED_EDGE('',*,*,#3291,.F.);
#2254=ORIENTED_EDGE('',*,*,#3360,.T.);
#2255=ORIENTED_EDGE('',*,*,#3297,.F.);
#2256=ORIENTED_EDGE('',*,*,#3362,.F.);
#2257=ORIENTED_EDGE('',*,*,#3035,.F.);
#2258=ORIENTED_EDGE('',*,*,#3361,.T.);
#2259=ORIENTED_EDGE('',*,*,#3036,.F.);
#2260=ORIENTED_EDGE('',*,*,#3362,.T.);
#2261=ORIENTED_EDGE('',*,*,#3294,.F.);
#2262=ORIENTED_EDGE('',*,*,#2763,.F.);
#2263=ORIENTED_EDGE('',*,*,#2819,.F.);
#2264=ORIENTED_EDGE('',*,*,#3363,.F.);
#2265=ORIENTED_EDGE('',*,*,#3143,.F.);
#2266=ORIENTED_EDGE('',*,*,#3363,.T.);
#2267=ORIENTED_EDGE('',*,*,#2818,.F.);
#2268=ORIENTED_EDGE('',*,*,#3364,.F.);
#2269=ORIENTED_EDGE('',*,*,#3144,.F.);
#2270=ORIENTED_EDGE('',*,*,#3364,.T.);
#2271=ORIENTED_EDGE('',*,*,#2817,.F.);
#2272=ORIENTED_EDGE('',*,*,#2741,.F.);
#2273=ORIENTED_EDGE('',*,*,#3145,.F.);
#2274=ORIENTED_EDGE('',*,*,#2743,.F.);
#2275=ORIENTED_EDGE('',*,*,#2833,.F.);
#2276=ORIENTED_EDGE('',*,*,#3365,.F.);
#2277=ORIENTED_EDGE('',*,*,#3146,.F.);
#2278=ORIENTED_EDGE('',*,*,#3365,.T.);
#2279=ORIENTED_EDGE('',*,*,#2832,.F.);
#2280=ORIENTED_EDGE('',*,*,#3366,.F.);
#2281=ORIENTED_EDGE('',*,*,#3147,.F.);
#2282=ORIENTED_EDGE('',*,*,#3366,.T.);
#2283=ORIENTED_EDGE('',*,*,#2831,.F.);
#2284=ORIENTED_EDGE('',*,*,#2745,.F.);
#2285=ORIENTED_EDGE('',*,*,#3148,.F.);
#2286=ORIENTED_EDGE('',*,*,#2747,.F.);
#2287=ORIENTED_EDGE('',*,*,#2830,.F.);
#2288=ORIENTED_EDGE('',*,*,#3367,.F.);
#2289=ORIENTED_EDGE('',*,*,#3149,.F.);
#2290=ORIENTED_EDGE('',*,*,#3367,.T.);
#2291=ORIENTED_EDGE('',*,*,#2829,.F.);
#2292=ORIENTED_EDGE('',*,*,#3368,.F.);
#2293=ORIENTED_EDGE('',*,*,#3150,.F.);
#2294=ORIENTED_EDGE('',*,*,#3368,.T.);
#2295=ORIENTED_EDGE('',*,*,#2828,.F.);
#2296=ORIENTED_EDGE('',*,*,#2749,.F.);
#2297=ORIENTED_EDGE('',*,*,#3151,.F.);
#2298=ORIENTED_EDGE('',*,*,#2751,.F.);
#2299=ORIENTED_EDGE('',*,*,#2827,.F.);
#2300=ORIENTED_EDGE('',*,*,#3369,.F.);
#2301=ORIENTED_EDGE('',*,*,#3152,.F.);
#2302=ORIENTED_EDGE('',*,*,#3369,.T.);
#2303=ORIENTED_EDGE('',*,*,#2826,.F.);
#2304=ORIENTED_EDGE('',*,*,#3370,.F.);
#2305=ORIENTED_EDGE('',*,*,#3153,.F.);
#2306=ORIENTED_EDGE('',*,*,#3370,.T.);
#2307=ORIENTED_EDGE('',*,*,#2825,.F.);
#2308=ORIENTED_EDGE('',*,*,#2753,.F.);
#2309=ORIENTED_EDGE('',*,*,#3154,.F.);
#2310=ORIENTED_EDGE('',*,*,#3371,.F.);
#2311=ORIENTED_EDGE('',*,*,#3372,.T.);
#2312=ORIENTED_EDGE('',*,*,#2764,.T.);
#2313=ORIENTED_EDGE('',*,*,#3373,.T.);
#2314=ORIENTED_EDGE('',*,*,#2766,.T.);
#2315=ORIENTED_EDGE('',*,*,#3374,.T.);
#2316=ORIENTED_EDGE('',*,*,#3375,.F.);
#2317=ORIENTED_EDGE('',*,*,#3376,.T.);
#2318=ORIENTED_EDGE('',*,*,#3375,.T.);
#2319=ORIENTED_EDGE('',*,*,#3377,.T.);
#2320=ORIENTED_EDGE('',*,*,#3371,.T.);
#2321=ORIENTED_EDGE('',*,*,#3378,.T.);
#2322=ORIENTED_EDGE('',*,*,#3374,.F.);
#2323=ORIENTED_EDGE('',*,*,#2765,.T.);
#2324=ORIENTED_EDGE('',*,*,#3372,.F.);
#2325=ORIENTED_EDGE('',*,*,#3377,.F.);
#2326=ORIENTED_EDGE('',*,*,#3373,.F.);
#2327=ORIENTED_EDGE('',*,*,#2767,.T.);
#2328=ORIENTED_EDGE('',*,*,#3376,.F.);
#2329=ORIENTED_EDGE('',*,*,#3378,.F.);
#2330=VERTEX_POINT('',#6051);
#2331=VERTEX_POINT('',#6052);
#2332=VERTEX_POINT('',#6054);
#2333=VERTEX_POINT('',#6056);
#2334=VERTEX_POINT('',#6059);
#2335=VERTEX_POINT('',#6060);
#2336=VERTEX_POINT('',#6062);
#2337=VERTEX_POINT('',#6064);
#2338=VERTEX_POINT('',#6066);
#2339=VERTEX_POINT('',#6068);
#2340=VERTEX_POINT('',#6070);
#2341=VERTEX_POINT('',#6072);
#2342=VERTEX_POINT('',#6074);
#2343=VERTEX_POINT('',#6076);
#2344=VERTEX_POINT('',#6078);
#2345=VERTEX_POINT('',#6080);
#2346=VERTEX_POINT('',#6082);
#2347=VERTEX_POINT('',#6084);
#2348=VERTEX_POINT('',#6086);
#2349=VERTEX_POINT('',#6088);
#2350=VERTEX_POINT('',#6090);
#2351=VERTEX_POINT('',#6092);
#2352=VERTEX_POINT('',#6094);
#2353=VERTEX_POINT('',#6096);
#2354=VERTEX_POINT('',#6098);
#2355=VERTEX_POINT('',#6100);
#2356=VERTEX_POINT('',#6102);
#2357=VERTEX_POINT('',#6104);
#2358=VERTEX_POINT('',#6107);
#2359=VERTEX_POINT('',#6108);
#2360=VERTEX_POINT('',#6110);
#2361=VERTEX_POINT('',#6112);
#2362=VERTEX_POINT('',#6116);
#2363=VERTEX_POINT('',#6117);
#2364=VERTEX_POINT('',#6119);
#2365=VERTEX_POINT('',#6121);
#2366=VERTEX_POINT('',#6123);
#2367=VERTEX_POINT('',#6125);
#2368=VERTEX_POINT('',#6127);
#2369=VERTEX_POINT('',#6129);
#2370=VERTEX_POINT('',#6131);
#2371=VERTEX_POINT('',#6133);
#2372=VERTEX_POINT('',#6135);
#2373=VERTEX_POINT('',#6137);
#2374=VERTEX_POINT('',#6139);
#2375=VERTEX_POINT('',#6141);
#2376=VERTEX_POINT('',#6143);
#2377=VERTEX_POINT('',#6145);
#2378=VERTEX_POINT('',#6147);
#2379=VERTEX_POINT('',#6149);
#2380=VERTEX_POINT('',#6151);
#2381=VERTEX_POINT('',#6153);
#2382=VERTEX_POINT('',#6155);
#2383=VERTEX_POINT('',#6157);
#2384=VERTEX_POINT('',#6159);
#2385=VERTEX_POINT('',#6161);
#2386=VERTEX_POINT('',#6163);
#2387=VERTEX_POINT('',#6165);
#2388=VERTEX_POINT('',#6167);
#2389=VERTEX_POINT('',#6169);
#2390=VERTEX_POINT('',#6171);
#2391=VERTEX_POINT('',#6173);
#2392=VERTEX_POINT('',#6175);
#2393=VERTEX_POINT('',#6177);
#2394=VERTEX_POINT('',#6179);
#2395=VERTEX_POINT('',#6181);
#2396=VERTEX_POINT('',#6185);
#2397=VERTEX_POINT('',#6187);
#2398=VERTEX_POINT('',#6191);
#2399=VERTEX_POINT('',#6193);
#2400=VERTEX_POINT('',#6197);
#2401=VERTEX_POINT('',#6199);
#2402=VERTEX_POINT('',#6203);
#2403=VERTEX_POINT('',#6205);
#2404=VERTEX_POINT('',#6209);
#2405=VERTEX_POINT('',#6211);
#2406=VERTEX_POINT('',#6215);
#2407=VERTEX_POINT('',#6217);
#2408=VERTEX_POINT('',#6222);
#2409=VERTEX_POINT('',#6224);
#2410=VERTEX_POINT('',#6227);
#2411=VERTEX_POINT('',#6229);
#2412=VERTEX_POINT('',#6232);
#2413=VERTEX_POINT('',#6234);
#2414=VERTEX_POINT('',#6237);
#2415=VERTEX_POINT('',#6239);
#2416=VERTEX_POINT('',#6243);
#2417=VERTEX_POINT('',#6244);
#2418=VERTEX_POINT('',#6246);
#2419=VERTEX_POINT('',#6248);
#2420=VERTEX_POINT('',#6250);
#2421=VERTEX_POINT('',#6252);
#2422=VERTEX_POINT('',#6254);
#2423=VERTEX_POINT('',#6256);
#2424=VERTEX_POINT('',#6258);
#2425=VERTEX_POINT('',#6260);
#2426=VERTEX_POINT('',#6262);
#2427=VERTEX_POINT('',#6264);
#2428=VERTEX_POINT('',#6266);
#2429=VERTEX_POINT('',#6268);
#2430=VERTEX_POINT('',#6270);
#2431=VERTEX_POINT('',#6272);
#2432=VERTEX_POINT('',#6274);
#2433=VERTEX_POINT('',#6276);
#2434=VERTEX_POINT('',#6278);
#2435=VERTEX_POINT('',#6280);
#2436=VERTEX_POINT('',#6282);
#2437=VERTEX_POINT('',#6284);
#2438=VERTEX_POINT('',#6286);
#2439=VERTEX_POINT('',#6288);
#2440=VERTEX_POINT('',#6290);
#2441=VERTEX_POINT('',#6292);
#2442=VERTEX_POINT('',#6294);
#2443=VERTEX_POINT('',#6296);
#2444=VERTEX_POINT('',#6300);
#2445=VERTEX_POINT('',#6301);
#2446=VERTEX_POINT('',#6303);
#2447=VERTEX_POINT('',#6305);
#2448=VERTEX_POINT('',#6309);
#2449=VERTEX_POINT('',#6311);
#2450=VERTEX_POINT('',#6318);
#2451=VERTEX_POINT('',#6319);
#2452=VERTEX_POINT('',#6321);
#2453=VERTEX_POINT('',#6323);
#2454=VERTEX_POINT('',#6327);
#2455=VERTEX_POINT('',#6329);
#2456=VERTEX_POINT('',#6336);
#2457=VERTEX_POINT('',#6337);
#2458=VERTEX_POINT('',#6339);
#2459=VERTEX_POINT('',#6341);
#2460=VERTEX_POINT('',#6345);
#2461=VERTEX_POINT('',#6347);
#2462=VERTEX_POINT('',#6354);
#2463=VERTEX_POINT('',#6355);
#2464=VERTEX_POINT('',#6357);
#2465=VERTEX_POINT('',#6359);
#2466=VERTEX_POINT('',#6363);
#2467=VERTEX_POINT('',#6365);
#2468=VERTEX_POINT('',#6372);
#2469=VERTEX_POINT('',#6374);
#2470=VERTEX_POINT('',#6377);
#2471=VERTEX_POINT('',#6379);
#2472=VERTEX_POINT('',#6382);
#2473=VERTEX_POINT('',#6384);
#2474=VERTEX_POINT('',#6387);
#2475=VERTEX_POINT('',#6389);
#2476=VERTEX_POINT('',#6391);
#2477=VERTEX_POINT('',#6393);
#2478=VERTEX_POINT('',#6395);
#2479=VERTEX_POINT('',#6397);
#2480=VERTEX_POINT('',#6399);
#2481=VERTEX_POINT('',#6401);
#2482=VERTEX_POINT('',#6403);
#2483=VERTEX_POINT('',#6405);
#2484=VERTEX_POINT('',#6407);
#2485=VERTEX_POINT('',#6409);
#2486=VERTEX_POINT('',#6412);
#2487=VERTEX_POINT('',#6414);
#2488=VERTEX_POINT('',#6416);
#2489=VERTEX_POINT('',#6418);
#2490=VERTEX_POINT('',#6421);
#2491=VERTEX_POINT('',#6423);
#2492=VERTEX_POINT('',#6425);
#2493=VERTEX_POINT('',#6427);
#2494=VERTEX_POINT('',#6430);
#2495=VERTEX_POINT('',#6432);
#2496=VERTEX_POINT('',#6434);
#2497=VERTEX_POINT('',#6436);
#2498=VERTEX_POINT('',#6439);
#2499=VERTEX_POINT('',#6441);
#2500=VERTEX_POINT('',#6443);
#2501=VERTEX_POINT('',#6445);
#2502=VERTEX_POINT('',#6448);
#2503=VERTEX_POINT('',#6450);
#2504=VERTEX_POINT('',#6466);
#2505=VERTEX_POINT('',#6468);
#2506=VERTEX_POINT('',#6471);
#2507=VERTEX_POINT('',#6473);
#2508=VERTEX_POINT('',#6475);
#2509=VERTEX_POINT('',#6477);
#2510=VERTEX_POINT('',#6480);
#2511=VERTEX_POINT('',#6482);
#2512=VERTEX_POINT('',#6484);
#2513=VERTEX_POINT('',#6486);
#2514=VERTEX_POINT('',#6490);
#2515=VERTEX_POINT('',#6492);
#2516=VERTEX_POINT('',#6499);
#2517=VERTEX_POINT('',#6501);
#2518=VERTEX_POINT('',#6505);
#2519=VERTEX_POINT('',#6507);
#2520=VERTEX_POINT('',#6517);
#2521=VERTEX_POINT('',#6518);
#2522=VERTEX_POINT('',#6520);
#2523=VERTEX_POINT('',#6522);
#2524=VERTEX_POINT('',#6526);
#2525=VERTEX_POINT('',#6528);
#2526=VERTEX_POINT('',#6532);
#2527=VERTEX_POINT('',#6534);
#2528=VERTEX_POINT('',#6538);
#2529=VERTEX_POINT('',#6540);
#2530=VERTEX_POINT('',#6544);
#2531=VERTEX_POINT('',#6546);
#2532=VERTEX_POINT('',#6556);
#2533=VERTEX_POINT('',#6557);
#2534=VERTEX_POINT('',#6559);
#2535=VERTEX_POINT('',#6561);
#2536=VERTEX_POINT('',#6563);
#2537=VERTEX_POINT('',#6565);
#2538=VERTEX_POINT('',#6567);
#2539=VERTEX_POINT('',#6569);
#2540=VERTEX_POINT('',#6571);
#2541=VERTEX_POINT('',#6573);
#2542=VERTEX_POINT('',#6575);
#2543=VERTEX_POINT('',#6577);
#2544=VERTEX_POINT('',#6580);
#2545=VERTEX_POINT('',#6581);
#2546=VERTEX_POINT('',#6583);
#2547=VERTEX_POINT('',#6585);
#2548=VERTEX_POINT('',#6587);
#2549=VERTEX_POINT('',#6589);
#2550=VERTEX_POINT('',#6591);
#2551=VERTEX_POINT('',#6593);
#2552=VERTEX_POINT('',#6595);
#2553=VERTEX_POINT('',#6597);
#2554=VERTEX_POINT('',#6599);
#2555=VERTEX_POINT('',#6601);
#2556=VERTEX_POINT('',#6604);
#2557=VERTEX_POINT('',#6605);
#2558=VERTEX_POINT('',#6607);
#2559=VERTEX_POINT('',#6609);
#2560=VERTEX_POINT('',#6611);
#2561=VERTEX_POINT('',#6613);
#2562=VERTEX_POINT('',#6615);
#2563=VERTEX_POINT('',#6617);
#2564=VERTEX_POINT('',#6619);
#2565=VERTEX_POINT('',#6621);
#2566=VERTEX_POINT('',#6623);
#2567=VERTEX_POINT('',#6625);
#2568=VERTEX_POINT('',#6628);
#2569=VERTEX_POINT('',#6629);
#2570=VERTEX_POINT('',#6631);
#2571=VERTEX_POINT('',#6633);
#2572=VERTEX_POINT('',#6635);
#2573=VERTEX_POINT('',#6637);
#2574=VERTEX_POINT('',#6639);
#2575=VERTEX_POINT('',#6641);
#2576=VERTEX_POINT('',#6643);
#2577=VERTEX_POINT('',#6645);
#2578=VERTEX_POINT('',#6647);
#2579=VERTEX_POINT('',#6649);
#2580=VERTEX_POINT('',#6652);
#2581=VERTEX_POINT('',#6653);
#2582=VERTEX_POINT('',#6655);
#2583=VERTEX_POINT('',#6657);
#2584=VERTEX_POINT('',#6659);
#2585=VERTEX_POINT('',#6661);
#2586=VERTEX_POINT('',#6663);
#2587=VERTEX_POINT('',#6665);
#2588=VERTEX_POINT('',#6667);
#2589=VERTEX_POINT('',#6669);
#2590=VERTEX_POINT('',#6671);
#2591=VERTEX_POINT('',#6673);
#2592=VERTEX_POINT('',#6680);
#2593=VERTEX_POINT('',#6682);
#2594=VERTEX_POINT('',#6688);
#2595=VERTEX_POINT('',#6690);
#2596=VERTEX_POINT('',#6694);
#2597=VERTEX_POINT('',#6695);
#2598=VERTEX_POINT('',#6697);
#2599=VERTEX_POINT('',#6699);
#2600=VERTEX_POINT('',#6703);
#2601=VERTEX_POINT('',#6705);
#2602=VERTEX_POINT('',#6709);
#2603=VERTEX_POINT('',#6711);
#2604=VERTEX_POINT('',#6715);
#2605=VERTEX_POINT('',#6717);
#2606=VERTEX_POINT('',#6721);
#2607=VERTEX_POINT('',#6723);
#2608=VERTEX_POINT('',#6727);
#2609=VERTEX_POINT('',#6729);
#2610=VERTEX_POINT('',#6733);
#2611=VERTEX_POINT('',#6735);
#2612=VERTEX_POINT('',#6739);
#2613=VERTEX_POINT('',#6741);
#2614=VERTEX_POINT('',#6745);
#2615=VERTEX_POINT('',#6747);
#2616=VERTEX_POINT('',#6751);
#2617=VERTEX_POINT('',#6753);
#2618=VERTEX_POINT('',#6757);
#2619=VERTEX_POINT('',#6759);
#2620=VERTEX_POINT('',#6805);
#2621=VERTEX_POINT('',#6809);
#2622=VERTEX_POINT('',#6815);
#2623=VERTEX_POINT('',#6817);
#2624=VERTEX_POINT('',#6827);
#2625=VERTEX_POINT('',#6828);
#2626=VERTEX_POINT('',#6833);
#2627=VERTEX_POINT('',#6835);
#2628=VERTEX_POINT('',#6861);
#2629=VERTEX_POINT('',#6863);
#2630=VERTEX_POINT('',#6867);
#2631=VERTEX_POINT('',#6869);
#2632=VERTEX_POINT('',#6873);
#2633=VERTEX_POINT('',#6875);
#2634=VERTEX_POINT('',#6879);
#2635=VERTEX_POINT('',#6881);
#2636=VERTEX_POINT('',#6885);
#2637=VERTEX_POINT('',#6886);
#2638=VERTEX_POINT('',#6888);
#2639=VERTEX_POINT('',#6890);
#2640=VERTEX_POINT('',#6894);
#2641=VERTEX_POINT('',#6896);
#2642=VERTEX_POINT('',#6900);
#2643=VERTEX_POINT('',#6902);
#2644=VERTEX_POINT('',#6906);
#2645=VERTEX_POINT('',#6908);
#2646=VERTEX_POINT('',#6912);
#2647=VERTEX_POINT('',#6914);
#2648=VERTEX_POINT('',#6918);
#2649=VERTEX_POINT('',#6920);
#2650=VERTEX_POINT('',#6924);
#2651=VERTEX_POINT('',#6926);
#2652=VERTEX_POINT('',#6930);
#2653=VERTEX_POINT('',#6932);
#2654=VERTEX_POINT('',#6936);
#2655=VERTEX_POINT('',#6938);
#2656=VERTEX_POINT('',#6942);
#2657=VERTEX_POINT('',#6944);
#2658=VERTEX_POINT('',#6948);
#2659=VERTEX_POINT('',#6950);
#2660=VERTEX_POINT('',#6958);
#2661=VERTEX_POINT('',#6959);
#2662=VERTEX_POINT('',#6961);
#2663=VERTEX_POINT('',#6963);
#2664=VERTEX_POINT('',#6967);
#2665=VERTEX_POINT('',#6969);
#2666=VERTEX_POINT('',#6973);
#2667=VERTEX_POINT('',#6975);
#2668=VERTEX_POINT('',#6979);
#2669=VERTEX_POINT('',#6981);
#2670=VERTEX_POINT('',#6985);
#2671=VERTEX_POINT('',#6987);
#2672=VERTEX_POINT('',#6991);
#2673=VERTEX_POINT('',#6993);
#2674=VERTEX_POINT('',#6997);
#2675=VERTEX_POINT('',#6999);
#2676=VERTEX_POINT('',#7003);
#2677=VERTEX_POINT('',#7005);
#2678=VERTEX_POINT('',#7009);
#2679=VERTEX_POINT('',#7011);
#2680=VERTEX_POINT('',#7015);
#2681=VERTEX_POINT('',#7017);
#2682=VERTEX_POINT('',#7021);
#2683=VERTEX_POINT('',#7023);
#2684=VERTEX_POINT('',#7031);
#2685=VERTEX_POINT('',#7032);
#2686=VERTEX_POINT('',#7034);
#2687=VERTEX_POINT('',#7036);
#2688=VERTEX_POINT('',#7040);
#2689=VERTEX_POINT('',#7042);
#2690=VERTEX_POINT('',#7046);
#2691=VERTEX_POINT('',#7048);
#2692=VERTEX_POINT('',#7052);
#2693=VERTEX_POINT('',#7054);
#2694=VERTEX_POINT('',#7058);
#2695=VERTEX_POINT('',#7060);
#2696=VERTEX_POINT('',#7064);
#2697=VERTEX_POINT('',#7066);
#2698=VERTEX_POINT('',#7070);
#2699=VERTEX_POINT('',#7072);
#2700=VERTEX_POINT('',#7076);
#2701=VERTEX_POINT('',#7078);
#2702=VERTEX_POINT('',#7082);
#2703=VERTEX_POINT('',#7084);
#2704=VERTEX_POINT('',#7088);
#2705=VERTEX_POINT('',#7090);
#2706=VERTEX_POINT('',#7094);
#2707=VERTEX_POINT('',#7096);
#2708=VERTEX_POINT('',#7104);
#2709=VERTEX_POINT('',#7105);
#2710=VERTEX_POINT('',#7107);
#2711=VERTEX_POINT('',#7109);
#2712=VERTEX_POINT('',#7113);
#2713=VERTEX_POINT('',#7115);
#2714=VERTEX_POINT('',#7119);
#2715=VERTEX_POINT('',#7121);
#2716=VERTEX_POINT('',#7125);
#2717=VERTEX_POINT('',#7127);
#2718=VERTEX_POINT('',#7131);
#2719=VERTEX_POINT('',#7133);
#2720=VERTEX_POINT('',#7137);
#2721=VERTEX_POINT('',#7139);
#2722=VERTEX_POINT('',#7143);
#2723=VERTEX_POINT('',#7145);
#2724=VERTEX_POINT('',#7149);
#2725=VERTEX_POINT('',#7151);
#2726=VERTEX_POINT('',#7155);
#2727=VERTEX_POINT('',#7157);
#2728=VERTEX_POINT('',#7161);
#2729=VERTEX_POINT('',#7163);
#2730=VERTEX_POINT('',#7167);
#2731=VERTEX_POINT('',#7169);
#2732=VERTEX_POINT('',#7329);
#2733=VERTEX_POINT('',#7330);
#2734=VERTEX_POINT('',#7335);
#2735=VERTEX_POINT('',#7337);
#2736=EDGE_CURVE('',#2330,#2331,#3379,.T.);
#2737=EDGE_CURVE('',#2332,#2330,#3380,.T.);
#2738=EDGE_CURVE('',#2333,#2332,#3381,.T.);
#2739=EDGE_CURVE('',#2331,#2333,#3382,.T.);
#2740=EDGE_CURVE('',#2334,#2335,#3383,.T.);
#2741=EDGE_CURVE('',#2334,#2336,#3384,.T.);
#2742=EDGE_CURVE('',#2337,#2336,#3385,.T.);
#2743=EDGE_CURVE('',#2337,#2338,#3386,.T.);
#2744=EDGE_CURVE('',#2339,#2338,#3387,.T.);
#2745=EDGE_CURVE('',#2339,#2340,#3388,.T.);
#2746=EDGE_CURVE('',#2341,#2340,#3389,.T.);
#2747=EDGE_CURVE('',#2341,#2342,#3390,.T.);
#2748=EDGE_CURVE('',#2343,#2342,#3391,.T.);
#2749=EDGE_CURVE('',#2343,#2344,#3392,.T.);
#2750=EDGE_CURVE('',#2345,#2344,#3393,.T.);
#2751=EDGE_CURVE('',#2345,#2346,#3394,.T.);
#2752=EDGE_CURVE('',#2347,#2346,#3395,.T.);
#2753=EDGE_CURVE('',#2347,#2348,#3396,.T.);
#2754=EDGE_CURVE('',#2349,#2348,#3397,.T.);
#2755=EDGE_CURVE('',#2349,#2350,#3398,.T.);
#2756=EDGE_CURVE('',#2351,#2350,#3399,.T.);
#2757=EDGE_CURVE('',#2351,#2352,#3400,.T.);
#2758=EDGE_CURVE('',#2353,#2352,#3401,.T.);
#2759=EDGE_CURVE('',#2354,#2353,#3402,.T.);
#2760=EDGE_CURVE('',#2354,#2355,#3403,.T.);
#2761=EDGE_CURVE('',#2355,#2356,#3404,.T.);
#2762=EDGE_CURVE('',#2357,#2356,#3405,.T.);
#2763=EDGE_CURVE('',#2357,#2335,#3406,.T.);
#2764=EDGE_CURVE('',#2358,#2359,#3407,.T.);
#2765=EDGE_CURVE('',#2360,#2358,#3408,.T.);
#2766=EDGE_CURVE('',#2361,#2360,#3409,.T.);
#2767=EDGE_CURVE('',#2359,#2361,#3410,.T.);
#2768=EDGE_CURVE('',#2362,#2363,#3411,.T.);
#2769=EDGE_CURVE('',#2363,#2364,#3412,.T.);
#2770=EDGE_CURVE('',#2364,#2365,#3413,.T.);
#2771=EDGE_CURVE('',#2365,#2366,#3414,.T.);
#2772=EDGE_CURVE('',#2366,#2367,#3415,.T.);
#2773=EDGE_CURVE('',#2368,#2367,#3416,.T.);
#2774=EDGE_CURVE('',#2368,#2369,#3417,.T.);
#2775=EDGE_CURVE('',#2369,#2370,#3418,.T.);
#2776=EDGE_CURVE('',#2370,#2371,#3419,.T.);
#2777=EDGE_CURVE('',#2371,#2372,#3420,.T.);
#2778=EDGE_CURVE('',#2372,#2373,#3421,.T.);
#2779=EDGE_CURVE('',#2374,#2373,#3422,.T.);
#2780=EDGE_CURVE('',#2375,#2374,#3423,.T.);
#2781=EDGE_CURVE('',#2375,#2376,#3424,.T.);
#2782=EDGE_CURVE('',#2376,#2377,#3425,.T.);
#2783=EDGE_CURVE('',#2378,#2377,#3426,.T.);
#2784=EDGE_CURVE('',#2378,#2379,#3427,.T.);
#2785=EDGE_CURVE('',#2379,#2380,#3428,.T.);
#2786=EDGE_CURVE('',#2380,#2381,#3429,.T.);
#2787=EDGE_CURVE('',#2381,#2382,#3430,.T.);
#2788=EDGE_CURVE('',#2382,#2383,#3431,.T.);
#2789=EDGE_CURVE('',#2384,#2383,#3432,.T.);
#2790=EDGE_CURVE('',#2384,#2385,#3433,.T.);
#2791=EDGE_CURVE('',#2385,#2386,#3434,.T.);
#2792=EDGE_CURVE('',#2386,#2387,#3435,.T.);
#2793=EDGE_CURVE('',#2387,#2388,#3436,.T.);
#2794=EDGE_CURVE('',#2388,#2389,#3437,.T.);
#2795=EDGE_CURVE('',#2390,#2389,#3438,.T.);
#2796=EDGE_CURVE('',#2390,#2391,#3439,.T.);
#2797=EDGE_CURVE('',#2391,#2392,#3440,.T.);
#2798=EDGE_CURVE('',#2392,#2393,#3441,.T.);
#2799=EDGE_CURVE('',#2393,#2394,#3442,.T.);
#2800=EDGE_CURVE('',#2394,#2395,#3443,.T.);
#2801=EDGE_CURVE('',#2362,#2395,#3444,.T.);
#2802=EDGE_CURVE('',#2396,#2367,#3445,.T.);
#2803=EDGE_CURVE('',#2397,#2396,#3446,.T.);
#2804=EDGE_CURVE('',#2397,#2368,#3447,.T.);
#2805=EDGE_CURVE('',#2398,#2362,#3448,.T.);
#2806=EDGE_CURVE('',#2399,#2395,#3449,.T.);
#2807=EDGE_CURVE('',#2398,#2399,#3450,.T.);
#2808=EDGE_CURVE('',#2400,#2390,#3451,.T.);
#2809=EDGE_CURVE('',#2401,#2389,#3452,.T.);
#2810=EDGE_CURVE('',#2400,#2401,#3453,.T.);
#2811=EDGE_CURVE('',#2402,#2384,#3454,.T.);
#2812=EDGE_CURVE('',#2403,#2383,#3455,.T.);
#2813=EDGE_CURVE('',#2402,#2403,#3456,.T.);
#2814=EDGE_CURVE('',#2404,#2378,#3457,.T.);
#2815=EDGE_CURVE('',#2377,#2405,#3458,.T.);
#2816=EDGE_CURVE('',#2404,#2405,#3459,.T.);
#2817=EDGE_CURVE('',#2336,#2406,#3460,.T.);
#2818=EDGE_CURVE('',#2406,#2407,#3461,.T.);
#2819=EDGE_CURVE('',#2407,#2357,#3462,.T.);
#2820=EDGE_CURVE('',#2356,#2376,#3463,.T.);
#2821=EDGE_CURVE('',#2353,#2375,#3464,.T.);
#2822=EDGE_CURVE('',#2352,#2408,#3465,.T.);
#2823=EDGE_CURVE('',#2408,#2409,#3466,.T.);
#2824=EDGE_CURVE('',#2409,#2349,#3467,.T.);
#2825=EDGE_CURVE('',#2348,#2410,#3468,.T.);
#2826=EDGE_CURVE('',#2410,#2411,#3469,.T.);
#2827=EDGE_CURVE('',#2411,#2345,#3470,.T.);
#2828=EDGE_CURVE('',#2344,#2412,#3471,.T.);
#2829=EDGE_CURVE('',#2412,#2413,#3472,.T.);
#2830=EDGE_CURVE('',#2413,#2341,#3473,.T.);
#2831=EDGE_CURVE('',#2340,#2414,#3474,.T.);
#2832=EDGE_CURVE('',#2414,#2415,#3475,.T.);
#2833=EDGE_CURVE('',#2415,#2337,#3476,.T.);
#2834=EDGE_CURVE('',#2416,#2417,#3477,.T.);
#2835=EDGE_CURVE('',#2418,#2417,#3478,.T.);
#2836=EDGE_CURVE('',#2418,#2419,#3479,.T.);
#2837=EDGE_CURVE('',#2420,#2419,#3480,.T.);
#2838=EDGE_CURVE('',#2420,#2421,#3481,.T.);
#2839=EDGE_CURVE('',#2422,#2421,#3482,.T.);
#2840=EDGE_CURVE('',#2422,#2423,#3483,.T.);
#2841=EDGE_CURVE('',#2424,#2423,#3484,.T.);
#2842=EDGE_CURVE('',#2424,#2425,#3485,.T.);
#2843=EDGE_CURVE('',#2426,#2425,#3486,.T.);
#2844=EDGE_CURVE('',#2426,#2427,#3487,.T.);
#2845=EDGE_CURVE('',#2428,#2427,#3488,.T.);
#2846=EDGE_CURVE('',#2428,#2429,#3489,.T.);
#2847=EDGE_CURVE('',#2430,#2429,#3490,.T.);
#2848=EDGE_CURVE('',#2430,#2431,#3491,.T.);
#2849=EDGE_CURVE('',#2431,#2432,#3492,.T.);
#2850=EDGE_CURVE('',#2432,#2433,#3493,.T.);
#2851=EDGE_CURVE('',#2433,#2434,#3494,.T.);
#2852=EDGE_CURVE('',#2435,#2434,#3495,.T.);
#2853=EDGE_CURVE('',#2436,#2435,#3496,.T.);
#2854=EDGE_CURVE('',#2436,#2437,#3497,.T.);
#2855=EDGE_CURVE('',#2438,#2437,#3498,.T.);
#2856=EDGE_CURVE('',#2438,#2439,#3499,.T.);
#2857=EDGE_CURVE('',#2440,#2439,#3500,.T.);
#2858=EDGE_CURVE('',#2440,#2441,#3501,.T.);
#2859=EDGE_CURVE('',#2442,#2441,#3502,.T.);
#2860=EDGE_CURVE('',#2442,#2443,#3503,.T.);
#2861=EDGE_CURVE('',#2416,#2443,#3504,.T.);
#2862=EDGE_CURVE('',#2444,#2445,#3505,.T.);
#2863=EDGE_CURVE('',#2446,#2444,#3506,.T.);
#2864=EDGE_CURVE('',#2447,#2446,#3507,.T.);
#2865=EDGE_CURVE('',#2447,#2445,#3508,.T.);
#2866=EDGE_CURVE('',#2448,#2444,#3509,.T.);
#2867=EDGE_CURVE('',#2449,#2448,#3510,.T.);
#2868=EDGE_CURVE('',#2446,#2449,#3511,.T.);
#2869=EDGE_CURVE('',#2429,#2448,#3512,.T.);
#2870=EDGE_CURVE('',#2449,#2428,#3513,.T.);
#2871=EDGE_CURVE('',#2450,#2451,#3514,.T.);
#2872=EDGE_CURVE('',#2452,#2450,#3515,.T.);
#2873=EDGE_CURVE('',#2453,#2452,#3516,.T.);
#2874=EDGE_CURVE('',#2453,#2451,#3517,.T.);
#2875=EDGE_CURVE('',#2454,#2450,#3518,.T.);
#2876=EDGE_CURVE('',#2455,#2454,#3519,.T.);
#2877=EDGE_CURVE('',#2452,#2455,#3520,.T.);
#2878=EDGE_CURVE('',#2425,#2454,#3521,.T.);
#2879=EDGE_CURVE('',#2455,#2424,#3522,.T.);
#2880=EDGE_CURVE('',#2456,#2457,#3523,.T.);
#2881=EDGE_CURVE('',#2458,#2456,#3524,.T.);
#2882=EDGE_CURVE('',#2459,#2458,#3525,.T.);
#2883=EDGE_CURVE('',#2459,#2457,#3526,.T.);
#2884=EDGE_CURVE('',#2460,#2456,#3527,.T.);
#2885=EDGE_CURVE('',#2461,#2460,#3528,.T.);
#2886=EDGE_CURVE('',#2458,#2461,#3529,.T.);
#2887=EDGE_CURVE('',#2421,#2460,#3530,.T.);
#2888=EDGE_CURVE('',#2461,#2420,#3531,.T.);
#2889=EDGE_CURVE('',#2462,#2463,#3532,.T.);
#2890=EDGE_CURVE('',#2464,#2462,#3533,.T.);
#2891=EDGE_CURVE('',#2465,#2464,#3534,.T.);
#2892=EDGE_CURVE('',#2465,#2463,#3535,.T.);
#2893=EDGE_CURVE('',#2466,#2462,#3536,.T.);
#2894=EDGE_CURVE('',#2467,#2466,#3537,.T.);
#2895=EDGE_CURVE('',#2464,#2467,#3538,.T.);
#2896=EDGE_CURVE('',#2417,#2466,#3539,.T.);
#2897=EDGE_CURVE('',#2467,#2416,#3540,.T.);
#2898=EDGE_CURVE('',#2447,#2468,#3541,.T.);
#2899=EDGE_CURVE('',#2469,#2468,#3542,.T.);
#2900=EDGE_CURVE('',#2469,#2451,#3543,.T.);
#2901=EDGE_CURVE('',#2453,#2470,#3544,.T.);
#2902=EDGE_CURVE('',#2471,#2470,#3545,.T.);
#2903=EDGE_CURVE('',#2471,#2457,#3546,.T.);
#2904=EDGE_CURVE('',#2459,#2472,#3547,.T.);
#2905=EDGE_CURVE('',#2473,#2472,#3548,.T.);
#2906=EDGE_CURVE('',#2473,#2463,#3549,.T.);
#2907=EDGE_CURVE('',#2465,#2474,#3550,.T.);
#2908=EDGE_CURVE('',#2475,#2474,#3551,.T.);
#2909=EDGE_CURVE('',#2475,#2476,#3552,.T.);
#2910=EDGE_CURVE('',#2477,#2476,#3553,.T.);
#2911=EDGE_CURVE('',#2477,#2478,#3554,.T.);
#2912=EDGE_CURVE('',#2479,#2478,#3555,.T.);
#2913=EDGE_CURVE('',#2480,#2479,#3556,.T.);
#2914=EDGE_CURVE('',#2480,#2481,#3557,.T.);
#2915=EDGE_CURVE('',#2482,#2481,#3558,.T.);
#2916=EDGE_CURVE('',#2483,#2482,#3559,.T.);
#2917=EDGE_CURVE('',#2484,#2483,#3560,.T.);
#2918=EDGE_CURVE('',#2485,#2484,#3561,.T.);
#2919=EDGE_CURVE('',#2397,#2485,#3562,.T.);
#2920=EDGE_CURVE('',#2486,#2396,#3563,.T.);
#2921=EDGE_CURVE('',#2487,#2486,#3564,.T.);
#2922=EDGE_CURVE('',#2488,#2487,#3565,.T.);
#2923=EDGE_CURVE('',#2489,#2488,#3566,.T.);
#2924=EDGE_CURVE('',#2398,#2489,#3567,.T.);
#2925=EDGE_CURVE('',#2490,#2399,#3568,.T.);
#2926=EDGE_CURVE('',#2491,#2490,#3569,.T.);
#2927=EDGE_CURVE('',#2492,#2491,#3570,.T.);
#2928=EDGE_CURVE('',#2493,#2492,#3571,.T.);
#2929=EDGE_CURVE('',#2400,#2493,#3572,.T.);
#2930=EDGE_CURVE('',#2494,#2401,#3573,.T.);
#2931=EDGE_CURVE('',#2495,#2494,#3574,.T.);
#2932=EDGE_CURVE('',#2496,#2495,#3575,.T.);
#2933=EDGE_CURVE('',#2497,#2496,#3576,.T.);
#2934=EDGE_CURVE('',#2402,#2497,#3577,.T.);
#2935=EDGE_CURVE('',#2498,#2403,#3578,.T.);
#2936=EDGE_CURVE('',#2499,#2498,#3579,.T.);
#2937=EDGE_CURVE('',#2500,#2499,#3580,.T.);
#2938=EDGE_CURVE('',#2501,#2500,#3581,.T.);
#2939=EDGE_CURVE('',#2404,#2501,#3582,.T.);
#2940=EDGE_CURVE('',#2405,#2502,#3583,.T.);
#2941=EDGE_CURVE('',#2503,#2502,#3584,.T.);
#2942=EDGE_CURVE('',#2503,#2445,#3585,.T.);
#2943=EDGE_CURVE('',#2418,#2473,#3586,.T.);
#2944=EDGE_CURVE('',#2419,#2472,#3587,.T.);
#2945=EDGE_CURVE('',#2422,#2471,#3588,.T.);
#2946=EDGE_CURVE('',#2423,#2470,#3589,.T.);
#2947=EDGE_CURVE('',#2426,#2469,#3590,.T.);
#2948=EDGE_CURVE('',#2427,#2468,#3591,.T.);
#2949=EDGE_CURVE('',#2430,#2503,#3592,.T.);
#2950=EDGE_CURVE('',#2502,#2431,#3593,.T.);
#2951=EDGE_CURVE('',#2436,#2504,#3594,.T.);
#2952=EDGE_CURVE('',#2504,#2505,#3595,.T.);
#2953=EDGE_CURVE('',#2505,#2433,#3596,.T.);
#2954=EDGE_CURVE('',#2432,#2506,#3597,.T.);
#2955=EDGE_CURVE('',#2507,#2506,#3598,.T.);
#2956=EDGE_CURVE('',#2508,#2507,#3599,.T.);
#2957=EDGE_CURVE('',#2509,#2508,#3600,.T.);
#2958=EDGE_CURVE('',#2509,#2355,#3601,.T.);
#2959=EDGE_CURVE('',#2510,#2354,#3602,.T.);
#2960=EDGE_CURVE('',#2511,#2510,#3603,.T.);
#2961=EDGE_CURVE('',#2512,#2511,#3604,.T.);
#2962=EDGE_CURVE('',#2513,#2512,#3605,.T.);
#2963=EDGE_CURVE('',#2437,#2513,#3606,.T.);
#2964=EDGE_CURVE('',#2514,#2509,#3607,.T.);
#2965=EDGE_CURVE('',#2515,#2514,#3608,.T.);
#2966=EDGE_CURVE('',#2515,#2506,#3609,.T.);
#2967=EDGE_CURVE('',#2481,#2373,#3610,.T.);
#2968=EDGE_CURVE('',#2374,#2480,#3611,.T.);
#2969=EDGE_CURVE('',#2477,#2516,#3612,.T.);
#2970=EDGE_CURVE('',#2517,#2476,#3613,.T.);
#2971=EDGE_CURVE('',#2516,#2517,#3614,.T.);
#2972=EDGE_CURVE('',#2516,#2518,#3615,.T.);
#2973=EDGE_CURVE('',#2519,#2517,#3616,.T.);
#2974=EDGE_CURVE('',#2518,#2519,#3617,.T.);
#2975=EDGE_CURVE('',#2518,#2440,#3618,.T.);
#2976=EDGE_CURVE('',#2441,#2519,#3619,.T.);
#2977=EDGE_CURVE('',#2439,#2478,#3620,.T.);
#2978=EDGE_CURVE('',#2479,#2438,#3621,.T.);
#2979=EDGE_CURVE('',#2520,#2521,#3622,.T.);
#2980=EDGE_CURVE('',#2520,#2522,#3623,.T.);
#2981=EDGE_CURVE('',#2522,#2523,#3624,.T.);
#2982=EDGE_CURVE('',#2521,#2523,#3625,.T.);
#2983=EDGE_CURVE('',#2522,#2524,#45,.T.);
#2984=EDGE_CURVE('',#2524,#2525,#3626,.T.);
#2985=EDGE_CURVE('',#2523,#2525,#46,.T.);
#2986=EDGE_CURVE('',#2524,#2526,#3627,.T.);
#2987=EDGE_CURVE('',#2526,#2527,#3628,.T.);
#2988=EDGE_CURVE('',#2525,#2527,#3629,.T.);
#2989=EDGE_CURVE('',#2526,#2528,#47,.T.);
#2990=EDGE_CURVE('',#2528,#2529,#3630,.T.);
#2991=EDGE_CURVE('',#2527,#2529,#48,.T.);
#2992=EDGE_CURVE('',#2528,#2530,#3631,.T.);
#2993=EDGE_CURVE('',#2530,#2531,#3632,.T.);
#2994=EDGE_CURVE('',#2529,#2531,#3633,.T.);
#2995=EDGE_CURVE('',#2530,#2436,#36,.T.);
#2996=EDGE_CURVE('',#2531,#2435,#49,.T.);
#2997=EDGE_CURVE('',#2433,#2520,#37,.T.);
#2998=EDGE_CURVE('',#2434,#2521,#50,.T.);
#2999=EDGE_CURVE('',#2532,#2533,#3634,.T.);
#3000=EDGE_CURVE('',#2533,#2534,#3635,.T.);
#3001=EDGE_CURVE('',#2534,#2535,#3636,.T.);
#3002=EDGE_CURVE('',#2535,#2536,#3637,.T.);
#3003=EDGE_CURVE('',#2536,#2537,#3638,.T.);
#3004=EDGE_CURVE('',#2537,#2538,#3639,.T.);
#3005=EDGE_CURVE('',#2538,#2539,#3640,.T.);
#3006=EDGE_CURVE('',#2539,#2540,#3641,.T.);
#3007=EDGE_CURVE('',#2540,#2541,#3642,.T.);
#3008=EDGE_CURVE('',#2541,#2542,#3643,.T.);
#3009=EDGE_CURVE('',#2542,#2543,#3644,.T.);
#3010=EDGE_CURVE('',#2543,#2532,#3645,.T.);
#3011=EDGE_CURVE('',#2544,#2545,#3646,.T.);
#3012=EDGE_CURVE('',#2545,#2546,#3647,.T.);
#3013=EDGE_CURVE('',#2546,#2547,#3648,.T.);
#3014=EDGE_CURVE('',#2547,#2548,#3649,.T.);
#3015=EDGE_CURVE('',#2548,#2549,#3650,.T.);
#3016=EDGE_CURVE('',#2549,#2550,#3651,.T.);
#3017=EDGE_CURVE('',#2550,#2551,#3652,.T.);
#3018=EDGE_CURVE('',#2551,#2552,#3653,.T.);
#3019=EDGE_CURVE('',#2552,#2553,#3654,.T.);
#3020=EDGE_CURVE('',#2553,#2554,#3655,.T.);
#3021=EDGE_CURVE('',#2554,#2555,#3656,.T.);
#3022=EDGE_CURVE('',#2555,#2544,#3657,.T.);
#3023=EDGE_CURVE('',#2556,#2557,#3658,.T.);
#3024=EDGE_CURVE('',#2557,#2558,#3659,.T.);
#3025=EDGE_CURVE('',#2558,#2559,#3660,.T.);
#3026=EDGE_CURVE('',#2559,#2560,#3661,.T.);
#3027=EDGE_CURVE('',#2560,#2561,#3662,.T.);
#3028=EDGE_CURVE('',#2561,#2562,#3663,.T.);
#3029=EDGE_CURVE('',#2562,#2563,#3664,.T.);
#3030=EDGE_CURVE('',#2563,#2564,#3665,.T.);
#3031=EDGE_CURVE('',#2564,#2565,#3666,.T.);
#3032=EDGE_CURVE('',#2565,#2566,#3667,.T.);
#3033=EDGE_CURVE('',#2566,#2567,#3668,.T.);
#3034=EDGE_CURVE('',#2567,#2556,#3669,.T.);
#3035=EDGE_CURVE('',#2568,#2569,#3670,.T.);
#3036=EDGE_CURVE('',#2569,#2570,#3671,.T.);
#3037=EDGE_CURVE('',#2570,#2571,#3672,.T.);
#3038=EDGE_CURVE('',#2571,#2572,#3673,.T.);
#3039=EDGE_CURVE('',#2572,#2573,#3674,.T.);
#3040=EDGE_CURVE('',#2573,#2574,#3675,.T.);
#3041=EDGE_CURVE('',#2574,#2575,#3676,.T.);
#3042=EDGE_CURVE('',#2575,#2576,#3677,.T.);
#3043=EDGE_CURVE('',#2576,#2577,#3678,.T.);
#3044=EDGE_CURVE('',#2577,#2578,#3679,.T.);
#3045=EDGE_CURVE('',#2578,#2579,#3680,.T.);
#3046=EDGE_CURVE('',#2579,#2568,#3681,.T.);
#3047=EDGE_CURVE('',#2580,#2581,#3682,.T.);
#3048=EDGE_CURVE('',#2581,#2582,#3683,.T.);
#3049=EDGE_CURVE('',#2582,#2583,#3684,.T.);
#3050=EDGE_CURVE('',#2583,#2584,#3685,.T.);
#3051=EDGE_CURVE('',#2584,#2585,#3686,.T.);
#3052=EDGE_CURVE('',#2585,#2586,#3687,.T.);
#3053=EDGE_CURVE('',#2586,#2587,#3688,.T.);
#3054=EDGE_CURVE('',#2587,#2588,#3689,.T.);
#3055=EDGE_CURVE('',#2588,#2589,#3690,.T.);
#3056=EDGE_CURVE('',#2589,#2590,#3691,.T.);
#3057=EDGE_CURVE('',#2590,#2591,#3692,.T.);
#3058=EDGE_CURVE('',#2591,#2580,#3693,.T.);
#3059=EDGE_CURVE('',#2443,#2474,#3694,.T.);
#3060=EDGE_CURVE('',#2442,#2475,#3695,.T.);
#3061=EDGE_CURVE('',#2592,#2513,#3696,.T.);
#3062=EDGE_CURVE('',#2593,#2592,#3697,.T.);
#3063=EDGE_CURVE('',#2593,#2510,#3698,.T.);
#3064=EDGE_CURVE('',#2594,#2350,#3699,.T.);
#3065=EDGE_CURVE('',#2595,#2594,#3700,.T.);
#3066=EDGE_CURVE('',#2351,#2595,#3701,.T.);
#3067=EDGE_CURVE('',#2596,#2597,#3702,.T.);
#3068=EDGE_CURVE('',#2596,#2598,#3703,.T.);
#3069=EDGE_CURVE('',#2598,#2599,#3704,.T.);
#3070=EDGE_CURVE('',#2599,#2597,#3705,.T.);
#3071=EDGE_CURVE('',#2598,#2600,#3706,.T.);
#3072=EDGE_CURVE('',#2600,#2601,#3707,.T.);
#3073=EDGE_CURVE('',#2601,#2599,#3708,.T.);
#3074=EDGE_CURVE('',#2600,#2602,#3709,.T.);
#3075=EDGE_CURVE('',#2602,#2603,#3710,.T.);
#3076=EDGE_CURVE('',#2603,#2601,#3711,.T.);
#3077=EDGE_CURVE('',#2602,#2604,#3712,.T.);
#3078=EDGE_CURVE('',#2604,#2605,#3713,.T.);
#3079=EDGE_CURVE('',#2605,#2603,#3714,.T.);
#3080=EDGE_CURVE('',#2604,#2606,#3715,.T.);
#3081=EDGE_CURVE('',#2606,#2607,#3716,.T.);
#3082=EDGE_CURVE('',#2607,#2605,#3717,.T.);
#3083=EDGE_CURVE('',#2606,#2608,#3718,.T.);
#3084=EDGE_CURVE('',#2608,#2609,#3719,.T.);
#3085=EDGE_CURVE('',#2609,#2607,#3720,.T.);
#3086=EDGE_CURVE('',#2608,#2610,#3721,.T.);
#3087=EDGE_CURVE('',#2610,#2611,#3722,.T.);
#3088=EDGE_CURVE('',#2611,#2609,#3723,.T.);
#3089=EDGE_CURVE('',#2610,#2612,#3724,.T.);
#3090=EDGE_CURVE('',#2612,#2613,#3725,.T.);
#3091=EDGE_CURVE('',#2613,#2611,#3726,.T.);
#3092=EDGE_CURVE('',#2612,#2614,#3727,.T.);
#3093=EDGE_CURVE('',#2614,#2615,#3728,.T.);
#3094=EDGE_CURVE('',#2615,#2613,#3729,.T.);
#3095=EDGE_CURVE('',#2614,#2616,#3730,.T.);
#3096=EDGE_CURVE('',#2616,#2617,#3731,.T.);
#3097=EDGE_CURVE('',#2617,#2615,#3732,.T.);
#3098=EDGE_CURVE('',#2616,#2618,#3733,.T.);
#3099=EDGE_CURVE('',#2618,#2619,#3734,.T.);
#3100=EDGE_CURVE('',#2619,#2617,#3735,.T.);
#3101=EDGE_CURVE('',#2618,#2596,#3736,.T.);
#3102=EDGE_CURVE('',#2597,#2619,#3737,.T.);
#3103=EDGE_CURVE('',#2370,#2484,#3738,.T.);
#3104=EDGE_CURVE('',#2369,#2485,#3739,.T.);
#3105=EDGE_CURVE('',#2371,#2483,#3740,.T.);
#3106=EDGE_CURVE('',#2372,#2482,#3741,.T.);
#3107=EDGE_CURVE('',#2588,#2604,#3742,.T.);
#3108=EDGE_CURVE('',#2606,#2587,#3743,.T.);
#3109=EDGE_CURVE('',#2608,#2586,#3744,.T.);
#3110=EDGE_CURVE('',#2589,#2602,#3745,.T.);
#3111=EDGE_CURVE('',#2610,#2585,#3746,.T.);
#3112=EDGE_CURVE('',#2590,#2600,#3747,.T.);
#3113=EDGE_CURVE('',#2612,#2584,#3748,.T.);
#3114=EDGE_CURVE('',#2591,#2598,#3749,.T.);
#3115=EDGE_CURVE('',#2614,#2583,#3750,.T.);
#3116=EDGE_CURVE('',#2580,#2596,#3751,.T.);
#3117=EDGE_CURVE('',#2616,#2582,#3752,.T.);
#3118=EDGE_CURVE('',#2581,#2618,#3753,.T.);
#3119=EDGE_CURVE('',#2594,#2409,#3754,.T.);
#3120=EDGE_CURVE('',#2595,#2408,#3755,.T.);
#3121=EDGE_CURVE('',#2620,#2512,#3756,.T.);
#3122=EDGE_CURVE('',#2620,#2592,#3757,.T.);
#3123=EDGE_CURVE('',#2621,#2511,#3758,.T.);
#3124=EDGE_CURVE('',#2621,#2620,#3759,.T.);
#3125=EDGE_CURVE('',#2593,#2621,#3760,.T.);
#3126=EDGE_CURVE('',#2622,#2507,#3761,.T.);
#3127=EDGE_CURVE('',#2622,#2623,#3762,.T.);
#3128=EDGE_CURVE('',#2623,#2508,#3763,.T.);
#3129=EDGE_CURVE('',#2515,#2622,#3764,.T.);
#3130=EDGE_CURVE('',#2623,#2514,#3765,.T.);
#3131=EDGE_CURVE('',#2624,#2625,#3766,.T.);
#3132=EDGE_CURVE('',#2624,#2330,#3767,.T.);
#3133=EDGE_CURVE('',#2331,#2625,#3768,.T.);
#3134=EDGE_CURVE('',#2332,#2626,#3769,.T.);
#3135=EDGE_CURVE('',#2627,#2626,#3770,.T.);
#3136=EDGE_CURVE('',#2627,#2333,#3771,.T.);
#3137=EDGE_CURVE('',#2626,#2624,#3772,.T.);
#3138=EDGE_CURVE('',#2625,#2627,#3773,.T.);
#3139=EDGE_CURVE('',#2522,#2505,#51,.T.);
#3140=EDGE_CURVE('',#2524,#2505,#52,.T.);
#3141=EDGE_CURVE('',#2526,#2504,#53,.T.);
#3142=EDGE_CURVE('',#2528,#2504,#54,.T.);
#3143=EDGE_CURVE('',#2335,#2628,#3774,.T.);
#3144=EDGE_CURVE('',#2628,#2629,#3775,.T.);
#3145=EDGE_CURVE('',#2629,#2334,#3776,.T.);
#3146=EDGE_CURVE('',#2338,#2630,#3777,.T.);
#3147=EDGE_CURVE('',#2630,#2631,#3778,.T.);
#3148=EDGE_CURVE('',#2631,#2339,#3779,.T.);
#3149=EDGE_CURVE('',#2342,#2632,#3780,.T.);
#3150=EDGE_CURVE('',#2632,#2633,#3781,.T.);
#3151=EDGE_CURVE('',#2633,#2343,#3782,.T.);
#3152=EDGE_CURVE('',#2346,#2634,#3783,.T.);
#3153=EDGE_CURVE('',#2634,#2635,#3784,.T.);
#3154=EDGE_CURVE('',#2635,#2347,#3785,.T.);
#3155=EDGE_CURVE('',#2636,#2637,#3786,.T.);
#3156=EDGE_CURVE('',#2637,#2638,#3787,.T.);
#3157=EDGE_CURVE('',#2639,#2638,#3788,.T.);
#3158=EDGE_CURVE('',#2636,#2639,#3789,.T.);
#3159=EDGE_CURVE('',#2638,#2640,#3790,.T.);
#3160=EDGE_CURVE('',#2641,#2640,#3791,.T.);
#3161=EDGE_CURVE('',#2639,#2641,#3792,.T.);
#3162=EDGE_CURVE('',#2640,#2642,#3793,.T.);
#3163=EDGE_CURVE('',#2643,#2642,#3794,.T.);
#3164=EDGE_CURVE('',#2641,#2643,#3795,.T.);
#3165=EDGE_CURVE('',#2642,#2644,#3796,.T.);
#3166=EDGE_CURVE('',#2645,#2644,#3797,.T.);
#3167=EDGE_CURVE('',#2643,#2645,#3798,.T.);
#3168=EDGE_CURVE('',#2644,#2646,#3799,.T.);
#3169=EDGE_CURVE('',#2647,#2646,#3800,.T.);
#3170=EDGE_CURVE('',#2645,#2647,#3801,.T.);
#3171=EDGE_CURVE('',#2646,#2648,#3802,.T.);
#3172=EDGE_CURVE('',#2649,#2648,#3803,.T.);
#3173=EDGE_CURVE('',#2647,#2649,#3804,.T.);
#3174=EDGE_CURVE('',#2648,#2650,#3805,.T.);
#3175=EDGE_CURVE('',#2651,#2650,#3806,.T.);
#3176=EDGE_CURVE('',#2649,#2651,#3807,.T.);
#3177=EDGE_CURVE('',#2650,#2652,#3808,.T.);
#3178=EDGE_CURVE('',#2653,#2652,#3809,.T.);
#3179=EDGE_CURVE('',#2651,#2653,#3810,.T.);
#3180=EDGE_CURVE('',#2652,#2654,#3811,.T.);
#3181=EDGE_CURVE('',#2655,#2654,#3812,.T.);
#3182=EDGE_CURVE('',#2653,#2655,#3813,.T.);
#3183=EDGE_CURVE('',#2654,#2656,#3814,.T.);
#3184=EDGE_CURVE('',#2657,#2656,#3815,.T.);
#3185=EDGE_CURVE('',#2655,#2657,#3816,.T.);
#3186=EDGE_CURVE('',#2656,#2658,#3817,.T.);
#3187=EDGE_CURVE('',#2659,#2658,#3818,.T.);
#3188=EDGE_CURVE('',#2657,#2659,#3819,.T.);
#3189=EDGE_CURVE('',#2658,#2637,#3820,.T.);
#3190=EDGE_CURVE('',#2659,#2636,#3821,.T.);
#3191=EDGE_CURVE('',#2660,#2661,#3822,.T.);
#3192=EDGE_CURVE('',#2661,#2662,#3823,.T.);
#3193=EDGE_CURVE('',#2663,#2662,#3824,.T.);
#3194=EDGE_CURVE('',#2660,#2663,#3825,.T.);
#3195=EDGE_CURVE('',#2662,#2664,#3826,.T.);
#3196=EDGE_CURVE('',#2665,#2664,#3827,.T.);
#3197=EDGE_CURVE('',#2663,#2665,#3828,.T.);
#3198=EDGE_CURVE('',#2664,#2666,#3829,.T.);
#3199=EDGE_CURVE('',#2667,#2666,#3830,.T.);
#3200=EDGE_CURVE('',#2665,#2667,#3831,.T.);
#3201=EDGE_CURVE('',#2666,#2668,#3832,.T.);
#3202=EDGE_CURVE('',#2669,#2668,#3833,.T.);
#3203=EDGE_CURVE('',#2667,#2669,#3834,.T.);
#3204=EDGE_CURVE('',#2668,#2670,#3835,.T.);
#3205=EDGE_CURVE('',#2671,#2670,#3836,.T.);
#3206=EDGE_CURVE('',#2669,#2671,#3837,.T.);
#3207=EDGE_CURVE('',#2670,#2672,#3838,.T.);
#3208=EDGE_CURVE('',#2673,#2672,#3839,.T.);
#3209=EDGE_CURVE('',#2671,#2673,#3840,.T.);
#3210=EDGE_CURVE('',#2672,#2674,#3841,.T.);
#3211=EDGE_CURVE('',#2675,#2674,#3842,.T.);
#3212=EDGE_CURVE('',#2673,#2675,#3843,.T.);
#3213=EDGE_CURVE('',#2674,#2676,#3844,.T.);
#3214=EDGE_CURVE('',#2677,#2676,#3845,.T.);
#3215=EDGE_CURVE('',#2675,#2677,#3846,.T.);
#3216=EDGE_CURVE('',#2676,#2678,#3847,.T.);
#3217=EDGE_CURVE('',#2679,#2678,#3848,.T.);
#3218=EDGE_CURVE('',#2677,#2679,#3849,.T.);
#3219=EDGE_CURVE('',#2678,#2680,#3850,.T.);
#3220=EDGE_CURVE('',#2681,#2680,#3851,.T.);
#3221=EDGE_CURVE('',#2679,#2681,#3852,.T.);
#3222=EDGE_CURVE('',#2680,#2682,#3853,.T.);
#3223=EDGE_CURVE('',#2683,#2682,#3854,.T.);
#3224=EDGE_CURVE('',#2681,#2683,#3855,.T.);
#3225=EDGE_CURVE('',#2682,#2661,#3856,.T.);
#3226=EDGE_CURVE('',#2683,#2660,#3857,.T.);
#3227=EDGE_CURVE('',#2684,#2685,#3858,.T.);
#3228=EDGE_CURVE('',#2685,#2686,#3859,.T.);
#3229=EDGE_CURVE('',#2687,#2686,#3860,.T.);
#3230=EDGE_CURVE('',#2684,#2687,#3861,.T.);
#3231=EDGE_CURVE('',#2686,#2688,#3862,.T.);
#3232=EDGE_CURVE('',#2689,#2688,#3863,.T.);
#3233=EDGE_CURVE('',#2687,#2689,#3864,.T.);
#3234=EDGE_CURVE('',#2688,#2690,#3865,.T.);
#3235=EDGE_CURVE('',#2691,#2690,#3866,.T.);
#3236=EDGE_CURVE('',#2689,#2691,#3867,.T.);
#3237=EDGE_CURVE('',#2690,#2692,#3868,.T.);
#3238=EDGE_CURVE('',#2693,#2692,#3869,.T.);
#3239=EDGE_CURVE('',#2691,#2693,#3870,.T.);
#3240=EDGE_CURVE('',#2692,#2694,#3871,.T.);
#3241=EDGE_CURVE('',#2695,#2694,#3872,.T.);
#3242=EDGE_CURVE('',#2693,#2695,#3873,.T.);
#3243=EDGE_CURVE('',#2694,#2696,#3874,.T.);
#3244=EDGE_CURVE('',#2697,#2696,#3875,.T.);
#3245=EDGE_CURVE('',#2695,#2697,#3876,.T.);
#3246=EDGE_CURVE('',#2696,#2698,#3877,.T.);
#3247=EDGE_CURVE('',#2699,#2698,#3878,.T.);
#3248=EDGE_CURVE('',#2697,#2699,#3879,.T.);
#3249=EDGE_CURVE('',#2698,#2700,#3880,.T.);
#3250=EDGE_CURVE('',#2701,#2700,#3881,.T.);
#3251=EDGE_CURVE('',#2699,#2701,#3882,.T.);
#3252=EDGE_CURVE('',#2700,#2702,#3883,.T.);
#3253=EDGE_CURVE('',#2703,#2702,#3884,.T.);
#3254=EDGE_CURVE('',#2701,#2703,#3885,.T.);
#3255=EDGE_CURVE('',#2702,#2704,#3886,.T.);
#3256=EDGE_CURVE('',#2705,#2704,#3887,.T.);
#3257=EDGE_CURVE('',#2703,#2705,#3888,.T.);
#3258=EDGE_CURVE('',#2704,#2706,#3889,.T.);
#3259=EDGE_CURVE('',#2707,#2706,#3890,.T.);
#3260=EDGE_CURVE('',#2705,#2707,#3891,.T.);
#3261=EDGE_CURVE('',#2706,#2685,#3892,.T.);
#3262=EDGE_CURVE('',#2707,#2684,#3893,.T.);
#3263=EDGE_CURVE('',#2708,#2709,#3894,.T.);
#3264=EDGE_CURVE('',#2709,#2710,#3895,.T.);
#3265=EDGE_CURVE('',#2711,#2710,#3896,.T.);
#3266=EDGE_CURVE('',#2708,#2711,#3897,.T.);
#3267=EDGE_CURVE('',#2710,#2712,#3898,.T.);
#3268=EDGE_CURVE('',#2713,#2712,#3899,.T.);
#3269=EDGE_CURVE('',#2711,#2713,#3900,.T.);
#3270=EDGE_CURVE('',#2712,#2714,#3901,.T.);
#3271=EDGE_CURVE('',#2715,#2714,#3902,.T.);
#3272=EDGE_CURVE('',#2713,#2715,#3903,.T.);
#3273=EDGE_CURVE('',#2714,#2716,#3904,.T.);
#3274=EDGE_CURVE('',#2717,#2716,#3905,.T.);
#3275=EDGE_CURVE('',#2715,#2717,#3906,.T.);
#3276=EDGE_CURVE('',#2716,#2718,#3907,.T.);
#3277=EDGE_CURVE('',#2719,#2718,#3908,.T.);
#3278=EDGE_CURVE('',#2717,#2719,#3909,.T.);
#3279=EDGE_CURVE('',#2718,#2720,#3910,.T.);
#3280=EDGE_CURVE('',#2721,#2720,#3911,.T.);
#3281=EDGE_CURVE('',#2719,#2721,#3912,.T.);
#3282=EDGE_CURVE('',#2720,#2722,#3913,.T.);
#3283=EDGE_CURVE('',#2723,#2722,#3914,.T.);
#3284=EDGE_CURVE('',#2721,#2723,#3915,.T.);
#3285=EDGE_CURVE('',#2722,#2724,#3916,.T.);
#3286=EDGE_CURVE('',#2725,#2724,#3917,.T.);
#3287=EDGE_CURVE('',#2723,#2725,#3918,.T.);
#3288=EDGE_CURVE('',#2724,#2726,#3919,.T.);
#3289=EDGE_CURVE('',#2727,#2726,#3920,.T.);
#3290=EDGE_CURVE('',#2725,#2727,#3921,.T.);
#3291=EDGE_CURVE('',#2726,#2728,#3922,.T.);
#3292=EDGE_CURVE('',#2729,#2728,#3923,.T.);
#3293=EDGE_CURVE('',#2727,#2729,#3924,.T.);
#3294=EDGE_CURVE('',#2728,#2730,#3925,.T.);
#3295=EDGE_CURVE('',#2731,#2730,#3926,.T.);
#3296=EDGE_CURVE('',#2729,#2731,#3927,.T.);
#3297=EDGE_CURVE('',#2730,#2709,#3928,.T.);
#3298=EDGE_CURVE('',#2731,#2708,#3929,.T.);
#3299=EDGE_CURVE('',#2500,#2380,#3930,.T.);
#3300=EDGE_CURVE('',#2501,#2379,#3931,.T.);
#3301=EDGE_CURVE('',#2499,#2381,#3932,.T.);
#3302=EDGE_CURVE('',#2498,#2382,#3933,.T.);
#3303=EDGE_CURVE('',#2496,#2386,#3934,.T.);
#3304=EDGE_CURVE('',#2497,#2385,#3935,.T.);
#3305=EDGE_CURVE('',#2495,#2387,#3936,.T.);
#3306=EDGE_CURVE('',#2494,#2388,#3937,.T.);
#3307=EDGE_CURVE('',#2492,#2392,#3938,.T.);
#3308=EDGE_CURVE('',#2493,#2391,#3939,.T.);
#3309=EDGE_CURVE('',#2491,#2393,#3940,.T.);
#3310=EDGE_CURVE('',#2490,#2394,#3941,.T.);
#3311=EDGE_CURVE('',#2488,#2364,#3942,.T.);
#3312=EDGE_CURVE('',#2489,#2363,#3943,.T.);
#3313=EDGE_CURVE('',#2487,#2365,#3944,.T.);
#3314=EDGE_CURVE('',#2486,#2366,#3945,.T.);
#3315=EDGE_CURVE('',#2540,#2644,#3946,.T.);
#3316=EDGE_CURVE('',#2646,#2539,#3947,.T.);
#3317=EDGE_CURVE('',#2648,#2538,#3948,.T.);
#3318=EDGE_CURVE('',#2541,#2642,#3949,.T.);
#3319=EDGE_CURVE('',#2650,#2537,#3950,.T.);
#3320=EDGE_CURVE('',#2542,#2640,#3951,.T.);
#3321=EDGE_CURVE('',#2652,#2536,#3952,.T.);
#3322=EDGE_CURVE('',#2543,#2638,#3953,.T.);
#3323=EDGE_CURVE('',#2654,#2535,#3954,.T.);
#3324=EDGE_CURVE('',#2532,#2637,#3955,.T.);
#3325=EDGE_CURVE('',#2656,#2534,#3956,.T.);
#3326=EDGE_CURVE('',#2533,#2658,#3957,.T.);
#3327=EDGE_CURVE('',#2552,#2668,#3958,.T.);
#3328=EDGE_CURVE('',#2670,#2551,#3959,.T.);
#3329=EDGE_CURVE('',#2672,#2550,#3960,.T.);
#3330=EDGE_CURVE('',#2553,#2666,#3961,.T.);
#3331=EDGE_CURVE('',#2674,#2549,#3962,.T.);
#3332=EDGE_CURVE('',#2554,#2664,#3963,.T.);
#3333=EDGE_CURVE('',#2676,#2548,#3964,.T.);
#3334=EDGE_CURVE('',#2555,#2662,#3965,.T.);
#3335=EDGE_CURVE('',#2678,#2547,#3966,.T.);
#3336=EDGE_CURVE('',#2544,#2661,#3967,.T.);
#3337=EDGE_CURVE('',#2680,#2546,#3968,.T.);
#3338=EDGE_CURVE('',#2545,#2682,#3969,.T.);
#3339=EDGE_CURVE('',#2564,#2692,#3970,.T.);
#3340=EDGE_CURVE('',#2694,#2563,#3971,.T.);
#3341=EDGE_CURVE('',#2696,#2562,#3972,.T.);
#3342=EDGE_CURVE('',#2565,#2690,#3973,.T.);
#3343=EDGE_CURVE('',#2698,#2561,#3974,.T.);
#3344=EDGE_CURVE('',#2566,#2688,#3975,.T.);
#3345=EDGE_CURVE('',#2700,#2560,#3976,.T.);
#3346=EDGE_CURVE('',#2567,#2686,#3977,.T.);
#3347=EDGE_CURVE('',#2702,#2559,#3978,.T.);
#3348=EDGE_CURVE('',#2556,#2685,#3979,.T.);
#3349=EDGE_CURVE('',#2704,#2558,#3980,.T.);
#3350=EDGE_CURVE('',#2557,#2706,#3981,.T.);
#3351=EDGE_CURVE('',#2576,#2716,#3982,.T.);
#3352=EDGE_CURVE('',#2718,#2575,#3983,.T.);
#3353=EDGE_CURVE('',#2720,#2574,#3984,.T.);
#3354=EDGE_CURVE('',#2577,#2714,#3985,.T.);
#3355=EDGE_CURVE('',#2722,#2573,#3986,.T.);
#3356=EDGE_CURVE('',#2578,#2712,#3987,.T.);
#3357=EDGE_CURVE('',#2724,#2572,#3988,.T.);
#3358=EDGE_CURVE('',#2579,#2710,#3989,.T.);
#3359=EDGE_CURVE('',#2726,#2571,#3990,.T.);
#3360=EDGE_CURVE('',#2568,#2709,#3991,.T.);
#3361=EDGE_CURVE('',#2728,#2570,#3992,.T.);
#3362=EDGE_CURVE('',#2569,#2730,#3993,.T.);
#3363=EDGE_CURVE('',#2628,#2407,#3994,.T.);
#3364=EDGE_CURVE('',#2629,#2406,#3995,.T.);
#3365=EDGE_CURVE('',#2630,#2415,#3996,.T.);
#3366=EDGE_CURVE('',#2631,#2414,#3997,.T.);
#3367=EDGE_CURVE('',#2632,#2413,#3998,.T.);
#3368=EDGE_CURVE('',#2633,#2412,#3999,.T.);
#3369=EDGE_CURVE('',#2634,#2411,#4000,.T.);
#3370=EDGE_CURVE('',#2635,#2410,#4001,.T.);
#3371=EDGE_CURVE('',#2732,#2733,#4002,.T.);
#3372=EDGE_CURVE('',#2732,#2358,#4003,.T.);
#3373=EDGE_CURVE('',#2359,#2733,#4004,.T.);
#3374=EDGE_CURVE('',#2360,#2734,#4005,.T.);
#3375=EDGE_CURVE('',#2735,#2734,#4006,.T.);
#3376=EDGE_CURVE('',#2735,#2361,#4007,.T.);
#3377=EDGE_CURVE('',#2734,#2732,#4008,.T.);
#3378=EDGE_CURVE('',#2733,#2735,#4009,.T.);
#3379=LINE('',#6050,#4010);
#3380=LINE('',#6053,#4011);
#3381=LINE('',#6055,#4012);
#3382=LINE('',#6057,#4013);
#3383=LINE('',#6058,#4014);
#3384=LINE('',#6061,#4015);
#3385=LINE('',#6063,#4016);
#3386=LINE('',#6065,#4017);
#3387=LINE('',#6067,#4018);
#3388=LINE('',#6069,#4019);
#3389=LINE('',#6071,#4020);
#3390=LINE('',#6073,#4021);
#3391=LINE('',#6075,#4022);
#3392=LINE('',#6077,#4023);
#3393=LINE('',#6079,#4024);
#3394=LINE('',#6081,#4025);
#3395=LINE('',#6083,#4026);
#3396=LINE('',#6085,#4027);
#3397=LINE('',#6087,#4028);
#3398=LINE('',#6089,#4029);
#3399=LINE('',#6091,#4030);
#3400=LINE('',#6093,#4031);
#3401=LINE('',#6095,#4032);
#3402=LINE('',#6097,#4033);
#3403=LINE('',#6099,#4034);
#3404=LINE('',#6101,#4035);
#3405=LINE('',#6103,#4036);
#3406=LINE('',#6105,#4037);
#3407=LINE('',#6106,#4038);
#3408=LINE('',#6109,#4039);
#3409=LINE('',#6111,#4040);
#3410=LINE('',#6113,#4041);
#3411=LINE('',#6115,#4042);
#3412=LINE('',#6118,#4043);
#3413=LINE('',#6120,#4044);
#3414=LINE('',#6122,#4045);
#3415=LINE('',#6124,#4046);
#3416=LINE('',#6126,#4047);
#3417=LINE('',#6128,#4048);
#3418=LINE('',#6130,#4049);
#3419=LINE('',#6132,#4050);
#3420=LINE('',#6134,#4051);
#3421=LINE('',#6136,#4052);
#3422=LINE('',#6138,#4053);
#3423=LINE('',#6140,#4054);
#3424=LINE('',#6142,#4055);
#3425=LINE('',#6144,#4056);
#3426=LINE('',#6146,#4057);
#3427=LINE('',#6148,#4058);
#3428=LINE('',#6150,#4059);
#3429=LINE('',#6152,#4060);
#3430=LINE('',#6154,#4061);
#3431=LINE('',#6156,#4062);
#3432=LINE('',#6158,#4063);
#3433=LINE('',#6160,#4064);
#3434=LINE('',#6162,#4065);
#3435=LINE('',#6164,#4066);
#3436=LINE('',#6166,#4067);
#3437=LINE('',#6168,#4068);
#3438=LINE('',#6170,#4069);
#3439=LINE('',#6172,#4070);
#3440=LINE('',#6174,#4071);
#3441=LINE('',#6176,#4072);
#3442=LINE('',#6178,#4073);
#3443=LINE('',#6180,#4074);
#3444=LINE('',#6182,#4075);
#3445=LINE('',#6184,#4076);
#3446=LINE('',#6186,#4077);
#3447=LINE('',#6188,#4078);
#3448=LINE('',#6190,#4079);
#3449=LINE('',#6192,#4080);
#3450=LINE('',#6194,#4081);
#3451=LINE('',#6196,#4082);
#3452=LINE('',#6198,#4083);
#3453=LINE('',#6200,#4084);
#3454=LINE('',#6202,#4085);
#3455=LINE('',#6204,#4086);
#3456=LINE('',#6206,#4087);
#3457=LINE('',#6208,#4088);
#3458=LINE('',#6210,#4089);
#3459=LINE('',#6212,#4090);
#3460=LINE('',#6214,#4091);
#3461=LINE('',#6216,#4092);
#3462=LINE('',#6218,#4093);
#3463=LINE('',#6219,#4094);
#3464=LINE('',#6220,#4095);
#3465=LINE('',#6221,#4096);
#3466=LINE('',#6223,#4097);
#3467=LINE('',#6225,#4098);
#3468=LINE('',#6226,#4099);
#3469=LINE('',#6228,#4100);
#3470=LINE('',#6230,#4101);
#3471=LINE('',#6231,#4102);
#3472=LINE('',#6233,#4103);
#3473=LINE('',#6235,#4104);
#3474=LINE('',#6236,#4105);
#3475=LINE('',#6238,#4106);
#3476=LINE('',#6240,#4107);
#3477=LINE('',#6242,#4108);
#3478=LINE('',#6245,#4109);
#3479=LINE('',#6247,#4110);
#3480=LINE('',#6249,#4111);
#3481=LINE('',#6251,#4112);
#3482=LINE('',#6253,#4113);
#3483=LINE('',#6255,#4114);
#3484=LINE('',#6257,#4115);
#3485=LINE('',#6259,#4116);
#3486=LINE('',#6261,#4117);
#3487=LINE('',#6263,#4118);
#3488=LINE('',#6265,#4119);
#3489=LINE('',#6267,#4120);
#3490=LINE('',#6269,#4121);
#3491=LINE('',#6271,#4122);
#3492=LINE('',#6273,#4123);
#3493=LINE('',#6275,#4124);
#3494=LINE('',#6277,#4125);
#3495=LINE('',#6279,#4126);
#3496=LINE('',#6281,#4127);
#3497=LINE('',#6283,#4128);
#3498=LINE('',#6285,#4129);
#3499=LINE('',#6287,#4130);
#3500=LINE('',#6289,#4131);
#3501=LINE('',#6291,#4132);
#3502=LINE('',#6293,#4133);
#3503=LINE('',#6295,#4134);
#3504=LINE('',#6297,#4135);
#3505=LINE('',#6299,#4136);
#3506=LINE('',#6302,#4137);
#3507=LINE('',#6304,#4138);
#3508=LINE('',#6306,#4139);
#3509=LINE('',#6308,#4140);
#3510=LINE('',#6310,#4141);
#3511=LINE('',#6312,#4142);
#3512=LINE('',#6314,#4143);
#3513=LINE('',#6315,#4144);
#3514=LINE('',#6317,#4145);
#3515=LINE('',#6320,#4146);
#3516=LINE('',#6322,#4147);
#3517=LINE('',#6324,#4148);
#3518=LINE('',#6326,#4149);
#3519=LINE('',#6328,#4150);
#3520=LINE('',#6330,#4151);
#3521=LINE('',#6332,#4152);
#3522=LINE('',#6333,#4153);
#3523=LINE('',#6335,#4154);
#3524=LINE('',#6338,#4155);
#3525=LINE('',#6340,#4156);
#3526=LINE('',#6342,#4157);
#3527=LINE('',#6344,#4158);
#3528=LINE('',#6346,#4159);
#3529=LINE('',#6348,#4160);
#3530=LINE('',#6350,#4161);
#3531=LINE('',#6351,#4162);
#3532=LINE('',#6353,#4163);
#3533=LINE('',#6356,#4164);
#3534=LINE('',#6358,#4165);
#3535=LINE('',#6360,#4166);
#3536=LINE('',#6362,#4167);
#3537=LINE('',#6364,#4168);
#3538=LINE('',#6366,#4169);
#3539=LINE('',#6368,#4170);
#3540=LINE('',#6369,#4171);
#3541=LINE('',#6371,#4172);
#3542=LINE('',#6373,#4173);
#3543=LINE('',#6375,#4174);
#3544=LINE('',#6376,#4175);
#3545=LINE('',#6378,#4176);
#3546=LINE('',#6380,#4177);
#3547=LINE('',#6381,#4178);
#3548=LINE('',#6383,#4179);
#3549=LINE('',#6385,#4180);
#3550=LINE('',#6386,#4181);
#3551=LINE('',#6388,#4182);
#3552=LINE('',#6390,#4183);
#3553=LINE('',#6392,#4184);
#3554=LINE('',#6394,#4185);
#3555=LINE('',#6396,#4186);
#3556=LINE('',#6398,#4187);
#3557=LINE('',#6400,#4188);
#3558=LINE('',#6402,#4189);
#3559=LINE('',#6404,#4190);
#3560=LINE('',#6406,#4191);
#3561=LINE('',#6408,#4192);
#3562=LINE('',#6410,#4193);
#3563=LINE('',#6411,#4194);
#3564=LINE('',#6413,#4195);
#3565=LINE('',#6415,#4196);
#3566=LINE('',#6417,#4197);
#3567=LINE('',#6419,#4198);
#3568=LINE('',#6420,#4199);
#3569=LINE('',#6422,#4200);
#3570=LINE('',#6424,#4201);
#3571=LINE('',#6426,#4202);
#3572=LINE('',#6428,#4203);
#3573=LINE('',#6429,#4204);
#3574=LINE('',#6431,#4205);
#3575=LINE('',#6433,#4206);
#3576=LINE('',#6435,#4207);
#3577=LINE('',#6437,#4208);
#3578=LINE('',#6438,#4209);
#3579=LINE('',#6440,#4210);
#3580=LINE('',#6442,#4211);
#3581=LINE('',#6444,#4212);
#3582=LINE('',#6446,#4213);
#3583=LINE('',#6447,#4214);
#3584=LINE('',#6449,#4215);
#3585=LINE('',#6451,#4216);
#3586=LINE('',#6453,#4217);
#3587=LINE('',#6454,#4218);
#3588=LINE('',#6456,#4219);
#3589=LINE('',#6457,#4220);
#3590=LINE('',#6459,#4221);
#3591=LINE('',#6460,#4222);
#3592=LINE('',#6462,#4223);
#3593=LINE('',#6463,#4224);
#3594=LINE('',#6465,#4225);
#3595=LINE('',#6467,#4226);
#3596=LINE('',#6469,#4227);
#3597=LINE('',#6470,#4228);
#3598=LINE('',#6472,#4229);
#3599=LINE('',#6474,#4230);
#3600=LINE('',#6476,#4231);
#3601=LINE('',#6478,#4232);
#3602=LINE('',#6479,#4233);
#3603=LINE('',#6481,#4234);
#3604=LINE('',#6483,#4235);
#3605=LINE('',#6485,#4236);
#3606=LINE('',#6487,#4237);
#3607=LINE('',#6489,#4238);
#3608=LINE('',#6491,#4239);
#3609=LINE('',#6493,#4240);
#3610=LINE('',#6495,#4241);
#3611=LINE('',#6496,#4242);
#3612=LINE('',#6498,#4243);
#3613=LINE('',#6500,#4244);
#3614=LINE('',#6502,#4245);
#3615=LINE('',#6504,#4246);
#3616=LINE('',#6506,#4247);
#3617=LINE('',#6508,#4248);
#3618=LINE('',#6510,#4249);
#3619=LINE('',#6511,#4250);
#3620=LINE('',#6513,#4251);
#3621=LINE('',#6514,#4252);
#3622=LINE('',#6516,#4253);
#3623=LINE('',#6519,#4254);
#3624=LINE('',#6521,#4255);
#3625=LINE('',#6523,#4256);
#3626=LINE('',#6527,#4257);
#3627=LINE('',#6531,#4258);
#3628=LINE('',#6533,#4259);
#3629=LINE('',#6535,#4260);
#3630=LINE('',#6539,#4261);
#3631=LINE('',#6543,#4262);
#3632=LINE('',#6545,#4263);
#3633=LINE('',#6547,#4264);
#3634=LINE('',#6555,#4265);
#3635=LINE('',#6558,#4266);
#3636=LINE('',#6560,#4267);
#3637=LINE('',#6562,#4268);
#3638=LINE('',#6564,#4269);
#3639=LINE('',#6566,#4270);
#3640=LINE('',#6568,#4271);
#3641=LINE('',#6570,#4272);
#3642=LINE('',#6572,#4273);
#3643=LINE('',#6574,#4274);
#3644=LINE('',#6576,#4275);
#3645=LINE('',#6578,#4276);
#3646=LINE('',#6579,#4277);
#3647=LINE('',#6582,#4278);
#3648=LINE('',#6584,#4279);
#3649=LINE('',#6586,#4280);
#3650=LINE('',#6588,#4281);
#3651=LINE('',#6590,#4282);
#3652=LINE('',#6592,#4283);
#3653=LINE('',#6594,#4284);
#3654=LINE('',#6596,#4285);
#3655=LINE('',#6598,#4286);
#3656=LINE('',#6600,#4287);
#3657=LINE('',#6602,#4288);
#3658=LINE('',#6603,#4289);
#3659=LINE('',#6606,#4290);
#3660=LINE('',#6608,#4291);
#3661=LINE('',#6610,#4292);
#3662=LINE('',#6612,#4293);
#3663=LINE('',#6614,#4294);
#3664=LINE('',#6616,#4295);
#3665=LINE('',#6618,#4296);
#3666=LINE('',#6620,#4297);
#3667=LINE('',#6622,#4298);
#3668=LINE('',#6624,#4299);
#3669=LINE('',#6626,#4300);
#3670=LINE('',#6627,#4301);
#3671=LINE('',#6630,#4302);
#3672=LINE('',#6632,#4303);
#3673=LINE('',#6634,#4304);
#3674=LINE('',#6636,#4305);
#3675=LINE('',#6638,#4306);
#3676=LINE('',#6640,#4307);
#3677=LINE('',#6642,#4308);
#3678=LINE('',#6644,#4309);
#3679=LINE('',#6646,#4310);
#3680=LINE('',#6648,#4311);
#3681=LINE('',#6650,#4312);
#3682=LINE('',#6651,#4313);
#3683=LINE('',#6654,#4314);
#3684=LINE('',#6656,#4315);
#3685=LINE('',#6658,#4316);
#3686=LINE('',#6660,#4317);
#3687=LINE('',#6662,#4318);
#3688=LINE('',#6664,#4319);
#3689=LINE('',#6666,#4320);
#3690=LINE('',#6668,#4321);
#3691=LINE('',#6670,#4322);
#3692=LINE('',#6672,#4323);
#3693=LINE('',#6674,#4324);
#3694=LINE('',#6676,#4325);
#3695=LINE('',#6677,#4326);
#3696=LINE('',#6679,#4327);
#3697=LINE('',#6681,#4328);
#3698=LINE('',#6683,#4329);
#3699=LINE('',#6687,#4330);
#3700=LINE('',#6689,#4331);
#3701=LINE('',#6691,#4332);
#3702=LINE('',#6693,#4333);
#3703=LINE('',#6696,#4334);
#3704=LINE('',#6698,#4335);
#3705=LINE('',#6700,#4336);
#3706=LINE('',#6702,#4337);
#3707=LINE('',#6704,#4338);
#3708=LINE('',#6706,#4339);
#3709=LINE('',#6708,#4340);
#3710=LINE('',#6710,#4341);
#3711=LINE('',#6712,#4342);
#3712=LINE('',#6714,#4343);
#3713=LINE('',#6716,#4344);
#3714=LINE('',#6718,#4345);
#3715=LINE('',#6720,#4346);
#3716=LINE('',#6722,#4347);
#3717=LINE('',#6724,#4348);
#3718=LINE('',#6726,#4349);
#3719=LINE('',#6728,#4350);
#3720=LINE('',#6730,#4351);
#3721=LINE('',#6732,#4352);
#3722=LINE('',#6734,#4353);
#3723=LINE('',#6736,#4354);
#3724=LINE('',#6738,#4355);
#3725=LINE('',#6740,#4356);
#3726=LINE('',#6742,#4357);
#3727=LINE('',#6744,#4358);
#3728=LINE('',#6746,#4359);
#3729=LINE('',#6748,#4360);
#3730=LINE('',#6750,#4361);
#3731=LINE('',#6752,#4362);
#3732=LINE('',#6754,#4363);
#3733=LINE('',#6756,#4364);
#3734=LINE('',#6758,#4365);
#3735=LINE('',#6760,#4366);
#3736=LINE('',#6762,#4367);
#3737=LINE('',#6763,#4368);
#3738=LINE('',#6766,#4369);
#3739=LINE('',#6767,#4370);
#3740=LINE('',#6769,#4371);
#3741=LINE('',#6771,#4372);
#3742=LINE('',#6775,#4373);
#3743=LINE('',#6776,#4374);
#3744=LINE('',#6778,#4375);
#3745=LINE('',#6780,#4376);
#3746=LINE('',#6782,#4377);
#3747=LINE('',#6784,#4378);
#3748=LINE('',#6786,#4379);
#3749=LINE('',#6788,#4380);
#3750=LINE('',#6790,#4381);
#3751=LINE('',#6792,#4382);
#3752=LINE('',#6794,#4383);
#3753=LINE('',#6796,#4384);
#3754=LINE('',#6799,#4385);
#3755=LINE('',#6801,#4386);
#3756=LINE('',#6804,#4387);
#3757=LINE('',#6806,#4388);
#3758=LINE('',#6808,#4389);
#3759=LINE('',#6810,#4390);
#3760=LINE('',#6812,#4391);
#3761=LINE('',#6814,#4392);
#3762=LINE('',#6816,#4393);
#3763=LINE('',#6818,#4394);
#3764=LINE('',#6820,#4395);
#3765=LINE('',#6822,#4396);
#3766=LINE('',#6826,#4397);
#3767=LINE('',#6829,#4398);
#3768=LINE('',#6830,#4399);
#3769=LINE('',#6832,#4400);
#3770=LINE('',#6834,#4401);
#3771=LINE('',#6836,#4402);
#3772=LINE('',#6838,#4403);
#3773=LINE('',#6839,#4404);
#3774=LINE('',#6860,#4405);
#3775=LINE('',#6862,#4406);
#3776=LINE('',#6864,#4407);
#3777=LINE('',#6866,#4408);
#3778=LINE('',#6868,#4409);
#3779=LINE('',#6870,#4410);
#3780=LINE('',#6872,#4411);
#3781=LINE('',#6874,#4412);
#3782=LINE('',#6876,#4413);
#3783=LINE('',#6878,#4414);
#3784=LINE('',#6880,#4415);
#3785=LINE('',#6882,#4416);
#3786=LINE('',#6884,#4417);
#3787=LINE('',#6887,#4418);
#3788=LINE('',#6889,#4419);
#3789=LINE('',#6891,#4420);
#3790=LINE('',#6893,#4421);
#3791=LINE('',#6895,#4422);
#3792=LINE('',#6897,#4423);
#3793=LINE('',#6899,#4424);
#3794=LINE('',#6901,#4425);
#3795=LINE('',#6903,#4426);
#3796=LINE('',#6905,#4427);
#3797=LINE('',#6907,#4428);
#3798=LINE('',#6909,#4429);
#3799=LINE('',#6911,#4430);
#3800=LINE('',#6913,#4431);
#3801=LINE('',#6915,#4432);
#3802=LINE('',#6917,#4433);
#3803=LINE('',#6919,#4434);
#3804=LINE('',#6921,#4435);
#3805=LINE('',#6923,#4436);
#3806=LINE('',#6925,#4437);
#3807=LINE('',#6927,#4438);
#3808=LINE('',#6929,#4439);
#3809=LINE('',#6931,#4440);
#3810=LINE('',#6933,#4441);
#3811=LINE('',#6935,#4442);
#3812=LINE('',#6937,#4443);
#3813=LINE('',#6939,#4444);
#3814=LINE('',#6941,#4445);
#3815=LINE('',#6943,#4446);
#3816=LINE('',#6945,#4447);
#3817=LINE('',#6947,#4448);
#3818=LINE('',#6949,#4449);
#3819=LINE('',#6951,#4450);
#3820=LINE('',#6953,#4451);
#3821=LINE('',#6954,#4452);
#3822=LINE('',#6957,#4453);
#3823=LINE('',#6960,#4454);
#3824=LINE('',#6962,#4455);
#3825=LINE('',#6964,#4456);
#3826=LINE('',#6966,#4457);
#3827=LINE('',#6968,#4458);
#3828=LINE('',#6970,#4459);
#3829=LINE('',#6972,#4460);
#3830=LINE('',#6974,#4461);
#3831=LINE('',#6976,#4462);
#3832=LINE('',#6978,#4463);
#3833=LINE('',#6980,#4464);
#3834=LINE('',#6982,#4465);
#3835=LINE('',#6984,#4466);
#3836=LINE('',#6986,#4467);
#3837=LINE('',#6988,#4468);
#3838=LINE('',#6990,#4469);
#3839=LINE('',#6992,#4470);
#3840=LINE('',#6994,#4471);
#3841=LINE('',#6996,#4472);
#3842=LINE('',#6998,#4473);
#3843=LINE('',#7000,#4474);
#3844=LINE('',#7002,#4475);
#3845=LINE('',#7004,#4476);
#3846=LINE('',#7006,#4477);
#3847=LINE('',#7008,#4478);
#3848=LINE('',#7010,#4479);
#3849=LINE('',#7012,#4480);
#3850=LINE('',#7014,#4481);
#3851=LINE('',#7016,#4482);
#3852=LINE('',#7018,#4483);
#3853=LINE('',#7020,#4484);
#3854=LINE('',#7022,#4485);
#3855=LINE('',#7024,#4486);
#3856=LINE('',#7026,#4487);
#3857=LINE('',#7027,#4488);
#3858=LINE('',#7030,#4489);
#3859=LINE('',#7033,#4490);
#3860=LINE('',#7035,#4491);
#3861=LINE('',#7037,#4492);
#3862=LINE('',#7039,#4493);
#3863=LINE('',#7041,#4494);
#3864=LINE('',#7043,#4495);
#3865=LINE('',#7045,#4496);
#3866=LINE('',#7047,#4497);
#3867=LINE('',#7049,#4498);
#3868=LINE('',#7051,#4499);
#3869=LINE('',#7053,#4500);
#3870=LINE('',#7055,#4501);
#3871=LINE('',#7057,#4502);
#3872=LINE('',#7059,#4503);
#3873=LINE('',#7061,#4504);
#3874=LINE('',#7063,#4505);
#3875=LINE('',#7065,#4506);
#3876=LINE('',#7067,#4507);
#3877=LINE('',#7069,#4508);
#3878=LINE('',#7071,#4509);
#3879=LINE('',#7073,#4510);
#3880=LINE('',#7075,#4511);
#3881=LINE('',#7077,#4512);
#3882=LINE('',#7079,#4513);
#3883=LINE('',#7081,#4514);
#3884=LINE('',#7083,#4515);
#3885=LINE('',#7085,#4516);
#3886=LINE('',#7087,#4517);
#3887=LINE('',#7089,#4518);
#3888=LINE('',#7091,#4519);
#3889=LINE('',#7093,#4520);
#3890=LINE('',#7095,#4521);
#3891=LINE('',#7097,#4522);
#3892=LINE('',#7099,#4523);
#3893=LINE('',#7100,#4524);
#3894=LINE('',#7103,#4525);
#3895=LINE('',#7106,#4526);
#3896=LINE('',#7108,#4527);
#3897=LINE('',#7110,#4528);
#3898=LINE('',#7112,#4529);
#3899=LINE('',#7114,#4530);
#3900=LINE('',#7116,#4531);
#3901=LINE('',#7118,#4532);
#3902=LINE('',#7120,#4533);
#3903=LINE('',#7122,#4534);
#3904=LINE('',#7124,#4535);
#3905=LINE('',#7126,#4536);
#3906=LINE('',#7128,#4537);
#3907=LINE('',#7130,#4538);
#3908=LINE('',#7132,#4539);
#3909=LINE('',#7134,#4540);
#3910=LINE('',#7136,#4541);
#3911=LINE('',#7138,#4542);
#3912=LINE('',#7140,#4543);
#3913=LINE('',#7142,#4544);
#3914=LINE('',#7144,#4545);
#3915=LINE('',#7146,#4546);
#3916=LINE('',#7148,#4547);
#3917=LINE('',#7150,#4548);
#3918=LINE('',#7152,#4549);
#3919=LINE('',#7154,#4550);
#3920=LINE('',#7156,#4551);
#3921=LINE('',#7158,#4552);
#3922=LINE('',#7160,#4553);
#3923=LINE('',#7162,#4554);
#3924=LINE('',#7164,#4555);
#3925=LINE('',#7166,#4556);
#3926=LINE('',#7168,#4557);
#3927=LINE('',#7170,#4558);
#3928=LINE('',#7172,#4559);
#3929=LINE('',#7173,#4560);
#3930=LINE('',#7176,#4561);
#3931=LINE('',#7177,#4562);
#3932=LINE('',#7179,#4563);
#3933=LINE('',#7181,#4564);
#3934=LINE('',#7185,#4565);
#3935=LINE('',#7186,#4566);
#3936=LINE('',#7188,#4567);
#3937=LINE('',#7190,#4568);
#3938=LINE('',#7194,#4569);
#3939=LINE('',#7195,#4570);
#3940=LINE('',#7197,#4571);
#3941=LINE('',#7199,#4572);
#3942=LINE('',#7203,#4573);
#3943=LINE('',#7204,#4574);
#3944=LINE('',#7206,#4575);
#3945=LINE('',#7208,#4576);
#3946=LINE('',#7212,#4577);
#3947=LINE('',#7213,#4578);
#3948=LINE('',#7215,#4579);
#3949=LINE('',#7217,#4580);
#3950=LINE('',#7219,#4581);
#3951=LINE('',#7221,#4582);
#3952=LINE('',#7223,#4583);
#3953=LINE('',#7225,#4584);
#3954=LINE('',#7227,#4585);
#3955=LINE('',#7229,#4586);
#3956=LINE('',#7231,#4587);
#3957=LINE('',#7233,#4588);
#3958=LINE('',#7236,#4589);
#3959=LINE('',#7237,#4590);
#3960=LINE('',#7239,#4591);
#3961=LINE('',#7241,#4592);
#3962=LINE('',#7243,#4593);
#3963=LINE('',#7245,#4594);
#3964=LINE('',#7247,#4595);
#3965=LINE('',#7249,#4596);
#3966=LINE('',#7251,#4597);
#3967=LINE('',#7253,#4598);
#3968=LINE('',#7255,#4599);
#3969=LINE('',#7257,#4600);
#3970=LINE('',#7260,#4601);
#3971=LINE('',#7261,#4602);
#3972=LINE('',#7263,#4603);
#3973=LINE('',#7265,#4604);
#3974=LINE('',#7267,#4605);
#3975=LINE('',#7269,#4606);
#3976=LINE('',#7271,#4607);
#3977=LINE('',#7273,#4608);
#3978=LINE('',#7275,#4609);
#3979=LINE('',#7277,#4610);
#3980=LINE('',#7279,#4611);
#3981=LINE('',#7281,#4612);
#3982=LINE('',#7284,#4613);
#3983=LINE('',#7285,#4614);
#3984=LINE('',#7287,#4615);
#3985=LINE('',#7289,#4616);
#3986=LINE('',#7291,#4617);
#3987=LINE('',#7293,#4618);
#3988=LINE('',#7295,#4619);
#3989=LINE('',#7297,#4620);
#3990=LINE('',#7299,#4621);
#3991=LINE('',#7301,#4622);
#3992=LINE('',#7303,#4623);
#3993=LINE('',#7305,#4624);
#3994=LINE('',#7308,#4625);
#3995=LINE('',#7310,#4626);
#3996=LINE('',#7313,#4627);
#3997=LINE('',#7315,#4628);
#3998=LINE('',#7318,#4629);
#3999=LINE('',#7320,#4630);
#4000=LINE('',#7323,#4631);
#4001=LINE('',#7325,#4632);
#4002=LINE('',#7328,#4633);
#4003=LINE('',#7331,#4634);
#4004=LINE('',#7332,#4635);
#4005=LINE('',#7334,#4636);
#4006=LINE('',#7336,#4637);
#4007=LINE('',#7338,#4638);
#4008=LINE('',#7340,#4639);
#4009=LINE('',#7341,#4640);
#4010=VECTOR('',#4902,1.);
#4011=VECTOR('',#4903,1.);
#4012=VECTOR('',#4904,1.);
#4013=VECTOR('',#4905,1.);
#4014=VECTOR('',#4906,1.);
#4015=VECTOR('',#4907,1.);
#4016=VECTOR('',#4908,1.);
#4017=VECTOR('',#4909,1.);
#4018=VECTOR('',#4910,1.);
#4019=VECTOR('',#4911,1.);
#4020=VECTOR('',#4912,1.);
#4021=VECTOR('',#4913,1.);
#4022=VECTOR('',#4914,1.);
#4023=VECTOR('',#4915,1.);
#4024=VECTOR('',#4916,1.);
#4025=VECTOR('',#4917,1.);
#4026=VECTOR('',#4918,1.);
#4027=VECTOR('',#4919,1.);
#4028=VECTOR('',#4920,1.);
#4029=VECTOR('',#4921,1.);
#4030=VECTOR('',#4922,1.);
#4031=VECTOR('',#4923,1.);
#4032=VECTOR('',#4924,1.);
#4033=VECTOR('',#4925,1.);
#4034=VECTOR('',#4926,1.);
#4035=VECTOR('',#4927,1.);
#4036=VECTOR('',#4928,1.);
#4037=VECTOR('',#4929,1.);
#4038=VECTOR('',#4930,1.);
#4039=VECTOR('',#4931,1.);
#4040=VECTOR('',#4932,1.);
#4041=VECTOR('',#4933,1.);
#4042=VECTOR('',#4936,1.);
#4043=VECTOR('',#4937,1.);
#4044=VECTOR('',#4938,1.);
#4045=VECTOR('',#4939,1.);
#4046=VECTOR('',#4940,1.);
#4047=VECTOR('',#4941,1.);
#4048=VECTOR('',#4942,1.);
#4049=VECTOR('',#4943,1.);
#4050=VECTOR('',#4944,1.);
#4051=VECTOR('',#4945,1.);
#4052=VECTOR('',#4946,1.);
#4053=VECTOR('',#4947,1.);
#4054=VECTOR('',#4948,1.);
#4055=VECTOR('',#4949,1.);
#4056=VECTOR('',#4950,1.);
#4057=VECTOR('',#4951,1.);
#4058=VECTOR('',#4952,1.);
#4059=VECTOR('',#4953,1.);
#4060=VECTOR('',#4954,1.);
#4061=VECTOR('',#4955,1.);
#4062=VECTOR('',#4956,1.);
#4063=VECTOR('',#4957,1.);
#4064=VECTOR('',#4958,1.);
#4065=VECTOR('',#4959,1.);
#4066=VECTOR('',#4960,1.);
#4067=VECTOR('',#4961,1.);
#4068=VECTOR('',#4962,1.);
#4069=VECTOR('',#4963,1.);
#4070=VECTOR('',#4964,1.);
#4071=VECTOR('',#4965,1.);
#4072=VECTOR('',#4966,1.);
#4073=VECTOR('',#4967,1.);
#4074=VECTOR('',#4968,1.);
#4075=VECTOR('',#4969,1.);
#4076=VECTOR('',#4972,1.);
#4077=VECTOR('',#4973,1.);
#4078=VECTOR('',#4974,1.);
#4079=VECTOR('',#4977,1.);
#4080=VECTOR('',#4978,1.);
#4081=VECTOR('',#4979,1.);
#4082=VECTOR('',#4982,1.);
#4083=VECTOR('',#4983,1.);
#4084=VECTOR('',#4984,1.);
#4085=VECTOR('',#4987,1.);
#4086=VECTOR('',#4988,1.);
#4087=VECTOR('',#4989,1.);
#4088=VECTOR('',#4992,1.);
#4089=VECTOR('',#4993,1.);
#4090=VECTOR('',#4994,1.);
#4091=VECTOR('',#4997,1.);
#4092=VECTOR('',#4998,1.);
#4093=VECTOR('',#4999,1.);
#4094=VECTOR('',#5000,1.);
#4095=VECTOR('',#5001,1.);
#4096=VECTOR('',#5002,1.);
#4097=VECTOR('',#5003,1.);
#4098=VECTOR('',#5004,1.);
#4099=VECTOR('',#5005,1.);
#4100=VECTOR('',#5006,1.);
#4101=VECTOR('',#5007,1.);
#4102=VECTOR('',#5008,1.);
#4103=VECTOR('',#5009,1.);
#4104=VECTOR('',#5010,1.);
#4105=VECTOR('',#5011,1.);
#4106=VECTOR('',#5012,1.);
#4107=VECTOR('',#5013,1.);
#4108=VECTOR('',#5016,1.);
#4109=VECTOR('',#5017,1.);
#4110=VECTOR('',#5018,1.);
#4111=VECTOR('',#5019,1.);
#4112=VECTOR('',#5020,1.);
#4113=VECTOR('',#5021,1.);
#4114=VECTOR('',#5022,1.);
#4115=VECTOR('',#5023,1.);
#4116=VECTOR('',#5024,1.);
#4117=VECTOR('',#5025,1.);
#4118=VECTOR('',#5026,1.);
#4119=VECTOR('',#5027,1.);
#4120=VECTOR('',#5028,1.);
#4121=VECTOR('',#5029,1.);
#4122=VECTOR('',#5030,1.);
#4123=VECTOR('',#5031,1.);
#4124=VECTOR('',#5032,1.);
#4125=VECTOR('',#5033,1.);
#4126=VECTOR('',#5034,1.);
#4127=VECTOR('',#5035,1.);
#4128=VECTOR('',#5036,1.);
#4129=VECTOR('',#5037,1.);
#4130=VECTOR('',#5038,1.);
#4131=VECTOR('',#5039,1.);
#4132=VECTOR('',#5040,1.);
#4133=VECTOR('',#5041,1.);
#4134=VECTOR('',#5042,1.);
#4135=VECTOR('',#5043,1.);
#4136=VECTOR('',#5046,1.);
#4137=VECTOR('',#5047,1.);
#4138=VECTOR('',#5048,1.);
#4139=VECTOR('',#5049,1.);
#4140=VECTOR('',#5052,1.);
#4141=VECTOR('',#5053,1.);
#4142=VECTOR('',#5054,1.);
#4143=VECTOR('',#5057,1.);
#4144=VECTOR('',#5058,1.);
#4145=VECTOR('',#5061,1.);
#4146=VECTOR('',#5062,1.);
#4147=VECTOR('',#5063,1.);
#4148=VECTOR('',#5064,1.);
#4149=VECTOR('',#5067,1.);
#4150=VECTOR('',#5068,1.);
#4151=VECTOR('',#5069,1.);
#4152=VECTOR('',#5072,1.);
#4153=VECTOR('',#5073,1.);
#4154=VECTOR('',#5076,1.);
#4155=VECTOR('',#5077,1.);
#4156=VECTOR('',#5078,1.);
#4157=VECTOR('',#5079,1.);
#4158=VECTOR('',#5082,1.);
#4159=VECTOR('',#5083,1.);
#4160=VECTOR('',#5084,1.);
#4161=VECTOR('',#5087,1.);
#4162=VECTOR('',#5088,1.);
#4163=VECTOR('',#5091,1.);
#4164=VECTOR('',#5092,1.);
#4165=VECTOR('',#5093,1.);
#4166=VECTOR('',#5094,1.);
#4167=VECTOR('',#5097,1.);
#4168=VECTOR('',#5098,1.);
#4169=VECTOR('',#5099,1.);
#4170=VECTOR('',#5102,1.);
#4171=VECTOR('',#5103,1.);
#4172=VECTOR('',#5106,1.);
#4173=VECTOR('',#5107,1.);
#4174=VECTOR('',#5108,1.);
#4175=VECTOR('',#5109,1.);
#4176=VECTOR('',#5110,1.);
#4177=VECTOR('',#5111,1.);
#4178=VECTOR('',#5112,1.);
#4179=VECTOR('',#5113,1.);
#4180=VECTOR('',#5114,1.);
#4181=VECTOR('',#5115,1.);
#4182=VECTOR('',#5116,1.);
#4183=VECTOR('',#5117,1.);
#4184=VECTOR('',#5118,1.);
#4185=VECTOR('',#5119,1.);
#4186=VECTOR('',#5120,1.);
#4187=VECTOR('',#5121,1.);
#4188=VECTOR('',#5122,1.);
#4189=VECTOR('',#5123,1.);
#4190=VECTOR('',#5124,1.);
#4191=VECTOR('',#5125,1.);
#4192=VECTOR('',#5126,1.);
#4193=VECTOR('',#5127,1.);
#4194=VECTOR('',#5128,1.);
#4195=VECTOR('',#5129,1.);
#4196=VECTOR('',#5130,1.);
#4197=VECTOR('',#5131,1.);
#4198=VECTOR('',#5132,1.);
#4199=VECTOR('',#5133,1.);
#4200=VECTOR('',#5134,1.);
#4201=VECTOR('',#5135,1.);
#4202=VECTOR('',#5136,1.);
#4203=VECTOR('',#5137,1.);
#4204=VECTOR('',#5138,1.);
#4205=VECTOR('',#5139,1.);
#4206=VECTOR('',#5140,1.);
#4207=VECTOR('',#5141,1.);
#4208=VECTOR('',#5142,1.);
#4209=VECTOR('',#5143,1.);
#4210=VECTOR('',#5144,1.);
#4211=VECTOR('',#5145,1.);
#4212=VECTOR('',#5146,1.);
#4213=VECTOR('',#5147,1.);
#4214=VECTOR('',#5148,1.);
#4215=VECTOR('',#5149,1.);
#4216=VECTOR('',#5150,1.);
#4217=VECTOR('',#5153,1.);
#4218=VECTOR('',#5154,1.);
#4219=VECTOR('',#5157,1.);
#4220=VECTOR('',#5158,1.);
#4221=VECTOR('',#5161,1.);
#4222=VECTOR('',#5162,1.);
#4223=VECTOR('',#5165,1.);
#4224=VECTOR('',#5166,1.);
#4225=VECTOR('',#5169,1.);
#4226=VECTOR('',#5170,1.);
#4227=VECTOR('',#5171,1.);
#4228=VECTOR('',#5172,1.);
#4229=VECTOR('',#5173,1.);
#4230=VECTOR('',#5174,1.);
#4231=VECTOR('',#5175,1.);
#4232=VECTOR('',#5176,1.);
#4233=VECTOR('',#5177,1.);
#4234=VECTOR('',#5178,1.);
#4235=VECTOR('',#5179,1.);
#4236=VECTOR('',#5180,1.);
#4237=VECTOR('',#5181,1.);
#4238=VECTOR('',#5184,1.);
#4239=VECTOR('',#5185,1.);
#4240=VECTOR('',#5186,1.);
#4241=VECTOR('',#5189,1.);
#4242=VECTOR('',#5190,1.);
#4243=VECTOR('',#5193,1.);
#4244=VECTOR('',#5194,1.);
#4245=VECTOR('',#5195,1.);
#4246=VECTOR('',#5198,1.);
#4247=VECTOR('',#5199,1.);
#4248=VECTOR('',#5200,1.);
#4249=VECTOR('',#5203,1.);
#4250=VECTOR('',#5204,1.);
#4251=VECTOR('',#5207,1.);
#4252=VECTOR('',#5208,1.);
#4253=VECTOR('',#5211,1.);
#4254=VECTOR('',#5212,1.);
#4255=VECTOR('',#5213,1.);
#4256=VECTOR('',#5214,1.);
#4257=VECTOR('',#5219,1.);
#4258=VECTOR('',#5224,1.);
#4259=VECTOR('',#5225,1.);
#4260=VECTOR('',#5226,1.);
#4261=VECTOR('',#5231,1.);
#4262=VECTOR('',#5236,1.);
#4263=VECTOR('',#5237,1.);
#4264=VECTOR('',#5238,1.);
#4265=VECTOR('',#5253,1.);
#4266=VECTOR('',#5254,1.);
#4267=VECTOR('',#5255,1.);
#4268=VECTOR('',#5256,1.);
#4269=VECTOR('',#5257,1.);
#4270=VECTOR('',#5258,1.);
#4271=VECTOR('',#5259,1.);
#4272=VECTOR('',#5260,1.);
#4273=VECTOR('',#5261,1.);
#4274=VECTOR('',#5262,1.);
#4275=VECTOR('',#5263,1.);
#4276=VECTOR('',#5264,1.);
#4277=VECTOR('',#5265,1.);
#4278=VECTOR('',#5266,1.);
#4279=VECTOR('',#5267,1.);
#4280=VECTOR('',#5268,1.);
#4281=VECTOR('',#5269,1.);
#4282=VECTOR('',#5270,1.);
#4283=VECTOR('',#5271,1.);
#4284=VECTOR('',#5272,1.);
#4285=VECTOR('',#5273,1.);
#4286=VECTOR('',#5274,1.);
#4287=VECTOR('',#5275,1.);
#4288=VECTOR('',#5276,1.);
#4289=VECTOR('',#5277,1.);
#4290=VECTOR('',#5278,1.);
#4291=VECTOR('',#5279,1.);
#4292=VECTOR('',#5280,1.);
#4293=VECTOR('',#5281,1.);
#4294=VECTOR('',#5282,1.);
#4295=VECTOR('',#5283,1.);
#4296=VECTOR('',#5284,1.);
#4297=VECTOR('',#5285,1.);
#4298=VECTOR('',#5286,1.);
#4299=VECTOR('',#5287,1.);
#4300=VECTOR('',#5288,1.);
#4301=VECTOR('',#5289,1.);
#4302=VECTOR('',#5290,1.);
#4303=VECTOR('',#5291,1.);
#4304=VECTOR('',#5292,1.);
#4305=VECTOR('',#5293,1.);
#4306=VECTOR('',#5294,1.);
#4307=VECTOR('',#5295,1.);
#4308=VECTOR('',#5296,1.);
#4309=VECTOR('',#5297,1.);
#4310=VECTOR('',#5298,1.);
#4311=VECTOR('',#5299,1.);
#4312=VECTOR('',#5300,1.);
#4313=VECTOR('',#5301,1.);
#4314=VECTOR('',#5302,1.);
#4315=VECTOR('',#5303,1.);
#4316=VECTOR('',#5304,1.);
#4317=VECTOR('',#5305,1.);
#4318=VECTOR('',#5306,1.);
#4319=VECTOR('',#5307,1.);
#4320=VECTOR('',#5308,1.);
#4321=VECTOR('',#5309,1.);
#4322=VECTOR('',#5310,1.);
#4323=VECTOR('',#5311,1.);
#4324=VECTOR('',#5312,1.);
#4325=VECTOR('',#5315,1.);
#4326=VECTOR('',#5316,1.);
#4327=VECTOR('',#5319,1.);
#4328=VECTOR('',#5320,1.);
#4329=VECTOR('',#5321,1.);
#4330=VECTOR('',#5328,1.);
#4331=VECTOR('',#5329,1.);
#4332=VECTOR('',#5330,1.);
#4333=VECTOR('',#5333,1.);
#4334=VECTOR('',#5334,1.);
#4335=VECTOR('',#5335,1.);
#4336=VECTOR('',#5336,1.);
#4337=VECTOR('',#5339,1.);
#4338=VECTOR('',#5340,1.);
#4339=VECTOR('',#5341,1.);
#4340=VECTOR('',#5344,1.);
#4341=VECTOR('',#5345,1.);
#4342=VECTOR('',#5346,1.);
#4343=VECTOR('',#5349,1.);
#4344=VECTOR('',#5350,1.);
#4345=VECTOR('',#5351,1.);
#4346=VECTOR('',#5354,1.);
#4347=VECTOR('',#5355,1.);
#4348=VECTOR('',#5356,1.);
#4349=VECTOR('',#5359,1.);
#4350=VECTOR('',#5360,1.);
#4351=VECTOR('',#5361,1.);
#4352=VECTOR('',#5364,1.);
#4353=VECTOR('',#5365,1.);
#4354=VECTOR('',#5366,1.);
#4355=VECTOR('',#5369,1.);
#4356=VECTOR('',#5370,1.);
#4357=VECTOR('',#5371,1.);
#4358=VECTOR('',#5374,1.);
#4359=VECTOR('',#5375,1.);
#4360=VECTOR('',#5376,1.);
#4361=VECTOR('',#5379,1.);
#4362=VECTOR('',#5380,1.);
#4363=VECTOR('',#5381,1.);
#4364=VECTOR('',#5384,1.);
#4365=VECTOR('',#5385,1.);
#4366=VECTOR('',#5386,1.);
#4367=VECTOR('',#5389,1.);
#4368=VECTOR('',#5390,1.);
#4369=VECTOR('',#5395,1.);
#4370=VECTOR('',#5396,1.);
#4371=VECTOR('',#5399,1.);
#4372=VECTOR('',#5402,1.);
#4373=VECTOR('',#5409,1.);
#4374=VECTOR('',#5410,1.);
#4375=VECTOR('',#5413,1.);
#4376=VECTOR('',#5416,1.);
#4377=VECTOR('',#5419,1.);
#4378=VECTOR('',#5422,1.);
#4379=VECTOR('',#5425,1.);
#4380=VECTOR('',#5428,1.);
#4381=VECTOR('',#5431,1.);
#4382=VECTOR('',#5434,1.);
#4383=VECTOR('',#5437,1.);
#4384=VECTOR('',#5440,1.);
#4385=VECTOR('',#5445,1.);
#4386=VECTOR('',#5448,1.);
#4387=VECTOR('',#5453,1.);
#4388=VECTOR('',#5454,1.);
#4389=VECTOR('',#5457,1.);
#4390=VECTOR('',#5458,1.);
#4391=VECTOR('',#5461,1.);
#4392=VECTOR('',#5464,1.);
#4393=VECTOR('',#5465,1.);
#4394=VECTOR('',#5466,1.);
#4395=VECTOR('',#5469,1.);
#4396=VECTOR('',#5472,1.);
#4397=VECTOR('',#5479,1.);
#4398=VECTOR('',#5480,1.);
#4399=VECTOR('',#5481,1.);
#4400=VECTOR('',#5484,1.);
#4401=VECTOR('',#5485,1.);
#4402=VECTOR('',#5486,1.);
#4403=VECTOR('',#5489,1.);
#4404=VECTOR('',#5490,1.);
#4405=VECTOR('',#5531,1.);
#4406=VECTOR('',#5532,1.);
#4407=VECTOR('',#5533,1.);
#4408=VECTOR('',#5536,1.);
#4409=VECTOR('',#5537,1.);
#4410=VECTOR('',#5538,1.);
#4411=VECTOR('',#5541,1.);
#4412=VECTOR('',#5542,1.);
#4413=VECTOR('',#5543,1.);
#4414=VECTOR('',#5546,1.);
#4415=VECTOR('',#5547,1.);
#4416=VECTOR('',#5548,1.);
#4417=VECTOR('',#5551,1.);
#4418=VECTOR('',#5552,1.);
#4419=VECTOR('',#5553,1.);
#4420=VECTOR('',#5554,1.);
#4421=VECTOR('',#5557,1.);
#4422=VECTOR('',#5558,1.);
#4423=VECTOR('',#5559,1.);
#4424=VECTOR('',#5562,1.);
#4425=VECTOR('',#5563,1.);
#4426=VECTOR('',#5564,1.);
#4427=VECTOR('',#5567,1.);
#4428=VECTOR('',#5568,1.);
#4429=VECTOR('',#5569,1.);
#4430=VECTOR('',#5572,1.);
#4431=VECTOR('',#5573,1.);
#4432=VECTOR('',#5574,1.);
#4433=VECTOR('',#5577,1.);
#4434=VECTOR('',#5578,1.);
#4435=VECTOR('',#5579,1.);
#4436=VECTOR('',#5582,1.);
#4437=VECTOR('',#5583,1.);
#4438=VECTOR('',#5584,1.);
#4439=VECTOR('',#5587,1.);
#4440=VECTOR('',#5588,1.);
#4441=VECTOR('',#5589,1.);
#4442=VECTOR('',#5592,1.);
#4443=VECTOR('',#5593,1.);
#4444=VECTOR('',#5594,1.);
#4445=VECTOR('',#5597,1.);
#4446=VECTOR('',#5598,1.);
#4447=VECTOR('',#5599,1.);
#4448=VECTOR('',#5602,1.);
#4449=VECTOR('',#5603,1.);
#4450=VECTOR('',#5604,1.);
#4451=VECTOR('',#5607,1.);
#4452=VECTOR('',#5608,1.);
#4453=VECTOR('',#5613,1.);
#4454=VECTOR('',#5614,1.);
#4455=VECTOR('',#5615,1.);
#4456=VECTOR('',#5616,1.);
#4457=VECTOR('',#5619,1.);
#4458=VECTOR('',#5620,1.);
#4459=VECTOR('',#5621,1.);
#4460=VECTOR('',#5624,1.);
#4461=VECTOR('',#5625,1.);
#4462=VECTOR('',#5626,1.);
#4463=VECTOR('',#5629,1.);
#4464=VECTOR('',#5630,1.);
#4465=VECTOR('',#5631,1.);
#4466=VECTOR('',#5634,1.);
#4467=VECTOR('',#5635,1.);
#4468=VECTOR('',#5636,1.);
#4469=VECTOR('',#5639,1.);
#4470=VECTOR('',#5640,1.);
#4471=VECTOR('',#5641,1.);
#4472=VECTOR('',#5644,1.);
#4473=VECTOR('',#5645,1.);
#4474=VECTOR('',#5646,1.);
#4475=VECTOR('',#5649,1.);
#4476=VECTOR('',#5650,1.);
#4477=VECTOR('',#5651,1.);
#4478=VECTOR('',#5654,1.);
#4479=VECTOR('',#5655,1.);
#4480=VECTOR('',#5656,1.);
#4481=VECTOR('',#5659,1.);
#4482=VECTOR('',#5660,1.);
#4483=VECTOR('',#5661,1.);
#4484=VECTOR('',#5664,1.);
#4485=VECTOR('',#5665,1.);
#4486=VECTOR('',#5666,1.);
#4487=VECTOR('',#5669,1.);
#4488=VECTOR('',#5670,1.);
#4489=VECTOR('',#5675,1.);
#4490=VECTOR('',#5676,1.);
#4491=VECTOR('',#5677,1.);
#4492=VECTOR('',#5678,1.);
#4493=VECTOR('',#5681,1.);
#4494=VECTOR('',#5682,1.);
#4495=VECTOR('',#5683,1.);
#4496=VECTOR('',#5686,1.);
#4497=VECTOR('',#5687,1.);
#4498=VECTOR('',#5688,1.);
#4499=VECTOR('',#5691,1.);
#4500=VECTOR('',#5692,1.);
#4501=VECTOR('',#5693,1.);
#4502=VECTOR('',#5696,1.);
#4503=VECTOR('',#5697,1.);
#4504=VECTOR('',#5698,1.);
#4505=VECTOR('',#5701,1.);
#4506=VECTOR('',#5702,1.);
#4507=VECTOR('',#5703,1.);
#4508=VECTOR('',#5706,1.);
#4509=VECTOR('',#5707,1.);
#4510=VECTOR('',#5708,1.);
#4511=VECTOR('',#5711,1.);
#4512=VECTOR('',#5712,1.);
#4513=VECTOR('',#5713,1.);
#4514=VECTOR('',#5716,1.);
#4515=VECTOR('',#5717,1.);
#4516=VECTOR('',#5718,1.);
#4517=VECTOR('',#5721,1.);
#4518=VECTOR('',#5722,1.);
#4519=VECTOR('',#5723,1.);
#4520=VECTOR('',#5726,1.);
#4521=VECTOR('',#5727,1.);
#4522=VECTOR('',#5728,1.);
#4523=VECTOR('',#5731,1.);
#4524=VECTOR('',#5732,1.);
#4525=VECTOR('',#5737,1.);
#4526=VECTOR('',#5738,1.);
#4527=VECTOR('',#5739,1.);
#4528=VECTOR('',#5740,1.);
#4529=VECTOR('',#5743,1.);
#4530=VECTOR('',#5744,1.);
#4531=VECTOR('',#5745,1.);
#4532=VECTOR('',#5748,1.);
#4533=VECTOR('',#5749,1.);
#4534=VECTOR('',#5750,1.);
#4535=VECTOR('',#5753,1.);
#4536=VECTOR('',#5754,1.);
#4537=VECTOR('',#5755,1.);
#4538=VECTOR('',#5758,1.);
#4539=VECTOR('',#5759,1.);
#4540=VECTOR('',#5760,1.);
#4541=VECTOR('',#5763,1.);
#4542=VECTOR('',#5764,1.);
#4543=VECTOR('',#5765,1.);
#4544=VECTOR('',#5768,1.);
#4545=VECTOR('',#5769,1.);
#4546=VECTOR('',#5770,1.);
#4547=VECTOR('',#5773,1.);
#4548=VECTOR('',#5774,1.);
#4549=VECTOR('',#5775,1.);
#4550=VECTOR('',#5778,1.);
#4551=VECTOR('',#5779,1.);
#4552=VECTOR('',#5780,1.);
#4553=VECTOR('',#5783,1.);
#4554=VECTOR('',#5784,1.);
#4555=VECTOR('',#5785,1.);
#4556=VECTOR('',#5788,1.);
#4557=VECTOR('',#5789,1.);
#4558=VECTOR('',#5790,1.);
#4559=VECTOR('',#5793,1.);
#4560=VECTOR('',#5794,1.);
#4561=VECTOR('',#5799,1.);
#4562=VECTOR('',#5800,1.);
#4563=VECTOR('',#5803,1.);
#4564=VECTOR('',#5806,1.);
#4565=VECTOR('',#5813,1.);
#4566=VECTOR('',#5814,1.);
#4567=VECTOR('',#5817,1.);
#4568=VECTOR('',#5820,1.);
#4569=VECTOR('',#5827,1.);
#4570=VECTOR('',#5828,1.);
#4571=VECTOR('',#5831,1.);
#4572=VECTOR('',#5834,1.);
#4573=VECTOR('',#5841,1.);
#4574=VECTOR('',#5842,1.);
#4575=VECTOR('',#5845,1.);
#4576=VECTOR('',#5848,1.);
#4577=VECTOR('',#5855,1.);
#4578=VECTOR('',#5856,1.);
#4579=VECTOR('',#5859,1.);
#4580=VECTOR('',#5862,1.);
#4581=VECTOR('',#5865,1.);
#4582=VECTOR('',#5868,1.);
#4583=VECTOR('',#5871,1.);
#4584=VECTOR('',#5874,1.);
#4585=VECTOR('',#5877,1.);
#4586=VECTOR('',#5880,1.);
#4587=VECTOR('',#5883,1.);
#4588=VECTOR('',#5886,1.);
#4589=VECTOR('',#5891,1.);
#4590=VECTOR('',#5892,1.);
#4591=VECTOR('',#5895,1.);
#4592=VECTOR('',#5898,1.);
#4593=VECTOR('',#5901,1.);
#4594=VECTOR('',#5904,1.);
#4595=VECTOR('',#5907,1.);
#4596=VECTOR('',#5910,1.);
#4597=VECTOR('',#5913,1.);
#4598=VECTOR('',#5916,1.);
#4599=VECTOR('',#5919,1.);
#4600=VECTOR('',#5922,1.);
#4601=VECTOR('',#5927,1.);
#4602=VECTOR('',#5928,1.);
#4603=VECTOR('',#5931,1.);
#4604=VECTOR('',#5934,1.);
#4605=VECTOR('',#5937,1.);
#4606=VECTOR('',#5940,1.);
#4607=VECTOR('',#5943,1.);
#4608=VECTOR('',#5946,1.);
#4609=VECTOR('',#5949,1.);
#4610=VECTOR('',#5952,1.);
#4611=VECTOR('',#5955,1.);
#4612=VECTOR('',#5958,1.);
#4613=VECTOR('',#5963,1.);
#4614=VECTOR('',#5964,1.);
#4615=VECTOR('',#5967,1.);
#4616=VECTOR('',#5970,1.);
#4617=VECTOR('',#5973,1.);
#4618=VECTOR('',#5976,1.);
#4619=VECTOR('',#5979,1.);
#4620=VECTOR('',#5982,1.);
#4621=VECTOR('',#5985,1.);
#4622=VECTOR('',#5988,1.);
#4623=VECTOR('',#5991,1.);
#4624=VECTOR('',#5994,1.);
#4625=VECTOR('',#5999,1.);
#4626=VECTOR('',#6002,1.);
#4627=VECTOR('',#6007,1.);
#4628=VECTOR('',#6010,1.);
#4629=VECTOR('',#6015,1.);
#4630=VECTOR('',#6018,1.);
#4631=VECTOR('',#6023,1.);
#4632=VECTOR('',#6026,1.);
#4633=VECTOR('',#6031,1.);
#4634=VECTOR('',#6032,1.);
#4635=VECTOR('',#6033,1.);
#4636=VECTOR('',#6036,1.);
#4637=VECTOR('',#6037,1.);
#4638=VECTOR('',#6038,1.);
#4639=VECTOR('',#6041,1.);
#4640=VECTOR('',#6042,1.);
#4641=AXIS2_PLACEMENT_3D('',#6049,#4900,#4901);
#4642=AXIS2_PLACEMENT_3D('',#6114,#4934,#4935);
#4643=AXIS2_PLACEMENT_3D('',#6183,#4970,#4971);
#4644=AXIS2_PLACEMENT_3D('',#6189,#4975,#4976);
#4645=AXIS2_PLACEMENT_3D('',#6195,#4980,#4981);
#4646=AXIS2_PLACEMENT_3D('',#6201,#4985,#4986);
#4647=AXIS2_PLACEMENT_3D('',#6207,#4990,#4991);
#4648=AXIS2_PLACEMENT_3D('',#6213,#4995,#4996);
#4649=AXIS2_PLACEMENT_3D('',#6241,#5014,#5015);
#4650=AXIS2_PLACEMENT_3D('',#6298,#5044,#5045);
#4651=AXIS2_PLACEMENT_3D('',#6307,#5050,#5051);
#4652=AXIS2_PLACEMENT_3D('',#6313,#5055,#5056);
#4653=AXIS2_PLACEMENT_3D('',#6316,#5059,#5060);
#4654=AXIS2_PLACEMENT_3D('',#6325,#5065,#5066);
#4655=AXIS2_PLACEMENT_3D('',#6331,#5070,#5071);
#4656=AXIS2_PLACEMENT_3D('',#6334,#5074,#5075);
#4657=AXIS2_PLACEMENT_3D('',#6343,#5080,#5081);
#4658=AXIS2_PLACEMENT_3D('',#6349,#5085,#5086);
#4659=AXIS2_PLACEMENT_3D('',#6352,#5089,#5090);
#4660=AXIS2_PLACEMENT_3D('',#6361,#5095,#5096);
#4661=AXIS2_PLACEMENT_3D('',#6367,#5100,#5101);
#4662=AXIS2_PLACEMENT_3D('',#6370,#5104,#5105);
#4663=AXIS2_PLACEMENT_3D('',#6452,#5151,#5152);
#4664=AXIS2_PLACEMENT_3D('',#6455,#5155,#5156);
#4665=AXIS2_PLACEMENT_3D('',#6458,#5159,#5160);
#4666=AXIS2_PLACEMENT_3D('',#6461,#5163,#5164);
#4667=AXIS2_PLACEMENT_3D('',#6464,#5167,#5168);
#4668=AXIS2_PLACEMENT_3D('',#6488,#5182,#5183);
#4669=AXIS2_PLACEMENT_3D('',#6494,#5187,#5188);
#4670=AXIS2_PLACEMENT_3D('',#6497,#5191,#5192);
#4671=AXIS2_PLACEMENT_3D('',#6503,#5196,#5197);
#4672=AXIS2_PLACEMENT_3D('',#6509,#5201,#5202);
#4673=AXIS2_PLACEMENT_3D('',#6512,#5205,#5206);
#4674=AXIS2_PLACEMENT_3D('',#6515,#5209,#5210);
#4675=AXIS2_PLACEMENT_3D('',#6524,#5215,#5216);
#4676=AXIS2_PLACEMENT_3D('',#6525,#5217,#5218);
#4677=AXIS2_PLACEMENT_3D('',#6529,#5220,#5221);
#4678=AXIS2_PLACEMENT_3D('',#6530,#5222,#5223);
#4679=AXIS2_PLACEMENT_3D('',#6536,#5227,#5228);
#4680=AXIS2_PLACEMENT_3D('',#6537,#5229,#5230);
#4681=AXIS2_PLACEMENT_3D('',#6541,#5232,#5233);
#4682=AXIS2_PLACEMENT_3D('',#6542,#5234,#5235);
#4683=AXIS2_PLACEMENT_3D('',#6548,#5239,#5240);
#4684=AXIS2_PLACEMENT_3D('',#6549,#5241,#5242);
#4685=AXIS2_PLACEMENT_3D('',#6550,#5243,#5244);
#4686=AXIS2_PLACEMENT_3D('',#6551,#5245,#5246);
#4687=AXIS2_PLACEMENT_3D('',#6552,#5247,#5248);
#4688=AXIS2_PLACEMENT_3D('',#6553,#5249,#5250);
#4689=AXIS2_PLACEMENT_3D('',#6554,#5251,#5252);
#4690=AXIS2_PLACEMENT_3D('',#6675,#5313,#5314);
#4691=AXIS2_PLACEMENT_3D('',#6678,#5317,#5318);
#4692=AXIS2_PLACEMENT_3D('',#6684,#5322,#5323);
#4693=AXIS2_PLACEMENT_3D('',#6685,#5324,#5325);
#4694=AXIS2_PLACEMENT_3D('',#6686,#5326,#5327);
#4695=AXIS2_PLACEMENT_3D('',#6692,#5331,#5332);
#4696=AXIS2_PLACEMENT_3D('',#6701,#5337,#5338);
#4697=AXIS2_PLACEMENT_3D('',#6707,#5342,#5343);
#4698=AXIS2_PLACEMENT_3D('',#6713,#5347,#5348);
#4699=AXIS2_PLACEMENT_3D('',#6719,#5352,#5353);
#4700=AXIS2_PLACEMENT_3D('',#6725,#5357,#5358);
#4701=AXIS2_PLACEMENT_3D('',#6731,#5362,#5363);
#4702=AXIS2_PLACEMENT_3D('',#6737,#5367,#5368);
#4703=AXIS2_PLACEMENT_3D('',#6743,#5372,#5373);
#4704=AXIS2_PLACEMENT_3D('',#6749,#5377,#5378);
#4705=AXIS2_PLACEMENT_3D('',#6755,#5382,#5383);
#4706=AXIS2_PLACEMENT_3D('',#6761,#5387,#5388);
#4707=AXIS2_PLACEMENT_3D('',#6764,#5391,#5392);
#4708=AXIS2_PLACEMENT_3D('',#6765,#5393,#5394);
#4709=AXIS2_PLACEMENT_3D('',#6768,#5397,#5398);
#4710=AXIS2_PLACEMENT_3D('',#6770,#5400,#5401);
#4711=AXIS2_PLACEMENT_3D('',#6772,#5403,#5404);
#4712=AXIS2_PLACEMENT_3D('',#6773,#5405,#5406);
#4713=AXIS2_PLACEMENT_3D('',#6774,#5407,#5408);
#4714=AXIS2_PLACEMENT_3D('',#6777,#5411,#5412);
#4715=AXIS2_PLACEMENT_3D('',#6779,#5414,#5415);
#4716=AXIS2_PLACEMENT_3D('',#6781,#5417,#5418);
#4717=AXIS2_PLACEMENT_3D('',#6783,#5420,#5421);
#4718=AXIS2_PLACEMENT_3D('',#6785,#5423,#5424);
#4719=AXIS2_PLACEMENT_3D('',#6787,#5426,#5427);
#4720=AXIS2_PLACEMENT_3D('',#6789,#5429,#5430);
#4721=AXIS2_PLACEMENT_3D('',#6791,#5432,#5433);
#4722=AXIS2_PLACEMENT_3D('',#6793,#5435,#5436);
#4723=AXIS2_PLACEMENT_3D('',#6795,#5438,#5439);
#4724=AXIS2_PLACEMENT_3D('',#6797,#5441,#5442);
#4725=AXIS2_PLACEMENT_3D('',#6798,#5443,#5444);
#4726=AXIS2_PLACEMENT_3D('',#6800,#5446,#5447);
#4727=AXIS2_PLACEMENT_3D('',#6802,#5449,#5450);
#4728=AXIS2_PLACEMENT_3D('',#6803,#5451,#5452);
#4729=AXIS2_PLACEMENT_3D('',#6807,#5455,#5456);
#4730=AXIS2_PLACEMENT_3D('',#6811,#5459,#5460);
#4731=AXIS2_PLACEMENT_3D('',#6813,#5462,#5463);
#4732=AXIS2_PLACEMENT_3D('',#6819,#5467,#5468);
#4733=AXIS2_PLACEMENT_3D('',#6821,#5470,#5471);
#4734=AXIS2_PLACEMENT_3D('',#6823,#5473,#5474);
#4735=AXIS2_PLACEMENT_3D('',#6824,#5475,#5476);
#4736=AXIS2_PLACEMENT_3D('',#6825,#5477,#5478);
#4737=AXIS2_PLACEMENT_3D('',#6831,#5482,#5483);
#4738=AXIS2_PLACEMENT_3D('',#6837,#5487,#5488);
#4739=AXIS2_PLACEMENT_3D('',#6840,#5491,#5492);
#4740=AXIS2_PLACEMENT_3D('',#6841,#5493,#5494);
#4741=AXIS2_PLACEMENT_3D('',#6842,#5495,#5496);
#4742=AXIS2_PLACEMENT_3D('',#6843,#5497,#5498);
#4743=AXIS2_PLACEMENT_3D('',#6844,#5499,#5500);
#4744=AXIS2_PLACEMENT_3D('',#6845,#5501,#5502);
#4745=AXIS2_PLACEMENT_3D('',#6846,#5503,#5504);
#4746=AXIS2_PLACEMENT_3D('',#6847,#5505,#5506);
#4747=AXIS2_PLACEMENT_3D('',#6848,#5507,#5508);
#4748=AXIS2_PLACEMENT_3D('',#6849,#5509,#5510);
#4749=AXIS2_PLACEMENT_3D('',#6850,#5511,#5512);
#4750=AXIS2_PLACEMENT_3D('',#6851,#5513,#5514);
#4751=AXIS2_PLACEMENT_3D('',#6852,#5515,#5516);
#4752=AXIS2_PLACEMENT_3D('',#6853,#5517,#5518);
#4753=AXIS2_PLACEMENT_3D('',#6854,#5519,#5520);
#4754=AXIS2_PLACEMENT_3D('',#6855,#5521,#5522);
#4755=AXIS2_PLACEMENT_3D('',#6856,#5523,#5524);
#4756=AXIS2_PLACEMENT_3D('',#6857,#5525,#5526);
#4757=AXIS2_PLACEMENT_3D('',#6858,#5527,#5528);
#4758=AXIS2_PLACEMENT_3D('',#6859,#5529,#5530);
#4759=AXIS2_PLACEMENT_3D('',#6865,#5534,#5535);
#4760=AXIS2_PLACEMENT_3D('',#6871,#5539,#5540);
#4761=AXIS2_PLACEMENT_3D('',#6877,#5544,#5545);
#4762=AXIS2_PLACEMENT_3D('',#6883,#5549,#5550);
#4763=AXIS2_PLACEMENT_3D('',#6892,#5555,#5556);
#4764=AXIS2_PLACEMENT_3D('',#6898,#5560,#5561);
#4765=AXIS2_PLACEMENT_3D('',#6904,#5565,#5566);
#4766=AXIS2_PLACEMENT_3D('',#6910,#5570,#5571);
#4767=AXIS2_PLACEMENT_3D('',#6916,#5575,#5576);
#4768=AXIS2_PLACEMENT_3D('',#6922,#5580,#5581);
#4769=AXIS2_PLACEMENT_3D('',#6928,#5585,#5586);
#4770=AXIS2_PLACEMENT_3D('',#6934,#5590,#5591);
#4771=AXIS2_PLACEMENT_3D('',#6940,#5595,#5596);
#4772=AXIS2_PLACEMENT_3D('',#6946,#5600,#5601);
#4773=AXIS2_PLACEMENT_3D('',#6952,#5605,#5606);
#4774=AXIS2_PLACEMENT_3D('',#6955,#5609,#5610);
#4775=AXIS2_PLACEMENT_3D('',#6956,#5611,#5612);
#4776=AXIS2_PLACEMENT_3D('',#6965,#5617,#5618);
#4777=AXIS2_PLACEMENT_3D('',#6971,#5622,#5623);
#4778=AXIS2_PLACEMENT_3D('',#6977,#5627,#5628);
#4779=AXIS2_PLACEMENT_3D('',#6983,#5632,#5633);
#4780=AXIS2_PLACEMENT_3D('',#6989,#5637,#5638);
#4781=AXIS2_PLACEMENT_3D('',#6995,#5642,#5643);
#4782=AXIS2_PLACEMENT_3D('',#7001,#5647,#5648);
#4783=AXIS2_PLACEMENT_3D('',#7007,#5652,#5653);
#4784=AXIS2_PLACEMENT_3D('',#7013,#5657,#5658);
#4785=AXIS2_PLACEMENT_3D('',#7019,#5662,#5663);
#4786=AXIS2_PLACEMENT_3D('',#7025,#5667,#5668);
#4787=AXIS2_PLACEMENT_3D('',#7028,#5671,#5672);
#4788=AXIS2_PLACEMENT_3D('',#7029,#5673,#5674);
#4789=AXIS2_PLACEMENT_3D('',#7038,#5679,#5680);
#4790=AXIS2_PLACEMENT_3D('',#7044,#5684,#5685);
#4791=AXIS2_PLACEMENT_3D('',#7050,#5689,#5690);
#4792=AXIS2_PLACEMENT_3D('',#7056,#5694,#5695);
#4793=AXIS2_PLACEMENT_3D('',#7062,#5699,#5700);
#4794=AXIS2_PLACEMENT_3D('',#7068,#5704,#5705);
#4795=AXIS2_PLACEMENT_3D('',#7074,#5709,#5710);
#4796=AXIS2_PLACEMENT_3D('',#7080,#5714,#5715);
#4797=AXIS2_PLACEMENT_3D('',#7086,#5719,#5720);
#4798=AXIS2_PLACEMENT_3D('',#7092,#5724,#5725);
#4799=AXIS2_PLACEMENT_3D('',#7098,#5729,#5730);
#4800=AXIS2_PLACEMENT_3D('',#7101,#5733,#5734);
#4801=AXIS2_PLACEMENT_3D('',#7102,#5735,#5736);
#4802=AXIS2_PLACEMENT_3D('',#7111,#5741,#5742);
#4803=AXIS2_PLACEMENT_3D('',#7117,#5746,#5747);
#4804=AXIS2_PLACEMENT_3D('',#7123,#5751,#5752);
#4805=AXIS2_PLACEMENT_3D('',#7129,#5756,#5757);
#4806=AXIS2_PLACEMENT_3D('',#7135,#5761,#5762);
#4807=AXIS2_PLACEMENT_3D('',#7141,#5766,#5767);
#4808=AXIS2_PLACEMENT_3D('',#7147,#5771,#5772);
#4809=AXIS2_PLACEMENT_3D('',#7153,#5776,#5777);
#4810=AXIS2_PLACEMENT_3D('',#7159,#5781,#5782);
#4811=AXIS2_PLACEMENT_3D('',#7165,#5786,#5787);
#4812=AXIS2_PLACEMENT_3D('',#7171,#5791,#5792);
#4813=AXIS2_PLACEMENT_3D('',#7174,#5795,#5796);
#4814=AXIS2_PLACEMENT_3D('',#7175,#5797,#5798);
#4815=AXIS2_PLACEMENT_3D('',#7178,#5801,#5802);
#4816=AXIS2_PLACEMENT_3D('',#7180,#5804,#5805);
#4817=AXIS2_PLACEMENT_3D('',#7182,#5807,#5808);
#4818=AXIS2_PLACEMENT_3D('',#7183,#5809,#5810);
#4819=AXIS2_PLACEMENT_3D('',#7184,#5811,#5812);
#4820=AXIS2_PLACEMENT_3D('',#7187,#5815,#5816);
#4821=AXIS2_PLACEMENT_3D('',#7189,#5818,#5819);
#4822=AXIS2_PLACEMENT_3D('',#7191,#5821,#5822);
#4823=AXIS2_PLACEMENT_3D('',#7192,#5823,#5824);
#4824=AXIS2_PLACEMENT_3D('',#7193,#5825,#5826);
#4825=AXIS2_PLACEMENT_3D('',#7196,#5829,#5830);
#4826=AXIS2_PLACEMENT_3D('',#7198,#5832,#5833);
#4827=AXIS2_PLACEMENT_3D('',#7200,#5835,#5836);
#4828=AXIS2_PLACEMENT_3D('',#7201,#5837,#5838);
#4829=AXIS2_PLACEMENT_3D('',#7202,#5839,#5840);
#4830=AXIS2_PLACEMENT_3D('',#7205,#5843,#5844);
#4831=AXIS2_PLACEMENT_3D('',#7207,#5846,#5847);
#4832=AXIS2_PLACEMENT_3D('',#7209,#5849,#5850);
#4833=AXIS2_PLACEMENT_3D('',#7210,#5851,#5852);
#4834=AXIS2_PLACEMENT_3D('',#7211,#5853,#5854);
#4835=AXIS2_PLACEMENT_3D('',#7214,#5857,#5858);
#4836=AXIS2_PLACEMENT_3D('',#7216,#5860,#5861);
#4837=AXIS2_PLACEMENT_3D('',#7218,#5863,#5864);
#4838=AXIS2_PLACEMENT_3D('',#7220,#5866,#5867);
#4839=AXIS2_PLACEMENT_3D('',#7222,#5869,#5870);
#4840=AXIS2_PLACEMENT_3D('',#7224,#5872,#5873);
#4841=AXIS2_PLACEMENT_3D('',#7226,#5875,#5876);
#4842=AXIS2_PLACEMENT_3D('',#7228,#5878,#5879);
#4843=AXIS2_PLACEMENT_3D('',#7230,#5881,#5882);
#4844=AXIS2_PLACEMENT_3D('',#7232,#5884,#5885);
#4845=AXIS2_PLACEMENT_3D('',#7234,#5887,#5888);
#4846=AXIS2_PLACEMENT_3D('',#7235,#5889,#5890);
#4847=AXIS2_PLACEMENT_3D('',#7238,#5893,#5894);
#4848=AXIS2_PLACEMENT_3D('',#7240,#5896,#5897);
#4849=AXIS2_PLACEMENT_3D('',#7242,#5899,#5900);
#4850=AXIS2_PLACEMENT_3D('',#7244,#5902,#5903);
#4851=AXIS2_PLACEMENT_3D('',#7246,#5905,#5906);
#4852=AXIS2_PLACEMENT_3D('',#7248,#5908,#5909);
#4853=AXIS2_PLACEMENT_3D('',#7250,#5911,#5912);
#4854=AXIS2_PLACEMENT_3D('',#7252,#5914,#5915);
#4855=AXIS2_PLACEMENT_3D('',#7254,#5917,#5918);
#4856=AXIS2_PLACEMENT_3D('',#7256,#5920,#5921);
#4857=AXIS2_PLACEMENT_3D('',#7258,#5923,#5924);
#4858=AXIS2_PLACEMENT_3D('',#7259,#5925,#5926);
#4859=AXIS2_PLACEMENT_3D('',#7262,#5929,#5930);
#4860=AXIS2_PLACEMENT_3D('',#7264,#5932,#5933);
#4861=AXIS2_PLACEMENT_3D('',#7266,#5935,#5936);
#4862=AXIS2_PLACEMENT_3D('',#7268,#5938,#5939);
#4863=AXIS2_PLACEMENT_3D('',#7270,#5941,#5942);
#4864=AXIS2_PLACEMENT_3D('',#7272,#5944,#5945);
#4865=AXIS2_PLACEMENT_3D('',#7274,#5947,#5948);
#4866=AXIS2_PLACEMENT_3D('',#7276,#5950,#5951);
#4867=AXIS2_PLACEMENT_3D('',#7278,#5953,#5954);
#4868=AXIS2_PLACEMENT_3D('',#7280,#5956,#5957);
#4869=AXIS2_PLACEMENT_3D('',#7282,#5959,#5960);
#4870=AXIS2_PLACEMENT_3D('',#7283,#5961,#5962);
#4871=AXIS2_PLACEMENT_3D('',#7286,#5965,#5966);
#4872=AXIS2_PLACEMENT_3D('',#7288,#5968,#5969);
#4873=AXIS2_PLACEMENT_3D('',#7290,#5971,#5972);
#4874=AXIS2_PLACEMENT_3D('',#7292,#5974,#5975);
#4875=AXIS2_PLACEMENT_3D('',#7294,#5977,#5978);
#4876=AXIS2_PLACEMENT_3D('',#7296,#5980,#5981);
#4877=AXIS2_PLACEMENT_3D('',#7298,#5983,#5984);
#4878=AXIS2_PLACEMENT_3D('',#7300,#5986,#5987);
#4879=AXIS2_PLACEMENT_3D('',#7302,#5989,#5990);
#4880=AXIS2_PLACEMENT_3D('',#7304,#5992,#5993);
#4881=AXIS2_PLACEMENT_3D('',#7306,#5995,#5996);
#4882=AXIS2_PLACEMENT_3D('',#7307,#5997,#5998);
#4883=AXIS2_PLACEMENT_3D('',#7309,#6000,#6001);
#4884=AXIS2_PLACEMENT_3D('',#7311,#6003,#6004);
#4885=AXIS2_PLACEMENT_3D('',#7312,#6005,#6006);
#4886=AXIS2_PLACEMENT_3D('',#7314,#6008,#6009);
#4887=AXIS2_PLACEMENT_3D('',#7316,#6011,#6012);
#4888=AXIS2_PLACEMENT_3D('',#7317,#6013,#6014);
#4889=AXIS2_PLACEMENT_3D('',#7319,#6016,#6017);
#4890=AXIS2_PLACEMENT_3D('',#7321,#6019,#6020);
#4891=AXIS2_PLACEMENT_3D('',#7322,#6021,#6022);
#4892=AXIS2_PLACEMENT_3D('',#7324,#6024,#6025);
#4893=AXIS2_PLACEMENT_3D('',#7326,#6027,#6028);
#4894=AXIS2_PLACEMENT_3D('',#7327,#6029,#6030);
#4895=AXIS2_PLACEMENT_3D('',#7333,#6034,#6035);
#4896=AXIS2_PLACEMENT_3D('',#7339,#6039,#6040);
#4897=AXIS2_PLACEMENT_3D('',#7342,#6043,#6044);
#4898=AXIS2_PLACEMENT_3D('',#7343,#6045,#6046);
#4899=AXIS2_PLACEMENT_3D('',#7344,#6047,#6048);
#4900=DIRECTION('',(0.,0.,1.));
#4901=DIRECTION('',(1.,0.,0.));
#4902=DIRECTION('',(0.,1.,7.39228753967389E-16));
#4903=DIRECTION('',(-1.,0.,0.));
#4904=DIRECTION('',(-7.88510670898549E-16,-1.,-7.39228753967389E-16));
#4905=DIRECTION('',(1.,-4.8186763221578E-16,0.));
#4906=DIRECTION('',(-1.,0.,0.));
#4907=DIRECTION('',(0.707106781186548,0.707106781186548,9.15399054736343E-17));
#4908=DIRECTION('',(-1.,0.,0.));
#4909=DIRECTION('',(0.707106781186548,-0.707106781186548,-9.15399054736343E-17));
#4910=DIRECTION('',(-1.,0.,0.));
#4911=DIRECTION('',(0.707106781186548,0.707106781186548,9.15399054736343E-17));
#4912=DIRECTION('',(-1.,0.,0.));
#4913=DIRECTION('',(0.707106781186548,-0.707106781186548,-9.15399054736343E-17));
#4914=DIRECTION('',(-1.,0.,0.));
#4915=DIRECTION('',(0.707106781186548,0.707106781186548,9.15399054736343E-17));
#4916=DIRECTION('',(-1.,0.,0.));
#4917=DIRECTION('',(0.707106781186548,-0.707106781186547,-9.15399054736342E-17));
#4918=DIRECTION('',(-1.,0.,0.));
#4919=DIRECTION('',(0.707106781186548,0.707106781186548,9.15399054736343E-17));
#4920=DIRECTION('',(-1.,0.,0.));
#4921=DIRECTION('',(0.707106781186548,-0.707106781186548,-9.15399054736343E-17));
#4922=DIRECTION('',(-1.,0.,0.));
#4923=DIRECTION('',(0.707106781186548,0.707106781186548,9.15399054736343E-17));
#4924=DIRECTION('',(-1.,0.,0.));
#4925=DIRECTION('',(0.,1.,1.29456975819165E-16));
#4926=DIRECTION('',(-1.,0.,0.));
#4927=DIRECTION('',(0.,1.,1.29456975819165E-16));
#4928=DIRECTION('',(-1.,0.,0.));
#4929=DIRECTION('',(0.707106781186548,-0.707106781186548,-9.15399054736343E-17));
#4930=DIRECTION('',(0.,1.,7.39228753967389E-16));
#4931=DIRECTION('',(-1.,0.,0.));
#4932=DIRECTION('',(-7.88510670898549E-16,-1.,-7.39228753967389E-16));
#4933=DIRECTION('',(1.,-4.8186763221578E-16,0.));
#4934=DIRECTION('',(0.,-1.29456975819165E-16,1.));
#4935=DIRECTION('',(0.,-1.,-1.29453739394769E-16));
#4936=DIRECTION('',(0.6,0.8,-5.20417042793042E-15));
#4937=DIRECTION('',(0.,1.,-1.0842021724855E-15));
#4938=DIRECTION('',(1.,0.,0.));
#4939=DIRECTION('',(0.,-1.,0.));
#4940=DIRECTION('',(0.6,-0.8,6.07153216591883E-15));
#4941=DIRECTION('',(-1.,0.,0.));
#4942=DIRECTION('',(0.6,0.8,-5.20417042793042E-15));
#4943=DIRECTION('',(0.,1.,-1.0842021724855E-15));
#4944=DIRECTION('',(1.,0.,0.));
#4945=DIRECTION('',(0.,-1.,0.));
#4946=DIRECTION('',(0.6,-0.8,6.07153216591883E-15));
#4947=DIRECTION('',(-1.,0.,0.));
#4948=DIRECTION('',(0.,-1.,0.));
#4949=DIRECTION('',(-1.,0.,0.));
#4950=DIRECTION('',(0.,-1.,0.));
#4951=DIRECTION('',(-1.,0.,0.));
#4952=DIRECTION('',(0.6,0.8,-5.20417042793042E-15));
#4953=DIRECTION('',(0.,1.,-1.0842021724855E-15));
#4954=DIRECTION('',(1.,0.,0.));
#4955=DIRECTION('',(0.,-1.,0.));
#4956=DIRECTION('',(0.6,-0.8,6.07153216591883E-15));
#4957=DIRECTION('',(-1.,0.,0.));
#4958=DIRECTION('',(0.6,0.8,-5.20417042793042E-15));
#4959=DIRECTION('',(0.,1.,-1.0842021724855E-15));
#4960=DIRECTION('',(1.,0.,0.));
#4961=DIRECTION('',(0.,-1.,0.));
#4962=DIRECTION('',(0.6,-0.8,6.07153216591883E-15));
#4963=DIRECTION('',(-1.,0.,0.));
#4964=DIRECTION('',(0.6,0.8,-5.20417042793042E-15));
#4965=DIRECTION('',(0.,1.,-1.0842021724855E-15));
#4966=DIRECTION('',(1.,0.,0.));
#4967=DIRECTION('',(0.,-1.,0.));
#4968=DIRECTION('',(0.6,-0.8,6.07153216591883E-15));
#4969=DIRECTION('',(-1.,0.,0.));
#4970=DIRECTION('',(0.,0.,-1.));
#4971=DIRECTION('',(-1.,0.,0.));
#4972=DIRECTION('',(0.,-2.16840434497101E-16,1.));
#4973=DIRECTION('',(-1.,0.,0.));
#4974=DIRECTION('',(0.,-2.16840434497101E-16,1.));
#4975=DIRECTION('',(0.,1.,0.));
#4976=DIRECTION('',(0.,0.,1.));
#4977=DIRECTION('',(0.,-2.16840434497101E-16,1.));
#4978=DIRECTION('',(0.,-2.16840434497101E-16,1.));
#4979=DIRECTION('',(-1.,0.,0.));
#4980=DIRECTION('',(0.,1.,0.));
#4981=DIRECTION('',(0.,0.,1.));
#4982=DIRECTION('',(0.,-2.16840434497101E-16,1.));
#4983=DIRECTION('',(0.,-2.16840434497101E-16,1.));
#4984=DIRECTION('',(-1.,0.,0.));
#4985=DIRECTION('',(0.,1.,0.));
#4986=DIRECTION('',(0.,0.,1.));
#4987=DIRECTION('',(0.,-2.16840434497101E-16,1.));
#4988=DIRECTION('',(0.,-2.16840434497101E-16,1.));
#4989=DIRECTION('',(-1.,0.,0.));
#4990=DIRECTION('',(0.,1.,0.));
#4991=DIRECTION('',(0.,0.,1.));
#4992=DIRECTION('',(0.,-2.16840434497101E-16,1.));
#4993=DIRECTION('',(0.,0.,-1.));
#4994=DIRECTION('',(-1.,0.,0.));
#4995=DIRECTION('',(0.,1.,0.));
#4996=DIRECTION('',(0.,0.,1.));
#4997=DIRECTION('',(0.,0.,1.));
#4998=DIRECTION('',(-1.,0.,0.));
#4999=DIRECTION('',(0.,0.,-1.));
#5000=DIRECTION('',(0.,0.,1.));
#5001=DIRECTION('',(0.,0.,1.));
#5002=DIRECTION('',(0.,0.,1.));
#5003=DIRECTION('',(-1.,0.,0.));
#5004=DIRECTION('',(0.,0.,-1.));
#5005=DIRECTION('',(0.,0.,1.));
#5006=DIRECTION('',(-1.,0.,0.));
#5007=DIRECTION('',(0.,0.,-1.));
#5008=DIRECTION('',(0.,0.,1.));
#5009=DIRECTION('',(-1.,0.,0.));
#5010=DIRECTION('',(0.,0.,-1.));
#5011=DIRECTION('',(0.,0.,1.));
#5012=DIRECTION('',(-1.,0.,0.));
#5013=DIRECTION('',(0.,0.,-1.));
#5014=DIRECTION('',(0.,-1.,0.));
#5015=DIRECTION('',(0.,0.,-1.));
#5016=DIRECTION('',(-1.,0.,0.));
#5017=DIRECTION('',(0.0147042924418763,0.999891886047579,0.));
#5018=DIRECTION('',(-1.,0.,0.));
#5019=DIRECTION('',(0.0147042924418763,-0.999891886047579,0.));
#5020=DIRECTION('',(-1.,0.,0.));
#5021=DIRECTION('',(0.0147042924418763,0.999891886047579,0.));
#5022=DIRECTION('',(-1.,0.,0.));
#5023=DIRECTION('',(0.0147042924418763,-0.999891886047579,0.));
#5024=DIRECTION('',(-1.,0.,0.));
#5025=DIRECTION('',(0.0147042924418763,0.999891886047579,0.));
#5026=DIRECTION('',(-1.,0.,0.));
#5027=DIRECTION('',(0.0147042924418763,-0.999891886047579,0.));
#5028=DIRECTION('',(-1.,0.,0.));
#5029=DIRECTION('',(0.0147042924418763,0.999891886047579,0.));
#5030=DIRECTION('',(-1.,0.,0.));
#5031=DIRECTION('',(0.,-1.,0.));
#5032=DIRECTION('',(-1.,0.,0.));
#5033=DIRECTION('',(0.,-1.,0.));
#5034=DIRECTION('',(-1.,0.,0.));
#5035=DIRECTION('',(0.,-1.,0.));
#5036=DIRECTION('',(-1.,0.,0.));
#5037=DIRECTION('',(0.,-1.,0.));
#5038=DIRECTION('',(-1.,0.,0.));
#5039=DIRECTION('',(0.0147042924418763,-0.999891886047579,0.));
#5040=DIRECTION('',(-1.,0.,0.));
#5041=DIRECTION('',(0.0147042924418763,0.999891886047579,0.));
#5042=DIRECTION('',(-1.,0.,0.));
#5043=DIRECTION('',(0.0147042924418763,-0.999891886047579,0.));
#5044=DIRECTION('',(0.,0.,1.));
#5045=DIRECTION('',(1.,0.,0.));
#5046=DIRECTION('',(0.00153718146722095,0.104528339771023,-0.994520720376328));
#5047=DIRECTION('',(-1.,0.,0.));
#5048=DIRECTION('',(0.00153718146722095,-0.104528339771023,0.994520720376328));
#5049=DIRECTION('',(-1.,0.,0.));
#5050=DIRECTION('',(0.,-0.994521895368273,-0.104528463267653));
#5051=DIRECTION('',(0.,0.104528463267653,-0.994521895368273));
#5052=DIRECTION('',(0.0147042924418763,0.999891886047579,0.));
#5053=DIRECTION('',(-1.,0.,0.));
#5054=DIRECTION('',(0.0147042924418763,-0.999891886047579,0.));
#5055=DIRECTION('',(0.,0.,-1.));
#5056=DIRECTION('',(-1.,0.,0.));
#5057=DIRECTION('',(0.0138176898445234,0.939602909427583,-0.341987491061562));
#5058=DIRECTION('',(0.0138176898445234,-0.939602909427583,0.341987491061562));
#5059=DIRECTION('',(0.,-0.342020143325668,-0.939692620785909));
#5060=DIRECTION('',(0.,0.939692620785909,-0.342020143325668));
#5061=DIRECTION('',(0.00153718146722095,0.104528339771023,-0.994520720376328));
#5062=DIRECTION('',(-1.,0.,0.));
#5063=DIRECTION('',(0.00153718146722095,-0.104528339771023,0.994520720376328));
#5064=DIRECTION('',(-1.,0.,0.));
#5065=DIRECTION('',(0.,-0.994521895368273,-0.104528463267653));
#5066=DIRECTION('',(0.,0.104528463267653,-0.994521895368273));
#5067=DIRECTION('',(0.0147042924418763,0.999891886047579,0.));
#5068=DIRECTION('',(-1.,0.,0.));
#5069=DIRECTION('',(0.0147042924418763,-0.999891886047579,0.));
#5070=DIRECTION('',(0.,0.,-1.));
#5071=DIRECTION('',(-1.,0.,0.));
#5072=DIRECTION('',(0.0138176898445234,0.939602909427583,-0.341987491061562));
#5073=DIRECTION('',(0.0138176898445234,-0.939602909427583,0.341987491061562));
#5074=DIRECTION('',(0.,-0.342020143325668,-0.939692620785909));
#5075=DIRECTION('',(0.,0.939692620785909,-0.342020143325668));
#5076=DIRECTION('',(0.00153718146722095,0.104528339771023,-0.994520720376328));
#5077=DIRECTION('',(-1.,0.,0.));
#5078=DIRECTION('',(0.00153718146722095,-0.104528339771023,0.994520720376328));
#5079=DIRECTION('',(-1.,0.,0.));
#5080=DIRECTION('',(0.,-0.994521895368273,-0.104528463267653));
#5081=DIRECTION('',(0.,0.104528463267653,-0.994521895368273));
#5082=DIRECTION('',(0.0147042924418763,0.999891886047579,0.));
#5083=DIRECTION('',(-1.,0.,0.));
#5084=DIRECTION('',(0.0147042924418763,-0.999891886047579,0.));
#5085=DIRECTION('',(0.,0.,-1.));
#5086=DIRECTION('',(-1.,0.,0.));
#5087=DIRECTION('',(0.0138176898445234,0.939602909427583,-0.341987491061562));
#5088=DIRECTION('',(0.0138176898445234,-0.939602909427583,0.341987491061562));
#5089=DIRECTION('',(0.,-0.342020143325668,-0.939692620785909));
#5090=DIRECTION('',(0.,0.939692620785909,-0.342020143325668));
#5091=DIRECTION('',(0.00153718146722095,0.104528339771023,-0.994520720376328));
#5092=DIRECTION('',(-1.,0.,0.));
#5093=DIRECTION('',(0.00153718146722095,-0.104528339771023,0.994520720376328));
#5094=DIRECTION('',(-1.,0.,0.));
#5095=DIRECTION('',(0.,-0.994521895368273,-0.104528463267653));
#5096=DIRECTION('',(0.,0.104528463267653,-0.994521895368273));
#5097=DIRECTION('',(0.0147042924418763,0.999891886047579,0.));
#5098=DIRECTION('',(-1.,0.,0.));
#5099=DIRECTION('',(0.0147042924418763,-0.999891886047579,0.));
#5100=DIRECTION('',(0.,0.,-1.));
#5101=DIRECTION('',(-1.,0.,0.));
#5102=DIRECTION('',(0.0138176898445234,0.939602909427583,-0.341987491061562));
#5103=DIRECTION('',(0.0138176898445234,-0.939602909427583,0.341987491061562));
#5104=DIRECTION('',(0.,-0.342020143325668,-0.939692620785909));
#5105=DIRECTION('',(0.,0.939692620785909,-0.342020143325668));
#5106=DIRECTION('',(0.0147042924418763,-0.999891886047579,-2.55078812965509E-16));
#5107=DIRECTION('',(-1.,0.,0.));
#5108=DIRECTION('',(0.0147042924418763,0.999891886047579,2.55078812965509E-16));
#5109=DIRECTION('',(0.0147042924418763,-0.999891886047579,-2.55078812965509E-16));
#5110=DIRECTION('',(-1.,0.,0.));
#5111=DIRECTION('',(0.0147042924418763,0.999891886047579,2.55078812965509E-16));
#5112=DIRECTION('',(0.0147042924418763,-0.999891886047579,-2.55078812965509E-16));
#5113=DIRECTION('',(-1.,0.,0.));
#5114=DIRECTION('',(0.0147042924418763,0.999891886047579,2.55078812965509E-16));
#5115=DIRECTION('',(0.0147042924418763,-0.999891886047579,-2.55078812965509E-16));
#5116=DIRECTION('',(-1.,0.,0.));
#5117=DIRECTION('',(0.0147042924418763,0.999891886047579,2.55078812965509E-16));
#5118=DIRECTION('',(-1.,0.,0.));
#5119=DIRECTION('',(0.0147042924418763,-0.999891886047579,-2.55078812965509E-16));
#5120=DIRECTION('',(-1.,0.,0.));
#5121=DIRECTION('',(0.,-1.,-2.16840434497101E-16));
#5122=DIRECTION('',(-1.,0.,0.));
#5123=DIRECTION('',(0.6,-0.8,-1.73472347597681E-16));
#5124=DIRECTION('',(0.,-1.,-2.16840434497101E-16));
#5125=DIRECTION('',(1.,0.,0.));
#5126=DIRECTION('',(0.,1.,2.16840434497101E-16));
#5127=DIRECTION('',(0.6,0.8,1.73472347597681E-16));
#5128=DIRECTION('',(0.6,-0.8,-1.73472347597681E-16));
#5129=DIRECTION('',(0.,-1.,-2.16840434497101E-16));
#5130=DIRECTION('',(1.,0.,0.));
#5131=DIRECTION('',(0.,1.,2.16840434497101E-16));
#5132=DIRECTION('',(0.6,0.8,1.73472347597681E-16));
#5133=DIRECTION('',(0.6,-0.8,-1.73472347597681E-16));
#5134=DIRECTION('',(0.,-1.,-2.16840434497101E-16));
#5135=DIRECTION('',(1.,0.,0.));
#5136=DIRECTION('',(0.,1.,2.16840434497101E-16));
#5137=DIRECTION('',(0.6,0.8,1.73472347597681E-16));
#5138=DIRECTION('',(0.6,-0.8,-1.73472347597681E-16));
#5139=DIRECTION('',(0.,-1.,-2.16840434497101E-16));
#5140=DIRECTION('',(1.,0.,0.));
#5141=DIRECTION('',(0.,1.,2.16840434497101E-16));
#5142=DIRECTION('',(0.6,0.8,1.73472347597681E-16));
#5143=DIRECTION('',(0.6,-0.8,-1.73472347597681E-16));
#5144=DIRECTION('',(0.,-1.,-2.16840434497101E-16));
#5145=DIRECTION('',(1.,0.,0.));
#5146=DIRECTION('',(0.,1.,2.16840434497101E-16));
#5147=DIRECTION('',(0.6,0.8,1.73472347597681E-16));
#5148=DIRECTION('',(0.,-1.,-2.16840434497101E-16));
#5149=DIRECTION('',(-1.,0.,0.));
#5150=DIRECTION('',(0.0147042924418763,0.999891886047579,2.55078812965509E-16));
#5151=DIRECTION('',(0.,2.16840434497101E-16,-1.));
#5152=DIRECTION('',(0.,1.,2.16840434497101E-16));
#5153=DIRECTION('',(0.,-5.10212787052003E-16,-1.));
#5154=DIRECTION('',(0.,-5.10212787052003E-16,-1.));
#5155=DIRECTION('',(0.,-1.,0.));
#5156=DIRECTION('',(0.,0.,-1.));
#5157=DIRECTION('',(0.,-5.10212787052003E-16,-1.));
#5158=DIRECTION('',(0.,-5.10212787052003E-16,-1.));
#5159=DIRECTION('',(0.,-1.,0.));
#5160=DIRECTION('',(0.,0.,-1.));
#5161=DIRECTION('',(0.,-5.10212787052003E-16,-1.));
#5162=DIRECTION('',(0.,-5.10212787052003E-16,-1.));
#5163=DIRECTION('',(0.,-1.,0.));
#5164=DIRECTION('',(0.,0.,-1.));
#5165=DIRECTION('',(0.,-5.10212787052003E-16,-1.));
#5166=DIRECTION('',(0.,0.,1.));
#5167=DIRECTION('',(0.,-1.,0.));
#5168=DIRECTION('',(0.,0.,-1.));
#5169=DIRECTION('',(0.,0.,-1.));
#5170=DIRECTION('',(-1.,0.,0.));
#5171=DIRECTION('',(0.,0.,1.));
#5172=DIRECTION('',(0.,0.,-1.));
#5173=DIRECTION('',(0.986393923832144,0.,-0.164398987305357));
#5174=DIRECTION('',(0.,0.,1.));
#5175=DIRECTION('',(-0.986393923832144,0.,-0.164398987305356));
#5176=DIRECTION('',(0.,0.,-1.));
#5177=DIRECTION('',(0.,0.,-1.));
#5178=DIRECTION('',(-0.986393923832144,0.,0.164398987305356));
#5179=DIRECTION('',(0.,0.,-1.));
#5180=DIRECTION('',(0.986393923832144,0.,0.164398987305358));
#5181=DIRECTION('',(0.,0.,-1.));
#5182=DIRECTION('',(0.,-1.,0.));
#5183=DIRECTION('',(0.,0.,-1.));
#5184=DIRECTION('',(0.,-1.,0.));
#5185=DIRECTION('',(0.,0.,-1.));
#5186=DIRECTION('',(0.,-1.,0.));
#5187=DIRECTION('',(1.,0.,0.));
#5188=DIRECTION('',(0.,0.,-1.));
#5189=DIRECTION('',(0.,-2.16840434497101E-16,1.));
#5190=DIRECTION('',(0.,0.,-1.));
#5191=DIRECTION('',(0.,1.,0.));
#5192=DIRECTION('',(0.,0.,1.));
#5193=DIRECTION('',(0.00153718146722095,-0.104528339771023,0.994520720376328));
#5194=DIRECTION('',(0.00153718146722095,0.104528339771023,-0.994520720376328));
#5195=DIRECTION('',(-1.,0.,0.));
#5196=DIRECTION('',(0.,-0.994521895368273,-0.104528463267653));
#5197=DIRECTION('',(0.,0.104528463267653,-0.994521895368273));
#5198=DIRECTION('',(0.0147042924418763,-0.999891886047579,0.));
#5199=DIRECTION('',(0.0147042924418763,0.999891886047579,0.));
#5200=DIRECTION('',(-1.,0.,0.));
#5201=DIRECTION('',(0.,0.,-1.));
#5202=DIRECTION('',(-1.,0.,0.));
#5203=DIRECTION('',(0.0138176898445234,-0.939602909427583,0.341987491061562));
#5204=DIRECTION('',(0.0138176898445234,0.939602909427583,-0.341987491061562));
#5205=DIRECTION('',(0.,-0.342020143325668,-0.939692620785909));
#5206=DIRECTION('',(0.,0.939692620785909,-0.342020143325668));
#5207=DIRECTION('',(0.,-5.10212787052003E-16,-1.));
#5208=DIRECTION('',(0.,0.,1.));
#5209=DIRECTION('',(0.,-1.,0.));
#5210=DIRECTION('',(0.,0.,-1.));
#5211=DIRECTION('',(0.,-1.,0.));
#5212=DIRECTION('',(0.,0.,-1.));
#5213=DIRECTION('',(0.,-1.,0.));
#5214=DIRECTION('',(0.,0.,-1.));
#5215=DIRECTION('',(-1.,0.,0.));
#5216=DIRECTION('',(0.,0.,1.));
#5217=DIRECTION('',(0.,-1.,0.));
#5218=DIRECTION('',(0.,0.,-1.));
#5219=DIRECTION('',(0.,-1.,0.));
#5220=DIRECTION('',(0.,-1.,0.));
#5221=DIRECTION('',(1.,0.,0.));
#5222=DIRECTION('',(0.,-1.,0.));
#5223=DIRECTION('',(0.,0.,-1.));
#5224=DIRECTION('',(1.,0.,0.));
#5225=DIRECTION('',(0.,-1.,0.));
#5226=DIRECTION('',(1.,0.,0.));
#5227=DIRECTION('',(0.,0.,-1.));
#5228=DIRECTION('',(-1.,0.,0.));
#5229=DIRECTION('',(0.,-1.,0.));
#5230=DIRECTION('',(0.,0.,-1.));
#5231=DIRECTION('',(0.,-1.,0.));
#5232=DIRECTION('',(0.,-1.,0.));
#5233=DIRECTION('',(1.,0.,0.));
#5234=DIRECTION('',(0.,-1.,0.));
#5235=DIRECTION('',(0.,0.,-1.));
#5236=DIRECTION('',(0.,0.,1.));
#5237=DIRECTION('',(0.,-1.,0.));
#5238=DIRECTION('',(0.,0.,1.));
#5239=DIRECTION('',(1.,0.,0.));
#5240=DIRECTION('',(0.,0.,-1.));
#5241=DIRECTION('',(0.,-0.707106781186547,0.707106781186547));
#5242=DIRECTION('',(0.,-0.707106781186547,-0.707106781186547));
#5243=DIRECTION('',(0.,-1.,0.));
#5244=DIRECTION('',(1.,0.,0.));
#5245=DIRECTION('',(0.,-1.,0.));
#5246=DIRECTION('',(0.,0.,-1.));
#5247=DIRECTION('',(0.,-0.707106781186547,0.707106781186547));
#5248=DIRECTION('',(0.,-0.707106781186547,-0.707106781186547));
#5249=DIRECTION('',(0.,-1.,0.));
#5250=DIRECTION('',(1.,0.,0.));
#5251=DIRECTION('',(0.,-1.,0.));
#5252=DIRECTION('',(0.,0.,-1.));
#5253=DIRECTION('',(1.,0.,0.));
#5254=DIRECTION('',(0.,0.,1.));
#5255=DIRECTION('',(1.,0.,0.));
#5256=DIRECTION('',(0.,0.,-1.));
#5257=DIRECTION('',(1.,0.,0.));
#5258=DIRECTION('',(0.,0.,-1.));
#5259=DIRECTION('',(-1.,0.,0.));
#5260=DIRECTION('',(0.,0.,-1.));
#5261=DIRECTION('',(-1.,0.,0.));
#5262=DIRECTION('',(0.,0.,1.));
#5263=DIRECTION('',(-1.,0.,0.));
#5264=DIRECTION('',(0.,0.,1.));
#5265=DIRECTION('',(1.,0.,0.));
#5266=DIRECTION('',(0.,0.,1.));
#5267=DIRECTION('',(1.,0.,0.));
#5268=DIRECTION('',(0.,0.,-1.));
#5269=DIRECTION('',(1.,0.,0.));
#5270=DIRECTION('',(0.,0.,-1.));
#5271=DIRECTION('',(-1.,0.,0.));
#5272=DIRECTION('',(0.,0.,-1.));
#5273=DIRECTION('',(-1.,0.,0.));
#5274=DIRECTION('',(0.,0.,1.));
#5275=DIRECTION('',(-1.,0.,0.));
#5276=DIRECTION('',(0.,0.,1.));
#5277=DIRECTION('',(1.,0.,0.));
#5278=DIRECTION('',(0.,0.,1.));
#5279=DIRECTION('',(1.,0.,0.));
#5280=DIRECTION('',(0.,0.,-1.));
#5281=DIRECTION('',(1.,0.,0.));
#5282=DIRECTION('',(0.,0.,-1.));
#5283=DIRECTION('',(-1.,0.,0.));
#5284=DIRECTION('',(0.,0.,-1.));
#5285=DIRECTION('',(-1.,0.,0.));
#5286=DIRECTION('',(0.,0.,1.));
#5287=DIRECTION('',(-1.,0.,0.));
#5288=DIRECTION('',(0.,0.,1.));
#5289=DIRECTION('',(1.,0.,0.));
#5290=DIRECTION('',(0.,0.,1.));
#5291=DIRECTION('',(1.,0.,0.));
#5292=DIRECTION('',(0.,0.,-1.));
#5293=DIRECTION('',(1.,0.,0.));
#5294=DIRECTION('',(0.,0.,-1.));
#5295=DIRECTION('',(-1.,0.,0.));
#5296=DIRECTION('',(0.,0.,-1.));
#5297=DIRECTION('',(-1.,0.,0.));
#5298=DIRECTION('',(0.,0.,1.));
#5299=DIRECTION('',(-1.,0.,0.));
#5300=DIRECTION('',(0.,0.,1.));
#5301=DIRECTION('',(1.,0.,0.));
#5302=DIRECTION('',(0.,0.,1.));
#5303=DIRECTION('',(1.,0.,0.));
#5304=DIRECTION('',(0.,0.,-1.));
#5305=DIRECTION('',(1.,0.,0.));
#5306=DIRECTION('',(0.,0.,-1.));
#5307=DIRECTION('',(-1.,0.,0.));
#5308=DIRECTION('',(0.,0.,-1.));
#5309=DIRECTION('',(-1.,0.,0.));
#5310=DIRECTION('',(0.,0.,1.));
#5311=DIRECTION('',(-1.,0.,0.));
#5312=DIRECTION('',(0.,0.,1.));
#5313=DIRECTION('',(0.,-1.,0.));
#5314=DIRECTION('',(0.,0.,-1.));
#5315=DIRECTION('',(0.,-5.10212787052003E-16,-1.));
#5316=DIRECTION('',(0.,-5.10212787052003E-16,-1.));
#5317=DIRECTION('',(0.,-1.,0.));
#5318=DIRECTION('',(0.,0.,-1.));
#5319=DIRECTION('',(0.,-1.,0.));
#5320=DIRECTION('',(0.,0.,1.));
#5321=DIRECTION('',(0.,-1.,0.));
#5322=DIRECTION('',(1.,0.,0.));
#5323=DIRECTION('',(0.,0.,-1.));
#5324=DIRECTION('',(-0.999891886047579,0.0147042924418763,3.1884851620689E-18));
#5325=DIRECTION('',(-0.0147042924418763,-0.999891886047579,0.));
#5326=DIRECTION('',(0.999891886047579,0.0147042924418763,3.1884851620689E-18));
#5327=DIRECTION('',(-0.0147042924418763,0.999891886047579,0.));
#5328=DIRECTION('',(0.,0.,-1.));
#5329=DIRECTION('',(-1.,0.,0.));
#5330=DIRECTION('',(0.,0.,1.));
#5331=DIRECTION('',(0.,1.,0.));
#5332=DIRECTION('',(0.,0.,1.));
#5333=DIRECTION('',(0.,1.,0.));
#5334=DIRECTION('',(0.,0.,-1.));
#5335=DIRECTION('',(0.,1.,0.));
#5336=DIRECTION('',(0.,0.,1.));
#5337=DIRECTION('',(-1.,0.,0.));
#5338=DIRECTION('',(0.,0.,1.));
#5339=DIRECTION('',(1.,0.,0.));
#5340=DIRECTION('',(0.,1.,0.));
#5341=DIRECTION('',(-1.,0.,0.));
#5342=DIRECTION('',(0.,0.,-1.));
#5343=DIRECTION('',(-1.,0.,0.));
#5344=DIRECTION('',(0.,0.,-1.));
#5345=DIRECTION('',(0.,1.,0.));
#5346=DIRECTION('',(0.,0.,1.));
#5347=DIRECTION('',(-1.,0.,0.));
#5348=DIRECTION('',(0.,0.,1.));
#5349=DIRECTION('',(1.,0.,0.));
#5350=DIRECTION('',(0.,1.,0.));
#5351=DIRECTION('',(-1.,0.,0.));
#5352=DIRECTION('',(0.,0.,-1.));
#5353=DIRECTION('',(-1.,0.,0.));
#5354=DIRECTION('',(0.,0.,1.));
#5355=DIRECTION('',(0.,1.,0.));
#5356=DIRECTION('',(0.,0.,-1.));
#5357=DIRECTION('',(1.,0.,0.));
#5358=DIRECTION('',(0.,0.,-1.));
#5359=DIRECTION('',(1.,0.,0.));
#5360=DIRECTION('',(0.,1.,0.));
#5361=DIRECTION('',(-1.,0.,0.));
#5362=DIRECTION('',(0.,0.,-1.));
#5363=DIRECTION('',(-1.,0.,0.));
#5364=DIRECTION('',(0.,0.,1.));
#5365=DIRECTION('',(0.,1.,0.));
#5366=DIRECTION('',(0.,0.,-1.));
#5367=DIRECTION('',(1.,0.,0.));
#5368=DIRECTION('',(0.,0.,-1.));
#5369=DIRECTION('',(-1.,0.,0.));
#5370=DIRECTION('',(0.,1.,0.));
#5371=DIRECTION('',(1.,0.,0.));
#5372=DIRECTION('',(0.,0.,1.));
#5373=DIRECTION('',(1.,0.,0.));
#5374=DIRECTION('',(0.,0.,1.));
#5375=DIRECTION('',(0.,1.,0.));
#5376=DIRECTION('',(0.,0.,-1.));
#5377=DIRECTION('',(1.,0.,0.));
#5378=DIRECTION('',(0.,0.,-1.));
#5379=DIRECTION('',(-1.,0.,0.));
#5380=DIRECTION('',(0.,1.,0.));
#5381=DIRECTION('',(1.,0.,0.));
#5382=DIRECTION('',(0.,0.,1.));
#5383=DIRECTION('',(1.,0.,0.));
#5384=DIRECTION('',(0.,0.,-1.));
#5385=DIRECTION('',(0.,1.,0.));
#5386=DIRECTION('',(0.,0.,1.));
#5387=DIRECTION('',(-1.,0.,0.));
#5388=DIRECTION('',(0.,0.,1.));
#5389=DIRECTION('',(-1.,0.,0.));
#5390=DIRECTION('',(1.,0.,0.));
#5391=DIRECTION('',(0.,0.,1.));
#5392=DIRECTION('',(1.,0.,0.));
#5393=DIRECTION('',(0.,-1.,0.));
#5394=DIRECTION('',(0.,0.,-1.));
#5395=DIRECTION('',(0.,2.16840434497101E-16,-1.));
#5396=DIRECTION('',(0.,2.16840434497101E-16,-1.));
#5397=DIRECTION('',(1.,0.,0.));
#5398=DIRECTION('',(0.,0.,-1.));
#5399=DIRECTION('',(0.,2.16840434497101E-16,-1.));
#5400=DIRECTION('',(0.,-1.,-2.16840434497101E-16));
#5401=DIRECTION('',(0.,2.16840434497101E-16,-1.));
#5402=DIRECTION('',(0.,2.16840434497101E-16,-1.));
#5403=DIRECTION('',(-1.,0.,0.));
#5404=DIRECTION('',(0.,0.,1.));
#5405=DIRECTION('',(-0.8,-0.6,-1.30104260698261E-16));
#5406=DIRECTION('',(0.6,-0.8,0.));
#5407=DIRECTION('',(0.8,-0.6,-1.30104260698261E-16));
#5408=DIRECTION('',(0.6,0.8,0.));
#5409=DIRECTION('',(-0.44721359549996,0.774596669241483,0.447213595499957));
#5410=DIRECTION('',(0.44721359549996,-0.774596669241483,-0.447213595499957));
#5411=DIRECTION('',(-0.866025403784438,-0.500000000000002,0.));
#5412=DIRECTION('',(0.,0.,-1.));
#5413=DIRECTION('',(0.44721359549996,-0.774596669241483,-0.447213595499957));
#5414=DIRECTION('',(0.,-0.5,0.866025403784439));
#5415=DIRECTION('',(-1.,0.,0.));
#5416=DIRECTION('',(0.44721359549996,0.774596669241483,0.447213595499957));
#5417=DIRECTION('',(0.,-0.5,0.866025403784439));
#5418=DIRECTION('',(-1.,0.,0.));
#5419=DIRECTION('',(0.44721359549996,-0.774596669241483,0.447213595499957));
#5420=DIRECTION('',(-0.866025403784438,-0.500000000000002,0.));
#5421=DIRECTION('',(0.,0.,-1.));
#5422=DIRECTION('',(0.44721359549996,0.774596669241483,0.447213595499957));
#5423=DIRECTION('',(0.866025403784438,-0.500000000000002,0.));
#5424=DIRECTION('',(0.,0.,1.));
#5425=DIRECTION('',(0.44721359549996,-0.774596669241483,0.447213595499957));
#5426=DIRECTION('',(0.,-0.499999999999999,-0.866025403784439));
#5427=DIRECTION('',(1.,0.,0.));
#5428=DIRECTION('',(0.44721359549996,0.774596669241483,0.447213595499957));
#5429=DIRECTION('',(0.,-0.5,0.866025403784439));
#5430=DIRECTION('',(-1.,0.,0.));
#5431=DIRECTION('',(0.44721359549996,-0.774596669241483,0.447213595499957));
#5432=DIRECTION('',(-0.866025403784438,-0.500000000000002,0.));
#5433=DIRECTION('',(0.,0.,-1.));
#5434=DIRECTION('',(0.44721359549996,0.774596669241483,-0.447213595499957));
#5435=DIRECTION('',(0.866025403784438,-0.500000000000002,0.));
#5436=DIRECTION('',(0.,0.,1.));
#5437=DIRECTION('',(-0.447213595499957,-0.774596669241484,0.447213595499957));
#5438=DIRECTION('',(0.,-0.499999999999999,-0.866025403784439));
#5439=DIRECTION('',(1.,0.,0.));
#5440=DIRECTION('',(0.447213595499957,0.774596669241484,-0.447213595499957));
#5441=DIRECTION('',(0.,-0.499999999999999,-0.866025403784439));
#5442=DIRECTION('',(1.,0.,0.));
#5443=DIRECTION('',(0.866025403784439,-0.499999999999999,0.));
#5444=DIRECTION('',(0.,0.,1.));
#5445=DIRECTION('',(-0.577350269189626,0.577350269189626,0.577350269189625));
#5446=DIRECTION('',(-0.707106781186547,-0.707106781186547,0.));
#5447=DIRECTION('',(0.,0.,1.));
#5448=DIRECTION('',(0.577350269189626,0.577350269189626,0.577350269189625));
#5449=DIRECTION('',(0.,-0.707106781186547,0.707106781186548));
#5450=DIRECTION('',(1.,0.,0.));
#5451=DIRECTION('',(0.707106781186547,-0.707106781186547,0.));
#5452=DIRECTION('',(0.,0.,-1.));
#5453=DIRECTION('',(0.,-1.,0.));
#5454=DIRECTION('',(-0.49827287912244,0.863033942673691,-0.0830454798537406));
#5455=DIRECTION('',(0.164398987305358,0.,-0.986393923832144));
#5456=DIRECTION('',(-0.986393923832144,0.,-0.164398987305358));
#5457=DIRECTION('',(0.,-1.,0.));
#5458=DIRECTION('',(0.,0.,1.));
#5459=DIRECTION('',(-1.,0.,0.));
#5460=DIRECTION('',(0.,0.,1.));
#5461=DIRECTION('',(0.498272879122441,-0.863033942673691,-0.0830454798537395));
#5462=DIRECTION('',(0.164398987305356,0.,0.986393923832144));
#5463=DIRECTION('',(0.986393923832144,0.,-0.164398987305356));
#5464=DIRECTION('',(0.,-1.,0.));
#5465=DIRECTION('',(0.,0.,-1.));
#5466=DIRECTION('',(0.,-1.,0.));
#5467=DIRECTION('',(1.,0.,0.));
#5468=DIRECTION('',(0.,0.,-1.));
#5469=DIRECTION('',(-0.498272879122441,-0.863033942673691,0.08304547985374));
#5470=DIRECTION('',(-0.164398987305357,0.,-0.986393923832144));
#5471=DIRECTION('',(-0.986393923832144,0.,0.164398987305357));
#5472=DIRECTION('',(0.498272879122441,0.863033942673691,0.0830454798537396));
#5473=DIRECTION('',(-0.164398987305356,0.,0.986393923832144));
#5474=DIRECTION('',(0.986393923832144,0.,0.164398987305356));
#5475=DIRECTION('',(-0.866025403784438,0.500000000000001,0.));
#5476=DIRECTION('',(0.,0.,-1.));
#5477=DIRECTION('',(0.866025403784438,0.500000000000001,0.));
#5478=DIRECTION('',(0.,0.,1.));
#5479=DIRECTION('',(0.,1.,7.39228753967389E-16));
#5480=DIRECTION('',(0.,-0.813733471206735,0.581238193719096));
#5481=DIRECTION('',(0.,-0.941741911594837,-0.336336396998157));
#5482=DIRECTION('',(1.,0.,0.));
#5483=DIRECTION('',(0.,0.,-1.));
#5484=DIRECTION('',(6.41637525313828E-16,0.813733471206735,-0.581238193719096));
#5485=DIRECTION('',(-7.88510670898549E-16,-1.,-7.39228753967389E-16));
#5486=DIRECTION('',(7.42573546524927E-16,0.941741911594837,0.336336396998157));
#5487=DIRECTION('',(-1.,7.88510670898549E-16,0.));
#5488=DIRECTION('',(-7.88431819831459E-16,-1.,0.));
#5489=DIRECTION('',(-1.,0.,-3.56210409340087E-31));
#5490=DIRECTION('',(1.,-4.8186763221578E-16,0.));
#5491=DIRECTION('',(3.56210409340087E-31,7.39228753967389E-16,-1.));
#5492=DIRECTION('',(0.,1.,7.39236146254929E-16));
#5493=DIRECTION('',(2.89860332872281E-31,-0.581238193719096,-0.813733471206735));
#5494=DIRECTION('',(1.,0.,0.));
#5495=DIRECTION('',(1.62069623249488E-16,0.336336396998157,-0.941741911594837));
#5496=DIRECTION('',(-1.,4.81819445452558E-16,0.));
#5497=DIRECTION('',(0.,0.,-1.));
#5498=DIRECTION('',(-1.,0.,0.));
#5499=DIRECTION('',(0.,0.,1.));
#5500=DIRECTION('',(1.,0.,0.));
#5501=DIRECTION('',(1.,-1.56732580109638E-30,-2.89120579329468E-15));
#5502=DIRECTION('',(-2.89120579329468E-15,0.,-1.));
#5503=DIRECTION('',(0.,-1.,0.));
#5504=DIRECTION('',(0.,0.,-1.));
#5505=DIRECTION('',(1.,2.89120579329468E-15,0.));
#5506=DIRECTION('',(-2.89120579329468E-15,1.,0.));
#5507=DIRECTION('',(-1.,0.,0.));
#5508=DIRECTION('',(0.,0.,1.));
#5509=DIRECTION('',(0.,0.,1.));
#5510=DIRECTION('',(1.,0.,0.));
#5511=DIRECTION('',(0.,-1.,0.));
#5512=DIRECTION('',(0.,0.,-1.));
#5513=DIRECTION('',(0.,0.,-1.));
#5514=DIRECTION('',(-1.,0.,0.));
#5515=DIRECTION('',(0.999891886047579,0.0147042924418763,3.1884851620689E-18));
#5516=DIRECTION('',(-0.0147042924418763,0.999891886047579,0.));
#5517=DIRECTION('',(0.999891886047579,0.0147042924418763,3.1884851620689E-18));
#5518=DIRECTION('',(-0.0147042924418763,0.999891886047579,0.));
#5519=DIRECTION('',(0.999891886047579,0.0147042924418763,3.1884851620689E-18));
#5520=DIRECTION('',(-0.0147042924418763,0.999891886047579,0.));
#5521=DIRECTION('',(0.999891886047579,0.0147042924418763,3.1884851620689E-18));
#5522=DIRECTION('',(-0.0147042924418763,0.999891886047579,0.));
#5523=DIRECTION('',(-0.999891886047579,0.0147042924418763,3.1884851620689E-18));
#5524=DIRECTION('',(-0.0147042924418763,-0.999891886047579,0.));
#5525=DIRECTION('',(-0.999891886047579,0.0147042924418763,3.1884851620689E-18));
#5526=DIRECTION('',(-0.0147042924418763,-0.999891886047579,0.));
#5527=DIRECTION('',(-0.999891886047579,0.0147042924418763,3.1884851620689E-18));
#5528=DIRECTION('',(-0.0147042924418763,-0.999891886047579,0.));
#5529=DIRECTION('',(-0.999891886047579,0.0147042924418763,3.1884851620689E-18));
#5530=DIRECTION('',(-0.0147042924418763,-0.999891886047579,0.));
#5531=DIRECTION('',(0.,0.,1.));
#5532=DIRECTION('',(1.,0.,0.));
#5533=DIRECTION('',(0.,0.,-1.));
#5534=DIRECTION('',(0.,1.,0.));
#5535=DIRECTION('',(0.,0.,1.));
#5536=DIRECTION('',(0.,0.,1.));
#5537=DIRECTION('',(1.,0.,0.));
#5538=DIRECTION('',(0.,0.,-1.));
#5539=DIRECTION('',(0.,1.,0.));
#5540=DIRECTION('',(0.,0.,1.));
#5541=DIRECTION('',(0.,0.,1.));
#5542=DIRECTION('',(1.,0.,0.));
#5543=DIRECTION('',(0.,0.,-1.));
#5544=DIRECTION('',(0.,1.,0.));
#5545=DIRECTION('',(0.,0.,1.));
#5546=DIRECTION('',(0.,0.,1.));
#5547=DIRECTION('',(1.,0.,0.));
#5548=DIRECTION('',(0.,0.,-1.));
#5549=DIRECTION('',(0.,1.,0.));
#5550=DIRECTION('',(0.,0.,1.));
#5551=DIRECTION('',(0.,-1.,0.));
#5552=DIRECTION('',(0.,0.,-1.));
#5553=DIRECTION('',(0.,-1.,0.));
#5554=DIRECTION('',(0.,0.,-1.));
#5555=DIRECTION('',(-1.,0.,0.));
#5556=DIRECTION('',(0.,0.,1.));
#5557=DIRECTION('',(1.,0.,0.));
#5558=DIRECTION('',(0.,-1.,0.));
#5559=DIRECTION('',(1.,0.,0.));
#5560=DIRECTION('',(0.,0.,-1.));
#5561=DIRECTION('',(-1.,0.,0.));
#5562=DIRECTION('',(0.,0.,-1.));
#5563=DIRECTION('',(0.,-1.,0.));
#5564=DIRECTION('',(0.,0.,-1.));
#5565=DIRECTION('',(-1.,0.,0.));
#5566=DIRECTION('',(0.,0.,1.));
#5567=DIRECTION('',(1.,0.,0.));
#5568=DIRECTION('',(0.,-1.,0.));
#5569=DIRECTION('',(1.,0.,0.));
#5570=DIRECTION('',(0.,0.,-1.));
#5571=DIRECTION('',(-1.,0.,0.));
#5572=DIRECTION('',(0.,0.,1.));
#5573=DIRECTION('',(0.,-1.,0.));
#5574=DIRECTION('',(0.,0.,1.));
#5575=DIRECTION('',(1.,0.,0.));
#5576=DIRECTION('',(0.,0.,-1.));
#5577=DIRECTION('',(1.,0.,0.));
#5578=DIRECTION('',(0.,-1.,0.));
#5579=DIRECTION('',(1.,0.,0.));
#5580=DIRECTION('',(0.,0.,-1.));
#5581=DIRECTION('',(-1.,0.,0.));
#5582=DIRECTION('',(0.,0.,1.));
#5583=DIRECTION('',(0.,-1.,0.));
#5584=DIRECTION('',(0.,0.,1.));
#5585=DIRECTION('',(1.,0.,0.));
#5586=DIRECTION('',(0.,0.,-1.));
#5587=DIRECTION('',(-1.,0.,0.));
#5588=DIRECTION('',(0.,-1.,0.));
#5589=DIRECTION('',(-1.,0.,0.));
#5590=DIRECTION('',(0.,0.,1.));
#5591=DIRECTION('',(1.,0.,0.));
#5592=DIRECTION('',(0.,0.,1.));
#5593=DIRECTION('',(0.,-1.,0.));
#5594=DIRECTION('',(0.,0.,1.));
#5595=DIRECTION('',(1.,0.,0.));
#5596=DIRECTION('',(0.,0.,-1.));
#5597=DIRECTION('',(-1.,0.,0.));
#5598=DIRECTION('',(0.,-1.,0.));
#5599=DIRECTION('',(-1.,0.,0.));
#5600=DIRECTION('',(0.,0.,1.));
#5601=DIRECTION('',(1.,0.,0.));
#5602=DIRECTION('',(0.,0.,-1.));
#5603=DIRECTION('',(0.,-1.,0.));
#5604=DIRECTION('',(0.,0.,-1.));
#5605=DIRECTION('',(-1.,0.,0.));
#5606=DIRECTION('',(0.,0.,1.));
#5607=DIRECTION('',(-1.,0.,0.));
#5608=DIRECTION('',(-1.,0.,0.));
#5609=DIRECTION('',(0.,0.,1.));
#5610=DIRECTION('',(1.,0.,0.));
#5611=DIRECTION('',(0.,-1.,0.));
#5612=DIRECTION('',(0.,0.,-1.));
#5613=DIRECTION('',(0.,-1.,0.));
#5614=DIRECTION('',(0.,0.,-1.));
#5615=DIRECTION('',(0.,-1.,0.));
#5616=DIRECTION('',(0.,0.,-1.));
#5617=DIRECTION('',(-1.,0.,0.));
#5618=DIRECTION('',(0.,0.,1.));
#5619=DIRECTION('',(1.,0.,0.));
#5620=DIRECTION('',(0.,-1.,0.));
#5621=DIRECTION('',(1.,0.,0.));
#5622=DIRECTION('',(0.,0.,-1.));
#5623=DIRECTION('',(-1.,0.,0.));
#5624=DIRECTION('',(0.,0.,-1.));
#5625=DIRECTION('',(0.,-1.,0.));
#5626=DIRECTION('',(0.,0.,-1.));
#5627=DIRECTION('',(-1.,0.,0.));
#5628=DIRECTION('',(0.,0.,1.));
#5629=DIRECTION('',(1.,0.,0.));
#5630=DIRECTION('',(0.,-1.,0.));
#5631=DIRECTION('',(1.,0.,0.));
#5632=DIRECTION('',(0.,0.,-1.));
#5633=DIRECTION('',(-1.,0.,0.));
#5634=DIRECTION('',(0.,0.,1.));
#5635=DIRECTION('',(0.,-1.,0.));
#5636=DIRECTION('',(0.,0.,1.));
#5637=DIRECTION('',(1.,0.,0.));
#5638=DIRECTION('',(0.,0.,-1.));
#5639=DIRECTION('',(1.,0.,0.));
#5640=DIRECTION('',(0.,-1.,0.));
#5641=DIRECTION('',(1.,0.,0.));
#5642=DIRECTION('',(0.,0.,-1.));
#5643=DIRECTION('',(-1.,0.,0.));
#5644=DIRECTION('',(0.,0.,1.));
#5645=DIRECTION('',(0.,-1.,0.));
#5646=DIRECTION('',(0.,0.,1.));
#5647=DIRECTION('',(1.,0.,0.));
#5648=DIRECTION('',(0.,0.,-1.));
#5649=DIRECTION('',(-1.,0.,0.));
#5650=DIRECTION('',(0.,-1.,0.));
#5651=DIRECTION('',(-1.,0.,0.));
#5652=DIRECTION('',(0.,0.,1.));
#5653=DIRECTION('',(1.,0.,0.));
#5654=DIRECTION('',(0.,0.,1.));
#5655=DIRECTION('',(0.,-1.,0.));
#5656=DIRECTION('',(0.,0.,1.));
#5657=DIRECTION('',(1.,0.,0.));
#5658=DIRECTION('',(0.,0.,-1.));
#5659=DIRECTION('',(-1.,0.,0.));
#5660=DIRECTION('',(0.,-1.,0.));
#5661=DIRECTION('',(-1.,0.,0.));
#5662=DIRECTION('',(0.,0.,1.));
#5663=DIRECTION('',(1.,0.,0.));
#5664=DIRECTION('',(0.,0.,-1.));
#5665=DIRECTION('',(0.,-1.,0.));
#5666=DIRECTION('',(0.,0.,-1.));
#5667=DIRECTION('',(-1.,0.,0.));
#5668=DIRECTION('',(0.,0.,1.));
#5669=DIRECTION('',(-1.,0.,0.));
#5670=DIRECTION('',(-1.,0.,0.));
#5671=DIRECTION('',(0.,0.,1.));
#5672=DIRECTION('',(1.,0.,0.));
#5673=DIRECTION('',(0.,-1.,0.));
#5674=DIRECTION('',(0.,0.,-1.));
#5675=DIRECTION('',(0.,-1.,0.));
#5676=DIRECTION('',(0.,0.,-1.));
#5677=DIRECTION('',(0.,-1.,0.));
#5678=DIRECTION('',(0.,0.,-1.));
#5679=DIRECTION('',(-1.,0.,0.));
#5680=DIRECTION('',(0.,0.,1.));
#5681=DIRECTION('',(1.,0.,0.));
#5682=DIRECTION('',(0.,-1.,0.));
#5683=DIRECTION('',(1.,0.,0.));
#5684=DIRECTION('',(0.,0.,-1.));
#5685=DIRECTION('',(-1.,0.,0.));
#5686=DIRECTION('',(0.,0.,-1.));
#5687=DIRECTION('',(0.,-1.,0.));
#5688=DIRECTION('',(0.,0.,-1.));
#5689=DIRECTION('',(-1.,0.,0.));
#5690=DIRECTION('',(0.,0.,1.));
#5691=DIRECTION('',(1.,0.,0.));
#5692=DIRECTION('',(0.,-1.,0.));
#5693=DIRECTION('',(1.,0.,0.));
#5694=DIRECTION('',(0.,0.,-1.));
#5695=DIRECTION('',(-1.,0.,0.));
#5696=DIRECTION('',(0.,0.,1.));
#5697=DIRECTION('',(0.,-1.,0.));
#5698=DIRECTION('',(0.,0.,1.));
#5699=DIRECTION('',(1.,0.,0.));
#5700=DIRECTION('',(0.,0.,-1.));
#5701=DIRECTION('',(1.,0.,0.));
#5702=DIRECTION('',(0.,-1.,0.));
#5703=DIRECTION('',(1.,0.,0.));
#5704=DIRECTION('',(0.,0.,-1.));
#5705=DIRECTION('',(-1.,0.,0.));
#5706=DIRECTION('',(0.,0.,1.));
#5707=DIRECTION('',(0.,-1.,0.));
#5708=DIRECTION('',(0.,0.,1.));
#5709=DIRECTION('',(1.,0.,0.));
#5710=DIRECTION('',(0.,0.,-1.));
#5711=DIRECTION('',(-1.,0.,0.));
#5712=DIRECTION('',(0.,-1.,0.));
#5713=DIRECTION('',(-1.,0.,0.));
#5714=DIRECTION('',(0.,0.,1.));
#5715=DIRECTION('',(1.,0.,0.));
#5716=DIRECTION('',(0.,0.,1.));
#5717=DIRECTION('',(0.,-1.,0.));
#5718=DIRECTION('',(0.,0.,1.));
#5719=DIRECTION('',(1.,0.,0.));
#5720=DIRECTION('',(0.,0.,-1.));
#5721=DIRECTION('',(-1.,0.,0.));
#5722=DIRECTION('',(0.,-1.,0.));
#5723=DIRECTION('',(-1.,0.,0.));
#5724=DIRECTION('',(0.,0.,1.));
#5725=DIRECTION('',(1.,0.,0.));
#5726=DIRECTION('',(0.,0.,-1.));
#5727=DIRECTION('',(0.,-1.,0.));
#5728=DIRECTION('',(0.,0.,-1.));
#5729=DIRECTION('',(-1.,0.,0.));
#5730=DIRECTION('',(0.,0.,1.));
#5731=DIRECTION('',(-1.,0.,0.));
#5732=DIRECTION('',(-1.,0.,0.));
#5733=DIRECTION('',(0.,0.,1.));
#5734=DIRECTION('',(1.,0.,0.));
#5735=DIRECTION('',(0.,-1.,0.));
#5736=DIRECTION('',(0.,0.,-1.));
#5737=DIRECTION('',(0.,-1.,0.));
#5738=DIRECTION('',(0.,0.,-1.));
#5739=DIRECTION('',(0.,-1.,0.));
#5740=DIRECTION('',(0.,0.,-1.));
#5741=DIRECTION('',(-1.,0.,0.));
#5742=DIRECTION('',(0.,0.,1.));
#5743=DIRECTION('',(1.,0.,0.));
#5744=DIRECTION('',(0.,-1.,0.));
#5745=DIRECTION('',(1.,0.,0.));
#5746=DIRECTION('',(0.,0.,-1.));
#5747=DIRECTION('',(-1.,0.,0.));
#5748=DIRECTION('',(0.,0.,-1.));
#5749=DIRECTION('',(0.,-1.,0.));
#5750=DIRECTION('',(0.,0.,-1.));
#5751=DIRECTION('',(-1.,0.,0.));
#5752=DIRECTION('',(0.,0.,1.));
#5753=DIRECTION('',(1.,0.,0.));
#5754=DIRECTION('',(0.,-1.,0.));
#5755=DIRECTION('',(1.,0.,0.));
#5756=DIRECTION('',(0.,0.,-1.));
#5757=DIRECTION('',(-1.,0.,0.));
#5758=DIRECTION('',(0.,0.,1.));
#5759=DIRECTION('',(0.,-1.,0.));
#5760=DIRECTION('',(0.,0.,1.));
#5761=DIRECTION('',(1.,0.,0.));
#5762=DIRECTION('',(0.,0.,-1.));
#5763=DIRECTION('',(1.,0.,0.));
#5764=DIRECTION('',(0.,-1.,0.));
#5765=DIRECTION('',(1.,0.,0.));
#5766=DIRECTION('',(0.,0.,-1.));
#5767=DIRECTION('',(-1.,0.,0.));
#5768=DIRECTION('',(0.,0.,1.));
#5769=DIRECTION('',(0.,-1.,0.));
#5770=DIRECTION('',(0.,0.,1.));
#5771=DIRECTION('',(1.,0.,0.));
#5772=DIRECTION('',(0.,0.,-1.));
#5773=DIRECTION('',(-1.,0.,0.));
#5774=DIRECTION('',(0.,-1.,0.));
#5775=DIRECTION('',(-1.,0.,0.));
#5776=DIRECTION('',(0.,0.,1.));
#5777=DIRECTION('',(1.,0.,0.));
#5778=DIRECTION('',(0.,0.,1.));
#5779=DIRECTION('',(0.,-1.,0.));
#5780=DIRECTION('',(0.,0.,1.));
#5781=DIRECTION('',(1.,0.,0.));
#5782=DIRECTION('',(0.,0.,-1.));
#5783=DIRECTION('',(-1.,0.,0.));
#5784=DIRECTION('',(0.,-1.,0.));
#5785=DIRECTION('',(-1.,0.,0.));
#5786=DIRECTION('',(0.,0.,1.));
#5787=DIRECTION('',(1.,0.,0.));
#5788=DIRECTION('',(0.,0.,-1.));
#5789=DIRECTION('',(0.,-1.,0.));
#5790=DIRECTION('',(0.,0.,-1.));
#5791=DIRECTION('',(-1.,0.,0.));
#5792=DIRECTION('',(0.,0.,1.));
#5793=DIRECTION('',(-1.,0.,0.));
#5794=DIRECTION('',(-1.,0.,0.));
#5795=DIRECTION('',(0.,0.,1.));
#5796=DIRECTION('',(1.,0.,0.));
#5797=DIRECTION('',(0.,-1.,0.));
#5798=DIRECTION('',(0.,0.,-1.));
#5799=DIRECTION('',(0.,-2.16840434497101E-16,1.));
#5800=DIRECTION('',(0.,-2.16840434497101E-16,1.));
#5801=DIRECTION('',(1.,0.,0.));
#5802=DIRECTION('',(0.,0.,-1.));
#5803=DIRECTION('',(0.,-2.16840434497101E-16,1.));
#5804=DIRECTION('',(0.,-1.,-2.16840434497101E-16));
#5805=DIRECTION('',(0.,2.16840434497101E-16,-1.));
#5806=DIRECTION('',(0.,-2.16840434497101E-16,1.));
#5807=DIRECTION('',(-1.,0.,0.));
#5808=DIRECTION('',(0.,0.,1.));
#5809=DIRECTION('',(-0.8,-0.6,-1.30104260698261E-16));
#5810=DIRECTION('',(0.6,-0.8,0.));
#5811=DIRECTION('',(0.8,-0.6,-1.30104260698261E-16));
#5812=DIRECTION('',(0.6,0.8,0.));
#5813=DIRECTION('',(0.,-2.16840434497101E-16,1.));
#5814=DIRECTION('',(0.,-2.16840434497101E-16,1.));
#5815=DIRECTION('',(1.,0.,0.));
#5816=DIRECTION('',(0.,0.,-1.));
#5817=DIRECTION('',(0.,-2.16840434497101E-16,1.));
#5818=DIRECTION('',(0.,-1.,-2.16840434497101E-16));
#5819=DIRECTION('',(0.,2.16840434497101E-16,-1.));
#5820=DIRECTION('',(0.,-2.16840434497101E-16,1.));
#5821=DIRECTION('',(-1.,0.,0.));
#5822=DIRECTION('',(0.,0.,1.));
#5823=DIRECTION('',(-0.8,-0.6,-1.30104260698261E-16));
#5824=DIRECTION('',(0.6,-0.8,0.));
#5825=DIRECTION('',(0.8,-0.6,-1.30104260698261E-16));
#5826=DIRECTION('',(0.6,0.8,0.));
#5827=DIRECTION('',(0.,-2.16840434497101E-16,1.));
#5828=DIRECTION('',(0.,-2.16840434497101E-16,1.));
#5829=DIRECTION('',(1.,0.,0.));
#5830=DIRECTION('',(0.,0.,-1.));
#5831=DIRECTION('',(0.,-2.16840434497101E-16,1.));
#5832=DIRECTION('',(0.,-1.,-2.16840434497101E-16));
#5833=DIRECTION('',(0.,2.16840434497101E-16,-1.));
#5834=DIRECTION('',(0.,-2.16840434497101E-16,1.));
#5835=DIRECTION('',(-1.,0.,0.));
#5836=DIRECTION('',(0.,0.,1.));
#5837=DIRECTION('',(-0.8,-0.6,-1.30104260698261E-16));
#5838=DIRECTION('',(0.6,-0.8,0.));
#5839=DIRECTION('',(0.8,-0.6,-1.30104260698261E-16));
#5840=DIRECTION('',(0.6,0.8,0.));
#5841=DIRECTION('',(0.,-2.16840434497101E-16,1.));
#5842=DIRECTION('',(0.,-2.16840434497101E-16,1.));
#5843=DIRECTION('',(1.,0.,0.));
#5844=DIRECTION('',(0.,0.,-1.));
#5845=DIRECTION('',(0.,-2.16840434497101E-16,1.));
#5846=DIRECTION('',(0.,-1.,-2.16840434497101E-16));
#5847=DIRECTION('',(0.,2.16840434497101E-16,-1.));
#5848=DIRECTION('',(0.,-2.16840434497101E-16,1.));
#5849=DIRECTION('',(-1.,0.,0.));
#5850=DIRECTION('',(0.,0.,1.));
#5851=DIRECTION('',(-0.8,-0.6,-1.30104260698261E-16));
#5852=DIRECTION('',(0.6,-0.8,0.));
#5853=DIRECTION('',(0.8,-0.6,-1.30104260698261E-16));
#5854=DIRECTION('',(0.6,0.8,0.));
#5855=DIRECTION('',(-0.447213595499957,0.774596669241484,0.447213595499958));
#5856=DIRECTION('',(0.447213595499957,-0.774596669241484,-0.447213595499958));
#5857=DIRECTION('',(-0.866025403784439,-0.499999999999999,0.));
#5858=DIRECTION('',(0.,0.,-1.));
#5859=DIRECTION('',(0.447213595499957,-0.774596669241484,-0.447213595499958));
#5860=DIRECTION('',(0.,-0.5,0.866025403784439));
#5861=DIRECTION('',(-1.,0.,0.));
#5862=DIRECTION('',(0.447213595499957,0.774596669241484,0.447213595499958));
#5863=DIRECTION('',(0.,-0.5,0.866025403784439));
#5864=DIRECTION('',(-1.,0.,0.));
#5865=DIRECTION('',(0.447213595499957,-0.774596669241484,0.447213595499957));
#5866=DIRECTION('',(-0.866025403784439,-0.499999999999999,0.));
#5867=DIRECTION('',(0.,0.,-1.));
#5868=DIRECTION('',(0.447213595499957,0.774596669241484,0.447213595499958));
#5869=DIRECTION('',(0.866025403784439,-0.499999999999999,0.));
#5870=DIRECTION('',(0.,0.,1.));
#5871=DIRECTION('',(0.447213595499957,-0.774596669241484,0.447213595499957));
#5872=DIRECTION('',(0.,-0.499999999999999,-0.866025403784439));
#5873=DIRECTION('',(1.,0.,0.));
#5874=DIRECTION('',(0.447213595499957,0.774596669241484,0.447213595499958));
#5875=DIRECTION('',(0.,-0.5,0.866025403784439));
#5876=DIRECTION('',(-1.,0.,0.));
#5877=DIRECTION('',(0.447213595499957,-0.774596669241484,0.447213595499957));
#5878=DIRECTION('',(-0.866025403784439,-0.499999999999999,0.));
#5879=DIRECTION('',(0.,0.,-1.));
#5880=DIRECTION('',(0.447213595499957,0.774596669241484,-0.447213595499957));
#5881=DIRECTION('',(0.866025403784439,-0.499999999999999,0.));
#5882=DIRECTION('',(0.,0.,1.));
#5883=DIRECTION('',(-0.447213595499957,-0.774596669241484,0.447213595499957));
#5884=DIRECTION('',(0.,-0.499999999999999,-0.866025403784439));
#5885=DIRECTION('',(1.,0.,0.));
#5886=DIRECTION('',(0.447213595499957,0.774596669241484,-0.447213595499957));
#5887=DIRECTION('',(0.,-0.499999999999999,-0.866025403784439));
#5888=DIRECTION('',(1.,0.,0.));
#5889=DIRECTION('',(0.866025403784439,-0.499999999999999,0.));
#5890=DIRECTION('',(0.,0.,1.));
#5891=DIRECTION('',(-0.447213595499957,0.774596669241484,0.447213595499958));
#5892=DIRECTION('',(0.447213595499957,-0.774596669241484,-0.447213595499958));
#5893=DIRECTION('',(-0.866025403784439,-0.499999999999999,0.));
#5894=DIRECTION('',(0.,0.,-1.));
#5895=DIRECTION('',(0.447213595499957,-0.774596669241484,-0.447213595499958));
#5896=DIRECTION('',(0.,-0.5,0.866025403784439));
#5897=DIRECTION('',(-1.,0.,0.));
#5898=DIRECTION('',(0.447213595499957,0.774596669241484,0.447213595499958));
#5899=DIRECTION('',(0.,-0.5,0.866025403784439));
#5900=DIRECTION('',(-1.,0.,0.));
#5901=DIRECTION('',(0.447213595499957,-0.774596669241484,0.447213595499957));
#5902=DIRECTION('',(-0.866025403784439,-0.499999999999999,0.));
#5903=DIRECTION('',(0.,0.,-1.));
#5904=DIRECTION('',(0.447213595499957,0.774596669241484,0.447213595499958));
#5905=DIRECTION('',(0.866025403784439,-0.499999999999999,0.));
#5906=DIRECTION('',(0.,0.,1.));
#5907=DIRECTION('',(0.447213595499957,-0.774596669241484,0.447213595499957));
#5908=DIRECTION('',(0.,-0.499999999999999,-0.866025403784439));
#5909=DIRECTION('',(1.,0.,0.));
#5910=DIRECTION('',(0.447213595499957,0.774596669241484,0.447213595499958));
#5911=DIRECTION('',(0.,-0.5,0.866025403784439));
#5912=DIRECTION('',(-1.,0.,0.));
#5913=DIRECTION('',(0.447213595499957,-0.774596669241484,0.447213595499957));
#5914=DIRECTION('',(-0.866025403784439,-0.499999999999999,0.));
#5915=DIRECTION('',(0.,0.,-1.));
#5916=DIRECTION('',(0.447213595499957,0.774596669241484,-0.447213595499957));
#5917=DIRECTION('',(0.866025403784439,-0.499999999999999,0.));
#5918=DIRECTION('',(0.,0.,1.));
#5919=DIRECTION('',(-0.447213595499957,-0.774596669241484,0.447213595499957));
#5920=DIRECTION('',(0.,-0.499999999999999,-0.866025403784439));
#5921=DIRECTION('',(1.,0.,0.));
#5922=DIRECTION('',(0.447213595499957,0.774596669241484,-0.447213595499957));
#5923=DIRECTION('',(0.,-0.499999999999999,-0.866025403784439));
#5924=DIRECTION('',(1.,0.,0.));
#5925=DIRECTION('',(0.866025403784439,-0.499999999999999,0.));
#5926=DIRECTION('',(0.,0.,1.));
#5927=DIRECTION('',(-0.447213595499957,0.774596669241484,0.447213595499958));
#5928=DIRECTION('',(0.447213595499957,-0.774596669241484,-0.447213595499958));
#5929=DIRECTION('',(-0.866025403784439,-0.499999999999999,0.));
#5930=DIRECTION('',(0.,0.,-1.));
#5931=DIRECTION('',(0.447213595499957,-0.774596669241484,-0.447213595499958));
#5932=DIRECTION('',(0.,-0.5,0.866025403784439));
#5933=DIRECTION('',(-1.,0.,0.));
#5934=DIRECTION('',(0.447213595499957,0.774596669241484,0.447213595499958));
#5935=DIRECTION('',(0.,-0.5,0.866025403784439));
#5936=DIRECTION('',(-1.,0.,0.));
#5937=DIRECTION('',(0.447213595499957,-0.774596669241484,0.447213595499957));
#5938=DIRECTION('',(-0.866025403784439,-0.499999999999999,0.));
#5939=DIRECTION('',(0.,0.,-1.));
#5940=DIRECTION('',(0.447213595499957,0.774596669241484,0.447213595499958));
#5941=DIRECTION('',(0.866025403784439,-0.499999999999999,0.));
#5942=DIRECTION('',(0.,0.,1.));
#5943=DIRECTION('',(0.447213595499957,-0.774596669241484,0.447213595499957));
#5944=DIRECTION('',(0.,-0.499999999999999,-0.866025403784439));
#5945=DIRECTION('',(1.,0.,0.));
#5946=DIRECTION('',(0.447213595499957,0.774596669241484,0.447213595499958));
#5947=DIRECTION('',(0.,-0.5,0.866025403784439));
#5948=DIRECTION('',(-1.,0.,0.));
#5949=DIRECTION('',(0.447213595499957,-0.774596669241484,0.447213595499957));
#5950=DIRECTION('',(-0.866025403784439,-0.499999999999999,0.));
#5951=DIRECTION('',(0.,0.,-1.));
#5952=DIRECTION('',(0.447213595499957,0.774596669241484,-0.447213595499957));
#5953=DIRECTION('',(0.866025403784439,-0.499999999999999,0.));
#5954=DIRECTION('',(0.,0.,1.));
#5955=DIRECTION('',(-0.447213595499957,-0.774596669241484,0.447213595499957));
#5956=DIRECTION('',(0.,-0.499999999999999,-0.866025403784439));
#5957=DIRECTION('',(1.,0.,0.));
#5958=DIRECTION('',(0.447213595499957,0.774596669241484,-0.447213595499957));
#5959=DIRECTION('',(0.,-0.499999999999999,-0.866025403784439));
#5960=DIRECTION('',(1.,0.,0.));
#5961=DIRECTION('',(0.866025403784439,-0.499999999999999,0.));
#5962=DIRECTION('',(0.,0.,1.));
#5963=DIRECTION('',(-0.447213595499958,0.774596669241483,0.447213595499958));
#5964=DIRECTION('',(0.447213595499958,-0.774596669241483,-0.447213595499958));
#5965=DIRECTION('',(-0.866025403784438,-0.500000000000001,0.));
#5966=DIRECTION('',(0.,0.,-1.));
#5967=DIRECTION('',(0.447213595499958,-0.774596669241483,-0.447213595499958));
#5968=DIRECTION('',(0.,-0.5,0.866025403784439));
#5969=DIRECTION('',(-1.,0.,0.));
#5970=DIRECTION('',(0.447213595499956,0.774596669241484,0.447213595499958));
#5971=DIRECTION('',(0.,-0.5,0.866025403784439));
#5972=DIRECTION('',(-1.,0.,0.));
#5973=DIRECTION('',(0.447213595499959,-0.774596669241484,0.447213595499957));
#5974=DIRECTION('',(-0.866025403784438,-0.500000000000001,0.));
#5975=DIRECTION('',(0.,0.,-1.));
#5976=DIRECTION('',(0.447213595499956,0.774596669241484,0.447213595499958));
#5977=DIRECTION('',(0.86602540378444,-0.499999999999998,0.));
#5978=DIRECTION('',(0.,0.,1.));
#5979=DIRECTION('',(0.447213595499959,-0.774596669241484,0.447213595499957));
#5980=DIRECTION('',(0.,-0.499999999999999,-0.866025403784439));
#5981=DIRECTION('',(1.,0.,0.));
#5982=DIRECTION('',(0.447213595499956,0.774596669241484,0.447213595499958));
#5983=DIRECTION('',(0.,-0.5,0.866025403784439));
#5984=DIRECTION('',(-1.,0.,0.));
#5985=DIRECTION('',(0.447213595499959,-0.774596669241484,0.447213595499957));
#5986=DIRECTION('',(-0.866025403784438,-0.500000000000001,0.));
#5987=DIRECTION('',(0.,0.,-1.));
#5988=DIRECTION('',(0.447213595499956,0.774596669241485,-0.447213595499958));
#5989=DIRECTION('',(0.86602540378444,-0.499999999999998,0.));
#5990=DIRECTION('',(0.,0.,1.));
#5991=DIRECTION('',(-0.447213595499959,-0.774596669241484,0.447213595499957));
#5992=DIRECTION('',(0.,-0.499999999999999,-0.866025403784439));
#5993=DIRECTION('',(1.,0.,0.));
#5994=DIRECTION('',(0.447213595499959,0.774596669241484,-0.447213595499957));
#5995=DIRECTION('',(0.,-0.499999999999999,-0.866025403784439));
#5996=DIRECTION('',(1.,0.,0.));
#5997=DIRECTION('',(0.866025403784438,-0.500000000000001,0.));
#5998=DIRECTION('',(0.,0.,1.));
#5999=DIRECTION('',(-0.577350269189626,0.577350269189626,0.577350269189625));
#6000=DIRECTION('',(-0.707106781186547,-0.707106781186547,0.));
#6001=DIRECTION('',(0.,0.,1.));
#6002=DIRECTION('',(0.577350269189626,0.577350269189626,0.577350269189625));
#6003=DIRECTION('',(0.,-0.707106781186547,0.707106781186548));
#6004=DIRECTION('',(1.,0.,0.));
#6005=DIRECTION('',(0.707106781186547,-0.707106781186547,0.));
#6006=DIRECTION('',(0.,0.,-1.));
#6007=DIRECTION('',(-0.577350269189626,0.577350269189626,0.577350269189625));
#6008=DIRECTION('',(-0.707106781186547,-0.707106781186547,0.));
#6009=DIRECTION('',(0.,0.,1.));
#6010=DIRECTION('',(0.577350269189626,0.577350269189626,0.577350269189625));
#6011=DIRECTION('',(0.,-0.707106781186547,0.707106781186548));
#6012=DIRECTION('',(1.,0.,0.));
#6013=DIRECTION('',(0.707106781186547,-0.707106781186547,0.));
#6014=DIRECTION('',(0.,0.,-1.));
#6015=DIRECTION('',(-0.577350269189626,0.577350269189626,0.577350269189625));
#6016=DIRECTION('',(-0.707106781186547,-0.707106781186547,0.));
#6017=DIRECTION('',(0.,0.,1.));
#6018=DIRECTION('',(0.577350269189626,0.577350269189626,0.577350269189625));
#6019=DIRECTION('',(0.,-0.707106781186547,0.707106781186548));
#6020=DIRECTION('',(1.,0.,0.));
#6021=DIRECTION('',(0.707106781186547,-0.707106781186547,0.));
#6022=DIRECTION('',(0.,0.,-1.));
#6023=DIRECTION('',(-0.577350269189627,0.577350269189626,0.577350269189625));
#6024=DIRECTION('',(-0.707106781186547,-0.707106781186548,0.));
#6025=DIRECTION('',(0.,0.,1.));
#6026=DIRECTION('',(0.577350269189626,0.577350269189626,0.577350269189625));
#6027=DIRECTION('',(0.,-0.707106781186547,0.707106781186548));
#6028=DIRECTION('',(1.,0.,0.));
#6029=DIRECTION('',(0.707106781186547,-0.707106781186547,0.));
#6030=DIRECTION('',(0.,0.,-1.));
#6031=DIRECTION('',(0.,1.,7.39228753967389E-16));
#6032=DIRECTION('',(0.,-0.813733471206735,0.581238193719096));
#6033=DIRECTION('',(0.,-0.941741911594837,-0.336336396998157));
#6034=DIRECTION('',(1.,0.,0.));
#6035=DIRECTION('',(0.,0.,-1.));
#6036=DIRECTION('',(6.41637525313828E-16,0.813733471206735,-0.581238193719096));
#6037=DIRECTION('',(-7.88510670898549E-16,-1.,-7.39228753967389E-16));
#6038=DIRECTION('',(7.42573546524927E-16,0.941741911594837,0.336336396998157));
#6039=DIRECTION('',(-1.,7.88510670898549E-16,0.));
#6040=DIRECTION('',(-7.88431819831459E-16,-1.,0.));
#6041=DIRECTION('',(-1.,0.,-3.56210409340087E-31));
#6042=DIRECTION('',(1.,-4.8186763221578E-16,0.));
#6043=DIRECTION('',(3.56210409340087E-31,7.39228753967389E-16,-1.));
#6044=DIRECTION('',(0.,1.,7.39236146254929E-16));
#6045=DIRECTION('',(2.89860332872281E-31,-0.581238193719096,-0.813733471206735));
#6046=DIRECTION('',(1.,0.,0.));
#6047=DIRECTION('',(1.62069623249488E-16,0.336336396998157,-0.941741911594837));
#6048=DIRECTION('',(-1.,4.81819445452558E-16,0.));
#6049=CARTESIAN_POINT('',(0.,0.,0.));
#6050=CARTESIAN_POINT('',(1.425,2.5,0.449999999999999));
#6051=CARTESIAN_POINT('',(1.425,2.5,0.449999999999999));
#6052=CARTESIAN_POINT('',(1.425,3.6,0.45));
#6053=CARTESIAN_POINT('',(2.325,2.5,0.449999999999999));
#6054=CARTESIAN_POINT('',(2.325,2.5,0.45));
#6055=CARTESIAN_POINT('',(2.325,3.6,0.45));
#6056=CARTESIAN_POINT('',(2.325,3.6,0.45));
#6057=CARTESIAN_POINT('',(1.425,3.6,0.45));
#6058=CARTESIAN_POINT('',(-2.325,3.8,0.45));
#6059=CARTESIAN_POINT('',(-2.325,3.8,0.450000000000001));
#6060=CARTESIAN_POINT('',(-2.675,3.8,0.45));
#6061=CARTESIAN_POINT('',(-2.325,3.8,0.450000000000001));
#6062=CARTESIAN_POINT('',(-2.175,3.95,0.45));
#6063=CARTESIAN_POINT('',(3.35,3.95,0.45));
#6064=CARTESIAN_POINT('',(-1.575,3.95,0.45));
#6065=CARTESIAN_POINT('',(-1.425,3.8,0.45));
#6066=CARTESIAN_POINT('',(-1.425,3.8,0.45));
#6067=CARTESIAN_POINT('',(-1.075,3.8,0.45));
#6068=CARTESIAN_POINT('',(-1.075,3.8,0.450000000000001));
#6069=CARTESIAN_POINT('',(-1.075,3.8,0.450000000000001));
#6070=CARTESIAN_POINT('',(-0.925,3.95,0.45));
#6071=CARTESIAN_POINT('',(3.35,3.95,0.45));
#6072=CARTESIAN_POINT('',(-0.325,3.95,0.45));
#6073=CARTESIAN_POINT('',(-0.175,3.8,0.45));
#6074=CARTESIAN_POINT('',(-0.175,3.8,0.45));
#6075=CARTESIAN_POINT('',(0.175,3.8,0.45));
#6076=CARTESIAN_POINT('',(0.175,3.8,0.450000000000001));
#6077=CARTESIAN_POINT('',(0.175,3.8,0.450000000000001));
#6078=CARTESIAN_POINT('',(0.325,3.95,0.45));
#6079=CARTESIAN_POINT('',(3.35,3.95,0.45));
#6080=CARTESIAN_POINT('',(0.925,3.95,0.45));
#6081=CARTESIAN_POINT('',(1.075,3.8,0.45));
#6082=CARTESIAN_POINT('',(1.075,3.8,0.45));
#6083=CARTESIAN_POINT('',(1.425,3.8,0.45));
#6084=CARTESIAN_POINT('',(1.425,3.8,0.450000000000001));
#6085=CARTESIAN_POINT('',(1.425,3.8,0.450000000000001));
#6086=CARTESIAN_POINT('',(1.575,3.95,0.45));
#6087=CARTESIAN_POINT('',(3.35,3.95,0.45));
#6088=CARTESIAN_POINT('',(2.175,3.95,0.45));
#6089=CARTESIAN_POINT('',(2.325,3.8,0.45));
#6090=CARTESIAN_POINT('',(2.325,3.8,0.45));
#6091=CARTESIAN_POINT('',(2.675,3.8,0.45));
#6092=CARTESIAN_POINT('',(2.675,3.8,0.450000000000001));
#6093=CARTESIAN_POINT('',(2.675,3.8,0.450000000000001));
#6094=CARTESIAN_POINT('',(2.825,3.95,0.45));
#6095=CARTESIAN_POINT('',(3.35,3.95,0.45));
#6096=CARTESIAN_POINT('',(3.35,3.95,0.45));
#6097=CARTESIAN_POINT('',(3.35,0.6,0.45));
#6098=CARTESIAN_POINT('',(3.35,0.6,0.45));
#6099=CARTESIAN_POINT('',(3.35,0.6,0.45));
#6100=CARTESIAN_POINT('',(-3.35,0.6,0.45));
#6101=CARTESIAN_POINT('',(-3.35,0.6,0.45));
#6102=CARTESIAN_POINT('',(-3.35,3.95,0.45));
#6103=CARTESIAN_POINT('',(3.35,3.95,0.45));
#6104=CARTESIAN_POINT('',(-2.825,3.95,0.45));
#6105=CARTESIAN_POINT('',(-2.675,3.8,0.45));
#6106=CARTESIAN_POINT('',(-2.325,2.5,0.449999999999999));
#6107=CARTESIAN_POINT('',(-2.325,2.5,0.449999999999999));
#6108=CARTESIAN_POINT('',(-2.325,3.6,0.45));
#6109=CARTESIAN_POINT('',(-1.425,2.5,0.449999999999999));
#6110=CARTESIAN_POINT('',(-1.425,2.5,0.449999999999999));
#6111=CARTESIAN_POINT('',(-1.425,3.6,0.45));
#6112=CARTESIAN_POINT('',(-1.425,3.6,0.45));
#6113=CARTESIAN_POINT('',(-2.325,3.6,0.45));
#6114=CARTESIAN_POINT('',(3.35,0.6,0.45));
#6115=CARTESIAN_POINT('',(0.75,2.8,2.75));
#6116=CARTESIAN_POINT('',(0.75,2.8,2.75));
#6117=CARTESIAN_POINT('',(1.05,3.2,2.75));
#6118=CARTESIAN_POINT('',(1.05,3.2,2.75));
#6119=CARTESIAN_POINT('',(1.05,3.6,2.75));
#6120=CARTESIAN_POINT('',(1.05,3.6,2.75));
#6121=CARTESIAN_POINT('',(1.45,3.6,2.75));
#6122=CARTESIAN_POINT('',(1.45,3.6,2.75));
#6123=CARTESIAN_POINT('',(1.45,3.2,2.75));
#6124=CARTESIAN_POINT('',(1.45,3.2,2.75));
#6125=CARTESIAN_POINT('',(1.75,2.8,2.75));
#6126=CARTESIAN_POINT('',(3.35,2.8,2.75));
#6127=CARTESIAN_POINT('',(2.,2.8,2.75));
#6128=CARTESIAN_POINT('',(2.,2.8,2.75));
#6129=CARTESIAN_POINT('',(2.3,3.2,2.75));
#6130=CARTESIAN_POINT('',(2.3,3.2,2.75));
#6131=CARTESIAN_POINT('',(2.3,3.6,2.75));
#6132=CARTESIAN_POINT('',(2.3,3.6,2.75));
#6133=CARTESIAN_POINT('',(2.7,3.6,2.75));
#6134=CARTESIAN_POINT('',(2.7,3.6,2.75));
#6135=CARTESIAN_POINT('',(2.7,3.2,2.75));
#6136=CARTESIAN_POINT('',(2.7,3.2,2.75));
#6137=CARTESIAN_POINT('',(3.,2.8,2.75));
#6138=CARTESIAN_POINT('',(3.35,2.8,2.75));
#6139=CARTESIAN_POINT('',(3.35,2.8,2.75));
#6140=CARTESIAN_POINT('',(3.35,3.95,2.75));
#6141=CARTESIAN_POINT('',(3.35,3.95,2.75));
#6142=CARTESIAN_POINT('',(3.35,3.95,2.75));
#6143=CARTESIAN_POINT('',(-3.35,3.95,2.75));
#6144=CARTESIAN_POINT('',(-3.35,3.95,2.75));
#6145=CARTESIAN_POINT('',(-3.35,2.8,2.75));
#6146=CARTESIAN_POINT('',(3.35,2.8,2.75));
#6147=CARTESIAN_POINT('',(-3.,2.8,2.75));
#6148=CARTESIAN_POINT('',(-3.,2.8,2.75));
#6149=CARTESIAN_POINT('',(-2.7,3.2,2.75));
#6150=CARTESIAN_POINT('',(-2.7,3.2,2.75));
#6151=CARTESIAN_POINT('',(-2.7,3.6,2.75));
#6152=CARTESIAN_POINT('',(-2.7,3.6,2.75));
#6153=CARTESIAN_POINT('',(-2.3,3.6,2.75));
#6154=CARTESIAN_POINT('',(-2.3,3.6,2.75));
#6155=CARTESIAN_POINT('',(-2.3,3.2,2.75));
#6156=CARTESIAN_POINT('',(-2.3,3.2,2.75));
#6157=CARTESIAN_POINT('',(-2.,2.8,2.75));
#6158=CARTESIAN_POINT('',(3.35,2.8,2.75));
#6159=CARTESIAN_POINT('',(-1.75,2.8,2.75));
#6160=CARTESIAN_POINT('',(-1.75,2.8,2.75));
#6161=CARTESIAN_POINT('',(-1.45,3.2,2.75));
#6162=CARTESIAN_POINT('',(-1.45,3.2,2.75));
#6163=CARTESIAN_POINT('',(-1.45,3.6,2.75));
#6164=CARTESIAN_POINT('',(-1.45,3.6,2.75));
#6165=CARTESIAN_POINT('',(-1.05,3.6,2.75));
#6166=CARTESIAN_POINT('',(-1.05,3.6,2.75));
#6167=CARTESIAN_POINT('',(-1.05,3.2,2.75));
#6168=CARTESIAN_POINT('',(-1.05,3.2,2.75));
#6169=CARTESIAN_POINT('',(-0.75,2.8,2.75));
#6170=CARTESIAN_POINT('',(3.35,2.8,2.75));
#6171=CARTESIAN_POINT('',(-0.5,2.8,2.75));
#6172=CARTESIAN_POINT('',(-0.5,2.8,2.75));
#6173=CARTESIAN_POINT('',(-0.2,3.2,2.75));
#6174=CARTESIAN_POINT('',(-0.2,3.2,2.75));
#6175=CARTESIAN_POINT('',(-0.2,3.6,2.75));
#6176=CARTESIAN_POINT('',(-0.2,3.6,2.75));
#6177=CARTESIAN_POINT('',(0.2,3.6,2.75));
#6178=CARTESIAN_POINT('',(0.2,3.6,2.75));
#6179=CARTESIAN_POINT('',(0.2,3.2,2.75));
#6180=CARTESIAN_POINT('',(0.2,3.2,2.75));
#6181=CARTESIAN_POINT('',(0.5,2.8,2.75));
#6182=CARTESIAN_POINT('',(3.35,2.8,2.75));
#6183=CARTESIAN_POINT('',(3.35,3.95,2.75));
#6184=CARTESIAN_POINT('',(1.75,2.8,-1.21));
#6185=CARTESIAN_POINT('',(1.75,2.8,2.35));
#6186=CARTESIAN_POINT('',(3.35,2.8,2.35));
#6187=CARTESIAN_POINT('',(2.,2.8,2.35));
#6188=CARTESIAN_POINT('',(2.,2.8,-1.21));
#6189=CARTESIAN_POINT('',(3.35,2.8,2.75));
#6190=CARTESIAN_POINT('',(0.75,2.8,-1.21));
#6191=CARTESIAN_POINT('',(0.75,2.8,2.35));
#6192=CARTESIAN_POINT('',(0.5,2.8,-1.21));
#6193=CARTESIAN_POINT('',(0.5,2.8,2.35));
#6194=CARTESIAN_POINT('',(3.35,2.8,2.35));
#6195=CARTESIAN_POINT('',(3.35,2.8,2.75));
#6196=CARTESIAN_POINT('',(-0.5,2.8,-1.21));
#6197=CARTESIAN_POINT('',(-0.5,2.8,2.35));
#6198=CARTESIAN_POINT('',(-0.75,2.8,-1.21));
#6199=CARTESIAN_POINT('',(-0.75,2.8,2.35));
#6200=CARTESIAN_POINT('',(3.35,2.8,2.35));
#6201=CARTESIAN_POINT('',(3.35,2.8,2.75));
#6202=CARTESIAN_POINT('',(-1.75,2.8,-1.21));
#6203=CARTESIAN_POINT('',(-1.75,2.8,2.35));
#6204=CARTESIAN_POINT('',(-2.,2.8,-1.21));
#6205=CARTESIAN_POINT('',(-2.,2.8,2.35));
#6206=CARTESIAN_POINT('',(3.35,2.8,2.35));
#6207=CARTESIAN_POINT('',(3.35,2.8,2.75));
#6208=CARTESIAN_POINT('',(-3.,2.8,-1.21));
#6209=CARTESIAN_POINT('',(-3.,2.8,2.35));
#6210=CARTESIAN_POINT('',(-3.35,2.8,2.75));
#6211=CARTESIAN_POINT('',(-3.35,2.8,2.35));
#6212=CARTESIAN_POINT('',(3.35,2.8,2.35));
#6213=CARTESIAN_POINT('',(3.35,2.8,2.75));
#6214=CARTESIAN_POINT('',(-2.175,3.95,0.45));
#6215=CARTESIAN_POINT('',(-2.175,3.95,1.9));
#6216=CARTESIAN_POINT('',(3.35,3.95,1.9));
#6217=CARTESIAN_POINT('',(-2.825,3.95,1.9));
#6218=CARTESIAN_POINT('',(-2.825,3.95,0.45));
#6219=CARTESIAN_POINT('',(-3.35,3.95,0.45));
#6220=CARTESIAN_POINT('',(3.35,3.95,0.45));
#6221=CARTESIAN_POINT('',(2.825,3.95,0.45));
#6222=CARTESIAN_POINT('',(2.825,3.95,1.9));
#6223=CARTESIAN_POINT('',(3.35,3.95,1.9));
#6224=CARTESIAN_POINT('',(2.175,3.95,1.9));
#6225=CARTESIAN_POINT('',(2.175,3.95,0.45));
#6226=CARTESIAN_POINT('',(1.575,3.95,0.45));
#6227=CARTESIAN_POINT('',(1.575,3.95,1.9));
#6228=CARTESIAN_POINT('',(3.35,3.95,1.9));
#6229=CARTESIAN_POINT('',(0.925,3.95,1.9));
#6230=CARTESIAN_POINT('',(0.925,3.95,0.45));
#6231=CARTESIAN_POINT('',(0.325,3.95,0.45));
#6232=CARTESIAN_POINT('',(0.325,3.95,1.9));
#6233=CARTESIAN_POINT('',(3.35,3.95,1.9));
#6234=CARTESIAN_POINT('',(-0.325,3.95,1.9));
#6235=CARTESIAN_POINT('',(-0.325,3.95,0.45));
#6236=CARTESIAN_POINT('',(-0.925,3.95,0.45));
#6237=CARTESIAN_POINT('',(-0.925,3.95,1.9));
#6238=CARTESIAN_POINT('',(3.35,3.95,1.9));
#6239=CARTESIAN_POINT('',(-1.575,3.95,1.9));
#6240=CARTESIAN_POINT('',(-1.575,3.95,0.45));
#6241=CARTESIAN_POINT('',(3.35,3.95,0.45));
#6242=CARTESIAN_POINT('',(1.7,1.35,3.2));
#6243=CARTESIAN_POINT('',(1.69191176470588,1.35000000000001,3.2));
#6244=CARTESIAN_POINT('',(0.808088235294118,1.35000000000001,3.2));
#6245=CARTESIAN_POINT('',(0.8,0.799999999999998,3.2));
#6246=CARTESIAN_POINT('',(0.8,0.8,3.2));
#6247=CARTESIAN_POINT('',(3.35,0.8,3.2));
#6248=CARTESIAN_POINT('',(0.45,0.8,3.2));
#6249=CARTESIAN_POINT('',(0.425,2.5,3.2));
#6250=CARTESIAN_POINT('',(0.441911764705882,1.35000000000001,3.2));
#6251=CARTESIAN_POINT('',(0.45,1.35,3.2));
#6252=CARTESIAN_POINT('',(-0.441911764705882,1.35000000000001,3.2));
#6253=CARTESIAN_POINT('',(-0.45,0.799999999999998,3.2));
#6254=CARTESIAN_POINT('',(-0.45,0.8,3.2));
#6255=CARTESIAN_POINT('',(3.35,0.8,3.2));
#6256=CARTESIAN_POINT('',(-0.799999999999999,0.8,3.2));
#6257=CARTESIAN_POINT('',(-0.825,2.5,3.2));
#6258=CARTESIAN_POINT('',(-0.808088235294117,1.35000000000001,3.2));
#6259=CARTESIAN_POINT('',(-0.799999999999999,1.35,3.2));
#6260=CARTESIAN_POINT('',(-1.69191176470588,1.35000000000001,3.2));
#6261=CARTESIAN_POINT('',(-1.7,0.799999999999998,3.2));
#6262=CARTESIAN_POINT('',(-1.7,0.8,3.2));
#6263=CARTESIAN_POINT('',(3.35,0.8,3.2));
#6264=CARTESIAN_POINT('',(-2.05,0.8,3.2));
#6265=CARTESIAN_POINT('',(-2.075,2.5,3.2));
#6266=CARTESIAN_POINT('',(-2.05808823529412,1.35000000000001,3.2));
#6267=CARTESIAN_POINT('',(-2.05,1.35,3.2));
#6268=CARTESIAN_POINT('',(-2.94191176470588,1.35000000000001,3.2));
#6269=CARTESIAN_POINT('',(-2.95,0.799999999999998,3.2));
#6270=CARTESIAN_POINT('',(-2.95,0.8,3.2));
#6271=CARTESIAN_POINT('',(3.35,0.8,3.2));
#6272=CARTESIAN_POINT('',(-3.35,0.8,3.2));
#6273=CARTESIAN_POINT('',(-3.35,0.8,3.2));
#6274=CARTESIAN_POINT('',(-3.35,0.6,3.2));
#6275=CARTESIAN_POINT('',(3.7,0.6,3.2));
#6276=CARTESIAN_POINT('',(-3.7,0.6,3.2));
#6277=CARTESIAN_POINT('',(-3.7,0.6,3.2));
#6278=CARTESIAN_POINT('',(-3.7,0.,3.2));
#6279=CARTESIAN_POINT('',(3.7,0.,3.2));
#6280=CARTESIAN_POINT('',(3.7,0.,3.2));
#6281=CARTESIAN_POINT('',(3.7,0.6,3.2));
#6282=CARTESIAN_POINT('',(3.7,0.6,3.2));
#6283=CARTESIAN_POINT('',(3.7,0.6,3.2));
#6284=CARTESIAN_POINT('',(3.35,0.6,3.2));
#6285=CARTESIAN_POINT('',(3.35,0.8,3.2));
#6286=CARTESIAN_POINT('',(3.35,0.8,3.2));
#6287=CARTESIAN_POINT('',(3.35,0.8,3.2));
#6288=CARTESIAN_POINT('',(2.95,0.8,3.2));
#6289=CARTESIAN_POINT('',(2.925,2.5,3.2));
#6290=CARTESIAN_POINT('',(2.94191176470588,1.35000000000001,3.2));
#6291=CARTESIAN_POINT('',(2.95,1.35,3.2));
#6292=CARTESIAN_POINT('',(2.05808823529412,1.35,3.2));
#6293=CARTESIAN_POINT('',(2.05,0.799999999999998,3.2));
#6294=CARTESIAN_POINT('',(2.05,0.8,3.2));
#6295=CARTESIAN_POINT('',(3.35,0.8,3.2));
#6296=CARTESIAN_POINT('',(1.7,0.8,3.2));
#6297=CARTESIAN_POINT('',(1.675,2.5,3.2));
#6298=CARTESIAN_POINT('',(3.7,0.6,3.2));
#6299=CARTESIAN_POINT('',(-2.92499793243899,2.50014059414836,2.34866233603239));
#6300=CARTESIAN_POINT('',(-2.9260046728371,2.43168224707731,3.));
#6301=CARTESIAN_POINT('',(-2.925,2.5,2.35));
#6302=CARTESIAN_POINT('',(-2.05,2.43168224707731,3.));
#6303=CARTESIAN_POINT('',(-2.0739953271629,2.43168224707731,3.));
#6304=CARTESIAN_POINT('',(-2.07499994092683,2.49999598302433,2.3500382189705));
#6305=CARTESIAN_POINT('',(-2.075,2.5,2.35));
#6306=CARTESIAN_POINT('',(-2.05,2.5,2.35));
#6307=CARTESIAN_POINT('',(-2.05,2.5,2.35));
#6308=CARTESIAN_POINT('',(-2.92581526642135,2.44456188334821,3.));
#6309=CARTESIAN_POINT('',(-2.93383094876631,1.89949548389093,3.));
#6310=CARTESIAN_POINT('',(-2.05,1.89949548389093,3.));
#6311=CARTESIAN_POINT('',(-2.06616905123369,1.89949548389093,3.));
#6312=CARTESIAN_POINT('',(-2.07399013898406,2.43132945091578,3.));
#6313=CARTESIAN_POINT('',(-2.05,2.43168224707731,3.));
#6314=CARTESIAN_POINT('',(-2.93366220020248,1.91097038623109,2.99582347710707));
#6315=CARTESIAN_POINT('',(-2.06616596410014,1.89928555880955,3.00007640648105));
#6316=CARTESIAN_POINT('',(-2.05,1.89949548389093,3.));
#6317=CARTESIAN_POINT('',(-1.67499793243899,2.50014059414836,2.34866233603239));
#6318=CARTESIAN_POINT('',(-1.6760046728371,2.43168224707731,3.));
#6319=CARTESIAN_POINT('',(-1.675,2.5,2.35));
#6320=CARTESIAN_POINT('',(-0.799999999999999,2.43168224707731,3.));
#6321=CARTESIAN_POINT('',(-0.823995327162901,2.43168224707731,3.));
#6322=CARTESIAN_POINT('',(-0.824999940926828,2.49999598302433,2.3500382189705));
#6323=CARTESIAN_POINT('',(-0.825,2.5,2.35));
#6324=CARTESIAN_POINT('',(-0.799999999999999,2.5,2.35));
#6325=CARTESIAN_POINT('',(-0.799999999999999,2.5,2.35));
#6326=CARTESIAN_POINT('',(-1.67581526642135,2.44456188334821,3.));
#6327=CARTESIAN_POINT('',(-1.68383094876631,1.89949548389093,3.));
#6328=CARTESIAN_POINT('',(-0.799999999999999,1.89949548389093,3.));
#6329=CARTESIAN_POINT('',(-0.81616905123369,1.89949548389093,3.));
#6330=CARTESIAN_POINT('',(-0.823990138984055,2.43132945091578,3.));
#6331=CARTESIAN_POINT('',(-0.799999999999999,2.43168224707731,3.));
#6332=CARTESIAN_POINT('',(-1.68366220020248,1.91097038623109,2.99582347710707));
#6333=CARTESIAN_POINT('',(-0.81616596410014,1.89928555880955,3.00007640648105));
#6334=CARTESIAN_POINT('',(-0.799999999999999,1.89949548389093,3.));
#6335=CARTESIAN_POINT('',(-0.424997932438995,2.50014059414836,2.34866233603239));
#6336=CARTESIAN_POINT('',(-0.426004672837098,2.43168224707731,3.));
#6337=CARTESIAN_POINT('',(-0.425,2.5,2.35));
#6338=CARTESIAN_POINT('',(0.45,2.43168224707731,3.));
#6339=CARTESIAN_POINT('',(0.426004672837098,2.43168224707731,3.));
#6340=CARTESIAN_POINT('',(0.425000059073172,2.49999598302433,2.3500382189705));
#6341=CARTESIAN_POINT('',(0.425,2.5,2.35));
#6342=CARTESIAN_POINT('',(0.45,2.5,2.35));
#6343=CARTESIAN_POINT('',(0.45,2.5,2.35));
#6344=CARTESIAN_POINT('',(-0.42581526642135,2.44456188334821,3.));
#6345=CARTESIAN_POINT('',(-0.43383094876631,1.89949548389093,3.));
#6346=CARTESIAN_POINT('',(0.45,1.89949548389093,3.));
#6347=CARTESIAN_POINT('',(0.43383094876631,1.89949548389093,3.));
#6348=CARTESIAN_POINT('',(0.426009861015944,2.43132945091578,3.));
#6349=CARTESIAN_POINT('',(0.45,2.43168224707731,3.));
#6350=CARTESIAN_POINT('',(-0.433662200202484,1.91097038623109,2.99582347710707));
#6351=CARTESIAN_POINT('',(0.43383403589986,1.89928555880955,3.00007640648105));
#6352=CARTESIAN_POINT('',(0.45,1.89949548389093,3.));
#6353=CARTESIAN_POINT('',(0.825002067561005,2.50014059414836,2.34866233603239));
#6354=CARTESIAN_POINT('',(0.823995327162902,2.43168224707731,3.));
#6355=CARTESIAN_POINT('',(0.825,2.5,2.35));
#6356=CARTESIAN_POINT('',(1.7,2.43168224707731,3.));
#6357=CARTESIAN_POINT('',(1.6760046728371,2.43168224707731,3.));
#6358=CARTESIAN_POINT('',(1.67500005907317,2.49999598302433,2.3500382189705));
#6359=CARTESIAN_POINT('',(1.675,2.5,2.35));
#6360=CARTESIAN_POINT('',(1.7,2.5,2.35));
#6361=CARTESIAN_POINT('',(1.7,2.5,2.35));
#6362=CARTESIAN_POINT('',(0.82418473357865,2.44456188334821,3.));
#6363=CARTESIAN_POINT('',(0.81616905123369,1.89949548389093,3.));
#6364=CARTESIAN_POINT('',(1.7,1.89949548389093,3.));
#6365=CARTESIAN_POINT('',(1.68383094876631,1.89949548389093,3.));
#6366=CARTESIAN_POINT('',(1.67600986101594,2.43132945091578,3.));
#6367=CARTESIAN_POINT('',(1.7,2.43168224707731,3.));
#6368=CARTESIAN_POINT('',(0.816337799797516,1.91097038623109,2.99582347710707));
#6369=CARTESIAN_POINT('',(1.68383403589986,1.89928555880955,3.00007640648105));
#6370=CARTESIAN_POINT('',(1.7,1.89949548389093,3.));
#6371=CARTESIAN_POINT('',(-2.075,2.5,2.35));
#6372=CARTESIAN_POINT('',(-2.05,0.8,2.35));
#6373=CARTESIAN_POINT('',(3.35,0.8,2.35));
#6374=CARTESIAN_POINT('',(-1.7,0.8,2.35));
#6375=CARTESIAN_POINT('',(-1.7,0.8,2.35));
#6376=CARTESIAN_POINT('',(-0.825,2.5,2.35));
#6377=CARTESIAN_POINT('',(-0.799999999999999,0.8,2.35));
#6378=CARTESIAN_POINT('',(3.35,0.8,2.35));
#6379=CARTESIAN_POINT('',(-0.45,0.8,2.35));
#6380=CARTESIAN_POINT('',(-0.45,0.8,2.35));
#6381=CARTESIAN_POINT('',(0.425,2.5,2.35));
#6382=CARTESIAN_POINT('',(0.45,0.8,2.35));
#6383=CARTESIAN_POINT('',(3.35,0.8,2.35));
#6384=CARTESIAN_POINT('',(0.8,0.8,2.35));
#6385=CARTESIAN_POINT('',(0.8,0.8,2.35));
#6386=CARTESIAN_POINT('',(1.675,2.5,2.35));
#6387=CARTESIAN_POINT('',(1.7,0.8,2.35));
#6388=CARTESIAN_POINT('',(3.35,0.8,2.35));
#6389=CARTESIAN_POINT('',(2.05,0.8,2.35));
#6390=CARTESIAN_POINT('',(2.05,0.8,2.35));
#6391=CARTESIAN_POINT('',(2.075,2.5,2.35));
#6392=CARTESIAN_POINT('',(2.95,2.5,2.35));
#6393=CARTESIAN_POINT('',(2.925,2.5,2.35));
#6394=CARTESIAN_POINT('',(2.925,2.5,2.35));
#6395=CARTESIAN_POINT('',(2.95,0.8,2.35));
#6396=CARTESIAN_POINT('',(3.35,0.8,2.35));
#6397=CARTESIAN_POINT('',(3.35,0.8,2.35));
#6398=CARTESIAN_POINT('',(3.35,2.8,2.35));
#6399=CARTESIAN_POINT('',(3.35,2.8,2.35));
#6400=CARTESIAN_POINT('',(3.35,2.8,2.35));
#6401=CARTESIAN_POINT('',(3.,2.8,2.35));
#6402=CARTESIAN_POINT('',(2.7,3.2,2.35));
#6403=CARTESIAN_POINT('',(2.7,3.2,2.35));
#6404=CARTESIAN_POINT('',(2.7,3.6,2.35));
#6405=CARTESIAN_POINT('',(2.7,3.6,2.35));
#6406=CARTESIAN_POINT('',(2.3,3.6,2.35));
#6407=CARTESIAN_POINT('',(2.3,3.6,2.35));
#6408=CARTESIAN_POINT('',(2.3,3.2,2.35));
#6409=CARTESIAN_POINT('',(2.3,3.2,2.35));
#6410=CARTESIAN_POINT('',(2.,2.8,2.35));
#6411=CARTESIAN_POINT('',(1.45,3.2,2.35));
#6412=CARTESIAN_POINT('',(1.45,3.2,2.35));
#6413=CARTESIAN_POINT('',(1.45,3.6,2.35));
#6414=CARTESIAN_POINT('',(1.45,3.6,2.35));
#6415=CARTESIAN_POINT('',(1.05,3.6,2.35));
#6416=CARTESIAN_POINT('',(1.05,3.6,2.35));
#6417=CARTESIAN_POINT('',(1.05,3.2,2.35));
#6418=CARTESIAN_POINT('',(1.05,3.2,2.35));
#6419=CARTESIAN_POINT('',(0.75,2.8,2.35));
#6420=CARTESIAN_POINT('',(0.2,3.2,2.35));
#6421=CARTESIAN_POINT('',(0.2,3.2,2.35));
#6422=CARTESIAN_POINT('',(0.2,3.6,2.35));
#6423=CARTESIAN_POINT('',(0.2,3.6,2.35));
#6424=CARTESIAN_POINT('',(-0.2,3.6,2.35));
#6425=CARTESIAN_POINT('',(-0.2,3.6,2.35));
#6426=CARTESIAN_POINT('',(-0.2,3.2,2.35));
#6427=CARTESIAN_POINT('',(-0.2,3.2,2.35));
#6428=CARTESIAN_POINT('',(-0.5,2.8,2.35));
#6429=CARTESIAN_POINT('',(-1.05,3.2,2.35));
#6430=CARTESIAN_POINT('',(-1.05,3.2,2.35));
#6431=CARTESIAN_POINT('',(-1.05,3.6,2.35));
#6432=CARTESIAN_POINT('',(-1.05,3.6,2.35));
#6433=CARTESIAN_POINT('',(-1.45,3.6,2.35));
#6434=CARTESIAN_POINT('',(-1.45,3.6,2.35));
#6435=CARTESIAN_POINT('',(-1.45,3.2,2.35));
#6436=CARTESIAN_POINT('',(-1.45,3.2,2.35));
#6437=CARTESIAN_POINT('',(-1.75,2.8,2.35));
#6438=CARTESIAN_POINT('',(-2.3,3.2,2.35));
#6439=CARTESIAN_POINT('',(-2.3,3.2,2.35));
#6440=CARTESIAN_POINT('',(-2.3,3.6,2.35));
#6441=CARTESIAN_POINT('',(-2.3,3.6,2.35));
#6442=CARTESIAN_POINT('',(-2.7,3.6,2.35));
#6443=CARTESIAN_POINT('',(-2.7,3.6,2.35));
#6444=CARTESIAN_POINT('',(-2.7,3.2,2.35));
#6445=CARTESIAN_POINT('',(-2.7,3.2,2.35));
#6446=CARTESIAN_POINT('',(-3.,2.8,2.35));
#6447=CARTESIAN_POINT('',(-3.35,2.8,2.35));
#6448=CARTESIAN_POINT('',(-3.35,0.8,2.35));
#6449=CARTESIAN_POINT('',(3.35,0.8,2.35));
#6450=CARTESIAN_POINT('',(-2.95,0.8,2.35));
#6451=CARTESIAN_POINT('',(-2.95,0.8,2.35));
#6452=CARTESIAN_POINT('',(3.35,2.8,2.35));
#6453=CARTESIAN_POINT('',(0.8,0.8,3.2));
#6454=CARTESIAN_POINT('',(0.45,0.8,3.2));
#6455=CARTESIAN_POINT('',(3.35,0.8,2.35));
#6456=CARTESIAN_POINT('',(-0.45,0.8,3.2));
#6457=CARTESIAN_POINT('',(-0.799999999999999,0.8,3.2));
#6458=CARTESIAN_POINT('',(3.35,0.8,2.35));
#6459=CARTESIAN_POINT('',(-1.7,0.8,3.2));
#6460=CARTESIAN_POINT('',(-2.05,0.8,3.2));
#6461=CARTESIAN_POINT('',(3.35,0.8,2.35));
#6462=CARTESIAN_POINT('',(-2.95,0.8,3.2));
#6463=CARTESIAN_POINT('',(-3.35,0.8,2.35));
#6464=CARTESIAN_POINT('',(3.35,0.8,2.35));
#6465=CARTESIAN_POINT('',(3.7,0.6,0.3));
#6466=CARTESIAN_POINT('',(3.7,0.6,0.3));
#6467=CARTESIAN_POINT('',(-3.7,0.6,0.3));
#6468=CARTESIAN_POINT('',(-3.7,0.6,0.3));
#6469=CARTESIAN_POINT('',(-3.7,0.6,2.9));
#6470=CARTESIAN_POINT('',(-3.35,0.6,3.2));
#6471=CARTESIAN_POINT('',(-3.35,0.6,1.85));
#6472=CARTESIAN_POINT('',(-3.65,0.6,1.9));
#6473=CARTESIAN_POINT('',(-3.65,0.6,1.9));
#6474=CARTESIAN_POINT('',(-3.65,0.6,1.3));
#6475=CARTESIAN_POINT('',(-3.65,0.6,1.3));
#6476=CARTESIAN_POINT('',(-3.35,0.6,1.35));
#6477=CARTESIAN_POINT('',(-3.35,0.6,1.35));
#6478=CARTESIAN_POINT('',(-3.35,0.6,3.2));
#6479=CARTESIAN_POINT('',(3.35,0.6,3.2));
#6480=CARTESIAN_POINT('',(3.35,0.6,1.35));
#6481=CARTESIAN_POINT('',(3.65,0.6,1.3));
#6482=CARTESIAN_POINT('',(3.65,0.6,1.3));
#6483=CARTESIAN_POINT('',(3.65,0.6,1.9));
#6484=CARTESIAN_POINT('',(3.65,0.6,1.9));
#6485=CARTESIAN_POINT('',(3.35,0.6,1.85));
#6486=CARTESIAN_POINT('',(3.35,0.6,1.85));
#6487=CARTESIAN_POINT('',(3.35,0.6,3.2));
#6488=CARTESIAN_POINT('',(-3.7,0.6,0.3));
#6489=CARTESIAN_POINT('',(-3.35,3.7,1.35));
#6490=CARTESIAN_POINT('',(-3.35,3.7,1.35));
#6491=CARTESIAN_POINT('',(-3.35,3.7,1.85));
#6492=CARTESIAN_POINT('',(-3.35,3.7,1.85));
#6493=CARTESIAN_POINT('',(-3.35,3.7,1.85));
#6494=CARTESIAN_POINT('',(-3.35,0.,0.));
#6495=CARTESIAN_POINT('',(3.,2.8,-1.21));
#6496=CARTESIAN_POINT('',(3.35,2.8,2.75));
#6497=CARTESIAN_POINT('',(3.35,2.8,2.75));
#6498=CARTESIAN_POINT('',(2.92500005907317,2.49999598302433,2.3500382189705));
#6499=CARTESIAN_POINT('',(2.9260046728371,2.43168224707731,3.));
#6500=CARTESIAN_POINT('',(2.07500206756101,2.50014059414836,2.34866233603239));
#6501=CARTESIAN_POINT('',(2.0739953271629,2.43168224707731,3.));
#6502=CARTESIAN_POINT('',(2.95,2.43168224707731,3.));
#6503=CARTESIAN_POINT('',(2.95,2.5,2.35));
#6504=CARTESIAN_POINT('',(2.92600986101594,2.43132945091578,3.));
#6505=CARTESIAN_POINT('',(2.93383094876631,1.89949548389093,3.));
#6506=CARTESIAN_POINT('',(2.07418473357865,2.44456188334821,3.));
#6507=CARTESIAN_POINT('',(2.06616905123369,1.89949548389093,3.));
#6508=CARTESIAN_POINT('',(2.95,1.89949548389093,3.));
#6509=CARTESIAN_POINT('',(2.95,2.43168224707731,3.));
#6510=CARTESIAN_POINT('',(2.93383403589986,1.89928555880955,3.00007640648105));
#6511=CARTESIAN_POINT('',(2.06633779979752,1.91097038623109,2.99582347710707));
#6512=CARTESIAN_POINT('',(2.95,1.89949548389093,3.));
#6513=CARTESIAN_POINT('',(2.95,0.8,3.2));
#6514=CARTESIAN_POINT('',(3.35,0.8,2.35));
#6515=CARTESIAN_POINT('',(3.35,0.8,2.35));
#6516=CARTESIAN_POINT('',(-4.,0.6,2.9));
#6517=CARTESIAN_POINT('',(-4.,0.3,2.9));
#6518=CARTESIAN_POINT('',(-4.,0.,2.9));
#6519=CARTESIAN_POINT('',(-4.,0.3,0.3));
#6520=CARTESIAN_POINT('',(-4.,0.3,0.3));
#6521=CARTESIAN_POINT('',(-4.,0.6,0.3));
#6522=CARTESIAN_POINT('',(-4.,0.,0.3));
#6523=CARTESIAN_POINT('',(-4.,0.,2.9));
#6524=CARTESIAN_POINT('',(-4.,0.6,2.9));
#6525=CARTESIAN_POINT('',(-3.7,0.3,0.3));
#6526=CARTESIAN_POINT('',(-3.7,0.3,5.42101086242752E-16));
#6527=CARTESIAN_POINT('',(-3.7,0.6,5.42101086242752E-16));
#6528=CARTESIAN_POINT('',(-3.7,0.,5.42101086242752E-16));
#6529=CARTESIAN_POINT('',(-3.7,0.,0.3));
#6530=CARTESIAN_POINT('',(-3.7,0.6,0.3));
#6531=CARTESIAN_POINT('',(3.7,0.3,-2.16840434497101E-16));
#6532=CARTESIAN_POINT('',(3.7,0.3,-2.22044604925031E-16));
#6533=CARTESIAN_POINT('',(3.7,0.6,-2.22044604925031E-16));
#6534=CARTESIAN_POINT('',(3.7,0.,-2.22044604925031E-16));
#6535=CARTESIAN_POINT('',(-3.7,0.,-2.22044604925031E-16));
#6536=CARTESIAN_POINT('',(-3.7,0.6,-2.22044604925031E-16));
#6537=CARTESIAN_POINT('',(3.7,0.3,0.3));
#6538=CARTESIAN_POINT('',(4.,0.3,0.3));
#6539=CARTESIAN_POINT('',(4.,0.6,0.3));
#6540=CARTESIAN_POINT('',(4.,0.,0.3));
#6541=CARTESIAN_POINT('',(3.7,0.,0.3));
#6542=CARTESIAN_POINT('',(3.7,0.6,0.3));
#6543=CARTESIAN_POINT('',(4.,0.3,2.9));
#6544=CARTESIAN_POINT('',(4.,0.3,2.9));
#6545=CARTESIAN_POINT('',(4.,0.6,2.9));
#6546=CARTESIAN_POINT('',(4.,0.,2.9));
#6547=CARTESIAN_POINT('',(4.,0.,0.3));
#6548=CARTESIAN_POINT('',(4.,0.6,0.3));
#6549=CARTESIAN_POINT('',(3.7,0.3,2.9));
#6550=CARTESIAN_POINT('',(3.7,0.,2.9));
#6551=CARTESIAN_POINT('',(3.7,0.6,2.9));
#6552=CARTESIAN_POINT('',(-3.7,0.3,2.9));
#6553=CARTESIAN_POINT('',(-3.7,0.,2.9));
#6554=CARTESIAN_POINT('',(-3.7,0.6,2.9));
#6555=CARTESIAN_POINT('',(-2.75,0.,2.40773502691896));
#6556=CARTESIAN_POINT('',(-3.05773502691896,0.,2.40773502691896));
#6557=CARTESIAN_POINT('',(-2.80773502691896,0.,2.40773502691896));
#6558=CARTESIAN_POINT('',(-2.80773502691896,0.,2.75));
#6559=CARTESIAN_POINT('',(-2.80773502691896,0.,2.80773502691896));
#6560=CARTESIAN_POINT('',(-2.25,0.,2.80773502691896));
#6561=CARTESIAN_POINT('',(-2.19226497308104,0.,2.80773502691896));
#6562=CARTESIAN_POINT('',(-2.19226497308104,0.,2.35));
#6563=CARTESIAN_POINT('',(-2.19226497308104,0.,2.40773502691896));
#6564=CARTESIAN_POINT('',(-2.,0.,2.40773502691896));
#6565=CARTESIAN_POINT('',(-1.94226497308104,0.,2.40773502691896));
#6566=CARTESIAN_POINT('',(-1.94226497308104,0.,0.899999999999997));
#6567=CARTESIAN_POINT('',(-1.94226497308104,0.,0.842264973081035));
#6568=CARTESIAN_POINT('',(-2.3,0.,0.842264973081035));
#6569=CARTESIAN_POINT('',(-2.24226497308104,0.,0.842264973081035));
#6570=CARTESIAN_POINT('',(-2.24226497308104,0.,0.749999999999997));
#6571=CARTESIAN_POINT('',(-2.24226497308104,0.,0.692264973081035));
#6572=CARTESIAN_POINT('',(-2.7,0.,0.692264973081035));
#6573=CARTESIAN_POINT('',(-2.75773502691896,0.,0.692264973081035));
#6574=CARTESIAN_POINT('',(-2.75773502691896,0.,0.899999999999997));
#6575=CARTESIAN_POINT('',(-2.75773502691896,0.,0.842264973081035));
#6576=CARTESIAN_POINT('',(-3.,0.,0.842264973081035));
#6577=CARTESIAN_POINT('',(-3.05773502691896,0.,0.842264973081035));
#6578=CARTESIAN_POINT('',(-3.05773502691896,0.,2.35));
#6579=CARTESIAN_POINT('',(-1.5,0.,2.40773502691896));
#6580=CARTESIAN_POINT('',(-1.80773502691896,0.,2.40773502691896));
#6581=CARTESIAN_POINT('',(-1.55773502691896,0.,2.40773502691896));
#6582=CARTESIAN_POINT('',(-1.55773502691896,0.,2.75));
#6583=CARTESIAN_POINT('',(-1.55773502691896,0.,2.80773502691896));
#6584=CARTESIAN_POINT('',(-1.,0.,2.80773502691896));
#6585=CARTESIAN_POINT('',(-0.94226497308104,0.,2.80773502691896));
#6586=CARTESIAN_POINT('',(-0.94226497308104,0.,2.35));
#6587=CARTESIAN_POINT('',(-0.94226497308104,0.,2.40773502691896));
#6588=CARTESIAN_POINT('',(-0.750000000000002,0.,2.40773502691896));
#6589=CARTESIAN_POINT('',(-0.69226497308104,0.,2.40773502691896));
#6590=CARTESIAN_POINT('',(-0.69226497308104,0.,0.899999999999997));
#6591=CARTESIAN_POINT('',(-0.69226497308104,0.,0.842264973081035));
#6592=CARTESIAN_POINT('',(-1.05,0.,0.842264973081035));
#6593=CARTESIAN_POINT('',(-0.992264973081039,0.,0.842264973081035));
#6594=CARTESIAN_POINT('',(-0.992264973081039,0.,0.749999999999997));
#6595=CARTESIAN_POINT('',(-0.992264973081039,0.,0.692264973081035));
#6596=CARTESIAN_POINT('',(-1.45,0.,0.692264973081035));
#6597=CARTESIAN_POINT('',(-1.50773502691896,0.,0.692264973081035));
#6598=CARTESIAN_POINT('',(-1.50773502691896,0.,0.899999999999997));
#6599=CARTESIAN_POINT('',(-1.50773502691896,0.,0.842264973081035));
#6600=CARTESIAN_POINT('',(-1.75,0.,0.842264973081035));
#6601=CARTESIAN_POINT('',(-1.80773502691896,0.,0.842264973081035));
#6602=CARTESIAN_POINT('',(-1.80773502691896,0.,2.35));
#6603=CARTESIAN_POINT('',(-0.250000000000002,0.,2.40773502691896));
#6604=CARTESIAN_POINT('',(-0.557735026918965,0.,2.40773502691896));
#6605=CARTESIAN_POINT('',(-0.307735026918965,0.,2.40773502691896));
#6606=CARTESIAN_POINT('',(-0.307735026918965,0.,2.75));
#6607=CARTESIAN_POINT('',(-0.307735026918965,0.,2.80773502691896));
#6608=CARTESIAN_POINT('',(0.249999999999998,0.,2.80773502691896));
#6609=CARTESIAN_POINT('',(0.30773502691896,0.,2.80773502691896));
#6610=CARTESIAN_POINT('',(0.30773502691896,0.,2.35));
#6611=CARTESIAN_POINT('',(0.30773502691896,0.,2.40773502691896));
#6612=CARTESIAN_POINT('',(0.499999999999998,0.,2.40773502691896));
#6613=CARTESIAN_POINT('',(0.55773502691896,0.,2.40773502691896));
#6614=CARTESIAN_POINT('',(0.55773502691896,0.,0.899999999999997));
#6615=CARTESIAN_POINT('',(0.55773502691896,0.,0.842264973081035));
#6616=CARTESIAN_POINT('',(0.199999999999998,0.,0.842264973081035));
#6617=CARTESIAN_POINT('',(0.25773502691896,0.,0.842264973081035));
#6618=CARTESIAN_POINT('',(0.25773502691896,0.,0.749999999999997));
#6619=CARTESIAN_POINT('',(0.25773502691896,0.,0.692264973081035));
#6620=CARTESIAN_POINT('',(-0.200000000000002,0.,0.692264973081035));
#6621=CARTESIAN_POINT('',(-0.257735026918965,0.,0.692264973081035));
#6622=CARTESIAN_POINT('',(-0.257735026918965,0.,0.899999999999997));
#6623=CARTESIAN_POINT('',(-0.257735026918965,0.,0.842264973081035));
#6624=CARTESIAN_POINT('',(-0.500000000000002,0.,0.842264973081035));
#6625=CARTESIAN_POINT('',(-0.557735026918965,0.,0.842264973081035));
#6626=CARTESIAN_POINT('',(-0.557735026918965,0.,2.35));
#6627=CARTESIAN_POINT('',(0.999999999999998,0.,2.40773502691896));
#6628=CARTESIAN_POINT('',(0.692264973081036,0.,2.40773502691896));
#6629=CARTESIAN_POINT('',(0.942264973081035,0.,2.40773502691896));
#6630=CARTESIAN_POINT('',(0.942264973081035,0.,2.75));
#6631=CARTESIAN_POINT('',(0.942264973081035,0.,2.80773502691896));
#6632=CARTESIAN_POINT('',(1.5,0.,2.80773502691896));
#6633=CARTESIAN_POINT('',(1.55773502691896,0.,2.80773502691896));
#6634=CARTESIAN_POINT('',(1.55773502691896,0.,2.35));
#6635=CARTESIAN_POINT('',(1.55773502691896,0.,2.40773502691896));
#6636=CARTESIAN_POINT('',(1.75,0.,2.40773502691896));
#6637=CARTESIAN_POINT('',(1.80773502691896,0.,2.40773502691896));
#6638=CARTESIAN_POINT('',(1.80773502691896,0.,0.899999999999997));
#6639=CARTESIAN_POINT('',(1.80773502691896,0.,0.842264973081035));
#6640=CARTESIAN_POINT('',(1.45,0.,0.842264973081035));
#6641=CARTESIAN_POINT('',(1.50773502691896,0.,0.842264973081035));
#6642=CARTESIAN_POINT('',(1.50773502691896,0.,0.749999999999997));
#6643=CARTESIAN_POINT('',(1.50773502691896,0.,0.692264973081035));
#6644=CARTESIAN_POINT('',(1.05,0.,0.692264973081035));
#6645=CARTESIAN_POINT('',(0.992264973081036,0.,0.692264973081035));
#6646=CARTESIAN_POINT('',(0.992264973081036,0.,0.899999999999997));
#6647=CARTESIAN_POINT('',(0.992264973081036,0.,0.842264973081035));
#6648=CARTESIAN_POINT('',(0.749999999999998,0.,0.842264973081035));
#6649=CARTESIAN_POINT('',(0.692264973081036,0.,0.842264973081035));
#6650=CARTESIAN_POINT('',(0.692264973081036,0.,2.35));
#6651=CARTESIAN_POINT('',(2.25,0.,2.40773502691896));
#6652=CARTESIAN_POINT('',(1.94226497308104,0.,2.40773502691896));
#6653=CARTESIAN_POINT('',(2.19226497308104,0.,2.40773502691896));
#6654=CARTESIAN_POINT('',(2.19226497308104,0.,2.75));
#6655=CARTESIAN_POINT('',(2.19226497308104,0.,2.80773502691896));
#6656=CARTESIAN_POINT('',(2.75,0.,2.80773502691896));
#6657=CARTESIAN_POINT('',(2.80773502691896,0.,2.80773502691896));
#6658=CARTESIAN_POINT('',(2.80773502691896,0.,2.35));
#6659=CARTESIAN_POINT('',(2.80773502691896,0.,2.40773502691896));
#6660=CARTESIAN_POINT('',(3.,0.,2.40773502691896));
#6661=CARTESIAN_POINT('',(3.05773502691896,0.,2.40773502691896));
#6662=CARTESIAN_POINT('',(3.05773502691896,0.,0.899999999999997));
#6663=CARTESIAN_POINT('',(3.05773502691896,0.,0.842264973081035));
#6664=CARTESIAN_POINT('',(2.7,0.,0.842264973081035));
#6665=CARTESIAN_POINT('',(2.75773502691896,0.,0.842264973081035));
#6666=CARTESIAN_POINT('',(2.75773502691896,0.,0.749999999999997));
#6667=CARTESIAN_POINT('',(2.75773502691896,0.,0.692264973081035));
#6668=CARTESIAN_POINT('',(2.3,0.,0.692264973081035));
#6669=CARTESIAN_POINT('',(2.24226497308103,0.,0.692264973081035));
#6670=CARTESIAN_POINT('',(2.24226497308103,0.,0.899999999999997));
#6671=CARTESIAN_POINT('',(2.24226497308103,0.,0.842264973081035));
#6672=CARTESIAN_POINT('',(2.,0.,0.842264973081035));
#6673=CARTESIAN_POINT('',(1.94226497308104,0.,0.842264973081035));
#6674=CARTESIAN_POINT('',(1.94226497308104,0.,2.35));
#6675=CARTESIAN_POINT('',(-3.7,0.,0.3));
#6676=CARTESIAN_POINT('',(1.7,0.8,3.2));
#6677=CARTESIAN_POINT('',(2.05,0.8,3.2));
#6678=CARTESIAN_POINT('',(3.35,0.8,2.35));
#6679=CARTESIAN_POINT('',(3.35,3.7,1.85));
#6680=CARTESIAN_POINT('',(3.35,3.7,1.85));
#6681=CARTESIAN_POINT('',(3.35,3.7,1.35));
#6682=CARTESIAN_POINT('',(3.35,3.7,1.35));
#6683=CARTESIAN_POINT('',(3.35,3.7,1.35));
#6684=CARTESIAN_POINT('',(3.35,0.,0.));
#6685=CARTESIAN_POINT('',(2.05,0.799999999999998,10.765));
#6686=CARTESIAN_POINT('',(2.925,2.5,10.765));
#6687=CARTESIAN_POINT('',(2.325,3.8,0.45));
#6688=CARTESIAN_POINT('',(2.325,3.8,1.75));
#6689=CARTESIAN_POINT('',(2.325,3.8,1.75));
#6690=CARTESIAN_POINT('',(2.675,3.8,1.75));
#6691=CARTESIAN_POINT('',(2.675,3.8,1.75));
#6692=CARTESIAN_POINT('',(0.,3.8,0.));
#6693=CARTESIAN_POINT('',(2.,0.2,2.35));
#6694=CARTESIAN_POINT('',(2.,0.1,2.35));
#6695=CARTESIAN_POINT('',(2.,0.2,2.35));
#6696=CARTESIAN_POINT('',(2.,0.1,0.899999999999997));
#6697=CARTESIAN_POINT('',(2.,0.1,0.899999999999997));
#6698=CARTESIAN_POINT('',(2.,0.2,0.899999999999997));
#6699=CARTESIAN_POINT('',(2.,0.2,0.899999999999997));
#6700=CARTESIAN_POINT('',(2.,0.2,2.35));
#6701=CARTESIAN_POINT('',(2.,0.2,2.35));
#6702=CARTESIAN_POINT('',(2.3,0.1,0.899999999999997));
#6703=CARTESIAN_POINT('',(2.3,0.1,0.899999999999997));
#6704=CARTESIAN_POINT('',(2.3,0.2,0.899999999999997));
#6705=CARTESIAN_POINT('',(2.3,0.2,0.899999999999997));
#6706=CARTESIAN_POINT('',(2.,0.2,0.899999999999997));
#6707=CARTESIAN_POINT('',(2.,0.2,0.899999999999997));
#6708=CARTESIAN_POINT('',(2.3,0.1,0.749999999999997));
#6709=CARTESIAN_POINT('',(2.3,0.1,0.749999999999997));
#6710=CARTESIAN_POINT('',(2.3,0.2,0.749999999999997));
#6711=CARTESIAN_POINT('',(2.3,0.2,0.749999999999997));
#6712=CARTESIAN_POINT('',(2.3,0.2,0.899999999999997));
#6713=CARTESIAN_POINT('',(2.3,0.2,0.899999999999997));
#6714=CARTESIAN_POINT('',(2.7,0.1,0.749999999999997));
#6715=CARTESIAN_POINT('',(2.7,0.1,0.749999999999997));
#6716=CARTESIAN_POINT('',(2.7,0.2,0.749999999999997));
#6717=CARTESIAN_POINT('',(2.7,0.2,0.749999999999997));
#6718=CARTESIAN_POINT('',(2.3,0.2,0.749999999999997));
#6719=CARTESIAN_POINT('',(2.3,0.2,0.749999999999997));
#6720=CARTESIAN_POINT('',(2.7,0.1,0.899999999999997));
#6721=CARTESIAN_POINT('',(2.7,0.1,0.899999999999997));
#6722=CARTESIAN_POINT('',(2.7,0.2,0.899999999999997));
#6723=CARTESIAN_POINT('',(2.7,0.2,0.899999999999997));
#6724=CARTESIAN_POINT('',(2.7,0.2,0.749999999999997));
#6725=CARTESIAN_POINT('',(2.7,0.2,0.749999999999997));
#6726=CARTESIAN_POINT('',(3.,0.1,0.899999999999997));
#6727=CARTESIAN_POINT('',(3.,0.1,0.899999999999997));
#6728=CARTESIAN_POINT('',(3.,0.2,0.899999999999997));
#6729=CARTESIAN_POINT('',(3.,0.2,0.899999999999997));
#6730=CARTESIAN_POINT('',(2.7,0.2,0.899999999999997));
#6731=CARTESIAN_POINT('',(2.7,0.2,0.899999999999997));
#6732=CARTESIAN_POINT('',(3.,0.1,2.35));
#6733=CARTESIAN_POINT('',(3.,0.1,2.35));
#6734=CARTESIAN_POINT('',(3.,0.2,2.35));
#6735=CARTESIAN_POINT('',(3.,0.2,2.35));
#6736=CARTESIAN_POINT('',(3.,0.2,0.899999999999997));
#6737=CARTESIAN_POINT('',(3.,0.2,0.899999999999997));
#6738=CARTESIAN_POINT('',(2.75,0.1,2.35));
#6739=CARTESIAN_POINT('',(2.75,0.1,2.35));
#6740=CARTESIAN_POINT('',(2.75,0.2,2.35));
#6741=CARTESIAN_POINT('',(2.75,0.2,2.35));
#6742=CARTESIAN_POINT('',(3.,0.2,2.35));
#6743=CARTESIAN_POINT('',(3.,0.2,2.35));
#6744=CARTESIAN_POINT('',(2.75,0.1,2.75));
#6745=CARTESIAN_POINT('',(2.75,0.1,2.75));
#6746=CARTESIAN_POINT('',(2.75,0.2,2.75));
#6747=CARTESIAN_POINT('',(2.75,0.2,2.75));
#6748=CARTESIAN_POINT('',(2.75,0.2,2.35));
#6749=CARTESIAN_POINT('',(2.75,0.2,2.35));
#6750=CARTESIAN_POINT('',(2.25,0.1,2.75));
#6751=CARTESIAN_POINT('',(2.25,0.1,2.75));
#6752=CARTESIAN_POINT('',(2.25,0.2,2.75));
#6753=CARTESIAN_POINT('',(2.25,0.2,2.75));
#6754=CARTESIAN_POINT('',(2.75,0.2,2.75));
#6755=CARTESIAN_POINT('',(2.75,0.2,2.75));
#6756=CARTESIAN_POINT('',(2.25,0.1,2.35));
#6757=CARTESIAN_POINT('',(2.25,0.1,2.35));
#6758=CARTESIAN_POINT('',(2.25,0.2,2.35));
#6759=CARTESIAN_POINT('',(2.25,0.2,2.35));
#6760=CARTESIAN_POINT('',(2.25,0.2,2.75));
#6761=CARTESIAN_POINT('',(2.25,0.2,2.75));
#6762=CARTESIAN_POINT('',(2.,0.1,2.35));
#6763=CARTESIAN_POINT('',(2.25,0.2,2.35));
#6764=CARTESIAN_POINT('',(2.25,0.2,2.35));
#6765=CARTESIAN_POINT('',(0.,0.2,0.));
#6766=CARTESIAN_POINT('',(2.3,3.6,-1.21));
#6767=CARTESIAN_POINT('',(2.3,3.2,-1.21));
#6768=CARTESIAN_POINT('',(2.3,3.2,-1.21));
#6769=CARTESIAN_POINT('',(2.7,3.6,-1.21));
#6770=CARTESIAN_POINT('',(2.3,3.6,-1.21));
#6771=CARTESIAN_POINT('',(2.7,3.2,-1.21));
#6772=CARTESIAN_POINT('',(2.7,3.6,-1.21));
#6773=CARTESIAN_POINT('',(2.7,3.2,-1.21));
#6774=CARTESIAN_POINT('',(2.,2.8,-1.21));
#6775=CARTESIAN_POINT('',(2.7,0.1,0.749999999999997));
#6776=CARTESIAN_POINT('',(2.73,0.0480384757729338,0.869999999999997));
#6777=CARTESIAN_POINT('',(2.7,0.1,0.749999999999997));
#6778=CARTESIAN_POINT('',(3.,0.1,0.899999999999997));
#6779=CARTESIAN_POINT('',(2.7,0.1,0.899999999999997));
#6780=CARTESIAN_POINT('',(2.3,0.1,0.749999999999997));
#6781=CARTESIAN_POINT('',(2.3,0.1,0.749999999999997));
#6782=CARTESIAN_POINT('',(3.,0.1,2.35));
#6783=CARTESIAN_POINT('',(3.,0.1,0.899999999999997));
#6784=CARTESIAN_POINT('',(2.24,-0.00392304845413294,0.839999999999997));
#6785=CARTESIAN_POINT('',(2.3,0.1,0.899999999999997));
#6786=CARTESIAN_POINT('',(2.8,0.0133974596215557,2.4));
#6787=CARTESIAN_POINT('',(3.,0.1,2.35));
#6788=CARTESIAN_POINT('',(2.,0.1,0.899999999999997));
#6789=CARTESIAN_POINT('',(2.,0.1,0.899999999999997));
#6790=CARTESIAN_POINT('',(2.75,0.1,2.75));
#6791=CARTESIAN_POINT('',(2.75,0.1,2.35));
#6792=CARTESIAN_POINT('',(2.,0.1,2.35));
#6793=CARTESIAN_POINT('',(2.,0.1,2.35));
#6794=CARTESIAN_POINT('',(2.25,0.1,2.75));
#6795=CARTESIAN_POINT('',(2.75,0.1,2.75));
#6796=CARTESIAN_POINT('',(2.25,0.1,2.35));
#6797=CARTESIAN_POINT('',(2.25,0.1,2.35));
#6798=CARTESIAN_POINT('',(2.25,0.1,2.75));
#6799=CARTESIAN_POINT('',(2.325,3.8,1.75));
#6800=CARTESIAN_POINT('',(2.325,3.8,0.45));
#6801=CARTESIAN_POINT('',(2.675,3.8,1.75));
#6802=CARTESIAN_POINT('',(2.325,3.8,1.75));
#6803=CARTESIAN_POINT('',(2.675,3.8,1.75));
#6804=CARTESIAN_POINT('',(3.65,3.7,1.9));
#6805=CARTESIAN_POINT('',(3.65,3.18038475772934,1.9));
#6806=CARTESIAN_POINT('',(3.27344827586207,3.83259147561389,1.83724137931034));
#6807=CARTESIAN_POINT('',(3.35,3.7,1.85));
#6808=CARTESIAN_POINT('',(3.65,3.7,1.3));
#6809=CARTESIAN_POINT('',(3.65,3.18038475772934,1.3));
#6810=CARTESIAN_POINT('',(3.65,3.18038475772934,1.9));
#6811=CARTESIAN_POINT('',(3.65,3.7,1.9));
#6812=CARTESIAN_POINT('',(3.40586206896552,3.60324405833581,1.34068965517241));
#6813=CARTESIAN_POINT('',(3.65,3.7,1.3));
#6814=CARTESIAN_POINT('',(-3.65,3.7,1.9));
#6815=CARTESIAN_POINT('',(-3.65,3.18038475772934,1.9));
#6816=CARTESIAN_POINT('',(-3.65,3.18038475772934,1.3));
#6817=CARTESIAN_POINT('',(-3.65,3.18038475772934,1.3));
#6818=CARTESIAN_POINT('',(-3.65,3.7,1.3));
#6819=CARTESIAN_POINT('',(-3.65,3.7,1.3));
#6820=CARTESIAN_POINT('',(-3.27344827586207,3.83259147561389,1.83724137931035));
#6821=CARTESIAN_POINT('',(-3.65,3.7,1.9));
#6822=CARTESIAN_POINT('',(-3.40586206896552,3.60324405833581,1.34068965517241));
#6823=CARTESIAN_POINT('',(-3.35,3.7,1.35));
#6824=CARTESIAN_POINT('',(-3.35,3.7,0.));
#6825=CARTESIAN_POINT('',(3.35,3.7,0.));
#6826=CARTESIAN_POINT('',(1.425,2.5,0.199999999999999));
#6827=CARTESIAN_POINT('',(1.425,2.85,0.199999999999999));
#6828=CARTESIAN_POINT('',(1.425,2.9,0.2));
#6829=CARTESIAN_POINT('',(1.425,2.85,0.199999999999999));
#6830=CARTESIAN_POINT('',(1.425,2.9,0.2));
#6831=CARTESIAN_POINT('',(1.425,2.5,0.199999999999999));
#6832=CARTESIAN_POINT('',(2.325,2.85,0.2));
#6833=CARTESIAN_POINT('',(2.325,2.85,0.199999999999999));
#6834=CARTESIAN_POINT('',(2.325,3.6,0.2));
#6835=CARTESIAN_POINT('',(2.325,2.9,0.2));
#6836=CARTESIAN_POINT('',(2.325,2.9,0.199999999999999));
#6837=CARTESIAN_POINT('',(2.325,3.6,0.2));
#6838=CARTESIAN_POINT('',(1.425,2.85,0.199999999999999));
#6839=CARTESIAN_POINT('',(2.325,2.9,0.2));
#6840=CARTESIAN_POINT('',(-1.60294684203038E-31,-3.32652939285323E-16,0.199999999999997));
#6841=CARTESIAN_POINT('',(-1.60294684203039E-31,2.85,0.199999999999999));
#6842=CARTESIAN_POINT('',(1.39741613342576E-15,2.9,0.2));
#6843=CARTESIAN_POINT('',(-3.7,0.3,0.3));
#6844=CARTESIAN_POINT('',(-3.7,0.3,2.9));
#6845=CARTESIAN_POINT('',(-3.7,0.3,0.3));
#6846=CARTESIAN_POINT('',(-3.7,0.3,0.3));
#6847=CARTESIAN_POINT('',(3.7,0.3,0.3));
#6848=CARTESIAN_POINT('',(-3.7,0.3,0.3));
#6849=CARTESIAN_POINT('',(3.7,0.3,0.3));
#6850=CARTESIAN_POINT('',(3.7,0.3,0.3));
#6851=CARTESIAN_POINT('',(3.7,0.3,0.3));
#6852=CARTESIAN_POINT('',(1.675,2.5,10.765));
#6853=CARTESIAN_POINT('',(0.425,2.5,10.765));
#6854=CARTESIAN_POINT('',(-0.825,2.5,10.765));
#6855=CARTESIAN_POINT('',(-2.075,2.5,10.765));
#6856=CARTESIAN_POINT('',(0.8,0.799999999999998,10.765));
#6857=CARTESIAN_POINT('',(-0.45,0.799999999999998,10.765));
#6858=CARTESIAN_POINT('',(-1.7,0.799999999999998,10.765));
#6859=CARTESIAN_POINT('',(-2.95,0.799999999999998,10.765));
#6860=CARTESIAN_POINT('',(-2.675,3.8,0.45));
#6861=CARTESIAN_POINT('',(-2.675,3.8,1.75));
#6862=CARTESIAN_POINT('',(-2.675,3.8,1.75));
#6863=CARTESIAN_POINT('',(-2.325,3.8,1.75));
#6864=CARTESIAN_POINT('',(-2.325,3.8,1.75));
#6865=CARTESIAN_POINT('',(-5.,3.8,0.));
#6866=CARTESIAN_POINT('',(-1.425,3.8,0.45));
#6867=CARTESIAN_POINT('',(-1.425,3.8,1.75));
#6868=CARTESIAN_POINT('',(-1.425,3.8,1.75));
#6869=CARTESIAN_POINT('',(-1.075,3.8,1.75));
#6870=CARTESIAN_POINT('',(-1.075,3.8,1.75));
#6871=CARTESIAN_POINT('',(-3.75,3.8,0.));
#6872=CARTESIAN_POINT('',(-0.175,3.8,0.45));
#6873=CARTESIAN_POINT('',(-0.175,3.8,1.75));
#6874=CARTESIAN_POINT('',(-0.175,3.8,1.75));
#6875=CARTESIAN_POINT('',(0.175,3.8,1.75));
#6876=CARTESIAN_POINT('',(0.175,3.8,1.75));
#6877=CARTESIAN_POINT('',(-2.5,3.8,0.));
#6878=CARTESIAN_POINT('',(1.075,3.8,0.45));
#6879=CARTESIAN_POINT('',(1.075,3.8,1.75));
#6880=CARTESIAN_POINT('',(1.075,3.8,1.75));
#6881=CARTESIAN_POINT('',(1.425,3.8,1.75));
#6882=CARTESIAN_POINT('',(1.425,3.8,1.75));
#6883=CARTESIAN_POINT('',(-1.25,3.8,0.));
#6884=CARTESIAN_POINT('',(-3.,0.2,2.35));
#6885=CARTESIAN_POINT('',(-3.,0.2,2.35));
#6886=CARTESIAN_POINT('',(-3.,0.1,2.35));
#6887=CARTESIAN_POINT('',(-3.,0.1,0.899999999999997));
#6888=CARTESIAN_POINT('',(-3.,0.1,0.899999999999997));
#6889=CARTESIAN_POINT('',(-3.,0.2,0.899999999999997));
#6890=CARTESIAN_POINT('',(-3.,0.2,0.899999999999997));
#6891=CARTESIAN_POINT('',(-3.,0.2,2.35));
#6892=CARTESIAN_POINT('',(-3.,0.2,2.35));
#6893=CARTESIAN_POINT('',(-2.7,0.1,0.899999999999997));
#6894=CARTESIAN_POINT('',(-2.7,0.1,0.899999999999997));
#6895=CARTESIAN_POINT('',(-2.7,0.2,0.899999999999997));
#6896=CARTESIAN_POINT('',(-2.7,0.2,0.899999999999997));
#6897=CARTESIAN_POINT('',(-3.,0.2,0.899999999999997));
#6898=CARTESIAN_POINT('',(-3.,0.2,0.899999999999997));
#6899=CARTESIAN_POINT('',(-2.7,0.1,0.749999999999997));
#6900=CARTESIAN_POINT('',(-2.7,0.1,0.749999999999997));
#6901=CARTESIAN_POINT('',(-2.7,0.2,0.749999999999997));
#6902=CARTESIAN_POINT('',(-2.7,0.2,0.749999999999997));
#6903=CARTESIAN_POINT('',(-2.7,0.2,0.899999999999997));
#6904=CARTESIAN_POINT('',(-2.7,0.2,0.899999999999997));
#6905=CARTESIAN_POINT('',(-2.3,0.1,0.749999999999997));
#6906=CARTESIAN_POINT('',(-2.3,0.1,0.749999999999997));
#6907=CARTESIAN_POINT('',(-2.3,0.2,0.749999999999997));
#6908=CARTESIAN_POINT('',(-2.3,0.2,0.749999999999997));
#6909=CARTESIAN_POINT('',(-2.7,0.2,0.749999999999997));
#6910=CARTESIAN_POINT('',(-2.7,0.2,0.749999999999997));
#6911=CARTESIAN_POINT('',(-2.3,0.1,0.899999999999997));
#6912=CARTESIAN_POINT('',(-2.3,0.1,0.899999999999997));
#6913=CARTESIAN_POINT('',(-2.3,0.2,0.899999999999997));
#6914=CARTESIAN_POINT('',(-2.3,0.2,0.899999999999997));
#6915=CARTESIAN_POINT('',(-2.3,0.2,0.749999999999997));
#6916=CARTESIAN_POINT('',(-2.3,0.2,0.749999999999997));
#6917=CARTESIAN_POINT('',(-2.,0.1,0.899999999999997));
#6918=CARTESIAN_POINT('',(-2.,0.1,0.899999999999997));
#6919=CARTESIAN_POINT('',(-2.,0.2,0.899999999999997));
#6920=CARTESIAN_POINT('',(-2.,0.2,0.899999999999997));
#6921=CARTESIAN_POINT('',(-2.3,0.2,0.899999999999997));
#6922=CARTESIAN_POINT('',(-2.3,0.2,0.899999999999997));
#6923=CARTESIAN_POINT('',(-2.,0.1,2.35));
#6924=CARTESIAN_POINT('',(-2.,0.1,2.35));
#6925=CARTESIAN_POINT('',(-2.,0.2,2.35));
#6926=CARTESIAN_POINT('',(-2.,0.2,2.35));
#6927=CARTESIAN_POINT('',(-2.,0.2,0.899999999999997));
#6928=CARTESIAN_POINT('',(-2.,0.2,0.899999999999997));
#6929=CARTESIAN_POINT('',(-2.25,0.1,2.35));
#6930=CARTESIAN_POINT('',(-2.25,0.1,2.35));
#6931=CARTESIAN_POINT('',(-2.25,0.2,2.35));
#6932=CARTESIAN_POINT('',(-2.25,0.2,2.35));
#6933=CARTESIAN_POINT('',(-2.,0.2,2.35));
#6934=CARTESIAN_POINT('',(-2.,0.2,2.35));
#6935=CARTESIAN_POINT('',(-2.25,0.1,2.75));
#6936=CARTESIAN_POINT('',(-2.25,0.1,2.75));
#6937=CARTESIAN_POINT('',(-2.25,0.2,2.75));
#6938=CARTESIAN_POINT('',(-2.25,0.2,2.75));
#6939=CARTESIAN_POINT('',(-2.25,0.2,2.35));
#6940=CARTESIAN_POINT('',(-2.25,0.2,2.35));
#6941=CARTESIAN_POINT('',(-2.75,0.1,2.75));
#6942=CARTESIAN_POINT('',(-2.75,0.1,2.75));
#6943=CARTESIAN_POINT('',(-2.75,0.2,2.75));
#6944=CARTESIAN_POINT('',(-2.75,0.2,2.75));
#6945=CARTESIAN_POINT('',(-2.25,0.2,2.75));
#6946=CARTESIAN_POINT('',(-2.25,0.2,2.75));
#6947=CARTESIAN_POINT('',(-2.75,0.1,2.35));
#6948=CARTESIAN_POINT('',(-2.75,0.1,2.35));
#6949=CARTESIAN_POINT('',(-2.75,0.2,2.35));
#6950=CARTESIAN_POINT('',(-2.75,0.2,2.35));
#6951=CARTESIAN_POINT('',(-2.75,0.2,2.75));
#6952=CARTESIAN_POINT('',(-2.75,0.2,2.75));
#6953=CARTESIAN_POINT('',(-3.,0.1,2.35));
#6954=CARTESIAN_POINT('',(-2.75,0.2,2.35));
#6955=CARTESIAN_POINT('',(-2.75,0.2,2.35));
#6956=CARTESIAN_POINT('',(-5.,0.2,0.));
#6957=CARTESIAN_POINT('',(-1.75,0.2,2.35));
#6958=CARTESIAN_POINT('',(-1.75,0.2,2.35));
#6959=CARTESIAN_POINT('',(-1.75,0.1,2.35));
#6960=CARTESIAN_POINT('',(-1.75,0.1,0.899999999999997));
#6961=CARTESIAN_POINT('',(-1.75,0.1,0.899999999999997));
#6962=CARTESIAN_POINT('',(-1.75,0.2,0.899999999999997));
#6963=CARTESIAN_POINT('',(-1.75,0.2,0.899999999999997));
#6964=CARTESIAN_POINT('',(-1.75,0.2,2.35));
#6965=CARTESIAN_POINT('',(-1.75,0.2,2.35));
#6966=CARTESIAN_POINT('',(-1.45,0.1,0.899999999999997));
#6967=CARTESIAN_POINT('',(-1.45,0.1,0.899999999999997));
#6968=CARTESIAN_POINT('',(-1.45,0.2,0.899999999999997));
#6969=CARTESIAN_POINT('',(-1.45,0.2,0.899999999999997));
#6970=CARTESIAN_POINT('',(-1.75,0.2,0.899999999999997));
#6971=CARTESIAN_POINT('',(-1.75,0.2,0.899999999999997));
#6972=CARTESIAN_POINT('',(-1.45,0.1,0.749999999999997));
#6973=CARTESIAN_POINT('',(-1.45,0.1,0.749999999999997));
#6974=CARTESIAN_POINT('',(-1.45,0.2,0.749999999999997));
#6975=CARTESIAN_POINT('',(-1.45,0.2,0.749999999999997));
#6976=CARTESIAN_POINT('',(-1.45,0.2,0.899999999999997));
#6977=CARTESIAN_POINT('',(-1.45,0.2,0.899999999999997));
#6978=CARTESIAN_POINT('',(-1.05,0.1,0.749999999999997));
#6979=CARTESIAN_POINT('',(-1.05,0.1,0.749999999999997));
#6980=CARTESIAN_POINT('',(-1.05,0.2,0.749999999999997));
#6981=CARTESIAN_POINT('',(-1.05,0.2,0.749999999999997));
#6982=CARTESIAN_POINT('',(-1.45,0.2,0.749999999999997));
#6983=CARTESIAN_POINT('',(-1.45,0.2,0.749999999999997));
#6984=CARTESIAN_POINT('',(-1.05,0.1,0.899999999999997));
#6985=CARTESIAN_POINT('',(-1.05,0.1,0.899999999999997));
#6986=CARTESIAN_POINT('',(-1.05,0.2,0.899999999999997));
#6987=CARTESIAN_POINT('',(-1.05,0.2,0.899999999999997));
#6988=CARTESIAN_POINT('',(-1.05,0.2,0.749999999999997));
#6989=CARTESIAN_POINT('',(-1.05,0.2,0.749999999999997));
#6990=CARTESIAN_POINT('',(-0.750000000000002,0.1,0.899999999999997));
#6991=CARTESIAN_POINT('',(-0.750000000000002,0.1,0.899999999999997));
#6992=CARTESIAN_POINT('',(-0.750000000000002,0.2,0.899999999999997));
#6993=CARTESIAN_POINT('',(-0.750000000000002,0.2,0.899999999999997));
#6994=CARTESIAN_POINT('',(-1.05,0.2,0.899999999999997));
#6995=CARTESIAN_POINT('',(-1.05,0.2,0.899999999999997));
#6996=CARTESIAN_POINT('',(-0.750000000000002,0.1,2.35));
#6997=CARTESIAN_POINT('',(-0.750000000000002,0.1,2.35));
#6998=CARTESIAN_POINT('',(-0.750000000000002,0.2,2.35));
#6999=CARTESIAN_POINT('',(-0.750000000000002,0.2,2.35));
#7000=CARTESIAN_POINT('',(-0.750000000000002,0.2,0.899999999999997));
#7001=CARTESIAN_POINT('',(-0.750000000000002,0.2,0.899999999999997));
#7002=CARTESIAN_POINT('',(-1.,0.1,2.35));
#7003=CARTESIAN_POINT('',(-1.,0.1,2.35));
#7004=CARTESIAN_POINT('',(-1.,0.2,2.35));
#7005=CARTESIAN_POINT('',(-1.,0.2,2.35));
#7006=CARTESIAN_POINT('',(-0.750000000000002,0.2,2.35));
#7007=CARTESIAN_POINT('',(-0.750000000000002,0.2,2.35));
#7008=CARTESIAN_POINT('',(-1.,0.1,2.75));
#7009=CARTESIAN_POINT('',(-1.,0.1,2.75));
#7010=CARTESIAN_POINT('',(-1.,0.2,2.75));
#7011=CARTESIAN_POINT('',(-1.,0.2,2.75));
#7012=CARTESIAN_POINT('',(-1.,0.2,2.35));
#7013=CARTESIAN_POINT('',(-1.,0.2,2.35));
#7014=CARTESIAN_POINT('',(-1.5,0.1,2.75));
#7015=CARTESIAN_POINT('',(-1.5,0.1,2.75));
#7016=CARTESIAN_POINT('',(-1.5,0.2,2.75));
#7017=CARTESIAN_POINT('',(-1.5,0.2,2.75));
#7018=CARTESIAN_POINT('',(-1.,0.2,2.75));
#7019=CARTESIAN_POINT('',(-1.,0.2,2.75));
#7020=CARTESIAN_POINT('',(-1.5,0.1,2.35));
#7021=CARTESIAN_POINT('',(-1.5,0.1,2.35));
#7022=CARTESIAN_POINT('',(-1.5,0.2,2.35));
#7023=CARTESIAN_POINT('',(-1.5,0.2,2.35));
#7024=CARTESIAN_POINT('',(-1.5,0.2,2.75));
#7025=CARTESIAN_POINT('',(-1.5,0.2,2.75));
#7026=CARTESIAN_POINT('',(-1.75,0.1,2.35));
#7027=CARTESIAN_POINT('',(-1.5,0.2,2.35));
#7028=CARTESIAN_POINT('',(-1.5,0.2,2.35));
#7029=CARTESIAN_POINT('',(-3.75,0.2,0.));
#7030=CARTESIAN_POINT('',(-0.500000000000002,0.2,2.35));
#7031=CARTESIAN_POINT('',(-0.500000000000002,0.2,2.35));
#7032=CARTESIAN_POINT('',(-0.500000000000002,0.1,2.35));
#7033=CARTESIAN_POINT('',(-0.500000000000002,0.1,0.899999999999997));
#7034=CARTESIAN_POINT('',(-0.500000000000002,0.1,0.899999999999997));
#7035=CARTESIAN_POINT('',(-0.500000000000002,0.2,0.899999999999997));
#7036=CARTESIAN_POINT('',(-0.500000000000002,0.2,0.899999999999997));
#7037=CARTESIAN_POINT('',(-0.500000000000002,0.2,2.35));
#7038=CARTESIAN_POINT('',(-0.500000000000002,0.2,2.35));
#7039=CARTESIAN_POINT('',(-0.200000000000002,0.1,0.899999999999997));
#7040=CARTESIAN_POINT('',(-0.200000000000002,0.1,0.899999999999997));
#7041=CARTESIAN_POINT('',(-0.200000000000002,0.2,0.899999999999997));
#7042=CARTESIAN_POINT('',(-0.200000000000002,0.2,0.899999999999997));
#7043=CARTESIAN_POINT('',(-0.500000000000002,0.2,0.899999999999997));
#7044=CARTESIAN_POINT('',(-0.500000000000002,0.2,0.899999999999997));
#7045=CARTESIAN_POINT('',(-0.200000000000002,0.1,0.749999999999997));
#7046=CARTESIAN_POINT('',(-0.200000000000002,0.1,0.749999999999997));
#7047=CARTESIAN_POINT('',(-0.200000000000002,0.2,0.749999999999997));
#7048=CARTESIAN_POINT('',(-0.200000000000002,0.2,0.749999999999997));
#7049=CARTESIAN_POINT('',(-0.200000000000002,0.2,0.899999999999997));
#7050=CARTESIAN_POINT('',(-0.200000000000002,0.2,0.899999999999997));
#7051=CARTESIAN_POINT('',(0.199999999999998,0.1,0.749999999999997));
#7052=CARTESIAN_POINT('',(0.199999999999998,0.1,0.749999999999997));
#7053=CARTESIAN_POINT('',(0.199999999999998,0.2,0.749999999999997));
#7054=CARTESIAN_POINT('',(0.199999999999998,0.2,0.749999999999997));
#7055=CARTESIAN_POINT('',(-0.200000000000002,0.2,0.749999999999997));
#7056=CARTESIAN_POINT('',(-0.200000000000002,0.2,0.749999999999997));
#7057=CARTESIAN_POINT('',(0.199999999999998,0.1,0.899999999999997));
#7058=CARTESIAN_POINT('',(0.199999999999998,0.1,0.899999999999997));
#7059=CARTESIAN_POINT('',(0.199999999999998,0.2,0.899999999999997));
#7060=CARTESIAN_POINT('',(0.199999999999998,0.2,0.899999999999997));
#7061=CARTESIAN_POINT('',(0.199999999999998,0.2,0.749999999999997));
#7062=CARTESIAN_POINT('',(0.199999999999998,0.2,0.749999999999997));
#7063=CARTESIAN_POINT('',(0.499999999999998,0.1,0.899999999999997));
#7064=CARTESIAN_POINT('',(0.499999999999998,0.1,0.899999999999997));
#7065=CARTESIAN_POINT('',(0.499999999999998,0.2,0.899999999999997));
#7066=CARTESIAN_POINT('',(0.499999999999998,0.2,0.899999999999997));
#7067=CARTESIAN_POINT('',(0.199999999999998,0.2,0.899999999999997));
#7068=CARTESIAN_POINT('',(0.199999999999998,0.2,0.899999999999997));
#7069=CARTESIAN_POINT('',(0.499999999999998,0.1,2.35));
#7070=CARTESIAN_POINT('',(0.499999999999998,0.1,2.35));
#7071=CARTESIAN_POINT('',(0.499999999999998,0.2,2.35));
#7072=CARTESIAN_POINT('',(0.499999999999998,0.2,2.35));
#7073=CARTESIAN_POINT('',(0.499999999999998,0.2,0.899999999999997));
#7074=CARTESIAN_POINT('',(0.499999999999998,0.2,0.899999999999997));
#7075=CARTESIAN_POINT('',(0.249999999999998,0.1,2.35));
#7076=CARTESIAN_POINT('',(0.249999999999998,0.1,2.35));
#7077=CARTESIAN_POINT('',(0.249999999999998,0.2,2.35));
#7078=CARTESIAN_POINT('',(0.249999999999998,0.2,2.35));
#7079=CARTESIAN_POINT('',(0.499999999999998,0.2,2.35));
#7080=CARTESIAN_POINT('',(0.499999999999998,0.2,2.35));
#7081=CARTESIAN_POINT('',(0.249999999999998,0.1,2.75));
#7082=CARTESIAN_POINT('',(0.249999999999998,0.1,2.75));
#7083=CARTESIAN_POINT('',(0.249999999999998,0.2,2.75));
#7084=CARTESIAN_POINT('',(0.249999999999998,0.2,2.75));
#7085=CARTESIAN_POINT('',(0.249999999999998,0.2,2.35));
#7086=CARTESIAN_POINT('',(0.249999999999998,0.2,2.35));
#7087=CARTESIAN_POINT('',(-0.250000000000002,0.1,2.75));
#7088=CARTESIAN_POINT('',(-0.250000000000002,0.1,2.75));
#7089=CARTESIAN_POINT('',(-0.250000000000002,0.2,2.75));
#7090=CARTESIAN_POINT('',(-0.250000000000002,0.2,2.75));
#7091=CARTESIAN_POINT('',(0.249999999999998,0.2,2.75));
#7092=CARTESIAN_POINT('',(0.249999999999998,0.2,2.75));
#7093=CARTESIAN_POINT('',(-0.250000000000002,0.1,2.35));
#7094=CARTESIAN_POINT('',(-0.250000000000002,0.1,2.35));
#7095=CARTESIAN_POINT('',(-0.250000000000002,0.2,2.35));
#7096=CARTESIAN_POINT('',(-0.250000000000002,0.2,2.35));
#7097=CARTESIAN_POINT('',(-0.250000000000002,0.2,2.75));
#7098=CARTESIAN_POINT('',(-0.250000000000002,0.2,2.75));
#7099=CARTESIAN_POINT('',(-0.500000000000002,0.1,2.35));
#7100=CARTESIAN_POINT('',(-0.250000000000002,0.2,2.35));
#7101=CARTESIAN_POINT('',(-0.250000000000002,0.2,2.35));
#7102=CARTESIAN_POINT('',(-2.5,0.2,0.));
#7103=CARTESIAN_POINT('',(0.749999999999998,0.2,2.35));
#7104=CARTESIAN_POINT('',(0.749999999999998,0.2,2.35));
#7105=CARTESIAN_POINT('',(0.749999999999998,0.1,2.35));
#7106=CARTESIAN_POINT('',(0.749999999999998,0.1,0.899999999999997));
#7107=CARTESIAN_POINT('',(0.749999999999998,0.1,0.899999999999997));
#7108=CARTESIAN_POINT('',(0.749999999999998,0.2,0.899999999999997));
#7109=CARTESIAN_POINT('',(0.749999999999998,0.2,0.899999999999997));
#7110=CARTESIAN_POINT('',(0.749999999999998,0.2,2.35));
#7111=CARTESIAN_POINT('',(0.749999999999998,0.2,2.35));
#7112=CARTESIAN_POINT('',(1.05,0.1,0.899999999999997));
#7113=CARTESIAN_POINT('',(1.05,0.1,0.899999999999997));
#7114=CARTESIAN_POINT('',(1.05,0.2,0.899999999999997));
#7115=CARTESIAN_POINT('',(1.05,0.2,0.899999999999997));
#7116=CARTESIAN_POINT('',(0.749999999999998,0.2,0.899999999999997));
#7117=CARTESIAN_POINT('',(0.749999999999998,0.2,0.899999999999997));
#7118=CARTESIAN_POINT('',(1.05,0.1,0.749999999999997));
#7119=CARTESIAN_POINT('',(1.05,0.1,0.749999999999997));
#7120=CARTESIAN_POINT('',(1.05,0.2,0.749999999999997));
#7121=CARTESIAN_POINT('',(1.05,0.2,0.749999999999997));
#7122=CARTESIAN_POINT('',(1.05,0.2,0.899999999999997));
#7123=CARTESIAN_POINT('',(1.05,0.2,0.899999999999997));
#7124=CARTESIAN_POINT('',(1.45,0.1,0.749999999999997));
#7125=CARTESIAN_POINT('',(1.45,0.1,0.749999999999997));
#7126=CARTESIAN_POINT('',(1.45,0.2,0.749999999999997));
#7127=CARTESIAN_POINT('',(1.45,0.2,0.749999999999997));
#7128=CARTESIAN_POINT('',(1.05,0.2,0.749999999999997));
#7129=CARTESIAN_POINT('',(1.05,0.2,0.749999999999997));
#7130=CARTESIAN_POINT('',(1.45,0.1,0.899999999999997));
#7131=CARTESIAN_POINT('',(1.45,0.1,0.899999999999997));
#7132=CARTESIAN_POINT('',(1.45,0.2,0.899999999999997));
#7133=CARTESIAN_POINT('',(1.45,0.2,0.899999999999997));
#7134=CARTESIAN_POINT('',(1.45,0.2,0.749999999999997));
#7135=CARTESIAN_POINT('',(1.45,0.2,0.749999999999997));
#7136=CARTESIAN_POINT('',(1.75,0.1,0.899999999999997));
#7137=CARTESIAN_POINT('',(1.75,0.1,0.899999999999997));
#7138=CARTESIAN_POINT('',(1.75,0.2,0.899999999999997));
#7139=CARTESIAN_POINT('',(1.75,0.2,0.899999999999997));
#7140=CARTESIAN_POINT('',(1.45,0.2,0.899999999999997));
#7141=CARTESIAN_POINT('',(1.45,0.2,0.899999999999997));
#7142=CARTESIAN_POINT('',(1.75,0.1,2.35));
#7143=CARTESIAN_POINT('',(1.75,0.1,2.35));
#7144=CARTESIAN_POINT('',(1.75,0.2,2.35));
#7145=CARTESIAN_POINT('',(1.75,0.2,2.35));
#7146=CARTESIAN_POINT('',(1.75,0.2,0.899999999999997));
#7147=CARTESIAN_POINT('',(1.75,0.2,0.899999999999997));
#7148=CARTESIAN_POINT('',(1.5,0.1,2.35));
#7149=CARTESIAN_POINT('',(1.5,0.1,2.35));
#7150=CARTESIAN_POINT('',(1.5,0.2,2.35));
#7151=CARTESIAN_POINT('',(1.5,0.2,2.35));
#7152=CARTESIAN_POINT('',(1.75,0.2,2.35));
#7153=CARTESIAN_POINT('',(1.75,0.2,2.35));
#7154=CARTESIAN_POINT('',(1.5,0.1,2.75));
#7155=CARTESIAN_POINT('',(1.5,0.1,2.75));
#7156=CARTESIAN_POINT('',(1.5,0.2,2.75));
#7157=CARTESIAN_POINT('',(1.5,0.2,2.75));
#7158=CARTESIAN_POINT('',(1.5,0.2,2.35));
#7159=CARTESIAN_POINT('',(1.5,0.2,2.35));
#7160=CARTESIAN_POINT('',(0.999999999999998,0.1,2.75));
#7161=CARTESIAN_POINT('',(0.999999999999998,0.1,2.75));
#7162=CARTESIAN_POINT('',(0.999999999999998,0.2,2.75));
#7163=CARTESIAN_POINT('',(0.999999999999998,0.2,2.75));
#7164=CARTESIAN_POINT('',(1.5,0.2,2.75));
#7165=CARTESIAN_POINT('',(1.5,0.2,2.75));
#7166=CARTESIAN_POINT('',(0.999999999999998,0.1,2.35));
#7167=CARTESIAN_POINT('',(0.999999999999998,0.1,2.35));
#7168=CARTESIAN_POINT('',(0.999999999999998,0.2,2.35));
#7169=CARTESIAN_POINT('',(0.999999999999998,0.2,2.35));
#7170=CARTESIAN_POINT('',(0.999999999999998,0.2,2.75));
#7171=CARTESIAN_POINT('',(0.999999999999998,0.2,2.75));
#7172=CARTESIAN_POINT('',(0.749999999999998,0.1,2.35));
#7173=CARTESIAN_POINT('',(0.999999999999998,0.2,2.35));
#7174=CARTESIAN_POINT('',(0.999999999999998,0.2,2.35));
#7175=CARTESIAN_POINT('',(-1.25,0.2,0.));
#7176=CARTESIAN_POINT('',(-2.7,3.6,-1.21));
#7177=CARTESIAN_POINT('',(-2.7,3.2,-1.21));
#7178=CARTESIAN_POINT('',(-2.7,3.2,-1.21));
#7179=CARTESIAN_POINT('',(-2.3,3.6,-1.21));
#7180=CARTESIAN_POINT('',(-2.7,3.6,-1.21));
#7181=CARTESIAN_POINT('',(-2.3,3.2,-1.21));
#7182=CARTESIAN_POINT('',(-2.3,3.6,-1.21));
#7183=CARTESIAN_POINT('',(-2.3,3.2,-1.21));
#7184=CARTESIAN_POINT('',(-3.,2.8,-1.21));
#7185=CARTESIAN_POINT('',(-1.45,3.6,-1.21));
#7186=CARTESIAN_POINT('',(-1.45,3.2,-1.21));
#7187=CARTESIAN_POINT('',(-1.45,3.2,-1.21));
#7188=CARTESIAN_POINT('',(-1.05,3.6,-1.21));
#7189=CARTESIAN_POINT('',(-1.45,3.6,-1.21));
#7190=CARTESIAN_POINT('',(-1.05,3.2,-1.21));
#7191=CARTESIAN_POINT('',(-1.05,3.6,-1.21));
#7192=CARTESIAN_POINT('',(-1.05,3.2,-1.21));
#7193=CARTESIAN_POINT('',(-1.75,2.8,-1.21));
#7194=CARTESIAN_POINT('',(-0.2,3.6,-1.21));
#7195=CARTESIAN_POINT('',(-0.2,3.2,-1.21));
#7196=CARTESIAN_POINT('',(-0.2,3.2,-1.21));
#7197=CARTESIAN_POINT('',(0.2,3.6,-1.21));
#7198=CARTESIAN_POINT('',(-0.2,3.6,-1.21));
#7199=CARTESIAN_POINT('',(0.2,3.2,-1.21));
#7200=CARTESIAN_POINT('',(0.2,3.6,-1.21));
#7201=CARTESIAN_POINT('',(0.2,3.2,-1.21));
#7202=CARTESIAN_POINT('',(-0.5,2.8,-1.21));
#7203=CARTESIAN_POINT('',(1.05,3.6,-1.21));
#7204=CARTESIAN_POINT('',(1.05,3.2,-1.21));
#7205=CARTESIAN_POINT('',(1.05,3.2,-1.21));
#7206=CARTESIAN_POINT('',(1.45,3.6,-1.21));
#7207=CARTESIAN_POINT('',(1.05,3.6,-1.21));
#7208=CARTESIAN_POINT('',(1.45,3.2,-1.21));
#7209=CARTESIAN_POINT('',(1.45,3.6,-1.21));
#7210=CARTESIAN_POINT('',(1.45,3.2,-1.21));
#7211=CARTESIAN_POINT('',(0.75,2.8,-1.21));
#7212=CARTESIAN_POINT('',(-2.3,0.1,0.749999999999997));
#7213=CARTESIAN_POINT('',(-2.27,0.0480384757729337,0.869999999999997));
#7214=CARTESIAN_POINT('',(-2.3,0.1,0.749999999999997));
#7215=CARTESIAN_POINT('',(-2.,0.1,0.899999999999997));
#7216=CARTESIAN_POINT('',(-2.3,0.1,0.899999999999997));
#7217=CARTESIAN_POINT('',(-2.7,0.1,0.749999999999997));
#7218=CARTESIAN_POINT('',(-2.7,0.1,0.749999999999997));
#7219=CARTESIAN_POINT('',(-2.,0.1,2.35));
#7220=CARTESIAN_POINT('',(-2.,0.1,0.899999999999997));
#7221=CARTESIAN_POINT('',(-2.76,-0.00392304845413248,0.839999999999997));
#7222=CARTESIAN_POINT('',(-2.7,0.1,0.899999999999997));
#7223=CARTESIAN_POINT('',(-2.2,0.0133974596215561,2.4));
#7224=CARTESIAN_POINT('',(-2.,0.1,2.35));
#7225=CARTESIAN_POINT('',(-3.,0.1,0.899999999999997));
#7226=CARTESIAN_POINT('',(-3.,0.1,0.899999999999997));
#7227=CARTESIAN_POINT('',(-2.25,0.1,2.75));
#7228=CARTESIAN_POINT('',(-2.25,0.1,2.35));
#7229=CARTESIAN_POINT('',(-3.,0.1,2.35));
#7230=CARTESIAN_POINT('',(-3.,0.1,2.35));
#7231=CARTESIAN_POINT('',(-2.75,0.1,2.75));
#7232=CARTESIAN_POINT('',(-2.25,0.1,2.75));
#7233=CARTESIAN_POINT('',(-2.75,0.1,2.35));
#7234=CARTESIAN_POINT('',(-2.75,0.1,2.35));
#7235=CARTESIAN_POINT('',(-2.75,0.1,2.75));
#7236=CARTESIAN_POINT('',(-1.05,0.1,0.749999999999997));
#7237=CARTESIAN_POINT('',(-1.02,0.0480384757729337,0.869999999999997));
#7238=CARTESIAN_POINT('',(-1.05,0.1,0.749999999999997));
#7239=CARTESIAN_POINT('',(-0.750000000000002,0.1,0.899999999999997));
#7240=CARTESIAN_POINT('',(-1.05,0.1,0.899999999999997));
#7241=CARTESIAN_POINT('',(-1.45,0.1,0.749999999999997));
#7242=CARTESIAN_POINT('',(-1.45,0.1,0.749999999999997));
#7243=CARTESIAN_POINT('',(-0.750000000000002,0.1,2.35));
#7244=CARTESIAN_POINT('',(-0.750000000000002,0.1,0.899999999999997));
#7245=CARTESIAN_POINT('',(-1.51,-0.00392304845413248,0.839999999999997));
#7246=CARTESIAN_POINT('',(-1.45,0.1,0.899999999999997));
#7247=CARTESIAN_POINT('',(-0.950000000000002,0.0133974596215561,2.4));
#7248=CARTESIAN_POINT('',(-0.750000000000002,0.1,2.35));
#7249=CARTESIAN_POINT('',(-1.75,0.1,0.899999999999997));
#7250=CARTESIAN_POINT('',(-1.75,0.1,0.899999999999997));
#7251=CARTESIAN_POINT('',(-1.,0.1,2.75));
#7252=CARTESIAN_POINT('',(-1.,0.1,2.35));
#7253=CARTESIAN_POINT('',(-1.75,0.1,2.35));
#7254=CARTESIAN_POINT('',(-1.75,0.1,2.35));
#7255=CARTESIAN_POINT('',(-1.5,0.1,2.75));
#7256=CARTESIAN_POINT('',(-1.,0.1,2.75));
#7257=CARTESIAN_POINT('',(-1.5,0.1,2.35));
#7258=CARTESIAN_POINT('',(-1.5,0.1,2.35));
#7259=CARTESIAN_POINT('',(-1.5,0.1,2.75));
#7260=CARTESIAN_POINT('',(0.199999999999998,0.1,0.749999999999997));
#7261=CARTESIAN_POINT('',(0.229999999999998,0.0480384757729337,0.869999999999997));
#7262=CARTESIAN_POINT('',(0.199999999999998,0.1,0.749999999999997));
#7263=CARTESIAN_POINT('',(0.499999999999998,0.1,0.899999999999997));
#7264=CARTESIAN_POINT('',(0.199999999999998,0.1,0.899999999999997));
#7265=CARTESIAN_POINT('',(-0.200000000000002,0.1,0.749999999999997));
#7266=CARTESIAN_POINT('',(-0.200000000000002,0.1,0.749999999999997));
#7267=CARTESIAN_POINT('',(0.499999999999998,0.1,2.35));
#7268=CARTESIAN_POINT('',(0.499999999999998,0.1,0.899999999999997));
#7269=CARTESIAN_POINT('',(-0.260000000000002,-0.00392304845413248,0.839999999999997));
#7270=CARTESIAN_POINT('',(-0.200000000000002,0.1,0.899999999999997));
#7271=CARTESIAN_POINT('',(0.299999999999998,0.0133974596215561,2.4));
#7272=CARTESIAN_POINT('',(0.499999999999998,0.1,2.35));
#7273=CARTESIAN_POINT('',(-0.500000000000002,0.1,0.899999999999997));
#7274=CARTESIAN_POINT('',(-0.500000000000002,0.1,0.899999999999997));
#7275=CARTESIAN_POINT('',(0.249999999999998,0.1,2.75));
#7276=CARTESIAN_POINT('',(0.249999999999998,0.1,2.35));
#7277=CARTESIAN_POINT('',(-0.500000000000002,0.1,2.35));
#7278=CARTESIAN_POINT('',(-0.500000000000002,0.1,2.35));
#7279=CARTESIAN_POINT('',(-0.250000000000002,0.1,2.75));
#7280=CARTESIAN_POINT('',(0.249999999999998,0.1,2.75));
#7281=CARTESIAN_POINT('',(-0.250000000000002,0.1,2.35));
#7282=CARTESIAN_POINT('',(-0.250000000000002,0.1,2.35));
#7283=CARTESIAN_POINT('',(-0.250000000000002,0.1,2.75));
#7284=CARTESIAN_POINT('',(1.45,0.1,0.749999999999997));
#7285=CARTESIAN_POINT('',(1.48,0.0480384757729337,0.869999999999997));
#7286=CARTESIAN_POINT('',(1.45,0.1,0.749999999999997));
#7287=CARTESIAN_POINT('',(1.75,0.1,0.899999999999997));
#7288=CARTESIAN_POINT('',(1.45,0.1,0.899999999999997));
#7289=CARTESIAN_POINT('',(1.05,0.1,0.749999999999997));
#7290=CARTESIAN_POINT('',(1.05,0.1,0.749999999999997));
#7291=CARTESIAN_POINT('',(1.75,0.1,2.35));
#7292=CARTESIAN_POINT('',(1.75,0.1,0.899999999999997));
#7293=CARTESIAN_POINT('',(0.989999999999998,-0.00392304845413225,0.839999999999998));
#7294=CARTESIAN_POINT('',(1.05,0.1,0.899999999999997));
#7295=CARTESIAN_POINT('',(1.55,0.0133974596215559,2.4));
#7296=CARTESIAN_POINT('',(1.75,0.1,2.35));
#7297=CARTESIAN_POINT('',(0.749999999999998,0.1,0.899999999999997));
#7298=CARTESIAN_POINT('',(0.749999999999998,0.1,0.899999999999997));
#7299=CARTESIAN_POINT('',(1.5,0.1,2.75));
#7300=CARTESIAN_POINT('',(1.5,0.1,2.35));
#7301=CARTESIAN_POINT('',(0.749999999999998,0.1,2.35));
#7302=CARTESIAN_POINT('',(0.749999999999998,0.1,2.35));
#7303=CARTESIAN_POINT('',(0.999999999999998,0.1,2.75));
#7304=CARTESIAN_POINT('',(1.5,0.1,2.75));
#7305=CARTESIAN_POINT('',(0.999999999999998,0.1,2.35));
#7306=CARTESIAN_POINT('',(0.999999999999998,0.1,2.35));
#7307=CARTESIAN_POINT('',(0.999999999999998,0.1,2.75));
#7308=CARTESIAN_POINT('',(-2.675,3.8,1.75));
#7309=CARTESIAN_POINT('',(-2.675,3.8,0.45));
#7310=CARTESIAN_POINT('',(-2.325,3.8,1.75));
#7311=CARTESIAN_POINT('',(-2.675,3.8,1.75));
#7312=CARTESIAN_POINT('',(-2.325,3.8,1.75));
#7313=CARTESIAN_POINT('',(-1.425,3.8,1.75));
#7314=CARTESIAN_POINT('',(-1.425,3.8,0.45));
#7315=CARTESIAN_POINT('',(-1.075,3.8,1.75));
#7316=CARTESIAN_POINT('',(-1.425,3.8,1.75));
#7317=CARTESIAN_POINT('',(-1.075,3.8,1.75));
#7318=CARTESIAN_POINT('',(-0.175,3.8,1.75));
#7319=CARTESIAN_POINT('',(-0.175,3.8,0.45));
#7320=CARTESIAN_POINT('',(0.175,3.8,1.75));
#7321=CARTESIAN_POINT('',(-0.175,3.8,1.75));
#7322=CARTESIAN_POINT('',(0.175,3.8,1.75));
#7323=CARTESIAN_POINT('',(1.075,3.8,1.75));
#7324=CARTESIAN_POINT('',(1.075,3.8,0.45));
#7325=CARTESIAN_POINT('',(1.425,3.8,1.75));
#7326=CARTESIAN_POINT('',(1.075,3.8,1.75));
#7327=CARTESIAN_POINT('',(1.425,3.8,1.75));
#7328=CARTESIAN_POINT('',(-2.325,2.5,0.199999999999999));
#7329=CARTESIAN_POINT('',(-2.325,2.85,0.199999999999999));
#7330=CARTESIAN_POINT('',(-2.325,2.9,0.2));
#7331=CARTESIAN_POINT('',(-2.325,2.85,0.199999999999999));
#7332=CARTESIAN_POINT('',(-2.325,2.9,0.2));
#7333=CARTESIAN_POINT('',(-2.325,2.5,0.199999999999999));
#7334=CARTESIAN_POINT('',(-1.425,2.85,0.2));
#7335=CARTESIAN_POINT('',(-1.425,2.85,0.199999999999999));
#7336=CARTESIAN_POINT('',(-1.425,3.6,0.2));
#7337=CARTESIAN_POINT('',(-1.425,2.9,0.2));
#7338=CARTESIAN_POINT('',(-1.425,2.9,0.199999999999999));
#7339=CARTESIAN_POINT('',(-1.425,3.6,0.2));
#7340=CARTESIAN_POINT('',(-2.325,2.85,0.199999999999999));
#7341=CARTESIAN_POINT('',(-1.425,2.9,0.2));
#7342=CARTESIAN_POINT('',(-3.75,-3.32652939285323E-16,0.199999999999997));
#7343=CARTESIAN_POINT('',(-3.75,2.85,0.199999999999999));
#7344=CARTESIAN_POINT('',(-3.75,2.9,0.2));
#7345=MECHANICAL_DESIGN_GEOMETRIC_PRESENTATION_REPRESENTATION('',(#24),
#7346);
#7346=(
GEOMETRIC_REPRESENTATION_CONTEXT(3)
GLOBAL_UNCERTAINTY_ASSIGNED_CONTEXT((#7347))
GLOBAL_UNIT_ASSIGNED_CONTEXT((#7353,#7349,#7348))
REPRESENTATION_CONTEXT('510210500wbm000_01_214',
'TOP_LEVEL_ASSEMBLY_PART')
);
#7347=UNCERTAINTY_MEASURE_WITH_UNIT(LENGTH_MEASURE(2.E-5),#7353,
'DISTANCE_ACCURACY_VALUE','Maximum Tolerance applied to model');
#7348=(
NAMED_UNIT(*)
SI_UNIT($,.STERADIAN.)
SOLID_ANGLE_UNIT()
);
#7349=(
CONVERSION_BASED_UNIT('DEGREE',#7351)
NAMED_UNIT(#7350)
PLANE_ANGLE_UNIT()
);
#7350=DIMENSIONAL_EXPONENTS(0.,0.,0.,0.,0.,0.,0.);
#7351=PLANE_ANGLE_MEASURE_WITH_UNIT(PLANE_ANGLE_MEASURE(0.0174532925),#7352);
#7352=(
NAMED_UNIT(*)
PLANE_ANGLE_UNIT()
SI_UNIT($,.RADIAN.)
);
#7353=(
LENGTH_UNIT()
NAMED_UNIT(*)
SI_UNIT(.MILLI.,.METRE.)
);
ENDSEC;
END-ISO-10303-21;
