ISO-10303-21;
HEADER;
/* Generated by software containing ST-Developer
 * from STEP Tools, Inc. (www.steptools.com) 
 */
/* OPTION: using custom schema-name function */

FILE_DESCRIPTION(
/* description */ (''),
/* implementation_level */ '2;1');

FILE_NAME(
/* name */ '510211300wbm000_01_214.stp',
/* time_stamp */ '2021-11-10T14:20:44+06:00',
/* author */ (''),
/* organization */ (''),
/* preprocessor_version */ 'ST-DEVELOPER v16.7',
/* originating_system */ 'SIEMENS PLM Software NX 1919',
/* authorisation */ '');

FILE_SCHEMA (('AUTOMOTIVE_DESIGN { 1 0 10303 214 3 1 1 1 }'));
ENDSEC;

DATA;
#10=SHAPE_REPRESENTATION_RELATIONSHIP('None',
'relationship between 510211300wbm000_01-None and 510211300wbm000_01-N
one',#22,#11);
#11=ADVANCED_BREP_SHAPE_REPRESENTATION('510211300wbm000_01-None',(#32),
#17122);
#12=SHAPE_DEFINITION_REPRESENTATION(#13,#22);
#13=PRODUCT_DEFINITION_SHAPE('','',#14);
#14=PRODUCT_DEFINITION(' ','',#16,#15);
#15=PRODUCT_DEFINITION_CONTEXT('part definition',#21,'design');
#16=PRODUCT_DEFINITION_FORMATION_WITH_SPECIFIED_SOURCE(' ',' ',#18,
 .NOT_KNOWN.);
#17=PRODUCT_RELATED_PRODUCT_CATEGORY('part','',(#18));
#18=PRODUCT('510211300wbm000_01','510211300wbm000_01',' ',(#19));
#19=PRODUCT_CONTEXT(' ',#21,'mechanical');
#20=APPLICATION_PROTOCOL_DEFINITION('international standard',
'automotive_design',2010,#21);
#21=APPLICATION_CONTEXT(
'core data for automotive mechanical design processes');
#22=SHAPE_REPRESENTATION('510211300wbm000_01-None',(#10833),#17122);
#23=PRESENTATION_LAYER_ASSIGNMENT('1','Layer 1',(#32));
#24=STYLED_ITEM('',(#25),#32);
#25=PRESENTATION_STYLE_ASSIGNMENT((#26));
#26=SURFACE_STYLE_USAGE(.BOTH.,#27);
#27=SURFACE_SIDE_STYLE('',(#28));
#28=SURFACE_STYLE_FILL_AREA(#29);
#29=FILL_AREA_STYLE('',(#30));
#30=FILL_AREA_STYLE_COLOUR('',#31);
#31=COLOUR_RGB('Medium Steel',0.596063172350652,0.666666666666667,0.686259250782025);
#32=MANIFOLD_SOLID_BREP('',#33);
#33=CLOSED_SHELL('',(#627,#628,#629,#630,#631,#632,#633,#634,#635,#636,
#637,#638,#639,#640,#641,#642,#643,#644,#645,#646,#647,#648,#649,#650,#651,
#652,#653,#654,#655,#656,#657,#658,#659,#660,#661,#662,#663,#664,#665,#666,
#667,#668,#669,#670,#671,#672,#673,#674,#675,#676,#677,#678,#679,#680,#681,
#682,#683,#684,#685,#686,#687,#688,#689,#690,#691,#692,#693,#694,#695,#696,
#697,#698,#699,#700,#701,#702,#703,#704,#705,#706,#707,#708,#709,#710,#711,
#712,#713,#714,#715,#716,#717,#718,#719,#720,#721,#722,#723,#724,#725,#726,
#727,#728,#729,#730,#731,#732,#733,#734,#735,#736,#737,#738,#739,#740,#741,
#742,#743,#744,#745,#746,#747,#748,#749,#750,#751,#752,#753,#754,#755,#756,
#757,#758,#759,#760,#761,#762,#763,#764,#765,#766,#767,#768,#769,#770,#771,
#772,#773,#774,#775,#776,#777,#778,#779,#780,#781,#782,#783,#784,#785,#786,
#787,#788,#789,#790,#791,#792,#793,#794,#795,#796,#797,#798,#799,#800,#801,
#802,#803,#804,#805,#806,#807,#808,#809,#810,#811,#812,#813,#814,#815,#816,
#817,#818,#819,#820,#821,#822,#823,#824,#825,#826,#827,#828,#829,#830,#831,
#832,#833,#834,#835,#836,#837,#838,#839,#840,#841,#842,#843,#844,#845,#846,
#847,#848,#849,#850,#851,#852,#853,#854,#855,#856,#857,#858,#859,#860,#861,
#862,#863,#864,#865,#866,#867,#868,#869,#870,#871,#872,#873,#874,#875,#876,
#877,#878,#879,#880,#881,#882,#883,#884,#885,#886,#887,#888,#889,#890,#891,
#892,#893,#894,#895,#896,#897,#898,#899,#900,#901,#902,#903,#904,#905,#906,
#907,#908,#909,#910,#911,#912,#913,#914,#915,#916,#917,#918,#919,#920,#921,
#922,#923,#924,#925,#926,#927,#928,#929,#930,#931,#932,#933,#934,#935,#936,
#937,#938,#939,#940,#941,#942,#943,#944,#945,#946,#947,#948,#949,#950,#951,
#952,#953,#954,#955,#956,#957,#958,#959,#960,#961,#962,#963,#964,#965,#966,
#967,#968,#969,#970,#971,#972,#973,#974,#975,#976,#977,#978,#979,#980,#981,
#982,#983,#984,#985,#986,#987,#988,#989,#990,#991,#992,#993,#994,#995,#996,
#997,#998,#999,#1000,#1001,#1002,#1003,#1004,#1005,#1006,#1007,#1008,#1009,
#1010,#1011,#1012,#1013,#1014,#1015,#1016,#1017,#1018,#1019,#1020,#1021,
#1022,#1023,#1024,#1025,#1026,#1027,#1028,#1029,#1030,#1031,#1032,#1033,
#1034,#1035,#1036,#1037,#1038,#1039,#1040,#1041,#1042,#1043,#1044,#1045,
#1046,#1047,#1048,#1049,#1050,#1051,#1052,#1053,#1054,#1055,#1056,#1057,
#1058,#1059,#1060,#1061,#1062,#1063,#1064,#1065,#1066,#1067,#1068,#1069,
#1070,#1071,#1072,#1073,#1074,#1075,#1076,#1077,#1078,#1079,#1080,#1081,
#1082,#1083,#1084,#1085,#1086,#1087,#1088,#1089,#1090,#1091,#1092,#1093,
#1094,#1095,#1096,#1097,#1098,#1099,#1100,#1101,#1102,#1103,#1104,#1105,
#1106,#1107,#1108,#1109,#1110,#1111,#1112,#1113,#1114,#1115,#1116,#1117,
#1118,#1119,#1120,#1121,#1122,#1123,#1124,#1125,#1126,#1127,#1128,#1129,
#1130,#1131,#1132,#1133,#1134,#1135,#1136,#1137,#1138,#1139,#1140,#1141,
#1142,#1143,#1144,#1145,#1146,#1147,#1148,#1149,#1150,#1151,#1152,#1153,
#1154,#1155,#1156,#1157,#1158,#1159,#1160,#1161,#1162,#1163,#1164,#1165,
#1166,#1167,#1168,#1169,#1170,#1171,#1172,#1173,#1174,#1175,#1176,#1177,
#1178,#1179,#1180,#1181,#1182,#1183,#1184,#1185,#1186,#1187,#1188,#1189,
#1190,#1191,#1192,#1193,#1194,#1195,#1196,#1197,#1198,#1199,#1200));
#34=SPHERICAL_SURFACE('',#10977,0.3);
#35=SPHERICAL_SURFACE('',#10981,0.3);
#36=ELLIPSE('',#10916,0.424264068711929,0.3);
#37=ELLIPSE('',#10919,0.424264068711928,0.3);
#38=CYLINDRICAL_SURFACE('',#10910,0.300000000000001);
#39=CYLINDRICAL_SURFACE('',#10914,0.300000000000001);
#40=CYLINDRICAL_SURFACE('',#10918,0.300000000000001);
#41=CYLINDRICAL_SURFACE('',#10921,0.3);
#42=CYLINDRICAL_SURFACE('',#10975,0.3);
#43=CYLINDRICAL_SURFACE('',#10979,0.3);
#44=CYLINDRICAL_SURFACE('',#10982,0.3);
#45=CIRCLE('',#10908,0.300000000000001);
#46=CIRCLE('',#10909,0.300000000000001);
#47=CIRCLE('',#10912,0.300000000000001);
#48=CIRCLE('',#10913,0.300000000000001);
#49=CIRCLE('',#10917,0.300000000000001);
#50=CIRCLE('',#10920,0.3);
#51=CIRCLE('',#10974,0.3);
#52=CIRCLE('',#10976,0.3);
#53=CIRCLE('',#10978,0.3);
#54=CIRCLE('',#10980,0.3);
#55=FACE_OUTER_BOUND('',#1786,.T.);
#56=FACE_OUTER_BOUND('',#1787,.T.);
#57=FACE_OUTER_BOUND('',#1788,.T.);
#58=FACE_OUTER_BOUND('',#1789,.T.);
#59=FACE_OUTER_BOUND('',#1790,.T.);
#60=FACE_OUTER_BOUND('',#1791,.T.);
#61=FACE_OUTER_BOUND('',#1792,.T.);
#62=FACE_OUTER_BOUND('',#1793,.T.);
#63=FACE_OUTER_BOUND('',#1794,.T.);
#64=FACE_OUTER_BOUND('',#1795,.T.);
#65=FACE_OUTER_BOUND('',#1796,.T.);
#66=FACE_OUTER_BOUND('',#1797,.T.);
#67=FACE_OUTER_BOUND('',#1798,.T.);
#68=FACE_OUTER_BOUND('',#1799,.T.);
#69=FACE_OUTER_BOUND('',#1800,.T.);
#70=FACE_OUTER_BOUND('',#1801,.T.);
#71=FACE_OUTER_BOUND('',#1802,.T.);
#72=FACE_OUTER_BOUND('',#1803,.T.);
#73=FACE_OUTER_BOUND('',#1804,.T.);
#74=FACE_OUTER_BOUND('',#1805,.T.);
#75=FACE_OUTER_BOUND('',#1806,.T.);
#76=FACE_OUTER_BOUND('',#1807,.T.);
#77=FACE_OUTER_BOUND('',#1808,.T.);
#78=FACE_OUTER_BOUND('',#1809,.T.);
#79=FACE_OUTER_BOUND('',#1810,.T.);
#80=FACE_OUTER_BOUND('',#1811,.T.);
#81=FACE_OUTER_BOUND('',#1812,.T.);
#82=FACE_OUTER_BOUND('',#1813,.T.);
#83=FACE_OUTER_BOUND('',#1814,.T.);
#84=FACE_OUTER_BOUND('',#1815,.T.);
#85=FACE_OUTER_BOUND('',#1816,.T.);
#86=FACE_OUTER_BOUND('',#1817,.T.);
#87=FACE_OUTER_BOUND('',#1818,.T.);
#88=FACE_OUTER_BOUND('',#1819,.T.);
#89=FACE_OUTER_BOUND('',#1820,.T.);
#90=FACE_OUTER_BOUND('',#1821,.T.);
#91=FACE_OUTER_BOUND('',#1822,.T.);
#92=FACE_OUTER_BOUND('',#1823,.T.);
#93=FACE_OUTER_BOUND('',#1824,.T.);
#94=FACE_OUTER_BOUND('',#1825,.T.);
#95=FACE_OUTER_BOUND('',#1826,.T.);
#96=FACE_OUTER_BOUND('',#1827,.T.);
#97=FACE_OUTER_BOUND('',#1828,.T.);
#98=FACE_OUTER_BOUND('',#1829,.T.);
#99=FACE_OUTER_BOUND('',#1830,.T.);
#100=FACE_OUTER_BOUND('',#1831,.T.);
#101=FACE_OUTER_BOUND('',#1832,.T.);
#102=FACE_OUTER_BOUND('',#1833,.T.);
#103=FACE_OUTER_BOUND('',#1834,.T.);
#104=FACE_OUTER_BOUND('',#1835,.T.);
#105=FACE_OUTER_BOUND('',#1836,.T.);
#106=FACE_OUTER_BOUND('',#1837,.T.);
#107=FACE_OUTER_BOUND('',#1838,.T.);
#108=FACE_OUTER_BOUND('',#1839,.T.);
#109=FACE_OUTER_BOUND('',#1840,.T.);
#110=FACE_OUTER_BOUND('',#1841,.T.);
#111=FACE_OUTER_BOUND('',#1842,.T.);
#112=FACE_OUTER_BOUND('',#1843,.T.);
#113=FACE_OUTER_BOUND('',#1844,.T.);
#114=FACE_OUTER_BOUND('',#1845,.T.);
#115=FACE_OUTER_BOUND('',#1846,.T.);
#116=FACE_OUTER_BOUND('',#1847,.T.);
#117=FACE_OUTER_BOUND('',#1848,.T.);
#118=FACE_OUTER_BOUND('',#1849,.T.);
#119=FACE_OUTER_BOUND('',#1850,.T.);
#120=FACE_OUTER_BOUND('',#1851,.T.);
#121=FACE_OUTER_BOUND('',#1852,.T.);
#122=FACE_OUTER_BOUND('',#1853,.T.);
#123=FACE_OUTER_BOUND('',#1854,.T.);
#124=FACE_OUTER_BOUND('',#1855,.T.);
#125=FACE_OUTER_BOUND('',#1856,.T.);
#126=FACE_OUTER_BOUND('',#1857,.T.);
#127=FACE_OUTER_BOUND('',#1858,.T.);
#128=FACE_OUTER_BOUND('',#1859,.T.);
#129=FACE_OUTER_BOUND('',#1860,.T.);
#130=FACE_OUTER_BOUND('',#1861,.T.);
#131=FACE_OUTER_BOUND('',#1862,.T.);
#132=FACE_OUTER_BOUND('',#1863,.T.);
#133=FACE_OUTER_BOUND('',#1864,.T.);
#134=FACE_OUTER_BOUND('',#1879,.T.);
#135=FACE_OUTER_BOUND('',#1880,.T.);
#136=FACE_OUTER_BOUND('',#1881,.T.);
#137=FACE_OUTER_BOUND('',#1882,.T.);
#138=FACE_OUTER_BOUND('',#1883,.T.);
#139=FACE_OUTER_BOUND('',#1884,.T.);
#140=FACE_OUTER_BOUND('',#1885,.T.);
#141=FACE_OUTER_BOUND('',#1886,.T.);
#142=FACE_OUTER_BOUND('',#1887,.T.);
#143=FACE_OUTER_BOUND('',#1888,.T.);
#144=FACE_OUTER_BOUND('',#1889,.T.);
#145=FACE_OUTER_BOUND('',#1890,.T.);
#146=FACE_OUTER_BOUND('',#1891,.T.);
#147=FACE_OUTER_BOUND('',#1892,.T.);
#148=FACE_OUTER_BOUND('',#1893,.T.);
#149=FACE_OUTER_BOUND('',#1894,.T.);
#150=FACE_OUTER_BOUND('',#1895,.T.);
#151=FACE_OUTER_BOUND('',#1896,.T.);
#152=FACE_OUTER_BOUND('',#1897,.T.);
#153=FACE_OUTER_BOUND('',#1898,.T.);
#154=FACE_OUTER_BOUND('',#1899,.T.);
#155=FACE_OUTER_BOUND('',#1900,.T.);
#156=FACE_OUTER_BOUND('',#1901,.T.);
#157=FACE_OUTER_BOUND('',#1902,.T.);
#158=FACE_OUTER_BOUND('',#1903,.T.);
#159=FACE_OUTER_BOUND('',#1904,.T.);
#160=FACE_OUTER_BOUND('',#1905,.T.);
#161=FACE_OUTER_BOUND('',#1906,.T.);
#162=FACE_OUTER_BOUND('',#1907,.T.);
#163=FACE_OUTER_BOUND('',#1908,.T.);
#164=FACE_OUTER_BOUND('',#1909,.T.);
#165=FACE_OUTER_BOUND('',#1910,.T.);
#166=FACE_OUTER_BOUND('',#1911,.T.);
#167=FACE_OUTER_BOUND('',#1912,.T.);
#168=FACE_OUTER_BOUND('',#1913,.T.);
#169=FACE_OUTER_BOUND('',#1914,.T.);
#170=FACE_OUTER_BOUND('',#1915,.T.);
#171=FACE_OUTER_BOUND('',#1916,.T.);
#172=FACE_OUTER_BOUND('',#1917,.T.);
#173=FACE_OUTER_BOUND('',#1918,.T.);
#174=FACE_OUTER_BOUND('',#1919,.T.);
#175=FACE_OUTER_BOUND('',#1920,.T.);
#176=FACE_OUTER_BOUND('',#1921,.T.);
#177=FACE_OUTER_BOUND('',#1922,.T.);
#178=FACE_OUTER_BOUND('',#1923,.T.);
#179=FACE_OUTER_BOUND('',#1924,.T.);
#180=FACE_OUTER_BOUND('',#1925,.T.);
#181=FACE_OUTER_BOUND('',#1926,.T.);
#182=FACE_OUTER_BOUND('',#1927,.T.);
#183=FACE_OUTER_BOUND('',#1928,.T.);
#184=FACE_OUTER_BOUND('',#1929,.T.);
#185=FACE_OUTER_BOUND('',#1930,.T.);
#186=FACE_OUTER_BOUND('',#1931,.T.);
#187=FACE_OUTER_BOUND('',#1932,.T.);
#188=FACE_OUTER_BOUND('',#1933,.T.);
#189=FACE_OUTER_BOUND('',#1934,.T.);
#190=FACE_OUTER_BOUND('',#1935,.T.);
#191=FACE_OUTER_BOUND('',#1936,.T.);
#192=FACE_OUTER_BOUND('',#1937,.T.);
#193=FACE_OUTER_BOUND('',#1938,.T.);
#194=FACE_OUTER_BOUND('',#1939,.T.);
#195=FACE_OUTER_BOUND('',#1940,.T.);
#196=FACE_OUTER_BOUND('',#1941,.T.);
#197=FACE_OUTER_BOUND('',#1942,.T.);
#198=FACE_OUTER_BOUND('',#1943,.T.);
#199=FACE_OUTER_BOUND('',#1944,.T.);
#200=FACE_OUTER_BOUND('',#1945,.T.);
#201=FACE_OUTER_BOUND('',#1946,.T.);
#202=FACE_OUTER_BOUND('',#1947,.T.);
#203=FACE_OUTER_BOUND('',#1948,.T.);
#204=FACE_OUTER_BOUND('',#1949,.T.);
#205=FACE_OUTER_BOUND('',#1950,.T.);
#206=FACE_OUTER_BOUND('',#1951,.T.);
#207=FACE_OUTER_BOUND('',#1952,.T.);
#208=FACE_OUTER_BOUND('',#1953,.T.);
#209=FACE_OUTER_BOUND('',#1954,.T.);
#210=FACE_OUTER_BOUND('',#1955,.T.);
#211=FACE_OUTER_BOUND('',#1956,.T.);
#212=FACE_OUTER_BOUND('',#1957,.T.);
#213=FACE_OUTER_BOUND('',#1958,.T.);
#214=FACE_OUTER_BOUND('',#1959,.T.);
#215=FACE_OUTER_BOUND('',#1960,.T.);
#216=FACE_OUTER_BOUND('',#1961,.T.);
#217=FACE_OUTER_BOUND('',#1962,.T.);
#218=FACE_OUTER_BOUND('',#1963,.T.);
#219=FACE_OUTER_BOUND('',#1964,.T.);
#220=FACE_OUTER_BOUND('',#1965,.T.);
#221=FACE_OUTER_BOUND('',#1966,.T.);
#222=FACE_OUTER_BOUND('',#1967,.T.);
#223=FACE_OUTER_BOUND('',#1968,.T.);
#224=FACE_OUTER_BOUND('',#1969,.T.);
#225=FACE_OUTER_BOUND('',#1970,.T.);
#226=FACE_OUTER_BOUND('',#1971,.T.);
#227=FACE_OUTER_BOUND('',#1972,.T.);
#228=FACE_OUTER_BOUND('',#1973,.T.);
#229=FACE_OUTER_BOUND('',#1974,.T.);
#230=FACE_OUTER_BOUND('',#1975,.T.);
#231=FACE_OUTER_BOUND('',#1976,.T.);
#232=FACE_OUTER_BOUND('',#1977,.T.);
#233=FACE_OUTER_BOUND('',#1978,.T.);
#234=FACE_OUTER_BOUND('',#1979,.T.);
#235=FACE_OUTER_BOUND('',#1980,.T.);
#236=FACE_OUTER_BOUND('',#1981,.T.);
#237=FACE_OUTER_BOUND('',#1982,.T.);
#238=FACE_OUTER_BOUND('',#1983,.T.);
#239=FACE_OUTER_BOUND('',#1984,.T.);
#240=FACE_OUTER_BOUND('',#1985,.T.);
#241=FACE_OUTER_BOUND('',#1986,.T.);
#242=FACE_OUTER_BOUND('',#1987,.T.);
#243=FACE_OUTER_BOUND('',#1988,.T.);
#244=FACE_OUTER_BOUND('',#1989,.T.);
#245=FACE_OUTER_BOUND('',#1990,.T.);
#246=FACE_OUTER_BOUND('',#1991,.T.);
#247=FACE_OUTER_BOUND('',#1992,.T.);
#248=FACE_OUTER_BOUND('',#1993,.T.);
#249=FACE_OUTER_BOUND('',#1994,.T.);
#250=FACE_OUTER_BOUND('',#1995,.T.);
#251=FACE_OUTER_BOUND('',#1996,.T.);
#252=FACE_OUTER_BOUND('',#1997,.T.);
#253=FACE_OUTER_BOUND('',#1998,.T.);
#254=FACE_OUTER_BOUND('',#1999,.T.);
#255=FACE_OUTER_BOUND('',#2000,.T.);
#256=FACE_OUTER_BOUND('',#2001,.T.);
#257=FACE_OUTER_BOUND('',#2002,.T.);
#258=FACE_OUTER_BOUND('',#2003,.T.);
#259=FACE_OUTER_BOUND('',#2004,.T.);
#260=FACE_OUTER_BOUND('',#2005,.T.);
#261=FACE_OUTER_BOUND('',#2006,.T.);
#262=FACE_OUTER_BOUND('',#2007,.T.);
#263=FACE_OUTER_BOUND('',#2008,.T.);
#264=FACE_OUTER_BOUND('',#2009,.T.);
#265=FACE_OUTER_BOUND('',#2010,.T.);
#266=FACE_OUTER_BOUND('',#2011,.T.);
#267=FACE_OUTER_BOUND('',#2012,.T.);
#268=FACE_OUTER_BOUND('',#2013,.T.);
#269=FACE_OUTER_BOUND('',#2014,.T.);
#270=FACE_OUTER_BOUND('',#2015,.T.);
#271=FACE_OUTER_BOUND('',#2016,.T.);
#272=FACE_OUTER_BOUND('',#2017,.T.);
#273=FACE_OUTER_BOUND('',#2018,.T.);
#274=FACE_OUTER_BOUND('',#2019,.T.);
#275=FACE_OUTER_BOUND('',#2020,.T.);
#276=FACE_OUTER_BOUND('',#2021,.T.);
#277=FACE_OUTER_BOUND('',#2022,.T.);
#278=FACE_OUTER_BOUND('',#2023,.T.);
#279=FACE_OUTER_BOUND('',#2024,.T.);
#280=FACE_OUTER_BOUND('',#2025,.T.);
#281=FACE_OUTER_BOUND('',#2026,.T.);
#282=FACE_OUTER_BOUND('',#2027,.T.);
#283=FACE_OUTER_BOUND('',#2028,.T.);
#284=FACE_OUTER_BOUND('',#2029,.T.);
#285=FACE_OUTER_BOUND('',#2030,.T.);
#286=FACE_OUTER_BOUND('',#2031,.T.);
#287=FACE_OUTER_BOUND('',#2032,.T.);
#288=FACE_OUTER_BOUND('',#2033,.T.);
#289=FACE_OUTER_BOUND('',#2034,.T.);
#290=FACE_OUTER_BOUND('',#2035,.T.);
#291=FACE_OUTER_BOUND('',#2036,.T.);
#292=FACE_OUTER_BOUND('',#2037,.T.);
#293=FACE_OUTER_BOUND('',#2038,.T.);
#294=FACE_OUTER_BOUND('',#2039,.T.);
#295=FACE_OUTER_BOUND('',#2040,.T.);
#296=FACE_OUTER_BOUND('',#2041,.T.);
#297=FACE_OUTER_BOUND('',#2042,.T.);
#298=FACE_OUTER_BOUND('',#2043,.T.);
#299=FACE_OUTER_BOUND('',#2044,.T.);
#300=FACE_OUTER_BOUND('',#2045,.T.);
#301=FACE_OUTER_BOUND('',#2046,.T.);
#302=FACE_OUTER_BOUND('',#2047,.T.);
#303=FACE_OUTER_BOUND('',#2048,.T.);
#304=FACE_OUTER_BOUND('',#2049,.T.);
#305=FACE_OUTER_BOUND('',#2050,.T.);
#306=FACE_OUTER_BOUND('',#2051,.T.);
#307=FACE_OUTER_BOUND('',#2052,.T.);
#308=FACE_OUTER_BOUND('',#2053,.T.);
#309=FACE_OUTER_BOUND('',#2054,.T.);
#310=FACE_OUTER_BOUND('',#2055,.T.);
#311=FACE_OUTER_BOUND('',#2056,.T.);
#312=FACE_OUTER_BOUND('',#2057,.T.);
#313=FACE_OUTER_BOUND('',#2058,.T.);
#314=FACE_OUTER_BOUND('',#2059,.T.);
#315=FACE_OUTER_BOUND('',#2060,.T.);
#316=FACE_OUTER_BOUND('',#2061,.T.);
#317=FACE_OUTER_BOUND('',#2062,.T.);
#318=FACE_OUTER_BOUND('',#2063,.T.);
#319=FACE_OUTER_BOUND('',#2064,.T.);
#320=FACE_OUTER_BOUND('',#2065,.T.);
#321=FACE_OUTER_BOUND('',#2066,.T.);
#322=FACE_OUTER_BOUND('',#2067,.T.);
#323=FACE_OUTER_BOUND('',#2068,.T.);
#324=FACE_OUTER_BOUND('',#2069,.T.);
#325=FACE_OUTER_BOUND('',#2070,.T.);
#326=FACE_OUTER_BOUND('',#2071,.T.);
#327=FACE_OUTER_BOUND('',#2072,.T.);
#328=FACE_OUTER_BOUND('',#2073,.T.);
#329=FACE_OUTER_BOUND('',#2074,.T.);
#330=FACE_OUTER_BOUND('',#2075,.T.);
#331=FACE_OUTER_BOUND('',#2076,.T.);
#332=FACE_OUTER_BOUND('',#2077,.T.);
#333=FACE_OUTER_BOUND('',#2078,.T.);
#334=FACE_OUTER_BOUND('',#2079,.T.);
#335=FACE_OUTER_BOUND('',#2080,.T.);
#336=FACE_OUTER_BOUND('',#2081,.T.);
#337=FACE_OUTER_BOUND('',#2082,.T.);
#338=FACE_OUTER_BOUND('',#2083,.T.);
#339=FACE_OUTER_BOUND('',#2084,.T.);
#340=FACE_OUTER_BOUND('',#2085,.T.);
#341=FACE_OUTER_BOUND('',#2086,.T.);
#342=FACE_OUTER_BOUND('',#2087,.T.);
#343=FACE_OUTER_BOUND('',#2088,.T.);
#344=FACE_OUTER_BOUND('',#2089,.T.);
#345=FACE_OUTER_BOUND('',#2090,.T.);
#346=FACE_OUTER_BOUND('',#2091,.T.);
#347=FACE_OUTER_BOUND('',#2092,.T.);
#348=FACE_OUTER_BOUND('',#2093,.T.);
#349=FACE_OUTER_BOUND('',#2094,.T.);
#350=FACE_OUTER_BOUND('',#2095,.T.);
#351=FACE_OUTER_BOUND('',#2096,.T.);
#352=FACE_OUTER_BOUND('',#2097,.T.);
#353=FACE_OUTER_BOUND('',#2098,.T.);
#354=FACE_OUTER_BOUND('',#2099,.T.);
#355=FACE_OUTER_BOUND('',#2100,.T.);
#356=FACE_OUTER_BOUND('',#2101,.T.);
#357=FACE_OUTER_BOUND('',#2102,.T.);
#358=FACE_OUTER_BOUND('',#2103,.T.);
#359=FACE_OUTER_BOUND('',#2104,.T.);
#360=FACE_OUTER_BOUND('',#2105,.T.);
#361=FACE_OUTER_BOUND('',#2106,.T.);
#362=FACE_OUTER_BOUND('',#2107,.T.);
#363=FACE_OUTER_BOUND('',#2108,.T.);
#364=FACE_OUTER_BOUND('',#2109,.T.);
#365=FACE_OUTER_BOUND('',#2110,.T.);
#366=FACE_OUTER_BOUND('',#2111,.T.);
#367=FACE_OUTER_BOUND('',#2112,.T.);
#368=FACE_OUTER_BOUND('',#2113,.T.);
#369=FACE_OUTER_BOUND('',#2114,.T.);
#370=FACE_OUTER_BOUND('',#2115,.T.);
#371=FACE_OUTER_BOUND('',#2116,.T.);
#372=FACE_OUTER_BOUND('',#2117,.T.);
#373=FACE_OUTER_BOUND('',#2118,.T.);
#374=FACE_OUTER_BOUND('',#2119,.T.);
#375=FACE_OUTER_BOUND('',#2120,.T.);
#376=FACE_OUTER_BOUND('',#2121,.T.);
#377=FACE_OUTER_BOUND('',#2122,.T.);
#378=FACE_OUTER_BOUND('',#2123,.T.);
#379=FACE_OUTER_BOUND('',#2124,.T.);
#380=FACE_OUTER_BOUND('',#2125,.T.);
#381=FACE_OUTER_BOUND('',#2126,.T.);
#382=FACE_OUTER_BOUND('',#2127,.T.);
#383=FACE_OUTER_BOUND('',#2128,.T.);
#384=FACE_OUTER_BOUND('',#2129,.T.);
#385=FACE_OUTER_BOUND('',#2130,.T.);
#386=FACE_OUTER_BOUND('',#2131,.T.);
#387=FACE_OUTER_BOUND('',#2132,.T.);
#388=FACE_OUTER_BOUND('',#2133,.T.);
#389=FACE_OUTER_BOUND('',#2134,.T.);
#390=FACE_OUTER_BOUND('',#2135,.T.);
#391=FACE_OUTER_BOUND('',#2136,.T.);
#392=FACE_OUTER_BOUND('',#2137,.T.);
#393=FACE_OUTER_BOUND('',#2138,.T.);
#394=FACE_OUTER_BOUND('',#2139,.T.);
#395=FACE_OUTER_BOUND('',#2140,.T.);
#396=FACE_OUTER_BOUND('',#2141,.T.);
#397=FACE_OUTER_BOUND('',#2142,.T.);
#398=FACE_OUTER_BOUND('',#2143,.T.);
#399=FACE_OUTER_BOUND('',#2144,.T.);
#400=FACE_OUTER_BOUND('',#2145,.T.);
#401=FACE_OUTER_BOUND('',#2146,.T.);
#402=FACE_OUTER_BOUND('',#2147,.T.);
#403=FACE_OUTER_BOUND('',#2148,.T.);
#404=FACE_OUTER_BOUND('',#2149,.T.);
#405=FACE_OUTER_BOUND('',#2150,.T.);
#406=FACE_OUTER_BOUND('',#2151,.T.);
#407=FACE_OUTER_BOUND('',#2152,.T.);
#408=FACE_OUTER_BOUND('',#2153,.T.);
#409=FACE_OUTER_BOUND('',#2154,.T.);
#410=FACE_OUTER_BOUND('',#2155,.T.);
#411=FACE_OUTER_BOUND('',#2156,.T.);
#412=FACE_OUTER_BOUND('',#2157,.T.);
#413=FACE_OUTER_BOUND('',#2158,.T.);
#414=FACE_OUTER_BOUND('',#2159,.T.);
#415=FACE_OUTER_BOUND('',#2160,.T.);
#416=FACE_OUTER_BOUND('',#2161,.T.);
#417=FACE_OUTER_BOUND('',#2162,.T.);
#418=FACE_OUTER_BOUND('',#2163,.T.);
#419=FACE_OUTER_BOUND('',#2164,.T.);
#420=FACE_OUTER_BOUND('',#2165,.T.);
#421=FACE_OUTER_BOUND('',#2166,.T.);
#422=FACE_OUTER_BOUND('',#2167,.T.);
#423=FACE_OUTER_BOUND('',#2168,.T.);
#424=FACE_OUTER_BOUND('',#2169,.T.);
#425=FACE_OUTER_BOUND('',#2170,.T.);
#426=FACE_OUTER_BOUND('',#2171,.T.);
#427=FACE_OUTER_BOUND('',#2172,.T.);
#428=FACE_OUTER_BOUND('',#2173,.T.);
#429=FACE_OUTER_BOUND('',#2174,.T.);
#430=FACE_OUTER_BOUND('',#2175,.T.);
#431=FACE_OUTER_BOUND('',#2176,.T.);
#432=FACE_OUTER_BOUND('',#2177,.T.);
#433=FACE_OUTER_BOUND('',#2178,.T.);
#434=FACE_OUTER_BOUND('',#2179,.T.);
#435=FACE_OUTER_BOUND('',#2180,.T.);
#436=FACE_OUTER_BOUND('',#2181,.T.);
#437=FACE_OUTER_BOUND('',#2182,.T.);
#438=FACE_OUTER_BOUND('',#2183,.T.);
#439=FACE_OUTER_BOUND('',#2184,.T.);
#440=FACE_OUTER_BOUND('',#2185,.T.);
#441=FACE_OUTER_BOUND('',#2186,.T.);
#442=FACE_OUTER_BOUND('',#2187,.T.);
#443=FACE_OUTER_BOUND('',#2188,.T.);
#444=FACE_OUTER_BOUND('',#2189,.T.);
#445=FACE_OUTER_BOUND('',#2190,.T.);
#446=FACE_OUTER_BOUND('',#2191,.T.);
#447=FACE_OUTER_BOUND('',#2192,.T.);
#448=FACE_OUTER_BOUND('',#2193,.T.);
#449=FACE_OUTER_BOUND('',#2194,.T.);
#450=FACE_OUTER_BOUND('',#2195,.T.);
#451=FACE_OUTER_BOUND('',#2196,.T.);
#452=FACE_OUTER_BOUND('',#2197,.T.);
#453=FACE_OUTER_BOUND('',#2198,.T.);
#454=FACE_OUTER_BOUND('',#2199,.T.);
#455=FACE_OUTER_BOUND('',#2200,.T.);
#456=FACE_OUTER_BOUND('',#2201,.T.);
#457=FACE_OUTER_BOUND('',#2202,.T.);
#458=FACE_OUTER_BOUND('',#2203,.T.);
#459=FACE_OUTER_BOUND('',#2204,.T.);
#460=FACE_OUTER_BOUND('',#2205,.T.);
#461=FACE_OUTER_BOUND('',#2206,.T.);
#462=FACE_OUTER_BOUND('',#2207,.T.);
#463=FACE_OUTER_BOUND('',#2208,.T.);
#464=FACE_OUTER_BOUND('',#2209,.T.);
#465=FACE_OUTER_BOUND('',#2210,.T.);
#466=FACE_OUTER_BOUND('',#2211,.T.);
#467=FACE_OUTER_BOUND('',#2212,.T.);
#468=FACE_OUTER_BOUND('',#2213,.T.);
#469=FACE_OUTER_BOUND('',#2214,.T.);
#470=FACE_OUTER_BOUND('',#2215,.T.);
#471=FACE_OUTER_BOUND('',#2216,.T.);
#472=FACE_OUTER_BOUND('',#2217,.T.);
#473=FACE_OUTER_BOUND('',#2218,.T.);
#474=FACE_OUTER_BOUND('',#2219,.T.);
#475=FACE_OUTER_BOUND('',#2220,.T.);
#476=FACE_OUTER_BOUND('',#2221,.T.);
#477=FACE_OUTER_BOUND('',#2222,.T.);
#478=FACE_OUTER_BOUND('',#2223,.T.);
#479=FACE_OUTER_BOUND('',#2224,.T.);
#480=FACE_OUTER_BOUND('',#2225,.T.);
#481=FACE_OUTER_BOUND('',#2226,.T.);
#482=FACE_OUTER_BOUND('',#2227,.T.);
#483=FACE_OUTER_BOUND('',#2228,.T.);
#484=FACE_OUTER_BOUND('',#2229,.T.);
#485=FACE_OUTER_BOUND('',#2230,.T.);
#486=FACE_OUTER_BOUND('',#2231,.T.);
#487=FACE_OUTER_BOUND('',#2232,.T.);
#488=FACE_OUTER_BOUND('',#2233,.T.);
#489=FACE_OUTER_BOUND('',#2234,.T.);
#490=FACE_OUTER_BOUND('',#2235,.T.);
#491=FACE_OUTER_BOUND('',#2236,.T.);
#492=FACE_OUTER_BOUND('',#2237,.T.);
#493=FACE_OUTER_BOUND('',#2238,.T.);
#494=FACE_OUTER_BOUND('',#2239,.T.);
#495=FACE_OUTER_BOUND('',#2240,.T.);
#496=FACE_OUTER_BOUND('',#2241,.T.);
#497=FACE_OUTER_BOUND('',#2242,.T.);
#498=FACE_OUTER_BOUND('',#2243,.T.);
#499=FACE_OUTER_BOUND('',#2244,.T.);
#500=FACE_OUTER_BOUND('',#2245,.T.);
#501=FACE_OUTER_BOUND('',#2246,.T.);
#502=FACE_OUTER_BOUND('',#2247,.T.);
#503=FACE_OUTER_BOUND('',#2248,.T.);
#504=FACE_OUTER_BOUND('',#2249,.T.);
#505=FACE_OUTER_BOUND('',#2250,.T.);
#506=FACE_OUTER_BOUND('',#2251,.T.);
#507=FACE_OUTER_BOUND('',#2252,.T.);
#508=FACE_OUTER_BOUND('',#2253,.T.);
#509=FACE_OUTER_BOUND('',#2254,.T.);
#510=FACE_OUTER_BOUND('',#2255,.T.);
#511=FACE_OUTER_BOUND('',#2256,.T.);
#512=FACE_OUTER_BOUND('',#2257,.T.);
#513=FACE_OUTER_BOUND('',#2258,.T.);
#514=FACE_OUTER_BOUND('',#2259,.T.);
#515=FACE_OUTER_BOUND('',#2260,.T.);
#516=FACE_OUTER_BOUND('',#2261,.T.);
#517=FACE_OUTER_BOUND('',#2262,.T.);
#518=FACE_OUTER_BOUND('',#2263,.T.);
#519=FACE_OUTER_BOUND('',#2264,.T.);
#520=FACE_OUTER_BOUND('',#2265,.T.);
#521=FACE_OUTER_BOUND('',#2266,.T.);
#522=FACE_OUTER_BOUND('',#2267,.T.);
#523=FACE_OUTER_BOUND('',#2268,.T.);
#524=FACE_OUTER_BOUND('',#2269,.T.);
#525=FACE_OUTER_BOUND('',#2270,.T.);
#526=FACE_OUTER_BOUND('',#2271,.T.);
#527=FACE_OUTER_BOUND('',#2272,.T.);
#528=FACE_OUTER_BOUND('',#2273,.T.);
#529=FACE_OUTER_BOUND('',#2274,.T.);
#530=FACE_OUTER_BOUND('',#2275,.T.);
#531=FACE_OUTER_BOUND('',#2276,.T.);
#532=FACE_OUTER_BOUND('',#2277,.T.);
#533=FACE_OUTER_BOUND('',#2278,.T.);
#534=FACE_OUTER_BOUND('',#2279,.T.);
#535=FACE_OUTER_BOUND('',#2280,.T.);
#536=FACE_OUTER_BOUND('',#2281,.T.);
#537=FACE_OUTER_BOUND('',#2282,.T.);
#538=FACE_OUTER_BOUND('',#2283,.T.);
#539=FACE_OUTER_BOUND('',#2284,.T.);
#540=FACE_OUTER_BOUND('',#2285,.T.);
#541=FACE_OUTER_BOUND('',#2286,.T.);
#542=FACE_OUTER_BOUND('',#2287,.T.);
#543=FACE_OUTER_BOUND('',#2288,.T.);
#544=FACE_OUTER_BOUND('',#2289,.T.);
#545=FACE_OUTER_BOUND('',#2290,.T.);
#546=FACE_OUTER_BOUND('',#2291,.T.);
#547=FACE_OUTER_BOUND('',#2292,.T.);
#548=FACE_OUTER_BOUND('',#2293,.T.);
#549=FACE_OUTER_BOUND('',#2294,.T.);
#550=FACE_OUTER_BOUND('',#2295,.T.);
#551=FACE_OUTER_BOUND('',#2296,.T.);
#552=FACE_OUTER_BOUND('',#2297,.T.);
#553=FACE_OUTER_BOUND('',#2298,.T.);
#554=FACE_OUTER_BOUND('',#2299,.T.);
#555=FACE_OUTER_BOUND('',#2300,.T.);
#556=FACE_OUTER_BOUND('',#2301,.T.);
#557=FACE_OUTER_BOUND('',#2302,.T.);
#558=FACE_OUTER_BOUND('',#2303,.T.);
#559=FACE_OUTER_BOUND('',#2304,.T.);
#560=FACE_OUTER_BOUND('',#2305,.T.);
#561=FACE_OUTER_BOUND('',#2306,.T.);
#562=FACE_OUTER_BOUND('',#2307,.T.);
#563=FACE_OUTER_BOUND('',#2308,.T.);
#564=FACE_OUTER_BOUND('',#2309,.T.);
#565=FACE_OUTER_BOUND('',#2310,.T.);
#566=FACE_OUTER_BOUND('',#2311,.T.);
#567=FACE_OUTER_BOUND('',#2312,.T.);
#568=FACE_OUTER_BOUND('',#2313,.T.);
#569=FACE_OUTER_BOUND('',#2314,.T.);
#570=FACE_OUTER_BOUND('',#2315,.T.);
#571=FACE_OUTER_BOUND('',#2316,.T.);
#572=FACE_OUTER_BOUND('',#2317,.T.);
#573=FACE_OUTER_BOUND('',#2318,.T.);
#574=FACE_OUTER_BOUND('',#2319,.T.);
#575=FACE_OUTER_BOUND('',#2320,.T.);
#576=FACE_OUTER_BOUND('',#2321,.T.);
#577=FACE_OUTER_BOUND('',#2322,.T.);
#578=FACE_OUTER_BOUND('',#2323,.T.);
#579=FACE_OUTER_BOUND('',#2324,.T.);
#580=FACE_OUTER_BOUND('',#2325,.T.);
#581=FACE_OUTER_BOUND('',#2326,.T.);
#582=FACE_OUTER_BOUND('',#2327,.T.);
#583=FACE_OUTER_BOUND('',#2328,.T.);
#584=FACE_OUTER_BOUND('',#2329,.T.);
#585=FACE_OUTER_BOUND('',#2330,.T.);
#586=FACE_OUTER_BOUND('',#2331,.T.);
#587=FACE_OUTER_BOUND('',#2332,.T.);
#588=FACE_OUTER_BOUND('',#2333,.T.);
#589=FACE_OUTER_BOUND('',#2334,.T.);
#590=FACE_OUTER_BOUND('',#2335,.T.);
#591=FACE_OUTER_BOUND('',#2336,.T.);
#592=FACE_OUTER_BOUND('',#2337,.T.);
#593=FACE_OUTER_BOUND('',#2338,.T.);
#594=FACE_OUTER_BOUND('',#2339,.T.);
#595=FACE_OUTER_BOUND('',#2340,.T.);
#596=FACE_OUTER_BOUND('',#2341,.T.);
#597=FACE_OUTER_BOUND('',#2342,.T.);
#598=FACE_OUTER_BOUND('',#2343,.T.);
#599=FACE_OUTER_BOUND('',#2344,.T.);
#600=FACE_OUTER_BOUND('',#2345,.T.);
#601=FACE_OUTER_BOUND('',#2346,.T.);
#602=FACE_OUTER_BOUND('',#2347,.T.);
#603=FACE_OUTER_BOUND('',#2348,.T.);
#604=FACE_OUTER_BOUND('',#2349,.T.);
#605=FACE_OUTER_BOUND('',#2350,.T.);
#606=FACE_OUTER_BOUND('',#2351,.T.);
#607=FACE_OUTER_BOUND('',#2352,.T.);
#608=FACE_OUTER_BOUND('',#2353,.T.);
#609=FACE_OUTER_BOUND('',#2354,.T.);
#610=FACE_OUTER_BOUND('',#2355,.T.);
#611=FACE_OUTER_BOUND('',#2356,.T.);
#612=FACE_OUTER_BOUND('',#2357,.T.);
#613=FACE_OUTER_BOUND('',#2358,.T.);
#614=FACE_OUTER_BOUND('',#2359,.T.);
#615=FACE_OUTER_BOUND('',#2360,.T.);
#616=FACE_OUTER_BOUND('',#2361,.T.);
#617=FACE_OUTER_BOUND('',#2362,.T.);
#618=FACE_OUTER_BOUND('',#2363,.T.);
#619=FACE_OUTER_BOUND('',#2364,.T.);
#620=FACE_OUTER_BOUND('',#2365,.T.);
#621=FACE_OUTER_BOUND('',#2366,.T.);
#622=FACE_OUTER_BOUND('',#2367,.T.);
#623=FACE_OUTER_BOUND('',#2368,.T.);
#624=FACE_OUTER_BOUND('',#2369,.T.);
#625=FACE_OUTER_BOUND('',#2370,.T.);
#626=FACE_OUTER_BOUND('',#2371,.T.);
#627=ADVANCED_FACE('',(#1766,#1767,#1768),#1201,.F.);
#628=ADVANCED_FACE('',(#55),#1202,.F.);
#629=ADVANCED_FACE('',(#56),#1203,.F.);
#630=ADVANCED_FACE('',(#57),#1204,.F.);
#631=ADVANCED_FACE('',(#58),#1205,.F.);
#632=ADVANCED_FACE('',(#59),#1206,.F.);
#633=ADVANCED_FACE('',(#60),#1207,.F.);
#634=ADVANCED_FACE('',(#61),#1208,.F.);
#635=ADVANCED_FACE('',(#62),#1209,.F.);
#636=ADVANCED_FACE('',(#63),#1210,.F.);
#637=ADVANCED_FACE('',(#64),#1211,.F.);
#638=ADVANCED_FACE('',(#65),#1212,.F.);
#639=ADVANCED_FACE('',(#66),#1213,.F.);
#640=ADVANCED_FACE('',(#67),#1214,.F.);
#641=ADVANCED_FACE('',(#68),#1215,.F.);
#642=ADVANCED_FACE('',(#69),#1216,.F.);
#643=ADVANCED_FACE('',(#70),#1217,.T.);
#644=ADVANCED_FACE('',(#71),#1218,.F.);
#645=ADVANCED_FACE('',(#72),#1219,.F.);
#646=ADVANCED_FACE('',(#73),#1220,.F.);
#647=ADVANCED_FACE('',(#74),#1221,.F.);
#648=ADVANCED_FACE('',(#75),#1222,.F.);
#649=ADVANCED_FACE('',(#76),#1223,.F.);
#650=ADVANCED_FACE('',(#77),#1224,.F.);
#651=ADVANCED_FACE('',(#78),#1225,.F.);
#652=ADVANCED_FACE('',(#79),#1226,.F.);
#653=ADVANCED_FACE('',(#80),#1227,.F.);
#654=ADVANCED_FACE('',(#81),#1228,.F.);
#655=ADVANCED_FACE('',(#82),#1229,.F.);
#656=ADVANCED_FACE('',(#83),#1230,.F.);
#657=ADVANCED_FACE('',(#84),#1231,.F.);
#658=ADVANCED_FACE('',(#85),#1232,.F.);
#659=ADVANCED_FACE('',(#86),#1233,.F.);
#660=ADVANCED_FACE('',(#87),#1234,.F.);
#661=ADVANCED_FACE('',(#88),#1235,.F.);
#662=ADVANCED_FACE('',(#89),#1236,.F.);
#663=ADVANCED_FACE('',(#90),#1237,.F.);
#664=ADVANCED_FACE('',(#91),#1238,.F.);
#665=ADVANCED_FACE('',(#92),#1239,.F.);
#666=ADVANCED_FACE('',(#93),#1240,.F.);
#667=ADVANCED_FACE('',(#94),#1241,.F.);
#668=ADVANCED_FACE('',(#95),#1242,.F.);
#669=ADVANCED_FACE('',(#96),#1243,.F.);
#670=ADVANCED_FACE('',(#97),#1244,.F.);
#671=ADVANCED_FACE('',(#98),#1245,.F.);
#672=ADVANCED_FACE('',(#99),#1246,.F.);
#673=ADVANCED_FACE('',(#100),#1247,.F.);
#674=ADVANCED_FACE('',(#101),#1248,.F.);
#675=ADVANCED_FACE('',(#102),#1249,.F.);
#676=ADVANCED_FACE('',(#103),#1250,.F.);
#677=ADVANCED_FACE('',(#104),#1251,.F.);
#678=ADVANCED_FACE('',(#105),#1252,.F.);
#679=ADVANCED_FACE('',(#106),#1253,.F.);
#680=ADVANCED_FACE('',(#107),#1254,.F.);
#681=ADVANCED_FACE('',(#108),#1255,.F.);
#682=ADVANCED_FACE('',(#109),#1256,.F.);
#683=ADVANCED_FACE('',(#110),#1257,.F.);
#684=ADVANCED_FACE('',(#111),#1258,.F.);
#685=ADVANCED_FACE('',(#112),#1259,.F.);
#686=ADVANCED_FACE('',(#113),#1260,.F.);
#687=ADVANCED_FACE('',(#114),#1261,.F.);
#688=ADVANCED_FACE('',(#115),#1262,.F.);
#689=ADVANCED_FACE('',(#116),#1263,.F.);
#690=ADVANCED_FACE('',(#117),#1264,.F.);
#691=ADVANCED_FACE('',(#118),#1265,.F.);
#692=ADVANCED_FACE('',(#119),#1266,.F.);
#693=ADVANCED_FACE('',(#120),#1267,.F.);
#694=ADVANCED_FACE('',(#121),#1268,.F.);
#695=ADVANCED_FACE('',(#122),#1269,.F.);
#696=ADVANCED_FACE('',(#123),#1270,.F.);
#697=ADVANCED_FACE('',(#124),#1271,.F.);
#698=ADVANCED_FACE('',(#125),#1272,.F.);
#699=ADVANCED_FACE('',(#126),#1273,.F.);
#700=ADVANCED_FACE('',(#127),#1274,.T.);
#701=ADVANCED_FACE('',(#128),#38,.T.);
#702=ADVANCED_FACE('',(#129),#1275,.T.);
#703=ADVANCED_FACE('',(#130),#39,.T.);
#704=ADVANCED_FACE('',(#131),#1276,.T.);
#705=ADVANCED_FACE('',(#132),#40,.T.);
#706=ADVANCED_FACE('',(#133),#41,.T.);
#707=ADVANCED_FACE('',(#1769,#1770,#1771,#1772,#1773,#1774,#1775,#1776,
#1777,#1778,#1779,#1780,#1781,#1782),#1277,.T.);
#708=ADVANCED_FACE('',(#134),#1278,.F.);
#709=ADVANCED_FACE('',(#135),#1279,.T.);
#710=ADVANCED_FACE('',(#136),#1280,.T.);
#711=ADVANCED_FACE('',(#137),#1281,.T.);
#712=ADVANCED_FACE('',(#138),#1282,.T.);
#713=ADVANCED_FACE('',(#139),#1283,.F.);
#714=ADVANCED_FACE('',(#140),#1284,.F.);
#715=ADVANCED_FACE('',(#141),#1285,.F.);
#716=ADVANCED_FACE('',(#142),#1286,.F.);
#717=ADVANCED_FACE('',(#143),#1287,.F.);
#718=ADVANCED_FACE('',(#144),#1288,.F.);
#719=ADVANCED_FACE('',(#145),#1289,.F.);
#720=ADVANCED_FACE('',(#146),#1290,.F.);
#721=ADVANCED_FACE('',(#147),#1291,.F.);
#722=ADVANCED_FACE('',(#148),#1292,.F.);
#723=ADVANCED_FACE('',(#149),#1293,.F.);
#724=ADVANCED_FACE('',(#150),#1294,.F.);
#725=ADVANCED_FACE('',(#151),#1295,.T.);
#726=ADVANCED_FACE('',(#152),#1296,.T.);
#727=ADVANCED_FACE('',(#153),#1297,.T.);
#728=ADVANCED_FACE('',(#154),#1298,.T.);
#729=ADVANCED_FACE('',(#155),#1299,.T.);
#730=ADVANCED_FACE('',(#156),#1300,.T.);
#731=ADVANCED_FACE('',(#157),#1301,.T.);
#732=ADVANCED_FACE('',(#158),#1302,.T.);
#733=ADVANCED_FACE('',(#159),#1303,.T.);
#734=ADVANCED_FACE('',(#160),#1304,.T.);
#735=ADVANCED_FACE('',(#161),#1305,.T.);
#736=ADVANCED_FACE('',(#162),#1306,.T.);
#737=ADVANCED_FACE('',(#163),#1307,.T.);
#738=ADVANCED_FACE('',(#164),#1308,.T.);
#739=ADVANCED_FACE('',(#165),#1309,.T.);
#740=ADVANCED_FACE('',(#166),#1310,.T.);
#741=ADVANCED_FACE('',(#167),#1311,.T.);
#742=ADVANCED_FACE('',(#168),#1312,.T.);
#743=ADVANCED_FACE('',(#169),#1313,.F.);
#744=ADVANCED_FACE('',(#170),#1314,.F.);
#745=ADVANCED_FACE('',(#171),#1315,.F.);
#746=ADVANCED_FACE('',(#172),#1316,.F.);
#747=ADVANCED_FACE('',(#173),#1317,.F.);
#748=ADVANCED_FACE('',(#174),#1318,.F.);
#749=ADVANCED_FACE('',(#175),#1319,.F.);
#750=ADVANCED_FACE('',(#176),#1320,.F.);
#751=ADVANCED_FACE('',(#177),#1321,.F.);
#752=ADVANCED_FACE('',(#178),#1322,.T.);
#753=ADVANCED_FACE('',(#179),#1323,.T.);
#754=ADVANCED_FACE('',(#180),#1324,.F.);
#755=ADVANCED_FACE('',(#181),#1325,.F.);
#756=ADVANCED_FACE('',(#182),#1326,.T.);
#757=ADVANCED_FACE('',(#183),#1327,.T.);
#758=ADVANCED_FACE('',(#184),#1328,.T.);
#759=ADVANCED_FACE('',(#185),#42,.T.);
#760=ADVANCED_FACE('',(#186),#34,.T.);
#761=ADVANCED_FACE('',(#187),#43,.T.);
#762=ADVANCED_FACE('',(#188),#35,.T.);
#763=ADVANCED_FACE('',(#189),#44,.T.);
#764=ADVANCED_FACE('',(#190),#1329,.T.);
#765=ADVANCED_FACE('',(#191),#1330,.T.);
#766=ADVANCED_FACE('',(#192),#1331,.T.);
#767=ADVANCED_FACE('',(#193),#1332,.T.);
#768=ADVANCED_FACE('',(#194),#1333,.T.);
#769=ADVANCED_FACE('',(#195),#1334,.T.);
#770=ADVANCED_FACE('',(#196),#1335,.T.);
#771=ADVANCED_FACE('',(#197),#1336,.T.);
#772=ADVANCED_FACE('',(#198),#1337,.T.);
#773=ADVANCED_FACE('',(#199),#1338,.T.);
#774=ADVANCED_FACE('',(#200),#1339,.T.);
#775=ADVANCED_FACE('',(#201),#1340,.T.);
#776=ADVANCED_FACE('',(#202),#1341,.T.);
#777=ADVANCED_FACE('',(#203),#1342,.T.);
#778=ADVANCED_FACE('',(#204),#1343,.T.);
#779=ADVANCED_FACE('',(#205),#1344,.T.);
#780=ADVANCED_FACE('',(#206),#1345,.T.);
#781=ADVANCED_FACE('',(#207),#1346,.T.);
#782=ADVANCED_FACE('',(#208),#1347,.T.);
#783=ADVANCED_FACE('',(#209),#1348,.T.);
#784=ADVANCED_FACE('',(#210),#1349,.T.);
#785=ADVANCED_FACE('',(#211),#1350,.T.);
#786=ADVANCED_FACE('',(#212),#1351,.T.);
#787=ADVANCED_FACE('',(#213),#1352,.T.);
#788=ADVANCED_FACE('',(#214),#1353,.T.);
#789=ADVANCED_FACE('',(#215),#1354,.T.);
#790=ADVANCED_FACE('',(#216),#1355,.T.);
#791=ADVANCED_FACE('',(#217),#1356,.T.);
#792=ADVANCED_FACE('',(#218),#1357,.T.);
#793=ADVANCED_FACE('',(#219),#1358,.T.);
#794=ADVANCED_FACE('',(#220),#1359,.T.);
#795=ADVANCED_FACE('',(#221),#1360,.T.);
#796=ADVANCED_FACE('',(#222),#1361,.T.);
#797=ADVANCED_FACE('',(#223),#1362,.T.);
#798=ADVANCED_FACE('',(#224),#1363,.T.);
#799=ADVANCED_FACE('',(#225),#1364,.T.);
#800=ADVANCED_FACE('',(#226),#1365,.F.);
#801=ADVANCED_FACE('',(#227),#1366,.F.);
#802=ADVANCED_FACE('',(#228),#1367,.F.);
#803=ADVANCED_FACE('',(#229),#1368,.F.);
#804=ADVANCED_FACE('',(#230),#1369,.F.);
#805=ADVANCED_FACE('',(#231),#1370,.F.);
#806=ADVANCED_FACE('',(#232),#1371,.F.);
#807=ADVANCED_FACE('',(#233),#1372,.F.);
#808=ADVANCED_FACE('',(#234),#1373,.F.);
#809=ADVANCED_FACE('',(#235),#1374,.F.);
#810=ADVANCED_FACE('',(#236),#1375,.F.);
#811=ADVANCED_FACE('',(#237),#1376,.F.);
#812=ADVANCED_FACE('',(#238),#1377,.T.);
#813=ADVANCED_FACE('',(#239),#1378,.F.);
#814=ADVANCED_FACE('',(#240),#1379,.F.);
#815=ADVANCED_FACE('',(#241),#1380,.F.);
#816=ADVANCED_FACE('',(#242),#1381,.F.);
#817=ADVANCED_FACE('',(#243),#1382,.F.);
#818=ADVANCED_FACE('',(#244),#1383,.F.);
#819=ADVANCED_FACE('',(#245),#1384,.F.);
#820=ADVANCED_FACE('',(#246),#1385,.F.);
#821=ADVANCED_FACE('',(#247),#1386,.F.);
#822=ADVANCED_FACE('',(#248),#1387,.F.);
#823=ADVANCED_FACE('',(#249),#1388,.F.);
#824=ADVANCED_FACE('',(#250),#1389,.F.);
#825=ADVANCED_FACE('',(#251),#1390,.T.);
#826=ADVANCED_FACE('',(#252),#1391,.F.);
#827=ADVANCED_FACE('',(#253),#1392,.F.);
#828=ADVANCED_FACE('',(#254),#1393,.F.);
#829=ADVANCED_FACE('',(#255),#1394,.F.);
#830=ADVANCED_FACE('',(#256),#1395,.F.);
#831=ADVANCED_FACE('',(#257),#1396,.F.);
#832=ADVANCED_FACE('',(#258),#1397,.F.);
#833=ADVANCED_FACE('',(#259),#1398,.F.);
#834=ADVANCED_FACE('',(#260),#1399,.F.);
#835=ADVANCED_FACE('',(#261),#1400,.F.);
#836=ADVANCED_FACE('',(#262),#1401,.F.);
#837=ADVANCED_FACE('',(#263),#1402,.F.);
#838=ADVANCED_FACE('',(#264),#1403,.T.);
#839=ADVANCED_FACE('',(#265),#1404,.F.);
#840=ADVANCED_FACE('',(#266),#1405,.F.);
#841=ADVANCED_FACE('',(#267),#1406,.F.);
#842=ADVANCED_FACE('',(#268),#1407,.F.);
#843=ADVANCED_FACE('',(#269),#1408,.F.);
#844=ADVANCED_FACE('',(#270),#1409,.F.);
#845=ADVANCED_FACE('',(#271),#1410,.F.);
#846=ADVANCED_FACE('',(#272),#1411,.F.);
#847=ADVANCED_FACE('',(#273),#1412,.F.);
#848=ADVANCED_FACE('',(#274),#1413,.F.);
#849=ADVANCED_FACE('',(#275),#1414,.F.);
#850=ADVANCED_FACE('',(#276),#1415,.F.);
#851=ADVANCED_FACE('',(#277),#1416,.T.);
#852=ADVANCED_FACE('',(#278),#1417,.F.);
#853=ADVANCED_FACE('',(#279),#1418,.F.);
#854=ADVANCED_FACE('',(#280),#1419,.F.);
#855=ADVANCED_FACE('',(#281),#1420,.F.);
#856=ADVANCED_FACE('',(#282),#1421,.F.);
#857=ADVANCED_FACE('',(#283),#1422,.F.);
#858=ADVANCED_FACE('',(#284),#1423,.F.);
#859=ADVANCED_FACE('',(#285),#1424,.F.);
#860=ADVANCED_FACE('',(#286),#1425,.F.);
#861=ADVANCED_FACE('',(#287),#1426,.F.);
#862=ADVANCED_FACE('',(#288),#1427,.F.);
#863=ADVANCED_FACE('',(#289),#1428,.F.);
#864=ADVANCED_FACE('',(#290),#1429,.T.);
#865=ADVANCED_FACE('',(#291),#1430,.F.);
#866=ADVANCED_FACE('',(#292),#1431,.F.);
#867=ADVANCED_FACE('',(#293),#1432,.F.);
#868=ADVANCED_FACE('',(#294),#1433,.F.);
#869=ADVANCED_FACE('',(#295),#1434,.F.);
#870=ADVANCED_FACE('',(#296),#1435,.F.);
#871=ADVANCED_FACE('',(#297),#1436,.F.);
#872=ADVANCED_FACE('',(#298),#1437,.F.);
#873=ADVANCED_FACE('',(#299),#1438,.F.);
#874=ADVANCED_FACE('',(#300),#1439,.F.);
#875=ADVANCED_FACE('',(#301),#1440,.F.);
#876=ADVANCED_FACE('',(#302),#1441,.F.);
#877=ADVANCED_FACE('',(#303),#1442,.T.);
#878=ADVANCED_FACE('',(#304),#1443,.F.);
#879=ADVANCED_FACE('',(#305),#1444,.F.);
#880=ADVANCED_FACE('',(#306),#1445,.F.);
#881=ADVANCED_FACE('',(#307),#1446,.F.);
#882=ADVANCED_FACE('',(#308),#1447,.F.);
#883=ADVANCED_FACE('',(#309),#1448,.F.);
#884=ADVANCED_FACE('',(#310),#1449,.F.);
#885=ADVANCED_FACE('',(#311),#1450,.F.);
#886=ADVANCED_FACE('',(#312),#1451,.F.);
#887=ADVANCED_FACE('',(#313),#1452,.F.);
#888=ADVANCED_FACE('',(#314),#1453,.F.);
#889=ADVANCED_FACE('',(#315),#1454,.F.);
#890=ADVANCED_FACE('',(#316),#1455,.T.);
#891=ADVANCED_FACE('',(#317),#1456,.F.);
#892=ADVANCED_FACE('',(#318),#1457,.F.);
#893=ADVANCED_FACE('',(#319),#1458,.F.);
#894=ADVANCED_FACE('',(#320),#1459,.F.);
#895=ADVANCED_FACE('',(#321),#1460,.F.);
#896=ADVANCED_FACE('',(#322),#1461,.F.);
#897=ADVANCED_FACE('',(#323),#1462,.F.);
#898=ADVANCED_FACE('',(#324),#1463,.F.);
#899=ADVANCED_FACE('',(#325),#1464,.F.);
#900=ADVANCED_FACE('',(#326),#1465,.F.);
#901=ADVANCED_FACE('',(#327),#1466,.F.);
#902=ADVANCED_FACE('',(#328),#1467,.F.);
#903=ADVANCED_FACE('',(#329),#1468,.T.);
#904=ADVANCED_FACE('',(#330),#1469,.F.);
#905=ADVANCED_FACE('',(#331),#1470,.F.);
#906=ADVANCED_FACE('',(#332),#1471,.F.);
#907=ADVANCED_FACE('',(#333),#1472,.F.);
#908=ADVANCED_FACE('',(#334),#1473,.F.);
#909=ADVANCED_FACE('',(#335),#1474,.F.);
#910=ADVANCED_FACE('',(#336),#1475,.F.);
#911=ADVANCED_FACE('',(#337),#1476,.F.);
#912=ADVANCED_FACE('',(#338),#1477,.F.);
#913=ADVANCED_FACE('',(#339),#1478,.F.);
#914=ADVANCED_FACE('',(#340),#1479,.F.);
#915=ADVANCED_FACE('',(#341),#1480,.F.);
#916=ADVANCED_FACE('',(#342),#1481,.T.);
#917=ADVANCED_FACE('',(#343),#1482,.F.);
#918=ADVANCED_FACE('',(#344),#1483,.F.);
#919=ADVANCED_FACE('',(#345),#1484,.F.);
#920=ADVANCED_FACE('',(#346),#1485,.F.);
#921=ADVANCED_FACE('',(#347),#1486,.F.);
#922=ADVANCED_FACE('',(#348),#1487,.F.);
#923=ADVANCED_FACE('',(#349),#1488,.F.);
#924=ADVANCED_FACE('',(#350),#1489,.F.);
#925=ADVANCED_FACE('',(#351),#1490,.F.);
#926=ADVANCED_FACE('',(#352),#1491,.F.);
#927=ADVANCED_FACE('',(#353),#1492,.F.);
#928=ADVANCED_FACE('',(#354),#1493,.F.);
#929=ADVANCED_FACE('',(#355),#1494,.T.);
#930=ADVANCED_FACE('',(#356),#1495,.F.);
#931=ADVANCED_FACE('',(#357),#1496,.F.);
#932=ADVANCED_FACE('',(#358),#1497,.F.);
#933=ADVANCED_FACE('',(#359),#1498,.F.);
#934=ADVANCED_FACE('',(#360),#1499,.F.);
#935=ADVANCED_FACE('',(#361),#1500,.F.);
#936=ADVANCED_FACE('',(#362),#1501,.F.);
#937=ADVANCED_FACE('',(#363),#1502,.F.);
#938=ADVANCED_FACE('',(#364),#1503,.F.);
#939=ADVANCED_FACE('',(#365),#1504,.F.);
#940=ADVANCED_FACE('',(#366),#1505,.F.);
#941=ADVANCED_FACE('',(#367),#1506,.F.);
#942=ADVANCED_FACE('',(#368),#1507,.T.);
#943=ADVANCED_FACE('',(#369),#1508,.F.);
#944=ADVANCED_FACE('',(#370),#1509,.F.);
#945=ADVANCED_FACE('',(#371),#1510,.F.);
#946=ADVANCED_FACE('',(#372),#1511,.F.);
#947=ADVANCED_FACE('',(#373),#1512,.F.);
#948=ADVANCED_FACE('',(#374),#1513,.F.);
#949=ADVANCED_FACE('',(#375),#1514,.F.);
#950=ADVANCED_FACE('',(#376),#1515,.F.);
#951=ADVANCED_FACE('',(#377),#1516,.F.);
#952=ADVANCED_FACE('',(#378),#1517,.F.);
#953=ADVANCED_FACE('',(#379),#1518,.F.);
#954=ADVANCED_FACE('',(#380),#1519,.F.);
#955=ADVANCED_FACE('',(#381),#1520,.T.);
#956=ADVANCED_FACE('',(#382),#1521,.T.);
#957=ADVANCED_FACE('',(#383),#1522,.T.);
#958=ADVANCED_FACE('',(#384),#1523,.T.);
#959=ADVANCED_FACE('',(#385),#1524,.T.);
#960=ADVANCED_FACE('',(#386),#1525,.T.);
#961=ADVANCED_FACE('',(#387),#1526,.T.);
#962=ADVANCED_FACE('',(#388),#1527,.T.);
#963=ADVANCED_FACE('',(#389),#1528,.T.);
#964=ADVANCED_FACE('',(#390),#1529,.T.);
#965=ADVANCED_FACE('',(#391),#1530,.T.);
#966=ADVANCED_FACE('',(#392),#1531,.T.);
#967=ADVANCED_FACE('',(#393),#1532,.T.);
#968=ADVANCED_FACE('',(#394),#1533,.T.);
#969=ADVANCED_FACE('',(#395),#1534,.T.);
#970=ADVANCED_FACE('',(#396),#1535,.T.);
#971=ADVANCED_FACE('',(#397),#1536,.T.);
#972=ADVANCED_FACE('',(#398),#1537,.T.);
#973=ADVANCED_FACE('',(#399),#1538,.T.);
#974=ADVANCED_FACE('',(#400),#1539,.T.);
#975=ADVANCED_FACE('',(#401),#1540,.T.);
#976=ADVANCED_FACE('',(#402),#1541,.T.);
#977=ADVANCED_FACE('',(#403),#1542,.T.);
#978=ADVANCED_FACE('',(#404),#1543,.T.);
#979=ADVANCED_FACE('',(#405),#1544,.T.);
#980=ADVANCED_FACE('',(#406),#1545,.T.);
#981=ADVANCED_FACE('',(#407),#1546,.T.);
#982=ADVANCED_FACE('',(#408),#1547,.T.);
#983=ADVANCED_FACE('',(#409),#1548,.T.);
#984=ADVANCED_FACE('',(#410),#1549,.T.);
#985=ADVANCED_FACE('',(#411),#1550,.T.);
#986=ADVANCED_FACE('',(#412),#1551,.T.);
#987=ADVANCED_FACE('',(#413),#1552,.T.);
#988=ADVANCED_FACE('',(#414),#1553,.T.);
#989=ADVANCED_FACE('',(#415),#1554,.T.);
#990=ADVANCED_FACE('',(#416),#1555,.T.);
#991=ADVANCED_FACE('',(#417),#1556,.T.);
#992=ADVANCED_FACE('',(#418),#1557,.T.);
#993=ADVANCED_FACE('',(#419),#1558,.T.);
#994=ADVANCED_FACE('',(#420),#1559,.T.);
#995=ADVANCED_FACE('',(#421),#1560,.T.);
#996=ADVANCED_FACE('',(#422),#1561,.T.);
#997=ADVANCED_FACE('',(#423),#1562,.T.);
#998=ADVANCED_FACE('',(#424),#1563,.T.);
#999=ADVANCED_FACE('',(#425),#1564,.T.);
#1000=ADVANCED_FACE('',(#426),#1565,.T.);
#1001=ADVANCED_FACE('',(#427),#1566,.T.);
#1002=ADVANCED_FACE('',(#428),#1567,.T.);
#1003=ADVANCED_FACE('',(#429),#1568,.T.);
#1004=ADVANCED_FACE('',(#430),#1569,.T.);
#1005=ADVANCED_FACE('',(#431),#1570,.T.);
#1006=ADVANCED_FACE('',(#432),#1571,.T.);
#1007=ADVANCED_FACE('',(#433),#1572,.T.);
#1008=ADVANCED_FACE('',(#434),#1573,.T.);
#1009=ADVANCED_FACE('',(#435),#1574,.T.);
#1010=ADVANCED_FACE('',(#436),#1575,.T.);
#1011=ADVANCED_FACE('',(#437),#1576,.T.);
#1012=ADVANCED_FACE('',(#438),#1577,.T.);
#1013=ADVANCED_FACE('',(#439),#1578,.T.);
#1014=ADVANCED_FACE('',(#440),#1579,.T.);
#1015=ADVANCED_FACE('',(#441),#1580,.T.);
#1016=ADVANCED_FACE('',(#442),#1581,.T.);
#1017=ADVANCED_FACE('',(#443),#1582,.T.);
#1018=ADVANCED_FACE('',(#444),#1583,.T.);
#1019=ADVANCED_FACE('',(#445),#1584,.T.);
#1020=ADVANCED_FACE('',(#446),#1585,.T.);
#1021=ADVANCED_FACE('',(#447),#1586,.T.);
#1022=ADVANCED_FACE('',(#448),#1587,.T.);
#1023=ADVANCED_FACE('',(#449),#1588,.T.);
#1024=ADVANCED_FACE('',(#450),#1589,.T.);
#1025=ADVANCED_FACE('',(#451),#1590,.T.);
#1026=ADVANCED_FACE('',(#452),#1591,.T.);
#1027=ADVANCED_FACE('',(#453),#1592,.T.);
#1028=ADVANCED_FACE('',(#454),#1593,.T.);
#1029=ADVANCED_FACE('',(#455),#1594,.T.);
#1030=ADVANCED_FACE('',(#456),#1595,.T.);
#1031=ADVANCED_FACE('',(#457),#1596,.T.);
#1032=ADVANCED_FACE('',(#458),#1597,.T.);
#1033=ADVANCED_FACE('',(#459),#1598,.T.);
#1034=ADVANCED_FACE('',(#460),#1599,.T.);
#1035=ADVANCED_FACE('',(#461),#1600,.T.);
#1036=ADVANCED_FACE('',(#462),#1601,.T.);
#1037=ADVANCED_FACE('',(#463),#1602,.T.);
#1038=ADVANCED_FACE('',(#464),#1603,.T.);
#1039=ADVANCED_FACE('',(#465),#1604,.T.);
#1040=ADVANCED_FACE('',(#466),#1605,.T.);
#1041=ADVANCED_FACE('',(#467),#1606,.T.);
#1042=ADVANCED_FACE('',(#468),#1607,.T.);
#1043=ADVANCED_FACE('',(#469),#1608,.T.);
#1044=ADVANCED_FACE('',(#470),#1609,.T.);
#1045=ADVANCED_FACE('',(#471),#1610,.T.);
#1046=ADVANCED_FACE('',(#472),#1611,.T.);
#1047=ADVANCED_FACE('',(#473),#1612,.T.);
#1048=ADVANCED_FACE('',(#474),#1613,.T.);
#1049=ADVANCED_FACE('',(#475),#1614,.T.);
#1050=ADVANCED_FACE('',(#476),#1615,.T.);
#1051=ADVANCED_FACE('',(#477),#1616,.T.);
#1052=ADVANCED_FACE('',(#478),#1617,.T.);
#1053=ADVANCED_FACE('',(#479),#1618,.T.);
#1054=ADVANCED_FACE('',(#480),#1619,.T.);
#1055=ADVANCED_FACE('',(#481),#1620,.T.);
#1056=ADVANCED_FACE('',(#482),#1621,.T.);
#1057=ADVANCED_FACE('',(#483),#1622,.T.);
#1058=ADVANCED_FACE('',(#484),#1623,.T.);
#1059=ADVANCED_FACE('',(#485),#1624,.T.);
#1060=ADVANCED_FACE('',(#486),#1625,.T.);
#1061=ADVANCED_FACE('',(#487),#1626,.T.);
#1062=ADVANCED_FACE('',(#488),#1627,.T.);
#1063=ADVANCED_FACE('',(#489),#1628,.T.);
#1064=ADVANCED_FACE('',(#490),#1629,.T.);
#1065=ADVANCED_FACE('',(#491),#1630,.T.);
#1066=ADVANCED_FACE('',(#492),#1631,.T.);
#1067=ADVANCED_FACE('',(#493),#1632,.T.);
#1068=ADVANCED_FACE('',(#494),#1633,.T.);
#1069=ADVANCED_FACE('',(#495),#1634,.T.);
#1070=ADVANCED_FACE('',(#496),#1635,.T.);
#1071=ADVANCED_FACE('',(#497),#1636,.T.);
#1072=ADVANCED_FACE('',(#498),#1637,.T.);
#1073=ADVANCED_FACE('',(#499),#1638,.T.);
#1074=ADVANCED_FACE('',(#500),#1639,.T.);
#1075=ADVANCED_FACE('',(#501),#1640,.T.);
#1076=ADVANCED_FACE('',(#502),#1641,.T.);
#1077=ADVANCED_FACE('',(#503),#1642,.T.);
#1078=ADVANCED_FACE('',(#504),#1643,.T.);
#1079=ADVANCED_FACE('',(#505),#1644,.T.);
#1080=ADVANCED_FACE('',(#506),#1645,.T.);
#1081=ADVANCED_FACE('',(#507),#1646,.T.);
#1082=ADVANCED_FACE('',(#508),#1647,.T.);
#1083=ADVANCED_FACE('',(#509),#1648,.T.);
#1084=ADVANCED_FACE('',(#510),#1649,.T.);
#1085=ADVANCED_FACE('',(#511),#1650,.T.);
#1086=ADVANCED_FACE('',(#512),#1651,.T.);
#1087=ADVANCED_FACE('',(#513),#1652,.T.);
#1088=ADVANCED_FACE('',(#514),#1653,.T.);
#1089=ADVANCED_FACE('',(#515),#1654,.T.);
#1090=ADVANCED_FACE('',(#516),#1655,.T.);
#1091=ADVANCED_FACE('',(#517),#1656,.T.);
#1092=ADVANCED_FACE('',(#518),#1657,.T.);
#1093=ADVANCED_FACE('',(#519),#1658,.T.);
#1094=ADVANCED_FACE('',(#520),#1659,.T.);
#1095=ADVANCED_FACE('',(#521),#1660,.T.);
#1096=ADVANCED_FACE('',(#522),#1661,.T.);
#1097=ADVANCED_FACE('',(#523),#1662,.T.);
#1098=ADVANCED_FACE('',(#524),#1663,.T.);
#1099=ADVANCED_FACE('',(#525),#1664,.T.);
#1100=ADVANCED_FACE('',(#526),#1665,.T.);
#1101=ADVANCED_FACE('',(#527),#1666,.T.);
#1102=ADVANCED_FACE('',(#528),#1667,.T.);
#1103=ADVANCED_FACE('',(#529),#1668,.T.);
#1104=ADVANCED_FACE('',(#530),#1669,.T.);
#1105=ADVANCED_FACE('',(#531),#1670,.T.);
#1106=ADVANCED_FACE('',(#532),#1671,.T.);
#1107=ADVANCED_FACE('',(#533),#1672,.T.);
#1108=ADVANCED_FACE('',(#534),#1673,.T.);
#1109=ADVANCED_FACE('',(#535),#1674,.T.);
#1110=ADVANCED_FACE('',(#536),#1675,.T.);
#1111=ADVANCED_FACE('',(#537),#1676,.T.);
#1112=ADVANCED_FACE('',(#538),#1677,.T.);
#1113=ADVANCED_FACE('',(#539),#1678,.T.);
#1114=ADVANCED_FACE('',(#540),#1679,.T.);
#1115=ADVANCED_FACE('',(#541),#1680,.T.);
#1116=ADVANCED_FACE('',(#542),#1681,.T.);
#1117=ADVANCED_FACE('',(#543),#1682,.T.);
#1118=ADVANCED_FACE('',(#544),#1683,.T.);
#1119=ADVANCED_FACE('',(#545),#1684,.T.);
#1120=ADVANCED_FACE('',(#546),#1685,.T.);
#1121=ADVANCED_FACE('',(#547),#1686,.T.);
#1122=ADVANCED_FACE('',(#548),#1687,.T.);
#1123=ADVANCED_FACE('',(#549),#1688,.T.);
#1124=ADVANCED_FACE('',(#550),#1689,.T.);
#1125=ADVANCED_FACE('',(#551),#1690,.T.);
#1126=ADVANCED_FACE('',(#552),#1691,.T.);
#1127=ADVANCED_FACE('',(#553),#1692,.T.);
#1128=ADVANCED_FACE('',(#554),#1693,.T.);
#1129=ADVANCED_FACE('',(#555),#1694,.T.);
#1130=ADVANCED_FACE('',(#556),#1695,.T.);
#1131=ADVANCED_FACE('',(#557),#1696,.T.);
#1132=ADVANCED_FACE('',(#558),#1697,.T.);
#1133=ADVANCED_FACE('',(#559),#1698,.T.);
#1134=ADVANCED_FACE('',(#560),#1699,.T.);
#1135=ADVANCED_FACE('',(#561),#1700,.T.);
#1136=ADVANCED_FACE('',(#562),#1701,.T.);
#1137=ADVANCED_FACE('',(#563),#1702,.T.);
#1138=ADVANCED_FACE('',(#564),#1703,.T.);
#1139=ADVANCED_FACE('',(#565),#1704,.T.);
#1140=ADVANCED_FACE('',(#566),#1705,.T.);
#1141=ADVANCED_FACE('',(#567),#1706,.T.);
#1142=ADVANCED_FACE('',(#568),#1707,.T.);
#1143=ADVANCED_FACE('',(#569),#1708,.T.);
#1144=ADVANCED_FACE('',(#570),#1709,.T.);
#1145=ADVANCED_FACE('',(#571),#1710,.T.);
#1146=ADVANCED_FACE('',(#572),#1711,.T.);
#1147=ADVANCED_FACE('',(#573),#1712,.T.);
#1148=ADVANCED_FACE('',(#574),#1713,.T.);
#1149=ADVANCED_FACE('',(#575),#1714,.T.);
#1150=ADVANCED_FACE('',(#576),#1715,.T.);
#1151=ADVANCED_FACE('',(#577),#1716,.T.);
#1152=ADVANCED_FACE('',(#578),#1717,.T.);
#1153=ADVANCED_FACE('',(#579),#1718,.T.);
#1154=ADVANCED_FACE('',(#580),#1719,.T.);
#1155=ADVANCED_FACE('',(#581),#1720,.T.);
#1156=ADVANCED_FACE('',(#582),#1721,.T.);
#1157=ADVANCED_FACE('',(#583),#1722,.T.);
#1158=ADVANCED_FACE('',(#584),#1723,.T.);
#1159=ADVANCED_FACE('',(#585),#1724,.T.);
#1160=ADVANCED_FACE('',(#586),#1725,.F.);
#1161=ADVANCED_FACE('',(#587),#1726,.F.);
#1162=ADVANCED_FACE('',(#588),#1727,.F.);
#1163=ADVANCED_FACE('',(#589),#1728,.F.);
#1164=ADVANCED_FACE('',(#590),#1729,.F.);
#1165=ADVANCED_FACE('',(#591),#1730,.F.);
#1166=ADVANCED_FACE('',(#592),#1731,.F.);
#1167=ADVANCED_FACE('',(#593),#1732,.F.);
#1168=ADVANCED_FACE('',(#594),#1733,.F.);
#1169=ADVANCED_FACE('',(#595),#1734,.F.);
#1170=ADVANCED_FACE('',(#596),#1735,.F.);
#1171=ADVANCED_FACE('',(#597),#1736,.F.);
#1172=ADVANCED_FACE('',(#598),#1737,.F.);
#1173=ADVANCED_FACE('',(#599),#1738,.F.);
#1174=ADVANCED_FACE('',(#600),#1739,.F.);
#1175=ADVANCED_FACE('',(#601),#1740,.F.);
#1176=ADVANCED_FACE('',(#602),#1741,.F.);
#1177=ADVANCED_FACE('',(#603),#1742,.F.);
#1178=ADVANCED_FACE('',(#604),#1743,.F.);
#1179=ADVANCED_FACE('',(#605),#1744,.F.);
#1180=ADVANCED_FACE('',(#606),#1745,.F.);
#1181=ADVANCED_FACE('',(#607),#1746,.F.);
#1182=ADVANCED_FACE('',(#608),#1747,.F.);
#1183=ADVANCED_FACE('',(#609),#1748,.F.);
#1184=ADVANCED_FACE('',(#610),#1749,.F.);
#1185=ADVANCED_FACE('',(#611),#1750,.F.);
#1186=ADVANCED_FACE('',(#612),#1751,.F.);
#1187=ADVANCED_FACE('',(#613),#1752,.F.);
#1188=ADVANCED_FACE('',(#614),#1753,.F.);
#1189=ADVANCED_FACE('',(#615),#1754,.F.);
#1190=ADVANCED_FACE('',(#616),#1755,.F.);
#1191=ADVANCED_FACE('',(#617),#1756,.F.);
#1192=ADVANCED_FACE('',(#618),#1757,.F.);
#1193=ADVANCED_FACE('',(#619),#1758,.F.);
#1194=ADVANCED_FACE('',(#620),#1759,.F.);
#1195=ADVANCED_FACE('',(#621),#1760,.F.);
#1196=ADVANCED_FACE('',(#622),#1761,.F.);
#1197=ADVANCED_FACE('',(#623),#1762,.F.);
#1198=ADVANCED_FACE('',(#624),#1763,.T.);
#1199=ADVANCED_FACE('',(#625),#1764,.T.);
#1200=ADVANCED_FACE('',(#626),#1765,.T.);
#1201=PLANE('',#10834);
#1202=PLANE('',#10835);
#1203=PLANE('',#10836);
#1204=PLANE('',#10837);
#1205=PLANE('',#10838);
#1206=PLANE('',#10839);
#1207=PLANE('',#10840);
#1208=PLANE('',#10841);
#1209=PLANE('',#10842);
#1210=PLANE('',#10843);
#1211=PLANE('',#10844);
#1212=PLANE('',#10845);
#1213=PLANE('',#10846);
#1214=PLANE('',#10847);
#1215=PLANE('',#10848);
#1216=PLANE('',#10849);
#1217=PLANE('',#10850);
#1218=PLANE('',#10851);
#1219=PLANE('',#10852);
#1220=PLANE('',#10853);
#1221=PLANE('',#10854);
#1222=PLANE('',#10855);
#1223=PLANE('',#10856);
#1224=PLANE('',#10857);
#1225=PLANE('',#10858);
#1226=PLANE('',#10859);
#1227=PLANE('',#10860);
#1228=PLANE('',#10861);
#1229=PLANE('',#10862);
#1230=PLANE('',#10863);
#1231=PLANE('',#10864);
#1232=PLANE('',#10865);
#1233=PLANE('',#10866);
#1234=PLANE('',#10867);
#1235=PLANE('',#10868);
#1236=PLANE('',#10869);
#1237=PLANE('',#10870);
#1238=PLANE('',#10871);
#1239=PLANE('',#10872);
#1240=PLANE('',#10873);
#1241=PLANE('',#10874);
#1242=PLANE('',#10875);
#1243=PLANE('',#10876);
#1244=PLANE('',#10877);
#1245=PLANE('',#10878);
#1246=PLANE('',#10879);
#1247=PLANE('',#10880);
#1248=PLANE('',#10881);
#1249=PLANE('',#10882);
#1250=PLANE('',#10883);
#1251=PLANE('',#10884);
#1252=PLANE('',#10885);
#1253=PLANE('',#10886);
#1254=PLANE('',#10887);
#1255=PLANE('',#10888);
#1256=PLANE('',#10889);
#1257=PLANE('',#10890);
#1258=PLANE('',#10891);
#1259=PLANE('',#10892);
#1260=PLANE('',#10893);
#1261=PLANE('',#10894);
#1262=PLANE('',#10895);
#1263=PLANE('',#10896);
#1264=PLANE('',#10897);
#1265=PLANE('',#10898);
#1266=PLANE('',#10899);
#1267=PLANE('',#10900);
#1268=PLANE('',#10901);
#1269=PLANE('',#10902);
#1270=PLANE('',#10903);
#1271=PLANE('',#10904);
#1272=PLANE('',#10905);
#1273=PLANE('',#10906);
#1274=PLANE('',#10907);
#1275=PLANE('',#10911);
#1276=PLANE('',#10915);
#1277=PLANE('',#10922);
#1278=PLANE('',#10923);
#1279=PLANE('',#10924);
#1280=PLANE('',#10925);
#1281=PLANE('',#10926);
#1282=PLANE('',#10927);
#1283=PLANE('',#10928);
#1284=PLANE('',#10929);
#1285=PLANE('',#10930);
#1286=PLANE('',#10931);
#1287=PLANE('',#10932);
#1288=PLANE('',#10933);
#1289=PLANE('',#10934);
#1290=PLANE('',#10935);
#1291=PLANE('',#10936);
#1292=PLANE('',#10937);
#1293=PLANE('',#10938);
#1294=PLANE('',#10939);
#1295=PLANE('',#10940);
#1296=PLANE('',#10941);
#1297=PLANE('',#10942);
#1298=PLANE('',#10943);
#1299=PLANE('',#10944);
#1300=PLANE('',#10945);
#1301=PLANE('',#10946);
#1302=PLANE('',#10947);
#1303=PLANE('',#10948);
#1304=PLANE('',#10949);
#1305=PLANE('',#10950);
#1306=PLANE('',#10951);
#1307=PLANE('',#10952);
#1308=PLANE('',#10953);
#1309=PLANE('',#10954);
#1310=PLANE('',#10955);
#1311=PLANE('',#10956);
#1312=PLANE('',#10957);
#1313=PLANE('',#10958);
#1314=PLANE('',#10959);
#1315=PLANE('',#10960);
#1316=PLANE('',#10961);
#1317=PLANE('',#10962);
#1318=PLANE('',#10963);
#1319=PLANE('',#10964);
#1320=PLANE('',#10965);
#1321=PLANE('',#10966);
#1322=PLANE('',#10967);
#1323=PLANE('',#10968);
#1324=PLANE('',#10969);
#1325=PLANE('',#10970);
#1326=PLANE('',#10971);
#1327=PLANE('',#10972);
#1328=PLANE('',#10973);
#1329=PLANE('',#10983);
#1330=PLANE('',#10984);
#1331=PLANE('',#10985);
#1332=PLANE('',#10986);
#1333=PLANE('',#10987);
#1334=PLANE('',#10988);
#1335=PLANE('',#10989);
#1336=PLANE('',#10990);
#1337=PLANE('',#10991);
#1338=PLANE('',#10992);
#1339=PLANE('',#10993);
#1340=PLANE('',#10994);
#1341=PLANE('',#10995);
#1342=PLANE('',#10996);
#1343=PLANE('',#10997);
#1344=PLANE('',#10998);
#1345=PLANE('',#10999);
#1346=PLANE('',#11000);
#1347=PLANE('',#11001);
#1348=PLANE('',#11002);
#1349=PLANE('',#11003);
#1350=PLANE('',#11004);
#1351=PLANE('',#11005);
#1352=PLANE('',#11006);
#1353=PLANE('',#11007);
#1354=PLANE('',#11008);
#1355=PLANE('',#11009);
#1356=PLANE('',#11010);
#1357=PLANE('',#11011);
#1358=PLANE('',#11012);
#1359=PLANE('',#11013);
#1360=PLANE('',#11014);
#1361=PLANE('',#11015);
#1362=PLANE('',#11016);
#1363=PLANE('',#11017);
#1364=PLANE('',#11018);
#1365=PLANE('',#11019);
#1366=PLANE('',#11020);
#1367=PLANE('',#11021);
#1368=PLANE('',#11022);
#1369=PLANE('',#11023);
#1370=PLANE('',#11024);
#1371=PLANE('',#11025);
#1372=PLANE('',#11026);
#1373=PLANE('',#11027);
#1374=PLANE('',#11028);
#1375=PLANE('',#11029);
#1376=PLANE('',#11030);
#1377=PLANE('',#11031);
#1378=PLANE('',#11032);
#1379=PLANE('',#11033);
#1380=PLANE('',#11034);
#1381=PLANE('',#11035);
#1382=PLANE('',#11036);
#1383=PLANE('',#11037);
#1384=PLANE('',#11038);
#1385=PLANE('',#11039);
#1386=PLANE('',#11040);
#1387=PLANE('',#11041);
#1388=PLANE('',#11042);
#1389=PLANE('',#11043);
#1390=PLANE('',#11044);
#1391=PLANE('',#11045);
#1392=PLANE('',#11046);
#1393=PLANE('',#11047);
#1394=PLANE('',#11048);
#1395=PLANE('',#11049);
#1396=PLANE('',#11050);
#1397=PLANE('',#11051);
#1398=PLANE('',#11052);
#1399=PLANE('',#11053);
#1400=PLANE('',#11054);
#1401=PLANE('',#11055);
#1402=PLANE('',#11056);
#1403=PLANE('',#11057);
#1404=PLANE('',#11058);
#1405=PLANE('',#11059);
#1406=PLANE('',#11060);
#1407=PLANE('',#11061);
#1408=PLANE('',#11062);
#1409=PLANE('',#11063);
#1410=PLANE('',#11064);
#1411=PLANE('',#11065);
#1412=PLANE('',#11066);
#1413=PLANE('',#11067);
#1414=PLANE('',#11068);
#1415=PLANE('',#11069);
#1416=PLANE('',#11070);
#1417=PLANE('',#11071);
#1418=PLANE('',#11072);
#1419=PLANE('',#11073);
#1420=PLANE('',#11074);
#1421=PLANE('',#11075);
#1422=PLANE('',#11076);
#1423=PLANE('',#11077);
#1424=PLANE('',#11078);
#1425=PLANE('',#11079);
#1426=PLANE('',#11080);
#1427=PLANE('',#11081);
#1428=PLANE('',#11082);
#1429=PLANE('',#11083);
#1430=PLANE('',#11084);
#1431=PLANE('',#11085);
#1432=PLANE('',#11086);
#1433=PLANE('',#11087);
#1434=PLANE('',#11088);
#1435=PLANE('',#11089);
#1436=PLANE('',#11090);
#1437=PLANE('',#11091);
#1438=PLANE('',#11092);
#1439=PLANE('',#11093);
#1440=PLANE('',#11094);
#1441=PLANE('',#11095);
#1442=PLANE('',#11096);
#1443=PLANE('',#11097);
#1444=PLANE('',#11098);
#1445=PLANE('',#11099);
#1446=PLANE('',#11100);
#1447=PLANE('',#11101);
#1448=PLANE('',#11102);
#1449=PLANE('',#11103);
#1450=PLANE('',#11104);
#1451=PLANE('',#11105);
#1452=PLANE('',#11106);
#1453=PLANE('',#11107);
#1454=PLANE('',#11108);
#1455=PLANE('',#11109);
#1456=PLANE('',#11110);
#1457=PLANE('',#11111);
#1458=PLANE('',#11112);
#1459=PLANE('',#11113);
#1460=PLANE('',#11114);
#1461=PLANE('',#11115);
#1462=PLANE('',#11116);
#1463=PLANE('',#11117);
#1464=PLANE('',#11118);
#1465=PLANE('',#11119);
#1466=PLANE('',#11120);
#1467=PLANE('',#11121);
#1468=PLANE('',#11122);
#1469=PLANE('',#11123);
#1470=PLANE('',#11124);
#1471=PLANE('',#11125);
#1472=PLANE('',#11126);
#1473=PLANE('',#11127);
#1474=PLANE('',#11128);
#1475=PLANE('',#11129);
#1476=PLANE('',#11130);
#1477=PLANE('',#11131);
#1478=PLANE('',#11132);
#1479=PLANE('',#11133);
#1480=PLANE('',#11134);
#1481=PLANE('',#11135);
#1482=PLANE('',#11136);
#1483=PLANE('',#11137);
#1484=PLANE('',#11138);
#1485=PLANE('',#11139);
#1486=PLANE('',#11140);
#1487=PLANE('',#11141);
#1488=PLANE('',#11142);
#1489=PLANE('',#11143);
#1490=PLANE('',#11144);
#1491=PLANE('',#11145);
#1492=PLANE('',#11146);
#1493=PLANE('',#11147);
#1494=PLANE('',#11148);
#1495=PLANE('',#11149);
#1496=PLANE('',#11150);
#1497=PLANE('',#11151);
#1498=PLANE('',#11152);
#1499=PLANE('',#11153);
#1500=PLANE('',#11154);
#1501=PLANE('',#11155);
#1502=PLANE('',#11156);
#1503=PLANE('',#11157);
#1504=PLANE('',#11158);
#1505=PLANE('',#11159);
#1506=PLANE('',#11160);
#1507=PLANE('',#11161);
#1508=PLANE('',#11162);
#1509=PLANE('',#11163);
#1510=PLANE('',#11164);
#1511=PLANE('',#11165);
#1512=PLANE('',#11166);
#1513=PLANE('',#11167);
#1514=PLANE('',#11168);
#1515=PLANE('',#11169);
#1516=PLANE('',#11170);
#1517=PLANE('',#11171);
#1518=PLANE('',#11172);
#1519=PLANE('',#11173);
#1520=PLANE('',#11174);
#1521=PLANE('',#11175);
#1522=PLANE('',#11176);
#1523=PLANE('',#11177);
#1524=PLANE('',#11178);
#1525=PLANE('',#11179);
#1526=PLANE('',#11180);
#1527=PLANE('',#11181);
#1528=PLANE('',#11182);
#1529=PLANE('',#11183);
#1530=PLANE('',#11184);
#1531=PLANE('',#11185);
#1532=PLANE('',#11186);
#1533=PLANE('',#11187);
#1534=PLANE('',#11188);
#1535=PLANE('',#11189);
#1536=PLANE('',#11190);
#1537=PLANE('',#11191);
#1538=PLANE('',#11192);
#1539=PLANE('',#11193);
#1540=PLANE('',#11194);
#1541=PLANE('',#11195);
#1542=PLANE('',#11196);
#1543=PLANE('',#11197);
#1544=PLANE('',#11198);
#1545=PLANE('',#11199);
#1546=PLANE('',#11200);
#1547=PLANE('',#11201);
#1548=PLANE('',#11202);
#1549=PLANE('',#11203);
#1550=PLANE('',#11204);
#1551=PLANE('',#11205);
#1552=PLANE('',#11206);
#1553=PLANE('',#11207);
#1554=PLANE('',#11208);
#1555=PLANE('',#11209);
#1556=PLANE('',#11210);
#1557=PLANE('',#11211);
#1558=PLANE('',#11212);
#1559=PLANE('',#11213);
#1560=PLANE('',#11214);
#1561=PLANE('',#11215);
#1562=PLANE('',#11216);
#1563=PLANE('',#11217);
#1564=PLANE('',#11218);
#1565=PLANE('',#11219);
#1566=PLANE('',#11220);
#1567=PLANE('',#11221);
#1568=PLANE('',#11222);
#1569=PLANE('',#11223);
#1570=PLANE('',#11224);
#1571=PLANE('',#11225);
#1572=PLANE('',#11226);
#1573=PLANE('',#11227);
#1574=PLANE('',#11228);
#1575=PLANE('',#11229);
#1576=PLANE('',#11230);
#1577=PLANE('',#11231);
#1578=PLANE('',#11232);
#1579=PLANE('',#11233);
#1580=PLANE('',#11234);
#1581=PLANE('',#11235);
#1582=PLANE('',#11236);
#1583=PLANE('',#11237);
#1584=PLANE('',#11238);
#1585=PLANE('',#11239);
#1586=PLANE('',#11240);
#1587=PLANE('',#11241);
#1588=PLANE('',#11242);
#1589=PLANE('',#11243);
#1590=PLANE('',#11244);
#1591=PLANE('',#11245);
#1592=PLANE('',#11246);
#1593=PLANE('',#11247);
#1594=PLANE('',#11248);
#1595=PLANE('',#11249);
#1596=PLANE('',#11250);
#1597=PLANE('',#11251);
#1598=PLANE('',#11252);
#1599=PLANE('',#11253);
#1600=PLANE('',#11254);
#1601=PLANE('',#11255);
#1602=PLANE('',#11256);
#1603=PLANE('',#11257);
#1604=PLANE('',#11258);
#1605=PLANE('',#11259);
#1606=PLANE('',#11260);
#1607=PLANE('',#11261);
#1608=PLANE('',#11262);
#1609=PLANE('',#11263);
#1610=PLANE('',#11264);
#1611=PLANE('',#11265);
#1612=PLANE('',#11266);
#1613=PLANE('',#11267);
#1614=PLANE('',#11268);
#1615=PLANE('',#11269);
#1616=PLANE('',#11270);
#1617=PLANE('',#11271);
#1618=PLANE('',#11272);
#1619=PLANE('',#11273);
#1620=PLANE('',#11274);
#1621=PLANE('',#11275);
#1622=PLANE('',#11276);
#1623=PLANE('',#11277);
#1624=PLANE('',#11278);
#1625=PLANE('',#11279);
#1626=PLANE('',#11280);
#1627=PLANE('',#11281);
#1628=PLANE('',#11282);
#1629=PLANE('',#11283);
#1630=PLANE('',#11284);
#1631=PLANE('',#11285);
#1632=PLANE('',#11286);
#1633=PLANE('',#11287);
#1634=PLANE('',#11288);
#1635=PLANE('',#11289);
#1636=PLANE('',#11290);
#1637=PLANE('',#11291);
#1638=PLANE('',#11292);
#1639=PLANE('',#11293);
#1640=PLANE('',#11294);
#1641=PLANE('',#11295);
#1642=PLANE('',#11296);
#1643=PLANE('',#11297);
#1644=PLANE('',#11298);
#1645=PLANE('',#11299);
#1646=PLANE('',#11300);
#1647=PLANE('',#11301);
#1648=PLANE('',#11302);
#1649=PLANE('',#11303);
#1650=PLANE('',#11304);
#1651=PLANE('',#11305);
#1652=PLANE('',#11306);
#1653=PLANE('',#11307);
#1654=PLANE('',#11308);
#1655=PLANE('',#11309);
#1656=PLANE('',#11310);
#1657=PLANE('',#11311);
#1658=PLANE('',#11312);
#1659=PLANE('',#11313);
#1660=PLANE('',#11314);
#1661=PLANE('',#11315);
#1662=PLANE('',#11316);
#1663=PLANE('',#11317);
#1664=PLANE('',#11318);
#1665=PLANE('',#11319);
#1666=PLANE('',#11320);
#1667=PLANE('',#11321);
#1668=PLANE('',#11322);
#1669=PLANE('',#11323);
#1670=PLANE('',#11324);
#1671=PLANE('',#11325);
#1672=PLANE('',#11326);
#1673=PLANE('',#11327);
#1674=PLANE('',#11328);
#1675=PLANE('',#11329);
#1676=PLANE('',#11330);
#1677=PLANE('',#11331);
#1678=PLANE('',#11332);
#1679=PLANE('',#11333);
#1680=PLANE('',#11334);
#1681=PLANE('',#11335);
#1682=PLANE('',#11336);
#1683=PLANE('',#11337);
#1684=PLANE('',#11338);
#1685=PLANE('',#11339);
#1686=PLANE('',#11340);
#1687=PLANE('',#11341);
#1688=PLANE('',#11342);
#1689=PLANE('',#11343);
#1690=PLANE('',#11344);
#1691=PLANE('',#11345);
#1692=PLANE('',#11346);
#1693=PLANE('',#11347);
#1694=PLANE('',#11348);
#1695=PLANE('',#11349);
#1696=PLANE('',#11350);
#1697=PLANE('',#11351);
#1698=PLANE('',#11352);
#1699=PLANE('',#11353);
#1700=PLANE('',#11354);
#1701=PLANE('',#11355);
#1702=PLANE('',#11356);
#1703=PLANE('',#11357);
#1704=PLANE('',#11358);
#1705=PLANE('',#11359);
#1706=PLANE('',#11360);
#1707=PLANE('',#11361);
#1708=PLANE('',#11362);
#1709=PLANE('',#11363);
#1710=PLANE('',#11364);
#1711=PLANE('',#11365);
#1712=PLANE('',#11366);
#1713=PLANE('',#11367);
#1714=PLANE('',#11368);
#1715=PLANE('',#11369);
#1716=PLANE('',#11370);
#1717=PLANE('',#11371);
#1718=PLANE('',#11372);
#1719=PLANE('',#11373);
#1720=PLANE('',#11374);
#1721=PLANE('',#11375);
#1722=PLANE('',#11376);
#1723=PLANE('',#11377);
#1724=PLANE('',#11378);
#1725=PLANE('',#11379);
#1726=PLANE('',#11380);
#1727=PLANE('',#11381);
#1728=PLANE('',#11382);
#1729=PLANE('',#11383);
#1730=PLANE('',#11384);
#1731=PLANE('',#11385);
#1732=PLANE('',#11386);
#1733=PLANE('',#11387);
#1734=PLANE('',#11388);
#1735=PLANE('',#11389);
#1736=PLANE('',#11390);
#1737=PLANE('',#11391);
#1738=PLANE('',#11392);
#1739=PLANE('',#11393);
#1740=PLANE('',#11394);
#1741=PLANE('',#11395);
#1742=PLANE('',#11396);
#1743=PLANE('',#11397);
#1744=PLANE('',#11398);
#1745=PLANE('',#11399);
#1746=PLANE('',#11400);
#1747=PLANE('',#11401);
#1748=PLANE('',#11402);
#1749=PLANE('',#11403);
#1750=PLANE('',#11404);
#1751=PLANE('',#11405);
#1752=PLANE('',#11406);
#1753=PLANE('',#11407);
#1754=PLANE('',#11408);
#1755=PLANE('',#11409);
#1756=PLANE('',#11410);
#1757=PLANE('',#11411);
#1758=PLANE('',#11412);
#1759=PLANE('',#11413);
#1760=PLANE('',#11414);
#1761=PLANE('',#11415);
#1762=PLANE('',#11416);
#1763=PLANE('',#11417);
#1764=PLANE('',#11418);
#1765=PLANE('',#11419);
#1766=FACE_BOUND('',#1783,.T.);
#1767=FACE_BOUND('',#1784,.T.);
#1768=FACE_BOUND('',#1785,.T.);
#1769=FACE_BOUND('',#1865,.T.);
#1770=FACE_BOUND('',#1866,.T.);
#1771=FACE_BOUND('',#1867,.T.);
#1772=FACE_BOUND('',#1868,.T.);
#1773=FACE_BOUND('',#1869,.T.);
#1774=FACE_BOUND('',#1870,.T.);
#1775=FACE_BOUND('',#1871,.T.);
#1776=FACE_BOUND('',#1872,.T.);
#1777=FACE_BOUND('',#1873,.T.);
#1778=FACE_BOUND('',#1874,.T.);
#1779=FACE_BOUND('',#1875,.T.);
#1780=FACE_BOUND('',#1876,.T.);
#1781=FACE_BOUND('',#1877,.T.);
#1782=FACE_BOUND('',#1878,.T.);
#1783=EDGE_LOOP('',(#2372,#2373,#2374,#2375));
#1784=EDGE_LOOP('',(#2376,#2377,#2378,#2379,#2380,#2381,#2382,#2383,#2384,
#2385,#2386,#2387,#2388,#2389,#2390,#2391,#2392,#2393,#2394,#2395,#2396,
#2397,#2398,#2399,#2400,#2401,#2402,#2403,#2404,#2405,#2406,#2407,#2408,
#2409,#2410,#2411,#2412,#2413,#2414,#2415,#2416,#2417,#2418,#2419,#2420,
#2421,#2422,#2423,#2424,#2425,#2426,#2427,#2428,#2429,#2430,#2431));
#1785=EDGE_LOOP('',(#2432,#2433,#2434,#2435));
#1786=EDGE_LOOP('',(#2436,#2437,#2438,#2439,#2440,#2441,#2442,#2443,#2444,
#2445,#2446,#2447,#2448,#2449,#2450,#2451,#2452,#2453,#2454,#2455,#2456,
#2457,#2458,#2459,#2460,#2461,#2462,#2463,#2464,#2465,#2466,#2467,#2468,
#2469,#2470,#2471,#2472,#2473,#2474,#2475,#2476,#2477,#2478,#2479,#2480,
#2481,#2482,#2483,#2484,#2485,#2486,#2487,#2488,#2489,#2490,#2491,#2492,
#2493,#2494,#2495,#2496,#2497,#2498,#2499,#2500,#2501,#2502,#2503,#2504,
#2505,#2506,#2507,#2508,#2509,#2510,#2511,#2512,#2513,#2514,#2515,#2516,
#2517));
#1787=EDGE_LOOP('',(#2518,#2519,#2520,#2521));
#1788=EDGE_LOOP('',(#2522,#2523,#2524,#2525));
#1789=EDGE_LOOP('',(#2526,#2527,#2528,#2529));
#1790=EDGE_LOOP('',(#2530,#2531,#2532,#2533));
#1791=EDGE_LOOP('',(#2534,#2535,#2536,#2537));
#1792=EDGE_LOOP('',(#2538,#2539,#2540,#2541));
#1793=EDGE_LOOP('',(#2542,#2543,#2544,#2545));
#1794=EDGE_LOOP('',(#2546,#2547,#2548,#2549));
#1795=EDGE_LOOP('',(#2550,#2551,#2552,#2553));
#1796=EDGE_LOOP('',(#2554,#2555,#2556,#2557));
#1797=EDGE_LOOP('',(#2558,#2559,#2560,#2561));
#1798=EDGE_LOOP('',(#2562,#2563,#2564,#2565));
#1799=EDGE_LOOP('',(#2566,#2567,#2568,#2569));
#1800=EDGE_LOOP('',(#2570,#2571,#2572,#2573,#2574,#2575,#2576,#2577,#2578,
#2579,#2580,#2581,#2582,#2583,#2584,#2585,#2586,#2587,#2588,#2589,#2590,
#2591,#2592,#2593,#2594,#2595,#2596,#2597,#2598,#2599,#2600,#2601,#2602,
#2603,#2604,#2605,#2606,#2607,#2608,#2609,#2610,#2611,#2612,#2613,#2614,
#2615,#2616,#2617,#2618,#2619,#2620,#2621,#2622,#2623,#2624,#2625));
#1801=EDGE_LOOP('',(#2626,#2627,#2628,#2629,#2630,#2631,#2632,#2633,#2634,
#2635,#2636,#2637,#2638,#2639,#2640,#2641,#2642,#2643,#2644,#2645,#2646,
#2647,#2648,#2649,#2650,#2651,#2652,#2653,#2654,#2655,#2656,#2657,#2658,
#2659,#2660,#2661,#2662,#2663,#2664,#2665,#2666,#2667,#2668,#2669,#2670,
#2671,#2672,#2673,#2674,#2675,#2676,#2677,#2678,#2679,#2680,#2681,#2682,
#2683,#2684,#2685));
#1802=EDGE_LOOP('',(#2686,#2687,#2688,#2689));
#1803=EDGE_LOOP('',(#2690,#2691,#2692,#2693));
#1804=EDGE_LOOP('',(#2694,#2695,#2696,#2697));
#1805=EDGE_LOOP('',(#2698,#2699,#2700,#2701));
#1806=EDGE_LOOP('',(#2702,#2703,#2704,#2705));
#1807=EDGE_LOOP('',(#2706,#2707,#2708,#2709));
#1808=EDGE_LOOP('',(#2710,#2711,#2712,#2713));
#1809=EDGE_LOOP('',(#2714,#2715,#2716,#2717));
#1810=EDGE_LOOP('',(#2718,#2719,#2720,#2721));
#1811=EDGE_LOOP('',(#2722,#2723,#2724,#2725));
#1812=EDGE_LOOP('',(#2726,#2727,#2728,#2729));
#1813=EDGE_LOOP('',(#2730,#2731,#2732,#2733));
#1814=EDGE_LOOP('',(#2734,#2735,#2736,#2737));
#1815=EDGE_LOOP('',(#2738,#2739,#2740,#2741));
#1816=EDGE_LOOP('',(#2742,#2743,#2744,#2745));
#1817=EDGE_LOOP('',(#2746,#2747,#2748,#2749));
#1818=EDGE_LOOP('',(#2750,#2751,#2752,#2753));
#1819=EDGE_LOOP('',(#2754,#2755,#2756,#2757));
#1820=EDGE_LOOP('',(#2758,#2759,#2760,#2761));
#1821=EDGE_LOOP('',(#2762,#2763,#2764,#2765));
#1822=EDGE_LOOP('',(#2766,#2767,#2768,#2769));
#1823=EDGE_LOOP('',(#2770,#2771,#2772,#2773));
#1824=EDGE_LOOP('',(#2774,#2775,#2776,#2777));
#1825=EDGE_LOOP('',(#2778,#2779,#2780,#2781));
#1826=EDGE_LOOP('',(#2782,#2783,#2784,#2785));
#1827=EDGE_LOOP('',(#2786,#2787,#2788,#2789));
#1828=EDGE_LOOP('',(#2790,#2791,#2792,#2793));
#1829=EDGE_LOOP('',(#2794,#2795,#2796,#2797));
#1830=EDGE_LOOP('',(#2798,#2799,#2800,#2801));
#1831=EDGE_LOOP('',(#2802,#2803,#2804,#2805));
#1832=EDGE_LOOP('',(#2806,#2807,#2808,#2809));
#1833=EDGE_LOOP('',(#2810,#2811,#2812,#2813));
#1834=EDGE_LOOP('',(#2814,#2815,#2816,#2817));
#1835=EDGE_LOOP('',(#2818,#2819,#2820,#2821));
#1836=EDGE_LOOP('',(#2822,#2823,#2824,#2825));
#1837=EDGE_LOOP('',(#2826,#2827,#2828,#2829));
#1838=EDGE_LOOP('',(#2830,#2831,#2832,#2833,#2834,#2835,#2836,#2837,#2838,
#2839,#2840,#2841,#2842,#2843,#2844,#2845,#2846,#2847,#2848,#2849,#2850,
#2851,#2852,#2853,#2854,#2855,#2856,#2857,#2858,#2859,#2860,#2861,#2862,
#2863,#2864,#2865,#2866,#2867,#2868,#2869,#2870,#2871,#2872,#2873,#2874,
#2875,#2876,#2877,#2878,#2879,#2880,#2881,#2882,#2883,#2884,#2885,#2886,
#2887,#2888,#2889,#2890,#2891,#2892,#2893,#2894,#2895,#2896,#2897,#2898,
#2899,#2900,#2901,#2902,#2903,#2904,#2905,#2906,#2907,#2908,#2909,#2910,
#2911,#2912,#2913,#2914,#2915,#2916,#2917,#2918,#2919,#2920,#2921,#2922,
#2923,#2924,#2925,#2926,#2927,#2928,#2929,#2930,#2931,#2932,#2933,#2934,
#2935,#2936,#2937,#2938,#2939,#2940,#2941,#2942,#2943,#2944,#2945,#2946,
#2947,#2948,#2949,#2950,#2951,#2952,#2953,#2954,#2955,#2956,#2957,#2958,
#2959,#2960,#2961,#2962,#2963));
#1839=EDGE_LOOP('',(#2964,#2965,#2966,#2967));
#1840=EDGE_LOOP('',(#2968,#2969,#2970,#2971));
#1841=EDGE_LOOP('',(#2972,#2973,#2974,#2975));
#1842=EDGE_LOOP('',(#2976,#2977,#2978,#2979));
#1843=EDGE_LOOP('',(#2980,#2981,#2982,#2983));
#1844=EDGE_LOOP('',(#2984,#2985,#2986,#2987));
#1845=EDGE_LOOP('',(#2988,#2989,#2990,#2991));
#1846=EDGE_LOOP('',(#2992,#2993,#2994,#2995));
#1847=EDGE_LOOP('',(#2996,#2997,#2998,#2999));
#1848=EDGE_LOOP('',(#3000,#3001,#3002,#3003));
#1849=EDGE_LOOP('',(#3004,#3005,#3006,#3007));
#1850=EDGE_LOOP('',(#3008,#3009,#3010,#3011));
#1851=EDGE_LOOP('',(#3012,#3013,#3014,#3015,#3016,#3017,#3018,#3019,#3020,
#3021,#3022,#3023,#3024,#3025,#3026,#3027));
#1852=EDGE_LOOP('',(#3028,#3029,#3030,#3031,#3032,#3033,#3034,#3035,#3036,
#3037,#3038,#3039));
#1853=EDGE_LOOP('',(#3040,#3041,#3042,#3043));
#1854=EDGE_LOOP('',(#3044,#3045,#3046,#3047));
#1855=EDGE_LOOP('',(#3048,#3049,#3050,#3051));
#1856=EDGE_LOOP('',(#3052,#3053,#3054,#3055));
#1857=EDGE_LOOP('',(#3056,#3057,#3058,#3059));
#1858=EDGE_LOOP('',(#3060,#3061,#3062,#3063));
#1859=EDGE_LOOP('',(#3064,#3065,#3066,#3067));
#1860=EDGE_LOOP('',(#3068,#3069,#3070,#3071));
#1861=EDGE_LOOP('',(#3072,#3073,#3074,#3075));
#1862=EDGE_LOOP('',(#3076,#3077,#3078,#3079));
#1863=EDGE_LOOP('',(#3080,#3081,#3082,#3083));
#1864=EDGE_LOOP('',(#3084,#3085,#3086,#3087));
#1865=EDGE_LOOP('',(#3088,#3089,#3090,#3091,#3092,#3093,#3094,#3095,#3096,
#3097,#3098,#3099));
#1866=EDGE_LOOP('',(#3100,#3101,#3102,#3103,#3104,#3105,#3106,#3107,#3108,
#3109,#3110,#3111));
#1867=EDGE_LOOP('',(#3112,#3113,#3114,#3115,#3116,#3117,#3118,#3119,#3120,
#3121,#3122,#3123));
#1868=EDGE_LOOP('',(#3124,#3125,#3126,#3127,#3128,#3129,#3130,#3131,#3132,
#3133,#3134,#3135));
#1869=EDGE_LOOP('',(#3136,#3137,#3138,#3139,#3140,#3141,#3142,#3143,#3144,
#3145,#3146,#3147));
#1870=EDGE_LOOP('',(#3148,#3149,#3150,#3151,#3152,#3153,#3154,#3155,#3156,
#3157,#3158,#3159));
#1871=EDGE_LOOP('',(#3160,#3161,#3162,#3163,#3164,#3165,#3166,#3167,#3168,
#3169,#3170,#3171));
#1872=EDGE_LOOP('',(#3172,#3173,#3174,#3175,#3176,#3177,#3178,#3179,#3180,
#3181,#3182,#3183));
#1873=EDGE_LOOP('',(#3184,#3185,#3186,#3187,#3188,#3189,#3190,#3191,#3192,
#3193,#3194,#3195));
#1874=EDGE_LOOP('',(#3196,#3197,#3198,#3199,#3200,#3201,#3202,#3203,#3204,
#3205,#3206,#3207));
#1875=EDGE_LOOP('',(#3208,#3209,#3210,#3211,#3212,#3213,#3214,#3215,#3216,
#3217,#3218,#3219));
#1876=EDGE_LOOP('',(#3220,#3221,#3222,#3223,#3224,#3225,#3226,#3227,#3228,
#3229,#3230,#3231));
#1877=EDGE_LOOP('',(#3232,#3233,#3234,#3235,#3236,#3237,#3238,#3239,#3240,
#3241,#3242,#3243));
#1878=EDGE_LOOP('',(#3244,#3245,#3246,#3247,#3248,#3249,#3250,#3251));
#1879=EDGE_LOOP('',(#3252,#3253,#3254,#3255));
#1880=EDGE_LOOP('',(#3256,#3257,#3258,#3259,#3260,#3261,#3262,#3263,#3264,
#3265,#3266,#3267));
#1881=EDGE_LOOP('',(#3268,#3269,#3270,#3271,#3272,#3273));
#1882=EDGE_LOOP('',(#3274,#3275,#3276,#3277,#3278,#3279));
#1883=EDGE_LOOP('',(#3280,#3281,#3282,#3283));
#1884=EDGE_LOOP('',(#3284,#3285,#3286,#3287));
#1885=EDGE_LOOP('',(#3288,#3289,#3290,#3291));
#1886=EDGE_LOOP('',(#3292,#3293,#3294,#3295));
#1887=EDGE_LOOP('',(#3296,#3297,#3298,#3299));
#1888=EDGE_LOOP('',(#3300,#3301,#3302,#3303));
#1889=EDGE_LOOP('',(#3304,#3305,#3306,#3307));
#1890=EDGE_LOOP('',(#3308,#3309,#3310,#3311));
#1891=EDGE_LOOP('',(#3312,#3313,#3314,#3315));
#1892=EDGE_LOOP('',(#3316,#3317,#3318,#3319));
#1893=EDGE_LOOP('',(#3320,#3321,#3322,#3323));
#1894=EDGE_LOOP('',(#3324,#3325,#3326,#3327));
#1895=EDGE_LOOP('',(#3328,#3329,#3330,#3331));
#1896=EDGE_LOOP('',(#3332,#3333,#3334,#3335,#3336,#3337,#3338,#3339,#3340,
#3341,#3342,#3343));
#1897=EDGE_LOOP('',(#3344,#3345,#3346,#3347));
#1898=EDGE_LOOP('',(#3348,#3349,#3350,#3351));
#1899=EDGE_LOOP('',(#3352,#3353,#3354,#3355));
#1900=EDGE_LOOP('',(#3356,#3357,#3358,#3359));
#1901=EDGE_LOOP('',(#3360,#3361,#3362,#3363));
#1902=EDGE_LOOP('',(#3364,#3365,#3366,#3367));
#1903=EDGE_LOOP('',(#3368,#3369,#3370,#3371));
#1904=EDGE_LOOP('',(#3372,#3373,#3374,#3375));
#1905=EDGE_LOOP('',(#3376,#3377,#3378,#3379));
#1906=EDGE_LOOP('',(#3380,#3381,#3382,#3383));
#1907=EDGE_LOOP('',(#3384,#3385,#3386,#3387));
#1908=EDGE_LOOP('',(#3388,#3389,#3390,#3391));
#1909=EDGE_LOOP('',(#3392,#3393,#3394,#3395));
#1910=EDGE_LOOP('',(#3396,#3397,#3398,#3399));
#1911=EDGE_LOOP('',(#3400,#3401,#3402,#3403));
#1912=EDGE_LOOP('',(#3404,#3405,#3406,#3407));
#1913=EDGE_LOOP('',(#3408,#3409,#3410,#3411));
#1914=EDGE_LOOP('',(#3412,#3413,#3414,#3415));
#1915=EDGE_LOOP('',(#3416,#3417,#3418,#3419));
#1916=EDGE_LOOP('',(#3420,#3421,#3422,#3423));
#1917=EDGE_LOOP('',(#3424,#3425,#3426,#3427));
#1918=EDGE_LOOP('',(#3428,#3429,#3430,#3431));
#1919=EDGE_LOOP('',(#3432,#3433,#3434,#3435));
#1920=EDGE_LOOP('',(#3436,#3437,#3438,#3439));
#1921=EDGE_LOOP('',(#3440,#3441,#3442,#3443));
#1922=EDGE_LOOP('',(#3444,#3445,#3446,#3447));
#1923=EDGE_LOOP('',(#3448,#3449,#3450,#3451));
#1924=EDGE_LOOP('',(#3452,#3453,#3454,#3455));
#1925=EDGE_LOOP('',(#3456,#3457,#3458,#3459));
#1926=EDGE_LOOP('',(#3460,#3461,#3462,#3463));
#1927=EDGE_LOOP('',(#3464,#3465,#3466,#3467));
#1928=EDGE_LOOP('',(#3468,#3469,#3470,#3471));
#1929=EDGE_LOOP('',(#3472,#3473,#3474,#3475));
#1930=EDGE_LOOP('',(#3476,#3477,#3478,#3479));
#1931=EDGE_LOOP('',(#3480,#3481,#3482));
#1932=EDGE_LOOP('',(#3483,#3484,#3485,#3486));
#1933=EDGE_LOOP('',(#3487,#3488,#3489));
#1934=EDGE_LOOP('',(#3490,#3491,#3492,#3493));
#1935=EDGE_LOOP('',(#3494,#3495,#3496,#3497,#3498,#3499));
#1936=EDGE_LOOP('',(#3500,#3501,#3502,#3503,#3504,#3505));
#1937=EDGE_LOOP('',(#3506,#3507,#3508,#3509,#3510,#3511));
#1938=EDGE_LOOP('',(#3512,#3513,#3514,#3515,#3516,#3517));
#1939=EDGE_LOOP('',(#3518,#3519,#3520,#3521,#3522,#3523));
#1940=EDGE_LOOP('',(#3524,#3525,#3526,#3527,#3528,#3529));
#1941=EDGE_LOOP('',(#3530,#3531,#3532,#3533,#3534,#3535));
#1942=EDGE_LOOP('',(#3536,#3537,#3538,#3539,#3540,#3541));
#1943=EDGE_LOOP('',(#3542,#3543,#3544,#3545,#3546,#3547));
#1944=EDGE_LOOP('',(#3548,#3549,#3550,#3551,#3552,#3553));
#1945=EDGE_LOOP('',(#3554,#3555,#3556,#3557,#3558,#3559));
#1946=EDGE_LOOP('',(#3560,#3561,#3562,#3563,#3564,#3565));
#1947=EDGE_LOOP('',(#3566,#3567,#3568,#3569,#3570,#3571));
#1948=EDGE_LOOP('',(#3572,#3573,#3574,#3575,#3576,#3577));
#1949=EDGE_LOOP('',(#3578,#3579,#3580,#3581,#3582,#3583));
#1950=EDGE_LOOP('',(#3584,#3585,#3586,#3587,#3588,#3589));
#1951=EDGE_LOOP('',(#3590,#3591,#3592,#3593,#3594,#3595));
#1952=EDGE_LOOP('',(#3596,#3597,#3598,#3599,#3600,#3601));
#1953=EDGE_LOOP('',(#3602,#3603,#3604,#3605,#3606,#3607));
#1954=EDGE_LOOP('',(#3608,#3609,#3610,#3611,#3612,#3613));
#1955=EDGE_LOOP('',(#3614,#3615,#3616,#3617,#3618,#3619));
#1956=EDGE_LOOP('',(#3620,#3621,#3622,#3623,#3624,#3625));
#1957=EDGE_LOOP('',(#3626,#3627,#3628,#3629,#3630,#3631));
#1958=EDGE_LOOP('',(#3632,#3633,#3634,#3635,#3636,#3637));
#1959=EDGE_LOOP('',(#3638,#3639,#3640,#3641));
#1960=EDGE_LOOP('',(#3642,#3643,#3644,#3645));
#1961=EDGE_LOOP('',(#3646,#3647,#3648,#3649));
#1962=EDGE_LOOP('',(#3650,#3651,#3652,#3653));
#1963=EDGE_LOOP('',(#3654,#3655,#3656,#3657));
#1964=EDGE_LOOP('',(#3658,#3659,#3660,#3661));
#1965=EDGE_LOOP('',(#3662,#3663,#3664,#3665));
#1966=EDGE_LOOP('',(#3666,#3667,#3668,#3669));
#1967=EDGE_LOOP('',(#3670,#3671,#3672,#3673));
#1968=EDGE_LOOP('',(#3674,#3675,#3676,#3677));
#1969=EDGE_LOOP('',(#3678,#3679,#3680,#3681));
#1970=EDGE_LOOP('',(#3682,#3683,#3684,#3685));
#1971=EDGE_LOOP('',(#3686,#3687,#3688,#3689));
#1972=EDGE_LOOP('',(#3690,#3691,#3692,#3693));
#1973=EDGE_LOOP('',(#3694,#3695,#3696,#3697));
#1974=EDGE_LOOP('',(#3698,#3699,#3700,#3701));
#1975=EDGE_LOOP('',(#3702,#3703,#3704,#3705));
#1976=EDGE_LOOP('',(#3706,#3707,#3708,#3709));
#1977=EDGE_LOOP('',(#3710,#3711,#3712,#3713));
#1978=EDGE_LOOP('',(#3714,#3715,#3716,#3717));
#1979=EDGE_LOOP('',(#3718,#3719,#3720,#3721));
#1980=EDGE_LOOP('',(#3722,#3723,#3724,#3725));
#1981=EDGE_LOOP('',(#3726,#3727,#3728,#3729));
#1982=EDGE_LOOP('',(#3730,#3731,#3732,#3733));
#1983=EDGE_LOOP('',(#3734,#3735,#3736,#3737,#3738,#3739,#3740,#3741,#3742,
#3743,#3744,#3745));
#1984=EDGE_LOOP('',(#3746,#3747,#3748,#3749));
#1985=EDGE_LOOP('',(#3750,#3751,#3752,#3753));
#1986=EDGE_LOOP('',(#3754,#3755,#3756,#3757));
#1987=EDGE_LOOP('',(#3758,#3759,#3760,#3761));
#1988=EDGE_LOOP('',(#3762,#3763,#3764,#3765));
#1989=EDGE_LOOP('',(#3766,#3767,#3768,#3769));
#1990=EDGE_LOOP('',(#3770,#3771,#3772,#3773));
#1991=EDGE_LOOP('',(#3774,#3775,#3776,#3777));
#1992=EDGE_LOOP('',(#3778,#3779,#3780,#3781));
#1993=EDGE_LOOP('',(#3782,#3783,#3784,#3785));
#1994=EDGE_LOOP('',(#3786,#3787,#3788,#3789));
#1995=EDGE_LOOP('',(#3790,#3791,#3792,#3793));
#1996=EDGE_LOOP('',(#3794,#3795,#3796,#3797,#3798,#3799,#3800,#3801,#3802,
#3803,#3804,#3805));
#1997=EDGE_LOOP('',(#3806,#3807,#3808,#3809));
#1998=EDGE_LOOP('',(#3810,#3811,#3812,#3813));
#1999=EDGE_LOOP('',(#3814,#3815,#3816,#3817));
#2000=EDGE_LOOP('',(#3818,#3819,#3820,#3821));
#2001=EDGE_LOOP('',(#3822,#3823,#3824,#3825));
#2002=EDGE_LOOP('',(#3826,#3827,#3828,#3829));
#2003=EDGE_LOOP('',(#3830,#3831,#3832,#3833));
#2004=EDGE_LOOP('',(#3834,#3835,#3836,#3837));
#2005=EDGE_LOOP('',(#3838,#3839,#3840,#3841));
#2006=EDGE_LOOP('',(#3842,#3843,#3844,#3845));
#2007=EDGE_LOOP('',(#3846,#3847,#3848,#3849));
#2008=EDGE_LOOP('',(#3850,#3851,#3852,#3853));
#2009=EDGE_LOOP('',(#3854,#3855,#3856,#3857,#3858,#3859,#3860,#3861,#3862,
#3863,#3864,#3865));
#2010=EDGE_LOOP('',(#3866,#3867,#3868,#3869));
#2011=EDGE_LOOP('',(#3870,#3871,#3872,#3873));
#2012=EDGE_LOOP('',(#3874,#3875,#3876,#3877));
#2013=EDGE_LOOP('',(#3878,#3879,#3880,#3881));
#2014=EDGE_LOOP('',(#3882,#3883,#3884,#3885));
#2015=EDGE_LOOP('',(#3886,#3887,#3888,#3889));
#2016=EDGE_LOOP('',(#3890,#3891,#3892,#3893));
#2017=EDGE_LOOP('',(#3894,#3895,#3896,#3897));
#2018=EDGE_LOOP('',(#3898,#3899,#3900,#3901));
#2019=EDGE_LOOP('',(#3902,#3903,#3904,#3905));
#2020=EDGE_LOOP('',(#3906,#3907,#3908,#3909));
#2021=EDGE_LOOP('',(#3910,#3911,#3912,#3913));
#2022=EDGE_LOOP('',(#3914,#3915,#3916,#3917,#3918,#3919,#3920,#3921,#3922,
#3923,#3924,#3925));
#2023=EDGE_LOOP('',(#3926,#3927,#3928,#3929));
#2024=EDGE_LOOP('',(#3930,#3931,#3932,#3933));
#2025=EDGE_LOOP('',(#3934,#3935,#3936,#3937));
#2026=EDGE_LOOP('',(#3938,#3939,#3940,#3941));
#2027=EDGE_LOOP('',(#3942,#3943,#3944,#3945));
#2028=EDGE_LOOP('',(#3946,#3947,#3948,#3949));
#2029=EDGE_LOOP('',(#3950,#3951,#3952,#3953));
#2030=EDGE_LOOP('',(#3954,#3955,#3956,#3957));
#2031=EDGE_LOOP('',(#3958,#3959,#3960,#3961));
#2032=EDGE_LOOP('',(#3962,#3963,#3964,#3965));
#2033=EDGE_LOOP('',(#3966,#3967,#3968,#3969));
#2034=EDGE_LOOP('',(#3970,#3971,#3972,#3973));
#2035=EDGE_LOOP('',(#3974,#3975,#3976,#3977,#3978,#3979,#3980,#3981,#3982,
#3983,#3984,#3985));
#2036=EDGE_LOOP('',(#3986,#3987,#3988,#3989));
#2037=EDGE_LOOP('',(#3990,#3991,#3992,#3993));
#2038=EDGE_LOOP('',(#3994,#3995,#3996,#3997));
#2039=EDGE_LOOP('',(#3998,#3999,#4000,#4001));
#2040=EDGE_LOOP('',(#4002,#4003,#4004,#4005));
#2041=EDGE_LOOP('',(#4006,#4007,#4008,#4009));
#2042=EDGE_LOOP('',(#4010,#4011,#4012,#4013));
#2043=EDGE_LOOP('',(#4014,#4015,#4016,#4017));
#2044=EDGE_LOOP('',(#4018,#4019,#4020,#4021));
#2045=EDGE_LOOP('',(#4022,#4023,#4024,#4025));
#2046=EDGE_LOOP('',(#4026,#4027,#4028,#4029));
#2047=EDGE_LOOP('',(#4030,#4031,#4032,#4033));
#2048=EDGE_LOOP('',(#4034,#4035,#4036,#4037,#4038,#4039,#4040,#4041,#4042,
#4043,#4044,#4045));
#2049=EDGE_LOOP('',(#4046,#4047,#4048,#4049));
#2050=EDGE_LOOP('',(#4050,#4051,#4052,#4053));
#2051=EDGE_LOOP('',(#4054,#4055,#4056,#4057));
#2052=EDGE_LOOP('',(#4058,#4059,#4060,#4061));
#2053=EDGE_LOOP('',(#4062,#4063,#4064,#4065));
#2054=EDGE_LOOP('',(#4066,#4067,#4068,#4069));
#2055=EDGE_LOOP('',(#4070,#4071,#4072,#4073));
#2056=EDGE_LOOP('',(#4074,#4075,#4076,#4077));
#2057=EDGE_LOOP('',(#4078,#4079,#4080,#4081));
#2058=EDGE_LOOP('',(#4082,#4083,#4084,#4085));
#2059=EDGE_LOOP('',(#4086,#4087,#4088,#4089));
#2060=EDGE_LOOP('',(#4090,#4091,#4092,#4093));
#2061=EDGE_LOOP('',(#4094,#4095,#4096,#4097,#4098,#4099,#4100,#4101,#4102,
#4103,#4104,#4105));
#2062=EDGE_LOOP('',(#4106,#4107,#4108,#4109));
#2063=EDGE_LOOP('',(#4110,#4111,#4112,#4113));
#2064=EDGE_LOOP('',(#4114,#4115,#4116,#4117));
#2065=EDGE_LOOP('',(#4118,#4119,#4120,#4121));
#2066=EDGE_LOOP('',(#4122,#4123,#4124,#4125));
#2067=EDGE_LOOP('',(#4126,#4127,#4128,#4129));
#2068=EDGE_LOOP('',(#4130,#4131,#4132,#4133));
#2069=EDGE_LOOP('',(#4134,#4135,#4136,#4137));
#2070=EDGE_LOOP('',(#4138,#4139,#4140,#4141));
#2071=EDGE_LOOP('',(#4142,#4143,#4144,#4145));
#2072=EDGE_LOOP('',(#4146,#4147,#4148,#4149));
#2073=EDGE_LOOP('',(#4150,#4151,#4152,#4153));
#2074=EDGE_LOOP('',(#4154,#4155,#4156,#4157,#4158,#4159,#4160,#4161,#4162,
#4163,#4164,#4165));
#2075=EDGE_LOOP('',(#4166,#4167,#4168,#4169));
#2076=EDGE_LOOP('',(#4170,#4171,#4172,#4173));
#2077=EDGE_LOOP('',(#4174,#4175,#4176,#4177));
#2078=EDGE_LOOP('',(#4178,#4179,#4180,#4181));
#2079=EDGE_LOOP('',(#4182,#4183,#4184,#4185));
#2080=EDGE_LOOP('',(#4186,#4187,#4188,#4189));
#2081=EDGE_LOOP('',(#4190,#4191,#4192,#4193));
#2082=EDGE_LOOP('',(#4194,#4195,#4196,#4197));
#2083=EDGE_LOOP('',(#4198,#4199,#4200,#4201));
#2084=EDGE_LOOP('',(#4202,#4203,#4204,#4205));
#2085=EDGE_LOOP('',(#4206,#4207,#4208,#4209));
#2086=EDGE_LOOP('',(#4210,#4211,#4212,#4213));
#2087=EDGE_LOOP('',(#4214,#4215,#4216,#4217,#4218,#4219,#4220,#4221,#4222,
#4223,#4224,#4225));
#2088=EDGE_LOOP('',(#4226,#4227,#4228,#4229));
#2089=EDGE_LOOP('',(#4230,#4231,#4232,#4233));
#2090=EDGE_LOOP('',(#4234,#4235,#4236,#4237));
#2091=EDGE_LOOP('',(#4238,#4239,#4240,#4241));
#2092=EDGE_LOOP('',(#4242,#4243,#4244,#4245));
#2093=EDGE_LOOP('',(#4246,#4247,#4248,#4249));
#2094=EDGE_LOOP('',(#4250,#4251,#4252,#4253));
#2095=EDGE_LOOP('',(#4254,#4255,#4256,#4257));
#2096=EDGE_LOOP('',(#4258,#4259,#4260,#4261));
#2097=EDGE_LOOP('',(#4262,#4263,#4264,#4265));
#2098=EDGE_LOOP('',(#4266,#4267,#4268,#4269));
#2099=EDGE_LOOP('',(#4270,#4271,#4272,#4273));
#2100=EDGE_LOOP('',(#4274,#4275,#4276,#4277,#4278,#4279,#4280,#4281,#4282,
#4283,#4284,#4285));
#2101=EDGE_LOOP('',(#4286,#4287,#4288,#4289));
#2102=EDGE_LOOP('',(#4290,#4291,#4292,#4293));
#2103=EDGE_LOOP('',(#4294,#4295,#4296,#4297));
#2104=EDGE_LOOP('',(#4298,#4299,#4300,#4301));
#2105=EDGE_LOOP('',(#4302,#4303,#4304,#4305));
#2106=EDGE_LOOP('',(#4306,#4307,#4308,#4309));
#2107=EDGE_LOOP('',(#4310,#4311,#4312,#4313));
#2108=EDGE_LOOP('',(#4314,#4315,#4316,#4317));
#2109=EDGE_LOOP('',(#4318,#4319,#4320,#4321));
#2110=EDGE_LOOP('',(#4322,#4323,#4324,#4325));
#2111=EDGE_LOOP('',(#4326,#4327,#4328,#4329));
#2112=EDGE_LOOP('',(#4330,#4331,#4332,#4333));
#2113=EDGE_LOOP('',(#4334,#4335,#4336,#4337,#4338,#4339,#4340,#4341,#4342,
#4343,#4344,#4345));
#2114=EDGE_LOOP('',(#4346,#4347,#4348,#4349));
#2115=EDGE_LOOP('',(#4350,#4351,#4352,#4353));
#2116=EDGE_LOOP('',(#4354,#4355,#4356,#4357));
#2117=EDGE_LOOP('',(#4358,#4359,#4360,#4361));
#2118=EDGE_LOOP('',(#4362,#4363,#4364,#4365));
#2119=EDGE_LOOP('',(#4366,#4367,#4368,#4369));
#2120=EDGE_LOOP('',(#4370,#4371,#4372,#4373));
#2121=EDGE_LOOP('',(#4374,#4375,#4376,#4377));
#2122=EDGE_LOOP('',(#4378,#4379,#4380,#4381));
#2123=EDGE_LOOP('',(#4382,#4383,#4384,#4385));
#2124=EDGE_LOOP('',(#4386,#4387,#4388,#4389));
#2125=EDGE_LOOP('',(#4390,#4391,#4392,#4393));
#2126=EDGE_LOOP('',(#4394,#4395,#4396,#4397,#4398,#4399,#4400,#4401,#4402,
#4403,#4404,#4405));
#2127=EDGE_LOOP('',(#4406,#4407,#4408,#4409));
#2128=EDGE_LOOP('',(#4410,#4411,#4412,#4413));
#2129=EDGE_LOOP('',(#4414,#4415,#4416,#4417));
#2130=EDGE_LOOP('',(#4418,#4419,#4420,#4421));
#2131=EDGE_LOOP('',(#4422,#4423,#4424,#4425));
#2132=EDGE_LOOP('',(#4426,#4427,#4428,#4429));
#2133=EDGE_LOOP('',(#4430,#4431,#4432,#4433));
#2134=EDGE_LOOP('',(#4434,#4435,#4436,#4437));
#2135=EDGE_LOOP('',(#4438,#4439,#4440,#4441));
#2136=EDGE_LOOP('',(#4442,#4443,#4444,#4445));
#2137=EDGE_LOOP('',(#4446,#4447,#4448,#4449));
#2138=EDGE_LOOP('',(#4450,#4451,#4452,#4453));
#2139=EDGE_LOOP('',(#4454,#4455,#4456,#4457));
#2140=EDGE_LOOP('',(#4458,#4459,#4460,#4461));
#2141=EDGE_LOOP('',(#4462,#4463,#4464,#4465));
#2142=EDGE_LOOP('',(#4466,#4467,#4468,#4469));
#2143=EDGE_LOOP('',(#4470,#4471,#4472,#4473));
#2144=EDGE_LOOP('',(#4474,#4475,#4476,#4477));
#2145=EDGE_LOOP('',(#4478,#4479,#4480,#4481));
#2146=EDGE_LOOP('',(#4482,#4483,#4484,#4485));
#2147=EDGE_LOOP('',(#4486,#4487,#4488,#4489));
#2148=EDGE_LOOP('',(#4490,#4491,#4492,#4493));
#2149=EDGE_LOOP('',(#4494,#4495,#4496,#4497));
#2150=EDGE_LOOP('',(#4498,#4499,#4500,#4501));
#2151=EDGE_LOOP('',(#4502,#4503,#4504,#4505));
#2152=EDGE_LOOP('',(#4506,#4507,#4508,#4509));
#2153=EDGE_LOOP('',(#4510,#4511,#4512,#4513));
#2154=EDGE_LOOP('',(#4514,#4515,#4516,#4517));
#2155=EDGE_LOOP('',(#4518,#4519,#4520,#4521));
#2156=EDGE_LOOP('',(#4522,#4523,#4524,#4525));
#2157=EDGE_LOOP('',(#4526,#4527,#4528,#4529));
#2158=EDGE_LOOP('',(#4530,#4531,#4532,#4533));
#2159=EDGE_LOOP('',(#4534,#4535,#4536,#4537));
#2160=EDGE_LOOP('',(#4538,#4539,#4540,#4541));
#2161=EDGE_LOOP('',(#4542,#4543,#4544,#4545));
#2162=EDGE_LOOP('',(#4546,#4547,#4548,#4549));
#2163=EDGE_LOOP('',(#4550,#4551,#4552,#4553));
#2164=EDGE_LOOP('',(#4554,#4555,#4556,#4557));
#2165=EDGE_LOOP('',(#4558,#4559,#4560,#4561));
#2166=EDGE_LOOP('',(#4562,#4563,#4564,#4565));
#2167=EDGE_LOOP('',(#4566,#4567,#4568,#4569));
#2168=EDGE_LOOP('',(#4570,#4571,#4572,#4573));
#2169=EDGE_LOOP('',(#4574,#4575,#4576,#4577));
#2170=EDGE_LOOP('',(#4578,#4579,#4580,#4581));
#2171=EDGE_LOOP('',(#4582,#4583,#4584,#4585));
#2172=EDGE_LOOP('',(#4586,#4587,#4588,#4589));
#2173=EDGE_LOOP('',(#4590,#4591,#4592,#4593));
#2174=EDGE_LOOP('',(#4594,#4595,#4596,#4597));
#2175=EDGE_LOOP('',(#4598,#4599,#4600,#4601));
#2176=EDGE_LOOP('',(#4602,#4603,#4604,#4605));
#2177=EDGE_LOOP('',(#4606,#4607,#4608,#4609));
#2178=EDGE_LOOP('',(#4610,#4611,#4612,#4613));
#2179=EDGE_LOOP('',(#4614,#4615,#4616,#4617));
#2180=EDGE_LOOP('',(#4618,#4619,#4620,#4621));
#2181=EDGE_LOOP('',(#4622,#4623,#4624,#4625));
#2182=EDGE_LOOP('',(#4626,#4627,#4628,#4629));
#2183=EDGE_LOOP('',(#4630,#4631,#4632,#4633));
#2184=EDGE_LOOP('',(#4634,#4635,#4636,#4637));
#2185=EDGE_LOOP('',(#4638,#4639,#4640,#4641));
#2186=EDGE_LOOP('',(#4642,#4643,#4644,#4645));
#2187=EDGE_LOOP('',(#4646,#4647,#4648,#4649));
#2188=EDGE_LOOP('',(#4650,#4651,#4652,#4653));
#2189=EDGE_LOOP('',(#4654,#4655,#4656,#4657));
#2190=EDGE_LOOP('',(#4658,#4659,#4660,#4661));
#2191=EDGE_LOOP('',(#4662,#4663,#4664,#4665));
#2192=EDGE_LOOP('',(#4666,#4667,#4668,#4669));
#2193=EDGE_LOOP('',(#4670,#4671,#4672,#4673));
#2194=EDGE_LOOP('',(#4674,#4675,#4676,#4677));
#2195=EDGE_LOOP('',(#4678,#4679,#4680,#4681));
#2196=EDGE_LOOP('',(#4682,#4683,#4684,#4685));
#2197=EDGE_LOOP('',(#4686,#4687,#4688,#4689));
#2198=EDGE_LOOP('',(#4690,#4691,#4692,#4693));
#2199=EDGE_LOOP('',(#4694,#4695,#4696,#4697));
#2200=EDGE_LOOP('',(#4698,#4699,#4700,#4701));
#2201=EDGE_LOOP('',(#4702,#4703,#4704,#4705));
#2202=EDGE_LOOP('',(#4706,#4707,#4708,#4709));
#2203=EDGE_LOOP('',(#4710,#4711,#4712,#4713));
#2204=EDGE_LOOP('',(#4714,#4715,#4716,#4717));
#2205=EDGE_LOOP('',(#4718,#4719,#4720,#4721));
#2206=EDGE_LOOP('',(#4722,#4723,#4724,#4725));
#2207=EDGE_LOOP('',(#4726,#4727,#4728,#4729));
#2208=EDGE_LOOP('',(#4730,#4731,#4732,#4733));
#2209=EDGE_LOOP('',(#4734,#4735,#4736,#4737));
#2210=EDGE_LOOP('',(#4738,#4739,#4740,#4741));
#2211=EDGE_LOOP('',(#4742,#4743,#4744,#4745));
#2212=EDGE_LOOP('',(#4746,#4747,#4748,#4749));
#2213=EDGE_LOOP('',(#4750,#4751,#4752,#4753));
#2214=EDGE_LOOP('',(#4754,#4755,#4756,#4757));
#2215=EDGE_LOOP('',(#4758,#4759,#4760,#4761));
#2216=EDGE_LOOP('',(#4762,#4763,#4764,#4765));
#2217=EDGE_LOOP('',(#4766,#4767,#4768,#4769));
#2218=EDGE_LOOP('',(#4770,#4771,#4772,#4773));
#2219=EDGE_LOOP('',(#4774,#4775,#4776,#4777));
#2220=EDGE_LOOP('',(#4778,#4779,#4780,#4781));
#2221=EDGE_LOOP('',(#4782,#4783,#4784,#4785));
#2222=EDGE_LOOP('',(#4786,#4787,#4788,#4789));
#2223=EDGE_LOOP('',(#4790,#4791,#4792,#4793));
#2224=EDGE_LOOP('',(#4794,#4795,#4796,#4797));
#2225=EDGE_LOOP('',(#4798,#4799,#4800,#4801));
#2226=EDGE_LOOP('',(#4802,#4803,#4804,#4805));
#2227=EDGE_LOOP('',(#4806,#4807,#4808,#4809));
#2228=EDGE_LOOP('',(#4810,#4811,#4812,#4813));
#2229=EDGE_LOOP('',(#4814,#4815,#4816,#4817));
#2230=EDGE_LOOP('',(#4818,#4819,#4820,#4821));
#2231=EDGE_LOOP('',(#4822,#4823,#4824,#4825));
#2232=EDGE_LOOP('',(#4826,#4827,#4828,#4829));
#2233=EDGE_LOOP('',(#4830,#4831,#4832,#4833));
#2234=EDGE_LOOP('',(#4834,#4835,#4836,#4837));
#2235=EDGE_LOOP('',(#4838,#4839,#4840,#4841));
#2236=EDGE_LOOP('',(#4842,#4843,#4844,#4845));
#2237=EDGE_LOOP('',(#4846,#4847,#4848,#4849));
#2238=EDGE_LOOP('',(#4850,#4851,#4852,#4853));
#2239=EDGE_LOOP('',(#4854,#4855,#4856,#4857));
#2240=EDGE_LOOP('',(#4858,#4859,#4860,#4861));
#2241=EDGE_LOOP('',(#4862,#4863,#4864,#4865));
#2242=EDGE_LOOP('',(#4866,#4867,#4868,#4869));
#2243=EDGE_LOOP('',(#4870,#4871,#4872,#4873));
#2244=EDGE_LOOP('',(#4874,#4875,#4876,#4877));
#2245=EDGE_LOOP('',(#4878,#4879,#4880,#4881));
#2246=EDGE_LOOP('',(#4882,#4883,#4884,#4885));
#2247=EDGE_LOOP('',(#4886,#4887,#4888,#4889));
#2248=EDGE_LOOP('',(#4890,#4891,#4892,#4893));
#2249=EDGE_LOOP('',(#4894,#4895,#4896,#4897));
#2250=EDGE_LOOP('',(#4898,#4899,#4900,#4901));
#2251=EDGE_LOOP('',(#4902,#4903,#4904,#4905));
#2252=EDGE_LOOP('',(#4906,#4907,#4908,#4909));
#2253=EDGE_LOOP('',(#4910,#4911,#4912,#4913));
#2254=EDGE_LOOP('',(#4914,#4915,#4916,#4917));
#2255=EDGE_LOOP('',(#4918,#4919,#4920,#4921));
#2256=EDGE_LOOP('',(#4922,#4923,#4924,#4925));
#2257=EDGE_LOOP('',(#4926,#4927,#4928,#4929));
#2258=EDGE_LOOP('',(#4930,#4931,#4932,#4933));
#2259=EDGE_LOOP('',(#4934,#4935,#4936,#4937));
#2260=EDGE_LOOP('',(#4938,#4939,#4940,#4941));
#2261=EDGE_LOOP('',(#4942,#4943,#4944,#4945));
#2262=EDGE_LOOP('',(#4946,#4947,#4948,#4949));
#2263=EDGE_LOOP('',(#4950,#4951,#4952,#4953));
#2264=EDGE_LOOP('',(#4954,#4955,#4956,#4957));
#2265=EDGE_LOOP('',(#4958,#4959,#4960,#4961));
#2266=EDGE_LOOP('',(#4962,#4963,#4964,#4965));
#2267=EDGE_LOOP('',(#4966,#4967,#4968,#4969));
#2268=EDGE_LOOP('',(#4970,#4971,#4972,#4973));
#2269=EDGE_LOOP('',(#4974,#4975,#4976,#4977));
#2270=EDGE_LOOP('',(#4978,#4979,#4980,#4981));
#2271=EDGE_LOOP('',(#4982,#4983,#4984,#4985));
#2272=EDGE_LOOP('',(#4986,#4987,#4988,#4989));
#2273=EDGE_LOOP('',(#4990,#4991,#4992,#4993));
#2274=EDGE_LOOP('',(#4994,#4995,#4996,#4997));
#2275=EDGE_LOOP('',(#4998,#4999,#5000,#5001));
#2276=EDGE_LOOP('',(#5002,#5003,#5004,#5005));
#2277=EDGE_LOOP('',(#5006,#5007,#5008,#5009));
#2278=EDGE_LOOP('',(#5010,#5011,#5012,#5013));
#2279=EDGE_LOOP('',(#5014,#5015,#5016,#5017));
#2280=EDGE_LOOP('',(#5018,#5019,#5020,#5021));
#2281=EDGE_LOOP('',(#5022,#5023,#5024,#5025));
#2282=EDGE_LOOP('',(#5026,#5027,#5028,#5029));
#2283=EDGE_LOOP('',(#5030,#5031,#5032,#5033));
#2284=EDGE_LOOP('',(#5034,#5035,#5036,#5037));
#2285=EDGE_LOOP('',(#5038,#5039,#5040,#5041));
#2286=EDGE_LOOP('',(#5042,#5043,#5044,#5045));
#2287=EDGE_LOOP('',(#5046,#5047,#5048,#5049));
#2288=EDGE_LOOP('',(#5050,#5051,#5052,#5053));
#2289=EDGE_LOOP('',(#5054,#5055,#5056,#5057));
#2290=EDGE_LOOP('',(#5058,#5059,#5060,#5061));
#2291=EDGE_LOOP('',(#5062,#5063,#5064,#5065));
#2292=EDGE_LOOP('',(#5066,#5067,#5068,#5069));
#2293=EDGE_LOOP('',(#5070,#5071,#5072,#5073));
#2294=EDGE_LOOP('',(#5074,#5075,#5076,#5077));
#2295=EDGE_LOOP('',(#5078,#5079,#5080,#5081));
#2296=EDGE_LOOP('',(#5082,#5083,#5084,#5085));
#2297=EDGE_LOOP('',(#5086,#5087,#5088,#5089));
#2298=EDGE_LOOP('',(#5090,#5091,#5092,#5093));
#2299=EDGE_LOOP('',(#5094,#5095,#5096,#5097));
#2300=EDGE_LOOP('',(#5098,#5099,#5100,#5101));
#2301=EDGE_LOOP('',(#5102,#5103,#5104,#5105));
#2302=EDGE_LOOP('',(#5106,#5107,#5108,#5109));
#2303=EDGE_LOOP('',(#5110,#5111,#5112,#5113));
#2304=EDGE_LOOP('',(#5114,#5115,#5116,#5117));
#2305=EDGE_LOOP('',(#5118,#5119,#5120,#5121));
#2306=EDGE_LOOP('',(#5122,#5123,#5124,#5125));
#2307=EDGE_LOOP('',(#5126,#5127,#5128,#5129));
#2308=EDGE_LOOP('',(#5130,#5131,#5132,#5133));
#2309=EDGE_LOOP('',(#5134,#5135,#5136,#5137));
#2310=EDGE_LOOP('',(#5138,#5139,#5140,#5141));
#2311=EDGE_LOOP('',(#5142,#5143,#5144,#5145));
#2312=EDGE_LOOP('',(#5146,#5147,#5148,#5149));
#2313=EDGE_LOOP('',(#5150,#5151,#5152,#5153));
#2314=EDGE_LOOP('',(#5154,#5155,#5156,#5157));
#2315=EDGE_LOOP('',(#5158,#5159,#5160,#5161));
#2316=EDGE_LOOP('',(#5162,#5163,#5164,#5165));
#2317=EDGE_LOOP('',(#5166,#5167,#5168,#5169));
#2318=EDGE_LOOP('',(#5170,#5171,#5172,#5173));
#2319=EDGE_LOOP('',(#5174,#5175,#5176,#5177));
#2320=EDGE_LOOP('',(#5178,#5179,#5180,#5181));
#2321=EDGE_LOOP('',(#5182,#5183,#5184,#5185));
#2322=EDGE_LOOP('',(#5186,#5187,#5188,#5189));
#2323=EDGE_LOOP('',(#5190,#5191,#5192,#5193));
#2324=EDGE_LOOP('',(#5194,#5195,#5196,#5197));
#2325=EDGE_LOOP('',(#5198,#5199,#5200,#5201));
#2326=EDGE_LOOP('',(#5202,#5203,#5204,#5205));
#2327=EDGE_LOOP('',(#5206,#5207,#5208,#5209));
#2328=EDGE_LOOP('',(#5210,#5211,#5212,#5213));
#2329=EDGE_LOOP('',(#5214,#5215,#5216,#5217));
#2330=EDGE_LOOP('',(#5218,#5219,#5220,#5221));
#2331=EDGE_LOOP('',(#5222,#5223,#5224,#5225));
#2332=EDGE_LOOP('',(#5226,#5227,#5228,#5229));
#2333=EDGE_LOOP('',(#5230,#5231,#5232,#5233));
#2334=EDGE_LOOP('',(#5234,#5235,#5236,#5237));
#2335=EDGE_LOOP('',(#5238,#5239,#5240,#5241));
#2336=EDGE_LOOP('',(#5242,#5243,#5244,#5245));
#2337=EDGE_LOOP('',(#5246,#5247,#5248,#5249));
#2338=EDGE_LOOP('',(#5250,#5251,#5252,#5253));
#2339=EDGE_LOOP('',(#5254,#5255,#5256,#5257));
#2340=EDGE_LOOP('',(#5258,#5259,#5260,#5261));
#2341=EDGE_LOOP('',(#5262,#5263,#5264,#5265));
#2342=EDGE_LOOP('',(#5266,#5267,#5268,#5269));
#2343=EDGE_LOOP('',(#5270,#5271,#5272,#5273));
#2344=EDGE_LOOP('',(#5274,#5275,#5276,#5277));
#2345=EDGE_LOOP('',(#5278,#5279,#5280,#5281));
#2346=EDGE_LOOP('',(#5282,#5283,#5284,#5285));
#2347=EDGE_LOOP('',(#5286,#5287,#5288,#5289));
#2348=EDGE_LOOP('',(#5290,#5291,#5292,#5293));
#2349=EDGE_LOOP('',(#5294,#5295,#5296,#5297));
#2350=EDGE_LOOP('',(#5298,#5299,#5300,#5301));
#2351=EDGE_LOOP('',(#5302,#5303,#5304,#5305));
#2352=EDGE_LOOP('',(#5306,#5307,#5308,#5309));
#2353=EDGE_LOOP('',(#5310,#5311,#5312,#5313));
#2354=EDGE_LOOP('',(#5314,#5315,#5316,#5317));
#2355=EDGE_LOOP('',(#5318,#5319,#5320,#5321));
#2356=EDGE_LOOP('',(#5322,#5323,#5324,#5325));
#2357=EDGE_LOOP('',(#5326,#5327,#5328,#5329));
#2358=EDGE_LOOP('',(#5330,#5331,#5332,#5333));
#2359=EDGE_LOOP('',(#5334,#5335,#5336,#5337));
#2360=EDGE_LOOP('',(#5338,#5339,#5340,#5341));
#2361=EDGE_LOOP('',(#5342,#5343,#5344,#5345));
#2362=EDGE_LOOP('',(#5346,#5347,#5348,#5349));
#2363=EDGE_LOOP('',(#5350,#5351,#5352,#5353));
#2364=EDGE_LOOP('',(#5354,#5355,#5356,#5357));
#2365=EDGE_LOOP('',(#5358,#5359,#5360,#5361));
#2366=EDGE_LOOP('',(#5362,#5363,#5364,#5365));
#2367=EDGE_LOOP('',(#5366,#5367,#5368,#5369));
#2368=EDGE_LOOP('',(#5370,#5371,#5372,#5373));
#2369=EDGE_LOOP('',(#5374,#5375,#5376,#5377));
#2370=EDGE_LOOP('',(#5378,#5379,#5380,#5381));
#2371=EDGE_LOOP('',(#5382,#5383,#5384,#5385));
#2372=ORIENTED_EDGE('',*,*,#6336,.F.);
#2373=ORIENTED_EDGE('',*,*,#6337,.F.);
#2374=ORIENTED_EDGE('',*,*,#6338,.F.);
#2375=ORIENTED_EDGE('',*,*,#6339,.F.);
#2376=ORIENTED_EDGE('',*,*,#6340,.F.);
#2377=ORIENTED_EDGE('',*,*,#6341,.T.);
#2378=ORIENTED_EDGE('',*,*,#6342,.F.);
#2379=ORIENTED_EDGE('',*,*,#6343,.T.);
#2380=ORIENTED_EDGE('',*,*,#6344,.F.);
#2381=ORIENTED_EDGE('',*,*,#6345,.T.);
#2382=ORIENTED_EDGE('',*,*,#6346,.F.);
#2383=ORIENTED_EDGE('',*,*,#6347,.T.);
#2384=ORIENTED_EDGE('',*,*,#6348,.F.);
#2385=ORIENTED_EDGE('',*,*,#6349,.T.);
#2386=ORIENTED_EDGE('',*,*,#6350,.F.);
#2387=ORIENTED_EDGE('',*,*,#6351,.T.);
#2388=ORIENTED_EDGE('',*,*,#6352,.F.);
#2389=ORIENTED_EDGE('',*,*,#6353,.T.);
#2390=ORIENTED_EDGE('',*,*,#6354,.F.);
#2391=ORIENTED_EDGE('',*,*,#6355,.T.);
#2392=ORIENTED_EDGE('',*,*,#6356,.F.);
#2393=ORIENTED_EDGE('',*,*,#6357,.T.);
#2394=ORIENTED_EDGE('',*,*,#6358,.F.);
#2395=ORIENTED_EDGE('',*,*,#6359,.T.);
#2396=ORIENTED_EDGE('',*,*,#6360,.F.);
#2397=ORIENTED_EDGE('',*,*,#6361,.T.);
#2398=ORIENTED_EDGE('',*,*,#6362,.F.);
#2399=ORIENTED_EDGE('',*,*,#6363,.T.);
#2400=ORIENTED_EDGE('',*,*,#6364,.F.);
#2401=ORIENTED_EDGE('',*,*,#6365,.T.);
#2402=ORIENTED_EDGE('',*,*,#6366,.F.);
#2403=ORIENTED_EDGE('',*,*,#6367,.T.);
#2404=ORIENTED_EDGE('',*,*,#6368,.F.);
#2405=ORIENTED_EDGE('',*,*,#6369,.T.);
#2406=ORIENTED_EDGE('',*,*,#6370,.F.);
#2407=ORIENTED_EDGE('',*,*,#6371,.T.);
#2408=ORIENTED_EDGE('',*,*,#6372,.F.);
#2409=ORIENTED_EDGE('',*,*,#6373,.T.);
#2410=ORIENTED_EDGE('',*,*,#6374,.F.);
#2411=ORIENTED_EDGE('',*,*,#6375,.T.);
#2412=ORIENTED_EDGE('',*,*,#6376,.F.);
#2413=ORIENTED_EDGE('',*,*,#6377,.T.);
#2414=ORIENTED_EDGE('',*,*,#6378,.F.);
#2415=ORIENTED_EDGE('',*,*,#6379,.T.);
#2416=ORIENTED_EDGE('',*,*,#6380,.F.);
#2417=ORIENTED_EDGE('',*,*,#6381,.T.);
#2418=ORIENTED_EDGE('',*,*,#6382,.F.);
#2419=ORIENTED_EDGE('',*,*,#6383,.T.);
#2420=ORIENTED_EDGE('',*,*,#6384,.F.);
#2421=ORIENTED_EDGE('',*,*,#6385,.T.);
#2422=ORIENTED_EDGE('',*,*,#6386,.F.);
#2423=ORIENTED_EDGE('',*,*,#6387,.T.);
#2424=ORIENTED_EDGE('',*,*,#6388,.F.);
#2425=ORIENTED_EDGE('',*,*,#6389,.T.);
#2426=ORIENTED_EDGE('',*,*,#6390,.F.);
#2427=ORIENTED_EDGE('',*,*,#6391,.F.);
#2428=ORIENTED_EDGE('',*,*,#6392,.T.);
#2429=ORIENTED_EDGE('',*,*,#6393,.T.);
#2430=ORIENTED_EDGE('',*,*,#6394,.F.);
#2431=ORIENTED_EDGE('',*,*,#6395,.T.);
#2432=ORIENTED_EDGE('',*,*,#6396,.F.);
#2433=ORIENTED_EDGE('',*,*,#6397,.F.);
#2434=ORIENTED_EDGE('',*,*,#6398,.F.);
#2435=ORIENTED_EDGE('',*,*,#6399,.F.);
#2436=ORIENTED_EDGE('',*,*,#6400,.T.);
#2437=ORIENTED_EDGE('',*,*,#6401,.T.);
#2438=ORIENTED_EDGE('',*,*,#6402,.T.);
#2439=ORIENTED_EDGE('',*,*,#6403,.T.);
#2440=ORIENTED_EDGE('',*,*,#6404,.T.);
#2441=ORIENTED_EDGE('',*,*,#6405,.F.);
#2442=ORIENTED_EDGE('',*,*,#6406,.T.);
#2443=ORIENTED_EDGE('',*,*,#6407,.T.);
#2444=ORIENTED_EDGE('',*,*,#6408,.T.);
#2445=ORIENTED_EDGE('',*,*,#6409,.T.);
#2446=ORIENTED_EDGE('',*,*,#6410,.T.);
#2447=ORIENTED_EDGE('',*,*,#6411,.F.);
#2448=ORIENTED_EDGE('',*,*,#6412,.F.);
#2449=ORIENTED_EDGE('',*,*,#6413,.T.);
#2450=ORIENTED_EDGE('',*,*,#6414,.T.);
#2451=ORIENTED_EDGE('',*,*,#6415,.F.);
#2452=ORIENTED_EDGE('',*,*,#6416,.T.);
#2453=ORIENTED_EDGE('',*,*,#6417,.T.);
#2454=ORIENTED_EDGE('',*,*,#6418,.T.);
#2455=ORIENTED_EDGE('',*,*,#6419,.T.);
#2456=ORIENTED_EDGE('',*,*,#6420,.T.);
#2457=ORIENTED_EDGE('',*,*,#6421,.F.);
#2458=ORIENTED_EDGE('',*,*,#6422,.T.);
#2459=ORIENTED_EDGE('',*,*,#6423,.T.);
#2460=ORIENTED_EDGE('',*,*,#6424,.T.);
#2461=ORIENTED_EDGE('',*,*,#6425,.T.);
#2462=ORIENTED_EDGE('',*,*,#6426,.T.);
#2463=ORIENTED_EDGE('',*,*,#6427,.F.);
#2464=ORIENTED_EDGE('',*,*,#6428,.T.);
#2465=ORIENTED_EDGE('',*,*,#6429,.T.);
#2466=ORIENTED_EDGE('',*,*,#6430,.T.);
#2467=ORIENTED_EDGE('',*,*,#6431,.T.);
#2468=ORIENTED_EDGE('',*,*,#6432,.T.);
#2469=ORIENTED_EDGE('',*,*,#6433,.F.);
#2470=ORIENTED_EDGE('',*,*,#6434,.T.);
#2471=ORIENTED_EDGE('',*,*,#6435,.T.);
#2472=ORIENTED_EDGE('',*,*,#6436,.T.);
#2473=ORIENTED_EDGE('',*,*,#6437,.T.);
#2474=ORIENTED_EDGE('',*,*,#6438,.T.);
#2475=ORIENTED_EDGE('',*,*,#6439,.F.);
#2476=ORIENTED_EDGE('',*,*,#6440,.T.);
#2477=ORIENTED_EDGE('',*,*,#6441,.T.);
#2478=ORIENTED_EDGE('',*,*,#6442,.T.);
#2479=ORIENTED_EDGE('',*,*,#6443,.T.);
#2480=ORIENTED_EDGE('',*,*,#6444,.T.);
#2481=ORIENTED_EDGE('',*,*,#6445,.F.);
#2482=ORIENTED_EDGE('',*,*,#6446,.T.);
#2483=ORIENTED_EDGE('',*,*,#6447,.T.);
#2484=ORIENTED_EDGE('',*,*,#6448,.T.);
#2485=ORIENTED_EDGE('',*,*,#6449,.T.);
#2486=ORIENTED_EDGE('',*,*,#6450,.T.);
#2487=ORIENTED_EDGE('',*,*,#6451,.F.);
#2488=ORIENTED_EDGE('',*,*,#6452,.T.);
#2489=ORIENTED_EDGE('',*,*,#6453,.T.);
#2490=ORIENTED_EDGE('',*,*,#6454,.T.);
#2491=ORIENTED_EDGE('',*,*,#6455,.T.);
#2492=ORIENTED_EDGE('',*,*,#6456,.T.);
#2493=ORIENTED_EDGE('',*,*,#6457,.F.);
#2494=ORIENTED_EDGE('',*,*,#6458,.T.);
#2495=ORIENTED_EDGE('',*,*,#6459,.T.);
#2496=ORIENTED_EDGE('',*,*,#6460,.T.);
#2497=ORIENTED_EDGE('',*,*,#6461,.T.);
#2498=ORIENTED_EDGE('',*,*,#6462,.T.);
#2499=ORIENTED_EDGE('',*,*,#6463,.F.);
#2500=ORIENTED_EDGE('',*,*,#6464,.T.);
#2501=ORIENTED_EDGE('',*,*,#6465,.T.);
#2502=ORIENTED_EDGE('',*,*,#6466,.T.);
#2503=ORIENTED_EDGE('',*,*,#6467,.T.);
#2504=ORIENTED_EDGE('',*,*,#6468,.T.);
#2505=ORIENTED_EDGE('',*,*,#6469,.F.);
#2506=ORIENTED_EDGE('',*,*,#6470,.T.);
#2507=ORIENTED_EDGE('',*,*,#6471,.T.);
#2508=ORIENTED_EDGE('',*,*,#6472,.T.);
#2509=ORIENTED_EDGE('',*,*,#6473,.T.);
#2510=ORIENTED_EDGE('',*,*,#6474,.T.);
#2511=ORIENTED_EDGE('',*,*,#6475,.F.);
#2512=ORIENTED_EDGE('',*,*,#6476,.T.);
#2513=ORIENTED_EDGE('',*,*,#6477,.T.);
#2514=ORIENTED_EDGE('',*,*,#6478,.T.);
#2515=ORIENTED_EDGE('',*,*,#6479,.T.);
#2516=ORIENTED_EDGE('',*,*,#6480,.T.);
#2517=ORIENTED_EDGE('',*,*,#6481,.F.);
#2518=ORIENTED_EDGE('',*,*,#6482,.F.);
#2519=ORIENTED_EDGE('',*,*,#6483,.F.);
#2520=ORIENTED_EDGE('',*,*,#6484,.T.);
#2521=ORIENTED_EDGE('',*,*,#6405,.T.);
#2522=ORIENTED_EDGE('',*,*,#6485,.T.);
#2523=ORIENTED_EDGE('',*,*,#6481,.T.);
#2524=ORIENTED_EDGE('',*,*,#6486,.F.);
#2525=ORIENTED_EDGE('',*,*,#6487,.F.);
#2526=ORIENTED_EDGE('',*,*,#6488,.T.);
#2527=ORIENTED_EDGE('',*,*,#6475,.T.);
#2528=ORIENTED_EDGE('',*,*,#6489,.F.);
#2529=ORIENTED_EDGE('',*,*,#6490,.F.);
#2530=ORIENTED_EDGE('',*,*,#6491,.T.);
#2531=ORIENTED_EDGE('',*,*,#6469,.T.);
#2532=ORIENTED_EDGE('',*,*,#6492,.F.);
#2533=ORIENTED_EDGE('',*,*,#6493,.F.);
#2534=ORIENTED_EDGE('',*,*,#6494,.T.);
#2535=ORIENTED_EDGE('',*,*,#6463,.T.);
#2536=ORIENTED_EDGE('',*,*,#6495,.F.);
#2537=ORIENTED_EDGE('',*,*,#6496,.F.);
#2538=ORIENTED_EDGE('',*,*,#6497,.T.);
#2539=ORIENTED_EDGE('',*,*,#6457,.T.);
#2540=ORIENTED_EDGE('',*,*,#6498,.F.);
#2541=ORIENTED_EDGE('',*,*,#6499,.F.);
#2542=ORIENTED_EDGE('',*,*,#6500,.T.);
#2543=ORIENTED_EDGE('',*,*,#6451,.T.);
#2544=ORIENTED_EDGE('',*,*,#6501,.F.);
#2545=ORIENTED_EDGE('',*,*,#6502,.F.);
#2546=ORIENTED_EDGE('',*,*,#6503,.T.);
#2547=ORIENTED_EDGE('',*,*,#6445,.T.);
#2548=ORIENTED_EDGE('',*,*,#6504,.F.);
#2549=ORIENTED_EDGE('',*,*,#6505,.F.);
#2550=ORIENTED_EDGE('',*,*,#6506,.T.);
#2551=ORIENTED_EDGE('',*,*,#6439,.T.);
#2552=ORIENTED_EDGE('',*,*,#6507,.F.);
#2553=ORIENTED_EDGE('',*,*,#6508,.F.);
#2554=ORIENTED_EDGE('',*,*,#6509,.T.);
#2555=ORIENTED_EDGE('',*,*,#6433,.T.);
#2556=ORIENTED_EDGE('',*,*,#6510,.F.);
#2557=ORIENTED_EDGE('',*,*,#6511,.F.);
#2558=ORIENTED_EDGE('',*,*,#6512,.T.);
#2559=ORIENTED_EDGE('',*,*,#6427,.T.);
#2560=ORIENTED_EDGE('',*,*,#6513,.F.);
#2561=ORIENTED_EDGE('',*,*,#6514,.F.);
#2562=ORIENTED_EDGE('',*,*,#6515,.T.);
#2563=ORIENTED_EDGE('',*,*,#6421,.T.);
#2564=ORIENTED_EDGE('',*,*,#6516,.F.);
#2565=ORIENTED_EDGE('',*,*,#6517,.F.);
#2566=ORIENTED_EDGE('',*,*,#6518,.T.);
#2567=ORIENTED_EDGE('',*,*,#6415,.T.);
#2568=ORIENTED_EDGE('',*,*,#6519,.T.);
#2569=ORIENTED_EDGE('',*,*,#6520,.F.);
#2570=ORIENTED_EDGE('',*,*,#6342,.T.);
#2571=ORIENTED_EDGE('',*,*,#6521,.T.);
#2572=ORIENTED_EDGE('',*,*,#6522,.T.);
#2573=ORIENTED_EDGE('',*,*,#6523,.T.);
#2574=ORIENTED_EDGE('',*,*,#6394,.T.);
#2575=ORIENTED_EDGE('',*,*,#6524,.T.);
#2576=ORIENTED_EDGE('',*,*,#6413,.F.);
#2577=ORIENTED_EDGE('',*,*,#6525,.F.);
#2578=ORIENTED_EDGE('',*,*,#6390,.T.);
#2579=ORIENTED_EDGE('',*,*,#6526,.T.);
#2580=ORIENTED_EDGE('',*,*,#6527,.T.);
#2581=ORIENTED_EDGE('',*,*,#6528,.T.);
#2582=ORIENTED_EDGE('',*,*,#6386,.T.);
#2583=ORIENTED_EDGE('',*,*,#6529,.T.);
#2584=ORIENTED_EDGE('',*,*,#6530,.T.);
#2585=ORIENTED_EDGE('',*,*,#6531,.T.);
#2586=ORIENTED_EDGE('',*,*,#6382,.T.);
#2587=ORIENTED_EDGE('',*,*,#6532,.T.);
#2588=ORIENTED_EDGE('',*,*,#6533,.T.);
#2589=ORIENTED_EDGE('',*,*,#6534,.T.);
#2590=ORIENTED_EDGE('',*,*,#6378,.T.);
#2591=ORIENTED_EDGE('',*,*,#6535,.T.);
#2592=ORIENTED_EDGE('',*,*,#6536,.T.);
#2593=ORIENTED_EDGE('',*,*,#6537,.T.);
#2594=ORIENTED_EDGE('',*,*,#6374,.T.);
#2595=ORIENTED_EDGE('',*,*,#6538,.T.);
#2596=ORIENTED_EDGE('',*,*,#6539,.T.);
#2597=ORIENTED_EDGE('',*,*,#6540,.T.);
#2598=ORIENTED_EDGE('',*,*,#6370,.T.);
#2599=ORIENTED_EDGE('',*,*,#6541,.T.);
#2600=ORIENTED_EDGE('',*,*,#6542,.T.);
#2601=ORIENTED_EDGE('',*,*,#6543,.T.);
#2602=ORIENTED_EDGE('',*,*,#6366,.T.);
#2603=ORIENTED_EDGE('',*,*,#6544,.T.);
#2604=ORIENTED_EDGE('',*,*,#6545,.T.);
#2605=ORIENTED_EDGE('',*,*,#6546,.T.);
#2606=ORIENTED_EDGE('',*,*,#6362,.T.);
#2607=ORIENTED_EDGE('',*,*,#6547,.T.);
#2608=ORIENTED_EDGE('',*,*,#6548,.T.);
#2609=ORIENTED_EDGE('',*,*,#6549,.T.);
#2610=ORIENTED_EDGE('',*,*,#6358,.T.);
#2611=ORIENTED_EDGE('',*,*,#6550,.T.);
#2612=ORIENTED_EDGE('',*,*,#6551,.T.);
#2613=ORIENTED_EDGE('',*,*,#6552,.T.);
#2614=ORIENTED_EDGE('',*,*,#6354,.T.);
#2615=ORIENTED_EDGE('',*,*,#6553,.T.);
#2616=ORIENTED_EDGE('',*,*,#6554,.T.);
#2617=ORIENTED_EDGE('',*,*,#6555,.T.);
#2618=ORIENTED_EDGE('',*,*,#6350,.T.);
#2619=ORIENTED_EDGE('',*,*,#6556,.T.);
#2620=ORIENTED_EDGE('',*,*,#6557,.T.);
#2621=ORIENTED_EDGE('',*,*,#6558,.T.);
#2622=ORIENTED_EDGE('',*,*,#6346,.T.);
#2623=ORIENTED_EDGE('',*,*,#6559,.T.);
#2624=ORIENTED_EDGE('',*,*,#6560,.T.);
#2625=ORIENTED_EDGE('',*,*,#6561,.T.);
#2626=ORIENTED_EDGE('',*,*,#6562,.T.);
#2627=ORIENTED_EDGE('',*,*,#6563,.F.);
#2628=ORIENTED_EDGE('',*,*,#6564,.T.);
#2629=ORIENTED_EDGE('',*,*,#6565,.F.);
#2630=ORIENTED_EDGE('',*,*,#6566,.T.);
#2631=ORIENTED_EDGE('',*,*,#6567,.F.);
#2632=ORIENTED_EDGE('',*,*,#6568,.T.);
#2633=ORIENTED_EDGE('',*,*,#6569,.F.);
#2634=ORIENTED_EDGE('',*,*,#6570,.T.);
#2635=ORIENTED_EDGE('',*,*,#6571,.F.);
#2636=ORIENTED_EDGE('',*,*,#6572,.T.);
#2637=ORIENTED_EDGE('',*,*,#6573,.F.);
#2638=ORIENTED_EDGE('',*,*,#6574,.T.);
#2639=ORIENTED_EDGE('',*,*,#6575,.F.);
#2640=ORIENTED_EDGE('',*,*,#6576,.T.);
#2641=ORIENTED_EDGE('',*,*,#6577,.F.);
#2642=ORIENTED_EDGE('',*,*,#6578,.T.);
#2643=ORIENTED_EDGE('',*,*,#6579,.F.);
#2644=ORIENTED_EDGE('',*,*,#6580,.T.);
#2645=ORIENTED_EDGE('',*,*,#6581,.F.);
#2646=ORIENTED_EDGE('',*,*,#6582,.T.);
#2647=ORIENTED_EDGE('',*,*,#6583,.F.);
#2648=ORIENTED_EDGE('',*,*,#6584,.T.);
#2649=ORIENTED_EDGE('',*,*,#6585,.F.);
#2650=ORIENTED_EDGE('',*,*,#6586,.T.);
#2651=ORIENTED_EDGE('',*,*,#6587,.F.);
#2652=ORIENTED_EDGE('',*,*,#6588,.T.);
#2653=ORIENTED_EDGE('',*,*,#6589,.F.);
#2654=ORIENTED_EDGE('',*,*,#6590,.T.);
#2655=ORIENTED_EDGE('',*,*,#6591,.F.);
#2656=ORIENTED_EDGE('',*,*,#6592,.T.);
#2657=ORIENTED_EDGE('',*,*,#6593,.F.);
#2658=ORIENTED_EDGE('',*,*,#6594,.T.);
#2659=ORIENTED_EDGE('',*,*,#6595,.F.);
#2660=ORIENTED_EDGE('',*,*,#6596,.T.);
#2661=ORIENTED_EDGE('',*,*,#6597,.F.);
#2662=ORIENTED_EDGE('',*,*,#6598,.T.);
#2663=ORIENTED_EDGE('',*,*,#6599,.F.);
#2664=ORIENTED_EDGE('',*,*,#6600,.T.);
#2665=ORIENTED_EDGE('',*,*,#6601,.F.);
#2666=ORIENTED_EDGE('',*,*,#6602,.T.);
#2667=ORIENTED_EDGE('',*,*,#6603,.F.);
#2668=ORIENTED_EDGE('',*,*,#6604,.T.);
#2669=ORIENTED_EDGE('',*,*,#6605,.F.);
#2670=ORIENTED_EDGE('',*,*,#6606,.T.);
#2671=ORIENTED_EDGE('',*,*,#6607,.F.);
#2672=ORIENTED_EDGE('',*,*,#6608,.T.);
#2673=ORIENTED_EDGE('',*,*,#6609,.T.);
#2674=ORIENTED_EDGE('',*,*,#6610,.T.);
#2675=ORIENTED_EDGE('',*,*,#6611,.T.);
#2676=ORIENTED_EDGE('',*,*,#6612,.F.);
#2677=ORIENTED_EDGE('',*,*,#6613,.F.);
#2678=ORIENTED_EDGE('',*,*,#6614,.T.);
#2679=ORIENTED_EDGE('',*,*,#6615,.F.);
#2680=ORIENTED_EDGE('',*,*,#6616,.T.);
#2681=ORIENTED_EDGE('',*,*,#6617,.F.);
#2682=ORIENTED_EDGE('',*,*,#6618,.T.);
#2683=ORIENTED_EDGE('',*,*,#6619,.F.);
#2684=ORIENTED_EDGE('',*,*,#6620,.T.);
#2685=ORIENTED_EDGE('',*,*,#6621,.F.);
#2686=ORIENTED_EDGE('',*,*,#6622,.F.);
#2687=ORIENTED_EDGE('',*,*,#6623,.F.);
#2688=ORIENTED_EDGE('',*,*,#6624,.F.);
#2689=ORIENTED_EDGE('',*,*,#6625,.T.);
#2690=ORIENTED_EDGE('',*,*,#6626,.F.);
#2691=ORIENTED_EDGE('',*,*,#6627,.F.);
#2692=ORIENTED_EDGE('',*,*,#6628,.F.);
#2693=ORIENTED_EDGE('',*,*,#6623,.T.);
#2694=ORIENTED_EDGE('',*,*,#6629,.F.);
#2695=ORIENTED_EDGE('',*,*,#6606,.F.);
#2696=ORIENTED_EDGE('',*,*,#6630,.F.);
#2697=ORIENTED_EDGE('',*,*,#6627,.T.);
#2698=ORIENTED_EDGE('',*,*,#6631,.F.);
#2699=ORIENTED_EDGE('',*,*,#6632,.F.);
#2700=ORIENTED_EDGE('',*,*,#6633,.F.);
#2701=ORIENTED_EDGE('',*,*,#6634,.T.);
#2702=ORIENTED_EDGE('',*,*,#6635,.F.);
#2703=ORIENTED_EDGE('',*,*,#6636,.F.);
#2704=ORIENTED_EDGE('',*,*,#6637,.F.);
#2705=ORIENTED_EDGE('',*,*,#6632,.T.);
#2706=ORIENTED_EDGE('',*,*,#6638,.F.);
#2707=ORIENTED_EDGE('',*,*,#6602,.F.);
#2708=ORIENTED_EDGE('',*,*,#6639,.F.);
#2709=ORIENTED_EDGE('',*,*,#6636,.T.);
#2710=ORIENTED_EDGE('',*,*,#6640,.F.);
#2711=ORIENTED_EDGE('',*,*,#6641,.F.);
#2712=ORIENTED_EDGE('',*,*,#6642,.F.);
#2713=ORIENTED_EDGE('',*,*,#6643,.T.);
#2714=ORIENTED_EDGE('',*,*,#6644,.F.);
#2715=ORIENTED_EDGE('',*,*,#6645,.F.);
#2716=ORIENTED_EDGE('',*,*,#6646,.F.);
#2717=ORIENTED_EDGE('',*,*,#6641,.T.);
#2718=ORIENTED_EDGE('',*,*,#6647,.F.);
#2719=ORIENTED_EDGE('',*,*,#6598,.F.);
#2720=ORIENTED_EDGE('',*,*,#6648,.F.);
#2721=ORIENTED_EDGE('',*,*,#6645,.T.);
#2722=ORIENTED_EDGE('',*,*,#6649,.F.);
#2723=ORIENTED_EDGE('',*,*,#6650,.F.);
#2724=ORIENTED_EDGE('',*,*,#6651,.F.);
#2725=ORIENTED_EDGE('',*,*,#6652,.T.);
#2726=ORIENTED_EDGE('',*,*,#6653,.F.);
#2727=ORIENTED_EDGE('',*,*,#6654,.F.);
#2728=ORIENTED_EDGE('',*,*,#6655,.F.);
#2729=ORIENTED_EDGE('',*,*,#6650,.T.);
#2730=ORIENTED_EDGE('',*,*,#6656,.F.);
#2731=ORIENTED_EDGE('',*,*,#6594,.F.);
#2732=ORIENTED_EDGE('',*,*,#6657,.F.);
#2733=ORIENTED_EDGE('',*,*,#6654,.T.);
#2734=ORIENTED_EDGE('',*,*,#6658,.F.);
#2735=ORIENTED_EDGE('',*,*,#6659,.F.);
#2736=ORIENTED_EDGE('',*,*,#6660,.F.);
#2737=ORIENTED_EDGE('',*,*,#6661,.T.);
#2738=ORIENTED_EDGE('',*,*,#6662,.F.);
#2739=ORIENTED_EDGE('',*,*,#6663,.F.);
#2740=ORIENTED_EDGE('',*,*,#6664,.F.);
#2741=ORIENTED_EDGE('',*,*,#6659,.T.);
#2742=ORIENTED_EDGE('',*,*,#6665,.F.);
#2743=ORIENTED_EDGE('',*,*,#6590,.F.);
#2744=ORIENTED_EDGE('',*,*,#6666,.F.);
#2745=ORIENTED_EDGE('',*,*,#6663,.T.);
#2746=ORIENTED_EDGE('',*,*,#6667,.F.);
#2747=ORIENTED_EDGE('',*,*,#6668,.F.);
#2748=ORIENTED_EDGE('',*,*,#6669,.F.);
#2749=ORIENTED_EDGE('',*,*,#6670,.T.);
#2750=ORIENTED_EDGE('',*,*,#6671,.F.);
#2751=ORIENTED_EDGE('',*,*,#6672,.F.);
#2752=ORIENTED_EDGE('',*,*,#6673,.F.);
#2753=ORIENTED_EDGE('',*,*,#6668,.T.);
#2754=ORIENTED_EDGE('',*,*,#6674,.F.);
#2755=ORIENTED_EDGE('',*,*,#6586,.F.);
#2756=ORIENTED_EDGE('',*,*,#6675,.F.);
#2757=ORIENTED_EDGE('',*,*,#6672,.T.);
#2758=ORIENTED_EDGE('',*,*,#6676,.F.);
#2759=ORIENTED_EDGE('',*,*,#6677,.F.);
#2760=ORIENTED_EDGE('',*,*,#6678,.F.);
#2761=ORIENTED_EDGE('',*,*,#6679,.T.);
#2762=ORIENTED_EDGE('',*,*,#6680,.F.);
#2763=ORIENTED_EDGE('',*,*,#6681,.F.);
#2764=ORIENTED_EDGE('',*,*,#6682,.F.);
#2765=ORIENTED_EDGE('',*,*,#6677,.T.);
#2766=ORIENTED_EDGE('',*,*,#6683,.F.);
#2767=ORIENTED_EDGE('',*,*,#6582,.F.);
#2768=ORIENTED_EDGE('',*,*,#6684,.F.);
#2769=ORIENTED_EDGE('',*,*,#6681,.T.);
#2770=ORIENTED_EDGE('',*,*,#6685,.F.);
#2771=ORIENTED_EDGE('',*,*,#6686,.F.);
#2772=ORIENTED_EDGE('',*,*,#6687,.F.);
#2773=ORIENTED_EDGE('',*,*,#6688,.T.);
#2774=ORIENTED_EDGE('',*,*,#6689,.F.);
#2775=ORIENTED_EDGE('',*,*,#6690,.F.);
#2776=ORIENTED_EDGE('',*,*,#6691,.F.);
#2777=ORIENTED_EDGE('',*,*,#6686,.T.);
#2778=ORIENTED_EDGE('',*,*,#6692,.F.);
#2779=ORIENTED_EDGE('',*,*,#6578,.F.);
#2780=ORIENTED_EDGE('',*,*,#6693,.F.);
#2781=ORIENTED_EDGE('',*,*,#6690,.T.);
#2782=ORIENTED_EDGE('',*,*,#6694,.F.);
#2783=ORIENTED_EDGE('',*,*,#6695,.F.);
#2784=ORIENTED_EDGE('',*,*,#6696,.F.);
#2785=ORIENTED_EDGE('',*,*,#6697,.T.);
#2786=ORIENTED_EDGE('',*,*,#6698,.F.);
#2787=ORIENTED_EDGE('',*,*,#6699,.F.);
#2788=ORIENTED_EDGE('',*,*,#6700,.F.);
#2789=ORIENTED_EDGE('',*,*,#6695,.T.);
#2790=ORIENTED_EDGE('',*,*,#6701,.F.);
#2791=ORIENTED_EDGE('',*,*,#6574,.F.);
#2792=ORIENTED_EDGE('',*,*,#6702,.F.);
#2793=ORIENTED_EDGE('',*,*,#6699,.T.);
#2794=ORIENTED_EDGE('',*,*,#6703,.F.);
#2795=ORIENTED_EDGE('',*,*,#6704,.F.);
#2796=ORIENTED_EDGE('',*,*,#6705,.F.);
#2797=ORIENTED_EDGE('',*,*,#6706,.T.);
#2798=ORIENTED_EDGE('',*,*,#6707,.F.);
#2799=ORIENTED_EDGE('',*,*,#6708,.F.);
#2800=ORIENTED_EDGE('',*,*,#6709,.F.);
#2801=ORIENTED_EDGE('',*,*,#6704,.T.);
#2802=ORIENTED_EDGE('',*,*,#6710,.F.);
#2803=ORIENTED_EDGE('',*,*,#6570,.F.);
#2804=ORIENTED_EDGE('',*,*,#6711,.F.);
#2805=ORIENTED_EDGE('',*,*,#6708,.T.);
#2806=ORIENTED_EDGE('',*,*,#6712,.F.);
#2807=ORIENTED_EDGE('',*,*,#6713,.F.);
#2808=ORIENTED_EDGE('',*,*,#6714,.F.);
#2809=ORIENTED_EDGE('',*,*,#6715,.T.);
#2810=ORIENTED_EDGE('',*,*,#6716,.F.);
#2811=ORIENTED_EDGE('',*,*,#6717,.F.);
#2812=ORIENTED_EDGE('',*,*,#6718,.F.);
#2813=ORIENTED_EDGE('',*,*,#6713,.T.);
#2814=ORIENTED_EDGE('',*,*,#6719,.F.);
#2815=ORIENTED_EDGE('',*,*,#6566,.F.);
#2816=ORIENTED_EDGE('',*,*,#6720,.F.);
#2817=ORIENTED_EDGE('',*,*,#6717,.T.);
#2818=ORIENTED_EDGE('',*,*,#6721,.F.);
#2819=ORIENTED_EDGE('',*,*,#6722,.F.);
#2820=ORIENTED_EDGE('',*,*,#6723,.F.);
#2821=ORIENTED_EDGE('',*,*,#6724,.T.);
#2822=ORIENTED_EDGE('',*,*,#6725,.F.);
#2823=ORIENTED_EDGE('',*,*,#6726,.F.);
#2824=ORIENTED_EDGE('',*,*,#6727,.F.);
#2825=ORIENTED_EDGE('',*,*,#6722,.T.);
#2826=ORIENTED_EDGE('',*,*,#6728,.F.);
#2827=ORIENTED_EDGE('',*,*,#6562,.F.);
#2828=ORIENTED_EDGE('',*,*,#6729,.F.);
#2829=ORIENTED_EDGE('',*,*,#6726,.T.);
#2830=ORIENTED_EDGE('',*,*,#6625,.F.);
#2831=ORIENTED_EDGE('',*,*,#6730,.T.);
#2832=ORIENTED_EDGE('',*,*,#6731,.F.);
#2833=ORIENTED_EDGE('',*,*,#6732,.T.);
#2834=ORIENTED_EDGE('',*,*,#6634,.F.);
#2835=ORIENTED_EDGE('',*,*,#6733,.T.);
#2836=ORIENTED_EDGE('',*,*,#6734,.F.);
#2837=ORIENTED_EDGE('',*,*,#6735,.T.);
#2838=ORIENTED_EDGE('',*,*,#6643,.F.);
#2839=ORIENTED_EDGE('',*,*,#6736,.T.);
#2840=ORIENTED_EDGE('',*,*,#6737,.F.);
#2841=ORIENTED_EDGE('',*,*,#6738,.T.);
#2842=ORIENTED_EDGE('',*,*,#6652,.F.);
#2843=ORIENTED_EDGE('',*,*,#6739,.T.);
#2844=ORIENTED_EDGE('',*,*,#6740,.F.);
#2845=ORIENTED_EDGE('',*,*,#6741,.T.);
#2846=ORIENTED_EDGE('',*,*,#6661,.F.);
#2847=ORIENTED_EDGE('',*,*,#6742,.T.);
#2848=ORIENTED_EDGE('',*,*,#6743,.F.);
#2849=ORIENTED_EDGE('',*,*,#6744,.T.);
#2850=ORIENTED_EDGE('',*,*,#6670,.F.);
#2851=ORIENTED_EDGE('',*,*,#6745,.T.);
#2852=ORIENTED_EDGE('',*,*,#6746,.F.);
#2853=ORIENTED_EDGE('',*,*,#6747,.T.);
#2854=ORIENTED_EDGE('',*,*,#6679,.F.);
#2855=ORIENTED_EDGE('',*,*,#6748,.T.);
#2856=ORIENTED_EDGE('',*,*,#6749,.F.);
#2857=ORIENTED_EDGE('',*,*,#6750,.T.);
#2858=ORIENTED_EDGE('',*,*,#6688,.F.);
#2859=ORIENTED_EDGE('',*,*,#6751,.T.);
#2860=ORIENTED_EDGE('',*,*,#6752,.F.);
#2861=ORIENTED_EDGE('',*,*,#6753,.T.);
#2862=ORIENTED_EDGE('',*,*,#6697,.F.);
#2863=ORIENTED_EDGE('',*,*,#6754,.T.);
#2864=ORIENTED_EDGE('',*,*,#6755,.F.);
#2865=ORIENTED_EDGE('',*,*,#6756,.T.);
#2866=ORIENTED_EDGE('',*,*,#6706,.F.);
#2867=ORIENTED_EDGE('',*,*,#6757,.T.);
#2868=ORIENTED_EDGE('',*,*,#6758,.F.);
#2869=ORIENTED_EDGE('',*,*,#6759,.T.);
#2870=ORIENTED_EDGE('',*,*,#6715,.F.);
#2871=ORIENTED_EDGE('',*,*,#6760,.T.);
#2872=ORIENTED_EDGE('',*,*,#6761,.F.);
#2873=ORIENTED_EDGE('',*,*,#6762,.T.);
#2874=ORIENTED_EDGE('',*,*,#6724,.F.);
#2875=ORIENTED_EDGE('',*,*,#6763,.T.);
#2876=ORIENTED_EDGE('',*,*,#6764,.F.);
#2877=ORIENTED_EDGE('',*,*,#6765,.T.);
#2878=ORIENTED_EDGE('',*,*,#6766,.F.);
#2879=ORIENTED_EDGE('',*,*,#6767,.T.);
#2880=ORIENTED_EDGE('',*,*,#6768,.F.);
#2881=ORIENTED_EDGE('',*,*,#6769,.F.);
#2882=ORIENTED_EDGE('',*,*,#6770,.T.);
#2883=ORIENTED_EDGE('',*,*,#6771,.F.);
#2884=ORIENTED_EDGE('',*,*,#6772,.F.);
#2885=ORIENTED_EDGE('',*,*,#6773,.F.);
#2886=ORIENTED_EDGE('',*,*,#6774,.F.);
#2887=ORIENTED_EDGE('',*,*,#6775,.F.);
#2888=ORIENTED_EDGE('',*,*,#6483,.T.);
#2889=ORIENTED_EDGE('',*,*,#6776,.F.);
#2890=ORIENTED_EDGE('',*,*,#6777,.F.);
#2891=ORIENTED_EDGE('',*,*,#6778,.F.);
#2892=ORIENTED_EDGE('',*,*,#6779,.F.);
#2893=ORIENTED_EDGE('',*,*,#6780,.F.);
#2894=ORIENTED_EDGE('',*,*,#6487,.T.);
#2895=ORIENTED_EDGE('',*,*,#6781,.F.);
#2896=ORIENTED_EDGE('',*,*,#6782,.F.);
#2897=ORIENTED_EDGE('',*,*,#6783,.F.);
#2898=ORIENTED_EDGE('',*,*,#6784,.F.);
#2899=ORIENTED_EDGE('',*,*,#6785,.F.);
#2900=ORIENTED_EDGE('',*,*,#6490,.T.);
#2901=ORIENTED_EDGE('',*,*,#6786,.F.);
#2902=ORIENTED_EDGE('',*,*,#6787,.F.);
#2903=ORIENTED_EDGE('',*,*,#6788,.F.);
#2904=ORIENTED_EDGE('',*,*,#6789,.F.);
#2905=ORIENTED_EDGE('',*,*,#6790,.F.);
#2906=ORIENTED_EDGE('',*,*,#6493,.T.);
#2907=ORIENTED_EDGE('',*,*,#6791,.F.);
#2908=ORIENTED_EDGE('',*,*,#6792,.F.);
#2909=ORIENTED_EDGE('',*,*,#6793,.F.);
#2910=ORIENTED_EDGE('',*,*,#6794,.F.);
#2911=ORIENTED_EDGE('',*,*,#6795,.F.);
#2912=ORIENTED_EDGE('',*,*,#6496,.T.);
#2913=ORIENTED_EDGE('',*,*,#6796,.F.);
#2914=ORIENTED_EDGE('',*,*,#6797,.F.);
#2915=ORIENTED_EDGE('',*,*,#6798,.F.);
#2916=ORIENTED_EDGE('',*,*,#6799,.F.);
#2917=ORIENTED_EDGE('',*,*,#6800,.F.);
#2918=ORIENTED_EDGE('',*,*,#6499,.T.);
#2919=ORIENTED_EDGE('',*,*,#6801,.F.);
#2920=ORIENTED_EDGE('',*,*,#6802,.F.);
#2921=ORIENTED_EDGE('',*,*,#6803,.F.);
#2922=ORIENTED_EDGE('',*,*,#6804,.F.);
#2923=ORIENTED_EDGE('',*,*,#6805,.F.);
#2924=ORIENTED_EDGE('',*,*,#6502,.T.);
#2925=ORIENTED_EDGE('',*,*,#6806,.F.);
#2926=ORIENTED_EDGE('',*,*,#6807,.F.);
#2927=ORIENTED_EDGE('',*,*,#6808,.F.);
#2928=ORIENTED_EDGE('',*,*,#6809,.F.);
#2929=ORIENTED_EDGE('',*,*,#6810,.F.);
#2930=ORIENTED_EDGE('',*,*,#6505,.T.);
#2931=ORIENTED_EDGE('',*,*,#6811,.F.);
#2932=ORIENTED_EDGE('',*,*,#6812,.F.);
#2933=ORIENTED_EDGE('',*,*,#6813,.F.);
#2934=ORIENTED_EDGE('',*,*,#6814,.F.);
#2935=ORIENTED_EDGE('',*,*,#6815,.F.);
#2936=ORIENTED_EDGE('',*,*,#6508,.T.);
#2937=ORIENTED_EDGE('',*,*,#6816,.F.);
#2938=ORIENTED_EDGE('',*,*,#6817,.F.);
#2939=ORIENTED_EDGE('',*,*,#6818,.F.);
#2940=ORIENTED_EDGE('',*,*,#6819,.F.);
#2941=ORIENTED_EDGE('',*,*,#6820,.F.);
#2942=ORIENTED_EDGE('',*,*,#6511,.T.);
#2943=ORIENTED_EDGE('',*,*,#6821,.F.);
#2944=ORIENTED_EDGE('',*,*,#6822,.F.);
#2945=ORIENTED_EDGE('',*,*,#6823,.F.);
#2946=ORIENTED_EDGE('',*,*,#6824,.F.);
#2947=ORIENTED_EDGE('',*,*,#6825,.F.);
#2948=ORIENTED_EDGE('',*,*,#6514,.T.);
#2949=ORIENTED_EDGE('',*,*,#6826,.F.);
#2950=ORIENTED_EDGE('',*,*,#6827,.F.);
#2951=ORIENTED_EDGE('',*,*,#6828,.F.);
#2952=ORIENTED_EDGE('',*,*,#6829,.F.);
#2953=ORIENTED_EDGE('',*,*,#6830,.F.);
#2954=ORIENTED_EDGE('',*,*,#6517,.T.);
#2955=ORIENTED_EDGE('',*,*,#6831,.F.);
#2956=ORIENTED_EDGE('',*,*,#6832,.F.);
#2957=ORIENTED_EDGE('',*,*,#6833,.F.);
#2958=ORIENTED_EDGE('',*,*,#6834,.F.);
#2959=ORIENTED_EDGE('',*,*,#6835,.F.);
#2960=ORIENTED_EDGE('',*,*,#6520,.T.);
#2961=ORIENTED_EDGE('',*,*,#6836,.T.);
#2962=ORIENTED_EDGE('',*,*,#6837,.F.);
#2963=ORIENTED_EDGE('',*,*,#6838,.T.);
#2964=ORIENTED_EDGE('',*,*,#6839,.T.);
#2965=ORIENTED_EDGE('',*,*,#6761,.T.);
#2966=ORIENTED_EDGE('',*,*,#6840,.F.);
#2967=ORIENTED_EDGE('',*,*,#6564,.F.);
#2968=ORIENTED_EDGE('',*,*,#6841,.T.);
#2969=ORIENTED_EDGE('',*,*,#6758,.T.);
#2970=ORIENTED_EDGE('',*,*,#6842,.F.);
#2971=ORIENTED_EDGE('',*,*,#6568,.F.);
#2972=ORIENTED_EDGE('',*,*,#6843,.T.);
#2973=ORIENTED_EDGE('',*,*,#6755,.T.);
#2974=ORIENTED_EDGE('',*,*,#6844,.F.);
#2975=ORIENTED_EDGE('',*,*,#6572,.F.);
#2976=ORIENTED_EDGE('',*,*,#6845,.T.);
#2977=ORIENTED_EDGE('',*,*,#6752,.T.);
#2978=ORIENTED_EDGE('',*,*,#6846,.F.);
#2979=ORIENTED_EDGE('',*,*,#6576,.F.);
#2980=ORIENTED_EDGE('',*,*,#6847,.T.);
#2981=ORIENTED_EDGE('',*,*,#6749,.T.);
#2982=ORIENTED_EDGE('',*,*,#6848,.F.);
#2983=ORIENTED_EDGE('',*,*,#6580,.F.);
#2984=ORIENTED_EDGE('',*,*,#6849,.T.);
#2985=ORIENTED_EDGE('',*,*,#6746,.T.);
#2986=ORIENTED_EDGE('',*,*,#6850,.F.);
#2987=ORIENTED_EDGE('',*,*,#6584,.F.);
#2988=ORIENTED_EDGE('',*,*,#6851,.T.);
#2989=ORIENTED_EDGE('',*,*,#6743,.T.);
#2990=ORIENTED_EDGE('',*,*,#6852,.F.);
#2991=ORIENTED_EDGE('',*,*,#6588,.F.);
#2992=ORIENTED_EDGE('',*,*,#6853,.T.);
#2993=ORIENTED_EDGE('',*,*,#6740,.T.);
#2994=ORIENTED_EDGE('',*,*,#6854,.F.);
#2995=ORIENTED_EDGE('',*,*,#6592,.F.);
#2996=ORIENTED_EDGE('',*,*,#6855,.T.);
#2997=ORIENTED_EDGE('',*,*,#6737,.T.);
#2998=ORIENTED_EDGE('',*,*,#6856,.F.);
#2999=ORIENTED_EDGE('',*,*,#6596,.F.);
#3000=ORIENTED_EDGE('',*,*,#6857,.T.);
#3001=ORIENTED_EDGE('',*,*,#6734,.T.);
#3002=ORIENTED_EDGE('',*,*,#6858,.F.);
#3003=ORIENTED_EDGE('',*,*,#6600,.F.);
#3004=ORIENTED_EDGE('',*,*,#6859,.T.);
#3005=ORIENTED_EDGE('',*,*,#6731,.T.);
#3006=ORIENTED_EDGE('',*,*,#6860,.F.);
#3007=ORIENTED_EDGE('',*,*,#6604,.F.);
#3008=ORIENTED_EDGE('',*,*,#6861,.T.);
#3009=ORIENTED_EDGE('',*,*,#6837,.T.);
#3010=ORIENTED_EDGE('',*,*,#6862,.T.);
#3011=ORIENTED_EDGE('',*,*,#6608,.F.);
#3012=ORIENTED_EDGE('',*,*,#6614,.F.);
#3013=ORIENTED_EDGE('',*,*,#6863,.T.);
#3014=ORIENTED_EDGE('',*,*,#6864,.T.);
#3015=ORIENTED_EDGE('',*,*,#6865,.T.);
#3016=ORIENTED_EDGE('',*,*,#6610,.F.);
#3017=ORIENTED_EDGE('',*,*,#6866,.T.);
#3018=ORIENTED_EDGE('',*,*,#6867,.F.);
#3019=ORIENTED_EDGE('',*,*,#6868,.F.);
#3020=ORIENTED_EDGE('',*,*,#6869,.F.);
#3021=ORIENTED_EDGE('',*,*,#6870,.T.);
#3022=ORIENTED_EDGE('',*,*,#6392,.F.);
#3023=ORIENTED_EDGE('',*,*,#6871,.F.);
#3024=ORIENTED_EDGE('',*,*,#6872,.F.);
#3025=ORIENTED_EDGE('',*,*,#6873,.F.);
#3026=ORIENTED_EDGE('',*,*,#6874,.F.);
#3027=ORIENTED_EDGE('',*,*,#6875,.F.);
#3028=ORIENTED_EDGE('',*,*,#6876,.F.);
#3029=ORIENTED_EDGE('',*,*,#6877,.F.);
#3030=ORIENTED_EDGE('',*,*,#6878,.T.);
#3031=ORIENTED_EDGE('',*,*,#6866,.F.);
#3032=ORIENTED_EDGE('',*,*,#6609,.F.);
#3033=ORIENTED_EDGE('',*,*,#6862,.F.);
#3034=ORIENTED_EDGE('',*,*,#6836,.F.);
#3035=ORIENTED_EDGE('',*,*,#6519,.F.);
#3036=ORIENTED_EDGE('',*,*,#6414,.F.);
#3037=ORIENTED_EDGE('',*,*,#6524,.F.);
#3038=ORIENTED_EDGE('',*,*,#6393,.F.);
#3039=ORIENTED_EDGE('',*,*,#6870,.F.);
#3040=ORIENTED_EDGE('',*,*,#6879,.F.);
#3041=ORIENTED_EDGE('',*,*,#6770,.F.);
#3042=ORIENTED_EDGE('',*,*,#6880,.F.);
#3043=ORIENTED_EDGE('',*,*,#6411,.T.);
#3044=ORIENTED_EDGE('',*,*,#6881,.F.);
#3045=ORIENTED_EDGE('',*,*,#6766,.T.);
#3046=ORIENTED_EDGE('',*,*,#6882,.F.);
#3047=ORIENTED_EDGE('',*,*,#6883,.F.);
#3048=ORIENTED_EDGE('',*,*,#6884,.F.);
#3049=ORIENTED_EDGE('',*,*,#6883,.T.);
#3050=ORIENTED_EDGE('',*,*,#6885,.F.);
#3051=ORIENTED_EDGE('',*,*,#6886,.F.);
#3052=ORIENTED_EDGE('',*,*,#6887,.F.);
#3053=ORIENTED_EDGE('',*,*,#6886,.T.);
#3054=ORIENTED_EDGE('',*,*,#6888,.F.);
#3055=ORIENTED_EDGE('',*,*,#6618,.F.);
#3056=ORIENTED_EDGE('',*,*,#6889,.F.);
#3057=ORIENTED_EDGE('',*,*,#6616,.F.);
#3058=ORIENTED_EDGE('',*,*,#6890,.F.);
#3059=ORIENTED_EDGE('',*,*,#6768,.T.);
#3060=ORIENTED_EDGE('',*,*,#6891,.F.);
#3061=ORIENTED_EDGE('',*,*,#6892,.T.);
#3062=ORIENTED_EDGE('',*,*,#6893,.T.);
#3063=ORIENTED_EDGE('',*,*,#6894,.F.);
#3064=ORIENTED_EDGE('',*,*,#6893,.F.);
#3065=ORIENTED_EDGE('',*,*,#6895,.T.);
#3066=ORIENTED_EDGE('',*,*,#6896,.T.);
#3067=ORIENTED_EDGE('',*,*,#6897,.F.);
#3068=ORIENTED_EDGE('',*,*,#6896,.F.);
#3069=ORIENTED_EDGE('',*,*,#6898,.T.);
#3070=ORIENTED_EDGE('',*,*,#6899,.T.);
#3071=ORIENTED_EDGE('',*,*,#6900,.F.);
#3072=ORIENTED_EDGE('',*,*,#6899,.F.);
#3073=ORIENTED_EDGE('',*,*,#6901,.T.);
#3074=ORIENTED_EDGE('',*,*,#6902,.T.);
#3075=ORIENTED_EDGE('',*,*,#6903,.F.);
#3076=ORIENTED_EDGE('',*,*,#6902,.F.);
#3077=ORIENTED_EDGE('',*,*,#6904,.T.);
#3078=ORIENTED_EDGE('',*,*,#6905,.T.);
#3079=ORIENTED_EDGE('',*,*,#6906,.F.);
#3080=ORIENTED_EDGE('',*,*,#6905,.F.);
#3081=ORIENTED_EDGE('',*,*,#6907,.T.);
#3082=ORIENTED_EDGE('',*,*,#6613,.T.);
#3083=ORIENTED_EDGE('',*,*,#6908,.F.);
#3084=ORIENTED_EDGE('',*,*,#6611,.F.);
#3085=ORIENTED_EDGE('',*,*,#6909,.T.);
#3086=ORIENTED_EDGE('',*,*,#6891,.T.);
#3087=ORIENTED_EDGE('',*,*,#6910,.F.);
#3088=ORIENTED_EDGE('',*,*,#6911,.T.);
#3089=ORIENTED_EDGE('',*,*,#6912,.T.);
#3090=ORIENTED_EDGE('',*,*,#6913,.T.);
#3091=ORIENTED_EDGE('',*,*,#6914,.T.);
#3092=ORIENTED_EDGE('',*,*,#6915,.T.);
#3093=ORIENTED_EDGE('',*,*,#6916,.T.);
#3094=ORIENTED_EDGE('',*,*,#6917,.T.);
#3095=ORIENTED_EDGE('',*,*,#6918,.T.);
#3096=ORIENTED_EDGE('',*,*,#6919,.T.);
#3097=ORIENTED_EDGE('',*,*,#6920,.T.);
#3098=ORIENTED_EDGE('',*,*,#6921,.T.);
#3099=ORIENTED_EDGE('',*,*,#6922,.T.);
#3100=ORIENTED_EDGE('',*,*,#6923,.T.);
#3101=ORIENTED_EDGE('',*,*,#6924,.T.);
#3102=ORIENTED_EDGE('',*,*,#6925,.T.);
#3103=ORIENTED_EDGE('',*,*,#6926,.T.);
#3104=ORIENTED_EDGE('',*,*,#6927,.T.);
#3105=ORIENTED_EDGE('',*,*,#6928,.T.);
#3106=ORIENTED_EDGE('',*,*,#6929,.T.);
#3107=ORIENTED_EDGE('',*,*,#6930,.T.);
#3108=ORIENTED_EDGE('',*,*,#6931,.T.);
#3109=ORIENTED_EDGE('',*,*,#6932,.T.);
#3110=ORIENTED_EDGE('',*,*,#6933,.T.);
#3111=ORIENTED_EDGE('',*,*,#6934,.T.);
#3112=ORIENTED_EDGE('',*,*,#6935,.T.);
#3113=ORIENTED_EDGE('',*,*,#6936,.T.);
#3114=ORIENTED_EDGE('',*,*,#6937,.T.);
#3115=ORIENTED_EDGE('',*,*,#6938,.T.);
#3116=ORIENTED_EDGE('',*,*,#6939,.T.);
#3117=ORIENTED_EDGE('',*,*,#6940,.T.);
#3118=ORIENTED_EDGE('',*,*,#6941,.T.);
#3119=ORIENTED_EDGE('',*,*,#6942,.T.);
#3120=ORIENTED_EDGE('',*,*,#6943,.T.);
#3121=ORIENTED_EDGE('',*,*,#6944,.T.);
#3122=ORIENTED_EDGE('',*,*,#6945,.T.);
#3123=ORIENTED_EDGE('',*,*,#6946,.T.);
#3124=ORIENTED_EDGE('',*,*,#6947,.T.);
#3125=ORIENTED_EDGE('',*,*,#6948,.T.);
#3126=ORIENTED_EDGE('',*,*,#6949,.T.);
#3127=ORIENTED_EDGE('',*,*,#6950,.T.);
#3128=ORIENTED_EDGE('',*,*,#6951,.T.);
#3129=ORIENTED_EDGE('',*,*,#6952,.T.);
#3130=ORIENTED_EDGE('',*,*,#6953,.T.);
#3131=ORIENTED_EDGE('',*,*,#6954,.T.);
#3132=ORIENTED_EDGE('',*,*,#6955,.T.);
#3133=ORIENTED_EDGE('',*,*,#6956,.T.);
#3134=ORIENTED_EDGE('',*,*,#6957,.T.);
#3135=ORIENTED_EDGE('',*,*,#6958,.T.);
#3136=ORIENTED_EDGE('',*,*,#6959,.T.);
#3137=ORIENTED_EDGE('',*,*,#6960,.T.);
#3138=ORIENTED_EDGE('',*,*,#6961,.T.);
#3139=ORIENTED_EDGE('',*,*,#6962,.T.);
#3140=ORIENTED_EDGE('',*,*,#6963,.T.);
#3141=ORIENTED_EDGE('',*,*,#6964,.T.);
#3142=ORIENTED_EDGE('',*,*,#6965,.T.);
#3143=ORIENTED_EDGE('',*,*,#6966,.T.);
#3144=ORIENTED_EDGE('',*,*,#6967,.T.);
#3145=ORIENTED_EDGE('',*,*,#6968,.T.);
#3146=ORIENTED_EDGE('',*,*,#6969,.T.);
#3147=ORIENTED_EDGE('',*,*,#6970,.T.);
#3148=ORIENTED_EDGE('',*,*,#6971,.T.);
#3149=ORIENTED_EDGE('',*,*,#6972,.T.);
#3150=ORIENTED_EDGE('',*,*,#6973,.T.);
#3151=ORIENTED_EDGE('',*,*,#6974,.T.);
#3152=ORIENTED_EDGE('',*,*,#6975,.T.);
#3153=ORIENTED_EDGE('',*,*,#6976,.T.);
#3154=ORIENTED_EDGE('',*,*,#6977,.T.);
#3155=ORIENTED_EDGE('',*,*,#6978,.T.);
#3156=ORIENTED_EDGE('',*,*,#6979,.T.);
#3157=ORIENTED_EDGE('',*,*,#6980,.T.);
#3158=ORIENTED_EDGE('',*,*,#6981,.T.);
#3159=ORIENTED_EDGE('',*,*,#6982,.T.);
#3160=ORIENTED_EDGE('',*,*,#6983,.T.);
#3161=ORIENTED_EDGE('',*,*,#6984,.T.);
#3162=ORIENTED_EDGE('',*,*,#6985,.T.);
#3163=ORIENTED_EDGE('',*,*,#6986,.T.);
#3164=ORIENTED_EDGE('',*,*,#6987,.T.);
#3165=ORIENTED_EDGE('',*,*,#6988,.T.);
#3166=ORIENTED_EDGE('',*,*,#6989,.T.);
#3167=ORIENTED_EDGE('',*,*,#6990,.T.);
#3168=ORIENTED_EDGE('',*,*,#6991,.T.);
#3169=ORIENTED_EDGE('',*,*,#6992,.T.);
#3170=ORIENTED_EDGE('',*,*,#6993,.T.);
#3171=ORIENTED_EDGE('',*,*,#6994,.T.);
#3172=ORIENTED_EDGE('',*,*,#6995,.T.);
#3173=ORIENTED_EDGE('',*,*,#6996,.T.);
#3174=ORIENTED_EDGE('',*,*,#6997,.T.);
#3175=ORIENTED_EDGE('',*,*,#6998,.T.);
#3176=ORIENTED_EDGE('',*,*,#6999,.T.);
#3177=ORIENTED_EDGE('',*,*,#7000,.T.);
#3178=ORIENTED_EDGE('',*,*,#7001,.T.);
#3179=ORIENTED_EDGE('',*,*,#7002,.T.);
#3180=ORIENTED_EDGE('',*,*,#7003,.T.);
#3181=ORIENTED_EDGE('',*,*,#7004,.T.);
#3182=ORIENTED_EDGE('',*,*,#7005,.T.);
#3183=ORIENTED_EDGE('',*,*,#7006,.T.);
#3184=ORIENTED_EDGE('',*,*,#7007,.T.);
#3185=ORIENTED_EDGE('',*,*,#7008,.T.);
#3186=ORIENTED_EDGE('',*,*,#7009,.T.);
#3187=ORIENTED_EDGE('',*,*,#7010,.T.);
#3188=ORIENTED_EDGE('',*,*,#7011,.T.);
#3189=ORIENTED_EDGE('',*,*,#7012,.T.);
#3190=ORIENTED_EDGE('',*,*,#7013,.T.);
#3191=ORIENTED_EDGE('',*,*,#7014,.T.);
#3192=ORIENTED_EDGE('',*,*,#7015,.T.);
#3193=ORIENTED_EDGE('',*,*,#7016,.T.);
#3194=ORIENTED_EDGE('',*,*,#7017,.T.);
#3195=ORIENTED_EDGE('',*,*,#7018,.T.);
#3196=ORIENTED_EDGE('',*,*,#7019,.T.);
#3197=ORIENTED_EDGE('',*,*,#7020,.T.);
#3198=ORIENTED_EDGE('',*,*,#7021,.T.);
#3199=ORIENTED_EDGE('',*,*,#7022,.T.);
#3200=ORIENTED_EDGE('',*,*,#7023,.T.);
#3201=ORIENTED_EDGE('',*,*,#7024,.T.);
#3202=ORIENTED_EDGE('',*,*,#7025,.T.);
#3203=ORIENTED_EDGE('',*,*,#7026,.T.);
#3204=ORIENTED_EDGE('',*,*,#7027,.T.);
#3205=ORIENTED_EDGE('',*,*,#7028,.T.);
#3206=ORIENTED_EDGE('',*,*,#7029,.T.);
#3207=ORIENTED_EDGE('',*,*,#7030,.T.);
#3208=ORIENTED_EDGE('',*,*,#7031,.T.);
#3209=ORIENTED_EDGE('',*,*,#7032,.T.);
#3210=ORIENTED_EDGE('',*,*,#7033,.T.);
#3211=ORIENTED_EDGE('',*,*,#7034,.T.);
#3212=ORIENTED_EDGE('',*,*,#7035,.T.);
#3213=ORIENTED_EDGE('',*,*,#7036,.T.);
#3214=ORIENTED_EDGE('',*,*,#7037,.T.);
#3215=ORIENTED_EDGE('',*,*,#7038,.T.);
#3216=ORIENTED_EDGE('',*,*,#7039,.T.);
#3217=ORIENTED_EDGE('',*,*,#7040,.T.);
#3218=ORIENTED_EDGE('',*,*,#7041,.T.);
#3219=ORIENTED_EDGE('',*,*,#7042,.T.);
#3220=ORIENTED_EDGE('',*,*,#7043,.T.);
#3221=ORIENTED_EDGE('',*,*,#7044,.T.);
#3222=ORIENTED_EDGE('',*,*,#7045,.T.);
#3223=ORIENTED_EDGE('',*,*,#7046,.T.);
#3224=ORIENTED_EDGE('',*,*,#7047,.T.);
#3225=ORIENTED_EDGE('',*,*,#7048,.T.);
#3226=ORIENTED_EDGE('',*,*,#7049,.T.);
#3227=ORIENTED_EDGE('',*,*,#7050,.T.);
#3228=ORIENTED_EDGE('',*,*,#7051,.T.);
#3229=ORIENTED_EDGE('',*,*,#7052,.T.);
#3230=ORIENTED_EDGE('',*,*,#7053,.T.);
#3231=ORIENTED_EDGE('',*,*,#7054,.T.);
#3232=ORIENTED_EDGE('',*,*,#7055,.T.);
#3233=ORIENTED_EDGE('',*,*,#7056,.T.);
#3234=ORIENTED_EDGE('',*,*,#7057,.T.);
#3235=ORIENTED_EDGE('',*,*,#7058,.T.);
#3236=ORIENTED_EDGE('',*,*,#7059,.T.);
#3237=ORIENTED_EDGE('',*,*,#7060,.T.);
#3238=ORIENTED_EDGE('',*,*,#7061,.T.);
#3239=ORIENTED_EDGE('',*,*,#7062,.T.);
#3240=ORIENTED_EDGE('',*,*,#7063,.T.);
#3241=ORIENTED_EDGE('',*,*,#7064,.T.);
#3242=ORIENTED_EDGE('',*,*,#7065,.T.);
#3243=ORIENTED_EDGE('',*,*,#7066,.T.);
#3244=ORIENTED_EDGE('',*,*,#6894,.T.);
#3245=ORIENTED_EDGE('',*,*,#6897,.T.);
#3246=ORIENTED_EDGE('',*,*,#6900,.T.);
#3247=ORIENTED_EDGE('',*,*,#6903,.T.);
#3248=ORIENTED_EDGE('',*,*,#6906,.T.);
#3249=ORIENTED_EDGE('',*,*,#6908,.T.);
#3250=ORIENTED_EDGE('',*,*,#6612,.T.);
#3251=ORIENTED_EDGE('',*,*,#6910,.T.);
#3252=ORIENTED_EDGE('',*,*,#6764,.T.);
#3253=ORIENTED_EDGE('',*,*,#7067,.F.);
#3254=ORIENTED_EDGE('',*,*,#6620,.F.);
#3255=ORIENTED_EDGE('',*,*,#7068,.T.);
#3256=ORIENTED_EDGE('',*,*,#7069,.F.);
#3257=ORIENTED_EDGE('',*,*,#7070,.F.);
#3258=ORIENTED_EDGE('',*,*,#7071,.T.);
#3259=ORIENTED_EDGE('',*,*,#6871,.T.);
#3260=ORIENTED_EDGE('',*,*,#6391,.T.);
#3261=ORIENTED_EDGE('',*,*,#6525,.T.);
#3262=ORIENTED_EDGE('',*,*,#6412,.T.);
#3263=ORIENTED_EDGE('',*,*,#6880,.T.);
#3264=ORIENTED_EDGE('',*,*,#6769,.T.);
#3265=ORIENTED_EDGE('',*,*,#6890,.T.);
#3266=ORIENTED_EDGE('',*,*,#6615,.T.);
#3267=ORIENTED_EDGE('',*,*,#6875,.T.);
#3268=ORIENTED_EDGE('',*,*,#6882,.T.);
#3269=ORIENTED_EDGE('',*,*,#6765,.F.);
#3270=ORIENTED_EDGE('',*,*,#7068,.F.);
#3271=ORIENTED_EDGE('',*,*,#6619,.T.);
#3272=ORIENTED_EDGE('',*,*,#6888,.T.);
#3273=ORIENTED_EDGE('',*,*,#6885,.T.);
#3274=ORIENTED_EDGE('',*,*,#6881,.T.);
#3275=ORIENTED_EDGE('',*,*,#6884,.T.);
#3276=ORIENTED_EDGE('',*,*,#6887,.T.);
#3277=ORIENTED_EDGE('',*,*,#6617,.T.);
#3278=ORIENTED_EDGE('',*,*,#6889,.T.);
#3279=ORIENTED_EDGE('',*,*,#6767,.F.);
#3280=ORIENTED_EDGE('',*,*,#7072,.F.);
#3281=ORIENTED_EDGE('',*,*,#7073,.F.);
#3282=ORIENTED_EDGE('',*,*,#7074,.F.);
#3283=ORIENTED_EDGE('',*,*,#6388,.T.);
#3284=ORIENTED_EDGE('',*,*,#7075,.F.);
#3285=ORIENTED_EDGE('',*,*,#7076,.T.);
#3286=ORIENTED_EDGE('',*,*,#7077,.T.);
#3287=ORIENTED_EDGE('',*,*,#7078,.T.);
#3288=ORIENTED_EDGE('',*,*,#7077,.F.);
#3289=ORIENTED_EDGE('',*,*,#7079,.T.);
#3290=ORIENTED_EDGE('',*,*,#7080,.T.);
#3291=ORIENTED_EDGE('',*,*,#7081,.T.);
#3292=ORIENTED_EDGE('',*,*,#7080,.F.);
#3293=ORIENTED_EDGE('',*,*,#7082,.T.);
#3294=ORIENTED_EDGE('',*,*,#7083,.T.);
#3295=ORIENTED_EDGE('',*,*,#7084,.T.);
#3296=ORIENTED_EDGE('',*,*,#7083,.F.);
#3297=ORIENTED_EDGE('',*,*,#7085,.T.);
#3298=ORIENTED_EDGE('',*,*,#7086,.T.);
#3299=ORIENTED_EDGE('',*,*,#7087,.T.);
#3300=ORIENTED_EDGE('',*,*,#7086,.F.);
#3301=ORIENTED_EDGE('',*,*,#7088,.T.);
#3302=ORIENTED_EDGE('',*,*,#7089,.T.);
#3303=ORIENTED_EDGE('',*,*,#7090,.T.);
#3304=ORIENTED_EDGE('',*,*,#7089,.F.);
#3305=ORIENTED_EDGE('',*,*,#7091,.T.);
#3306=ORIENTED_EDGE('',*,*,#7092,.T.);
#3307=ORIENTED_EDGE('',*,*,#7093,.T.);
#3308=ORIENTED_EDGE('',*,*,#7092,.F.);
#3309=ORIENTED_EDGE('',*,*,#7094,.T.);
#3310=ORIENTED_EDGE('',*,*,#7095,.T.);
#3311=ORIENTED_EDGE('',*,*,#7096,.T.);
#3312=ORIENTED_EDGE('',*,*,#7095,.F.);
#3313=ORIENTED_EDGE('',*,*,#7097,.T.);
#3314=ORIENTED_EDGE('',*,*,#7098,.T.);
#3315=ORIENTED_EDGE('',*,*,#7099,.T.);
#3316=ORIENTED_EDGE('',*,*,#7098,.F.);
#3317=ORIENTED_EDGE('',*,*,#7100,.T.);
#3318=ORIENTED_EDGE('',*,*,#7101,.T.);
#3319=ORIENTED_EDGE('',*,*,#7102,.T.);
#3320=ORIENTED_EDGE('',*,*,#7101,.F.);
#3321=ORIENTED_EDGE('',*,*,#7103,.T.);
#3322=ORIENTED_EDGE('',*,*,#7104,.T.);
#3323=ORIENTED_EDGE('',*,*,#7105,.T.);
#3324=ORIENTED_EDGE('',*,*,#7104,.F.);
#3325=ORIENTED_EDGE('',*,*,#7106,.T.);
#3326=ORIENTED_EDGE('',*,*,#7107,.T.);
#3327=ORIENTED_EDGE('',*,*,#7108,.T.);
#3328=ORIENTED_EDGE('',*,*,#7107,.F.);
#3329=ORIENTED_EDGE('',*,*,#7109,.T.);
#3330=ORIENTED_EDGE('',*,*,#7075,.T.);
#3331=ORIENTED_EDGE('',*,*,#7110,.T.);
#3332=ORIENTED_EDGE('',*,*,#7078,.F.);
#3333=ORIENTED_EDGE('',*,*,#7081,.F.);
#3334=ORIENTED_EDGE('',*,*,#7084,.F.);
#3335=ORIENTED_EDGE('',*,*,#7087,.F.);
#3336=ORIENTED_EDGE('',*,*,#7090,.F.);
#3337=ORIENTED_EDGE('',*,*,#7093,.F.);
#3338=ORIENTED_EDGE('',*,*,#7096,.F.);
#3339=ORIENTED_EDGE('',*,*,#7099,.F.);
#3340=ORIENTED_EDGE('',*,*,#7102,.F.);
#3341=ORIENTED_EDGE('',*,*,#7105,.F.);
#3342=ORIENTED_EDGE('',*,*,#7108,.F.);
#3343=ORIENTED_EDGE('',*,*,#7110,.F.);
#3344=ORIENTED_EDGE('',*,*,#6774,.T.);
#3345=ORIENTED_EDGE('',*,*,#7111,.F.);
#3346=ORIENTED_EDGE('',*,*,#6407,.F.);
#3347=ORIENTED_EDGE('',*,*,#7112,.T.);
#3348=ORIENTED_EDGE('',*,*,#6773,.T.);
#3349=ORIENTED_EDGE('',*,*,#7113,.F.);
#3350=ORIENTED_EDGE('',*,*,#6408,.F.);
#3351=ORIENTED_EDGE('',*,*,#7111,.T.);
#3352=ORIENTED_EDGE('',*,*,#6772,.T.);
#3353=ORIENTED_EDGE('',*,*,#7114,.F.);
#3354=ORIENTED_EDGE('',*,*,#6409,.F.);
#3355=ORIENTED_EDGE('',*,*,#7113,.T.);
#3356=ORIENTED_EDGE('',*,*,#6771,.T.);
#3357=ORIENTED_EDGE('',*,*,#6879,.T.);
#3358=ORIENTED_EDGE('',*,*,#6410,.F.);
#3359=ORIENTED_EDGE('',*,*,#7114,.T.);
#3360=ORIENTED_EDGE('',*,*,#6775,.T.);
#3361=ORIENTED_EDGE('',*,*,#7112,.F.);
#3362=ORIENTED_EDGE('',*,*,#6406,.F.);
#3363=ORIENTED_EDGE('',*,*,#6484,.F.);
#3364=ORIENTED_EDGE('',*,*,#7115,.F.);
#3365=ORIENTED_EDGE('',*,*,#7062,.F.);
#3366=ORIENTED_EDGE('',*,*,#7116,.F.);
#3367=ORIENTED_EDGE('',*,*,#7088,.F.);
#3368=ORIENTED_EDGE('',*,*,#7116,.T.);
#3369=ORIENTED_EDGE('',*,*,#7061,.F.);
#3370=ORIENTED_EDGE('',*,*,#7117,.F.);
#3371=ORIENTED_EDGE('',*,*,#7091,.F.);
#3372=ORIENTED_EDGE('',*,*,#7115,.T.);
#3373=ORIENTED_EDGE('',*,*,#7085,.F.);
#3374=ORIENTED_EDGE('',*,*,#7118,.F.);
#3375=ORIENTED_EDGE('',*,*,#7063,.F.);
#3376=ORIENTED_EDGE('',*,*,#7117,.T.);
#3377=ORIENTED_EDGE('',*,*,#7060,.F.);
#3378=ORIENTED_EDGE('',*,*,#7119,.F.);
#3379=ORIENTED_EDGE('',*,*,#7094,.F.);
#3380=ORIENTED_EDGE('',*,*,#7118,.T.);
#3381=ORIENTED_EDGE('',*,*,#7082,.F.);
#3382=ORIENTED_EDGE('',*,*,#7120,.F.);
#3383=ORIENTED_EDGE('',*,*,#7064,.F.);
#3384=ORIENTED_EDGE('',*,*,#7119,.T.);
#3385=ORIENTED_EDGE('',*,*,#7059,.F.);
#3386=ORIENTED_EDGE('',*,*,#7121,.F.);
#3387=ORIENTED_EDGE('',*,*,#7097,.F.);
#3388=ORIENTED_EDGE('',*,*,#7120,.T.);
#3389=ORIENTED_EDGE('',*,*,#7079,.F.);
#3390=ORIENTED_EDGE('',*,*,#7122,.F.);
#3391=ORIENTED_EDGE('',*,*,#7065,.F.);
#3392=ORIENTED_EDGE('',*,*,#7121,.T.);
#3393=ORIENTED_EDGE('',*,*,#7058,.F.);
#3394=ORIENTED_EDGE('',*,*,#7123,.F.);
#3395=ORIENTED_EDGE('',*,*,#7100,.F.);
#3396=ORIENTED_EDGE('',*,*,#7122,.T.);
#3397=ORIENTED_EDGE('',*,*,#7076,.F.);
#3398=ORIENTED_EDGE('',*,*,#7124,.F.);
#3399=ORIENTED_EDGE('',*,*,#7066,.F.);
#3400=ORIENTED_EDGE('',*,*,#7123,.T.);
#3401=ORIENTED_EDGE('',*,*,#7057,.F.);
#3402=ORIENTED_EDGE('',*,*,#7125,.F.);
#3403=ORIENTED_EDGE('',*,*,#7103,.F.);
#3404=ORIENTED_EDGE('',*,*,#7124,.T.);
#3405=ORIENTED_EDGE('',*,*,#7109,.F.);
#3406=ORIENTED_EDGE('',*,*,#7126,.F.);
#3407=ORIENTED_EDGE('',*,*,#7055,.F.);
#3408=ORIENTED_EDGE('',*,*,#7125,.T.);
#3409=ORIENTED_EDGE('',*,*,#7056,.F.);
#3410=ORIENTED_EDGE('',*,*,#7126,.T.);
#3411=ORIENTED_EDGE('',*,*,#7106,.F.);
#3412=ORIENTED_EDGE('',*,*,#6387,.F.);
#3413=ORIENTED_EDGE('',*,*,#6528,.F.);
#3414=ORIENTED_EDGE('',*,*,#7127,.F.);
#3415=ORIENTED_EDGE('',*,*,#7072,.T.);
#3416=ORIENTED_EDGE('',*,*,#7127,.T.);
#3417=ORIENTED_EDGE('',*,*,#6527,.F.);
#3418=ORIENTED_EDGE('',*,*,#7128,.F.);
#3419=ORIENTED_EDGE('',*,*,#7073,.T.);
#3420=ORIENTED_EDGE('',*,*,#7128,.T.);
#3421=ORIENTED_EDGE('',*,*,#6526,.F.);
#3422=ORIENTED_EDGE('',*,*,#6389,.F.);
#3423=ORIENTED_EDGE('',*,*,#7074,.T.);
#3424=ORIENTED_EDGE('',*,*,#7129,.F.);
#3425=ORIENTED_EDGE('',*,*,#7130,.T.);
#3426=ORIENTED_EDGE('',*,*,#7069,.T.);
#3427=ORIENTED_EDGE('',*,*,#6874,.T.);
#3428=ORIENTED_EDGE('',*,*,#7131,.F.);
#3429=ORIENTED_EDGE('',*,*,#7132,.T.);
#3430=ORIENTED_EDGE('',*,*,#7129,.T.);
#3431=ORIENTED_EDGE('',*,*,#6873,.T.);
#3432=ORIENTED_EDGE('',*,*,#7071,.F.);
#3433=ORIENTED_EDGE('',*,*,#7133,.T.);
#3434=ORIENTED_EDGE('',*,*,#7131,.T.);
#3435=ORIENTED_EDGE('',*,*,#6872,.T.);
#3436=ORIENTED_EDGE('',*,*,#7134,.F.);
#3437=ORIENTED_EDGE('',*,*,#7135,.T.);
#3438=ORIENTED_EDGE('',*,*,#7136,.T.);
#3439=ORIENTED_EDGE('',*,*,#6868,.T.);
#3440=ORIENTED_EDGE('',*,*,#6878,.F.);
#3441=ORIENTED_EDGE('',*,*,#7137,.T.);
#3442=ORIENTED_EDGE('',*,*,#7134,.T.);
#3443=ORIENTED_EDGE('',*,*,#6867,.T.);
#3444=ORIENTED_EDGE('',*,*,#7136,.F.);
#3445=ORIENTED_EDGE('',*,*,#7138,.T.);
#3446=ORIENTED_EDGE('',*,*,#6876,.T.);
#3447=ORIENTED_EDGE('',*,*,#6869,.T.);
#3448=ORIENTED_EDGE('',*,*,#7138,.F.);
#3449=ORIENTED_EDGE('',*,*,#7135,.F.);
#3450=ORIENTED_EDGE('',*,*,#7137,.F.);
#3451=ORIENTED_EDGE('',*,*,#6877,.T.);
#3452=ORIENTED_EDGE('',*,*,#7130,.F.);
#3453=ORIENTED_EDGE('',*,*,#7132,.F.);
#3454=ORIENTED_EDGE('',*,*,#7133,.F.);
#3455=ORIENTED_EDGE('',*,*,#7070,.T.);
#3456=ORIENTED_EDGE('',*,*,#7139,.F.);
#3457=ORIENTED_EDGE('',*,*,#7140,.T.);
#3458=ORIENTED_EDGE('',*,*,#6336,.T.);
#3459=ORIENTED_EDGE('',*,*,#7141,.T.);
#3460=ORIENTED_EDGE('',*,*,#6338,.T.);
#3461=ORIENTED_EDGE('',*,*,#7142,.T.);
#3462=ORIENTED_EDGE('',*,*,#7143,.F.);
#3463=ORIENTED_EDGE('',*,*,#7144,.T.);
#3464=ORIENTED_EDGE('',*,*,#7143,.T.);
#3465=ORIENTED_EDGE('',*,*,#7145,.T.);
#3466=ORIENTED_EDGE('',*,*,#7139,.T.);
#3467=ORIENTED_EDGE('',*,*,#7146,.T.);
#3468=ORIENTED_EDGE('',*,*,#7142,.F.);
#3469=ORIENTED_EDGE('',*,*,#6337,.T.);
#3470=ORIENTED_EDGE('',*,*,#7140,.F.);
#3471=ORIENTED_EDGE('',*,*,#7145,.F.);
#3472=ORIENTED_EDGE('',*,*,#7141,.F.);
#3473=ORIENTED_EDGE('',*,*,#6339,.T.);
#3474=ORIENTED_EDGE('',*,*,#7144,.F.);
#3475=ORIENTED_EDGE('',*,*,#7146,.F.);
#3476=ORIENTED_EDGE('',*,*,#7147,.F.);
#3477=ORIENTED_EDGE('',*,*,#6892,.F.);
#3478=ORIENTED_EDGE('',*,*,#6909,.F.);
#3479=ORIENTED_EDGE('',*,*,#6865,.F.);
#3480=ORIENTED_EDGE('',*,*,#6895,.F.);
#3481=ORIENTED_EDGE('',*,*,#7147,.T.);
#3482=ORIENTED_EDGE('',*,*,#7148,.F.);
#3483=ORIENTED_EDGE('',*,*,#7149,.F.);
#3484=ORIENTED_EDGE('',*,*,#6898,.F.);
#3485=ORIENTED_EDGE('',*,*,#7148,.T.);
#3486=ORIENTED_EDGE('',*,*,#6864,.F.);
#3487=ORIENTED_EDGE('',*,*,#6901,.F.);
#3488=ORIENTED_EDGE('',*,*,#7149,.T.);
#3489=ORIENTED_EDGE('',*,*,#7150,.F.);
#3490=ORIENTED_EDGE('',*,*,#7150,.T.);
#3491=ORIENTED_EDGE('',*,*,#6863,.F.);
#3492=ORIENTED_EDGE('',*,*,#6907,.F.);
#3493=ORIENTED_EDGE('',*,*,#6904,.F.);
#3494=ORIENTED_EDGE('',*,*,#6723,.T.);
#3495=ORIENTED_EDGE('',*,*,#6727,.T.);
#3496=ORIENTED_EDGE('',*,*,#6729,.T.);
#3497=ORIENTED_EDGE('',*,*,#6621,.T.);
#3498=ORIENTED_EDGE('',*,*,#7067,.T.);
#3499=ORIENTED_EDGE('',*,*,#6763,.F.);
#3500=ORIENTED_EDGE('',*,*,#6714,.T.);
#3501=ORIENTED_EDGE('',*,*,#6718,.T.);
#3502=ORIENTED_EDGE('',*,*,#6720,.T.);
#3503=ORIENTED_EDGE('',*,*,#6565,.T.);
#3504=ORIENTED_EDGE('',*,*,#6840,.T.);
#3505=ORIENTED_EDGE('',*,*,#6760,.F.);
#3506=ORIENTED_EDGE('',*,*,#6705,.T.);
#3507=ORIENTED_EDGE('',*,*,#6709,.T.);
#3508=ORIENTED_EDGE('',*,*,#6711,.T.);
#3509=ORIENTED_EDGE('',*,*,#6569,.T.);
#3510=ORIENTED_EDGE('',*,*,#6842,.T.);
#3511=ORIENTED_EDGE('',*,*,#6757,.F.);
#3512=ORIENTED_EDGE('',*,*,#6696,.T.);
#3513=ORIENTED_EDGE('',*,*,#6700,.T.);
#3514=ORIENTED_EDGE('',*,*,#6702,.T.);
#3515=ORIENTED_EDGE('',*,*,#6573,.T.);
#3516=ORIENTED_EDGE('',*,*,#6844,.T.);
#3517=ORIENTED_EDGE('',*,*,#6754,.F.);
#3518=ORIENTED_EDGE('',*,*,#6687,.T.);
#3519=ORIENTED_EDGE('',*,*,#6691,.T.);
#3520=ORIENTED_EDGE('',*,*,#6693,.T.);
#3521=ORIENTED_EDGE('',*,*,#6577,.T.);
#3522=ORIENTED_EDGE('',*,*,#6846,.T.);
#3523=ORIENTED_EDGE('',*,*,#6751,.F.);
#3524=ORIENTED_EDGE('',*,*,#6678,.T.);
#3525=ORIENTED_EDGE('',*,*,#6682,.T.);
#3526=ORIENTED_EDGE('',*,*,#6684,.T.);
#3527=ORIENTED_EDGE('',*,*,#6581,.T.);
#3528=ORIENTED_EDGE('',*,*,#6848,.T.);
#3529=ORIENTED_EDGE('',*,*,#6748,.F.);
#3530=ORIENTED_EDGE('',*,*,#6669,.T.);
#3531=ORIENTED_EDGE('',*,*,#6673,.T.);
#3532=ORIENTED_EDGE('',*,*,#6675,.T.);
#3533=ORIENTED_EDGE('',*,*,#6585,.T.);
#3534=ORIENTED_EDGE('',*,*,#6850,.T.);
#3535=ORIENTED_EDGE('',*,*,#6745,.F.);
#3536=ORIENTED_EDGE('',*,*,#6660,.T.);
#3537=ORIENTED_EDGE('',*,*,#6664,.T.);
#3538=ORIENTED_EDGE('',*,*,#6666,.T.);
#3539=ORIENTED_EDGE('',*,*,#6589,.T.);
#3540=ORIENTED_EDGE('',*,*,#6852,.T.);
#3541=ORIENTED_EDGE('',*,*,#6742,.F.);
#3542=ORIENTED_EDGE('',*,*,#6651,.T.);
#3543=ORIENTED_EDGE('',*,*,#6655,.T.);
#3544=ORIENTED_EDGE('',*,*,#6657,.T.);
#3545=ORIENTED_EDGE('',*,*,#6593,.T.);
#3546=ORIENTED_EDGE('',*,*,#6854,.T.);
#3547=ORIENTED_EDGE('',*,*,#6739,.F.);
#3548=ORIENTED_EDGE('',*,*,#6642,.T.);
#3549=ORIENTED_EDGE('',*,*,#6646,.T.);
#3550=ORIENTED_EDGE('',*,*,#6648,.T.);
#3551=ORIENTED_EDGE('',*,*,#6597,.T.);
#3552=ORIENTED_EDGE('',*,*,#6856,.T.);
#3553=ORIENTED_EDGE('',*,*,#6736,.F.);
#3554=ORIENTED_EDGE('',*,*,#6633,.T.);
#3555=ORIENTED_EDGE('',*,*,#6637,.T.);
#3556=ORIENTED_EDGE('',*,*,#6639,.T.);
#3557=ORIENTED_EDGE('',*,*,#6601,.T.);
#3558=ORIENTED_EDGE('',*,*,#6858,.T.);
#3559=ORIENTED_EDGE('',*,*,#6733,.F.);
#3560=ORIENTED_EDGE('',*,*,#6624,.T.);
#3561=ORIENTED_EDGE('',*,*,#6628,.T.);
#3562=ORIENTED_EDGE('',*,*,#6630,.T.);
#3563=ORIENTED_EDGE('',*,*,#6605,.T.);
#3564=ORIENTED_EDGE('',*,*,#6860,.T.);
#3565=ORIENTED_EDGE('',*,*,#6730,.F.);
#3566=ORIENTED_EDGE('',*,*,#6721,.T.);
#3567=ORIENTED_EDGE('',*,*,#6762,.F.);
#3568=ORIENTED_EDGE('',*,*,#6839,.F.);
#3569=ORIENTED_EDGE('',*,*,#6563,.T.);
#3570=ORIENTED_EDGE('',*,*,#6728,.T.);
#3571=ORIENTED_EDGE('',*,*,#6725,.T.);
#3572=ORIENTED_EDGE('',*,*,#6712,.T.);
#3573=ORIENTED_EDGE('',*,*,#6759,.F.);
#3574=ORIENTED_EDGE('',*,*,#6841,.F.);
#3575=ORIENTED_EDGE('',*,*,#6567,.T.);
#3576=ORIENTED_EDGE('',*,*,#6719,.T.);
#3577=ORIENTED_EDGE('',*,*,#6716,.T.);
#3578=ORIENTED_EDGE('',*,*,#6703,.T.);
#3579=ORIENTED_EDGE('',*,*,#6756,.F.);
#3580=ORIENTED_EDGE('',*,*,#6843,.F.);
#3581=ORIENTED_EDGE('',*,*,#6571,.T.);
#3582=ORIENTED_EDGE('',*,*,#6710,.T.);
#3583=ORIENTED_EDGE('',*,*,#6707,.T.);
#3584=ORIENTED_EDGE('',*,*,#6694,.T.);
#3585=ORIENTED_EDGE('',*,*,#6753,.F.);
#3586=ORIENTED_EDGE('',*,*,#6845,.F.);
#3587=ORIENTED_EDGE('',*,*,#6575,.T.);
#3588=ORIENTED_EDGE('',*,*,#6701,.T.);
#3589=ORIENTED_EDGE('',*,*,#6698,.T.);
#3590=ORIENTED_EDGE('',*,*,#6685,.T.);
#3591=ORIENTED_EDGE('',*,*,#6750,.F.);
#3592=ORIENTED_EDGE('',*,*,#6847,.F.);
#3593=ORIENTED_EDGE('',*,*,#6579,.T.);
#3594=ORIENTED_EDGE('',*,*,#6692,.T.);
#3595=ORIENTED_EDGE('',*,*,#6689,.T.);
#3596=ORIENTED_EDGE('',*,*,#6676,.T.);
#3597=ORIENTED_EDGE('',*,*,#6747,.F.);
#3598=ORIENTED_EDGE('',*,*,#6849,.F.);
#3599=ORIENTED_EDGE('',*,*,#6583,.T.);
#3600=ORIENTED_EDGE('',*,*,#6683,.T.);
#3601=ORIENTED_EDGE('',*,*,#6680,.T.);
#3602=ORIENTED_EDGE('',*,*,#6667,.T.);
#3603=ORIENTED_EDGE('',*,*,#6744,.F.);
#3604=ORIENTED_EDGE('',*,*,#6851,.F.);
#3605=ORIENTED_EDGE('',*,*,#6587,.T.);
#3606=ORIENTED_EDGE('',*,*,#6674,.T.);
#3607=ORIENTED_EDGE('',*,*,#6671,.T.);
#3608=ORIENTED_EDGE('',*,*,#6658,.T.);
#3609=ORIENTED_EDGE('',*,*,#6741,.F.);
#3610=ORIENTED_EDGE('',*,*,#6853,.F.);
#3611=ORIENTED_EDGE('',*,*,#6591,.T.);
#3612=ORIENTED_EDGE('',*,*,#6665,.T.);
#3613=ORIENTED_EDGE('',*,*,#6662,.T.);
#3614=ORIENTED_EDGE('',*,*,#6649,.T.);
#3615=ORIENTED_EDGE('',*,*,#6738,.F.);
#3616=ORIENTED_EDGE('',*,*,#6855,.F.);
#3617=ORIENTED_EDGE('',*,*,#6595,.T.);
#3618=ORIENTED_EDGE('',*,*,#6656,.T.);
#3619=ORIENTED_EDGE('',*,*,#6653,.T.);
#3620=ORIENTED_EDGE('',*,*,#6640,.T.);
#3621=ORIENTED_EDGE('',*,*,#6735,.F.);
#3622=ORIENTED_EDGE('',*,*,#6857,.F.);
#3623=ORIENTED_EDGE('',*,*,#6599,.T.);
#3624=ORIENTED_EDGE('',*,*,#6647,.T.);
#3625=ORIENTED_EDGE('',*,*,#6644,.T.);
#3626=ORIENTED_EDGE('',*,*,#6631,.T.);
#3627=ORIENTED_EDGE('',*,*,#6732,.F.);
#3628=ORIENTED_EDGE('',*,*,#6859,.F.);
#3629=ORIENTED_EDGE('',*,*,#6603,.T.);
#3630=ORIENTED_EDGE('',*,*,#6638,.T.);
#3631=ORIENTED_EDGE('',*,*,#6635,.T.);
#3632=ORIENTED_EDGE('',*,*,#6622,.T.);
#3633=ORIENTED_EDGE('',*,*,#6838,.F.);
#3634=ORIENTED_EDGE('',*,*,#6861,.F.);
#3635=ORIENTED_EDGE('',*,*,#6607,.T.);
#3636=ORIENTED_EDGE('',*,*,#6629,.T.);
#3637=ORIENTED_EDGE('',*,*,#6626,.T.);
#3638=ORIENTED_EDGE('',*,*,#7151,.T.);
#3639=ORIENTED_EDGE('',*,*,#7152,.T.);
#3640=ORIENTED_EDGE('',*,*,#7153,.T.);
#3641=ORIENTED_EDGE('',*,*,#6340,.T.);
#3642=ORIENTED_EDGE('',*,*,#7154,.T.);
#3643=ORIENTED_EDGE('',*,*,#7155,.T.);
#3644=ORIENTED_EDGE('',*,*,#7156,.T.);
#3645=ORIENTED_EDGE('',*,*,#6344,.T.);
#3646=ORIENTED_EDGE('',*,*,#7157,.T.);
#3647=ORIENTED_EDGE('',*,*,#7158,.T.);
#3648=ORIENTED_EDGE('',*,*,#7159,.T.);
#3649=ORIENTED_EDGE('',*,*,#6348,.T.);
#3650=ORIENTED_EDGE('',*,*,#7160,.T.);
#3651=ORIENTED_EDGE('',*,*,#7161,.T.);
#3652=ORIENTED_EDGE('',*,*,#7162,.T.);
#3653=ORIENTED_EDGE('',*,*,#6352,.T.);
#3654=ORIENTED_EDGE('',*,*,#7163,.T.);
#3655=ORIENTED_EDGE('',*,*,#7164,.T.);
#3656=ORIENTED_EDGE('',*,*,#7165,.T.);
#3657=ORIENTED_EDGE('',*,*,#6356,.T.);
#3658=ORIENTED_EDGE('',*,*,#7166,.T.);
#3659=ORIENTED_EDGE('',*,*,#7167,.T.);
#3660=ORIENTED_EDGE('',*,*,#7168,.T.);
#3661=ORIENTED_EDGE('',*,*,#6360,.T.);
#3662=ORIENTED_EDGE('',*,*,#7169,.T.);
#3663=ORIENTED_EDGE('',*,*,#7170,.T.);
#3664=ORIENTED_EDGE('',*,*,#7171,.T.);
#3665=ORIENTED_EDGE('',*,*,#6364,.T.);
#3666=ORIENTED_EDGE('',*,*,#7172,.T.);
#3667=ORIENTED_EDGE('',*,*,#7173,.T.);
#3668=ORIENTED_EDGE('',*,*,#7174,.T.);
#3669=ORIENTED_EDGE('',*,*,#6368,.T.);
#3670=ORIENTED_EDGE('',*,*,#7175,.T.);
#3671=ORIENTED_EDGE('',*,*,#7176,.T.);
#3672=ORIENTED_EDGE('',*,*,#7177,.T.);
#3673=ORIENTED_EDGE('',*,*,#6372,.T.);
#3674=ORIENTED_EDGE('',*,*,#7178,.T.);
#3675=ORIENTED_EDGE('',*,*,#7179,.T.);
#3676=ORIENTED_EDGE('',*,*,#7180,.T.);
#3677=ORIENTED_EDGE('',*,*,#6376,.T.);
#3678=ORIENTED_EDGE('',*,*,#7181,.T.);
#3679=ORIENTED_EDGE('',*,*,#7182,.T.);
#3680=ORIENTED_EDGE('',*,*,#7183,.T.);
#3681=ORIENTED_EDGE('',*,*,#6380,.T.);
#3682=ORIENTED_EDGE('',*,*,#7184,.T.);
#3683=ORIENTED_EDGE('',*,*,#7185,.T.);
#3684=ORIENTED_EDGE('',*,*,#7186,.T.);
#3685=ORIENTED_EDGE('',*,*,#6384,.T.);
#3686=ORIENTED_EDGE('',*,*,#7187,.T.);
#3687=ORIENTED_EDGE('',*,*,#7188,.T.);
#3688=ORIENTED_EDGE('',*,*,#7189,.F.);
#3689=ORIENTED_EDGE('',*,*,#7190,.F.);
#3690=ORIENTED_EDGE('',*,*,#7189,.T.);
#3691=ORIENTED_EDGE('',*,*,#7191,.T.);
#3692=ORIENTED_EDGE('',*,*,#7192,.F.);
#3693=ORIENTED_EDGE('',*,*,#7193,.F.);
#3694=ORIENTED_EDGE('',*,*,#7192,.T.);
#3695=ORIENTED_EDGE('',*,*,#7194,.T.);
#3696=ORIENTED_EDGE('',*,*,#7195,.F.);
#3697=ORIENTED_EDGE('',*,*,#7196,.F.);
#3698=ORIENTED_EDGE('',*,*,#7195,.T.);
#3699=ORIENTED_EDGE('',*,*,#7197,.T.);
#3700=ORIENTED_EDGE('',*,*,#7198,.F.);
#3701=ORIENTED_EDGE('',*,*,#7199,.F.);
#3702=ORIENTED_EDGE('',*,*,#7198,.T.);
#3703=ORIENTED_EDGE('',*,*,#7200,.T.);
#3704=ORIENTED_EDGE('',*,*,#7201,.F.);
#3705=ORIENTED_EDGE('',*,*,#7202,.F.);
#3706=ORIENTED_EDGE('',*,*,#7201,.T.);
#3707=ORIENTED_EDGE('',*,*,#7203,.T.);
#3708=ORIENTED_EDGE('',*,*,#7204,.F.);
#3709=ORIENTED_EDGE('',*,*,#7205,.F.);
#3710=ORIENTED_EDGE('',*,*,#7204,.T.);
#3711=ORIENTED_EDGE('',*,*,#7206,.T.);
#3712=ORIENTED_EDGE('',*,*,#7207,.F.);
#3713=ORIENTED_EDGE('',*,*,#7208,.F.);
#3714=ORIENTED_EDGE('',*,*,#7207,.T.);
#3715=ORIENTED_EDGE('',*,*,#7209,.T.);
#3716=ORIENTED_EDGE('',*,*,#7210,.F.);
#3717=ORIENTED_EDGE('',*,*,#7211,.F.);
#3718=ORIENTED_EDGE('',*,*,#7210,.T.);
#3719=ORIENTED_EDGE('',*,*,#7212,.T.);
#3720=ORIENTED_EDGE('',*,*,#7213,.F.);
#3721=ORIENTED_EDGE('',*,*,#7214,.F.);
#3722=ORIENTED_EDGE('',*,*,#7213,.T.);
#3723=ORIENTED_EDGE('',*,*,#7215,.T.);
#3724=ORIENTED_EDGE('',*,*,#7216,.F.);
#3725=ORIENTED_EDGE('',*,*,#7217,.F.);
#3726=ORIENTED_EDGE('',*,*,#7216,.T.);
#3727=ORIENTED_EDGE('',*,*,#7218,.T.);
#3728=ORIENTED_EDGE('',*,*,#7219,.F.);
#3729=ORIENTED_EDGE('',*,*,#7220,.F.);
#3730=ORIENTED_EDGE('',*,*,#7219,.T.);
#3731=ORIENTED_EDGE('',*,*,#7221,.T.);
#3732=ORIENTED_EDGE('',*,*,#7187,.F.);
#3733=ORIENTED_EDGE('',*,*,#7222,.F.);
#3734=ORIENTED_EDGE('',*,*,#7190,.T.);
#3735=ORIENTED_EDGE('',*,*,#7193,.T.);
#3736=ORIENTED_EDGE('',*,*,#7196,.T.);
#3737=ORIENTED_EDGE('',*,*,#7199,.T.);
#3738=ORIENTED_EDGE('',*,*,#7202,.T.);
#3739=ORIENTED_EDGE('',*,*,#7205,.T.);
#3740=ORIENTED_EDGE('',*,*,#7208,.T.);
#3741=ORIENTED_EDGE('',*,*,#7211,.T.);
#3742=ORIENTED_EDGE('',*,*,#7214,.T.);
#3743=ORIENTED_EDGE('',*,*,#7217,.T.);
#3744=ORIENTED_EDGE('',*,*,#7220,.T.);
#3745=ORIENTED_EDGE('',*,*,#7222,.T.);
#3746=ORIENTED_EDGE('',*,*,#7223,.T.);
#3747=ORIENTED_EDGE('',*,*,#7224,.T.);
#3748=ORIENTED_EDGE('',*,*,#7225,.F.);
#3749=ORIENTED_EDGE('',*,*,#7226,.F.);
#3750=ORIENTED_EDGE('',*,*,#7225,.T.);
#3751=ORIENTED_EDGE('',*,*,#7227,.T.);
#3752=ORIENTED_EDGE('',*,*,#7228,.F.);
#3753=ORIENTED_EDGE('',*,*,#7229,.F.);
#3754=ORIENTED_EDGE('',*,*,#7228,.T.);
#3755=ORIENTED_EDGE('',*,*,#7230,.T.);
#3756=ORIENTED_EDGE('',*,*,#7231,.F.);
#3757=ORIENTED_EDGE('',*,*,#7232,.F.);
#3758=ORIENTED_EDGE('',*,*,#7231,.T.);
#3759=ORIENTED_EDGE('',*,*,#7233,.T.);
#3760=ORIENTED_EDGE('',*,*,#7234,.F.);
#3761=ORIENTED_EDGE('',*,*,#7235,.F.);
#3762=ORIENTED_EDGE('',*,*,#7234,.T.);
#3763=ORIENTED_EDGE('',*,*,#7236,.T.);
#3764=ORIENTED_EDGE('',*,*,#7237,.F.);
#3765=ORIENTED_EDGE('',*,*,#7238,.F.);
#3766=ORIENTED_EDGE('',*,*,#7237,.T.);
#3767=ORIENTED_EDGE('',*,*,#7239,.T.);
#3768=ORIENTED_EDGE('',*,*,#7240,.F.);
#3769=ORIENTED_EDGE('',*,*,#7241,.F.);
#3770=ORIENTED_EDGE('',*,*,#7240,.T.);
#3771=ORIENTED_EDGE('',*,*,#7242,.T.);
#3772=ORIENTED_EDGE('',*,*,#7243,.F.);
#3773=ORIENTED_EDGE('',*,*,#7244,.F.);
#3774=ORIENTED_EDGE('',*,*,#7243,.T.);
#3775=ORIENTED_EDGE('',*,*,#7245,.T.);
#3776=ORIENTED_EDGE('',*,*,#7246,.F.);
#3777=ORIENTED_EDGE('',*,*,#7247,.F.);
#3778=ORIENTED_EDGE('',*,*,#7246,.T.);
#3779=ORIENTED_EDGE('',*,*,#7248,.T.);
#3780=ORIENTED_EDGE('',*,*,#7249,.F.);
#3781=ORIENTED_EDGE('',*,*,#7250,.F.);
#3782=ORIENTED_EDGE('',*,*,#7249,.T.);
#3783=ORIENTED_EDGE('',*,*,#7251,.T.);
#3784=ORIENTED_EDGE('',*,*,#7252,.F.);
#3785=ORIENTED_EDGE('',*,*,#7253,.F.);
#3786=ORIENTED_EDGE('',*,*,#7252,.T.);
#3787=ORIENTED_EDGE('',*,*,#7254,.T.);
#3788=ORIENTED_EDGE('',*,*,#7255,.F.);
#3789=ORIENTED_EDGE('',*,*,#7256,.F.);
#3790=ORIENTED_EDGE('',*,*,#7255,.T.);
#3791=ORIENTED_EDGE('',*,*,#7257,.T.);
#3792=ORIENTED_EDGE('',*,*,#7223,.F.);
#3793=ORIENTED_EDGE('',*,*,#7258,.F.);
#3794=ORIENTED_EDGE('',*,*,#7226,.T.);
#3795=ORIENTED_EDGE('',*,*,#7229,.T.);
#3796=ORIENTED_EDGE('',*,*,#7232,.T.);
#3797=ORIENTED_EDGE('',*,*,#7235,.T.);
#3798=ORIENTED_EDGE('',*,*,#7238,.T.);
#3799=ORIENTED_EDGE('',*,*,#7241,.T.);
#3800=ORIENTED_EDGE('',*,*,#7244,.T.);
#3801=ORIENTED_EDGE('',*,*,#7247,.T.);
#3802=ORIENTED_EDGE('',*,*,#7250,.T.);
#3803=ORIENTED_EDGE('',*,*,#7253,.T.);
#3804=ORIENTED_EDGE('',*,*,#7256,.T.);
#3805=ORIENTED_EDGE('',*,*,#7258,.T.);
#3806=ORIENTED_EDGE('',*,*,#7259,.T.);
#3807=ORIENTED_EDGE('',*,*,#7260,.T.);
#3808=ORIENTED_EDGE('',*,*,#7261,.F.);
#3809=ORIENTED_EDGE('',*,*,#7262,.F.);
#3810=ORIENTED_EDGE('',*,*,#7261,.T.);
#3811=ORIENTED_EDGE('',*,*,#7263,.T.);
#3812=ORIENTED_EDGE('',*,*,#7264,.F.);
#3813=ORIENTED_EDGE('',*,*,#7265,.F.);
#3814=ORIENTED_EDGE('',*,*,#7264,.T.);
#3815=ORIENTED_EDGE('',*,*,#7266,.T.);
#3816=ORIENTED_EDGE('',*,*,#7267,.F.);
#3817=ORIENTED_EDGE('',*,*,#7268,.F.);
#3818=ORIENTED_EDGE('',*,*,#7267,.T.);
#3819=ORIENTED_EDGE('',*,*,#7269,.T.);
#3820=ORIENTED_EDGE('',*,*,#7270,.F.);
#3821=ORIENTED_EDGE('',*,*,#7271,.F.);
#3822=ORIENTED_EDGE('',*,*,#7270,.T.);
#3823=ORIENTED_EDGE('',*,*,#7272,.T.);
#3824=ORIENTED_EDGE('',*,*,#7273,.F.);
#3825=ORIENTED_EDGE('',*,*,#7274,.F.);
#3826=ORIENTED_EDGE('',*,*,#7273,.T.);
#3827=ORIENTED_EDGE('',*,*,#7275,.T.);
#3828=ORIENTED_EDGE('',*,*,#7276,.F.);
#3829=ORIENTED_EDGE('',*,*,#7277,.F.);
#3830=ORIENTED_EDGE('',*,*,#7276,.T.);
#3831=ORIENTED_EDGE('',*,*,#7278,.T.);
#3832=ORIENTED_EDGE('',*,*,#7279,.F.);
#3833=ORIENTED_EDGE('',*,*,#7280,.F.);
#3834=ORIENTED_EDGE('',*,*,#7279,.T.);
#3835=ORIENTED_EDGE('',*,*,#7281,.T.);
#3836=ORIENTED_EDGE('',*,*,#7282,.F.);
#3837=ORIENTED_EDGE('',*,*,#7283,.F.);
#3838=ORIENTED_EDGE('',*,*,#7282,.T.);
#3839=ORIENTED_EDGE('',*,*,#7284,.T.);
#3840=ORIENTED_EDGE('',*,*,#7285,.F.);
#3841=ORIENTED_EDGE('',*,*,#7286,.F.);
#3842=ORIENTED_EDGE('',*,*,#7285,.T.);
#3843=ORIENTED_EDGE('',*,*,#7287,.T.);
#3844=ORIENTED_EDGE('',*,*,#7288,.F.);
#3845=ORIENTED_EDGE('',*,*,#7289,.F.);
#3846=ORIENTED_EDGE('',*,*,#7288,.T.);
#3847=ORIENTED_EDGE('',*,*,#7290,.T.);
#3848=ORIENTED_EDGE('',*,*,#7291,.F.);
#3849=ORIENTED_EDGE('',*,*,#7292,.F.);
#3850=ORIENTED_EDGE('',*,*,#7291,.T.);
#3851=ORIENTED_EDGE('',*,*,#7293,.T.);
#3852=ORIENTED_EDGE('',*,*,#7259,.F.);
#3853=ORIENTED_EDGE('',*,*,#7294,.F.);
#3854=ORIENTED_EDGE('',*,*,#7262,.T.);
#3855=ORIENTED_EDGE('',*,*,#7265,.T.);
#3856=ORIENTED_EDGE('',*,*,#7268,.T.);
#3857=ORIENTED_EDGE('',*,*,#7271,.T.);
#3858=ORIENTED_EDGE('',*,*,#7274,.T.);
#3859=ORIENTED_EDGE('',*,*,#7277,.T.);
#3860=ORIENTED_EDGE('',*,*,#7280,.T.);
#3861=ORIENTED_EDGE('',*,*,#7283,.T.);
#3862=ORIENTED_EDGE('',*,*,#7286,.T.);
#3863=ORIENTED_EDGE('',*,*,#7289,.T.);
#3864=ORIENTED_EDGE('',*,*,#7292,.T.);
#3865=ORIENTED_EDGE('',*,*,#7294,.T.);
#3866=ORIENTED_EDGE('',*,*,#7295,.T.);
#3867=ORIENTED_EDGE('',*,*,#7296,.T.);
#3868=ORIENTED_EDGE('',*,*,#7297,.F.);
#3869=ORIENTED_EDGE('',*,*,#7298,.F.);
#3870=ORIENTED_EDGE('',*,*,#7297,.T.);
#3871=ORIENTED_EDGE('',*,*,#7299,.T.);
#3872=ORIENTED_EDGE('',*,*,#7300,.F.);
#3873=ORIENTED_EDGE('',*,*,#7301,.F.);
#3874=ORIENTED_EDGE('',*,*,#7300,.T.);
#3875=ORIENTED_EDGE('',*,*,#7302,.T.);
#3876=ORIENTED_EDGE('',*,*,#7303,.F.);
#3877=ORIENTED_EDGE('',*,*,#7304,.F.);
#3878=ORIENTED_EDGE('',*,*,#7303,.T.);
#3879=ORIENTED_EDGE('',*,*,#7305,.T.);
#3880=ORIENTED_EDGE('',*,*,#7306,.F.);
#3881=ORIENTED_EDGE('',*,*,#7307,.F.);
#3882=ORIENTED_EDGE('',*,*,#7306,.T.);
#3883=ORIENTED_EDGE('',*,*,#7308,.T.);
#3884=ORIENTED_EDGE('',*,*,#7309,.F.);
#3885=ORIENTED_EDGE('',*,*,#7310,.F.);
#3886=ORIENTED_EDGE('',*,*,#7309,.T.);
#3887=ORIENTED_EDGE('',*,*,#7311,.T.);
#3888=ORIENTED_EDGE('',*,*,#7312,.F.);
#3889=ORIENTED_EDGE('',*,*,#7313,.F.);
#3890=ORIENTED_EDGE('',*,*,#7312,.T.);
#3891=ORIENTED_EDGE('',*,*,#7314,.T.);
#3892=ORIENTED_EDGE('',*,*,#7315,.F.);
#3893=ORIENTED_EDGE('',*,*,#7316,.F.);
#3894=ORIENTED_EDGE('',*,*,#7315,.T.);
#3895=ORIENTED_EDGE('',*,*,#7317,.T.);
#3896=ORIENTED_EDGE('',*,*,#7318,.F.);
#3897=ORIENTED_EDGE('',*,*,#7319,.F.);
#3898=ORIENTED_EDGE('',*,*,#7318,.T.);
#3899=ORIENTED_EDGE('',*,*,#7320,.T.);
#3900=ORIENTED_EDGE('',*,*,#7321,.F.);
#3901=ORIENTED_EDGE('',*,*,#7322,.F.);
#3902=ORIENTED_EDGE('',*,*,#7321,.T.);
#3903=ORIENTED_EDGE('',*,*,#7323,.T.);
#3904=ORIENTED_EDGE('',*,*,#7324,.F.);
#3905=ORIENTED_EDGE('',*,*,#7325,.F.);
#3906=ORIENTED_EDGE('',*,*,#7324,.T.);
#3907=ORIENTED_EDGE('',*,*,#7326,.T.);
#3908=ORIENTED_EDGE('',*,*,#7327,.F.);
#3909=ORIENTED_EDGE('',*,*,#7328,.F.);
#3910=ORIENTED_EDGE('',*,*,#7327,.T.);
#3911=ORIENTED_EDGE('',*,*,#7329,.T.);
#3912=ORIENTED_EDGE('',*,*,#7295,.F.);
#3913=ORIENTED_EDGE('',*,*,#7330,.F.);
#3914=ORIENTED_EDGE('',*,*,#7298,.T.);
#3915=ORIENTED_EDGE('',*,*,#7301,.T.);
#3916=ORIENTED_EDGE('',*,*,#7304,.T.);
#3917=ORIENTED_EDGE('',*,*,#7307,.T.);
#3918=ORIENTED_EDGE('',*,*,#7310,.T.);
#3919=ORIENTED_EDGE('',*,*,#7313,.T.);
#3920=ORIENTED_EDGE('',*,*,#7316,.T.);
#3921=ORIENTED_EDGE('',*,*,#7319,.T.);
#3922=ORIENTED_EDGE('',*,*,#7322,.T.);
#3923=ORIENTED_EDGE('',*,*,#7325,.T.);
#3924=ORIENTED_EDGE('',*,*,#7328,.T.);
#3925=ORIENTED_EDGE('',*,*,#7330,.T.);
#3926=ORIENTED_EDGE('',*,*,#7331,.T.);
#3927=ORIENTED_EDGE('',*,*,#7332,.T.);
#3928=ORIENTED_EDGE('',*,*,#7333,.F.);
#3929=ORIENTED_EDGE('',*,*,#7334,.F.);
#3930=ORIENTED_EDGE('',*,*,#7333,.T.);
#3931=ORIENTED_EDGE('',*,*,#7335,.T.);
#3932=ORIENTED_EDGE('',*,*,#7336,.F.);
#3933=ORIENTED_EDGE('',*,*,#7337,.F.);
#3934=ORIENTED_EDGE('',*,*,#7336,.T.);
#3935=ORIENTED_EDGE('',*,*,#7338,.T.);
#3936=ORIENTED_EDGE('',*,*,#7339,.F.);
#3937=ORIENTED_EDGE('',*,*,#7340,.F.);
#3938=ORIENTED_EDGE('',*,*,#7339,.T.);
#3939=ORIENTED_EDGE('',*,*,#7341,.T.);
#3940=ORIENTED_EDGE('',*,*,#7342,.F.);
#3941=ORIENTED_EDGE('',*,*,#7343,.F.);
#3942=ORIENTED_EDGE('',*,*,#7342,.T.);
#3943=ORIENTED_EDGE('',*,*,#7344,.T.);
#3944=ORIENTED_EDGE('',*,*,#7345,.F.);
#3945=ORIENTED_EDGE('',*,*,#7346,.F.);
#3946=ORIENTED_EDGE('',*,*,#7345,.T.);
#3947=ORIENTED_EDGE('',*,*,#7347,.T.);
#3948=ORIENTED_EDGE('',*,*,#7348,.F.);
#3949=ORIENTED_EDGE('',*,*,#7349,.F.);
#3950=ORIENTED_EDGE('',*,*,#7348,.T.);
#3951=ORIENTED_EDGE('',*,*,#7350,.T.);
#3952=ORIENTED_EDGE('',*,*,#7351,.F.);
#3953=ORIENTED_EDGE('',*,*,#7352,.F.);
#3954=ORIENTED_EDGE('',*,*,#7351,.T.);
#3955=ORIENTED_EDGE('',*,*,#7353,.T.);
#3956=ORIENTED_EDGE('',*,*,#7354,.F.);
#3957=ORIENTED_EDGE('',*,*,#7355,.F.);
#3958=ORIENTED_EDGE('',*,*,#7354,.T.);
#3959=ORIENTED_EDGE('',*,*,#7356,.T.);
#3960=ORIENTED_EDGE('',*,*,#7357,.F.);
#3961=ORIENTED_EDGE('',*,*,#7358,.F.);
#3962=ORIENTED_EDGE('',*,*,#7357,.T.);
#3963=ORIENTED_EDGE('',*,*,#7359,.T.);
#3964=ORIENTED_EDGE('',*,*,#7360,.F.);
#3965=ORIENTED_EDGE('',*,*,#7361,.F.);
#3966=ORIENTED_EDGE('',*,*,#7360,.T.);
#3967=ORIENTED_EDGE('',*,*,#7362,.T.);
#3968=ORIENTED_EDGE('',*,*,#7363,.F.);
#3969=ORIENTED_EDGE('',*,*,#7364,.F.);
#3970=ORIENTED_EDGE('',*,*,#7363,.T.);
#3971=ORIENTED_EDGE('',*,*,#7365,.T.);
#3972=ORIENTED_EDGE('',*,*,#7331,.F.);
#3973=ORIENTED_EDGE('',*,*,#7366,.F.);
#3974=ORIENTED_EDGE('',*,*,#7334,.T.);
#3975=ORIENTED_EDGE('',*,*,#7337,.T.);
#3976=ORIENTED_EDGE('',*,*,#7340,.T.);
#3977=ORIENTED_EDGE('',*,*,#7343,.T.);
#3978=ORIENTED_EDGE('',*,*,#7346,.T.);
#3979=ORIENTED_EDGE('',*,*,#7349,.T.);
#3980=ORIENTED_EDGE('',*,*,#7352,.T.);
#3981=ORIENTED_EDGE('',*,*,#7355,.T.);
#3982=ORIENTED_EDGE('',*,*,#7358,.T.);
#3983=ORIENTED_EDGE('',*,*,#7361,.T.);
#3984=ORIENTED_EDGE('',*,*,#7364,.T.);
#3985=ORIENTED_EDGE('',*,*,#7366,.T.);
#3986=ORIENTED_EDGE('',*,*,#7367,.T.);
#3987=ORIENTED_EDGE('',*,*,#7368,.T.);
#3988=ORIENTED_EDGE('',*,*,#7369,.F.);
#3989=ORIENTED_EDGE('',*,*,#7370,.F.);
#3990=ORIENTED_EDGE('',*,*,#7369,.T.);
#3991=ORIENTED_EDGE('',*,*,#7371,.T.);
#3992=ORIENTED_EDGE('',*,*,#7372,.F.);
#3993=ORIENTED_EDGE('',*,*,#7373,.F.);
#3994=ORIENTED_EDGE('',*,*,#7372,.T.);
#3995=ORIENTED_EDGE('',*,*,#7374,.T.);
#3996=ORIENTED_EDGE('',*,*,#7375,.F.);
#3997=ORIENTED_EDGE('',*,*,#7376,.F.);
#3998=ORIENTED_EDGE('',*,*,#7375,.T.);
#3999=ORIENTED_EDGE('',*,*,#7377,.T.);
#4000=ORIENTED_EDGE('',*,*,#7378,.F.);
#4001=ORIENTED_EDGE('',*,*,#7379,.F.);
#4002=ORIENTED_EDGE('',*,*,#7378,.T.);
#4003=ORIENTED_EDGE('',*,*,#7380,.T.);
#4004=ORIENTED_EDGE('',*,*,#7381,.F.);
#4005=ORIENTED_EDGE('',*,*,#7382,.F.);
#4006=ORIENTED_EDGE('',*,*,#7381,.T.);
#4007=ORIENTED_EDGE('',*,*,#7383,.T.);
#4008=ORIENTED_EDGE('',*,*,#7384,.F.);
#4009=ORIENTED_EDGE('',*,*,#7385,.F.);
#4010=ORIENTED_EDGE('',*,*,#7384,.T.);
#4011=ORIENTED_EDGE('',*,*,#7386,.T.);
#4012=ORIENTED_EDGE('',*,*,#7387,.F.);
#4013=ORIENTED_EDGE('',*,*,#7388,.F.);
#4014=ORIENTED_EDGE('',*,*,#7387,.T.);
#4015=ORIENTED_EDGE('',*,*,#7389,.T.);
#4016=ORIENTED_EDGE('',*,*,#7390,.F.);
#4017=ORIENTED_EDGE('',*,*,#7391,.F.);
#4018=ORIENTED_EDGE('',*,*,#7390,.T.);
#4019=ORIENTED_EDGE('',*,*,#7392,.T.);
#4020=ORIENTED_EDGE('',*,*,#7393,.F.);
#4021=ORIENTED_EDGE('',*,*,#7394,.F.);
#4022=ORIENTED_EDGE('',*,*,#7393,.T.);
#4023=ORIENTED_EDGE('',*,*,#7395,.T.);
#4024=ORIENTED_EDGE('',*,*,#7396,.F.);
#4025=ORIENTED_EDGE('',*,*,#7397,.F.);
#4026=ORIENTED_EDGE('',*,*,#7396,.T.);
#4027=ORIENTED_EDGE('',*,*,#7398,.T.);
#4028=ORIENTED_EDGE('',*,*,#7399,.F.);
#4029=ORIENTED_EDGE('',*,*,#7400,.F.);
#4030=ORIENTED_EDGE('',*,*,#7399,.T.);
#4031=ORIENTED_EDGE('',*,*,#7401,.T.);
#4032=ORIENTED_EDGE('',*,*,#7367,.F.);
#4033=ORIENTED_EDGE('',*,*,#7402,.F.);
#4034=ORIENTED_EDGE('',*,*,#7370,.T.);
#4035=ORIENTED_EDGE('',*,*,#7373,.T.);
#4036=ORIENTED_EDGE('',*,*,#7376,.T.);
#4037=ORIENTED_EDGE('',*,*,#7379,.T.);
#4038=ORIENTED_EDGE('',*,*,#7382,.T.);
#4039=ORIENTED_EDGE('',*,*,#7385,.T.);
#4040=ORIENTED_EDGE('',*,*,#7388,.T.);
#4041=ORIENTED_EDGE('',*,*,#7391,.T.);
#4042=ORIENTED_EDGE('',*,*,#7394,.T.);
#4043=ORIENTED_EDGE('',*,*,#7397,.T.);
#4044=ORIENTED_EDGE('',*,*,#7400,.T.);
#4045=ORIENTED_EDGE('',*,*,#7402,.T.);
#4046=ORIENTED_EDGE('',*,*,#7403,.T.);
#4047=ORIENTED_EDGE('',*,*,#7404,.T.);
#4048=ORIENTED_EDGE('',*,*,#7405,.F.);
#4049=ORIENTED_EDGE('',*,*,#7406,.F.);
#4050=ORIENTED_EDGE('',*,*,#7405,.T.);
#4051=ORIENTED_EDGE('',*,*,#7407,.T.);
#4052=ORIENTED_EDGE('',*,*,#7408,.F.);
#4053=ORIENTED_EDGE('',*,*,#7409,.F.);
#4054=ORIENTED_EDGE('',*,*,#7408,.T.);
#4055=ORIENTED_EDGE('',*,*,#7410,.T.);
#4056=ORIENTED_EDGE('',*,*,#7411,.F.);
#4057=ORIENTED_EDGE('',*,*,#7412,.F.);
#4058=ORIENTED_EDGE('',*,*,#7411,.T.);
#4059=ORIENTED_EDGE('',*,*,#7413,.T.);
#4060=ORIENTED_EDGE('',*,*,#7414,.F.);
#4061=ORIENTED_EDGE('',*,*,#7415,.F.);
#4062=ORIENTED_EDGE('',*,*,#7414,.T.);
#4063=ORIENTED_EDGE('',*,*,#7416,.T.);
#4064=ORIENTED_EDGE('',*,*,#7417,.F.);
#4065=ORIENTED_EDGE('',*,*,#7418,.F.);
#4066=ORIENTED_EDGE('',*,*,#7417,.T.);
#4067=ORIENTED_EDGE('',*,*,#7419,.T.);
#4068=ORIENTED_EDGE('',*,*,#7420,.F.);
#4069=ORIENTED_EDGE('',*,*,#7421,.F.);
#4070=ORIENTED_EDGE('',*,*,#7420,.T.);
#4071=ORIENTED_EDGE('',*,*,#7422,.T.);
#4072=ORIENTED_EDGE('',*,*,#7423,.F.);
#4073=ORIENTED_EDGE('',*,*,#7424,.F.);
#4074=ORIENTED_EDGE('',*,*,#7423,.T.);
#4075=ORIENTED_EDGE('',*,*,#7425,.T.);
#4076=ORIENTED_EDGE('',*,*,#7426,.F.);
#4077=ORIENTED_EDGE('',*,*,#7427,.F.);
#4078=ORIENTED_EDGE('',*,*,#7426,.T.);
#4079=ORIENTED_EDGE('',*,*,#7428,.T.);
#4080=ORIENTED_EDGE('',*,*,#7429,.F.);
#4081=ORIENTED_EDGE('',*,*,#7430,.F.);
#4082=ORIENTED_EDGE('',*,*,#7429,.T.);
#4083=ORIENTED_EDGE('',*,*,#7431,.T.);
#4084=ORIENTED_EDGE('',*,*,#7432,.F.);
#4085=ORIENTED_EDGE('',*,*,#7433,.F.);
#4086=ORIENTED_EDGE('',*,*,#7432,.T.);
#4087=ORIENTED_EDGE('',*,*,#7434,.T.);
#4088=ORIENTED_EDGE('',*,*,#7435,.F.);
#4089=ORIENTED_EDGE('',*,*,#7436,.F.);
#4090=ORIENTED_EDGE('',*,*,#7435,.T.);
#4091=ORIENTED_EDGE('',*,*,#7437,.T.);
#4092=ORIENTED_EDGE('',*,*,#7403,.F.);
#4093=ORIENTED_EDGE('',*,*,#7438,.F.);
#4094=ORIENTED_EDGE('',*,*,#7406,.T.);
#4095=ORIENTED_EDGE('',*,*,#7409,.T.);
#4096=ORIENTED_EDGE('',*,*,#7412,.T.);
#4097=ORIENTED_EDGE('',*,*,#7415,.T.);
#4098=ORIENTED_EDGE('',*,*,#7418,.T.);
#4099=ORIENTED_EDGE('',*,*,#7421,.T.);
#4100=ORIENTED_EDGE('',*,*,#7424,.T.);
#4101=ORIENTED_EDGE('',*,*,#7427,.T.);
#4102=ORIENTED_EDGE('',*,*,#7430,.T.);
#4103=ORIENTED_EDGE('',*,*,#7433,.T.);
#4104=ORIENTED_EDGE('',*,*,#7436,.T.);
#4105=ORIENTED_EDGE('',*,*,#7438,.T.);
#4106=ORIENTED_EDGE('',*,*,#7439,.T.);
#4107=ORIENTED_EDGE('',*,*,#7440,.T.);
#4108=ORIENTED_EDGE('',*,*,#7441,.F.);
#4109=ORIENTED_EDGE('',*,*,#7442,.F.);
#4110=ORIENTED_EDGE('',*,*,#7441,.T.);
#4111=ORIENTED_EDGE('',*,*,#7443,.T.);
#4112=ORIENTED_EDGE('',*,*,#7444,.F.);
#4113=ORIENTED_EDGE('',*,*,#7445,.F.);
#4114=ORIENTED_EDGE('',*,*,#7444,.T.);
#4115=ORIENTED_EDGE('',*,*,#7446,.T.);
#4116=ORIENTED_EDGE('',*,*,#7447,.F.);
#4117=ORIENTED_EDGE('',*,*,#7448,.F.);
#4118=ORIENTED_EDGE('',*,*,#7447,.T.);
#4119=ORIENTED_EDGE('',*,*,#7449,.T.);
#4120=ORIENTED_EDGE('',*,*,#7450,.F.);
#4121=ORIENTED_EDGE('',*,*,#7451,.F.);
#4122=ORIENTED_EDGE('',*,*,#7450,.T.);
#4123=ORIENTED_EDGE('',*,*,#7452,.T.);
#4124=ORIENTED_EDGE('',*,*,#7453,.F.);
#4125=ORIENTED_EDGE('',*,*,#7454,.F.);
#4126=ORIENTED_EDGE('',*,*,#7453,.T.);
#4127=ORIENTED_EDGE('',*,*,#7455,.T.);
#4128=ORIENTED_EDGE('',*,*,#7456,.F.);
#4129=ORIENTED_EDGE('',*,*,#7457,.F.);
#4130=ORIENTED_EDGE('',*,*,#7456,.T.);
#4131=ORIENTED_EDGE('',*,*,#7458,.T.);
#4132=ORIENTED_EDGE('',*,*,#7459,.F.);
#4133=ORIENTED_EDGE('',*,*,#7460,.F.);
#4134=ORIENTED_EDGE('',*,*,#7459,.T.);
#4135=ORIENTED_EDGE('',*,*,#7461,.T.);
#4136=ORIENTED_EDGE('',*,*,#7462,.F.);
#4137=ORIENTED_EDGE('',*,*,#7463,.F.);
#4138=ORIENTED_EDGE('',*,*,#7462,.T.);
#4139=ORIENTED_EDGE('',*,*,#7464,.T.);
#4140=ORIENTED_EDGE('',*,*,#7465,.F.);
#4141=ORIENTED_EDGE('',*,*,#7466,.F.);
#4142=ORIENTED_EDGE('',*,*,#7465,.T.);
#4143=ORIENTED_EDGE('',*,*,#7467,.T.);
#4144=ORIENTED_EDGE('',*,*,#7468,.F.);
#4145=ORIENTED_EDGE('',*,*,#7469,.F.);
#4146=ORIENTED_EDGE('',*,*,#7468,.T.);
#4147=ORIENTED_EDGE('',*,*,#7470,.T.);
#4148=ORIENTED_EDGE('',*,*,#7471,.F.);
#4149=ORIENTED_EDGE('',*,*,#7472,.F.);
#4150=ORIENTED_EDGE('',*,*,#7471,.T.);
#4151=ORIENTED_EDGE('',*,*,#7473,.T.);
#4152=ORIENTED_EDGE('',*,*,#7439,.F.);
#4153=ORIENTED_EDGE('',*,*,#7474,.F.);
#4154=ORIENTED_EDGE('',*,*,#7442,.T.);
#4155=ORIENTED_EDGE('',*,*,#7445,.T.);
#4156=ORIENTED_EDGE('',*,*,#7448,.T.);
#4157=ORIENTED_EDGE('',*,*,#7451,.T.);
#4158=ORIENTED_EDGE('',*,*,#7454,.T.);
#4159=ORIENTED_EDGE('',*,*,#7457,.T.);
#4160=ORIENTED_EDGE('',*,*,#7460,.T.);
#4161=ORIENTED_EDGE('',*,*,#7463,.T.);
#4162=ORIENTED_EDGE('',*,*,#7466,.T.);
#4163=ORIENTED_EDGE('',*,*,#7469,.T.);
#4164=ORIENTED_EDGE('',*,*,#7472,.T.);
#4165=ORIENTED_EDGE('',*,*,#7474,.T.);
#4166=ORIENTED_EDGE('',*,*,#7475,.T.);
#4167=ORIENTED_EDGE('',*,*,#7476,.T.);
#4168=ORIENTED_EDGE('',*,*,#7477,.F.);
#4169=ORIENTED_EDGE('',*,*,#7478,.F.);
#4170=ORIENTED_EDGE('',*,*,#7477,.T.);
#4171=ORIENTED_EDGE('',*,*,#7479,.T.);
#4172=ORIENTED_EDGE('',*,*,#7480,.F.);
#4173=ORIENTED_EDGE('',*,*,#7481,.F.);
#4174=ORIENTED_EDGE('',*,*,#7480,.T.);
#4175=ORIENTED_EDGE('',*,*,#7482,.T.);
#4176=ORIENTED_EDGE('',*,*,#7483,.F.);
#4177=ORIENTED_EDGE('',*,*,#7484,.F.);
#4178=ORIENTED_EDGE('',*,*,#7483,.T.);
#4179=ORIENTED_EDGE('',*,*,#7485,.T.);
#4180=ORIENTED_EDGE('',*,*,#7486,.F.);
#4181=ORIENTED_EDGE('',*,*,#7487,.F.);
#4182=ORIENTED_EDGE('',*,*,#7486,.T.);
#4183=ORIENTED_EDGE('',*,*,#7488,.T.);
#4184=ORIENTED_EDGE('',*,*,#7489,.F.);
#4185=ORIENTED_EDGE('',*,*,#7490,.F.);
#4186=ORIENTED_EDGE('',*,*,#7489,.T.);
#4187=ORIENTED_EDGE('',*,*,#7491,.T.);
#4188=ORIENTED_EDGE('',*,*,#7492,.F.);
#4189=ORIENTED_EDGE('',*,*,#7493,.F.);
#4190=ORIENTED_EDGE('',*,*,#7492,.T.);
#4191=ORIENTED_EDGE('',*,*,#7494,.T.);
#4192=ORIENTED_EDGE('',*,*,#7495,.F.);
#4193=ORIENTED_EDGE('',*,*,#7496,.F.);
#4194=ORIENTED_EDGE('',*,*,#7495,.T.);
#4195=ORIENTED_EDGE('',*,*,#7497,.T.);
#4196=ORIENTED_EDGE('',*,*,#7498,.F.);
#4197=ORIENTED_EDGE('',*,*,#7499,.F.);
#4198=ORIENTED_EDGE('',*,*,#7498,.T.);
#4199=ORIENTED_EDGE('',*,*,#7500,.T.);
#4200=ORIENTED_EDGE('',*,*,#7501,.F.);
#4201=ORIENTED_EDGE('',*,*,#7502,.F.);
#4202=ORIENTED_EDGE('',*,*,#7501,.T.);
#4203=ORIENTED_EDGE('',*,*,#7503,.T.);
#4204=ORIENTED_EDGE('',*,*,#7504,.F.);
#4205=ORIENTED_EDGE('',*,*,#7505,.F.);
#4206=ORIENTED_EDGE('',*,*,#7504,.T.);
#4207=ORIENTED_EDGE('',*,*,#7506,.T.);
#4208=ORIENTED_EDGE('',*,*,#7507,.F.);
#4209=ORIENTED_EDGE('',*,*,#7508,.F.);
#4210=ORIENTED_EDGE('',*,*,#7507,.T.);
#4211=ORIENTED_EDGE('',*,*,#7509,.T.);
#4212=ORIENTED_EDGE('',*,*,#7475,.F.);
#4213=ORIENTED_EDGE('',*,*,#7510,.F.);
#4214=ORIENTED_EDGE('',*,*,#7478,.T.);
#4215=ORIENTED_EDGE('',*,*,#7481,.T.);
#4216=ORIENTED_EDGE('',*,*,#7484,.T.);
#4217=ORIENTED_EDGE('',*,*,#7487,.T.);
#4218=ORIENTED_EDGE('',*,*,#7490,.T.);
#4219=ORIENTED_EDGE('',*,*,#7493,.T.);
#4220=ORIENTED_EDGE('',*,*,#7496,.T.);
#4221=ORIENTED_EDGE('',*,*,#7499,.T.);
#4222=ORIENTED_EDGE('',*,*,#7502,.T.);
#4223=ORIENTED_EDGE('',*,*,#7505,.T.);
#4224=ORIENTED_EDGE('',*,*,#7508,.T.);
#4225=ORIENTED_EDGE('',*,*,#7510,.T.);
#4226=ORIENTED_EDGE('',*,*,#7511,.T.);
#4227=ORIENTED_EDGE('',*,*,#7512,.T.);
#4228=ORIENTED_EDGE('',*,*,#7513,.F.);
#4229=ORIENTED_EDGE('',*,*,#7514,.F.);
#4230=ORIENTED_EDGE('',*,*,#7513,.T.);
#4231=ORIENTED_EDGE('',*,*,#7515,.T.);
#4232=ORIENTED_EDGE('',*,*,#7516,.F.);
#4233=ORIENTED_EDGE('',*,*,#7517,.F.);
#4234=ORIENTED_EDGE('',*,*,#7516,.T.);
#4235=ORIENTED_EDGE('',*,*,#7518,.T.);
#4236=ORIENTED_EDGE('',*,*,#7519,.F.);
#4237=ORIENTED_EDGE('',*,*,#7520,.F.);
#4238=ORIENTED_EDGE('',*,*,#7519,.T.);
#4239=ORIENTED_EDGE('',*,*,#7521,.T.);
#4240=ORIENTED_EDGE('',*,*,#7522,.F.);
#4241=ORIENTED_EDGE('',*,*,#7523,.F.);
#4242=ORIENTED_EDGE('',*,*,#7522,.T.);
#4243=ORIENTED_EDGE('',*,*,#7524,.T.);
#4244=ORIENTED_EDGE('',*,*,#7525,.F.);
#4245=ORIENTED_EDGE('',*,*,#7526,.F.);
#4246=ORIENTED_EDGE('',*,*,#7525,.T.);
#4247=ORIENTED_EDGE('',*,*,#7527,.T.);
#4248=ORIENTED_EDGE('',*,*,#7528,.F.);
#4249=ORIENTED_EDGE('',*,*,#7529,.F.);
#4250=ORIENTED_EDGE('',*,*,#7528,.T.);
#4251=ORIENTED_EDGE('',*,*,#7530,.T.);
#4252=ORIENTED_EDGE('',*,*,#7531,.F.);
#4253=ORIENTED_EDGE('',*,*,#7532,.F.);
#4254=ORIENTED_EDGE('',*,*,#7531,.T.);
#4255=ORIENTED_EDGE('',*,*,#7533,.T.);
#4256=ORIENTED_EDGE('',*,*,#7534,.F.);
#4257=ORIENTED_EDGE('',*,*,#7535,.F.);
#4258=ORIENTED_EDGE('',*,*,#7534,.T.);
#4259=ORIENTED_EDGE('',*,*,#7536,.T.);
#4260=ORIENTED_EDGE('',*,*,#7537,.F.);
#4261=ORIENTED_EDGE('',*,*,#7538,.F.);
#4262=ORIENTED_EDGE('',*,*,#7537,.T.);
#4263=ORIENTED_EDGE('',*,*,#7539,.T.);
#4264=ORIENTED_EDGE('',*,*,#7540,.F.);
#4265=ORIENTED_EDGE('',*,*,#7541,.F.);
#4266=ORIENTED_EDGE('',*,*,#7540,.T.);
#4267=ORIENTED_EDGE('',*,*,#7542,.T.);
#4268=ORIENTED_EDGE('',*,*,#7543,.F.);
#4269=ORIENTED_EDGE('',*,*,#7544,.F.);
#4270=ORIENTED_EDGE('',*,*,#7543,.T.);
#4271=ORIENTED_EDGE('',*,*,#7545,.T.);
#4272=ORIENTED_EDGE('',*,*,#7511,.F.);
#4273=ORIENTED_EDGE('',*,*,#7546,.F.);
#4274=ORIENTED_EDGE('',*,*,#7514,.T.);
#4275=ORIENTED_EDGE('',*,*,#7517,.T.);
#4276=ORIENTED_EDGE('',*,*,#7520,.T.);
#4277=ORIENTED_EDGE('',*,*,#7523,.T.);
#4278=ORIENTED_EDGE('',*,*,#7526,.T.);
#4279=ORIENTED_EDGE('',*,*,#7529,.T.);
#4280=ORIENTED_EDGE('',*,*,#7532,.T.);
#4281=ORIENTED_EDGE('',*,*,#7535,.T.);
#4282=ORIENTED_EDGE('',*,*,#7538,.T.);
#4283=ORIENTED_EDGE('',*,*,#7541,.T.);
#4284=ORIENTED_EDGE('',*,*,#7544,.T.);
#4285=ORIENTED_EDGE('',*,*,#7546,.T.);
#4286=ORIENTED_EDGE('',*,*,#7547,.T.);
#4287=ORIENTED_EDGE('',*,*,#7548,.T.);
#4288=ORIENTED_EDGE('',*,*,#7549,.F.);
#4289=ORIENTED_EDGE('',*,*,#7550,.F.);
#4290=ORIENTED_EDGE('',*,*,#7549,.T.);
#4291=ORIENTED_EDGE('',*,*,#7551,.T.);
#4292=ORIENTED_EDGE('',*,*,#7552,.F.);
#4293=ORIENTED_EDGE('',*,*,#7553,.F.);
#4294=ORIENTED_EDGE('',*,*,#7552,.T.);
#4295=ORIENTED_EDGE('',*,*,#7554,.T.);
#4296=ORIENTED_EDGE('',*,*,#7555,.F.);
#4297=ORIENTED_EDGE('',*,*,#7556,.F.);
#4298=ORIENTED_EDGE('',*,*,#7555,.T.);
#4299=ORIENTED_EDGE('',*,*,#7557,.T.);
#4300=ORIENTED_EDGE('',*,*,#7558,.F.);
#4301=ORIENTED_EDGE('',*,*,#7559,.F.);
#4302=ORIENTED_EDGE('',*,*,#7558,.T.);
#4303=ORIENTED_EDGE('',*,*,#7560,.T.);
#4304=ORIENTED_EDGE('',*,*,#7561,.F.);
#4305=ORIENTED_EDGE('',*,*,#7562,.F.);
#4306=ORIENTED_EDGE('',*,*,#7561,.T.);
#4307=ORIENTED_EDGE('',*,*,#7563,.T.);
#4308=ORIENTED_EDGE('',*,*,#7564,.F.);
#4309=ORIENTED_EDGE('',*,*,#7565,.F.);
#4310=ORIENTED_EDGE('',*,*,#7564,.T.);
#4311=ORIENTED_EDGE('',*,*,#7566,.T.);
#4312=ORIENTED_EDGE('',*,*,#7567,.F.);
#4313=ORIENTED_EDGE('',*,*,#7568,.F.);
#4314=ORIENTED_EDGE('',*,*,#7567,.T.);
#4315=ORIENTED_EDGE('',*,*,#7569,.T.);
#4316=ORIENTED_EDGE('',*,*,#7570,.F.);
#4317=ORIENTED_EDGE('',*,*,#7571,.F.);
#4318=ORIENTED_EDGE('',*,*,#7570,.T.);
#4319=ORIENTED_EDGE('',*,*,#7572,.T.);
#4320=ORIENTED_EDGE('',*,*,#7573,.F.);
#4321=ORIENTED_EDGE('',*,*,#7574,.F.);
#4322=ORIENTED_EDGE('',*,*,#7573,.T.);
#4323=ORIENTED_EDGE('',*,*,#7575,.T.);
#4324=ORIENTED_EDGE('',*,*,#7576,.F.);
#4325=ORIENTED_EDGE('',*,*,#7577,.F.);
#4326=ORIENTED_EDGE('',*,*,#7576,.T.);
#4327=ORIENTED_EDGE('',*,*,#7578,.T.);
#4328=ORIENTED_EDGE('',*,*,#7579,.F.);
#4329=ORIENTED_EDGE('',*,*,#7580,.F.);
#4330=ORIENTED_EDGE('',*,*,#7579,.T.);
#4331=ORIENTED_EDGE('',*,*,#7581,.T.);
#4332=ORIENTED_EDGE('',*,*,#7547,.F.);
#4333=ORIENTED_EDGE('',*,*,#7582,.F.);
#4334=ORIENTED_EDGE('',*,*,#7550,.T.);
#4335=ORIENTED_EDGE('',*,*,#7553,.T.);
#4336=ORIENTED_EDGE('',*,*,#7556,.T.);
#4337=ORIENTED_EDGE('',*,*,#7559,.T.);
#4338=ORIENTED_EDGE('',*,*,#7562,.T.);
#4339=ORIENTED_EDGE('',*,*,#7565,.T.);
#4340=ORIENTED_EDGE('',*,*,#7568,.T.);
#4341=ORIENTED_EDGE('',*,*,#7571,.T.);
#4342=ORIENTED_EDGE('',*,*,#7574,.T.);
#4343=ORIENTED_EDGE('',*,*,#7577,.T.);
#4344=ORIENTED_EDGE('',*,*,#7580,.T.);
#4345=ORIENTED_EDGE('',*,*,#7582,.T.);
#4346=ORIENTED_EDGE('',*,*,#7583,.T.);
#4347=ORIENTED_EDGE('',*,*,#7584,.T.);
#4348=ORIENTED_EDGE('',*,*,#7585,.F.);
#4349=ORIENTED_EDGE('',*,*,#7586,.F.);
#4350=ORIENTED_EDGE('',*,*,#7585,.T.);
#4351=ORIENTED_EDGE('',*,*,#7587,.T.);
#4352=ORIENTED_EDGE('',*,*,#7588,.F.);
#4353=ORIENTED_EDGE('',*,*,#7589,.F.);
#4354=ORIENTED_EDGE('',*,*,#7588,.T.);
#4355=ORIENTED_EDGE('',*,*,#7590,.T.);
#4356=ORIENTED_EDGE('',*,*,#7591,.F.);
#4357=ORIENTED_EDGE('',*,*,#7592,.F.);
#4358=ORIENTED_EDGE('',*,*,#7591,.T.);
#4359=ORIENTED_EDGE('',*,*,#7593,.T.);
#4360=ORIENTED_EDGE('',*,*,#7594,.F.);
#4361=ORIENTED_EDGE('',*,*,#7595,.F.);
#4362=ORIENTED_EDGE('',*,*,#7594,.T.);
#4363=ORIENTED_EDGE('',*,*,#7596,.T.);
#4364=ORIENTED_EDGE('',*,*,#7597,.F.);
#4365=ORIENTED_EDGE('',*,*,#7598,.F.);
#4366=ORIENTED_EDGE('',*,*,#7597,.T.);
#4367=ORIENTED_EDGE('',*,*,#7599,.T.);
#4368=ORIENTED_EDGE('',*,*,#7600,.F.);
#4369=ORIENTED_EDGE('',*,*,#7601,.F.);
#4370=ORIENTED_EDGE('',*,*,#7600,.T.);
#4371=ORIENTED_EDGE('',*,*,#7602,.T.);
#4372=ORIENTED_EDGE('',*,*,#7603,.F.);
#4373=ORIENTED_EDGE('',*,*,#7604,.F.);
#4374=ORIENTED_EDGE('',*,*,#7603,.T.);
#4375=ORIENTED_EDGE('',*,*,#7605,.T.);
#4376=ORIENTED_EDGE('',*,*,#7606,.F.);
#4377=ORIENTED_EDGE('',*,*,#7607,.F.);
#4378=ORIENTED_EDGE('',*,*,#7606,.T.);
#4379=ORIENTED_EDGE('',*,*,#7608,.T.);
#4380=ORIENTED_EDGE('',*,*,#7609,.F.);
#4381=ORIENTED_EDGE('',*,*,#7610,.F.);
#4382=ORIENTED_EDGE('',*,*,#7609,.T.);
#4383=ORIENTED_EDGE('',*,*,#7611,.T.);
#4384=ORIENTED_EDGE('',*,*,#7612,.F.);
#4385=ORIENTED_EDGE('',*,*,#7613,.F.);
#4386=ORIENTED_EDGE('',*,*,#7612,.T.);
#4387=ORIENTED_EDGE('',*,*,#7614,.T.);
#4388=ORIENTED_EDGE('',*,*,#7615,.F.);
#4389=ORIENTED_EDGE('',*,*,#7616,.F.);
#4390=ORIENTED_EDGE('',*,*,#7615,.T.);
#4391=ORIENTED_EDGE('',*,*,#7617,.T.);
#4392=ORIENTED_EDGE('',*,*,#7583,.F.);
#4393=ORIENTED_EDGE('',*,*,#7618,.F.);
#4394=ORIENTED_EDGE('',*,*,#7586,.T.);
#4395=ORIENTED_EDGE('',*,*,#7589,.T.);
#4396=ORIENTED_EDGE('',*,*,#7592,.T.);
#4397=ORIENTED_EDGE('',*,*,#7595,.T.);
#4398=ORIENTED_EDGE('',*,*,#7598,.T.);
#4399=ORIENTED_EDGE('',*,*,#7601,.T.);
#4400=ORIENTED_EDGE('',*,*,#7604,.T.);
#4401=ORIENTED_EDGE('',*,*,#7607,.T.);
#4402=ORIENTED_EDGE('',*,*,#7610,.T.);
#4403=ORIENTED_EDGE('',*,*,#7613,.T.);
#4404=ORIENTED_EDGE('',*,*,#7616,.T.);
#4405=ORIENTED_EDGE('',*,*,#7618,.T.);
#4406=ORIENTED_EDGE('',*,*,#6834,.T.);
#4407=ORIENTED_EDGE('',*,*,#7619,.T.);
#4408=ORIENTED_EDGE('',*,*,#6417,.F.);
#4409=ORIENTED_EDGE('',*,*,#7620,.F.);
#4410=ORIENTED_EDGE('',*,*,#6833,.T.);
#4411=ORIENTED_EDGE('',*,*,#7621,.T.);
#4412=ORIENTED_EDGE('',*,*,#6418,.F.);
#4413=ORIENTED_EDGE('',*,*,#7619,.F.);
#4414=ORIENTED_EDGE('',*,*,#6832,.T.);
#4415=ORIENTED_EDGE('',*,*,#7622,.T.);
#4416=ORIENTED_EDGE('',*,*,#6419,.F.);
#4417=ORIENTED_EDGE('',*,*,#7621,.F.);
#4418=ORIENTED_EDGE('',*,*,#6831,.T.);
#4419=ORIENTED_EDGE('',*,*,#6516,.T.);
#4420=ORIENTED_EDGE('',*,*,#6420,.F.);
#4421=ORIENTED_EDGE('',*,*,#7622,.F.);
#4422=ORIENTED_EDGE('',*,*,#6835,.T.);
#4423=ORIENTED_EDGE('',*,*,#7620,.T.);
#4424=ORIENTED_EDGE('',*,*,#6416,.F.);
#4425=ORIENTED_EDGE('',*,*,#6518,.F.);
#4426=ORIENTED_EDGE('',*,*,#6829,.T.);
#4427=ORIENTED_EDGE('',*,*,#7623,.T.);
#4428=ORIENTED_EDGE('',*,*,#6423,.F.);
#4429=ORIENTED_EDGE('',*,*,#7624,.F.);
#4430=ORIENTED_EDGE('',*,*,#6828,.T.);
#4431=ORIENTED_EDGE('',*,*,#7625,.T.);
#4432=ORIENTED_EDGE('',*,*,#6424,.F.);
#4433=ORIENTED_EDGE('',*,*,#7623,.F.);
#4434=ORIENTED_EDGE('',*,*,#6827,.T.);
#4435=ORIENTED_EDGE('',*,*,#7626,.T.);
#4436=ORIENTED_EDGE('',*,*,#6425,.F.);
#4437=ORIENTED_EDGE('',*,*,#7625,.F.);
#4438=ORIENTED_EDGE('',*,*,#6826,.T.);
#4439=ORIENTED_EDGE('',*,*,#6513,.T.);
#4440=ORIENTED_EDGE('',*,*,#6426,.F.);
#4441=ORIENTED_EDGE('',*,*,#7626,.F.);
#4442=ORIENTED_EDGE('',*,*,#6830,.T.);
#4443=ORIENTED_EDGE('',*,*,#7624,.T.);
#4444=ORIENTED_EDGE('',*,*,#6422,.F.);
#4445=ORIENTED_EDGE('',*,*,#6515,.F.);
#4446=ORIENTED_EDGE('',*,*,#6824,.T.);
#4447=ORIENTED_EDGE('',*,*,#7627,.T.);
#4448=ORIENTED_EDGE('',*,*,#6429,.F.);
#4449=ORIENTED_EDGE('',*,*,#7628,.F.);
#4450=ORIENTED_EDGE('',*,*,#6823,.T.);
#4451=ORIENTED_EDGE('',*,*,#7629,.T.);
#4452=ORIENTED_EDGE('',*,*,#6430,.F.);
#4453=ORIENTED_EDGE('',*,*,#7627,.F.);
#4454=ORIENTED_EDGE('',*,*,#6822,.T.);
#4455=ORIENTED_EDGE('',*,*,#7630,.T.);
#4456=ORIENTED_EDGE('',*,*,#6431,.F.);
#4457=ORIENTED_EDGE('',*,*,#7629,.F.);
#4458=ORIENTED_EDGE('',*,*,#6821,.T.);
#4459=ORIENTED_EDGE('',*,*,#6510,.T.);
#4460=ORIENTED_EDGE('',*,*,#6432,.F.);
#4461=ORIENTED_EDGE('',*,*,#7630,.F.);
#4462=ORIENTED_EDGE('',*,*,#6825,.T.);
#4463=ORIENTED_EDGE('',*,*,#7628,.T.);
#4464=ORIENTED_EDGE('',*,*,#6428,.F.);
#4465=ORIENTED_EDGE('',*,*,#6512,.F.);
#4466=ORIENTED_EDGE('',*,*,#6819,.T.);
#4467=ORIENTED_EDGE('',*,*,#7631,.T.);
#4468=ORIENTED_EDGE('',*,*,#6435,.F.);
#4469=ORIENTED_EDGE('',*,*,#7632,.F.);
#4470=ORIENTED_EDGE('',*,*,#6818,.T.);
#4471=ORIENTED_EDGE('',*,*,#7633,.T.);
#4472=ORIENTED_EDGE('',*,*,#6436,.F.);
#4473=ORIENTED_EDGE('',*,*,#7631,.F.);
#4474=ORIENTED_EDGE('',*,*,#6817,.T.);
#4475=ORIENTED_EDGE('',*,*,#7634,.T.);
#4476=ORIENTED_EDGE('',*,*,#6437,.F.);
#4477=ORIENTED_EDGE('',*,*,#7633,.F.);
#4478=ORIENTED_EDGE('',*,*,#6816,.T.);
#4479=ORIENTED_EDGE('',*,*,#6507,.T.);
#4480=ORIENTED_EDGE('',*,*,#6438,.F.);
#4481=ORIENTED_EDGE('',*,*,#7634,.F.);
#4482=ORIENTED_EDGE('',*,*,#6820,.T.);
#4483=ORIENTED_EDGE('',*,*,#7632,.T.);
#4484=ORIENTED_EDGE('',*,*,#6434,.F.);
#4485=ORIENTED_EDGE('',*,*,#6509,.F.);
#4486=ORIENTED_EDGE('',*,*,#6814,.T.);
#4487=ORIENTED_EDGE('',*,*,#7635,.T.);
#4488=ORIENTED_EDGE('',*,*,#6441,.F.);
#4489=ORIENTED_EDGE('',*,*,#7636,.F.);
#4490=ORIENTED_EDGE('',*,*,#6813,.T.);
#4491=ORIENTED_EDGE('',*,*,#7637,.T.);
#4492=ORIENTED_EDGE('',*,*,#6442,.F.);
#4493=ORIENTED_EDGE('',*,*,#7635,.F.);
#4494=ORIENTED_EDGE('',*,*,#6812,.T.);
#4495=ORIENTED_EDGE('',*,*,#7638,.T.);
#4496=ORIENTED_EDGE('',*,*,#6443,.F.);
#4497=ORIENTED_EDGE('',*,*,#7637,.F.);
#4498=ORIENTED_EDGE('',*,*,#6811,.T.);
#4499=ORIENTED_EDGE('',*,*,#6504,.T.);
#4500=ORIENTED_EDGE('',*,*,#6444,.F.);
#4501=ORIENTED_EDGE('',*,*,#7638,.F.);
#4502=ORIENTED_EDGE('',*,*,#6815,.T.);
#4503=ORIENTED_EDGE('',*,*,#7636,.T.);
#4504=ORIENTED_EDGE('',*,*,#6440,.F.);
#4505=ORIENTED_EDGE('',*,*,#6506,.F.);
#4506=ORIENTED_EDGE('',*,*,#6809,.T.);
#4507=ORIENTED_EDGE('',*,*,#7639,.T.);
#4508=ORIENTED_EDGE('',*,*,#6447,.F.);
#4509=ORIENTED_EDGE('',*,*,#7640,.F.);
#4510=ORIENTED_EDGE('',*,*,#6808,.T.);
#4511=ORIENTED_EDGE('',*,*,#7641,.T.);
#4512=ORIENTED_EDGE('',*,*,#6448,.F.);
#4513=ORIENTED_EDGE('',*,*,#7639,.F.);
#4514=ORIENTED_EDGE('',*,*,#6807,.T.);
#4515=ORIENTED_EDGE('',*,*,#7642,.T.);
#4516=ORIENTED_EDGE('',*,*,#6449,.F.);
#4517=ORIENTED_EDGE('',*,*,#7641,.F.);
#4518=ORIENTED_EDGE('',*,*,#6806,.T.);
#4519=ORIENTED_EDGE('',*,*,#6501,.T.);
#4520=ORIENTED_EDGE('',*,*,#6450,.F.);
#4521=ORIENTED_EDGE('',*,*,#7642,.F.);
#4522=ORIENTED_EDGE('',*,*,#6810,.T.);
#4523=ORIENTED_EDGE('',*,*,#7640,.T.);
#4524=ORIENTED_EDGE('',*,*,#6446,.F.);
#4525=ORIENTED_EDGE('',*,*,#6503,.F.);
#4526=ORIENTED_EDGE('',*,*,#6804,.T.);
#4527=ORIENTED_EDGE('',*,*,#7643,.T.);
#4528=ORIENTED_EDGE('',*,*,#6453,.F.);
#4529=ORIENTED_EDGE('',*,*,#7644,.F.);
#4530=ORIENTED_EDGE('',*,*,#6803,.T.);
#4531=ORIENTED_EDGE('',*,*,#7645,.T.);
#4532=ORIENTED_EDGE('',*,*,#6454,.F.);
#4533=ORIENTED_EDGE('',*,*,#7643,.F.);
#4534=ORIENTED_EDGE('',*,*,#6802,.T.);
#4535=ORIENTED_EDGE('',*,*,#7646,.T.);
#4536=ORIENTED_EDGE('',*,*,#6455,.F.);
#4537=ORIENTED_EDGE('',*,*,#7645,.F.);
#4538=ORIENTED_EDGE('',*,*,#6801,.T.);
#4539=ORIENTED_EDGE('',*,*,#6498,.T.);
#4540=ORIENTED_EDGE('',*,*,#6456,.F.);
#4541=ORIENTED_EDGE('',*,*,#7646,.F.);
#4542=ORIENTED_EDGE('',*,*,#6805,.T.);
#4543=ORIENTED_EDGE('',*,*,#7644,.T.);
#4544=ORIENTED_EDGE('',*,*,#6452,.F.);
#4545=ORIENTED_EDGE('',*,*,#6500,.F.);
#4546=ORIENTED_EDGE('',*,*,#6799,.T.);
#4547=ORIENTED_EDGE('',*,*,#7647,.T.);
#4548=ORIENTED_EDGE('',*,*,#6459,.F.);
#4549=ORIENTED_EDGE('',*,*,#7648,.F.);
#4550=ORIENTED_EDGE('',*,*,#6798,.T.);
#4551=ORIENTED_EDGE('',*,*,#7649,.T.);
#4552=ORIENTED_EDGE('',*,*,#6460,.F.);
#4553=ORIENTED_EDGE('',*,*,#7647,.F.);
#4554=ORIENTED_EDGE('',*,*,#6797,.T.);
#4555=ORIENTED_EDGE('',*,*,#7650,.T.);
#4556=ORIENTED_EDGE('',*,*,#6461,.F.);
#4557=ORIENTED_EDGE('',*,*,#7649,.F.);
#4558=ORIENTED_EDGE('',*,*,#6796,.T.);
#4559=ORIENTED_EDGE('',*,*,#6495,.T.);
#4560=ORIENTED_EDGE('',*,*,#6462,.F.);
#4561=ORIENTED_EDGE('',*,*,#7650,.F.);
#4562=ORIENTED_EDGE('',*,*,#6800,.T.);
#4563=ORIENTED_EDGE('',*,*,#7648,.T.);
#4564=ORIENTED_EDGE('',*,*,#6458,.F.);
#4565=ORIENTED_EDGE('',*,*,#6497,.F.);
#4566=ORIENTED_EDGE('',*,*,#6794,.T.);
#4567=ORIENTED_EDGE('',*,*,#7651,.T.);
#4568=ORIENTED_EDGE('',*,*,#6465,.F.);
#4569=ORIENTED_EDGE('',*,*,#7652,.F.);
#4570=ORIENTED_EDGE('',*,*,#6793,.T.);
#4571=ORIENTED_EDGE('',*,*,#7653,.T.);
#4572=ORIENTED_EDGE('',*,*,#6466,.F.);
#4573=ORIENTED_EDGE('',*,*,#7651,.F.);
#4574=ORIENTED_EDGE('',*,*,#6792,.T.);
#4575=ORIENTED_EDGE('',*,*,#7654,.T.);
#4576=ORIENTED_EDGE('',*,*,#6467,.F.);
#4577=ORIENTED_EDGE('',*,*,#7653,.F.);
#4578=ORIENTED_EDGE('',*,*,#6791,.T.);
#4579=ORIENTED_EDGE('',*,*,#6492,.T.);
#4580=ORIENTED_EDGE('',*,*,#6468,.F.);
#4581=ORIENTED_EDGE('',*,*,#7654,.F.);
#4582=ORIENTED_EDGE('',*,*,#6795,.T.);
#4583=ORIENTED_EDGE('',*,*,#7652,.T.);
#4584=ORIENTED_EDGE('',*,*,#6464,.F.);
#4585=ORIENTED_EDGE('',*,*,#6494,.F.);
#4586=ORIENTED_EDGE('',*,*,#6789,.T.);
#4587=ORIENTED_EDGE('',*,*,#7655,.T.);
#4588=ORIENTED_EDGE('',*,*,#6471,.F.);
#4589=ORIENTED_EDGE('',*,*,#7656,.F.);
#4590=ORIENTED_EDGE('',*,*,#6788,.T.);
#4591=ORIENTED_EDGE('',*,*,#7657,.T.);
#4592=ORIENTED_EDGE('',*,*,#6472,.F.);
#4593=ORIENTED_EDGE('',*,*,#7655,.F.);
#4594=ORIENTED_EDGE('',*,*,#6787,.T.);
#4595=ORIENTED_EDGE('',*,*,#7658,.T.);
#4596=ORIENTED_EDGE('',*,*,#6473,.F.);
#4597=ORIENTED_EDGE('',*,*,#7657,.F.);
#4598=ORIENTED_EDGE('',*,*,#6786,.T.);
#4599=ORIENTED_EDGE('',*,*,#6489,.T.);
#4600=ORIENTED_EDGE('',*,*,#6474,.F.);
#4601=ORIENTED_EDGE('',*,*,#7658,.F.);
#4602=ORIENTED_EDGE('',*,*,#6790,.T.);
#4603=ORIENTED_EDGE('',*,*,#7656,.T.);
#4604=ORIENTED_EDGE('',*,*,#6470,.F.);
#4605=ORIENTED_EDGE('',*,*,#6491,.F.);
#4606=ORIENTED_EDGE('',*,*,#6784,.T.);
#4607=ORIENTED_EDGE('',*,*,#7659,.T.);
#4608=ORIENTED_EDGE('',*,*,#6477,.F.);
#4609=ORIENTED_EDGE('',*,*,#7660,.F.);
#4610=ORIENTED_EDGE('',*,*,#6783,.T.);
#4611=ORIENTED_EDGE('',*,*,#7661,.T.);
#4612=ORIENTED_EDGE('',*,*,#6478,.F.);
#4613=ORIENTED_EDGE('',*,*,#7659,.F.);
#4614=ORIENTED_EDGE('',*,*,#6782,.T.);
#4615=ORIENTED_EDGE('',*,*,#7662,.T.);
#4616=ORIENTED_EDGE('',*,*,#6479,.F.);
#4617=ORIENTED_EDGE('',*,*,#7661,.F.);
#4618=ORIENTED_EDGE('',*,*,#6781,.T.);
#4619=ORIENTED_EDGE('',*,*,#6486,.T.);
#4620=ORIENTED_EDGE('',*,*,#6480,.F.);
#4621=ORIENTED_EDGE('',*,*,#7662,.F.);
#4622=ORIENTED_EDGE('',*,*,#6785,.T.);
#4623=ORIENTED_EDGE('',*,*,#7660,.T.);
#4624=ORIENTED_EDGE('',*,*,#6476,.F.);
#4625=ORIENTED_EDGE('',*,*,#6488,.F.);
#4626=ORIENTED_EDGE('',*,*,#6779,.T.);
#4627=ORIENTED_EDGE('',*,*,#7663,.T.);
#4628=ORIENTED_EDGE('',*,*,#6401,.F.);
#4629=ORIENTED_EDGE('',*,*,#7664,.F.);
#4630=ORIENTED_EDGE('',*,*,#6778,.T.);
#4631=ORIENTED_EDGE('',*,*,#7665,.T.);
#4632=ORIENTED_EDGE('',*,*,#6402,.F.);
#4633=ORIENTED_EDGE('',*,*,#7663,.F.);
#4634=ORIENTED_EDGE('',*,*,#6777,.T.);
#4635=ORIENTED_EDGE('',*,*,#7666,.T.);
#4636=ORIENTED_EDGE('',*,*,#6403,.F.);
#4637=ORIENTED_EDGE('',*,*,#7665,.F.);
#4638=ORIENTED_EDGE('',*,*,#6776,.T.);
#4639=ORIENTED_EDGE('',*,*,#6482,.T.);
#4640=ORIENTED_EDGE('',*,*,#6404,.F.);
#4641=ORIENTED_EDGE('',*,*,#7666,.F.);
#4642=ORIENTED_EDGE('',*,*,#6780,.T.);
#4643=ORIENTED_EDGE('',*,*,#7664,.T.);
#4644=ORIENTED_EDGE('',*,*,#6400,.F.);
#4645=ORIENTED_EDGE('',*,*,#6485,.F.);
#4646=ORIENTED_EDGE('',*,*,#7667,.F.);
#4647=ORIENTED_EDGE('',*,*,#6918,.F.);
#4648=ORIENTED_EDGE('',*,*,#7668,.F.);
#4649=ORIENTED_EDGE('',*,*,#7200,.F.);
#4650=ORIENTED_EDGE('',*,*,#7668,.T.);
#4651=ORIENTED_EDGE('',*,*,#6917,.F.);
#4652=ORIENTED_EDGE('',*,*,#7669,.F.);
#4653=ORIENTED_EDGE('',*,*,#7203,.F.);
#4654=ORIENTED_EDGE('',*,*,#7667,.T.);
#4655=ORIENTED_EDGE('',*,*,#7197,.F.);
#4656=ORIENTED_EDGE('',*,*,#7670,.F.);
#4657=ORIENTED_EDGE('',*,*,#6919,.F.);
#4658=ORIENTED_EDGE('',*,*,#7669,.T.);
#4659=ORIENTED_EDGE('',*,*,#6916,.F.);
#4660=ORIENTED_EDGE('',*,*,#7671,.F.);
#4661=ORIENTED_EDGE('',*,*,#7206,.F.);
#4662=ORIENTED_EDGE('',*,*,#7670,.T.);
#4663=ORIENTED_EDGE('',*,*,#7194,.F.);
#4664=ORIENTED_EDGE('',*,*,#7672,.F.);
#4665=ORIENTED_EDGE('',*,*,#6920,.F.);
#4666=ORIENTED_EDGE('',*,*,#7671,.T.);
#4667=ORIENTED_EDGE('',*,*,#6915,.F.);
#4668=ORIENTED_EDGE('',*,*,#7673,.F.);
#4669=ORIENTED_EDGE('',*,*,#7209,.F.);
#4670=ORIENTED_EDGE('',*,*,#7672,.T.);
#4671=ORIENTED_EDGE('',*,*,#7191,.F.);
#4672=ORIENTED_EDGE('',*,*,#7674,.F.);
#4673=ORIENTED_EDGE('',*,*,#6921,.F.);
#4674=ORIENTED_EDGE('',*,*,#7673,.T.);
#4675=ORIENTED_EDGE('',*,*,#6914,.F.);
#4676=ORIENTED_EDGE('',*,*,#7675,.F.);
#4677=ORIENTED_EDGE('',*,*,#7212,.F.);
#4678=ORIENTED_EDGE('',*,*,#7674,.T.);
#4679=ORIENTED_EDGE('',*,*,#7188,.F.);
#4680=ORIENTED_EDGE('',*,*,#7676,.F.);
#4681=ORIENTED_EDGE('',*,*,#6922,.F.);
#4682=ORIENTED_EDGE('',*,*,#7675,.T.);
#4683=ORIENTED_EDGE('',*,*,#6913,.F.);
#4684=ORIENTED_EDGE('',*,*,#7677,.F.);
#4685=ORIENTED_EDGE('',*,*,#7215,.F.);
#4686=ORIENTED_EDGE('',*,*,#7676,.T.);
#4687=ORIENTED_EDGE('',*,*,#7221,.F.);
#4688=ORIENTED_EDGE('',*,*,#7678,.F.);
#4689=ORIENTED_EDGE('',*,*,#6911,.F.);
#4690=ORIENTED_EDGE('',*,*,#7677,.T.);
#4691=ORIENTED_EDGE('',*,*,#6912,.F.);
#4692=ORIENTED_EDGE('',*,*,#7678,.T.);
#4693=ORIENTED_EDGE('',*,*,#7218,.F.);
#4694=ORIENTED_EDGE('',*,*,#7679,.F.);
#4695=ORIENTED_EDGE('',*,*,#6930,.F.);
#4696=ORIENTED_EDGE('',*,*,#7680,.F.);
#4697=ORIENTED_EDGE('',*,*,#7236,.F.);
#4698=ORIENTED_EDGE('',*,*,#7680,.T.);
#4699=ORIENTED_EDGE('',*,*,#6929,.F.);
#4700=ORIENTED_EDGE('',*,*,#7681,.F.);
#4701=ORIENTED_EDGE('',*,*,#7239,.F.);
#4702=ORIENTED_EDGE('',*,*,#7679,.T.);
#4703=ORIENTED_EDGE('',*,*,#7233,.F.);
#4704=ORIENTED_EDGE('',*,*,#7682,.F.);
#4705=ORIENTED_EDGE('',*,*,#6931,.F.);
#4706=ORIENTED_EDGE('',*,*,#7681,.T.);
#4707=ORIENTED_EDGE('',*,*,#6928,.F.);
#4708=ORIENTED_EDGE('',*,*,#7683,.F.);
#4709=ORIENTED_EDGE('',*,*,#7242,.F.);
#4710=ORIENTED_EDGE('',*,*,#7682,.T.);
#4711=ORIENTED_EDGE('',*,*,#7230,.F.);
#4712=ORIENTED_EDGE('',*,*,#7684,.F.);
#4713=ORIENTED_EDGE('',*,*,#6932,.F.);
#4714=ORIENTED_EDGE('',*,*,#7683,.T.);
#4715=ORIENTED_EDGE('',*,*,#6927,.F.);
#4716=ORIENTED_EDGE('',*,*,#7685,.F.);
#4717=ORIENTED_EDGE('',*,*,#7245,.F.);
#4718=ORIENTED_EDGE('',*,*,#7684,.T.);
#4719=ORIENTED_EDGE('',*,*,#7227,.F.);
#4720=ORIENTED_EDGE('',*,*,#7686,.F.);
#4721=ORIENTED_EDGE('',*,*,#6933,.F.);
#4722=ORIENTED_EDGE('',*,*,#7685,.T.);
#4723=ORIENTED_EDGE('',*,*,#6926,.F.);
#4724=ORIENTED_EDGE('',*,*,#7687,.F.);
#4725=ORIENTED_EDGE('',*,*,#7248,.F.);
#4726=ORIENTED_EDGE('',*,*,#7686,.T.);
#4727=ORIENTED_EDGE('',*,*,#7224,.F.);
#4728=ORIENTED_EDGE('',*,*,#7688,.F.);
#4729=ORIENTED_EDGE('',*,*,#6934,.F.);
#4730=ORIENTED_EDGE('',*,*,#7687,.T.);
#4731=ORIENTED_EDGE('',*,*,#6925,.F.);
#4732=ORIENTED_EDGE('',*,*,#7689,.F.);
#4733=ORIENTED_EDGE('',*,*,#7251,.F.);
#4734=ORIENTED_EDGE('',*,*,#7688,.T.);
#4735=ORIENTED_EDGE('',*,*,#7257,.F.);
#4736=ORIENTED_EDGE('',*,*,#7690,.F.);
#4737=ORIENTED_EDGE('',*,*,#6923,.F.);
#4738=ORIENTED_EDGE('',*,*,#7689,.T.);
#4739=ORIENTED_EDGE('',*,*,#6924,.F.);
#4740=ORIENTED_EDGE('',*,*,#7690,.T.);
#4741=ORIENTED_EDGE('',*,*,#7254,.F.);
#4742=ORIENTED_EDGE('',*,*,#7691,.F.);
#4743=ORIENTED_EDGE('',*,*,#6942,.F.);
#4744=ORIENTED_EDGE('',*,*,#7692,.F.);
#4745=ORIENTED_EDGE('',*,*,#7272,.F.);
#4746=ORIENTED_EDGE('',*,*,#7692,.T.);
#4747=ORIENTED_EDGE('',*,*,#6941,.F.);
#4748=ORIENTED_EDGE('',*,*,#7693,.F.);
#4749=ORIENTED_EDGE('',*,*,#7275,.F.);
#4750=ORIENTED_EDGE('',*,*,#7691,.T.);
#4751=ORIENTED_EDGE('',*,*,#7269,.F.);
#4752=ORIENTED_EDGE('',*,*,#7694,.F.);
#4753=ORIENTED_EDGE('',*,*,#6943,.F.);
#4754=ORIENTED_EDGE('',*,*,#7693,.T.);
#4755=ORIENTED_EDGE('',*,*,#6940,.F.);
#4756=ORIENTED_EDGE('',*,*,#7695,.F.);
#4757=ORIENTED_EDGE('',*,*,#7278,.F.);
#4758=ORIENTED_EDGE('',*,*,#7694,.T.);
#4759=ORIENTED_EDGE('',*,*,#7266,.F.);
#4760=ORIENTED_EDGE('',*,*,#7696,.F.);
#4761=ORIENTED_EDGE('',*,*,#6944,.F.);
#4762=ORIENTED_EDGE('',*,*,#7695,.T.);
#4763=ORIENTED_EDGE('',*,*,#6939,.F.);
#4764=ORIENTED_EDGE('',*,*,#7697,.F.);
#4765=ORIENTED_EDGE('',*,*,#7281,.F.);
#4766=ORIENTED_EDGE('',*,*,#7696,.T.);
#4767=ORIENTED_EDGE('',*,*,#7263,.F.);
#4768=ORIENTED_EDGE('',*,*,#7698,.F.);
#4769=ORIENTED_EDGE('',*,*,#6945,.F.);
#4770=ORIENTED_EDGE('',*,*,#7697,.T.);
#4771=ORIENTED_EDGE('',*,*,#6938,.F.);
#4772=ORIENTED_EDGE('',*,*,#7699,.F.);
#4773=ORIENTED_EDGE('',*,*,#7284,.F.);
#4774=ORIENTED_EDGE('',*,*,#7698,.T.);
#4775=ORIENTED_EDGE('',*,*,#7260,.F.);
#4776=ORIENTED_EDGE('',*,*,#7700,.F.);
#4777=ORIENTED_EDGE('',*,*,#6946,.F.);
#4778=ORIENTED_EDGE('',*,*,#7699,.T.);
#4779=ORIENTED_EDGE('',*,*,#6937,.F.);
#4780=ORIENTED_EDGE('',*,*,#7701,.F.);
#4781=ORIENTED_EDGE('',*,*,#7287,.F.);
#4782=ORIENTED_EDGE('',*,*,#7700,.T.);
#4783=ORIENTED_EDGE('',*,*,#7293,.F.);
#4784=ORIENTED_EDGE('',*,*,#7702,.F.);
#4785=ORIENTED_EDGE('',*,*,#6935,.F.);
#4786=ORIENTED_EDGE('',*,*,#7701,.T.);
#4787=ORIENTED_EDGE('',*,*,#6936,.F.);
#4788=ORIENTED_EDGE('',*,*,#7702,.T.);
#4789=ORIENTED_EDGE('',*,*,#7290,.F.);
#4790=ORIENTED_EDGE('',*,*,#7703,.F.);
#4791=ORIENTED_EDGE('',*,*,#6954,.F.);
#4792=ORIENTED_EDGE('',*,*,#7704,.F.);
#4793=ORIENTED_EDGE('',*,*,#7308,.F.);
#4794=ORIENTED_EDGE('',*,*,#7704,.T.);
#4795=ORIENTED_EDGE('',*,*,#6953,.F.);
#4796=ORIENTED_EDGE('',*,*,#7705,.F.);
#4797=ORIENTED_EDGE('',*,*,#7311,.F.);
#4798=ORIENTED_EDGE('',*,*,#7703,.T.);
#4799=ORIENTED_EDGE('',*,*,#7305,.F.);
#4800=ORIENTED_EDGE('',*,*,#7706,.F.);
#4801=ORIENTED_EDGE('',*,*,#6955,.F.);
#4802=ORIENTED_EDGE('',*,*,#7705,.T.);
#4803=ORIENTED_EDGE('',*,*,#6952,.F.);
#4804=ORIENTED_EDGE('',*,*,#7707,.F.);
#4805=ORIENTED_EDGE('',*,*,#7314,.F.);
#4806=ORIENTED_EDGE('',*,*,#7706,.T.);
#4807=ORIENTED_EDGE('',*,*,#7302,.F.);
#4808=ORIENTED_EDGE('',*,*,#7708,.F.);
#4809=ORIENTED_EDGE('',*,*,#6956,.F.);
#4810=ORIENTED_EDGE('',*,*,#7707,.T.);
#4811=ORIENTED_EDGE('',*,*,#6951,.F.);
#4812=ORIENTED_EDGE('',*,*,#7709,.F.);
#4813=ORIENTED_EDGE('',*,*,#7317,.F.);
#4814=ORIENTED_EDGE('',*,*,#7708,.T.);
#4815=ORIENTED_EDGE('',*,*,#7299,.F.);
#4816=ORIENTED_EDGE('',*,*,#7710,.F.);
#4817=ORIENTED_EDGE('',*,*,#6957,.F.);
#4818=ORIENTED_EDGE('',*,*,#7709,.T.);
#4819=ORIENTED_EDGE('',*,*,#6950,.F.);
#4820=ORIENTED_EDGE('',*,*,#7711,.F.);
#4821=ORIENTED_EDGE('',*,*,#7320,.F.);
#4822=ORIENTED_EDGE('',*,*,#7710,.T.);
#4823=ORIENTED_EDGE('',*,*,#7296,.F.);
#4824=ORIENTED_EDGE('',*,*,#7712,.F.);
#4825=ORIENTED_EDGE('',*,*,#6958,.F.);
#4826=ORIENTED_EDGE('',*,*,#7711,.T.);
#4827=ORIENTED_EDGE('',*,*,#6949,.F.);
#4828=ORIENTED_EDGE('',*,*,#7713,.F.);
#4829=ORIENTED_EDGE('',*,*,#7323,.F.);
#4830=ORIENTED_EDGE('',*,*,#7712,.T.);
#4831=ORIENTED_EDGE('',*,*,#7329,.F.);
#4832=ORIENTED_EDGE('',*,*,#7714,.F.);
#4833=ORIENTED_EDGE('',*,*,#6947,.F.);
#4834=ORIENTED_EDGE('',*,*,#7713,.T.);
#4835=ORIENTED_EDGE('',*,*,#6948,.F.);
#4836=ORIENTED_EDGE('',*,*,#7714,.T.);
#4837=ORIENTED_EDGE('',*,*,#7326,.F.);
#4838=ORIENTED_EDGE('',*,*,#7715,.F.);
#4839=ORIENTED_EDGE('',*,*,#6966,.F.);
#4840=ORIENTED_EDGE('',*,*,#7716,.F.);
#4841=ORIENTED_EDGE('',*,*,#7344,.F.);
#4842=ORIENTED_EDGE('',*,*,#7716,.T.);
#4843=ORIENTED_EDGE('',*,*,#6965,.F.);
#4844=ORIENTED_EDGE('',*,*,#7717,.F.);
#4845=ORIENTED_EDGE('',*,*,#7347,.F.);
#4846=ORIENTED_EDGE('',*,*,#7715,.T.);
#4847=ORIENTED_EDGE('',*,*,#7341,.F.);
#4848=ORIENTED_EDGE('',*,*,#7718,.F.);
#4849=ORIENTED_EDGE('',*,*,#6967,.F.);
#4850=ORIENTED_EDGE('',*,*,#7717,.T.);
#4851=ORIENTED_EDGE('',*,*,#6964,.F.);
#4852=ORIENTED_EDGE('',*,*,#7719,.F.);
#4853=ORIENTED_EDGE('',*,*,#7350,.F.);
#4854=ORIENTED_EDGE('',*,*,#7718,.T.);
#4855=ORIENTED_EDGE('',*,*,#7338,.F.);
#4856=ORIENTED_EDGE('',*,*,#7720,.F.);
#4857=ORIENTED_EDGE('',*,*,#6968,.F.);
#4858=ORIENTED_EDGE('',*,*,#7719,.T.);
#4859=ORIENTED_EDGE('',*,*,#6963,.F.);
#4860=ORIENTED_EDGE('',*,*,#7721,.F.);
#4861=ORIENTED_EDGE('',*,*,#7353,.F.);
#4862=ORIENTED_EDGE('',*,*,#7720,.T.);
#4863=ORIENTED_EDGE('',*,*,#7335,.F.);
#4864=ORIENTED_EDGE('',*,*,#7722,.F.);
#4865=ORIENTED_EDGE('',*,*,#6969,.F.);
#4866=ORIENTED_EDGE('',*,*,#7721,.T.);
#4867=ORIENTED_EDGE('',*,*,#6962,.F.);
#4868=ORIENTED_EDGE('',*,*,#7723,.F.);
#4869=ORIENTED_EDGE('',*,*,#7356,.F.);
#4870=ORIENTED_EDGE('',*,*,#7722,.T.);
#4871=ORIENTED_EDGE('',*,*,#7332,.F.);
#4872=ORIENTED_EDGE('',*,*,#7724,.F.);
#4873=ORIENTED_EDGE('',*,*,#6970,.F.);
#4874=ORIENTED_EDGE('',*,*,#7723,.T.);
#4875=ORIENTED_EDGE('',*,*,#6961,.F.);
#4876=ORIENTED_EDGE('',*,*,#7725,.F.);
#4877=ORIENTED_EDGE('',*,*,#7359,.F.);
#4878=ORIENTED_EDGE('',*,*,#7724,.T.);
#4879=ORIENTED_EDGE('',*,*,#7365,.F.);
#4880=ORIENTED_EDGE('',*,*,#7726,.F.);
#4881=ORIENTED_EDGE('',*,*,#6959,.F.);
#4882=ORIENTED_EDGE('',*,*,#7725,.T.);
#4883=ORIENTED_EDGE('',*,*,#6960,.F.);
#4884=ORIENTED_EDGE('',*,*,#7726,.T.);
#4885=ORIENTED_EDGE('',*,*,#7362,.F.);
#4886=ORIENTED_EDGE('',*,*,#7727,.F.);
#4887=ORIENTED_EDGE('',*,*,#6978,.F.);
#4888=ORIENTED_EDGE('',*,*,#7728,.F.);
#4889=ORIENTED_EDGE('',*,*,#7380,.F.);
#4890=ORIENTED_EDGE('',*,*,#7728,.T.);
#4891=ORIENTED_EDGE('',*,*,#6977,.F.);
#4892=ORIENTED_EDGE('',*,*,#7729,.F.);
#4893=ORIENTED_EDGE('',*,*,#7383,.F.);
#4894=ORIENTED_EDGE('',*,*,#7727,.T.);
#4895=ORIENTED_EDGE('',*,*,#7377,.F.);
#4896=ORIENTED_EDGE('',*,*,#7730,.F.);
#4897=ORIENTED_EDGE('',*,*,#6979,.F.);
#4898=ORIENTED_EDGE('',*,*,#7729,.T.);
#4899=ORIENTED_EDGE('',*,*,#6976,.F.);
#4900=ORIENTED_EDGE('',*,*,#7731,.F.);
#4901=ORIENTED_EDGE('',*,*,#7386,.F.);
#4902=ORIENTED_EDGE('',*,*,#7730,.T.);
#4903=ORIENTED_EDGE('',*,*,#7374,.F.);
#4904=ORIENTED_EDGE('',*,*,#7732,.F.);
#4905=ORIENTED_EDGE('',*,*,#6980,.F.);
#4906=ORIENTED_EDGE('',*,*,#7731,.T.);
#4907=ORIENTED_EDGE('',*,*,#6975,.F.);
#4908=ORIENTED_EDGE('',*,*,#7733,.F.);
#4909=ORIENTED_EDGE('',*,*,#7389,.F.);
#4910=ORIENTED_EDGE('',*,*,#7732,.T.);
#4911=ORIENTED_EDGE('',*,*,#7371,.F.);
#4912=ORIENTED_EDGE('',*,*,#7734,.F.);
#4913=ORIENTED_EDGE('',*,*,#6981,.F.);
#4914=ORIENTED_EDGE('',*,*,#7733,.T.);
#4915=ORIENTED_EDGE('',*,*,#6974,.F.);
#4916=ORIENTED_EDGE('',*,*,#7735,.F.);
#4917=ORIENTED_EDGE('',*,*,#7392,.F.);
#4918=ORIENTED_EDGE('',*,*,#7734,.T.);
#4919=ORIENTED_EDGE('',*,*,#7368,.F.);
#4920=ORIENTED_EDGE('',*,*,#7736,.F.);
#4921=ORIENTED_EDGE('',*,*,#6982,.F.);
#4922=ORIENTED_EDGE('',*,*,#7735,.T.);
#4923=ORIENTED_EDGE('',*,*,#6973,.F.);
#4924=ORIENTED_EDGE('',*,*,#7737,.F.);
#4925=ORIENTED_EDGE('',*,*,#7395,.F.);
#4926=ORIENTED_EDGE('',*,*,#7736,.T.);
#4927=ORIENTED_EDGE('',*,*,#7401,.F.);
#4928=ORIENTED_EDGE('',*,*,#7738,.F.);
#4929=ORIENTED_EDGE('',*,*,#6971,.F.);
#4930=ORIENTED_EDGE('',*,*,#7737,.T.);
#4931=ORIENTED_EDGE('',*,*,#6972,.F.);
#4932=ORIENTED_EDGE('',*,*,#7738,.T.);
#4933=ORIENTED_EDGE('',*,*,#7398,.F.);
#4934=ORIENTED_EDGE('',*,*,#7739,.F.);
#4935=ORIENTED_EDGE('',*,*,#6990,.F.);
#4936=ORIENTED_EDGE('',*,*,#7740,.F.);
#4937=ORIENTED_EDGE('',*,*,#7416,.F.);
#4938=ORIENTED_EDGE('',*,*,#7740,.T.);
#4939=ORIENTED_EDGE('',*,*,#6989,.F.);
#4940=ORIENTED_EDGE('',*,*,#7741,.F.);
#4941=ORIENTED_EDGE('',*,*,#7419,.F.);
#4942=ORIENTED_EDGE('',*,*,#7739,.T.);
#4943=ORIENTED_EDGE('',*,*,#7413,.F.);
#4944=ORIENTED_EDGE('',*,*,#7742,.F.);
#4945=ORIENTED_EDGE('',*,*,#6991,.F.);
#4946=ORIENTED_EDGE('',*,*,#7741,.T.);
#4947=ORIENTED_EDGE('',*,*,#6988,.F.);
#4948=ORIENTED_EDGE('',*,*,#7743,.F.);
#4949=ORIENTED_EDGE('',*,*,#7422,.F.);
#4950=ORIENTED_EDGE('',*,*,#7742,.T.);
#4951=ORIENTED_EDGE('',*,*,#7410,.F.);
#4952=ORIENTED_EDGE('',*,*,#7744,.F.);
#4953=ORIENTED_EDGE('',*,*,#6992,.F.);
#4954=ORIENTED_EDGE('',*,*,#7743,.T.);
#4955=ORIENTED_EDGE('',*,*,#6987,.F.);
#4956=ORIENTED_EDGE('',*,*,#7745,.F.);
#4957=ORIENTED_EDGE('',*,*,#7425,.F.);
#4958=ORIENTED_EDGE('',*,*,#7744,.T.);
#4959=ORIENTED_EDGE('',*,*,#7407,.F.);
#4960=ORIENTED_EDGE('',*,*,#7746,.F.);
#4961=ORIENTED_EDGE('',*,*,#6993,.F.);
#4962=ORIENTED_EDGE('',*,*,#7745,.T.);
#4963=ORIENTED_EDGE('',*,*,#6986,.F.);
#4964=ORIENTED_EDGE('',*,*,#7747,.F.);
#4965=ORIENTED_EDGE('',*,*,#7428,.F.);
#4966=ORIENTED_EDGE('',*,*,#7746,.T.);
#4967=ORIENTED_EDGE('',*,*,#7404,.F.);
#4968=ORIENTED_EDGE('',*,*,#7748,.F.);
#4969=ORIENTED_EDGE('',*,*,#6994,.F.);
#4970=ORIENTED_EDGE('',*,*,#7747,.T.);
#4971=ORIENTED_EDGE('',*,*,#6985,.F.);
#4972=ORIENTED_EDGE('',*,*,#7749,.F.);
#4973=ORIENTED_EDGE('',*,*,#7431,.F.);
#4974=ORIENTED_EDGE('',*,*,#7748,.T.);
#4975=ORIENTED_EDGE('',*,*,#7437,.F.);
#4976=ORIENTED_EDGE('',*,*,#7750,.F.);
#4977=ORIENTED_EDGE('',*,*,#6983,.F.);
#4978=ORIENTED_EDGE('',*,*,#7749,.T.);
#4979=ORIENTED_EDGE('',*,*,#6984,.F.);
#4980=ORIENTED_EDGE('',*,*,#7750,.T.);
#4981=ORIENTED_EDGE('',*,*,#7434,.F.);
#4982=ORIENTED_EDGE('',*,*,#7751,.F.);
#4983=ORIENTED_EDGE('',*,*,#7002,.F.);
#4984=ORIENTED_EDGE('',*,*,#7752,.F.);
#4985=ORIENTED_EDGE('',*,*,#7452,.F.);
#4986=ORIENTED_EDGE('',*,*,#7752,.T.);
#4987=ORIENTED_EDGE('',*,*,#7001,.F.);
#4988=ORIENTED_EDGE('',*,*,#7753,.F.);
#4989=ORIENTED_EDGE('',*,*,#7455,.F.);
#4990=ORIENTED_EDGE('',*,*,#7751,.T.);
#4991=ORIENTED_EDGE('',*,*,#7449,.F.);
#4992=ORIENTED_EDGE('',*,*,#7754,.F.);
#4993=ORIENTED_EDGE('',*,*,#7003,.F.);
#4994=ORIENTED_EDGE('',*,*,#7753,.T.);
#4995=ORIENTED_EDGE('',*,*,#7000,.F.);
#4996=ORIENTED_EDGE('',*,*,#7755,.F.);
#4997=ORIENTED_EDGE('',*,*,#7458,.F.);
#4998=ORIENTED_EDGE('',*,*,#7754,.T.);
#4999=ORIENTED_EDGE('',*,*,#7446,.F.);
#5000=ORIENTED_EDGE('',*,*,#7756,.F.);
#5001=ORIENTED_EDGE('',*,*,#7004,.F.);
#5002=ORIENTED_EDGE('',*,*,#7755,.T.);
#5003=ORIENTED_EDGE('',*,*,#6999,.F.);
#5004=ORIENTED_EDGE('',*,*,#7757,.F.);
#5005=ORIENTED_EDGE('',*,*,#7461,.F.);
#5006=ORIENTED_EDGE('',*,*,#7756,.T.);
#5007=ORIENTED_EDGE('',*,*,#7443,.F.);
#5008=ORIENTED_EDGE('',*,*,#7758,.F.);
#5009=ORIENTED_EDGE('',*,*,#7005,.F.);
#5010=ORIENTED_EDGE('',*,*,#7757,.T.);
#5011=ORIENTED_EDGE('',*,*,#6998,.F.);
#5012=ORIENTED_EDGE('',*,*,#7759,.F.);
#5013=ORIENTED_EDGE('',*,*,#7464,.F.);
#5014=ORIENTED_EDGE('',*,*,#7758,.T.);
#5015=ORIENTED_EDGE('',*,*,#7440,.F.);
#5016=ORIENTED_EDGE('',*,*,#7760,.F.);
#5017=ORIENTED_EDGE('',*,*,#7006,.F.);
#5018=ORIENTED_EDGE('',*,*,#7759,.T.);
#5019=ORIENTED_EDGE('',*,*,#6997,.F.);
#5020=ORIENTED_EDGE('',*,*,#7761,.F.);
#5021=ORIENTED_EDGE('',*,*,#7467,.F.);
#5022=ORIENTED_EDGE('',*,*,#7760,.T.);
#5023=ORIENTED_EDGE('',*,*,#7473,.F.);
#5024=ORIENTED_EDGE('',*,*,#7762,.F.);
#5025=ORIENTED_EDGE('',*,*,#6995,.F.);
#5026=ORIENTED_EDGE('',*,*,#7761,.T.);
#5027=ORIENTED_EDGE('',*,*,#6996,.F.);
#5028=ORIENTED_EDGE('',*,*,#7762,.T.);
#5029=ORIENTED_EDGE('',*,*,#7470,.F.);
#5030=ORIENTED_EDGE('',*,*,#7763,.F.);
#5031=ORIENTED_EDGE('',*,*,#7014,.F.);
#5032=ORIENTED_EDGE('',*,*,#7764,.F.);
#5033=ORIENTED_EDGE('',*,*,#7488,.F.);
#5034=ORIENTED_EDGE('',*,*,#7764,.T.);
#5035=ORIENTED_EDGE('',*,*,#7013,.F.);
#5036=ORIENTED_EDGE('',*,*,#7765,.F.);
#5037=ORIENTED_EDGE('',*,*,#7491,.F.);
#5038=ORIENTED_EDGE('',*,*,#7763,.T.);
#5039=ORIENTED_EDGE('',*,*,#7485,.F.);
#5040=ORIENTED_EDGE('',*,*,#7766,.F.);
#5041=ORIENTED_EDGE('',*,*,#7015,.F.);
#5042=ORIENTED_EDGE('',*,*,#7765,.T.);
#5043=ORIENTED_EDGE('',*,*,#7012,.F.);
#5044=ORIENTED_EDGE('',*,*,#7767,.F.);
#5045=ORIENTED_EDGE('',*,*,#7494,.F.);
#5046=ORIENTED_EDGE('',*,*,#7766,.T.);
#5047=ORIENTED_EDGE('',*,*,#7482,.F.);
#5048=ORIENTED_EDGE('',*,*,#7768,.F.);
#5049=ORIENTED_EDGE('',*,*,#7016,.F.);
#5050=ORIENTED_EDGE('',*,*,#7767,.T.);
#5051=ORIENTED_EDGE('',*,*,#7011,.F.);
#5052=ORIENTED_EDGE('',*,*,#7769,.F.);
#5053=ORIENTED_EDGE('',*,*,#7497,.F.);
#5054=ORIENTED_EDGE('',*,*,#7768,.T.);
#5055=ORIENTED_EDGE('',*,*,#7479,.F.);
#5056=ORIENTED_EDGE('',*,*,#7770,.F.);
#5057=ORIENTED_EDGE('',*,*,#7017,.F.);
#5058=ORIENTED_EDGE('',*,*,#7769,.T.);
#5059=ORIENTED_EDGE('',*,*,#7010,.F.);
#5060=ORIENTED_EDGE('',*,*,#7771,.F.);
#5061=ORIENTED_EDGE('',*,*,#7500,.F.);
#5062=ORIENTED_EDGE('',*,*,#7770,.T.);
#5063=ORIENTED_EDGE('',*,*,#7476,.F.);
#5064=ORIENTED_EDGE('',*,*,#7772,.F.);
#5065=ORIENTED_EDGE('',*,*,#7018,.F.);
#5066=ORIENTED_EDGE('',*,*,#7771,.T.);
#5067=ORIENTED_EDGE('',*,*,#7009,.F.);
#5068=ORIENTED_EDGE('',*,*,#7773,.F.);
#5069=ORIENTED_EDGE('',*,*,#7503,.F.);
#5070=ORIENTED_EDGE('',*,*,#7772,.T.);
#5071=ORIENTED_EDGE('',*,*,#7509,.F.);
#5072=ORIENTED_EDGE('',*,*,#7774,.F.);
#5073=ORIENTED_EDGE('',*,*,#7007,.F.);
#5074=ORIENTED_EDGE('',*,*,#7773,.T.);
#5075=ORIENTED_EDGE('',*,*,#7008,.F.);
#5076=ORIENTED_EDGE('',*,*,#7774,.T.);
#5077=ORIENTED_EDGE('',*,*,#7506,.F.);
#5078=ORIENTED_EDGE('',*,*,#7775,.F.);
#5079=ORIENTED_EDGE('',*,*,#7026,.F.);
#5080=ORIENTED_EDGE('',*,*,#7776,.F.);
#5081=ORIENTED_EDGE('',*,*,#7524,.F.);
#5082=ORIENTED_EDGE('',*,*,#7776,.T.);
#5083=ORIENTED_EDGE('',*,*,#7025,.F.);
#5084=ORIENTED_EDGE('',*,*,#7777,.F.);
#5085=ORIENTED_EDGE('',*,*,#7527,.F.);
#5086=ORIENTED_EDGE('',*,*,#7775,.T.);
#5087=ORIENTED_EDGE('',*,*,#7521,.F.);
#5088=ORIENTED_EDGE('',*,*,#7778,.F.);
#5089=ORIENTED_EDGE('',*,*,#7027,.F.);
#5090=ORIENTED_EDGE('',*,*,#7777,.T.);
#5091=ORIENTED_EDGE('',*,*,#7024,.F.);
#5092=ORIENTED_EDGE('',*,*,#7779,.F.);
#5093=ORIENTED_EDGE('',*,*,#7530,.F.);
#5094=ORIENTED_EDGE('',*,*,#7778,.T.);
#5095=ORIENTED_EDGE('',*,*,#7518,.F.);
#5096=ORIENTED_EDGE('',*,*,#7780,.F.);
#5097=ORIENTED_EDGE('',*,*,#7028,.F.);
#5098=ORIENTED_EDGE('',*,*,#7779,.T.);
#5099=ORIENTED_EDGE('',*,*,#7023,.F.);
#5100=ORIENTED_EDGE('',*,*,#7781,.F.);
#5101=ORIENTED_EDGE('',*,*,#7533,.F.);
#5102=ORIENTED_EDGE('',*,*,#7780,.T.);
#5103=ORIENTED_EDGE('',*,*,#7515,.F.);
#5104=ORIENTED_EDGE('',*,*,#7782,.F.);
#5105=ORIENTED_EDGE('',*,*,#7029,.F.);
#5106=ORIENTED_EDGE('',*,*,#7781,.T.);
#5107=ORIENTED_EDGE('',*,*,#7022,.F.);
#5108=ORIENTED_EDGE('',*,*,#7783,.F.);
#5109=ORIENTED_EDGE('',*,*,#7536,.F.);
#5110=ORIENTED_EDGE('',*,*,#7782,.T.);
#5111=ORIENTED_EDGE('',*,*,#7512,.F.);
#5112=ORIENTED_EDGE('',*,*,#7784,.F.);
#5113=ORIENTED_EDGE('',*,*,#7030,.F.);
#5114=ORIENTED_EDGE('',*,*,#7783,.T.);
#5115=ORIENTED_EDGE('',*,*,#7021,.F.);
#5116=ORIENTED_EDGE('',*,*,#7785,.F.);
#5117=ORIENTED_EDGE('',*,*,#7539,.F.);
#5118=ORIENTED_EDGE('',*,*,#7784,.T.);
#5119=ORIENTED_EDGE('',*,*,#7545,.F.);
#5120=ORIENTED_EDGE('',*,*,#7786,.F.);
#5121=ORIENTED_EDGE('',*,*,#7019,.F.);
#5122=ORIENTED_EDGE('',*,*,#7785,.T.);
#5123=ORIENTED_EDGE('',*,*,#7020,.F.);
#5124=ORIENTED_EDGE('',*,*,#7786,.T.);
#5125=ORIENTED_EDGE('',*,*,#7542,.F.);
#5126=ORIENTED_EDGE('',*,*,#7787,.F.);
#5127=ORIENTED_EDGE('',*,*,#7038,.F.);
#5128=ORIENTED_EDGE('',*,*,#7788,.F.);
#5129=ORIENTED_EDGE('',*,*,#7560,.F.);
#5130=ORIENTED_EDGE('',*,*,#7788,.T.);
#5131=ORIENTED_EDGE('',*,*,#7037,.F.);
#5132=ORIENTED_EDGE('',*,*,#7789,.F.);
#5133=ORIENTED_EDGE('',*,*,#7563,.F.);
#5134=ORIENTED_EDGE('',*,*,#7787,.T.);
#5135=ORIENTED_EDGE('',*,*,#7557,.F.);
#5136=ORIENTED_EDGE('',*,*,#7790,.F.);
#5137=ORIENTED_EDGE('',*,*,#7039,.F.);
#5138=ORIENTED_EDGE('',*,*,#7789,.T.);
#5139=ORIENTED_EDGE('',*,*,#7036,.F.);
#5140=ORIENTED_EDGE('',*,*,#7791,.F.);
#5141=ORIENTED_EDGE('',*,*,#7566,.F.);
#5142=ORIENTED_EDGE('',*,*,#7790,.T.);
#5143=ORIENTED_EDGE('',*,*,#7554,.F.);
#5144=ORIENTED_EDGE('',*,*,#7792,.F.);
#5145=ORIENTED_EDGE('',*,*,#7040,.F.);
#5146=ORIENTED_EDGE('',*,*,#7791,.T.);
#5147=ORIENTED_EDGE('',*,*,#7035,.F.);
#5148=ORIENTED_EDGE('',*,*,#7793,.F.);
#5149=ORIENTED_EDGE('',*,*,#7569,.F.);
#5150=ORIENTED_EDGE('',*,*,#7792,.T.);
#5151=ORIENTED_EDGE('',*,*,#7551,.F.);
#5152=ORIENTED_EDGE('',*,*,#7794,.F.);
#5153=ORIENTED_EDGE('',*,*,#7041,.F.);
#5154=ORIENTED_EDGE('',*,*,#7793,.T.);
#5155=ORIENTED_EDGE('',*,*,#7034,.F.);
#5156=ORIENTED_EDGE('',*,*,#7795,.F.);
#5157=ORIENTED_EDGE('',*,*,#7572,.F.);
#5158=ORIENTED_EDGE('',*,*,#7794,.T.);
#5159=ORIENTED_EDGE('',*,*,#7548,.F.);
#5160=ORIENTED_EDGE('',*,*,#7796,.F.);
#5161=ORIENTED_EDGE('',*,*,#7042,.F.);
#5162=ORIENTED_EDGE('',*,*,#7795,.T.);
#5163=ORIENTED_EDGE('',*,*,#7033,.F.);
#5164=ORIENTED_EDGE('',*,*,#7797,.F.);
#5165=ORIENTED_EDGE('',*,*,#7575,.F.);
#5166=ORIENTED_EDGE('',*,*,#7796,.T.);
#5167=ORIENTED_EDGE('',*,*,#7581,.F.);
#5168=ORIENTED_EDGE('',*,*,#7798,.F.);
#5169=ORIENTED_EDGE('',*,*,#7031,.F.);
#5170=ORIENTED_EDGE('',*,*,#7797,.T.);
#5171=ORIENTED_EDGE('',*,*,#7032,.F.);
#5172=ORIENTED_EDGE('',*,*,#7798,.T.);
#5173=ORIENTED_EDGE('',*,*,#7578,.F.);
#5174=ORIENTED_EDGE('',*,*,#7799,.F.);
#5175=ORIENTED_EDGE('',*,*,#7050,.F.);
#5176=ORIENTED_EDGE('',*,*,#7800,.F.);
#5177=ORIENTED_EDGE('',*,*,#7596,.F.);
#5178=ORIENTED_EDGE('',*,*,#7800,.T.);
#5179=ORIENTED_EDGE('',*,*,#7049,.F.);
#5180=ORIENTED_EDGE('',*,*,#7801,.F.);
#5181=ORIENTED_EDGE('',*,*,#7599,.F.);
#5182=ORIENTED_EDGE('',*,*,#7799,.T.);
#5183=ORIENTED_EDGE('',*,*,#7593,.F.);
#5184=ORIENTED_EDGE('',*,*,#7802,.F.);
#5185=ORIENTED_EDGE('',*,*,#7051,.F.);
#5186=ORIENTED_EDGE('',*,*,#7801,.T.);
#5187=ORIENTED_EDGE('',*,*,#7048,.F.);
#5188=ORIENTED_EDGE('',*,*,#7803,.F.);
#5189=ORIENTED_EDGE('',*,*,#7602,.F.);
#5190=ORIENTED_EDGE('',*,*,#7802,.T.);
#5191=ORIENTED_EDGE('',*,*,#7590,.F.);
#5192=ORIENTED_EDGE('',*,*,#7804,.F.);
#5193=ORIENTED_EDGE('',*,*,#7052,.F.);
#5194=ORIENTED_EDGE('',*,*,#7803,.T.);
#5195=ORIENTED_EDGE('',*,*,#7047,.F.);
#5196=ORIENTED_EDGE('',*,*,#7805,.F.);
#5197=ORIENTED_EDGE('',*,*,#7605,.F.);
#5198=ORIENTED_EDGE('',*,*,#7804,.T.);
#5199=ORIENTED_EDGE('',*,*,#7587,.F.);
#5200=ORIENTED_EDGE('',*,*,#7806,.F.);
#5201=ORIENTED_EDGE('',*,*,#7053,.F.);
#5202=ORIENTED_EDGE('',*,*,#7805,.T.);
#5203=ORIENTED_EDGE('',*,*,#7046,.F.);
#5204=ORIENTED_EDGE('',*,*,#7807,.F.);
#5205=ORIENTED_EDGE('',*,*,#7608,.F.);
#5206=ORIENTED_EDGE('',*,*,#7806,.T.);
#5207=ORIENTED_EDGE('',*,*,#7584,.F.);
#5208=ORIENTED_EDGE('',*,*,#7808,.F.);
#5209=ORIENTED_EDGE('',*,*,#7054,.F.);
#5210=ORIENTED_EDGE('',*,*,#7807,.T.);
#5211=ORIENTED_EDGE('',*,*,#7045,.F.);
#5212=ORIENTED_EDGE('',*,*,#7809,.F.);
#5213=ORIENTED_EDGE('',*,*,#7611,.F.);
#5214=ORIENTED_EDGE('',*,*,#7808,.T.);
#5215=ORIENTED_EDGE('',*,*,#7617,.F.);
#5216=ORIENTED_EDGE('',*,*,#7810,.F.);
#5217=ORIENTED_EDGE('',*,*,#7043,.F.);
#5218=ORIENTED_EDGE('',*,*,#7809,.T.);
#5219=ORIENTED_EDGE('',*,*,#7044,.F.);
#5220=ORIENTED_EDGE('',*,*,#7810,.T.);
#5221=ORIENTED_EDGE('',*,*,#7614,.F.);
#5222=ORIENTED_EDGE('',*,*,#6395,.F.);
#5223=ORIENTED_EDGE('',*,*,#6523,.F.);
#5224=ORIENTED_EDGE('',*,*,#7811,.F.);
#5225=ORIENTED_EDGE('',*,*,#7151,.F.);
#5226=ORIENTED_EDGE('',*,*,#7811,.T.);
#5227=ORIENTED_EDGE('',*,*,#6522,.F.);
#5228=ORIENTED_EDGE('',*,*,#7812,.F.);
#5229=ORIENTED_EDGE('',*,*,#7152,.F.);
#5230=ORIENTED_EDGE('',*,*,#7812,.T.);
#5231=ORIENTED_EDGE('',*,*,#6521,.F.);
#5232=ORIENTED_EDGE('',*,*,#6341,.F.);
#5233=ORIENTED_EDGE('',*,*,#7153,.F.);
#5234=ORIENTED_EDGE('',*,*,#6343,.F.);
#5235=ORIENTED_EDGE('',*,*,#6561,.F.);
#5236=ORIENTED_EDGE('',*,*,#7813,.F.);
#5237=ORIENTED_EDGE('',*,*,#7154,.F.);
#5238=ORIENTED_EDGE('',*,*,#7813,.T.);
#5239=ORIENTED_EDGE('',*,*,#6560,.F.);
#5240=ORIENTED_EDGE('',*,*,#7814,.F.);
#5241=ORIENTED_EDGE('',*,*,#7155,.F.);
#5242=ORIENTED_EDGE('',*,*,#7814,.T.);
#5243=ORIENTED_EDGE('',*,*,#6559,.F.);
#5244=ORIENTED_EDGE('',*,*,#6345,.F.);
#5245=ORIENTED_EDGE('',*,*,#7156,.F.);
#5246=ORIENTED_EDGE('',*,*,#6347,.F.);
#5247=ORIENTED_EDGE('',*,*,#6558,.F.);
#5248=ORIENTED_EDGE('',*,*,#7815,.F.);
#5249=ORIENTED_EDGE('',*,*,#7157,.F.);
#5250=ORIENTED_EDGE('',*,*,#7815,.T.);
#5251=ORIENTED_EDGE('',*,*,#6557,.F.);
#5252=ORIENTED_EDGE('',*,*,#7816,.F.);
#5253=ORIENTED_EDGE('',*,*,#7158,.F.);
#5254=ORIENTED_EDGE('',*,*,#7816,.T.);
#5255=ORIENTED_EDGE('',*,*,#6556,.F.);
#5256=ORIENTED_EDGE('',*,*,#6349,.F.);
#5257=ORIENTED_EDGE('',*,*,#7159,.F.);
#5258=ORIENTED_EDGE('',*,*,#6351,.F.);
#5259=ORIENTED_EDGE('',*,*,#6555,.F.);
#5260=ORIENTED_EDGE('',*,*,#7817,.F.);
#5261=ORIENTED_EDGE('',*,*,#7160,.F.);
#5262=ORIENTED_EDGE('',*,*,#7817,.T.);
#5263=ORIENTED_EDGE('',*,*,#6554,.F.);
#5264=ORIENTED_EDGE('',*,*,#7818,.F.);
#5265=ORIENTED_EDGE('',*,*,#7161,.F.);
#5266=ORIENTED_EDGE('',*,*,#7818,.T.);
#5267=ORIENTED_EDGE('',*,*,#6553,.F.);
#5268=ORIENTED_EDGE('',*,*,#6353,.F.);
#5269=ORIENTED_EDGE('',*,*,#7162,.F.);
#5270=ORIENTED_EDGE('',*,*,#6355,.F.);
#5271=ORIENTED_EDGE('',*,*,#6552,.F.);
#5272=ORIENTED_EDGE('',*,*,#7819,.F.);
#5273=ORIENTED_EDGE('',*,*,#7163,.F.);
#5274=ORIENTED_EDGE('',*,*,#7819,.T.);
#5275=ORIENTED_EDGE('',*,*,#6551,.F.);
#5276=ORIENTED_EDGE('',*,*,#7820,.F.);
#5277=ORIENTED_EDGE('',*,*,#7164,.F.);
#5278=ORIENTED_EDGE('',*,*,#7820,.T.);
#5279=ORIENTED_EDGE('',*,*,#6550,.F.);
#5280=ORIENTED_EDGE('',*,*,#6357,.F.);
#5281=ORIENTED_EDGE('',*,*,#7165,.F.);
#5282=ORIENTED_EDGE('',*,*,#6359,.F.);
#5283=ORIENTED_EDGE('',*,*,#6549,.F.);
#5284=ORIENTED_EDGE('',*,*,#7821,.F.);
#5285=ORIENTED_EDGE('',*,*,#7166,.F.);
#5286=ORIENTED_EDGE('',*,*,#7821,.T.);
#5287=ORIENTED_EDGE('',*,*,#6548,.F.);
#5288=ORIENTED_EDGE('',*,*,#7822,.F.);
#5289=ORIENTED_EDGE('',*,*,#7167,.F.);
#5290=ORIENTED_EDGE('',*,*,#7822,.T.);
#5291=ORIENTED_EDGE('',*,*,#6547,.F.);
#5292=ORIENTED_EDGE('',*,*,#6361,.F.);
#5293=ORIENTED_EDGE('',*,*,#7168,.F.);
#5294=ORIENTED_EDGE('',*,*,#6363,.F.);
#5295=ORIENTED_EDGE('',*,*,#6546,.F.);
#5296=ORIENTED_EDGE('',*,*,#7823,.F.);
#5297=ORIENTED_EDGE('',*,*,#7169,.F.);
#5298=ORIENTED_EDGE('',*,*,#7823,.T.);
#5299=ORIENTED_EDGE('',*,*,#6545,.F.);
#5300=ORIENTED_EDGE('',*,*,#7824,.F.);
#5301=ORIENTED_EDGE('',*,*,#7170,.F.);
#5302=ORIENTED_EDGE('',*,*,#7824,.T.);
#5303=ORIENTED_EDGE('',*,*,#6544,.F.);
#5304=ORIENTED_EDGE('',*,*,#6365,.F.);
#5305=ORIENTED_EDGE('',*,*,#7171,.F.);
#5306=ORIENTED_EDGE('',*,*,#6367,.F.);
#5307=ORIENTED_EDGE('',*,*,#6543,.F.);
#5308=ORIENTED_EDGE('',*,*,#7825,.F.);
#5309=ORIENTED_EDGE('',*,*,#7172,.F.);
#5310=ORIENTED_EDGE('',*,*,#7825,.T.);
#5311=ORIENTED_EDGE('',*,*,#6542,.F.);
#5312=ORIENTED_EDGE('',*,*,#7826,.F.);
#5313=ORIENTED_EDGE('',*,*,#7173,.F.);
#5314=ORIENTED_EDGE('',*,*,#7826,.T.);
#5315=ORIENTED_EDGE('',*,*,#6541,.F.);
#5316=ORIENTED_EDGE('',*,*,#6369,.F.);
#5317=ORIENTED_EDGE('',*,*,#7174,.F.);
#5318=ORIENTED_EDGE('',*,*,#6371,.F.);
#5319=ORIENTED_EDGE('',*,*,#6540,.F.);
#5320=ORIENTED_EDGE('',*,*,#7827,.F.);
#5321=ORIENTED_EDGE('',*,*,#7175,.F.);
#5322=ORIENTED_EDGE('',*,*,#7827,.T.);
#5323=ORIENTED_EDGE('',*,*,#6539,.F.);
#5324=ORIENTED_EDGE('',*,*,#7828,.F.);
#5325=ORIENTED_EDGE('',*,*,#7176,.F.);
#5326=ORIENTED_EDGE('',*,*,#7828,.T.);
#5327=ORIENTED_EDGE('',*,*,#6538,.F.);
#5328=ORIENTED_EDGE('',*,*,#6373,.F.);
#5329=ORIENTED_EDGE('',*,*,#7177,.F.);
#5330=ORIENTED_EDGE('',*,*,#6375,.F.);
#5331=ORIENTED_EDGE('',*,*,#6537,.F.);
#5332=ORIENTED_EDGE('',*,*,#7829,.F.);
#5333=ORIENTED_EDGE('',*,*,#7178,.F.);
#5334=ORIENTED_EDGE('',*,*,#7829,.T.);
#5335=ORIENTED_EDGE('',*,*,#6536,.F.);
#5336=ORIENTED_EDGE('',*,*,#7830,.F.);
#5337=ORIENTED_EDGE('',*,*,#7179,.F.);
#5338=ORIENTED_EDGE('',*,*,#7830,.T.);
#5339=ORIENTED_EDGE('',*,*,#6535,.F.);
#5340=ORIENTED_EDGE('',*,*,#6377,.F.);
#5341=ORIENTED_EDGE('',*,*,#7180,.F.);
#5342=ORIENTED_EDGE('',*,*,#6379,.F.);
#5343=ORIENTED_EDGE('',*,*,#6534,.F.);
#5344=ORIENTED_EDGE('',*,*,#7831,.F.);
#5345=ORIENTED_EDGE('',*,*,#7181,.F.);
#5346=ORIENTED_EDGE('',*,*,#7831,.T.);
#5347=ORIENTED_EDGE('',*,*,#6533,.F.);
#5348=ORIENTED_EDGE('',*,*,#7832,.F.);
#5349=ORIENTED_EDGE('',*,*,#7182,.F.);
#5350=ORIENTED_EDGE('',*,*,#7832,.T.);
#5351=ORIENTED_EDGE('',*,*,#6532,.F.);
#5352=ORIENTED_EDGE('',*,*,#6381,.F.);
#5353=ORIENTED_EDGE('',*,*,#7183,.F.);
#5354=ORIENTED_EDGE('',*,*,#6383,.F.);
#5355=ORIENTED_EDGE('',*,*,#6531,.F.);
#5356=ORIENTED_EDGE('',*,*,#7833,.F.);
#5357=ORIENTED_EDGE('',*,*,#7184,.F.);
#5358=ORIENTED_EDGE('',*,*,#7833,.T.);
#5359=ORIENTED_EDGE('',*,*,#6530,.F.);
#5360=ORIENTED_EDGE('',*,*,#7834,.F.);
#5361=ORIENTED_EDGE('',*,*,#7185,.F.);
#5362=ORIENTED_EDGE('',*,*,#7834,.T.);
#5363=ORIENTED_EDGE('',*,*,#6529,.F.);
#5364=ORIENTED_EDGE('',*,*,#6385,.F.);
#5365=ORIENTED_EDGE('',*,*,#7186,.F.);
#5366=ORIENTED_EDGE('',*,*,#7835,.F.);
#5367=ORIENTED_EDGE('',*,*,#7836,.T.);
#5368=ORIENTED_EDGE('',*,*,#6396,.T.);
#5369=ORIENTED_EDGE('',*,*,#7837,.T.);
#5370=ORIENTED_EDGE('',*,*,#6398,.T.);
#5371=ORIENTED_EDGE('',*,*,#7838,.T.);
#5372=ORIENTED_EDGE('',*,*,#7839,.F.);
#5373=ORIENTED_EDGE('',*,*,#7840,.T.);
#5374=ORIENTED_EDGE('',*,*,#7839,.T.);
#5375=ORIENTED_EDGE('',*,*,#7841,.T.);
#5376=ORIENTED_EDGE('',*,*,#7835,.T.);
#5377=ORIENTED_EDGE('',*,*,#7842,.T.);
#5378=ORIENTED_EDGE('',*,*,#7838,.F.);
#5379=ORIENTED_EDGE('',*,*,#6397,.T.);
#5380=ORIENTED_EDGE('',*,*,#7836,.F.);
#5381=ORIENTED_EDGE('',*,*,#7841,.F.);
#5382=ORIENTED_EDGE('',*,*,#7837,.F.);
#5383=ORIENTED_EDGE('',*,*,#6399,.T.);
#5384=ORIENTED_EDGE('',*,*,#7840,.F.);
#5385=ORIENTED_EDGE('',*,*,#7842,.F.);
#5386=VERTEX_POINT('',#14091);
#5387=VERTEX_POINT('',#14092);
#5388=VERTEX_POINT('',#14094);
#5389=VERTEX_POINT('',#14096);
#5390=VERTEX_POINT('',#14099);
#5391=VERTEX_POINT('',#14100);
#5392=VERTEX_POINT('',#14102);
#5393=VERTEX_POINT('',#14104);
#5394=VERTEX_POINT('',#14106);
#5395=VERTEX_POINT('',#14108);
#5396=VERTEX_POINT('',#14110);
#5397=VERTEX_POINT('',#14112);
#5398=VERTEX_POINT('',#14114);
#5399=VERTEX_POINT('',#14116);
#5400=VERTEX_POINT('',#14118);
#5401=VERTEX_POINT('',#14120);
#5402=VERTEX_POINT('',#14122);
#5403=VERTEX_POINT('',#14124);
#5404=VERTEX_POINT('',#14126);
#5405=VERTEX_POINT('',#14128);
#5406=VERTEX_POINT('',#14130);
#5407=VERTEX_POINT('',#14132);
#5408=VERTEX_POINT('',#14134);
#5409=VERTEX_POINT('',#14136);
#5410=VERTEX_POINT('',#14138);
#5411=VERTEX_POINT('',#14140);
#5412=VERTEX_POINT('',#14142);
#5413=VERTEX_POINT('',#14144);
#5414=VERTEX_POINT('',#14146);
#5415=VERTEX_POINT('',#14148);
#5416=VERTEX_POINT('',#14150);
#5417=VERTEX_POINT('',#14152);
#5418=VERTEX_POINT('',#14154);
#5419=VERTEX_POINT('',#14156);
#5420=VERTEX_POINT('',#14158);
#5421=VERTEX_POINT('',#14160);
#5422=VERTEX_POINT('',#14162);
#5423=VERTEX_POINT('',#14164);
#5424=VERTEX_POINT('',#14166);
#5425=VERTEX_POINT('',#14168);
#5426=VERTEX_POINT('',#14170);
#5427=VERTEX_POINT('',#14172);
#5428=VERTEX_POINT('',#14174);
#5429=VERTEX_POINT('',#14176);
#5430=VERTEX_POINT('',#14178);
#5431=VERTEX_POINT('',#14180);
#5432=VERTEX_POINT('',#14182);
#5433=VERTEX_POINT('',#14184);
#5434=VERTEX_POINT('',#14186);
#5435=VERTEX_POINT('',#14188);
#5436=VERTEX_POINT('',#14190);
#5437=VERTEX_POINT('',#14192);
#5438=VERTEX_POINT('',#14194);
#5439=VERTEX_POINT('',#14196);
#5440=VERTEX_POINT('',#14198);
#5441=VERTEX_POINT('',#14200);
#5442=VERTEX_POINT('',#14202);
#5443=VERTEX_POINT('',#14204);
#5444=VERTEX_POINT('',#14206);
#5445=VERTEX_POINT('',#14208);
#5446=VERTEX_POINT('',#14211);
#5447=VERTEX_POINT('',#14212);
#5448=VERTEX_POINT('',#14214);
#5449=VERTEX_POINT('',#14216);
#5450=VERTEX_POINT('',#14220);
#5451=VERTEX_POINT('',#14221);
#5452=VERTEX_POINT('',#14223);
#5453=VERTEX_POINT('',#14225);
#5454=VERTEX_POINT('',#14227);
#5455=VERTEX_POINT('',#14229);
#5456=VERTEX_POINT('',#14231);
#5457=VERTEX_POINT('',#14233);
#5458=VERTEX_POINT('',#14235);
#5459=VERTEX_POINT('',#14237);
#5460=VERTEX_POINT('',#14239);
#5461=VERTEX_POINT('',#14241);
#5462=VERTEX_POINT('',#14243);
#5463=VERTEX_POINT('',#14245);
#5464=VERTEX_POINT('',#14247);
#5465=VERTEX_POINT('',#14249);
#5466=VERTEX_POINT('',#14251);
#5467=VERTEX_POINT('',#14253);
#5468=VERTEX_POINT('',#14255);
#5469=VERTEX_POINT('',#14257);
#5470=VERTEX_POINT('',#14259);
#5471=VERTEX_POINT('',#14261);
#5472=VERTEX_POINT('',#14263);
#5473=VERTEX_POINT('',#14265);
#5474=VERTEX_POINT('',#14267);
#5475=VERTEX_POINT('',#14269);
#5476=VERTEX_POINT('',#14271);
#5477=VERTEX_POINT('',#14273);
#5478=VERTEX_POINT('',#14275);
#5479=VERTEX_POINT('',#14277);
#5480=VERTEX_POINT('',#14279);
#5481=VERTEX_POINT('',#14281);
#5482=VERTEX_POINT('',#14283);
#5483=VERTEX_POINT('',#14285);
#5484=VERTEX_POINT('',#14287);
#5485=VERTEX_POINT('',#14289);
#5486=VERTEX_POINT('',#14291);
#5487=VERTEX_POINT('',#14293);
#5488=VERTEX_POINT('',#14295);
#5489=VERTEX_POINT('',#14297);
#5490=VERTEX_POINT('',#14299);
#5491=VERTEX_POINT('',#14301);
#5492=VERTEX_POINT('',#14303);
#5493=VERTEX_POINT('',#14305);
#5494=VERTEX_POINT('',#14307);
#5495=VERTEX_POINT('',#14309);
#5496=VERTEX_POINT('',#14311);
#5497=VERTEX_POINT('',#14313);
#5498=VERTEX_POINT('',#14315);
#5499=VERTEX_POINT('',#14317);
#5500=VERTEX_POINT('',#14319);
#5501=VERTEX_POINT('',#14321);
#5502=VERTEX_POINT('',#14323);
#5503=VERTEX_POINT('',#14325);
#5504=VERTEX_POINT('',#14327);
#5505=VERTEX_POINT('',#14329);
#5506=VERTEX_POINT('',#14331);
#5507=VERTEX_POINT('',#14333);
#5508=VERTEX_POINT('',#14335);
#5509=VERTEX_POINT('',#14337);
#5510=VERTEX_POINT('',#14339);
#5511=VERTEX_POINT('',#14341);
#5512=VERTEX_POINT('',#14343);
#5513=VERTEX_POINT('',#14345);
#5514=VERTEX_POINT('',#14347);
#5515=VERTEX_POINT('',#14349);
#5516=VERTEX_POINT('',#14351);
#5517=VERTEX_POINT('',#14353);
#5518=VERTEX_POINT('',#14355);
#5519=VERTEX_POINT('',#14357);
#5520=VERTEX_POINT('',#14359);
#5521=VERTEX_POINT('',#14361);
#5522=VERTEX_POINT('',#14363);
#5523=VERTEX_POINT('',#14365);
#5524=VERTEX_POINT('',#14367);
#5525=VERTEX_POINT('',#14369);
#5526=VERTEX_POINT('',#14371);
#5527=VERTEX_POINT('',#14373);
#5528=VERTEX_POINT('',#14375);
#5529=VERTEX_POINT('',#14377);
#5530=VERTEX_POINT('',#14379);
#5531=VERTEX_POINT('',#14381);
#5532=VERTEX_POINT('',#14385);
#5533=VERTEX_POINT('',#14387);
#5534=VERTEX_POINT('',#14391);
#5535=VERTEX_POINT('',#14393);
#5536=VERTEX_POINT('',#14397);
#5537=VERTEX_POINT('',#14399);
#5538=VERTEX_POINT('',#14403);
#5539=VERTEX_POINT('',#14405);
#5540=VERTEX_POINT('',#14409);
#5541=VERTEX_POINT('',#14411);
#5542=VERTEX_POINT('',#14415);
#5543=VERTEX_POINT('',#14417);
#5544=VERTEX_POINT('',#14421);
#5545=VERTEX_POINT('',#14423);
#5546=VERTEX_POINT('',#14427);
#5547=VERTEX_POINT('',#14429);
#5548=VERTEX_POINT('',#14433);
#5549=VERTEX_POINT('',#14435);
#5550=VERTEX_POINT('',#14439);
#5551=VERTEX_POINT('',#14441);
#5552=VERTEX_POINT('',#14445);
#5553=VERTEX_POINT('',#14447);
#5554=VERTEX_POINT('',#14451);
#5555=VERTEX_POINT('',#14453);
#5556=VERTEX_POINT('',#14457);
#5557=VERTEX_POINT('',#14459);
#5558=VERTEX_POINT('',#14463);
#5559=VERTEX_POINT('',#14465);
#5560=VERTEX_POINT('',#14470);
#5561=VERTEX_POINT('',#14472);
#5562=VERTEX_POINT('',#14475);
#5563=VERTEX_POINT('',#14477);
#5564=VERTEX_POINT('',#14480);
#5565=VERTEX_POINT('',#14482);
#5566=VERTEX_POINT('',#14485);
#5567=VERTEX_POINT('',#14487);
#5568=VERTEX_POINT('',#14490);
#5569=VERTEX_POINT('',#14492);
#5570=VERTEX_POINT('',#14495);
#5571=VERTEX_POINT('',#14497);
#5572=VERTEX_POINT('',#14500);
#5573=VERTEX_POINT('',#14502);
#5574=VERTEX_POINT('',#14505);
#5575=VERTEX_POINT('',#14507);
#5576=VERTEX_POINT('',#14510);
#5577=VERTEX_POINT('',#14512);
#5578=VERTEX_POINT('',#14515);
#5579=VERTEX_POINT('',#14517);
#5580=VERTEX_POINT('',#14520);
#5581=VERTEX_POINT('',#14522);
#5582=VERTEX_POINT('',#14525);
#5583=VERTEX_POINT('',#14527);
#5584=VERTEX_POINT('',#14531);
#5585=VERTEX_POINT('',#14532);
#5586=VERTEX_POINT('',#14534);
#5587=VERTEX_POINT('',#14536);
#5588=VERTEX_POINT('',#14538);
#5589=VERTEX_POINT('',#14540);
#5590=VERTEX_POINT('',#14542);
#5591=VERTEX_POINT('',#14544);
#5592=VERTEX_POINT('',#14546);
#5593=VERTEX_POINT('',#14548);
#5594=VERTEX_POINT('',#14550);
#5595=VERTEX_POINT('',#14552);
#5596=VERTEX_POINT('',#14554);
#5597=VERTEX_POINT('',#14556);
#5598=VERTEX_POINT('',#14558);
#5599=VERTEX_POINT('',#14560);
#5600=VERTEX_POINT('',#14562);
#5601=VERTEX_POINT('',#14564);
#5602=VERTEX_POINT('',#14566);
#5603=VERTEX_POINT('',#14568);
#5604=VERTEX_POINT('',#14570);
#5605=VERTEX_POINT('',#14572);
#5606=VERTEX_POINT('',#14574);
#5607=VERTEX_POINT('',#14576);
#5608=VERTEX_POINT('',#14578);
#5609=VERTEX_POINT('',#14580);
#5610=VERTEX_POINT('',#14582);
#5611=VERTEX_POINT('',#14584);
#5612=VERTEX_POINT('',#14586);
#5613=VERTEX_POINT('',#14588);
#5614=VERTEX_POINT('',#14590);
#5615=VERTEX_POINT('',#14592);
#5616=VERTEX_POINT('',#14594);
#5617=VERTEX_POINT('',#14596);
#5618=VERTEX_POINT('',#14598);
#5619=VERTEX_POINT('',#14600);
#5620=VERTEX_POINT('',#14602);
#5621=VERTEX_POINT('',#14604);
#5622=VERTEX_POINT('',#14606);
#5623=VERTEX_POINT('',#14608);
#5624=VERTEX_POINT('',#14610);
#5625=VERTEX_POINT('',#14612);
#5626=VERTEX_POINT('',#14614);
#5627=VERTEX_POINT('',#14616);
#5628=VERTEX_POINT('',#14618);
#5629=VERTEX_POINT('',#14620);
#5630=VERTEX_POINT('',#14622);
#5631=VERTEX_POINT('',#14624);
#5632=VERTEX_POINT('',#14626);
#5633=VERTEX_POINT('',#14628);
#5634=VERTEX_POINT('',#14630);
#5635=VERTEX_POINT('',#14632);
#5636=VERTEX_POINT('',#14634);
#5637=VERTEX_POINT('',#14636);
#5638=VERTEX_POINT('',#14638);
#5639=VERTEX_POINT('',#14640);
#5640=VERTEX_POINT('',#14642);
#5641=VERTEX_POINT('',#14644);
#5642=VERTEX_POINT('',#14646);
#5643=VERTEX_POINT('',#14648);
#5644=VERTEX_POINT('',#14652);
#5645=VERTEX_POINT('',#14653);
#5646=VERTEX_POINT('',#14655);
#5647=VERTEX_POINT('',#14657);
#5648=VERTEX_POINT('',#14661);
#5649=VERTEX_POINT('',#14663);
#5650=VERTEX_POINT('',#14670);
#5651=VERTEX_POINT('',#14671);
#5652=VERTEX_POINT('',#14673);
#5653=VERTEX_POINT('',#14675);
#5654=VERTEX_POINT('',#14679);
#5655=VERTEX_POINT('',#14681);
#5656=VERTEX_POINT('',#14688);
#5657=VERTEX_POINT('',#14689);
#5658=VERTEX_POINT('',#14691);
#5659=VERTEX_POINT('',#14693);
#5660=VERTEX_POINT('',#14697);
#5661=VERTEX_POINT('',#14699);
#5662=VERTEX_POINT('',#14706);
#5663=VERTEX_POINT('',#14707);
#5664=VERTEX_POINT('',#14709);
#5665=VERTEX_POINT('',#14711);
#5666=VERTEX_POINT('',#14715);
#5667=VERTEX_POINT('',#14717);
#5668=VERTEX_POINT('',#14724);
#5669=VERTEX_POINT('',#14725);
#5670=VERTEX_POINT('',#14727);
#5671=VERTEX_POINT('',#14729);
#5672=VERTEX_POINT('',#14733);
#5673=VERTEX_POINT('',#14735);
#5674=VERTEX_POINT('',#14742);
#5675=VERTEX_POINT('',#14743);
#5676=VERTEX_POINT('',#14745);
#5677=VERTEX_POINT('',#14747);
#5678=VERTEX_POINT('',#14751);
#5679=VERTEX_POINT('',#14753);
#5680=VERTEX_POINT('',#14760);
#5681=VERTEX_POINT('',#14761);
#5682=VERTEX_POINT('',#14763);
#5683=VERTEX_POINT('',#14765);
#5684=VERTEX_POINT('',#14769);
#5685=VERTEX_POINT('',#14771);
#5686=VERTEX_POINT('',#14778);
#5687=VERTEX_POINT('',#14779);
#5688=VERTEX_POINT('',#14781);
#5689=VERTEX_POINT('',#14783);
#5690=VERTEX_POINT('',#14787);
#5691=VERTEX_POINT('',#14789);
#5692=VERTEX_POINT('',#14796);
#5693=VERTEX_POINT('',#14797);
#5694=VERTEX_POINT('',#14799);
#5695=VERTEX_POINT('',#14801);
#5696=VERTEX_POINT('',#14805);
#5697=VERTEX_POINT('',#14807);
#5698=VERTEX_POINT('',#14814);
#5699=VERTEX_POINT('',#14815);
#5700=VERTEX_POINT('',#14817);
#5701=VERTEX_POINT('',#14819);
#5702=VERTEX_POINT('',#14823);
#5703=VERTEX_POINT('',#14825);
#5704=VERTEX_POINT('',#14832);
#5705=VERTEX_POINT('',#14833);
#5706=VERTEX_POINT('',#14835);
#5707=VERTEX_POINT('',#14837);
#5708=VERTEX_POINT('',#14841);
#5709=VERTEX_POINT('',#14843);
#5710=VERTEX_POINT('',#14850);
#5711=VERTEX_POINT('',#14851);
#5712=VERTEX_POINT('',#14853);
#5713=VERTEX_POINT('',#14855);
#5714=VERTEX_POINT('',#14859);
#5715=VERTEX_POINT('',#14861);
#5716=VERTEX_POINT('',#14868);
#5717=VERTEX_POINT('',#14870);
#5718=VERTEX_POINT('',#14873);
#5719=VERTEX_POINT('',#14875);
#5720=VERTEX_POINT('',#14878);
#5721=VERTEX_POINT('',#14880);
#5722=VERTEX_POINT('',#14883);
#5723=VERTEX_POINT('',#14885);
#5724=VERTEX_POINT('',#14888);
#5725=VERTEX_POINT('',#14890);
#5726=VERTEX_POINT('',#14893);
#5727=VERTEX_POINT('',#14895);
#5728=VERTEX_POINT('',#14898);
#5729=VERTEX_POINT('',#14900);
#5730=VERTEX_POINT('',#14903);
#5731=VERTEX_POINT('',#14905);
#5732=VERTEX_POINT('',#14908);
#5733=VERTEX_POINT('',#14910);
#5734=VERTEX_POINT('',#14913);
#5735=VERTEX_POINT('',#14915);
#5736=VERTEX_POINT('',#14918);
#5737=VERTEX_POINT('',#14920);
#5738=VERTEX_POINT('',#14923);
#5739=VERTEX_POINT('',#14925);
#5740=VERTEX_POINT('',#14927);
#5741=VERTEX_POINT('',#14929);
#5742=VERTEX_POINT('',#14931);
#5743=VERTEX_POINT('',#14933);
#5744=VERTEX_POINT('',#14935);
#5745=VERTEX_POINT('',#14937);
#5746=VERTEX_POINT('',#14939);
#5747=VERTEX_POINT('',#14941);
#5748=VERTEX_POINT('',#14943);
#5749=VERTEX_POINT('',#14945);
#5750=VERTEX_POINT('',#14948);
#5751=VERTEX_POINT('',#14950);
#5752=VERTEX_POINT('',#14952);
#5753=VERTEX_POINT('',#14954);
#5754=VERTEX_POINT('',#14957);
#5755=VERTEX_POINT('',#14959);
#5756=VERTEX_POINT('',#14961);
#5757=VERTEX_POINT('',#14963);
#5758=VERTEX_POINT('',#14966);
#5759=VERTEX_POINT('',#14968);
#5760=VERTEX_POINT('',#14970);
#5761=VERTEX_POINT('',#14972);
#5762=VERTEX_POINT('',#14975);
#5763=VERTEX_POINT('',#14977);
#5764=VERTEX_POINT('',#14979);
#5765=VERTEX_POINT('',#14981);
#5766=VERTEX_POINT('',#14984);
#5767=VERTEX_POINT('',#14986);
#5768=VERTEX_POINT('',#14988);
#5769=VERTEX_POINT('',#14990);
#5770=VERTEX_POINT('',#14993);
#5771=VERTEX_POINT('',#14995);
#5772=VERTEX_POINT('',#14997);
#5773=VERTEX_POINT('',#14999);
#5774=VERTEX_POINT('',#15002);
#5775=VERTEX_POINT('',#15004);
#5776=VERTEX_POINT('',#15006);
#5777=VERTEX_POINT('',#15008);
#5778=VERTEX_POINT('',#15011);
#5779=VERTEX_POINT('',#15013);
#5780=VERTEX_POINT('',#15015);
#5781=VERTEX_POINT('',#15017);
#5782=VERTEX_POINT('',#15020);
#5783=VERTEX_POINT('',#15022);
#5784=VERTEX_POINT('',#15024);
#5785=VERTEX_POINT('',#15026);
#5786=VERTEX_POINT('',#15029);
#5787=VERTEX_POINT('',#15031);
#5788=VERTEX_POINT('',#15033);
#5789=VERTEX_POINT('',#15035);
#5790=VERTEX_POINT('',#15038);
#5791=VERTEX_POINT('',#15040);
#5792=VERTEX_POINT('',#15042);
#5793=VERTEX_POINT('',#15044);
#5794=VERTEX_POINT('',#15047);
#5795=VERTEX_POINT('',#15049);
#5796=VERTEX_POINT('',#15051);
#5797=VERTEX_POINT('',#15053);
#5798=VERTEX_POINT('',#15056);
#5799=VERTEX_POINT('',#15058);
#5800=VERTEX_POINT('',#15098);
#5801=VERTEX_POINT('',#15100);
#5802=VERTEX_POINT('',#15103);
#5803=VERTEX_POINT('',#15105);
#5804=VERTEX_POINT('',#15107);
#5805=VERTEX_POINT('',#15109);
#5806=VERTEX_POINT('',#15112);
#5807=VERTEX_POINT('',#15114);
#5808=VERTEX_POINT('',#15116);
#5809=VERTEX_POINT('',#15118);
#5810=VERTEX_POINT('',#15122);
#5811=VERTEX_POINT('',#15124);
#5812=VERTEX_POINT('',#15131);
#5813=VERTEX_POINT('',#15133);
#5814=VERTEX_POINT('',#15137);
#5815=VERTEX_POINT('',#15139);
#5816=VERTEX_POINT('',#15149);
#5817=VERTEX_POINT('',#15150);
#5818=VERTEX_POINT('',#15152);
#5819=VERTEX_POINT('',#15154);
#5820=VERTEX_POINT('',#15158);
#5821=VERTEX_POINT('',#15160);
#5822=VERTEX_POINT('',#15164);
#5823=VERTEX_POINT('',#15166);
#5824=VERTEX_POINT('',#15170);
#5825=VERTEX_POINT('',#15172);
#5826=VERTEX_POINT('',#15176);
#5827=VERTEX_POINT('',#15178);
#5828=VERTEX_POINT('',#15188);
#5829=VERTEX_POINT('',#15189);
#5830=VERTEX_POINT('',#15191);
#5831=VERTEX_POINT('',#15193);
#5832=VERTEX_POINT('',#15195);
#5833=VERTEX_POINT('',#15197);
#5834=VERTEX_POINT('',#15199);
#5835=VERTEX_POINT('',#15201);
#5836=VERTEX_POINT('',#15203);
#5837=VERTEX_POINT('',#15205);
#5838=VERTEX_POINT('',#15207);
#5839=VERTEX_POINT('',#15209);
#5840=VERTEX_POINT('',#15212);
#5841=VERTEX_POINT('',#15213);
#5842=VERTEX_POINT('',#15215);
#5843=VERTEX_POINT('',#15217);
#5844=VERTEX_POINT('',#15219);
#5845=VERTEX_POINT('',#15221);
#5846=VERTEX_POINT('',#15223);
#5847=VERTEX_POINT('',#15225);
#5848=VERTEX_POINT('',#15227);
#5849=VERTEX_POINT('',#15229);
#5850=VERTEX_POINT('',#15231);
#5851=VERTEX_POINT('',#15233);
#5852=VERTEX_POINT('',#15236);
#5853=VERTEX_POINT('',#15237);
#5854=VERTEX_POINT('',#15239);
#5855=VERTEX_POINT('',#15241);
#5856=VERTEX_POINT('',#15243);
#5857=VERTEX_POINT('',#15245);
#5858=VERTEX_POINT('',#15247);
#5859=VERTEX_POINT('',#15249);
#5860=VERTEX_POINT('',#15251);
#5861=VERTEX_POINT('',#15253);
#5862=VERTEX_POINT('',#15255);
#5863=VERTEX_POINT('',#15257);
#5864=VERTEX_POINT('',#15260);
#5865=VERTEX_POINT('',#15261);
#5866=VERTEX_POINT('',#15263);
#5867=VERTEX_POINT('',#15265);
#5868=VERTEX_POINT('',#15267);
#5869=VERTEX_POINT('',#15269);
#5870=VERTEX_POINT('',#15271);
#5871=VERTEX_POINT('',#15273);
#5872=VERTEX_POINT('',#15275);
#5873=VERTEX_POINT('',#15277);
#5874=VERTEX_POINT('',#15279);
#5875=VERTEX_POINT('',#15281);
#5876=VERTEX_POINT('',#15284);
#5877=VERTEX_POINT('',#15285);
#5878=VERTEX_POINT('',#15287);
#5879=VERTEX_POINT('',#15289);
#5880=VERTEX_POINT('',#15291);
#5881=VERTEX_POINT('',#15293);
#5882=VERTEX_POINT('',#15295);
#5883=VERTEX_POINT('',#15297);
#5884=VERTEX_POINT('',#15299);
#5885=VERTEX_POINT('',#15301);
#5886=VERTEX_POINT('',#15303);
#5887=VERTEX_POINT('',#15305);
#5888=VERTEX_POINT('',#15308);
#5889=VERTEX_POINT('',#15309);
#5890=VERTEX_POINT('',#15311);
#5891=VERTEX_POINT('',#15313);
#5892=VERTEX_POINT('',#15315);
#5893=VERTEX_POINT('',#15317);
#5894=VERTEX_POINT('',#15319);
#5895=VERTEX_POINT('',#15321);
#5896=VERTEX_POINT('',#15323);
#5897=VERTEX_POINT('',#15325);
#5898=VERTEX_POINT('',#15327);
#5899=VERTEX_POINT('',#15329);
#5900=VERTEX_POINT('',#15332);
#5901=VERTEX_POINT('',#15333);
#5902=VERTEX_POINT('',#15335);
#5903=VERTEX_POINT('',#15337);
#5904=VERTEX_POINT('',#15339);
#5905=VERTEX_POINT('',#15341);
#5906=VERTEX_POINT('',#15343);
#5907=VERTEX_POINT('',#15345);
#5908=VERTEX_POINT('',#15347);
#5909=VERTEX_POINT('',#15349);
#5910=VERTEX_POINT('',#15351);
#5911=VERTEX_POINT('',#15353);
#5912=VERTEX_POINT('',#15356);
#5913=VERTEX_POINT('',#15357);
#5914=VERTEX_POINT('',#15359);
#5915=VERTEX_POINT('',#15361);
#5916=VERTEX_POINT('',#15363);
#5917=VERTEX_POINT('',#15365);
#5918=VERTEX_POINT('',#15367);
#5919=VERTEX_POINT('',#15369);
#5920=VERTEX_POINT('',#15371);
#5921=VERTEX_POINT('',#15373);
#5922=VERTEX_POINT('',#15375);
#5923=VERTEX_POINT('',#15377);
#5924=VERTEX_POINT('',#15380);
#5925=VERTEX_POINT('',#15381);
#5926=VERTEX_POINT('',#15383);
#5927=VERTEX_POINT('',#15385);
#5928=VERTEX_POINT('',#15387);
#5929=VERTEX_POINT('',#15389);
#5930=VERTEX_POINT('',#15391);
#5931=VERTEX_POINT('',#15393);
#5932=VERTEX_POINT('',#15395);
#5933=VERTEX_POINT('',#15397);
#5934=VERTEX_POINT('',#15399);
#5935=VERTEX_POINT('',#15401);
#5936=VERTEX_POINT('',#15404);
#5937=VERTEX_POINT('',#15405);
#5938=VERTEX_POINT('',#15407);
#5939=VERTEX_POINT('',#15409);
#5940=VERTEX_POINT('',#15411);
#5941=VERTEX_POINT('',#15413);
#5942=VERTEX_POINT('',#15415);
#5943=VERTEX_POINT('',#15417);
#5944=VERTEX_POINT('',#15419);
#5945=VERTEX_POINT('',#15421);
#5946=VERTEX_POINT('',#15423);
#5947=VERTEX_POINT('',#15425);
#5948=VERTEX_POINT('',#15428);
#5949=VERTEX_POINT('',#15429);
#5950=VERTEX_POINT('',#15431);
#5951=VERTEX_POINT('',#15433);
#5952=VERTEX_POINT('',#15435);
#5953=VERTEX_POINT('',#15437);
#5954=VERTEX_POINT('',#15439);
#5955=VERTEX_POINT('',#15441);
#5956=VERTEX_POINT('',#15443);
#5957=VERTEX_POINT('',#15445);
#5958=VERTEX_POINT('',#15447);
#5959=VERTEX_POINT('',#15449);
#5960=VERTEX_POINT('',#15452);
#5961=VERTEX_POINT('',#15453);
#5962=VERTEX_POINT('',#15455);
#5963=VERTEX_POINT('',#15457);
#5964=VERTEX_POINT('',#15459);
#5965=VERTEX_POINT('',#15461);
#5966=VERTEX_POINT('',#15463);
#5967=VERTEX_POINT('',#15465);
#5968=VERTEX_POINT('',#15467);
#5969=VERTEX_POINT('',#15469);
#5970=VERTEX_POINT('',#15471);
#5971=VERTEX_POINT('',#15473);
#5972=VERTEX_POINT('',#15476);
#5973=VERTEX_POINT('',#15477);
#5974=VERTEX_POINT('',#15479);
#5975=VERTEX_POINT('',#15481);
#5976=VERTEX_POINT('',#15483);
#5977=VERTEX_POINT('',#15485);
#5978=VERTEX_POINT('',#15487);
#5979=VERTEX_POINT('',#15489);
#5980=VERTEX_POINT('',#15491);
#5981=VERTEX_POINT('',#15493);
#5982=VERTEX_POINT('',#15495);
#5983=VERTEX_POINT('',#15497);
#5984=VERTEX_POINT('',#15504);
#5985=VERTEX_POINT('',#15506);
#5986=VERTEX_POINT('',#15512);
#5987=VERTEX_POINT('',#15514);
#5988=VERTEX_POINT('',#15518);
#5989=VERTEX_POINT('',#15519);
#5990=VERTEX_POINT('',#15521);
#5991=VERTEX_POINT('',#15523);
#5992=VERTEX_POINT('',#15527);
#5993=VERTEX_POINT('',#15529);
#5994=VERTEX_POINT('',#15533);
#5995=VERTEX_POINT('',#15535);
#5996=VERTEX_POINT('',#15539);
#5997=VERTEX_POINT('',#15541);
#5998=VERTEX_POINT('',#15545);
#5999=VERTEX_POINT('',#15547);
#6000=VERTEX_POINT('',#15551);
#6001=VERTEX_POINT('',#15553);
#6002=VERTEX_POINT('',#15557);
#6003=VERTEX_POINT('',#15559);
#6004=VERTEX_POINT('',#15563);
#6005=VERTEX_POINT('',#15565);
#6006=VERTEX_POINT('',#15569);
#6007=VERTEX_POINT('',#15571);
#6008=VERTEX_POINT('',#15575);
#6009=VERTEX_POINT('',#15577);
#6010=VERTEX_POINT('',#15581);
#6011=VERTEX_POINT('',#15583);
#6012=VERTEX_POINT('',#15629);
#6013=VERTEX_POINT('',#15633);
#6014=VERTEX_POINT('',#15639);
#6015=VERTEX_POINT('',#15641);
#6016=VERTEX_POINT('',#15651);
#6017=VERTEX_POINT('',#15652);
#6018=VERTEX_POINT('',#15657);
#6019=VERTEX_POINT('',#15659);
#6020=VERTEX_POINT('',#15701);
#6021=VERTEX_POINT('',#15703);
#6022=VERTEX_POINT('',#15707);
#6023=VERTEX_POINT('',#15709);
#6024=VERTEX_POINT('',#15713);
#6025=VERTEX_POINT('',#15715);
#6026=VERTEX_POINT('',#15719);
#6027=VERTEX_POINT('',#15721);
#6028=VERTEX_POINT('',#15725);
#6029=VERTEX_POINT('',#15727);
#6030=VERTEX_POINT('',#15731);
#6031=VERTEX_POINT('',#15733);
#6032=VERTEX_POINT('',#15737);
#6033=VERTEX_POINT('',#15739);
#6034=VERTEX_POINT('',#15743);
#6035=VERTEX_POINT('',#15745);
#6036=VERTEX_POINT('',#15749);
#6037=VERTEX_POINT('',#15751);
#6038=VERTEX_POINT('',#15755);
#6039=VERTEX_POINT('',#15757);
#6040=VERTEX_POINT('',#15761);
#6041=VERTEX_POINT('',#15763);
#6042=VERTEX_POINT('',#15767);
#6043=VERTEX_POINT('',#15769);
#6044=VERTEX_POINT('',#15773);
#6045=VERTEX_POINT('',#15774);
#6046=VERTEX_POINT('',#15776);
#6047=VERTEX_POINT('',#15778);
#6048=VERTEX_POINT('',#15782);
#6049=VERTEX_POINT('',#15784);
#6050=VERTEX_POINT('',#15788);
#6051=VERTEX_POINT('',#15790);
#6052=VERTEX_POINT('',#15794);
#6053=VERTEX_POINT('',#15796);
#6054=VERTEX_POINT('',#15800);
#6055=VERTEX_POINT('',#15802);
#6056=VERTEX_POINT('',#15806);
#6057=VERTEX_POINT('',#15808);
#6058=VERTEX_POINT('',#15812);
#6059=VERTEX_POINT('',#15814);
#6060=VERTEX_POINT('',#15818);
#6061=VERTEX_POINT('',#15820);
#6062=VERTEX_POINT('',#15824);
#6063=VERTEX_POINT('',#15826);
#6064=VERTEX_POINT('',#15830);
#6065=VERTEX_POINT('',#15832);
#6066=VERTEX_POINT('',#15836);
#6067=VERTEX_POINT('',#15838);
#6068=VERTEX_POINT('',#15846);
#6069=VERTEX_POINT('',#15847);
#6070=VERTEX_POINT('',#15849);
#6071=VERTEX_POINT('',#15851);
#6072=VERTEX_POINT('',#15855);
#6073=VERTEX_POINT('',#15857);
#6074=VERTEX_POINT('',#15861);
#6075=VERTEX_POINT('',#15863);
#6076=VERTEX_POINT('',#15867);
#6077=VERTEX_POINT('',#15869);
#6078=VERTEX_POINT('',#15873);
#6079=VERTEX_POINT('',#15875);
#6080=VERTEX_POINT('',#15879);
#6081=VERTEX_POINT('',#15881);
#6082=VERTEX_POINT('',#15885);
#6083=VERTEX_POINT('',#15887);
#6084=VERTEX_POINT('',#15891);
#6085=VERTEX_POINT('',#15893);
#6086=VERTEX_POINT('',#15897);
#6087=VERTEX_POINT('',#15899);
#6088=VERTEX_POINT('',#15903);
#6089=VERTEX_POINT('',#15905);
#6090=VERTEX_POINT('',#15909);
#6091=VERTEX_POINT('',#15911);
#6092=VERTEX_POINT('',#15919);
#6093=VERTEX_POINT('',#15920);
#6094=VERTEX_POINT('',#15922);
#6095=VERTEX_POINT('',#15924);
#6096=VERTEX_POINT('',#15928);
#6097=VERTEX_POINT('',#15930);
#6098=VERTEX_POINT('',#15934);
#6099=VERTEX_POINT('',#15936);
#6100=VERTEX_POINT('',#15940);
#6101=VERTEX_POINT('',#15942);
#6102=VERTEX_POINT('',#15946);
#6103=VERTEX_POINT('',#15948);
#6104=VERTEX_POINT('',#15952);
#6105=VERTEX_POINT('',#15954);
#6106=VERTEX_POINT('',#15958);
#6107=VERTEX_POINT('',#15960);
#6108=VERTEX_POINT('',#15964);
#6109=VERTEX_POINT('',#15966);
#6110=VERTEX_POINT('',#15970);
#6111=VERTEX_POINT('',#15972);
#6112=VERTEX_POINT('',#15976);
#6113=VERTEX_POINT('',#15978);
#6114=VERTEX_POINT('',#15982);
#6115=VERTEX_POINT('',#15984);
#6116=VERTEX_POINT('',#15992);
#6117=VERTEX_POINT('',#15993);
#6118=VERTEX_POINT('',#15995);
#6119=VERTEX_POINT('',#15997);
#6120=VERTEX_POINT('',#16001);
#6121=VERTEX_POINT('',#16003);
#6122=VERTEX_POINT('',#16007);
#6123=VERTEX_POINT('',#16009);
#6124=VERTEX_POINT('',#16013);
#6125=VERTEX_POINT('',#16015);
#6126=VERTEX_POINT('',#16019);
#6127=VERTEX_POINT('',#16021);
#6128=VERTEX_POINT('',#16025);
#6129=VERTEX_POINT('',#16027);
#6130=VERTEX_POINT('',#16031);
#6131=VERTEX_POINT('',#16033);
#6132=VERTEX_POINT('',#16037);
#6133=VERTEX_POINT('',#16039);
#6134=VERTEX_POINT('',#16043);
#6135=VERTEX_POINT('',#16045);
#6136=VERTEX_POINT('',#16049);
#6137=VERTEX_POINT('',#16051);
#6138=VERTEX_POINT('',#16055);
#6139=VERTEX_POINT('',#16057);
#6140=VERTEX_POINT('',#16065);
#6141=VERTEX_POINT('',#16066);
#6142=VERTEX_POINT('',#16068);
#6143=VERTEX_POINT('',#16070);
#6144=VERTEX_POINT('',#16074);
#6145=VERTEX_POINT('',#16076);
#6146=VERTEX_POINT('',#16080);
#6147=VERTEX_POINT('',#16082);
#6148=VERTEX_POINT('',#16086);
#6149=VERTEX_POINT('',#16088);
#6150=VERTEX_POINT('',#16092);
#6151=VERTEX_POINT('',#16094);
#6152=VERTEX_POINT('',#16098);
#6153=VERTEX_POINT('',#16100);
#6154=VERTEX_POINT('',#16104);
#6155=VERTEX_POINT('',#16106);
#6156=VERTEX_POINT('',#16110);
#6157=VERTEX_POINT('',#16112);
#6158=VERTEX_POINT('',#16116);
#6159=VERTEX_POINT('',#16118);
#6160=VERTEX_POINT('',#16122);
#6161=VERTEX_POINT('',#16124);
#6162=VERTEX_POINT('',#16128);
#6163=VERTEX_POINT('',#16130);
#6164=VERTEX_POINT('',#16138);
#6165=VERTEX_POINT('',#16139);
#6166=VERTEX_POINT('',#16141);
#6167=VERTEX_POINT('',#16143);
#6168=VERTEX_POINT('',#16147);
#6169=VERTEX_POINT('',#16149);
#6170=VERTEX_POINT('',#16153);
#6171=VERTEX_POINT('',#16155);
#6172=VERTEX_POINT('',#16159);
#6173=VERTEX_POINT('',#16161);
#6174=VERTEX_POINT('',#16165);
#6175=VERTEX_POINT('',#16167);
#6176=VERTEX_POINT('',#16171);
#6177=VERTEX_POINT('',#16173);
#6178=VERTEX_POINT('',#16177);
#6179=VERTEX_POINT('',#16179);
#6180=VERTEX_POINT('',#16183);
#6181=VERTEX_POINT('',#16185);
#6182=VERTEX_POINT('',#16189);
#6183=VERTEX_POINT('',#16191);
#6184=VERTEX_POINT('',#16195);
#6185=VERTEX_POINT('',#16197);
#6186=VERTEX_POINT('',#16201);
#6187=VERTEX_POINT('',#16203);
#6188=VERTEX_POINT('',#16211);
#6189=VERTEX_POINT('',#16212);
#6190=VERTEX_POINT('',#16214);
#6191=VERTEX_POINT('',#16216);
#6192=VERTEX_POINT('',#16220);
#6193=VERTEX_POINT('',#16222);
#6194=VERTEX_POINT('',#16226);
#6195=VERTEX_POINT('',#16228);
#6196=VERTEX_POINT('',#16232);
#6197=VERTEX_POINT('',#16234);
#6198=VERTEX_POINT('',#16238);
#6199=VERTEX_POINT('',#16240);
#6200=VERTEX_POINT('',#16244);
#6201=VERTEX_POINT('',#16246);
#6202=VERTEX_POINT('',#16250);
#6203=VERTEX_POINT('',#16252);
#6204=VERTEX_POINT('',#16256);
#6205=VERTEX_POINT('',#16258);
#6206=VERTEX_POINT('',#16262);
#6207=VERTEX_POINT('',#16264);
#6208=VERTEX_POINT('',#16268);
#6209=VERTEX_POINT('',#16270);
#6210=VERTEX_POINT('',#16274);
#6211=VERTEX_POINT('',#16276);
#6212=VERTEX_POINT('',#16284);
#6213=VERTEX_POINT('',#16285);
#6214=VERTEX_POINT('',#16287);
#6215=VERTEX_POINT('',#16289);
#6216=VERTEX_POINT('',#16293);
#6217=VERTEX_POINT('',#16295);
#6218=VERTEX_POINT('',#16299);
#6219=VERTEX_POINT('',#16301);
#6220=VERTEX_POINT('',#16305);
#6221=VERTEX_POINT('',#16307);
#6222=VERTEX_POINT('',#16311);
#6223=VERTEX_POINT('',#16313);
#6224=VERTEX_POINT('',#16317);
#6225=VERTEX_POINT('',#16319);
#6226=VERTEX_POINT('',#16323);
#6227=VERTEX_POINT('',#16325);
#6228=VERTEX_POINT('',#16329);
#6229=VERTEX_POINT('',#16331);
#6230=VERTEX_POINT('',#16335);
#6231=VERTEX_POINT('',#16337);
#6232=VERTEX_POINT('',#16341);
#6233=VERTEX_POINT('',#16343);
#6234=VERTEX_POINT('',#16347);
#6235=VERTEX_POINT('',#16349);
#6236=VERTEX_POINT('',#16357);
#6237=VERTEX_POINT('',#16358);
#6238=VERTEX_POINT('',#16360);
#6239=VERTEX_POINT('',#16362);
#6240=VERTEX_POINT('',#16366);
#6241=VERTEX_POINT('',#16368);
#6242=VERTEX_POINT('',#16372);
#6243=VERTEX_POINT('',#16374);
#6244=VERTEX_POINT('',#16378);
#6245=VERTEX_POINT('',#16380);
#6246=VERTEX_POINT('',#16384);
#6247=VERTEX_POINT('',#16386);
#6248=VERTEX_POINT('',#16390);
#6249=VERTEX_POINT('',#16392);
#6250=VERTEX_POINT('',#16396);
#6251=VERTEX_POINT('',#16398);
#6252=VERTEX_POINT('',#16402);
#6253=VERTEX_POINT('',#16404);
#6254=VERTEX_POINT('',#16408);
#6255=VERTEX_POINT('',#16410);
#6256=VERTEX_POINT('',#16414);
#6257=VERTEX_POINT('',#16416);
#6258=VERTEX_POINT('',#16420);
#6259=VERTEX_POINT('',#16422);
#6260=VERTEX_POINT('',#16430);
#6261=VERTEX_POINT('',#16431);
#6262=VERTEX_POINT('',#16433);
#6263=VERTEX_POINT('',#16435);
#6264=VERTEX_POINT('',#16439);
#6265=VERTEX_POINT('',#16441);
#6266=VERTEX_POINT('',#16445);
#6267=VERTEX_POINT('',#16447);
#6268=VERTEX_POINT('',#16451);
#6269=VERTEX_POINT('',#16453);
#6270=VERTEX_POINT('',#16457);
#6271=VERTEX_POINT('',#16459);
#6272=VERTEX_POINT('',#16463);
#6273=VERTEX_POINT('',#16465);
#6274=VERTEX_POINT('',#16469);
#6275=VERTEX_POINT('',#16471);
#6276=VERTEX_POINT('',#16475);
#6277=VERTEX_POINT('',#16477);
#6278=VERTEX_POINT('',#16481);
#6279=VERTEX_POINT('',#16483);
#6280=VERTEX_POINT('',#16487);
#6281=VERTEX_POINT('',#16489);
#6282=VERTEX_POINT('',#16493);
#6283=VERTEX_POINT('',#16495);
#6284=VERTEX_POINT('',#16503);
#6285=VERTEX_POINT('',#16504);
#6286=VERTEX_POINT('',#16506);
#6287=VERTEX_POINT('',#16508);
#6288=VERTEX_POINT('',#16512);
#6289=VERTEX_POINT('',#16514);
#6290=VERTEX_POINT('',#16518);
#6291=VERTEX_POINT('',#16520);
#6292=VERTEX_POINT('',#16524);
#6293=VERTEX_POINT('',#16526);
#6294=VERTEX_POINT('',#16530);
#6295=VERTEX_POINT('',#16532);
#6296=VERTEX_POINT('',#16536);
#6297=VERTEX_POINT('',#16538);
#6298=VERTEX_POINT('',#16542);
#6299=VERTEX_POINT('',#16544);
#6300=VERTEX_POINT('',#16548);
#6301=VERTEX_POINT('',#16550);
#6302=VERTEX_POINT('',#16554);
#6303=VERTEX_POINT('',#16556);
#6304=VERTEX_POINT('',#16560);
#6305=VERTEX_POINT('',#16562);
#6306=VERTEX_POINT('',#16566);
#6307=VERTEX_POINT('',#16568);
#6308=VERTEX_POINT('',#16576);
#6309=VERTEX_POINT('',#16577);
#6310=VERTEX_POINT('',#16579);
#6311=VERTEX_POINT('',#16581);
#6312=VERTEX_POINT('',#16585);
#6313=VERTEX_POINT('',#16587);
#6314=VERTEX_POINT('',#16591);
#6315=VERTEX_POINT('',#16593);
#6316=VERTEX_POINT('',#16597);
#6317=VERTEX_POINT('',#16599);
#6318=VERTEX_POINT('',#16603);
#6319=VERTEX_POINT('',#16605);
#6320=VERTEX_POINT('',#16609);
#6321=VERTEX_POINT('',#16611);
#6322=VERTEX_POINT('',#16615);
#6323=VERTEX_POINT('',#16617);
#6324=VERTEX_POINT('',#16621);
#6325=VERTEX_POINT('',#16623);
#6326=VERTEX_POINT('',#16627);
#6327=VERTEX_POINT('',#16629);
#6328=VERTEX_POINT('',#16633);
#6329=VERTEX_POINT('',#16635);
#6330=VERTEX_POINT('',#16639);
#6331=VERTEX_POINT('',#16641);
#6332=VERTEX_POINT('',#17105);
#6333=VERTEX_POINT('',#17106);
#6334=VERTEX_POINT('',#17111);
#6335=VERTEX_POINT('',#17113);
#6336=EDGE_CURVE('',#5386,#5387,#7843,.T.);
#6337=EDGE_CURVE('',#5388,#5386,#7844,.T.);
#6338=EDGE_CURVE('',#5389,#5388,#7845,.T.);
#6339=EDGE_CURVE('',#5387,#5389,#7846,.T.);
#6340=EDGE_CURVE('',#5390,#5391,#7847,.T.);
#6341=EDGE_CURVE('',#5390,#5392,#7848,.T.);
#6342=EDGE_CURVE('',#5393,#5392,#7849,.T.);
#6343=EDGE_CURVE('',#5393,#5394,#7850,.T.);
#6344=EDGE_CURVE('',#5395,#5394,#7851,.T.);
#6345=EDGE_CURVE('',#5395,#5396,#7852,.T.);
#6346=EDGE_CURVE('',#5397,#5396,#7853,.T.);
#6347=EDGE_CURVE('',#5397,#5398,#7854,.T.);
#6348=EDGE_CURVE('',#5399,#5398,#7855,.T.);
#6349=EDGE_CURVE('',#5399,#5400,#7856,.T.);
#6350=EDGE_CURVE('',#5401,#5400,#7857,.T.);
#6351=EDGE_CURVE('',#5401,#5402,#7858,.T.);
#6352=EDGE_CURVE('',#5403,#5402,#7859,.T.);
#6353=EDGE_CURVE('',#5403,#5404,#7860,.T.);
#6354=EDGE_CURVE('',#5405,#5404,#7861,.T.);
#6355=EDGE_CURVE('',#5405,#5406,#7862,.T.);
#6356=EDGE_CURVE('',#5407,#5406,#7863,.T.);
#6357=EDGE_CURVE('',#5407,#5408,#7864,.T.);
#6358=EDGE_CURVE('',#5409,#5408,#7865,.T.);
#6359=EDGE_CURVE('',#5409,#5410,#7866,.T.);
#6360=EDGE_CURVE('',#5411,#5410,#7867,.T.);
#6361=EDGE_CURVE('',#5411,#5412,#7868,.T.);
#6362=EDGE_CURVE('',#5413,#5412,#7869,.T.);
#6363=EDGE_CURVE('',#5413,#5414,#7870,.T.);
#6364=EDGE_CURVE('',#5415,#5414,#7871,.T.);
#6365=EDGE_CURVE('',#5415,#5416,#7872,.T.);
#6366=EDGE_CURVE('',#5417,#5416,#7873,.T.);
#6367=EDGE_CURVE('',#5417,#5418,#7874,.T.);
#6368=EDGE_CURVE('',#5419,#5418,#7875,.T.);
#6369=EDGE_CURVE('',#5419,#5420,#7876,.T.);
#6370=EDGE_CURVE('',#5421,#5420,#7877,.T.);
#6371=EDGE_CURVE('',#5421,#5422,#7878,.T.);
#6372=EDGE_CURVE('',#5423,#5422,#7879,.T.);
#6373=EDGE_CURVE('',#5423,#5424,#7880,.T.);
#6374=EDGE_CURVE('',#5425,#5424,#7881,.T.);
#6375=EDGE_CURVE('',#5425,#5426,#7882,.T.);
#6376=EDGE_CURVE('',#5427,#5426,#7883,.T.);
#6377=EDGE_CURVE('',#5427,#5428,#7884,.T.);
#6378=EDGE_CURVE('',#5429,#5428,#7885,.T.);
#6379=EDGE_CURVE('',#5429,#5430,#7886,.T.);
#6380=EDGE_CURVE('',#5431,#5430,#7887,.T.);
#6381=EDGE_CURVE('',#5431,#5432,#7888,.T.);
#6382=EDGE_CURVE('',#5433,#5432,#7889,.T.);
#6383=EDGE_CURVE('',#5433,#5434,#7890,.T.);
#6384=EDGE_CURVE('',#5435,#5434,#7891,.T.);
#6385=EDGE_CURVE('',#5435,#5436,#7892,.T.);
#6386=EDGE_CURVE('',#5437,#5436,#7893,.T.);
#6387=EDGE_CURVE('',#5437,#5438,#7894,.T.);
#6388=EDGE_CURVE('',#5439,#5438,#7895,.T.);
#6389=EDGE_CURVE('',#5439,#5440,#7896,.T.);
#6390=EDGE_CURVE('',#5441,#5440,#7897,.T.);
#6391=EDGE_CURVE('',#5442,#5441,#7898,.T.);
#6392=EDGE_CURVE('',#5442,#5443,#7899,.T.);
#6393=EDGE_CURVE('',#5443,#5444,#7900,.T.);
#6394=EDGE_CURVE('',#5445,#5444,#7901,.T.);
#6395=EDGE_CURVE('',#5445,#5391,#7902,.T.);
#6396=EDGE_CURVE('',#5446,#5447,#7903,.T.);
#6397=EDGE_CURVE('',#5448,#5446,#7904,.T.);
#6398=EDGE_CURVE('',#5449,#5448,#7905,.T.);
#6399=EDGE_CURVE('',#5447,#5449,#7906,.T.);
#6400=EDGE_CURVE('',#5450,#5451,#7907,.T.);
#6401=EDGE_CURVE('',#5451,#5452,#7908,.T.);
#6402=EDGE_CURVE('',#5452,#5453,#7909,.T.);
#6403=EDGE_CURVE('',#5453,#5454,#7910,.T.);
#6404=EDGE_CURVE('',#5454,#5455,#7911,.T.);
#6405=EDGE_CURVE('',#5456,#5455,#7912,.T.);
#6406=EDGE_CURVE('',#5456,#5457,#7913,.T.);
#6407=EDGE_CURVE('',#5457,#5458,#7914,.T.);
#6408=EDGE_CURVE('',#5458,#5459,#7915,.T.);
#6409=EDGE_CURVE('',#5459,#5460,#7916,.T.);
#6410=EDGE_CURVE('',#5460,#5461,#7917,.T.);
#6411=EDGE_CURVE('',#5462,#5461,#7918,.T.);
#6412=EDGE_CURVE('',#5463,#5462,#7919,.T.);
#6413=EDGE_CURVE('',#5463,#5464,#7920,.T.);
#6414=EDGE_CURVE('',#5464,#5465,#7921,.T.);
#6415=EDGE_CURVE('',#5466,#5465,#7922,.T.);
#6416=EDGE_CURVE('',#5466,#5467,#7923,.T.);
#6417=EDGE_CURVE('',#5467,#5468,#7924,.T.);
#6418=EDGE_CURVE('',#5468,#5469,#7925,.T.);
#6419=EDGE_CURVE('',#5469,#5470,#7926,.T.);
#6420=EDGE_CURVE('',#5470,#5471,#7927,.T.);
#6421=EDGE_CURVE('',#5472,#5471,#7928,.T.);
#6422=EDGE_CURVE('',#5472,#5473,#7929,.T.);
#6423=EDGE_CURVE('',#5473,#5474,#7930,.T.);
#6424=EDGE_CURVE('',#5474,#5475,#7931,.T.);
#6425=EDGE_CURVE('',#5475,#5476,#7932,.T.);
#6426=EDGE_CURVE('',#5476,#5477,#7933,.T.);
#6427=EDGE_CURVE('',#5478,#5477,#7934,.T.);
#6428=EDGE_CURVE('',#5478,#5479,#7935,.T.);
#6429=EDGE_CURVE('',#5479,#5480,#7936,.T.);
#6430=EDGE_CURVE('',#5480,#5481,#7937,.T.);
#6431=EDGE_CURVE('',#5481,#5482,#7938,.T.);
#6432=EDGE_CURVE('',#5482,#5483,#7939,.T.);
#6433=EDGE_CURVE('',#5484,#5483,#7940,.T.);
#6434=EDGE_CURVE('',#5484,#5485,#7941,.T.);
#6435=EDGE_CURVE('',#5485,#5486,#7942,.T.);
#6436=EDGE_CURVE('',#5486,#5487,#7943,.T.);
#6437=EDGE_CURVE('',#5487,#5488,#7944,.T.);
#6438=EDGE_CURVE('',#5488,#5489,#7945,.T.);
#6439=EDGE_CURVE('',#5490,#5489,#7946,.T.);
#6440=EDGE_CURVE('',#5490,#5491,#7947,.T.);
#6441=EDGE_CURVE('',#5491,#5492,#7948,.T.);
#6442=EDGE_CURVE('',#5492,#5493,#7949,.T.);
#6443=EDGE_CURVE('',#5493,#5494,#7950,.T.);
#6444=EDGE_CURVE('',#5494,#5495,#7951,.T.);
#6445=EDGE_CURVE('',#5496,#5495,#7952,.T.);
#6446=EDGE_CURVE('',#5496,#5497,#7953,.T.);
#6447=EDGE_CURVE('',#5497,#5498,#7954,.T.);
#6448=EDGE_CURVE('',#5498,#5499,#7955,.T.);
#6449=EDGE_CURVE('',#5499,#5500,#7956,.T.);
#6450=EDGE_CURVE('',#5500,#5501,#7957,.T.);
#6451=EDGE_CURVE('',#5502,#5501,#7958,.T.);
#6452=EDGE_CURVE('',#5502,#5503,#7959,.T.);
#6453=EDGE_CURVE('',#5503,#5504,#7960,.T.);
#6454=EDGE_CURVE('',#5504,#5505,#7961,.T.);
#6455=EDGE_CURVE('',#5505,#5506,#7962,.T.);
#6456=EDGE_CURVE('',#5506,#5507,#7963,.T.);
#6457=EDGE_CURVE('',#5508,#5507,#7964,.T.);
#6458=EDGE_CURVE('',#5508,#5509,#7965,.T.);
#6459=EDGE_CURVE('',#5509,#5510,#7966,.T.);
#6460=EDGE_CURVE('',#5510,#5511,#7967,.T.);
#6461=EDGE_CURVE('',#5511,#5512,#7968,.T.);
#6462=EDGE_CURVE('',#5512,#5513,#7969,.T.);
#6463=EDGE_CURVE('',#5514,#5513,#7970,.T.);
#6464=EDGE_CURVE('',#5514,#5515,#7971,.T.);
#6465=EDGE_CURVE('',#5515,#5516,#7972,.T.);
#6466=EDGE_CURVE('',#5516,#5517,#7973,.T.);
#6467=EDGE_CURVE('',#5517,#5518,#7974,.T.);
#6468=EDGE_CURVE('',#5518,#5519,#7975,.T.);
#6469=EDGE_CURVE('',#5520,#5519,#7976,.T.);
#6470=EDGE_CURVE('',#5520,#5521,#7977,.T.);
#6471=EDGE_CURVE('',#5521,#5522,#7978,.T.);
#6472=EDGE_CURVE('',#5522,#5523,#7979,.T.);
#6473=EDGE_CURVE('',#5523,#5524,#7980,.T.);
#6474=EDGE_CURVE('',#5524,#5525,#7981,.T.);
#6475=EDGE_CURVE('',#5526,#5525,#7982,.T.);
#6476=EDGE_CURVE('',#5526,#5527,#7983,.T.);
#6477=EDGE_CURVE('',#5527,#5528,#7984,.T.);
#6478=EDGE_CURVE('',#5528,#5529,#7985,.T.);
#6479=EDGE_CURVE('',#5529,#5530,#7986,.T.);
#6480=EDGE_CURVE('',#5530,#5531,#7987,.T.);
#6481=EDGE_CURVE('',#5450,#5531,#7988,.T.);
#6482=EDGE_CURVE('',#5532,#5455,#7989,.T.);
#6483=EDGE_CURVE('',#5533,#5532,#7990,.T.);
#6484=EDGE_CURVE('',#5533,#5456,#7991,.T.);
#6485=EDGE_CURVE('',#5534,#5450,#7992,.T.);
#6486=EDGE_CURVE('',#5535,#5531,#7993,.T.);
#6487=EDGE_CURVE('',#5534,#5535,#7994,.T.);
#6488=EDGE_CURVE('',#5536,#5526,#7995,.T.);
#6489=EDGE_CURVE('',#5537,#5525,#7996,.T.);
#6490=EDGE_CURVE('',#5536,#5537,#7997,.T.);
#6491=EDGE_CURVE('',#5538,#5520,#7998,.T.);
#6492=EDGE_CURVE('',#5539,#5519,#7999,.T.);
#6493=EDGE_CURVE('',#5538,#5539,#8000,.T.);
#6494=EDGE_CURVE('',#5540,#5514,#8001,.T.);
#6495=EDGE_CURVE('',#5541,#5513,#8002,.T.);
#6496=EDGE_CURVE('',#5540,#5541,#8003,.T.);
#6497=EDGE_CURVE('',#5542,#5508,#8004,.T.);
#6498=EDGE_CURVE('',#5543,#5507,#8005,.T.);
#6499=EDGE_CURVE('',#5542,#5543,#8006,.T.);
#6500=EDGE_CURVE('',#5544,#5502,#8007,.T.);
#6501=EDGE_CURVE('',#5545,#5501,#8008,.T.);
#6502=EDGE_CURVE('',#5544,#5545,#8009,.T.);
#6503=EDGE_CURVE('',#5546,#5496,#8010,.T.);
#6504=EDGE_CURVE('',#5547,#5495,#8011,.T.);
#6505=EDGE_CURVE('',#5546,#5547,#8012,.T.);
#6506=EDGE_CURVE('',#5548,#5490,#8013,.T.);
#6507=EDGE_CURVE('',#5549,#5489,#8014,.T.);
#6508=EDGE_CURVE('',#5548,#5549,#8015,.T.);
#6509=EDGE_CURVE('',#5550,#5484,#8016,.T.);
#6510=EDGE_CURVE('',#5551,#5483,#8017,.T.);
#6511=EDGE_CURVE('',#5550,#5551,#8018,.T.);
#6512=EDGE_CURVE('',#5552,#5478,#8019,.T.);
#6513=EDGE_CURVE('',#5553,#5477,#8020,.T.);
#6514=EDGE_CURVE('',#5552,#5553,#8021,.T.);
#6515=EDGE_CURVE('',#5554,#5472,#8022,.T.);
#6516=EDGE_CURVE('',#5555,#5471,#8023,.T.);
#6517=EDGE_CURVE('',#5554,#5555,#8024,.T.);
#6518=EDGE_CURVE('',#5556,#5466,#8025,.T.);
#6519=EDGE_CURVE('',#5465,#5557,#8026,.T.);
#6520=EDGE_CURVE('',#5556,#5557,#8027,.T.);
#6521=EDGE_CURVE('',#5392,#5558,#8028,.T.);
#6522=EDGE_CURVE('',#5558,#5559,#8029,.T.);
#6523=EDGE_CURVE('',#5559,#5445,#8030,.T.);
#6524=EDGE_CURVE('',#5444,#5464,#8031,.T.);
#6525=EDGE_CURVE('',#5441,#5463,#8032,.T.);
#6526=EDGE_CURVE('',#5440,#5560,#8033,.T.);
#6527=EDGE_CURVE('',#5560,#5561,#8034,.T.);
#6528=EDGE_CURVE('',#5561,#5437,#8035,.T.);
#6529=EDGE_CURVE('',#5436,#5562,#8036,.T.);
#6530=EDGE_CURVE('',#5562,#5563,#8037,.T.);
#6531=EDGE_CURVE('',#5563,#5433,#8038,.T.);
#6532=EDGE_CURVE('',#5432,#5564,#8039,.T.);
#6533=EDGE_CURVE('',#5564,#5565,#8040,.T.);
#6534=EDGE_CURVE('',#5565,#5429,#8041,.T.);
#6535=EDGE_CURVE('',#5428,#5566,#8042,.T.);
#6536=EDGE_CURVE('',#5566,#5567,#8043,.T.);
#6537=EDGE_CURVE('',#5567,#5425,#8044,.T.);
#6538=EDGE_CURVE('',#5424,#5568,#8045,.T.);
#6539=EDGE_CURVE('',#5568,#5569,#8046,.T.);
#6540=EDGE_CURVE('',#5569,#5421,#8047,.T.);
#6541=EDGE_CURVE('',#5420,#5570,#8048,.T.);
#6542=EDGE_CURVE('',#5570,#5571,#8049,.T.);
#6543=EDGE_CURVE('',#5571,#5417,#8050,.T.);
#6544=EDGE_CURVE('',#5416,#5572,#8051,.T.);
#6545=EDGE_CURVE('',#5572,#5573,#8052,.T.);
#6546=EDGE_CURVE('',#5573,#5413,#8053,.T.);
#6547=EDGE_CURVE('',#5412,#5574,#8054,.T.);
#6548=EDGE_CURVE('',#5574,#5575,#8055,.T.);
#6549=EDGE_CURVE('',#5575,#5409,#8056,.T.);
#6550=EDGE_CURVE('',#5408,#5576,#8057,.T.);
#6551=EDGE_CURVE('',#5576,#5577,#8058,.T.);
#6552=EDGE_CURVE('',#5577,#5405,#8059,.T.);
#6553=EDGE_CURVE('',#5404,#5578,#8060,.T.);
#6554=EDGE_CURVE('',#5578,#5579,#8061,.T.);
#6555=EDGE_CURVE('',#5579,#5401,#8062,.T.);
#6556=EDGE_CURVE('',#5400,#5580,#8063,.T.);
#6557=EDGE_CURVE('',#5580,#5581,#8064,.T.);
#6558=EDGE_CURVE('',#5581,#5397,#8065,.T.);
#6559=EDGE_CURVE('',#5396,#5582,#8066,.T.);
#6560=EDGE_CURVE('',#5582,#5583,#8067,.T.);
#6561=EDGE_CURVE('',#5583,#5393,#8068,.T.);
#6562=EDGE_CURVE('',#5584,#5585,#8069,.T.);
#6563=EDGE_CURVE('',#5586,#5585,#8070,.T.);
#6564=EDGE_CURVE('',#5586,#5587,#8071,.T.);
#6565=EDGE_CURVE('',#5588,#5587,#8072,.T.);
#6566=EDGE_CURVE('',#5588,#5589,#8073,.T.);
#6567=EDGE_CURVE('',#5590,#5589,#8074,.T.);
#6568=EDGE_CURVE('',#5590,#5591,#8075,.T.);
#6569=EDGE_CURVE('',#5592,#5591,#8076,.T.);
#6570=EDGE_CURVE('',#5592,#5593,#8077,.T.);
#6571=EDGE_CURVE('',#5594,#5593,#8078,.T.);
#6572=EDGE_CURVE('',#5594,#5595,#8079,.T.);
#6573=EDGE_CURVE('',#5596,#5595,#8080,.T.);
#6574=EDGE_CURVE('',#5596,#5597,#8081,.T.);
#6575=EDGE_CURVE('',#5598,#5597,#8082,.T.);
#6576=EDGE_CURVE('',#5598,#5599,#8083,.T.);
#6577=EDGE_CURVE('',#5600,#5599,#8084,.T.);
#6578=EDGE_CURVE('',#5600,#5601,#8085,.T.);
#6579=EDGE_CURVE('',#5602,#5601,#8086,.T.);
#6580=EDGE_CURVE('',#5602,#5603,#8087,.T.);
#6581=EDGE_CURVE('',#5604,#5603,#8088,.T.);
#6582=EDGE_CURVE('',#5604,#5605,#8089,.T.);
#6583=EDGE_CURVE('',#5606,#5605,#8090,.T.);
#6584=EDGE_CURVE('',#5606,#5607,#8091,.T.);
#6585=EDGE_CURVE('',#5608,#5607,#8092,.T.);
#6586=EDGE_CURVE('',#5608,#5609,#8093,.T.);
#6587=EDGE_CURVE('',#5610,#5609,#8094,.T.);
#6588=EDGE_CURVE('',#5610,#5611,#8095,.T.);
#6589=EDGE_CURVE('',#5612,#5611,#8096,.T.);
#6590=EDGE_CURVE('',#5612,#5613,#8097,.T.);
#6591=EDGE_CURVE('',#5614,#5613,#8098,.T.);
#6592=EDGE_CURVE('',#5614,#5615,#8099,.T.);
#6593=EDGE_CURVE('',#5616,#5615,#8100,.T.);
#6594=EDGE_CURVE('',#5616,#5617,#8101,.T.);
#6595=EDGE_CURVE('',#5618,#5617,#8102,.T.);
#6596=EDGE_CURVE('',#5618,#5619,#8103,.T.);
#6597=EDGE_CURVE('',#5620,#5619,#8104,.T.);
#6598=EDGE_CURVE('',#5620,#5621,#8105,.T.);
#6599=EDGE_CURVE('',#5622,#5621,#8106,.T.);
#6600=EDGE_CURVE('',#5622,#5623,#8107,.T.);
#6601=EDGE_CURVE('',#5624,#5623,#8108,.T.);
#6602=EDGE_CURVE('',#5624,#5625,#8109,.T.);
#6603=EDGE_CURVE('',#5626,#5625,#8110,.T.);
#6604=EDGE_CURVE('',#5626,#5627,#8111,.T.);
#6605=EDGE_CURVE('',#5628,#5627,#8112,.T.);
#6606=EDGE_CURVE('',#5628,#5629,#8113,.T.);
#6607=EDGE_CURVE('',#5630,#5629,#8114,.T.);
#6608=EDGE_CURVE('',#5630,#5631,#8115,.T.);
#6609=EDGE_CURVE('',#5631,#5632,#8116,.T.);
#6610=EDGE_CURVE('',#5632,#5633,#8117,.T.);
#6611=EDGE_CURVE('',#5633,#5634,#8118,.T.);
#6612=EDGE_CURVE('',#5635,#5634,#8119,.T.);
#6613=EDGE_CURVE('',#5636,#5635,#8120,.T.);
#6614=EDGE_CURVE('',#5636,#5637,#8121,.T.);
#6615=EDGE_CURVE('',#5638,#5637,#8122,.T.);
#6616=EDGE_CURVE('',#5638,#5639,#8123,.T.);
#6617=EDGE_CURVE('',#5640,#5639,#8124,.T.);
#6618=EDGE_CURVE('',#5640,#5641,#8125,.T.);
#6619=EDGE_CURVE('',#5642,#5641,#8126,.T.);
#6620=EDGE_CURVE('',#5642,#5643,#8127,.T.);
#6621=EDGE_CURVE('',#5584,#5643,#8128,.T.);
#6622=EDGE_CURVE('',#5644,#5645,#8129,.T.);
#6623=EDGE_CURVE('',#5646,#5644,#8130,.T.);
#6624=EDGE_CURVE('',#5647,#5646,#8131,.T.);
#6625=EDGE_CURVE('',#5647,#5645,#8132,.T.);
#6626=EDGE_CURVE('',#5648,#5644,#8133,.T.);
#6627=EDGE_CURVE('',#5649,#5648,#8134,.T.);
#6628=EDGE_CURVE('',#5646,#5649,#8135,.T.);
#6629=EDGE_CURVE('',#5629,#5648,#8136,.T.);
#6630=EDGE_CURVE('',#5649,#5628,#8137,.T.);
#6631=EDGE_CURVE('',#5650,#5651,#8138,.T.);
#6632=EDGE_CURVE('',#5652,#5650,#8139,.T.);
#6633=EDGE_CURVE('',#5653,#5652,#8140,.T.);
#6634=EDGE_CURVE('',#5653,#5651,#8141,.T.);
#6635=EDGE_CURVE('',#5654,#5650,#8142,.T.);
#6636=EDGE_CURVE('',#5655,#5654,#8143,.T.);
#6637=EDGE_CURVE('',#5652,#5655,#8144,.T.);
#6638=EDGE_CURVE('',#5625,#5654,#8145,.T.);
#6639=EDGE_CURVE('',#5655,#5624,#8146,.T.);
#6640=EDGE_CURVE('',#5656,#5657,#8147,.T.);
#6641=EDGE_CURVE('',#5658,#5656,#8148,.T.);
#6642=EDGE_CURVE('',#5659,#5658,#8149,.T.);
#6643=EDGE_CURVE('',#5659,#5657,#8150,.T.);
#6644=EDGE_CURVE('',#5660,#5656,#8151,.T.);
#6645=EDGE_CURVE('',#5661,#5660,#8152,.T.);
#6646=EDGE_CURVE('',#5658,#5661,#8153,.T.);
#6647=EDGE_CURVE('',#5621,#5660,#8154,.T.);
#6648=EDGE_CURVE('',#5661,#5620,#8155,.T.);
#6649=EDGE_CURVE('',#5662,#5663,#8156,.T.);
#6650=EDGE_CURVE('',#5664,#5662,#8157,.T.);
#6651=EDGE_CURVE('',#5665,#5664,#8158,.T.);
#6652=EDGE_CURVE('',#5665,#5663,#8159,.T.);
#6653=EDGE_CURVE('',#5666,#5662,#8160,.T.);
#6654=EDGE_CURVE('',#5667,#5666,#8161,.T.);
#6655=EDGE_CURVE('',#5664,#5667,#8162,.T.);
#6656=EDGE_CURVE('',#5617,#5666,#8163,.T.);
#6657=EDGE_CURVE('',#5667,#5616,#8164,.T.);
#6658=EDGE_CURVE('',#5668,#5669,#8165,.T.);
#6659=EDGE_CURVE('',#5670,#5668,#8166,.T.);
#6660=EDGE_CURVE('',#5671,#5670,#8167,.T.);
#6661=EDGE_CURVE('',#5671,#5669,#8168,.T.);
#6662=EDGE_CURVE('',#5672,#5668,#8169,.T.);
#6663=EDGE_CURVE('',#5673,#5672,#8170,.T.);
#6664=EDGE_CURVE('',#5670,#5673,#8171,.T.);
#6665=EDGE_CURVE('',#5613,#5672,#8172,.T.);
#6666=EDGE_CURVE('',#5673,#5612,#8173,.T.);
#6667=EDGE_CURVE('',#5674,#5675,#8174,.T.);
#6668=EDGE_CURVE('',#5676,#5674,#8175,.T.);
#6669=EDGE_CURVE('',#5677,#5676,#8176,.T.);
#6670=EDGE_CURVE('',#5677,#5675,#8177,.T.);
#6671=EDGE_CURVE('',#5678,#5674,#8178,.T.);
#6672=EDGE_CURVE('',#5679,#5678,#8179,.T.);
#6673=EDGE_CURVE('',#5676,#5679,#8180,.T.);
#6674=EDGE_CURVE('',#5609,#5678,#8181,.T.);
#6675=EDGE_CURVE('',#5679,#5608,#8182,.T.);
#6676=EDGE_CURVE('',#5680,#5681,#8183,.T.);
#6677=EDGE_CURVE('',#5682,#5680,#8184,.T.);
#6678=EDGE_CURVE('',#5683,#5682,#8185,.T.);
#6679=EDGE_CURVE('',#5683,#5681,#8186,.T.);
#6680=EDGE_CURVE('',#5684,#5680,#8187,.T.);
#6681=EDGE_CURVE('',#5685,#5684,#8188,.T.);
#6682=EDGE_CURVE('',#5682,#5685,#8189,.T.);
#6683=EDGE_CURVE('',#5605,#5684,#8190,.T.);
#6684=EDGE_CURVE('',#5685,#5604,#8191,.T.);
#6685=EDGE_CURVE('',#5686,#5687,#8192,.T.);
#6686=EDGE_CURVE('',#5688,#5686,#8193,.T.);
#6687=EDGE_CURVE('',#5689,#5688,#8194,.T.);
#6688=EDGE_CURVE('',#5689,#5687,#8195,.T.);
#6689=EDGE_CURVE('',#5690,#5686,#8196,.T.);
#6690=EDGE_CURVE('',#5691,#5690,#8197,.T.);
#6691=EDGE_CURVE('',#5688,#5691,#8198,.T.);
#6692=EDGE_CURVE('',#5601,#5690,#8199,.T.);
#6693=EDGE_CURVE('',#5691,#5600,#8200,.T.);
#6694=EDGE_CURVE('',#5692,#5693,#8201,.T.);
#6695=EDGE_CURVE('',#5694,#5692,#8202,.T.);
#6696=EDGE_CURVE('',#5695,#5694,#8203,.T.);
#6697=EDGE_CURVE('',#5695,#5693,#8204,.T.);
#6698=EDGE_CURVE('',#5696,#5692,#8205,.T.);
#6699=EDGE_CURVE('',#5697,#5696,#8206,.T.);
#6700=EDGE_CURVE('',#5694,#5697,#8207,.T.);
#6701=EDGE_CURVE('',#5597,#5696,#8208,.T.);
#6702=EDGE_CURVE('',#5697,#5596,#8209,.T.);
#6703=EDGE_CURVE('',#5698,#5699,#8210,.T.);
#6704=EDGE_CURVE('',#5700,#5698,#8211,.T.);
#6705=EDGE_CURVE('',#5701,#5700,#8212,.T.);
#6706=EDGE_CURVE('',#5701,#5699,#8213,.T.);
#6707=EDGE_CURVE('',#5702,#5698,#8214,.T.);
#6708=EDGE_CURVE('',#5703,#5702,#8215,.T.);
#6709=EDGE_CURVE('',#5700,#5703,#8216,.T.);
#6710=EDGE_CURVE('',#5593,#5702,#8217,.T.);
#6711=EDGE_CURVE('',#5703,#5592,#8218,.T.);
#6712=EDGE_CURVE('',#5704,#5705,#8219,.T.);
#6713=EDGE_CURVE('',#5706,#5704,#8220,.T.);
#6714=EDGE_CURVE('',#5707,#5706,#8221,.T.);
#6715=EDGE_CURVE('',#5707,#5705,#8222,.T.);
#6716=EDGE_CURVE('',#5708,#5704,#8223,.T.);
#6717=EDGE_CURVE('',#5709,#5708,#8224,.T.);
#6718=EDGE_CURVE('',#5706,#5709,#8225,.T.);
#6719=EDGE_CURVE('',#5589,#5708,#8226,.T.);
#6720=EDGE_CURVE('',#5709,#5588,#8227,.T.);
#6721=EDGE_CURVE('',#5710,#5711,#8228,.T.);
#6722=EDGE_CURVE('',#5712,#5710,#8229,.T.);
#6723=EDGE_CURVE('',#5713,#5712,#8230,.T.);
#6724=EDGE_CURVE('',#5713,#5711,#8231,.T.);
#6725=EDGE_CURVE('',#5714,#5710,#8232,.T.);
#6726=EDGE_CURVE('',#5715,#5714,#8233,.T.);
#6727=EDGE_CURVE('',#5712,#5715,#8234,.T.);
#6728=EDGE_CURVE('',#5585,#5714,#8235,.T.);
#6729=EDGE_CURVE('',#5715,#5584,#8236,.T.);
#6730=EDGE_CURVE('',#5647,#5716,#8237,.T.);
#6731=EDGE_CURVE('',#5717,#5716,#8238,.T.);
#6732=EDGE_CURVE('',#5717,#5651,#8239,.T.);
#6733=EDGE_CURVE('',#5653,#5718,#8240,.T.);
#6734=EDGE_CURVE('',#5719,#5718,#8241,.T.);
#6735=EDGE_CURVE('',#5719,#5657,#8242,.T.);
#6736=EDGE_CURVE('',#5659,#5720,#8243,.T.);
#6737=EDGE_CURVE('',#5721,#5720,#8244,.T.);
#6738=EDGE_CURVE('',#5721,#5663,#8245,.T.);
#6739=EDGE_CURVE('',#5665,#5722,#8246,.T.);
#6740=EDGE_CURVE('',#5723,#5722,#8247,.T.);
#6741=EDGE_CURVE('',#5723,#5669,#8248,.T.);
#6742=EDGE_CURVE('',#5671,#5724,#8249,.T.);
#6743=EDGE_CURVE('',#5725,#5724,#8250,.T.);
#6744=EDGE_CURVE('',#5725,#5675,#8251,.T.);
#6745=EDGE_CURVE('',#5677,#5726,#8252,.T.);
#6746=EDGE_CURVE('',#5727,#5726,#8253,.T.);
#6747=EDGE_CURVE('',#5727,#5681,#8254,.T.);
#6748=EDGE_CURVE('',#5683,#5728,#8255,.T.);
#6749=EDGE_CURVE('',#5729,#5728,#8256,.T.);
#6750=EDGE_CURVE('',#5729,#5687,#8257,.T.);
#6751=EDGE_CURVE('',#5689,#5730,#8258,.T.);
#6752=EDGE_CURVE('',#5731,#5730,#8259,.T.);
#6753=EDGE_CURVE('',#5731,#5693,#8260,.T.);
#6754=EDGE_CURVE('',#5695,#5732,#8261,.T.);
#6755=EDGE_CURVE('',#5733,#5732,#8262,.T.);
#6756=EDGE_CURVE('',#5733,#5699,#8263,.T.);
#6757=EDGE_CURVE('',#5701,#5734,#8264,.T.);
#6758=EDGE_CURVE('',#5735,#5734,#8265,.T.);
#6759=EDGE_CURVE('',#5735,#5705,#8266,.T.);
#6760=EDGE_CURVE('',#5707,#5736,#8267,.T.);
#6761=EDGE_CURVE('',#5737,#5736,#8268,.T.);
#6762=EDGE_CURVE('',#5737,#5711,#8269,.T.);
#6763=EDGE_CURVE('',#5713,#5738,#8270,.T.);
#6764=EDGE_CURVE('',#5739,#5738,#8271,.T.);
#6765=EDGE_CURVE('',#5739,#5740,#8272,.T.);
#6766=EDGE_CURVE('',#5741,#5740,#8273,.T.);
#6767=EDGE_CURVE('',#5741,#5742,#8274,.T.);
#6768=EDGE_CURVE('',#5743,#5742,#8275,.T.);
#6769=EDGE_CURVE('',#5744,#5743,#8276,.T.);
#6770=EDGE_CURVE('',#5744,#5745,#8277,.T.);
#6771=EDGE_CURVE('',#5746,#5745,#8278,.T.);
#6772=EDGE_CURVE('',#5747,#5746,#8279,.T.);
#6773=EDGE_CURVE('',#5748,#5747,#8280,.T.);
#6774=EDGE_CURVE('',#5749,#5748,#8281,.T.);
#6775=EDGE_CURVE('',#5533,#5749,#8282,.T.);
#6776=EDGE_CURVE('',#5750,#5532,#8283,.T.);
#6777=EDGE_CURVE('',#5751,#5750,#8284,.T.);
#6778=EDGE_CURVE('',#5752,#5751,#8285,.T.);
#6779=EDGE_CURVE('',#5753,#5752,#8286,.T.);
#6780=EDGE_CURVE('',#5534,#5753,#8287,.T.);
#6781=EDGE_CURVE('',#5754,#5535,#8288,.T.);
#6782=EDGE_CURVE('',#5755,#5754,#8289,.T.);
#6783=EDGE_CURVE('',#5756,#5755,#8290,.T.);
#6784=EDGE_CURVE('',#5757,#5756,#8291,.T.);
#6785=EDGE_CURVE('',#5536,#5757,#8292,.T.);
#6786=EDGE_CURVE('',#5758,#5537,#8293,.T.);
#6787=EDGE_CURVE('',#5759,#5758,#8294,.T.);
#6788=EDGE_CURVE('',#5760,#5759,#8295,.T.);
#6789=EDGE_CURVE('',#5761,#5760,#8296,.T.);
#6790=EDGE_CURVE('',#5538,#5761,#8297,.T.);
#6791=EDGE_CURVE('',#5762,#5539,#8298,.T.);
#6792=EDGE_CURVE('',#5763,#5762,#8299,.T.);
#6793=EDGE_CURVE('',#5764,#5763,#8300,.T.);
#6794=EDGE_CURVE('',#5765,#5764,#8301,.T.);
#6795=EDGE_CURVE('',#5540,#5765,#8302,.T.);
#6796=EDGE_CURVE('',#5766,#5541,#8303,.T.);
#6797=EDGE_CURVE('',#5767,#5766,#8304,.T.);
#6798=EDGE_CURVE('',#5768,#5767,#8305,.T.);
#6799=EDGE_CURVE('',#5769,#5768,#8306,.T.);
#6800=EDGE_CURVE('',#5542,#5769,#8307,.T.);
#6801=EDGE_CURVE('',#5770,#5543,#8308,.T.);
#6802=EDGE_CURVE('',#5771,#5770,#8309,.T.);
#6803=EDGE_CURVE('',#5772,#5771,#8310,.T.);
#6804=EDGE_CURVE('',#5773,#5772,#8311,.T.);
#6805=EDGE_CURVE('',#5544,#5773,#8312,.T.);
#6806=EDGE_CURVE('',#5774,#5545,#8313,.T.);
#6807=EDGE_CURVE('',#5775,#5774,#8314,.T.);
#6808=EDGE_CURVE('',#5776,#5775,#8315,.T.);
#6809=EDGE_CURVE('',#5777,#5776,#8316,.T.);
#6810=EDGE_CURVE('',#5546,#5777,#8317,.T.);
#6811=EDGE_CURVE('',#5778,#5547,#8318,.T.);
#6812=EDGE_CURVE('',#5779,#5778,#8319,.T.);
#6813=EDGE_CURVE('',#5780,#5779,#8320,.T.);
#6814=EDGE_CURVE('',#5781,#5780,#8321,.T.);
#6815=EDGE_CURVE('',#5548,#5781,#8322,.T.);
#6816=EDGE_CURVE('',#5782,#5549,#8323,.T.);
#6817=EDGE_CURVE('',#5783,#5782,#8324,.T.);
#6818=EDGE_CURVE('',#5784,#5783,#8325,.T.);
#6819=EDGE_CURVE('',#5785,#5784,#8326,.T.);
#6820=EDGE_CURVE('',#5550,#5785,#8327,.T.);
#6821=EDGE_CURVE('',#5786,#5551,#8328,.T.);
#6822=EDGE_CURVE('',#5787,#5786,#8329,.T.);
#6823=EDGE_CURVE('',#5788,#5787,#8330,.T.);
#6824=EDGE_CURVE('',#5789,#5788,#8331,.T.);
#6825=EDGE_CURVE('',#5552,#5789,#8332,.T.);
#6826=EDGE_CURVE('',#5790,#5553,#8333,.T.);
#6827=EDGE_CURVE('',#5791,#5790,#8334,.T.);
#6828=EDGE_CURVE('',#5792,#5791,#8335,.T.);
#6829=EDGE_CURVE('',#5793,#5792,#8336,.T.);
#6830=EDGE_CURVE('',#5554,#5793,#8337,.T.);
#6831=EDGE_CURVE('',#5794,#5555,#8338,.T.);
#6832=EDGE_CURVE('',#5795,#5794,#8339,.T.);
#6833=EDGE_CURVE('',#5796,#5795,#8340,.T.);
#6834=EDGE_CURVE('',#5797,#5796,#8341,.T.);
#6835=EDGE_CURVE('',#5556,#5797,#8342,.T.);
#6836=EDGE_CURVE('',#5557,#5798,#8343,.T.);
#6837=EDGE_CURVE('',#5799,#5798,#8344,.T.);
#6838=EDGE_CURVE('',#5799,#5645,#8345,.T.);
#6839=EDGE_CURVE('',#5586,#5737,#8346,.T.);
#6840=EDGE_CURVE('',#5587,#5736,#8347,.T.);
#6841=EDGE_CURVE('',#5590,#5735,#8348,.T.);
#6842=EDGE_CURVE('',#5591,#5734,#8349,.T.);
#6843=EDGE_CURVE('',#5594,#5733,#8350,.T.);
#6844=EDGE_CURVE('',#5595,#5732,#8351,.T.);
#6845=EDGE_CURVE('',#5598,#5731,#8352,.T.);
#6846=EDGE_CURVE('',#5599,#5730,#8353,.T.);
#6847=EDGE_CURVE('',#5602,#5729,#8354,.T.);
#6848=EDGE_CURVE('',#5603,#5728,#8355,.T.);
#6849=EDGE_CURVE('',#5606,#5727,#8356,.T.);
#6850=EDGE_CURVE('',#5607,#5726,#8357,.T.);
#6851=EDGE_CURVE('',#5610,#5725,#8358,.T.);
#6852=EDGE_CURVE('',#5611,#5724,#8359,.T.);
#6853=EDGE_CURVE('',#5614,#5723,#8360,.T.);
#6854=EDGE_CURVE('',#5615,#5722,#8361,.T.);
#6855=EDGE_CURVE('',#5618,#5721,#8362,.T.);
#6856=EDGE_CURVE('',#5619,#5720,#8363,.T.);
#6857=EDGE_CURVE('',#5622,#5719,#8364,.T.);
#6858=EDGE_CURVE('',#5623,#5718,#8365,.T.);
#6859=EDGE_CURVE('',#5626,#5717,#8366,.T.);
#6860=EDGE_CURVE('',#5627,#5716,#8367,.T.);
#6861=EDGE_CURVE('',#5630,#5799,#8368,.T.);
#6862=EDGE_CURVE('',#5798,#5631,#8369,.T.);
#6863=EDGE_CURVE('',#5636,#5800,#8370,.T.);
#6864=EDGE_CURVE('',#5800,#5801,#8371,.T.);
#6865=EDGE_CURVE('',#5801,#5633,#8372,.T.);
#6866=EDGE_CURVE('',#5632,#5802,#8373,.T.);
#6867=EDGE_CURVE('',#5803,#5802,#8374,.T.);
#6868=EDGE_CURVE('',#5804,#5803,#8375,.T.);
#6869=EDGE_CURVE('',#5805,#5804,#8376,.T.);
#6870=EDGE_CURVE('',#5805,#5443,#8377,.T.);
#6871=EDGE_CURVE('',#5806,#5442,#8378,.T.);
#6872=EDGE_CURVE('',#5807,#5806,#8379,.T.);
#6873=EDGE_CURVE('',#5808,#5807,#8380,.T.);
#6874=EDGE_CURVE('',#5809,#5808,#8381,.T.);
#6875=EDGE_CURVE('',#5637,#5809,#8382,.T.);
#6876=EDGE_CURVE('',#5810,#5805,#8383,.T.);
#6877=EDGE_CURVE('',#5811,#5810,#8384,.T.);
#6878=EDGE_CURVE('',#5811,#5802,#8385,.T.);
#6879=EDGE_CURVE('',#5745,#5461,#8386,.T.);
#6880=EDGE_CURVE('',#5462,#5744,#8387,.T.);
#6881=EDGE_CURVE('',#5741,#5812,#8388,.T.);
#6882=EDGE_CURVE('',#5813,#5740,#8389,.T.);
#6883=EDGE_CURVE('',#5812,#5813,#8390,.T.);
#6884=EDGE_CURVE('',#5812,#5814,#8391,.T.);
#6885=EDGE_CURVE('',#5815,#5813,#8392,.T.);
#6886=EDGE_CURVE('',#5814,#5815,#8393,.T.);
#6887=EDGE_CURVE('',#5814,#5640,#8394,.T.);
#6888=EDGE_CURVE('',#5641,#5815,#8395,.T.);
#6889=EDGE_CURVE('',#5639,#5742,#8396,.T.);
#6890=EDGE_CURVE('',#5743,#5638,#8397,.T.);
#6891=EDGE_CURVE('',#5816,#5817,#8398,.T.);
#6892=EDGE_CURVE('',#5816,#5818,#8399,.T.);
#6893=EDGE_CURVE('',#5818,#5819,#8400,.T.);
#6894=EDGE_CURVE('',#5817,#5819,#8401,.T.);
#6895=EDGE_CURVE('',#5818,#5820,#45,.T.);
#6896=EDGE_CURVE('',#5820,#5821,#8402,.T.);
#6897=EDGE_CURVE('',#5819,#5821,#46,.T.);
#6898=EDGE_CURVE('',#5820,#5822,#8403,.T.);
#6899=EDGE_CURVE('',#5822,#5823,#8404,.T.);
#6900=EDGE_CURVE('',#5821,#5823,#8405,.T.);
#6901=EDGE_CURVE('',#5822,#5824,#47,.T.);
#6902=EDGE_CURVE('',#5824,#5825,#8406,.T.);
#6903=EDGE_CURVE('',#5823,#5825,#48,.T.);
#6904=EDGE_CURVE('',#5824,#5826,#8407,.T.);
#6905=EDGE_CURVE('',#5826,#5827,#8408,.T.);
#6906=EDGE_CURVE('',#5825,#5827,#8409,.T.);
#6907=EDGE_CURVE('',#5826,#5636,#36,.T.);
#6908=EDGE_CURVE('',#5827,#5635,#49,.T.);
#6909=EDGE_CURVE('',#5633,#5816,#37,.T.);
#6910=EDGE_CURVE('',#5634,#5817,#50,.T.);
#6911=EDGE_CURVE('',#5828,#5829,#8410,.T.);
#6912=EDGE_CURVE('',#5829,#5830,#8411,.T.);
#6913=EDGE_CURVE('',#5830,#5831,#8412,.T.);
#6914=EDGE_CURVE('',#5831,#5832,#8413,.T.);
#6915=EDGE_CURVE('',#5832,#5833,#8414,.T.);
#6916=EDGE_CURVE('',#5833,#5834,#8415,.T.);
#6917=EDGE_CURVE('',#5834,#5835,#8416,.T.);
#6918=EDGE_CURVE('',#5835,#5836,#8417,.T.);
#6919=EDGE_CURVE('',#5836,#5837,#8418,.T.);
#6920=EDGE_CURVE('',#5837,#5838,#8419,.T.);
#6921=EDGE_CURVE('',#5838,#5839,#8420,.T.);
#6922=EDGE_CURVE('',#5839,#5828,#8421,.T.);
#6923=EDGE_CURVE('',#5840,#5841,#8422,.T.);
#6924=EDGE_CURVE('',#5841,#5842,#8423,.T.);
#6925=EDGE_CURVE('',#5842,#5843,#8424,.T.);
#6926=EDGE_CURVE('',#5843,#5844,#8425,.T.);
#6927=EDGE_CURVE('',#5844,#5845,#8426,.T.);
#6928=EDGE_CURVE('',#5845,#5846,#8427,.T.);
#6929=EDGE_CURVE('',#5846,#5847,#8428,.T.);
#6930=EDGE_CURVE('',#5847,#5848,#8429,.T.);
#6931=EDGE_CURVE('',#5848,#5849,#8430,.T.);
#6932=EDGE_CURVE('',#5849,#5850,#8431,.T.);
#6933=EDGE_CURVE('',#5850,#5851,#8432,.T.);
#6934=EDGE_CURVE('',#5851,#5840,#8433,.T.);
#6935=EDGE_CURVE('',#5852,#5853,#8434,.T.);
#6936=EDGE_CURVE('',#5853,#5854,#8435,.T.);
#6937=EDGE_CURVE('',#5854,#5855,#8436,.T.);
#6938=EDGE_CURVE('',#5855,#5856,#8437,.T.);
#6939=EDGE_CURVE('',#5856,#5857,#8438,.T.);
#6940=EDGE_CURVE('',#5857,#5858,#8439,.T.);
#6941=EDGE_CURVE('',#5858,#5859,#8440,.T.);
#6942=EDGE_CURVE('',#5859,#5860,#8441,.T.);
#6943=EDGE_CURVE('',#5860,#5861,#8442,.T.);
#6944=EDGE_CURVE('',#5861,#5862,#8443,.T.);
#6945=EDGE_CURVE('',#5862,#5863,#8444,.T.);
#6946=EDGE_CURVE('',#5863,#5852,#8445,.T.);
#6947=EDGE_CURVE('',#5864,#5865,#8446,.T.);
#6948=EDGE_CURVE('',#5865,#5866,#8447,.T.);
#6949=EDGE_CURVE('',#5866,#5867,#8448,.T.);
#6950=EDGE_CURVE('',#5867,#5868,#8449,.T.);
#6951=EDGE_CURVE('',#5868,#5869,#8450,.T.);
#6952=EDGE_CURVE('',#5869,#5870,#8451,.T.);
#6953=EDGE_CURVE('',#5870,#5871,#8452,.T.);
#6954=EDGE_CURVE('',#5871,#5872,#8453,.T.);
#6955=EDGE_CURVE('',#5872,#5873,#8454,.T.);
#6956=EDGE_CURVE('',#5873,#5874,#8455,.T.);
#6957=EDGE_CURVE('',#5874,#5875,#8456,.T.);
#6958=EDGE_CURVE('',#5875,#5864,#8457,.T.);
#6959=EDGE_CURVE('',#5876,#5877,#8458,.T.);
#6960=EDGE_CURVE('',#5877,#5878,#8459,.T.);
#6961=EDGE_CURVE('',#5878,#5879,#8460,.T.);
#6962=EDGE_CURVE('',#5879,#5880,#8461,.T.);
#6963=EDGE_CURVE('',#5880,#5881,#8462,.T.);
#6964=EDGE_CURVE('',#5881,#5882,#8463,.T.);
#6965=EDGE_CURVE('',#5882,#5883,#8464,.T.);
#6966=EDGE_CURVE('',#5883,#5884,#8465,.T.);
#6967=EDGE_CURVE('',#5884,#5885,#8466,.T.);
#6968=EDGE_CURVE('',#5885,#5886,#8467,.T.);
#6969=EDGE_CURVE('',#5886,#5887,#8468,.T.);
#6970=EDGE_CURVE('',#5887,#5876,#8469,.T.);
#6971=EDGE_CURVE('',#5888,#5889,#8470,.T.);
#6972=EDGE_CURVE('',#5889,#5890,#8471,.T.);
#6973=EDGE_CURVE('',#5890,#5891,#8472,.T.);
#6974=EDGE_CURVE('',#5891,#5892,#8473,.T.);
#6975=EDGE_CURVE('',#5892,#5893,#8474,.T.);
#6976=EDGE_CURVE('',#5893,#5894,#8475,.T.);
#6977=EDGE_CURVE('',#5894,#5895,#8476,.T.);
#6978=EDGE_CURVE('',#5895,#5896,#8477,.T.);
#6979=EDGE_CURVE('',#5896,#5897,#8478,.T.);
#6980=EDGE_CURVE('',#5897,#5898,#8479,.T.);
#6981=EDGE_CURVE('',#5898,#5899,#8480,.T.);
#6982=EDGE_CURVE('',#5899,#5888,#8481,.T.);
#6983=EDGE_CURVE('',#5900,#5901,#8482,.T.);
#6984=EDGE_CURVE('',#5901,#5902,#8483,.T.);
#6985=EDGE_CURVE('',#5902,#5903,#8484,.T.);
#6986=EDGE_CURVE('',#5903,#5904,#8485,.T.);
#6987=EDGE_CURVE('',#5904,#5905,#8486,.T.);
#6988=EDGE_CURVE('',#5905,#5906,#8487,.T.);
#6989=EDGE_CURVE('',#5906,#5907,#8488,.T.);
#6990=EDGE_CURVE('',#5907,#5908,#8489,.T.);
#6991=EDGE_CURVE('',#5908,#5909,#8490,.T.);
#6992=EDGE_CURVE('',#5909,#5910,#8491,.T.);
#6993=EDGE_CURVE('',#5910,#5911,#8492,.T.);
#6994=EDGE_CURVE('',#5911,#5900,#8493,.T.);
#6995=EDGE_CURVE('',#5912,#5913,#8494,.T.);
#6996=EDGE_CURVE('',#5913,#5914,#8495,.T.);
#6997=EDGE_CURVE('',#5914,#5915,#8496,.T.);
#6998=EDGE_CURVE('',#5915,#5916,#8497,.T.);
#6999=EDGE_CURVE('',#5916,#5917,#8498,.T.);
#7000=EDGE_CURVE('',#5917,#5918,#8499,.T.);
#7001=EDGE_CURVE('',#5918,#5919,#8500,.T.);
#7002=EDGE_CURVE('',#5919,#5920,#8501,.T.);
#7003=EDGE_CURVE('',#5920,#5921,#8502,.T.);
#7004=EDGE_CURVE('',#5921,#5922,#8503,.T.);
#7005=EDGE_CURVE('',#5922,#5923,#8504,.T.);
#7006=EDGE_CURVE('',#5923,#5912,#8505,.T.);
#7007=EDGE_CURVE('',#5924,#5925,#8506,.T.);
#7008=EDGE_CURVE('',#5925,#5926,#8507,.T.);
#7009=EDGE_CURVE('',#5926,#5927,#8508,.T.);
#7010=EDGE_CURVE('',#5927,#5928,#8509,.T.);
#7011=EDGE_CURVE('',#5928,#5929,#8510,.T.);
#7012=EDGE_CURVE('',#5929,#5930,#8511,.T.);
#7013=EDGE_CURVE('',#5930,#5931,#8512,.T.);
#7014=EDGE_CURVE('',#5931,#5932,#8513,.T.);
#7015=EDGE_CURVE('',#5932,#5933,#8514,.T.);
#7016=EDGE_CURVE('',#5933,#5934,#8515,.T.);
#7017=EDGE_CURVE('',#5934,#5935,#8516,.T.);
#7018=EDGE_CURVE('',#5935,#5924,#8517,.T.);
#7019=EDGE_CURVE('',#5936,#5937,#8518,.T.);
#7020=EDGE_CURVE('',#5937,#5938,#8519,.T.);
#7021=EDGE_CURVE('',#5938,#5939,#8520,.T.);
#7022=EDGE_CURVE('',#5939,#5940,#8521,.T.);
#7023=EDGE_CURVE('',#5940,#5941,#8522,.T.);
#7024=EDGE_CURVE('',#5941,#5942,#8523,.T.);
#7025=EDGE_CURVE('',#5942,#5943,#8524,.T.);
#7026=EDGE_CURVE('',#5943,#5944,#8525,.T.);
#7027=EDGE_CURVE('',#5944,#5945,#8526,.T.);
#7028=EDGE_CURVE('',#5945,#5946,#8527,.T.);
#7029=EDGE_CURVE('',#5946,#5947,#8528,.T.);
#7030=EDGE_CURVE('',#5947,#5936,#8529,.T.);
#7031=EDGE_CURVE('',#5948,#5949,#8530,.T.);
#7032=EDGE_CURVE('',#5949,#5950,#8531,.T.);
#7033=EDGE_CURVE('',#5950,#5951,#8532,.T.);
#7034=EDGE_CURVE('',#5951,#5952,#8533,.T.);
#7035=EDGE_CURVE('',#5952,#5953,#8534,.T.);
#7036=EDGE_CURVE('',#5953,#5954,#8535,.T.);
#7037=EDGE_CURVE('',#5954,#5955,#8536,.T.);
#7038=EDGE_CURVE('',#5955,#5956,#8537,.T.);
#7039=EDGE_CURVE('',#5956,#5957,#8538,.T.);
#7040=EDGE_CURVE('',#5957,#5958,#8539,.T.);
#7041=EDGE_CURVE('',#5958,#5959,#8540,.T.);
#7042=EDGE_CURVE('',#5959,#5948,#8541,.T.);
#7043=EDGE_CURVE('',#5960,#5961,#8542,.T.);
#7044=EDGE_CURVE('',#5961,#5962,#8543,.T.);
#7045=EDGE_CURVE('',#5962,#5963,#8544,.T.);
#7046=EDGE_CURVE('',#5963,#5964,#8545,.T.);
#7047=EDGE_CURVE('',#5964,#5965,#8546,.T.);
#7048=EDGE_CURVE('',#5965,#5966,#8547,.T.);
#7049=EDGE_CURVE('',#5966,#5967,#8548,.T.);
#7050=EDGE_CURVE('',#5967,#5968,#8549,.T.);
#7051=EDGE_CURVE('',#5968,#5969,#8550,.T.);
#7052=EDGE_CURVE('',#5969,#5970,#8551,.T.);
#7053=EDGE_CURVE('',#5970,#5971,#8552,.T.);
#7054=EDGE_CURVE('',#5971,#5960,#8553,.T.);
#7055=EDGE_CURVE('',#5972,#5973,#8554,.T.);
#7056=EDGE_CURVE('',#5973,#5974,#8555,.T.);
#7057=EDGE_CURVE('',#5974,#5975,#8556,.T.);
#7058=EDGE_CURVE('',#5975,#5976,#8557,.T.);
#7059=EDGE_CURVE('',#5976,#5977,#8558,.T.);
#7060=EDGE_CURVE('',#5977,#5978,#8559,.T.);
#7061=EDGE_CURVE('',#5978,#5979,#8560,.T.);
#7062=EDGE_CURVE('',#5979,#5980,#8561,.T.);
#7063=EDGE_CURVE('',#5980,#5981,#8562,.T.);
#7064=EDGE_CURVE('',#5981,#5982,#8563,.T.);
#7065=EDGE_CURVE('',#5982,#5983,#8564,.T.);
#7066=EDGE_CURVE('',#5983,#5972,#8565,.T.);
#7067=EDGE_CURVE('',#5643,#5738,#8566,.T.);
#7068=EDGE_CURVE('',#5642,#5739,#8567,.T.);
#7069=EDGE_CURVE('',#5984,#5809,#8568,.T.);
#7070=EDGE_CURVE('',#5985,#5984,#8569,.T.);
#7071=EDGE_CURVE('',#5985,#5806,#8570,.T.);
#7072=EDGE_CURVE('',#5986,#5438,#8571,.T.);
#7073=EDGE_CURVE('',#5987,#5986,#8572,.T.);
#7074=EDGE_CURVE('',#5439,#5987,#8573,.T.);
#7075=EDGE_CURVE('',#5988,#5989,#8574,.T.);
#7076=EDGE_CURVE('',#5988,#5990,#8575,.T.);
#7077=EDGE_CURVE('',#5990,#5991,#8576,.T.);
#7078=EDGE_CURVE('',#5991,#5989,#8577,.T.);
#7079=EDGE_CURVE('',#5990,#5992,#8578,.T.);
#7080=EDGE_CURVE('',#5992,#5993,#8579,.T.);
#7081=EDGE_CURVE('',#5993,#5991,#8580,.T.);
#7082=EDGE_CURVE('',#5992,#5994,#8581,.T.);
#7083=EDGE_CURVE('',#5994,#5995,#8582,.T.);
#7084=EDGE_CURVE('',#5995,#5993,#8583,.T.);
#7085=EDGE_CURVE('',#5994,#5996,#8584,.T.);
#7086=EDGE_CURVE('',#5996,#5997,#8585,.T.);
#7087=EDGE_CURVE('',#5997,#5995,#8586,.T.);
#7088=EDGE_CURVE('',#5996,#5998,#8587,.T.);
#7089=EDGE_CURVE('',#5998,#5999,#8588,.T.);
#7090=EDGE_CURVE('',#5999,#5997,#8589,.T.);
#7091=EDGE_CURVE('',#5998,#6000,#8590,.T.);
#7092=EDGE_CURVE('',#6000,#6001,#8591,.T.);
#7093=EDGE_CURVE('',#6001,#5999,#8592,.T.);
#7094=EDGE_CURVE('',#6000,#6002,#8593,.T.);
#7095=EDGE_CURVE('',#6002,#6003,#8594,.T.);
#7096=EDGE_CURVE('',#6003,#6001,#8595,.T.);
#7097=EDGE_CURVE('',#6002,#6004,#8596,.T.);
#7098=EDGE_CURVE('',#6004,#6005,#8597,.T.);
#7099=EDGE_CURVE('',#6005,#6003,#8598,.T.);
#7100=EDGE_CURVE('',#6004,#6006,#8599,.T.);
#7101=EDGE_CURVE('',#6006,#6007,#8600,.T.);
#7102=EDGE_CURVE('',#6007,#6005,#8601,.T.);
#7103=EDGE_CURVE('',#6006,#6008,#8602,.T.);
#7104=EDGE_CURVE('',#6008,#6009,#8603,.T.);
#7105=EDGE_CURVE('',#6009,#6007,#8604,.T.);
#7106=EDGE_CURVE('',#6008,#6010,#8605,.T.);
#7107=EDGE_CURVE('',#6010,#6011,#8606,.T.);
#7108=EDGE_CURVE('',#6011,#6009,#8607,.T.);
#7109=EDGE_CURVE('',#6010,#5988,#8608,.T.);
#7110=EDGE_CURVE('',#5989,#6011,#8609,.T.);
#7111=EDGE_CURVE('',#5458,#5748,#8610,.T.);
#7112=EDGE_CURVE('',#5457,#5749,#8611,.T.);
#7113=EDGE_CURVE('',#5459,#5747,#8612,.T.);
#7114=EDGE_CURVE('',#5460,#5746,#8613,.T.);
#7115=EDGE_CURVE('',#5980,#5996,#8614,.T.);
#7116=EDGE_CURVE('',#5998,#5979,#8615,.T.);
#7117=EDGE_CURVE('',#6000,#5978,#8616,.T.);
#7118=EDGE_CURVE('',#5981,#5994,#8617,.T.);
#7119=EDGE_CURVE('',#6002,#5977,#8618,.T.);
#7120=EDGE_CURVE('',#5982,#5992,#8619,.T.);
#7121=EDGE_CURVE('',#6004,#5976,#8620,.T.);
#7122=EDGE_CURVE('',#5983,#5990,#8621,.T.);
#7123=EDGE_CURVE('',#6006,#5975,#8622,.T.);
#7124=EDGE_CURVE('',#5972,#5988,#8623,.T.);
#7125=EDGE_CURVE('',#6008,#5974,#8624,.T.);
#7126=EDGE_CURVE('',#5973,#6010,#8625,.T.);
#7127=EDGE_CURVE('',#5986,#5561,#8626,.T.);
#7128=EDGE_CURVE('',#5987,#5560,#8627,.T.);
#7129=EDGE_CURVE('',#6012,#5808,#8628,.T.);
#7130=EDGE_CURVE('',#6012,#5984,#8629,.T.);
#7131=EDGE_CURVE('',#6013,#5807,#8630,.T.);
#7132=EDGE_CURVE('',#6013,#6012,#8631,.T.);
#7133=EDGE_CURVE('',#5985,#6013,#8632,.T.);
#7134=EDGE_CURVE('',#6014,#5803,#8633,.T.);
#7135=EDGE_CURVE('',#6014,#6015,#8634,.T.);
#7136=EDGE_CURVE('',#6015,#5804,#8635,.T.);
#7137=EDGE_CURVE('',#5811,#6014,#8636,.T.);
#7138=EDGE_CURVE('',#6015,#5810,#8637,.T.);
#7139=EDGE_CURVE('',#6016,#6017,#8638,.T.);
#7140=EDGE_CURVE('',#6016,#5386,#8639,.T.);
#7141=EDGE_CURVE('',#5387,#6017,#8640,.T.);
#7142=EDGE_CURVE('',#5388,#6018,#8641,.T.);
#7143=EDGE_CURVE('',#6019,#6018,#8642,.T.);
#7144=EDGE_CURVE('',#6019,#5389,#8643,.T.);
#7145=EDGE_CURVE('',#6018,#6016,#8644,.T.);
#7146=EDGE_CURVE('',#6017,#6019,#8645,.T.);
#7147=EDGE_CURVE('',#5818,#5801,#51,.T.);
#7148=EDGE_CURVE('',#5820,#5801,#52,.T.);
#7149=EDGE_CURVE('',#5822,#5800,#53,.T.);
#7150=EDGE_CURVE('',#5824,#5800,#54,.T.);
#7151=EDGE_CURVE('',#5391,#6020,#8646,.T.);
#7152=EDGE_CURVE('',#6020,#6021,#8647,.T.);
#7153=EDGE_CURVE('',#6021,#5390,#8648,.T.);
#7154=EDGE_CURVE('',#5394,#6022,#8649,.T.);
#7155=EDGE_CURVE('',#6022,#6023,#8650,.T.);
#7156=EDGE_CURVE('',#6023,#5395,#8651,.T.);
#7157=EDGE_CURVE('',#5398,#6024,#8652,.T.);
#7158=EDGE_CURVE('',#6024,#6025,#8653,.T.);
#7159=EDGE_CURVE('',#6025,#5399,#8654,.T.);
#7160=EDGE_CURVE('',#5402,#6026,#8655,.T.);
#7161=EDGE_CURVE('',#6026,#6027,#8656,.T.);
#7162=EDGE_CURVE('',#6027,#5403,#8657,.T.);
#7163=EDGE_CURVE('',#5406,#6028,#8658,.T.);
#7164=EDGE_CURVE('',#6028,#6029,#8659,.T.);
#7165=EDGE_CURVE('',#6029,#5407,#8660,.T.);
#7166=EDGE_CURVE('',#5410,#6030,#8661,.T.);
#7167=EDGE_CURVE('',#6030,#6031,#8662,.T.);
#7168=EDGE_CURVE('',#6031,#5411,#8663,.T.);
#7169=EDGE_CURVE('',#5414,#6032,#8664,.T.);
#7170=EDGE_CURVE('',#6032,#6033,#8665,.T.);
#7171=EDGE_CURVE('',#6033,#5415,#8666,.T.);
#7172=EDGE_CURVE('',#5418,#6034,#8667,.T.);
#7173=EDGE_CURVE('',#6034,#6035,#8668,.T.);
#7174=EDGE_CURVE('',#6035,#5419,#8669,.T.);
#7175=EDGE_CURVE('',#5422,#6036,#8670,.T.);
#7176=EDGE_CURVE('',#6036,#6037,#8671,.T.);
#7177=EDGE_CURVE('',#6037,#5423,#8672,.T.);
#7178=EDGE_CURVE('',#5426,#6038,#8673,.T.);
#7179=EDGE_CURVE('',#6038,#6039,#8674,.T.);
#7180=EDGE_CURVE('',#6039,#5427,#8675,.T.);
#7181=EDGE_CURVE('',#5430,#6040,#8676,.T.);
#7182=EDGE_CURVE('',#6040,#6041,#8677,.T.);
#7183=EDGE_CURVE('',#6041,#5431,#8678,.T.);
#7184=EDGE_CURVE('',#5434,#6042,#8679,.T.);
#7185=EDGE_CURVE('',#6042,#6043,#8680,.T.);
#7186=EDGE_CURVE('',#6043,#5435,#8681,.T.);
#7187=EDGE_CURVE('',#6044,#6045,#8682,.T.);
#7188=EDGE_CURVE('',#6045,#6046,#8683,.T.);
#7189=EDGE_CURVE('',#6047,#6046,#8684,.T.);
#7190=EDGE_CURVE('',#6044,#6047,#8685,.T.);
#7191=EDGE_CURVE('',#6046,#6048,#8686,.T.);
#7192=EDGE_CURVE('',#6049,#6048,#8687,.T.);
#7193=EDGE_CURVE('',#6047,#6049,#8688,.T.);
#7194=EDGE_CURVE('',#6048,#6050,#8689,.T.);
#7195=EDGE_CURVE('',#6051,#6050,#8690,.T.);
#7196=EDGE_CURVE('',#6049,#6051,#8691,.T.);
#7197=EDGE_CURVE('',#6050,#6052,#8692,.T.);
#7198=EDGE_CURVE('',#6053,#6052,#8693,.T.);
#7199=EDGE_CURVE('',#6051,#6053,#8694,.T.);
#7200=EDGE_CURVE('',#6052,#6054,#8695,.T.);
#7201=EDGE_CURVE('',#6055,#6054,#8696,.T.);
#7202=EDGE_CURVE('',#6053,#6055,#8697,.T.);
#7203=EDGE_CURVE('',#6054,#6056,#8698,.T.);
#7204=EDGE_CURVE('',#6057,#6056,#8699,.T.);
#7205=EDGE_CURVE('',#6055,#6057,#8700,.T.);
#7206=EDGE_CURVE('',#6056,#6058,#8701,.T.);
#7207=EDGE_CURVE('',#6059,#6058,#8702,.T.);
#7208=EDGE_CURVE('',#6057,#6059,#8703,.T.);
#7209=EDGE_CURVE('',#6058,#6060,#8704,.T.);
#7210=EDGE_CURVE('',#6061,#6060,#8705,.T.);
#7211=EDGE_CURVE('',#6059,#6061,#8706,.T.);
#7212=EDGE_CURVE('',#6060,#6062,#8707,.T.);
#7213=EDGE_CURVE('',#6063,#6062,#8708,.T.);
#7214=EDGE_CURVE('',#6061,#6063,#8709,.T.);
#7215=EDGE_CURVE('',#6062,#6064,#8710,.T.);
#7216=EDGE_CURVE('',#6065,#6064,#8711,.T.);
#7217=EDGE_CURVE('',#6063,#6065,#8712,.T.);
#7218=EDGE_CURVE('',#6064,#6066,#8713,.T.);
#7219=EDGE_CURVE('',#6067,#6066,#8714,.T.);
#7220=EDGE_CURVE('',#6065,#6067,#8715,.T.);
#7221=EDGE_CURVE('',#6066,#6045,#8716,.T.);
#7222=EDGE_CURVE('',#6067,#6044,#8717,.T.);
#7223=EDGE_CURVE('',#6068,#6069,#8718,.T.);
#7224=EDGE_CURVE('',#6069,#6070,#8719,.T.);
#7225=EDGE_CURVE('',#6071,#6070,#8720,.T.);
#7226=EDGE_CURVE('',#6068,#6071,#8721,.T.);
#7227=EDGE_CURVE('',#6070,#6072,#8722,.T.);
#7228=EDGE_CURVE('',#6073,#6072,#8723,.T.);
#7229=EDGE_CURVE('',#6071,#6073,#8724,.T.);
#7230=EDGE_CURVE('',#6072,#6074,#8725,.T.);
#7231=EDGE_CURVE('',#6075,#6074,#8726,.T.);
#7232=EDGE_CURVE('',#6073,#6075,#8727,.T.);
#7233=EDGE_CURVE('',#6074,#6076,#8728,.T.);
#7234=EDGE_CURVE('',#6077,#6076,#8729,.T.);
#7235=EDGE_CURVE('',#6075,#6077,#8730,.T.);
#7236=EDGE_CURVE('',#6076,#6078,#8731,.T.);
#7237=EDGE_CURVE('',#6079,#6078,#8732,.T.);
#7238=EDGE_CURVE('',#6077,#6079,#8733,.T.);
#7239=EDGE_CURVE('',#6078,#6080,#8734,.T.);
#7240=EDGE_CURVE('',#6081,#6080,#8735,.T.);
#7241=EDGE_CURVE('',#6079,#6081,#8736,.T.);
#7242=EDGE_CURVE('',#6080,#6082,#8737,.T.);
#7243=EDGE_CURVE('',#6083,#6082,#8738,.T.);
#7244=EDGE_CURVE('',#6081,#6083,#8739,.T.);
#7245=EDGE_CURVE('',#6082,#6084,#8740,.T.);
#7246=EDGE_CURVE('',#6085,#6084,#8741,.T.);
#7247=EDGE_CURVE('',#6083,#6085,#8742,.T.);
#7248=EDGE_CURVE('',#6084,#6086,#8743,.T.);
#7249=EDGE_CURVE('',#6087,#6086,#8744,.T.);
#7250=EDGE_CURVE('',#6085,#6087,#8745,.T.);
#7251=EDGE_CURVE('',#6086,#6088,#8746,.T.);
#7252=EDGE_CURVE('',#6089,#6088,#8747,.T.);
#7253=EDGE_CURVE('',#6087,#6089,#8748,.T.);
#7254=EDGE_CURVE('',#6088,#6090,#8749,.T.);
#7255=EDGE_CURVE('',#6091,#6090,#8750,.T.);
#7256=EDGE_CURVE('',#6089,#6091,#8751,.T.);
#7257=EDGE_CURVE('',#6090,#6069,#8752,.T.);
#7258=EDGE_CURVE('',#6091,#6068,#8753,.T.);
#7259=EDGE_CURVE('',#6092,#6093,#8754,.T.);
#7260=EDGE_CURVE('',#6093,#6094,#8755,.T.);
#7261=EDGE_CURVE('',#6095,#6094,#8756,.T.);
#7262=EDGE_CURVE('',#6092,#6095,#8757,.T.);
#7263=EDGE_CURVE('',#6094,#6096,#8758,.T.);
#7264=EDGE_CURVE('',#6097,#6096,#8759,.T.);
#7265=EDGE_CURVE('',#6095,#6097,#8760,.T.);
#7266=EDGE_CURVE('',#6096,#6098,#8761,.T.);
#7267=EDGE_CURVE('',#6099,#6098,#8762,.T.);
#7268=EDGE_CURVE('',#6097,#6099,#8763,.T.);
#7269=EDGE_CURVE('',#6098,#6100,#8764,.T.);
#7270=EDGE_CURVE('',#6101,#6100,#8765,.T.);
#7271=EDGE_CURVE('',#6099,#6101,#8766,.T.);
#7272=EDGE_CURVE('',#6100,#6102,#8767,.T.);
#7273=EDGE_CURVE('',#6103,#6102,#8768,.T.);
#7274=EDGE_CURVE('',#6101,#6103,#8769,.T.);
#7275=EDGE_CURVE('',#6102,#6104,#8770,.T.);
#7276=EDGE_CURVE('',#6105,#6104,#8771,.T.);
#7277=EDGE_CURVE('',#6103,#6105,#8772,.T.);
#7278=EDGE_CURVE('',#6104,#6106,#8773,.T.);
#7279=EDGE_CURVE('',#6107,#6106,#8774,.T.);
#7280=EDGE_CURVE('',#6105,#6107,#8775,.T.);
#7281=EDGE_CURVE('',#6106,#6108,#8776,.T.);
#7282=EDGE_CURVE('',#6109,#6108,#8777,.T.);
#7283=EDGE_CURVE('',#6107,#6109,#8778,.T.);
#7284=EDGE_CURVE('',#6108,#6110,#8779,.T.);
#7285=EDGE_CURVE('',#6111,#6110,#8780,.T.);
#7286=EDGE_CURVE('',#6109,#6111,#8781,.T.);
#7287=EDGE_CURVE('',#6110,#6112,#8782,.T.);
#7288=EDGE_CURVE('',#6113,#6112,#8783,.T.);
#7289=EDGE_CURVE('',#6111,#6113,#8784,.T.);
#7290=EDGE_CURVE('',#6112,#6114,#8785,.T.);
#7291=EDGE_CURVE('',#6115,#6114,#8786,.T.);
#7292=EDGE_CURVE('',#6113,#6115,#8787,.T.);
#7293=EDGE_CURVE('',#6114,#6093,#8788,.T.);
#7294=EDGE_CURVE('',#6115,#6092,#8789,.T.);
#7295=EDGE_CURVE('',#6116,#6117,#8790,.T.);
#7296=EDGE_CURVE('',#6117,#6118,#8791,.T.);
#7297=EDGE_CURVE('',#6119,#6118,#8792,.T.);
#7298=EDGE_CURVE('',#6116,#6119,#8793,.T.);
#7299=EDGE_CURVE('',#6118,#6120,#8794,.T.);
#7300=EDGE_CURVE('',#6121,#6120,#8795,.T.);
#7301=EDGE_CURVE('',#6119,#6121,#8796,.T.);
#7302=EDGE_CURVE('',#6120,#6122,#8797,.T.);
#7303=EDGE_CURVE('',#6123,#6122,#8798,.T.);
#7304=EDGE_CURVE('',#6121,#6123,#8799,.T.);
#7305=EDGE_CURVE('',#6122,#6124,#8800,.T.);
#7306=EDGE_CURVE('',#6125,#6124,#8801,.T.);
#7307=EDGE_CURVE('',#6123,#6125,#8802,.T.);
#7308=EDGE_CURVE('',#6124,#6126,#8803,.T.);
#7309=EDGE_CURVE('',#6127,#6126,#8804,.T.);
#7310=EDGE_CURVE('',#6125,#6127,#8805,.T.);
#7311=EDGE_CURVE('',#6126,#6128,#8806,.T.);
#7312=EDGE_CURVE('',#6129,#6128,#8807,.T.);
#7313=EDGE_CURVE('',#6127,#6129,#8808,.T.);
#7314=EDGE_CURVE('',#6128,#6130,#8809,.T.);
#7315=EDGE_CURVE('',#6131,#6130,#8810,.T.);
#7316=EDGE_CURVE('',#6129,#6131,#8811,.T.);
#7317=EDGE_CURVE('',#6130,#6132,#8812,.T.);
#7318=EDGE_CURVE('',#6133,#6132,#8813,.T.);
#7319=EDGE_CURVE('',#6131,#6133,#8814,.T.);
#7320=EDGE_CURVE('',#6132,#6134,#8815,.T.);
#7321=EDGE_CURVE('',#6135,#6134,#8816,.T.);
#7322=EDGE_CURVE('',#6133,#6135,#8817,.T.);
#7323=EDGE_CURVE('',#6134,#6136,#8818,.T.);
#7324=EDGE_CURVE('',#6137,#6136,#8819,.T.);
#7325=EDGE_CURVE('',#6135,#6137,#8820,.T.);
#7326=EDGE_CURVE('',#6136,#6138,#8821,.T.);
#7327=EDGE_CURVE('',#6139,#6138,#8822,.T.);
#7328=EDGE_CURVE('',#6137,#6139,#8823,.T.);
#7329=EDGE_CURVE('',#6138,#6117,#8824,.T.);
#7330=EDGE_CURVE('',#6139,#6116,#8825,.T.);
#7331=EDGE_CURVE('',#6140,#6141,#8826,.T.);
#7332=EDGE_CURVE('',#6141,#6142,#8827,.T.);
#7333=EDGE_CURVE('',#6143,#6142,#8828,.T.);
#7334=EDGE_CURVE('',#6140,#6143,#8829,.T.);
#7335=EDGE_CURVE('',#6142,#6144,#8830,.T.);
#7336=EDGE_CURVE('',#6145,#6144,#8831,.T.);
#7337=EDGE_CURVE('',#6143,#6145,#8832,.T.);
#7338=EDGE_CURVE('',#6144,#6146,#8833,.T.);
#7339=EDGE_CURVE('',#6147,#6146,#8834,.T.);
#7340=EDGE_CURVE('',#6145,#6147,#8835,.T.);
#7341=EDGE_CURVE('',#6146,#6148,#8836,.T.);
#7342=EDGE_CURVE('',#6149,#6148,#8837,.T.);
#7343=EDGE_CURVE('',#6147,#6149,#8838,.T.);
#7344=EDGE_CURVE('',#6148,#6150,#8839,.T.);
#7345=EDGE_CURVE('',#6151,#6150,#8840,.T.);
#7346=EDGE_CURVE('',#6149,#6151,#8841,.T.);
#7347=EDGE_CURVE('',#6150,#6152,#8842,.T.);
#7348=EDGE_CURVE('',#6153,#6152,#8843,.T.);
#7349=EDGE_CURVE('',#6151,#6153,#8844,.T.);
#7350=EDGE_CURVE('',#6152,#6154,#8845,.T.);
#7351=EDGE_CURVE('',#6155,#6154,#8846,.T.);
#7352=EDGE_CURVE('',#6153,#6155,#8847,.T.);
#7353=EDGE_CURVE('',#6154,#6156,#8848,.T.);
#7354=EDGE_CURVE('',#6157,#6156,#8849,.T.);
#7355=EDGE_CURVE('',#6155,#6157,#8850,.T.);
#7356=EDGE_CURVE('',#6156,#6158,#8851,.T.);
#7357=EDGE_CURVE('',#6159,#6158,#8852,.T.);
#7358=EDGE_CURVE('',#6157,#6159,#8853,.T.);
#7359=EDGE_CURVE('',#6158,#6160,#8854,.T.);
#7360=EDGE_CURVE('',#6161,#6160,#8855,.T.);
#7361=EDGE_CURVE('',#6159,#6161,#8856,.T.);
#7362=EDGE_CURVE('',#6160,#6162,#8857,.T.);
#7363=EDGE_CURVE('',#6163,#6162,#8858,.T.);
#7364=EDGE_CURVE('',#6161,#6163,#8859,.T.);
#7365=EDGE_CURVE('',#6162,#6141,#8860,.T.);
#7366=EDGE_CURVE('',#6163,#6140,#8861,.T.);
#7367=EDGE_CURVE('',#6164,#6165,#8862,.T.);
#7368=EDGE_CURVE('',#6165,#6166,#8863,.T.);
#7369=EDGE_CURVE('',#6167,#6166,#8864,.T.);
#7370=EDGE_CURVE('',#6164,#6167,#8865,.T.);
#7371=EDGE_CURVE('',#6166,#6168,#8866,.T.);
#7372=EDGE_CURVE('',#6169,#6168,#8867,.T.);
#7373=EDGE_CURVE('',#6167,#6169,#8868,.T.);
#7374=EDGE_CURVE('',#6168,#6170,#8869,.T.);
#7375=EDGE_CURVE('',#6171,#6170,#8870,.T.);
#7376=EDGE_CURVE('',#6169,#6171,#8871,.T.);
#7377=EDGE_CURVE('',#6170,#6172,#8872,.T.);
#7378=EDGE_CURVE('',#6173,#6172,#8873,.T.);
#7379=EDGE_CURVE('',#6171,#6173,#8874,.T.);
#7380=EDGE_CURVE('',#6172,#6174,#8875,.T.);
#7381=EDGE_CURVE('',#6175,#6174,#8876,.T.);
#7382=EDGE_CURVE('',#6173,#6175,#8877,.T.);
#7383=EDGE_CURVE('',#6174,#6176,#8878,.T.);
#7384=EDGE_CURVE('',#6177,#6176,#8879,.T.);
#7385=EDGE_CURVE('',#6175,#6177,#8880,.T.);
#7386=EDGE_CURVE('',#6176,#6178,#8881,.T.);
#7387=EDGE_CURVE('',#6179,#6178,#8882,.T.);
#7388=EDGE_CURVE('',#6177,#6179,#8883,.T.);
#7389=EDGE_CURVE('',#6178,#6180,#8884,.T.);
#7390=EDGE_CURVE('',#6181,#6180,#8885,.T.);
#7391=EDGE_CURVE('',#6179,#6181,#8886,.T.);
#7392=EDGE_CURVE('',#6180,#6182,#8887,.T.);
#7393=EDGE_CURVE('',#6183,#6182,#8888,.T.);
#7394=EDGE_CURVE('',#6181,#6183,#8889,.T.);
#7395=EDGE_CURVE('',#6182,#6184,#8890,.T.);
#7396=EDGE_CURVE('',#6185,#6184,#8891,.T.);
#7397=EDGE_CURVE('',#6183,#6185,#8892,.T.);
#7398=EDGE_CURVE('',#6184,#6186,#8893,.T.);
#7399=EDGE_CURVE('',#6187,#6186,#8894,.T.);
#7400=EDGE_CURVE('',#6185,#6187,#8895,.T.);
#7401=EDGE_CURVE('',#6186,#6165,#8896,.T.);
#7402=EDGE_CURVE('',#6187,#6164,#8897,.T.);
#7403=EDGE_CURVE('',#6188,#6189,#8898,.T.);
#7404=EDGE_CURVE('',#6189,#6190,#8899,.T.);
#7405=EDGE_CURVE('',#6191,#6190,#8900,.T.);
#7406=EDGE_CURVE('',#6188,#6191,#8901,.T.);
#7407=EDGE_CURVE('',#6190,#6192,#8902,.T.);
#7408=EDGE_CURVE('',#6193,#6192,#8903,.T.);
#7409=EDGE_CURVE('',#6191,#6193,#8904,.T.);
#7410=EDGE_CURVE('',#6192,#6194,#8905,.T.);
#7411=EDGE_CURVE('',#6195,#6194,#8906,.T.);
#7412=EDGE_CURVE('',#6193,#6195,#8907,.T.);
#7413=EDGE_CURVE('',#6194,#6196,#8908,.T.);
#7414=EDGE_CURVE('',#6197,#6196,#8909,.T.);
#7415=EDGE_CURVE('',#6195,#6197,#8910,.T.);
#7416=EDGE_CURVE('',#6196,#6198,#8911,.T.);
#7417=EDGE_CURVE('',#6199,#6198,#8912,.T.);
#7418=EDGE_CURVE('',#6197,#6199,#8913,.T.);
#7419=EDGE_CURVE('',#6198,#6200,#8914,.T.);
#7420=EDGE_CURVE('',#6201,#6200,#8915,.T.);
#7421=EDGE_CURVE('',#6199,#6201,#8916,.T.);
#7422=EDGE_CURVE('',#6200,#6202,#8917,.T.);
#7423=EDGE_CURVE('',#6203,#6202,#8918,.T.);
#7424=EDGE_CURVE('',#6201,#6203,#8919,.T.);
#7425=EDGE_CURVE('',#6202,#6204,#8920,.T.);
#7426=EDGE_CURVE('',#6205,#6204,#8921,.T.);
#7427=EDGE_CURVE('',#6203,#6205,#8922,.T.);
#7428=EDGE_CURVE('',#6204,#6206,#8923,.T.);
#7429=EDGE_CURVE('',#6207,#6206,#8924,.T.);
#7430=EDGE_CURVE('',#6205,#6207,#8925,.T.);
#7431=EDGE_CURVE('',#6206,#6208,#8926,.T.);
#7432=EDGE_CURVE('',#6209,#6208,#8927,.T.);
#7433=EDGE_CURVE('',#6207,#6209,#8928,.T.);
#7434=EDGE_CURVE('',#6208,#6210,#8929,.T.);
#7435=EDGE_CURVE('',#6211,#6210,#8930,.T.);
#7436=EDGE_CURVE('',#6209,#6211,#8931,.T.);
#7437=EDGE_CURVE('',#6210,#6189,#8932,.T.);
#7438=EDGE_CURVE('',#6211,#6188,#8933,.T.);
#7439=EDGE_CURVE('',#6212,#6213,#8934,.T.);
#7440=EDGE_CURVE('',#6213,#6214,#8935,.T.);
#7441=EDGE_CURVE('',#6215,#6214,#8936,.T.);
#7442=EDGE_CURVE('',#6212,#6215,#8937,.T.);
#7443=EDGE_CURVE('',#6214,#6216,#8938,.T.);
#7444=EDGE_CURVE('',#6217,#6216,#8939,.T.);
#7445=EDGE_CURVE('',#6215,#6217,#8940,.T.);
#7446=EDGE_CURVE('',#6216,#6218,#8941,.T.);
#7447=EDGE_CURVE('',#6219,#6218,#8942,.T.);
#7448=EDGE_CURVE('',#6217,#6219,#8943,.T.);
#7449=EDGE_CURVE('',#6218,#6220,#8944,.T.);
#7450=EDGE_CURVE('',#6221,#6220,#8945,.T.);
#7451=EDGE_CURVE('',#6219,#6221,#8946,.T.);
#7452=EDGE_CURVE('',#6220,#6222,#8947,.T.);
#7453=EDGE_CURVE('',#6223,#6222,#8948,.T.);
#7454=EDGE_CURVE('',#6221,#6223,#8949,.T.);
#7455=EDGE_CURVE('',#6222,#6224,#8950,.T.);
#7456=EDGE_CURVE('',#6225,#6224,#8951,.T.);
#7457=EDGE_CURVE('',#6223,#6225,#8952,.T.);
#7458=EDGE_CURVE('',#6224,#6226,#8953,.T.);
#7459=EDGE_CURVE('',#6227,#6226,#8954,.T.);
#7460=EDGE_CURVE('',#6225,#6227,#8955,.T.);
#7461=EDGE_CURVE('',#6226,#6228,#8956,.T.);
#7462=EDGE_CURVE('',#6229,#6228,#8957,.T.);
#7463=EDGE_CURVE('',#6227,#6229,#8958,.T.);
#7464=EDGE_CURVE('',#6228,#6230,#8959,.T.);
#7465=EDGE_CURVE('',#6231,#6230,#8960,.T.);
#7466=EDGE_CURVE('',#6229,#6231,#8961,.T.);
#7467=EDGE_CURVE('',#6230,#6232,#8962,.T.);
#7468=EDGE_CURVE('',#6233,#6232,#8963,.T.);
#7469=EDGE_CURVE('',#6231,#6233,#8964,.T.);
#7470=EDGE_CURVE('',#6232,#6234,#8965,.T.);
#7471=EDGE_CURVE('',#6235,#6234,#8966,.T.);
#7472=EDGE_CURVE('',#6233,#6235,#8967,.T.);
#7473=EDGE_CURVE('',#6234,#6213,#8968,.T.);
#7474=EDGE_CURVE('',#6235,#6212,#8969,.T.);
#7475=EDGE_CURVE('',#6236,#6237,#8970,.T.);
#7476=EDGE_CURVE('',#6237,#6238,#8971,.T.);
#7477=EDGE_CURVE('',#6239,#6238,#8972,.T.);
#7478=EDGE_CURVE('',#6236,#6239,#8973,.T.);
#7479=EDGE_CURVE('',#6238,#6240,#8974,.T.);
#7480=EDGE_CURVE('',#6241,#6240,#8975,.T.);
#7481=EDGE_CURVE('',#6239,#6241,#8976,.T.);
#7482=EDGE_CURVE('',#6240,#6242,#8977,.T.);
#7483=EDGE_CURVE('',#6243,#6242,#8978,.T.);
#7484=EDGE_CURVE('',#6241,#6243,#8979,.T.);
#7485=EDGE_CURVE('',#6242,#6244,#8980,.T.);
#7486=EDGE_CURVE('',#6245,#6244,#8981,.T.);
#7487=EDGE_CURVE('',#6243,#6245,#8982,.T.);
#7488=EDGE_CURVE('',#6244,#6246,#8983,.T.);
#7489=EDGE_CURVE('',#6247,#6246,#8984,.T.);
#7490=EDGE_CURVE('',#6245,#6247,#8985,.T.);
#7491=EDGE_CURVE('',#6246,#6248,#8986,.T.);
#7492=EDGE_CURVE('',#6249,#6248,#8987,.T.);
#7493=EDGE_CURVE('',#6247,#6249,#8988,.T.);
#7494=EDGE_CURVE('',#6248,#6250,#8989,.T.);
#7495=EDGE_CURVE('',#6251,#6250,#8990,.T.);
#7496=EDGE_CURVE('',#6249,#6251,#8991,.T.);
#7497=EDGE_CURVE('',#6250,#6252,#8992,.T.);
#7498=EDGE_CURVE('',#6253,#6252,#8993,.T.);
#7499=EDGE_CURVE('',#6251,#6253,#8994,.T.);
#7500=EDGE_CURVE('',#6252,#6254,#8995,.T.);
#7501=EDGE_CURVE('',#6255,#6254,#8996,.T.);
#7502=EDGE_CURVE('',#6253,#6255,#8997,.T.);
#7503=EDGE_CURVE('',#6254,#6256,#8998,.T.);
#7504=EDGE_CURVE('',#6257,#6256,#8999,.T.);
#7505=EDGE_CURVE('',#6255,#6257,#9000,.T.);
#7506=EDGE_CURVE('',#6256,#6258,#9001,.T.);
#7507=EDGE_CURVE('',#6259,#6258,#9002,.T.);
#7508=EDGE_CURVE('',#6257,#6259,#9003,.T.);
#7509=EDGE_CURVE('',#6258,#6237,#9004,.T.);
#7510=EDGE_CURVE('',#6259,#6236,#9005,.T.);
#7511=EDGE_CURVE('',#6260,#6261,#9006,.T.);
#7512=EDGE_CURVE('',#6261,#6262,#9007,.T.);
#7513=EDGE_CURVE('',#6263,#6262,#9008,.T.);
#7514=EDGE_CURVE('',#6260,#6263,#9009,.T.);
#7515=EDGE_CURVE('',#6262,#6264,#9010,.T.);
#7516=EDGE_CURVE('',#6265,#6264,#9011,.T.);
#7517=EDGE_CURVE('',#6263,#6265,#9012,.T.);
#7518=EDGE_CURVE('',#6264,#6266,#9013,.T.);
#7519=EDGE_CURVE('',#6267,#6266,#9014,.T.);
#7520=EDGE_CURVE('',#6265,#6267,#9015,.T.);
#7521=EDGE_CURVE('',#6266,#6268,#9016,.T.);
#7522=EDGE_CURVE('',#6269,#6268,#9017,.T.);
#7523=EDGE_CURVE('',#6267,#6269,#9018,.T.);
#7524=EDGE_CURVE('',#6268,#6270,#9019,.T.);
#7525=EDGE_CURVE('',#6271,#6270,#9020,.T.);
#7526=EDGE_CURVE('',#6269,#6271,#9021,.T.);
#7527=EDGE_CURVE('',#6270,#6272,#9022,.T.);
#7528=EDGE_CURVE('',#6273,#6272,#9023,.T.);
#7529=EDGE_CURVE('',#6271,#6273,#9024,.T.);
#7530=EDGE_CURVE('',#6272,#6274,#9025,.T.);
#7531=EDGE_CURVE('',#6275,#6274,#9026,.T.);
#7532=EDGE_CURVE('',#6273,#6275,#9027,.T.);
#7533=EDGE_CURVE('',#6274,#6276,#9028,.T.);
#7534=EDGE_CURVE('',#6277,#6276,#9029,.T.);
#7535=EDGE_CURVE('',#6275,#6277,#9030,.T.);
#7536=EDGE_CURVE('',#6276,#6278,#9031,.T.);
#7537=EDGE_CURVE('',#6279,#6278,#9032,.T.);
#7538=EDGE_CURVE('',#6277,#6279,#9033,.T.);
#7539=EDGE_CURVE('',#6278,#6280,#9034,.T.);
#7540=EDGE_CURVE('',#6281,#6280,#9035,.T.);
#7541=EDGE_CURVE('',#6279,#6281,#9036,.T.);
#7542=EDGE_CURVE('',#6280,#6282,#9037,.T.);
#7543=EDGE_CURVE('',#6283,#6282,#9038,.T.);
#7544=EDGE_CURVE('',#6281,#6283,#9039,.T.);
#7545=EDGE_CURVE('',#6282,#6261,#9040,.T.);
#7546=EDGE_CURVE('',#6283,#6260,#9041,.T.);
#7547=EDGE_CURVE('',#6284,#6285,#9042,.T.);
#7548=EDGE_CURVE('',#6285,#6286,#9043,.T.);
#7549=EDGE_CURVE('',#6287,#6286,#9044,.T.);
#7550=EDGE_CURVE('',#6284,#6287,#9045,.T.);
#7551=EDGE_CURVE('',#6286,#6288,#9046,.T.);
#7552=EDGE_CURVE('',#6289,#6288,#9047,.T.);
#7553=EDGE_CURVE('',#6287,#6289,#9048,.T.);
#7554=EDGE_CURVE('',#6288,#6290,#9049,.T.);
#7555=EDGE_CURVE('',#6291,#6290,#9050,.T.);
#7556=EDGE_CURVE('',#6289,#6291,#9051,.T.);
#7557=EDGE_CURVE('',#6290,#6292,#9052,.T.);
#7558=EDGE_CURVE('',#6293,#6292,#9053,.T.);
#7559=EDGE_CURVE('',#6291,#6293,#9054,.T.);
#7560=EDGE_CURVE('',#6292,#6294,#9055,.T.);
#7561=EDGE_CURVE('',#6295,#6294,#9056,.T.);
#7562=EDGE_CURVE('',#6293,#6295,#9057,.T.);
#7563=EDGE_CURVE('',#6294,#6296,#9058,.T.);
#7564=EDGE_CURVE('',#6297,#6296,#9059,.T.);
#7565=EDGE_CURVE('',#6295,#6297,#9060,.T.);
#7566=EDGE_CURVE('',#6296,#6298,#9061,.T.);
#7567=EDGE_CURVE('',#6299,#6298,#9062,.T.);
#7568=EDGE_CURVE('',#6297,#6299,#9063,.T.);
#7569=EDGE_CURVE('',#6298,#6300,#9064,.T.);
#7570=EDGE_CURVE('',#6301,#6300,#9065,.T.);
#7571=EDGE_CURVE('',#6299,#6301,#9066,.T.);
#7572=EDGE_CURVE('',#6300,#6302,#9067,.T.);
#7573=EDGE_CURVE('',#6303,#6302,#9068,.T.);
#7574=EDGE_CURVE('',#6301,#6303,#9069,.T.);
#7575=EDGE_CURVE('',#6302,#6304,#9070,.T.);
#7576=EDGE_CURVE('',#6305,#6304,#9071,.T.);
#7577=EDGE_CURVE('',#6303,#6305,#9072,.T.);
#7578=EDGE_CURVE('',#6304,#6306,#9073,.T.);
#7579=EDGE_CURVE('',#6307,#6306,#9074,.T.);
#7580=EDGE_CURVE('',#6305,#6307,#9075,.T.);
#7581=EDGE_CURVE('',#6306,#6285,#9076,.T.);
#7582=EDGE_CURVE('',#6307,#6284,#9077,.T.);
#7583=EDGE_CURVE('',#6308,#6309,#9078,.T.);
#7584=EDGE_CURVE('',#6309,#6310,#9079,.T.);
#7585=EDGE_CURVE('',#6311,#6310,#9080,.T.);
#7586=EDGE_CURVE('',#6308,#6311,#9081,.T.);
#7587=EDGE_CURVE('',#6310,#6312,#9082,.T.);
#7588=EDGE_CURVE('',#6313,#6312,#9083,.T.);
#7589=EDGE_CURVE('',#6311,#6313,#9084,.T.);
#7590=EDGE_CURVE('',#6312,#6314,#9085,.T.);
#7591=EDGE_CURVE('',#6315,#6314,#9086,.T.);
#7592=EDGE_CURVE('',#6313,#6315,#9087,.T.);
#7593=EDGE_CURVE('',#6314,#6316,#9088,.T.);
#7594=EDGE_CURVE('',#6317,#6316,#9089,.T.);
#7595=EDGE_CURVE('',#6315,#6317,#9090,.T.);
#7596=EDGE_CURVE('',#6316,#6318,#9091,.T.);
#7597=EDGE_CURVE('',#6319,#6318,#9092,.T.);
#7598=EDGE_CURVE('',#6317,#6319,#9093,.T.);
#7599=EDGE_CURVE('',#6318,#6320,#9094,.T.);
#7600=EDGE_CURVE('',#6321,#6320,#9095,.T.);
#7601=EDGE_CURVE('',#6319,#6321,#9096,.T.);
#7602=EDGE_CURVE('',#6320,#6322,#9097,.T.);
#7603=EDGE_CURVE('',#6323,#6322,#9098,.T.);
#7604=EDGE_CURVE('',#6321,#6323,#9099,.T.);
#7605=EDGE_CURVE('',#6322,#6324,#9100,.T.);
#7606=EDGE_CURVE('',#6325,#6324,#9101,.T.);
#7607=EDGE_CURVE('',#6323,#6325,#9102,.T.);
#7608=EDGE_CURVE('',#6324,#6326,#9103,.T.);
#7609=EDGE_CURVE('',#6327,#6326,#9104,.T.);
#7610=EDGE_CURVE('',#6325,#6327,#9105,.T.);
#7611=EDGE_CURVE('',#6326,#6328,#9106,.T.);
#7612=EDGE_CURVE('',#6329,#6328,#9107,.T.);
#7613=EDGE_CURVE('',#6327,#6329,#9108,.T.);
#7614=EDGE_CURVE('',#6328,#6330,#9109,.T.);
#7615=EDGE_CURVE('',#6331,#6330,#9110,.T.);
#7616=EDGE_CURVE('',#6329,#6331,#9111,.T.);
#7617=EDGE_CURVE('',#6330,#6309,#9112,.T.);
#7618=EDGE_CURVE('',#6331,#6308,#9113,.T.);
#7619=EDGE_CURVE('',#5796,#5468,#9114,.T.);
#7620=EDGE_CURVE('',#5797,#5467,#9115,.T.);
#7621=EDGE_CURVE('',#5795,#5469,#9116,.T.);
#7622=EDGE_CURVE('',#5794,#5470,#9117,.T.);
#7623=EDGE_CURVE('',#5792,#5474,#9118,.T.);
#7624=EDGE_CURVE('',#5793,#5473,#9119,.T.);
#7625=EDGE_CURVE('',#5791,#5475,#9120,.T.);
#7626=EDGE_CURVE('',#5790,#5476,#9121,.T.);
#7627=EDGE_CURVE('',#5788,#5480,#9122,.T.);
#7628=EDGE_CURVE('',#5789,#5479,#9123,.T.);
#7629=EDGE_CURVE('',#5787,#5481,#9124,.T.);
#7630=EDGE_CURVE('',#5786,#5482,#9125,.T.);
#7631=EDGE_CURVE('',#5784,#5486,#9126,.T.);
#7632=EDGE_CURVE('',#5785,#5485,#9127,.T.);
#7633=EDGE_CURVE('',#5783,#5487,#9128,.T.);
#7634=EDGE_CURVE('',#5782,#5488,#9129,.T.);
#7635=EDGE_CURVE('',#5780,#5492,#9130,.T.);
#7636=EDGE_CURVE('',#5781,#5491,#9131,.T.);
#7637=EDGE_CURVE('',#5779,#5493,#9132,.T.);
#7638=EDGE_CURVE('',#5778,#5494,#9133,.T.);
#7639=EDGE_CURVE('',#5776,#5498,#9134,.T.);
#7640=EDGE_CURVE('',#5777,#5497,#9135,.T.);
#7641=EDGE_CURVE('',#5775,#5499,#9136,.T.);
#7642=EDGE_CURVE('',#5774,#5500,#9137,.T.);
#7643=EDGE_CURVE('',#5772,#5504,#9138,.T.);
#7644=EDGE_CURVE('',#5773,#5503,#9139,.T.);
#7645=EDGE_CURVE('',#5771,#5505,#9140,.T.);
#7646=EDGE_CURVE('',#5770,#5506,#9141,.T.);
#7647=EDGE_CURVE('',#5768,#5510,#9142,.T.);
#7648=EDGE_CURVE('',#5769,#5509,#9143,.T.);
#7649=EDGE_CURVE('',#5767,#5511,#9144,.T.);
#7650=EDGE_CURVE('',#5766,#5512,#9145,.T.);
#7651=EDGE_CURVE('',#5764,#5516,#9146,.T.);
#7652=EDGE_CURVE('',#5765,#5515,#9147,.T.);
#7653=EDGE_CURVE('',#5763,#5517,#9148,.T.);
#7654=EDGE_CURVE('',#5762,#5518,#9149,.T.);
#7655=EDGE_CURVE('',#5760,#5522,#9150,.T.);
#7656=EDGE_CURVE('',#5761,#5521,#9151,.T.);
#7657=EDGE_CURVE('',#5759,#5523,#9152,.T.);
#7658=EDGE_CURVE('',#5758,#5524,#9153,.T.);
#7659=EDGE_CURVE('',#5756,#5528,#9154,.T.);
#7660=EDGE_CURVE('',#5757,#5527,#9155,.T.);
#7661=EDGE_CURVE('',#5755,#5529,#9156,.T.);
#7662=EDGE_CURVE('',#5754,#5530,#9157,.T.);
#7663=EDGE_CURVE('',#5752,#5452,#9158,.T.);
#7664=EDGE_CURVE('',#5753,#5451,#9159,.T.);
#7665=EDGE_CURVE('',#5751,#5453,#9160,.T.);
#7666=EDGE_CURVE('',#5750,#5454,#9161,.T.);
#7667=EDGE_CURVE('',#5836,#6052,#9162,.T.);
#7668=EDGE_CURVE('',#6054,#5835,#9163,.T.);
#7669=EDGE_CURVE('',#6056,#5834,#9164,.T.);
#7670=EDGE_CURVE('',#5837,#6050,#9165,.T.);
#7671=EDGE_CURVE('',#6058,#5833,#9166,.T.);
#7672=EDGE_CURVE('',#5838,#6048,#9167,.T.);
#7673=EDGE_CURVE('',#6060,#5832,#9168,.T.);
#7674=EDGE_CURVE('',#5839,#6046,#9169,.T.);
#7675=EDGE_CURVE('',#6062,#5831,#9170,.T.);
#7676=EDGE_CURVE('',#5828,#6045,#9171,.T.);
#7677=EDGE_CURVE('',#6064,#5830,#9172,.T.);
#7678=EDGE_CURVE('',#5829,#6066,#9173,.T.);
#7679=EDGE_CURVE('',#5848,#6076,#9174,.T.);
#7680=EDGE_CURVE('',#6078,#5847,#9175,.T.);
#7681=EDGE_CURVE('',#6080,#5846,#9176,.T.);
#7682=EDGE_CURVE('',#5849,#6074,#9177,.T.);
#7683=EDGE_CURVE('',#6082,#5845,#9178,.T.);
#7684=EDGE_CURVE('',#5850,#6072,#9179,.T.);
#7685=EDGE_CURVE('',#6084,#5844,#9180,.T.);
#7686=EDGE_CURVE('',#5851,#6070,#9181,.T.);
#7687=EDGE_CURVE('',#6086,#5843,#9182,.T.);
#7688=EDGE_CURVE('',#5840,#6069,#9183,.T.);
#7689=EDGE_CURVE('',#6088,#5842,#9184,.T.);
#7690=EDGE_CURVE('',#5841,#6090,#9185,.T.);
#7691=EDGE_CURVE('',#5860,#6100,#9186,.T.);
#7692=EDGE_CURVE('',#6102,#5859,#9187,.T.);
#7693=EDGE_CURVE('',#6104,#5858,#9188,.T.);
#7694=EDGE_CURVE('',#5861,#6098,#9189,.T.);
#7695=EDGE_CURVE('',#6106,#5857,#9190,.T.);
#7696=EDGE_CURVE('',#5862,#6096,#9191,.T.);
#7697=EDGE_CURVE('',#6108,#5856,#9192,.T.);
#7698=EDGE_CURVE('',#5863,#6094,#9193,.T.);
#7699=EDGE_CURVE('',#6110,#5855,#9194,.T.);
#7700=EDGE_CURVE('',#5852,#6093,#9195,.T.);
#7701=EDGE_CURVE('',#6112,#5854,#9196,.T.);
#7702=EDGE_CURVE('',#5853,#6114,#9197,.T.);
#7703=EDGE_CURVE('',#5872,#6124,#9198,.T.);
#7704=EDGE_CURVE('',#6126,#5871,#9199,.T.);
#7705=EDGE_CURVE('',#6128,#5870,#9200,.T.);
#7706=EDGE_CURVE('',#5873,#6122,#9201,.T.);
#7707=EDGE_CURVE('',#6130,#5869,#9202,.T.);
#7708=EDGE_CURVE('',#5874,#6120,#9203,.T.);
#7709=EDGE_CURVE('',#6132,#5868,#9204,.T.);
#7710=EDGE_CURVE('',#5875,#6118,#9205,.T.);
#7711=EDGE_CURVE('',#6134,#5867,#9206,.T.);
#7712=EDGE_CURVE('',#5864,#6117,#9207,.T.);
#7713=EDGE_CURVE('',#6136,#5866,#9208,.T.);
#7714=EDGE_CURVE('',#5865,#6138,#9209,.T.);
#7715=EDGE_CURVE('',#5884,#6148,#9210,.T.);
#7716=EDGE_CURVE('',#6150,#5883,#9211,.T.);
#7717=EDGE_CURVE('',#6152,#5882,#9212,.T.);
#7718=EDGE_CURVE('',#5885,#6146,#9213,.T.);
#7719=EDGE_CURVE('',#6154,#5881,#9214,.T.);
#7720=EDGE_CURVE('',#5886,#6144,#9215,.T.);
#7721=EDGE_CURVE('',#6156,#5880,#9216,.T.);
#7722=EDGE_CURVE('',#5887,#6142,#9217,.T.);
#7723=EDGE_CURVE('',#6158,#5879,#9218,.T.);
#7724=EDGE_CURVE('',#5876,#6141,#9219,.T.);
#7725=EDGE_CURVE('',#6160,#5878,#9220,.T.);
#7726=EDGE_CURVE('',#5877,#6162,#9221,.T.);
#7727=EDGE_CURVE('',#5896,#6172,#9222,.T.);
#7728=EDGE_CURVE('',#6174,#5895,#9223,.T.);
#7729=EDGE_CURVE('',#6176,#5894,#9224,.T.);
#7730=EDGE_CURVE('',#5897,#6170,#9225,.T.);
#7731=EDGE_CURVE('',#6178,#5893,#9226,.T.);
#7732=EDGE_CURVE('',#5898,#6168,#9227,.T.);
#7733=EDGE_CURVE('',#6180,#5892,#9228,.T.);
#7734=EDGE_CURVE('',#5899,#6166,#9229,.T.);
#7735=EDGE_CURVE('',#6182,#5891,#9230,.T.);
#7736=EDGE_CURVE('',#5888,#6165,#9231,.T.);
#7737=EDGE_CURVE('',#6184,#5890,#9232,.T.);
#7738=EDGE_CURVE('',#5889,#6186,#9233,.T.);
#7739=EDGE_CURVE('',#5908,#6196,#9234,.T.);
#7740=EDGE_CURVE('',#6198,#5907,#9235,.T.);
#7741=EDGE_CURVE('',#6200,#5906,#9236,.T.);
#7742=EDGE_CURVE('',#5909,#6194,#9237,.T.);
#7743=EDGE_CURVE('',#6202,#5905,#9238,.T.);
#7744=EDGE_CURVE('',#5910,#6192,#9239,.T.);
#7745=EDGE_CURVE('',#6204,#5904,#9240,.T.);
#7746=EDGE_CURVE('',#5911,#6190,#9241,.T.);
#7747=EDGE_CURVE('',#6206,#5903,#9242,.T.);
#7748=EDGE_CURVE('',#5900,#6189,#9243,.T.);
#7749=EDGE_CURVE('',#6208,#5902,#9244,.T.);
#7750=EDGE_CURVE('',#5901,#6210,#9245,.T.);
#7751=EDGE_CURVE('',#5920,#6220,#9246,.T.);
#7752=EDGE_CURVE('',#6222,#5919,#9247,.T.);
#7753=EDGE_CURVE('',#6224,#5918,#9248,.T.);
#7754=EDGE_CURVE('',#5921,#6218,#9249,.T.);
#7755=EDGE_CURVE('',#6226,#5917,#9250,.T.);
#7756=EDGE_CURVE('',#5922,#6216,#9251,.T.);
#7757=EDGE_CURVE('',#6228,#5916,#9252,.T.);
#7758=EDGE_CURVE('',#5923,#6214,#9253,.T.);
#7759=EDGE_CURVE('',#6230,#5915,#9254,.T.);
#7760=EDGE_CURVE('',#5912,#6213,#9255,.T.);
#7761=EDGE_CURVE('',#6232,#5914,#9256,.T.);
#7762=EDGE_CURVE('',#5913,#6234,#9257,.T.);
#7763=EDGE_CURVE('',#5932,#6244,#9258,.T.);
#7764=EDGE_CURVE('',#6246,#5931,#9259,.T.);
#7765=EDGE_CURVE('',#6248,#5930,#9260,.T.);
#7766=EDGE_CURVE('',#5933,#6242,#9261,.T.);
#7767=EDGE_CURVE('',#6250,#5929,#9262,.T.);
#7768=EDGE_CURVE('',#5934,#6240,#9263,.T.);
#7769=EDGE_CURVE('',#6252,#5928,#9264,.T.);
#7770=EDGE_CURVE('',#5935,#6238,#9265,.T.);
#7771=EDGE_CURVE('',#6254,#5927,#9266,.T.);
#7772=EDGE_CURVE('',#5924,#6237,#9267,.T.);
#7773=EDGE_CURVE('',#6256,#5926,#9268,.T.);
#7774=EDGE_CURVE('',#5925,#6258,#9269,.T.);
#7775=EDGE_CURVE('',#5944,#6268,#9270,.T.);
#7776=EDGE_CURVE('',#6270,#5943,#9271,.T.);
#7777=EDGE_CURVE('',#6272,#5942,#9272,.T.);
#7778=EDGE_CURVE('',#5945,#6266,#9273,.T.);
#7779=EDGE_CURVE('',#6274,#5941,#9274,.T.);
#7780=EDGE_CURVE('',#5946,#6264,#9275,.T.);
#7781=EDGE_CURVE('',#6276,#5940,#9276,.T.);
#7782=EDGE_CURVE('',#5947,#6262,#9277,.T.);
#7783=EDGE_CURVE('',#6278,#5939,#9278,.T.);
#7784=EDGE_CURVE('',#5936,#6261,#9279,.T.);
#7785=EDGE_CURVE('',#6280,#5938,#9280,.T.);
#7786=EDGE_CURVE('',#5937,#6282,#9281,.T.);
#7787=EDGE_CURVE('',#5956,#6292,#9282,.T.);
#7788=EDGE_CURVE('',#6294,#5955,#9283,.T.);
#7789=EDGE_CURVE('',#6296,#5954,#9284,.T.);
#7790=EDGE_CURVE('',#5957,#6290,#9285,.T.);
#7791=EDGE_CURVE('',#6298,#5953,#9286,.T.);
#7792=EDGE_CURVE('',#5958,#6288,#9287,.T.);
#7793=EDGE_CURVE('',#6300,#5952,#9288,.T.);
#7794=EDGE_CURVE('',#5959,#6286,#9289,.T.);
#7795=EDGE_CURVE('',#6302,#5951,#9290,.T.);
#7796=EDGE_CURVE('',#5948,#6285,#9291,.T.);
#7797=EDGE_CURVE('',#6304,#5950,#9292,.T.);
#7798=EDGE_CURVE('',#5949,#6306,#9293,.T.);
#7799=EDGE_CURVE('',#5968,#6316,#9294,.T.);
#7800=EDGE_CURVE('',#6318,#5967,#9295,.T.);
#7801=EDGE_CURVE('',#6320,#5966,#9296,.T.);
#7802=EDGE_CURVE('',#5969,#6314,#9297,.T.);
#7803=EDGE_CURVE('',#6322,#5965,#9298,.T.);
#7804=EDGE_CURVE('',#5970,#6312,#9299,.T.);
#7805=EDGE_CURVE('',#6324,#5964,#9300,.T.);
#7806=EDGE_CURVE('',#5971,#6310,#9301,.T.);
#7807=EDGE_CURVE('',#6326,#5963,#9302,.T.);
#7808=EDGE_CURVE('',#5960,#6309,#9303,.T.);
#7809=EDGE_CURVE('',#6328,#5962,#9304,.T.);
#7810=EDGE_CURVE('',#5961,#6330,#9305,.T.);
#7811=EDGE_CURVE('',#6020,#5559,#9306,.T.);
#7812=EDGE_CURVE('',#6021,#5558,#9307,.T.);
#7813=EDGE_CURVE('',#6022,#5583,#9308,.T.);
#7814=EDGE_CURVE('',#6023,#5582,#9309,.T.);
#7815=EDGE_CURVE('',#6024,#5581,#9310,.T.);
#7816=EDGE_CURVE('',#6025,#5580,#9311,.T.);
#7817=EDGE_CURVE('',#6026,#5579,#9312,.T.);
#7818=EDGE_CURVE('',#6027,#5578,#9313,.T.);
#7819=EDGE_CURVE('',#6028,#5577,#9314,.T.);
#7820=EDGE_CURVE('',#6029,#5576,#9315,.T.);
#7821=EDGE_CURVE('',#6030,#5575,#9316,.T.);
#7822=EDGE_CURVE('',#6031,#5574,#9317,.T.);
#7823=EDGE_CURVE('',#6032,#5573,#9318,.T.);
#7824=EDGE_CURVE('',#6033,#5572,#9319,.T.);
#7825=EDGE_CURVE('',#6034,#5571,#9320,.T.);
#7826=EDGE_CURVE('',#6035,#5570,#9321,.T.);
#7827=EDGE_CURVE('',#6036,#5569,#9322,.T.);
#7828=EDGE_CURVE('',#6037,#5568,#9323,.T.);
#7829=EDGE_CURVE('',#6038,#5567,#9324,.T.);
#7830=EDGE_CURVE('',#6039,#5566,#9325,.T.);
#7831=EDGE_CURVE('',#6040,#5565,#9326,.T.);
#7832=EDGE_CURVE('',#6041,#5564,#9327,.T.);
#7833=EDGE_CURVE('',#6042,#5563,#9328,.T.);
#7834=EDGE_CURVE('',#6043,#5562,#9329,.T.);
#7835=EDGE_CURVE('',#6332,#6333,#9330,.T.);
#7836=EDGE_CURVE('',#6332,#5446,#9331,.T.);
#7837=EDGE_CURVE('',#5447,#6333,#9332,.T.);
#7838=EDGE_CURVE('',#5448,#6334,#9333,.T.);
#7839=EDGE_CURVE('',#6335,#6334,#9334,.T.);
#7840=EDGE_CURVE('',#6335,#5449,#9335,.T.);
#7841=EDGE_CURVE('',#6334,#6332,#9336,.T.);
#7842=EDGE_CURVE('',#6333,#6335,#9337,.T.);
#7843=LINE('',#14090,#9338);
#7844=LINE('',#14093,#9339);
#7845=LINE('',#14095,#9340);
#7846=LINE('',#14097,#9341);
#7847=LINE('',#14098,#9342);
#7848=LINE('',#14101,#9343);
#7849=LINE('',#14103,#9344);
#7850=LINE('',#14105,#9345);
#7851=LINE('',#14107,#9346);
#7852=LINE('',#14109,#9347);
#7853=LINE('',#14111,#9348);
#7854=LINE('',#14113,#9349);
#7855=LINE('',#14115,#9350);
#7856=LINE('',#14117,#9351);
#7857=LINE('',#14119,#9352);
#7858=LINE('',#14121,#9353);
#7859=LINE('',#14123,#9354);
#7860=LINE('',#14125,#9355);
#7861=LINE('',#14127,#9356);
#7862=LINE('',#14129,#9357);
#7863=LINE('',#14131,#9358);
#7864=LINE('',#14133,#9359);
#7865=LINE('',#14135,#9360);
#7866=LINE('',#14137,#9361);
#7867=LINE('',#14139,#9362);
#7868=LINE('',#14141,#9363);
#7869=LINE('',#14143,#9364);
#7870=LINE('',#14145,#9365);
#7871=LINE('',#14147,#9366);
#7872=LINE('',#14149,#9367);
#7873=LINE('',#14151,#9368);
#7874=LINE('',#14153,#9369);
#7875=LINE('',#14155,#9370);
#7876=LINE('',#14157,#9371);
#7877=LINE('',#14159,#9372);
#7878=LINE('',#14161,#9373);
#7879=LINE('',#14163,#9374);
#7880=LINE('',#14165,#9375);
#7881=LINE('',#14167,#9376);
#7882=LINE('',#14169,#9377);
#7883=LINE('',#14171,#9378);
#7884=LINE('',#14173,#9379);
#7885=LINE('',#14175,#9380);
#7886=LINE('',#14177,#9381);
#7887=LINE('',#14179,#9382);
#7888=LINE('',#14181,#9383);
#7889=LINE('',#14183,#9384);
#7890=LINE('',#14185,#9385);
#7891=LINE('',#14187,#9386);
#7892=LINE('',#14189,#9387);
#7893=LINE('',#14191,#9388);
#7894=LINE('',#14193,#9389);
#7895=LINE('',#14195,#9390);
#7896=LINE('',#14197,#9391);
#7897=LINE('',#14199,#9392);
#7898=LINE('',#14201,#9393);
#7899=LINE('',#14203,#9394);
#7900=LINE('',#14205,#9395);
#7901=LINE('',#14207,#9396);
#7902=LINE('',#14209,#9397);
#7903=LINE('',#14210,#9398);
#7904=LINE('',#14213,#9399);
#7905=LINE('',#14215,#9400);
#7906=LINE('',#14217,#9401);
#7907=LINE('',#14219,#9402);
#7908=LINE('',#14222,#9403);
#7909=LINE('',#14224,#9404);
#7910=LINE('',#14226,#9405);
#7911=LINE('',#14228,#9406);
#7912=LINE('',#14230,#9407);
#7913=LINE('',#14232,#9408);
#7914=LINE('',#14234,#9409);
#7915=LINE('',#14236,#9410);
#7916=LINE('',#14238,#9411);
#7917=LINE('',#14240,#9412);
#7918=LINE('',#14242,#9413);
#7919=LINE('',#14244,#9414);
#7920=LINE('',#14246,#9415);
#7921=LINE('',#14248,#9416);
#7922=LINE('',#14250,#9417);
#7923=LINE('',#14252,#9418);
#7924=LINE('',#14254,#9419);
#7925=LINE('',#14256,#9420);
#7926=LINE('',#14258,#9421);
#7927=LINE('',#14260,#9422);
#7928=LINE('',#14262,#9423);
#7929=LINE('',#14264,#9424);
#7930=LINE('',#14266,#9425);
#7931=LINE('',#14268,#9426);
#7932=LINE('',#14270,#9427);
#7933=LINE('',#14272,#9428);
#7934=LINE('',#14274,#9429);
#7935=LINE('',#14276,#9430);
#7936=LINE('',#14278,#9431);
#7937=LINE('',#14280,#9432);
#7938=LINE('',#14282,#9433);
#7939=LINE('',#14284,#9434);
#7940=LINE('',#14286,#9435);
#7941=LINE('',#14288,#9436);
#7942=LINE('',#14290,#9437);
#7943=LINE('',#14292,#9438);
#7944=LINE('',#14294,#9439);
#7945=LINE('',#14296,#9440);
#7946=LINE('',#14298,#9441);
#7947=LINE('',#14300,#9442);
#7948=LINE('',#14302,#9443);
#7949=LINE('',#14304,#9444);
#7950=LINE('',#14306,#9445);
#7951=LINE('',#14308,#9446);
#7952=LINE('',#14310,#9447);
#7953=LINE('',#14312,#9448);
#7954=LINE('',#14314,#9449);
#7955=LINE('',#14316,#9450);
#7956=LINE('',#14318,#9451);
#7957=LINE('',#14320,#9452);
#7958=LINE('',#14322,#9453);
#7959=LINE('',#14324,#9454);
#7960=LINE('',#14326,#9455);
#7961=LINE('',#14328,#9456);
#7962=LINE('',#14330,#9457);
#7963=LINE('',#14332,#9458);
#7964=LINE('',#14334,#9459);
#7965=LINE('',#14336,#9460);
#7966=LINE('',#14338,#9461);
#7967=LINE('',#14340,#9462);
#7968=LINE('',#14342,#9463);
#7969=LINE('',#14344,#9464);
#7970=LINE('',#14346,#9465);
#7971=LINE('',#14348,#9466);
#7972=LINE('',#14350,#9467);
#7973=LINE('',#14352,#9468);
#7974=LINE('',#14354,#9469);
#7975=LINE('',#14356,#9470);
#7976=LINE('',#14358,#9471);
#7977=LINE('',#14360,#9472);
#7978=LINE('',#14362,#9473);
#7979=LINE('',#14364,#9474);
#7980=LINE('',#14366,#9475);
#7981=LINE('',#14368,#9476);
#7982=LINE('',#14370,#9477);
#7983=LINE('',#14372,#9478);
#7984=LINE('',#14374,#9479);
#7985=LINE('',#14376,#9480);
#7986=LINE('',#14378,#9481);
#7987=LINE('',#14380,#9482);
#7988=LINE('',#14382,#9483);
#7989=LINE('',#14384,#9484);
#7990=LINE('',#14386,#9485);
#7991=LINE('',#14388,#9486);
#7992=LINE('',#14390,#9487);
#7993=LINE('',#14392,#9488);
#7994=LINE('',#14394,#9489);
#7995=LINE('',#14396,#9490);
#7996=LINE('',#14398,#9491);
#7997=LINE('',#14400,#9492);
#7998=LINE('',#14402,#9493);
#7999=LINE('',#14404,#9494);
#8000=LINE('',#14406,#9495);
#8001=LINE('',#14408,#9496);
#8002=LINE('',#14410,#9497);
#8003=LINE('',#14412,#9498);
#8004=LINE('',#14414,#9499);
#8005=LINE('',#14416,#9500);
#8006=LINE('',#14418,#9501);
#8007=LINE('',#14420,#9502);
#8008=LINE('',#14422,#9503);
#8009=LINE('',#14424,#9504);
#8010=LINE('',#14426,#9505);
#8011=LINE('',#14428,#9506);
#8012=LINE('',#14430,#9507);
#8013=LINE('',#14432,#9508);
#8014=LINE('',#14434,#9509);
#8015=LINE('',#14436,#9510);
#8016=LINE('',#14438,#9511);
#8017=LINE('',#14440,#9512);
#8018=LINE('',#14442,#9513);
#8019=LINE('',#14444,#9514);
#8020=LINE('',#14446,#9515);
#8021=LINE('',#14448,#9516);
#8022=LINE('',#14450,#9517);
#8023=LINE('',#14452,#9518);
#8024=LINE('',#14454,#9519);
#8025=LINE('',#14456,#9520);
#8026=LINE('',#14458,#9521);
#8027=LINE('',#14460,#9522);
#8028=LINE('',#14462,#9523);
#8029=LINE('',#14464,#9524);
#8030=LINE('',#14466,#9525);
#8031=LINE('',#14467,#9526);
#8032=LINE('',#14468,#9527);
#8033=LINE('',#14469,#9528);
#8034=LINE('',#14471,#9529);
#8035=LINE('',#14473,#9530);
#8036=LINE('',#14474,#9531);
#8037=LINE('',#14476,#9532);
#8038=LINE('',#14478,#9533);
#8039=LINE('',#14479,#9534);
#8040=LINE('',#14481,#9535);
#8041=LINE('',#14483,#9536);
#8042=LINE('',#14484,#9537);
#8043=LINE('',#14486,#9538);
#8044=LINE('',#14488,#9539);
#8045=LINE('',#14489,#9540);
#8046=LINE('',#14491,#9541);
#8047=LINE('',#14493,#9542);
#8048=LINE('',#14494,#9543);
#8049=LINE('',#14496,#9544);
#8050=LINE('',#14498,#9545);
#8051=LINE('',#14499,#9546);
#8052=LINE('',#14501,#9547);
#8053=LINE('',#14503,#9548);
#8054=LINE('',#14504,#9549);
#8055=LINE('',#14506,#9550);
#8056=LINE('',#14508,#9551);
#8057=LINE('',#14509,#9552);
#8058=LINE('',#14511,#9553);
#8059=LINE('',#14513,#9554);
#8060=LINE('',#14514,#9555);
#8061=LINE('',#14516,#9556);
#8062=LINE('',#14518,#9557);
#8063=LINE('',#14519,#9558);
#8064=LINE('',#14521,#9559);
#8065=LINE('',#14523,#9560);
#8066=LINE('',#14524,#9561);
#8067=LINE('',#14526,#9562);
#8068=LINE('',#14528,#9563);
#8069=LINE('',#14530,#9564);
#8070=LINE('',#14533,#9565);
#8071=LINE('',#14535,#9566);
#8072=LINE('',#14537,#9567);
#8073=LINE('',#14539,#9568);
#8074=LINE('',#14541,#9569);
#8075=LINE('',#14543,#9570);
#8076=LINE('',#14545,#9571);
#8077=LINE('',#14547,#9572);
#8078=LINE('',#14549,#9573);
#8079=LINE('',#14551,#9574);
#8080=LINE('',#14553,#9575);
#8081=LINE('',#14555,#9576);
#8082=LINE('',#14557,#9577);
#8083=LINE('',#14559,#9578);
#8084=LINE('',#14561,#9579);
#8085=LINE('',#14563,#9580);
#8086=LINE('',#14565,#9581);
#8087=LINE('',#14567,#9582);
#8088=LINE('',#14569,#9583);
#8089=LINE('',#14571,#9584);
#8090=LINE('',#14573,#9585);
#8091=LINE('',#14575,#9586);
#8092=LINE('',#14577,#9587);
#8093=LINE('',#14579,#9588);
#8094=LINE('',#14581,#9589);
#8095=LINE('',#14583,#9590);
#8096=LINE('',#14585,#9591);
#8097=LINE('',#14587,#9592);
#8098=LINE('',#14589,#9593);
#8099=LINE('',#14591,#9594);
#8100=LINE('',#14593,#9595);
#8101=LINE('',#14595,#9596);
#8102=LINE('',#14597,#9597);
#8103=LINE('',#14599,#9598);
#8104=LINE('',#14601,#9599);
#8105=LINE('',#14603,#9600);
#8106=LINE('',#14605,#9601);
#8107=LINE('',#14607,#9602);
#8108=LINE('',#14609,#9603);
#8109=LINE('',#14611,#9604);
#8110=LINE('',#14613,#9605);
#8111=LINE('',#14615,#9606);
#8112=LINE('',#14617,#9607);
#8113=LINE('',#14619,#9608);
#8114=LINE('',#14621,#9609);
#8115=LINE('',#14623,#9610);
#8116=LINE('',#14625,#9611);
#8117=LINE('',#14627,#9612);
#8118=LINE('',#14629,#9613);
#8119=LINE('',#14631,#9614);
#8120=LINE('',#14633,#9615);
#8121=LINE('',#14635,#9616);
#8122=LINE('',#14637,#9617);
#8123=LINE('',#14639,#9618);
#8124=LINE('',#14641,#9619);
#8125=LINE('',#14643,#9620);
#8126=LINE('',#14645,#9621);
#8127=LINE('',#14647,#9622);
#8128=LINE('',#14649,#9623);
#8129=LINE('',#14651,#9624);
#8130=LINE('',#14654,#9625);
#8131=LINE('',#14656,#9626);
#8132=LINE('',#14658,#9627);
#8133=LINE('',#14660,#9628);
#8134=LINE('',#14662,#9629);
#8135=LINE('',#14664,#9630);
#8136=LINE('',#14666,#9631);
#8137=LINE('',#14667,#9632);
#8138=LINE('',#14669,#9633);
#8139=LINE('',#14672,#9634);
#8140=LINE('',#14674,#9635);
#8141=LINE('',#14676,#9636);
#8142=LINE('',#14678,#9637);
#8143=LINE('',#14680,#9638);
#8144=LINE('',#14682,#9639);
#8145=LINE('',#14684,#9640);
#8146=LINE('',#14685,#9641);
#8147=LINE('',#14687,#9642);
#8148=LINE('',#14690,#9643);
#8149=LINE('',#14692,#9644);
#8150=LINE('',#14694,#9645);
#8151=LINE('',#14696,#9646);
#8152=LINE('',#14698,#9647);
#8153=LINE('',#14700,#9648);
#8154=LINE('',#14702,#9649);
#8155=LINE('',#14703,#9650);
#8156=LINE('',#14705,#9651);
#8157=LINE('',#14708,#9652);
#8158=LINE('',#14710,#9653);
#8159=LINE('',#14712,#9654);
#8160=LINE('',#14714,#9655);
#8161=LINE('',#14716,#9656);
#8162=LINE('',#14718,#9657);
#8163=LINE('',#14720,#9658);
#8164=LINE('',#14721,#9659);
#8165=LINE('',#14723,#9660);
#8166=LINE('',#14726,#9661);
#8167=LINE('',#14728,#9662);
#8168=LINE('',#14730,#9663);
#8169=LINE('',#14732,#9664);
#8170=LINE('',#14734,#9665);
#8171=LINE('',#14736,#9666);
#8172=LINE('',#14738,#9667);
#8173=LINE('',#14739,#9668);
#8174=LINE('',#14741,#9669);
#8175=LINE('',#14744,#9670);
#8176=LINE('',#14746,#9671);
#8177=LINE('',#14748,#9672);
#8178=LINE('',#14750,#9673);
#8179=LINE('',#14752,#9674);
#8180=LINE('',#14754,#9675);
#8181=LINE('',#14756,#9676);
#8182=LINE('',#14757,#9677);
#8183=LINE('',#14759,#9678);
#8184=LINE('',#14762,#9679);
#8185=LINE('',#14764,#9680);
#8186=LINE('',#14766,#9681);
#8187=LINE('',#14768,#9682);
#8188=LINE('',#14770,#9683);
#8189=LINE('',#14772,#9684);
#8190=LINE('',#14774,#9685);
#8191=LINE('',#14775,#9686);
#8192=LINE('',#14777,#9687);
#8193=LINE('',#14780,#9688);
#8194=LINE('',#14782,#9689);
#8195=LINE('',#14784,#9690);
#8196=LINE('',#14786,#9691);
#8197=LINE('',#14788,#9692);
#8198=LINE('',#14790,#9693);
#8199=LINE('',#14792,#9694);
#8200=LINE('',#14793,#9695);
#8201=LINE('',#14795,#9696);
#8202=LINE('',#14798,#9697);
#8203=LINE('',#14800,#9698);
#8204=LINE('',#14802,#9699);
#8205=LINE('',#14804,#9700);
#8206=LINE('',#14806,#9701);
#8207=LINE('',#14808,#9702);
#8208=LINE('',#14810,#9703);
#8209=LINE('',#14811,#9704);
#8210=LINE('',#14813,#9705);
#8211=LINE('',#14816,#9706);
#8212=LINE('',#14818,#9707);
#8213=LINE('',#14820,#9708);
#8214=LINE('',#14822,#9709);
#8215=LINE('',#14824,#9710);
#8216=LINE('',#14826,#9711);
#8217=LINE('',#14828,#9712);
#8218=LINE('',#14829,#9713);
#8219=LINE('',#14831,#9714);
#8220=LINE('',#14834,#9715);
#8221=LINE('',#14836,#9716);
#8222=LINE('',#14838,#9717);
#8223=LINE('',#14840,#9718);
#8224=LINE('',#14842,#9719);
#8225=LINE('',#14844,#9720);
#8226=LINE('',#14846,#9721);
#8227=LINE('',#14847,#9722);
#8228=LINE('',#14849,#9723);
#8229=LINE('',#14852,#9724);
#8230=LINE('',#14854,#9725);
#8231=LINE('',#14856,#9726);
#8232=LINE('',#14858,#9727);
#8233=LINE('',#14860,#9728);
#8234=LINE('',#14862,#9729);
#8235=LINE('',#14864,#9730);
#8236=LINE('',#14865,#9731);
#8237=LINE('',#14867,#9732);
#8238=LINE('',#14869,#9733);
#8239=LINE('',#14871,#9734);
#8240=LINE('',#14872,#9735);
#8241=LINE('',#14874,#9736);
#8242=LINE('',#14876,#9737);
#8243=LINE('',#14877,#9738);
#8244=LINE('',#14879,#9739);
#8245=LINE('',#14881,#9740);
#8246=LINE('',#14882,#9741);
#8247=LINE('',#14884,#9742);
#8248=LINE('',#14886,#9743);
#8249=LINE('',#14887,#9744);
#8250=LINE('',#14889,#9745);
#8251=LINE('',#14891,#9746);
#8252=LINE('',#14892,#9747);
#8253=LINE('',#14894,#9748);
#8254=LINE('',#14896,#9749);
#8255=LINE('',#14897,#9750);
#8256=LINE('',#14899,#9751);
#8257=LINE('',#14901,#9752);
#8258=LINE('',#14902,#9753);
#8259=LINE('',#14904,#9754);
#8260=LINE('',#14906,#9755);
#8261=LINE('',#14907,#9756);
#8262=LINE('',#14909,#9757);
#8263=LINE('',#14911,#9758);
#8264=LINE('',#14912,#9759);
#8265=LINE('',#14914,#9760);
#8266=LINE('',#14916,#9761);
#8267=LINE('',#14917,#9762);
#8268=LINE('',#14919,#9763);
#8269=LINE('',#14921,#9764);
#8270=LINE('',#14922,#9765);
#8271=LINE('',#14924,#9766);
#8272=LINE('',#14926,#9767);
#8273=LINE('',#14928,#9768);
#8274=LINE('',#14930,#9769);
#8275=LINE('',#14932,#9770);
#8276=LINE('',#14934,#9771);
#8277=LINE('',#14936,#9772);
#8278=LINE('',#14938,#9773);
#8279=LINE('',#14940,#9774);
#8280=LINE('',#14942,#9775);
#8281=LINE('',#14944,#9776);
#8282=LINE('',#14946,#9777);
#8283=LINE('',#14947,#9778);
#8284=LINE('',#14949,#9779);
#8285=LINE('',#14951,#9780);
#8286=LINE('',#14953,#9781);
#8287=LINE('',#14955,#9782);
#8288=LINE('',#14956,#9783);
#8289=LINE('',#14958,#9784);
#8290=LINE('',#14960,#9785);
#8291=LINE('',#14962,#9786);
#8292=LINE('',#14964,#9787);
#8293=LINE('',#14965,#9788);
#8294=LINE('',#14967,#9789);
#8295=LINE('',#14969,#9790);
#8296=LINE('',#14971,#9791);
#8297=LINE('',#14973,#9792);
#8298=LINE('',#14974,#9793);
#8299=LINE('',#14976,#9794);
#8300=LINE('',#14978,#9795);
#8301=LINE('',#14980,#9796);
#8302=LINE('',#14982,#9797);
#8303=LINE('',#14983,#9798);
#8304=LINE('',#14985,#9799);
#8305=LINE('',#14987,#9800);
#8306=LINE('',#14989,#9801);
#8307=LINE('',#14991,#9802);
#8308=LINE('',#14992,#9803);
#8309=LINE('',#14994,#9804);
#8310=LINE('',#14996,#9805);
#8311=LINE('',#14998,#9806);
#8312=LINE('',#15000,#9807);
#8313=LINE('',#15001,#9808);
#8314=LINE('',#15003,#9809);
#8315=LINE('',#15005,#9810);
#8316=LINE('',#15007,#9811);
#8317=LINE('',#15009,#9812);
#8318=LINE('',#15010,#9813);
#8319=LINE('',#15012,#9814);
#8320=LINE('',#15014,#9815);
#8321=LINE('',#15016,#9816);
#8322=LINE('',#15018,#9817);
#8323=LINE('',#15019,#9818);
#8324=LINE('',#15021,#9819);
#8325=LINE('',#15023,#9820);
#8326=LINE('',#15025,#9821);
#8327=LINE('',#15027,#9822);
#8328=LINE('',#15028,#9823);
#8329=LINE('',#15030,#9824);
#8330=LINE('',#15032,#9825);
#8331=LINE('',#15034,#9826);
#8332=LINE('',#15036,#9827);
#8333=LINE('',#15037,#9828);
#8334=LINE('',#15039,#9829);
#8335=LINE('',#15041,#9830);
#8336=LINE('',#15043,#9831);
#8337=LINE('',#15045,#9832);
#8338=LINE('',#15046,#9833);
#8339=LINE('',#15048,#9834);
#8340=LINE('',#15050,#9835);
#8341=LINE('',#15052,#9836);
#8342=LINE('',#15054,#9837);
#8343=LINE('',#15055,#9838);
#8344=LINE('',#15057,#9839);
#8345=LINE('',#15059,#9840);
#8346=LINE('',#15061,#9841);
#8347=LINE('',#15062,#9842);
#8348=LINE('',#15064,#9843);
#8349=LINE('',#15065,#9844);
#8350=LINE('',#15067,#9845);
#8351=LINE('',#15068,#9846);
#8352=LINE('',#15070,#9847);
#8353=LINE('',#15071,#9848);
#8354=LINE('',#15073,#9849);
#8355=LINE('',#15074,#9850);
#8356=LINE('',#15076,#9851);
#8357=LINE('',#15077,#9852);
#8358=LINE('',#15079,#9853);
#8359=LINE('',#15080,#9854);
#8360=LINE('',#15082,#9855);
#8361=LINE('',#15083,#9856);
#8362=LINE('',#15085,#9857);
#8363=LINE('',#15086,#9858);
#8364=LINE('',#15088,#9859);
#8365=LINE('',#15089,#9860);
#8366=LINE('',#15091,#9861);
#8367=LINE('',#15092,#9862);
#8368=LINE('',#15094,#9863);
#8369=LINE('',#15095,#9864);
#8370=LINE('',#15097,#9865);
#8371=LINE('',#15099,#9866);
#8372=LINE('',#15101,#9867);
#8373=LINE('',#15102,#9868);
#8374=LINE('',#15104,#9869);
#8375=LINE('',#15106,#9870);
#8376=LINE('',#15108,#9871);
#8377=LINE('',#15110,#9872);
#8378=LINE('',#15111,#9873);
#8379=LINE('',#15113,#9874);
#8380=LINE('',#15115,#9875);
#8381=LINE('',#15117,#9876);
#8382=LINE('',#15119,#9877);
#8383=LINE('',#15121,#9878);
#8384=LINE('',#15123,#9879);
#8385=LINE('',#15125,#9880);
#8386=LINE('',#15127,#9881);
#8387=LINE('',#15128,#9882);
#8388=LINE('',#15130,#9883);
#8389=LINE('',#15132,#9884);
#8390=LINE('',#15134,#9885);
#8391=LINE('',#15136,#9886);
#8392=LINE('',#15138,#9887);
#8393=LINE('',#15140,#9888);
#8394=LINE('',#15142,#9889);
#8395=LINE('',#15143,#9890);
#8396=LINE('',#15145,#9891);
#8397=LINE('',#15146,#9892);
#8398=LINE('',#15148,#9893);
#8399=LINE('',#15151,#9894);
#8400=LINE('',#15153,#9895);
#8401=LINE('',#15155,#9896);
#8402=LINE('',#15159,#9897);
#8403=LINE('',#15163,#9898);
#8404=LINE('',#15165,#9899);
#8405=LINE('',#15167,#9900);
#8406=LINE('',#15171,#9901);
#8407=LINE('',#15175,#9902);
#8408=LINE('',#15177,#9903);
#8409=LINE('',#15179,#9904);
#8410=LINE('',#15187,#9905);
#8411=LINE('',#15190,#9906);
#8412=LINE('',#15192,#9907);
#8413=LINE('',#15194,#9908);
#8414=LINE('',#15196,#9909);
#8415=LINE('',#15198,#9910);
#8416=LINE('',#15200,#9911);
#8417=LINE('',#15202,#9912);
#8418=LINE('',#15204,#9913);
#8419=LINE('',#15206,#9914);
#8420=LINE('',#15208,#9915);
#8421=LINE('',#15210,#9916);
#8422=LINE('',#15211,#9917);
#8423=LINE('',#15214,#9918);
#8424=LINE('',#15216,#9919);
#8425=LINE('',#15218,#9920);
#8426=LINE('',#15220,#9921);
#8427=LINE('',#15222,#9922);
#8428=LINE('',#15224,#9923);
#8429=LINE('',#15226,#9924);
#8430=LINE('',#15228,#9925);
#8431=LINE('',#15230,#9926);
#8432=LINE('',#15232,#9927);
#8433=LINE('',#15234,#9928);
#8434=LINE('',#15235,#9929);
#8435=LINE('',#15238,#9930);
#8436=LINE('',#15240,#9931);
#8437=LINE('',#15242,#9932);
#8438=LINE('',#15244,#9933);
#8439=LINE('',#15246,#9934);
#8440=LINE('',#15248,#9935);
#8441=LINE('',#15250,#9936);
#8442=LINE('',#15252,#9937);
#8443=LINE('',#15254,#9938);
#8444=LINE('',#15256,#9939);
#8445=LINE('',#15258,#9940);
#8446=LINE('',#15259,#9941);
#8447=LINE('',#15262,#9942);
#8448=LINE('',#15264,#9943);
#8449=LINE('',#15266,#9944);
#8450=LINE('',#15268,#9945);
#8451=LINE('',#15270,#9946);
#8452=LINE('',#15272,#9947);
#8453=LINE('',#15274,#9948);
#8454=LINE('',#15276,#9949);
#8455=LINE('',#15278,#9950);
#8456=LINE('',#15280,#9951);
#8457=LINE('',#15282,#9952);
#8458=LINE('',#15283,#9953);
#8459=LINE('',#15286,#9954);
#8460=LINE('',#15288,#9955);
#8461=LINE('',#15290,#9956);
#8462=LINE('',#15292,#9957);
#8463=LINE('',#15294,#9958);
#8464=LINE('',#15296,#9959);
#8465=LINE('',#15298,#9960);
#8466=LINE('',#15300,#9961);
#8467=LINE('',#15302,#9962);
#8468=LINE('',#15304,#9963);
#8469=LINE('',#15306,#9964);
#8470=LINE('',#15307,#9965);
#8471=LINE('',#15310,#9966);
#8472=LINE('',#15312,#9967);
#8473=LINE('',#15314,#9968);
#8474=LINE('',#15316,#9969);
#8475=LINE('',#15318,#9970);
#8476=LINE('',#15320,#9971);
#8477=LINE('',#15322,#9972);
#8478=LINE('',#15324,#9973);
#8479=LINE('',#15326,#9974);
#8480=LINE('',#15328,#9975);
#8481=LINE('',#15330,#9976);
#8482=LINE('',#15331,#9977);
#8483=LINE('',#15334,#9978);
#8484=LINE('',#15336,#9979);
#8485=LINE('',#15338,#9980);
#8486=LINE('',#15340,#9981);
#8487=LINE('',#15342,#9982);
#8488=LINE('',#15344,#9983);
#8489=LINE('',#15346,#9984);
#8490=LINE('',#15348,#9985);
#8491=LINE('',#15350,#9986);
#8492=LINE('',#15352,#9987);
#8493=LINE('',#15354,#9988);
#8494=LINE('',#15355,#9989);
#8495=LINE('',#15358,#9990);
#8496=LINE('',#15360,#9991);
#8497=LINE('',#15362,#9992);
#8498=LINE('',#15364,#9993);
#8499=LINE('',#15366,#9994);
#8500=LINE('',#15368,#9995);
#8501=LINE('',#15370,#9996);
#8502=LINE('',#15372,#9997);
#8503=LINE('',#15374,#9998);
#8504=LINE('',#15376,#9999);
#8505=LINE('',#15378,#10000);
#8506=LINE('',#15379,#10001);
#8507=LINE('',#15382,#10002);
#8508=LINE('',#15384,#10003);
#8509=LINE('',#15386,#10004);
#8510=LINE('',#15388,#10005);
#8511=LINE('',#15390,#10006);
#8512=LINE('',#15392,#10007);
#8513=LINE('',#15394,#10008);
#8514=LINE('',#15396,#10009);
#8515=LINE('',#15398,#10010);
#8516=LINE('',#15400,#10011);
#8517=LINE('',#15402,#10012);
#8518=LINE('',#15403,#10013);
#8519=LINE('',#15406,#10014);
#8520=LINE('',#15408,#10015);
#8521=LINE('',#15410,#10016);
#8522=LINE('',#15412,#10017);
#8523=LINE('',#15414,#10018);
#8524=LINE('',#15416,#10019);
#8525=LINE('',#15418,#10020);
#8526=LINE('',#15420,#10021);
#8527=LINE('',#15422,#10022);
#8528=LINE('',#15424,#10023);
#8529=LINE('',#15426,#10024);
#8530=LINE('',#15427,#10025);
#8531=LINE('',#15430,#10026);
#8532=LINE('',#15432,#10027);
#8533=LINE('',#15434,#10028);
#8534=LINE('',#15436,#10029);
#8535=LINE('',#15438,#10030);
#8536=LINE('',#15440,#10031);
#8537=LINE('',#15442,#10032);
#8538=LINE('',#15444,#10033);
#8539=LINE('',#15446,#10034);
#8540=LINE('',#15448,#10035);
#8541=LINE('',#15450,#10036);
#8542=LINE('',#15451,#10037);
#8543=LINE('',#15454,#10038);
#8544=LINE('',#15456,#10039);
#8545=LINE('',#15458,#10040);
#8546=LINE('',#15460,#10041);
#8547=LINE('',#15462,#10042);
#8548=LINE('',#15464,#10043);
#8549=LINE('',#15466,#10044);
#8550=LINE('',#15468,#10045);
#8551=LINE('',#15470,#10046);
#8552=LINE('',#15472,#10047);
#8553=LINE('',#15474,#10048);
#8554=LINE('',#15475,#10049);
#8555=LINE('',#15478,#10050);
#8556=LINE('',#15480,#10051);
#8557=LINE('',#15482,#10052);
#8558=LINE('',#15484,#10053);
#8559=LINE('',#15486,#10054);
#8560=LINE('',#15488,#10055);
#8561=LINE('',#15490,#10056);
#8562=LINE('',#15492,#10057);
#8563=LINE('',#15494,#10058);
#8564=LINE('',#15496,#10059);
#8565=LINE('',#15498,#10060);
#8566=LINE('',#15500,#10061);
#8567=LINE('',#15501,#10062);
#8568=LINE('',#15503,#10063);
#8569=LINE('',#15505,#10064);
#8570=LINE('',#15507,#10065);
#8571=LINE('',#15511,#10066);
#8572=LINE('',#15513,#10067);
#8573=LINE('',#15515,#10068);
#8574=LINE('',#15517,#10069);
#8575=LINE('',#15520,#10070);
#8576=LINE('',#15522,#10071);
#8577=LINE('',#15524,#10072);
#8578=LINE('',#15526,#10073);
#8579=LINE('',#15528,#10074);
#8580=LINE('',#15530,#10075);
#8581=LINE('',#15532,#10076);
#8582=LINE('',#15534,#10077);
#8583=LINE('',#15536,#10078);
#8584=LINE('',#15538,#10079);
#8585=LINE('',#15540,#10080);
#8586=LINE('',#15542,#10081);
#8587=LINE('',#15544,#10082);
#8588=LINE('',#15546,#10083);
#8589=LINE('',#15548,#10084);
#8590=LINE('',#15550,#10085);
#8591=LINE('',#15552,#10086);
#8592=LINE('',#15554,#10087);
#8593=LINE('',#15556,#10088);
#8594=LINE('',#15558,#10089);
#8595=LINE('',#15560,#10090);
#8596=LINE('',#15562,#10091);
#8597=LINE('',#15564,#10092);
#8598=LINE('',#15566,#10093);
#8599=LINE('',#15568,#10094);
#8600=LINE('',#15570,#10095);
#8601=LINE('',#15572,#10096);
#8602=LINE('',#15574,#10097);
#8603=LINE('',#15576,#10098);
#8604=LINE('',#15578,#10099);
#8605=LINE('',#15580,#10100);
#8606=LINE('',#15582,#10101);
#8607=LINE('',#15584,#10102);
#8608=LINE('',#15586,#10103);
#8609=LINE('',#15587,#10104);
#8610=LINE('',#15590,#10105);
#8611=LINE('',#15591,#10106);
#8612=LINE('',#15593,#10107);
#8613=LINE('',#15595,#10108);
#8614=LINE('',#15599,#10109);
#8615=LINE('',#15600,#10110);
#8616=LINE('',#15602,#10111);
#8617=LINE('',#15604,#10112);
#8618=LINE('',#15606,#10113);
#8619=LINE('',#15608,#10114);
#8620=LINE('',#15610,#10115);
#8621=LINE('',#15612,#10116);
#8622=LINE('',#15614,#10117);
#8623=LINE('',#15616,#10118);
#8624=LINE('',#15618,#10119);
#8625=LINE('',#15620,#10120);
#8626=LINE('',#15623,#10121);
#8627=LINE('',#15625,#10122);
#8628=LINE('',#15628,#10123);
#8629=LINE('',#15630,#10124);
#8630=LINE('',#15632,#10125);
#8631=LINE('',#15634,#10126);
#8632=LINE('',#15636,#10127);
#8633=LINE('',#15638,#10128);
#8634=LINE('',#15640,#10129);
#8635=LINE('',#15642,#10130);
#8636=LINE('',#15644,#10131);
#8637=LINE('',#15646,#10132);
#8638=LINE('',#15650,#10133);
#8639=LINE('',#15653,#10134);
#8640=LINE('',#15654,#10135);
#8641=LINE('',#15656,#10136);
#8642=LINE('',#15658,#10137);
#8643=LINE('',#15660,#10138);
#8644=LINE('',#15662,#10139);
#8645=LINE('',#15663,#10140);
#8646=LINE('',#15700,#10141);
#8647=LINE('',#15702,#10142);
#8648=LINE('',#15704,#10143);
#8649=LINE('',#15706,#10144);
#8650=LINE('',#15708,#10145);
#8651=LINE('',#15710,#10146);
#8652=LINE('',#15712,#10147);
#8653=LINE('',#15714,#10148);
#8654=LINE('',#15716,#10149);
#8655=LINE('',#15718,#10150);
#8656=LINE('',#15720,#10151);
#8657=LINE('',#15722,#10152);
#8658=LINE('',#15724,#10153);
#8659=LINE('',#15726,#10154);
#8660=LINE('',#15728,#10155);
#8661=LINE('',#15730,#10156);
#8662=LINE('',#15732,#10157);
#8663=LINE('',#15734,#10158);
#8664=LINE('',#15736,#10159);
#8665=LINE('',#15738,#10160);
#8666=LINE('',#15740,#10161);
#8667=LINE('',#15742,#10162);
#8668=LINE('',#15744,#10163);
#8669=LINE('',#15746,#10164);
#8670=LINE('',#15748,#10165);
#8671=LINE('',#15750,#10166);
#8672=LINE('',#15752,#10167);
#8673=LINE('',#15754,#10168);
#8674=LINE('',#15756,#10169);
#8675=LINE('',#15758,#10170);
#8676=LINE('',#15760,#10171);
#8677=LINE('',#15762,#10172);
#8678=LINE('',#15764,#10173);
#8679=LINE('',#15766,#10174);
#8680=LINE('',#15768,#10175);
#8681=LINE('',#15770,#10176);
#8682=LINE('',#15772,#10177);
#8683=LINE('',#15775,#10178);
#8684=LINE('',#15777,#10179);
#8685=LINE('',#15779,#10180);
#8686=LINE('',#15781,#10181);
#8687=LINE('',#15783,#10182);
#8688=LINE('',#15785,#10183);
#8689=LINE('',#15787,#10184);
#8690=LINE('',#15789,#10185);
#8691=LINE('',#15791,#10186);
#8692=LINE('',#15793,#10187);
#8693=LINE('',#15795,#10188);
#8694=LINE('',#15797,#10189);
#8695=LINE('',#15799,#10190);
#8696=LINE('',#15801,#10191);
#8697=LINE('',#15803,#10192);
#8698=LINE('',#15805,#10193);
#8699=LINE('',#15807,#10194);
#8700=LINE('',#15809,#10195);
#8701=LINE('',#15811,#10196);
#8702=LINE('',#15813,#10197);
#8703=LINE('',#15815,#10198);
#8704=LINE('',#15817,#10199);
#8705=LINE('',#15819,#10200);
#8706=LINE('',#15821,#10201);
#8707=LINE('',#15823,#10202);
#8708=LINE('',#15825,#10203);
#8709=LINE('',#15827,#10204);
#8710=LINE('',#15829,#10205);
#8711=LINE('',#15831,#10206);
#8712=LINE('',#15833,#10207);
#8713=LINE('',#15835,#10208);
#8714=LINE('',#15837,#10209);
#8715=LINE('',#15839,#10210);
#8716=LINE('',#15841,#10211);
#8717=LINE('',#15842,#10212);
#8718=LINE('',#15845,#10213);
#8719=LINE('',#15848,#10214);
#8720=LINE('',#15850,#10215);
#8721=LINE('',#15852,#10216);
#8722=LINE('',#15854,#10217);
#8723=LINE('',#15856,#10218);
#8724=LINE('',#15858,#10219);
#8725=LINE('',#15860,#10220);
#8726=LINE('',#15862,#10221);
#8727=LINE('',#15864,#10222);
#8728=LINE('',#15866,#10223);
#8729=LINE('',#15868,#10224);
#8730=LINE('',#15870,#10225);
#8731=LINE('',#15872,#10226);
#8732=LINE('',#15874,#10227);
#8733=LINE('',#15876,#10228);
#8734=LINE('',#15878,#10229);
#8735=LINE('',#15880,#10230);
#8736=LINE('',#15882,#10231);
#8737=LINE('',#15884,#10232);
#8738=LINE('',#15886,#10233);
#8739=LINE('',#15888,#10234);
#8740=LINE('',#15890,#10235);
#8741=LINE('',#15892,#10236);
#8742=LINE('',#15894,#10237);
#8743=LINE('',#15896,#10238);
#8744=LINE('',#15898,#10239);
#8745=LINE('',#15900,#10240);
#8746=LINE('',#15902,#10241);
#8747=LINE('',#15904,#10242);
#8748=LINE('',#15906,#10243);
#8749=LINE('',#15908,#10244);
#8750=LINE('',#15910,#10245);
#8751=LINE('',#15912,#10246);
#8752=LINE('',#15914,#10247);
#8753=LINE('',#15915,#10248);
#8754=LINE('',#15918,#10249);
#8755=LINE('',#15921,#10250);
#8756=LINE('',#15923,#10251);
#8757=LINE('',#15925,#10252);
#8758=LINE('',#15927,#10253);
#8759=LINE('',#15929,#10254);
#8760=LINE('',#15931,#10255);
#8761=LINE('',#15933,#10256);
#8762=LINE('',#15935,#10257);
#8763=LINE('',#15937,#10258);
#8764=LINE('',#15939,#10259);
#8765=LINE('',#15941,#10260);
#8766=LINE('',#15943,#10261);
#8767=LINE('',#15945,#10262);
#8768=LINE('',#15947,#10263);
#8769=LINE('',#15949,#10264);
#8770=LINE('',#15951,#10265);
#8771=LINE('',#15953,#10266);
#8772=LINE('',#15955,#10267);
#8773=LINE('',#15957,#10268);
#8774=LINE('',#15959,#10269);
#8775=LINE('',#15961,#10270);
#8776=LINE('',#15963,#10271);
#8777=LINE('',#15965,#10272);
#8778=LINE('',#15967,#10273);
#8779=LINE('',#15969,#10274);
#8780=LINE('',#15971,#10275);
#8781=LINE('',#15973,#10276);
#8782=LINE('',#15975,#10277);
#8783=LINE('',#15977,#10278);
#8784=LINE('',#15979,#10279);
#8785=LINE('',#15981,#10280);
#8786=LINE('',#15983,#10281);
#8787=LINE('',#15985,#10282);
#8788=LINE('',#15987,#10283);
#8789=LINE('',#15988,#10284);
#8790=LINE('',#15991,#10285);
#8791=LINE('',#15994,#10286);
#8792=LINE('',#15996,#10287);
#8793=LINE('',#15998,#10288);
#8794=LINE('',#16000,#10289);
#8795=LINE('',#16002,#10290);
#8796=LINE('',#16004,#10291);
#8797=LINE('',#16006,#10292);
#8798=LINE('',#16008,#10293);
#8799=LINE('',#16010,#10294);
#8800=LINE('',#16012,#10295);
#8801=LINE('',#16014,#10296);
#8802=LINE('',#16016,#10297);
#8803=LINE('',#16018,#10298);
#8804=LINE('',#16020,#10299);
#8805=LINE('',#16022,#10300);
#8806=LINE('',#16024,#10301);
#8807=LINE('',#16026,#10302);
#8808=LINE('',#16028,#10303);
#8809=LINE('',#16030,#10304);
#8810=LINE('',#16032,#10305);
#8811=LINE('',#16034,#10306);
#8812=LINE('',#16036,#10307);
#8813=LINE('',#16038,#10308);
#8814=LINE('',#16040,#10309);
#8815=LINE('',#16042,#10310);
#8816=LINE('',#16044,#10311);
#8817=LINE('',#16046,#10312);
#8818=LINE('',#16048,#10313);
#8819=LINE('',#16050,#10314);
#8820=LINE('',#16052,#10315);
#8821=LINE('',#16054,#10316);
#8822=LINE('',#16056,#10317);
#8823=LINE('',#16058,#10318);
#8824=LINE('',#16060,#10319);
#8825=LINE('',#16061,#10320);
#8826=LINE('',#16064,#10321);
#8827=LINE('',#16067,#10322);
#8828=LINE('',#16069,#10323);
#8829=LINE('',#16071,#10324);
#8830=LINE('',#16073,#10325);
#8831=LINE('',#16075,#10326);
#8832=LINE('',#16077,#10327);
#8833=LINE('',#16079,#10328);
#8834=LINE('',#16081,#10329);
#8835=LINE('',#16083,#10330);
#8836=LINE('',#16085,#10331);
#8837=LINE('',#16087,#10332);
#8838=LINE('',#16089,#10333);
#8839=LINE('',#16091,#10334);
#8840=LINE('',#16093,#10335);
#8841=LINE('',#16095,#10336);
#8842=LINE('',#16097,#10337);
#8843=LINE('',#16099,#10338);
#8844=LINE('',#16101,#10339);
#8845=LINE('',#16103,#10340);
#8846=LINE('',#16105,#10341);
#8847=LINE('',#16107,#10342);
#8848=LINE('',#16109,#10343);
#8849=LINE('',#16111,#10344);
#8850=LINE('',#16113,#10345);
#8851=LINE('',#16115,#10346);
#8852=LINE('',#16117,#10347);
#8853=LINE('',#16119,#10348);
#8854=LINE('',#16121,#10349);
#8855=LINE('',#16123,#10350);
#8856=LINE('',#16125,#10351);
#8857=LINE('',#16127,#10352);
#8858=LINE('',#16129,#10353);
#8859=LINE('',#16131,#10354);
#8860=LINE('',#16133,#10355);
#8861=LINE('',#16134,#10356);
#8862=LINE('',#16137,#10357);
#8863=LINE('',#16140,#10358);
#8864=LINE('',#16142,#10359);
#8865=LINE('',#16144,#10360);
#8866=LINE('',#16146,#10361);
#8867=LINE('',#16148,#10362);
#8868=LINE('',#16150,#10363);
#8869=LINE('',#16152,#10364);
#8870=LINE('',#16154,#10365);
#8871=LINE('',#16156,#10366);
#8872=LINE('',#16158,#10367);
#8873=LINE('',#16160,#10368);
#8874=LINE('',#16162,#10369);
#8875=LINE('',#16164,#10370);
#8876=LINE('',#16166,#10371);
#8877=LINE('',#16168,#10372);
#8878=LINE('',#16170,#10373);
#8879=LINE('',#16172,#10374);
#8880=LINE('',#16174,#10375);
#8881=LINE('',#16176,#10376);
#8882=LINE('',#16178,#10377);
#8883=LINE('',#16180,#10378);
#8884=LINE('',#16182,#10379);
#8885=LINE('',#16184,#10380);
#8886=LINE('',#16186,#10381);
#8887=LINE('',#16188,#10382);
#8888=LINE('',#16190,#10383);
#8889=LINE('',#16192,#10384);
#8890=LINE('',#16194,#10385);
#8891=LINE('',#16196,#10386);
#8892=LINE('',#16198,#10387);
#8893=LINE('',#16200,#10388);
#8894=LINE('',#16202,#10389);
#8895=LINE('',#16204,#10390);
#8896=LINE('',#16206,#10391);
#8897=LINE('',#16207,#10392);
#8898=LINE('',#16210,#10393);
#8899=LINE('',#16213,#10394);
#8900=LINE('',#16215,#10395);
#8901=LINE('',#16217,#10396);
#8902=LINE('',#16219,#10397);
#8903=LINE('',#16221,#10398);
#8904=LINE('',#16223,#10399);
#8905=LINE('',#16225,#10400);
#8906=LINE('',#16227,#10401);
#8907=LINE('',#16229,#10402);
#8908=LINE('',#16231,#10403);
#8909=LINE('',#16233,#10404);
#8910=LINE('',#16235,#10405);
#8911=LINE('',#16237,#10406);
#8912=LINE('',#16239,#10407);
#8913=LINE('',#16241,#10408);
#8914=LINE('',#16243,#10409);
#8915=LINE('',#16245,#10410);
#8916=LINE('',#16247,#10411);
#8917=LINE('',#16249,#10412);
#8918=LINE('',#16251,#10413);
#8919=LINE('',#16253,#10414);
#8920=LINE('',#16255,#10415);
#8921=LINE('',#16257,#10416);
#8922=LINE('',#16259,#10417);
#8923=LINE('',#16261,#10418);
#8924=LINE('',#16263,#10419);
#8925=LINE('',#16265,#10420);
#8926=LINE('',#16267,#10421);
#8927=LINE('',#16269,#10422);
#8928=LINE('',#16271,#10423);
#8929=LINE('',#16273,#10424);
#8930=LINE('',#16275,#10425);
#8931=LINE('',#16277,#10426);
#8932=LINE('',#16279,#10427);
#8933=LINE('',#16280,#10428);
#8934=LINE('',#16283,#10429);
#8935=LINE('',#16286,#10430);
#8936=LINE('',#16288,#10431);
#8937=LINE('',#16290,#10432);
#8938=LINE('',#16292,#10433);
#8939=LINE('',#16294,#10434);
#8940=LINE('',#16296,#10435);
#8941=LINE('',#16298,#10436);
#8942=LINE('',#16300,#10437);
#8943=LINE('',#16302,#10438);
#8944=LINE('',#16304,#10439);
#8945=LINE('',#16306,#10440);
#8946=LINE('',#16308,#10441);
#8947=LINE('',#16310,#10442);
#8948=LINE('',#16312,#10443);
#8949=LINE('',#16314,#10444);
#8950=LINE('',#16316,#10445);
#8951=LINE('',#16318,#10446);
#8952=LINE('',#16320,#10447);
#8953=LINE('',#16322,#10448);
#8954=LINE('',#16324,#10449);
#8955=LINE('',#16326,#10450);
#8956=LINE('',#16328,#10451);
#8957=LINE('',#16330,#10452);
#8958=LINE('',#16332,#10453);
#8959=LINE('',#16334,#10454);
#8960=LINE('',#16336,#10455);
#8961=LINE('',#16338,#10456);
#8962=LINE('',#16340,#10457);
#8963=LINE('',#16342,#10458);
#8964=LINE('',#16344,#10459);
#8965=LINE('',#16346,#10460);
#8966=LINE('',#16348,#10461);
#8967=LINE('',#16350,#10462);
#8968=LINE('',#16352,#10463);
#8969=LINE('',#16353,#10464);
#8970=LINE('',#16356,#10465);
#8971=LINE('',#16359,#10466);
#8972=LINE('',#16361,#10467);
#8973=LINE('',#16363,#10468);
#8974=LINE('',#16365,#10469);
#8975=LINE('',#16367,#10470);
#8976=LINE('',#16369,#10471);
#8977=LINE('',#16371,#10472);
#8978=LINE('',#16373,#10473);
#8979=LINE('',#16375,#10474);
#8980=LINE('',#16377,#10475);
#8981=LINE('',#16379,#10476);
#8982=LINE('',#16381,#10477);
#8983=LINE('',#16383,#10478);
#8984=LINE('',#16385,#10479);
#8985=LINE('',#16387,#10480);
#8986=LINE('',#16389,#10481);
#8987=LINE('',#16391,#10482);
#8988=LINE('',#16393,#10483);
#8989=LINE('',#16395,#10484);
#8990=LINE('',#16397,#10485);
#8991=LINE('',#16399,#10486);
#8992=LINE('',#16401,#10487);
#8993=LINE('',#16403,#10488);
#8994=LINE('',#16405,#10489);
#8995=LINE('',#16407,#10490);
#8996=LINE('',#16409,#10491);
#8997=LINE('',#16411,#10492);
#8998=LINE('',#16413,#10493);
#8999=LINE('',#16415,#10494);
#9000=LINE('',#16417,#10495);
#9001=LINE('',#16419,#10496);
#9002=LINE('',#16421,#10497);
#9003=LINE('',#16423,#10498);
#9004=LINE('',#16425,#10499);
#9005=LINE('',#16426,#10500);
#9006=LINE('',#16429,#10501);
#9007=LINE('',#16432,#10502);
#9008=LINE('',#16434,#10503);
#9009=LINE('',#16436,#10504);
#9010=LINE('',#16438,#10505);
#9011=LINE('',#16440,#10506);
#9012=LINE('',#16442,#10507);
#9013=LINE('',#16444,#10508);
#9014=LINE('',#16446,#10509);
#9015=LINE('',#16448,#10510);
#9016=LINE('',#16450,#10511);
#9017=LINE('',#16452,#10512);
#9018=LINE('',#16454,#10513);
#9019=LINE('',#16456,#10514);
#9020=LINE('',#16458,#10515);
#9021=LINE('',#16460,#10516);
#9022=LINE('',#16462,#10517);
#9023=LINE('',#16464,#10518);
#9024=LINE('',#16466,#10519);
#9025=LINE('',#16468,#10520);
#9026=LINE('',#16470,#10521);
#9027=LINE('',#16472,#10522);
#9028=LINE('',#16474,#10523);
#9029=LINE('',#16476,#10524);
#9030=LINE('',#16478,#10525);
#9031=LINE('',#16480,#10526);
#9032=LINE('',#16482,#10527);
#9033=LINE('',#16484,#10528);
#9034=LINE('',#16486,#10529);
#9035=LINE('',#16488,#10530);
#9036=LINE('',#16490,#10531);
#9037=LINE('',#16492,#10532);
#9038=LINE('',#16494,#10533);
#9039=LINE('',#16496,#10534);
#9040=LINE('',#16498,#10535);
#9041=LINE('',#16499,#10536);
#9042=LINE('',#16502,#10537);
#9043=LINE('',#16505,#10538);
#9044=LINE('',#16507,#10539);
#9045=LINE('',#16509,#10540);
#9046=LINE('',#16511,#10541);
#9047=LINE('',#16513,#10542);
#9048=LINE('',#16515,#10543);
#9049=LINE('',#16517,#10544);
#9050=LINE('',#16519,#10545);
#9051=LINE('',#16521,#10546);
#9052=LINE('',#16523,#10547);
#9053=LINE('',#16525,#10548);
#9054=LINE('',#16527,#10549);
#9055=LINE('',#16529,#10550);
#9056=LINE('',#16531,#10551);
#9057=LINE('',#16533,#10552);
#9058=LINE('',#16535,#10553);
#9059=LINE('',#16537,#10554);
#9060=LINE('',#16539,#10555);
#9061=LINE('',#16541,#10556);
#9062=LINE('',#16543,#10557);
#9063=LINE('',#16545,#10558);
#9064=LINE('',#16547,#10559);
#9065=LINE('',#16549,#10560);
#9066=LINE('',#16551,#10561);
#9067=LINE('',#16553,#10562);
#9068=LINE('',#16555,#10563);
#9069=LINE('',#16557,#10564);
#9070=LINE('',#16559,#10565);
#9071=LINE('',#16561,#10566);
#9072=LINE('',#16563,#10567);
#9073=LINE('',#16565,#10568);
#9074=LINE('',#16567,#10569);
#9075=LINE('',#16569,#10570);
#9076=LINE('',#16571,#10571);
#9077=LINE('',#16572,#10572);
#9078=LINE('',#16575,#10573);
#9079=LINE('',#16578,#10574);
#9080=LINE('',#16580,#10575);
#9081=LINE('',#16582,#10576);
#9082=LINE('',#16584,#10577);
#9083=LINE('',#16586,#10578);
#9084=LINE('',#16588,#10579);
#9085=LINE('',#16590,#10580);
#9086=LINE('',#16592,#10581);
#9087=LINE('',#16594,#10582);
#9088=LINE('',#16596,#10583);
#9089=LINE('',#16598,#10584);
#9090=LINE('',#16600,#10585);
#9091=LINE('',#16602,#10586);
#9092=LINE('',#16604,#10587);
#9093=LINE('',#16606,#10588);
#9094=LINE('',#16608,#10589);
#9095=LINE('',#16610,#10590);
#9096=LINE('',#16612,#10591);
#9097=LINE('',#16614,#10592);
#9098=LINE('',#16616,#10593);
#9099=LINE('',#16618,#10594);
#9100=LINE('',#16620,#10595);
#9101=LINE('',#16622,#10596);
#9102=LINE('',#16624,#10597);
#9103=LINE('',#16626,#10598);
#9104=LINE('',#16628,#10599);
#9105=LINE('',#16630,#10600);
#9106=LINE('',#16632,#10601);
#9107=LINE('',#16634,#10602);
#9108=LINE('',#16636,#10603);
#9109=LINE('',#16638,#10604);
#9110=LINE('',#16640,#10605);
#9111=LINE('',#16642,#10606);
#9112=LINE('',#16644,#10607);
#9113=LINE('',#16645,#10608);
#9114=LINE('',#16648,#10609);
#9115=LINE('',#16649,#10610);
#9116=LINE('',#16651,#10611);
#9117=LINE('',#16653,#10612);
#9118=LINE('',#16657,#10613);
#9119=LINE('',#16658,#10614);
#9120=LINE('',#16660,#10615);
#9121=LINE('',#16662,#10616);
#9122=LINE('',#16666,#10617);
#9123=LINE('',#16667,#10618);
#9124=LINE('',#16669,#10619);
#9125=LINE('',#16671,#10620);
#9126=LINE('',#16675,#10621);
#9127=LINE('',#16676,#10622);
#9128=LINE('',#16678,#10623);
#9129=LINE('',#16680,#10624);
#9130=LINE('',#16684,#10625);
#9131=LINE('',#16685,#10626);
#9132=LINE('',#16687,#10627);
#9133=LINE('',#16689,#10628);
#9134=LINE('',#16693,#10629);
#9135=LINE('',#16694,#10630);
#9136=LINE('',#16696,#10631);
#9137=LINE('',#16698,#10632);
#9138=LINE('',#16702,#10633);
#9139=LINE('',#16703,#10634);
#9140=LINE('',#16705,#10635);
#9141=LINE('',#16707,#10636);
#9142=LINE('',#16711,#10637);
#9143=LINE('',#16712,#10638);
#9144=LINE('',#16714,#10639);
#9145=LINE('',#16716,#10640);
#9146=LINE('',#16720,#10641);
#9147=LINE('',#16721,#10642);
#9148=LINE('',#16723,#10643);
#9149=LINE('',#16725,#10644);
#9150=LINE('',#16729,#10645);
#9151=LINE('',#16730,#10646);
#9152=LINE('',#16732,#10647);
#9153=LINE('',#16734,#10648);
#9154=LINE('',#16738,#10649);
#9155=LINE('',#16739,#10650);
#9156=LINE('',#16741,#10651);
#9157=LINE('',#16743,#10652);
#9158=LINE('',#16747,#10653);
#9159=LINE('',#16748,#10654);
#9160=LINE('',#16750,#10655);
#9161=LINE('',#16752,#10656);
#9162=LINE('',#16756,#10657);
#9163=LINE('',#16757,#10658);
#9164=LINE('',#16759,#10659);
#9165=LINE('',#16761,#10660);
#9166=LINE('',#16763,#10661);
#9167=LINE('',#16765,#10662);
#9168=LINE('',#16767,#10663);
#9169=LINE('',#16769,#10664);
#9170=LINE('',#16771,#10665);
#9171=LINE('',#16773,#10666);
#9172=LINE('',#16775,#10667);
#9173=LINE('',#16777,#10668);
#9174=LINE('',#16780,#10669);
#9175=LINE('',#16781,#10670);
#9176=LINE('',#16783,#10671);
#9177=LINE('',#16785,#10672);
#9178=LINE('',#16787,#10673);
#9179=LINE('',#16789,#10674);
#9180=LINE('',#16791,#10675);
#9181=LINE('',#16793,#10676);
#9182=LINE('',#16795,#10677);
#9183=LINE('',#16797,#10678);
#9184=LINE('',#16799,#10679);
#9185=LINE('',#16801,#10680);
#9186=LINE('',#16804,#10681);
#9187=LINE('',#16805,#10682);
#9188=LINE('',#16807,#10683);
#9189=LINE('',#16809,#10684);
#9190=LINE('',#16811,#10685);
#9191=LINE('',#16813,#10686);
#9192=LINE('',#16815,#10687);
#9193=LINE('',#16817,#10688);
#9194=LINE('',#16819,#10689);
#9195=LINE('',#16821,#10690);
#9196=LINE('',#16823,#10691);
#9197=LINE('',#16825,#10692);
#9198=LINE('',#16828,#10693);
#9199=LINE('',#16829,#10694);
#9200=LINE('',#16831,#10695);
#9201=LINE('',#16833,#10696);
#9202=LINE('',#16835,#10697);
#9203=LINE('',#16837,#10698);
#9204=LINE('',#16839,#10699);
#9205=LINE('',#16841,#10700);
#9206=LINE('',#16843,#10701);
#9207=LINE('',#16845,#10702);
#9208=LINE('',#16847,#10703);
#9209=LINE('',#16849,#10704);
#9210=LINE('',#16852,#10705);
#9211=LINE('',#16853,#10706);
#9212=LINE('',#16855,#10707);
#9213=LINE('',#16857,#10708);
#9214=LINE('',#16859,#10709);
#9215=LINE('',#16861,#10710);
#9216=LINE('',#16863,#10711);
#9217=LINE('',#16865,#10712);
#9218=LINE('',#16867,#10713);
#9219=LINE('',#16869,#10714);
#9220=LINE('',#16871,#10715);
#9221=LINE('',#16873,#10716);
#9222=LINE('',#16876,#10717);
#9223=LINE('',#16877,#10718);
#9224=LINE('',#16879,#10719);
#9225=LINE('',#16881,#10720);
#9226=LINE('',#16883,#10721);
#9227=LINE('',#16885,#10722);
#9228=LINE('',#16887,#10723);
#9229=LINE('',#16889,#10724);
#9230=LINE('',#16891,#10725);
#9231=LINE('',#16893,#10726);
#9232=LINE('',#16895,#10727);
#9233=LINE('',#16897,#10728);
#9234=LINE('',#16900,#10729);
#9235=LINE('',#16901,#10730);
#9236=LINE('',#16903,#10731);
#9237=LINE('',#16905,#10732);
#9238=LINE('',#16907,#10733);
#9239=LINE('',#16909,#10734);
#9240=LINE('',#16911,#10735);
#9241=LINE('',#16913,#10736);
#9242=LINE('',#16915,#10737);
#9243=LINE('',#16917,#10738);
#9244=LINE('',#16919,#10739);
#9245=LINE('',#16921,#10740);
#9246=LINE('',#16924,#10741);
#9247=LINE('',#16925,#10742);
#9248=LINE('',#16927,#10743);
#9249=LINE('',#16929,#10744);
#9250=LINE('',#16931,#10745);
#9251=LINE('',#16933,#10746);
#9252=LINE('',#16935,#10747);
#9253=LINE('',#16937,#10748);
#9254=LINE('',#16939,#10749);
#9255=LINE('',#16941,#10750);
#9256=LINE('',#16943,#10751);
#9257=LINE('',#16945,#10752);
#9258=LINE('',#16948,#10753);
#9259=LINE('',#16949,#10754);
#9260=LINE('',#16951,#10755);
#9261=LINE('',#16953,#10756);
#9262=LINE('',#16955,#10757);
#9263=LINE('',#16957,#10758);
#9264=LINE('',#16959,#10759);
#9265=LINE('',#16961,#10760);
#9266=LINE('',#16963,#10761);
#9267=LINE('',#16965,#10762);
#9268=LINE('',#16967,#10763);
#9269=LINE('',#16969,#10764);
#9270=LINE('',#16972,#10765);
#9271=LINE('',#16973,#10766);
#9272=LINE('',#16975,#10767);
#9273=LINE('',#16977,#10768);
#9274=LINE('',#16979,#10769);
#9275=LINE('',#16981,#10770);
#9276=LINE('',#16983,#10771);
#9277=LINE('',#16985,#10772);
#9278=LINE('',#16987,#10773);
#9279=LINE('',#16989,#10774);
#9280=LINE('',#16991,#10775);
#9281=LINE('',#16993,#10776);
#9282=LINE('',#16996,#10777);
#9283=LINE('',#16997,#10778);
#9284=LINE('',#16999,#10779);
#9285=LINE('',#17001,#10780);
#9286=LINE('',#17003,#10781);
#9287=LINE('',#17005,#10782);
#9288=LINE('',#17007,#10783);
#9289=LINE('',#17009,#10784);
#9290=LINE('',#17011,#10785);
#9291=LINE('',#17013,#10786);
#9292=LINE('',#17015,#10787);
#9293=LINE('',#17017,#10788);
#9294=LINE('',#17020,#10789);
#9295=LINE('',#17021,#10790);
#9296=LINE('',#17023,#10791);
#9297=LINE('',#17025,#10792);
#9298=LINE('',#17027,#10793);
#9299=LINE('',#17029,#10794);
#9300=LINE('',#17031,#10795);
#9301=LINE('',#17033,#10796);
#9302=LINE('',#17035,#10797);
#9303=LINE('',#17037,#10798);
#9304=LINE('',#17039,#10799);
#9305=LINE('',#17041,#10800);
#9306=LINE('',#17044,#10801);
#9307=LINE('',#17046,#10802);
#9308=LINE('',#17049,#10803);
#9309=LINE('',#17051,#10804);
#9310=LINE('',#17054,#10805);
#9311=LINE('',#17056,#10806);
#9312=LINE('',#17059,#10807);
#9313=LINE('',#17061,#10808);
#9314=LINE('',#17064,#10809);
#9315=LINE('',#17066,#10810);
#9316=LINE('',#17069,#10811);
#9317=LINE('',#17071,#10812);
#9318=LINE('',#17074,#10813);
#9319=LINE('',#17076,#10814);
#9320=LINE('',#17079,#10815);
#9321=LINE('',#17081,#10816);
#9322=LINE('',#17084,#10817);
#9323=LINE('',#17086,#10818);
#9324=LINE('',#17089,#10819);
#9325=LINE('',#17091,#10820);
#9326=LINE('',#17094,#10821);
#9327=LINE('',#17096,#10822);
#9328=LINE('',#17099,#10823);
#9329=LINE('',#17101,#10824);
#9330=LINE('',#17104,#10825);
#9331=LINE('',#17107,#10826);
#9332=LINE('',#17108,#10827);
#9333=LINE('',#17110,#10828);
#9334=LINE('',#17112,#10829);
#9335=LINE('',#17114,#10830);
#9336=LINE('',#17116,#10831);
#9337=LINE('',#17117,#10832);
#9338=VECTOR('',#11422,1.);
#9339=VECTOR('',#11423,1.);
#9340=VECTOR('',#11424,1.);
#9341=VECTOR('',#11425,1.);
#9342=VECTOR('',#11426,1.);
#9343=VECTOR('',#11427,1.);
#9344=VECTOR('',#11428,1.);
#9345=VECTOR('',#11429,1.);
#9346=VECTOR('',#11430,1.);
#9347=VECTOR('',#11431,1.);
#9348=VECTOR('',#11432,1.);
#9349=VECTOR('',#11433,1.);
#9350=VECTOR('',#11434,1.);
#9351=VECTOR('',#11435,1.);
#9352=VECTOR('',#11436,1.);
#9353=VECTOR('',#11437,1.);
#9354=VECTOR('',#11438,1.);
#9355=VECTOR('',#11439,1.);
#9356=VECTOR('',#11440,1.);
#9357=VECTOR('',#11441,1.);
#9358=VECTOR('',#11442,1.);
#9359=VECTOR('',#11443,1.);
#9360=VECTOR('',#11444,1.);
#9361=VECTOR('',#11445,1.);
#9362=VECTOR('',#11446,1.);
#9363=VECTOR('',#11447,1.);
#9364=VECTOR('',#11448,1.);
#9365=VECTOR('',#11449,1.);
#9366=VECTOR('',#11450,1.);
#9367=VECTOR('',#11451,1.);
#9368=VECTOR('',#11452,1.);
#9369=VECTOR('',#11453,1.);
#9370=VECTOR('',#11454,1.);
#9371=VECTOR('',#11455,1.);
#9372=VECTOR('',#11456,1.);
#9373=VECTOR('',#11457,1.);
#9374=VECTOR('',#11458,1.);
#9375=VECTOR('',#11459,1.);
#9376=VECTOR('',#11460,1.);
#9377=VECTOR('',#11461,1.);
#9378=VECTOR('',#11462,1.);
#9379=VECTOR('',#11463,1.);
#9380=VECTOR('',#11464,1.);
#9381=VECTOR('',#11465,1.);
#9382=VECTOR('',#11466,1.);
#9383=VECTOR('',#11467,1.);
#9384=VECTOR('',#11468,1.);
#9385=VECTOR('',#11469,1.);
#9386=VECTOR('',#11470,1.);
#9387=VECTOR('',#11471,1.);
#9388=VECTOR('',#11472,1.);
#9389=VECTOR('',#11473,1.);
#9390=VECTOR('',#11474,1.);
#9391=VECTOR('',#11475,1.);
#9392=VECTOR('',#11476,1.);
#9393=VECTOR('',#11477,1.);
#9394=VECTOR('',#11478,1.);
#9395=VECTOR('',#11479,1.);
#9396=VECTOR('',#11480,1.);
#9397=VECTOR('',#11481,1.);
#9398=VECTOR('',#11482,1.);
#9399=VECTOR('',#11483,1.);
#9400=VECTOR('',#11484,1.);
#9401=VECTOR('',#11485,1.);
#9402=VECTOR('',#11488,1.);
#9403=VECTOR('',#11489,1.);
#9404=VECTOR('',#11490,1.);
#9405=VECTOR('',#11491,1.);
#9406=VECTOR('',#11492,1.);
#9407=VECTOR('',#11493,1.);
#9408=VECTOR('',#11494,1.);
#9409=VECTOR('',#11495,1.);
#9410=VECTOR('',#11496,1.);
#9411=VECTOR('',#11497,1.);
#9412=VECTOR('',#11498,1.);
#9413=VECTOR('',#11499,1.);
#9414=VECTOR('',#11500,1.);
#9415=VECTOR('',#11501,1.);
#9416=VECTOR('',#11502,1.);
#9417=VECTOR('',#11503,1.);
#9418=VECTOR('',#11504,1.);
#9419=VECTOR('',#11505,1.);
#9420=VECTOR('',#11506,1.);
#9421=VECTOR('',#11507,1.);
#9422=VECTOR('',#11508,1.);
#9423=VECTOR('',#11509,1.);
#9424=VECTOR('',#11510,1.);
#9425=VECTOR('',#11511,1.);
#9426=VECTOR('',#11512,1.);
#9427=VECTOR('',#11513,1.);
#9428=VECTOR('',#11514,1.);
#9429=VECTOR('',#11515,1.);
#9430=VECTOR('',#11516,1.);
#9431=VECTOR('',#11517,1.);
#9432=VECTOR('',#11518,1.);
#9433=VECTOR('',#11519,1.);
#9434=VECTOR('',#11520,1.);
#9435=VECTOR('',#11521,1.);
#9436=VECTOR('',#11522,1.);
#9437=VECTOR('',#11523,1.);
#9438=VECTOR('',#11524,1.);
#9439=VECTOR('',#11525,1.);
#9440=VECTOR('',#11526,1.);
#9441=VECTOR('',#11527,1.);
#9442=VECTOR('',#11528,1.);
#9443=VECTOR('',#11529,1.);
#9444=VECTOR('',#11530,1.);
#9445=VECTOR('',#11531,1.);
#9446=VECTOR('',#11532,1.);
#9447=VECTOR('',#11533,1.);
#9448=VECTOR('',#11534,1.);
#9449=VECTOR('',#11535,1.);
#9450=VECTOR('',#11536,1.);
#9451=VECTOR('',#11537,1.);
#9452=VECTOR('',#11538,1.);
#9453=VECTOR('',#11539,1.);
#9454=VECTOR('',#11540,1.);
#9455=VECTOR('',#11541,1.);
#9456=VECTOR('',#11542,1.);
#9457=VECTOR('',#11543,1.);
#9458=VECTOR('',#11544,1.);
#9459=VECTOR('',#11545,1.);
#9460=VECTOR('',#11546,1.);
#9461=VECTOR('',#11547,1.);
#9462=VECTOR('',#11548,1.);
#9463=VECTOR('',#11549,1.);
#9464=VECTOR('',#11550,1.);
#9465=VECTOR('',#11551,1.);
#9466=VECTOR('',#11552,1.);
#9467=VECTOR('',#11553,1.);
#9468=VECTOR('',#11554,1.);
#9469=VECTOR('',#11555,1.);
#9470=VECTOR('',#11556,1.);
#9471=VECTOR('',#11557,1.);
#9472=VECTOR('',#11558,1.);
#9473=VECTOR('',#11559,1.);
#9474=VECTOR('',#11560,1.);
#9475=VECTOR('',#11561,1.);
#9476=VECTOR('',#11562,1.);
#9477=VECTOR('',#11563,1.);
#9478=VECTOR('',#11564,1.);
#9479=VECTOR('',#11565,1.);
#9480=VECTOR('',#11566,1.);
#9481=VECTOR('',#11567,1.);
#9482=VECTOR('',#11568,1.);
#9483=VECTOR('',#11569,1.);
#9484=VECTOR('',#11572,1.);
#9485=VECTOR('',#11573,1.);
#9486=VECTOR('',#11574,1.);
#9487=VECTOR('',#11577,1.);
#9488=VECTOR('',#11578,1.);
#9489=VECTOR('',#11579,1.);
#9490=VECTOR('',#11582,1.);
#9491=VECTOR('',#11583,1.);
#9492=VECTOR('',#11584,1.);
#9493=VECTOR('',#11587,1.);
#9494=VECTOR('',#11588,1.);
#9495=VECTOR('',#11589,1.);
#9496=VECTOR('',#11592,1.);
#9497=VECTOR('',#11593,1.);
#9498=VECTOR('',#11594,1.);
#9499=VECTOR('',#11597,1.);
#9500=VECTOR('',#11598,1.);
#9501=VECTOR('',#11599,1.);
#9502=VECTOR('',#11602,1.);
#9503=VECTOR('',#11603,1.);
#9504=VECTOR('',#11604,1.);
#9505=VECTOR('',#11607,1.);
#9506=VECTOR('',#11608,1.);
#9507=VECTOR('',#11609,1.);
#9508=VECTOR('',#11612,1.);
#9509=VECTOR('',#11613,1.);
#9510=VECTOR('',#11614,1.);
#9511=VECTOR('',#11617,1.);
#9512=VECTOR('',#11618,1.);
#9513=VECTOR('',#11619,1.);
#9514=VECTOR('',#11622,1.);
#9515=VECTOR('',#11623,1.);
#9516=VECTOR('',#11624,1.);
#9517=VECTOR('',#11627,1.);
#9518=VECTOR('',#11628,1.);
#9519=VECTOR('',#11629,1.);
#9520=VECTOR('',#11632,1.);
#9521=VECTOR('',#11633,1.);
#9522=VECTOR('',#11634,1.);
#9523=VECTOR('',#11637,1.);
#9524=VECTOR('',#11638,1.);
#9525=VECTOR('',#11639,1.);
#9526=VECTOR('',#11640,1.);
#9527=VECTOR('',#11641,1.);
#9528=VECTOR('',#11642,1.);
#9529=VECTOR('',#11643,1.);
#9530=VECTOR('',#11644,1.);
#9531=VECTOR('',#11645,1.);
#9532=VECTOR('',#11646,1.);
#9533=VECTOR('',#11647,1.);
#9534=VECTOR('',#11648,1.);
#9535=VECTOR('',#11649,1.);
#9536=VECTOR('',#11650,1.);
#9537=VECTOR('',#11651,1.);
#9538=VECTOR('',#11652,1.);
#9539=VECTOR('',#11653,1.);
#9540=VECTOR('',#11654,1.);
#9541=VECTOR('',#11655,1.);
#9542=VECTOR('',#11656,1.);
#9543=VECTOR('',#11657,1.);
#9544=VECTOR('',#11658,1.);
#9545=VECTOR('',#11659,1.);
#9546=VECTOR('',#11660,1.);
#9547=VECTOR('',#11661,1.);
#9548=VECTOR('',#11662,1.);
#9549=VECTOR('',#11663,1.);
#9550=VECTOR('',#11664,1.);
#9551=VECTOR('',#11665,1.);
#9552=VECTOR('',#11666,1.);
#9553=VECTOR('',#11667,1.);
#9554=VECTOR('',#11668,1.);
#9555=VECTOR('',#11669,1.);
#9556=VECTOR('',#11670,1.);
#9557=VECTOR('',#11671,1.);
#9558=VECTOR('',#11672,1.);
#9559=VECTOR('',#11673,1.);
#9560=VECTOR('',#11674,1.);
#9561=VECTOR('',#11675,1.);
#9562=VECTOR('',#11676,1.);
#9563=VECTOR('',#11677,1.);
#9564=VECTOR('',#11680,1.);
#9565=VECTOR('',#11681,1.);
#9566=VECTOR('',#11682,1.);
#9567=VECTOR('',#11683,1.);
#9568=VECTOR('',#11684,1.);
#9569=VECTOR('',#11685,1.);
#9570=VECTOR('',#11686,1.);
#9571=VECTOR('',#11687,1.);
#9572=VECTOR('',#11688,1.);
#9573=VECTOR('',#11689,1.);
#9574=VECTOR('',#11690,1.);
#9575=VECTOR('',#11691,1.);
#9576=VECTOR('',#11692,1.);
#9577=VECTOR('',#11693,1.);
#9578=VECTOR('',#11694,1.);
#9579=VECTOR('',#11695,1.);
#9580=VECTOR('',#11696,1.);
#9581=VECTOR('',#11697,1.);
#9582=VECTOR('',#11698,1.);
#9583=VECTOR('',#11699,1.);
#9584=VECTOR('',#11700,1.);
#9585=VECTOR('',#11701,1.);
#9586=VECTOR('',#11702,1.);
#9587=VECTOR('',#11703,1.);
#9588=VECTOR('',#11704,1.);
#9589=VECTOR('',#11705,1.);
#9590=VECTOR('',#11706,1.);
#9591=VECTOR('',#11707,1.);
#9592=VECTOR('',#11708,1.);
#9593=VECTOR('',#11709,1.);
#9594=VECTOR('',#11710,1.);
#9595=VECTOR('',#11711,1.);
#9596=VECTOR('',#11712,1.);
#9597=VECTOR('',#11713,1.);
#9598=VECTOR('',#11714,1.);
#9599=VECTOR('',#11715,1.);
#9600=VECTOR('',#11716,1.);
#9601=VECTOR('',#11717,1.);
#9602=VECTOR('',#11718,1.);
#9603=VECTOR('',#11719,1.);
#9604=VECTOR('',#11720,1.);
#9605=VECTOR('',#11721,1.);
#9606=VECTOR('',#11722,1.);
#9607=VECTOR('',#11723,1.);
#9608=VECTOR('',#11724,1.);
#9609=VECTOR('',#11725,1.);
#9610=VECTOR('',#11726,1.);
#9611=VECTOR('',#11727,1.);
#9612=VECTOR('',#11728,1.);
#9613=VECTOR('',#11729,1.);
#9614=VECTOR('',#11730,1.);
#9615=VECTOR('',#11731,1.);
#9616=VECTOR('',#11732,1.);
#9617=VECTOR('',#11733,1.);
#9618=VECTOR('',#11734,1.);
#9619=VECTOR('',#11735,1.);
#9620=VECTOR('',#11736,1.);
#9621=VECTOR('',#11737,1.);
#9622=VECTOR('',#11738,1.);
#9623=VECTOR('',#11739,1.);
#9624=VECTOR('',#11742,1.);
#9625=VECTOR('',#11743,1.);
#9626=VECTOR('',#11744,1.);
#9627=VECTOR('',#11745,1.);
#9628=VECTOR('',#11748,1.);
#9629=VECTOR('',#11749,1.);
#9630=VECTOR('',#11750,1.);
#9631=VECTOR('',#11753,1.);
#9632=VECTOR('',#11754,1.);
#9633=VECTOR('',#11757,1.);
#9634=VECTOR('',#11758,1.);
#9635=VECTOR('',#11759,1.);
#9636=VECTOR('',#11760,1.);
#9637=VECTOR('',#11763,1.);
#9638=VECTOR('',#11764,1.);
#9639=VECTOR('',#11765,1.);
#9640=VECTOR('',#11768,1.);
#9641=VECTOR('',#11769,1.);
#9642=VECTOR('',#11772,1.);
#9643=VECTOR('',#11773,1.);
#9644=VECTOR('',#11774,1.);
#9645=VECTOR('',#11775,1.);
#9646=VECTOR('',#11778,1.);
#9647=VECTOR('',#11779,1.);
#9648=VECTOR('',#11780,1.);
#9649=VECTOR('',#11783,1.);
#9650=VECTOR('',#11784,1.);
#9651=VECTOR('',#11787,1.);
#9652=VECTOR('',#11788,1.);
#9653=VECTOR('',#11789,1.);
#9654=VECTOR('',#11790,1.);
#9655=VECTOR('',#11793,1.);
#9656=VECTOR('',#11794,1.);
#9657=VECTOR('',#11795,1.);
#9658=VECTOR('',#11798,1.);
#9659=VECTOR('',#11799,1.);
#9660=VECTOR('',#11802,1.);
#9661=VECTOR('',#11803,1.);
#9662=VECTOR('',#11804,1.);
#9663=VECTOR('',#11805,1.);
#9664=VECTOR('',#11808,1.);
#9665=VECTOR('',#11809,1.);
#9666=VECTOR('',#11810,1.);
#9667=VECTOR('',#11813,1.);
#9668=VECTOR('',#11814,1.);
#9669=VECTOR('',#11817,1.);
#9670=VECTOR('',#11818,1.);
#9671=VECTOR('',#11819,1.);
#9672=VECTOR('',#11820,1.);
#9673=VECTOR('',#11823,1.);
#9674=VECTOR('',#11824,1.);
#9675=VECTOR('',#11825,1.);
#9676=VECTOR('',#11828,1.);
#9677=VECTOR('',#11829,1.);
#9678=VECTOR('',#11832,1.);
#9679=VECTOR('',#11833,1.);
#9680=VECTOR('',#11834,1.);
#9681=VECTOR('',#11835,1.);
#9682=VECTOR('',#11838,1.);
#9683=VECTOR('',#11839,1.);
#9684=VECTOR('',#11840,1.);
#9685=VECTOR('',#11843,1.);
#9686=VECTOR('',#11844,1.);
#9687=VECTOR('',#11847,1.);
#9688=VECTOR('',#11848,1.);
#9689=VECTOR('',#11849,1.);
#9690=VECTOR('',#11850,1.);
#9691=VECTOR('',#11853,1.);
#9692=VECTOR('',#11854,1.);
#9693=VECTOR('',#11855,1.);
#9694=VECTOR('',#11858,1.);
#9695=VECTOR('',#11859,1.);
#9696=VECTOR('',#11862,1.);
#9697=VECTOR('',#11863,1.);
#9698=VECTOR('',#11864,1.);
#9699=VECTOR('',#11865,1.);
#9700=VECTOR('',#11868,1.);
#9701=VECTOR('',#11869,1.);
#9702=VECTOR('',#11870,1.);
#9703=VECTOR('',#11873,1.);
#9704=VECTOR('',#11874,1.);
#9705=VECTOR('',#11877,1.);
#9706=VECTOR('',#11878,1.);
#9707=VECTOR('',#11879,1.);
#9708=VECTOR('',#11880,1.);
#9709=VECTOR('',#11883,1.);
#9710=VECTOR('',#11884,1.);
#9711=VECTOR('',#11885,1.);
#9712=VECTOR('',#11888,1.);
#9713=VECTOR('',#11889,1.);
#9714=VECTOR('',#11892,1.);
#9715=VECTOR('',#11893,1.);
#9716=VECTOR('',#11894,1.);
#9717=VECTOR('',#11895,1.);
#9718=VECTOR('',#11898,1.);
#9719=VECTOR('',#11899,1.);
#9720=VECTOR('',#11900,1.);
#9721=VECTOR('',#11903,1.);
#9722=VECTOR('',#11904,1.);
#9723=VECTOR('',#11907,1.);
#9724=VECTOR('',#11908,1.);
#9725=VECTOR('',#11909,1.);
#9726=VECTOR('',#11910,1.);
#9727=VECTOR('',#11913,1.);
#9728=VECTOR('',#11914,1.);
#9729=VECTOR('',#11915,1.);
#9730=VECTOR('',#11918,1.);
#9731=VECTOR('',#11919,1.);
#9732=VECTOR('',#11922,1.);
#9733=VECTOR('',#11923,1.);
#9734=VECTOR('',#11924,1.);
#9735=VECTOR('',#11925,1.);
#9736=VECTOR('',#11926,1.);
#9737=VECTOR('',#11927,1.);
#9738=VECTOR('',#11928,1.);
#9739=VECTOR('',#11929,1.);
#9740=VECTOR('',#11930,1.);
#9741=VECTOR('',#11931,1.);
#9742=VECTOR('',#11932,1.);
#9743=VECTOR('',#11933,1.);
#9744=VECTOR('',#11934,1.);
#9745=VECTOR('',#11935,1.);
#9746=VECTOR('',#11936,1.);
#9747=VECTOR('',#11937,1.);
#9748=VECTOR('',#11938,1.);
#9749=VECTOR('',#11939,1.);
#9750=VECTOR('',#11940,1.);
#9751=VECTOR('',#11941,1.);
#9752=VECTOR('',#11942,1.);
#9753=VECTOR('',#11943,1.);
#9754=VECTOR('',#11944,1.);
#9755=VECTOR('',#11945,1.);
#9756=VECTOR('',#11946,1.);
#9757=VECTOR('',#11947,1.);
#9758=VECTOR('',#11948,1.);
#9759=VECTOR('',#11949,1.);
#9760=VECTOR('',#11950,1.);
#9761=VECTOR('',#11951,1.);
#9762=VECTOR('',#11952,1.);
#9763=VECTOR('',#11953,1.);
#9764=VECTOR('',#11954,1.);
#9765=VECTOR('',#11955,1.);
#9766=VECTOR('',#11956,1.);
#9767=VECTOR('',#11957,1.);
#9768=VECTOR('',#11958,1.);
#9769=VECTOR('',#11959,1.);
#9770=VECTOR('',#11960,1.);
#9771=VECTOR('',#11961,1.);
#9772=VECTOR('',#11962,1.);
#9773=VECTOR('',#11963,1.);
#9774=VECTOR('',#11964,1.);
#9775=VECTOR('',#11965,1.);
#9776=VECTOR('',#11966,1.);
#9777=VECTOR('',#11967,1.);
#9778=VECTOR('',#11968,1.);
#9779=VECTOR('',#11969,1.);
#9780=VECTOR('',#11970,1.);
#9781=VECTOR('',#11971,1.);
#9782=VECTOR('',#11972,1.);
#9783=VECTOR('',#11973,1.);
#9784=VECTOR('',#11974,1.);
#9785=VECTOR('',#11975,1.);
#9786=VECTOR('',#11976,1.);
#9787=VECTOR('',#11977,1.);
#9788=VECTOR('',#11978,1.);
#9789=VECTOR('',#11979,1.);
#9790=VECTOR('',#11980,1.);
#9791=VECTOR('',#11981,1.);
#9792=VECTOR('',#11982,1.);
#9793=VECTOR('',#11983,1.);
#9794=VECTOR('',#11984,1.);
#9795=VECTOR('',#11985,1.);
#9796=VECTOR('',#11986,1.);
#9797=VECTOR('',#11987,1.);
#9798=VECTOR('',#11988,1.);
#9799=VECTOR('',#11989,1.);
#9800=VECTOR('',#11990,1.);
#9801=VECTOR('',#11991,1.);
#9802=VECTOR('',#11992,1.);
#9803=VECTOR('',#11993,1.);
#9804=VECTOR('',#11994,1.);
#9805=VECTOR('',#11995,1.);
#9806=VECTOR('',#11996,1.);
#9807=VECTOR('',#11997,1.);
#9808=VECTOR('',#11998,1.);
#9809=VECTOR('',#11999,1.);
#9810=VECTOR('',#12000,1.);
#9811=VECTOR('',#12001,1.);
#9812=VECTOR('',#12002,1.);
#9813=VECTOR('',#12003,1.);
#9814=VECTOR('',#12004,1.);
#9815=VECTOR('',#12005,1.);
#9816=VECTOR('',#12006,1.);
#9817=VECTOR('',#12007,1.);
#9818=VECTOR('',#12008,1.);
#9819=VECTOR('',#12009,1.);
#9820=VECTOR('',#12010,1.);
#9821=VECTOR('',#12011,1.);
#9822=VECTOR('',#12012,1.);
#9823=VECTOR('',#12013,1.);
#9824=VECTOR('',#12014,1.);
#9825=VECTOR('',#12015,1.);
#9826=VECTOR('',#12016,1.);
#9827=VECTOR('',#12017,1.);
#9828=VECTOR('',#12018,1.);
#9829=VECTOR('',#12019,1.);
#9830=VECTOR('',#12020,1.);
#9831=VECTOR('',#12021,1.);
#9832=VECTOR('',#12022,1.);
#9833=VECTOR('',#12023,1.);
#9834=VECTOR('',#12024,1.);
#9835=VECTOR('',#12025,1.);
#9836=VECTOR('',#12026,1.);
#9837=VECTOR('',#12027,1.);
#9838=VECTOR('',#12028,1.);
#9839=VECTOR('',#12029,1.);
#9840=VECTOR('',#12030,1.);
#9841=VECTOR('',#12033,1.);
#9842=VECTOR('',#12034,1.);
#9843=VECTOR('',#12037,1.);
#9844=VECTOR('',#12038,1.);
#9845=VECTOR('',#12041,1.);
#9846=VECTOR('',#12042,1.);
#9847=VECTOR('',#12045,1.);
#9848=VECTOR('',#12046,1.);
#9849=VECTOR('',#12049,1.);
#9850=VECTOR('',#12050,1.);
#9851=VECTOR('',#12053,1.);
#9852=VECTOR('',#12054,1.);
#9853=VECTOR('',#12057,1.);
#9854=VECTOR('',#12058,1.);
#9855=VECTOR('',#12061,1.);
#9856=VECTOR('',#12062,1.);
#9857=VECTOR('',#12065,1.);
#9858=VECTOR('',#12066,1.);
#9859=VECTOR('',#12069,1.);
#9860=VECTOR('',#12070,1.);
#9861=VECTOR('',#12073,1.);
#9862=VECTOR('',#12074,1.);
#9863=VECTOR('',#12077,1.);
#9864=VECTOR('',#12078,1.);
#9865=VECTOR('',#12081,1.);
#9866=VECTOR('',#12082,1.);
#9867=VECTOR('',#12083,1.);
#9868=VECTOR('',#12084,1.);
#9869=VECTOR('',#12085,1.);
#9870=VECTOR('',#12086,1.);
#9871=VECTOR('',#12087,1.);
#9872=VECTOR('',#12088,1.);
#9873=VECTOR('',#12089,1.);
#9874=VECTOR('',#12090,1.);
#9875=VECTOR('',#12091,1.);
#9876=VECTOR('',#12092,1.);
#9877=VECTOR('',#12093,1.);
#9878=VECTOR('',#12096,1.);
#9879=VECTOR('',#12097,1.);
#9880=VECTOR('',#12098,1.);
#9881=VECTOR('',#12101,1.);
#9882=VECTOR('',#12102,1.);
#9883=VECTOR('',#12105,1.);
#9884=VECTOR('',#12106,1.);
#9885=VECTOR('',#12107,1.);
#9886=VECTOR('',#12110,1.);
#9887=VECTOR('',#12111,1.);
#9888=VECTOR('',#12112,1.);
#9889=VECTOR('',#12115,1.);
#9890=VECTOR('',#12116,1.);
#9891=VECTOR('',#12119,1.);
#9892=VECTOR('',#12120,1.);
#9893=VECTOR('',#12123,1.);
#9894=VECTOR('',#12124,1.);
#9895=VECTOR('',#12125,1.);
#9896=VECTOR('',#12126,1.);
#9897=VECTOR('',#12131,1.);
#9898=VECTOR('',#12136,1.);
#9899=VECTOR('',#12137,1.);
#9900=VECTOR('',#12138,1.);
#9901=VECTOR('',#12143,1.);
#9902=VECTOR('',#12148,1.);
#9903=VECTOR('',#12149,1.);
#9904=VECTOR('',#12150,1.);
#9905=VECTOR('',#12165,1.);
#9906=VECTOR('',#12166,1.);
#9907=VECTOR('',#12167,1.);
#9908=VECTOR('',#12168,1.);
#9909=VECTOR('',#12169,1.);
#9910=VECTOR('',#12170,1.);
#9911=VECTOR('',#12171,1.);
#9912=VECTOR('',#12172,1.);
#9913=VECTOR('',#12173,1.);
#9914=VECTOR('',#12174,1.);
#9915=VECTOR('',#12175,1.);
#9916=VECTOR('',#12176,1.);
#9917=VECTOR('',#12177,1.);
#9918=VECTOR('',#12178,1.);
#9919=VECTOR('',#12179,1.);
#9920=VECTOR('',#12180,1.);
#9921=VECTOR('',#12181,1.);
#9922=VECTOR('',#12182,1.);
#9923=VECTOR('',#12183,1.);
#9924=VECTOR('',#12184,1.);
#9925=VECTOR('',#12185,1.);
#9926=VECTOR('',#12186,1.);
#9927=VECTOR('',#12187,1.);
#9928=VECTOR('',#12188,1.);
#9929=VECTOR('',#12189,1.);
#9930=VECTOR('',#12190,1.);
#9931=VECTOR('',#12191,1.);
#9932=VECTOR('',#12192,1.);
#9933=VECTOR('',#12193,1.);
#9934=VECTOR('',#12194,1.);
#9935=VECTOR('',#12195,1.);
#9936=VECTOR('',#12196,1.);
#9937=VECTOR('',#12197,1.);
#9938=VECTOR('',#12198,1.);
#9939=VECTOR('',#12199,1.);
#9940=VECTOR('',#12200,1.);
#9941=VECTOR('',#12201,1.);
#9942=VECTOR('',#12202,1.);
#9943=VECTOR('',#12203,1.);
#9944=VECTOR('',#12204,1.);
#9945=VECTOR('',#12205,1.);
#9946=VECTOR('',#12206,1.);
#9947=VECTOR('',#12207,1.);
#9948=VECTOR('',#12208,1.);
#9949=VECTOR('',#12209,1.);
#9950=VECTOR('',#12210,1.);
#9951=VECTOR('',#12211,1.);
#9952=VECTOR('',#12212,1.);
#9953=VECTOR('',#12213,1.);
#9954=VECTOR('',#12214,1.);
#9955=VECTOR('',#12215,1.);
#9956=VECTOR('',#12216,1.);
#9957=VECTOR('',#12217,1.);
#9958=VECTOR('',#12218,1.);
#9959=VECTOR('',#12219,1.);
#9960=VECTOR('',#12220,1.);
#9961=VECTOR('',#12221,1.);
#9962=VECTOR('',#12222,1.);
#9963=VECTOR('',#12223,1.);
#9964=VECTOR('',#12224,1.);
#9965=VECTOR('',#12225,1.);
#9966=VECTOR('',#12226,1.);
#9967=VECTOR('',#12227,1.);
#9968=VECTOR('',#12228,1.);
#9969=VECTOR('',#12229,1.);
#9970=VECTOR('',#12230,1.);
#9971=VECTOR('',#12231,1.);
#9972=VECTOR('',#12232,1.);
#9973=VECTOR('',#12233,1.);
#9974=VECTOR('',#12234,1.);
#9975=VECTOR('',#12235,1.);
#9976=VECTOR('',#12236,1.);
#9977=VECTOR('',#12237,1.);
#9978=VECTOR('',#12238,1.);
#9979=VECTOR('',#12239,1.);
#9980=VECTOR('',#12240,1.);
#9981=VECTOR('',#12241,1.);
#9982=VECTOR('',#12242,1.);
#9983=VECTOR('',#12243,1.);
#9984=VECTOR('',#12244,1.);
#9985=VECTOR('',#12245,1.);
#9986=VECTOR('',#12246,1.);
#9987=VECTOR('',#12247,1.);
#9988=VECTOR('',#12248,1.);
#9989=VECTOR('',#12249,1.);
#9990=VECTOR('',#12250,1.);
#9991=VECTOR('',#12251,1.);
#9992=VECTOR('',#12252,1.);
#9993=VECTOR('',#12253,1.);
#9994=VECTOR('',#12254,1.);
#9995=VECTOR('',#12255,1.);
#9996=VECTOR('',#12256,1.);
#9997=VECTOR('',#12257,1.);
#9998=VECTOR('',#12258,1.);
#9999=VECTOR('',#12259,1.);
#10000=VECTOR('',#12260,1.);
#10001=VECTOR('',#12261,1.);
#10002=VECTOR('',#12262,1.);
#10003=VECTOR('',#12263,1.);
#10004=VECTOR('',#12264,1.);
#10005=VECTOR('',#12265,1.);
#10006=VECTOR('',#12266,1.);
#10007=VECTOR('',#12267,1.);
#10008=VECTOR('',#12268,1.);
#10009=VECTOR('',#12269,1.);
#10010=VECTOR('',#12270,1.);
#10011=VECTOR('',#12271,1.);
#10012=VECTOR('',#12272,1.);
#10013=VECTOR('',#12273,1.);
#10014=VECTOR('',#12274,1.);
#10015=VECTOR('',#12275,1.);
#10016=VECTOR('',#12276,1.);
#10017=VECTOR('',#12277,1.);
#10018=VECTOR('',#12278,1.);
#10019=VECTOR('',#12279,1.);
#10020=VECTOR('',#12280,1.);
#10021=VECTOR('',#12281,1.);
#10022=VECTOR('',#12282,1.);
#10023=VECTOR('',#12283,1.);
#10024=VECTOR('',#12284,1.);
#10025=VECTOR('',#12285,1.);
#10026=VECTOR('',#12286,1.);
#10027=VECTOR('',#12287,1.);
#10028=VECTOR('',#12288,1.);
#10029=VECTOR('',#12289,1.);
#10030=VECTOR('',#12290,1.);
#10031=VECTOR('',#12291,1.);
#10032=VECTOR('',#12292,1.);
#10033=VECTOR('',#12293,1.);
#10034=VECTOR('',#12294,1.);
#10035=VECTOR('',#12295,1.);
#10036=VECTOR('',#12296,1.);
#10037=VECTOR('',#12297,1.);
#10038=VECTOR('',#12298,1.);
#10039=VECTOR('',#12299,1.);
#10040=VECTOR('',#12300,1.);
#10041=VECTOR('',#12301,1.);
#10042=VECTOR('',#12302,1.);
#10043=VECTOR('',#12303,1.);
#10044=VECTOR('',#12304,1.);
#10045=VECTOR('',#12305,1.);
#10046=VECTOR('',#12306,1.);
#10047=VECTOR('',#12307,1.);
#10048=VECTOR('',#12308,1.);
#10049=VECTOR('',#12309,1.);
#10050=VECTOR('',#12310,1.);
#10051=VECTOR('',#12311,1.);
#10052=VECTOR('',#12312,1.);
#10053=VECTOR('',#12313,1.);
#10054=VECTOR('',#12314,1.);
#10055=VECTOR('',#12315,1.);
#10056=VECTOR('',#12316,1.);
#10057=VECTOR('',#12317,1.);
#10058=VECTOR('',#12318,1.);
#10059=VECTOR('',#12319,1.);
#10060=VECTOR('',#12320,1.);
#10061=VECTOR('',#12323,1.);
#10062=VECTOR('',#12324,1.);
#10063=VECTOR('',#12327,1.);
#10064=VECTOR('',#12328,1.);
#10065=VECTOR('',#12329,1.);
#10066=VECTOR('',#12336,1.);
#10067=VECTOR('',#12337,1.);
#10068=VECTOR('',#12338,1.);
#10069=VECTOR('',#12341,1.);
#10070=VECTOR('',#12342,1.);
#10071=VECTOR('',#12343,1.);
#10072=VECTOR('',#12344,1.);
#10073=VECTOR('',#12347,1.);
#10074=VECTOR('',#12348,1.);
#10075=VECTOR('',#12349,1.);
#10076=VECTOR('',#12352,1.);
#10077=VECTOR('',#12353,1.);
#10078=VECTOR('',#12354,1.);
#10079=VECTOR('',#12357,1.);
#10080=VECTOR('',#12358,1.);
#10081=VECTOR('',#12359,1.);
#10082=VECTOR('',#12362,1.);
#10083=VECTOR('',#12363,1.);
#10084=VECTOR('',#12364,1.);
#10085=VECTOR('',#12367,1.);
#10086=VECTOR('',#12368,1.);
#10087=VECTOR('',#12369,1.);
#10088=VECTOR('',#12372,1.);
#10089=VECTOR('',#12373,1.);
#10090=VECTOR('',#12374,1.);
#10091=VECTOR('',#12377,1.);
#10092=VECTOR('',#12378,1.);
#10093=VECTOR('',#12379,1.);
#10094=VECTOR('',#12382,1.);
#10095=VECTOR('',#12383,1.);
#10096=VECTOR('',#12384,1.);
#10097=VECTOR('',#12387,1.);
#10098=VECTOR('',#12388,1.);
#10099=VECTOR('',#12389,1.);
#10100=VECTOR('',#12392,1.);
#10101=VECTOR('',#12393,1.);
#10102=VECTOR('',#12394,1.);
#10103=VECTOR('',#12397,1.);
#10104=VECTOR('',#12398,1.);
#10105=VECTOR('',#12403,1.);
#10106=VECTOR('',#12404,1.);
#10107=VECTOR('',#12407,1.);
#10108=VECTOR('',#12410,1.);
#10109=VECTOR('',#12417,1.);
#10110=VECTOR('',#12418,1.);
#10111=VECTOR('',#12421,1.);
#10112=VECTOR('',#12424,1.);
#10113=VECTOR('',#12427,1.);
#10114=VECTOR('',#12430,1.);
#10115=VECTOR('',#12433,1.);
#10116=VECTOR('',#12436,1.);
#10117=VECTOR('',#12439,1.);
#10118=VECTOR('',#12442,1.);
#10119=VECTOR('',#12445,1.);
#10120=VECTOR('',#12448,1.);
#10121=VECTOR('',#12453,1.);
#10122=VECTOR('',#12456,1.);
#10123=VECTOR('',#12461,1.);
#10124=VECTOR('',#12462,1.);
#10125=VECTOR('',#12465,1.);
#10126=VECTOR('',#12466,1.);
#10127=VECTOR('',#12469,1.);
#10128=VECTOR('',#12472,1.);
#10129=VECTOR('',#12473,1.);
#10130=VECTOR('',#12474,1.);
#10131=VECTOR('',#12477,1.);
#10132=VECTOR('',#12480,1.);
#10133=VECTOR('',#12487,1.);
#10134=VECTOR('',#12488,1.);
#10135=VECTOR('',#12489,1.);
#10136=VECTOR('',#12492,1.);
#10137=VECTOR('',#12493,1.);
#10138=VECTOR('',#12494,1.);
#10139=VECTOR('',#12497,1.);
#10140=VECTOR('',#12498,1.);
#10141=VECTOR('',#12571,1.);
#10142=VECTOR('',#12572,1.);
#10143=VECTOR('',#12573,1.);
#10144=VECTOR('',#12576,1.);
#10145=VECTOR('',#12577,1.);
#10146=VECTOR('',#12578,1.);
#10147=VECTOR('',#12581,1.);
#10148=VECTOR('',#12582,1.);
#10149=VECTOR('',#12583,1.);
#10150=VECTOR('',#12586,1.);
#10151=VECTOR('',#12587,1.);
#10152=VECTOR('',#12588,1.);
#10153=VECTOR('',#12591,1.);
#10154=VECTOR('',#12592,1.);
#10155=VECTOR('',#12593,1.);
#10156=VECTOR('',#12596,1.);
#10157=VECTOR('',#12597,1.);
#10158=VECTOR('',#12598,1.);
#10159=VECTOR('',#12601,1.);
#10160=VECTOR('',#12602,1.);
#10161=VECTOR('',#12603,1.);
#10162=VECTOR('',#12606,1.);
#10163=VECTOR('',#12607,1.);
#10164=VECTOR('',#12608,1.);
#10165=VECTOR('',#12611,1.);
#10166=VECTOR('',#12612,1.);
#10167=VECTOR('',#12613,1.);
#10168=VECTOR('',#12616,1.);
#10169=VECTOR('',#12617,1.);
#10170=VECTOR('',#12618,1.);
#10171=VECTOR('',#12621,1.);
#10172=VECTOR('',#12622,1.);
#10173=VECTOR('',#12623,1.);
#10174=VECTOR('',#12626,1.);
#10175=VECTOR('',#12627,1.);
#10176=VECTOR('',#12628,1.);
#10177=VECTOR('',#12631,1.);
#10178=VECTOR('',#12632,1.);
#10179=VECTOR('',#12633,1.);
#10180=VECTOR('',#12634,1.);
#10181=VECTOR('',#12637,1.);
#10182=VECTOR('',#12638,1.);
#10183=VECTOR('',#12639,1.);
#10184=VECTOR('',#12642,1.);
#10185=VECTOR('',#12643,1.);
#10186=VECTOR('',#12644,1.);
#10187=VECTOR('',#12647,1.);
#10188=VECTOR('',#12648,1.);
#10189=VECTOR('',#12649,1.);
#10190=VECTOR('',#12652,1.);
#10191=VECTOR('',#12653,1.);
#10192=VECTOR('',#12654,1.);
#10193=VECTOR('',#12657,1.);
#10194=VECTOR('',#12658,1.);
#10195=VECTOR('',#12659,1.);
#10196=VECTOR('',#12662,1.);
#10197=VECTOR('',#12663,1.);
#10198=VECTOR('',#12664,1.);
#10199=VECTOR('',#12667,1.);
#10200=VECTOR('',#12668,1.);
#10201=VECTOR('',#12669,1.);
#10202=VECTOR('',#12672,1.);
#10203=VECTOR('',#12673,1.);
#10204=VECTOR('',#12674,1.);
#10205=VECTOR('',#12677,1.);
#10206=VECTOR('',#12678,1.);
#10207=VECTOR('',#12679,1.);
#10208=VECTOR('',#12682,1.);
#10209=VECTOR('',#12683,1.);
#10210=VECTOR('',#12684,1.);
#10211=VECTOR('',#12687,1.);
#10212=VECTOR('',#12688,1.);
#10213=VECTOR('',#12693,1.);
#10214=VECTOR('',#12694,1.);
#10215=VECTOR('',#12695,1.);
#10216=VECTOR('',#12696,1.);
#10217=VECTOR('',#12699,1.);
#10218=VECTOR('',#12700,1.);
#10219=VECTOR('',#12701,1.);
#10220=VECTOR('',#12704,1.);
#10221=VECTOR('',#12705,1.);
#10222=VECTOR('',#12706,1.);
#10223=VECTOR('',#12709,1.);
#10224=VECTOR('',#12710,1.);
#10225=VECTOR('',#12711,1.);
#10226=VECTOR('',#12714,1.);
#10227=VECTOR('',#12715,1.);
#10228=VECTOR('',#12716,1.);
#10229=VECTOR('',#12719,1.);
#10230=VECTOR('',#12720,1.);
#10231=VECTOR('',#12721,1.);
#10232=VECTOR('',#12724,1.);
#10233=VECTOR('',#12725,1.);
#10234=VECTOR('',#12726,1.);
#10235=VECTOR('',#12729,1.);
#10236=VECTOR('',#12730,1.);
#10237=VECTOR('',#12731,1.);
#10238=VECTOR('',#12734,1.);
#10239=VECTOR('',#12735,1.);
#10240=VECTOR('',#12736,1.);
#10241=VECTOR('',#12739,1.);
#10242=VECTOR('',#12740,1.);
#10243=VECTOR('',#12741,1.);
#10244=VECTOR('',#12744,1.);
#10245=VECTOR('',#12745,1.);
#10246=VECTOR('',#12746,1.);
#10247=VECTOR('',#12749,1.);
#10248=VECTOR('',#12750,1.);
#10249=VECTOR('',#12755,1.);
#10250=VECTOR('',#12756,1.);
#10251=VECTOR('',#12757,1.);
#10252=VECTOR('',#12758,1.);
#10253=VECTOR('',#12761,1.);
#10254=VECTOR('',#12762,1.);
#10255=VECTOR('',#12763,1.);
#10256=VECTOR('',#12766,1.);
#10257=VECTOR('',#12767,1.);
#10258=VECTOR('',#12768,1.);
#10259=VECTOR('',#12771,1.);
#10260=VECTOR('',#12772,1.);
#10261=VECTOR('',#12773,1.);
#10262=VECTOR('',#12776,1.);
#10263=VECTOR('',#12777,1.);
#10264=VECTOR('',#12778,1.);
#10265=VECTOR('',#12781,1.);
#10266=VECTOR('',#12782,1.);
#10267=VECTOR('',#12783,1.);
#10268=VECTOR('',#12786,1.);
#10269=VECTOR('',#12787,1.);
#10270=VECTOR('',#12788,1.);
#10271=VECTOR('',#12791,1.);
#10272=VECTOR('',#12792,1.);
#10273=VECTOR('',#12793,1.);
#10274=VECTOR('',#12796,1.);
#10275=VECTOR('',#12797,1.);
#10276=VECTOR('',#12798,1.);
#10277=VECTOR('',#12801,1.);
#10278=VECTOR('',#12802,1.);
#10279=VECTOR('',#12803,1.);
#10280=VECTOR('',#12806,1.);
#10281=VECTOR('',#12807,1.);
#10282=VECTOR('',#12808,1.);
#10283=VECTOR('',#12811,1.);
#10284=VECTOR('',#12812,1.);
#10285=VECTOR('',#12817,1.);
#10286=VECTOR('',#12818,1.);
#10287=VECTOR('',#12819,1.);
#10288=VECTOR('',#12820,1.);
#10289=VECTOR('',#12823,1.);
#10290=VECTOR('',#12824,1.);
#10291=VECTOR('',#12825,1.);
#10292=VECTOR('',#12828,1.);
#10293=VECTOR('',#12829,1.);
#10294=VECTOR('',#12830,1.);
#10295=VECTOR('',#12833,1.);
#10296=VECTOR('',#12834,1.);
#10297=VECTOR('',#12835,1.);
#10298=VECTOR('',#12838,1.);
#10299=VECTOR('',#12839,1.);
#10300=VECTOR('',#12840,1.);
#10301=VECTOR('',#12843,1.);
#10302=VECTOR('',#12844,1.);
#10303=VECTOR('',#12845,1.);
#10304=VECTOR('',#12848,1.);
#10305=VECTOR('',#12849,1.);
#10306=VECTOR('',#12850,1.);
#10307=VECTOR('',#12853,1.);
#10308=VECTOR('',#12854,1.);
#10309=VECTOR('',#12855,1.);
#10310=VECTOR('',#12858,1.);
#10311=VECTOR('',#12859,1.);
#10312=VECTOR('',#12860,1.);
#10313=VECTOR('',#12863,1.);
#10314=VECTOR('',#12864,1.);
#10315=VECTOR('',#12865,1.);
#10316=VECTOR('',#12868,1.);
#10317=VECTOR('',#12869,1.);
#10318=VECTOR('',#12870,1.);
#10319=VECTOR('',#12873,1.);
#10320=VECTOR('',#12874,1.);
#10321=VECTOR('',#12879,1.);
#10322=VECTOR('',#12880,1.);
#10323=VECTOR('',#12881,1.);
#10324=VECTOR('',#12882,1.);
#10325=VECTOR('',#12885,1.);
#10326=VECTOR('',#12886,1.);
#10327=VECTOR('',#12887,1.);
#10328=VECTOR('',#12890,1.);
#10329=VECTOR('',#12891,1.);
#10330=VECTOR('',#12892,1.);
#10331=VECTOR('',#12895,1.);
#10332=VECTOR('',#12896,1.);
#10333=VECTOR('',#12897,1.);
#10334=VECTOR('',#12900,1.);
#10335=VECTOR('',#12901,1.);
#10336=VECTOR('',#12902,1.);
#10337=VECTOR('',#12905,1.);
#10338=VECTOR('',#12906,1.);
#10339=VECTOR('',#12907,1.);
#10340=VECTOR('',#12910,1.);
#10341=VECTOR('',#12911,1.);
#10342=VECTOR('',#12912,1.);
#10343=VECTOR('',#12915,1.);
#10344=VECTOR('',#12916,1.);
#10345=VECTOR('',#12917,1.);
#10346=VECTOR('',#12920,1.);
#10347=VECTOR('',#12921,1.);
#10348=VECTOR('',#12922,1.);
#10349=VECTOR('',#12925,1.);
#10350=VECTOR('',#12926,1.);
#10351=VECTOR('',#12927,1.);
#10352=VECTOR('',#12930,1.);
#10353=VECTOR('',#12931,1.);
#10354=VECTOR('',#12932,1.);
#10355=VECTOR('',#12935,1.);
#10356=VECTOR('',#12936,1.);
#10357=VECTOR('',#12941,1.);
#10358=VECTOR('',#12942,1.);
#10359=VECTOR('',#12943,1.);
#10360=VECTOR('',#12944,1.);
#10361=VECTOR('',#12947,1.);
#10362=VECTOR('',#12948,1.);
#10363=VECTOR('',#12949,1.);
#10364=VECTOR('',#12952,1.);
#10365=VECTOR('',#12953,1.);
#10366=VECTOR('',#12954,1.);
#10367=VECTOR('',#12957,1.);
#10368=VECTOR('',#12958,1.);
#10369=VECTOR('',#12959,1.);
#10370=VECTOR('',#12962,1.);
#10371=VECTOR('',#12963,1.);
#10372=VECTOR('',#12964,1.);
#10373=VECTOR('',#12967,1.);
#10374=VECTOR('',#12968,1.);
#10375=VECTOR('',#12969,1.);
#10376=VECTOR('',#12972,1.);
#10377=VECTOR('',#12973,1.);
#10378=VECTOR('',#12974,1.);
#10379=VECTOR('',#12977,1.);
#10380=VECTOR('',#12978,1.);
#10381=VECTOR('',#12979,1.);
#10382=VECTOR('',#12982,1.);
#10383=VECTOR('',#12983,1.);
#10384=VECTOR('',#12984,1.);
#10385=VECTOR('',#12987,1.);
#10386=VECTOR('',#12988,1.);
#10387=VECTOR('',#12989,1.);
#10388=VECTOR('',#12992,1.);
#10389=VECTOR('',#12993,1.);
#10390=VECTOR('',#12994,1.);
#10391=VECTOR('',#12997,1.);
#10392=VECTOR('',#12998,1.);
#10393=VECTOR('',#13003,1.);
#10394=VECTOR('',#13004,1.);
#10395=VECTOR('',#13005,1.);
#10396=VECTOR('',#13006,1.);
#10397=VECTOR('',#13009,1.);
#10398=VECTOR('',#13010,1.);
#10399=VECTOR('',#13011,1.);
#10400=VECTOR('',#13014,1.);
#10401=VECTOR('',#13015,1.);
#10402=VECTOR('',#13016,1.);
#10403=VECTOR('',#13019,1.);
#10404=VECTOR('',#13020,1.);
#10405=VECTOR('',#13021,1.);
#10406=VECTOR('',#13024,1.);
#10407=VECTOR('',#13025,1.);
#10408=VECTOR('',#13026,1.);
#10409=VECTOR('',#13029,1.);
#10410=VECTOR('',#13030,1.);
#10411=VECTOR('',#13031,1.);
#10412=VECTOR('',#13034,1.);
#10413=VECTOR('',#13035,1.);
#10414=VECTOR('',#13036,1.);
#10415=VECTOR('',#13039,1.);
#10416=VECTOR('',#13040,1.);
#10417=VECTOR('',#13041,1.);
#10418=VECTOR('',#13044,1.);
#10419=VECTOR('',#13045,1.);
#10420=VECTOR('',#13046,1.);
#10421=VECTOR('',#13049,1.);
#10422=VECTOR('',#13050,1.);
#10423=VECTOR('',#13051,1.);
#10424=VECTOR('',#13054,1.);
#10425=VECTOR('',#13055,1.);
#10426=VECTOR('',#13056,1.);
#10427=VECTOR('',#13059,1.);
#10428=VECTOR('',#13060,1.);
#10429=VECTOR('',#13065,1.);
#10430=VECTOR('',#13066,1.);
#10431=VECTOR('',#13067,1.);
#10432=VECTOR('',#13068,1.);
#10433=VECTOR('',#13071,1.);
#10434=VECTOR('',#13072,1.);
#10435=VECTOR('',#13073,1.);
#10436=VECTOR('',#13076,1.);
#10437=VECTOR('',#13077,1.);
#10438=VECTOR('',#13078,1.);
#10439=VECTOR('',#13081,1.);
#10440=VECTOR('',#13082,1.);
#10441=VECTOR('',#13083,1.);
#10442=VECTOR('',#13086,1.);
#10443=VECTOR('',#13087,1.);
#10444=VECTOR('',#13088,1.);
#10445=VECTOR('',#13091,1.);
#10446=VECTOR('',#13092,1.);
#10447=VECTOR('',#13093,1.);
#10448=VECTOR('',#13096,1.);
#10449=VECTOR('',#13097,1.);
#10450=VECTOR('',#13098,1.);
#10451=VECTOR('',#13101,1.);
#10452=VECTOR('',#13102,1.);
#10453=VECTOR('',#13103,1.);
#10454=VECTOR('',#13106,1.);
#10455=VECTOR('',#13107,1.);
#10456=VECTOR('',#13108,1.);
#10457=VECTOR('',#13111,1.);
#10458=VECTOR('',#13112,1.);
#10459=VECTOR('',#13113,1.);
#10460=VECTOR('',#13116,1.);
#10461=VECTOR('',#13117,1.);
#10462=VECTOR('',#13118,1.);
#10463=VECTOR('',#13121,1.);
#10464=VECTOR('',#13122,1.);
#10465=VECTOR('',#13127,1.);
#10466=VECTOR('',#13128,1.);
#10467=VECTOR('',#13129,1.);
#10468=VECTOR('',#13130,1.);
#10469=VECTOR('',#13133,1.);
#10470=VECTOR('',#13134,1.);
#10471=VECTOR('',#13135,1.);
#10472=VECTOR('',#13138,1.);
#10473=VECTOR('',#13139,1.);
#10474=VECTOR('',#13140,1.);
#10475=VECTOR('',#13143,1.);
#10476=VECTOR('',#13144,1.);
#10477=VECTOR('',#13145,1.);
#10478=VECTOR('',#13148,1.);
#10479=VECTOR('',#13149,1.);
#10480=VECTOR('',#13150,1.);
#10481=VECTOR('',#13153,1.);
#10482=VECTOR('',#13154,1.);
#10483=VECTOR('',#13155,1.);
#10484=VECTOR('',#13158,1.);
#10485=VECTOR('',#13159,1.);
#10486=VECTOR('',#13160,1.);
#10487=VECTOR('',#13163,1.);
#10488=VECTOR('',#13164,1.);
#10489=VECTOR('',#13165,1.);
#10490=VECTOR('',#13168,1.);
#10491=VECTOR('',#13169,1.);
#10492=VECTOR('',#13170,1.);
#10493=VECTOR('',#13173,1.);
#10494=VECTOR('',#13174,1.);
#10495=VECTOR('',#13175,1.);
#10496=VECTOR('',#13178,1.);
#10497=VECTOR('',#13179,1.);
#10498=VECTOR('',#13180,1.);
#10499=VECTOR('',#13183,1.);
#10500=VECTOR('',#13184,1.);
#10501=VECTOR('',#13189,1.);
#10502=VECTOR('',#13190,1.);
#10503=VECTOR('',#13191,1.);
#10504=VECTOR('',#13192,1.);
#10505=VECTOR('',#13195,1.);
#10506=VECTOR('',#13196,1.);
#10507=VECTOR('',#13197,1.);
#10508=VECTOR('',#13200,1.);
#10509=VECTOR('',#13201,1.);
#10510=VECTOR('',#13202,1.);
#10511=VECTOR('',#13205,1.);
#10512=VECTOR('',#13206,1.);
#10513=VECTOR('',#13207,1.);
#10514=VECTOR('',#13210,1.);
#10515=VECTOR('',#13211,1.);
#10516=VECTOR('',#13212,1.);
#10517=VECTOR('',#13215,1.);
#10518=VECTOR('',#13216,1.);
#10519=VECTOR('',#13217,1.);
#10520=VECTOR('',#13220,1.);
#10521=VECTOR('',#13221,1.);
#10522=VECTOR('',#13222,1.);
#10523=VECTOR('',#13225,1.);
#10524=VECTOR('',#13226,1.);
#10525=VECTOR('',#13227,1.);
#10526=VECTOR('',#13230,1.);
#10527=VECTOR('',#13231,1.);
#10528=VECTOR('',#13232,1.);
#10529=VECTOR('',#13235,1.);
#10530=VECTOR('',#13236,1.);
#10531=VECTOR('',#13237,1.);
#10532=VECTOR('',#13240,1.);
#10533=VECTOR('',#13241,1.);
#10534=VECTOR('',#13242,1.);
#10535=VECTOR('',#13245,1.);
#10536=VECTOR('',#13246,1.);
#10537=VECTOR('',#13251,1.);
#10538=VECTOR('',#13252,1.);
#10539=VECTOR('',#13253,1.);
#10540=VECTOR('',#13254,1.);
#10541=VECTOR('',#13257,1.);
#10542=VECTOR('',#13258,1.);
#10543=VECTOR('',#13259,1.);
#10544=VECTOR('',#13262,1.);
#10545=VECTOR('',#13263,1.);
#10546=VECTOR('',#13264,1.);
#10547=VECTOR('',#13267,1.);
#10548=VECTOR('',#13268,1.);
#10549=VECTOR('',#13269,1.);
#10550=VECTOR('',#13272,1.);
#10551=VECTOR('',#13273,1.);
#10552=VECTOR('',#13274,1.);
#10553=VECTOR('',#13277,1.);
#10554=VECTOR('',#13278,1.);
#10555=VECTOR('',#13279,1.);
#10556=VECTOR('',#13282,1.);
#10557=VECTOR('',#13283,1.);
#10558=VECTOR('',#13284,1.);
#10559=VECTOR('',#13287,1.);
#10560=VECTOR('',#13288,1.);
#10561=VECTOR('',#13289,1.);
#10562=VECTOR('',#13292,1.);
#10563=VECTOR('',#13293,1.);
#10564=VECTOR('',#13294,1.);
#10565=VECTOR('',#13297,1.);
#10566=VECTOR('',#13298,1.);
#10567=VECTOR('',#13299,1.);
#10568=VECTOR('',#13302,1.);
#10569=VECTOR('',#13303,1.);
#10570=VECTOR('',#13304,1.);
#10571=VECTOR('',#13307,1.);
#10572=VECTOR('',#13308,1.);
#10573=VECTOR('',#13313,1.);
#10574=VECTOR('',#13314,1.);
#10575=VECTOR('',#13315,1.);
#10576=VECTOR('',#13316,1.);
#10577=VECTOR('',#13319,1.);
#10578=VECTOR('',#13320,1.);
#10579=VECTOR('',#13321,1.);
#10580=VECTOR('',#13324,1.);
#10581=VECTOR('',#13325,1.);
#10582=VECTOR('',#13326,1.);
#10583=VECTOR('',#13329,1.);
#10584=VECTOR('',#13330,1.);
#10585=VECTOR('',#13331,1.);
#10586=VECTOR('',#13334,1.);
#10587=VECTOR('',#13335,1.);
#10588=VECTOR('',#13336,1.);
#10589=VECTOR('',#13339,1.);
#10590=VECTOR('',#13340,1.);
#10591=VECTOR('',#13341,1.);
#10592=VECTOR('',#13344,1.);
#10593=VECTOR('',#13345,1.);
#10594=VECTOR('',#13346,1.);
#10595=VECTOR('',#13349,1.);
#10596=VECTOR('',#13350,1.);
#10597=VECTOR('',#13351,1.);
#10598=VECTOR('',#13354,1.);
#10599=VECTOR('',#13355,1.);
#10600=VECTOR('',#13356,1.);
#10601=VECTOR('',#13359,1.);
#10602=VECTOR('',#13360,1.);
#10603=VECTOR('',#13361,1.);
#10604=VECTOR('',#13364,1.);
#10605=VECTOR('',#13365,1.);
#10606=VECTOR('',#13366,1.);
#10607=VECTOR('',#13369,1.);
#10608=VECTOR('',#13370,1.);
#10609=VECTOR('',#13375,1.);
#10610=VECTOR('',#13376,1.);
#10611=VECTOR('',#13379,1.);
#10612=VECTOR('',#13382,1.);
#10613=VECTOR('',#13389,1.);
#10614=VECTOR('',#13390,1.);
#10615=VECTOR('',#13393,1.);
#10616=VECTOR('',#13396,1.);
#10617=VECTOR('',#13403,1.);
#10618=VECTOR('',#13404,1.);
#10619=VECTOR('',#13407,1.);
#10620=VECTOR('',#13410,1.);
#10621=VECTOR('',#13417,1.);
#10622=VECTOR('',#13418,1.);
#10623=VECTOR('',#13421,1.);
#10624=VECTOR('',#13424,1.);
#10625=VECTOR('',#13431,1.);
#10626=VECTOR('',#13432,1.);
#10627=VECTOR('',#13435,1.);
#10628=VECTOR('',#13438,1.);
#10629=VECTOR('',#13445,1.);
#10630=VECTOR('',#13446,1.);
#10631=VECTOR('',#13449,1.);
#10632=VECTOR('',#13452,1.);
#10633=VECTOR('',#13459,1.);
#10634=VECTOR('',#13460,1.);
#10635=VECTOR('',#13463,1.);
#10636=VECTOR('',#13466,1.);
#10637=VECTOR('',#13473,1.);
#10638=VECTOR('',#13474,1.);
#10639=VECTOR('',#13477,1.);
#10640=VECTOR('',#13480,1.);
#10641=VECTOR('',#13487,1.);
#10642=VECTOR('',#13488,1.);
#10643=VECTOR('',#13491,1.);
#10644=VECTOR('',#13494,1.);
#10645=VECTOR('',#13501,1.);
#10646=VECTOR('',#13502,1.);
#10647=VECTOR('',#13505,1.);
#10648=VECTOR('',#13508,1.);
#10649=VECTOR('',#13515,1.);
#10650=VECTOR('',#13516,1.);
#10651=VECTOR('',#13519,1.);
#10652=VECTOR('',#13522,1.);
#10653=VECTOR('',#13529,1.);
#10654=VECTOR('',#13530,1.);
#10655=VECTOR('',#13533,1.);
#10656=VECTOR('',#13536,1.);
#10657=VECTOR('',#13543,1.);
#10658=VECTOR('',#13544,1.);
#10659=VECTOR('',#13547,1.);
#10660=VECTOR('',#13550,1.);
#10661=VECTOR('',#13553,1.);
#10662=VECTOR('',#13556,1.);
#10663=VECTOR('',#13559,1.);
#10664=VECTOR('',#13562,1.);
#10665=VECTOR('',#13565,1.);
#10666=VECTOR('',#13568,1.);
#10667=VECTOR('',#13571,1.);
#10668=VECTOR('',#13574,1.);
#10669=VECTOR('',#13579,1.);
#10670=VECTOR('',#13580,1.);
#10671=VECTOR('',#13583,1.);
#10672=VECTOR('',#13586,1.);
#10673=VECTOR('',#13589,1.);
#10674=VECTOR('',#13592,1.);
#10675=VECTOR('',#13595,1.);
#10676=VECTOR('',#13598,1.);
#10677=VECTOR('',#13601,1.);
#10678=VECTOR('',#13604,1.);
#10679=VECTOR('',#13607,1.);
#10680=VECTOR('',#13610,1.);
#10681=VECTOR('',#13615,1.);
#10682=VECTOR('',#13616,1.);
#10683=VECTOR('',#13619,1.);
#10684=VECTOR('',#13622,1.);
#10685=VECTOR('',#13625,1.);
#10686=VECTOR('',#13628,1.);
#10687=VECTOR('',#13631,1.);
#10688=VECTOR('',#13634,1.);
#10689=VECTOR('',#13637,1.);
#10690=VECTOR('',#13640,1.);
#10691=VECTOR('',#13643,1.);
#10692=VECTOR('',#13646,1.);
#10693=VECTOR('',#13651,1.);
#10694=VECTOR('',#13652,1.);
#10695=VECTOR('',#13655,1.);
#10696=VECTOR('',#13658,1.);
#10697=VECTOR('',#13661,1.);
#10698=VECTOR('',#13664,1.);
#10699=VECTOR('',#13667,1.);
#10700=VECTOR('',#13670,1.);
#10701=VECTOR('',#13673,1.);
#10702=VECTOR('',#13676,1.);
#10703=VECTOR('',#13679,1.);
#10704=VECTOR('',#13682,1.);
#10705=VECTOR('',#13687,1.);
#10706=VECTOR('',#13688,1.);
#10707=VECTOR('',#13691,1.);
#10708=VECTOR('',#13694,1.);
#10709=VECTOR('',#13697,1.);
#10710=VECTOR('',#13700,1.);
#10711=VECTOR('',#13703,1.);
#10712=VECTOR('',#13706,1.);
#10713=VECTOR('',#13709,1.);
#10714=VECTOR('',#13712,1.);
#10715=VECTOR('',#13715,1.);
#10716=VECTOR('',#13718,1.);
#10717=VECTOR('',#13723,1.);
#10718=VECTOR('',#13724,1.);
#10719=VECTOR('',#13727,1.);
#10720=VECTOR('',#13730,1.);
#10721=VECTOR('',#13733,1.);
#10722=VECTOR('',#13736,1.);
#10723=VECTOR('',#13739,1.);
#10724=VECTOR('',#13742,1.);
#10725=VECTOR('',#13745,1.);
#10726=VECTOR('',#13748,1.);
#10727=VECTOR('',#13751,1.);
#10728=VECTOR('',#13754,1.);
#10729=VECTOR('',#13759,1.);
#10730=VECTOR('',#13760,1.);
#10731=VECTOR('',#13763,1.);
#10732=VECTOR('',#13766,1.);
#10733=VECTOR('',#13769,1.);
#10734=VECTOR('',#13772,1.);
#10735=VECTOR('',#13775,1.);
#10736=VECTOR('',#13778,1.);
#10737=VECTOR('',#13781,1.);
#10738=VECTOR('',#13784,1.);
#10739=VECTOR('',#13787,1.);
#10740=VECTOR('',#13790,1.);
#10741=VECTOR('',#13795,1.);
#10742=VECTOR('',#13796,1.);
#10743=VECTOR('',#13799,1.);
#10744=VECTOR('',#13802,1.);
#10745=VECTOR('',#13805,1.);
#10746=VECTOR('',#13808,1.);
#10747=VECTOR('',#13811,1.);
#10748=VECTOR('',#13814,1.);
#10749=VECTOR('',#13817,1.);
#10750=VECTOR('',#13820,1.);
#10751=VECTOR('',#13823,1.);
#10752=VECTOR('',#13826,1.);
#10753=VECTOR('',#13831,1.);
#10754=VECTOR('',#13832,1.);
#10755=VECTOR('',#13835,1.);
#10756=VECTOR('',#13838,1.);
#10757=VECTOR('',#13841,1.);
#10758=VECTOR('',#13844,1.);
#10759=VECTOR('',#13847,1.);
#10760=VECTOR('',#13850,1.);
#10761=VECTOR('',#13853,1.);
#10762=VECTOR('',#13856,1.);
#10763=VECTOR('',#13859,1.);
#10764=VECTOR('',#13862,1.);
#10765=VECTOR('',#13867,1.);
#10766=VECTOR('',#13868,1.);
#10767=VECTOR('',#13871,1.);
#10768=VECTOR('',#13874,1.);
#10769=VECTOR('',#13877,1.);
#10770=VECTOR('',#13880,1.);
#10771=VECTOR('',#13883,1.);
#10772=VECTOR('',#13886,1.);
#10773=VECTOR('',#13889,1.);
#10774=VECTOR('',#13892,1.);
#10775=VECTOR('',#13895,1.);
#10776=VECTOR('',#13898,1.);
#10777=VECTOR('',#13903,1.);
#10778=VECTOR('',#13904,1.);
#10779=VECTOR('',#13907,1.);
#10780=VECTOR('',#13910,1.);
#10781=VECTOR('',#13913,1.);
#10782=VECTOR('',#13916,1.);
#10783=VECTOR('',#13919,1.);
#10784=VECTOR('',#13922,1.);
#10785=VECTOR('',#13925,1.);
#10786=VECTOR('',#13928,1.);
#10787=VECTOR('',#13931,1.);
#10788=VECTOR('',#13934,1.);
#10789=VECTOR('',#13939,1.);
#10790=VECTOR('',#13940,1.);
#10791=VECTOR('',#13943,1.);
#10792=VECTOR('',#13946,1.);
#10793=VECTOR('',#13949,1.);
#10794=VECTOR('',#13952,1.);
#10795=VECTOR('',#13955,1.);
#10796=VECTOR('',#13958,1.);
#10797=VECTOR('',#13961,1.);
#10798=VECTOR('',#13964,1.);
#10799=VECTOR('',#13967,1.);
#10800=VECTOR('',#13970,1.);
#10801=VECTOR('',#13975,1.);
#10802=VECTOR('',#13978,1.);
#10803=VECTOR('',#13983,1.);
#10804=VECTOR('',#13986,1.);
#10805=VECTOR('',#13991,1.);
#10806=VECTOR('',#13994,1.);
#10807=VECTOR('',#13999,1.);
#10808=VECTOR('',#14002,1.);
#10809=VECTOR('',#14007,1.);
#10810=VECTOR('',#14010,1.);
#10811=VECTOR('',#14015,1.);
#10812=VECTOR('',#14018,1.);
#10813=VECTOR('',#14023,1.);
#10814=VECTOR('',#14026,1.);
#10815=VECTOR('',#14031,1.);
#10816=VECTOR('',#14034,1.);
#10817=VECTOR('',#14039,1.);
#10818=VECTOR('',#14042,1.);
#10819=VECTOR('',#14047,1.);
#10820=VECTOR('',#14050,1.);
#10821=VECTOR('',#14055,1.);
#10822=VECTOR('',#14058,1.);
#10823=VECTOR('',#14063,1.);
#10824=VECTOR('',#14066,1.);
#10825=VECTOR('',#14071,1.);
#10826=VECTOR('',#14072,1.);
#10827=VECTOR('',#14073,1.);
#10828=VECTOR('',#14076,1.);
#10829=VECTOR('',#14077,1.);
#10830=VECTOR('',#14078,1.);
#10831=VECTOR('',#14081,1.);
#10832=VECTOR('',#14082,1.);
#10833=AXIS2_PLACEMENT_3D('',#14089,#11420,#11421);
#10834=AXIS2_PLACEMENT_3D('',#14218,#11486,#11487);
#10835=AXIS2_PLACEMENT_3D('',#14383,#11570,#11571);
#10836=AXIS2_PLACEMENT_3D('',#14389,#11575,#11576);
#10837=AXIS2_PLACEMENT_3D('',#14395,#11580,#11581);
#10838=AXIS2_PLACEMENT_3D('',#14401,#11585,#11586);
#10839=AXIS2_PLACEMENT_3D('',#14407,#11590,#11591);
#10840=AXIS2_PLACEMENT_3D('',#14413,#11595,#11596);
#10841=AXIS2_PLACEMENT_3D('',#14419,#11600,#11601);
#10842=AXIS2_PLACEMENT_3D('',#14425,#11605,#11606);
#10843=AXIS2_PLACEMENT_3D('',#14431,#11610,#11611);
#10844=AXIS2_PLACEMENT_3D('',#14437,#11615,#11616);
#10845=AXIS2_PLACEMENT_3D('',#14443,#11620,#11621);
#10846=AXIS2_PLACEMENT_3D('',#14449,#11625,#11626);
#10847=AXIS2_PLACEMENT_3D('',#14455,#11630,#11631);
#10848=AXIS2_PLACEMENT_3D('',#14461,#11635,#11636);
#10849=AXIS2_PLACEMENT_3D('',#14529,#11678,#11679);
#10850=AXIS2_PLACEMENT_3D('',#14650,#11740,#11741);
#10851=AXIS2_PLACEMENT_3D('',#14659,#11746,#11747);
#10852=AXIS2_PLACEMENT_3D('',#14665,#11751,#11752);
#10853=AXIS2_PLACEMENT_3D('',#14668,#11755,#11756);
#10854=AXIS2_PLACEMENT_3D('',#14677,#11761,#11762);
#10855=AXIS2_PLACEMENT_3D('',#14683,#11766,#11767);
#10856=AXIS2_PLACEMENT_3D('',#14686,#11770,#11771);
#10857=AXIS2_PLACEMENT_3D('',#14695,#11776,#11777);
#10858=AXIS2_PLACEMENT_3D('',#14701,#11781,#11782);
#10859=AXIS2_PLACEMENT_3D('',#14704,#11785,#11786);
#10860=AXIS2_PLACEMENT_3D('',#14713,#11791,#11792);
#10861=AXIS2_PLACEMENT_3D('',#14719,#11796,#11797);
#10862=AXIS2_PLACEMENT_3D('',#14722,#11800,#11801);
#10863=AXIS2_PLACEMENT_3D('',#14731,#11806,#11807);
#10864=AXIS2_PLACEMENT_3D('',#14737,#11811,#11812);
#10865=AXIS2_PLACEMENT_3D('',#14740,#11815,#11816);
#10866=AXIS2_PLACEMENT_3D('',#14749,#11821,#11822);
#10867=AXIS2_PLACEMENT_3D('',#14755,#11826,#11827);
#10868=AXIS2_PLACEMENT_3D('',#14758,#11830,#11831);
#10869=AXIS2_PLACEMENT_3D('',#14767,#11836,#11837);
#10870=AXIS2_PLACEMENT_3D('',#14773,#11841,#11842);
#10871=AXIS2_PLACEMENT_3D('',#14776,#11845,#11846);
#10872=AXIS2_PLACEMENT_3D('',#14785,#11851,#11852);
#10873=AXIS2_PLACEMENT_3D('',#14791,#11856,#11857);
#10874=AXIS2_PLACEMENT_3D('',#14794,#11860,#11861);
#10875=AXIS2_PLACEMENT_3D('',#14803,#11866,#11867);
#10876=AXIS2_PLACEMENT_3D('',#14809,#11871,#11872);
#10877=AXIS2_PLACEMENT_3D('',#14812,#11875,#11876);
#10878=AXIS2_PLACEMENT_3D('',#14821,#11881,#11882);
#10879=AXIS2_PLACEMENT_3D('',#14827,#11886,#11887);
#10880=AXIS2_PLACEMENT_3D('',#14830,#11890,#11891);
#10881=AXIS2_PLACEMENT_3D('',#14839,#11896,#11897);
#10882=AXIS2_PLACEMENT_3D('',#14845,#11901,#11902);
#10883=AXIS2_PLACEMENT_3D('',#14848,#11905,#11906);
#10884=AXIS2_PLACEMENT_3D('',#14857,#11911,#11912);
#10885=AXIS2_PLACEMENT_3D('',#14863,#11916,#11917);
#10886=AXIS2_PLACEMENT_3D('',#14866,#11920,#11921);
#10887=AXIS2_PLACEMENT_3D('',#15060,#12031,#12032);
#10888=AXIS2_PLACEMENT_3D('',#15063,#12035,#12036);
#10889=AXIS2_PLACEMENT_3D('',#15066,#12039,#12040);
#10890=AXIS2_PLACEMENT_3D('',#15069,#12043,#12044);
#10891=AXIS2_PLACEMENT_3D('',#15072,#12047,#12048);
#10892=AXIS2_PLACEMENT_3D('',#15075,#12051,#12052);
#10893=AXIS2_PLACEMENT_3D('',#15078,#12055,#12056);
#10894=AXIS2_PLACEMENT_3D('',#15081,#12059,#12060);
#10895=AXIS2_PLACEMENT_3D('',#15084,#12063,#12064);
#10896=AXIS2_PLACEMENT_3D('',#15087,#12067,#12068);
#10897=AXIS2_PLACEMENT_3D('',#15090,#12071,#12072);
#10898=AXIS2_PLACEMENT_3D('',#15093,#12075,#12076);
#10899=AXIS2_PLACEMENT_3D('',#15096,#12079,#12080);
#10900=AXIS2_PLACEMENT_3D('',#15120,#12094,#12095);
#10901=AXIS2_PLACEMENT_3D('',#15126,#12099,#12100);
#10902=AXIS2_PLACEMENT_3D('',#15129,#12103,#12104);
#10903=AXIS2_PLACEMENT_3D('',#15135,#12108,#12109);
#10904=AXIS2_PLACEMENT_3D('',#15141,#12113,#12114);
#10905=AXIS2_PLACEMENT_3D('',#15144,#12117,#12118);
#10906=AXIS2_PLACEMENT_3D('',#15147,#12121,#12122);
#10907=AXIS2_PLACEMENT_3D('',#15156,#12127,#12128);
#10908=AXIS2_PLACEMENT_3D('',#15157,#12129,#12130);
#10909=AXIS2_PLACEMENT_3D('',#15161,#12132,#12133);
#10910=AXIS2_PLACEMENT_3D('',#15162,#12134,#12135);
#10911=AXIS2_PLACEMENT_3D('',#15168,#12139,#12140);
#10912=AXIS2_PLACEMENT_3D('',#15169,#12141,#12142);
#10913=AXIS2_PLACEMENT_3D('',#15173,#12144,#12145);
#10914=AXIS2_PLACEMENT_3D('',#15174,#12146,#12147);
#10915=AXIS2_PLACEMENT_3D('',#15180,#12151,#12152);
#10916=AXIS2_PLACEMENT_3D('',#15181,#12153,#12154);
#10917=AXIS2_PLACEMENT_3D('',#15182,#12155,#12156);
#10918=AXIS2_PLACEMENT_3D('',#15183,#12157,#12158);
#10919=AXIS2_PLACEMENT_3D('',#15184,#12159,#12160);
#10920=AXIS2_PLACEMENT_3D('',#15185,#12161,#12162);
#10921=AXIS2_PLACEMENT_3D('',#15186,#12163,#12164);
#10922=AXIS2_PLACEMENT_3D('',#15499,#12321,#12322);
#10923=AXIS2_PLACEMENT_3D('',#15502,#12325,#12326);
#10924=AXIS2_PLACEMENT_3D('',#15508,#12330,#12331);
#10925=AXIS2_PLACEMENT_3D('',#15509,#12332,#12333);
#10926=AXIS2_PLACEMENT_3D('',#15510,#12334,#12335);
#10927=AXIS2_PLACEMENT_3D('',#15516,#12339,#12340);
#10928=AXIS2_PLACEMENT_3D('',#15525,#12345,#12346);
#10929=AXIS2_PLACEMENT_3D('',#15531,#12350,#12351);
#10930=AXIS2_PLACEMENT_3D('',#15537,#12355,#12356);
#10931=AXIS2_PLACEMENT_3D('',#15543,#12360,#12361);
#10932=AXIS2_PLACEMENT_3D('',#15549,#12365,#12366);
#10933=AXIS2_PLACEMENT_3D('',#15555,#12370,#12371);
#10934=AXIS2_PLACEMENT_3D('',#15561,#12375,#12376);
#10935=AXIS2_PLACEMENT_3D('',#15567,#12380,#12381);
#10936=AXIS2_PLACEMENT_3D('',#15573,#12385,#12386);
#10937=AXIS2_PLACEMENT_3D('',#15579,#12390,#12391);
#10938=AXIS2_PLACEMENT_3D('',#15585,#12395,#12396);
#10939=AXIS2_PLACEMENT_3D('',#15588,#12399,#12400);
#10940=AXIS2_PLACEMENT_3D('',#15589,#12401,#12402);
#10941=AXIS2_PLACEMENT_3D('',#15592,#12405,#12406);
#10942=AXIS2_PLACEMENT_3D('',#15594,#12408,#12409);
#10943=AXIS2_PLACEMENT_3D('',#15596,#12411,#12412);
#10944=AXIS2_PLACEMENT_3D('',#15597,#12413,#12414);
#10945=AXIS2_PLACEMENT_3D('',#15598,#12415,#12416);
#10946=AXIS2_PLACEMENT_3D('',#15601,#12419,#12420);
#10947=AXIS2_PLACEMENT_3D('',#15603,#12422,#12423);
#10948=AXIS2_PLACEMENT_3D('',#15605,#12425,#12426);
#10949=AXIS2_PLACEMENT_3D('',#15607,#12428,#12429);
#10950=AXIS2_PLACEMENT_3D('',#15609,#12431,#12432);
#10951=AXIS2_PLACEMENT_3D('',#15611,#12434,#12435);
#10952=AXIS2_PLACEMENT_3D('',#15613,#12437,#12438);
#10953=AXIS2_PLACEMENT_3D('',#15615,#12440,#12441);
#10954=AXIS2_PLACEMENT_3D('',#15617,#12443,#12444);
#10955=AXIS2_PLACEMENT_3D('',#15619,#12446,#12447);
#10956=AXIS2_PLACEMENT_3D('',#15621,#12449,#12450);
#10957=AXIS2_PLACEMENT_3D('',#15622,#12451,#12452);
#10958=AXIS2_PLACEMENT_3D('',#15624,#12454,#12455);
#10959=AXIS2_PLACEMENT_3D('',#15626,#12457,#12458);
#10960=AXIS2_PLACEMENT_3D('',#15627,#12459,#12460);
#10961=AXIS2_PLACEMENT_3D('',#15631,#12463,#12464);
#10962=AXIS2_PLACEMENT_3D('',#15635,#12467,#12468);
#10963=AXIS2_PLACEMENT_3D('',#15637,#12470,#12471);
#10964=AXIS2_PLACEMENT_3D('',#15643,#12475,#12476);
#10965=AXIS2_PLACEMENT_3D('',#15645,#12478,#12479);
#10966=AXIS2_PLACEMENT_3D('',#15647,#12481,#12482);
#10967=AXIS2_PLACEMENT_3D('',#15648,#12483,#12484);
#10968=AXIS2_PLACEMENT_3D('',#15649,#12485,#12486);
#10969=AXIS2_PLACEMENT_3D('',#15655,#12490,#12491);
#10970=AXIS2_PLACEMENT_3D('',#15661,#12495,#12496);
#10971=AXIS2_PLACEMENT_3D('',#15664,#12499,#12500);
#10972=AXIS2_PLACEMENT_3D('',#15665,#12501,#12502);
#10973=AXIS2_PLACEMENT_3D('',#15666,#12503,#12504);
#10974=AXIS2_PLACEMENT_3D('',#15667,#12505,#12506);
#10975=AXIS2_PLACEMENT_3D('',#15668,#12507,#12508);
#10976=AXIS2_PLACEMENT_3D('',#15669,#12509,#12510);
#10977=AXIS2_PLACEMENT_3D('',#15670,#12511,#12512);
#10978=AXIS2_PLACEMENT_3D('',#15671,#12513,#12514);
#10979=AXIS2_PLACEMENT_3D('',#15672,#12515,#12516);
#10980=AXIS2_PLACEMENT_3D('',#15673,#12517,#12518);
#10981=AXIS2_PLACEMENT_3D('',#15674,#12519,#12520);
#10982=AXIS2_PLACEMENT_3D('',#15675,#12521,#12522);
#10983=AXIS2_PLACEMENT_3D('',#15676,#12523,#12524);
#10984=AXIS2_PLACEMENT_3D('',#15677,#12525,#12526);
#10985=AXIS2_PLACEMENT_3D('',#15678,#12527,#12528);
#10986=AXIS2_PLACEMENT_3D('',#15679,#12529,#12530);
#10987=AXIS2_PLACEMENT_3D('',#15680,#12531,#12532);
#10988=AXIS2_PLACEMENT_3D('',#15681,#12533,#12534);
#10989=AXIS2_PLACEMENT_3D('',#15682,#12535,#12536);
#10990=AXIS2_PLACEMENT_3D('',#15683,#12537,#12538);
#10991=AXIS2_PLACEMENT_3D('',#15684,#12539,#12540);
#10992=AXIS2_PLACEMENT_3D('',#15685,#12541,#12542);
#10993=AXIS2_PLACEMENT_3D('',#15686,#12543,#12544);
#10994=AXIS2_PLACEMENT_3D('',#15687,#12545,#12546);
#10995=AXIS2_PLACEMENT_3D('',#15688,#12547,#12548);
#10996=AXIS2_PLACEMENT_3D('',#15689,#12549,#12550);
#10997=AXIS2_PLACEMENT_3D('',#15690,#12551,#12552);
#10998=AXIS2_PLACEMENT_3D('',#15691,#12553,#12554);
#10999=AXIS2_PLACEMENT_3D('',#15692,#12555,#12556);
#11000=AXIS2_PLACEMENT_3D('',#15693,#12557,#12558);
#11001=AXIS2_PLACEMENT_3D('',#15694,#12559,#12560);
#11002=AXIS2_PLACEMENT_3D('',#15695,#12561,#12562);
#11003=AXIS2_PLACEMENT_3D('',#15696,#12563,#12564);
#11004=AXIS2_PLACEMENT_3D('',#15697,#12565,#12566);
#11005=AXIS2_PLACEMENT_3D('',#15698,#12567,#12568);
#11006=AXIS2_PLACEMENT_3D('',#15699,#12569,#12570);
#11007=AXIS2_PLACEMENT_3D('',#15705,#12574,#12575);
#11008=AXIS2_PLACEMENT_3D('',#15711,#12579,#12580);
#11009=AXIS2_PLACEMENT_3D('',#15717,#12584,#12585);
#11010=AXIS2_PLACEMENT_3D('',#15723,#12589,#12590);
#11011=AXIS2_PLACEMENT_3D('',#15729,#12594,#12595);
#11012=AXIS2_PLACEMENT_3D('',#15735,#12599,#12600);
#11013=AXIS2_PLACEMENT_3D('',#15741,#12604,#12605);
#11014=AXIS2_PLACEMENT_3D('',#15747,#12609,#12610);
#11015=AXIS2_PLACEMENT_3D('',#15753,#12614,#12615);
#11016=AXIS2_PLACEMENT_3D('',#15759,#12619,#12620);
#11017=AXIS2_PLACEMENT_3D('',#15765,#12624,#12625);
#11018=AXIS2_PLACEMENT_3D('',#15771,#12629,#12630);
#11019=AXIS2_PLACEMENT_3D('',#15780,#12635,#12636);
#11020=AXIS2_PLACEMENT_3D('',#15786,#12640,#12641);
#11021=AXIS2_PLACEMENT_3D('',#15792,#12645,#12646);
#11022=AXIS2_PLACEMENT_3D('',#15798,#12650,#12651);
#11023=AXIS2_PLACEMENT_3D('',#15804,#12655,#12656);
#11024=AXIS2_PLACEMENT_3D('',#15810,#12660,#12661);
#11025=AXIS2_PLACEMENT_3D('',#15816,#12665,#12666);
#11026=AXIS2_PLACEMENT_3D('',#15822,#12670,#12671);
#11027=AXIS2_PLACEMENT_3D('',#15828,#12675,#12676);
#11028=AXIS2_PLACEMENT_3D('',#15834,#12680,#12681);
#11029=AXIS2_PLACEMENT_3D('',#15840,#12685,#12686);
#11030=AXIS2_PLACEMENT_3D('',#15843,#12689,#12690);
#11031=AXIS2_PLACEMENT_3D('',#15844,#12691,#12692);
#11032=AXIS2_PLACEMENT_3D('',#15853,#12697,#12698);
#11033=AXIS2_PLACEMENT_3D('',#15859,#12702,#12703);
#11034=AXIS2_PLACEMENT_3D('',#15865,#12707,#12708);
#11035=AXIS2_PLACEMENT_3D('',#15871,#12712,#12713);
#11036=AXIS2_PLACEMENT_3D('',#15877,#12717,#12718);
#11037=AXIS2_PLACEMENT_3D('',#15883,#12722,#12723);
#11038=AXIS2_PLACEMENT_3D('',#15889,#12727,#12728);
#11039=AXIS2_PLACEMENT_3D('',#15895,#12732,#12733);
#11040=AXIS2_PLACEMENT_3D('',#15901,#12737,#12738);
#11041=AXIS2_PLACEMENT_3D('',#15907,#12742,#12743);
#11042=AXIS2_PLACEMENT_3D('',#15913,#12747,#12748);
#11043=AXIS2_PLACEMENT_3D('',#15916,#12751,#12752);
#11044=AXIS2_PLACEMENT_3D('',#15917,#12753,#12754);
#11045=AXIS2_PLACEMENT_3D('',#15926,#12759,#12760);
#11046=AXIS2_PLACEMENT_3D('',#15932,#12764,#12765);
#11047=AXIS2_PLACEMENT_3D('',#15938,#12769,#12770);
#11048=AXIS2_PLACEMENT_3D('',#15944,#12774,#12775);
#11049=AXIS2_PLACEMENT_3D('',#15950,#12779,#12780);
#11050=AXIS2_PLACEMENT_3D('',#15956,#12784,#12785);
#11051=AXIS2_PLACEMENT_3D('',#15962,#12789,#12790);
#11052=AXIS2_PLACEMENT_3D('',#15968,#12794,#12795);
#11053=AXIS2_PLACEMENT_3D('',#15974,#12799,#12800);
#11054=AXIS2_PLACEMENT_3D('',#15980,#12804,#12805);
#11055=AXIS2_PLACEMENT_3D('',#15986,#12809,#12810);
#11056=AXIS2_PLACEMENT_3D('',#15989,#12813,#12814);
#11057=AXIS2_PLACEMENT_3D('',#15990,#12815,#12816);
#11058=AXIS2_PLACEMENT_3D('',#15999,#12821,#12822);
#11059=AXIS2_PLACEMENT_3D('',#16005,#12826,#12827);
#11060=AXIS2_PLACEMENT_3D('',#16011,#12831,#12832);
#11061=AXIS2_PLACEMENT_3D('',#16017,#12836,#12837);
#11062=AXIS2_PLACEMENT_3D('',#16023,#12841,#12842);
#11063=AXIS2_PLACEMENT_3D('',#16029,#12846,#12847);
#11064=AXIS2_PLACEMENT_3D('',#16035,#12851,#12852);
#11065=AXIS2_PLACEMENT_3D('',#16041,#12856,#12857);
#11066=AXIS2_PLACEMENT_3D('',#16047,#12861,#12862);
#11067=AXIS2_PLACEMENT_3D('',#16053,#12866,#12867);
#11068=AXIS2_PLACEMENT_3D('',#16059,#12871,#12872);
#11069=AXIS2_PLACEMENT_3D('',#16062,#12875,#12876);
#11070=AXIS2_PLACEMENT_3D('',#16063,#12877,#12878);
#11071=AXIS2_PLACEMENT_3D('',#16072,#12883,#12884);
#11072=AXIS2_PLACEMENT_3D('',#16078,#12888,#12889);
#11073=AXIS2_PLACEMENT_3D('',#16084,#12893,#12894);
#11074=AXIS2_PLACEMENT_3D('',#16090,#12898,#12899);
#11075=AXIS2_PLACEMENT_3D('',#16096,#12903,#12904);
#11076=AXIS2_PLACEMENT_3D('',#16102,#12908,#12909);
#11077=AXIS2_PLACEMENT_3D('',#16108,#12913,#12914);
#11078=AXIS2_PLACEMENT_3D('',#16114,#12918,#12919);
#11079=AXIS2_PLACEMENT_3D('',#16120,#12923,#12924);
#11080=AXIS2_PLACEMENT_3D('',#16126,#12928,#12929);
#11081=AXIS2_PLACEMENT_3D('',#16132,#12933,#12934);
#11082=AXIS2_PLACEMENT_3D('',#16135,#12937,#12938);
#11083=AXIS2_PLACEMENT_3D('',#16136,#12939,#12940);
#11084=AXIS2_PLACEMENT_3D('',#16145,#12945,#12946);
#11085=AXIS2_PLACEMENT_3D('',#16151,#12950,#12951);
#11086=AXIS2_PLACEMENT_3D('',#16157,#12955,#12956);
#11087=AXIS2_PLACEMENT_3D('',#16163,#12960,#12961);
#11088=AXIS2_PLACEMENT_3D('',#16169,#12965,#12966);
#11089=AXIS2_PLACEMENT_3D('',#16175,#12970,#12971);
#11090=AXIS2_PLACEMENT_3D('',#16181,#12975,#12976);
#11091=AXIS2_PLACEMENT_3D('',#16187,#12980,#12981);
#11092=AXIS2_PLACEMENT_3D('',#16193,#12985,#12986);
#11093=AXIS2_PLACEMENT_3D('',#16199,#12990,#12991);
#11094=AXIS2_PLACEMENT_3D('',#16205,#12995,#12996);
#11095=AXIS2_PLACEMENT_3D('',#16208,#12999,#13000);
#11096=AXIS2_PLACEMENT_3D('',#16209,#13001,#13002);
#11097=AXIS2_PLACEMENT_3D('',#16218,#13007,#13008);
#11098=AXIS2_PLACEMENT_3D('',#16224,#13012,#13013);
#11099=AXIS2_PLACEMENT_3D('',#16230,#13017,#13018);
#11100=AXIS2_PLACEMENT_3D('',#16236,#13022,#13023);
#11101=AXIS2_PLACEMENT_3D('',#16242,#13027,#13028);
#11102=AXIS2_PLACEMENT_3D('',#16248,#13032,#13033);
#11103=AXIS2_PLACEMENT_3D('',#16254,#13037,#13038);
#11104=AXIS2_PLACEMENT_3D('',#16260,#13042,#13043);
#11105=AXIS2_PLACEMENT_3D('',#16266,#13047,#13048);
#11106=AXIS2_PLACEMENT_3D('',#16272,#13052,#13053);
#11107=AXIS2_PLACEMENT_3D('',#16278,#13057,#13058);
#11108=AXIS2_PLACEMENT_3D('',#16281,#13061,#13062);
#11109=AXIS2_PLACEMENT_3D('',#16282,#13063,#13064);
#11110=AXIS2_PLACEMENT_3D('',#16291,#13069,#13070);
#11111=AXIS2_PLACEMENT_3D('',#16297,#13074,#13075);
#11112=AXIS2_PLACEMENT_3D('',#16303,#13079,#13080);
#11113=AXIS2_PLACEMENT_3D('',#16309,#13084,#13085);
#11114=AXIS2_PLACEMENT_3D('',#16315,#13089,#13090);
#11115=AXIS2_PLACEMENT_3D('',#16321,#13094,#13095);
#11116=AXIS2_PLACEMENT_3D('',#16327,#13099,#13100);
#11117=AXIS2_PLACEMENT_3D('',#16333,#13104,#13105);
#11118=AXIS2_PLACEMENT_3D('',#16339,#13109,#13110);
#11119=AXIS2_PLACEMENT_3D('',#16345,#13114,#13115);
#11120=AXIS2_PLACEMENT_3D('',#16351,#13119,#13120);
#11121=AXIS2_PLACEMENT_3D('',#16354,#13123,#13124);
#11122=AXIS2_PLACEMENT_3D('',#16355,#13125,#13126);
#11123=AXIS2_PLACEMENT_3D('',#16364,#13131,#13132);
#11124=AXIS2_PLACEMENT_3D('',#16370,#13136,#13137);
#11125=AXIS2_PLACEMENT_3D('',#16376,#13141,#13142);
#11126=AXIS2_PLACEMENT_3D('',#16382,#13146,#13147);
#11127=AXIS2_PLACEMENT_3D('',#16388,#13151,#13152);
#11128=AXIS2_PLACEMENT_3D('',#16394,#13156,#13157);
#11129=AXIS2_PLACEMENT_3D('',#16400,#13161,#13162);
#11130=AXIS2_PLACEMENT_3D('',#16406,#13166,#13167);
#11131=AXIS2_PLACEMENT_3D('',#16412,#13171,#13172);
#11132=AXIS2_PLACEMENT_3D('',#16418,#13176,#13177);
#11133=AXIS2_PLACEMENT_3D('',#16424,#13181,#13182);
#11134=AXIS2_PLACEMENT_3D('',#16427,#13185,#13186);
#11135=AXIS2_PLACEMENT_3D('',#16428,#13187,#13188);
#11136=AXIS2_PLACEMENT_3D('',#16437,#13193,#13194);
#11137=AXIS2_PLACEMENT_3D('',#16443,#13198,#13199);
#11138=AXIS2_PLACEMENT_3D('',#16449,#13203,#13204);
#11139=AXIS2_PLACEMENT_3D('',#16455,#13208,#13209);
#11140=AXIS2_PLACEMENT_3D('',#16461,#13213,#13214);
#11141=AXIS2_PLACEMENT_3D('',#16467,#13218,#13219);
#11142=AXIS2_PLACEMENT_3D('',#16473,#13223,#13224);
#11143=AXIS2_PLACEMENT_3D('',#16479,#13228,#13229);
#11144=AXIS2_PLACEMENT_3D('',#16485,#13233,#13234);
#11145=AXIS2_PLACEMENT_3D('',#16491,#13238,#13239);
#11146=AXIS2_PLACEMENT_3D('',#16497,#13243,#13244);
#11147=AXIS2_PLACEMENT_3D('',#16500,#13247,#13248);
#11148=AXIS2_PLACEMENT_3D('',#16501,#13249,#13250);
#11149=AXIS2_PLACEMENT_3D('',#16510,#13255,#13256);
#11150=AXIS2_PLACEMENT_3D('',#16516,#13260,#13261);
#11151=AXIS2_PLACEMENT_3D('',#16522,#13265,#13266);
#11152=AXIS2_PLACEMENT_3D('',#16528,#13270,#13271);
#11153=AXIS2_PLACEMENT_3D('',#16534,#13275,#13276);
#11154=AXIS2_PLACEMENT_3D('',#16540,#13280,#13281);
#11155=AXIS2_PLACEMENT_3D('',#16546,#13285,#13286);
#11156=AXIS2_PLACEMENT_3D('',#16552,#13290,#13291);
#11157=AXIS2_PLACEMENT_3D('',#16558,#13295,#13296);
#11158=AXIS2_PLACEMENT_3D('',#16564,#13300,#13301);
#11159=AXIS2_PLACEMENT_3D('',#16570,#13305,#13306);
#11160=AXIS2_PLACEMENT_3D('',#16573,#13309,#13310);
#11161=AXIS2_PLACEMENT_3D('',#16574,#13311,#13312);
#11162=AXIS2_PLACEMENT_3D('',#16583,#13317,#13318);
#11163=AXIS2_PLACEMENT_3D('',#16589,#13322,#13323);
#11164=AXIS2_PLACEMENT_3D('',#16595,#13327,#13328);
#11165=AXIS2_PLACEMENT_3D('',#16601,#13332,#13333);
#11166=AXIS2_PLACEMENT_3D('',#16607,#13337,#13338);
#11167=AXIS2_PLACEMENT_3D('',#16613,#13342,#13343);
#11168=AXIS2_PLACEMENT_3D('',#16619,#13347,#13348);
#11169=AXIS2_PLACEMENT_3D('',#16625,#13352,#13353);
#11170=AXIS2_PLACEMENT_3D('',#16631,#13357,#13358);
#11171=AXIS2_PLACEMENT_3D('',#16637,#13362,#13363);
#11172=AXIS2_PLACEMENT_3D('',#16643,#13367,#13368);
#11173=AXIS2_PLACEMENT_3D('',#16646,#13371,#13372);
#11174=AXIS2_PLACEMENT_3D('',#16647,#13373,#13374);
#11175=AXIS2_PLACEMENT_3D('',#16650,#13377,#13378);
#11176=AXIS2_PLACEMENT_3D('',#16652,#13380,#13381);
#11177=AXIS2_PLACEMENT_3D('',#16654,#13383,#13384);
#11178=AXIS2_PLACEMENT_3D('',#16655,#13385,#13386);
#11179=AXIS2_PLACEMENT_3D('',#16656,#13387,#13388);
#11180=AXIS2_PLACEMENT_3D('',#16659,#13391,#13392);
#11181=AXIS2_PLACEMENT_3D('',#16661,#13394,#13395);
#11182=AXIS2_PLACEMENT_3D('',#16663,#13397,#13398);
#11183=AXIS2_PLACEMENT_3D('',#16664,#13399,#13400);
#11184=AXIS2_PLACEMENT_3D('',#16665,#13401,#13402);
#11185=AXIS2_PLACEMENT_3D('',#16668,#13405,#13406);
#11186=AXIS2_PLACEMENT_3D('',#16670,#13408,#13409);
#11187=AXIS2_PLACEMENT_3D('',#16672,#13411,#13412);
#11188=AXIS2_PLACEMENT_3D('',#16673,#13413,#13414);
#11189=AXIS2_PLACEMENT_3D('',#16674,#13415,#13416);
#11190=AXIS2_PLACEMENT_3D('',#16677,#13419,#13420);
#11191=AXIS2_PLACEMENT_3D('',#16679,#13422,#13423);
#11192=AXIS2_PLACEMENT_3D('',#16681,#13425,#13426);
#11193=AXIS2_PLACEMENT_3D('',#16682,#13427,#13428);
#11194=AXIS2_PLACEMENT_3D('',#16683,#13429,#13430);
#11195=AXIS2_PLACEMENT_3D('',#16686,#13433,#13434);
#11196=AXIS2_PLACEMENT_3D('',#16688,#13436,#13437);
#11197=AXIS2_PLACEMENT_3D('',#16690,#13439,#13440);
#11198=AXIS2_PLACEMENT_3D('',#16691,#13441,#13442);
#11199=AXIS2_PLACEMENT_3D('',#16692,#13443,#13444);
#11200=AXIS2_PLACEMENT_3D('',#16695,#13447,#13448);
#11201=AXIS2_PLACEMENT_3D('',#16697,#13450,#13451);
#11202=AXIS2_PLACEMENT_3D('',#16699,#13453,#13454);
#11203=AXIS2_PLACEMENT_3D('',#16700,#13455,#13456);
#11204=AXIS2_PLACEMENT_3D('',#16701,#13457,#13458);
#11205=AXIS2_PLACEMENT_3D('',#16704,#13461,#13462);
#11206=AXIS2_PLACEMENT_3D('',#16706,#13464,#13465);
#11207=AXIS2_PLACEMENT_3D('',#16708,#13467,#13468);
#11208=AXIS2_PLACEMENT_3D('',#16709,#13469,#13470);
#11209=AXIS2_PLACEMENT_3D('',#16710,#13471,#13472);
#11210=AXIS2_PLACEMENT_3D('',#16713,#13475,#13476);
#11211=AXIS2_PLACEMENT_3D('',#16715,#13478,#13479);
#11212=AXIS2_PLACEMENT_3D('',#16717,#13481,#13482);
#11213=AXIS2_PLACEMENT_3D('',#16718,#13483,#13484);
#11214=AXIS2_PLACEMENT_3D('',#16719,#13485,#13486);
#11215=AXIS2_PLACEMENT_3D('',#16722,#13489,#13490);
#11216=AXIS2_PLACEMENT_3D('',#16724,#13492,#13493);
#11217=AXIS2_PLACEMENT_3D('',#16726,#13495,#13496);
#11218=AXIS2_PLACEMENT_3D('',#16727,#13497,#13498);
#11219=AXIS2_PLACEMENT_3D('',#16728,#13499,#13500);
#11220=AXIS2_PLACEMENT_3D('',#16731,#13503,#13504);
#11221=AXIS2_PLACEMENT_3D('',#16733,#13506,#13507);
#11222=AXIS2_PLACEMENT_3D('',#16735,#13509,#13510);
#11223=AXIS2_PLACEMENT_3D('',#16736,#13511,#13512);
#11224=AXIS2_PLACEMENT_3D('',#16737,#13513,#13514);
#11225=AXIS2_PLACEMENT_3D('',#16740,#13517,#13518);
#11226=AXIS2_PLACEMENT_3D('',#16742,#13520,#13521);
#11227=AXIS2_PLACEMENT_3D('',#16744,#13523,#13524);
#11228=AXIS2_PLACEMENT_3D('',#16745,#13525,#13526);
#11229=AXIS2_PLACEMENT_3D('',#16746,#13527,#13528);
#11230=AXIS2_PLACEMENT_3D('',#16749,#13531,#13532);
#11231=AXIS2_PLACEMENT_3D('',#16751,#13534,#13535);
#11232=AXIS2_PLACEMENT_3D('',#16753,#13537,#13538);
#11233=AXIS2_PLACEMENT_3D('',#16754,#13539,#13540);
#11234=AXIS2_PLACEMENT_3D('',#16755,#13541,#13542);
#11235=AXIS2_PLACEMENT_3D('',#16758,#13545,#13546);
#11236=AXIS2_PLACEMENT_3D('',#16760,#13548,#13549);
#11237=AXIS2_PLACEMENT_3D('',#16762,#13551,#13552);
#11238=AXIS2_PLACEMENT_3D('',#16764,#13554,#13555);
#11239=AXIS2_PLACEMENT_3D('',#16766,#13557,#13558);
#11240=AXIS2_PLACEMENT_3D('',#16768,#13560,#13561);
#11241=AXIS2_PLACEMENT_3D('',#16770,#13563,#13564);
#11242=AXIS2_PLACEMENT_3D('',#16772,#13566,#13567);
#11243=AXIS2_PLACEMENT_3D('',#16774,#13569,#13570);
#11244=AXIS2_PLACEMENT_3D('',#16776,#13572,#13573);
#11245=AXIS2_PLACEMENT_3D('',#16778,#13575,#13576);
#11246=AXIS2_PLACEMENT_3D('',#16779,#13577,#13578);
#11247=AXIS2_PLACEMENT_3D('',#16782,#13581,#13582);
#11248=AXIS2_PLACEMENT_3D('',#16784,#13584,#13585);
#11249=AXIS2_PLACEMENT_3D('',#16786,#13587,#13588);
#11250=AXIS2_PLACEMENT_3D('',#16788,#13590,#13591);
#11251=AXIS2_PLACEMENT_3D('',#16790,#13593,#13594);
#11252=AXIS2_PLACEMENT_3D('',#16792,#13596,#13597);
#11253=AXIS2_PLACEMENT_3D('',#16794,#13599,#13600);
#11254=AXIS2_PLACEMENT_3D('',#16796,#13602,#13603);
#11255=AXIS2_PLACEMENT_3D('',#16798,#13605,#13606);
#11256=AXIS2_PLACEMENT_3D('',#16800,#13608,#13609);
#11257=AXIS2_PLACEMENT_3D('',#16802,#13611,#13612);
#11258=AXIS2_PLACEMENT_3D('',#16803,#13613,#13614);
#11259=AXIS2_PLACEMENT_3D('',#16806,#13617,#13618);
#11260=AXIS2_PLACEMENT_3D('',#16808,#13620,#13621);
#11261=AXIS2_PLACEMENT_3D('',#16810,#13623,#13624);
#11262=AXIS2_PLACEMENT_3D('',#16812,#13626,#13627);
#11263=AXIS2_PLACEMENT_3D('',#16814,#13629,#13630);
#11264=AXIS2_PLACEMENT_3D('',#16816,#13632,#13633);
#11265=AXIS2_PLACEMENT_3D('',#16818,#13635,#13636);
#11266=AXIS2_PLACEMENT_3D('',#16820,#13638,#13639);
#11267=AXIS2_PLACEMENT_3D('',#16822,#13641,#13642);
#11268=AXIS2_PLACEMENT_3D('',#16824,#13644,#13645);
#11269=AXIS2_PLACEMENT_3D('',#16826,#13647,#13648);
#11270=AXIS2_PLACEMENT_3D('',#16827,#13649,#13650);
#11271=AXIS2_PLACEMENT_3D('',#16830,#13653,#13654);
#11272=AXIS2_PLACEMENT_3D('',#16832,#13656,#13657);
#11273=AXIS2_PLACEMENT_3D('',#16834,#13659,#13660);
#11274=AXIS2_PLACEMENT_3D('',#16836,#13662,#13663);
#11275=AXIS2_PLACEMENT_3D('',#16838,#13665,#13666);
#11276=AXIS2_PLACEMENT_3D('',#16840,#13668,#13669);
#11277=AXIS2_PLACEMENT_3D('',#16842,#13671,#13672);
#11278=AXIS2_PLACEMENT_3D('',#16844,#13674,#13675);
#11279=AXIS2_PLACEMENT_3D('',#16846,#13677,#13678);
#11280=AXIS2_PLACEMENT_3D('',#16848,#13680,#13681);
#11281=AXIS2_PLACEMENT_3D('',#16850,#13683,#13684);
#11282=AXIS2_PLACEMENT_3D('',#16851,#13685,#13686);
#11283=AXIS2_PLACEMENT_3D('',#16854,#13689,#13690);
#11284=AXIS2_PLACEMENT_3D('',#16856,#13692,#13693);
#11285=AXIS2_PLACEMENT_3D('',#16858,#13695,#13696);
#11286=AXIS2_PLACEMENT_3D('',#16860,#13698,#13699);
#11287=AXIS2_PLACEMENT_3D('',#16862,#13701,#13702);
#11288=AXIS2_PLACEMENT_3D('',#16864,#13704,#13705);
#11289=AXIS2_PLACEMENT_3D('',#16866,#13707,#13708);
#11290=AXIS2_PLACEMENT_3D('',#16868,#13710,#13711);
#11291=AXIS2_PLACEMENT_3D('',#16870,#13713,#13714);
#11292=AXIS2_PLACEMENT_3D('',#16872,#13716,#13717);
#11293=AXIS2_PLACEMENT_3D('',#16874,#13719,#13720);
#11294=AXIS2_PLACEMENT_3D('',#16875,#13721,#13722);
#11295=AXIS2_PLACEMENT_3D('',#16878,#13725,#13726);
#11296=AXIS2_PLACEMENT_3D('',#16880,#13728,#13729);
#11297=AXIS2_PLACEMENT_3D('',#16882,#13731,#13732);
#11298=AXIS2_PLACEMENT_3D('',#16884,#13734,#13735);
#11299=AXIS2_PLACEMENT_3D('',#16886,#13737,#13738);
#11300=AXIS2_PLACEMENT_3D('',#16888,#13740,#13741);
#11301=AXIS2_PLACEMENT_3D('',#16890,#13743,#13744);
#11302=AXIS2_PLACEMENT_3D('',#16892,#13746,#13747);
#11303=AXIS2_PLACEMENT_3D('',#16894,#13749,#13750);
#11304=AXIS2_PLACEMENT_3D('',#16896,#13752,#13753);
#11305=AXIS2_PLACEMENT_3D('',#16898,#13755,#13756);
#11306=AXIS2_PLACEMENT_3D('',#16899,#13757,#13758);
#11307=AXIS2_PLACEMENT_3D('',#16902,#13761,#13762);
#11308=AXIS2_PLACEMENT_3D('',#16904,#13764,#13765);
#11309=AXIS2_PLACEMENT_3D('',#16906,#13767,#13768);
#11310=AXIS2_PLACEMENT_3D('',#16908,#13770,#13771);
#11311=AXIS2_PLACEMENT_3D('',#16910,#13773,#13774);
#11312=AXIS2_PLACEMENT_3D('',#16912,#13776,#13777);
#11313=AXIS2_PLACEMENT_3D('',#16914,#13779,#13780);
#11314=AXIS2_PLACEMENT_3D('',#16916,#13782,#13783);
#11315=AXIS2_PLACEMENT_3D('',#16918,#13785,#13786);
#11316=AXIS2_PLACEMENT_3D('',#16920,#13788,#13789);
#11317=AXIS2_PLACEMENT_3D('',#16922,#13791,#13792);
#11318=AXIS2_PLACEMENT_3D('',#16923,#13793,#13794);
#11319=AXIS2_PLACEMENT_3D('',#16926,#13797,#13798);
#11320=AXIS2_PLACEMENT_3D('',#16928,#13800,#13801);
#11321=AXIS2_PLACEMENT_3D('',#16930,#13803,#13804);
#11322=AXIS2_PLACEMENT_3D('',#16932,#13806,#13807);
#11323=AXIS2_PLACEMENT_3D('',#16934,#13809,#13810);
#11324=AXIS2_PLACEMENT_3D('',#16936,#13812,#13813);
#11325=AXIS2_PLACEMENT_3D('',#16938,#13815,#13816);
#11326=AXIS2_PLACEMENT_3D('',#16940,#13818,#13819);
#11327=AXIS2_PLACEMENT_3D('',#16942,#13821,#13822);
#11328=AXIS2_PLACEMENT_3D('',#16944,#13824,#13825);
#11329=AXIS2_PLACEMENT_3D('',#16946,#13827,#13828);
#11330=AXIS2_PLACEMENT_3D('',#16947,#13829,#13830);
#11331=AXIS2_PLACEMENT_3D('',#16950,#13833,#13834);
#11332=AXIS2_PLACEMENT_3D('',#16952,#13836,#13837);
#11333=AXIS2_PLACEMENT_3D('',#16954,#13839,#13840);
#11334=AXIS2_PLACEMENT_3D('',#16956,#13842,#13843);
#11335=AXIS2_PLACEMENT_3D('',#16958,#13845,#13846);
#11336=AXIS2_PLACEMENT_3D('',#16960,#13848,#13849);
#11337=AXIS2_PLACEMENT_3D('',#16962,#13851,#13852);
#11338=AXIS2_PLACEMENT_3D('',#16964,#13854,#13855);
#11339=AXIS2_PLACEMENT_3D('',#16966,#13857,#13858);
#11340=AXIS2_PLACEMENT_3D('',#16968,#13860,#13861);
#11341=AXIS2_PLACEMENT_3D('',#16970,#13863,#13864);
#11342=AXIS2_PLACEMENT_3D('',#16971,#13865,#13866);
#11343=AXIS2_PLACEMENT_3D('',#16974,#13869,#13870);
#11344=AXIS2_PLACEMENT_3D('',#16976,#13872,#13873);
#11345=AXIS2_PLACEMENT_3D('',#16978,#13875,#13876);
#11346=AXIS2_PLACEMENT_3D('',#16980,#13878,#13879);
#11347=AXIS2_PLACEMENT_3D('',#16982,#13881,#13882);
#11348=AXIS2_PLACEMENT_3D('',#16984,#13884,#13885);
#11349=AXIS2_PLACEMENT_3D('',#16986,#13887,#13888);
#11350=AXIS2_PLACEMENT_3D('',#16988,#13890,#13891);
#11351=AXIS2_PLACEMENT_3D('',#16990,#13893,#13894);
#11352=AXIS2_PLACEMENT_3D('',#16992,#13896,#13897);
#11353=AXIS2_PLACEMENT_3D('',#16994,#13899,#13900);
#11354=AXIS2_PLACEMENT_3D('',#16995,#13901,#13902);
#11355=AXIS2_PLACEMENT_3D('',#16998,#13905,#13906);
#11356=AXIS2_PLACEMENT_3D('',#17000,#13908,#13909);
#11357=AXIS2_PLACEMENT_3D('',#17002,#13911,#13912);
#11358=AXIS2_PLACEMENT_3D('',#17004,#13914,#13915);
#11359=AXIS2_PLACEMENT_3D('',#17006,#13917,#13918);
#11360=AXIS2_PLACEMENT_3D('',#17008,#13920,#13921);
#11361=AXIS2_PLACEMENT_3D('',#17010,#13923,#13924);
#11362=AXIS2_PLACEMENT_3D('',#17012,#13926,#13927);
#11363=AXIS2_PLACEMENT_3D('',#17014,#13929,#13930);
#11364=AXIS2_PLACEMENT_3D('',#17016,#13932,#13933);
#11365=AXIS2_PLACEMENT_3D('',#17018,#13935,#13936);
#11366=AXIS2_PLACEMENT_3D('',#17019,#13937,#13938);
#11367=AXIS2_PLACEMENT_3D('',#17022,#13941,#13942);
#11368=AXIS2_PLACEMENT_3D('',#17024,#13944,#13945);
#11369=AXIS2_PLACEMENT_3D('',#17026,#13947,#13948);
#11370=AXIS2_PLACEMENT_3D('',#17028,#13950,#13951);
#11371=AXIS2_PLACEMENT_3D('',#17030,#13953,#13954);
#11372=AXIS2_PLACEMENT_3D('',#17032,#13956,#13957);
#11373=AXIS2_PLACEMENT_3D('',#17034,#13959,#13960);
#11374=AXIS2_PLACEMENT_3D('',#17036,#13962,#13963);
#11375=AXIS2_PLACEMENT_3D('',#17038,#13965,#13966);
#11376=AXIS2_PLACEMENT_3D('',#17040,#13968,#13969);
#11377=AXIS2_PLACEMENT_3D('',#17042,#13971,#13972);
#11378=AXIS2_PLACEMENT_3D('',#17043,#13973,#13974);
#11379=AXIS2_PLACEMENT_3D('',#17045,#13976,#13977);
#11380=AXIS2_PLACEMENT_3D('',#17047,#13979,#13980);
#11381=AXIS2_PLACEMENT_3D('',#17048,#13981,#13982);
#11382=AXIS2_PLACEMENT_3D('',#17050,#13984,#13985);
#11383=AXIS2_PLACEMENT_3D('',#17052,#13987,#13988);
#11384=AXIS2_PLACEMENT_3D('',#17053,#13989,#13990);
#11385=AXIS2_PLACEMENT_3D('',#17055,#13992,#13993);
#11386=AXIS2_PLACEMENT_3D('',#17057,#13995,#13996);
#11387=AXIS2_PLACEMENT_3D('',#17058,#13997,#13998);
#11388=AXIS2_PLACEMENT_3D('',#17060,#14000,#14001);
#11389=AXIS2_PLACEMENT_3D('',#17062,#14003,#14004);
#11390=AXIS2_PLACEMENT_3D('',#17063,#14005,#14006);
#11391=AXIS2_PLACEMENT_3D('',#17065,#14008,#14009);
#11392=AXIS2_PLACEMENT_3D('',#17067,#14011,#14012);
#11393=AXIS2_PLACEMENT_3D('',#17068,#14013,#14014);
#11394=AXIS2_PLACEMENT_3D('',#17070,#14016,#14017);
#11395=AXIS2_PLACEMENT_3D('',#17072,#14019,#14020);
#11396=AXIS2_PLACEMENT_3D('',#17073,#14021,#14022);
#11397=AXIS2_PLACEMENT_3D('',#17075,#14024,#14025);
#11398=AXIS2_PLACEMENT_3D('',#17077,#14027,#14028);
#11399=AXIS2_PLACEMENT_3D('',#17078,#14029,#14030);
#11400=AXIS2_PLACEMENT_3D('',#17080,#14032,#14033);
#11401=AXIS2_PLACEMENT_3D('',#17082,#14035,#14036);
#11402=AXIS2_PLACEMENT_3D('',#17083,#14037,#14038);
#11403=AXIS2_PLACEMENT_3D('',#17085,#14040,#14041);
#11404=AXIS2_PLACEMENT_3D('',#17087,#14043,#14044);
#11405=AXIS2_PLACEMENT_3D('',#17088,#14045,#14046);
#11406=AXIS2_PLACEMENT_3D('',#17090,#14048,#14049);
#11407=AXIS2_PLACEMENT_3D('',#17092,#14051,#14052);
#11408=AXIS2_PLACEMENT_3D('',#17093,#14053,#14054);
#11409=AXIS2_PLACEMENT_3D('',#17095,#14056,#14057);
#11410=AXIS2_PLACEMENT_3D('',#17097,#14059,#14060);
#11411=AXIS2_PLACEMENT_3D('',#17098,#14061,#14062);
#11412=AXIS2_PLACEMENT_3D('',#17100,#14064,#14065);
#11413=AXIS2_PLACEMENT_3D('',#17102,#14067,#14068);
#11414=AXIS2_PLACEMENT_3D('',#17103,#14069,#14070);
#11415=AXIS2_PLACEMENT_3D('',#17109,#14074,#14075);
#11416=AXIS2_PLACEMENT_3D('',#17115,#14079,#14080);
#11417=AXIS2_PLACEMENT_3D('',#17118,#14083,#14084);
#11418=AXIS2_PLACEMENT_3D('',#17119,#14085,#14086);
#11419=AXIS2_PLACEMENT_3D('',#17120,#14087,#14088);
#11420=DIRECTION('',(0.,0.,1.));
#11421=DIRECTION('',(1.,0.,0.));
#11422=DIRECTION('',(-4.73106402539129E-15,1.,7.39228753967389E-16));
#11423=DIRECTION('',(-1.,0.,0.));
#11424=DIRECTION('',(-3.94255335449274E-15,-1.,-7.39228753967389E-16));
#11425=DIRECTION('',(1.,-4.81867632215779E-16,0.));
#11426=DIRECTION('',(-1.,0.,0.));
#11427=DIRECTION('',(0.707106781186548,0.707106781186548,9.15399054736343E-17));
#11428=DIRECTION('',(-1.,0.,0.));
#11429=DIRECTION('',(0.70710678118655,-0.707106781186546,-9.1539905473634E-17));
#11430=DIRECTION('',(-1.,0.,0.));
#11431=DIRECTION('',(0.707106781186548,0.707106781186548,9.15399054736343E-17));
#11432=DIRECTION('',(-1.,0.,0.));
#11433=DIRECTION('',(0.707106781186545,-0.70710678118655,-9.15399054736345E-17));
#11434=DIRECTION('',(-1.,0.,0.));
#11435=DIRECTION('',(0.707106781186548,0.707106781186548,9.15399054736343E-17));
#11436=DIRECTION('',(-1.,0.,0.));
#11437=DIRECTION('',(0.707106781186545,-0.70710678118655,-9.15399054736345E-17));
#11438=DIRECTION('',(-1.,0.,0.));
#11439=DIRECTION('',(0.707106781186548,0.707106781186548,9.15399054736343E-17));
#11440=DIRECTION('',(-1.,0.,0.));
#11441=DIRECTION('',(0.70710678118655,-0.707106781186546,-9.1539905473634E-17));
#11442=DIRECTION('',(-1.,0.,0.));
#11443=DIRECTION('',(0.707106781186548,0.707106781186548,9.15399054736343E-17));
#11444=DIRECTION('',(-1.,0.,0.));
#11445=DIRECTION('',(0.707106781186545,-0.70710678118655,-9.15399054736345E-17));
#11446=DIRECTION('',(-1.,0.,0.));
#11447=DIRECTION('',(0.707106781186548,0.707106781186548,9.15399054736343E-17));
#11448=DIRECTION('',(-1.,0.,0.));
#11449=DIRECTION('',(0.70710678118655,-0.707106781186546,-9.1539905473634E-17));
#11450=DIRECTION('',(-1.,0.,0.));
#11451=DIRECTION('',(0.707106781186548,0.707106781186548,9.15399054736343E-17));
#11452=DIRECTION('',(-1.,0.,0.));
#11453=DIRECTION('',(0.707106781186548,-0.707106781186548,-9.15399054736343E-17));
#11454=DIRECTION('',(-1.,0.,0.));
#11455=DIRECTION('',(0.707106781186548,0.707106781186548,9.15399054736343E-17));
#11456=DIRECTION('',(-1.,0.,0.));
#11457=DIRECTION('',(0.707106781186548,-0.707106781186548,-9.15399054736343E-17));
#11458=DIRECTION('',(-1.,0.,0.));
#11459=DIRECTION('',(0.707106781186548,0.707106781186548,9.15399054736343E-17));
#11460=DIRECTION('',(-1.,0.,0.));
#11461=DIRECTION('',(0.707106781186548,-0.707106781186548,-9.15399054736343E-17));
#11462=DIRECTION('',(-1.,0.,0.));
#11463=DIRECTION('',(0.707106781186548,0.707106781186548,9.15399054736343E-17));
#11464=DIRECTION('',(-1.,0.,0.));
#11465=DIRECTION('',(0.707106781186548,-0.707106781186548,-9.15399054736343E-17));
#11466=DIRECTION('',(-1.,0.,0.));
#11467=DIRECTION('',(0.707106781186548,0.707106781186548,9.15399054736343E-17));
#11468=DIRECTION('',(-1.,0.,0.));
#11469=DIRECTION('',(0.707106781186548,-0.707106781186548,-9.15399054736343E-17));
#11470=DIRECTION('',(-1.,0.,0.));
#11471=DIRECTION('',(0.707106781186548,0.707106781186548,9.15399054736343E-17));
#11472=DIRECTION('',(-1.,0.,0.));
#11473=DIRECTION('',(0.707106781186548,-0.707106781186548,-9.15399054736343E-17));
#11474=DIRECTION('',(-1.,0.,0.));
#11475=DIRECTION('',(0.707106781186548,0.707106781186548,9.15399054736343E-17));
#11476=DIRECTION('',(-1.,0.,0.));
#11477=DIRECTION('',(0.,1.,1.29456975819165E-16));
#11478=DIRECTION('',(-1.,0.,0.));
#11479=DIRECTION('',(0.,1.,1.29456975819165E-16));
#11480=DIRECTION('',(-1.,0.,0.));
#11481=DIRECTION('',(0.707106781186545,-0.70710678118655,-9.15399054736345E-17));
#11482=DIRECTION('',(-4.73106402539129E-15,1.,7.39228753967389E-16));
#11483=DIRECTION('',(-1.,0.,0.));
#11484=DIRECTION('',(-3.94255335449274E-15,-1.,-7.39228753967389E-16));
#11485=DIRECTION('',(1.,-4.81867632215779E-16,0.));
#11486=DIRECTION('',(0.,-1.29456975819165E-16,1.));
#11487=DIRECTION('',(0.,-1.,-1.29453739394769E-16));
#11488=DIRECTION('',(0.6,0.8,-5.20417042793042E-15));
#11489=DIRECTION('',(0.,1.,-1.0842021724855E-15));
#11490=DIRECTION('',(1.,0.,0.));
#11491=DIRECTION('',(0.,-1.,0.));
#11492=DIRECTION('',(0.6,-0.8,6.07153216591883E-15));
#11493=DIRECTION('',(-1.,0.,0.));
#11494=DIRECTION('',(0.6,0.8,-5.20417042793042E-15));
#11495=DIRECTION('',(0.,1.,-1.0842021724855E-15));
#11496=DIRECTION('',(1.,0.,0.));
#11497=DIRECTION('',(0.,-1.,0.));
#11498=DIRECTION('',(0.6,-0.8,6.07153216591883E-15));
#11499=DIRECTION('',(-1.,0.,0.));
#11500=DIRECTION('',(0.,-1.,0.));
#11501=DIRECTION('',(-1.,0.,0.));
#11502=DIRECTION('',(0.,-1.,0.));
#11503=DIRECTION('',(-1.,0.,0.));
#11504=DIRECTION('',(0.6,0.8,-5.20417042793042E-15));
#11505=DIRECTION('',(0.,1.,-1.0842021724855E-15));
#11506=DIRECTION('',(1.,0.,0.));
#11507=DIRECTION('',(0.,-1.,0.));
#11508=DIRECTION('',(0.6,-0.8,6.07153216591883E-15));
#11509=DIRECTION('',(-1.,0.,0.));
#11510=DIRECTION('',(0.6,0.8,-5.20417042793042E-15));
#11511=DIRECTION('',(0.,1.,-1.0842021724855E-15));
#11512=DIRECTION('',(1.,0.,0.));
#11513=DIRECTION('',(0.,-1.,0.));
#11514=DIRECTION('',(0.6,-0.8,6.07153216591883E-15));
#11515=DIRECTION('',(-1.,0.,0.));
#11516=DIRECTION('',(0.6,0.8,-5.20417042793042E-15));
#11517=DIRECTION('',(0.,1.,-1.0842021724855E-15));
#11518=DIRECTION('',(1.,0.,0.));
#11519=DIRECTION('',(0.,-1.,0.));
#11520=DIRECTION('',(0.6,-0.8,6.07153216591883E-15));
#11521=DIRECTION('',(-1.,0.,0.));
#11522=DIRECTION('',(0.6,0.8,-5.20417042793042E-15));
#11523=DIRECTION('',(0.,1.,-1.0842021724855E-15));
#11524=DIRECTION('',(1.,0.,0.));
#11525=DIRECTION('',(0.,-1.,0.));
#11526=DIRECTION('',(0.6,-0.8,6.07153216591883E-15));
#11527=DIRECTION('',(-1.,0.,0.));
#11528=DIRECTION('',(0.6,0.8,-5.20417042793042E-15));
#11529=DIRECTION('',(0.,1.,-1.0842021724855E-15));
#11530=DIRECTION('',(1.,0.,0.));
#11531=DIRECTION('',(0.,-1.,0.));
#11532=DIRECTION('',(0.6,-0.8,6.07153216591883E-15));
#11533=DIRECTION('',(-1.,0.,0.));
#11534=DIRECTION('',(0.6,0.8,-5.20417042793042E-15));
#11535=DIRECTION('',(0.,1.,-1.0842021724855E-15));
#11536=DIRECTION('',(1.,0.,0.));
#11537=DIRECTION('',(0.,-1.,0.));
#11538=DIRECTION('',(0.6,-0.8,6.07153216591883E-15));
#11539=DIRECTION('',(-1.,0.,0.));
#11540=DIRECTION('',(0.6,0.8,-5.20417042793042E-15));
#11541=DIRECTION('',(0.,1.,-1.0842021724855E-15));
#11542=DIRECTION('',(1.,0.,0.));
#11543=DIRECTION('',(0.,-1.,0.));
#11544=DIRECTION('',(0.6,-0.8,6.07153216591883E-15));
#11545=DIRECTION('',(-1.,0.,0.));
#11546=DIRECTION('',(0.6,0.8,-5.20417042793042E-15));
#11547=DIRECTION('',(0.,1.,-1.0842021724855E-15));
#11548=DIRECTION('',(1.,0.,0.));
#11549=DIRECTION('',(0.,-1.,0.));
#11550=DIRECTION('',(0.6,-0.8,6.07153216591883E-15));
#11551=DIRECTION('',(-1.,0.,0.));
#11552=DIRECTION('',(0.6,0.8,-5.20417042793042E-15));
#11553=DIRECTION('',(0.,1.,-1.0842021724855E-15));
#11554=DIRECTION('',(1.,0.,0.));
#11555=DIRECTION('',(0.,-1.,0.));
#11556=DIRECTION('',(0.6,-0.8,6.07153216591883E-15));
#11557=DIRECTION('',(-1.,0.,0.));
#11558=DIRECTION('',(0.6,0.8,-5.20417042793042E-15));
#11559=DIRECTION('',(0.,1.,-1.0842021724855E-15));
#11560=DIRECTION('',(1.,0.,0.));
#11561=DIRECTION('',(0.,-1.,0.));
#11562=DIRECTION('',(0.6,-0.8,6.07153216591883E-15));
#11563=DIRECTION('',(-1.,0.,0.));
#11564=DIRECTION('',(0.6,0.8,-5.20417042793042E-15));
#11565=DIRECTION('',(0.,1.,-1.0842021724855E-15));
#11566=DIRECTION('',(1.,0.,0.));
#11567=DIRECTION('',(0.,-1.,0.));
#11568=DIRECTION('',(0.6,-0.8,6.07153216591883E-15));
#11569=DIRECTION('',(-1.,0.,0.));
#11570=DIRECTION('',(0.,0.,-1.));
#11571=DIRECTION('',(-1.,0.,0.));
#11572=DIRECTION('',(0.,-2.16840434497101E-16,1.));
#11573=DIRECTION('',(-1.,0.,0.));
#11574=DIRECTION('',(0.,-2.16840434497101E-16,1.));
#11575=DIRECTION('',(0.,1.,0.));
#11576=DIRECTION('',(0.,0.,1.));
#11577=DIRECTION('',(0.,-2.16840434497101E-16,1.));
#11578=DIRECTION('',(0.,-2.16840434497101E-16,1.));
#11579=DIRECTION('',(-1.,0.,0.));
#11580=DIRECTION('',(0.,1.,0.));
#11581=DIRECTION('',(0.,0.,1.));
#11582=DIRECTION('',(0.,-2.16840434497101E-16,1.));
#11583=DIRECTION('',(0.,-2.16840434497101E-16,1.));
#11584=DIRECTION('',(-1.,0.,0.));
#11585=DIRECTION('',(0.,1.,0.));
#11586=DIRECTION('',(0.,0.,1.));
#11587=DIRECTION('',(0.,-2.16840434497101E-16,1.));
#11588=DIRECTION('',(0.,-2.16840434497101E-16,1.));
#11589=DIRECTION('',(-1.,0.,0.));
#11590=DIRECTION('',(0.,1.,0.));
#11591=DIRECTION('',(0.,0.,1.));
#11592=DIRECTION('',(0.,-2.16840434497101E-16,1.));
#11593=DIRECTION('',(0.,-2.16840434497101E-16,1.));
#11594=DIRECTION('',(-1.,0.,0.));
#11595=DIRECTION('',(0.,1.,0.));
#11596=DIRECTION('',(0.,0.,1.));
#11597=DIRECTION('',(0.,-2.16840434497101E-16,1.));
#11598=DIRECTION('',(0.,-2.16840434497101E-16,1.));
#11599=DIRECTION('',(-1.,0.,0.));
#11600=DIRECTION('',(0.,1.,0.));
#11601=DIRECTION('',(0.,0.,1.));
#11602=DIRECTION('',(0.,-2.16840434497101E-16,1.));
#11603=DIRECTION('',(0.,-2.16840434497101E-16,1.));
#11604=DIRECTION('',(-1.,0.,0.));
#11605=DIRECTION('',(0.,1.,0.));
#11606=DIRECTION('',(0.,0.,1.));
#11607=DIRECTION('',(0.,-2.16840434497101E-16,1.));
#11608=DIRECTION('',(0.,-2.16840434497101E-16,1.));
#11609=DIRECTION('',(-1.,0.,0.));
#11610=DIRECTION('',(0.,1.,0.));
#11611=DIRECTION('',(0.,0.,1.));
#11612=DIRECTION('',(0.,-2.16840434497101E-16,1.));
#11613=DIRECTION('',(0.,-2.16840434497101E-16,1.));
#11614=DIRECTION('',(-1.,0.,0.));
#11615=DIRECTION('',(0.,1.,0.));
#11616=DIRECTION('',(0.,0.,1.));
#11617=DIRECTION('',(0.,-2.16840434497101E-16,1.));
#11618=DIRECTION('',(0.,-2.16840434497101E-16,1.));
#11619=DIRECTION('',(-1.,0.,0.));
#11620=DIRECTION('',(0.,1.,0.));
#11621=DIRECTION('',(0.,0.,1.));
#11622=DIRECTION('',(0.,-2.16840434497101E-16,1.));
#11623=DIRECTION('',(0.,-2.16840434497101E-16,1.));
#11624=DIRECTION('',(-1.,0.,0.));
#11625=DIRECTION('',(0.,1.,0.));
#11626=DIRECTION('',(0.,0.,1.));
#11627=DIRECTION('',(0.,-2.16840434497101E-16,1.));
#11628=DIRECTION('',(0.,-2.16840434497101E-16,1.));
#11629=DIRECTION('',(-1.,0.,0.));
#11630=DIRECTION('',(0.,1.,0.));
#11631=DIRECTION('',(0.,0.,1.));
#11632=DIRECTION('',(0.,-2.16840434497101E-16,1.));
#11633=DIRECTION('',(0.,0.,-1.));
#11634=DIRECTION('',(-1.,0.,0.));
#11635=DIRECTION('',(0.,1.,0.));
#11636=DIRECTION('',(0.,0.,1.));
#11637=DIRECTION('',(0.,0.,1.));
#11638=DIRECTION('',(-1.,0.,0.));
#11639=DIRECTION('',(0.,0.,-1.));
#11640=DIRECTION('',(0.,0.,1.));
#11641=DIRECTION('',(0.,0.,1.));
#11642=DIRECTION('',(0.,0.,1.));
#11643=DIRECTION('',(-1.,0.,0.));
#11644=DIRECTION('',(0.,0.,-1.));
#11645=DIRECTION('',(0.,0.,1.));
#11646=DIRECTION('',(-1.,0.,0.));
#11647=DIRECTION('',(0.,0.,-1.));
#11648=DIRECTION('',(0.,0.,1.));
#11649=DIRECTION('',(-1.,0.,0.));
#11650=DIRECTION('',(0.,0.,-1.));
#11651=DIRECTION('',(0.,0.,1.));
#11652=DIRECTION('',(-1.,0.,0.));
#11653=DIRECTION('',(0.,0.,-1.));
#11654=DIRECTION('',(0.,0.,1.));
#11655=DIRECTION('',(-1.,0.,0.));
#11656=DIRECTION('',(0.,0.,-1.));
#11657=DIRECTION('',(0.,0.,1.));
#11658=DIRECTION('',(-1.,0.,0.));
#11659=DIRECTION('',(0.,0.,-1.));
#11660=DIRECTION('',(0.,0.,1.));
#11661=DIRECTION('',(-1.,0.,0.));
#11662=DIRECTION('',(0.,0.,-1.));
#11663=DIRECTION('',(0.,0.,1.));
#11664=DIRECTION('',(-1.,0.,0.));
#11665=DIRECTION('',(0.,0.,-1.));
#11666=DIRECTION('',(0.,0.,1.));
#11667=DIRECTION('',(-1.,0.,0.));
#11668=DIRECTION('',(0.,0.,-1.));
#11669=DIRECTION('',(0.,0.,1.));
#11670=DIRECTION('',(-1.,0.,0.));
#11671=DIRECTION('',(0.,0.,-1.));
#11672=DIRECTION('',(0.,0.,1.));
#11673=DIRECTION('',(-1.,0.,0.));
#11674=DIRECTION('',(0.,0.,-1.));
#11675=DIRECTION('',(0.,0.,1.));
#11676=DIRECTION('',(-1.,0.,0.));
#11677=DIRECTION('',(0.,0.,-1.));
#11678=DIRECTION('',(0.,-1.,0.));
#11679=DIRECTION('',(0.,0.,-1.));
#11680=DIRECTION('',(-1.,0.,0.));
#11681=DIRECTION('',(0.0147042924418766,0.999891886047579,0.));
#11682=DIRECTION('',(-1.,0.,0.));
#11683=DIRECTION('',(0.0147042924418756,-0.999891886047579,0.));
#11684=DIRECTION('',(-1.,0.,0.));
#11685=DIRECTION('',(0.0147042924418766,0.999891886047579,0.));
#11686=DIRECTION('',(-1.,0.,0.));
#11687=DIRECTION('',(0.0147042924418756,-0.999891886047579,0.));
#11688=DIRECTION('',(-1.,0.,0.));
#11689=DIRECTION('',(0.0147042924418766,0.999891886047579,0.));
#11690=DIRECTION('',(-1.,0.,0.));
#11691=DIRECTION('',(0.0147042924418756,-0.999891886047579,0.));
#11692=DIRECTION('',(-1.,0.,0.));
#11693=DIRECTION('',(0.0147042924418766,0.999891886047579,0.));
#11694=DIRECTION('',(-1.,0.,0.));
#11695=DIRECTION('',(0.0147042924418756,-0.999891886047579,0.));
#11696=DIRECTION('',(-1.,0.,0.));
#11697=DIRECTION('',(0.0147042924418766,0.999891886047579,0.));
#11698=DIRECTION('',(-1.,0.,0.));
#11699=DIRECTION('',(0.0147042924418756,-0.999891886047579,0.));
#11700=DIRECTION('',(-1.,0.,0.));
#11701=DIRECTION('',(0.0147042924418766,0.999891886047579,0.));
#11702=DIRECTION('',(-1.,0.,0.));
#11703=DIRECTION('',(0.0147042924418756,-0.999891886047579,0.));
#11704=DIRECTION('',(-1.,0.,0.));
#11705=DIRECTION('',(0.0147042924418766,0.999891886047579,0.));
#11706=DIRECTION('',(-1.,0.,0.));
#11707=DIRECTION('',(0.0147042924418756,-0.999891886047579,0.));
#11708=DIRECTION('',(-1.,0.,0.));
#11709=DIRECTION('',(0.0147042924418766,0.999891886047579,0.));
#11710=DIRECTION('',(-1.,0.,0.));
#11711=DIRECTION('',(0.0147042924418756,-0.999891886047579,0.));
#11712=DIRECTION('',(-1.,0.,0.));
#11713=DIRECTION('',(0.0147042924418766,0.999891886047579,0.));
#11714=DIRECTION('',(-1.,0.,0.));
#11715=DIRECTION('',(0.0147042924418756,-0.999891886047579,0.));
#11716=DIRECTION('',(-1.,0.,0.));
#11717=DIRECTION('',(0.0147042924418766,0.999891886047579,0.));
#11718=DIRECTION('',(-1.,0.,0.));
#11719=DIRECTION('',(0.0147042924418756,-0.999891886047579,0.));
#11720=DIRECTION('',(-1.,0.,0.));
#11721=DIRECTION('',(0.0147042924418766,0.999891886047579,0.));
#11722=DIRECTION('',(-1.,0.,0.));
#11723=DIRECTION('',(0.0147042924418756,-0.999891886047579,0.));
#11724=DIRECTION('',(-1.,0.,0.));
#11725=DIRECTION('',(0.0147042924418766,0.999891886047579,0.));
#11726=DIRECTION('',(-1.,0.,0.));
#11727=DIRECTION('',(0.,-1.,0.));
#11728=DIRECTION('',(-1.,0.,0.));
#11729=DIRECTION('',(0.,-1.,0.));
#11730=DIRECTION('',(-1.,0.,0.));
#11731=DIRECTION('',(0.,-1.,0.));
#11732=DIRECTION('',(-1.,0.,0.));
#11733=DIRECTION('',(0.,-1.,0.));
#11734=DIRECTION('',(-1.,0.,0.));
#11735=DIRECTION('',(0.0147042924418756,-0.999891886047579,0.));
#11736=DIRECTION('',(-1.,0.,0.));
#11737=DIRECTION('',(0.0147042924418766,0.999891886047579,0.));
#11738=DIRECTION('',(-1.,0.,0.));
#11739=DIRECTION('',(0.0147042924418756,-0.999891886047579,0.));
#11740=DIRECTION('',(0.,0.,1.));
#11741=DIRECTION('',(1.,0.,0.));
#11742=DIRECTION('',(0.00153718146722097,0.104528339771023,-0.994520720376328));
#11743=DIRECTION('',(-1.,0.,0.));
#11744=DIRECTION('',(0.00153718146722087,-0.104528339771023,0.994520720376328));
#11745=DIRECTION('',(-1.,0.,0.));
#11746=DIRECTION('',(0.,-0.994521895368273,-0.104528463267653));
#11747=DIRECTION('',(0.,0.104528463267653,-0.994521895368273));
#11748=DIRECTION('',(0.0147042924418766,0.999891886047579,0.));
#11749=DIRECTION('',(-1.,0.,0.));
#11750=DIRECTION('',(0.0147042924418756,-0.999891886047579,0.));
#11751=DIRECTION('',(0.,0.,-1.));
#11752=DIRECTION('',(-1.,0.,0.));
#11753=DIRECTION('',(0.0138176898445237,0.939602909427583,-0.341987491061562));
#11754=DIRECTION('',(0.0138176898445227,-0.939602909427583,0.341987491061562));
#11755=DIRECTION('',(0.,-0.342020143325668,-0.939692620785909));
#11756=DIRECTION('',(0.,0.939692620785909,-0.342020143325668));
#11757=DIRECTION('',(0.00153718146722097,0.104528339771023,-0.994520720376328));
#11758=DIRECTION('',(-1.,0.,0.));
#11759=DIRECTION('',(0.00153718146722087,-0.104528339771023,0.994520720376328));
#11760=DIRECTION('',(-1.,0.,0.));
#11761=DIRECTION('',(0.,-0.994521895368273,-0.104528463267653));
#11762=DIRECTION('',(0.,0.104528463267653,-0.994521895368273));
#11763=DIRECTION('',(0.0147042924418766,0.999891886047579,0.));
#11764=DIRECTION('',(-1.,0.,0.));
#11765=DIRECTION('',(0.0147042924418756,-0.999891886047579,0.));
#11766=DIRECTION('',(0.,0.,-1.));
#11767=DIRECTION('',(-1.,0.,0.));
#11768=DIRECTION('',(0.0138176898445237,0.939602909427583,-0.341987491061562));
#11769=DIRECTION('',(0.0138176898445227,-0.939602909427583,0.341987491061562));
#11770=DIRECTION('',(0.,-0.342020143325668,-0.939692620785909));
#11771=DIRECTION('',(0.,0.939692620785909,-0.342020143325668));
#11772=DIRECTION('',(0.00153718146722097,0.104528339771023,-0.994520720376328));
#11773=DIRECTION('',(-1.,0.,0.));
#11774=DIRECTION('',(0.00153718146722087,-0.104528339771023,0.994520720376328));
#11775=DIRECTION('',(-1.,0.,0.));
#11776=DIRECTION('',(0.,-0.994521895368273,-0.104528463267653));
#11777=DIRECTION('',(0.,0.104528463267653,-0.994521895368273));
#11778=DIRECTION('',(0.0147042924418766,0.999891886047579,0.));
#11779=DIRECTION('',(-1.,0.,0.));
#11780=DIRECTION('',(0.0147042924418756,-0.999891886047579,0.));
#11781=DIRECTION('',(0.,0.,-1.));
#11782=DIRECTION('',(-1.,0.,0.));
#11783=DIRECTION('',(0.0138176898445237,0.939602909427583,-0.341987491061562));
#11784=DIRECTION('',(0.0138176898445227,-0.939602909427583,0.341987491061562));
#11785=DIRECTION('',(0.,-0.342020143325668,-0.939692620785909));
#11786=DIRECTION('',(0.,0.939692620785909,-0.342020143325668));
#11787=DIRECTION('',(0.00153718146722097,0.104528339771023,-0.994520720376328));
#11788=DIRECTION('',(-1.,0.,0.));
#11789=DIRECTION('',(0.00153718146722087,-0.104528339771023,0.994520720376328));
#11790=DIRECTION('',(-1.,0.,0.));
#11791=DIRECTION('',(0.,-0.994521895368273,-0.104528463267653));
#11792=DIRECTION('',(0.,0.104528463267653,-0.994521895368273));
#11793=DIRECTION('',(0.0147042924418766,0.999891886047579,0.));
#11794=DIRECTION('',(-1.,0.,0.));
#11795=DIRECTION('',(0.0147042924418756,-0.999891886047579,0.));
#11796=DIRECTION('',(0.,0.,-1.));
#11797=DIRECTION('',(-1.,0.,0.));
#11798=DIRECTION('',(0.0138176898445237,0.939602909427583,-0.341987491061562));
#11799=DIRECTION('',(0.0138176898445227,-0.939602909427583,0.341987491061562));
#11800=DIRECTION('',(0.,-0.342020143325668,-0.939692620785909));
#11801=DIRECTION('',(0.,0.939692620785909,-0.342020143325668));
#11802=DIRECTION('',(0.00153718146722097,0.104528339771023,-0.994520720376328));
#11803=DIRECTION('',(-1.,0.,0.));
#11804=DIRECTION('',(0.00153718146722087,-0.104528339771023,0.994520720376328));
#11805=DIRECTION('',(-1.,0.,0.));
#11806=DIRECTION('',(0.,-0.994521895368273,-0.104528463267653));
#11807=DIRECTION('',(0.,0.104528463267653,-0.994521895368273));
#11808=DIRECTION('',(0.0147042924418766,0.999891886047579,0.));
#11809=DIRECTION('',(-1.,0.,0.));
#11810=DIRECTION('',(0.0147042924418756,-0.999891886047579,0.));
#11811=DIRECTION('',(0.,0.,-1.));
#11812=DIRECTION('',(-1.,0.,0.));
#11813=DIRECTION('',(0.0138176898445237,0.939602909427583,-0.341987491061562));
#11814=DIRECTION('',(0.0138176898445227,-0.939602909427583,0.341987491061562));
#11815=DIRECTION('',(0.,-0.342020143325668,-0.939692620785909));
#11816=DIRECTION('',(0.,0.939692620785909,-0.342020143325668));
#11817=DIRECTION('',(0.00153718146722097,0.104528339771023,-0.994520720376328));
#11818=DIRECTION('',(-1.,0.,0.));
#11819=DIRECTION('',(0.00153718146722087,-0.104528339771023,0.994520720376328));
#11820=DIRECTION('',(-1.,0.,0.));
#11821=DIRECTION('',(0.,-0.994521895368273,-0.104528463267653));
#11822=DIRECTION('',(0.,0.104528463267653,-0.994521895368273));
#11823=DIRECTION('',(0.0147042924418766,0.999891886047579,0.));
#11824=DIRECTION('',(-1.,0.,0.));
#11825=DIRECTION('',(0.0147042924418756,-0.999891886047579,0.));
#11826=DIRECTION('',(0.,0.,-1.));
#11827=DIRECTION('',(-1.,0.,0.));
#11828=DIRECTION('',(0.0138176898445237,0.939602909427583,-0.341987491061562));
#11829=DIRECTION('',(0.0138176898445227,-0.939602909427583,0.341987491061562));
#11830=DIRECTION('',(0.,-0.342020143325668,-0.939692620785909));
#11831=DIRECTION('',(0.,0.939692620785909,-0.342020143325668));
#11832=DIRECTION('',(0.00153718146722097,0.104528339771023,-0.994520720376328));
#11833=DIRECTION('',(-1.,0.,0.));
#11834=DIRECTION('',(0.00153718146722087,-0.104528339771023,0.994520720376328));
#11835=DIRECTION('',(-1.,0.,0.));
#11836=DIRECTION('',(0.,-0.994521895368273,-0.104528463267653));
#11837=DIRECTION('',(0.,0.104528463267653,-0.994521895368273));
#11838=DIRECTION('',(0.0147042924418766,0.999891886047579,0.));
#11839=DIRECTION('',(-1.,0.,0.));
#11840=DIRECTION('',(0.0147042924418756,-0.999891886047579,0.));
#11841=DIRECTION('',(0.,0.,-1.));
#11842=DIRECTION('',(-1.,0.,0.));
#11843=DIRECTION('',(0.0138176898445237,0.939602909427583,-0.341987491061562));
#11844=DIRECTION('',(0.0138176898445227,-0.939602909427583,0.341987491061562));
#11845=DIRECTION('',(0.,-0.342020143325668,-0.939692620785909));
#11846=DIRECTION('',(0.,0.939692620785909,-0.342020143325668));
#11847=DIRECTION('',(0.00153718146722097,0.104528339771023,-0.994520720376328));
#11848=DIRECTION('',(-1.,0.,0.));
#11849=DIRECTION('',(0.00153718146722087,-0.104528339771023,0.994520720376328));
#11850=DIRECTION('',(-1.,0.,0.));
#11851=DIRECTION('',(0.,-0.994521895368273,-0.104528463267653));
#11852=DIRECTION('',(0.,0.104528463267653,-0.994521895368273));
#11853=DIRECTION('',(0.0147042924418766,0.999891886047579,0.));
#11854=DIRECTION('',(-1.,0.,0.));
#11855=DIRECTION('',(0.0147042924418756,-0.999891886047579,0.));
#11856=DIRECTION('',(0.,0.,-1.));
#11857=DIRECTION('',(-1.,0.,0.));
#11858=DIRECTION('',(0.0138176898445237,0.939602909427583,-0.341987491061562));
#11859=DIRECTION('',(0.0138176898445227,-0.939602909427583,0.341987491061562));
#11860=DIRECTION('',(0.,-0.342020143325668,-0.939692620785909));
#11861=DIRECTION('',(0.,0.939692620785909,-0.342020143325668));
#11862=DIRECTION('',(0.00153718146722097,0.104528339771023,-0.994520720376328));
#11863=DIRECTION('',(-1.,0.,0.));
#11864=DIRECTION('',(0.00153718146722087,-0.104528339771023,0.994520720376328));
#11865=DIRECTION('',(-1.,0.,0.));
#11866=DIRECTION('',(0.,-0.994521895368273,-0.104528463267653));
#11867=DIRECTION('',(0.,0.104528463267653,-0.994521895368273));
#11868=DIRECTION('',(0.0147042924418766,0.999891886047579,0.));
#11869=DIRECTION('',(-1.,0.,0.));
#11870=DIRECTION('',(0.0147042924418756,-0.999891886047579,0.));
#11871=DIRECTION('',(0.,0.,-1.));
#11872=DIRECTION('',(-1.,0.,0.));
#11873=DIRECTION('',(0.0138176898445237,0.939602909427583,-0.341987491061562));
#11874=DIRECTION('',(0.0138176898445227,-0.939602909427583,0.341987491061562));
#11875=DIRECTION('',(0.,-0.342020143325668,-0.939692620785909));
#11876=DIRECTION('',(0.,0.939692620785909,-0.342020143325668));
#11877=DIRECTION('',(0.00153718146722097,0.104528339771023,-0.994520720376328));
#11878=DIRECTION('',(-1.,0.,0.));
#11879=DIRECTION('',(0.00153718146722087,-0.104528339771023,0.994520720376328));
#11880=DIRECTION('',(-1.,0.,0.));
#11881=DIRECTION('',(0.,-0.994521895368273,-0.104528463267653));
#11882=DIRECTION('',(0.,0.104528463267653,-0.994521895368273));
#11883=DIRECTION('',(0.0147042924418766,0.999891886047579,0.));
#11884=DIRECTION('',(-1.,0.,0.));
#11885=DIRECTION('',(0.0147042924418756,-0.999891886047579,0.));
#11886=DIRECTION('',(0.,0.,-1.));
#11887=DIRECTION('',(-1.,0.,0.));
#11888=DIRECTION('',(0.0138176898445237,0.939602909427583,-0.341987491061562));
#11889=DIRECTION('',(0.0138176898445227,-0.939602909427583,0.341987491061562));
#11890=DIRECTION('',(0.,-0.342020143325668,-0.939692620785909));
#11891=DIRECTION('',(0.,0.939692620785909,-0.342020143325668));
#11892=DIRECTION('',(0.00153718146722097,0.104528339771023,-0.994520720376328));
#11893=DIRECTION('',(-1.,0.,0.));
#11894=DIRECTION('',(0.00153718146722087,-0.104528339771023,0.994520720376328));
#11895=DIRECTION('',(-1.,0.,0.));
#11896=DIRECTION('',(0.,-0.994521895368273,-0.104528463267653));
#11897=DIRECTION('',(0.,0.104528463267653,-0.994521895368273));
#11898=DIRECTION('',(0.0147042924418766,0.999891886047579,0.));
#11899=DIRECTION('',(-1.,0.,0.));
#11900=DIRECTION('',(0.0147042924418756,-0.999891886047579,0.));
#11901=DIRECTION('',(0.,0.,-1.));
#11902=DIRECTION('',(-1.,0.,0.));
#11903=DIRECTION('',(0.0138176898445237,0.939602909427583,-0.341987491061562));
#11904=DIRECTION('',(0.0138176898445227,-0.939602909427583,0.341987491061562));
#11905=DIRECTION('',(0.,-0.342020143325668,-0.939692620785909));
#11906=DIRECTION('',(0.,0.939692620785909,-0.342020143325668));
#11907=DIRECTION('',(0.00153718146722097,0.104528339771023,-0.994520720376328));
#11908=DIRECTION('',(-1.,0.,0.));
#11909=DIRECTION('',(0.00153718146722087,-0.104528339771023,0.994520720376328));
#11910=DIRECTION('',(-1.,0.,0.));
#11911=DIRECTION('',(0.,-0.994521895368273,-0.104528463267653));
#11912=DIRECTION('',(0.,0.104528463267653,-0.994521895368273));
#11913=DIRECTION('',(0.0147042924418766,0.999891886047579,0.));
#11914=DIRECTION('',(-1.,0.,0.));
#11915=DIRECTION('',(0.0147042924418756,-0.999891886047579,0.));
#11916=DIRECTION('',(0.,0.,-1.));
#11917=DIRECTION('',(-1.,0.,0.));
#11918=DIRECTION('',(0.0138176898445237,0.939602909427583,-0.341987491061562));
#11919=DIRECTION('',(0.0138176898445227,-0.939602909427583,0.341987491061562));
#11920=DIRECTION('',(0.,-0.342020143325668,-0.939692620785909));
#11921=DIRECTION('',(0.,0.939692620785909,-0.342020143325668));
#11922=DIRECTION('',(0.0147042924418756,-0.999891886047579,-2.55078812965509E-16));
#11923=DIRECTION('',(-1.,0.,0.));
#11924=DIRECTION('',(0.0147042924418766,0.999891886047579,2.55078812965509E-16));
#11925=DIRECTION('',(0.0147042924418756,-0.999891886047579,-2.55078812965509E-16));
#11926=DIRECTION('',(-1.,0.,0.));
#11927=DIRECTION('',(0.0147042924418766,0.999891886047579,2.55078812965509E-16));
#11928=DIRECTION('',(0.0147042924418756,-0.999891886047579,-2.55078812965509E-16));
#11929=DIRECTION('',(-1.,0.,0.));
#11930=DIRECTION('',(0.0147042924418766,0.999891886047579,2.55078812965509E-16));
#11931=DIRECTION('',(0.0147042924418756,-0.999891886047579,-2.55078812965509E-16));
#11932=DIRECTION('',(-1.,0.,0.));
#11933=DIRECTION('',(0.0147042924418766,0.999891886047579,2.55078812965509E-16));
#11934=DIRECTION('',(0.0147042924418756,-0.999891886047579,-2.55078812965509E-16));
#11935=DIRECTION('',(-1.,0.,0.));
#11936=DIRECTION('',(0.0147042924418766,0.999891886047579,2.55078812965509E-16));
#11937=DIRECTION('',(0.0147042924418756,-0.999891886047579,-2.55078812965509E-16));
#11938=DIRECTION('',(-1.,0.,0.));
#11939=DIRECTION('',(0.0147042924418766,0.999891886047579,2.55078812965509E-16));
#11940=DIRECTION('',(0.0147042924418756,-0.999891886047579,-2.55078812965509E-16));
#11941=DIRECTION('',(-1.,0.,0.));
#11942=DIRECTION('',(0.0147042924418766,0.999891886047579,2.55078812965509E-16));
#11943=DIRECTION('',(0.0147042924418756,-0.999891886047579,-2.55078812965509E-16));
#11944=DIRECTION('',(-1.,0.,0.));
#11945=DIRECTION('',(0.0147042924418766,0.999891886047579,2.55078812965509E-16));
#11946=DIRECTION('',(0.0147042924418756,-0.999891886047579,-2.55078812965509E-16));
#11947=DIRECTION('',(-1.,0.,0.));
#11948=DIRECTION('',(0.0147042924418766,0.999891886047579,2.55078812965509E-16));
#11949=DIRECTION('',(0.0147042924418756,-0.999891886047579,-2.55078812965509E-16));
#11950=DIRECTION('',(-1.,0.,0.));
#11951=DIRECTION('',(0.0147042924418766,0.999891886047579,2.55078812965509E-16));
#11952=DIRECTION('',(0.0147042924418756,-0.999891886047579,-2.55078812965509E-16));
#11953=DIRECTION('',(-1.,0.,0.));
#11954=DIRECTION('',(0.0147042924418766,0.999891886047579,2.55078812965509E-16));
#11955=DIRECTION('',(0.0147042924418756,-0.999891886047579,-2.55078812965509E-16));
#11956=DIRECTION('',(-1.,0.,0.));
#11957=DIRECTION('',(0.0147042924418766,0.999891886047579,2.55078812965509E-16));
#11958=DIRECTION('',(-1.,0.,0.));
#11959=DIRECTION('',(0.0147042924418756,-0.999891886047579,-2.55078812965509E-16));
#11960=DIRECTION('',(-1.,0.,0.));
#11961=DIRECTION('',(0.,-1.,-2.16840434497101E-16));
#11962=DIRECTION('',(-1.,0.,0.));
#11963=DIRECTION('',(0.6,-0.8,-1.73472347597681E-16));
#11964=DIRECTION('',(0.,-1.,-2.16840434497101E-16));
#11965=DIRECTION('',(1.,0.,0.));
#11966=DIRECTION('',(0.,1.,2.16840434497101E-16));
#11967=DIRECTION('',(0.6,0.8,1.73472347597681E-16));
#11968=DIRECTION('',(0.6,-0.8,-1.73472347597681E-16));
#11969=DIRECTION('',(0.,-1.,-2.16840434497101E-16));
#11970=DIRECTION('',(1.,0.,0.));
#11971=DIRECTION('',(0.,1.,2.16840434497101E-16));
#11972=DIRECTION('',(0.6,0.8,1.73472347597681E-16));
#11973=DIRECTION('',(0.6,-0.8,-1.73472347597681E-16));
#11974=DIRECTION('',(0.,-1.,-2.16840434497101E-16));
#11975=DIRECTION('',(1.,0.,0.));
#11976=DIRECTION('',(0.,1.,2.16840434497101E-16));
#11977=DIRECTION('',(0.6,0.8,1.73472347597681E-16));
#11978=DIRECTION('',(0.6,-0.8,-1.73472347597681E-16));
#11979=DIRECTION('',(0.,-1.,-2.16840434497101E-16));
#11980=DIRECTION('',(1.,0.,0.));
#11981=DIRECTION('',(0.,1.,2.16840434497101E-16));
#11982=DIRECTION('',(0.6,0.8,1.73472347597681E-16));
#11983=DIRECTION('',(0.6,-0.8,-1.73472347597681E-16));
#11984=DIRECTION('',(0.,-1.,-2.16840434497101E-16));
#11985=DIRECTION('',(1.,0.,0.));
#11986=DIRECTION('',(0.,1.,2.16840434497101E-16));
#11987=DIRECTION('',(0.6,0.8,1.73472347597681E-16));
#11988=DIRECTION('',(0.6,-0.8,-1.73472347597681E-16));
#11989=DIRECTION('',(0.,-1.,-2.16840434497101E-16));
#11990=DIRECTION('',(1.,0.,0.));
#11991=DIRECTION('',(0.,1.,2.16840434497101E-16));
#11992=DIRECTION('',(0.6,0.8,1.73472347597681E-16));
#11993=DIRECTION('',(0.6,-0.8,-1.73472347597681E-16));
#11994=DIRECTION('',(0.,-1.,-2.16840434497101E-16));
#11995=DIRECTION('',(1.,0.,0.));
#11996=DIRECTION('',(0.,1.,2.16840434497101E-16));
#11997=DIRECTION('',(0.6,0.8,1.73472347597681E-16));
#11998=DIRECTION('',(0.6,-0.8,-1.73472347597681E-16));
#11999=DIRECTION('',(0.,-1.,-2.16840434497101E-16));
#12000=DIRECTION('',(1.,0.,0.));
#12001=DIRECTION('',(0.,1.,2.16840434497101E-16));
#12002=DIRECTION('',(0.6,0.8,1.73472347597681E-16));
#12003=DIRECTION('',(0.6,-0.8,-1.73472347597681E-16));
#12004=DIRECTION('',(0.,-1.,-2.16840434497101E-16));
#12005=DIRECTION('',(1.,0.,0.));
#12006=DIRECTION('',(0.,1.,2.16840434497101E-16));
#12007=DIRECTION('',(0.6,0.8,1.73472347597681E-16));
#12008=DIRECTION('',(0.6,-0.8,-1.73472347597681E-16));
#12009=DIRECTION('',(0.,-1.,-2.16840434497101E-16));
#12010=DIRECTION('',(1.,0.,0.));
#12011=DIRECTION('',(0.,1.,2.16840434497101E-16));
#12012=DIRECTION('',(0.6,0.8,1.73472347597681E-16));
#12013=DIRECTION('',(0.6,-0.8,-1.73472347597681E-16));
#12014=DIRECTION('',(0.,-1.,-2.16840434497101E-16));
#12015=DIRECTION('',(1.,0.,0.));
#12016=DIRECTION('',(0.,1.,2.16840434497101E-16));
#12017=DIRECTION('',(0.6,0.8,1.73472347597681E-16));
#12018=DIRECTION('',(0.6,-0.8,-1.73472347597681E-16));
#12019=DIRECTION('',(0.,-1.,-2.16840434497101E-16));
#12020=DIRECTION('',(1.,0.,0.));
#12021=DIRECTION('',(0.,1.,2.16840434497101E-16));
#12022=DIRECTION('',(0.6,0.8,1.73472347597681E-16));
#12023=DIRECTION('',(0.6,-0.8,-1.73472347597681E-16));
#12024=DIRECTION('',(0.,-1.,-2.16840434497101E-16));
#12025=DIRECTION('',(1.,0.,0.));
#12026=DIRECTION('',(0.,1.,2.16840434497101E-16));
#12027=DIRECTION('',(0.6,0.8,1.73472347597681E-16));
#12028=DIRECTION('',(0.,-1.,-2.16840434497101E-16));
#12029=DIRECTION('',(-1.,0.,0.));
#12030=DIRECTION('',(0.0147042924418766,0.999891886047579,2.55078812965509E-16));
#12031=DIRECTION('',(0.,2.16840434497101E-16,-1.));
#12032=DIRECTION('',(0.,1.,2.16840434497101E-16));
#12033=DIRECTION('',(0.,-5.10212787052003E-16,-1.));
#12034=DIRECTION('',(0.,-5.10212787052003E-16,-1.));
#12035=DIRECTION('',(0.,-1.,0.));
#12036=DIRECTION('',(0.,0.,-1.));
#12037=DIRECTION('',(0.,-5.10212787052003E-16,-1.));
#12038=DIRECTION('',(0.,-5.10212787052003E-16,-1.));
#12039=DIRECTION('',(0.,-1.,0.));
#12040=DIRECTION('',(0.,0.,-1.));
#12041=DIRECTION('',(0.,-5.10212787052003E-16,-1.));
#12042=DIRECTION('',(0.,-5.10212787052003E-16,-1.));
#12043=DIRECTION('',(0.,-1.,0.));
#12044=DIRECTION('',(0.,0.,-1.));
#12045=DIRECTION('',(0.,-5.10212787052003E-16,-1.));
#12046=DIRECTION('',(0.,-5.10212787052003E-16,-1.));
#12047=DIRECTION('',(0.,-1.,0.));
#12048=DIRECTION('',(0.,0.,-1.));
#12049=DIRECTION('',(0.,-5.10212787052003E-16,-1.));
#12050=DIRECTION('',(0.,-5.10212787052003E-16,-1.));
#12051=DIRECTION('',(0.,-1.,0.));
#12052=DIRECTION('',(0.,0.,-1.));
#12053=DIRECTION('',(0.,-5.10212787052003E-16,-1.));
#12054=DIRECTION('',(0.,-5.10212787052003E-16,-1.));
#12055=DIRECTION('',(0.,-1.,0.));
#12056=DIRECTION('',(0.,0.,-1.));
#12057=DIRECTION('',(0.,-5.10212787052003E-16,-1.));
#12058=DIRECTION('',(0.,-5.10212787052003E-16,-1.));
#12059=DIRECTION('',(0.,-1.,0.));
#12060=DIRECTION('',(0.,0.,-1.));
#12061=DIRECTION('',(0.,-5.10212787052003E-16,-1.));
#12062=DIRECTION('',(0.,-5.10212787052003E-16,-1.));
#12063=DIRECTION('',(0.,-1.,0.));
#12064=DIRECTION('',(0.,0.,-1.));
#12065=DIRECTION('',(0.,-5.10212787052003E-16,-1.));
#12066=DIRECTION('',(0.,-5.10212787052003E-16,-1.));
#12067=DIRECTION('',(0.,-1.,0.));
#12068=DIRECTION('',(0.,0.,-1.));
#12069=DIRECTION('',(0.,-5.10212787052003E-16,-1.));
#12070=DIRECTION('',(0.,-5.10212787052003E-16,-1.));
#12071=DIRECTION('',(0.,-1.,0.));
#12072=DIRECTION('',(0.,0.,-1.));
#12073=DIRECTION('',(0.,-5.10212787052003E-16,-1.));
#12074=DIRECTION('',(0.,-5.10212787052003E-16,-1.));
#12075=DIRECTION('',(0.,-1.,0.));
#12076=DIRECTION('',(0.,0.,-1.));
#12077=DIRECTION('',(0.,-5.10212787052003E-16,-1.));
#12078=DIRECTION('',(0.,0.,1.));
#12079=DIRECTION('',(0.,-1.,0.));
#12080=DIRECTION('',(0.,0.,-1.));
#12081=DIRECTION('',(0.,0.,-1.));
#12082=DIRECTION('',(-1.,0.,0.));
#12083=DIRECTION('',(0.,0.,1.));
#12084=DIRECTION('',(0.,0.,-1.));
#12085=DIRECTION('',(0.986393923832144,0.,-0.164398987305357));
#12086=DIRECTION('',(0.,0.,1.));
#12087=DIRECTION('',(-0.986393923832144,0.,-0.164398987305356));
#12088=DIRECTION('',(0.,0.,-1.));
#12089=DIRECTION('',(0.,0.,-1.));
#12090=DIRECTION('',(-0.986393923832144,0.,0.164398987305356));
#12091=DIRECTION('',(0.,0.,-1.));
#12092=DIRECTION('',(0.986393923832144,0.,0.164398987305358));
#12093=DIRECTION('',(0.,0.,-1.));
#12094=DIRECTION('',(0.,-1.,0.));
#12095=DIRECTION('',(0.,0.,-1.));
#12096=DIRECTION('',(0.,-1.,0.));
#12097=DIRECTION('',(0.,0.,-1.));
#12098=DIRECTION('',(0.,-1.,0.));
#12099=DIRECTION('',(1.,0.,0.));
#12100=DIRECTION('',(0.,0.,-1.));
#12101=DIRECTION('',(0.,-2.16840434497101E-16,1.));
#12102=DIRECTION('',(0.,0.,-1.));
#12103=DIRECTION('',(0.,1.,0.));
#12104=DIRECTION('',(0.,0.,1.));
#12105=DIRECTION('',(0.00153718146722087,-0.104528339771023,0.994520720376328));
#12106=DIRECTION('',(0.00153718146722097,0.104528339771023,-0.994520720376328));
#12107=DIRECTION('',(-1.,0.,0.));
#12108=DIRECTION('',(0.,-0.994521895368273,-0.104528463267653));
#12109=DIRECTION('',(0.,0.104528463267653,-0.994521895368273));
#12110=DIRECTION('',(0.0147042924418756,-0.999891886047579,0.));
#12111=DIRECTION('',(0.0147042924418766,0.999891886047579,0.));
#12112=DIRECTION('',(-1.,0.,0.));
#12113=DIRECTION('',(0.,0.,-1.));
#12114=DIRECTION('',(-1.,0.,0.));
#12115=DIRECTION('',(0.0138176898445227,-0.939602909427583,0.341987491061562));
#12116=DIRECTION('',(0.0138176898445237,0.939602909427583,-0.341987491061562));
#12117=DIRECTION('',(0.,-0.342020143325668,-0.939692620785909));
#12118=DIRECTION('',(0.,0.939692620785909,-0.342020143325668));
#12119=DIRECTION('',(0.,-5.10212787052003E-16,-1.));
#12120=DIRECTION('',(0.,0.,1.));
#12121=DIRECTION('',(0.,-1.,0.));
#12122=DIRECTION('',(0.,0.,-1.));
#12123=DIRECTION('',(0.,-1.,0.));
#12124=DIRECTION('',(0.,0.,-1.));
#12125=DIRECTION('',(0.,-1.,0.));
#12126=DIRECTION('',(0.,0.,-1.));
#12127=DIRECTION('',(-1.,0.,0.));
#12128=DIRECTION('',(0.,0.,1.));
#12129=DIRECTION('',(0.,-1.,0.));
#12130=DIRECTION('',(0.,0.,-1.));
#12131=DIRECTION('',(0.,-1.,0.));
#12132=DIRECTION('',(0.,-1.,0.));
#12133=DIRECTION('',(0.999999999999997,0.,0.));
#12134=DIRECTION('',(0.,-1.,0.));
#12135=DIRECTION('',(0.,0.,-1.));
#12136=DIRECTION('',(1.,0.,0.));
#12137=DIRECTION('',(0.,-1.,0.));
#12138=DIRECTION('',(1.,0.,0.));
#12139=DIRECTION('',(0.,0.,-1.));
#12140=DIRECTION('',(-1.,0.,0.));
#12141=DIRECTION('',(0.,-1.,0.));
#12142=DIRECTION('',(0.,0.,-1.));
#12143=DIRECTION('',(0.,-1.,0.));
#12144=DIRECTION('',(0.,-1.,0.));
#12145=DIRECTION('',(1.,0.,0.));
#12146=DIRECTION('',(0.,-1.,0.));
#12147=DIRECTION('',(0.,0.,-1.));
#12148=DIRECTION('',(0.,0.,1.));
#12149=DIRECTION('',(0.,-1.,0.));
#12150=DIRECTION('',(0.,0.,1.));
#12151=DIRECTION('',(1.,0.,0.));
#12152=DIRECTION('',(0.,0.,-1.));
#12153=DIRECTION('',(0.,-0.707106781186547,0.707106781186547));
#12154=DIRECTION('',(0.,-0.707106781186547,-0.707106781186547));
#12155=DIRECTION('',(0.,-1.,0.));
#12156=DIRECTION('',(0.999999999999997,0.,0.));
#12157=DIRECTION('',(0.,-1.,0.));
#12158=DIRECTION('',(0.,0.,-1.));
#12159=DIRECTION('',(0.,-0.707106781186547,0.707106781186547));
#12160=DIRECTION('',(0.,-0.707106781186547,-0.707106781186547));
#12161=DIRECTION('',(0.,-1.,0.));
#12162=DIRECTION('',(1.,0.,0.));
#12163=DIRECTION('',(0.,-1.,0.));
#12164=DIRECTION('',(0.,0.,-1.));
#12165=DIRECTION('',(1.,0.,0.));
#12166=DIRECTION('',(0.,0.,1.));
#12167=DIRECTION('',(1.,0.,0.));
#12168=DIRECTION('',(0.,0.,-1.));
#12169=DIRECTION('',(1.,0.,0.));
#12170=DIRECTION('',(0.,0.,-1.));
#12171=DIRECTION('',(-1.,0.,0.));
#12172=DIRECTION('',(0.,0.,-1.));
#12173=DIRECTION('',(-1.,0.,0.));
#12174=DIRECTION('',(0.,0.,1.));
#12175=DIRECTION('',(-1.,0.,0.));
#12176=DIRECTION('',(0.,0.,1.));
#12177=DIRECTION('',(1.,0.,0.));
#12178=DIRECTION('',(0.,0.,1.));
#12179=DIRECTION('',(1.,0.,0.));
#12180=DIRECTION('',(0.,0.,-1.));
#12181=DIRECTION('',(1.,0.,0.));
#12182=DIRECTION('',(0.,0.,-1.));
#12183=DIRECTION('',(-1.,0.,0.));
#12184=DIRECTION('',(0.,0.,-1.));
#12185=DIRECTION('',(-1.,0.,0.));
#12186=DIRECTION('',(0.,0.,1.));
#12187=DIRECTION('',(-1.,0.,0.));
#12188=DIRECTION('',(0.,0.,1.));
#12189=DIRECTION('',(1.,0.,0.));
#12190=DIRECTION('',(0.,0.,1.));
#12191=DIRECTION('',(1.,0.,0.));
#12192=DIRECTION('',(0.,0.,-1.));
#12193=DIRECTION('',(1.,0.,0.));
#12194=DIRECTION('',(0.,0.,-1.));
#12195=DIRECTION('',(-1.,0.,0.));
#12196=DIRECTION('',(0.,0.,-1.));
#12197=DIRECTION('',(-1.,0.,0.));
#12198=DIRECTION('',(0.,0.,1.));
#12199=DIRECTION('',(-1.,0.,0.));
#12200=DIRECTION('',(0.,0.,1.));
#12201=DIRECTION('',(1.,0.,0.));
#12202=DIRECTION('',(0.,0.,1.));
#12203=DIRECTION('',(1.,0.,0.));
#12204=DIRECTION('',(0.,0.,-1.));
#12205=DIRECTION('',(1.,0.,0.));
#12206=DIRECTION('',(0.,0.,-1.));
#12207=DIRECTION('',(-1.,0.,0.));
#12208=DIRECTION('',(0.,0.,-1.));
#12209=DIRECTION('',(-1.,0.,0.));
#12210=DIRECTION('',(0.,0.,1.));
#12211=DIRECTION('',(-1.,0.,0.));
#12212=DIRECTION('',(0.,0.,1.));
#12213=DIRECTION('',(1.,0.,0.));
#12214=DIRECTION('',(0.,0.,1.));
#12215=DIRECTION('',(1.,0.,0.));
#12216=DIRECTION('',(0.,0.,-1.));
#12217=DIRECTION('',(1.,0.,0.));
#12218=DIRECTION('',(0.,0.,-1.));
#12219=DIRECTION('',(-1.,0.,0.));
#12220=DIRECTION('',(0.,0.,-1.));
#12221=DIRECTION('',(-1.,0.,0.));
#12222=DIRECTION('',(0.,0.,1.));
#12223=DIRECTION('',(-1.,0.,0.));
#12224=DIRECTION('',(0.,0.,1.));
#12225=DIRECTION('',(1.,0.,0.));
#12226=DIRECTION('',(0.,0.,1.));
#12227=DIRECTION('',(1.,0.,0.));
#12228=DIRECTION('',(0.,0.,-1.));
#12229=DIRECTION('',(1.,0.,0.));
#12230=DIRECTION('',(0.,0.,-1.));
#12231=DIRECTION('',(-1.,0.,0.));
#12232=DIRECTION('',(0.,0.,-1.));
#12233=DIRECTION('',(-1.,0.,0.));
#12234=DIRECTION('',(0.,0.,1.));
#12235=DIRECTION('',(-1.,0.,0.));
#12236=DIRECTION('',(0.,0.,1.));
#12237=DIRECTION('',(1.,0.,0.));
#12238=DIRECTION('',(0.,0.,1.));
#12239=DIRECTION('',(1.,0.,0.));
#12240=DIRECTION('',(0.,0.,-1.));
#12241=DIRECTION('',(1.,0.,0.));
#12242=DIRECTION('',(0.,0.,-1.));
#12243=DIRECTION('',(-1.,0.,0.));
#12244=DIRECTION('',(0.,0.,-1.));
#12245=DIRECTION('',(-1.,0.,0.));
#12246=DIRECTION('',(0.,0.,1.));
#12247=DIRECTION('',(-1.,0.,0.));
#12248=DIRECTION('',(0.,0.,1.));
#12249=DIRECTION('',(1.,0.,0.));
#12250=DIRECTION('',(0.,0.,1.));
#12251=DIRECTION('',(1.,0.,0.));
#12252=DIRECTION('',(0.,0.,-1.));
#12253=DIRECTION('',(1.,0.,0.));
#12254=DIRECTION('',(0.,0.,-1.));
#12255=DIRECTION('',(-1.,0.,0.));
#12256=DIRECTION('',(0.,0.,-1.));
#12257=DIRECTION('',(-1.,0.,0.));
#12258=DIRECTION('',(0.,0.,1.));
#12259=DIRECTION('',(-1.,0.,0.));
#12260=DIRECTION('',(0.,0.,1.));
#12261=DIRECTION('',(1.,0.,0.));
#12262=DIRECTION('',(0.,0.,1.));
#12263=DIRECTION('',(1.,0.,0.));
#12264=DIRECTION('',(0.,0.,-1.));
#12265=DIRECTION('',(1.,0.,0.));
#12266=DIRECTION('',(0.,0.,-1.));
#12267=DIRECTION('',(-1.,0.,0.));
#12268=DIRECTION('',(0.,0.,-1.));
#12269=DIRECTION('',(-1.,0.,0.));
#12270=DIRECTION('',(0.,0.,1.));
#12271=DIRECTION('',(-1.,0.,0.));
#12272=DIRECTION('',(0.,0.,1.));
#12273=DIRECTION('',(1.,0.,0.));
#12274=DIRECTION('',(0.,0.,1.));
#12275=DIRECTION('',(1.,0.,0.));
#12276=DIRECTION('',(0.,0.,-1.));
#12277=DIRECTION('',(1.,0.,0.));
#12278=DIRECTION('',(0.,0.,-1.));
#12279=DIRECTION('',(-1.,0.,0.));
#12280=DIRECTION('',(0.,0.,-1.));
#12281=DIRECTION('',(-1.,0.,0.));
#12282=DIRECTION('',(0.,0.,1.));
#12283=DIRECTION('',(-1.,0.,0.));
#12284=DIRECTION('',(0.,0.,1.));
#12285=DIRECTION('',(1.,0.,0.));
#12286=DIRECTION('',(0.,0.,1.));
#12287=DIRECTION('',(1.,0.,0.));
#12288=DIRECTION('',(0.,0.,-1.));
#12289=DIRECTION('',(1.,0.,0.));
#12290=DIRECTION('',(0.,0.,-1.));
#12291=DIRECTION('',(-1.,0.,0.));
#12292=DIRECTION('',(0.,0.,-1.));
#12293=DIRECTION('',(-1.,0.,0.));
#12294=DIRECTION('',(0.,0.,1.));
#12295=DIRECTION('',(-1.,0.,0.));
#12296=DIRECTION('',(0.,0.,1.));
#12297=DIRECTION('',(1.,0.,0.));
#12298=DIRECTION('',(0.,0.,1.));
#12299=DIRECTION('',(1.,0.,0.));
#12300=DIRECTION('',(0.,0.,-1.));
#12301=DIRECTION('',(1.,0.,0.));
#12302=DIRECTION('',(0.,0.,-1.));
#12303=DIRECTION('',(-1.,0.,0.));
#12304=DIRECTION('',(0.,0.,-1.));
#12305=DIRECTION('',(-1.,0.,0.));
#12306=DIRECTION('',(0.,0.,1.));
#12307=DIRECTION('',(-1.,0.,0.));
#12308=DIRECTION('',(0.,0.,1.));
#12309=DIRECTION('',(1.,0.,0.));
#12310=DIRECTION('',(0.,0.,1.));
#12311=DIRECTION('',(1.,0.,0.));
#12312=DIRECTION('',(0.,0.,-1.));
#12313=DIRECTION('',(1.,0.,0.));
#12314=DIRECTION('',(0.,0.,-1.));
#12315=DIRECTION('',(-1.,0.,0.));
#12316=DIRECTION('',(0.,0.,-1.));
#12317=DIRECTION('',(-1.,0.,0.));
#12318=DIRECTION('',(0.,0.,1.));
#12319=DIRECTION('',(-1.,0.,0.));
#12320=DIRECTION('',(0.,0.,1.));
#12321=DIRECTION('',(0.,-1.,0.));
#12322=DIRECTION('',(0.,0.,-1.));
#12323=DIRECTION('',(0.,-5.10212787052003E-16,-1.));
#12324=DIRECTION('',(0.,-5.10212787052003E-16,-1.));
#12325=DIRECTION('',(0.,-1.,0.));
#12326=DIRECTION('',(0.,0.,-1.));
#12327=DIRECTION('',(0.,-1.,0.));
#12328=DIRECTION('',(0.,0.,1.));
#12329=DIRECTION('',(0.,-1.,0.));
#12330=DIRECTION('',(1.,0.,0.));
#12331=DIRECTION('',(0.,0.,-1.));
#12332=DIRECTION('',(-0.999891886047579,0.0147042924418766,3.18848516206895E-18));
#12333=DIRECTION('',(-0.0147042924418766,-0.999891886047579,0.));
#12334=DIRECTION('',(0.999891886047579,0.0147042924418756,3.18848516206873E-18));
#12335=DIRECTION('',(-0.0147042924418756,0.999891886047579,0.));
#12336=DIRECTION('',(0.,0.,-1.));
#12337=DIRECTION('',(-1.,0.,0.));
#12338=DIRECTION('',(0.,0.,1.));
#12339=DIRECTION('',(0.,1.,0.));
#12340=DIRECTION('',(0.,0.,1.));
#12341=DIRECTION('',(0.,1.,0.));
#12342=DIRECTION('',(0.,0.,-1.));
#12343=DIRECTION('',(0.,1.,0.));
#12344=DIRECTION('',(0.,0.,1.));
#12345=DIRECTION('',(-1.,0.,0.));
#12346=DIRECTION('',(0.,0.,1.));
#12347=DIRECTION('',(1.,0.,0.));
#12348=DIRECTION('',(0.,1.,0.));
#12349=DIRECTION('',(-1.,0.,0.));
#12350=DIRECTION('',(0.,0.,-1.));
#12351=DIRECTION('',(-1.,0.,0.));
#12352=DIRECTION('',(0.,0.,-1.));
#12353=DIRECTION('',(0.,1.,0.));
#12354=DIRECTION('',(0.,0.,1.));
#12355=DIRECTION('',(-1.,0.,0.));
#12356=DIRECTION('',(0.,0.,1.));
#12357=DIRECTION('',(1.,0.,0.));
#12358=DIRECTION('',(0.,1.,0.));
#12359=DIRECTION('',(-1.,0.,0.));
#12360=DIRECTION('',(0.,0.,-1.));
#12361=DIRECTION('',(-1.,0.,0.));
#12362=DIRECTION('',(0.,0.,1.));
#12363=DIRECTION('',(0.,1.,0.));
#12364=DIRECTION('',(0.,0.,-1.));
#12365=DIRECTION('',(1.,0.,0.));
#12366=DIRECTION('',(0.,0.,-1.));
#12367=DIRECTION('',(1.,0.,0.));
#12368=DIRECTION('',(0.,1.,0.));
#12369=DIRECTION('',(-1.,0.,0.));
#12370=DIRECTION('',(0.,0.,-1.));
#12371=DIRECTION('',(-1.,0.,0.));
#12372=DIRECTION('',(0.,0.,1.));
#12373=DIRECTION('',(0.,1.,0.));
#12374=DIRECTION('',(0.,0.,-1.));
#12375=DIRECTION('',(1.,0.,0.));
#12376=DIRECTION('',(0.,0.,-1.));
#12377=DIRECTION('',(-1.,0.,0.));
#12378=DIRECTION('',(0.,1.,0.));
#12379=DIRECTION('',(1.,0.,0.));
#12380=DIRECTION('',(0.,0.,1.));
#12381=DIRECTION('',(1.,0.,0.));
#12382=DIRECTION('',(0.,0.,1.));
#12383=DIRECTION('',(0.,1.,0.));
#12384=DIRECTION('',(0.,0.,-1.));
#12385=DIRECTION('',(1.,0.,0.));
#12386=DIRECTION('',(0.,0.,-1.));
#12387=DIRECTION('',(-1.,0.,0.));
#12388=DIRECTION('',(0.,1.,0.));
#12389=DIRECTION('',(1.,0.,0.));
#12390=DIRECTION('',(0.,0.,1.));
#12391=DIRECTION('',(1.,0.,0.));
#12392=DIRECTION('',(0.,0.,-1.));
#12393=DIRECTION('',(0.,1.,0.));
#12394=DIRECTION('',(0.,0.,1.));
#12395=DIRECTION('',(-1.,0.,0.));
#12396=DIRECTION('',(0.,0.,1.));
#12397=DIRECTION('',(-1.,0.,0.));
#12398=DIRECTION('',(1.,0.,0.));
#12399=DIRECTION('',(0.,0.,1.));
#12400=DIRECTION('',(1.,0.,0.));
#12401=DIRECTION('',(0.,-1.,0.));
#12402=DIRECTION('',(0.,0.,-1.));
#12403=DIRECTION('',(0.,2.16840434497101E-16,-1.));
#12404=DIRECTION('',(0.,2.16840434497101E-16,-1.));
#12405=DIRECTION('',(1.,0.,0.));
#12406=DIRECTION('',(0.,0.,-1.));
#12407=DIRECTION('',(0.,2.16840434497101E-16,-1.));
#12408=DIRECTION('',(0.,-1.,-2.16840434497101E-16));
#12409=DIRECTION('',(0.,2.16840434497101E-16,-1.));
#12410=DIRECTION('',(0.,2.16840434497101E-16,-1.));
#12411=DIRECTION('',(-1.,0.,0.));
#12412=DIRECTION('',(0.,0.,1.));
#12413=DIRECTION('',(-0.8,-0.6,-1.30104260698261E-16));
#12414=DIRECTION('',(0.6,-0.8,0.));
#12415=DIRECTION('',(0.8,-0.6,-1.30104260698261E-16));
#12416=DIRECTION('',(0.6,0.8,0.));
#12417=DIRECTION('',(-0.447213595499968,0.774596669241479,0.447213595499955));
#12418=DIRECTION('',(0.447213595499968,-0.774596669241479,-0.447213595499955));
#12419=DIRECTION('',(-0.866025403784433,-0.50000000000001,0.));
#12420=DIRECTION('',(0.,0.,-1.));
#12421=DIRECTION('',(0.447213595499952,-0.774596669241486,-0.447213595499959));
#12422=DIRECTION('',(0.,-0.5,0.866025403784439));
#12423=DIRECTION('',(-1.,0.,0.));
#12424=DIRECTION('',(0.447213595499963,0.774596669241481,0.447213595499957));
#12425=DIRECTION('',(0.,-0.5,0.866025403784439));
#12426=DIRECTION('',(-1.,0.,0.));
#12427=DIRECTION('',(0.447213595499952,-0.774596669241486,0.447213595499959));
#12428=DIRECTION('',(-0.866025403784442,-0.499999999999994,0.));
#12429=DIRECTION('',(0.,0.,-1.));
#12430=DIRECTION('',(0.447213595499963,0.774596669241481,0.447213595499957));
#12431=DIRECTION('',(0.866025403784436,-0.500000000000005,0.));
#12432=DIRECTION('',(0.,0.,1.));
#12433=DIRECTION('',(0.447213595499952,-0.774596669241486,0.447213595499959));
#12434=DIRECTION('',(0.,-0.499999999999999,-0.866025403784439));
#12435=DIRECTION('',(1.,0.,0.));
#12436=DIRECTION('',(0.447213595499957,0.774596669241484,0.447213595499958));
#12437=DIRECTION('',(0.,-0.5,0.866025403784439));
#12438=DIRECTION('',(-1.,0.,0.));
#12439=DIRECTION('',(0.447213595499952,-0.774596669241486,0.447213595499959));
#12440=DIRECTION('',(-0.866025403784442,-0.499999999999994,0.));
#12441=DIRECTION('',(0.,0.,-1.));
#12442=DIRECTION('',(0.447213595499957,0.774596669241484,-0.447213595499957));
#12443=DIRECTION('',(0.866025403784439,-0.499999999999999,0.));
#12444=DIRECTION('',(0.,0.,1.));
#12445=DIRECTION('',(-0.447213595499957,-0.774596669241484,0.447213595499957));
#12446=DIRECTION('',(0.,-0.499999999999999,-0.866025403784439));
#12447=DIRECTION('',(1.,0.,0.));
#12448=DIRECTION('',(0.447213595499957,0.774596669241484,-0.447213595499957));
#12449=DIRECTION('',(0.,-0.499999999999999,-0.866025403784439));
#12450=DIRECTION('',(1.,0.,0.));
#12451=DIRECTION('',(0.866025403784439,-0.499999999999999,0.));
#12452=DIRECTION('',(0.,0.,1.));
#12453=DIRECTION('',(-0.577350269189626,0.577350269189626,0.577350269189625));
#12454=DIRECTION('',(-0.707106781186547,-0.707106781186547,0.));
#12455=DIRECTION('',(0.,0.,1.));
#12456=DIRECTION('',(0.577350269189626,0.577350269189626,0.577350269189625));
#12457=DIRECTION('',(0.,-0.707106781186547,0.707106781186548));
#12458=DIRECTION('',(1.,0.,0.));
#12459=DIRECTION('',(0.707106781186547,-0.707106781186547,0.));
#12460=DIRECTION('',(0.,0.,-1.));
#12461=DIRECTION('',(0.,-1.,0.));
#12462=DIRECTION('',(-0.498272879122441,0.863033942673691,-0.0830454798537407));
#12463=DIRECTION('',(0.164398987305358,0.,-0.986393923832144));
#12464=DIRECTION('',(-0.986393923832144,0.,-0.164398987305358));
#12465=DIRECTION('',(0.,-1.,0.));
#12466=DIRECTION('',(0.,0.,1.));
#12467=DIRECTION('',(-1.,0.,0.));
#12468=DIRECTION('',(0.,0.,1.));
#12469=DIRECTION('',(0.498272879122441,-0.863033942673691,-0.0830454798537396));
#12470=DIRECTION('',(0.164398987305356,0.,0.986393923832144));
#12471=DIRECTION('',(0.986393923832144,0.,-0.164398987305356));
#12472=DIRECTION('',(0.,-1.,0.));
#12473=DIRECTION('',(0.,0.,-1.));
#12474=DIRECTION('',(0.,-1.,0.));
#12475=DIRECTION('',(1.,0.,0.));
#12476=DIRECTION('',(0.,0.,-1.));
#12477=DIRECTION('',(-0.498272879122441,-0.863033942673691,0.08304547985374));
#12478=DIRECTION('',(-0.164398987305357,0.,-0.986393923832144));
#12479=DIRECTION('',(-0.986393923832144,0.,0.164398987305357));
#12480=DIRECTION('',(0.498272879122441,0.863033942673691,0.0830454798537396));
#12481=DIRECTION('',(-0.164398987305356,0.,0.986393923832144));
#12482=DIRECTION('',(0.986393923832144,0.,0.164398987305356));
#12483=DIRECTION('',(-0.866025403784438,0.500000000000001,0.));
#12484=DIRECTION('',(0.,0.,-1.));
#12485=DIRECTION('',(0.866025403784438,0.500000000000001,0.));
#12486=DIRECTION('',(0.,0.,1.));
#12487=DIRECTION('',(-4.73106402539129E-15,1.,7.39228753967389E-16));
#12488=DIRECTION('',(3.84982515188296E-15,-0.813733471206735,0.581238193719096));
#12489=DIRECTION('',(4.45544127914956E-15,-0.941741911594837,-0.336336396998157));
#12490=DIRECTION('',(1.,4.73106402539129E-15,0.));
#12491=DIRECTION('',(-4.73145828072674E-15,1.,0.));
#12492=DIRECTION('',(3.20818762656914E-15,0.813733471206735,-0.581238193719096));
#12493=DIRECTION('',(-3.94255335449274E-15,-1.,-7.39228753967389E-16));
#12494=DIRECTION('',(3.71286773262463E-15,0.941741911594837,0.336336396998157));
#12495=DIRECTION('',(-1.,3.94255335449274E-15,0.));
#12496=DIRECTION('',(-3.94215909915729E-15,-1.,0.));
#12497=DIRECTION('',(-1.,0.,-3.56210409340086E-31));
#12498=DIRECTION('',(1.,-4.81867632215779E-16,0.));
#12499=DIRECTION('',(3.56210409340086E-31,7.39228753967389E-16,-1.));
#12500=DIRECTION('',(0.,1.,7.39236146254929E-16));
#12501=DIRECTION('',(2.8986033287228E-31,-0.581238193719096,-0.813733471206735));
#12502=DIRECTION('',(1.,0.,0.));
#12503=DIRECTION('',(1.62069623249488E-16,0.336336396998157,-0.941741911594837));
#12504=DIRECTION('',(-1.,4.81819445452558E-16,0.));
#12505=DIRECTION('',(0.,-2.89120579329468E-15,-1.));
#12506=DIRECTION('',(0.,1.,-2.89120579329468E-15));
#12507=DIRECTION('',(0.,0.,1.));
#12508=DIRECTION('',(1.,0.,0.));
#12509=DIRECTION('',(1.,0.,0.));
#12510=DIRECTION('',(0.,0.,-1.));
#12511=DIRECTION('',(0.,-1.,0.));
#12512=DIRECTION('',(0.,0.,-1.));
#12513=DIRECTION('',(1.,5.78241158658936E-15,0.));
#12514=DIRECTION('',(-5.78241158658936E-15,1.,0.));
#12515=DIRECTION('',(-1.,0.,0.));
#12516=DIRECTION('',(0.,0.,1.));
#12517=DIRECTION('',(0.,0.,1.));
#12518=DIRECTION('',(1.,0.,0.));
#12519=DIRECTION('',(0.,-1.,0.));
#12520=DIRECTION('',(0.,0.,-1.));
#12521=DIRECTION('',(0.,0.,-1.));
#12522=DIRECTION('',(-1.,0.,0.));
#12523=DIRECTION('',(0.999891886047579,0.0147042924418756,3.18848516206873E-18));
#12524=DIRECTION('',(-0.0147042924418756,0.999891886047579,0.));
#12525=DIRECTION('',(0.999891886047579,0.0147042924418756,3.18848516206873E-18));
#12526=DIRECTION('',(-0.0147042924418756,0.999891886047579,0.));
#12527=DIRECTION('',(0.999891886047579,0.0147042924418756,3.18848516206873E-18));
#12528=DIRECTION('',(-0.0147042924418756,0.999891886047579,0.));
#12529=DIRECTION('',(0.999891886047579,0.0147042924418756,3.18848516206873E-18));
#12530=DIRECTION('',(-0.0147042924418756,0.999891886047579,0.));
#12531=DIRECTION('',(0.999891886047579,0.0147042924418756,3.18848516206873E-18));
#12532=DIRECTION('',(-0.0147042924418756,0.999891886047579,0.));
#12533=DIRECTION('',(0.999891886047579,0.0147042924418756,3.18848516206873E-18));
#12534=DIRECTION('',(-0.0147042924418756,0.999891886047579,0.));
#12535=DIRECTION('',(0.999891886047579,0.0147042924418756,3.18848516206873E-18));
#12536=DIRECTION('',(-0.0147042924418756,0.999891886047579,0.));
#12537=DIRECTION('',(0.999891886047579,0.0147042924418756,3.18848516206873E-18));
#12538=DIRECTION('',(-0.0147042924418756,0.999891886047579,0.));
#12539=DIRECTION('',(0.999891886047579,0.0147042924418756,3.18848516206873E-18));
#12540=DIRECTION('',(-0.0147042924418756,0.999891886047579,0.));
#12541=DIRECTION('',(0.999891886047579,0.0147042924418756,3.18848516206873E-18));
#12542=DIRECTION('',(-0.0147042924418756,0.999891886047579,0.));
#12543=DIRECTION('',(0.999891886047579,0.0147042924418756,3.18848516206873E-18));
#12544=DIRECTION('',(-0.0147042924418756,0.999891886047579,0.));
#12545=DIRECTION('',(0.999891886047579,0.0147042924418756,3.18848516206873E-18));
#12546=DIRECTION('',(-0.0147042924418756,0.999891886047579,0.));
#12547=DIRECTION('',(-0.999891886047579,0.0147042924418766,3.18848516206895E-18));
#12548=DIRECTION('',(-0.0147042924418766,-0.999891886047579,0.));
#12549=DIRECTION('',(-0.999891886047579,0.0147042924418766,3.18848516206895E-18));
#12550=DIRECTION('',(-0.0147042924418766,-0.999891886047579,0.));
#12551=DIRECTION('',(-0.999891886047579,0.0147042924418766,3.18848516206895E-18));
#12552=DIRECTION('',(-0.0147042924418766,-0.999891886047579,0.));
#12553=DIRECTION('',(-0.999891886047579,0.0147042924418766,3.18848516206895E-18));
#12554=DIRECTION('',(-0.0147042924418766,-0.999891886047579,0.));
#12555=DIRECTION('',(-0.999891886047579,0.0147042924418766,3.18848516206895E-18));
#12556=DIRECTION('',(-0.0147042924418766,-0.999891886047579,0.));
#12557=DIRECTION('',(-0.999891886047579,0.0147042924418766,3.18848516206895E-18));
#12558=DIRECTION('',(-0.0147042924418766,-0.999891886047579,0.));
#12559=DIRECTION('',(-0.999891886047579,0.0147042924418766,3.18848516206895E-18));
#12560=DIRECTION('',(-0.0147042924418766,-0.999891886047579,0.));
#12561=DIRECTION('',(-0.999891886047579,0.0147042924418766,3.18848516206895E-18));
#12562=DIRECTION('',(-0.0147042924418766,-0.999891886047579,0.));
#12563=DIRECTION('',(-0.999891886047579,0.0147042924418766,3.18848516206895E-18));
#12564=DIRECTION('',(-0.0147042924418766,-0.999891886047579,0.));
#12565=DIRECTION('',(-0.999891886047579,0.0147042924418766,3.18848516206895E-18));
#12566=DIRECTION('',(-0.0147042924418766,-0.999891886047579,0.));
#12567=DIRECTION('',(-0.999891886047579,0.0147042924418766,3.18848516206895E-18));
#12568=DIRECTION('',(-0.0147042924418766,-0.999891886047579,0.));
#12569=DIRECTION('',(-0.999891886047579,0.0147042924418766,3.18848516206895E-18));
#12570=DIRECTION('',(-0.0147042924418766,-0.999891886047579,0.));
#12571=DIRECTION('',(0.,0.,1.));
#12572=DIRECTION('',(1.,0.,0.));
#12573=DIRECTION('',(0.,0.,-1.));
#12574=DIRECTION('',(0.,1.,0.));
#12575=DIRECTION('',(0.,0.,1.));
#12576=DIRECTION('',(0.,0.,1.));
#12577=DIRECTION('',(1.,0.,0.));
#12578=DIRECTION('',(0.,0.,-1.));
#12579=DIRECTION('',(0.,1.,0.));
#12580=DIRECTION('',(0.,0.,1.));
#12581=DIRECTION('',(0.,0.,1.));
#12582=DIRECTION('',(1.,0.,0.));
#12583=DIRECTION('',(0.,0.,-1.));
#12584=DIRECTION('',(0.,1.,0.));
#12585=DIRECTION('',(0.,0.,1.));
#12586=DIRECTION('',(0.,0.,1.));
#12587=DIRECTION('',(1.,0.,0.));
#12588=DIRECTION('',(0.,0.,-1.));
#12589=DIRECTION('',(0.,1.,0.));
#12590=DIRECTION('',(0.,0.,1.));
#12591=DIRECTION('',(0.,0.,1.));
#12592=DIRECTION('',(1.,0.,0.));
#12593=DIRECTION('',(0.,0.,-1.));
#12594=DIRECTION('',(0.,1.,0.));
#12595=DIRECTION('',(0.,0.,1.));
#12596=DIRECTION('',(0.,0.,1.));
#12597=DIRECTION('',(1.,0.,0.));
#12598=DIRECTION('',(0.,0.,-1.));
#12599=DIRECTION('',(0.,1.,0.));
#12600=DIRECTION('',(0.,0.,1.));
#12601=DIRECTION('',(0.,0.,1.));
#12602=DIRECTION('',(1.,0.,0.));
#12603=DIRECTION('',(0.,0.,-1.));
#12604=DIRECTION('',(0.,1.,0.));
#12605=DIRECTION('',(0.,0.,1.));
#12606=DIRECTION('',(0.,0.,1.));
#12607=DIRECTION('',(1.,0.,0.));
#12608=DIRECTION('',(0.,0.,-1.));
#12609=DIRECTION('',(0.,1.,0.));
#12610=DIRECTION('',(0.,0.,1.));
#12611=DIRECTION('',(0.,0.,1.));
#12612=DIRECTION('',(1.,0.,0.));
#12613=DIRECTION('',(0.,0.,-1.));
#12614=DIRECTION('',(0.,1.,0.));
#12615=DIRECTION('',(0.,0.,1.));
#12616=DIRECTION('',(0.,0.,1.));
#12617=DIRECTION('',(1.,0.,0.));
#12618=DIRECTION('',(0.,0.,-1.));
#12619=DIRECTION('',(0.,1.,0.));
#12620=DIRECTION('',(0.,0.,1.));
#12621=DIRECTION('',(0.,0.,1.));
#12622=DIRECTION('',(1.,0.,0.));
#12623=DIRECTION('',(0.,0.,-1.));
#12624=DIRECTION('',(0.,1.,0.));
#12625=DIRECTION('',(0.,0.,1.));
#12626=DIRECTION('',(0.,0.,1.));
#12627=DIRECTION('',(1.,0.,0.));
#12628=DIRECTION('',(0.,0.,-1.));
#12629=DIRECTION('',(0.,1.,0.));
#12630=DIRECTION('',(0.,0.,1.));
#12631=DIRECTION('',(0.,-1.,0.));
#12632=DIRECTION('',(0.,0.,-1.));
#12633=DIRECTION('',(0.,-1.,0.));
#12634=DIRECTION('',(0.,0.,-1.));
#12635=DIRECTION('',(-1.,0.,0.));
#12636=DIRECTION('',(0.,0.,1.));
#12637=DIRECTION('',(1.,0.,0.));
#12638=DIRECTION('',(0.,-1.,0.));
#12639=DIRECTION('',(1.,0.,0.));
#12640=DIRECTION('',(0.,0.,-1.));
#12641=DIRECTION('',(-1.,0.,0.));
#12642=DIRECTION('',(0.,0.,-1.));
#12643=DIRECTION('',(0.,-1.,0.));
#12644=DIRECTION('',(0.,0.,-1.));
#12645=DIRECTION('',(-1.,0.,0.));
#12646=DIRECTION('',(0.,0.,1.));
#12647=DIRECTION('',(1.,0.,0.));
#12648=DIRECTION('',(0.,-1.,0.));
#12649=DIRECTION('',(1.,0.,0.));
#12650=DIRECTION('',(0.,0.,-1.));
#12651=DIRECTION('',(-1.,0.,0.));
#12652=DIRECTION('',(0.,0.,1.));
#12653=DIRECTION('',(0.,-1.,0.));
#12654=DIRECTION('',(0.,0.,1.));
#12655=DIRECTION('',(1.,0.,0.));
#12656=DIRECTION('',(0.,0.,-1.));
#12657=DIRECTION('',(1.,0.,0.));
#12658=DIRECTION('',(0.,-1.,0.));
#12659=DIRECTION('',(1.,0.,0.));
#12660=DIRECTION('',(0.,0.,-1.));
#12661=DIRECTION('',(-1.,0.,0.));
#12662=DIRECTION('',(0.,0.,1.));
#12663=DIRECTION('',(0.,-1.,0.));
#12664=DIRECTION('',(0.,0.,1.));
#12665=DIRECTION('',(1.,0.,0.));
#12666=DIRECTION('',(0.,0.,-1.));
#12667=DIRECTION('',(-1.,0.,0.));
#12668=DIRECTION('',(0.,-1.,0.));
#12669=DIRECTION('',(-1.,0.,0.));
#12670=DIRECTION('',(0.,0.,1.));
#12671=DIRECTION('',(1.,0.,0.));
#12672=DIRECTION('',(0.,0.,1.));
#12673=DIRECTION('',(0.,-1.,0.));
#12674=DIRECTION('',(0.,0.,1.));
#12675=DIRECTION('',(1.,0.,0.));
#12676=DIRECTION('',(0.,0.,-1.));
#12677=DIRECTION('',(-1.,0.,0.));
#12678=DIRECTION('',(0.,-1.,0.));
#12679=DIRECTION('',(-1.,0.,0.));
#12680=DIRECTION('',(0.,0.,1.));
#12681=DIRECTION('',(1.,0.,0.));
#12682=DIRECTION('',(0.,0.,-1.));
#12683=DIRECTION('',(0.,-1.,0.));
#12684=DIRECTION('',(0.,0.,-1.));
#12685=DIRECTION('',(-1.,0.,0.));
#12686=DIRECTION('',(0.,0.,1.));
#12687=DIRECTION('',(-1.,0.,0.));
#12688=DIRECTION('',(-1.,0.,0.));
#12689=DIRECTION('',(0.,0.,1.));
#12690=DIRECTION('',(1.,0.,0.));
#12691=DIRECTION('',(0.,-1.,0.));
#12692=DIRECTION('',(0.,0.,-1.));
#12693=DIRECTION('',(0.,-1.,0.));
#12694=DIRECTION('',(0.,0.,-1.));
#12695=DIRECTION('',(0.,-1.,0.));
#12696=DIRECTION('',(0.,0.,-1.));
#12697=DIRECTION('',(-1.,0.,0.));
#12698=DIRECTION('',(0.,0.,1.));
#12699=DIRECTION('',(1.,0.,0.));
#12700=DIRECTION('',(0.,-1.,0.));
#12701=DIRECTION('',(1.,0.,0.));
#12702=DIRECTION('',(0.,0.,-1.));
#12703=DIRECTION('',(-1.,0.,0.));
#12704=DIRECTION('',(0.,0.,-1.));
#12705=DIRECTION('',(0.,-1.,0.));
#12706=DIRECTION('',(0.,0.,-1.));
#12707=DIRECTION('',(-1.,0.,0.));
#12708=DIRECTION('',(0.,0.,1.));
#12709=DIRECTION('',(1.,0.,0.));
#12710=DIRECTION('',(0.,-1.,0.));
#12711=DIRECTION('',(1.,0.,0.));
#12712=DIRECTION('',(0.,0.,-1.));
#12713=DIRECTION('',(-1.,0.,0.));
#12714=DIRECTION('',(0.,0.,1.));
#12715=DIRECTION('',(0.,-1.,0.));
#12716=DIRECTION('',(0.,0.,1.));
#12717=DIRECTION('',(1.,0.,0.));
#12718=DIRECTION('',(0.,0.,-1.));
#12719=DIRECTION('',(1.,0.,0.));
#12720=DIRECTION('',(0.,-1.,0.));
#12721=DIRECTION('',(1.,0.,0.));
#12722=DIRECTION('',(0.,0.,-1.));
#12723=DIRECTION('',(-1.,0.,0.));
#12724=DIRECTION('',(0.,0.,1.));
#12725=DIRECTION('',(0.,-1.,0.));
#12726=DIRECTION('',(0.,0.,1.));
#12727=DIRECTION('',(1.,0.,0.));
#12728=DIRECTION('',(0.,0.,-1.));
#12729=DIRECTION('',(-1.,0.,0.));
#12730=DIRECTION('',(0.,-1.,0.));
#12731=DIRECTION('',(-1.,0.,0.));
#12732=DIRECTION('',(0.,0.,1.));
#12733=DIRECTION('',(1.,0.,0.));
#12734=DIRECTION('',(0.,0.,1.));
#12735=DIRECTION('',(0.,-1.,0.));
#12736=DIRECTION('',(0.,0.,1.));
#12737=DIRECTION('',(1.,0.,0.));
#12738=DIRECTION('',(0.,0.,-1.));
#12739=DIRECTION('',(-1.,0.,0.));
#12740=DIRECTION('',(0.,-1.,0.));
#12741=DIRECTION('',(-1.,0.,0.));
#12742=DIRECTION('',(0.,0.,1.));
#12743=DIRECTION('',(1.,0.,0.));
#12744=DIRECTION('',(0.,0.,-1.));
#12745=DIRECTION('',(0.,-1.,0.));
#12746=DIRECTION('',(0.,0.,-1.));
#12747=DIRECTION('',(-1.,0.,0.));
#12748=DIRECTION('',(0.,0.,1.));
#12749=DIRECTION('',(-1.,0.,0.));
#12750=DIRECTION('',(-1.,0.,0.));
#12751=DIRECTION('',(0.,0.,1.));
#12752=DIRECTION('',(1.,0.,0.));
#12753=DIRECTION('',(0.,-1.,0.));
#12754=DIRECTION('',(0.,0.,-1.));
#12755=DIRECTION('',(0.,-1.,0.));
#12756=DIRECTION('',(0.,0.,-1.));
#12757=DIRECTION('',(0.,-1.,0.));
#12758=DIRECTION('',(0.,0.,-1.));
#12759=DIRECTION('',(-1.,0.,0.));
#12760=DIRECTION('',(0.,0.,1.));
#12761=DIRECTION('',(1.,0.,0.));
#12762=DIRECTION('',(0.,-1.,0.));
#12763=DIRECTION('',(1.,0.,0.));
#12764=DIRECTION('',(0.,0.,-1.));
#12765=DIRECTION('',(-1.,0.,0.));
#12766=DIRECTION('',(0.,0.,-1.));
#12767=DIRECTION('',(0.,-1.,0.));
#12768=DIRECTION('',(0.,0.,-1.));
#12769=DIRECTION('',(-1.,0.,0.));
#12770=DIRECTION('',(0.,0.,1.));
#12771=DIRECTION('',(1.,0.,0.));
#12772=DIRECTION('',(0.,-1.,0.));
#12773=DIRECTION('',(1.,0.,0.));
#12774=DIRECTION('',(0.,0.,-1.));
#12775=DIRECTION('',(-1.,0.,0.));
#12776=DIRECTION('',(0.,0.,1.));
#12777=DIRECTION('',(0.,-1.,0.));
#12778=DIRECTION('',(0.,0.,1.));
#12779=DIRECTION('',(1.,0.,0.));
#12780=DIRECTION('',(0.,0.,-1.));
#12781=DIRECTION('',(1.,0.,0.));
#12782=DIRECTION('',(0.,-1.,0.));
#12783=DIRECTION('',(1.,0.,0.));
#12784=DIRECTION('',(0.,0.,-1.));
#12785=DIRECTION('',(-1.,0.,0.));
#12786=DIRECTION('',(0.,0.,1.));
#12787=DIRECTION('',(0.,-1.,0.));
#12788=DIRECTION('',(0.,0.,1.));
#12789=DIRECTION('',(1.,0.,0.));
#12790=DIRECTION('',(0.,0.,-1.));
#12791=DIRECTION('',(-1.,0.,0.));
#12792=DIRECTION('',(0.,-1.,0.));
#12793=DIRECTION('',(-1.,0.,0.));
#12794=DIRECTION('',(0.,0.,1.));
#12795=DIRECTION('',(1.,0.,0.));
#12796=DIRECTION('',(0.,0.,1.));
#12797=DIRECTION('',(0.,-1.,0.));
#12798=DIRECTION('',(0.,0.,1.));
#12799=DIRECTION('',(1.,0.,0.));
#12800=DIRECTION('',(0.,0.,-1.));
#12801=DIRECTION('',(-1.,0.,0.));
#12802=DIRECTION('',(0.,-1.,0.));
#12803=DIRECTION('',(-1.,0.,0.));
#12804=DIRECTION('',(0.,0.,1.));
#12805=DIRECTION('',(1.,0.,0.));
#12806=DIRECTION('',(0.,0.,-1.));
#12807=DIRECTION('',(0.,-1.,0.));
#12808=DIRECTION('',(0.,0.,-1.));
#12809=DIRECTION('',(-1.,0.,0.));
#12810=DIRECTION('',(0.,0.,1.));
#12811=DIRECTION('',(-1.,0.,0.));
#12812=DIRECTION('',(-1.,0.,0.));
#12813=DIRECTION('',(0.,0.,1.));
#12814=DIRECTION('',(1.,0.,0.));
#12815=DIRECTION('',(0.,-1.,0.));
#12816=DIRECTION('',(0.,0.,-1.));
#12817=DIRECTION('',(0.,-1.,0.));
#12818=DIRECTION('',(0.,0.,-1.));
#12819=DIRECTION('',(0.,-1.,0.));
#12820=DIRECTION('',(0.,0.,-1.));
#12821=DIRECTION('',(-1.,0.,0.));
#12822=DIRECTION('',(0.,0.,1.));
#12823=DIRECTION('',(1.,0.,0.));
#12824=DIRECTION('',(0.,-1.,0.));
#12825=DIRECTION('',(1.,0.,0.));
#12826=DIRECTION('',(0.,0.,-1.));
#12827=DIRECTION('',(-1.,0.,0.));
#12828=DIRECTION('',(0.,0.,-1.));
#12829=DIRECTION('',(0.,-1.,0.));
#12830=DIRECTION('',(0.,0.,-1.));
#12831=DIRECTION('',(-1.,0.,0.));
#12832=DIRECTION('',(0.,0.,1.));
#12833=DIRECTION('',(1.,0.,0.));
#12834=DIRECTION('',(0.,-1.,0.));
#12835=DIRECTION('',(1.,0.,0.));
#12836=DIRECTION('',(0.,0.,-1.));
#12837=DIRECTION('',(-1.,0.,0.));
#12838=DIRECTION('',(0.,0.,1.));
#12839=DIRECTION('',(0.,-1.,0.));
#12840=DIRECTION('',(0.,0.,1.));
#12841=DIRECTION('',(1.,0.,0.));
#12842=DIRECTION('',(0.,0.,-1.));
#12843=DIRECTION('',(1.,0.,0.));
#12844=DIRECTION('',(0.,-1.,0.));
#12845=DIRECTION('',(1.,0.,0.));
#12846=DIRECTION('',(0.,0.,-1.));
#12847=DIRECTION('',(-1.,0.,0.));
#12848=DIRECTION('',(0.,0.,1.));
#12849=DIRECTION('',(0.,-1.,0.));
#12850=DIRECTION('',(0.,0.,1.));
#12851=DIRECTION('',(1.,0.,0.));
#12852=DIRECTION('',(0.,0.,-1.));
#12853=DIRECTION('',(-1.,0.,0.));
#12854=DIRECTION('',(0.,-1.,0.));
#12855=DIRECTION('',(-1.,0.,0.));
#12856=DIRECTION('',(0.,0.,1.));
#12857=DIRECTION('',(1.,0.,0.));
#12858=DIRECTION('',(0.,0.,1.));
#12859=DIRECTION('',(0.,-1.,0.));
#12860=DIRECTION('',(0.,0.,1.));
#12861=DIRECTION('',(1.,0.,0.));
#12862=DIRECTION('',(0.,0.,-1.));
#12863=DIRECTION('',(-1.,0.,0.));
#12864=DIRECTION('',(0.,-1.,0.));
#12865=DIRECTION('',(-1.,0.,0.));
#12866=DIRECTION('',(0.,0.,1.));
#12867=DIRECTION('',(1.,0.,0.));
#12868=DIRECTION('',(0.,0.,-1.));
#12869=DIRECTION('',(0.,-1.,0.));
#12870=DIRECTION('',(0.,0.,-1.));
#12871=DIRECTION('',(-1.,0.,0.));
#12872=DIRECTION('',(0.,0.,1.));
#12873=DIRECTION('',(-1.,0.,0.));
#12874=DIRECTION('',(-1.,0.,0.));
#12875=DIRECTION('',(0.,0.,1.));
#12876=DIRECTION('',(1.,0.,0.));
#12877=DIRECTION('',(0.,-1.,0.));
#12878=DIRECTION('',(0.,0.,-1.));
#12879=DIRECTION('',(0.,-1.,0.));
#12880=DIRECTION('',(0.,0.,-1.));
#12881=DIRECTION('',(0.,-1.,0.));
#12882=DIRECTION('',(0.,0.,-1.));
#12883=DIRECTION('',(-1.,0.,0.));
#12884=DIRECTION('',(0.,0.,1.));
#12885=DIRECTION('',(1.,0.,0.));
#12886=DIRECTION('',(0.,-1.,0.));
#12887=DIRECTION('',(1.,0.,0.));
#12888=DIRECTION('',(0.,0.,-1.));
#12889=DIRECTION('',(-1.,0.,0.));
#12890=DIRECTION('',(0.,0.,-1.));
#12891=DIRECTION('',(0.,-1.,0.));
#12892=DIRECTION('',(0.,0.,-1.));
#12893=DIRECTION('',(-1.,0.,0.));
#12894=DIRECTION('',(0.,0.,1.));
#12895=DIRECTION('',(1.,0.,0.));
#12896=DIRECTION('',(0.,-1.,0.));
#12897=DIRECTION('',(1.,0.,0.));
#12898=DIRECTION('',(0.,0.,-1.));
#12899=DIRECTION('',(-1.,0.,0.));
#12900=DIRECTION('',(0.,0.,1.));
#12901=DIRECTION('',(0.,-1.,0.));
#12902=DIRECTION('',(0.,0.,1.));
#12903=DIRECTION('',(1.,0.,0.));
#12904=DIRECTION('',(0.,0.,-1.));
#12905=DIRECTION('',(1.,0.,0.));
#12906=DIRECTION('',(0.,-1.,0.));
#12907=DIRECTION('',(1.,0.,0.));
#12908=DIRECTION('',(0.,0.,-1.));
#12909=DIRECTION('',(-1.,0.,0.));
#12910=DIRECTION('',(0.,0.,1.));
#12911=DIRECTION('',(0.,-1.,0.));
#12912=DIRECTION('',(0.,0.,1.));
#12913=DIRECTION('',(1.,0.,0.));
#12914=DIRECTION('',(0.,0.,-1.));
#12915=DIRECTION('',(-1.,0.,0.));
#12916=DIRECTION('',(0.,-1.,0.));
#12917=DIRECTION('',(-1.,0.,0.));
#12918=DIRECTION('',(0.,0.,1.));
#12919=DIRECTION('',(1.,0.,0.));
#12920=DIRECTION('',(0.,0.,1.));
#12921=DIRECTION('',(0.,-1.,0.));
#12922=DIRECTION('',(0.,0.,1.));
#12923=DIRECTION('',(1.,0.,0.));
#12924=DIRECTION('',(0.,0.,-1.));
#12925=DIRECTION('',(-1.,0.,0.));
#12926=DIRECTION('',(0.,-1.,0.));
#12927=DIRECTION('',(-1.,0.,0.));
#12928=DIRECTION('',(0.,0.,1.));
#12929=DIRECTION('',(1.,0.,0.));
#12930=DIRECTION('',(0.,0.,-1.));
#12931=DIRECTION('',(0.,-1.,0.));
#12932=DIRECTION('',(0.,0.,-1.));
#12933=DIRECTION('',(-1.,0.,0.));
#12934=DIRECTION('',(0.,0.,1.));
#12935=DIRECTION('',(-1.,0.,0.));
#12936=DIRECTION('',(-1.,0.,0.));
#12937=DIRECTION('',(0.,0.,1.));
#12938=DIRECTION('',(1.,0.,0.));
#12939=DIRECTION('',(0.,-1.,0.));
#12940=DIRECTION('',(0.,0.,-1.));
#12941=DIRECTION('',(0.,-1.,0.));
#12942=DIRECTION('',(0.,0.,-1.));
#12943=DIRECTION('',(0.,-1.,0.));
#12944=DIRECTION('',(0.,0.,-1.));
#12945=DIRECTION('',(-1.,0.,0.));
#12946=DIRECTION('',(0.,0.,1.));
#12947=DIRECTION('',(1.,0.,0.));
#12948=DIRECTION('',(0.,-1.,0.));
#12949=DIRECTION('',(1.,0.,0.));
#12950=DIRECTION('',(0.,0.,-1.));
#12951=DIRECTION('',(-1.,0.,0.));
#12952=DIRECTION('',(0.,0.,-1.));
#12953=DIRECTION('',(0.,-1.,0.));
#12954=DIRECTION('',(0.,0.,-1.));
#12955=DIRECTION('',(-1.,0.,0.));
#12956=DIRECTION('',(0.,0.,1.));
#12957=DIRECTION('',(1.,0.,0.));
#12958=DIRECTION('',(0.,-1.,0.));
#12959=DIRECTION('',(1.,0.,0.));
#12960=DIRECTION('',(0.,0.,-1.));
#12961=DIRECTION('',(-1.,0.,0.));
#12962=DIRECTION('',(0.,0.,1.));
#12963=DIRECTION('',(0.,-1.,0.));
#12964=DIRECTION('',(0.,0.,1.));
#12965=DIRECTION('',(1.,0.,0.));
#12966=DIRECTION('',(0.,0.,-1.));
#12967=DIRECTION('',(1.,0.,0.));
#12968=DIRECTION('',(0.,-1.,0.));
#12969=DIRECTION('',(1.,0.,0.));
#12970=DIRECTION('',(0.,0.,-1.));
#12971=DIRECTION('',(-1.,0.,0.));
#12972=DIRECTION('',(0.,0.,1.));
#12973=DIRECTION('',(0.,-1.,0.));
#12974=DIRECTION('',(0.,0.,1.));
#12975=DIRECTION('',(1.,0.,0.));
#12976=DIRECTION('',(0.,0.,-1.));
#12977=DIRECTION('',(-1.,0.,0.));
#12978=DIRECTION('',(0.,-1.,0.));
#12979=DIRECTION('',(-1.,0.,0.));
#12980=DIRECTION('',(0.,0.,1.));
#12981=DIRECTION('',(1.,0.,0.));
#12982=DIRECTION('',(0.,0.,1.));
#12983=DIRECTION('',(0.,-1.,0.));
#12984=DIRECTION('',(0.,0.,1.));
#12985=DIRECTION('',(1.,0.,0.));
#12986=DIRECTION('',(0.,0.,-1.));
#12987=DIRECTION('',(-1.,0.,0.));
#12988=DIRECTION('',(0.,-1.,0.));
#12989=DIRECTION('',(-1.,0.,0.));
#12990=DIRECTION('',(0.,0.,1.));
#12991=DIRECTION('',(1.,0.,0.));
#12992=DIRECTION('',(0.,0.,-1.));
#12993=DIRECTION('',(0.,-1.,0.));
#12994=DIRECTION('',(0.,0.,-1.));
#12995=DIRECTION('',(-1.,0.,0.));
#12996=DIRECTION('',(0.,0.,1.));
#12997=DIRECTION('',(-1.,0.,0.));
#12998=DIRECTION('',(-1.,0.,0.));
#12999=DIRECTION('',(0.,0.,1.));
#13000=DIRECTION('',(1.,0.,0.));
#13001=DIRECTION('',(0.,-1.,0.));
#13002=DIRECTION('',(0.,0.,-1.));
#13003=DIRECTION('',(0.,-1.,0.));
#13004=DIRECTION('',(0.,0.,-1.));
#13005=DIRECTION('',(0.,-1.,0.));
#13006=DIRECTION('',(0.,0.,-1.));
#13007=DIRECTION('',(-1.,0.,0.));
#13008=DIRECTION('',(0.,0.,1.));
#13009=DIRECTION('',(1.,0.,0.));
#13010=DIRECTION('',(0.,-1.,0.));
#13011=DIRECTION('',(1.,0.,0.));
#13012=DIRECTION('',(0.,0.,-1.));
#13013=DIRECTION('',(-1.,0.,0.));
#13014=DIRECTION('',(0.,0.,-1.));
#13015=DIRECTION('',(0.,-1.,0.));
#13016=DIRECTION('',(0.,0.,-1.));
#13017=DIRECTION('',(-1.,0.,0.));
#13018=DIRECTION('',(0.,0.,1.));
#13019=DIRECTION('',(1.,0.,0.));
#13020=DIRECTION('',(0.,-1.,0.));
#13021=DIRECTION('',(1.,0.,0.));
#13022=DIRECTION('',(0.,0.,-1.));
#13023=DIRECTION('',(-1.,0.,0.));
#13024=DIRECTION('',(0.,0.,1.));
#13025=DIRECTION('',(0.,-1.,0.));
#13026=DIRECTION('',(0.,0.,1.));
#13027=DIRECTION('',(1.,0.,0.));
#13028=DIRECTION('',(0.,0.,-1.));
#13029=DIRECTION('',(1.,0.,0.));
#13030=DIRECTION('',(0.,-1.,0.));
#13031=DIRECTION('',(1.,0.,0.));
#13032=DIRECTION('',(0.,0.,-1.));
#13033=DIRECTION('',(-1.,0.,0.));
#13034=DIRECTION('',(0.,0.,1.));
#13035=DIRECTION('',(0.,-1.,0.));
#13036=DIRECTION('',(0.,0.,1.));
#13037=DIRECTION('',(1.,0.,0.));
#13038=DIRECTION('',(0.,0.,-1.));
#13039=DIRECTION('',(-1.,0.,0.));
#13040=DIRECTION('',(0.,-1.,0.));
#13041=DIRECTION('',(-1.,0.,0.));
#13042=DIRECTION('',(0.,0.,1.));
#13043=DIRECTION('',(1.,0.,0.));
#13044=DIRECTION('',(0.,0.,1.));
#13045=DIRECTION('',(0.,-1.,0.));
#13046=DIRECTION('',(0.,0.,1.));
#13047=DIRECTION('',(1.,0.,0.));
#13048=DIRECTION('',(0.,0.,-1.));
#13049=DIRECTION('',(-1.,0.,0.));
#13050=DIRECTION('',(0.,-1.,0.));
#13051=DIRECTION('',(-1.,0.,0.));
#13052=DIRECTION('',(0.,0.,1.));
#13053=DIRECTION('',(1.,0.,0.));
#13054=DIRECTION('',(0.,0.,-1.));
#13055=DIRECTION('',(0.,-1.,0.));
#13056=DIRECTION('',(0.,0.,-1.));
#13057=DIRECTION('',(-1.,0.,0.));
#13058=DIRECTION('',(0.,0.,1.));
#13059=DIRECTION('',(-1.,0.,0.));
#13060=DIRECTION('',(-1.,0.,0.));
#13061=DIRECTION('',(0.,0.,1.));
#13062=DIRECTION('',(1.,0.,0.));
#13063=DIRECTION('',(0.,-1.,0.));
#13064=DIRECTION('',(0.,0.,-1.));
#13065=DIRECTION('',(0.,-1.,0.));
#13066=DIRECTION('',(0.,0.,-1.));
#13067=DIRECTION('',(0.,-1.,0.));
#13068=DIRECTION('',(0.,0.,-1.));
#13069=DIRECTION('',(-1.,0.,0.));
#13070=DIRECTION('',(0.,0.,1.));
#13071=DIRECTION('',(1.,0.,0.));
#13072=DIRECTION('',(0.,-1.,0.));
#13073=DIRECTION('',(1.,0.,0.));
#13074=DIRECTION('',(0.,0.,-1.));
#13075=DIRECTION('',(-1.,0.,0.));
#13076=DIRECTION('',(0.,0.,-1.));
#13077=DIRECTION('',(0.,-1.,0.));
#13078=DIRECTION('',(0.,0.,-1.));
#13079=DIRECTION('',(-1.,0.,0.));
#13080=DIRECTION('',(0.,0.,1.));
#13081=DIRECTION('',(1.,0.,0.));
#13082=DIRECTION('',(0.,-1.,0.));
#13083=DIRECTION('',(1.,0.,0.));
#13084=DIRECTION('',(0.,0.,-1.));
#13085=DIRECTION('',(-1.,0.,0.));
#13086=DIRECTION('',(0.,0.,1.));
#13087=DIRECTION('',(0.,-1.,0.));
#13088=DIRECTION('',(0.,0.,1.));
#13089=DIRECTION('',(1.,0.,0.));
#13090=DIRECTION('',(0.,0.,-1.));
#13091=DIRECTION('',(1.,0.,0.));
#13092=DIRECTION('',(0.,-1.,0.));
#13093=DIRECTION('',(1.,0.,0.));
#13094=DIRECTION('',(0.,0.,-1.));
#13095=DIRECTION('',(-1.,0.,0.));
#13096=DIRECTION('',(0.,0.,1.));
#13097=DIRECTION('',(0.,-1.,0.));
#13098=DIRECTION('',(0.,0.,1.));
#13099=DIRECTION('',(1.,0.,0.));
#13100=DIRECTION('',(0.,0.,-1.));
#13101=DIRECTION('',(-1.,0.,0.));
#13102=DIRECTION('',(0.,-1.,0.));
#13103=DIRECTION('',(-1.,0.,0.));
#13104=DIRECTION('',(0.,0.,1.));
#13105=DIRECTION('',(1.,0.,0.));
#13106=DIRECTION('',(0.,0.,1.));
#13107=DIRECTION('',(0.,-1.,0.));
#13108=DIRECTION('',(0.,0.,1.));
#13109=DIRECTION('',(1.,0.,0.));
#13110=DIRECTION('',(0.,0.,-1.));
#13111=DIRECTION('',(-1.,0.,0.));
#13112=DIRECTION('',(0.,-1.,0.));
#13113=DIRECTION('',(-1.,0.,0.));
#13114=DIRECTION('',(0.,0.,1.));
#13115=DIRECTION('',(1.,0.,0.));
#13116=DIRECTION('',(0.,0.,-1.));
#13117=DIRECTION('',(0.,-1.,0.));
#13118=DIRECTION('',(0.,0.,-1.));
#13119=DIRECTION('',(-1.,0.,0.));
#13120=DIRECTION('',(0.,0.,1.));
#13121=DIRECTION('',(-1.,0.,0.));
#13122=DIRECTION('',(-1.,0.,0.));
#13123=DIRECTION('',(0.,0.,1.));
#13124=DIRECTION('',(1.,0.,0.));
#13125=DIRECTION('',(0.,-1.,0.));
#13126=DIRECTION('',(0.,0.,-1.));
#13127=DIRECTION('',(0.,-1.,0.));
#13128=DIRECTION('',(0.,0.,-1.));
#13129=DIRECTION('',(0.,-1.,0.));
#13130=DIRECTION('',(0.,0.,-1.));
#13131=DIRECTION('',(-1.,0.,0.));
#13132=DIRECTION('',(0.,0.,1.));
#13133=DIRECTION('',(1.,0.,0.));
#13134=DIRECTION('',(0.,-1.,0.));
#13135=DIRECTION('',(1.,0.,0.));
#13136=DIRECTION('',(0.,0.,-1.));
#13137=DIRECTION('',(-1.,0.,0.));
#13138=DIRECTION('',(0.,0.,-1.));
#13139=DIRECTION('',(0.,-1.,0.));
#13140=DIRECTION('',(0.,0.,-1.));
#13141=DIRECTION('',(-1.,0.,0.));
#13142=DIRECTION('',(0.,0.,1.));
#13143=DIRECTION('',(1.,0.,0.));
#13144=DIRECTION('',(0.,-1.,0.));
#13145=DIRECTION('',(1.,0.,0.));
#13146=DIRECTION('',(0.,0.,-1.));
#13147=DIRECTION('',(-1.,0.,0.));
#13148=DIRECTION('',(0.,0.,1.));
#13149=DIRECTION('',(0.,-1.,0.));
#13150=DIRECTION('',(0.,0.,1.));
#13151=DIRECTION('',(1.,0.,0.));
#13152=DIRECTION('',(0.,0.,-1.));
#13153=DIRECTION('',(1.,0.,0.));
#13154=DIRECTION('',(0.,-1.,0.));
#13155=DIRECTION('',(1.,0.,0.));
#13156=DIRECTION('',(0.,0.,-1.));
#13157=DIRECTION('',(-1.,0.,0.));
#13158=DIRECTION('',(0.,0.,1.));
#13159=DIRECTION('',(0.,-1.,0.));
#13160=DIRECTION('',(0.,0.,1.));
#13161=DIRECTION('',(1.,0.,0.));
#13162=DIRECTION('',(0.,0.,-1.));
#13163=DIRECTION('',(-1.,0.,0.));
#13164=DIRECTION('',(0.,-1.,0.));
#13165=DIRECTION('',(-1.,0.,0.));
#13166=DIRECTION('',(0.,0.,1.));
#13167=DIRECTION('',(1.,0.,0.));
#13168=DIRECTION('',(0.,0.,1.));
#13169=DIRECTION('',(0.,-1.,0.));
#13170=DIRECTION('',(0.,0.,1.));
#13171=DIRECTION('',(1.,0.,0.));
#13172=DIRECTION('',(0.,0.,-1.));
#13173=DIRECTION('',(-1.,0.,0.));
#13174=DIRECTION('',(0.,-1.,0.));
#13175=DIRECTION('',(-1.,0.,0.));
#13176=DIRECTION('',(0.,0.,1.));
#13177=DIRECTION('',(1.,0.,0.));
#13178=DIRECTION('',(0.,0.,-1.));
#13179=DIRECTION('',(0.,-1.,0.));
#13180=DIRECTION('',(0.,0.,-1.));
#13181=DIRECTION('',(-1.,0.,0.));
#13182=DIRECTION('',(0.,0.,1.));
#13183=DIRECTION('',(-1.,0.,0.));
#13184=DIRECTION('',(-1.,0.,0.));
#13185=DIRECTION('',(0.,0.,1.));
#13186=DIRECTION('',(1.,0.,0.));
#13187=DIRECTION('',(0.,-1.,0.));
#13188=DIRECTION('',(0.,0.,-1.));
#13189=DIRECTION('',(0.,-1.,0.));
#13190=DIRECTION('',(0.,0.,-1.));
#13191=DIRECTION('',(0.,-1.,0.));
#13192=DIRECTION('',(0.,0.,-1.));
#13193=DIRECTION('',(-1.,0.,0.));
#13194=DIRECTION('',(0.,0.,1.));
#13195=DIRECTION('',(1.,0.,0.));
#13196=DIRECTION('',(0.,-1.,0.));
#13197=DIRECTION('',(1.,0.,0.));
#13198=DIRECTION('',(0.,0.,-1.));
#13199=DIRECTION('',(-1.,0.,0.));
#13200=DIRECTION('',(0.,0.,-1.));
#13201=DIRECTION('',(0.,-1.,0.));
#13202=DIRECTION('',(0.,0.,-1.));
#13203=DIRECTION('',(-1.,0.,0.));
#13204=DIRECTION('',(0.,0.,1.));
#13205=DIRECTION('',(1.,0.,0.));
#13206=DIRECTION('',(0.,-1.,0.));
#13207=DIRECTION('',(1.,0.,0.));
#13208=DIRECTION('',(0.,0.,-1.));
#13209=DIRECTION('',(-1.,0.,0.));
#13210=DIRECTION('',(0.,0.,1.));
#13211=DIRECTION('',(0.,-1.,0.));
#13212=DIRECTION('',(0.,0.,1.));
#13213=DIRECTION('',(1.,0.,0.));
#13214=DIRECTION('',(0.,0.,-1.));
#13215=DIRECTION('',(1.,0.,0.));
#13216=DIRECTION('',(0.,-1.,0.));
#13217=DIRECTION('',(1.,0.,0.));
#13218=DIRECTION('',(0.,0.,-1.));
#13219=DIRECTION('',(-1.,0.,0.));
#13220=DIRECTION('',(0.,0.,1.));
#13221=DIRECTION('',(0.,-1.,0.));
#13222=DIRECTION('',(0.,0.,1.));
#13223=DIRECTION('',(1.,0.,0.));
#13224=DIRECTION('',(0.,0.,-1.));
#13225=DIRECTION('',(-1.,0.,0.));
#13226=DIRECTION('',(0.,-1.,0.));
#13227=DIRECTION('',(-1.,0.,0.));
#13228=DIRECTION('',(0.,0.,1.));
#13229=DIRECTION('',(1.,0.,0.));
#13230=DIRECTION('',(0.,0.,1.));
#13231=DIRECTION('',(0.,-1.,0.));
#13232=DIRECTION('',(0.,0.,1.));
#13233=DIRECTION('',(1.,0.,0.));
#13234=DIRECTION('',(0.,0.,-1.));
#13235=DIRECTION('',(-1.,0.,0.));
#13236=DIRECTION('',(0.,-1.,0.));
#13237=DIRECTION('',(-1.,0.,0.));
#13238=DIRECTION('',(0.,0.,1.));
#13239=DIRECTION('',(1.,0.,0.));
#13240=DIRECTION('',(0.,0.,-1.));
#13241=DIRECTION('',(0.,-1.,0.));
#13242=DIRECTION('',(0.,0.,-1.));
#13243=DIRECTION('',(-1.,0.,0.));
#13244=DIRECTION('',(0.,0.,1.));
#13245=DIRECTION('',(-1.,0.,0.));
#13246=DIRECTION('',(-1.,0.,0.));
#13247=DIRECTION('',(0.,0.,1.));
#13248=DIRECTION('',(1.,0.,0.));
#13249=DIRECTION('',(0.,-1.,0.));
#13250=DIRECTION('',(0.,0.,-1.));
#13251=DIRECTION('',(0.,-1.,0.));
#13252=DIRECTION('',(0.,0.,-1.));
#13253=DIRECTION('',(0.,-1.,0.));
#13254=DIRECTION('',(0.,0.,-1.));
#13255=DIRECTION('',(-1.,0.,0.));
#13256=DIRECTION('',(0.,0.,1.));
#13257=DIRECTION('',(1.,0.,0.));
#13258=DIRECTION('',(0.,-1.,0.));
#13259=DIRECTION('',(1.,0.,0.));
#13260=DIRECTION('',(0.,0.,-1.));
#13261=DIRECTION('',(-1.,0.,0.));
#13262=DIRECTION('',(0.,0.,-1.));
#13263=DIRECTION('',(0.,-1.,0.));
#13264=DIRECTION('',(0.,0.,-1.));
#13265=DIRECTION('',(-1.,0.,0.));
#13266=DIRECTION('',(0.,0.,1.));
#13267=DIRECTION('',(1.,0.,0.));
#13268=DIRECTION('',(0.,-1.,0.));
#13269=DIRECTION('',(1.,0.,0.));
#13270=DIRECTION('',(0.,0.,-1.));
#13271=DIRECTION('',(-1.,0.,0.));
#13272=DIRECTION('',(0.,0.,1.));
#13273=DIRECTION('',(0.,-1.,0.));
#13274=DIRECTION('',(0.,0.,1.));
#13275=DIRECTION('',(1.,0.,0.));
#13276=DIRECTION('',(0.,0.,-1.));
#13277=DIRECTION('',(1.,0.,0.));
#13278=DIRECTION('',(0.,-1.,0.));
#13279=DIRECTION('',(1.,0.,0.));
#13280=DIRECTION('',(0.,0.,-1.));
#13281=DIRECTION('',(-1.,0.,0.));
#13282=DIRECTION('',(0.,0.,1.));
#13283=DIRECTION('',(0.,-1.,0.));
#13284=DIRECTION('',(0.,0.,1.));
#13285=DIRECTION('',(1.,0.,0.));
#13286=DIRECTION('',(0.,0.,-1.));
#13287=DIRECTION('',(-1.,0.,0.));
#13288=DIRECTION('',(0.,-1.,0.));
#13289=DIRECTION('',(-1.,0.,0.));
#13290=DIRECTION('',(0.,0.,1.));
#13291=DIRECTION('',(1.,0.,0.));
#13292=DIRECTION('',(0.,0.,1.));
#13293=DIRECTION('',(0.,-1.,0.));
#13294=DIRECTION('',(0.,0.,1.));
#13295=DIRECTION('',(1.,0.,0.));
#13296=DIRECTION('',(0.,0.,-1.));
#13297=DIRECTION('',(-1.,0.,0.));
#13298=DIRECTION('',(0.,-1.,0.));
#13299=DIRECTION('',(-1.,0.,0.));
#13300=DIRECTION('',(0.,0.,1.));
#13301=DIRECTION('',(1.,0.,0.));
#13302=DIRECTION('',(0.,0.,-1.));
#13303=DIRECTION('',(0.,-1.,0.));
#13304=DIRECTION('',(0.,0.,-1.));
#13305=DIRECTION('',(-1.,0.,0.));
#13306=DIRECTION('',(0.,0.,1.));
#13307=DIRECTION('',(-1.,0.,0.));
#13308=DIRECTION('',(-1.,0.,0.));
#13309=DIRECTION('',(0.,0.,1.));
#13310=DIRECTION('',(1.,0.,0.));
#13311=DIRECTION('',(0.,-1.,0.));
#13312=DIRECTION('',(0.,0.,-1.));
#13313=DIRECTION('',(0.,-1.,0.));
#13314=DIRECTION('',(0.,0.,-1.));
#13315=DIRECTION('',(0.,-1.,0.));
#13316=DIRECTION('',(0.,0.,-1.));
#13317=DIRECTION('',(-1.,0.,0.));
#13318=DIRECTION('',(0.,0.,1.));
#13319=DIRECTION('',(1.,0.,0.));
#13320=DIRECTION('',(0.,-1.,0.));
#13321=DIRECTION('',(1.,0.,0.));
#13322=DIRECTION('',(0.,0.,-1.));
#13323=DIRECTION('',(-1.,0.,0.));
#13324=DIRECTION('',(0.,0.,-1.));
#13325=DIRECTION('',(0.,-1.,0.));
#13326=DIRECTION('',(0.,0.,-1.));
#13327=DIRECTION('',(-1.,0.,0.));
#13328=DIRECTION('',(0.,0.,1.));
#13329=DIRECTION('',(1.,0.,0.));
#13330=DIRECTION('',(0.,-1.,0.));
#13331=DIRECTION('',(1.,0.,0.));
#13332=DIRECTION('',(0.,0.,-1.));
#13333=DIRECTION('',(-1.,0.,0.));
#13334=DIRECTION('',(0.,0.,1.));
#13335=DIRECTION('',(0.,-1.,0.));
#13336=DIRECTION('',(0.,0.,1.));
#13337=DIRECTION('',(1.,0.,0.));
#13338=DIRECTION('',(0.,0.,-1.));
#13339=DIRECTION('',(1.,0.,0.));
#13340=DIRECTION('',(0.,-1.,0.));
#13341=DIRECTION('',(1.,0.,0.));
#13342=DIRECTION('',(0.,0.,-1.));
#13343=DIRECTION('',(-1.,0.,0.));
#13344=DIRECTION('',(0.,0.,1.));
#13345=DIRECTION('',(0.,-1.,0.));
#13346=DIRECTION('',(0.,0.,1.));
#13347=DIRECTION('',(1.,0.,0.));
#13348=DIRECTION('',(0.,0.,-1.));
#13349=DIRECTION('',(-1.,0.,0.));
#13350=DIRECTION('',(0.,-1.,0.));
#13351=DIRECTION('',(-1.,0.,0.));
#13352=DIRECTION('',(0.,0.,1.));
#13353=DIRECTION('',(1.,0.,0.));
#13354=DIRECTION('',(0.,0.,1.));
#13355=DIRECTION('',(0.,-1.,0.));
#13356=DIRECTION('',(0.,0.,1.));
#13357=DIRECTION('',(1.,0.,0.));
#13358=DIRECTION('',(0.,0.,-1.));
#13359=DIRECTION('',(-1.,0.,0.));
#13360=DIRECTION('',(0.,-1.,0.));
#13361=DIRECTION('',(-1.,0.,0.));
#13362=DIRECTION('',(0.,0.,1.));
#13363=DIRECTION('',(1.,0.,0.));
#13364=DIRECTION('',(0.,0.,-1.));
#13365=DIRECTION('',(0.,-1.,0.));
#13366=DIRECTION('',(0.,0.,-1.));
#13367=DIRECTION('',(-1.,0.,0.));
#13368=DIRECTION('',(0.,0.,1.));
#13369=DIRECTION('',(-1.,0.,0.));
#13370=DIRECTION('',(-1.,0.,0.));
#13371=DIRECTION('',(0.,0.,1.));
#13372=DIRECTION('',(1.,0.,0.));
#13373=DIRECTION('',(0.,-1.,0.));
#13374=DIRECTION('',(0.,0.,-1.));
#13375=DIRECTION('',(0.,-2.16840434497101E-16,1.));
#13376=DIRECTION('',(0.,-2.16840434497101E-16,1.));
#13377=DIRECTION('',(1.,0.,0.));
#13378=DIRECTION('',(0.,0.,-1.));
#13379=DIRECTION('',(0.,-2.16840434497101E-16,1.));
#13380=DIRECTION('',(0.,-1.,-2.16840434497101E-16));
#13381=DIRECTION('',(0.,2.16840434497101E-16,-1.));
#13382=DIRECTION('',(0.,-2.16840434497101E-16,1.));
#13383=DIRECTION('',(-1.,0.,0.));
#13384=DIRECTION('',(0.,0.,1.));
#13385=DIRECTION('',(-0.8,-0.6,-1.30104260698261E-16));
#13386=DIRECTION('',(0.6,-0.8,0.));
#13387=DIRECTION('',(0.8,-0.6,-1.30104260698261E-16));
#13388=DIRECTION('',(0.6,0.8,0.));
#13389=DIRECTION('',(0.,-2.16840434497101E-16,1.));
#13390=DIRECTION('',(0.,-2.16840434497101E-16,1.));
#13391=DIRECTION('',(1.,0.,0.));
#13392=DIRECTION('',(0.,0.,-1.));
#13393=DIRECTION('',(0.,-2.16840434497101E-16,1.));
#13394=DIRECTION('',(0.,-1.,-2.16840434497101E-16));
#13395=DIRECTION('',(0.,2.16840434497101E-16,-1.));
#13396=DIRECTION('',(0.,-2.16840434497101E-16,1.));
#13397=DIRECTION('',(-1.,0.,0.));
#13398=DIRECTION('',(0.,0.,1.));
#13399=DIRECTION('',(-0.8,-0.6,-1.30104260698261E-16));
#13400=DIRECTION('',(0.6,-0.8,0.));
#13401=DIRECTION('',(0.8,-0.6,-1.30104260698261E-16));
#13402=DIRECTION('',(0.6,0.8,0.));
#13403=DIRECTION('',(0.,-2.16840434497101E-16,1.));
#13404=DIRECTION('',(0.,-2.16840434497101E-16,1.));
#13405=DIRECTION('',(1.,0.,0.));
#13406=DIRECTION('',(0.,0.,-1.));
#13407=DIRECTION('',(0.,-2.16840434497101E-16,1.));
#13408=DIRECTION('',(0.,-1.,-2.16840434497101E-16));
#13409=DIRECTION('',(0.,2.16840434497101E-16,-1.));
#13410=DIRECTION('',(0.,-2.16840434497101E-16,1.));
#13411=DIRECTION('',(-1.,0.,0.));
#13412=DIRECTION('',(0.,0.,1.));
#13413=DIRECTION('',(-0.8,-0.6,-1.30104260698261E-16));
#13414=DIRECTION('',(0.6,-0.8,0.));
#13415=DIRECTION('',(0.8,-0.6,-1.30104260698261E-16));
#13416=DIRECTION('',(0.6,0.8,0.));
#13417=DIRECTION('',(0.,-2.16840434497101E-16,1.));
#13418=DIRECTION('',(0.,-2.16840434497101E-16,1.));
#13419=DIRECTION('',(1.,0.,0.));
#13420=DIRECTION('',(0.,0.,-1.));
#13421=DIRECTION('',(0.,-2.16840434497101E-16,1.));
#13422=DIRECTION('',(0.,-1.,-2.16840434497101E-16));
#13423=DIRECTION('',(0.,2.16840434497101E-16,-1.));
#13424=DIRECTION('',(0.,-2.16840434497101E-16,1.));
#13425=DIRECTION('',(-1.,0.,0.));
#13426=DIRECTION('',(0.,0.,1.));
#13427=DIRECTION('',(-0.8,-0.6,-1.30104260698261E-16));
#13428=DIRECTION('',(0.6,-0.8,0.));
#13429=DIRECTION('',(0.8,-0.6,-1.30104260698261E-16));
#13430=DIRECTION('',(0.6,0.8,0.));
#13431=DIRECTION('',(0.,-2.16840434497101E-16,1.));
#13432=DIRECTION('',(0.,-2.16840434497101E-16,1.));
#13433=DIRECTION('',(1.,0.,0.));
#13434=DIRECTION('',(0.,0.,-1.));
#13435=DIRECTION('',(0.,-2.16840434497101E-16,1.));
#13436=DIRECTION('',(0.,-1.,-2.16840434497101E-16));
#13437=DIRECTION('',(0.,2.16840434497101E-16,-1.));
#13438=DIRECTION('',(0.,-2.16840434497101E-16,1.));
#13439=DIRECTION('',(-1.,0.,0.));
#13440=DIRECTION('',(0.,0.,1.));
#13441=DIRECTION('',(-0.8,-0.6,-1.30104260698261E-16));
#13442=DIRECTION('',(0.6,-0.8,0.));
#13443=DIRECTION('',(0.8,-0.6,-1.30104260698261E-16));
#13444=DIRECTION('',(0.6,0.8,0.));
#13445=DIRECTION('',(0.,-2.16840434497101E-16,1.));
#13446=DIRECTION('',(0.,-2.16840434497101E-16,1.));
#13447=DIRECTION('',(1.,0.,0.));
#13448=DIRECTION('',(0.,0.,-1.));
#13449=DIRECTION('',(0.,-2.16840434497101E-16,1.));
#13450=DIRECTION('',(0.,-1.,-2.16840434497101E-16));
#13451=DIRECTION('',(0.,2.16840434497101E-16,-1.));
#13452=DIRECTION('',(0.,-2.16840434497101E-16,1.));
#13453=DIRECTION('',(-1.,0.,0.));
#13454=DIRECTION('',(0.,0.,1.));
#13455=DIRECTION('',(-0.8,-0.6,-1.30104260698261E-16));
#13456=DIRECTION('',(0.6,-0.8,0.));
#13457=DIRECTION('',(0.8,-0.6,-1.30104260698261E-16));
#13458=DIRECTION('',(0.6,0.8,0.));
#13459=DIRECTION('',(0.,-2.16840434497101E-16,1.));
#13460=DIRECTION('',(0.,-2.16840434497101E-16,1.));
#13461=DIRECTION('',(1.,0.,0.));
#13462=DIRECTION('',(0.,0.,-1.));
#13463=DIRECTION('',(0.,-2.16840434497101E-16,1.));
#13464=DIRECTION('',(0.,-1.,-2.16840434497101E-16));
#13465=DIRECTION('',(0.,2.16840434497101E-16,-1.));
#13466=DIRECTION('',(0.,-2.16840434497101E-16,1.));
#13467=DIRECTION('',(-1.,0.,0.));
#13468=DIRECTION('',(0.,0.,1.));
#13469=DIRECTION('',(-0.8,-0.6,-1.30104260698261E-16));
#13470=DIRECTION('',(0.6,-0.8,0.));
#13471=DIRECTION('',(0.8,-0.6,-1.30104260698261E-16));
#13472=DIRECTION('',(0.6,0.8,0.));
#13473=DIRECTION('',(0.,-2.16840434497101E-16,1.));
#13474=DIRECTION('',(0.,-2.16840434497101E-16,1.));
#13475=DIRECTION('',(1.,0.,0.));
#13476=DIRECTION('',(0.,0.,-1.));
#13477=DIRECTION('',(0.,-2.16840434497101E-16,1.));
#13478=DIRECTION('',(0.,-1.,-2.16840434497101E-16));
#13479=DIRECTION('',(0.,2.16840434497101E-16,-1.));
#13480=DIRECTION('',(0.,-2.16840434497101E-16,1.));
#13481=DIRECTION('',(-1.,0.,0.));
#13482=DIRECTION('',(0.,0.,1.));
#13483=DIRECTION('',(-0.8,-0.6,-1.30104260698261E-16));
#13484=DIRECTION('',(0.6,-0.8,0.));
#13485=DIRECTION('',(0.8,-0.6,-1.30104260698261E-16));
#13486=DIRECTION('',(0.6,0.8,0.));
#13487=DIRECTION('',(0.,-2.16840434497101E-16,1.));
#13488=DIRECTION('',(0.,-2.16840434497101E-16,1.));
#13489=DIRECTION('',(1.,0.,0.));
#13490=DIRECTION('',(0.,0.,-1.));
#13491=DIRECTION('',(0.,-2.16840434497101E-16,1.));
#13492=DIRECTION('',(0.,-1.,-2.16840434497101E-16));
#13493=DIRECTION('',(0.,2.16840434497101E-16,-1.));
#13494=DIRECTION('',(0.,-2.16840434497101E-16,1.));
#13495=DIRECTION('',(-1.,0.,0.));
#13496=DIRECTION('',(0.,0.,1.));
#13497=DIRECTION('',(-0.8,-0.6,-1.30104260698261E-16));
#13498=DIRECTION('',(0.6,-0.8,0.));
#13499=DIRECTION('',(0.8,-0.6,-1.30104260698261E-16));
#13500=DIRECTION('',(0.6,0.8,0.));
#13501=DIRECTION('',(0.,-2.16840434497101E-16,1.));
#13502=DIRECTION('',(0.,-2.16840434497101E-16,1.));
#13503=DIRECTION('',(1.,0.,0.));
#13504=DIRECTION('',(0.,0.,-1.));
#13505=DIRECTION('',(0.,-2.16840434497101E-16,1.));
#13506=DIRECTION('',(0.,-1.,-2.16840434497101E-16));
#13507=DIRECTION('',(0.,2.16840434497101E-16,-1.));
#13508=DIRECTION('',(0.,-2.16840434497101E-16,1.));
#13509=DIRECTION('',(-1.,0.,0.));
#13510=DIRECTION('',(0.,0.,1.));
#13511=DIRECTION('',(-0.8,-0.6,-1.30104260698261E-16));
#13512=DIRECTION('',(0.6,-0.8,0.));
#13513=DIRECTION('',(0.8,-0.6,-1.30104260698261E-16));
#13514=DIRECTION('',(0.6,0.8,0.));
#13515=DIRECTION('',(0.,-2.16840434497101E-16,1.));
#13516=DIRECTION('',(0.,-2.16840434497101E-16,1.));
#13517=DIRECTION('',(1.,0.,0.));
#13518=DIRECTION('',(0.,0.,-1.));
#13519=DIRECTION('',(0.,-2.16840434497101E-16,1.));
#13520=DIRECTION('',(0.,-1.,-2.16840434497101E-16));
#13521=DIRECTION('',(0.,2.16840434497101E-16,-1.));
#13522=DIRECTION('',(0.,-2.16840434497101E-16,1.));
#13523=DIRECTION('',(-1.,0.,0.));
#13524=DIRECTION('',(0.,0.,1.));
#13525=DIRECTION('',(-0.8,-0.6,-1.30104260698261E-16));
#13526=DIRECTION('',(0.6,-0.8,0.));
#13527=DIRECTION('',(0.8,-0.6,-1.30104260698261E-16));
#13528=DIRECTION('',(0.6,0.8,0.));
#13529=DIRECTION('',(0.,-2.16840434497101E-16,1.));
#13530=DIRECTION('',(0.,-2.16840434497101E-16,1.));
#13531=DIRECTION('',(1.,0.,0.));
#13532=DIRECTION('',(0.,0.,-1.));
#13533=DIRECTION('',(0.,-2.16840434497101E-16,1.));
#13534=DIRECTION('',(0.,-1.,-2.16840434497101E-16));
#13535=DIRECTION('',(0.,2.16840434497101E-16,-1.));
#13536=DIRECTION('',(0.,-2.16840434497101E-16,1.));
#13537=DIRECTION('',(-1.,0.,0.));
#13538=DIRECTION('',(0.,0.,1.));
#13539=DIRECTION('',(-0.8,-0.6,-1.30104260698261E-16));
#13540=DIRECTION('',(0.6,-0.8,0.));
#13541=DIRECTION('',(0.8,-0.6,-1.30104260698261E-16));
#13542=DIRECTION('',(0.6,0.8,0.));
#13543=DIRECTION('',(-0.447213595499957,0.774596669241484,0.447213595499958));
#13544=DIRECTION('',(0.447213595499957,-0.774596669241484,-0.447213595499958));
#13545=DIRECTION('',(-0.866025403784439,-0.499999999999999,0.));
#13546=DIRECTION('',(0.,0.,-1.));
#13547=DIRECTION('',(0.447213595499957,-0.774596669241484,-0.447213595499958));
#13548=DIRECTION('',(0.,-0.5,0.866025403784439));
#13549=DIRECTION('',(-1.,0.,0.));
#13550=DIRECTION('',(0.447213595499957,0.774596669241484,0.447213595499958));
#13551=DIRECTION('',(0.,-0.5,0.866025403784439));
#13552=DIRECTION('',(-1.,0.,0.));
#13553=DIRECTION('',(0.447213595499957,-0.774596669241484,0.447213595499957));
#13554=DIRECTION('',(-0.866025403784439,-0.499999999999999,0.));
#13555=DIRECTION('',(0.,0.,-1.));
#13556=DIRECTION('',(0.447213595499957,0.774596669241484,0.447213595499958));
#13557=DIRECTION('',(0.866025403784439,-0.499999999999999,0.));
#13558=DIRECTION('',(0.,0.,1.));
#13559=DIRECTION('',(0.447213595499957,-0.774596669241484,0.447213595499957));
#13560=DIRECTION('',(0.,-0.499999999999999,-0.866025403784439));
#13561=DIRECTION('',(1.,0.,0.));
#13562=DIRECTION('',(0.447213595499963,0.774596669241481,0.447213595499957));
#13563=DIRECTION('',(0.,-0.5,0.866025403784439));
#13564=DIRECTION('',(-1.,0.,0.));
#13565=DIRECTION('',(0.447213595499957,-0.774596669241484,0.447213595499957));
#13566=DIRECTION('',(-0.866025403784439,-0.499999999999999,0.));
#13567=DIRECTION('',(0.,0.,-1.));
#13568=DIRECTION('',(0.447213595499963,0.774596669241482,-0.447213595499956));
#13569=DIRECTION('',(0.866025403784436,-0.500000000000005,0.));
#13570=DIRECTION('',(0.,0.,1.));
#13571=DIRECTION('',(-0.447213595499957,-0.774596669241484,0.447213595499957));
#13572=DIRECTION('',(0.,-0.499999999999999,-0.866025403784439));
#13573=DIRECTION('',(1.,0.,0.));
#13574=DIRECTION('',(0.447213595499957,0.774596669241484,-0.447213595499957));
#13575=DIRECTION('',(0.,-0.499999999999999,-0.866025403784439));
#13576=DIRECTION('',(1.,0.,0.));
#13577=DIRECTION('',(0.866025403784439,-0.499999999999999,0.));
#13578=DIRECTION('',(0.,0.,1.));
#13579=DIRECTION('',(-0.447213595499957,0.774596669241484,0.447213595499958));
#13580=DIRECTION('',(0.447213595499957,-0.774596669241484,-0.447213595499958));
#13581=DIRECTION('',(-0.866025403784439,-0.499999999999999,0.));
#13582=DIRECTION('',(0.,0.,-1.));
#13583=DIRECTION('',(0.447213595499957,-0.774596669241484,-0.447213595499958));
#13584=DIRECTION('',(0.,-0.5,0.866025403784439));
#13585=DIRECTION('',(-1.,0.,0.));
#13586=DIRECTION('',(0.447213595499957,0.774596669241484,0.447213595499958));
#13587=DIRECTION('',(0.,-0.5,0.866025403784439));
#13588=DIRECTION('',(-1.,0.,0.));
#13589=DIRECTION('',(0.447213595499957,-0.774596669241484,0.447213595499957));
#13590=DIRECTION('',(-0.866025403784439,-0.499999999999999,0.));
#13591=DIRECTION('',(0.,0.,-1.));
#13592=DIRECTION('',(0.447213595499957,0.774596669241484,0.447213595499958));
#13593=DIRECTION('',(0.866025403784439,-0.499999999999999,0.));
#13594=DIRECTION('',(0.,0.,1.));
#13595=DIRECTION('',(0.447213595499957,-0.774596669241484,0.447213595499957));
#13596=DIRECTION('',(0.,-0.499999999999999,-0.866025403784439));
#13597=DIRECTION('',(1.,0.,0.));
#13598=DIRECTION('',(0.447213595499957,0.774596669241484,0.447213595499958));
#13599=DIRECTION('',(0.,-0.5,0.866025403784439));
#13600=DIRECTION('',(-1.,0.,0.));
#13601=DIRECTION('',(0.447213595499957,-0.774596669241484,0.447213595499957));
#13602=DIRECTION('',(-0.866025403784439,-0.499999999999999,0.));
#13603=DIRECTION('',(0.,0.,-1.));
#13604=DIRECTION('',(0.447213595499957,0.774596669241484,-0.447213595499957));
#13605=DIRECTION('',(0.866025403784439,-0.499999999999999,0.));
#13606=DIRECTION('',(0.,0.,1.));
#13607=DIRECTION('',(-0.447213595499957,-0.774596669241484,0.447213595499957));
#13608=DIRECTION('',(0.,-0.499999999999999,-0.866025403784439));
#13609=DIRECTION('',(1.,0.,0.));
#13610=DIRECTION('',(0.447213595499957,0.774596669241484,-0.447213595499957));
#13611=DIRECTION('',(0.,-0.499999999999999,-0.866025403784439));
#13612=DIRECTION('',(1.,0.,0.));
#13613=DIRECTION('',(0.866025403784439,-0.499999999999999,0.));
#13614=DIRECTION('',(0.,0.,1.));
#13615=DIRECTION('',(-0.447213595499957,0.774596669241484,0.447213595499958));
#13616=DIRECTION('',(0.447213595499957,-0.774596669241484,-0.447213595499958));
#13617=DIRECTION('',(-0.866025403784439,-0.499999999999999,0.));
#13618=DIRECTION('',(0.,0.,-1.));
#13619=DIRECTION('',(0.447213595499957,-0.774596669241484,-0.447213595499958));
#13620=DIRECTION('',(0.,-0.5,0.866025403784439));
#13621=DIRECTION('',(-1.,0.,0.));
#13622=DIRECTION('',(0.447213595499957,0.774596669241484,0.447213595499958));
#13623=DIRECTION('',(0.,-0.5,0.866025403784439));
#13624=DIRECTION('',(-1.,0.,0.));
#13625=DIRECTION('',(0.447213595499957,-0.774596669241484,0.447213595499957));
#13626=DIRECTION('',(-0.866025403784439,-0.499999999999999,0.));
#13627=DIRECTION('',(0.,0.,-1.));
#13628=DIRECTION('',(0.447213595499957,0.774596669241484,0.447213595499958));
#13629=DIRECTION('',(0.866025403784439,-0.499999999999999,0.));
#13630=DIRECTION('',(0.,0.,1.));
#13631=DIRECTION('',(0.447213595499957,-0.774596669241484,0.447213595499957));
#13632=DIRECTION('',(0.,-0.499999999999999,-0.866025403784439));
#13633=DIRECTION('',(1.,0.,0.));
#13634=DIRECTION('',(0.447213595499957,0.774596669241484,0.447213595499958));
#13635=DIRECTION('',(0.,-0.5,0.866025403784439));
#13636=DIRECTION('',(-1.,0.,0.));
#13637=DIRECTION('',(0.447213595499957,-0.774596669241484,0.447213595499957));
#13638=DIRECTION('',(-0.866025403784439,-0.499999999999999,0.));
#13639=DIRECTION('',(0.,0.,-1.));
#13640=DIRECTION('',(0.447213595499957,0.774596669241484,-0.447213595499957));
#13641=DIRECTION('',(0.866025403784439,-0.499999999999999,0.));
#13642=DIRECTION('',(0.,0.,1.));
#13643=DIRECTION('',(-0.447213595499957,-0.774596669241484,0.447213595499957));
#13644=DIRECTION('',(0.,-0.499999999999999,-0.866025403784439));
#13645=DIRECTION('',(1.,0.,0.));
#13646=DIRECTION('',(0.447213595499957,0.774596669241484,-0.447213595499957));
#13647=DIRECTION('',(0.,-0.499999999999999,-0.866025403784439));
#13648=DIRECTION('',(1.,0.,0.));
#13649=DIRECTION('',(0.866025403784439,-0.499999999999999,0.));
#13650=DIRECTION('',(0.,0.,1.));
#13651=DIRECTION('',(-0.447213595499957,0.774596669241484,0.447213595499958));
#13652=DIRECTION('',(0.447213595499957,-0.774596669241484,-0.447213595499958));
#13653=DIRECTION('',(-0.866025403784439,-0.499999999999999,0.));
#13654=DIRECTION('',(0.,0.,-1.));
#13655=DIRECTION('',(0.447213595499957,-0.774596669241484,-0.447213595499958));
#13656=DIRECTION('',(0.,-0.5,0.866025403784439));
#13657=DIRECTION('',(-1.,0.,0.));
#13658=DIRECTION('',(0.447213595499957,0.774596669241484,0.447213595499958));
#13659=DIRECTION('',(0.,-0.5,0.866025403784439));
#13660=DIRECTION('',(-1.,0.,0.));
#13661=DIRECTION('',(0.447213595499957,-0.774596669241484,0.447213595499957));
#13662=DIRECTION('',(-0.866025403784439,-0.499999999999999,0.));
#13663=DIRECTION('',(0.,0.,-1.));
#13664=DIRECTION('',(0.447213595499957,0.774596669241484,0.447213595499958));
#13665=DIRECTION('',(0.866025403784439,-0.499999999999999,0.));
#13666=DIRECTION('',(0.,0.,1.));
#13667=DIRECTION('',(0.447213595499957,-0.774596669241484,0.447213595499957));
#13668=DIRECTION('',(0.,-0.499999999999999,-0.866025403784439));
#13669=DIRECTION('',(1.,0.,0.));
#13670=DIRECTION('',(0.447213595499957,0.774596669241484,0.447213595499958));
#13671=DIRECTION('',(0.,-0.5,0.866025403784439));
#13672=DIRECTION('',(-1.,0.,0.));
#13673=DIRECTION('',(0.447213595499957,-0.774596669241484,0.447213595499957));
#13674=DIRECTION('',(-0.866025403784439,-0.499999999999999,0.));
#13675=DIRECTION('',(0.,0.,-1.));
#13676=DIRECTION('',(0.447213595499957,0.774596669241484,-0.447213595499957));
#13677=DIRECTION('',(0.866025403784439,-0.499999999999999,0.));
#13678=DIRECTION('',(0.,0.,1.));
#13679=DIRECTION('',(-0.447213595499957,-0.774596669241484,0.447213595499957));
#13680=DIRECTION('',(0.,-0.499999999999999,-0.866025403784439));
#13681=DIRECTION('',(1.,0.,0.));
#13682=DIRECTION('',(0.447213595499957,0.774596669241484,-0.447213595499957));
#13683=DIRECTION('',(0.,-0.499999999999999,-0.866025403784439));
#13684=DIRECTION('',(1.,0.,0.));
#13685=DIRECTION('',(0.866025403784439,-0.499999999999999,0.));
#13686=DIRECTION('',(0.,0.,1.));
#13687=DIRECTION('',(-0.447213595499957,0.774596669241484,0.447213595499958));
#13688=DIRECTION('',(0.447213595499957,-0.774596669241484,-0.447213595499958));
#13689=DIRECTION('',(-0.866025403784439,-0.499999999999999,0.));
#13690=DIRECTION('',(0.,0.,-1.));
#13691=DIRECTION('',(0.447213595499957,-0.774596669241484,-0.447213595499958));
#13692=DIRECTION('',(0.,-0.5,0.866025403784439));
#13693=DIRECTION('',(-1.,0.,0.));
#13694=DIRECTION('',(0.447213595499957,0.774596669241484,0.447213595499958));
#13695=DIRECTION('',(0.,-0.5,0.866025403784439));
#13696=DIRECTION('',(-1.,0.,0.));
#13697=DIRECTION('',(0.447213595499957,-0.774596669241484,0.447213595499957));
#13698=DIRECTION('',(-0.866025403784439,-0.499999999999999,0.));
#13699=DIRECTION('',(0.,0.,-1.));
#13700=DIRECTION('',(0.447213595499957,0.774596669241484,0.447213595499958));
#13701=DIRECTION('',(0.866025403784439,-0.499999999999999,0.));
#13702=DIRECTION('',(0.,0.,1.));
#13703=DIRECTION('',(0.447213595499957,-0.774596669241484,0.447213595499957));
#13704=DIRECTION('',(0.,-0.499999999999999,-0.866025403784439));
#13705=DIRECTION('',(1.,0.,0.));
#13706=DIRECTION('',(0.447213595499957,0.774596669241484,0.447213595499958));
#13707=DIRECTION('',(0.,-0.5,0.866025403784439));
#13708=DIRECTION('',(-1.,0.,0.));
#13709=DIRECTION('',(0.447213595499957,-0.774596669241484,0.447213595499957));
#13710=DIRECTION('',(-0.866025403784439,-0.499999999999999,0.));
#13711=DIRECTION('',(0.,0.,-1.));
#13712=DIRECTION('',(0.447213595499957,0.774596669241484,-0.447213595499957));
#13713=DIRECTION('',(0.866025403784439,-0.499999999999999,0.));
#13714=DIRECTION('',(0.,0.,1.));
#13715=DIRECTION('',(-0.447213595499957,-0.774596669241484,0.447213595499957));
#13716=DIRECTION('',(0.,-0.499999999999999,-0.866025403784439));
#13717=DIRECTION('',(1.,0.,0.));
#13718=DIRECTION('',(0.447213595499957,0.774596669241484,-0.447213595499957));
#13719=DIRECTION('',(0.,-0.499999999999999,-0.866025403784439));
#13720=DIRECTION('',(1.,0.,0.));
#13721=DIRECTION('',(0.866025403784439,-0.499999999999999,0.));
#13722=DIRECTION('',(0.,0.,1.));
#13723=DIRECTION('',(-0.447213595499957,0.774596669241484,0.447213595499958));
#13724=DIRECTION('',(0.447213595499957,-0.774596669241484,-0.447213595499958));
#13725=DIRECTION('',(-0.866025403784439,-0.499999999999999,0.));
#13726=DIRECTION('',(0.,0.,-1.));
#13727=DIRECTION('',(0.447213595499963,-0.774596669241481,-0.447213595499957));
#13728=DIRECTION('',(0.,-0.5,0.866025403784439));
#13729=DIRECTION('',(-1.,0.,0.));
#13730=DIRECTION('',(0.447213595499957,0.774596669241484,0.447213595499958));
#13731=DIRECTION('',(0.,-0.5,0.866025403784439));
#13732=DIRECTION('',(-1.,0.,0.));
#13733=DIRECTION('',(0.447213595499963,-0.774596669241482,0.447213595499956));
#13734=DIRECTION('',(-0.866025403784436,-0.500000000000005,0.));
#13735=DIRECTION('',(0.,0.,-1.));
#13736=DIRECTION('',(0.447213595499957,0.774596669241484,0.447213595499958));
#13737=DIRECTION('',(0.866025403784439,-0.499999999999999,0.));
#13738=DIRECTION('',(0.,0.,1.));
#13739=DIRECTION('',(0.447213595499957,-0.774596669241484,0.447213595499957));
#13740=DIRECTION('',(0.,-0.499999999999999,-0.866025403784439));
#13741=DIRECTION('',(1.,0.,0.));
#13742=DIRECTION('',(0.447213595499957,0.774596669241484,0.447213595499958));
#13743=DIRECTION('',(0.,-0.5,0.866025403784439));
#13744=DIRECTION('',(-1.,0.,0.));
#13745=DIRECTION('',(0.447213595499957,-0.774596669241484,0.447213595499957));
#13746=DIRECTION('',(-0.866025403784439,-0.499999999999999,0.));
#13747=DIRECTION('',(0.,0.,-1.));
#13748=DIRECTION('',(0.447213595499957,0.774596669241484,-0.447213595499957));
#13749=DIRECTION('',(0.866025403784439,-0.499999999999999,0.));
#13750=DIRECTION('',(0.,0.,1.));
#13751=DIRECTION('',(-0.447213595499957,-0.774596669241484,0.447213595499957));
#13752=DIRECTION('',(0.,-0.499999999999999,-0.866025403784439));
#13753=DIRECTION('',(1.,0.,0.));
#13754=DIRECTION('',(0.447213595499957,0.774596669241484,-0.447213595499957));
#13755=DIRECTION('',(0.,-0.499999999999999,-0.866025403784439));
#13756=DIRECTION('',(1.,0.,0.));
#13757=DIRECTION('',(0.866025403784439,-0.499999999999999,0.));
#13758=DIRECTION('',(0.,0.,1.));
#13759=DIRECTION('',(-0.447213595499957,0.774596669241484,0.447213595499958));
#13760=DIRECTION('',(0.447213595499957,-0.774596669241484,-0.447213595499958));
#13761=DIRECTION('',(-0.866025403784439,-0.499999999999999,0.));
#13762=DIRECTION('',(0.,0.,-1.));
#13763=DIRECTION('',(0.447213595499963,-0.774596669241481,-0.447213595499957));
#13764=DIRECTION('',(0.,-0.5,0.866025403784439));
#13765=DIRECTION('',(-1.,0.,0.));
#13766=DIRECTION('',(0.447213595499963,0.774596669241481,0.447213595499957));
#13767=DIRECTION('',(0.,-0.5,0.866025403784439));
#13768=DIRECTION('',(-1.,0.,0.));
#13769=DIRECTION('',(0.447213595499963,-0.774596669241482,0.447213595499956));
#13770=DIRECTION('',(-0.866025403784436,-0.500000000000005,0.));
#13771=DIRECTION('',(0.,0.,-1.));
#13772=DIRECTION('',(0.447213595499963,0.774596669241481,0.447213595499957));
#13773=DIRECTION('',(0.866025403784436,-0.500000000000005,0.));
#13774=DIRECTION('',(0.,0.,1.));
#13775=DIRECTION('',(0.447213595499963,-0.774596669241482,0.447213595499956));
#13776=DIRECTION('',(0.,-0.499999999999999,-0.866025403784439));
#13777=DIRECTION('',(1.,0.,0.));
#13778=DIRECTION('',(0.447213595499957,0.774596669241484,0.447213595499958));
#13779=DIRECTION('',(0.,-0.5,0.866025403784439));
#13780=DIRECTION('',(-1.,0.,0.));
#13781=DIRECTION('',(0.447213595499963,-0.774596669241482,0.447213595499956));
#13782=DIRECTION('',(-0.866025403784436,-0.500000000000005,0.));
#13783=DIRECTION('',(0.,0.,-1.));
#13784=DIRECTION('',(0.447213595499957,0.774596669241484,-0.447213595499957));
#13785=DIRECTION('',(0.866025403784439,-0.499999999999999,0.));
#13786=DIRECTION('',(0.,0.,1.));
#13787=DIRECTION('',(-0.447213595499957,-0.774596669241484,0.447213595499957));
#13788=DIRECTION('',(0.,-0.499999999999999,-0.866025403784439));
#13789=DIRECTION('',(1.,0.,0.));
#13790=DIRECTION('',(0.447213595499957,0.774596669241484,-0.447213595499957));
#13791=DIRECTION('',(0.,-0.499999999999999,-0.866025403784439));
#13792=DIRECTION('',(1.,0.,0.));
#13793=DIRECTION('',(0.866025403784439,-0.499999999999999,0.));
#13794=DIRECTION('',(0.,0.,1.));
#13795=DIRECTION('',(-0.447213595499957,0.774596669241484,0.447213595499958));
#13796=DIRECTION('',(0.447213595499957,-0.774596669241484,-0.447213595499958));
#13797=DIRECTION('',(-0.866025403784439,-0.499999999999999,0.));
#13798=DIRECTION('',(0.,0.,-1.));
#13799=DIRECTION('',(0.447213595499963,-0.774596669241481,-0.447213595499957));
#13800=DIRECTION('',(0.,-0.5,0.866025403784439));
#13801=DIRECTION('',(-1.,0.,0.));
#13802=DIRECTION('',(0.447213595499963,0.774596669241481,0.447213595499957));
#13803=DIRECTION('',(0.,-0.5,0.866025403784439));
#13804=DIRECTION('',(-1.,0.,0.));
#13805=DIRECTION('',(0.447213595499963,-0.774596669241482,0.447213595499956));
#13806=DIRECTION('',(-0.866025403784436,-0.500000000000005,0.));
#13807=DIRECTION('',(0.,0.,-1.));
#13808=DIRECTION('',(0.447213595499963,0.774596669241481,0.447213595499957));
#13809=DIRECTION('',(0.866025403784436,-0.500000000000005,0.));
#13810=DIRECTION('',(0.,0.,1.));
#13811=DIRECTION('',(0.447213595499963,-0.774596669241482,0.447213595499956));
#13812=DIRECTION('',(0.,-0.499999999999999,-0.866025403784439));
#13813=DIRECTION('',(1.,0.,0.));
#13814=DIRECTION('',(0.447213595499957,0.774596669241484,0.447213595499958));
#13815=DIRECTION('',(0.,-0.5,0.866025403784439));
#13816=DIRECTION('',(-1.,0.,0.));
#13817=DIRECTION('',(0.447213595499963,-0.774596669241482,0.447213595499956));
#13818=DIRECTION('',(-0.866025403784436,-0.500000000000005,0.));
#13819=DIRECTION('',(0.,0.,-1.));
#13820=DIRECTION('',(0.447213595499957,0.774596669241484,-0.447213595499957));
#13821=DIRECTION('',(0.866025403784439,-0.499999999999999,0.));
#13822=DIRECTION('',(0.,0.,1.));
#13823=DIRECTION('',(-0.447213595499957,-0.774596669241484,0.447213595499957));
#13824=DIRECTION('',(0.,-0.499999999999999,-0.866025403784439));
#13825=DIRECTION('',(1.,0.,0.));
#13826=DIRECTION('',(0.447213595499957,0.774596669241484,-0.447213595499957));
#13827=DIRECTION('',(0.,-0.499999999999999,-0.866025403784439));
#13828=DIRECTION('',(1.,0.,0.));
#13829=DIRECTION('',(0.866025403784439,-0.499999999999999,0.));
#13830=DIRECTION('',(0.,0.,1.));
#13831=DIRECTION('',(-0.447213595499963,0.774596669241481,0.447213595499957));
#13832=DIRECTION('',(0.447213595499963,-0.774596669241481,-0.447213595499957));
#13833=DIRECTION('',(-0.866025403784436,-0.500000000000005,0.));
#13834=DIRECTION('',(0.,0.,-1.));
#13835=DIRECTION('',(0.447213595499957,-0.774596669241484,-0.447213595499958));
#13836=DIRECTION('',(0.,-0.5,0.866025403784439));
#13837=DIRECTION('',(-1.,0.,0.));
#13838=DIRECTION('',(0.447213595499957,0.774596669241484,0.447213595499958));
#13839=DIRECTION('',(0.,-0.5,0.866025403784439));
#13840=DIRECTION('',(-1.,0.,0.));
#13841=DIRECTION('',(0.447213595499957,-0.774596669241484,0.447213595499957));
#13842=DIRECTION('',(-0.866025403784439,-0.499999999999999,0.));
#13843=DIRECTION('',(0.,0.,-1.));
#13844=DIRECTION('',(0.447213595499957,0.774596669241484,0.447213595499958));
#13845=DIRECTION('',(0.866025403784439,-0.499999999999999,0.));
#13846=DIRECTION('',(0.,0.,1.));
#13847=DIRECTION('',(0.447213595499957,-0.774596669241484,0.447213595499957));
#13848=DIRECTION('',(0.,-0.499999999999999,-0.866025403784439));
#13849=DIRECTION('',(1.,0.,0.));
#13850=DIRECTION('',(0.447213595499963,0.774596669241481,0.447213595499957));
#13851=DIRECTION('',(0.,-0.5,0.866025403784439));
#13852=DIRECTION('',(-1.,0.,0.));
#13853=DIRECTION('',(0.447213595499957,-0.774596669241484,0.447213595499957));
#13854=DIRECTION('',(-0.866025403784439,-0.499999999999999,0.));
#13855=DIRECTION('',(0.,0.,-1.));
#13856=DIRECTION('',(0.447213595499963,0.774596669241482,-0.447213595499956));
#13857=DIRECTION('',(0.866025403784436,-0.500000000000005,0.));
#13858=DIRECTION('',(0.,0.,1.));
#13859=DIRECTION('',(-0.447213595499963,-0.774596669241482,0.447213595499956));
#13860=DIRECTION('',(0.,-0.499999999999999,-0.866025403784439));
#13861=DIRECTION('',(1.,0.,0.));
#13862=DIRECTION('',(0.447213595499963,0.774596669241482,-0.447213595499956));
#13863=DIRECTION('',(0.,-0.499999999999999,-0.866025403784439));
#13864=DIRECTION('',(1.,0.,0.));
#13865=DIRECTION('',(0.866025403784436,-0.500000000000005,0.));
#13866=DIRECTION('',(0.,0.,1.));
#13867=DIRECTION('',(-0.447213595499957,0.774596669241484,0.447213595499958));
#13868=DIRECTION('',(0.447213595499957,-0.774596669241484,-0.447213595499958));
#13869=DIRECTION('',(-0.866025403784439,-0.499999999999999,0.));
#13870=DIRECTION('',(0.,0.,-1.));
#13871=DIRECTION('',(0.447213595499963,-0.774596669241481,-0.447213595499957));
#13872=DIRECTION('',(0.,-0.5,0.866025403784439));
#13873=DIRECTION('',(-1.,0.,0.));
#13874=DIRECTION('',(0.447213595499963,0.774596669241481,0.447213595499957));
#13875=DIRECTION('',(0.,-0.5,0.866025403784439));
#13876=DIRECTION('',(-1.,0.,0.));
#13877=DIRECTION('',(0.447213595499963,-0.774596669241482,0.447213595499956));
#13878=DIRECTION('',(-0.866025403784436,-0.500000000000005,0.));
#13879=DIRECTION('',(0.,0.,-1.));
#13880=DIRECTION('',(0.447213595499963,0.774596669241481,0.447213595499957));
#13881=DIRECTION('',(0.866025403784436,-0.500000000000005,0.));
#13882=DIRECTION('',(0.,0.,1.));
#13883=DIRECTION('',(0.447213595499963,-0.774596669241482,0.447213595499956));
#13884=DIRECTION('',(0.,-0.499999999999999,-0.866025403784439));
#13885=DIRECTION('',(1.,0.,0.));
#13886=DIRECTION('',(0.447213595499957,0.774596669241484,0.447213595499958));
#13887=DIRECTION('',(0.,-0.5,0.866025403784439));
#13888=DIRECTION('',(-1.,0.,0.));
#13889=DIRECTION('',(0.447213595499963,-0.774596669241482,0.447213595499956));
#13890=DIRECTION('',(-0.866025403784436,-0.500000000000005,0.));
#13891=DIRECTION('',(0.,0.,-1.));
#13892=DIRECTION('',(0.447213595499957,0.774596669241484,-0.447213595499957));
#13893=DIRECTION('',(0.866025403784439,-0.499999999999999,0.));
#13894=DIRECTION('',(0.,0.,1.));
#13895=DIRECTION('',(-0.447213595499957,-0.774596669241484,0.447213595499957));
#13896=DIRECTION('',(0.,-0.499999999999999,-0.866025403784439));
#13897=DIRECTION('',(1.,0.,0.));
#13898=DIRECTION('',(0.447213595499957,0.774596669241484,-0.447213595499957));
#13899=DIRECTION('',(0.,-0.499999999999999,-0.866025403784439));
#13900=DIRECTION('',(1.,0.,0.));
#13901=DIRECTION('',(0.866025403784439,-0.499999999999999,0.));
#13902=DIRECTION('',(0.,0.,1.));
#13903=DIRECTION('',(-0.447213595499963,0.774596669241481,0.447213595499957));
#13904=DIRECTION('',(0.447213595499963,-0.774596669241481,-0.447213595499957));
#13905=DIRECTION('',(-0.866025403784436,-0.500000000000005,0.));
#13906=DIRECTION('',(0.,0.,-1.));
#13907=DIRECTION('',(0.447213595499963,-0.774596669241481,-0.447213595499957));
#13908=DIRECTION('',(0.,-0.5,0.866025403784439));
#13909=DIRECTION('',(-1.,0.,0.));
#13910=DIRECTION('',(0.447213595499963,0.774596669241481,0.447213595499957));
#13911=DIRECTION('',(0.,-0.5,0.866025403784439));
#13912=DIRECTION('',(-1.,0.,0.));
#13913=DIRECTION('',(0.447213595499963,-0.774596669241482,0.447213595499956));
#13914=DIRECTION('',(-0.866025403784436,-0.500000000000005,0.));
#13915=DIRECTION('',(0.,0.,-1.));
#13916=DIRECTION('',(0.447213595499963,0.774596669241481,0.447213595499957));
#13917=DIRECTION('',(0.866025403784436,-0.500000000000005,0.));
#13918=DIRECTION('',(0.,0.,1.));
#13919=DIRECTION('',(0.447213595499963,-0.774596669241482,0.447213595499956));
#13920=DIRECTION('',(0.,-0.499999999999999,-0.866025403784439));
#13921=DIRECTION('',(1.,0.,0.));
#13922=DIRECTION('',(0.447213595499963,0.774596669241481,0.447213595499957));
#13923=DIRECTION('',(0.,-0.5,0.866025403784439));
#13924=DIRECTION('',(-1.,0.,0.));
#13925=DIRECTION('',(0.447213595499963,-0.774596669241482,0.447213595499956));
#13926=DIRECTION('',(-0.866025403784436,-0.500000000000005,0.));
#13927=DIRECTION('',(0.,0.,-1.));
#13928=DIRECTION('',(0.447213595499963,0.774596669241482,-0.447213595499956));
#13929=DIRECTION('',(0.866025403784436,-0.500000000000005,0.));
#13930=DIRECTION('',(0.,0.,1.));
#13931=DIRECTION('',(-0.447213595499963,-0.774596669241482,0.447213595499956));
#13932=DIRECTION('',(0.,-0.499999999999999,-0.866025403784439));
#13933=DIRECTION('',(1.,0.,0.));
#13934=DIRECTION('',(0.447213595499963,0.774596669241482,-0.447213595499956));
#13935=DIRECTION('',(0.,-0.499999999999999,-0.866025403784439));
#13936=DIRECTION('',(1.,0.,0.));
#13937=DIRECTION('',(0.866025403784436,-0.500000000000005,0.));
#13938=DIRECTION('',(0.,0.,1.));
#13939=DIRECTION('',(-0.447213595499963,0.774596669241481,0.447213595499957));
#13940=DIRECTION('',(0.447213595499963,-0.774596669241481,-0.447213595499957));
#13941=DIRECTION('',(-0.866025403784436,-0.500000000000005,0.));
#13942=DIRECTION('',(0.,0.,-1.));
#13943=DIRECTION('',(0.447213595499957,-0.774596669241484,-0.447213595499958));
#13944=DIRECTION('',(0.,-0.5,0.866025403784439));
#13945=DIRECTION('',(-1.,0.,0.));
#13946=DIRECTION('',(0.447213595499957,0.774596669241484,0.447213595499958));
#13947=DIRECTION('',(0.,-0.5,0.866025403784439));
#13948=DIRECTION('',(-1.,0.,0.));
#13949=DIRECTION('',(0.447213595499957,-0.774596669241484,0.447213595499957));
#13950=DIRECTION('',(-0.866025403784439,-0.499999999999999,0.));
#13951=DIRECTION('',(0.,0.,-1.));
#13952=DIRECTION('',(0.447213595499957,0.774596669241484,0.447213595499958));
#13953=DIRECTION('',(0.866025403784439,-0.499999999999999,0.));
#13954=DIRECTION('',(0.,0.,1.));
#13955=DIRECTION('',(0.447213595499957,-0.774596669241484,0.447213595499957));
#13956=DIRECTION('',(0.,-0.499999999999999,-0.866025403784439));
#13957=DIRECTION('',(1.,0.,0.));
#13958=DIRECTION('',(0.447213595499963,0.774596669241481,0.447213595499957));
#13959=DIRECTION('',(0.,-0.5,0.866025403784439));
#13960=DIRECTION('',(-1.,0.,0.));
#13961=DIRECTION('',(0.447213595499957,-0.774596669241484,0.447213595499957));
#13962=DIRECTION('',(-0.866025403784439,-0.499999999999999,0.));
#13963=DIRECTION('',(0.,0.,-1.));
#13964=DIRECTION('',(0.447213595499963,0.774596669241482,-0.447213595499956));
#13965=DIRECTION('',(0.866025403784436,-0.500000000000005,0.));
#13966=DIRECTION('',(0.,0.,1.));
#13967=DIRECTION('',(-0.447213595499963,-0.774596669241482,0.447213595499956));
#13968=DIRECTION('',(0.,-0.499999999999999,-0.866025403784439));
#13969=DIRECTION('',(1.,0.,0.));
#13970=DIRECTION('',(0.447213595499963,0.774596669241482,-0.447213595499956));
#13971=DIRECTION('',(0.,-0.499999999999999,-0.866025403784439));
#13972=DIRECTION('',(1.,0.,0.));
#13973=DIRECTION('',(0.866025403784436,-0.500000000000005,0.));
#13974=DIRECTION('',(0.,0.,1.));
#13975=DIRECTION('',(-0.577350269189624,0.577350269189627,0.577350269189626));
#13976=DIRECTION('',(-0.70710678118655,-0.707106781186545,0.));
#13977=DIRECTION('',(0.,0.,1.));
#13978=DIRECTION('',(0.577350269189626,0.577350269189626,0.577350269189625));
#13979=DIRECTION('',(0.,-0.707106781186547,0.707106781186548));
#13980=DIRECTION('',(1.,0.,0.));
#13981=DIRECTION('',(0.707106781186547,-0.707106781186547,0.));
#13982=DIRECTION('',(0.,0.,-1.));
#13983=DIRECTION('',(-0.577350269189628,0.577350269189625,0.577350269189624));
#13984=DIRECTION('',(-0.707106781186546,-0.70710678118655,0.));
#13985=DIRECTION('',(0.,0.,1.));
#13986=DIRECTION('',(0.577350269189626,0.577350269189626,0.577350269189625));
#13987=DIRECTION('',(0.,-0.707106781186547,0.707106781186548));
#13988=DIRECTION('',(1.,0.,0.));
#13989=DIRECTION('',(0.707106781186547,-0.707106781186547,0.));
#13990=DIRECTION('',(0.,0.,-1.));
#13991=DIRECTION('',(-0.577350269189624,0.577350269189627,0.577350269189626));
#13992=DIRECTION('',(-0.70710678118655,-0.707106781186545,0.));
#13993=DIRECTION('',(0.,0.,1.));
#13994=DIRECTION('',(0.577350269189626,0.577350269189626,0.577350269189625));
#13995=DIRECTION('',(0.,-0.707106781186547,0.707106781186548));
#13996=DIRECTION('',(1.,0.,0.));
#13997=DIRECTION('',(0.707106781186547,-0.707106781186547,0.));
#13998=DIRECTION('',(0.,0.,-1.));
#13999=DIRECTION('',(-0.577350269189624,0.577350269189627,0.577350269189626));
#14000=DIRECTION('',(-0.70710678118655,-0.707106781186545,0.));
#14001=DIRECTION('',(0.,0.,1.));
#14002=DIRECTION('',(0.577350269189626,0.577350269189626,0.577350269189625));
#14003=DIRECTION('',(0.,-0.707106781186547,0.707106781186548));
#14004=DIRECTION('',(1.,0.,0.));
#14005=DIRECTION('',(0.707106781186547,-0.707106781186547,0.));
#14006=DIRECTION('',(0.,0.,-1.));
#14007=DIRECTION('',(-0.577350269189628,0.577350269189625,0.577350269189624));
#14008=DIRECTION('',(-0.707106781186546,-0.70710678118655,0.));
#14009=DIRECTION('',(0.,0.,1.));
#14010=DIRECTION('',(0.577350269189626,0.577350269189626,0.577350269189625));
#14011=DIRECTION('',(0.,-0.707106781186547,0.707106781186548));
#14012=DIRECTION('',(1.,0.,0.));
#14013=DIRECTION('',(0.707106781186547,-0.707106781186547,0.));
#14014=DIRECTION('',(0.,0.,-1.));
#14015=DIRECTION('',(-0.577350269189624,0.577350269189627,0.577350269189626));
#14016=DIRECTION('',(-0.70710678118655,-0.707106781186545,0.));
#14017=DIRECTION('',(0.,0.,1.));
#14018=DIRECTION('',(0.577350269189626,0.577350269189626,0.577350269189625));
#14019=DIRECTION('',(0.,-0.707106781186547,0.707106781186548));
#14020=DIRECTION('',(1.,0.,0.));
#14021=DIRECTION('',(0.707106781186547,-0.707106781186547,0.));
#14022=DIRECTION('',(0.,0.,-1.));
#14023=DIRECTION('',(-0.577350269189628,0.577350269189625,0.577350269189624));
#14024=DIRECTION('',(-0.707106781186546,-0.70710678118655,0.));
#14025=DIRECTION('',(0.,0.,1.));
#14026=DIRECTION('',(0.577350269189626,0.577350269189626,0.577350269189625));
#14027=DIRECTION('',(0.,-0.707106781186547,0.707106781186548));
#14028=DIRECTION('',(1.,0.,0.));
#14029=DIRECTION('',(0.707106781186547,-0.707106781186547,0.));
#14030=DIRECTION('',(0.,0.,-1.));
#14031=DIRECTION('',(-0.577350269189626,0.577350269189626,0.577350269189625));
#14032=DIRECTION('',(-0.707106781186547,-0.707106781186547,0.));
#14033=DIRECTION('',(0.,0.,1.));
#14034=DIRECTION('',(0.577350269189626,0.577350269189626,0.577350269189625));
#14035=DIRECTION('',(0.,-0.707106781186547,0.707106781186548));
#14036=DIRECTION('',(1.,0.,0.));
#14037=DIRECTION('',(0.707106781186547,-0.707106781186547,0.));
#14038=DIRECTION('',(0.,0.,-1.));
#14039=DIRECTION('',(-0.577350269189626,0.577350269189626,0.577350269189625));
#14040=DIRECTION('',(-0.707106781186547,-0.707106781186547,0.));
#14041=DIRECTION('',(0.,0.,1.));
#14042=DIRECTION('',(0.577350269189626,0.577350269189626,0.577350269189625));
#14043=DIRECTION('',(0.,-0.707106781186547,0.707106781186548));
#14044=DIRECTION('',(1.,0.,0.));
#14045=DIRECTION('',(0.707106781186547,-0.707106781186547,0.));
#14046=DIRECTION('',(0.,0.,-1.));
#14047=DIRECTION('',(-0.577350269189626,0.577350269189626,0.577350269189625));
#14048=DIRECTION('',(-0.707106781186547,-0.707106781186547,0.));
#14049=DIRECTION('',(0.,0.,1.));
#14050=DIRECTION('',(0.577350269189626,0.577350269189626,0.577350269189625));
#14051=DIRECTION('',(0.,-0.707106781186547,0.707106781186548));
#14052=DIRECTION('',(1.,0.,0.));
#14053=DIRECTION('',(0.707106781186547,-0.707106781186547,0.));
#14054=DIRECTION('',(0.,0.,-1.));
#14055=DIRECTION('',(-0.577350269189626,0.577350269189626,0.577350269189625));
#14056=DIRECTION('',(-0.707106781186547,-0.707106781186547,0.));
#14057=DIRECTION('',(0.,0.,1.));
#14058=DIRECTION('',(0.577350269189626,0.577350269189626,0.577350269189625));
#14059=DIRECTION('',(0.,-0.707106781186547,0.707106781186548));
#14060=DIRECTION('',(1.,0.,0.));
#14061=DIRECTION('',(0.707106781186547,-0.707106781186547,0.));
#14062=DIRECTION('',(0.,0.,-1.));
#14063=DIRECTION('',(-0.577350269189626,0.577350269189626,0.577350269189625));
#14064=DIRECTION('',(-0.707106781186547,-0.707106781186547,0.));
#14065=DIRECTION('',(0.,0.,1.));
#14066=DIRECTION('',(0.577350269189626,0.577350269189626,0.577350269189625));
#14067=DIRECTION('',(0.,-0.707106781186547,0.707106781186548));
#14068=DIRECTION('',(1.,0.,0.));
#14069=DIRECTION('',(0.707106781186547,-0.707106781186547,0.));
#14070=DIRECTION('',(0.,0.,-1.));
#14071=DIRECTION('',(-4.73106402539129E-15,1.,7.39228753967389E-16));
#14072=DIRECTION('',(3.84982515188296E-15,-0.813733471206735,0.581238193719096));
#14073=DIRECTION('',(4.45544127914956E-15,-0.941741911594837,-0.336336396998157));
#14074=DIRECTION('',(1.,4.73106402539129E-15,0.));
#14075=DIRECTION('',(-4.73145828072674E-15,1.,0.));
#14076=DIRECTION('',(3.20818762656914E-15,0.813733471206735,-0.581238193719096));
#14077=DIRECTION('',(-3.94255335449274E-15,-1.,-7.39228753967389E-16));
#14078=DIRECTION('',(3.71286773262463E-15,0.941741911594837,0.336336396998157));
#14079=DIRECTION('',(-1.,3.94255335449274E-15,0.));
#14080=DIRECTION('',(-3.94215909915729E-15,-1.,0.));
#14081=DIRECTION('',(-1.,0.,-3.56210409340086E-31));
#14082=DIRECTION('',(1.,-4.81867632215779E-16,0.));
#14083=DIRECTION('',(3.56210409340086E-31,7.39228753967389E-16,-1.));
#14084=DIRECTION('',(0.,1.,7.39236146254929E-16));
#14085=DIRECTION('',(2.8986033287228E-31,-0.581238193719096,-0.813733471206735));
#14086=DIRECTION('',(1.,0.,0.));
#14087=DIRECTION('',(1.62069623249488E-16,0.336336396998157,-0.941741911594837));
#14088=DIRECTION('',(-1.,4.81819445452558E-16,0.));
#14089=CARTESIAN_POINT('',(0.,0.,0.));
#14090=CARTESIAN_POINT('',(6.425,2.5,0.449999999999999));
#14091=CARTESIAN_POINT('',(6.425,2.5,0.449999999999999));
#14092=CARTESIAN_POINT('',(6.425,3.6,0.45));
#14093=CARTESIAN_POINT('',(7.325,2.5,0.449999999999999));
#14094=CARTESIAN_POINT('',(7.325,2.5,0.45));
#14095=CARTESIAN_POINT('',(7.325,3.6,0.45));
#14096=CARTESIAN_POINT('',(7.325,3.6,0.45));
#14097=CARTESIAN_POINT('',(6.425,3.6,0.45));
#14098=CARTESIAN_POINT('',(-7.325,3.8,0.45));
#14099=CARTESIAN_POINT('',(-7.325,3.8,0.450000000000001));
#14100=CARTESIAN_POINT('',(-7.675,3.8,0.45));
#14101=CARTESIAN_POINT('',(-7.325,3.8,0.450000000000001));
#14102=CARTESIAN_POINT('',(-7.175,3.95,0.45));
#14103=CARTESIAN_POINT('',(8.35,3.95,0.45));
#14104=CARTESIAN_POINT('',(-6.575,3.95,0.45));
#14105=CARTESIAN_POINT('',(-6.425,3.8,0.45));
#14106=CARTESIAN_POINT('',(-6.425,3.8,0.45));
#14107=CARTESIAN_POINT('',(-6.075,3.8,0.45));
#14108=CARTESIAN_POINT('',(-6.075,3.8,0.450000000000001));
#14109=CARTESIAN_POINT('',(-6.075,3.8,0.450000000000001));
#14110=CARTESIAN_POINT('',(-5.925,3.95,0.45));
#14111=CARTESIAN_POINT('',(8.35,3.95,0.45));
#14112=CARTESIAN_POINT('',(-5.325,3.95,0.45));
#14113=CARTESIAN_POINT('',(-5.175,3.8,0.45));
#14114=CARTESIAN_POINT('',(-5.175,3.8,0.45));
#14115=CARTESIAN_POINT('',(-4.825,3.8,0.45));
#14116=CARTESIAN_POINT('',(-4.825,3.8,0.450000000000001));
#14117=CARTESIAN_POINT('',(-4.825,3.8,0.450000000000001));
#14118=CARTESIAN_POINT('',(-4.675,3.95,0.45));
#14119=CARTESIAN_POINT('',(8.35,3.95,0.45));
#14120=CARTESIAN_POINT('',(-4.075,3.95,0.45));
#14121=CARTESIAN_POINT('',(-3.925,3.8,0.45));
#14122=CARTESIAN_POINT('',(-3.925,3.8,0.45));
#14123=CARTESIAN_POINT('',(-3.575,3.8,0.45));
#14124=CARTESIAN_POINT('',(-3.575,3.8,0.450000000000001));
#14125=CARTESIAN_POINT('',(-3.575,3.8,0.450000000000001));
#14126=CARTESIAN_POINT('',(-3.425,3.95,0.45));
#14127=CARTESIAN_POINT('',(8.35,3.95,0.45));
#14128=CARTESIAN_POINT('',(-2.825,3.95,0.45));
#14129=CARTESIAN_POINT('',(-2.675,3.8,0.45));
#14130=CARTESIAN_POINT('',(-2.675,3.8,0.45));
#14131=CARTESIAN_POINT('',(-2.325,3.8,0.45));
#14132=CARTESIAN_POINT('',(-2.325,3.8,0.450000000000001));
#14133=CARTESIAN_POINT('',(-2.325,3.8,0.450000000000001));
#14134=CARTESIAN_POINT('',(-2.175,3.95,0.45));
#14135=CARTESIAN_POINT('',(8.35,3.95,0.45));
#14136=CARTESIAN_POINT('',(-1.575,3.95,0.45));
#14137=CARTESIAN_POINT('',(-1.425,3.8,0.45));
#14138=CARTESIAN_POINT('',(-1.425,3.8,0.45));
#14139=CARTESIAN_POINT('',(-1.075,3.8,0.45));
#14140=CARTESIAN_POINT('',(-1.075,3.8,0.450000000000001));
#14141=CARTESIAN_POINT('',(-1.075,3.8,0.450000000000001));
#14142=CARTESIAN_POINT('',(-0.925,3.95,0.45));
#14143=CARTESIAN_POINT('',(8.35,3.95,0.45));
#14144=CARTESIAN_POINT('',(-0.325000000000001,3.95,0.45));
#14145=CARTESIAN_POINT('',(-0.175,3.8,0.45));
#14146=CARTESIAN_POINT('',(-0.175,3.8,0.45));
#14147=CARTESIAN_POINT('',(0.175000000000001,3.8,0.45));
#14148=CARTESIAN_POINT('',(0.175000000000001,3.8,0.450000000000001));
#14149=CARTESIAN_POINT('',(0.175000000000001,3.8,0.450000000000001));
#14150=CARTESIAN_POINT('',(0.325000000000001,3.95,0.45));
#14151=CARTESIAN_POINT('',(8.35,3.95,0.45));
#14152=CARTESIAN_POINT('',(0.925,3.95,0.45));
#14153=CARTESIAN_POINT('',(1.075,3.8,0.45));
#14154=CARTESIAN_POINT('',(1.075,3.8,0.45));
#14155=CARTESIAN_POINT('',(1.425,3.8,0.45));
#14156=CARTESIAN_POINT('',(1.425,3.8,0.450000000000001));
#14157=CARTESIAN_POINT('',(1.425,3.8,0.450000000000001));
#14158=CARTESIAN_POINT('',(1.575,3.95,0.45));
#14159=CARTESIAN_POINT('',(8.35,3.95,0.45));
#14160=CARTESIAN_POINT('',(2.175,3.95,0.45));
#14161=CARTESIAN_POINT('',(2.325,3.8,0.45));
#14162=CARTESIAN_POINT('',(2.325,3.8,0.45));
#14163=CARTESIAN_POINT('',(2.675,3.8,0.45));
#14164=CARTESIAN_POINT('',(2.675,3.8,0.450000000000001));
#14165=CARTESIAN_POINT('',(2.675,3.8,0.450000000000001));
#14166=CARTESIAN_POINT('',(2.825,3.95,0.45));
#14167=CARTESIAN_POINT('',(8.35,3.95,0.45));
#14168=CARTESIAN_POINT('',(3.425,3.95,0.45));
#14169=CARTESIAN_POINT('',(3.575,3.8,0.45));
#14170=CARTESIAN_POINT('',(3.575,3.8,0.45));
#14171=CARTESIAN_POINT('',(3.925,3.8,0.45));
#14172=CARTESIAN_POINT('',(3.925,3.8,0.450000000000001));
#14173=CARTESIAN_POINT('',(3.925,3.8,0.450000000000001));
#14174=CARTESIAN_POINT('',(4.075,3.95,0.45));
#14175=CARTESIAN_POINT('',(8.35,3.95,0.45));
#14176=CARTESIAN_POINT('',(4.675,3.95,0.45));
#14177=CARTESIAN_POINT('',(4.825,3.8,0.45));
#14178=CARTESIAN_POINT('',(4.825,3.8,0.45));
#14179=CARTESIAN_POINT('',(5.175,3.8,0.45));
#14180=CARTESIAN_POINT('',(5.175,3.8,0.450000000000001));
#14181=CARTESIAN_POINT('',(5.175,3.8,0.450000000000001));
#14182=CARTESIAN_POINT('',(5.325,3.95,0.45));
#14183=CARTESIAN_POINT('',(8.35,3.95,0.45));
#14184=CARTESIAN_POINT('',(5.925,3.95,0.45));
#14185=CARTESIAN_POINT('',(6.075,3.8,0.45));
#14186=CARTESIAN_POINT('',(6.075,3.8,0.45));
#14187=CARTESIAN_POINT('',(6.425,3.8,0.45));
#14188=CARTESIAN_POINT('',(6.425,3.8,0.450000000000001));
#14189=CARTESIAN_POINT('',(6.425,3.8,0.450000000000001));
#14190=CARTESIAN_POINT('',(6.575,3.95,0.45));
#14191=CARTESIAN_POINT('',(8.35,3.95,0.45));
#14192=CARTESIAN_POINT('',(7.175,3.95,0.45));
#14193=CARTESIAN_POINT('',(7.325,3.8,0.45));
#14194=CARTESIAN_POINT('',(7.325,3.8,0.45));
#14195=CARTESIAN_POINT('',(7.675,3.8,0.45));
#14196=CARTESIAN_POINT('',(7.675,3.8,0.450000000000001));
#14197=CARTESIAN_POINT('',(7.675,3.8,0.450000000000001));
#14198=CARTESIAN_POINT('',(7.825,3.95,0.45));
#14199=CARTESIAN_POINT('',(8.35,3.95,0.45));
#14200=CARTESIAN_POINT('',(8.35,3.95,0.45));
#14201=CARTESIAN_POINT('',(8.35,0.6,0.45));
#14202=CARTESIAN_POINT('',(8.35,0.6,0.45));
#14203=CARTESIAN_POINT('',(8.35,0.6,0.45));
#14204=CARTESIAN_POINT('',(-8.35,0.6,0.45));
#14205=CARTESIAN_POINT('',(-8.35,0.6,0.45));
#14206=CARTESIAN_POINT('',(-8.35,3.95,0.45));
#14207=CARTESIAN_POINT('',(8.35,3.95,0.45));
#14208=CARTESIAN_POINT('',(-7.825,3.95,0.45));
#14209=CARTESIAN_POINT('',(-7.675,3.8,0.45));
#14210=CARTESIAN_POINT('',(-7.325,2.5,0.449999999999999));
#14211=CARTESIAN_POINT('',(-7.325,2.5,0.449999999999999));
#14212=CARTESIAN_POINT('',(-7.325,3.6,0.45));
#14213=CARTESIAN_POINT('',(-6.425,2.5,0.449999999999999));
#14214=CARTESIAN_POINT('',(-6.425,2.5,0.449999999999999));
#14215=CARTESIAN_POINT('',(-6.425,3.6,0.45));
#14216=CARTESIAN_POINT('',(-6.425,3.6,0.45));
#14217=CARTESIAN_POINT('',(-7.325,3.6,0.45));
#14218=CARTESIAN_POINT('',(8.35,0.6,0.45));
#14219=CARTESIAN_POINT('',(5.75,2.8,2.75));
#14220=CARTESIAN_POINT('',(5.75,2.8,2.75));
#14221=CARTESIAN_POINT('',(6.05,3.2,2.75));
#14222=CARTESIAN_POINT('',(6.05,3.2,2.75));
#14223=CARTESIAN_POINT('',(6.05,3.6,2.75));
#14224=CARTESIAN_POINT('',(6.05,3.6,2.75));
#14225=CARTESIAN_POINT('',(6.45,3.6,2.75));
#14226=CARTESIAN_POINT('',(6.45,3.6,2.75));
#14227=CARTESIAN_POINT('',(6.45,3.2,2.75));
#14228=CARTESIAN_POINT('',(6.45,3.2,2.75));
#14229=CARTESIAN_POINT('',(6.75,2.8,2.75));
#14230=CARTESIAN_POINT('',(8.35,2.8,2.75));
#14231=CARTESIAN_POINT('',(7.,2.8,2.75));
#14232=CARTESIAN_POINT('',(7.,2.8,2.75));
#14233=CARTESIAN_POINT('',(7.3,3.2,2.75));
#14234=CARTESIAN_POINT('',(7.3,3.2,2.75));
#14235=CARTESIAN_POINT('',(7.3,3.6,2.75));
#14236=CARTESIAN_POINT('',(7.3,3.6,2.75));
#14237=CARTESIAN_POINT('',(7.7,3.6,2.75));
#14238=CARTESIAN_POINT('',(7.7,3.6,2.75));
#14239=CARTESIAN_POINT('',(7.7,3.2,2.75));
#14240=CARTESIAN_POINT('',(7.7,3.2,2.75));
#14241=CARTESIAN_POINT('',(8.,2.8,2.75));
#14242=CARTESIAN_POINT('',(8.35,2.8,2.75));
#14243=CARTESIAN_POINT('',(8.35,2.8,2.75));
#14244=CARTESIAN_POINT('',(8.35,3.95,2.75));
#14245=CARTESIAN_POINT('',(8.35,3.95,2.75));
#14246=CARTESIAN_POINT('',(8.35,3.95,2.75));
#14247=CARTESIAN_POINT('',(-8.35,3.95,2.75));
#14248=CARTESIAN_POINT('',(-8.35,3.95,2.75));
#14249=CARTESIAN_POINT('',(-8.35,2.8,2.75));
#14250=CARTESIAN_POINT('',(8.35,2.8,2.75));
#14251=CARTESIAN_POINT('',(-8.,2.8,2.75));
#14252=CARTESIAN_POINT('',(-8.,2.8,2.75));
#14253=CARTESIAN_POINT('',(-7.7,3.2,2.75));
#14254=CARTESIAN_POINT('',(-7.7,3.2,2.75));
#14255=CARTESIAN_POINT('',(-7.7,3.6,2.75));
#14256=CARTESIAN_POINT('',(-7.7,3.6,2.75));
#14257=CARTESIAN_POINT('',(-7.3,3.6,2.75));
#14258=CARTESIAN_POINT('',(-7.3,3.6,2.75));
#14259=CARTESIAN_POINT('',(-7.3,3.2,2.75));
#14260=CARTESIAN_POINT('',(-7.3,3.2,2.75));
#14261=CARTESIAN_POINT('',(-7.,2.8,2.75));
#14262=CARTESIAN_POINT('',(8.35,2.8,2.75));
#14263=CARTESIAN_POINT('',(-6.75,2.8,2.75));
#14264=CARTESIAN_POINT('',(-6.75,2.8,2.75));
#14265=CARTESIAN_POINT('',(-6.45,3.2,2.75));
#14266=CARTESIAN_POINT('',(-6.45,3.2,2.75));
#14267=CARTESIAN_POINT('',(-6.45,3.6,2.75));
#14268=CARTESIAN_POINT('',(-6.45,3.6,2.75));
#14269=CARTESIAN_POINT('',(-6.05,3.6,2.75));
#14270=CARTESIAN_POINT('',(-6.05,3.6,2.75));
#14271=CARTESIAN_POINT('',(-6.05,3.2,2.75));
#14272=CARTESIAN_POINT('',(-6.05,3.2,2.75));
#14273=CARTESIAN_POINT('',(-5.75,2.8,2.75));
#14274=CARTESIAN_POINT('',(8.35,2.8,2.75));
#14275=CARTESIAN_POINT('',(-5.5,2.8,2.75));
#14276=CARTESIAN_POINT('',(-5.5,2.8,2.75));
#14277=CARTESIAN_POINT('',(-5.2,3.2,2.75));
#14278=CARTESIAN_POINT('',(-5.2,3.2,2.75));
#14279=CARTESIAN_POINT('',(-5.2,3.6,2.75));
#14280=CARTESIAN_POINT('',(-5.2,3.6,2.75));
#14281=CARTESIAN_POINT('',(-4.8,3.6,2.75));
#14282=CARTESIAN_POINT('',(-4.8,3.6,2.75));
#14283=CARTESIAN_POINT('',(-4.8,3.2,2.75));
#14284=CARTESIAN_POINT('',(-4.8,3.2,2.75));
#14285=CARTESIAN_POINT('',(-4.5,2.8,2.75));
#14286=CARTESIAN_POINT('',(8.35,2.8,2.75));
#14287=CARTESIAN_POINT('',(-4.25,2.8,2.75));
#14288=CARTESIAN_POINT('',(-4.25,2.8,2.75));
#14289=CARTESIAN_POINT('',(-3.95,3.2,2.75));
#14290=CARTESIAN_POINT('',(-3.95,3.2,2.75));
#14291=CARTESIAN_POINT('',(-3.95,3.6,2.75));
#14292=CARTESIAN_POINT('',(-3.95,3.6,2.75));
#14293=CARTESIAN_POINT('',(-3.55,3.6,2.75));
#14294=CARTESIAN_POINT('',(-3.55,3.6,2.75));
#14295=CARTESIAN_POINT('',(-3.55,3.2,2.75));
#14296=CARTESIAN_POINT('',(-3.55,3.2,2.75));
#14297=CARTESIAN_POINT('',(-3.25,2.8,2.75));
#14298=CARTESIAN_POINT('',(8.35,2.8,2.75));
#14299=CARTESIAN_POINT('',(-3.,2.8,2.75));
#14300=CARTESIAN_POINT('',(-3.,2.8,2.75));
#14301=CARTESIAN_POINT('',(-2.7,3.2,2.75));
#14302=CARTESIAN_POINT('',(-2.7,3.2,2.75));
#14303=CARTESIAN_POINT('',(-2.7,3.6,2.75));
#14304=CARTESIAN_POINT('',(-2.7,3.6,2.75));
#14305=CARTESIAN_POINT('',(-2.3,3.6,2.75));
#14306=CARTESIAN_POINT('',(-2.3,3.6,2.75));
#14307=CARTESIAN_POINT('',(-2.3,3.2,2.75));
#14308=CARTESIAN_POINT('',(-2.3,3.2,2.75));
#14309=CARTESIAN_POINT('',(-2.,2.8,2.75));
#14310=CARTESIAN_POINT('',(8.35,2.8,2.75));
#14311=CARTESIAN_POINT('',(-1.75,2.8,2.75));
#14312=CARTESIAN_POINT('',(-1.75,2.8,2.75));
#14313=CARTESIAN_POINT('',(-1.45,3.2,2.75));
#14314=CARTESIAN_POINT('',(-1.45,3.2,2.75));
#14315=CARTESIAN_POINT('',(-1.45,3.6,2.75));
#14316=CARTESIAN_POINT('',(-1.45,3.6,2.75));
#14317=CARTESIAN_POINT('',(-1.05,3.6,2.75));
#14318=CARTESIAN_POINT('',(-1.05,3.6,2.75));
#14319=CARTESIAN_POINT('',(-1.05,3.2,2.75));
#14320=CARTESIAN_POINT('',(-1.05,3.2,2.75));
#14321=CARTESIAN_POINT('',(-0.750000000000001,2.8,2.75));
#14322=CARTESIAN_POINT('',(8.35,2.8,2.75));
#14323=CARTESIAN_POINT('',(-0.5,2.8,2.75));
#14324=CARTESIAN_POINT('',(-0.5,2.8,2.75));
#14325=CARTESIAN_POINT('',(-0.2,3.2,2.75));
#14326=CARTESIAN_POINT('',(-0.2,3.2,2.75));
#14327=CARTESIAN_POINT('',(-0.2,3.6,2.75));
#14328=CARTESIAN_POINT('',(-0.2,3.6,2.75));
#14329=CARTESIAN_POINT('',(0.200000000000001,3.6,2.75));
#14330=CARTESIAN_POINT('',(0.200000000000001,3.6,2.75));
#14331=CARTESIAN_POINT('',(0.200000000000001,3.2,2.75));
#14332=CARTESIAN_POINT('',(0.200000000000001,3.2,2.75));
#14333=CARTESIAN_POINT('',(0.5,2.8,2.75));
#14334=CARTESIAN_POINT('',(8.35,2.8,2.75));
#14335=CARTESIAN_POINT('',(0.75,2.8,2.75));
#14336=CARTESIAN_POINT('',(0.75,2.8,2.75));
#14337=CARTESIAN_POINT('',(1.05,3.2,2.75));
#14338=CARTESIAN_POINT('',(1.05,3.2,2.75));
#14339=CARTESIAN_POINT('',(1.05,3.6,2.75));
#14340=CARTESIAN_POINT('',(1.05,3.6,2.75));
#14341=CARTESIAN_POINT('',(1.45,3.6,2.75));
#14342=CARTESIAN_POINT('',(1.45,3.6,2.75));
#14343=CARTESIAN_POINT('',(1.45,3.2,2.75));
#14344=CARTESIAN_POINT('',(1.45,3.2,2.75));
#14345=CARTESIAN_POINT('',(1.75,2.8,2.75));
#14346=CARTESIAN_POINT('',(8.35,2.8,2.75));
#14347=CARTESIAN_POINT('',(2.,2.8,2.75));
#14348=CARTESIAN_POINT('',(2.,2.8,2.75));
#14349=CARTESIAN_POINT('',(2.3,3.2,2.75));
#14350=CARTESIAN_POINT('',(2.3,3.2,2.75));
#14351=CARTESIAN_POINT('',(2.3,3.6,2.75));
#14352=CARTESIAN_POINT('',(2.3,3.6,2.75));
#14353=CARTESIAN_POINT('',(2.7,3.6,2.75));
#14354=CARTESIAN_POINT('',(2.7,3.6,2.75));
#14355=CARTESIAN_POINT('',(2.7,3.2,2.75));
#14356=CARTESIAN_POINT('',(2.7,3.2,2.75));
#14357=CARTESIAN_POINT('',(3.,2.8,2.75));
#14358=CARTESIAN_POINT('',(8.35,2.8,2.75));
#14359=CARTESIAN_POINT('',(3.25,2.8,2.75));
#14360=CARTESIAN_POINT('',(3.25,2.8,2.75));
#14361=CARTESIAN_POINT('',(3.55,3.2,2.75));
#14362=CARTESIAN_POINT('',(3.55,3.2,2.75));
#14363=CARTESIAN_POINT('',(3.55,3.6,2.75));
#14364=CARTESIAN_POINT('',(3.55,3.6,2.75));
#14365=CARTESIAN_POINT('',(3.95,3.6,2.75));
#14366=CARTESIAN_POINT('',(3.95,3.6,2.75));
#14367=CARTESIAN_POINT('',(3.95,3.2,2.75));
#14368=CARTESIAN_POINT('',(3.95,3.2,2.75));
#14369=CARTESIAN_POINT('',(4.25,2.8,2.75));
#14370=CARTESIAN_POINT('',(8.35,2.8,2.75));
#14371=CARTESIAN_POINT('',(4.5,2.8,2.75));
#14372=CARTESIAN_POINT('',(4.5,2.8,2.75));
#14373=CARTESIAN_POINT('',(4.8,3.2,2.75));
#14374=CARTESIAN_POINT('',(4.8,3.2,2.75));
#14375=CARTESIAN_POINT('',(4.8,3.6,2.75));
#14376=CARTESIAN_POINT('',(4.8,3.6,2.75));
#14377=CARTESIAN_POINT('',(5.2,3.6,2.75));
#14378=CARTESIAN_POINT('',(5.2,3.6,2.75));
#14379=CARTESIAN_POINT('',(5.2,3.2,2.75));
#14380=CARTESIAN_POINT('',(5.2,3.2,2.75));
#14381=CARTESIAN_POINT('',(5.5,2.8,2.75));
#14382=CARTESIAN_POINT('',(8.35,2.8,2.75));
#14383=CARTESIAN_POINT('',(8.35,3.95,2.75));
#14384=CARTESIAN_POINT('',(6.75,2.8,-1.21));
#14385=CARTESIAN_POINT('',(6.75,2.8,2.35));
#14386=CARTESIAN_POINT('',(8.35,2.8,2.35));
#14387=CARTESIAN_POINT('',(7.,2.8,2.35));
#14388=CARTESIAN_POINT('',(7.,2.8,-1.21));
#14389=CARTESIAN_POINT('',(8.35,2.8,2.75));
#14390=CARTESIAN_POINT('',(5.75,2.8,-1.21));
#14391=CARTESIAN_POINT('',(5.75,2.8,2.35));
#14392=CARTESIAN_POINT('',(5.5,2.8,-1.21));
#14393=CARTESIAN_POINT('',(5.5,2.8,2.35));
#14394=CARTESIAN_POINT('',(8.35,2.8,2.35));
#14395=CARTESIAN_POINT('',(8.35,2.8,2.75));
#14396=CARTESIAN_POINT('',(4.5,2.8,-1.21));
#14397=CARTESIAN_POINT('',(4.5,2.8,2.35));
#14398=CARTESIAN_POINT('',(4.25,2.8,-1.21));
#14399=CARTESIAN_POINT('',(4.25,2.8,2.35));
#14400=CARTESIAN_POINT('',(8.35,2.8,2.35));
#14401=CARTESIAN_POINT('',(8.35,2.8,2.75));
#14402=CARTESIAN_POINT('',(3.25,2.8,-1.21));
#14403=CARTESIAN_POINT('',(3.25,2.8,2.35));
#14404=CARTESIAN_POINT('',(3.,2.8,-1.21));
#14405=CARTESIAN_POINT('',(3.,2.8,2.35));
#14406=CARTESIAN_POINT('',(8.35,2.8,2.35));
#14407=CARTESIAN_POINT('',(8.35,2.8,2.75));
#14408=CARTESIAN_POINT('',(2.,2.8,-1.21));
#14409=CARTESIAN_POINT('',(2.,2.8,2.35));
#14410=CARTESIAN_POINT('',(1.75,2.8,-1.21));
#14411=CARTESIAN_POINT('',(1.75,2.8,2.35));
#14412=CARTESIAN_POINT('',(8.35,2.8,2.35));
#14413=CARTESIAN_POINT('',(8.35,2.8,2.75));
#14414=CARTESIAN_POINT('',(0.75,2.8,-1.21));
#14415=CARTESIAN_POINT('',(0.75,2.8,2.35));
#14416=CARTESIAN_POINT('',(0.5,2.8,-1.21));
#14417=CARTESIAN_POINT('',(0.5,2.8,2.35));
#14418=CARTESIAN_POINT('',(8.35,2.8,2.35));
#14419=CARTESIAN_POINT('',(8.35,2.8,2.75));
#14420=CARTESIAN_POINT('',(-0.5,2.8,-1.21));
#14421=CARTESIAN_POINT('',(-0.5,2.8,2.35));
#14422=CARTESIAN_POINT('',(-0.750000000000001,2.8,-1.21));
#14423=CARTESIAN_POINT('',(-0.750000000000001,2.8,2.35));
#14424=CARTESIAN_POINT('',(8.35,2.8,2.35));
#14425=CARTESIAN_POINT('',(8.35,2.8,2.75));
#14426=CARTESIAN_POINT('',(-1.75,2.8,-1.21));
#14427=CARTESIAN_POINT('',(-1.75,2.8,2.35));
#14428=CARTESIAN_POINT('',(-2.,2.8,-1.21));
#14429=CARTESIAN_POINT('',(-2.,2.8,2.35));
#14430=CARTESIAN_POINT('',(8.35,2.8,2.35));
#14431=CARTESIAN_POINT('',(8.35,2.8,2.75));
#14432=CARTESIAN_POINT('',(-3.,2.8,-1.21));
#14433=CARTESIAN_POINT('',(-3.,2.8,2.35));
#14434=CARTESIAN_POINT('',(-3.25,2.8,-1.21));
#14435=CARTESIAN_POINT('',(-3.25,2.8,2.35));
#14436=CARTESIAN_POINT('',(8.35,2.8,2.35));
#14437=CARTESIAN_POINT('',(8.35,2.8,2.75));
#14438=CARTESIAN_POINT('',(-4.25,2.8,-1.21));
#14439=CARTESIAN_POINT('',(-4.25,2.8,2.35));
#14440=CARTESIAN_POINT('',(-4.5,2.8,-1.21));
#14441=CARTESIAN_POINT('',(-4.5,2.8,2.35));
#14442=CARTESIAN_POINT('',(8.35,2.8,2.35));
#14443=CARTESIAN_POINT('',(8.35,2.8,2.75));
#14444=CARTESIAN_POINT('',(-5.5,2.8,-1.21));
#14445=CARTESIAN_POINT('',(-5.5,2.8,2.35));
#14446=CARTESIAN_POINT('',(-5.75,2.8,-1.21));
#14447=CARTESIAN_POINT('',(-5.75,2.8,2.35));
#14448=CARTESIAN_POINT('',(8.35,2.8,2.35));
#14449=CARTESIAN_POINT('',(8.35,2.8,2.75));
#14450=CARTESIAN_POINT('',(-6.75,2.8,-1.21));
#14451=CARTESIAN_POINT('',(-6.75,2.8,2.35));
#14452=CARTESIAN_POINT('',(-7.,2.8,-1.21));
#14453=CARTESIAN_POINT('',(-7.,2.8,2.35));
#14454=CARTESIAN_POINT('',(8.35,2.8,2.35));
#14455=CARTESIAN_POINT('',(8.35,2.8,2.75));
#14456=CARTESIAN_POINT('',(-8.,2.8,-1.21));
#14457=CARTESIAN_POINT('',(-8.,2.8,2.35));
#14458=CARTESIAN_POINT('',(-8.35,2.8,2.75));
#14459=CARTESIAN_POINT('',(-8.35,2.8,2.35));
#14460=CARTESIAN_POINT('',(8.35,2.8,2.35));
#14461=CARTESIAN_POINT('',(8.35,2.8,2.75));
#14462=CARTESIAN_POINT('',(-7.175,3.95,0.45));
#14463=CARTESIAN_POINT('',(-7.175,3.95,1.9));
#14464=CARTESIAN_POINT('',(8.35,3.95,1.9));
#14465=CARTESIAN_POINT('',(-7.825,3.95,1.9));
#14466=CARTESIAN_POINT('',(-7.825,3.95,0.45));
#14467=CARTESIAN_POINT('',(-8.35,3.95,0.45));
#14468=CARTESIAN_POINT('',(8.35,3.95,0.45));
#14469=CARTESIAN_POINT('',(7.825,3.95,0.45));
#14470=CARTESIAN_POINT('',(7.825,3.95,1.9));
#14471=CARTESIAN_POINT('',(8.35,3.95,1.9));
#14472=CARTESIAN_POINT('',(7.175,3.95,1.9));
#14473=CARTESIAN_POINT('',(7.175,3.95,0.45));
#14474=CARTESIAN_POINT('',(6.575,3.95,0.45));
#14475=CARTESIAN_POINT('',(6.575,3.95,1.9));
#14476=CARTESIAN_POINT('',(8.35,3.95,1.9));
#14477=CARTESIAN_POINT('',(5.925,3.95,1.9));
#14478=CARTESIAN_POINT('',(5.925,3.95,0.45));
#14479=CARTESIAN_POINT('',(5.325,3.95,0.45));
#14480=CARTESIAN_POINT('',(5.325,3.95,1.9));
#14481=CARTESIAN_POINT('',(8.35,3.95,1.9));
#14482=CARTESIAN_POINT('',(4.675,3.95,1.9));
#14483=CARTESIAN_POINT('',(4.675,3.95,0.45));
#14484=CARTESIAN_POINT('',(4.075,3.95,0.45));
#14485=CARTESIAN_POINT('',(4.075,3.95,1.9));
#14486=CARTESIAN_POINT('',(8.35,3.95,1.9));
#14487=CARTESIAN_POINT('',(3.425,3.95,1.9));
#14488=CARTESIAN_POINT('',(3.425,3.95,0.45));
#14489=CARTESIAN_POINT('',(2.825,3.95,0.45));
#14490=CARTESIAN_POINT('',(2.825,3.95,1.9));
#14491=CARTESIAN_POINT('',(8.35,3.95,1.9));
#14492=CARTESIAN_POINT('',(2.175,3.95,1.9));
#14493=CARTESIAN_POINT('',(2.175,3.95,0.45));
#14494=CARTESIAN_POINT('',(1.575,3.95,0.45));
#14495=CARTESIAN_POINT('',(1.575,3.95,1.9));
#14496=CARTESIAN_POINT('',(8.35,3.95,1.9));
#14497=CARTESIAN_POINT('',(0.925,3.95,1.9));
#14498=CARTESIAN_POINT('',(0.925,3.95,0.45));
#14499=CARTESIAN_POINT('',(0.325000000000001,3.95,0.45));
#14500=CARTESIAN_POINT('',(0.325000000000001,3.95,1.9));
#14501=CARTESIAN_POINT('',(8.35,3.95,1.9));
#14502=CARTESIAN_POINT('',(-0.325000000000001,3.95,1.9));
#14503=CARTESIAN_POINT('',(-0.325000000000001,3.95,0.45));
#14504=CARTESIAN_POINT('',(-0.925,3.95,0.45));
#14505=CARTESIAN_POINT('',(-0.925,3.95,1.9));
#14506=CARTESIAN_POINT('',(8.35,3.95,1.9));
#14507=CARTESIAN_POINT('',(-1.575,3.95,1.9));
#14508=CARTESIAN_POINT('',(-1.575,3.95,0.45));
#14509=CARTESIAN_POINT('',(-2.175,3.95,0.45));
#14510=CARTESIAN_POINT('',(-2.175,3.95,1.9));
#14511=CARTESIAN_POINT('',(8.35,3.95,1.9));
#14512=CARTESIAN_POINT('',(-2.825,3.95,1.9));
#14513=CARTESIAN_POINT('',(-2.825,3.95,0.45));
#14514=CARTESIAN_POINT('',(-3.425,3.95,0.45));
#14515=CARTESIAN_POINT('',(-3.425,3.95,1.9));
#14516=CARTESIAN_POINT('',(8.35,3.95,1.9));
#14517=CARTESIAN_POINT('',(-4.075,3.95,1.9));
#14518=CARTESIAN_POINT('',(-4.075,3.95,0.45));
#14519=CARTESIAN_POINT('',(-4.675,3.95,0.45));
#14520=CARTESIAN_POINT('',(-4.675,3.95,1.9));
#14521=CARTESIAN_POINT('',(8.35,3.95,1.9));
#14522=CARTESIAN_POINT('',(-5.325,3.95,1.9));
#14523=CARTESIAN_POINT('',(-5.325,3.95,0.45));
#14524=CARTESIAN_POINT('',(-5.925,3.95,0.45));
#14525=CARTESIAN_POINT('',(-5.925,3.95,1.9));
#14526=CARTESIAN_POINT('',(8.35,3.95,1.9));
#14527=CARTESIAN_POINT('',(-6.575,3.95,1.9));
#14528=CARTESIAN_POINT('',(-6.575,3.95,0.45));
#14529=CARTESIAN_POINT('',(8.35,3.95,0.45));
#14530=CARTESIAN_POINT('',(6.7,1.35,3.2));
#14531=CARTESIAN_POINT('',(6.69191176470588,1.35000000000001,3.2));
#14532=CARTESIAN_POINT('',(5.80808823529412,1.35000000000001,3.2));
#14533=CARTESIAN_POINT('',(5.8,0.799999999999998,3.2));
#14534=CARTESIAN_POINT('',(5.8,0.8,3.2));
#14535=CARTESIAN_POINT('',(8.35,0.8,3.2));
#14536=CARTESIAN_POINT('',(5.45,0.8,3.2));
#14537=CARTESIAN_POINT('',(5.425,2.5,3.2));
#14538=CARTESIAN_POINT('',(5.44191176470588,1.35000000000001,3.2));
#14539=CARTESIAN_POINT('',(5.45,1.35,3.2));
#14540=CARTESIAN_POINT('',(4.55808823529412,1.35000000000001,3.2));
#14541=CARTESIAN_POINT('',(4.55,0.799999999999998,3.2));
#14542=CARTESIAN_POINT('',(4.55,0.8,3.2));
#14543=CARTESIAN_POINT('',(8.35,0.8,3.2));
#14544=CARTESIAN_POINT('',(4.2,0.8,3.2));
#14545=CARTESIAN_POINT('',(4.175,2.5,3.2));
#14546=CARTESIAN_POINT('',(4.19191176470588,1.35000000000001,3.2));
#14547=CARTESIAN_POINT('',(4.2,1.35,3.2));
#14548=CARTESIAN_POINT('',(3.30808823529412,1.35000000000001,3.2));
#14549=CARTESIAN_POINT('',(3.3,0.799999999999998,3.2));
#14550=CARTESIAN_POINT('',(3.3,0.8,3.2));
#14551=CARTESIAN_POINT('',(8.35,0.8,3.2));
#14552=CARTESIAN_POINT('',(2.95,0.8,3.2));
#14553=CARTESIAN_POINT('',(2.925,2.5,3.2));
#14554=CARTESIAN_POINT('',(2.94191176470588,1.35000000000001,3.2));
#14555=CARTESIAN_POINT('',(2.95,1.35,3.2));
#14556=CARTESIAN_POINT('',(2.05808823529412,1.35000000000001,3.2));
#14557=CARTESIAN_POINT('',(2.05,0.799999999999998,3.2));
#14558=CARTESIAN_POINT('',(2.05,0.8,3.2));
#14559=CARTESIAN_POINT('',(8.35,0.8,3.2));
#14560=CARTESIAN_POINT('',(1.7,0.8,3.2));
#14561=CARTESIAN_POINT('',(1.675,2.5,3.2));
#14562=CARTESIAN_POINT('',(1.69191176470588,1.35000000000001,3.2));
#14563=CARTESIAN_POINT('',(1.7,1.35,3.2));
#14564=CARTESIAN_POINT('',(0.808088235294118,1.35000000000001,3.2));
#14565=CARTESIAN_POINT('',(0.8,0.799999999999998,3.2));
#14566=CARTESIAN_POINT('',(0.8,0.8,3.2));
#14567=CARTESIAN_POINT('',(8.35,0.8,3.2));
#14568=CARTESIAN_POINT('',(0.450000000000001,0.8,3.2));
#14569=CARTESIAN_POINT('',(0.425000000000002,2.5,3.2));
#14570=CARTESIAN_POINT('',(0.441911764705883,1.35000000000001,3.2));
#14571=CARTESIAN_POINT('',(0.450000000000001,1.35,3.2));
#14572=CARTESIAN_POINT('',(-0.441911764705881,1.35000000000001,3.2));
#14573=CARTESIAN_POINT('',(-0.449999999999999,0.799999999999998,3.2));
#14574=CARTESIAN_POINT('',(-0.449999999999999,0.8,3.2));
#14575=CARTESIAN_POINT('',(8.35,0.8,3.2));
#14576=CARTESIAN_POINT('',(-0.8,0.8,3.2));
#14577=CARTESIAN_POINT('',(-0.824999999999999,2.5,3.2));
#14578=CARTESIAN_POINT('',(-0.808088235294118,1.35000000000001,3.2));
#14579=CARTESIAN_POINT('',(-0.8,1.35,3.2));
#14580=CARTESIAN_POINT('',(-1.69191176470588,1.35000000000001,3.2));
#14581=CARTESIAN_POINT('',(-1.7,0.799999999999998,3.2));
#14582=CARTESIAN_POINT('',(-1.7,0.8,3.2));
#14583=CARTESIAN_POINT('',(8.35,0.8,3.2));
#14584=CARTESIAN_POINT('',(-2.05,0.8,3.2));
#14585=CARTESIAN_POINT('',(-2.075,2.5,3.2));
#14586=CARTESIAN_POINT('',(-2.05808823529412,1.35000000000001,3.2));
#14587=CARTESIAN_POINT('',(-2.05,1.35,3.2));
#14588=CARTESIAN_POINT('',(-2.94191176470588,1.35000000000001,3.2));
#14589=CARTESIAN_POINT('',(-2.95,0.799999999999998,3.2));
#14590=CARTESIAN_POINT('',(-2.95,0.8,3.2));
#14591=CARTESIAN_POINT('',(8.35,0.8,3.2));
#14592=CARTESIAN_POINT('',(-3.3,0.8,3.2));
#14593=CARTESIAN_POINT('',(-3.325,2.5,3.2));
#14594=CARTESIAN_POINT('',(-3.30808823529412,1.35000000000001,3.2));
#14595=CARTESIAN_POINT('',(-3.3,1.35,3.2));
#14596=CARTESIAN_POINT('',(-4.19191176470588,1.35000000000001,3.2));
#14597=CARTESIAN_POINT('',(-4.2,0.799999999999998,3.2));
#14598=CARTESIAN_POINT('',(-4.2,0.8,3.2));
#14599=CARTESIAN_POINT('',(8.35,0.8,3.2));
#14600=CARTESIAN_POINT('',(-4.55,0.8,3.2));
#14601=CARTESIAN_POINT('',(-4.575,2.5,3.2));
#14602=CARTESIAN_POINT('',(-4.55808823529412,1.35000000000001,3.2));
#14603=CARTESIAN_POINT('',(-4.55,1.35,3.2));
#14604=CARTESIAN_POINT('',(-5.44191176470588,1.35000000000001,3.2));
#14605=CARTESIAN_POINT('',(-5.45,0.799999999999998,3.2));
#14606=CARTESIAN_POINT('',(-5.45,0.8,3.2));
#14607=CARTESIAN_POINT('',(8.35,0.8,3.2));
#14608=CARTESIAN_POINT('',(-5.8,0.8,3.2));
#14609=CARTESIAN_POINT('',(-5.825,2.5,3.2));
#14610=CARTESIAN_POINT('',(-5.80808823529412,1.35000000000001,3.2));
#14611=CARTESIAN_POINT('',(-5.8,1.35,3.2));
#14612=CARTESIAN_POINT('',(-6.69191176470588,1.35000000000001,3.2));
#14613=CARTESIAN_POINT('',(-6.7,0.799999999999998,3.2));
#14614=CARTESIAN_POINT('',(-6.7,0.8,3.2));
#14615=CARTESIAN_POINT('',(8.35,0.8,3.2));
#14616=CARTESIAN_POINT('',(-7.05,0.8,3.2));
#14617=CARTESIAN_POINT('',(-7.075,2.5,3.2));
#14618=CARTESIAN_POINT('',(-7.05808823529412,1.35000000000001,3.2));
#14619=CARTESIAN_POINT('',(-7.05,1.35,3.2));
#14620=CARTESIAN_POINT('',(-7.94191176470588,1.35000000000001,3.2));
#14621=CARTESIAN_POINT('',(-7.95,0.799999999999998,3.2));
#14622=CARTESIAN_POINT('',(-7.95,0.8,3.2));
#14623=CARTESIAN_POINT('',(8.35,0.8,3.2));
#14624=CARTESIAN_POINT('',(-8.35,0.8,3.2));
#14625=CARTESIAN_POINT('',(-8.35,0.8,3.2));
#14626=CARTESIAN_POINT('',(-8.35,0.6,3.2));
#14627=CARTESIAN_POINT('',(8.7,0.6,3.2));
#14628=CARTESIAN_POINT('',(-8.7,0.6,3.2));
#14629=CARTESIAN_POINT('',(-8.7,0.6,3.2));
#14630=CARTESIAN_POINT('',(-8.7,0.,3.2));
#14631=CARTESIAN_POINT('',(8.7,0.,3.2));
#14632=CARTESIAN_POINT('',(8.7,0.,3.2));
#14633=CARTESIAN_POINT('',(8.7,0.6,3.2));
#14634=CARTESIAN_POINT('',(8.7,0.6,3.2));
#14635=CARTESIAN_POINT('',(8.7,0.6,3.2));
#14636=CARTESIAN_POINT('',(8.35,0.6,3.2));
#14637=CARTESIAN_POINT('',(8.35,0.8,3.2));
#14638=CARTESIAN_POINT('',(8.35,0.8,3.2));
#14639=CARTESIAN_POINT('',(8.35,0.8,3.2));
#14640=CARTESIAN_POINT('',(7.95,0.8,3.2));
#14641=CARTESIAN_POINT('',(7.925,2.5,3.2));
#14642=CARTESIAN_POINT('',(7.94191176470588,1.35000000000001,3.2));
#14643=CARTESIAN_POINT('',(7.95,1.35,3.2));
#14644=CARTESIAN_POINT('',(7.05808823529412,1.35,3.2));
#14645=CARTESIAN_POINT('',(7.05,0.799999999999998,3.2));
#14646=CARTESIAN_POINT('',(7.05,0.8,3.2));
#14647=CARTESIAN_POINT('',(8.35,0.8,3.2));
#14648=CARTESIAN_POINT('',(6.7,0.8,3.2));
#14649=CARTESIAN_POINT('',(6.675,2.5,3.2));
#14650=CARTESIAN_POINT('',(8.7,0.6,3.2));
#14651=CARTESIAN_POINT('',(-7.92499793243899,2.50014059414836,2.34866233603239));
#14652=CARTESIAN_POINT('',(-7.9260046728371,2.43168224707731,3.));
#14653=CARTESIAN_POINT('',(-7.925,2.5,2.35));
#14654=CARTESIAN_POINT('',(-7.05,2.43168224707731,3.));
#14655=CARTESIAN_POINT('',(-7.0739953271629,2.43168224707731,3.));
#14656=CARTESIAN_POINT('',(-7.07499994092683,2.49999598302433,2.3500382189705));
#14657=CARTESIAN_POINT('',(-7.075,2.5,2.35));
#14658=CARTESIAN_POINT('',(-7.05,2.5,2.35));
#14659=CARTESIAN_POINT('',(-7.05,2.5,2.35));
#14660=CARTESIAN_POINT('',(-7.92581526642135,2.44456188334821,3.));
#14661=CARTESIAN_POINT('',(-7.93383094876631,1.89949548389093,3.));
#14662=CARTESIAN_POINT('',(-7.05,1.89949548389093,3.));
#14663=CARTESIAN_POINT('',(-7.06616905123369,1.89949548389093,3.));
#14664=CARTESIAN_POINT('',(-7.07399013898405,2.43132945091578,3.));
#14665=CARTESIAN_POINT('',(-7.05,2.43168224707731,3.));
#14666=CARTESIAN_POINT('',(-7.93366220020248,1.91097038623109,2.99582347710707));
#14667=CARTESIAN_POINT('',(-7.06616596410014,1.89928555880955,3.00007640648105));
#14668=CARTESIAN_POINT('',(-7.05,1.89949548389093,3.));
#14669=CARTESIAN_POINT('',(-6.67499793243899,2.50014059414836,2.34866233603239));
#14670=CARTESIAN_POINT('',(-6.6760046728371,2.43168224707731,3.));
#14671=CARTESIAN_POINT('',(-6.675,2.5,2.35));
#14672=CARTESIAN_POINT('',(-5.8,2.43168224707731,3.));
#14673=CARTESIAN_POINT('',(-5.8239953271629,2.43168224707731,3.));
#14674=CARTESIAN_POINT('',(-5.82499994092683,2.49999598302433,2.3500382189705));
#14675=CARTESIAN_POINT('',(-5.825,2.5,2.35));
#14676=CARTESIAN_POINT('',(-5.8,2.5,2.35));
#14677=CARTESIAN_POINT('',(-5.8,2.5,2.35));
#14678=CARTESIAN_POINT('',(-6.67581526642135,2.44456188334821,3.));
#14679=CARTESIAN_POINT('',(-6.68383094876631,1.89949548389093,3.));
#14680=CARTESIAN_POINT('',(-5.8,1.89949548389093,3.));
#14681=CARTESIAN_POINT('',(-5.81616905123369,1.89949548389093,3.));
#14682=CARTESIAN_POINT('',(-5.82399013898405,2.43132945091578,3.));
#14683=CARTESIAN_POINT('',(-5.8,2.43168224707731,3.));
#14684=CARTESIAN_POINT('',(-6.68366220020248,1.91097038623109,2.99582347710707));
#14685=CARTESIAN_POINT('',(-5.81616596410014,1.89928555880955,3.00007640648105));
#14686=CARTESIAN_POINT('',(-5.8,1.89949548389093,3.));
#14687=CARTESIAN_POINT('',(-5.42499793243899,2.50014059414836,2.34866233603239));
#14688=CARTESIAN_POINT('',(-5.4260046728371,2.43168224707731,3.));
#14689=CARTESIAN_POINT('',(-5.425,2.5,2.35));
#14690=CARTESIAN_POINT('',(-4.55,2.43168224707731,3.));
#14691=CARTESIAN_POINT('',(-4.5739953271629,2.43168224707731,3.));
#14692=CARTESIAN_POINT('',(-4.57499994092683,2.49999598302433,2.3500382189705));
#14693=CARTESIAN_POINT('',(-4.575,2.5,2.35));
#14694=CARTESIAN_POINT('',(-4.55,2.5,2.35));
#14695=CARTESIAN_POINT('',(-4.55,2.5,2.35));
#14696=CARTESIAN_POINT('',(-5.42581526642135,2.44456188334821,3.));
#14697=CARTESIAN_POINT('',(-5.43383094876631,1.89949548389093,3.));
#14698=CARTESIAN_POINT('',(-4.55,1.89949548389093,3.));
#14699=CARTESIAN_POINT('',(-4.56616905123369,1.89949548389093,3.));
#14700=CARTESIAN_POINT('',(-4.57399013898406,2.43132945091578,3.));
#14701=CARTESIAN_POINT('',(-4.55,2.43168224707731,3.));
#14702=CARTESIAN_POINT('',(-5.43366220020248,1.91097038623109,2.99582347710707));
#14703=CARTESIAN_POINT('',(-4.56616596410014,1.89928555880955,3.00007640648105));
#14704=CARTESIAN_POINT('',(-4.55,1.89949548389093,3.));
#14705=CARTESIAN_POINT('',(-4.17499793243899,2.50014059414836,2.34866233603239));
#14706=CARTESIAN_POINT('',(-4.1760046728371,2.43168224707731,3.));
#14707=CARTESIAN_POINT('',(-4.175,2.5,2.35));
#14708=CARTESIAN_POINT('',(-3.3,2.43168224707731,3.));
#14709=CARTESIAN_POINT('',(-3.3239953271629,2.43168224707731,3.));
#14710=CARTESIAN_POINT('',(-3.32499994092683,2.49999598302433,2.3500382189705));
#14711=CARTESIAN_POINT('',(-3.325,2.5,2.35));
#14712=CARTESIAN_POINT('',(-3.3,2.5,2.35));
#14713=CARTESIAN_POINT('',(-3.3,2.5,2.35));
#14714=CARTESIAN_POINT('',(-4.17581526642135,2.44456188334821,3.));
#14715=CARTESIAN_POINT('',(-4.18383094876631,1.89949548389093,3.));
#14716=CARTESIAN_POINT('',(-3.3,1.89949548389093,3.));
#14717=CARTESIAN_POINT('',(-3.31616905123369,1.89949548389093,3.));
#14718=CARTESIAN_POINT('',(-3.32399013898405,2.43132945091578,3.));
#14719=CARTESIAN_POINT('',(-3.3,2.43168224707731,3.));
#14720=CARTESIAN_POINT('',(-4.18366220020248,1.91097038623109,2.99582347710707));
#14721=CARTESIAN_POINT('',(-3.31616596410014,1.89928555880955,3.00007640648105));
#14722=CARTESIAN_POINT('',(-3.3,1.89949548389093,3.));
#14723=CARTESIAN_POINT('',(-2.92499793243899,2.50014059414836,2.34866233603239));
#14724=CARTESIAN_POINT('',(-2.9260046728371,2.43168224707731,3.));
#14725=CARTESIAN_POINT('',(-2.925,2.5,2.35));
#14726=CARTESIAN_POINT('',(-2.05,2.43168224707731,3.));
#14727=CARTESIAN_POINT('',(-2.0739953271629,2.43168224707731,3.));
#14728=CARTESIAN_POINT('',(-2.07499994092683,2.49999598302433,2.3500382189705));
#14729=CARTESIAN_POINT('',(-2.075,2.5,2.35));
#14730=CARTESIAN_POINT('',(-2.05,2.5,2.35));
#14731=CARTESIAN_POINT('',(-2.05,2.5,2.35));
#14732=CARTESIAN_POINT('',(-2.92581526642135,2.44456188334821,3.));
#14733=CARTESIAN_POINT('',(-2.93383094876631,1.89949548389093,3.));
#14734=CARTESIAN_POINT('',(-2.05,1.89949548389093,3.));
#14735=CARTESIAN_POINT('',(-2.06616905123369,1.89949548389093,3.));
#14736=CARTESIAN_POINT('',(-2.07399013898405,2.43132945091578,3.));
#14737=CARTESIAN_POINT('',(-2.05,2.43168224707731,3.));
#14738=CARTESIAN_POINT('',(-2.93366220020248,1.91097038623109,2.99582347710707));
#14739=CARTESIAN_POINT('',(-2.06616596410014,1.89928555880955,3.00007640648105));
#14740=CARTESIAN_POINT('',(-2.05,1.89949548389093,3.));
#14741=CARTESIAN_POINT('',(-1.67499793243899,2.50014059414836,2.34866233603239));
#14742=CARTESIAN_POINT('',(-1.6760046728371,2.43168224707731,3.));
#14743=CARTESIAN_POINT('',(-1.675,2.5,2.35));
#14744=CARTESIAN_POINT('',(-0.8,2.43168224707731,3.));
#14745=CARTESIAN_POINT('',(-0.823995327162901,2.43168224707731,3.));
#14746=CARTESIAN_POINT('',(-0.824999940926828,2.49999598302433,2.3500382189705));
#14747=CARTESIAN_POINT('',(-0.824999999999999,2.5,2.35));
#14748=CARTESIAN_POINT('',(-0.8,2.5,2.35));
#14749=CARTESIAN_POINT('',(-0.8,2.5,2.35));
#14750=CARTESIAN_POINT('',(-1.67581526642135,2.44456188334821,3.));
#14751=CARTESIAN_POINT('',(-1.68383094876631,1.89949548389093,3.));
#14752=CARTESIAN_POINT('',(-0.8,1.89949548389093,3.));
#14753=CARTESIAN_POINT('',(-0.81616905123369,1.89949548389093,3.));
#14754=CARTESIAN_POINT('',(-0.823990138984055,2.43132945091578,3.));
#14755=CARTESIAN_POINT('',(-0.8,2.43168224707731,3.));
#14756=CARTESIAN_POINT('',(-1.68366220020248,1.91097038623109,2.99582347710707));
#14757=CARTESIAN_POINT('',(-0.81616596410014,1.89928555880955,3.00007640648105));
#14758=CARTESIAN_POINT('',(-0.8,1.89949548389093,3.));
#14759=CARTESIAN_POINT('',(-0.424997932438993,2.50014059414836,2.34866233603239));
#14760=CARTESIAN_POINT('',(-0.426004672837097,2.43168224707731,3.));
#14761=CARTESIAN_POINT('',(-0.424999999999998,2.5,2.35));
#14762=CARTESIAN_POINT('',(0.450000000000001,2.43168224707731,3.));
#14763=CARTESIAN_POINT('',(0.4260046728371,2.43168224707731,3.));
#14764=CARTESIAN_POINT('',(0.425000059073173,2.49999598302433,2.3500382189705));
#14765=CARTESIAN_POINT('',(0.425000000000002,2.5,2.35));
#14766=CARTESIAN_POINT('',(0.450000000000001,2.5,2.35));
#14767=CARTESIAN_POINT('',(0.450000000000001,2.5,2.35));
#14768=CARTESIAN_POINT('',(-0.425815266421348,2.44456188334821,3.));
#14769=CARTESIAN_POINT('',(-0.433830948766308,1.89949548389093,3.));
#14770=CARTESIAN_POINT('',(0.450000000000001,1.89949548389093,3.));
#14771=CARTESIAN_POINT('',(0.433830948766311,1.89949548389093,3.));
#14772=CARTESIAN_POINT('',(0.426009861015946,2.43132945091578,3.));
#14773=CARTESIAN_POINT('',(0.450000000000001,2.43168224707731,3.));
#14774=CARTESIAN_POINT('',(-0.433662200202483,1.91097038623109,2.99582347710707));
#14775=CARTESIAN_POINT('',(0.433834035899861,1.89928555880955,3.00007640648105));
#14776=CARTESIAN_POINT('',(0.450000000000001,1.89949548389093,3.));
#14777=CARTESIAN_POINT('',(0.825002067561006,2.50014059414836,2.34866233603239));
#14778=CARTESIAN_POINT('',(0.823995327162903,2.43168224707731,3.));
#14779=CARTESIAN_POINT('',(0.825000000000001,2.5,2.35));
#14780=CARTESIAN_POINT('',(1.7,2.43168224707731,3.));
#14781=CARTESIAN_POINT('',(1.6760046728371,2.43168224707731,3.));
#14782=CARTESIAN_POINT('',(1.67500005907317,2.49999598302433,2.3500382189705));
#14783=CARTESIAN_POINT('',(1.675,2.5,2.35));
#14784=CARTESIAN_POINT('',(1.7,2.5,2.35));
#14785=CARTESIAN_POINT('',(1.7,2.5,2.35));
#14786=CARTESIAN_POINT('',(0.824184733578651,2.44456188334821,3.));
#14787=CARTESIAN_POINT('',(0.816169051233691,1.89949548389093,3.));
#14788=CARTESIAN_POINT('',(1.7,1.89949548389093,3.));
#14789=CARTESIAN_POINT('',(1.68383094876631,1.89949548389093,3.));
#14790=CARTESIAN_POINT('',(1.67600986101595,2.43132945091578,3.));
#14791=CARTESIAN_POINT('',(1.7,2.43168224707731,3.));
#14792=CARTESIAN_POINT('',(0.816337799797517,1.91097038623109,2.99582347710707));
#14793=CARTESIAN_POINT('',(1.68383403589986,1.89928555880955,3.00007640648105));
#14794=CARTESIAN_POINT('',(1.7,1.89949548389093,3.));
#14795=CARTESIAN_POINT('',(2.07500206756101,2.50014059414836,2.34866233603239));
#14796=CARTESIAN_POINT('',(2.0739953271629,2.43168224707731,3.));
#14797=CARTESIAN_POINT('',(2.075,2.5,2.35));
#14798=CARTESIAN_POINT('',(2.95,2.43168224707731,3.));
#14799=CARTESIAN_POINT('',(2.9260046728371,2.43168224707731,3.));
#14800=CARTESIAN_POINT('',(2.92500005907317,2.49999598302433,2.3500382189705));
#14801=CARTESIAN_POINT('',(2.925,2.5,2.35));
#14802=CARTESIAN_POINT('',(2.95,2.5,2.35));
#14803=CARTESIAN_POINT('',(2.95,2.5,2.35));
#14804=CARTESIAN_POINT('',(2.07418473357865,2.44456188334821,3.));
#14805=CARTESIAN_POINT('',(2.06616905123369,1.89949548389093,3.));
#14806=CARTESIAN_POINT('',(2.95,1.89949548389093,3.));
#14807=CARTESIAN_POINT('',(2.93383094876631,1.89949548389093,3.));
#14808=CARTESIAN_POINT('',(2.92600986101595,2.43132945091578,3.));
#14809=CARTESIAN_POINT('',(2.95,2.43168224707731,3.));
#14810=CARTESIAN_POINT('',(2.06633779979752,1.91097038623109,2.99582347710707));
#14811=CARTESIAN_POINT('',(2.93383403589986,1.89928555880955,3.00007640648105));
#14812=CARTESIAN_POINT('',(2.95,1.89949548389093,3.));
#14813=CARTESIAN_POINT('',(3.32500206756101,2.50014059414836,2.34866233603239));
#14814=CARTESIAN_POINT('',(3.3239953271629,2.43168224707731,3.));
#14815=CARTESIAN_POINT('',(3.325,2.5,2.35));
#14816=CARTESIAN_POINT('',(4.2,2.43168224707731,3.));
#14817=CARTESIAN_POINT('',(4.1760046728371,2.43168224707731,3.));
#14818=CARTESIAN_POINT('',(4.17500005907317,2.49999598302433,2.3500382189705));
#14819=CARTESIAN_POINT('',(4.175,2.5,2.35));
#14820=CARTESIAN_POINT('',(4.2,2.5,2.35));
#14821=CARTESIAN_POINT('',(4.2,2.5,2.35));
#14822=CARTESIAN_POINT('',(3.32418473357865,2.44456188334821,3.));
#14823=CARTESIAN_POINT('',(3.31616905123369,1.89949548389093,3.));
#14824=CARTESIAN_POINT('',(4.2,1.89949548389093,3.));
#14825=CARTESIAN_POINT('',(4.18383094876631,1.89949548389093,3.));
#14826=CARTESIAN_POINT('',(4.17600986101595,2.43132945091578,3.));
#14827=CARTESIAN_POINT('',(4.2,2.43168224707731,3.));
#14828=CARTESIAN_POINT('',(3.31633779979752,1.91097038623109,2.99582347710707));
#14829=CARTESIAN_POINT('',(4.18383403589986,1.89928555880955,3.00007640648105));
#14830=CARTESIAN_POINT('',(4.2,1.89949548389093,3.));
#14831=CARTESIAN_POINT('',(4.57500206756101,2.50014059414836,2.34866233603239));
#14832=CARTESIAN_POINT('',(4.5739953271629,2.43168224707731,3.));
#14833=CARTESIAN_POINT('',(4.575,2.5,2.35));
#14834=CARTESIAN_POINT('',(5.45,2.43168224707731,3.));
#14835=CARTESIAN_POINT('',(5.4260046728371,2.43168224707731,3.));
#14836=CARTESIAN_POINT('',(5.42500005907317,2.49999598302433,2.3500382189705));
#14837=CARTESIAN_POINT('',(5.425,2.5,2.35));
#14838=CARTESIAN_POINT('',(5.45,2.5,2.35));
#14839=CARTESIAN_POINT('',(5.45,2.5,2.35));
#14840=CARTESIAN_POINT('',(4.57418473357865,2.44456188334821,3.));
#14841=CARTESIAN_POINT('',(4.56616905123369,1.89949548389093,3.));
#14842=CARTESIAN_POINT('',(5.45,1.89949548389093,3.));
#14843=CARTESIAN_POINT('',(5.43383094876631,1.89949548389093,3.));
#14844=CARTESIAN_POINT('',(5.42600986101595,2.43132945091578,3.));
#14845=CARTESIAN_POINT('',(5.45,2.43168224707731,3.));
#14846=CARTESIAN_POINT('',(4.56633779979752,1.91097038623109,2.99582347710707));
#14847=CARTESIAN_POINT('',(5.43383403589986,1.89928555880955,3.00007640648105));
#14848=CARTESIAN_POINT('',(5.45,1.89949548389093,3.));
#14849=CARTESIAN_POINT('',(5.82500206756101,2.50014059414836,2.34866233603239));
#14850=CARTESIAN_POINT('',(5.8239953271629,2.43168224707731,3.));
#14851=CARTESIAN_POINT('',(5.825,2.5,2.35));
#14852=CARTESIAN_POINT('',(6.7,2.43168224707731,3.));
#14853=CARTESIAN_POINT('',(6.6760046728371,2.43168224707731,3.));
#14854=CARTESIAN_POINT('',(6.67500005907317,2.49999598302433,2.3500382189705));
#14855=CARTESIAN_POINT('',(6.675,2.5,2.35));
#14856=CARTESIAN_POINT('',(6.7,2.5,2.35));
#14857=CARTESIAN_POINT('',(6.7,2.5,2.35));
#14858=CARTESIAN_POINT('',(5.82418473357865,2.44456188334821,3.));
#14859=CARTESIAN_POINT('',(5.81616905123369,1.89949548389093,3.));
#14860=CARTESIAN_POINT('',(6.7,1.89949548389093,3.));
#14861=CARTESIAN_POINT('',(6.68383094876631,1.89949548389093,3.));
#14862=CARTESIAN_POINT('',(6.67600986101595,2.43132945091578,3.));
#14863=CARTESIAN_POINT('',(6.7,2.43168224707731,3.));
#14864=CARTESIAN_POINT('',(5.81633779979752,1.91097038623109,2.99582347710707));
#14865=CARTESIAN_POINT('',(6.68383403589986,1.89928555880955,3.00007640648105));
#14866=CARTESIAN_POINT('',(6.7,1.89949548389093,3.));
#14867=CARTESIAN_POINT('',(-7.075,2.5,2.35));
#14868=CARTESIAN_POINT('',(-7.05,0.8,2.35));
#14869=CARTESIAN_POINT('',(8.35,0.8,2.35));
#14870=CARTESIAN_POINT('',(-6.7,0.8,2.35));
#14871=CARTESIAN_POINT('',(-6.7,0.8,2.35));
#14872=CARTESIAN_POINT('',(-5.825,2.5,2.35));
#14873=CARTESIAN_POINT('',(-5.8,0.8,2.35));
#14874=CARTESIAN_POINT('',(8.35,0.8,2.35));
#14875=CARTESIAN_POINT('',(-5.45,0.8,2.35));
#14876=CARTESIAN_POINT('',(-5.45,0.8,2.35));
#14877=CARTESIAN_POINT('',(-4.575,2.5,2.35));
#14878=CARTESIAN_POINT('',(-4.55,0.8,2.35));
#14879=CARTESIAN_POINT('',(8.35,0.8,2.35));
#14880=CARTESIAN_POINT('',(-4.2,0.8,2.35));
#14881=CARTESIAN_POINT('',(-4.2,0.8,2.35));
#14882=CARTESIAN_POINT('',(-3.325,2.5,2.35));
#14883=CARTESIAN_POINT('',(-3.3,0.8,2.35));
#14884=CARTESIAN_POINT('',(8.35,0.8,2.35));
#14885=CARTESIAN_POINT('',(-2.95,0.8,2.35));
#14886=CARTESIAN_POINT('',(-2.95,0.8,2.35));
#14887=CARTESIAN_POINT('',(-2.075,2.5,2.35));
#14888=CARTESIAN_POINT('',(-2.05,0.8,2.35));
#14889=CARTESIAN_POINT('',(8.35,0.8,2.35));
#14890=CARTESIAN_POINT('',(-1.7,0.8,2.35));
#14891=CARTESIAN_POINT('',(-1.7,0.8,2.35));
#14892=CARTESIAN_POINT('',(-0.824999999999999,2.5,2.35));
#14893=CARTESIAN_POINT('',(-0.8,0.8,2.35));
#14894=CARTESIAN_POINT('',(8.35,0.8,2.35));
#14895=CARTESIAN_POINT('',(-0.449999999999999,0.8,2.35));
#14896=CARTESIAN_POINT('',(-0.449999999999999,0.8,2.35));
#14897=CARTESIAN_POINT('',(0.425000000000002,2.5,2.35));
#14898=CARTESIAN_POINT('',(0.450000000000001,0.8,2.35));
#14899=CARTESIAN_POINT('',(8.35,0.8,2.35));
#14900=CARTESIAN_POINT('',(0.8,0.8,2.35));
#14901=CARTESIAN_POINT('',(0.8,0.8,2.35));
#14902=CARTESIAN_POINT('',(1.675,2.5,2.35));
#14903=CARTESIAN_POINT('',(1.7,0.8,2.35));
#14904=CARTESIAN_POINT('',(8.35,0.8,2.35));
#14905=CARTESIAN_POINT('',(2.05,0.8,2.35));
#14906=CARTESIAN_POINT('',(2.05,0.8,2.35));
#14907=CARTESIAN_POINT('',(2.925,2.5,2.35));
#14908=CARTESIAN_POINT('',(2.95,0.8,2.35));
#14909=CARTESIAN_POINT('',(8.35,0.8,2.35));
#14910=CARTESIAN_POINT('',(3.3,0.8,2.35));
#14911=CARTESIAN_POINT('',(3.3,0.8,2.35));
#14912=CARTESIAN_POINT('',(4.175,2.5,2.35));
#14913=CARTESIAN_POINT('',(4.2,0.8,2.35));
#14914=CARTESIAN_POINT('',(8.35,0.8,2.35));
#14915=CARTESIAN_POINT('',(4.55,0.8,2.35));
#14916=CARTESIAN_POINT('',(4.55,0.8,2.35));
#14917=CARTESIAN_POINT('',(5.425,2.5,2.35));
#14918=CARTESIAN_POINT('',(5.45,0.8,2.35));
#14919=CARTESIAN_POINT('',(8.35,0.8,2.35));
#14920=CARTESIAN_POINT('',(5.8,0.8,2.35));
#14921=CARTESIAN_POINT('',(5.8,0.8,2.35));
#14922=CARTESIAN_POINT('',(6.675,2.5,2.35));
#14923=CARTESIAN_POINT('',(6.7,0.8,2.35));
#14924=CARTESIAN_POINT('',(8.35,0.8,2.35));
#14925=CARTESIAN_POINT('',(7.05,0.8,2.35));
#14926=CARTESIAN_POINT('',(7.05,0.8,2.35));
#14927=CARTESIAN_POINT('',(7.075,2.5,2.35));
#14928=CARTESIAN_POINT('',(7.95,2.5,2.35));
#14929=CARTESIAN_POINT('',(7.925,2.5,2.35));
#14930=CARTESIAN_POINT('',(7.925,2.5,2.35));
#14931=CARTESIAN_POINT('',(7.95,0.8,2.35));
#14932=CARTESIAN_POINT('',(8.35,0.8,2.35));
#14933=CARTESIAN_POINT('',(8.35,0.8,2.35));
#14934=CARTESIAN_POINT('',(8.35,2.8,2.35));
#14935=CARTESIAN_POINT('',(8.35,2.8,2.35));
#14936=CARTESIAN_POINT('',(8.35,2.8,2.35));
#14937=CARTESIAN_POINT('',(8.,2.8,2.35));
#14938=CARTESIAN_POINT('',(7.7,3.2,2.35));
#14939=CARTESIAN_POINT('',(7.7,3.2,2.35));
#14940=CARTESIAN_POINT('',(7.7,3.6,2.35));
#14941=CARTESIAN_POINT('',(7.7,3.6,2.35));
#14942=CARTESIAN_POINT('',(7.3,3.6,2.35));
#14943=CARTESIAN_POINT('',(7.3,3.6,2.35));
#14944=CARTESIAN_POINT('',(7.3,3.2,2.35));
#14945=CARTESIAN_POINT('',(7.3,3.2,2.35));
#14946=CARTESIAN_POINT('',(7.,2.8,2.35));
#14947=CARTESIAN_POINT('',(6.45,3.2,2.35));
#14948=CARTESIAN_POINT('',(6.45,3.2,2.35));
#14949=CARTESIAN_POINT('',(6.45,3.6,2.35));
#14950=CARTESIAN_POINT('',(6.45,3.6,2.35));
#14951=CARTESIAN_POINT('',(6.05,3.6,2.35));
#14952=CARTESIAN_POINT('',(6.05,3.6,2.35));
#14953=CARTESIAN_POINT('',(6.05,3.2,2.35));
#14954=CARTESIAN_POINT('',(6.05,3.2,2.35));
#14955=CARTESIAN_POINT('',(5.75,2.8,2.35));
#14956=CARTESIAN_POINT('',(5.2,3.2,2.35));
#14957=CARTESIAN_POINT('',(5.2,3.2,2.35));
#14958=CARTESIAN_POINT('',(5.2,3.6,2.35));
#14959=CARTESIAN_POINT('',(5.2,3.6,2.35));
#14960=CARTESIAN_POINT('',(4.8,3.6,2.35));
#14961=CARTESIAN_POINT('',(4.8,3.6,2.35));
#14962=CARTESIAN_POINT('',(4.8,3.2,2.35));
#14963=CARTESIAN_POINT('',(4.8,3.2,2.35));
#14964=CARTESIAN_POINT('',(4.5,2.8,2.35));
#14965=CARTESIAN_POINT('',(3.95,3.2,2.35));
#14966=CARTESIAN_POINT('',(3.95,3.2,2.35));
#14967=CARTESIAN_POINT('',(3.95,3.6,2.35));
#14968=CARTESIAN_POINT('',(3.95,3.6,2.35));
#14969=CARTESIAN_POINT('',(3.55,3.6,2.35));
#14970=CARTESIAN_POINT('',(3.55,3.6,2.35));
#14971=CARTESIAN_POINT('',(3.55,3.2,2.35));
#14972=CARTESIAN_POINT('',(3.55,3.2,2.35));
#14973=CARTESIAN_POINT('',(3.25,2.8,2.35));
#14974=CARTESIAN_POINT('',(2.7,3.2,2.35));
#14975=CARTESIAN_POINT('',(2.7,3.2,2.35));
#14976=CARTESIAN_POINT('',(2.7,3.6,2.35));
#14977=CARTESIAN_POINT('',(2.7,3.6,2.35));
#14978=CARTESIAN_POINT('',(2.3,3.6,2.35));
#14979=CARTESIAN_POINT('',(2.3,3.6,2.35));
#14980=CARTESIAN_POINT('',(2.3,3.2,2.35));
#14981=CARTESIAN_POINT('',(2.3,3.2,2.35));
#14982=CARTESIAN_POINT('',(2.,2.8,2.35));
#14983=CARTESIAN_POINT('',(1.45,3.2,2.35));
#14984=CARTESIAN_POINT('',(1.45,3.2,2.35));
#14985=CARTESIAN_POINT('',(1.45,3.6,2.35));
#14986=CARTESIAN_POINT('',(1.45,3.6,2.35));
#14987=CARTESIAN_POINT('',(1.05,3.6,2.35));
#14988=CARTESIAN_POINT('',(1.05,3.6,2.35));
#14989=CARTESIAN_POINT('',(1.05,3.2,2.35));
#14990=CARTESIAN_POINT('',(1.05,3.2,2.35));
#14991=CARTESIAN_POINT('',(0.75,2.8,2.35));
#14992=CARTESIAN_POINT('',(0.200000000000001,3.2,2.35));
#14993=CARTESIAN_POINT('',(0.200000000000001,3.2,2.35));
#14994=CARTESIAN_POINT('',(0.200000000000001,3.6,2.35));
#14995=CARTESIAN_POINT('',(0.200000000000001,3.6,2.35));
#14996=CARTESIAN_POINT('',(-0.2,3.6,2.35));
#14997=CARTESIAN_POINT('',(-0.2,3.6,2.35));
#14998=CARTESIAN_POINT('',(-0.2,3.2,2.35));
#14999=CARTESIAN_POINT('',(-0.2,3.2,2.35));
#15000=CARTESIAN_POINT('',(-0.5,2.8,2.35));
#15001=CARTESIAN_POINT('',(-1.05,3.2,2.35));
#15002=CARTESIAN_POINT('',(-1.05,3.2,2.35));
#15003=CARTESIAN_POINT('',(-1.05,3.6,2.35));
#15004=CARTESIAN_POINT('',(-1.05,3.6,2.35));
#15005=CARTESIAN_POINT('',(-1.45,3.6,2.35));
#15006=CARTESIAN_POINT('',(-1.45,3.6,2.35));
#15007=CARTESIAN_POINT('',(-1.45,3.2,2.35));
#15008=CARTESIAN_POINT('',(-1.45,3.2,2.35));
#15009=CARTESIAN_POINT('',(-1.75,2.8,2.35));
#15010=CARTESIAN_POINT('',(-2.3,3.2,2.35));
#15011=CARTESIAN_POINT('',(-2.3,3.2,2.35));
#15012=CARTESIAN_POINT('',(-2.3,3.6,2.35));
#15013=CARTESIAN_POINT('',(-2.3,3.6,2.35));
#15014=CARTESIAN_POINT('',(-2.7,3.6,2.35));
#15015=CARTESIAN_POINT('',(-2.7,3.6,2.35));
#15016=CARTESIAN_POINT('',(-2.7,3.2,2.35));
#15017=CARTESIAN_POINT('',(-2.7,3.2,2.35));
#15018=CARTESIAN_POINT('',(-3.,2.8,2.35));
#15019=CARTESIAN_POINT('',(-3.55,3.2,2.35));
#15020=CARTESIAN_POINT('',(-3.55,3.2,2.35));
#15021=CARTESIAN_POINT('',(-3.55,3.6,2.35));
#15022=CARTESIAN_POINT('',(-3.55,3.6,2.35));
#15023=CARTESIAN_POINT('',(-3.95,3.6,2.35));
#15024=CARTESIAN_POINT('',(-3.95,3.6,2.35));
#15025=CARTESIAN_POINT('',(-3.95,3.2,2.35));
#15026=CARTESIAN_POINT('',(-3.95,3.2,2.35));
#15027=CARTESIAN_POINT('',(-4.25,2.8,2.35));
#15028=CARTESIAN_POINT('',(-4.8,3.2,2.35));
#15029=CARTESIAN_POINT('',(-4.8,3.2,2.35));
#15030=CARTESIAN_POINT('',(-4.8,3.6,2.35));
#15031=CARTESIAN_POINT('',(-4.8,3.6,2.35));
#15032=CARTESIAN_POINT('',(-5.2,3.6,2.35));
#15033=CARTESIAN_POINT('',(-5.2,3.6,2.35));
#15034=CARTESIAN_POINT('',(-5.2,3.2,2.35));
#15035=CARTESIAN_POINT('',(-5.2,3.2,2.35));
#15036=CARTESIAN_POINT('',(-5.5,2.8,2.35));
#15037=CARTESIAN_POINT('',(-6.05,3.2,2.35));
#15038=CARTESIAN_POINT('',(-6.05,3.2,2.35));
#15039=CARTESIAN_POINT('',(-6.05,3.6,2.35));
#15040=CARTESIAN_POINT('',(-6.05,3.6,2.35));
#15041=CARTESIAN_POINT('',(-6.45,3.6,2.35));
#15042=CARTESIAN_POINT('',(-6.45,3.6,2.35));
#15043=CARTESIAN_POINT('',(-6.45,3.2,2.35));
#15044=CARTESIAN_POINT('',(-6.45,3.2,2.35));
#15045=CARTESIAN_POINT('',(-6.75,2.8,2.35));
#15046=CARTESIAN_POINT('',(-7.3,3.2,2.35));
#15047=CARTESIAN_POINT('',(-7.3,3.2,2.35));
#15048=CARTESIAN_POINT('',(-7.3,3.6,2.35));
#15049=CARTESIAN_POINT('',(-7.3,3.6,2.35));
#15050=CARTESIAN_POINT('',(-7.7,3.6,2.35));
#15051=CARTESIAN_POINT('',(-7.7,3.6,2.35));
#15052=CARTESIAN_POINT('',(-7.7,3.2,2.35));
#15053=CARTESIAN_POINT('',(-7.7,3.2,2.35));
#15054=CARTESIAN_POINT('',(-8.,2.8,2.35));
#15055=CARTESIAN_POINT('',(-8.35,2.8,2.35));
#15056=CARTESIAN_POINT('',(-8.35,0.8,2.35));
#15057=CARTESIAN_POINT('',(8.35,0.8,2.35));
#15058=CARTESIAN_POINT('',(-7.95,0.8,2.35));
#15059=CARTESIAN_POINT('',(-7.95,0.8,2.35));
#15060=CARTESIAN_POINT('',(8.35,2.8,2.35));
#15061=CARTESIAN_POINT('',(5.8,0.8,3.2));
#15062=CARTESIAN_POINT('',(5.45,0.8,3.2));
#15063=CARTESIAN_POINT('',(8.35,0.8,2.35));
#15064=CARTESIAN_POINT('',(4.55,0.8,3.2));
#15065=CARTESIAN_POINT('',(4.2,0.8,3.2));
#15066=CARTESIAN_POINT('',(8.35,0.8,2.35));
#15067=CARTESIAN_POINT('',(3.3,0.8,3.2));
#15068=CARTESIAN_POINT('',(2.95,0.8,3.2));
#15069=CARTESIAN_POINT('',(8.35,0.8,2.35));
#15070=CARTESIAN_POINT('',(2.05,0.8,3.2));
#15071=CARTESIAN_POINT('',(1.7,0.8,3.2));
#15072=CARTESIAN_POINT('',(8.35,0.8,2.35));
#15073=CARTESIAN_POINT('',(0.799999999999999,0.8,3.2));
#15074=CARTESIAN_POINT('',(0.450000000000001,0.8,3.2));
#15075=CARTESIAN_POINT('',(8.35,0.8,2.35));
#15076=CARTESIAN_POINT('',(-0.45,0.8,3.2));
#15077=CARTESIAN_POINT('',(-0.8,0.8,3.2));
#15078=CARTESIAN_POINT('',(8.35,0.8,2.35));
#15079=CARTESIAN_POINT('',(-1.7,0.8,3.2));
#15080=CARTESIAN_POINT('',(-2.05,0.8,3.2));
#15081=CARTESIAN_POINT('',(8.35,0.8,2.35));
#15082=CARTESIAN_POINT('',(-2.95,0.8,3.2));
#15083=CARTESIAN_POINT('',(-3.3,0.8,3.2));
#15084=CARTESIAN_POINT('',(8.35,0.8,2.35));
#15085=CARTESIAN_POINT('',(-4.2,0.8,3.2));
#15086=CARTESIAN_POINT('',(-4.55,0.8,3.2));
#15087=CARTESIAN_POINT('',(8.35,0.8,2.35));
#15088=CARTESIAN_POINT('',(-5.45,0.8,3.2));
#15089=CARTESIAN_POINT('',(-5.8,0.8,3.2));
#15090=CARTESIAN_POINT('',(8.35,0.8,2.35));
#15091=CARTESIAN_POINT('',(-6.7,0.8,3.2));
#15092=CARTESIAN_POINT('',(-7.05,0.8,3.2));
#15093=CARTESIAN_POINT('',(8.35,0.8,2.35));
#15094=CARTESIAN_POINT('',(-7.95,0.8,3.2));
#15095=CARTESIAN_POINT('',(-8.35,0.8,2.35));
#15096=CARTESIAN_POINT('',(8.35,0.8,2.35));
#15097=CARTESIAN_POINT('',(8.7,0.6,0.3));
#15098=CARTESIAN_POINT('',(8.7,0.6,0.299999999999999));
#15099=CARTESIAN_POINT('',(-8.7,0.6,0.299999999999999));
#15100=CARTESIAN_POINT('',(-8.7,0.6,0.3));
#15101=CARTESIAN_POINT('',(-8.7,0.6,2.9));
#15102=CARTESIAN_POINT('',(-8.35,0.6,3.2));
#15103=CARTESIAN_POINT('',(-8.35,0.6,1.85));
#15104=CARTESIAN_POINT('',(-8.65,0.6,1.9));
#15105=CARTESIAN_POINT('',(-8.65,0.6,1.9));
#15106=CARTESIAN_POINT('',(-8.65,0.6,1.3));
#15107=CARTESIAN_POINT('',(-8.65,0.6,1.3));
#15108=CARTESIAN_POINT('',(-8.35,0.6,1.35));
#15109=CARTESIAN_POINT('',(-8.35,0.6,1.35));
#15110=CARTESIAN_POINT('',(-8.35,0.6,3.2));
#15111=CARTESIAN_POINT('',(8.35,0.6,3.2));
#15112=CARTESIAN_POINT('',(8.35,0.6,1.35));
#15113=CARTESIAN_POINT('',(8.65,0.6,1.3));
#15114=CARTESIAN_POINT('',(8.65,0.6,1.3));
#15115=CARTESIAN_POINT('',(8.65,0.6,1.9));
#15116=CARTESIAN_POINT('',(8.65,0.6,1.9));
#15117=CARTESIAN_POINT('',(8.35,0.6,1.85));
#15118=CARTESIAN_POINT('',(8.35,0.6,1.85));
#15119=CARTESIAN_POINT('',(8.35,0.6,3.2));
#15120=CARTESIAN_POINT('',(-8.7,0.6,0.3));
#15121=CARTESIAN_POINT('',(-8.35,3.7,1.35));
#15122=CARTESIAN_POINT('',(-8.35,3.7,1.35));
#15123=CARTESIAN_POINT('',(-8.35,3.7,1.85));
#15124=CARTESIAN_POINT('',(-8.35,3.7,1.85));
#15125=CARTESIAN_POINT('',(-8.35,3.7,1.85));
#15126=CARTESIAN_POINT('',(-8.35,0.,0.));
#15127=CARTESIAN_POINT('',(8.,2.8,-1.21));
#15128=CARTESIAN_POINT('',(8.35,2.8,2.75));
#15129=CARTESIAN_POINT('',(8.35,2.8,2.75));
#15130=CARTESIAN_POINT('',(7.92500005907317,2.49999598302433,2.3500382189705));
#15131=CARTESIAN_POINT('',(7.9260046728371,2.43168224707731,3.));
#15132=CARTESIAN_POINT('',(7.07500206756101,2.50014059414836,2.34866233603239));
#15133=CARTESIAN_POINT('',(7.0739953271629,2.43168224707731,3.));
#15134=CARTESIAN_POINT('',(7.95,2.43168224707731,3.));
#15135=CARTESIAN_POINT('',(7.95,2.5,2.35));
#15136=CARTESIAN_POINT('',(7.92600986101595,2.43132945091578,3.));
#15137=CARTESIAN_POINT('',(7.93383094876631,1.89949548389093,3.));
#15138=CARTESIAN_POINT('',(7.07418473357865,2.44456188334821,3.));
#15139=CARTESIAN_POINT('',(7.06616905123369,1.89949548389093,3.));
#15140=CARTESIAN_POINT('',(7.95,1.89949548389093,3.));
#15141=CARTESIAN_POINT('',(7.95,2.43168224707731,3.));
#15142=CARTESIAN_POINT('',(7.93383403589986,1.89928555880955,3.00007640648105));
#15143=CARTESIAN_POINT('',(7.06633779979752,1.91097038623109,2.99582347710707));
#15144=CARTESIAN_POINT('',(7.95,1.89949548389093,3.));
#15145=CARTESIAN_POINT('',(7.95,0.8,3.2));
#15146=CARTESIAN_POINT('',(8.35,0.8,2.35));
#15147=CARTESIAN_POINT('',(8.35,0.8,2.35));
#15148=CARTESIAN_POINT('',(-9.,0.6,2.9));
#15149=CARTESIAN_POINT('',(-9.,0.3,2.9));
#15150=CARTESIAN_POINT('',(-9.,0.,2.9));
#15151=CARTESIAN_POINT('',(-9.,0.3,0.300000000000001));
#15152=CARTESIAN_POINT('',(-9.,0.3,0.300000000000001));
#15153=CARTESIAN_POINT('',(-9.,0.6,0.300000000000001));
#15154=CARTESIAN_POINT('',(-9.,0.,0.300000000000001));
#15155=CARTESIAN_POINT('',(-9.,0.,2.9));
#15156=CARTESIAN_POINT('',(-9.,0.6,2.9));
#15157=CARTESIAN_POINT('',(-8.7,0.3,0.3));
#15158=CARTESIAN_POINT('',(-8.7,0.3,-8.13151629364128E-16));
#15159=CARTESIAN_POINT('',(-8.7,0.6,-8.13151629364128E-16));
#15160=CARTESIAN_POINT('',(-8.7,0.,-8.13151629364128E-16));
#15161=CARTESIAN_POINT('',(-8.7,0.,0.3));
#15162=CARTESIAN_POINT('',(-8.7,0.6,0.3));
#15163=CARTESIAN_POINT('',(8.7,0.3,-5.42101086242752E-16));
#15164=CARTESIAN_POINT('',(8.7,0.3,-5.55111512312578E-16));
#15165=CARTESIAN_POINT('',(8.7,0.6,-5.55111512312578E-16));
#15166=CARTESIAN_POINT('',(8.7,0.,-5.55111512312578E-16));
#15167=CARTESIAN_POINT('',(-8.7,0.,-5.55111512312578E-16));
#15168=CARTESIAN_POINT('',(-8.7,0.6,-5.55111512312578E-16));
#15169=CARTESIAN_POINT('',(8.7,0.3,0.3));
#15170=CARTESIAN_POINT('',(9.,0.3,0.3));
#15171=CARTESIAN_POINT('',(9.,0.6,0.3));
#15172=CARTESIAN_POINT('',(9.,0.,0.3));
#15173=CARTESIAN_POINT('',(8.7,0.,0.3));
#15174=CARTESIAN_POINT('',(8.7,0.6,0.3));
#15175=CARTESIAN_POINT('',(9.,0.3,2.9));
#15176=CARTESIAN_POINT('',(9.,0.3,2.9));
#15177=CARTESIAN_POINT('',(9.,0.6,2.9));
#15178=CARTESIAN_POINT('',(9.,0.,2.9));
#15179=CARTESIAN_POINT('',(9.,0.,0.300000000000001));
#15180=CARTESIAN_POINT('',(9.,0.6,0.300000000000001));
#15181=CARTESIAN_POINT('',(8.7,0.3,2.9));
#15182=CARTESIAN_POINT('',(8.7,0.,2.9));
#15183=CARTESIAN_POINT('',(8.7,0.6,2.9));
#15184=CARTESIAN_POINT('',(-8.7,0.3,2.9));
#15185=CARTESIAN_POINT('',(-8.7,0.,2.9));
#15186=CARTESIAN_POINT('',(-8.7,0.6,2.9));
#15187=CARTESIAN_POINT('',(-7.75,0.,2.40773502691896));
#15188=CARTESIAN_POINT('',(-8.05773502691896,0.,2.40773502691896));
#15189=CARTESIAN_POINT('',(-7.80773502691896,0.,2.40773502691896));
#15190=CARTESIAN_POINT('',(-7.80773502691896,0.,2.75));
#15191=CARTESIAN_POINT('',(-7.80773502691896,0.,2.80773502691896));
#15192=CARTESIAN_POINT('',(-7.25,0.,2.80773502691896));
#15193=CARTESIAN_POINT('',(-7.19226497308104,0.,2.80773502691896));
#15194=CARTESIAN_POINT('',(-7.19226497308104,0.,2.35));
#15195=CARTESIAN_POINT('',(-7.19226497308104,0.,2.40773502691896));
#15196=CARTESIAN_POINT('',(-7.,0.,2.40773502691896));
#15197=CARTESIAN_POINT('',(-6.94226497308104,0.,2.40773502691896));
#15198=CARTESIAN_POINT('',(-6.94226497308104,0.,0.899999999999996));
#15199=CARTESIAN_POINT('',(-6.94226497308104,0.,0.842264973081033));
#15200=CARTESIAN_POINT('',(-7.3,0.,0.842264973081033));
#15201=CARTESIAN_POINT('',(-7.24226497308104,0.,0.842264973081033));
#15202=CARTESIAN_POINT('',(-7.24226497308104,0.,0.749999999999996));
#15203=CARTESIAN_POINT('',(-7.24226497308104,0.,0.692264973081033));
#15204=CARTESIAN_POINT('',(-7.7,0.,0.692264973081033));
#15205=CARTESIAN_POINT('',(-7.75773502691896,0.,0.692264973081033));
#15206=CARTESIAN_POINT('',(-7.75773502691896,0.,0.899999999999996));
#15207=CARTESIAN_POINT('',(-7.75773502691896,0.,0.842264973081033));
#15208=CARTESIAN_POINT('',(-8.,0.,0.842264973081033));
#15209=CARTESIAN_POINT('',(-8.05773502691896,0.,0.842264973081033));
#15210=CARTESIAN_POINT('',(-8.05773502691896,0.,2.35));
#15211=CARTESIAN_POINT('',(-6.5,0.,2.40773502691896));
#15212=CARTESIAN_POINT('',(-6.80773502691896,0.,2.40773502691896));
#15213=CARTESIAN_POINT('',(-6.55773502691896,0.,2.40773502691896));
#15214=CARTESIAN_POINT('',(-6.55773502691896,0.,2.75));
#15215=CARTESIAN_POINT('',(-6.55773502691896,0.,2.80773502691896));
#15216=CARTESIAN_POINT('',(-6.,0.,2.80773502691896));
#15217=CARTESIAN_POINT('',(-5.94226497308104,0.,2.80773502691896));
#15218=CARTESIAN_POINT('',(-5.94226497308104,0.,2.35));
#15219=CARTESIAN_POINT('',(-5.94226497308104,0.,2.40773502691896));
#15220=CARTESIAN_POINT('',(-5.75,0.,2.40773502691896));
#15221=CARTESIAN_POINT('',(-5.69226497308104,0.,2.40773502691896));
#15222=CARTESIAN_POINT('',(-5.69226497308104,0.,0.899999999999996));
#15223=CARTESIAN_POINT('',(-5.69226497308104,0.,0.842264973081033));
#15224=CARTESIAN_POINT('',(-6.05,0.,0.842264973081033));
#15225=CARTESIAN_POINT('',(-5.99226497308104,0.,0.842264973081033));
#15226=CARTESIAN_POINT('',(-5.99226497308104,0.,0.749999999999996));
#15227=CARTESIAN_POINT('',(-5.99226497308104,0.,0.692264973081033));
#15228=CARTESIAN_POINT('',(-6.45,0.,0.692264973081033));
#15229=CARTESIAN_POINT('',(-6.50773502691897,0.,0.692264973081033));
#15230=CARTESIAN_POINT('',(-6.50773502691897,0.,0.899999999999996));
#15231=CARTESIAN_POINT('',(-6.50773502691897,0.,0.842264973081033));
#15232=CARTESIAN_POINT('',(-6.75,0.,0.842264973081033));
#15233=CARTESIAN_POINT('',(-6.80773502691896,0.,0.842264973081033));
#15234=CARTESIAN_POINT('',(-6.80773502691896,0.,2.35));
#15235=CARTESIAN_POINT('',(-5.25,0.,2.40773502691896));
#15236=CARTESIAN_POINT('',(-5.55773502691896,0.,2.40773502691896));
#15237=CARTESIAN_POINT('',(-5.30773502691896,0.,2.40773502691896));
#15238=CARTESIAN_POINT('',(-5.30773502691896,0.,2.75));
#15239=CARTESIAN_POINT('',(-5.30773502691896,0.,2.80773502691896));
#15240=CARTESIAN_POINT('',(-4.75,0.,2.80773502691896));
#15241=CARTESIAN_POINT('',(-4.69226497308104,0.,2.80773502691896));
#15242=CARTESIAN_POINT('',(-4.69226497308104,0.,2.35));
#15243=CARTESIAN_POINT('',(-4.69226497308104,0.,2.40773502691896));
#15244=CARTESIAN_POINT('',(-4.5,0.,2.40773502691896));
#15245=CARTESIAN_POINT('',(-4.44226497308104,0.,2.40773502691896));
#15246=CARTESIAN_POINT('',(-4.44226497308104,0.,0.899999999999996));
#15247=CARTESIAN_POINT('',(-4.44226497308104,0.,0.842264973081033));
#15248=CARTESIAN_POINT('',(-4.8,0.,0.842264973081033));
#15249=CARTESIAN_POINT('',(-4.74226497308104,0.,0.842264973081033));
#15250=CARTESIAN_POINT('',(-4.74226497308104,0.,0.749999999999996));
#15251=CARTESIAN_POINT('',(-4.74226497308104,0.,0.692264973081033));
#15252=CARTESIAN_POINT('',(-5.2,0.,0.692264973081033));
#15253=CARTESIAN_POINT('',(-5.25773502691897,0.,0.692264973081033));
#15254=CARTESIAN_POINT('',(-5.25773502691897,0.,0.899999999999996));
#15255=CARTESIAN_POINT('',(-5.25773502691897,0.,0.842264973081033));
#15256=CARTESIAN_POINT('',(-5.5,0.,0.842264973081033));
#15257=CARTESIAN_POINT('',(-5.55773502691896,0.,0.842264973081033));
#15258=CARTESIAN_POINT('',(-5.55773502691896,0.,2.35));
#15259=CARTESIAN_POINT('',(-4.,0.,2.40773502691896));
#15260=CARTESIAN_POINT('',(-4.30773502691896,0.,2.40773502691896));
#15261=CARTESIAN_POINT('',(-4.05773502691896,0.,2.40773502691896));
#15262=CARTESIAN_POINT('',(-4.05773502691896,0.,2.75));
#15263=CARTESIAN_POINT('',(-4.05773502691896,0.,2.80773502691896));
#15264=CARTESIAN_POINT('',(-3.5,0.,2.80773502691896));
#15265=CARTESIAN_POINT('',(-3.44226497308104,0.,2.80773502691896));
#15266=CARTESIAN_POINT('',(-3.44226497308104,0.,2.35));
#15267=CARTESIAN_POINT('',(-3.44226497308104,0.,2.40773502691896));
#15268=CARTESIAN_POINT('',(-3.25,0.,2.40773502691896));
#15269=CARTESIAN_POINT('',(-3.19226497308104,0.,2.40773502691896));
#15270=CARTESIAN_POINT('',(-3.19226497308104,0.,0.899999999999996));
#15271=CARTESIAN_POINT('',(-3.19226497308104,0.,0.842264973081033));
#15272=CARTESIAN_POINT('',(-3.55,0.,0.842264973081033));
#15273=CARTESIAN_POINT('',(-3.49226497308104,0.,0.842264973081033));
#15274=CARTESIAN_POINT('',(-3.49226497308104,0.,0.749999999999996));
#15275=CARTESIAN_POINT('',(-3.49226497308104,0.,0.692264973081033));
#15276=CARTESIAN_POINT('',(-3.95,0.,0.692264973081033));
#15277=CARTESIAN_POINT('',(-4.00773502691896,0.,0.692264973081033));
#15278=CARTESIAN_POINT('',(-4.00773502691896,0.,0.899999999999996));
#15279=CARTESIAN_POINT('',(-4.00773502691896,0.,0.842264973081033));
#15280=CARTESIAN_POINT('',(-4.25,0.,0.842264973081033));
#15281=CARTESIAN_POINT('',(-4.30773502691896,0.,0.842264973081033));
#15282=CARTESIAN_POINT('',(-4.30773502691896,0.,2.35));
#15283=CARTESIAN_POINT('',(-2.75,0.,2.40773502691896));
#15284=CARTESIAN_POINT('',(-3.05773502691896,0.,2.40773502691896));
#15285=CARTESIAN_POINT('',(-2.80773502691896,0.,2.40773502691896));
#15286=CARTESIAN_POINT('',(-2.80773502691896,0.,2.75));
#15287=CARTESIAN_POINT('',(-2.80773502691896,0.,2.80773502691896));
#15288=CARTESIAN_POINT('',(-2.25,0.,2.80773502691896));
#15289=CARTESIAN_POINT('',(-2.19226497308104,0.,2.80773502691896));
#15290=CARTESIAN_POINT('',(-2.19226497308104,0.,2.35));
#15291=CARTESIAN_POINT('',(-2.19226497308104,0.,2.40773502691896));
#15292=CARTESIAN_POINT('',(-2.,0.,2.40773502691896));
#15293=CARTESIAN_POINT('',(-1.94226497308104,0.,2.40773502691896));
#15294=CARTESIAN_POINT('',(-1.94226497308104,0.,0.899999999999996));
#15295=CARTESIAN_POINT('',(-1.94226497308104,0.,0.842264973081033));
#15296=CARTESIAN_POINT('',(-2.3,0.,0.842264973081033));
#15297=CARTESIAN_POINT('',(-2.24226497308104,0.,0.842264973081033));
#15298=CARTESIAN_POINT('',(-2.24226497308104,0.,0.749999999999996));
#15299=CARTESIAN_POINT('',(-2.24226497308104,0.,0.692264973081033));
#15300=CARTESIAN_POINT('',(-2.7,0.,0.692264973081033));
#15301=CARTESIAN_POINT('',(-2.75773502691897,0.,0.692264973081033));
#15302=CARTESIAN_POINT('',(-2.75773502691897,0.,0.899999999999996));
#15303=CARTESIAN_POINT('',(-2.75773502691897,0.,0.842264973081033));
#15304=CARTESIAN_POINT('',(-3.,0.,0.842264973081033));
#15305=CARTESIAN_POINT('',(-3.05773502691896,0.,0.842264973081033));
#15306=CARTESIAN_POINT('',(-3.05773502691896,0.,2.35));
#15307=CARTESIAN_POINT('',(-1.5,0.,2.40773502691896));
#15308=CARTESIAN_POINT('',(-1.80773502691896,0.,2.40773502691896));
#15309=CARTESIAN_POINT('',(-1.55773502691896,0.,2.40773502691896));
#15310=CARTESIAN_POINT('',(-1.55773502691896,0.,2.75));
#15311=CARTESIAN_POINT('',(-1.55773502691896,0.,2.80773502691896));
#15312=CARTESIAN_POINT('',(-1.,0.,2.80773502691896));
#15313=CARTESIAN_POINT('',(-0.94226497308104,0.,2.80773502691896));
#15314=CARTESIAN_POINT('',(-0.94226497308104,0.,2.35));
#15315=CARTESIAN_POINT('',(-0.94226497308104,0.,2.40773502691896));
#15316=CARTESIAN_POINT('',(-0.750000000000002,0.,2.40773502691896));
#15317=CARTESIAN_POINT('',(-0.692264973081039,0.,2.40773502691896));
#15318=CARTESIAN_POINT('',(-0.692264973081039,0.,0.899999999999996));
#15319=CARTESIAN_POINT('',(-0.692264973081039,0.,0.842264973081033));
#15320=CARTESIAN_POINT('',(-1.05,0.,0.842264973081033));
#15321=CARTESIAN_POINT('',(-0.992264973081041,0.,0.842264973081033));
#15322=CARTESIAN_POINT('',(-0.992264973081041,0.,0.749999999999996));
#15323=CARTESIAN_POINT('',(-0.992264973081041,0.,0.692264973081033));
#15324=CARTESIAN_POINT('',(-1.45,0.,0.692264973081033));
#15325=CARTESIAN_POINT('',(-1.50773502691897,0.,0.692264973081033));
#15326=CARTESIAN_POINT('',(-1.50773502691897,0.,0.899999999999996));
#15327=CARTESIAN_POINT('',(-1.50773502691897,0.,0.842264973081033));
#15328=CARTESIAN_POINT('',(-1.75,0.,0.842264973081033));
#15329=CARTESIAN_POINT('',(-1.80773502691896,0.,0.842264973081033));
#15330=CARTESIAN_POINT('',(-1.80773502691896,0.,2.35));
#15331=CARTESIAN_POINT('',(-0.250000000000001,0.,2.40773502691896));
#15332=CARTESIAN_POINT('',(-0.557735026918964,0.,2.40773502691896));
#15333=CARTESIAN_POINT('',(-0.307735026918964,0.,2.40773502691896));
#15334=CARTESIAN_POINT('',(-0.307735026918964,0.,2.75));
#15335=CARTESIAN_POINT('',(-0.307735026918964,0.,2.80773502691896));
#15336=CARTESIAN_POINT('',(0.249999999999999,0.,2.80773502691896));
#15337=CARTESIAN_POINT('',(0.307735026918962,0.,2.80773502691896));
#15338=CARTESIAN_POINT('',(0.307735026918962,0.,2.35));
#15339=CARTESIAN_POINT('',(0.307735026918962,0.,2.40773502691896));
#15340=CARTESIAN_POINT('',(0.499999999999999,0.,2.40773502691896));
#15341=CARTESIAN_POINT('',(0.557735026918962,0.,2.40773502691896));
#15342=CARTESIAN_POINT('',(0.557735026918962,0.,0.899999999999996));
#15343=CARTESIAN_POINT('',(0.557735026918962,0.,0.842264973081033));
#15344=CARTESIAN_POINT('',(0.199999999999998,0.,0.842264973081033));
#15345=CARTESIAN_POINT('',(0.25773502691896,0.,0.842264973081033));
#15346=CARTESIAN_POINT('',(0.25773502691896,0.,0.749999999999996));
#15347=CARTESIAN_POINT('',(0.25773502691896,0.,0.692264973081033));
#15348=CARTESIAN_POINT('',(-0.200000000000002,0.,0.692264973081033));
#15349=CARTESIAN_POINT('',(-0.257735026918966,0.,0.692264973081033));
#15350=CARTESIAN_POINT('',(-0.257735026918966,0.,0.899999999999996));
#15351=CARTESIAN_POINT('',(-0.257735026918966,0.,0.842264973081033));
#15352=CARTESIAN_POINT('',(-0.500000000000001,0.,0.842264973081033));
#15353=CARTESIAN_POINT('',(-0.557735026918964,0.,0.842264973081033));
#15354=CARTESIAN_POINT('',(-0.557735026918964,0.,2.35));
#15355=CARTESIAN_POINT('',(0.999999999999998,0.,2.40773502691896));
#15356=CARTESIAN_POINT('',(0.692264973081036,0.,2.40773502691896));
#15357=CARTESIAN_POINT('',(0.942264973081036,0.,2.40773502691896));
#15358=CARTESIAN_POINT('',(0.942264973081036,0.,2.75));
#15359=CARTESIAN_POINT('',(0.942264973081036,0.,2.80773502691896));
#15360=CARTESIAN_POINT('',(1.5,0.,2.80773502691896));
#15361=CARTESIAN_POINT('',(1.55773502691896,0.,2.80773502691896));
#15362=CARTESIAN_POINT('',(1.55773502691896,0.,2.35));
#15363=CARTESIAN_POINT('',(1.55773502691896,0.,2.40773502691896));
#15364=CARTESIAN_POINT('',(1.75,0.,2.40773502691896));
#15365=CARTESIAN_POINT('',(1.80773502691896,0.,2.40773502691896));
#15366=CARTESIAN_POINT('',(1.80773502691896,0.,0.899999999999996));
#15367=CARTESIAN_POINT('',(1.80773502691896,0.,0.842264973081033));
#15368=CARTESIAN_POINT('',(1.45,0.,0.842264973081033));
#15369=CARTESIAN_POINT('',(1.50773502691896,0.,0.842264973081033));
#15370=CARTESIAN_POINT('',(1.50773502691896,0.,0.749999999999996));
#15371=CARTESIAN_POINT('',(1.50773502691896,0.,0.692264973081033));
#15372=CARTESIAN_POINT('',(1.05,0.,0.692264973081033));
#15373=CARTESIAN_POINT('',(0.992264973081034,0.,0.692264973081033));
#15374=CARTESIAN_POINT('',(0.992264973081034,0.,0.899999999999996));
#15375=CARTESIAN_POINT('',(0.992264973081034,0.,0.842264973081033));
#15376=CARTESIAN_POINT('',(0.749999999999998,0.,0.842264973081033));
#15377=CARTESIAN_POINT('',(0.692264973081036,0.,0.842264973081033));
#15378=CARTESIAN_POINT('',(0.692264973081036,0.,2.35));
#15379=CARTESIAN_POINT('',(2.25,0.,2.40773502691896));
#15380=CARTESIAN_POINT('',(1.94226497308104,0.,2.40773502691896));
#15381=CARTESIAN_POINT('',(2.19226497308104,0.,2.40773502691896));
#15382=CARTESIAN_POINT('',(2.19226497308104,0.,2.75));
#15383=CARTESIAN_POINT('',(2.19226497308104,0.,2.80773502691896));
#15384=CARTESIAN_POINT('',(2.75,0.,2.80773502691896));
#15385=CARTESIAN_POINT('',(2.80773502691896,0.,2.80773502691896));
#15386=CARTESIAN_POINT('',(2.80773502691896,0.,2.35));
#15387=CARTESIAN_POINT('',(2.80773502691896,0.,2.40773502691896));
#15388=CARTESIAN_POINT('',(3.,0.,2.40773502691896));
#15389=CARTESIAN_POINT('',(3.05773502691896,0.,2.40773502691896));
#15390=CARTESIAN_POINT('',(3.05773502691896,0.,0.899999999999996));
#15391=CARTESIAN_POINT('',(3.05773502691896,0.,0.842264973081033));
#15392=CARTESIAN_POINT('',(2.7,0.,0.842264973081033));
#15393=CARTESIAN_POINT('',(2.75773502691896,0.,0.842264973081033));
#15394=CARTESIAN_POINT('',(2.75773502691896,0.,0.749999999999996));
#15395=CARTESIAN_POINT('',(2.75773502691896,0.,0.692264973081033));
#15396=CARTESIAN_POINT('',(2.3,0.,0.692264973081033));
#15397=CARTESIAN_POINT('',(2.24226497308103,0.,0.692264973081033));
#15398=CARTESIAN_POINT('',(2.24226497308103,0.,0.899999999999996));
#15399=CARTESIAN_POINT('',(2.24226497308103,0.,0.842264973081033));
#15400=CARTESIAN_POINT('',(2.,0.,0.842264973081033));
#15401=CARTESIAN_POINT('',(1.94226497308104,0.,0.842264973081033));
#15402=CARTESIAN_POINT('',(1.94226497308104,0.,2.35));
#15403=CARTESIAN_POINT('',(3.5,0.,2.40773502691896));
#15404=CARTESIAN_POINT('',(3.19226497308104,0.,2.40773502691896));
#15405=CARTESIAN_POINT('',(3.44226497308104,0.,2.40773502691896));
#15406=CARTESIAN_POINT('',(3.44226497308104,0.,2.75));
#15407=CARTESIAN_POINT('',(3.44226497308104,0.,2.80773502691896));
#15408=CARTESIAN_POINT('',(4.,0.,2.80773502691896));
#15409=CARTESIAN_POINT('',(4.05773502691896,0.,2.80773502691896));
#15410=CARTESIAN_POINT('',(4.05773502691896,0.,2.35));
#15411=CARTESIAN_POINT('',(4.05773502691896,0.,2.40773502691896));
#15412=CARTESIAN_POINT('',(4.25,0.,2.40773502691896));
#15413=CARTESIAN_POINT('',(4.30773502691896,0.,2.40773502691896));
#15414=CARTESIAN_POINT('',(4.30773502691896,0.,0.899999999999996));
#15415=CARTESIAN_POINT('',(4.30773502691896,0.,0.842264973081033));
#15416=CARTESIAN_POINT('',(3.95,0.,0.842264973081033));
#15417=CARTESIAN_POINT('',(4.00773502691896,0.,0.842264973081033));
#15418=CARTESIAN_POINT('',(4.00773502691896,0.,0.749999999999996));
#15419=CARTESIAN_POINT('',(4.00773502691896,0.,0.692264973081033));
#15420=CARTESIAN_POINT('',(3.55,0.,0.692264973081033));
#15421=CARTESIAN_POINT('',(3.49226497308103,0.,0.692264973081033));
#15422=CARTESIAN_POINT('',(3.49226497308103,0.,0.899999999999996));
#15423=CARTESIAN_POINT('',(3.49226497308103,0.,0.842264973081033));
#15424=CARTESIAN_POINT('',(3.25,0.,0.842264973081033));
#15425=CARTESIAN_POINT('',(3.19226497308104,0.,0.842264973081033));
#15426=CARTESIAN_POINT('',(3.19226497308104,0.,2.35));
#15427=CARTESIAN_POINT('',(4.75,0.,2.40773502691896));
#15428=CARTESIAN_POINT('',(4.44226497308104,0.,2.40773502691896));
#15429=CARTESIAN_POINT('',(4.69226497308104,0.,2.40773502691896));
#15430=CARTESIAN_POINT('',(4.69226497308104,0.,2.75));
#15431=CARTESIAN_POINT('',(4.69226497308104,0.,2.80773502691896));
#15432=CARTESIAN_POINT('',(5.25,0.,2.80773502691896));
#15433=CARTESIAN_POINT('',(5.30773502691896,0.,2.80773502691896));
#15434=CARTESIAN_POINT('',(5.30773502691896,0.,2.35));
#15435=CARTESIAN_POINT('',(5.30773502691896,0.,2.40773502691896));
#15436=CARTESIAN_POINT('',(5.5,0.,2.40773502691896));
#15437=CARTESIAN_POINT('',(5.55773502691896,0.,2.40773502691896));
#15438=CARTESIAN_POINT('',(5.55773502691896,0.,0.899999999999996));
#15439=CARTESIAN_POINT('',(5.55773502691896,0.,0.842264973081033));
#15440=CARTESIAN_POINT('',(5.2,0.,0.842264973081033));
#15441=CARTESIAN_POINT('',(5.25773502691896,0.,0.842264973081033));
#15442=CARTESIAN_POINT('',(5.25773502691896,0.,0.749999999999996));
#15443=CARTESIAN_POINT('',(5.25773502691896,0.,0.692264973081033));
#15444=CARTESIAN_POINT('',(4.8,0.,0.692264973081033));
#15445=CARTESIAN_POINT('',(4.74226497308103,0.,0.692264973081033));
#15446=CARTESIAN_POINT('',(4.74226497308103,0.,0.899999999999996));
#15447=CARTESIAN_POINT('',(4.74226497308103,0.,0.842264973081033));
#15448=CARTESIAN_POINT('',(4.5,0.,0.842264973081033));
#15449=CARTESIAN_POINT('',(4.44226497308104,0.,0.842264973081033));
#15450=CARTESIAN_POINT('',(4.44226497308104,0.,2.35));
#15451=CARTESIAN_POINT('',(6.,0.,2.40773502691896));
#15452=CARTESIAN_POINT('',(5.69226497308104,0.,2.40773502691896));
#15453=CARTESIAN_POINT('',(5.94226497308104,0.,2.40773502691896));
#15454=CARTESIAN_POINT('',(5.94226497308104,0.,2.75));
#15455=CARTESIAN_POINT('',(5.94226497308104,0.,2.80773502691896));
#15456=CARTESIAN_POINT('',(6.5,0.,2.80773502691896));
#15457=CARTESIAN_POINT('',(6.55773502691896,0.,2.80773502691896));
#15458=CARTESIAN_POINT('',(6.55773502691896,0.,2.35));
#15459=CARTESIAN_POINT('',(6.55773502691896,0.,2.40773502691896));
#15460=CARTESIAN_POINT('',(6.75,0.,2.40773502691896));
#15461=CARTESIAN_POINT('',(6.80773502691896,0.,2.40773502691896));
#15462=CARTESIAN_POINT('',(6.80773502691896,0.,0.899999999999996));
#15463=CARTESIAN_POINT('',(6.80773502691896,0.,0.842264973081033));
#15464=CARTESIAN_POINT('',(6.45,0.,0.842264973081033));
#15465=CARTESIAN_POINT('',(6.50773502691896,0.,0.842264973081033));
#15466=CARTESIAN_POINT('',(6.50773502691896,0.,0.749999999999996));
#15467=CARTESIAN_POINT('',(6.50773502691896,0.,0.692264973081033));
#15468=CARTESIAN_POINT('',(6.05,0.,0.692264973081033));
#15469=CARTESIAN_POINT('',(5.99226497308103,0.,0.692264973081033));
#15470=CARTESIAN_POINT('',(5.99226497308103,0.,0.899999999999996));
#15471=CARTESIAN_POINT('',(5.99226497308103,0.,0.842264973081033));
#15472=CARTESIAN_POINT('',(5.75,0.,0.842264973081033));
#15473=CARTESIAN_POINT('',(5.69226497308104,0.,0.842264973081033));
#15474=CARTESIAN_POINT('',(5.69226497308104,0.,2.35));
#15475=CARTESIAN_POINT('',(7.25,0.,2.40773502691896));
#15476=CARTESIAN_POINT('',(6.94226497308104,0.,2.40773502691896));
#15477=CARTESIAN_POINT('',(7.19226497308104,0.,2.40773502691896));
#15478=CARTESIAN_POINT('',(7.19226497308104,0.,2.75));
#15479=CARTESIAN_POINT('',(7.19226497308104,0.,2.80773502691896));
#15480=CARTESIAN_POINT('',(7.75,0.,2.80773502691896));
#15481=CARTESIAN_POINT('',(7.80773502691896,0.,2.80773502691896));
#15482=CARTESIAN_POINT('',(7.80773502691896,0.,2.35));
#15483=CARTESIAN_POINT('',(7.80773502691896,0.,2.40773502691896));
#15484=CARTESIAN_POINT('',(8.,0.,2.40773502691896));
#15485=CARTESIAN_POINT('',(8.05773502691896,0.,2.40773502691896));
#15486=CARTESIAN_POINT('',(8.05773502691896,0.,0.899999999999996));
#15487=CARTESIAN_POINT('',(8.05773502691896,0.,0.842264973081033));
#15488=CARTESIAN_POINT('',(7.7,0.,0.842264973081033));
#15489=CARTESIAN_POINT('',(7.75773502691896,0.,0.842264973081033));
#15490=CARTESIAN_POINT('',(7.75773502691896,0.,0.749999999999996));
#15491=CARTESIAN_POINT('',(7.75773502691896,0.,0.692264973081033));
#15492=CARTESIAN_POINT('',(7.3,0.,0.692264973081033));
#15493=CARTESIAN_POINT('',(7.24226497308103,0.,0.692264973081033));
#15494=CARTESIAN_POINT('',(7.24226497308103,0.,0.899999999999996));
#15495=CARTESIAN_POINT('',(7.24226497308103,0.,0.842264973081033));
#15496=CARTESIAN_POINT('',(7.,0.,0.842264973081033));
#15497=CARTESIAN_POINT('',(6.94226497308104,0.,0.842264973081033));
#15498=CARTESIAN_POINT('',(6.94226497308104,0.,2.35));
#15499=CARTESIAN_POINT('',(-8.7,0.,0.3));
#15500=CARTESIAN_POINT('',(6.7,0.8,3.2));
#15501=CARTESIAN_POINT('',(7.05,0.8,3.2));
#15502=CARTESIAN_POINT('',(8.35,0.8,2.35));
#15503=CARTESIAN_POINT('',(8.35,3.7,1.85));
#15504=CARTESIAN_POINT('',(8.35,3.7,1.85));
#15505=CARTESIAN_POINT('',(8.35,3.7,1.35));
#15506=CARTESIAN_POINT('',(8.35,3.7,1.35));
#15507=CARTESIAN_POINT('',(8.35,3.7,1.35));
#15508=CARTESIAN_POINT('',(8.35,0.,0.));
#15509=CARTESIAN_POINT('',(7.05,0.799999999999998,10.765));
#15510=CARTESIAN_POINT('',(7.925,2.5,10.765));
#15511=CARTESIAN_POINT('',(7.325,3.8,0.45));
#15512=CARTESIAN_POINT('',(7.325,3.8,1.75));
#15513=CARTESIAN_POINT('',(7.325,3.8,1.75));
#15514=CARTESIAN_POINT('',(7.675,3.8,1.75));
#15515=CARTESIAN_POINT('',(7.675,3.8,1.75));
#15516=CARTESIAN_POINT('',(0.,3.8,0.));
#15517=CARTESIAN_POINT('',(7.,0.2,2.35));
#15518=CARTESIAN_POINT('',(7.,0.1,2.35));
#15519=CARTESIAN_POINT('',(7.,0.2,2.35));
#15520=CARTESIAN_POINT('',(7.,0.1,0.899999999999995));
#15521=CARTESIAN_POINT('',(7.,0.1,0.899999999999995));
#15522=CARTESIAN_POINT('',(7.,0.2,0.899999999999995));
#15523=CARTESIAN_POINT('',(7.,0.2,0.899999999999995));
#15524=CARTESIAN_POINT('',(7.,0.2,2.35));
#15525=CARTESIAN_POINT('',(7.,0.2,2.35));
#15526=CARTESIAN_POINT('',(7.3,0.1,0.899999999999996));
#15527=CARTESIAN_POINT('',(7.3,0.1,0.899999999999996));
#15528=CARTESIAN_POINT('',(7.3,0.2,0.899999999999996));
#15529=CARTESIAN_POINT('',(7.3,0.2,0.899999999999996));
#15530=CARTESIAN_POINT('',(7.,0.2,0.899999999999996));
#15531=CARTESIAN_POINT('',(7.,0.2,0.899999999999996));
#15532=CARTESIAN_POINT('',(7.3,0.1,0.749999999999996));
#15533=CARTESIAN_POINT('',(7.3,0.1,0.749999999999996));
#15534=CARTESIAN_POINT('',(7.3,0.2,0.749999999999996));
#15535=CARTESIAN_POINT('',(7.3,0.2,0.749999999999996));
#15536=CARTESIAN_POINT('',(7.3,0.2,0.899999999999996));
#15537=CARTESIAN_POINT('',(7.3,0.2,0.899999999999996));
#15538=CARTESIAN_POINT('',(7.7,0.1,0.749999999999996));
#15539=CARTESIAN_POINT('',(7.7,0.1,0.749999999999996));
#15540=CARTESIAN_POINT('',(7.7,0.2,0.749999999999996));
#15541=CARTESIAN_POINT('',(7.7,0.2,0.749999999999996));
#15542=CARTESIAN_POINT('',(7.3,0.2,0.749999999999996));
#15543=CARTESIAN_POINT('',(7.3,0.2,0.749999999999996));
#15544=CARTESIAN_POINT('',(7.7,0.1,0.899999999999996));
#15545=CARTESIAN_POINT('',(7.7,0.1,0.899999999999996));
#15546=CARTESIAN_POINT('',(7.7,0.2,0.899999999999996));
#15547=CARTESIAN_POINT('',(7.7,0.2,0.899999999999996));
#15548=CARTESIAN_POINT('',(7.7,0.2,0.749999999999996));
#15549=CARTESIAN_POINT('',(7.7,0.2,0.749999999999996));
#15550=CARTESIAN_POINT('',(8.,0.1,0.899999999999996));
#15551=CARTESIAN_POINT('',(8.,0.1,0.899999999999996));
#15552=CARTESIAN_POINT('',(8.,0.2,0.899999999999996));
#15553=CARTESIAN_POINT('',(8.,0.2,0.899999999999996));
#15554=CARTESIAN_POINT('',(7.7,0.2,0.899999999999996));
#15555=CARTESIAN_POINT('',(7.7,0.2,0.899999999999996));
#15556=CARTESIAN_POINT('',(8.,0.1,2.35));
#15557=CARTESIAN_POINT('',(8.,0.1,2.35));
#15558=CARTESIAN_POINT('',(8.,0.2,2.35));
#15559=CARTESIAN_POINT('',(8.,0.2,2.35));
#15560=CARTESIAN_POINT('',(8.,0.2,0.899999999999996));
#15561=CARTESIAN_POINT('',(8.,0.2,0.899999999999996));
#15562=CARTESIAN_POINT('',(7.75,0.1,2.35));
#15563=CARTESIAN_POINT('',(7.75,0.1,2.35));
#15564=CARTESIAN_POINT('',(7.75,0.2,2.35));
#15565=CARTESIAN_POINT('',(7.75,0.2,2.35));
#15566=CARTESIAN_POINT('',(8.,0.2,2.35));
#15567=CARTESIAN_POINT('',(8.,0.2,2.35));
#15568=CARTESIAN_POINT('',(7.75,0.1,2.75));
#15569=CARTESIAN_POINT('',(7.75,0.1,2.75));
#15570=CARTESIAN_POINT('',(7.75,0.2,2.75));
#15571=CARTESIAN_POINT('',(7.75,0.2,2.75));
#15572=CARTESIAN_POINT('',(7.75,0.2,2.35));
#15573=CARTESIAN_POINT('',(7.75,0.2,2.35));
#15574=CARTESIAN_POINT('',(7.25,0.1,2.75));
#15575=CARTESIAN_POINT('',(7.25,0.1,2.75));
#15576=CARTESIAN_POINT('',(7.25,0.2,2.75));
#15577=CARTESIAN_POINT('',(7.25,0.2,2.75));
#15578=CARTESIAN_POINT('',(7.75,0.2,2.75));
#15579=CARTESIAN_POINT('',(7.75,0.2,2.75));
#15580=CARTESIAN_POINT('',(7.25,0.1,2.35));
#15581=CARTESIAN_POINT('',(7.25,0.1,2.35));
#15582=CARTESIAN_POINT('',(7.25,0.2,2.35));
#15583=CARTESIAN_POINT('',(7.25,0.2,2.35));
#15584=CARTESIAN_POINT('',(7.25,0.2,2.75));
#15585=CARTESIAN_POINT('',(7.25,0.2,2.75));
#15586=CARTESIAN_POINT('',(7.,0.1,2.35));
#15587=CARTESIAN_POINT('',(7.25,0.2,2.35));
#15588=CARTESIAN_POINT('',(7.25,0.2,2.35));
#15589=CARTESIAN_POINT('',(0.,0.2,0.));
#15590=CARTESIAN_POINT('',(7.3,3.6,-1.21));
#15591=CARTESIAN_POINT('',(7.3,3.2,-1.21));
#15592=CARTESIAN_POINT('',(7.3,3.2,-1.21));
#15593=CARTESIAN_POINT('',(7.7,3.6,-1.21));
#15594=CARTESIAN_POINT('',(7.3,3.6,-1.21));
#15595=CARTESIAN_POINT('',(7.7,3.2,-1.21));
#15596=CARTESIAN_POINT('',(7.7,3.6,-1.21));
#15597=CARTESIAN_POINT('',(7.7,3.2,-1.21));
#15598=CARTESIAN_POINT('',(7.,2.8,-1.21));
#15599=CARTESIAN_POINT('',(7.7,0.1,0.749999999999996));
#15600=CARTESIAN_POINT('',(7.73,0.0480384757729343,0.869999999999996));
#15601=CARTESIAN_POINT('',(7.7,0.1,0.749999999999996));
#15602=CARTESIAN_POINT('',(8.,0.1,0.899999999999996));
#15603=CARTESIAN_POINT('',(7.7,0.1,0.899999999999996));
#15604=CARTESIAN_POINT('',(7.3,0.1,0.749999999999996));
#15605=CARTESIAN_POINT('',(7.3,0.1,0.749999999999996));
#15606=CARTESIAN_POINT('',(8.,0.1,2.35));
#15607=CARTESIAN_POINT('',(8.,0.1,0.899999999999996));
#15608=CARTESIAN_POINT('',(7.24,-0.00392304845413312,0.839999999999995));
#15609=CARTESIAN_POINT('',(7.3,0.1,0.899999999999996));
#15610=CARTESIAN_POINT('',(7.8,0.0133974596215569,2.4));
#15611=CARTESIAN_POINT('',(8.,0.1,2.35));
#15612=CARTESIAN_POINT('',(7.,0.1,0.899999999999996));
#15613=CARTESIAN_POINT('',(7.,0.1,0.899999999999996));
#15614=CARTESIAN_POINT('',(7.75,0.1,2.75));
#15615=CARTESIAN_POINT('',(7.75,0.1,2.35));
#15616=CARTESIAN_POINT('',(7.,0.1,2.35));
#15617=CARTESIAN_POINT('',(7.,0.1,2.35));
#15618=CARTESIAN_POINT('',(7.25,0.1,2.75));
#15619=CARTESIAN_POINT('',(7.75,0.1,2.75));
#15620=CARTESIAN_POINT('',(7.25,0.1,2.35));
#15621=CARTESIAN_POINT('',(7.25,0.1,2.35));
#15622=CARTESIAN_POINT('',(7.25,0.1,2.75));
#15623=CARTESIAN_POINT('',(7.325,3.8,1.75));
#15624=CARTESIAN_POINT('',(7.325,3.8,0.45));
#15625=CARTESIAN_POINT('',(7.675,3.8,1.75));
#15626=CARTESIAN_POINT('',(7.325,3.8,1.75));
#15627=CARTESIAN_POINT('',(7.675,3.8,1.75));
#15628=CARTESIAN_POINT('',(8.65,3.7,1.9));
#15629=CARTESIAN_POINT('',(8.65,3.18038475772934,1.9));
#15630=CARTESIAN_POINT('',(8.27344827586207,3.83259147561389,1.83724137931034));
#15631=CARTESIAN_POINT('',(8.35,3.7,1.85));
#15632=CARTESIAN_POINT('',(8.65,3.7,1.3));
#15633=CARTESIAN_POINT('',(8.65,3.18038475772934,1.3));
#15634=CARTESIAN_POINT('',(8.65,3.18038475772934,1.9));
#15635=CARTESIAN_POINT('',(8.65,3.7,1.9));
#15636=CARTESIAN_POINT('',(8.40586206896552,3.60324405833581,1.34068965517241));
#15637=CARTESIAN_POINT('',(8.65,3.7,1.3));
#15638=CARTESIAN_POINT('',(-8.65,3.7,1.9));
#15639=CARTESIAN_POINT('',(-8.65,3.18038475772934,1.9));
#15640=CARTESIAN_POINT('',(-8.65,3.18038475772934,1.3));
#15641=CARTESIAN_POINT('',(-8.65,3.18038475772934,1.3));
#15642=CARTESIAN_POINT('',(-8.65,3.7,1.3));
#15643=CARTESIAN_POINT('',(-8.65,3.7,1.3));
#15644=CARTESIAN_POINT('',(-8.27344827586207,3.83259147561389,1.83724137931035));
#15645=CARTESIAN_POINT('',(-8.65,3.7,1.9));
#15646=CARTESIAN_POINT('',(-8.40586206896552,3.60324405833581,1.34068965517241));
#15647=CARTESIAN_POINT('',(-8.35,3.7,1.35));
#15648=CARTESIAN_POINT('',(-8.35,3.7,0.));
#15649=CARTESIAN_POINT('',(8.35,3.7,0.));
#15650=CARTESIAN_POINT('',(6.425,2.5,0.199999999999999));
#15651=CARTESIAN_POINT('',(6.425,2.85,0.199999999999999));
#15652=CARTESIAN_POINT('',(6.425,2.9,0.2));
#15653=CARTESIAN_POINT('',(6.425,2.85000000000002,0.199999999999985));
#15654=CARTESIAN_POINT('',(6.425,2.90000000000003,0.20000000000001));
#15655=CARTESIAN_POINT('',(6.425,2.5,0.199999999999999));
#15656=CARTESIAN_POINT('',(7.325,2.84999999999998,0.200000000000013));
#15657=CARTESIAN_POINT('',(7.325,2.85,0.199999999999999));
#15658=CARTESIAN_POINT('',(7.325,3.6,0.2));
#15659=CARTESIAN_POINT('',(7.325,2.9,0.2));
#15660=CARTESIAN_POINT('',(7.325,2.89999999999998,0.199999999999991));
#15661=CARTESIAN_POINT('',(7.325,3.6,0.2));
#15662=CARTESIAN_POINT('',(6.425,2.85,0.199999999999999));
#15663=CARTESIAN_POINT('',(7.325,2.9,0.2));
#15664=CARTESIAN_POINT('',(-1.60294684203038E-31,-3.32652939285323E-16,
0.199999999999997));
#15665=CARTESIAN_POINT('',(-1.60294684203039E-31,2.85,0.199999999999999));
#15666=CARTESIAN_POINT('',(1.39741613342576E-15,2.9,0.2));
#15667=CARTESIAN_POINT('',(-8.7,0.3,0.300000000000001));
#15668=CARTESIAN_POINT('',(-8.7,0.3,2.9));
#15669=CARTESIAN_POINT('',(-8.7,0.3,0.299999999999999));
#15670=CARTESIAN_POINT('',(-8.7,0.3,0.3));
#15671=CARTESIAN_POINT('',(8.7,0.3,0.299999999999999));
#15672=CARTESIAN_POINT('',(-8.7,0.3,0.299999999999999));
#15673=CARTESIAN_POINT('',(8.7,0.3,0.3));
#15674=CARTESIAN_POINT('',(8.7,0.3,0.3));
#15675=CARTESIAN_POINT('',(8.7,0.3,0.300000000000001));
#15676=CARTESIAN_POINT('',(6.675,2.5,10.765));
#15677=CARTESIAN_POINT('',(5.425,2.5,10.765));
#15678=CARTESIAN_POINT('',(4.175,2.5,10.765));
#15679=CARTESIAN_POINT('',(2.925,2.5,10.765));
#15680=CARTESIAN_POINT('',(1.675,2.5,10.765));
#15681=CARTESIAN_POINT('',(0.425000000000002,2.5,10.765));
#15682=CARTESIAN_POINT('',(-0.824999999999999,2.5,10.765));
#15683=CARTESIAN_POINT('',(-2.075,2.5,10.765));
#15684=CARTESIAN_POINT('',(-3.325,2.5,10.765));
#15685=CARTESIAN_POINT('',(-4.575,2.5,10.765));
#15686=CARTESIAN_POINT('',(-5.825,2.5,10.765));
#15687=CARTESIAN_POINT('',(-7.075,2.5,10.765));
#15688=CARTESIAN_POINT('',(5.8,0.799999999999998,10.765));
#15689=CARTESIAN_POINT('',(4.55,0.799999999999998,10.765));
#15690=CARTESIAN_POINT('',(3.3,0.799999999999998,10.765));
#15691=CARTESIAN_POINT('',(2.05,0.799999999999998,10.765));
#15692=CARTESIAN_POINT('',(0.8,0.799999999999998,10.765));
#15693=CARTESIAN_POINT('',(-0.449999999999999,0.799999999999998,10.765));
#15694=CARTESIAN_POINT('',(-1.7,0.799999999999998,10.765));
#15695=CARTESIAN_POINT('',(-2.95,0.799999999999998,10.765));
#15696=CARTESIAN_POINT('',(-4.2,0.799999999999998,10.765));
#15697=CARTESIAN_POINT('',(-5.45,0.799999999999998,10.765));
#15698=CARTESIAN_POINT('',(-6.7,0.799999999999998,10.765));
#15699=CARTESIAN_POINT('',(-7.95,0.799999999999998,10.765));
#15700=CARTESIAN_POINT('',(-7.675,3.8,0.45));
#15701=CARTESIAN_POINT('',(-7.675,3.8,1.75));
#15702=CARTESIAN_POINT('',(-7.675,3.8,1.75));
#15703=CARTESIAN_POINT('',(-7.325,3.8,1.75));
#15704=CARTESIAN_POINT('',(-7.325,3.8,1.75));
#15705=CARTESIAN_POINT('',(-15.,3.8,0.));
#15706=CARTESIAN_POINT('',(-6.425,3.8,0.45));
#15707=CARTESIAN_POINT('',(-6.425,3.8,1.75));
#15708=CARTESIAN_POINT('',(-6.425,3.8,1.75));
#15709=CARTESIAN_POINT('',(-6.075,3.8,1.75));
#15710=CARTESIAN_POINT('',(-6.075,3.8,1.75));
#15711=CARTESIAN_POINT('',(-13.75,3.8,0.));
#15712=CARTESIAN_POINT('',(-5.175,3.8,0.45));
#15713=CARTESIAN_POINT('',(-5.175,3.8,1.75));
#15714=CARTESIAN_POINT('',(-5.175,3.8,1.75));
#15715=CARTESIAN_POINT('',(-4.825,3.8,1.75));
#15716=CARTESIAN_POINT('',(-4.825,3.8,1.75));
#15717=CARTESIAN_POINT('',(-12.5,3.8,0.));
#15718=CARTESIAN_POINT('',(-3.925,3.8,0.45));
#15719=CARTESIAN_POINT('',(-3.925,3.8,1.75));
#15720=CARTESIAN_POINT('',(-3.925,3.8,1.75));
#15721=CARTESIAN_POINT('',(-3.575,3.8,1.75));
#15722=CARTESIAN_POINT('',(-3.575,3.8,1.75));
#15723=CARTESIAN_POINT('',(-11.25,3.8,0.));
#15724=CARTESIAN_POINT('',(-2.675,3.8,0.45));
#15725=CARTESIAN_POINT('',(-2.675,3.8,1.75));
#15726=CARTESIAN_POINT('',(-2.675,3.8,1.75));
#15727=CARTESIAN_POINT('',(-2.325,3.8,1.75));
#15728=CARTESIAN_POINT('',(-2.325,3.8,1.75));
#15729=CARTESIAN_POINT('',(-10.,3.8,0.));
#15730=CARTESIAN_POINT('',(-1.425,3.8,0.45));
#15731=CARTESIAN_POINT('',(-1.425,3.8,1.75));
#15732=CARTESIAN_POINT('',(-1.425,3.8,1.75));
#15733=CARTESIAN_POINT('',(-1.075,3.8,1.75));
#15734=CARTESIAN_POINT('',(-1.075,3.8,1.75));
#15735=CARTESIAN_POINT('',(-8.75,3.8,0.));
#15736=CARTESIAN_POINT('',(-0.175,3.8,0.45));
#15737=CARTESIAN_POINT('',(-0.175,3.8,1.75));
#15738=CARTESIAN_POINT('',(-0.175,3.8,1.75));
#15739=CARTESIAN_POINT('',(0.175000000000001,3.8,1.75));
#15740=CARTESIAN_POINT('',(0.175000000000001,3.8,1.75));
#15741=CARTESIAN_POINT('',(-7.5,3.8,0.));
#15742=CARTESIAN_POINT('',(1.075,3.8,0.45));
#15743=CARTESIAN_POINT('',(1.075,3.8,1.75));
#15744=CARTESIAN_POINT('',(1.075,3.8,1.75));
#15745=CARTESIAN_POINT('',(1.425,3.8,1.75));
#15746=CARTESIAN_POINT('',(1.425,3.8,1.75));
#15747=CARTESIAN_POINT('',(-6.25,3.8,0.));
#15748=CARTESIAN_POINT('',(2.325,3.8,0.45));
#15749=CARTESIAN_POINT('',(2.325,3.8,1.75));
#15750=CARTESIAN_POINT('',(2.325,3.8,1.75));
#15751=CARTESIAN_POINT('',(2.675,3.8,1.75));
#15752=CARTESIAN_POINT('',(2.675,3.8,1.75));
#15753=CARTESIAN_POINT('',(-5.,3.8,0.));
#15754=CARTESIAN_POINT('',(3.575,3.8,0.45));
#15755=CARTESIAN_POINT('',(3.575,3.8,1.75));
#15756=CARTESIAN_POINT('',(3.575,3.8,1.75));
#15757=CARTESIAN_POINT('',(3.925,3.8,1.75));
#15758=CARTESIAN_POINT('',(3.925,3.8,1.75));
#15759=CARTESIAN_POINT('',(-3.75,3.8,0.));
#15760=CARTESIAN_POINT('',(4.825,3.8,0.45));
#15761=CARTESIAN_POINT('',(4.825,3.8,1.75));
#15762=CARTESIAN_POINT('',(4.825,3.8,1.75));
#15763=CARTESIAN_POINT('',(5.175,3.8,1.75));
#15764=CARTESIAN_POINT('',(5.175,3.8,1.75));
#15765=CARTESIAN_POINT('',(-2.5,3.8,0.));
#15766=CARTESIAN_POINT('',(6.075,3.8,0.45));
#15767=CARTESIAN_POINT('',(6.075,3.8,1.75));
#15768=CARTESIAN_POINT('',(6.075,3.8,1.75));
#15769=CARTESIAN_POINT('',(6.425,3.8,1.75));
#15770=CARTESIAN_POINT('',(6.425,3.8,1.75));
#15771=CARTESIAN_POINT('',(-1.25,3.8,0.));
#15772=CARTESIAN_POINT('',(-8.,0.2,2.35));
#15773=CARTESIAN_POINT('',(-8.,0.2,2.35));
#15774=CARTESIAN_POINT('',(-8.,0.1,2.35));
#15775=CARTESIAN_POINT('',(-8.,0.1,0.899999999999995));
#15776=CARTESIAN_POINT('',(-8.,0.1,0.899999999999995));
#15777=CARTESIAN_POINT('',(-8.,0.2,0.899999999999995));
#15778=CARTESIAN_POINT('',(-8.,0.2,0.899999999999995));
#15779=CARTESIAN_POINT('',(-8.,0.2,2.35));
#15780=CARTESIAN_POINT('',(-8.,0.2,2.35));
#15781=CARTESIAN_POINT('',(-7.7,0.1,0.899999999999996));
#15782=CARTESIAN_POINT('',(-7.7,0.1,0.899999999999996));
#15783=CARTESIAN_POINT('',(-7.7,0.2,0.899999999999996));
#15784=CARTESIAN_POINT('',(-7.7,0.2,0.899999999999996));
#15785=CARTESIAN_POINT('',(-8.,0.2,0.899999999999996));
#15786=CARTESIAN_POINT('',(-8.,0.2,0.899999999999996));
#15787=CARTESIAN_POINT('',(-7.7,0.1,0.749999999999996));
#15788=CARTESIAN_POINT('',(-7.7,0.1,0.749999999999996));
#15789=CARTESIAN_POINT('',(-7.7,0.2,0.749999999999996));
#15790=CARTESIAN_POINT('',(-7.7,0.2,0.749999999999996));
#15791=CARTESIAN_POINT('',(-7.7,0.2,0.899999999999996));
#15792=CARTESIAN_POINT('',(-7.7,0.2,0.899999999999996));
#15793=CARTESIAN_POINT('',(-7.3,0.1,0.749999999999996));
#15794=CARTESIAN_POINT('',(-7.3,0.1,0.749999999999996));
#15795=CARTESIAN_POINT('',(-7.3,0.2,0.749999999999996));
#15796=CARTESIAN_POINT('',(-7.3,0.2,0.749999999999996));
#15797=CARTESIAN_POINT('',(-7.7,0.2,0.749999999999996));
#15798=CARTESIAN_POINT('',(-7.7,0.2,0.749999999999996));
#15799=CARTESIAN_POINT('',(-7.3,0.1,0.899999999999996));
#15800=CARTESIAN_POINT('',(-7.3,0.1,0.899999999999996));
#15801=CARTESIAN_POINT('',(-7.3,0.2,0.899999999999996));
#15802=CARTESIAN_POINT('',(-7.3,0.2,0.899999999999996));
#15803=CARTESIAN_POINT('',(-7.3,0.2,0.749999999999996));
#15804=CARTESIAN_POINT('',(-7.3,0.2,0.749999999999996));
#15805=CARTESIAN_POINT('',(-7.,0.1,0.899999999999996));
#15806=CARTESIAN_POINT('',(-7.,0.1,0.899999999999996));
#15807=CARTESIAN_POINT('',(-7.,0.2,0.899999999999996));
#15808=CARTESIAN_POINT('',(-7.,0.2,0.899999999999996));
#15809=CARTESIAN_POINT('',(-7.3,0.2,0.899999999999996));
#15810=CARTESIAN_POINT('',(-7.3,0.2,0.899999999999996));
#15811=CARTESIAN_POINT('',(-7.,0.1,2.35));
#15812=CARTESIAN_POINT('',(-7.,0.1,2.35));
#15813=CARTESIAN_POINT('',(-7.,0.2,2.35));
#15814=CARTESIAN_POINT('',(-7.,0.2,2.35));
#15815=CARTESIAN_POINT('',(-7.,0.2,0.899999999999996));
#15816=CARTESIAN_POINT('',(-7.,0.2,0.899999999999996));
#15817=CARTESIAN_POINT('',(-7.25,0.1,2.35));
#15818=CARTESIAN_POINT('',(-7.25,0.1,2.35));
#15819=CARTESIAN_POINT('',(-7.25,0.2,2.35));
#15820=CARTESIAN_POINT('',(-7.25,0.2,2.35));
#15821=CARTESIAN_POINT('',(-7.,0.2,2.35));
#15822=CARTESIAN_POINT('',(-7.,0.2,2.35));
#15823=CARTESIAN_POINT('',(-7.25,0.1,2.75));
#15824=CARTESIAN_POINT('',(-7.25,0.1,2.75));
#15825=CARTESIAN_POINT('',(-7.25,0.2,2.75));
#15826=CARTESIAN_POINT('',(-7.25,0.2,2.75));
#15827=CARTESIAN_POINT('',(-7.25,0.2,2.35));
#15828=CARTESIAN_POINT('',(-7.25,0.2,2.35));
#15829=CARTESIAN_POINT('',(-7.75,0.1,2.75));
#15830=CARTESIAN_POINT('',(-7.75,0.1,2.75));
#15831=CARTESIAN_POINT('',(-7.75,0.2,2.75));
#15832=CARTESIAN_POINT('',(-7.75,0.2,2.75));
#15833=CARTESIAN_POINT('',(-7.25,0.2,2.75));
#15834=CARTESIAN_POINT('',(-7.25,0.2,2.75));
#15835=CARTESIAN_POINT('',(-7.75,0.1,2.35));
#15836=CARTESIAN_POINT('',(-7.75,0.1,2.35));
#15837=CARTESIAN_POINT('',(-7.75,0.2,2.35));
#15838=CARTESIAN_POINT('',(-7.75,0.2,2.35));
#15839=CARTESIAN_POINT('',(-7.75,0.2,2.75));
#15840=CARTESIAN_POINT('',(-7.75,0.2,2.75));
#15841=CARTESIAN_POINT('',(-8.,0.1,2.35));
#15842=CARTESIAN_POINT('',(-7.75,0.2,2.35));
#15843=CARTESIAN_POINT('',(-7.75,0.2,2.35));
#15844=CARTESIAN_POINT('',(-15.,0.2,0.));
#15845=CARTESIAN_POINT('',(-6.75,0.2,2.35));
#15846=CARTESIAN_POINT('',(-6.75,0.2,2.35));
#15847=CARTESIAN_POINT('',(-6.75,0.1,2.35));
#15848=CARTESIAN_POINT('',(-6.75,0.1,0.899999999999995));
#15849=CARTESIAN_POINT('',(-6.75,0.1,0.899999999999995));
#15850=CARTESIAN_POINT('',(-6.75,0.2,0.899999999999995));
#15851=CARTESIAN_POINT('',(-6.75,0.2,0.899999999999995));
#15852=CARTESIAN_POINT('',(-6.75,0.2,2.35));
#15853=CARTESIAN_POINT('',(-6.75,0.2,2.35));
#15854=CARTESIAN_POINT('',(-6.45,0.1,0.899999999999996));
#15855=CARTESIAN_POINT('',(-6.45,0.1,0.899999999999996));
#15856=CARTESIAN_POINT('',(-6.45,0.2,0.899999999999996));
#15857=CARTESIAN_POINT('',(-6.45,0.2,0.899999999999996));
#15858=CARTESIAN_POINT('',(-6.75,0.2,0.899999999999996));
#15859=CARTESIAN_POINT('',(-6.75,0.2,0.899999999999996));
#15860=CARTESIAN_POINT('',(-6.45,0.1,0.749999999999996));
#15861=CARTESIAN_POINT('',(-6.45,0.1,0.749999999999996));
#15862=CARTESIAN_POINT('',(-6.45,0.2,0.749999999999996));
#15863=CARTESIAN_POINT('',(-6.45,0.2,0.749999999999996));
#15864=CARTESIAN_POINT('',(-6.45,0.2,0.899999999999996));
#15865=CARTESIAN_POINT('',(-6.45,0.2,0.899999999999996));
#15866=CARTESIAN_POINT('',(-6.05,0.1,0.749999999999996));
#15867=CARTESIAN_POINT('',(-6.05,0.1,0.749999999999996));
#15868=CARTESIAN_POINT('',(-6.05,0.2,0.749999999999996));
#15869=CARTESIAN_POINT('',(-6.05,0.2,0.749999999999996));
#15870=CARTESIAN_POINT('',(-6.45,0.2,0.749999999999996));
#15871=CARTESIAN_POINT('',(-6.45,0.2,0.749999999999996));
#15872=CARTESIAN_POINT('',(-6.05,0.1,0.899999999999996));
#15873=CARTESIAN_POINT('',(-6.05,0.1,0.899999999999996));
#15874=CARTESIAN_POINT('',(-6.05,0.2,0.899999999999996));
#15875=CARTESIAN_POINT('',(-6.05,0.2,0.899999999999996));
#15876=CARTESIAN_POINT('',(-6.05,0.2,0.749999999999996));
#15877=CARTESIAN_POINT('',(-6.05,0.2,0.749999999999996));
#15878=CARTESIAN_POINT('',(-5.75,0.1,0.899999999999996));
#15879=CARTESIAN_POINT('',(-5.75,0.1,0.899999999999996));
#15880=CARTESIAN_POINT('',(-5.75,0.2,0.899999999999996));
#15881=CARTESIAN_POINT('',(-5.75,0.2,0.899999999999996));
#15882=CARTESIAN_POINT('',(-6.05,0.2,0.899999999999996));
#15883=CARTESIAN_POINT('',(-6.05,0.2,0.899999999999996));
#15884=CARTESIAN_POINT('',(-5.75,0.1,2.35));
#15885=CARTESIAN_POINT('',(-5.75,0.1,2.35));
#15886=CARTESIAN_POINT('',(-5.75,0.2,2.35));
#15887=CARTESIAN_POINT('',(-5.75,0.2,2.35));
#15888=CARTESIAN_POINT('',(-5.75,0.2,0.899999999999996));
#15889=CARTESIAN_POINT('',(-5.75,0.2,0.899999999999996));
#15890=CARTESIAN_POINT('',(-6.,0.1,2.35));
#15891=CARTESIAN_POINT('',(-6.,0.1,2.35));
#15892=CARTESIAN_POINT('',(-6.,0.2,2.35));
#15893=CARTESIAN_POINT('',(-6.,0.2,2.35));
#15894=CARTESIAN_POINT('',(-5.75,0.2,2.35));
#15895=CARTESIAN_POINT('',(-5.75,0.2,2.35));
#15896=CARTESIAN_POINT('',(-6.,0.1,2.75));
#15897=CARTESIAN_POINT('',(-6.,0.1,2.75));
#15898=CARTESIAN_POINT('',(-6.,0.2,2.75));
#15899=CARTESIAN_POINT('',(-6.,0.2,2.75));
#15900=CARTESIAN_POINT('',(-6.,0.2,2.35));
#15901=CARTESIAN_POINT('',(-6.,0.2,2.35));
#15902=CARTESIAN_POINT('',(-6.5,0.1,2.75));
#15903=CARTESIAN_POINT('',(-6.5,0.1,2.75));
#15904=CARTESIAN_POINT('',(-6.5,0.2,2.75));
#15905=CARTESIAN_POINT('',(-6.5,0.2,2.75));
#15906=CARTESIAN_POINT('',(-6.,0.2,2.75));
#15907=CARTESIAN_POINT('',(-6.,0.2,2.75));
#15908=CARTESIAN_POINT('',(-6.5,0.1,2.35));
#15909=CARTESIAN_POINT('',(-6.5,0.1,2.35));
#15910=CARTESIAN_POINT('',(-6.5,0.2,2.35));
#15911=CARTESIAN_POINT('',(-6.5,0.2,2.35));
#15912=CARTESIAN_POINT('',(-6.5,0.2,2.75));
#15913=CARTESIAN_POINT('',(-6.5,0.2,2.75));
#15914=CARTESIAN_POINT('',(-6.75,0.1,2.35));
#15915=CARTESIAN_POINT('',(-6.5,0.2,2.35));
#15916=CARTESIAN_POINT('',(-6.5,0.2,2.35));
#15917=CARTESIAN_POINT('',(-13.75,0.2,0.));
#15918=CARTESIAN_POINT('',(-5.5,0.2,2.35));
#15919=CARTESIAN_POINT('',(-5.5,0.2,2.35));
#15920=CARTESIAN_POINT('',(-5.5,0.1,2.35));
#15921=CARTESIAN_POINT('',(-5.5,0.1,0.899999999999995));
#15922=CARTESIAN_POINT('',(-5.5,0.1,0.899999999999995));
#15923=CARTESIAN_POINT('',(-5.5,0.2,0.899999999999995));
#15924=CARTESIAN_POINT('',(-5.5,0.2,0.899999999999995));
#15925=CARTESIAN_POINT('',(-5.5,0.2,2.35));
#15926=CARTESIAN_POINT('',(-5.5,0.2,2.35));
#15927=CARTESIAN_POINT('',(-5.2,0.1,0.899999999999996));
#15928=CARTESIAN_POINT('',(-5.2,0.1,0.899999999999996));
#15929=CARTESIAN_POINT('',(-5.2,0.2,0.899999999999996));
#15930=CARTESIAN_POINT('',(-5.2,0.2,0.899999999999996));
#15931=CARTESIAN_POINT('',(-5.5,0.2,0.899999999999996));
#15932=CARTESIAN_POINT('',(-5.5,0.2,0.899999999999996));
#15933=CARTESIAN_POINT('',(-5.2,0.1,0.749999999999996));
#15934=CARTESIAN_POINT('',(-5.2,0.1,0.749999999999996));
#15935=CARTESIAN_POINT('',(-5.2,0.2,0.749999999999996));
#15936=CARTESIAN_POINT('',(-5.2,0.2,0.749999999999996));
#15937=CARTESIAN_POINT('',(-5.2,0.2,0.899999999999996));
#15938=CARTESIAN_POINT('',(-5.2,0.2,0.899999999999996));
#15939=CARTESIAN_POINT('',(-4.8,0.1,0.749999999999996));
#15940=CARTESIAN_POINT('',(-4.8,0.1,0.749999999999996));
#15941=CARTESIAN_POINT('',(-4.8,0.2,0.749999999999996));
#15942=CARTESIAN_POINT('',(-4.8,0.2,0.749999999999996));
#15943=CARTESIAN_POINT('',(-5.2,0.2,0.749999999999996));
#15944=CARTESIAN_POINT('',(-5.2,0.2,0.749999999999996));
#15945=CARTESIAN_POINT('',(-4.8,0.1,0.899999999999996));
#15946=CARTESIAN_POINT('',(-4.8,0.1,0.899999999999996));
#15947=CARTESIAN_POINT('',(-4.8,0.2,0.899999999999996));
#15948=CARTESIAN_POINT('',(-4.8,0.2,0.899999999999996));
#15949=CARTESIAN_POINT('',(-4.8,0.2,0.749999999999996));
#15950=CARTESIAN_POINT('',(-4.8,0.2,0.749999999999996));
#15951=CARTESIAN_POINT('',(-4.5,0.1,0.899999999999996));
#15952=CARTESIAN_POINT('',(-4.5,0.1,0.899999999999996));
#15953=CARTESIAN_POINT('',(-4.5,0.2,0.899999999999996));
#15954=CARTESIAN_POINT('',(-4.5,0.2,0.899999999999996));
#15955=CARTESIAN_POINT('',(-4.8,0.2,0.899999999999996));
#15956=CARTESIAN_POINT('',(-4.8,0.2,0.899999999999996));
#15957=CARTESIAN_POINT('',(-4.5,0.1,2.35));
#15958=CARTESIAN_POINT('',(-4.5,0.1,2.35));
#15959=CARTESIAN_POINT('',(-4.5,0.2,2.35));
#15960=CARTESIAN_POINT('',(-4.5,0.2,2.35));
#15961=CARTESIAN_POINT('',(-4.5,0.2,0.899999999999996));
#15962=CARTESIAN_POINT('',(-4.5,0.2,0.899999999999996));
#15963=CARTESIAN_POINT('',(-4.75,0.1,2.35));
#15964=CARTESIAN_POINT('',(-4.75,0.1,2.35));
#15965=CARTESIAN_POINT('',(-4.75,0.2,2.35));
#15966=CARTESIAN_POINT('',(-4.75,0.2,2.35));
#15967=CARTESIAN_POINT('',(-4.5,0.2,2.35));
#15968=CARTESIAN_POINT('',(-4.5,0.2,2.35));
#15969=CARTESIAN_POINT('',(-4.75,0.1,2.75));
#15970=CARTESIAN_POINT('',(-4.75,0.1,2.75));
#15971=CARTESIAN_POINT('',(-4.75,0.2,2.75));
#15972=CARTESIAN_POINT('',(-4.75,0.2,2.75));
#15973=CARTESIAN_POINT('',(-4.75,0.2,2.35));
#15974=CARTESIAN_POINT('',(-4.75,0.2,2.35));
#15975=CARTESIAN_POINT('',(-5.25,0.1,2.75));
#15976=CARTESIAN_POINT('',(-5.25,0.1,2.75));
#15977=CARTESIAN_POINT('',(-5.25,0.2,2.75));
#15978=CARTESIAN_POINT('',(-5.25,0.2,2.75));
#15979=CARTESIAN_POINT('',(-4.75,0.2,2.75));
#15980=CARTESIAN_POINT('',(-4.75,0.2,2.75));
#15981=CARTESIAN_POINT('',(-5.25,0.1,2.35));
#15982=CARTESIAN_POINT('',(-5.25,0.1,2.35));
#15983=CARTESIAN_POINT('',(-5.25,0.2,2.35));
#15984=CARTESIAN_POINT('',(-5.25,0.2,2.35));
#15985=CARTESIAN_POINT('',(-5.25,0.2,2.75));
#15986=CARTESIAN_POINT('',(-5.25,0.2,2.75));
#15987=CARTESIAN_POINT('',(-5.5,0.1,2.35));
#15988=CARTESIAN_POINT('',(-5.25,0.2,2.35));
#15989=CARTESIAN_POINT('',(-5.25,0.2,2.35));
#15990=CARTESIAN_POINT('',(-12.5,0.2,0.));
#15991=CARTESIAN_POINT('',(-4.25,0.2,2.35));
#15992=CARTESIAN_POINT('',(-4.25,0.2,2.35));
#15993=CARTESIAN_POINT('',(-4.25,0.1,2.35));
#15994=CARTESIAN_POINT('',(-4.25,0.1,0.899999999999995));
#15995=CARTESIAN_POINT('',(-4.25,0.1,0.899999999999995));
#15996=CARTESIAN_POINT('',(-4.25,0.2,0.899999999999995));
#15997=CARTESIAN_POINT('',(-4.25,0.2,0.899999999999995));
#15998=CARTESIAN_POINT('',(-4.25,0.2,2.35));
#15999=CARTESIAN_POINT('',(-4.25,0.2,2.35));
#16000=CARTESIAN_POINT('',(-3.95,0.1,0.899999999999996));
#16001=CARTESIAN_POINT('',(-3.95,0.1,0.899999999999996));
#16002=CARTESIAN_POINT('',(-3.95,0.2,0.899999999999996));
#16003=CARTESIAN_POINT('',(-3.95,0.2,0.899999999999996));
#16004=CARTESIAN_POINT('',(-4.25,0.2,0.899999999999996));
#16005=CARTESIAN_POINT('',(-4.25,0.2,0.899999999999996));
#16006=CARTESIAN_POINT('',(-3.95,0.1,0.749999999999996));
#16007=CARTESIAN_POINT('',(-3.95,0.1,0.749999999999996));
#16008=CARTESIAN_POINT('',(-3.95,0.2,0.749999999999996));
#16009=CARTESIAN_POINT('',(-3.95,0.2,0.749999999999996));
#16010=CARTESIAN_POINT('',(-3.95,0.2,0.899999999999996));
#16011=CARTESIAN_POINT('',(-3.95,0.2,0.899999999999996));
#16012=CARTESIAN_POINT('',(-3.55,0.1,0.749999999999996));
#16013=CARTESIAN_POINT('',(-3.55,0.1,0.749999999999996));
#16014=CARTESIAN_POINT('',(-3.55,0.2,0.749999999999996));
#16015=CARTESIAN_POINT('',(-3.55,0.2,0.749999999999996));
#16016=CARTESIAN_POINT('',(-3.95,0.2,0.749999999999996));
#16017=CARTESIAN_POINT('',(-3.95,0.2,0.749999999999996));
#16018=CARTESIAN_POINT('',(-3.55,0.1,0.899999999999996));
#16019=CARTESIAN_POINT('',(-3.55,0.1,0.899999999999996));
#16020=CARTESIAN_POINT('',(-3.55,0.2,0.899999999999996));
#16021=CARTESIAN_POINT('',(-3.55,0.2,0.899999999999996));
#16022=CARTESIAN_POINT('',(-3.55,0.2,0.749999999999996));
#16023=CARTESIAN_POINT('',(-3.55,0.2,0.749999999999996));
#16024=CARTESIAN_POINT('',(-3.25,0.1,0.899999999999996));
#16025=CARTESIAN_POINT('',(-3.25,0.1,0.899999999999996));
#16026=CARTESIAN_POINT('',(-3.25,0.2,0.899999999999996));
#16027=CARTESIAN_POINT('',(-3.25,0.2,0.899999999999996));
#16028=CARTESIAN_POINT('',(-3.55,0.2,0.899999999999996));
#16029=CARTESIAN_POINT('',(-3.55,0.2,0.899999999999996));
#16030=CARTESIAN_POINT('',(-3.25,0.1,2.35));
#16031=CARTESIAN_POINT('',(-3.25,0.1,2.35));
#16032=CARTESIAN_POINT('',(-3.25,0.2,2.35));
#16033=CARTESIAN_POINT('',(-3.25,0.2,2.35));
#16034=CARTESIAN_POINT('',(-3.25,0.2,0.899999999999996));
#16035=CARTESIAN_POINT('',(-3.25,0.2,0.899999999999996));
#16036=CARTESIAN_POINT('',(-3.5,0.1,2.35));
#16037=CARTESIAN_POINT('',(-3.5,0.1,2.35));
#16038=CARTESIAN_POINT('',(-3.5,0.2,2.35));
#16039=CARTESIAN_POINT('',(-3.5,0.2,2.35));
#16040=CARTESIAN_POINT('',(-3.25,0.2,2.35));
#16041=CARTESIAN_POINT('',(-3.25,0.2,2.35));
#16042=CARTESIAN_POINT('',(-3.5,0.1,2.75));
#16043=CARTESIAN_POINT('',(-3.5,0.1,2.75));
#16044=CARTESIAN_POINT('',(-3.5,0.2,2.75));
#16045=CARTESIAN_POINT('',(-3.5,0.2,2.75));
#16046=CARTESIAN_POINT('',(-3.5,0.2,2.35));
#16047=CARTESIAN_POINT('',(-3.5,0.2,2.35));
#16048=CARTESIAN_POINT('',(-4.,0.1,2.75));
#16049=CARTESIAN_POINT('',(-4.,0.1,2.75));
#16050=CARTESIAN_POINT('',(-4.,0.2,2.75));
#16051=CARTESIAN_POINT('',(-4.,0.2,2.75));
#16052=CARTESIAN_POINT('',(-3.5,0.2,2.75));
#16053=CARTESIAN_POINT('',(-3.5,0.2,2.75));
#16054=CARTESIAN_POINT('',(-4.,0.1,2.35));
#16055=CARTESIAN_POINT('',(-4.,0.1,2.35));
#16056=CARTESIAN_POINT('',(-4.,0.2,2.35));
#16057=CARTESIAN_POINT('',(-4.,0.2,2.35));
#16058=CARTESIAN_POINT('',(-4.,0.2,2.75));
#16059=CARTESIAN_POINT('',(-4.,0.2,2.75));
#16060=CARTESIAN_POINT('',(-4.25,0.1,2.35));
#16061=CARTESIAN_POINT('',(-4.,0.2,2.35));
#16062=CARTESIAN_POINT('',(-4.,0.2,2.35));
#16063=CARTESIAN_POINT('',(-11.25,0.2,0.));
#16064=CARTESIAN_POINT('',(-3.,0.2,2.35));
#16065=CARTESIAN_POINT('',(-3.,0.2,2.35));
#16066=CARTESIAN_POINT('',(-3.,0.1,2.35));
#16067=CARTESIAN_POINT('',(-3.,0.1,0.899999999999995));
#16068=CARTESIAN_POINT('',(-3.,0.1,0.899999999999995));
#16069=CARTESIAN_POINT('',(-3.,0.2,0.899999999999995));
#16070=CARTESIAN_POINT('',(-3.,0.2,0.899999999999995));
#16071=CARTESIAN_POINT('',(-3.,0.2,2.35));
#16072=CARTESIAN_POINT('',(-3.,0.2,2.35));
#16073=CARTESIAN_POINT('',(-2.7,0.1,0.899999999999996));
#16074=CARTESIAN_POINT('',(-2.7,0.1,0.899999999999996));
#16075=CARTESIAN_POINT('',(-2.7,0.2,0.899999999999996));
#16076=CARTESIAN_POINT('',(-2.7,0.2,0.899999999999996));
#16077=CARTESIAN_POINT('',(-3.,0.2,0.899999999999996));
#16078=CARTESIAN_POINT('',(-3.,0.2,0.899999999999996));
#16079=CARTESIAN_POINT('',(-2.7,0.1,0.749999999999996));
#16080=CARTESIAN_POINT('',(-2.7,0.1,0.749999999999996));
#16081=CARTESIAN_POINT('',(-2.7,0.2,0.749999999999996));
#16082=CARTESIAN_POINT('',(-2.7,0.2,0.749999999999996));
#16083=CARTESIAN_POINT('',(-2.7,0.2,0.899999999999996));
#16084=CARTESIAN_POINT('',(-2.7,0.2,0.899999999999996));
#16085=CARTESIAN_POINT('',(-2.3,0.1,0.749999999999996));
#16086=CARTESIAN_POINT('',(-2.3,0.1,0.749999999999996));
#16087=CARTESIAN_POINT('',(-2.3,0.2,0.749999999999996));
#16088=CARTESIAN_POINT('',(-2.3,0.2,0.749999999999996));
#16089=CARTESIAN_POINT('',(-2.7,0.2,0.749999999999996));
#16090=CARTESIAN_POINT('',(-2.7,0.2,0.749999999999996));
#16091=CARTESIAN_POINT('',(-2.3,0.1,0.899999999999996));
#16092=CARTESIAN_POINT('',(-2.3,0.1,0.899999999999996));
#16093=CARTESIAN_POINT('',(-2.3,0.2,0.899999999999996));
#16094=CARTESIAN_POINT('',(-2.3,0.2,0.899999999999996));
#16095=CARTESIAN_POINT('',(-2.3,0.2,0.749999999999996));
#16096=CARTESIAN_POINT('',(-2.3,0.2,0.749999999999996));
#16097=CARTESIAN_POINT('',(-2.,0.1,0.899999999999996));
#16098=CARTESIAN_POINT('',(-2.,0.1,0.899999999999996));
#16099=CARTESIAN_POINT('',(-2.,0.2,0.899999999999996));
#16100=CARTESIAN_POINT('',(-2.,0.2,0.899999999999996));
#16101=CARTESIAN_POINT('',(-2.3,0.2,0.899999999999996));
#16102=CARTESIAN_POINT('',(-2.3,0.2,0.899999999999996));
#16103=CARTESIAN_POINT('',(-2.,0.1,2.35));
#16104=CARTESIAN_POINT('',(-2.,0.1,2.35));
#16105=CARTESIAN_POINT('',(-2.,0.2,2.35));
#16106=CARTESIAN_POINT('',(-2.,0.2,2.35));
#16107=CARTESIAN_POINT('',(-2.,0.2,0.899999999999996));
#16108=CARTESIAN_POINT('',(-2.,0.2,0.899999999999996));
#16109=CARTESIAN_POINT('',(-2.25,0.1,2.35));
#16110=CARTESIAN_POINT('',(-2.25,0.1,2.35));
#16111=CARTESIAN_POINT('',(-2.25,0.2,2.35));
#16112=CARTESIAN_POINT('',(-2.25,0.2,2.35));
#16113=CARTESIAN_POINT('',(-2.,0.2,2.35));
#16114=CARTESIAN_POINT('',(-2.,0.2,2.35));
#16115=CARTESIAN_POINT('',(-2.25,0.1,2.75));
#16116=CARTESIAN_POINT('',(-2.25,0.1,2.75));
#16117=CARTESIAN_POINT('',(-2.25,0.2,2.75));
#16118=CARTESIAN_POINT('',(-2.25,0.2,2.75));
#16119=CARTESIAN_POINT('',(-2.25,0.2,2.35));
#16120=CARTESIAN_POINT('',(-2.25,0.2,2.35));
#16121=CARTESIAN_POINT('',(-2.75,0.1,2.75));
#16122=CARTESIAN_POINT('',(-2.75,0.1,2.75));
#16123=CARTESIAN_POINT('',(-2.75,0.2,2.75));
#16124=CARTESIAN_POINT('',(-2.75,0.2,2.75));
#16125=CARTESIAN_POINT('',(-2.25,0.2,2.75));
#16126=CARTESIAN_POINT('',(-2.25,0.2,2.75));
#16127=CARTESIAN_POINT('',(-2.75,0.1,2.35));
#16128=CARTESIAN_POINT('',(-2.75,0.1,2.35));
#16129=CARTESIAN_POINT('',(-2.75,0.2,2.35));
#16130=CARTESIAN_POINT('',(-2.75,0.2,2.35));
#16131=CARTESIAN_POINT('',(-2.75,0.2,2.75));
#16132=CARTESIAN_POINT('',(-2.75,0.2,2.75));
#16133=CARTESIAN_POINT('',(-3.,0.1,2.35));
#16134=CARTESIAN_POINT('',(-2.75,0.2,2.35));
#16135=CARTESIAN_POINT('',(-2.75,0.2,2.35));
#16136=CARTESIAN_POINT('',(-10.,0.2,0.));
#16137=CARTESIAN_POINT('',(-1.75,0.2,2.35));
#16138=CARTESIAN_POINT('',(-1.75,0.2,2.35));
#16139=CARTESIAN_POINT('',(-1.75,0.1,2.35));
#16140=CARTESIAN_POINT('',(-1.75,0.1,0.899999999999995));
#16141=CARTESIAN_POINT('',(-1.75,0.1,0.899999999999995));
#16142=CARTESIAN_POINT('',(-1.75,0.2,0.899999999999995));
#16143=CARTESIAN_POINT('',(-1.75,0.2,0.899999999999995));
#16144=CARTESIAN_POINT('',(-1.75,0.2,2.35));
#16145=CARTESIAN_POINT('',(-1.75,0.2,2.35));
#16146=CARTESIAN_POINT('',(-1.45,0.1,0.899999999999996));
#16147=CARTESIAN_POINT('',(-1.45,0.1,0.899999999999996));
#16148=CARTESIAN_POINT('',(-1.45,0.2,0.899999999999996));
#16149=CARTESIAN_POINT('',(-1.45,0.2,0.899999999999996));
#16150=CARTESIAN_POINT('',(-1.75,0.2,0.899999999999996));
#16151=CARTESIAN_POINT('',(-1.75,0.2,0.899999999999996));
#16152=CARTESIAN_POINT('',(-1.45,0.1,0.749999999999996));
#16153=CARTESIAN_POINT('',(-1.45,0.1,0.749999999999996));
#16154=CARTESIAN_POINT('',(-1.45,0.2,0.749999999999996));
#16155=CARTESIAN_POINT('',(-1.45,0.2,0.749999999999996));
#16156=CARTESIAN_POINT('',(-1.45,0.2,0.899999999999996));
#16157=CARTESIAN_POINT('',(-1.45,0.2,0.899999999999996));
#16158=CARTESIAN_POINT('',(-1.05,0.1,0.749999999999996));
#16159=CARTESIAN_POINT('',(-1.05,0.1,0.749999999999996));
#16160=CARTESIAN_POINT('',(-1.05,0.2,0.749999999999996));
#16161=CARTESIAN_POINT('',(-1.05,0.2,0.749999999999996));
#16162=CARTESIAN_POINT('',(-1.45,0.2,0.749999999999996));
#16163=CARTESIAN_POINT('',(-1.45,0.2,0.749999999999996));
#16164=CARTESIAN_POINT('',(-1.05,0.1,0.899999999999996));
#16165=CARTESIAN_POINT('',(-1.05,0.1,0.899999999999996));
#16166=CARTESIAN_POINT('',(-1.05,0.2,0.899999999999996));
#16167=CARTESIAN_POINT('',(-1.05,0.2,0.899999999999996));
#16168=CARTESIAN_POINT('',(-1.05,0.2,0.749999999999996));
#16169=CARTESIAN_POINT('',(-1.05,0.2,0.749999999999996));
#16170=CARTESIAN_POINT('',(-0.750000000000002,0.1,0.899999999999996));
#16171=CARTESIAN_POINT('',(-0.750000000000002,0.1,0.899999999999996));
#16172=CARTESIAN_POINT('',(-0.750000000000002,0.2,0.899999999999996));
#16173=CARTESIAN_POINT('',(-0.750000000000002,0.2,0.899999999999996));
#16174=CARTESIAN_POINT('',(-1.05,0.2,0.899999999999996));
#16175=CARTESIAN_POINT('',(-1.05,0.2,0.899999999999996));
#16176=CARTESIAN_POINT('',(-0.750000000000002,0.1,2.35));
#16177=CARTESIAN_POINT('',(-0.750000000000002,0.1,2.35));
#16178=CARTESIAN_POINT('',(-0.750000000000002,0.2,2.35));
#16179=CARTESIAN_POINT('',(-0.750000000000002,0.2,2.35));
#16180=CARTESIAN_POINT('',(-0.750000000000002,0.2,0.899999999999996));
#16181=CARTESIAN_POINT('',(-0.750000000000002,0.2,0.899999999999996));
#16182=CARTESIAN_POINT('',(-1.,0.1,2.35));
#16183=CARTESIAN_POINT('',(-1.,0.1,2.35));
#16184=CARTESIAN_POINT('',(-1.,0.2,2.35));
#16185=CARTESIAN_POINT('',(-1.,0.2,2.35));
#16186=CARTESIAN_POINT('',(-0.750000000000002,0.2,2.35));
#16187=CARTESIAN_POINT('',(-0.750000000000002,0.2,2.35));
#16188=CARTESIAN_POINT('',(-1.,0.1,2.75));
#16189=CARTESIAN_POINT('',(-1.,0.1,2.75));
#16190=CARTESIAN_POINT('',(-1.,0.2,2.75));
#16191=CARTESIAN_POINT('',(-1.,0.2,2.75));
#16192=CARTESIAN_POINT('',(-1.,0.2,2.35));
#16193=CARTESIAN_POINT('',(-1.,0.2,2.35));
#16194=CARTESIAN_POINT('',(-1.5,0.1,2.75));
#16195=CARTESIAN_POINT('',(-1.5,0.1,2.75));
#16196=CARTESIAN_POINT('',(-1.5,0.2,2.75));
#16197=CARTESIAN_POINT('',(-1.5,0.2,2.75));
#16198=CARTESIAN_POINT('',(-1.,0.2,2.75));
#16199=CARTESIAN_POINT('',(-1.,0.2,2.75));
#16200=CARTESIAN_POINT('',(-1.5,0.1,2.35));
#16201=CARTESIAN_POINT('',(-1.5,0.1,2.35));
#16202=CARTESIAN_POINT('',(-1.5,0.2,2.35));
#16203=CARTESIAN_POINT('',(-1.5,0.2,2.35));
#16204=CARTESIAN_POINT('',(-1.5,0.2,2.75));
#16205=CARTESIAN_POINT('',(-1.5,0.2,2.75));
#16206=CARTESIAN_POINT('',(-1.75,0.1,2.35));
#16207=CARTESIAN_POINT('',(-1.5,0.2,2.35));
#16208=CARTESIAN_POINT('',(-1.5,0.2,2.35));
#16209=CARTESIAN_POINT('',(-8.75,0.2,0.));
#16210=CARTESIAN_POINT('',(-0.500000000000001,0.2,2.35));
#16211=CARTESIAN_POINT('',(-0.500000000000001,0.2,2.35));
#16212=CARTESIAN_POINT('',(-0.500000000000001,0.1,2.35));
#16213=CARTESIAN_POINT('',(-0.500000000000001,0.1,0.899999999999995));
#16214=CARTESIAN_POINT('',(-0.500000000000001,0.1,0.899999999999995));
#16215=CARTESIAN_POINT('',(-0.500000000000001,0.2,0.899999999999995));
#16216=CARTESIAN_POINT('',(-0.500000000000001,0.2,0.899999999999995));
#16217=CARTESIAN_POINT('',(-0.500000000000001,0.2,2.35));
#16218=CARTESIAN_POINT('',(-0.500000000000001,0.2,2.35));
#16219=CARTESIAN_POINT('',(-0.200000000000002,0.1,0.899999999999996));
#16220=CARTESIAN_POINT('',(-0.200000000000002,0.1,0.899999999999996));
#16221=CARTESIAN_POINT('',(-0.200000000000002,0.2,0.899999999999996));
#16222=CARTESIAN_POINT('',(-0.200000000000002,0.2,0.899999999999996));
#16223=CARTESIAN_POINT('',(-0.500000000000001,0.2,0.899999999999996));
#16224=CARTESIAN_POINT('',(-0.500000000000001,0.2,0.899999999999996));
#16225=CARTESIAN_POINT('',(-0.200000000000002,0.1,0.749999999999996));
#16226=CARTESIAN_POINT('',(-0.200000000000002,0.1,0.749999999999996));
#16227=CARTESIAN_POINT('',(-0.200000000000002,0.2,0.749999999999996));
#16228=CARTESIAN_POINT('',(-0.200000000000002,0.2,0.749999999999996));
#16229=CARTESIAN_POINT('',(-0.200000000000002,0.2,0.899999999999996));
#16230=CARTESIAN_POINT('',(-0.200000000000002,0.2,0.899999999999996));
#16231=CARTESIAN_POINT('',(0.199999999999998,0.1,0.749999999999996));
#16232=CARTESIAN_POINT('',(0.199999999999998,0.1,0.749999999999996));
#16233=CARTESIAN_POINT('',(0.199999999999998,0.2,0.749999999999996));
#16234=CARTESIAN_POINT('',(0.199999999999998,0.2,0.749999999999996));
#16235=CARTESIAN_POINT('',(-0.200000000000002,0.2,0.749999999999996));
#16236=CARTESIAN_POINT('',(-0.200000000000002,0.2,0.749999999999996));
#16237=CARTESIAN_POINT('',(0.199999999999998,0.1,0.899999999999996));
#16238=CARTESIAN_POINT('',(0.199999999999998,0.1,0.899999999999996));
#16239=CARTESIAN_POINT('',(0.199999999999998,0.2,0.899999999999996));
#16240=CARTESIAN_POINT('',(0.199999999999998,0.2,0.899999999999996));
#16241=CARTESIAN_POINT('',(0.199999999999998,0.2,0.749999999999996));
#16242=CARTESIAN_POINT('',(0.199999999999998,0.2,0.749999999999996));
#16243=CARTESIAN_POINT('',(0.499999999999999,0.1,0.899999999999996));
#16244=CARTESIAN_POINT('',(0.499999999999999,0.1,0.899999999999996));
#16245=CARTESIAN_POINT('',(0.499999999999999,0.2,0.899999999999996));
#16246=CARTESIAN_POINT('',(0.499999999999999,0.2,0.899999999999996));
#16247=CARTESIAN_POINT('',(0.199999999999998,0.2,0.899999999999996));
#16248=CARTESIAN_POINT('',(0.199999999999998,0.2,0.899999999999996));
#16249=CARTESIAN_POINT('',(0.499999999999999,0.1,2.35));
#16250=CARTESIAN_POINT('',(0.499999999999999,0.1,2.35));
#16251=CARTESIAN_POINT('',(0.499999999999999,0.2,2.35));
#16252=CARTESIAN_POINT('',(0.499999999999999,0.2,2.35));
#16253=CARTESIAN_POINT('',(0.499999999999999,0.2,0.899999999999996));
#16254=CARTESIAN_POINT('',(0.499999999999999,0.2,0.899999999999996));
#16255=CARTESIAN_POINT('',(0.249999999999999,0.1,2.35));
#16256=CARTESIAN_POINT('',(0.249999999999999,0.1,2.35));
#16257=CARTESIAN_POINT('',(0.249999999999999,0.2,2.35));
#16258=CARTESIAN_POINT('',(0.249999999999999,0.2,2.35));
#16259=CARTESIAN_POINT('',(0.499999999999999,0.2,2.35));
#16260=CARTESIAN_POINT('',(0.499999999999999,0.2,2.35));
#16261=CARTESIAN_POINT('',(0.249999999999999,0.1,2.75));
#16262=CARTESIAN_POINT('',(0.249999999999999,0.1,2.75));
#16263=CARTESIAN_POINT('',(0.249999999999999,0.2,2.75));
#16264=CARTESIAN_POINT('',(0.249999999999999,0.2,2.75));
#16265=CARTESIAN_POINT('',(0.249999999999999,0.2,2.35));
#16266=CARTESIAN_POINT('',(0.249999999999999,0.2,2.35));
#16267=CARTESIAN_POINT('',(-0.250000000000001,0.1,2.75));
#16268=CARTESIAN_POINT('',(-0.250000000000001,0.1,2.75));
#16269=CARTESIAN_POINT('',(-0.250000000000001,0.2,2.75));
#16270=CARTESIAN_POINT('',(-0.250000000000001,0.2,2.75));
#16271=CARTESIAN_POINT('',(0.249999999999999,0.2,2.75));
#16272=CARTESIAN_POINT('',(0.249999999999999,0.2,2.75));
#16273=CARTESIAN_POINT('',(-0.250000000000001,0.1,2.35));
#16274=CARTESIAN_POINT('',(-0.250000000000001,0.1,2.35));
#16275=CARTESIAN_POINT('',(-0.250000000000001,0.2,2.35));
#16276=CARTESIAN_POINT('',(-0.250000000000001,0.2,2.35));
#16277=CARTESIAN_POINT('',(-0.250000000000001,0.2,2.75));
#16278=CARTESIAN_POINT('',(-0.250000000000001,0.2,2.75));
#16279=CARTESIAN_POINT('',(-0.500000000000001,0.1,2.35));
#16280=CARTESIAN_POINT('',(-0.250000000000001,0.2,2.35));
#16281=CARTESIAN_POINT('',(-0.250000000000001,0.2,2.35));
#16282=CARTESIAN_POINT('',(-7.5,0.2,0.));
#16283=CARTESIAN_POINT('',(0.749999999999998,0.2,2.35));
#16284=CARTESIAN_POINT('',(0.749999999999998,0.2,2.35));
#16285=CARTESIAN_POINT('',(0.749999999999998,0.1,2.35));
#16286=CARTESIAN_POINT('',(0.749999999999998,0.1,0.899999999999995));
#16287=CARTESIAN_POINT('',(0.749999999999998,0.1,0.899999999999995));
#16288=CARTESIAN_POINT('',(0.749999999999998,0.2,0.899999999999995));
#16289=CARTESIAN_POINT('',(0.749999999999998,0.2,0.899999999999995));
#16290=CARTESIAN_POINT('',(0.749999999999998,0.2,2.35));
#16291=CARTESIAN_POINT('',(0.749999999999998,0.2,2.35));
#16292=CARTESIAN_POINT('',(1.05,0.1,0.899999999999996));
#16293=CARTESIAN_POINT('',(1.05,0.1,0.899999999999996));
#16294=CARTESIAN_POINT('',(1.05,0.2,0.899999999999996));
#16295=CARTESIAN_POINT('',(1.05,0.2,0.899999999999996));
#16296=CARTESIAN_POINT('',(0.749999999999998,0.2,0.899999999999996));
#16297=CARTESIAN_POINT('',(0.749999999999998,0.2,0.899999999999996));
#16298=CARTESIAN_POINT('',(1.05,0.1,0.749999999999996));
#16299=CARTESIAN_POINT('',(1.05,0.1,0.749999999999996));
#16300=CARTESIAN_POINT('',(1.05,0.2,0.749999999999996));
#16301=CARTESIAN_POINT('',(1.05,0.2,0.749999999999996));
#16302=CARTESIAN_POINT('',(1.05,0.2,0.899999999999996));
#16303=CARTESIAN_POINT('',(1.05,0.2,0.899999999999996));
#16304=CARTESIAN_POINT('',(1.45,0.1,0.749999999999996));
#16305=CARTESIAN_POINT('',(1.45,0.1,0.749999999999996));
#16306=CARTESIAN_POINT('',(1.45,0.2,0.749999999999996));
#16307=CARTESIAN_POINT('',(1.45,0.2,0.749999999999996));
#16308=CARTESIAN_POINT('',(1.05,0.2,0.749999999999996));
#16309=CARTESIAN_POINT('',(1.05,0.2,0.749999999999996));
#16310=CARTESIAN_POINT('',(1.45,0.1,0.899999999999996));
#16311=CARTESIAN_POINT('',(1.45,0.1,0.899999999999996));
#16312=CARTESIAN_POINT('',(1.45,0.2,0.899999999999996));
#16313=CARTESIAN_POINT('',(1.45,0.2,0.899999999999996));
#16314=CARTESIAN_POINT('',(1.45,0.2,0.749999999999996));
#16315=CARTESIAN_POINT('',(1.45,0.2,0.749999999999996));
#16316=CARTESIAN_POINT('',(1.75,0.1,0.899999999999996));
#16317=CARTESIAN_POINT('',(1.75,0.1,0.899999999999996));
#16318=CARTESIAN_POINT('',(1.75,0.2,0.899999999999996));
#16319=CARTESIAN_POINT('',(1.75,0.2,0.899999999999996));
#16320=CARTESIAN_POINT('',(1.45,0.2,0.899999999999996));
#16321=CARTESIAN_POINT('',(1.45,0.2,0.899999999999996));
#16322=CARTESIAN_POINT('',(1.75,0.1,2.35));
#16323=CARTESIAN_POINT('',(1.75,0.1,2.35));
#16324=CARTESIAN_POINT('',(1.75,0.2,2.35));
#16325=CARTESIAN_POINT('',(1.75,0.2,2.35));
#16326=CARTESIAN_POINT('',(1.75,0.2,0.899999999999996));
#16327=CARTESIAN_POINT('',(1.75,0.2,0.899999999999996));
#16328=CARTESIAN_POINT('',(1.5,0.1,2.35));
#16329=CARTESIAN_POINT('',(1.5,0.1,2.35));
#16330=CARTESIAN_POINT('',(1.5,0.2,2.35));
#16331=CARTESIAN_POINT('',(1.5,0.2,2.35));
#16332=CARTESIAN_POINT('',(1.75,0.2,2.35));
#16333=CARTESIAN_POINT('',(1.75,0.2,2.35));
#16334=CARTESIAN_POINT('',(1.5,0.1,2.75));
#16335=CARTESIAN_POINT('',(1.5,0.1,2.75));
#16336=CARTESIAN_POINT('',(1.5,0.2,2.75));
#16337=CARTESIAN_POINT('',(1.5,0.2,2.75));
#16338=CARTESIAN_POINT('',(1.5,0.2,2.35));
#16339=CARTESIAN_POINT('',(1.5,0.2,2.35));
#16340=CARTESIAN_POINT('',(0.999999999999998,0.1,2.75));
#16341=CARTESIAN_POINT('',(0.999999999999998,0.1,2.75));
#16342=CARTESIAN_POINT('',(0.999999999999998,0.2,2.75));
#16343=CARTESIAN_POINT('',(0.999999999999998,0.2,2.75));
#16344=CARTESIAN_POINT('',(1.5,0.2,2.75));
#16345=CARTESIAN_POINT('',(1.5,0.2,2.75));
#16346=CARTESIAN_POINT('',(0.999999999999998,0.1,2.35));
#16347=CARTESIAN_POINT('',(0.999999999999998,0.1,2.35));
#16348=CARTESIAN_POINT('',(0.999999999999998,0.2,2.35));
#16349=CARTESIAN_POINT('',(0.999999999999998,0.2,2.35));
#16350=CARTESIAN_POINT('',(0.999999999999998,0.2,2.75));
#16351=CARTESIAN_POINT('',(0.999999999999998,0.2,2.75));
#16352=CARTESIAN_POINT('',(0.749999999999998,0.1,2.35));
#16353=CARTESIAN_POINT('',(0.999999999999998,0.2,2.35));
#16354=CARTESIAN_POINT('',(0.999999999999998,0.2,2.35));
#16355=CARTESIAN_POINT('',(-6.25,0.2,0.));
#16356=CARTESIAN_POINT('',(2.,0.2,2.35));
#16357=CARTESIAN_POINT('',(2.,0.2,2.35));
#16358=CARTESIAN_POINT('',(2.,0.1,2.35));
#16359=CARTESIAN_POINT('',(2.,0.1,0.899999999999995));
#16360=CARTESIAN_POINT('',(2.,0.1,0.899999999999995));
#16361=CARTESIAN_POINT('',(2.,0.2,0.899999999999995));
#16362=CARTESIAN_POINT('',(2.,0.2,0.899999999999995));
#16363=CARTESIAN_POINT('',(2.,0.2,2.35));
#16364=CARTESIAN_POINT('',(2.,0.2,2.35));
#16365=CARTESIAN_POINT('',(2.3,0.1,0.899999999999996));
#16366=CARTESIAN_POINT('',(2.3,0.1,0.899999999999996));
#16367=CARTESIAN_POINT('',(2.3,0.2,0.899999999999996));
#16368=CARTESIAN_POINT('',(2.3,0.2,0.899999999999996));
#16369=CARTESIAN_POINT('',(2.,0.2,0.899999999999996));
#16370=CARTESIAN_POINT('',(2.,0.2,0.899999999999996));
#16371=CARTESIAN_POINT('',(2.3,0.1,0.749999999999996));
#16372=CARTESIAN_POINT('',(2.3,0.1,0.749999999999996));
#16373=CARTESIAN_POINT('',(2.3,0.2,0.749999999999996));
#16374=CARTESIAN_POINT('',(2.3,0.2,0.749999999999996));
#16375=CARTESIAN_POINT('',(2.3,0.2,0.899999999999996));
#16376=CARTESIAN_POINT('',(2.3,0.2,0.899999999999996));
#16377=CARTESIAN_POINT('',(2.7,0.1,0.749999999999996));
#16378=CARTESIAN_POINT('',(2.7,0.1,0.749999999999996));
#16379=CARTESIAN_POINT('',(2.7,0.2,0.749999999999996));
#16380=CARTESIAN_POINT('',(2.7,0.2,0.749999999999996));
#16381=CARTESIAN_POINT('',(2.3,0.2,0.749999999999996));
#16382=CARTESIAN_POINT('',(2.3,0.2,0.749999999999996));
#16383=CARTESIAN_POINT('',(2.7,0.1,0.899999999999996));
#16384=CARTESIAN_POINT('',(2.7,0.1,0.899999999999996));
#16385=CARTESIAN_POINT('',(2.7,0.2,0.899999999999996));
#16386=CARTESIAN_POINT('',(2.7,0.2,0.899999999999996));
#16387=CARTESIAN_POINT('',(2.7,0.2,0.749999999999996));
#16388=CARTESIAN_POINT('',(2.7,0.2,0.749999999999996));
#16389=CARTESIAN_POINT('',(3.,0.1,0.899999999999996));
#16390=CARTESIAN_POINT('',(3.,0.1,0.899999999999996));
#16391=CARTESIAN_POINT('',(3.,0.2,0.899999999999996));
#16392=CARTESIAN_POINT('',(3.,0.2,0.899999999999996));
#16393=CARTESIAN_POINT('',(2.7,0.2,0.899999999999996));
#16394=CARTESIAN_POINT('',(2.7,0.2,0.899999999999996));
#16395=CARTESIAN_POINT('',(3.,0.1,2.35));
#16396=CARTESIAN_POINT('',(3.,0.1,2.35));
#16397=CARTESIAN_POINT('',(3.,0.2,2.35));
#16398=CARTESIAN_POINT('',(3.,0.2,2.35));
#16399=CARTESIAN_POINT('',(3.,0.2,0.899999999999996));
#16400=CARTESIAN_POINT('',(3.,0.2,0.899999999999996));
#16401=CARTESIAN_POINT('',(2.75,0.1,2.35));
#16402=CARTESIAN_POINT('',(2.75,0.1,2.35));
#16403=CARTESIAN_POINT('',(2.75,0.2,2.35));
#16404=CARTESIAN_POINT('',(2.75,0.2,2.35));
#16405=CARTESIAN_POINT('',(3.,0.2,2.35));
#16406=CARTESIAN_POINT('',(3.,0.2,2.35));
#16407=CARTESIAN_POINT('',(2.75,0.1,2.75));
#16408=CARTESIAN_POINT('',(2.75,0.1,2.75));
#16409=CARTESIAN_POINT('',(2.75,0.2,2.75));
#16410=CARTESIAN_POINT('',(2.75,0.2,2.75));
#16411=CARTESIAN_POINT('',(2.75,0.2,2.35));
#16412=CARTESIAN_POINT('',(2.75,0.2,2.35));
#16413=CARTESIAN_POINT('',(2.25,0.1,2.75));
#16414=CARTESIAN_POINT('',(2.25,0.1,2.75));
#16415=CARTESIAN_POINT('',(2.25,0.2,2.75));
#16416=CARTESIAN_POINT('',(2.25,0.2,2.75));
#16417=CARTESIAN_POINT('',(2.75,0.2,2.75));
#16418=CARTESIAN_POINT('',(2.75,0.2,2.75));
#16419=CARTESIAN_POINT('',(2.25,0.1,2.35));
#16420=CARTESIAN_POINT('',(2.25,0.1,2.35));
#16421=CARTESIAN_POINT('',(2.25,0.2,2.35));
#16422=CARTESIAN_POINT('',(2.25,0.2,2.35));
#16423=CARTESIAN_POINT('',(2.25,0.2,2.75));
#16424=CARTESIAN_POINT('',(2.25,0.2,2.75));
#16425=CARTESIAN_POINT('',(2.,0.1,2.35));
#16426=CARTESIAN_POINT('',(2.25,0.2,2.35));
#16427=CARTESIAN_POINT('',(2.25,0.2,2.35));
#16428=CARTESIAN_POINT('',(-5.,0.2,0.));
#16429=CARTESIAN_POINT('',(3.25,0.2,2.35));
#16430=CARTESIAN_POINT('',(3.25,0.2,2.35));
#16431=CARTESIAN_POINT('',(3.25,0.1,2.35));
#16432=CARTESIAN_POINT('',(3.25,0.1,0.899999999999995));
#16433=CARTESIAN_POINT('',(3.25,0.1,0.899999999999995));
#16434=CARTESIAN_POINT('',(3.25,0.2,0.899999999999995));
#16435=CARTESIAN_POINT('',(3.25,0.2,0.899999999999995));
#16436=CARTESIAN_POINT('',(3.25,0.2,2.35));
#16437=CARTESIAN_POINT('',(3.25,0.2,2.35));
#16438=CARTESIAN_POINT('',(3.55,0.1,0.899999999999996));
#16439=CARTESIAN_POINT('',(3.55,0.1,0.899999999999996));
#16440=CARTESIAN_POINT('',(3.55,0.2,0.899999999999996));
#16441=CARTESIAN_POINT('',(3.55,0.2,0.899999999999996));
#16442=CARTESIAN_POINT('',(3.25,0.2,0.899999999999996));
#16443=CARTESIAN_POINT('',(3.25,0.2,0.899999999999996));
#16444=CARTESIAN_POINT('',(3.55,0.1,0.749999999999996));
#16445=CARTESIAN_POINT('',(3.55,0.1,0.749999999999996));
#16446=CARTESIAN_POINT('',(3.55,0.2,0.749999999999996));
#16447=CARTESIAN_POINT('',(3.55,0.2,0.749999999999996));
#16448=CARTESIAN_POINT('',(3.55,0.2,0.899999999999996));
#16449=CARTESIAN_POINT('',(3.55,0.2,0.899999999999996));
#16450=CARTESIAN_POINT('',(3.95,0.1,0.749999999999996));
#16451=CARTESIAN_POINT('',(3.95,0.1,0.749999999999996));
#16452=CARTESIAN_POINT('',(3.95,0.2,0.749999999999996));
#16453=CARTESIAN_POINT('',(3.95,0.2,0.749999999999996));
#16454=CARTESIAN_POINT('',(3.55,0.2,0.749999999999996));
#16455=CARTESIAN_POINT('',(3.55,0.2,0.749999999999996));
#16456=CARTESIAN_POINT('',(3.95,0.1,0.899999999999996));
#16457=CARTESIAN_POINT('',(3.95,0.1,0.899999999999996));
#16458=CARTESIAN_POINT('',(3.95,0.2,0.899999999999996));
#16459=CARTESIAN_POINT('',(3.95,0.2,0.899999999999996));
#16460=CARTESIAN_POINT('',(3.95,0.2,0.749999999999996));
#16461=CARTESIAN_POINT('',(3.95,0.2,0.749999999999996));
#16462=CARTESIAN_POINT('',(4.25,0.1,0.899999999999996));
#16463=CARTESIAN_POINT('',(4.25,0.1,0.899999999999996));
#16464=CARTESIAN_POINT('',(4.25,0.2,0.899999999999996));
#16465=CARTESIAN_POINT('',(4.25,0.2,0.899999999999996));
#16466=CARTESIAN_POINT('',(3.95,0.2,0.899999999999996));
#16467=CARTESIAN_POINT('',(3.95,0.2,0.899999999999996));
#16468=CARTESIAN_POINT('',(4.25,0.1,2.35));
#16469=CARTESIAN_POINT('',(4.25,0.1,2.35));
#16470=CARTESIAN_POINT('',(4.25,0.2,2.35));
#16471=CARTESIAN_POINT('',(4.25,0.2,2.35));
#16472=CARTESIAN_POINT('',(4.25,0.2,0.899999999999996));
#16473=CARTESIAN_POINT('',(4.25,0.2,0.899999999999996));
#16474=CARTESIAN_POINT('',(4.,0.1,2.35));
#16475=CARTESIAN_POINT('',(4.,0.1,2.35));
#16476=CARTESIAN_POINT('',(4.,0.2,2.35));
#16477=CARTESIAN_POINT('',(4.,0.2,2.35));
#16478=CARTESIAN_POINT('',(4.25,0.2,2.35));
#16479=CARTESIAN_POINT('',(4.25,0.2,2.35));
#16480=CARTESIAN_POINT('',(4.,0.1,2.75));
#16481=CARTESIAN_POINT('',(4.,0.1,2.75));
#16482=CARTESIAN_POINT('',(4.,0.2,2.75));
#16483=CARTESIAN_POINT('',(4.,0.2,2.75));
#16484=CARTESIAN_POINT('',(4.,0.2,2.35));
#16485=CARTESIAN_POINT('',(4.,0.2,2.35));
#16486=CARTESIAN_POINT('',(3.5,0.1,2.75));
#16487=CARTESIAN_POINT('',(3.5,0.1,2.75));
#16488=CARTESIAN_POINT('',(3.5,0.2,2.75));
#16489=CARTESIAN_POINT('',(3.5,0.2,2.75));
#16490=CARTESIAN_POINT('',(4.,0.2,2.75));
#16491=CARTESIAN_POINT('',(4.,0.2,2.75));
#16492=CARTESIAN_POINT('',(3.5,0.1,2.35));
#16493=CARTESIAN_POINT('',(3.5,0.1,2.35));
#16494=CARTESIAN_POINT('',(3.5,0.2,2.35));
#16495=CARTESIAN_POINT('',(3.5,0.2,2.35));
#16496=CARTESIAN_POINT('',(3.5,0.2,2.75));
#16497=CARTESIAN_POINT('',(3.5,0.2,2.75));
#16498=CARTESIAN_POINT('',(3.25,0.1,2.35));
#16499=CARTESIAN_POINT('',(3.5,0.2,2.35));
#16500=CARTESIAN_POINT('',(3.5,0.2,2.35));
#16501=CARTESIAN_POINT('',(-3.75,0.2,0.));
#16502=CARTESIAN_POINT('',(4.5,0.2,2.35));
#16503=CARTESIAN_POINT('',(4.5,0.2,2.35));
#16504=CARTESIAN_POINT('',(4.5,0.1,2.35));
#16505=CARTESIAN_POINT('',(4.5,0.1,0.899999999999995));
#16506=CARTESIAN_POINT('',(4.5,0.1,0.899999999999995));
#16507=CARTESIAN_POINT('',(4.5,0.2,0.899999999999995));
#16508=CARTESIAN_POINT('',(4.5,0.2,0.899999999999995));
#16509=CARTESIAN_POINT('',(4.5,0.2,2.35));
#16510=CARTESIAN_POINT('',(4.5,0.2,2.35));
#16511=CARTESIAN_POINT('',(4.8,0.1,0.899999999999996));
#16512=CARTESIAN_POINT('',(4.8,0.1,0.899999999999996));
#16513=CARTESIAN_POINT('',(4.8,0.2,0.899999999999996));
#16514=CARTESIAN_POINT('',(4.8,0.2,0.899999999999996));
#16515=CARTESIAN_POINT('',(4.5,0.2,0.899999999999996));
#16516=CARTESIAN_POINT('',(4.5,0.2,0.899999999999996));
#16517=CARTESIAN_POINT('',(4.8,0.1,0.749999999999996));
#16518=CARTESIAN_POINT('',(4.8,0.1,0.749999999999996));
#16519=CARTESIAN_POINT('',(4.8,0.2,0.749999999999996));
#16520=CARTESIAN_POINT('',(4.8,0.2,0.749999999999996));
#16521=CARTESIAN_POINT('',(4.8,0.2,0.899999999999996));
#16522=CARTESIAN_POINT('',(4.8,0.2,0.899999999999996));
#16523=CARTESIAN_POINT('',(5.2,0.1,0.749999999999996));
#16524=CARTESIAN_POINT('',(5.2,0.1,0.749999999999996));
#16525=CARTESIAN_POINT('',(5.2,0.2,0.749999999999996));
#16526=CARTESIAN_POINT('',(5.2,0.2,0.749999999999996));
#16527=CARTESIAN_POINT('',(4.8,0.2,0.749999999999996));
#16528=CARTESIAN_POINT('',(4.8,0.2,0.749999999999996));
#16529=CARTESIAN_POINT('',(5.2,0.1,0.899999999999996));
#16530=CARTESIAN_POINT('',(5.2,0.1,0.899999999999996));
#16531=CARTESIAN_POINT('',(5.2,0.2,0.899999999999996));
#16532=CARTESIAN_POINT('',(5.2,0.2,0.899999999999996));
#16533=CARTESIAN_POINT('',(5.2,0.2,0.749999999999996));
#16534=CARTESIAN_POINT('',(5.2,0.2,0.749999999999996));
#16535=CARTESIAN_POINT('',(5.5,0.1,0.899999999999996));
#16536=CARTESIAN_POINT('',(5.5,0.1,0.899999999999996));
#16537=CARTESIAN_POINT('',(5.5,0.2,0.899999999999996));
#16538=CARTESIAN_POINT('',(5.5,0.2,0.899999999999996));
#16539=CARTESIAN_POINT('',(5.2,0.2,0.899999999999996));
#16540=CARTESIAN_POINT('',(5.2,0.2,0.899999999999996));
#16541=CARTESIAN_POINT('',(5.5,0.1,2.35));
#16542=CARTESIAN_POINT('',(5.5,0.1,2.35));
#16543=CARTESIAN_POINT('',(5.5,0.2,2.35));
#16544=CARTESIAN_POINT('',(5.5,0.2,2.35));
#16545=CARTESIAN_POINT('',(5.5,0.2,0.899999999999996));
#16546=CARTESIAN_POINT('',(5.5,0.2,0.899999999999996));
#16547=CARTESIAN_POINT('',(5.25,0.1,2.35));
#16548=CARTESIAN_POINT('',(5.25,0.1,2.35));
#16549=CARTESIAN_POINT('',(5.25,0.2,2.35));
#16550=CARTESIAN_POINT('',(5.25,0.2,2.35));
#16551=CARTESIAN_POINT('',(5.5,0.2,2.35));
#16552=CARTESIAN_POINT('',(5.5,0.2,2.35));
#16553=CARTESIAN_POINT('',(5.25,0.1,2.75));
#16554=CARTESIAN_POINT('',(5.25,0.1,2.75));
#16555=CARTESIAN_POINT('',(5.25,0.2,2.75));
#16556=CARTESIAN_POINT('',(5.25,0.2,2.75));
#16557=CARTESIAN_POINT('',(5.25,0.2,2.35));
#16558=CARTESIAN_POINT('',(5.25,0.2,2.35));
#16559=CARTESIAN_POINT('',(4.75,0.1,2.75));
#16560=CARTESIAN_POINT('',(4.75,0.1,2.75));
#16561=CARTESIAN_POINT('',(4.75,0.2,2.75));
#16562=CARTESIAN_POINT('',(4.75,0.2,2.75));
#16563=CARTESIAN_POINT('',(5.25,0.2,2.75));
#16564=CARTESIAN_POINT('',(5.25,0.2,2.75));
#16565=CARTESIAN_POINT('',(4.75,0.1,2.35));
#16566=CARTESIAN_POINT('',(4.75,0.1,2.35));
#16567=CARTESIAN_POINT('',(4.75,0.2,2.35));
#16568=CARTESIAN_POINT('',(4.75,0.2,2.35));
#16569=CARTESIAN_POINT('',(4.75,0.2,2.75));
#16570=CARTESIAN_POINT('',(4.75,0.2,2.75));
#16571=CARTESIAN_POINT('',(4.5,0.1,2.35));
#16572=CARTESIAN_POINT('',(4.75,0.2,2.35));
#16573=CARTESIAN_POINT('',(4.75,0.2,2.35));
#16574=CARTESIAN_POINT('',(-2.5,0.2,0.));
#16575=CARTESIAN_POINT('',(5.75,0.2,2.35));
#16576=CARTESIAN_POINT('',(5.75,0.2,2.35));
#16577=CARTESIAN_POINT('',(5.75,0.1,2.35));
#16578=CARTESIAN_POINT('',(5.75,0.1,0.899999999999995));
#16579=CARTESIAN_POINT('',(5.75,0.1,0.899999999999995));
#16580=CARTESIAN_POINT('',(5.75,0.2,0.899999999999995));
#16581=CARTESIAN_POINT('',(5.75,0.2,0.899999999999995));
#16582=CARTESIAN_POINT('',(5.75,0.2,2.35));
#16583=CARTESIAN_POINT('',(5.75,0.2,2.35));
#16584=CARTESIAN_POINT('',(6.05,0.1,0.899999999999996));
#16585=CARTESIAN_POINT('',(6.05,0.1,0.899999999999996));
#16586=CARTESIAN_POINT('',(6.05,0.2,0.899999999999996));
#16587=CARTESIAN_POINT('',(6.05,0.2,0.899999999999996));
#16588=CARTESIAN_POINT('',(5.75,0.2,0.899999999999996));
#16589=CARTESIAN_POINT('',(5.75,0.2,0.899999999999996));
#16590=CARTESIAN_POINT('',(6.05,0.1,0.749999999999996));
#16591=CARTESIAN_POINT('',(6.05,0.1,0.749999999999996));
#16592=CARTESIAN_POINT('',(6.05,0.2,0.749999999999996));
#16593=CARTESIAN_POINT('',(6.05,0.2,0.749999999999996));
#16594=CARTESIAN_POINT('',(6.05,0.2,0.899999999999996));
#16595=CARTESIAN_POINT('',(6.05,0.2,0.899999999999996));
#16596=CARTESIAN_POINT('',(6.45,0.1,0.749999999999996));
#16597=CARTESIAN_POINT('',(6.45,0.1,0.749999999999996));
#16598=CARTESIAN_POINT('',(6.45,0.2,0.749999999999996));
#16599=CARTESIAN_POINT('',(6.45,0.2,0.749999999999996));
#16600=CARTESIAN_POINT('',(6.05,0.2,0.749999999999996));
#16601=CARTESIAN_POINT('',(6.05,0.2,0.749999999999996));
#16602=CARTESIAN_POINT('',(6.45,0.1,0.899999999999996));
#16603=CARTESIAN_POINT('',(6.45,0.1,0.899999999999996));
#16604=CARTESIAN_POINT('',(6.45,0.2,0.899999999999996));
#16605=CARTESIAN_POINT('',(6.45,0.2,0.899999999999996));
#16606=CARTESIAN_POINT('',(6.45,0.2,0.749999999999996));
#16607=CARTESIAN_POINT('',(6.45,0.2,0.749999999999996));
#16608=CARTESIAN_POINT('',(6.75,0.1,0.899999999999996));
#16609=CARTESIAN_POINT('',(6.75,0.1,0.899999999999996));
#16610=CARTESIAN_POINT('',(6.75,0.2,0.899999999999996));
#16611=CARTESIAN_POINT('',(6.75,0.2,0.899999999999996));
#16612=CARTESIAN_POINT('',(6.45,0.2,0.899999999999996));
#16613=CARTESIAN_POINT('',(6.45,0.2,0.899999999999996));
#16614=CARTESIAN_POINT('',(6.75,0.1,2.35));
#16615=CARTESIAN_POINT('',(6.75,0.1,2.35));
#16616=CARTESIAN_POINT('',(6.75,0.2,2.35));
#16617=CARTESIAN_POINT('',(6.75,0.2,2.35));
#16618=CARTESIAN_POINT('',(6.75,0.2,0.899999999999996));
#16619=CARTESIAN_POINT('',(6.75,0.2,0.899999999999996));
#16620=CARTESIAN_POINT('',(6.5,0.1,2.35));
#16621=CARTESIAN_POINT('',(6.5,0.1,2.35));
#16622=CARTESIAN_POINT('',(6.5,0.2,2.35));
#16623=CARTESIAN_POINT('',(6.5,0.2,2.35));
#16624=CARTESIAN_POINT('',(6.75,0.2,2.35));
#16625=CARTESIAN_POINT('',(6.75,0.2,2.35));
#16626=CARTESIAN_POINT('',(6.5,0.1,2.75));
#16627=CARTESIAN_POINT('',(6.5,0.1,2.75));
#16628=CARTESIAN_POINT('',(6.5,0.2,2.75));
#16629=CARTESIAN_POINT('',(6.5,0.2,2.75));
#16630=CARTESIAN_POINT('',(6.5,0.2,2.35));
#16631=CARTESIAN_POINT('',(6.5,0.2,2.35));
#16632=CARTESIAN_POINT('',(6.,0.1,2.75));
#16633=CARTESIAN_POINT('',(6.,0.1,2.75));
#16634=CARTESIAN_POINT('',(6.,0.2,2.75));
#16635=CARTESIAN_POINT('',(6.,0.2,2.75));
#16636=CARTESIAN_POINT('',(6.5,0.2,2.75));
#16637=CARTESIAN_POINT('',(6.5,0.2,2.75));
#16638=CARTESIAN_POINT('',(6.,0.1,2.35));
#16639=CARTESIAN_POINT('',(6.,0.1,2.35));
#16640=CARTESIAN_POINT('',(6.,0.2,2.35));
#16641=CARTESIAN_POINT('',(6.,0.2,2.35));
#16642=CARTESIAN_POINT('',(6.,0.2,2.75));
#16643=CARTESIAN_POINT('',(6.,0.2,2.75));
#16644=CARTESIAN_POINT('',(5.75,0.1,2.35));
#16645=CARTESIAN_POINT('',(6.,0.2,2.35));
#16646=CARTESIAN_POINT('',(6.,0.2,2.35));
#16647=CARTESIAN_POINT('',(-1.25,0.2,0.));
#16648=CARTESIAN_POINT('',(-7.7,3.6,-1.21));
#16649=CARTESIAN_POINT('',(-7.7,3.2,-1.21));
#16650=CARTESIAN_POINT('',(-7.7,3.2,-1.21));
#16651=CARTESIAN_POINT('',(-7.3,3.6,-1.21));
#16652=CARTESIAN_POINT('',(-7.7,3.6,-1.21));
#16653=CARTESIAN_POINT('',(-7.3,3.2,-1.21));
#16654=CARTESIAN_POINT('',(-7.3,3.6,-1.21));
#16655=CARTESIAN_POINT('',(-7.3,3.2,-1.21));
#16656=CARTESIAN_POINT('',(-8.,2.8,-1.21));
#16657=CARTESIAN_POINT('',(-6.45,3.6,-1.21));
#16658=CARTESIAN_POINT('',(-6.45,3.2,-1.21));
#16659=CARTESIAN_POINT('',(-6.45,3.2,-1.21));
#16660=CARTESIAN_POINT('',(-6.05,3.6,-1.21));
#16661=CARTESIAN_POINT('',(-6.45,3.6,-1.21));
#16662=CARTESIAN_POINT('',(-6.05,3.2,-1.21));
#16663=CARTESIAN_POINT('',(-6.05,3.6,-1.21));
#16664=CARTESIAN_POINT('',(-6.05,3.2,-1.21));
#16665=CARTESIAN_POINT('',(-6.75,2.8,-1.21));
#16666=CARTESIAN_POINT('',(-5.2,3.6,-1.21));
#16667=CARTESIAN_POINT('',(-5.2,3.2,-1.21));
#16668=CARTESIAN_POINT('',(-5.2,3.2,-1.21));
#16669=CARTESIAN_POINT('',(-4.8,3.6,-1.21));
#16670=CARTESIAN_POINT('',(-5.2,3.6,-1.21));
#16671=CARTESIAN_POINT('',(-4.8,3.2,-1.21));
#16672=CARTESIAN_POINT('',(-4.8,3.6,-1.21));
#16673=CARTESIAN_POINT('',(-4.8,3.2,-1.21));
#16674=CARTESIAN_POINT('',(-5.5,2.8,-1.21));
#16675=CARTESIAN_POINT('',(-3.95,3.6,-1.21));
#16676=CARTESIAN_POINT('',(-3.95,3.2,-1.21));
#16677=CARTESIAN_POINT('',(-3.95,3.2,-1.21));
#16678=CARTESIAN_POINT('',(-3.55,3.6,-1.21));
#16679=CARTESIAN_POINT('',(-3.95,3.6,-1.21));
#16680=CARTESIAN_POINT('',(-3.55,3.2,-1.21));
#16681=CARTESIAN_POINT('',(-3.55,3.6,-1.21));
#16682=CARTESIAN_POINT('',(-3.55,3.2,-1.21));
#16683=CARTESIAN_POINT('',(-4.25,2.8,-1.21));
#16684=CARTESIAN_POINT('',(-2.7,3.6,-1.21));
#16685=CARTESIAN_POINT('',(-2.7,3.2,-1.21));
#16686=CARTESIAN_POINT('',(-2.7,3.2,-1.21));
#16687=CARTESIAN_POINT('',(-2.3,3.6,-1.21));
#16688=CARTESIAN_POINT('',(-2.7,3.6,-1.21));
#16689=CARTESIAN_POINT('',(-2.3,3.2,-1.21));
#16690=CARTESIAN_POINT('',(-2.3,3.6,-1.21));
#16691=CARTESIAN_POINT('',(-2.3,3.2,-1.21));
#16692=CARTESIAN_POINT('',(-3.,2.8,-1.21));
#16693=CARTESIAN_POINT('',(-1.45,3.6,-1.21));
#16694=CARTESIAN_POINT('',(-1.45,3.2,-1.21));
#16695=CARTESIAN_POINT('',(-1.45,3.2,-1.21));
#16696=CARTESIAN_POINT('',(-1.05,3.6,-1.21));
#16697=CARTESIAN_POINT('',(-1.45,3.6,-1.21));
#16698=CARTESIAN_POINT('',(-1.05,3.2,-1.21));
#16699=CARTESIAN_POINT('',(-1.05,3.6,-1.21));
#16700=CARTESIAN_POINT('',(-1.05,3.2,-1.21));
#16701=CARTESIAN_POINT('',(-1.75,2.8,-1.21));
#16702=CARTESIAN_POINT('',(-0.2,3.6,-1.21));
#16703=CARTESIAN_POINT('',(-0.2,3.2,-1.21));
#16704=CARTESIAN_POINT('',(-0.2,3.2,-1.21));
#16705=CARTESIAN_POINT('',(0.200000000000001,3.6,-1.21));
#16706=CARTESIAN_POINT('',(-0.2,3.6,-1.21));
#16707=CARTESIAN_POINT('',(0.200000000000001,3.2,-1.21));
#16708=CARTESIAN_POINT('',(0.200000000000001,3.6,-1.21));
#16709=CARTESIAN_POINT('',(0.200000000000001,3.2,-1.21));
#16710=CARTESIAN_POINT('',(-0.5,2.8,-1.21));
#16711=CARTESIAN_POINT('',(1.05,3.6,-1.21));
#16712=CARTESIAN_POINT('',(1.05,3.2,-1.21));
#16713=CARTESIAN_POINT('',(1.05,3.2,-1.21));
#16714=CARTESIAN_POINT('',(1.45,3.6,-1.21));
#16715=CARTESIAN_POINT('',(1.05,3.6,-1.21));
#16716=CARTESIAN_POINT('',(1.45,3.2,-1.21));
#16717=CARTESIAN_POINT('',(1.45,3.6,-1.21));
#16718=CARTESIAN_POINT('',(1.45,3.2,-1.21));
#16719=CARTESIAN_POINT('',(0.75,2.8,-1.21));
#16720=CARTESIAN_POINT('',(2.3,3.6,-1.21));
#16721=CARTESIAN_POINT('',(2.3,3.2,-1.21));
#16722=CARTESIAN_POINT('',(2.3,3.2,-1.21));
#16723=CARTESIAN_POINT('',(2.7,3.6,-1.21));
#16724=CARTESIAN_POINT('',(2.3,3.6,-1.21));
#16725=CARTESIAN_POINT('',(2.7,3.2,-1.21));
#16726=CARTESIAN_POINT('',(2.7,3.6,-1.21));
#16727=CARTESIAN_POINT('',(2.7,3.2,-1.21));
#16728=CARTESIAN_POINT('',(2.,2.8,-1.21));
#16729=CARTESIAN_POINT('',(3.55,3.6,-1.21));
#16730=CARTESIAN_POINT('',(3.55,3.2,-1.21));
#16731=CARTESIAN_POINT('',(3.55,3.2,-1.21));
#16732=CARTESIAN_POINT('',(3.95,3.6,-1.21));
#16733=CARTESIAN_POINT('',(3.55,3.6,-1.21));
#16734=CARTESIAN_POINT('',(3.95,3.2,-1.21));
#16735=CARTESIAN_POINT('',(3.95,3.6,-1.21));
#16736=CARTESIAN_POINT('',(3.95,3.2,-1.21));
#16737=CARTESIAN_POINT('',(3.25,2.8,-1.21));
#16738=CARTESIAN_POINT('',(4.8,3.6,-1.21));
#16739=CARTESIAN_POINT('',(4.8,3.2,-1.21));
#16740=CARTESIAN_POINT('',(4.8,3.2,-1.21));
#16741=CARTESIAN_POINT('',(5.2,3.6,-1.21));
#16742=CARTESIAN_POINT('',(4.8,3.6,-1.21));
#16743=CARTESIAN_POINT('',(5.2,3.2,-1.21));
#16744=CARTESIAN_POINT('',(5.2,3.6,-1.21));
#16745=CARTESIAN_POINT('',(5.2,3.2,-1.21));
#16746=CARTESIAN_POINT('',(4.5,2.8,-1.21));
#16747=CARTESIAN_POINT('',(6.05,3.6,-1.21));
#16748=CARTESIAN_POINT('',(6.05,3.2,-1.21));
#16749=CARTESIAN_POINT('',(6.05,3.2,-1.21));
#16750=CARTESIAN_POINT('',(6.45,3.6,-1.21));
#16751=CARTESIAN_POINT('',(6.05,3.6,-1.21));
#16752=CARTESIAN_POINT('',(6.45,3.2,-1.21));
#16753=CARTESIAN_POINT('',(6.45,3.6,-1.21));
#16754=CARTESIAN_POINT('',(6.45,3.2,-1.21));
#16755=CARTESIAN_POINT('',(5.75,2.8,-1.21));
#16756=CARTESIAN_POINT('',(-7.3,0.1,0.749999999999996));
#16757=CARTESIAN_POINT('',(-7.27,0.0480384757729337,0.869999999999996));
#16758=CARTESIAN_POINT('',(-7.3,0.1,0.749999999999996));
#16759=CARTESIAN_POINT('',(-7.,0.1,0.899999999999996));
#16760=CARTESIAN_POINT('',(-7.3,0.1,0.899999999999996));
#16761=CARTESIAN_POINT('',(-7.7,0.1,0.749999999999996));
#16762=CARTESIAN_POINT('',(-7.7,0.1,0.749999999999996));
#16763=CARTESIAN_POINT('',(-7.,0.1,2.35));
#16764=CARTESIAN_POINT('',(-7.,0.1,0.899999999999996));
#16765=CARTESIAN_POINT('',(-7.76,-0.00392304845413187,0.839999999999996));
#16766=CARTESIAN_POINT('',(-7.7,0.1,0.899999999999996));
#16767=CARTESIAN_POINT('',(-7.2,0.0133974596215561,2.4));
#16768=CARTESIAN_POINT('',(-7.,0.1,2.35));
#16769=CARTESIAN_POINT('',(-8.,0.1,0.899999999999996));
#16770=CARTESIAN_POINT('',(-8.,0.1,0.899999999999996));
#16771=CARTESIAN_POINT('',(-7.25,0.1,2.75));
#16772=CARTESIAN_POINT('',(-7.25,0.1,2.35));
#16773=CARTESIAN_POINT('',(-8.,0.1,2.35));
#16774=CARTESIAN_POINT('',(-8.,0.1,2.35));
#16775=CARTESIAN_POINT('',(-7.75,0.1,2.75));
#16776=CARTESIAN_POINT('',(-7.25,0.1,2.75));
#16777=CARTESIAN_POINT('',(-7.75,0.1,2.35));
#16778=CARTESIAN_POINT('',(-7.75,0.1,2.35));
#16779=CARTESIAN_POINT('',(-7.75,0.1,2.75));
#16780=CARTESIAN_POINT('',(-6.05,0.1,0.749999999999996));
#16781=CARTESIAN_POINT('',(-6.02,0.0480384757729337,0.869999999999996));
#16782=CARTESIAN_POINT('',(-6.05,0.1,0.749999999999996));
#16783=CARTESIAN_POINT('',(-5.75,0.1,0.899999999999996));
#16784=CARTESIAN_POINT('',(-6.05,0.1,0.899999999999996));
#16785=CARTESIAN_POINT('',(-6.45,0.1,0.749999999999996));
#16786=CARTESIAN_POINT('',(-6.45,0.1,0.749999999999996));
#16787=CARTESIAN_POINT('',(-5.75,0.1,2.35));
#16788=CARTESIAN_POINT('',(-5.75,0.1,0.899999999999996));
#16789=CARTESIAN_POINT('',(-6.51,-0.00392304845413218,0.839999999999996));
#16790=CARTESIAN_POINT('',(-6.45,0.1,0.899999999999996));
#16791=CARTESIAN_POINT('',(-5.95,0.0133974596215561,2.4));
#16792=CARTESIAN_POINT('',(-5.75,0.1,2.35));
#16793=CARTESIAN_POINT('',(-6.75,0.1,0.899999999999996));
#16794=CARTESIAN_POINT('',(-6.75,0.1,0.899999999999996));
#16795=CARTESIAN_POINT('',(-6.,0.1,2.75));
#16796=CARTESIAN_POINT('',(-6.,0.1,2.35));
#16797=CARTESIAN_POINT('',(-6.75,0.1,2.35));
#16798=CARTESIAN_POINT('',(-6.75,0.1,2.35));
#16799=CARTESIAN_POINT('',(-6.5,0.1,2.75));
#16800=CARTESIAN_POINT('',(-6.,0.1,2.75));
#16801=CARTESIAN_POINT('',(-6.5,0.1,2.35));
#16802=CARTESIAN_POINT('',(-6.5,0.1,2.35));
#16803=CARTESIAN_POINT('',(-6.5,0.1,2.75));
#16804=CARTESIAN_POINT('',(-4.8,0.1,0.749999999999996));
#16805=CARTESIAN_POINT('',(-4.77,0.0480384757729337,0.869999999999996));
#16806=CARTESIAN_POINT('',(-4.8,0.1,0.749999999999996));
#16807=CARTESIAN_POINT('',(-4.5,0.1,0.899999999999996));
#16808=CARTESIAN_POINT('',(-4.8,0.1,0.899999999999996));
#16809=CARTESIAN_POINT('',(-5.2,0.1,0.749999999999996));
#16810=CARTESIAN_POINT('',(-5.2,0.1,0.749999999999996));
#16811=CARTESIAN_POINT('',(-4.5,0.1,2.35));
#16812=CARTESIAN_POINT('',(-4.5,0.1,0.899999999999996));
#16813=CARTESIAN_POINT('',(-5.26,-0.00392304845413218,0.839999999999996));
#16814=CARTESIAN_POINT('',(-5.2,0.1,0.899999999999996));
#16815=CARTESIAN_POINT('',(-4.7,0.0133974596215561,2.4));
#16816=CARTESIAN_POINT('',(-4.5,0.1,2.35));
#16817=CARTESIAN_POINT('',(-5.5,0.1,0.899999999999996));
#16818=CARTESIAN_POINT('',(-5.5,0.1,0.899999999999996));
#16819=CARTESIAN_POINT('',(-4.75,0.1,2.75));
#16820=CARTESIAN_POINT('',(-4.75,0.1,2.35));
#16821=CARTESIAN_POINT('',(-5.5,0.1,2.35));
#16822=CARTESIAN_POINT('',(-5.5,0.1,2.35));
#16823=CARTESIAN_POINT('',(-5.25,0.1,2.75));
#16824=CARTESIAN_POINT('',(-4.75,0.1,2.75));
#16825=CARTESIAN_POINT('',(-5.25,0.1,2.35));
#16826=CARTESIAN_POINT('',(-5.25,0.1,2.35));
#16827=CARTESIAN_POINT('',(-5.25,0.1,2.75));
#16828=CARTESIAN_POINT('',(-3.55,0.1,0.749999999999996));
#16829=CARTESIAN_POINT('',(-3.52,0.0480384757729337,0.869999999999996));
#16830=CARTESIAN_POINT('',(-3.55,0.1,0.749999999999996));
#16831=CARTESIAN_POINT('',(-3.25,0.1,0.899999999999996));
#16832=CARTESIAN_POINT('',(-3.55,0.1,0.899999999999996));
#16833=CARTESIAN_POINT('',(-3.95,0.1,0.749999999999996));
#16834=CARTESIAN_POINT('',(-3.95,0.1,0.749999999999996));
#16835=CARTESIAN_POINT('',(-3.25,0.1,2.35));
#16836=CARTESIAN_POINT('',(-3.25,0.1,0.899999999999996));
#16837=CARTESIAN_POINT('',(-4.01,-0.00392304845413218,0.839999999999996));
#16838=CARTESIAN_POINT('',(-3.95,0.1,0.899999999999996));
#16839=CARTESIAN_POINT('',(-3.45,0.0133974596215561,2.4));
#16840=CARTESIAN_POINT('',(-3.25,0.1,2.35));
#16841=CARTESIAN_POINT('',(-4.25,0.1,0.899999999999996));
#16842=CARTESIAN_POINT('',(-4.25,0.1,0.899999999999996));
#16843=CARTESIAN_POINT('',(-3.5,0.1,2.75));
#16844=CARTESIAN_POINT('',(-3.5,0.1,2.35));
#16845=CARTESIAN_POINT('',(-4.25,0.1,2.35));
#16846=CARTESIAN_POINT('',(-4.25,0.1,2.35));
#16847=CARTESIAN_POINT('',(-4.,0.1,2.75));
#16848=CARTESIAN_POINT('',(-3.5,0.1,2.75));
#16849=CARTESIAN_POINT('',(-4.,0.1,2.35));
#16850=CARTESIAN_POINT('',(-4.,0.1,2.35));
#16851=CARTESIAN_POINT('',(-4.,0.1,2.75));
#16852=CARTESIAN_POINT('',(-2.3,0.1,0.749999999999996));
#16853=CARTESIAN_POINT('',(-2.27,0.0480384757729337,0.869999999999996));
#16854=CARTESIAN_POINT('',(-2.3,0.1,0.749999999999996));
#16855=CARTESIAN_POINT('',(-2.,0.1,0.899999999999996));
#16856=CARTESIAN_POINT('',(-2.3,0.1,0.899999999999996));
#16857=CARTESIAN_POINT('',(-2.7,0.1,0.749999999999996));
#16858=CARTESIAN_POINT('',(-2.7,0.1,0.749999999999996));
#16859=CARTESIAN_POINT('',(-2.,0.1,2.35));
#16860=CARTESIAN_POINT('',(-2.,0.1,0.899999999999996));
#16861=CARTESIAN_POINT('',(-2.76,-0.00392304845413218,0.839999999999996));
#16862=CARTESIAN_POINT('',(-2.7,0.1,0.899999999999996));
#16863=CARTESIAN_POINT('',(-2.2,0.0133974596215561,2.4));
#16864=CARTESIAN_POINT('',(-2.,0.1,2.35));
#16865=CARTESIAN_POINT('',(-3.,0.1,0.899999999999996));
#16866=CARTESIAN_POINT('',(-3.,0.1,0.899999999999996));
#16867=CARTESIAN_POINT('',(-2.25,0.1,2.75));
#16868=CARTESIAN_POINT('',(-2.25,0.1,2.35));
#16869=CARTESIAN_POINT('',(-3.,0.1,2.35));
#16870=CARTESIAN_POINT('',(-3.,0.1,2.35));
#16871=CARTESIAN_POINT('',(-2.75,0.1,2.75));
#16872=CARTESIAN_POINT('',(-2.25,0.1,2.75));
#16873=CARTESIAN_POINT('',(-2.75,0.1,2.35));
#16874=CARTESIAN_POINT('',(-2.75,0.1,2.35));
#16875=CARTESIAN_POINT('',(-2.75,0.1,2.75));
#16876=CARTESIAN_POINT('',(-1.05,0.1,0.749999999999996));
#16877=CARTESIAN_POINT('',(-1.02,0.0480384757729337,0.869999999999996));
#16878=CARTESIAN_POINT('',(-1.05,0.1,0.749999999999996));
#16879=CARTESIAN_POINT('',(-0.750000000000002,0.1,0.899999999999996));
#16880=CARTESIAN_POINT('',(-1.05,0.1,0.899999999999996));
#16881=CARTESIAN_POINT('',(-1.45,0.1,0.749999999999996));
#16882=CARTESIAN_POINT('',(-1.45,0.1,0.749999999999996));
#16883=CARTESIAN_POINT('',(-0.750000000000002,0.1,2.35));
#16884=CARTESIAN_POINT('',(-0.750000000000002,0.1,0.899999999999996));
#16885=CARTESIAN_POINT('',(-1.51,-0.00392304845413218,0.839999999999996));
#16886=CARTESIAN_POINT('',(-1.45,0.1,0.899999999999996));
#16887=CARTESIAN_POINT('',(-0.950000000000003,0.0133974596215561,2.4));
#16888=CARTESIAN_POINT('',(-0.750000000000002,0.1,2.35));
#16889=CARTESIAN_POINT('',(-1.75,0.1,0.899999999999996));
#16890=CARTESIAN_POINT('',(-1.75,0.1,0.899999999999996));
#16891=CARTESIAN_POINT('',(-1.,0.1,2.75));
#16892=CARTESIAN_POINT('',(-1.,0.1,2.35));
#16893=CARTESIAN_POINT('',(-1.75,0.1,2.35));
#16894=CARTESIAN_POINT('',(-1.75,0.1,2.35));
#16895=CARTESIAN_POINT('',(-1.5,0.1,2.75));
#16896=CARTESIAN_POINT('',(-1.,0.1,2.75));
#16897=CARTESIAN_POINT('',(-1.5,0.1,2.35));
#16898=CARTESIAN_POINT('',(-1.5,0.1,2.35));
#16899=CARTESIAN_POINT('',(-1.5,0.1,2.75));
#16900=CARTESIAN_POINT('',(0.199999999999998,0.1,0.749999999999996));
#16901=CARTESIAN_POINT('',(0.229999999999998,0.0480384757729337,0.869999999999996));
#16902=CARTESIAN_POINT('',(0.199999999999998,0.1,0.749999999999996));
#16903=CARTESIAN_POINT('',(0.499999999999999,0.1,0.899999999999996));
#16904=CARTESIAN_POINT('',(0.199999999999998,0.1,0.899999999999996));
#16905=CARTESIAN_POINT('',(-0.200000000000002,0.1,0.749999999999996));
#16906=CARTESIAN_POINT('',(-0.200000000000002,0.1,0.749999999999996));
#16907=CARTESIAN_POINT('',(0.499999999999999,0.1,2.35));
#16908=CARTESIAN_POINT('',(0.499999999999999,0.1,0.899999999999996));
#16909=CARTESIAN_POINT('',(-0.260000000000003,-0.00392304845413312,0.839999999999995));
#16910=CARTESIAN_POINT('',(-0.200000000000002,0.1,0.899999999999996));
#16911=CARTESIAN_POINT('',(0.3,0.0133974596215553,2.4));
#16912=CARTESIAN_POINT('',(0.499999999999999,0.1,2.35));
#16913=CARTESIAN_POINT('',(-0.500000000000001,0.1,0.899999999999996));
#16914=CARTESIAN_POINT('',(-0.500000000000001,0.1,0.899999999999996));
#16915=CARTESIAN_POINT('',(0.249999999999999,0.1,2.75));
#16916=CARTESIAN_POINT('',(0.249999999999999,0.1,2.35));
#16917=CARTESIAN_POINT('',(-0.500000000000001,0.1,2.35));
#16918=CARTESIAN_POINT('',(-0.500000000000001,0.1,2.35));
#16919=CARTESIAN_POINT('',(-0.250000000000001,0.1,2.75));
#16920=CARTESIAN_POINT('',(0.249999999999999,0.1,2.75));
#16921=CARTESIAN_POINT('',(-0.250000000000001,0.1,2.35));
#16922=CARTESIAN_POINT('',(-0.250000000000001,0.1,2.35));
#16923=CARTESIAN_POINT('',(-0.250000000000001,0.1,2.75));
#16924=CARTESIAN_POINT('',(1.45,0.1,0.749999999999996));
#16925=CARTESIAN_POINT('',(1.48,0.0480384757729337,0.869999999999996));
#16926=CARTESIAN_POINT('',(1.45,0.1,0.749999999999996));
#16927=CARTESIAN_POINT('',(1.75,0.1,0.899999999999996));
#16928=CARTESIAN_POINT('',(1.45,0.1,0.899999999999996));
#16929=CARTESIAN_POINT('',(1.05,0.1,0.749999999999996));
#16930=CARTESIAN_POINT('',(1.05,0.1,0.749999999999996));
#16931=CARTESIAN_POINT('',(1.75,0.1,2.35));
#16932=CARTESIAN_POINT('',(1.75,0.1,0.899999999999996));
#16933=CARTESIAN_POINT('',(0.989999999999996,-0.00392304845413312,0.839999999999995));
#16934=CARTESIAN_POINT('',(1.05,0.1,0.899999999999996));
#16935=CARTESIAN_POINT('',(1.55,0.0133974596215553,2.4));
#16936=CARTESIAN_POINT('',(1.75,0.1,2.35));
#16937=CARTESIAN_POINT('',(0.749999999999998,0.1,0.899999999999996));
#16938=CARTESIAN_POINT('',(0.749999999999998,0.1,0.899999999999996));
#16939=CARTESIAN_POINT('',(1.5,0.1,2.75));
#16940=CARTESIAN_POINT('',(1.5,0.1,2.35));
#16941=CARTESIAN_POINT('',(0.749999999999998,0.1,2.35));
#16942=CARTESIAN_POINT('',(0.749999999999998,0.1,2.35));
#16943=CARTESIAN_POINT('',(0.999999999999998,0.1,2.75));
#16944=CARTESIAN_POINT('',(1.5,0.1,2.75));
#16945=CARTESIAN_POINT('',(0.999999999999998,0.1,2.35));
#16946=CARTESIAN_POINT('',(0.999999999999998,0.1,2.35));
#16947=CARTESIAN_POINT('',(0.999999999999998,0.1,2.75));
#16948=CARTESIAN_POINT('',(2.7,0.1,0.749999999999996));
#16949=CARTESIAN_POINT('',(2.73,0.048038475772934,0.869999999999996));
#16950=CARTESIAN_POINT('',(2.7,0.1,0.749999999999996));
#16951=CARTESIAN_POINT('',(3.,0.1,0.899999999999996));
#16952=CARTESIAN_POINT('',(2.7,0.1,0.899999999999996));
#16953=CARTESIAN_POINT('',(2.3,0.1,0.749999999999996));
#16954=CARTESIAN_POINT('',(2.3,0.1,0.749999999999996));
#16955=CARTESIAN_POINT('',(3.,0.1,2.35));
#16956=CARTESIAN_POINT('',(3.,0.1,0.899999999999996));
#16957=CARTESIAN_POINT('',(2.24,-0.00392304845413218,0.839999999999996));
#16958=CARTESIAN_POINT('',(2.3,0.1,0.899999999999996));
#16959=CARTESIAN_POINT('',(2.8,0.0133974596215561,2.4));
#16960=CARTESIAN_POINT('',(3.,0.1,2.35));
#16961=CARTESIAN_POINT('',(2.,0.1,0.899999999999996));
#16962=CARTESIAN_POINT('',(2.,0.1,0.899999999999996));
#16963=CARTESIAN_POINT('',(2.75,0.1,2.75));
#16964=CARTESIAN_POINT('',(2.75,0.1,2.35));
#16965=CARTESIAN_POINT('',(2.,0.1,2.35));
#16966=CARTESIAN_POINT('',(2.,0.1,2.35));
#16967=CARTESIAN_POINT('',(2.25,0.1,2.75));
#16968=CARTESIAN_POINT('',(2.75,0.1,2.75));
#16969=CARTESIAN_POINT('',(2.25,0.1,2.35));
#16970=CARTESIAN_POINT('',(2.25,0.1,2.35));
#16971=CARTESIAN_POINT('',(2.25,0.1,2.75));
#16972=CARTESIAN_POINT('',(3.95,0.1,0.749999999999996));
#16973=CARTESIAN_POINT('',(3.98,0.0480384757729337,0.869999999999996));
#16974=CARTESIAN_POINT('',(3.95,0.1,0.749999999999996));
#16975=CARTESIAN_POINT('',(4.25,0.1,0.899999999999996));
#16976=CARTESIAN_POINT('',(3.95,0.1,0.899999999999996));
#16977=CARTESIAN_POINT('',(3.55,0.1,0.749999999999996));
#16978=CARTESIAN_POINT('',(3.55,0.1,0.749999999999996));
#16979=CARTESIAN_POINT('',(4.25,0.1,2.35));
#16980=CARTESIAN_POINT('',(4.25,0.1,0.899999999999996));
#16981=CARTESIAN_POINT('',(3.49,-0.00392304845413312,0.839999999999995));
#16982=CARTESIAN_POINT('',(3.55,0.1,0.899999999999996));
#16983=CARTESIAN_POINT('',(4.05,0.0133974596215553,2.4));
#16984=CARTESIAN_POINT('',(4.25,0.1,2.35));
#16985=CARTESIAN_POINT('',(3.25,0.1,0.899999999999996));
#16986=CARTESIAN_POINT('',(3.25,0.1,0.899999999999996));
#16987=CARTESIAN_POINT('',(4.,0.1,2.75));
#16988=CARTESIAN_POINT('',(4.,0.1,2.35));
#16989=CARTESIAN_POINT('',(3.25,0.1,2.35));
#16990=CARTESIAN_POINT('',(3.25,0.1,2.35));
#16991=CARTESIAN_POINT('',(3.5,0.1,2.75));
#16992=CARTESIAN_POINT('',(4.,0.1,2.75));
#16993=CARTESIAN_POINT('',(3.5,0.1,2.35));
#16994=CARTESIAN_POINT('',(3.5,0.1,2.35));
#16995=CARTESIAN_POINT('',(3.5,0.1,2.75));
#16996=CARTESIAN_POINT('',(5.2,0.1,0.749999999999996));
#16997=CARTESIAN_POINT('',(5.23,0.048038475772934,0.869999999999996));
#16998=CARTESIAN_POINT('',(5.2,0.1,0.749999999999996));
#16999=CARTESIAN_POINT('',(5.5,0.1,0.899999999999996));
#17000=CARTESIAN_POINT('',(5.2,0.1,0.899999999999996));
#17001=CARTESIAN_POINT('',(4.8,0.1,0.749999999999996));
#17002=CARTESIAN_POINT('',(4.8,0.1,0.749999999999996));
#17003=CARTESIAN_POINT('',(5.5,0.1,2.35));
#17004=CARTESIAN_POINT('',(5.5,0.1,0.899999999999996));
#17005=CARTESIAN_POINT('',(4.74,-0.00392304845413285,0.839999999999996));
#17006=CARTESIAN_POINT('',(4.8,0.1,0.899999999999996));
#17007=CARTESIAN_POINT('',(5.3,0.0133974596215553,2.4));
#17008=CARTESIAN_POINT('',(5.5,0.1,2.35));
#17009=CARTESIAN_POINT('',(4.5,0.1,0.899999999999996));
#17010=CARTESIAN_POINT('',(4.5,0.1,0.899999999999996));
#17011=CARTESIAN_POINT('',(5.25,0.1,2.75));
#17012=CARTESIAN_POINT('',(5.25,0.1,2.35));
#17013=CARTESIAN_POINT('',(4.5,0.1,2.35));
#17014=CARTESIAN_POINT('',(4.5,0.1,2.35));
#17015=CARTESIAN_POINT('',(4.75,0.1,2.75));
#17016=CARTESIAN_POINT('',(5.25,0.1,2.75));
#17017=CARTESIAN_POINT('',(4.75,0.1,2.35));
#17018=CARTESIAN_POINT('',(4.75,0.1,2.35));
#17019=CARTESIAN_POINT('',(4.75,0.1,2.75));
#17020=CARTESIAN_POINT('',(6.45,0.1,0.749999999999996));
#17021=CARTESIAN_POINT('',(6.48,0.048038475772934,0.869999999999996));
#17022=CARTESIAN_POINT('',(6.45,0.1,0.749999999999996));
#17023=CARTESIAN_POINT('',(6.75,0.1,0.899999999999996));
#17024=CARTESIAN_POINT('',(6.45,0.1,0.899999999999996));
#17025=CARTESIAN_POINT('',(6.05,0.1,0.749999999999996));
#17026=CARTESIAN_POINT('',(6.05,0.1,0.749999999999996));
#17027=CARTESIAN_POINT('',(6.75,0.1,2.35));
#17028=CARTESIAN_POINT('',(6.75,0.1,0.899999999999996));
#17029=CARTESIAN_POINT('',(5.99,-0.00392304845413218,0.839999999999996));
#17030=CARTESIAN_POINT('',(6.05,0.1,0.899999999999996));
#17031=CARTESIAN_POINT('',(6.55,0.0133974596215561,2.4));
#17032=CARTESIAN_POINT('',(6.75,0.1,2.35));
#17033=CARTESIAN_POINT('',(5.75,0.1,0.899999999999996));
#17034=CARTESIAN_POINT('',(5.75,0.1,0.899999999999996));
#17035=CARTESIAN_POINT('',(6.5,0.1,2.75));
#17036=CARTESIAN_POINT('',(6.5,0.1,2.35));
#17037=CARTESIAN_POINT('',(5.75,0.1,2.35));
#17038=CARTESIAN_POINT('',(5.75,0.1,2.35));
#17039=CARTESIAN_POINT('',(6.,0.1,2.75));
#17040=CARTESIAN_POINT('',(6.5,0.1,2.75));
#17041=CARTESIAN_POINT('',(6.,0.1,2.35));
#17042=CARTESIAN_POINT('',(6.,0.1,2.35));
#17043=CARTESIAN_POINT('',(6.,0.1,2.75));
#17044=CARTESIAN_POINT('',(-7.675,3.8,1.75));
#17045=CARTESIAN_POINT('',(-7.675,3.8,0.45));
#17046=CARTESIAN_POINT('',(-7.325,3.8,1.75));
#17047=CARTESIAN_POINT('',(-7.675,3.8,1.75));
#17048=CARTESIAN_POINT('',(-7.325,3.8,1.75));
#17049=CARTESIAN_POINT('',(-6.425,3.8,1.75));
#17050=CARTESIAN_POINT('',(-6.425,3.8,0.45));
#17051=CARTESIAN_POINT('',(-6.075,3.8,1.75));
#17052=CARTESIAN_POINT('',(-6.425,3.8,1.75));
#17053=CARTESIAN_POINT('',(-6.075,3.8,1.75));
#17054=CARTESIAN_POINT('',(-5.175,3.8,1.75));
#17055=CARTESIAN_POINT('',(-5.175,3.8,0.45));
#17056=CARTESIAN_POINT('',(-4.825,3.8,1.75));
#17057=CARTESIAN_POINT('',(-5.175,3.8,1.75));
#17058=CARTESIAN_POINT('',(-4.825,3.8,1.75));
#17059=CARTESIAN_POINT('',(-3.925,3.8,1.75));
#17060=CARTESIAN_POINT('',(-3.925,3.8,0.45));
#17061=CARTESIAN_POINT('',(-3.575,3.8,1.75));
#17062=CARTESIAN_POINT('',(-3.925,3.8,1.75));
#17063=CARTESIAN_POINT('',(-3.575,3.8,1.75));
#17064=CARTESIAN_POINT('',(-2.675,3.8,1.75));
#17065=CARTESIAN_POINT('',(-2.675,3.8,0.45));
#17066=CARTESIAN_POINT('',(-2.325,3.8,1.75));
#17067=CARTESIAN_POINT('',(-2.675,3.8,1.75));
#17068=CARTESIAN_POINT('',(-2.325,3.8,1.75));
#17069=CARTESIAN_POINT('',(-1.425,3.8,1.75));
#17070=CARTESIAN_POINT('',(-1.425,3.8,0.45));
#17071=CARTESIAN_POINT('',(-1.075,3.8,1.75));
#17072=CARTESIAN_POINT('',(-1.425,3.8,1.75));
#17073=CARTESIAN_POINT('',(-1.075,3.8,1.75));
#17074=CARTESIAN_POINT('',(-0.175,3.8,1.75));
#17075=CARTESIAN_POINT('',(-0.175,3.8,0.45));
#17076=CARTESIAN_POINT('',(0.175000000000001,3.8,1.75));
#17077=CARTESIAN_POINT('',(-0.175,3.8,1.75));
#17078=CARTESIAN_POINT('',(0.175000000000001,3.8,1.75));
#17079=CARTESIAN_POINT('',(1.075,3.8,1.75));
#17080=CARTESIAN_POINT('',(1.075,3.8,0.45));
#17081=CARTESIAN_POINT('',(1.425,3.8,1.75));
#17082=CARTESIAN_POINT('',(1.075,3.8,1.75));
#17083=CARTESIAN_POINT('',(1.425,3.8,1.75));
#17084=CARTESIAN_POINT('',(2.325,3.8,1.75));
#17085=CARTESIAN_POINT('',(2.325,3.8,0.45));
#17086=CARTESIAN_POINT('',(2.675,3.8,1.75));
#17087=CARTESIAN_POINT('',(2.325,3.8,1.75));
#17088=CARTESIAN_POINT('',(2.675,3.8,1.75));
#17089=CARTESIAN_POINT('',(3.575,3.8,1.75));
#17090=CARTESIAN_POINT('',(3.575,3.8,0.45));
#17091=CARTESIAN_POINT('',(3.925,3.8,1.75));
#17092=CARTESIAN_POINT('',(3.575,3.8,1.75));
#17093=CARTESIAN_POINT('',(3.925,3.8,1.75));
#17094=CARTESIAN_POINT('',(4.825,3.8,1.75));
#17095=CARTESIAN_POINT('',(4.825,3.8,0.45));
#17096=CARTESIAN_POINT('',(5.175,3.8,1.75));
#17097=CARTESIAN_POINT('',(4.825,3.8,1.75));
#17098=CARTESIAN_POINT('',(5.175,3.8,1.75));
#17099=CARTESIAN_POINT('',(6.075,3.8,1.75));
#17100=CARTESIAN_POINT('',(6.075,3.8,0.45));
#17101=CARTESIAN_POINT('',(6.425,3.8,1.75));
#17102=CARTESIAN_POINT('',(6.075,3.8,1.75));
#17103=CARTESIAN_POINT('',(6.425,3.8,1.75));
#17104=CARTESIAN_POINT('',(-7.325,2.5,0.199999999999999));
#17105=CARTESIAN_POINT('',(-7.325,2.85,0.199999999999999));
#17106=CARTESIAN_POINT('',(-7.325,2.9,0.2));
#17107=CARTESIAN_POINT('',(-7.325,2.85000000000002,0.199999999999985));
#17108=CARTESIAN_POINT('',(-7.325,2.90000000000003,0.20000000000001));
#17109=CARTESIAN_POINT('',(-7.325,2.5,0.199999999999999));
#17110=CARTESIAN_POINT('',(-6.425,2.84999999999998,0.200000000000013));
#17111=CARTESIAN_POINT('',(-6.425,2.85,0.199999999999999));
#17112=CARTESIAN_POINT('',(-6.425,3.6,0.2));
#17113=CARTESIAN_POINT('',(-6.425,2.9,0.2));
#17114=CARTESIAN_POINT('',(-6.425,2.89999999999998,0.199999999999991));
#17115=CARTESIAN_POINT('',(-6.425,3.6,0.2));
#17116=CARTESIAN_POINT('',(-7.325,2.85,0.199999999999999));
#17117=CARTESIAN_POINT('',(-6.425,2.9,0.2));
#17118=CARTESIAN_POINT('',(-13.75,-3.32652939285323E-16,0.199999999999997));
#17119=CARTESIAN_POINT('',(-13.75,2.85,0.199999999999999));
#17120=CARTESIAN_POINT('',(-13.75,2.9,0.2));
#17121=MECHANICAL_DESIGN_GEOMETRIC_PRESENTATION_REPRESENTATION('',(#24),
#17122);
#17122=(
GEOMETRIC_REPRESENTATION_CONTEXT(3)
GLOBAL_UNCERTAINTY_ASSIGNED_CONTEXT((#17123))
GLOBAL_UNIT_ASSIGNED_CONTEXT((#17129,#17125,#17124))
REPRESENTATION_CONTEXT('510211300wbm000_01_214',
'TOP_LEVEL_ASSEMBLY_PART')
);
#17123=UNCERTAINTY_MEASURE_WITH_UNIT(LENGTH_MEASURE(2.E-5),#17129,
'DISTANCE_ACCURACY_VALUE','Maximum Tolerance applied to model');
#17124=(
NAMED_UNIT(*)
SI_UNIT($,.STERADIAN.)
SOLID_ANGLE_UNIT()
);
#17125=(
CONVERSION_BASED_UNIT('DEGREE',#17127)
NAMED_UNIT(#17126)
PLANE_ANGLE_UNIT()
);
#17126=DIMENSIONAL_EXPONENTS(0.,0.,0.,0.,0.,0.,0.);
#17127=PLANE_ANGLE_MEASURE_WITH_UNIT(PLANE_ANGLE_MEASURE(0.0174532925),
#17128);
#17128=(
NAMED_UNIT(*)
PLANE_ANGLE_UNIT()
SI_UNIT($,.RADIAN.)
);
#17129=(
LENGTH_UNIT()
NAMED_UNIT(*)
SI_UNIT(.MILLI.,.METRE.)
);
ENDSEC;
END-ISO-10303-21;
