ISO-10303-21;
HEADER;
/* Generated by software containing ST-Developer
 * from STEP Tools, Inc. (www.steptools.com) 
 */
/* OPTION: using custom schema-name function */

FILE_DESCRIPTION(
/* description */ (''),
/* implementation_level */ '2;1');

FILE_NAME(
/* name */ '510210300wbm000_01_214.stp',
/* time_stamp */ '2021-11-10T14:17:19+06:00',
/* author */ (''),
/* organization */ (''),
/* preprocessor_version */ 'ST-DEVELOPER v16.7',
/* originating_system */ 'SIEMENS PLM Software NX 1919',
/* authorisation */ '');

FILE_SCHEMA (('AUTOMOTIVE_DESIGN { 1 0 10303 214 3 1 1 1 }'));
ENDSEC;

DATA;
#10=SHAPE_REPRESENTATION_RELATIONSHIP('None',
'relationship between 510210300wbm000_01-None and 510210300wbm000_01-N
one',#22,#11);
#11=ADVANCED_BREP_SHAPE_REPRESENTATION('510210300wbm000_01-None',(#32),
#4760);
#12=SHAPE_DEFINITION_REPRESENTATION(#13,#22);
#13=PRODUCT_DEFINITION_SHAPE('','',#14);
#14=PRODUCT_DEFINITION(' ','',#16,#15);
#15=PRODUCT_DEFINITION_CONTEXT('part definition',#21,'design');
#16=PRODUCT_DEFINITION_FORMATION_WITH_SPECIFIED_SOURCE(' ',' ',#18,
 .NOT_KNOWN.);
#17=PRODUCT_RELATED_PRODUCT_CATEGORY('part','',(#18));
#18=PRODUCT('510210300wbm000_01','510210300wbm000_01',' ',(#19));
#19=PRODUCT_CONTEXT(' ',#21,'mechanical');
#20=APPLICATION_PROTOCOL_DEFINITION('international standard',
'automotive_design',2010,#21);
#21=APPLICATION_CONTEXT(
'core data for automotive mechanical design processes');
#22=SHAPE_REPRESENTATION('510210300wbm000_01-None',(#3003),#4760);
#23=PRESENTATION_LAYER_ASSIGNMENT('1','Layer 1',(#32));
#24=STYLED_ITEM('',(#25),#32);
#25=PRESENTATION_STYLE_ASSIGNMENT((#26));
#26=SURFACE_STYLE_USAGE(.BOTH.,#27);
#27=SURFACE_SIDE_STYLE('',(#28));
#28=SURFACE_STYLE_FILL_AREA(#29);
#29=FILL_AREA_STYLE('',(#30));
#30=FILL_AREA_STYLE_COLOUR('',#31);
#31=COLOUR_RGB('Medium Steel',0.596063172350652,0.666666666666667,0.686259250782025);
#32=MANIFOLD_SOLID_BREP('',#33);
#33=CLOSED_SHELL('',(#61,#62,#63,#64,#65,#66,#67,#68,#69,#70,#71,#72,#73,
#74,#75,#76,#77,#78,#79,#80,#81,#82,#83,#84,#85,#86,#87,#88,#89,#90,#91,
#92,#93,#94,#95,#96,#97,#98,#99,#100,#101,#102,#103,#104,#105,#106,#107,
#108,#109,#110,#111,#112,#113,#114,#115,#116,#117,#118,#119,#120,#121,#122,
#123,#124,#125,#126,#127,#128,#129,#130,#131,#132,#133,#134,#135,#136,#137,
#138,#139,#140,#141,#142,#143,#144,#145,#146,#147,#148,#149,#150,#151,#152,
#153,#154,#155,#156,#157,#158,#159,#160,#161,#162,#163,#164,#165,#166,#167,
#168,#169,#170,#171,#172,#173,#174,#175,#176,#177,#178,#179,#180,#181,#182,
#183,#184,#185,#186,#187,#188,#189,#190,#191,#192,#193,#194,#195,#196,#197,
#198,#199,#200,#201,#202,#203,#204,#205,#206,#207,#208,#209,#210,#211,#212,
#213,#214,#215,#216,#217,#218,#219));
#34=SPHERICAL_SURFACE('',#3097,0.3);
#35=SPHERICAL_SURFACE('',#3101,0.3);
#36=ELLIPSE('',#3036,0.424264068711928,0.3);
#37=ELLIPSE('',#3039,0.424264068711928,0.3);
#38=CYLINDRICAL_SURFACE('',#3030,0.3);
#39=CYLINDRICAL_SURFACE('',#3034,0.3);
#40=CYLINDRICAL_SURFACE('',#3038,0.3);
#41=CYLINDRICAL_SURFACE('',#3041,0.3);
#42=CYLINDRICAL_SURFACE('',#3095,0.3);
#43=CYLINDRICAL_SURFACE('',#3099,0.3);
#44=CYLINDRICAL_SURFACE('',#3102,0.3);
#45=CIRCLE('',#3028,0.3);
#46=CIRCLE('',#3029,0.3);
#47=CIRCLE('',#3032,0.3);
#48=CIRCLE('',#3033,0.3);
#49=CIRCLE('',#3037,0.3);
#50=CIRCLE('',#3040,0.3);
#51=CIRCLE('',#3094,0.3);
#52=CIRCLE('',#3096,0.3);
#53=CIRCLE('',#3098,0.3);
#54=CIRCLE('',#3100,0.3);
#55=FACE_BOUND('',#542,.T.);
#56=FACE_BOUND('',#543,.T.);
#57=FACE_BOUND('',#558,.T.);
#58=FACE_BOUND('',#559,.T.);
#59=FACE_BOUND('',#560,.T.);
#60=FACE_BOUND('',#561,.T.);
#61=ADVANCED_FACE('',(#370),#220,.F.);
#62=ADVANCED_FACE('',(#371),#221,.F.);
#63=ADVANCED_FACE('',(#372),#222,.F.);
#64=ADVANCED_FACE('',(#373),#223,.F.);
#65=ADVANCED_FACE('',(#374),#224,.F.);
#66=ADVANCED_FACE('',(#375),#225,.T.);
#67=ADVANCED_FACE('',(#376),#226,.F.);
#68=ADVANCED_FACE('',(#377),#227,.F.);
#69=ADVANCED_FACE('',(#378),#228,.F.);
#70=ADVANCED_FACE('',(#379),#229,.F.);
#71=ADVANCED_FACE('',(#380),#230,.F.);
#72=ADVANCED_FACE('',(#381),#231,.F.);
#73=ADVANCED_FACE('',(#382),#232,.F.);
#74=ADVANCED_FACE('',(#383),#233,.F.);
#75=ADVANCED_FACE('',(#384),#234,.F.);
#76=ADVANCED_FACE('',(#55,#56),#235,.F.);
#77=ADVANCED_FACE('',(#385),#236,.F.);
#78=ADVANCED_FACE('',(#386),#237,.F.);
#79=ADVANCED_FACE('',(#387),#238,.F.);
#80=ADVANCED_FACE('',(#388),#239,.F.);
#81=ADVANCED_FACE('',(#389),#240,.F.);
#82=ADVANCED_FACE('',(#390),#241,.F.);
#83=ADVANCED_FACE('',(#391),#242,.F.);
#84=ADVANCED_FACE('',(#392),#243,.T.);
#85=ADVANCED_FACE('',(#393),#38,.T.);
#86=ADVANCED_FACE('',(#394),#244,.T.);
#87=ADVANCED_FACE('',(#395),#39,.T.);
#88=ADVANCED_FACE('',(#396),#245,.T.);
#89=ADVANCED_FACE('',(#397),#40,.T.);
#90=ADVANCED_FACE('',(#398),#41,.T.);
#91=ADVANCED_FACE('',(#57,#58,#59,#60),#246,.T.);
#92=ADVANCED_FACE('',(#399),#247,.F.);
#93=ADVANCED_FACE('',(#400),#248,.T.);
#94=ADVANCED_FACE('',(#401),#249,.T.);
#95=ADVANCED_FACE('',(#402),#250,.T.);
#96=ADVANCED_FACE('',(#403),#251,.T.);
#97=ADVANCED_FACE('',(#404),#252,.F.);
#98=ADVANCED_FACE('',(#405),#253,.F.);
#99=ADVANCED_FACE('',(#406),#254,.F.);
#100=ADVANCED_FACE('',(#407),#255,.F.);
#101=ADVANCED_FACE('',(#408),#256,.F.);
#102=ADVANCED_FACE('',(#409),#257,.F.);
#103=ADVANCED_FACE('',(#410),#258,.F.);
#104=ADVANCED_FACE('',(#411),#259,.F.);
#105=ADVANCED_FACE('',(#412),#260,.F.);
#106=ADVANCED_FACE('',(#413),#261,.F.);
#107=ADVANCED_FACE('',(#414),#262,.F.);
#108=ADVANCED_FACE('',(#415),#263,.F.);
#109=ADVANCED_FACE('',(#416),#264,.T.);
#110=ADVANCED_FACE('',(#417),#265,.T.);
#111=ADVANCED_FACE('',(#418),#266,.T.);
#112=ADVANCED_FACE('',(#419),#267,.T.);
#113=ADVANCED_FACE('',(#420),#268,.T.);
#114=ADVANCED_FACE('',(#421),#269,.T.);
#115=ADVANCED_FACE('',(#422),#270,.T.);
#116=ADVANCED_FACE('',(#423),#271,.T.);
#117=ADVANCED_FACE('',(#424),#272,.T.);
#118=ADVANCED_FACE('',(#425),#273,.T.);
#119=ADVANCED_FACE('',(#426),#274,.T.);
#120=ADVANCED_FACE('',(#427),#275,.T.);
#121=ADVANCED_FACE('',(#428),#276,.T.);
#122=ADVANCED_FACE('',(#429),#277,.T.);
#123=ADVANCED_FACE('',(#430),#278,.T.);
#124=ADVANCED_FACE('',(#431),#279,.T.);
#125=ADVANCED_FACE('',(#432),#280,.T.);
#126=ADVANCED_FACE('',(#433),#281,.T.);
#127=ADVANCED_FACE('',(#434),#282,.F.);
#128=ADVANCED_FACE('',(#435),#283,.F.);
#129=ADVANCED_FACE('',(#436),#284,.F.);
#130=ADVANCED_FACE('',(#437),#285,.F.);
#131=ADVANCED_FACE('',(#438),#286,.F.);
#132=ADVANCED_FACE('',(#439),#287,.F.);
#133=ADVANCED_FACE('',(#440),#288,.F.);
#134=ADVANCED_FACE('',(#441),#289,.F.);
#135=ADVANCED_FACE('',(#442),#290,.F.);
#136=ADVANCED_FACE('',(#443),#291,.T.);
#137=ADVANCED_FACE('',(#444),#292,.T.);
#138=ADVANCED_FACE('',(#445),#293,.F.);
#139=ADVANCED_FACE('',(#446),#294,.F.);
#140=ADVANCED_FACE('',(#447),#295,.T.);
#141=ADVANCED_FACE('',(#448),#296,.T.);
#142=ADVANCED_FACE('',(#449),#297,.T.);
#143=ADVANCED_FACE('',(#450),#42,.T.);
#144=ADVANCED_FACE('',(#451),#34,.T.);
#145=ADVANCED_FACE('',(#452),#43,.T.);
#146=ADVANCED_FACE('',(#453),#35,.T.);
#147=ADVANCED_FACE('',(#454),#44,.T.);
#148=ADVANCED_FACE('',(#455),#298,.T.);
#149=ADVANCED_FACE('',(#456),#299,.T.);
#150=ADVANCED_FACE('',(#457),#300,.T.);
#151=ADVANCED_FACE('',(#458),#301,.T.);
#152=ADVANCED_FACE('',(#459),#302,.T.);
#153=ADVANCED_FACE('',(#460),#303,.T.);
#154=ADVANCED_FACE('',(#461),#304,.F.);
#155=ADVANCED_FACE('',(#462),#305,.F.);
#156=ADVANCED_FACE('',(#463),#306,.F.);
#157=ADVANCED_FACE('',(#464),#307,.F.);
#158=ADVANCED_FACE('',(#465),#308,.F.);
#159=ADVANCED_FACE('',(#466),#309,.F.);
#160=ADVANCED_FACE('',(#467),#310,.F.);
#161=ADVANCED_FACE('',(#468),#311,.F.);
#162=ADVANCED_FACE('',(#469),#312,.F.);
#163=ADVANCED_FACE('',(#470),#313,.F.);
#164=ADVANCED_FACE('',(#471),#314,.F.);
#165=ADVANCED_FACE('',(#472),#315,.F.);
#166=ADVANCED_FACE('',(#473),#316,.T.);
#167=ADVANCED_FACE('',(#474),#317,.F.);
#168=ADVANCED_FACE('',(#475),#318,.F.);
#169=ADVANCED_FACE('',(#476),#319,.F.);
#170=ADVANCED_FACE('',(#477),#320,.F.);
#171=ADVANCED_FACE('',(#478),#321,.F.);
#172=ADVANCED_FACE('',(#479),#322,.F.);
#173=ADVANCED_FACE('',(#480),#323,.F.);
#174=ADVANCED_FACE('',(#481),#324,.F.);
#175=ADVANCED_FACE('',(#482),#325,.F.);
#176=ADVANCED_FACE('',(#483),#326,.F.);
#177=ADVANCED_FACE('',(#484),#327,.F.);
#178=ADVANCED_FACE('',(#485),#328,.F.);
#179=ADVANCED_FACE('',(#486),#329,.T.);
#180=ADVANCED_FACE('',(#487),#330,.T.);
#181=ADVANCED_FACE('',(#488),#331,.T.);
#182=ADVANCED_FACE('',(#489),#332,.T.);
#183=ADVANCED_FACE('',(#490),#333,.T.);
#184=ADVANCED_FACE('',(#491),#334,.T.);
#185=ADVANCED_FACE('',(#492),#335,.T.);
#186=ADVANCED_FACE('',(#493),#336,.T.);
#187=ADVANCED_FACE('',(#494),#337,.T.);
#188=ADVANCED_FACE('',(#495),#338,.T.);
#189=ADVANCED_FACE('',(#496),#339,.T.);
#190=ADVANCED_FACE('',(#497),#340,.T.);
#191=ADVANCED_FACE('',(#498),#341,.T.);
#192=ADVANCED_FACE('',(#499),#342,.T.);
#193=ADVANCED_FACE('',(#500),#343,.T.);
#194=ADVANCED_FACE('',(#501),#344,.T.);
#195=ADVANCED_FACE('',(#502),#345,.T.);
#196=ADVANCED_FACE('',(#503),#346,.T.);
#197=ADVANCED_FACE('',(#504),#347,.T.);
#198=ADVANCED_FACE('',(#505),#348,.T.);
#199=ADVANCED_FACE('',(#506),#349,.T.);
#200=ADVANCED_FACE('',(#507),#350,.T.);
#201=ADVANCED_FACE('',(#508),#351,.T.);
#202=ADVANCED_FACE('',(#509),#352,.T.);
#203=ADVANCED_FACE('',(#510),#353,.T.);
#204=ADVANCED_FACE('',(#511),#354,.T.);
#205=ADVANCED_FACE('',(#512),#355,.T.);
#206=ADVANCED_FACE('',(#513),#356,.T.);
#207=ADVANCED_FACE('',(#514),#357,.T.);
#208=ADVANCED_FACE('',(#515),#358,.T.);
#209=ADVANCED_FACE('',(#516),#359,.T.);
#210=ADVANCED_FACE('',(#517),#360,.T.);
#211=ADVANCED_FACE('',(#518),#361,.T.);
#212=ADVANCED_FACE('',(#519),#362,.T.);
#213=ADVANCED_FACE('',(#520),#363,.T.);
#214=ADVANCED_FACE('',(#521),#364,.F.);
#215=ADVANCED_FACE('',(#522),#365,.F.);
#216=ADVANCED_FACE('',(#523),#366,.F.);
#217=ADVANCED_FACE('',(#524),#367,.F.);
#218=ADVANCED_FACE('',(#525),#368,.F.);
#219=ADVANCED_FACE('',(#526),#369,.F.);
#220=PLANE('',#3004);
#221=PLANE('',#3005);
#222=PLANE('',#3006);
#223=PLANE('',#3007);
#224=PLANE('',#3008);
#225=PLANE('',#3009);
#226=PLANE('',#3010);
#227=PLANE('',#3011);
#228=PLANE('',#3012);
#229=PLANE('',#3013);
#230=PLANE('',#3014);
#231=PLANE('',#3015);
#232=PLANE('',#3016);
#233=PLANE('',#3017);
#234=PLANE('',#3018);
#235=PLANE('',#3019);
#236=PLANE('',#3020);
#237=PLANE('',#3021);
#238=PLANE('',#3022);
#239=PLANE('',#3023);
#240=PLANE('',#3024);
#241=PLANE('',#3025);
#242=PLANE('',#3026);
#243=PLANE('',#3027);
#244=PLANE('',#3031);
#245=PLANE('',#3035);
#246=PLANE('',#3042);
#247=PLANE('',#3043);
#248=PLANE('',#3044);
#249=PLANE('',#3045);
#250=PLANE('',#3046);
#251=PLANE('',#3047);
#252=PLANE('',#3048);
#253=PLANE('',#3049);
#254=PLANE('',#3050);
#255=PLANE('',#3051);
#256=PLANE('',#3052);
#257=PLANE('',#3053);
#258=PLANE('',#3054);
#259=PLANE('',#3055);
#260=PLANE('',#3056);
#261=PLANE('',#3057);
#262=PLANE('',#3058);
#263=PLANE('',#3059);
#264=PLANE('',#3060);
#265=PLANE('',#3061);
#266=PLANE('',#3062);
#267=PLANE('',#3063);
#268=PLANE('',#3064);
#269=PLANE('',#3065);
#270=PLANE('',#3066);
#271=PLANE('',#3067);
#272=PLANE('',#3068);
#273=PLANE('',#3069);
#274=PLANE('',#3070);
#275=PLANE('',#3071);
#276=PLANE('',#3072);
#277=PLANE('',#3073);
#278=PLANE('',#3074);
#279=PLANE('',#3075);
#280=PLANE('',#3076);
#281=PLANE('',#3077);
#282=PLANE('',#3078);
#283=PLANE('',#3079);
#284=PLANE('',#3080);
#285=PLANE('',#3081);
#286=PLANE('',#3082);
#287=PLANE('',#3083);
#288=PLANE('',#3084);
#289=PLANE('',#3085);
#290=PLANE('',#3086);
#291=PLANE('',#3087);
#292=PLANE('',#3088);
#293=PLANE('',#3089);
#294=PLANE('',#3090);
#295=PLANE('',#3091);
#296=PLANE('',#3092);
#297=PLANE('',#3093);
#298=PLANE('',#3103);
#299=PLANE('',#3104);
#300=PLANE('',#3105);
#301=PLANE('',#3106);
#302=PLANE('',#3107);
#303=PLANE('',#3108);
#304=PLANE('',#3109);
#305=PLANE('',#3110);
#306=PLANE('',#3111);
#307=PLANE('',#3112);
#308=PLANE('',#3113);
#309=PLANE('',#3114);
#310=PLANE('',#3115);
#311=PLANE('',#3116);
#312=PLANE('',#3117);
#313=PLANE('',#3118);
#314=PLANE('',#3119);
#315=PLANE('',#3120);
#316=PLANE('',#3121);
#317=PLANE('',#3122);
#318=PLANE('',#3123);
#319=PLANE('',#3124);
#320=PLANE('',#3125);
#321=PLANE('',#3126);
#322=PLANE('',#3127);
#323=PLANE('',#3128);
#324=PLANE('',#3129);
#325=PLANE('',#3130);
#326=PLANE('',#3131);
#327=PLANE('',#3132);
#328=PLANE('',#3133);
#329=PLANE('',#3134);
#330=PLANE('',#3135);
#331=PLANE('',#3136);
#332=PLANE('',#3137);
#333=PLANE('',#3138);
#334=PLANE('',#3139);
#335=PLANE('',#3140);
#336=PLANE('',#3141);
#337=PLANE('',#3142);
#338=PLANE('',#3143);
#339=PLANE('',#3144);
#340=PLANE('',#3145);
#341=PLANE('',#3146);
#342=PLANE('',#3147);
#343=PLANE('',#3148);
#344=PLANE('',#3149);
#345=PLANE('',#3150);
#346=PLANE('',#3151);
#347=PLANE('',#3152);
#348=PLANE('',#3153);
#349=PLANE('',#3154);
#350=PLANE('',#3155);
#351=PLANE('',#3156);
#352=PLANE('',#3157);
#353=PLANE('',#3158);
#354=PLANE('',#3159);
#355=PLANE('',#3160);
#356=PLANE('',#3161);
#357=PLANE('',#3162);
#358=PLANE('',#3163);
#359=PLANE('',#3164);
#360=PLANE('',#3165);
#361=PLANE('',#3166);
#362=PLANE('',#3167);
#363=PLANE('',#3168);
#364=PLANE('',#3169);
#365=PLANE('',#3170);
#366=PLANE('',#3171);
#367=PLANE('',#3172);
#368=PLANE('',#3173);
#369=PLANE('',#3174);
#370=FACE_OUTER_BOUND('',#527,.T.);
#371=FACE_OUTER_BOUND('',#528,.T.);
#372=FACE_OUTER_BOUND('',#529,.T.);
#373=FACE_OUTER_BOUND('',#530,.T.);
#374=FACE_OUTER_BOUND('',#531,.T.);
#375=FACE_OUTER_BOUND('',#532,.T.);
#376=FACE_OUTER_BOUND('',#533,.T.);
#377=FACE_OUTER_BOUND('',#534,.T.);
#378=FACE_OUTER_BOUND('',#535,.T.);
#379=FACE_OUTER_BOUND('',#536,.T.);
#380=FACE_OUTER_BOUND('',#537,.T.);
#381=FACE_OUTER_BOUND('',#538,.T.);
#382=FACE_OUTER_BOUND('',#539,.T.);
#383=FACE_OUTER_BOUND('',#540,.T.);
#384=FACE_OUTER_BOUND('',#541,.T.);
#385=FACE_OUTER_BOUND('',#544,.T.);
#386=FACE_OUTER_BOUND('',#545,.T.);
#387=FACE_OUTER_BOUND('',#546,.T.);
#388=FACE_OUTER_BOUND('',#547,.T.);
#389=FACE_OUTER_BOUND('',#548,.T.);
#390=FACE_OUTER_BOUND('',#549,.T.);
#391=FACE_OUTER_BOUND('',#550,.T.);
#392=FACE_OUTER_BOUND('',#551,.T.);
#393=FACE_OUTER_BOUND('',#552,.T.);
#394=FACE_OUTER_BOUND('',#553,.T.);
#395=FACE_OUTER_BOUND('',#554,.T.);
#396=FACE_OUTER_BOUND('',#555,.T.);
#397=FACE_OUTER_BOUND('',#556,.T.);
#398=FACE_OUTER_BOUND('',#557,.T.);
#399=FACE_OUTER_BOUND('',#562,.T.);
#400=FACE_OUTER_BOUND('',#563,.T.);
#401=FACE_OUTER_BOUND('',#564,.T.);
#402=FACE_OUTER_BOUND('',#565,.T.);
#403=FACE_OUTER_BOUND('',#566,.T.);
#404=FACE_OUTER_BOUND('',#567,.T.);
#405=FACE_OUTER_BOUND('',#568,.T.);
#406=FACE_OUTER_BOUND('',#569,.T.);
#407=FACE_OUTER_BOUND('',#570,.T.);
#408=FACE_OUTER_BOUND('',#571,.T.);
#409=FACE_OUTER_BOUND('',#572,.T.);
#410=FACE_OUTER_BOUND('',#573,.T.);
#411=FACE_OUTER_BOUND('',#574,.T.);
#412=FACE_OUTER_BOUND('',#575,.T.);
#413=FACE_OUTER_BOUND('',#576,.T.);
#414=FACE_OUTER_BOUND('',#577,.T.);
#415=FACE_OUTER_BOUND('',#578,.T.);
#416=FACE_OUTER_BOUND('',#579,.T.);
#417=FACE_OUTER_BOUND('',#580,.T.);
#418=FACE_OUTER_BOUND('',#581,.T.);
#419=FACE_OUTER_BOUND('',#582,.T.);
#420=FACE_OUTER_BOUND('',#583,.T.);
#421=FACE_OUTER_BOUND('',#584,.T.);
#422=FACE_OUTER_BOUND('',#585,.T.);
#423=FACE_OUTER_BOUND('',#586,.T.);
#424=FACE_OUTER_BOUND('',#587,.T.);
#425=FACE_OUTER_BOUND('',#588,.T.);
#426=FACE_OUTER_BOUND('',#589,.T.);
#427=FACE_OUTER_BOUND('',#590,.T.);
#428=FACE_OUTER_BOUND('',#591,.T.);
#429=FACE_OUTER_BOUND('',#592,.T.);
#430=FACE_OUTER_BOUND('',#593,.T.);
#431=FACE_OUTER_BOUND('',#594,.T.);
#432=FACE_OUTER_BOUND('',#595,.T.);
#433=FACE_OUTER_BOUND('',#596,.T.);
#434=FACE_OUTER_BOUND('',#597,.T.);
#435=FACE_OUTER_BOUND('',#598,.T.);
#436=FACE_OUTER_BOUND('',#599,.T.);
#437=FACE_OUTER_BOUND('',#600,.T.);
#438=FACE_OUTER_BOUND('',#601,.T.);
#439=FACE_OUTER_BOUND('',#602,.T.);
#440=FACE_OUTER_BOUND('',#603,.T.);
#441=FACE_OUTER_BOUND('',#604,.T.);
#442=FACE_OUTER_BOUND('',#605,.T.);
#443=FACE_OUTER_BOUND('',#606,.T.);
#444=FACE_OUTER_BOUND('',#607,.T.);
#445=FACE_OUTER_BOUND('',#608,.T.);
#446=FACE_OUTER_BOUND('',#609,.T.);
#447=FACE_OUTER_BOUND('',#610,.T.);
#448=FACE_OUTER_BOUND('',#611,.T.);
#449=FACE_OUTER_BOUND('',#612,.T.);
#450=FACE_OUTER_BOUND('',#613,.T.);
#451=FACE_OUTER_BOUND('',#614,.T.);
#452=FACE_OUTER_BOUND('',#615,.T.);
#453=FACE_OUTER_BOUND('',#616,.T.);
#454=FACE_OUTER_BOUND('',#617,.T.);
#455=FACE_OUTER_BOUND('',#618,.T.);
#456=FACE_OUTER_BOUND('',#619,.T.);
#457=FACE_OUTER_BOUND('',#620,.T.);
#458=FACE_OUTER_BOUND('',#621,.T.);
#459=FACE_OUTER_BOUND('',#622,.T.);
#460=FACE_OUTER_BOUND('',#623,.T.);
#461=FACE_OUTER_BOUND('',#624,.T.);
#462=FACE_OUTER_BOUND('',#625,.T.);
#463=FACE_OUTER_BOUND('',#626,.T.);
#464=FACE_OUTER_BOUND('',#627,.T.);
#465=FACE_OUTER_BOUND('',#628,.T.);
#466=FACE_OUTER_BOUND('',#629,.T.);
#467=FACE_OUTER_BOUND('',#630,.T.);
#468=FACE_OUTER_BOUND('',#631,.T.);
#469=FACE_OUTER_BOUND('',#632,.T.);
#470=FACE_OUTER_BOUND('',#633,.T.);
#471=FACE_OUTER_BOUND('',#634,.T.);
#472=FACE_OUTER_BOUND('',#635,.T.);
#473=FACE_OUTER_BOUND('',#636,.T.);
#474=FACE_OUTER_BOUND('',#637,.T.);
#475=FACE_OUTER_BOUND('',#638,.T.);
#476=FACE_OUTER_BOUND('',#639,.T.);
#477=FACE_OUTER_BOUND('',#640,.T.);
#478=FACE_OUTER_BOUND('',#641,.T.);
#479=FACE_OUTER_BOUND('',#642,.T.);
#480=FACE_OUTER_BOUND('',#643,.T.);
#481=FACE_OUTER_BOUND('',#644,.T.);
#482=FACE_OUTER_BOUND('',#645,.T.);
#483=FACE_OUTER_BOUND('',#646,.T.);
#484=FACE_OUTER_BOUND('',#647,.T.);
#485=FACE_OUTER_BOUND('',#648,.T.);
#486=FACE_OUTER_BOUND('',#649,.T.);
#487=FACE_OUTER_BOUND('',#650,.T.);
#488=FACE_OUTER_BOUND('',#651,.T.);
#489=FACE_OUTER_BOUND('',#652,.T.);
#490=FACE_OUTER_BOUND('',#653,.T.);
#491=FACE_OUTER_BOUND('',#654,.T.);
#492=FACE_OUTER_BOUND('',#655,.T.);
#493=FACE_OUTER_BOUND('',#656,.T.);
#494=FACE_OUTER_BOUND('',#657,.T.);
#495=FACE_OUTER_BOUND('',#658,.T.);
#496=FACE_OUTER_BOUND('',#659,.T.);
#497=FACE_OUTER_BOUND('',#660,.T.);
#498=FACE_OUTER_BOUND('',#661,.T.);
#499=FACE_OUTER_BOUND('',#662,.T.);
#500=FACE_OUTER_BOUND('',#663,.T.);
#501=FACE_OUTER_BOUND('',#664,.T.);
#502=FACE_OUTER_BOUND('',#665,.T.);
#503=FACE_OUTER_BOUND('',#666,.T.);
#504=FACE_OUTER_BOUND('',#667,.T.);
#505=FACE_OUTER_BOUND('',#668,.T.);
#506=FACE_OUTER_BOUND('',#669,.T.);
#507=FACE_OUTER_BOUND('',#670,.T.);
#508=FACE_OUTER_BOUND('',#671,.T.);
#509=FACE_OUTER_BOUND('',#672,.T.);
#510=FACE_OUTER_BOUND('',#673,.T.);
#511=FACE_OUTER_BOUND('',#674,.T.);
#512=FACE_OUTER_BOUND('',#675,.T.);
#513=FACE_OUTER_BOUND('',#676,.T.);
#514=FACE_OUTER_BOUND('',#677,.T.);
#515=FACE_OUTER_BOUND('',#678,.T.);
#516=FACE_OUTER_BOUND('',#679,.T.);
#517=FACE_OUTER_BOUND('',#680,.T.);
#518=FACE_OUTER_BOUND('',#681,.T.);
#519=FACE_OUTER_BOUND('',#682,.T.);
#520=FACE_OUTER_BOUND('',#683,.T.);
#521=FACE_OUTER_BOUND('',#684,.T.);
#522=FACE_OUTER_BOUND('',#685,.T.);
#523=FACE_OUTER_BOUND('',#686,.T.);
#524=FACE_OUTER_BOUND('',#687,.T.);
#525=FACE_OUTER_BOUND('',#688,.T.);
#526=FACE_OUTER_BOUND('',#689,.T.);
#527=EDGE_LOOP('',(#690,#691,#692,#693,#694,#695,#696,#697,#698,#699,#700,
#701,#702,#703,#704,#705,#706,#707,#708,#709,#710,#711));
#528=EDGE_LOOP('',(#712,#713,#714,#715));
#529=EDGE_LOOP('',(#716,#717,#718,#719));
#530=EDGE_LOOP('',(#720,#721,#722,#723));
#531=EDGE_LOOP('',(#724,#725,#726,#727,#728,#729,#730,#731,#732,#733,#734,
#735,#736,#737,#738,#739));
#532=EDGE_LOOP('',(#740,#741,#742,#743,#744,#745,#746,#747,#748,#749,#750,
#751,#752,#753,#754,#755,#756,#757,#758,#759));
#533=EDGE_LOOP('',(#760,#761,#762,#763));
#534=EDGE_LOOP('',(#764,#765,#766,#767));
#535=EDGE_LOOP('',(#768,#769,#770,#771));
#536=EDGE_LOOP('',(#772,#773,#774,#775));
#537=EDGE_LOOP('',(#776,#777,#778,#779));
#538=EDGE_LOOP('',(#780,#781,#782,#783));
#539=EDGE_LOOP('',(#784,#785,#786,#787,#788,#789,#790,#791,#792,#793,#794,
#795,#796,#797,#798,#799,#800,#801,#802,#803,#804,#805,#806,#807,#808,#809,
#810,#811,#812,#813,#814,#815,#816,#817));
#540=EDGE_LOOP('',(#818,#819,#820,#821));
#541=EDGE_LOOP('',(#822,#823,#824,#825));
#542=EDGE_LOOP('',(#826,#827,#828,#829,#830,#831,#832,#833,#834,#835,#836,
#837,#838,#839,#840,#841));
#543=EDGE_LOOP('',(#842,#843,#844,#845));
#544=EDGE_LOOP('',(#846,#847,#848,#849,#850,#851,#852,#853,#854,#855,#856,
#857,#858,#859,#860,#861));
#545=EDGE_LOOP('',(#862,#863,#864,#865,#866,#867,#868,#869,#870,#871,#872,
#873));
#546=EDGE_LOOP('',(#874,#875,#876,#877));
#547=EDGE_LOOP('',(#878,#879,#880,#881));
#548=EDGE_LOOP('',(#882,#883,#884,#885));
#549=EDGE_LOOP('',(#886,#887,#888,#889));
#550=EDGE_LOOP('',(#890,#891,#892,#893));
#551=EDGE_LOOP('',(#894,#895,#896,#897));
#552=EDGE_LOOP('',(#898,#899,#900,#901));
#553=EDGE_LOOP('',(#902,#903,#904,#905));
#554=EDGE_LOOP('',(#906,#907,#908,#909));
#555=EDGE_LOOP('',(#910,#911,#912,#913));
#556=EDGE_LOOP('',(#914,#915,#916,#917));
#557=EDGE_LOOP('',(#918,#919,#920,#921));
#558=EDGE_LOOP('',(#922,#923,#924,#925,#926,#927,#928,#929,#930,#931,#932,
#933));
#559=EDGE_LOOP('',(#934,#935,#936,#937,#938,#939,#940,#941,#942,#943,#944,
#945));
#560=EDGE_LOOP('',(#946,#947,#948,#949,#950,#951,#952,#953,#954,#955,#956,
#957));
#561=EDGE_LOOP('',(#958,#959,#960,#961,#962,#963,#964,#965));
#562=EDGE_LOOP('',(#966,#967,#968,#969));
#563=EDGE_LOOP('',(#970,#971,#972,#973,#974,#975,#976,#977,#978,#979,#980,
#981));
#564=EDGE_LOOP('',(#982,#983,#984,#985,#986,#987));
#565=EDGE_LOOP('',(#988,#989,#990,#991,#992,#993));
#566=EDGE_LOOP('',(#994,#995,#996,#997));
#567=EDGE_LOOP('',(#998,#999,#1000,#1001));
#568=EDGE_LOOP('',(#1002,#1003,#1004,#1005));
#569=EDGE_LOOP('',(#1006,#1007,#1008,#1009));
#570=EDGE_LOOP('',(#1010,#1011,#1012,#1013));
#571=EDGE_LOOP('',(#1014,#1015,#1016,#1017));
#572=EDGE_LOOP('',(#1018,#1019,#1020,#1021));
#573=EDGE_LOOP('',(#1022,#1023,#1024,#1025));
#574=EDGE_LOOP('',(#1026,#1027,#1028,#1029));
#575=EDGE_LOOP('',(#1030,#1031,#1032,#1033));
#576=EDGE_LOOP('',(#1034,#1035,#1036,#1037));
#577=EDGE_LOOP('',(#1038,#1039,#1040,#1041));
#578=EDGE_LOOP('',(#1042,#1043,#1044,#1045));
#579=EDGE_LOOP('',(#1046,#1047,#1048,#1049,#1050,#1051,#1052,#1053,#1054,
#1055,#1056,#1057));
#580=EDGE_LOOP('',(#1058,#1059,#1060,#1061));
#581=EDGE_LOOP('',(#1062,#1063,#1064,#1065));
#582=EDGE_LOOP('',(#1066,#1067,#1068,#1069));
#583=EDGE_LOOP('',(#1070,#1071,#1072,#1073));
#584=EDGE_LOOP('',(#1074,#1075,#1076,#1077));
#585=EDGE_LOOP('',(#1078,#1079,#1080,#1081));
#586=EDGE_LOOP('',(#1082,#1083,#1084,#1085));
#587=EDGE_LOOP('',(#1086,#1087,#1088,#1089));
#588=EDGE_LOOP('',(#1090,#1091,#1092,#1093));
#589=EDGE_LOOP('',(#1094,#1095,#1096,#1097));
#590=EDGE_LOOP('',(#1098,#1099,#1100,#1101));
#591=EDGE_LOOP('',(#1102,#1103,#1104,#1105));
#592=EDGE_LOOP('',(#1106,#1107,#1108,#1109));
#593=EDGE_LOOP('',(#1110,#1111,#1112,#1113));
#594=EDGE_LOOP('',(#1114,#1115,#1116,#1117));
#595=EDGE_LOOP('',(#1118,#1119,#1120,#1121));
#596=EDGE_LOOP('',(#1122,#1123,#1124,#1125));
#597=EDGE_LOOP('',(#1126,#1127,#1128,#1129));
#598=EDGE_LOOP('',(#1130,#1131,#1132,#1133));
#599=EDGE_LOOP('',(#1134,#1135,#1136,#1137));
#600=EDGE_LOOP('',(#1138,#1139,#1140,#1141));
#601=EDGE_LOOP('',(#1142,#1143,#1144,#1145));
#602=EDGE_LOOP('',(#1146,#1147,#1148,#1149));
#603=EDGE_LOOP('',(#1150,#1151,#1152,#1153));
#604=EDGE_LOOP('',(#1154,#1155,#1156,#1157));
#605=EDGE_LOOP('',(#1158,#1159,#1160,#1161));
#606=EDGE_LOOP('',(#1162,#1163,#1164,#1165));
#607=EDGE_LOOP('',(#1166,#1167,#1168,#1169));
#608=EDGE_LOOP('',(#1170,#1171,#1172,#1173));
#609=EDGE_LOOP('',(#1174,#1175,#1176,#1177));
#610=EDGE_LOOP('',(#1178,#1179,#1180,#1181));
#611=EDGE_LOOP('',(#1182,#1183,#1184,#1185));
#612=EDGE_LOOP('',(#1186,#1187,#1188,#1189));
#613=EDGE_LOOP('',(#1190,#1191,#1192,#1193));
#614=EDGE_LOOP('',(#1194,#1195,#1196));
#615=EDGE_LOOP('',(#1197,#1198,#1199,#1200));
#616=EDGE_LOOP('',(#1201,#1202,#1203));
#617=EDGE_LOOP('',(#1204,#1205,#1206,#1207));
#618=EDGE_LOOP('',(#1208,#1209,#1210,#1211,#1212,#1213));
#619=EDGE_LOOP('',(#1214,#1215,#1216,#1217,#1218,#1219));
#620=EDGE_LOOP('',(#1220,#1221,#1222,#1223,#1224,#1225));
#621=EDGE_LOOP('',(#1226,#1227,#1228,#1229,#1230,#1231));
#622=EDGE_LOOP('',(#1232,#1233,#1234,#1235));
#623=EDGE_LOOP('',(#1236,#1237,#1238,#1239));
#624=EDGE_LOOP('',(#1240,#1241,#1242,#1243));
#625=EDGE_LOOP('',(#1244,#1245,#1246,#1247));
#626=EDGE_LOOP('',(#1248,#1249,#1250,#1251));
#627=EDGE_LOOP('',(#1252,#1253,#1254,#1255));
#628=EDGE_LOOP('',(#1256,#1257,#1258,#1259));
#629=EDGE_LOOP('',(#1260,#1261,#1262,#1263));
#630=EDGE_LOOP('',(#1264,#1265,#1266,#1267));
#631=EDGE_LOOP('',(#1268,#1269,#1270,#1271));
#632=EDGE_LOOP('',(#1272,#1273,#1274,#1275));
#633=EDGE_LOOP('',(#1276,#1277,#1278,#1279));
#634=EDGE_LOOP('',(#1280,#1281,#1282,#1283));
#635=EDGE_LOOP('',(#1284,#1285,#1286,#1287));
#636=EDGE_LOOP('',(#1288,#1289,#1290,#1291,#1292,#1293,#1294,#1295,#1296,
#1297,#1298,#1299));
#637=EDGE_LOOP('',(#1300,#1301,#1302,#1303));
#638=EDGE_LOOP('',(#1304,#1305,#1306,#1307));
#639=EDGE_LOOP('',(#1308,#1309,#1310,#1311));
#640=EDGE_LOOP('',(#1312,#1313,#1314,#1315));
#641=EDGE_LOOP('',(#1316,#1317,#1318,#1319));
#642=EDGE_LOOP('',(#1320,#1321,#1322,#1323));
#643=EDGE_LOOP('',(#1324,#1325,#1326,#1327));
#644=EDGE_LOOP('',(#1328,#1329,#1330,#1331));
#645=EDGE_LOOP('',(#1332,#1333,#1334,#1335));
#646=EDGE_LOOP('',(#1336,#1337,#1338,#1339));
#647=EDGE_LOOP('',(#1340,#1341,#1342,#1343));
#648=EDGE_LOOP('',(#1344,#1345,#1346,#1347));
#649=EDGE_LOOP('',(#1348,#1349,#1350,#1351,#1352,#1353,#1354,#1355,#1356,
#1357,#1358,#1359));
#650=EDGE_LOOP('',(#1360,#1361,#1362,#1363));
#651=EDGE_LOOP('',(#1364,#1365,#1366,#1367));
#652=EDGE_LOOP('',(#1368,#1369,#1370,#1371));
#653=EDGE_LOOP('',(#1372,#1373,#1374,#1375));
#654=EDGE_LOOP('',(#1376,#1377,#1378,#1379));
#655=EDGE_LOOP('',(#1380,#1381,#1382,#1383));
#656=EDGE_LOOP('',(#1384,#1385,#1386,#1387));
#657=EDGE_LOOP('',(#1388,#1389,#1390,#1391));
#658=EDGE_LOOP('',(#1392,#1393,#1394,#1395));
#659=EDGE_LOOP('',(#1396,#1397,#1398,#1399));
#660=EDGE_LOOP('',(#1400,#1401,#1402,#1403));
#661=EDGE_LOOP('',(#1404,#1405,#1406,#1407));
#662=EDGE_LOOP('',(#1408,#1409,#1410,#1411));
#663=EDGE_LOOP('',(#1412,#1413,#1414,#1415));
#664=EDGE_LOOP('',(#1416,#1417,#1418,#1419));
#665=EDGE_LOOP('',(#1420,#1421,#1422,#1423));
#666=EDGE_LOOP('',(#1424,#1425,#1426,#1427));
#667=EDGE_LOOP('',(#1428,#1429,#1430,#1431));
#668=EDGE_LOOP('',(#1432,#1433,#1434,#1435));
#669=EDGE_LOOP('',(#1436,#1437,#1438,#1439));
#670=EDGE_LOOP('',(#1440,#1441,#1442,#1443));
#671=EDGE_LOOP('',(#1444,#1445,#1446,#1447));
#672=EDGE_LOOP('',(#1448,#1449,#1450,#1451));
#673=EDGE_LOOP('',(#1452,#1453,#1454,#1455));
#674=EDGE_LOOP('',(#1456,#1457,#1458,#1459));
#675=EDGE_LOOP('',(#1460,#1461,#1462,#1463));
#676=EDGE_LOOP('',(#1464,#1465,#1466,#1467));
#677=EDGE_LOOP('',(#1468,#1469,#1470,#1471));
#678=EDGE_LOOP('',(#1472,#1473,#1474,#1475));
#679=EDGE_LOOP('',(#1476,#1477,#1478,#1479));
#680=EDGE_LOOP('',(#1480,#1481,#1482,#1483));
#681=EDGE_LOOP('',(#1484,#1485,#1486,#1487));
#682=EDGE_LOOP('',(#1488,#1489,#1490,#1491));
#683=EDGE_LOOP('',(#1492,#1493,#1494,#1495));
#684=EDGE_LOOP('',(#1496,#1497,#1498,#1499));
#685=EDGE_LOOP('',(#1500,#1501,#1502,#1503));
#686=EDGE_LOOP('',(#1504,#1505,#1506,#1507));
#687=EDGE_LOOP('',(#1508,#1509,#1510,#1511));
#688=EDGE_LOOP('',(#1512,#1513,#1514,#1515));
#689=EDGE_LOOP('',(#1516,#1517,#1518,#1519));
#690=ORIENTED_EDGE('',*,*,#1782,.T.);
#691=ORIENTED_EDGE('',*,*,#1783,.T.);
#692=ORIENTED_EDGE('',*,*,#1784,.T.);
#693=ORIENTED_EDGE('',*,*,#1785,.T.);
#694=ORIENTED_EDGE('',*,*,#1786,.T.);
#695=ORIENTED_EDGE('',*,*,#1787,.F.);
#696=ORIENTED_EDGE('',*,*,#1788,.T.);
#697=ORIENTED_EDGE('',*,*,#1789,.T.);
#698=ORIENTED_EDGE('',*,*,#1790,.T.);
#699=ORIENTED_EDGE('',*,*,#1791,.T.);
#700=ORIENTED_EDGE('',*,*,#1792,.T.);
#701=ORIENTED_EDGE('',*,*,#1793,.F.);
#702=ORIENTED_EDGE('',*,*,#1794,.F.);
#703=ORIENTED_EDGE('',*,*,#1795,.T.);
#704=ORIENTED_EDGE('',*,*,#1796,.T.);
#705=ORIENTED_EDGE('',*,*,#1797,.F.);
#706=ORIENTED_EDGE('',*,*,#1798,.T.);
#707=ORIENTED_EDGE('',*,*,#1799,.T.);
#708=ORIENTED_EDGE('',*,*,#1800,.T.);
#709=ORIENTED_EDGE('',*,*,#1801,.T.);
#710=ORIENTED_EDGE('',*,*,#1802,.T.);
#711=ORIENTED_EDGE('',*,*,#1803,.F.);
#712=ORIENTED_EDGE('',*,*,#1804,.F.);
#713=ORIENTED_EDGE('',*,*,#1805,.F.);
#714=ORIENTED_EDGE('',*,*,#1806,.T.);
#715=ORIENTED_EDGE('',*,*,#1787,.T.);
#716=ORIENTED_EDGE('',*,*,#1807,.T.);
#717=ORIENTED_EDGE('',*,*,#1803,.T.);
#718=ORIENTED_EDGE('',*,*,#1808,.F.);
#719=ORIENTED_EDGE('',*,*,#1809,.F.);
#720=ORIENTED_EDGE('',*,*,#1810,.T.);
#721=ORIENTED_EDGE('',*,*,#1797,.T.);
#722=ORIENTED_EDGE('',*,*,#1811,.T.);
#723=ORIENTED_EDGE('',*,*,#1812,.F.);
#724=ORIENTED_EDGE('',*,*,#1813,.T.);
#725=ORIENTED_EDGE('',*,*,#1814,.T.);
#726=ORIENTED_EDGE('',*,*,#1815,.T.);
#727=ORIENTED_EDGE('',*,*,#1816,.T.);
#728=ORIENTED_EDGE('',*,*,#1817,.T.);
#729=ORIENTED_EDGE('',*,*,#1818,.T.);
#730=ORIENTED_EDGE('',*,*,#1795,.F.);
#731=ORIENTED_EDGE('',*,*,#1819,.F.);
#732=ORIENTED_EDGE('',*,*,#1820,.T.);
#733=ORIENTED_EDGE('',*,*,#1821,.T.);
#734=ORIENTED_EDGE('',*,*,#1822,.T.);
#735=ORIENTED_EDGE('',*,*,#1823,.T.);
#736=ORIENTED_EDGE('',*,*,#1824,.T.);
#737=ORIENTED_EDGE('',*,*,#1825,.T.);
#738=ORIENTED_EDGE('',*,*,#1826,.T.);
#739=ORIENTED_EDGE('',*,*,#1827,.T.);
#740=ORIENTED_EDGE('',*,*,#1828,.T.);
#741=ORIENTED_EDGE('',*,*,#1829,.F.);
#742=ORIENTED_EDGE('',*,*,#1830,.T.);
#743=ORIENTED_EDGE('',*,*,#1831,.F.);
#744=ORIENTED_EDGE('',*,*,#1832,.T.);
#745=ORIENTED_EDGE('',*,*,#1833,.F.);
#746=ORIENTED_EDGE('',*,*,#1834,.T.);
#747=ORIENTED_EDGE('',*,*,#1835,.T.);
#748=ORIENTED_EDGE('',*,*,#1836,.T.);
#749=ORIENTED_EDGE('',*,*,#1837,.T.);
#750=ORIENTED_EDGE('',*,*,#1838,.F.);
#751=ORIENTED_EDGE('',*,*,#1839,.F.);
#752=ORIENTED_EDGE('',*,*,#1840,.T.);
#753=ORIENTED_EDGE('',*,*,#1841,.F.);
#754=ORIENTED_EDGE('',*,*,#1842,.T.);
#755=ORIENTED_EDGE('',*,*,#1843,.F.);
#756=ORIENTED_EDGE('',*,*,#1844,.T.);
#757=ORIENTED_EDGE('',*,*,#1845,.F.);
#758=ORIENTED_EDGE('',*,*,#1846,.T.);
#759=ORIENTED_EDGE('',*,*,#1847,.F.);
#760=ORIENTED_EDGE('',*,*,#1848,.F.);
#761=ORIENTED_EDGE('',*,*,#1849,.F.);
#762=ORIENTED_EDGE('',*,*,#1850,.F.);
#763=ORIENTED_EDGE('',*,*,#1851,.T.);
#764=ORIENTED_EDGE('',*,*,#1852,.F.);
#765=ORIENTED_EDGE('',*,*,#1853,.F.);
#766=ORIENTED_EDGE('',*,*,#1854,.F.);
#767=ORIENTED_EDGE('',*,*,#1849,.T.);
#768=ORIENTED_EDGE('',*,*,#1855,.F.);
#769=ORIENTED_EDGE('',*,*,#1832,.F.);
#770=ORIENTED_EDGE('',*,*,#1856,.F.);
#771=ORIENTED_EDGE('',*,*,#1853,.T.);
#772=ORIENTED_EDGE('',*,*,#1857,.F.);
#773=ORIENTED_EDGE('',*,*,#1858,.F.);
#774=ORIENTED_EDGE('',*,*,#1859,.F.);
#775=ORIENTED_EDGE('',*,*,#1860,.T.);
#776=ORIENTED_EDGE('',*,*,#1861,.F.);
#777=ORIENTED_EDGE('',*,*,#1862,.F.);
#778=ORIENTED_EDGE('',*,*,#1863,.F.);
#779=ORIENTED_EDGE('',*,*,#1858,.T.);
#780=ORIENTED_EDGE('',*,*,#1864,.F.);
#781=ORIENTED_EDGE('',*,*,#1828,.F.);
#782=ORIENTED_EDGE('',*,*,#1865,.F.);
#783=ORIENTED_EDGE('',*,*,#1862,.T.);
#784=ORIENTED_EDGE('',*,*,#1851,.F.);
#785=ORIENTED_EDGE('',*,*,#1866,.T.);
#786=ORIENTED_EDGE('',*,*,#1867,.F.);
#787=ORIENTED_EDGE('',*,*,#1868,.T.);
#788=ORIENTED_EDGE('',*,*,#1860,.F.);
#789=ORIENTED_EDGE('',*,*,#1869,.T.);
#790=ORIENTED_EDGE('',*,*,#1870,.F.);
#791=ORIENTED_EDGE('',*,*,#1871,.T.);
#792=ORIENTED_EDGE('',*,*,#1872,.F.);
#793=ORIENTED_EDGE('',*,*,#1873,.T.);
#794=ORIENTED_EDGE('',*,*,#1874,.F.);
#795=ORIENTED_EDGE('',*,*,#1875,.F.);
#796=ORIENTED_EDGE('',*,*,#1876,.T.);
#797=ORIENTED_EDGE('',*,*,#1877,.F.);
#798=ORIENTED_EDGE('',*,*,#1878,.F.);
#799=ORIENTED_EDGE('',*,*,#1879,.F.);
#800=ORIENTED_EDGE('',*,*,#1880,.F.);
#801=ORIENTED_EDGE('',*,*,#1881,.F.);
#802=ORIENTED_EDGE('',*,*,#1805,.T.);
#803=ORIENTED_EDGE('',*,*,#1882,.F.);
#804=ORIENTED_EDGE('',*,*,#1883,.F.);
#805=ORIENTED_EDGE('',*,*,#1884,.F.);
#806=ORIENTED_EDGE('',*,*,#1885,.F.);
#807=ORIENTED_EDGE('',*,*,#1886,.F.);
#808=ORIENTED_EDGE('',*,*,#1809,.T.);
#809=ORIENTED_EDGE('',*,*,#1887,.F.);
#810=ORIENTED_EDGE('',*,*,#1888,.F.);
#811=ORIENTED_EDGE('',*,*,#1889,.F.);
#812=ORIENTED_EDGE('',*,*,#1890,.F.);
#813=ORIENTED_EDGE('',*,*,#1891,.F.);
#814=ORIENTED_EDGE('',*,*,#1812,.T.);
#815=ORIENTED_EDGE('',*,*,#1892,.T.);
#816=ORIENTED_EDGE('',*,*,#1893,.F.);
#817=ORIENTED_EDGE('',*,*,#1894,.T.);
#818=ORIENTED_EDGE('',*,*,#1895,.T.);
#819=ORIENTED_EDGE('',*,*,#1867,.T.);
#820=ORIENTED_EDGE('',*,*,#1896,.F.);
#821=ORIENTED_EDGE('',*,*,#1830,.F.);
#822=ORIENTED_EDGE('',*,*,#1897,.T.);
#823=ORIENTED_EDGE('',*,*,#1893,.T.);
#824=ORIENTED_EDGE('',*,*,#1898,.T.);
#825=ORIENTED_EDGE('',*,*,#1834,.F.);
#826=ORIENTED_EDGE('',*,*,#1899,.F.);
#827=ORIENTED_EDGE('',*,*,#1900,.T.);
#828=ORIENTED_EDGE('',*,*,#1813,.F.);
#829=ORIENTED_EDGE('',*,*,#1901,.T.);
#830=ORIENTED_EDGE('',*,*,#1902,.F.);
#831=ORIENTED_EDGE('',*,*,#1903,.T.);
#832=ORIENTED_EDGE('',*,*,#1824,.F.);
#833=ORIENTED_EDGE('',*,*,#1904,.T.);
#834=ORIENTED_EDGE('',*,*,#1905,.F.);
#835=ORIENTED_EDGE('',*,*,#1906,.T.);
#836=ORIENTED_EDGE('',*,*,#1820,.F.);
#837=ORIENTED_EDGE('',*,*,#1907,.F.);
#838=ORIENTED_EDGE('',*,*,#1908,.T.);
#839=ORIENTED_EDGE('',*,*,#1909,.T.);
#840=ORIENTED_EDGE('',*,*,#1817,.F.);
#841=ORIENTED_EDGE('',*,*,#1910,.T.);
#842=ORIENTED_EDGE('',*,*,#1911,.F.);
#843=ORIENTED_EDGE('',*,*,#1912,.F.);
#844=ORIENTED_EDGE('',*,*,#1913,.F.);
#845=ORIENTED_EDGE('',*,*,#1914,.F.);
#846=ORIENTED_EDGE('',*,*,#1840,.F.);
#847=ORIENTED_EDGE('',*,*,#1915,.T.);
#848=ORIENTED_EDGE('',*,*,#1916,.T.);
#849=ORIENTED_EDGE('',*,*,#1917,.T.);
#850=ORIENTED_EDGE('',*,*,#1836,.F.);
#851=ORIENTED_EDGE('',*,*,#1918,.T.);
#852=ORIENTED_EDGE('',*,*,#1919,.F.);
#853=ORIENTED_EDGE('',*,*,#1920,.F.);
#854=ORIENTED_EDGE('',*,*,#1921,.F.);
#855=ORIENTED_EDGE('',*,*,#1922,.T.);
#856=ORIENTED_EDGE('',*,*,#1908,.F.);
#857=ORIENTED_EDGE('',*,*,#1923,.F.);
#858=ORIENTED_EDGE('',*,*,#1924,.F.);
#859=ORIENTED_EDGE('',*,*,#1925,.F.);
#860=ORIENTED_EDGE('',*,*,#1926,.F.);
#861=ORIENTED_EDGE('',*,*,#1927,.F.);
#862=ORIENTED_EDGE('',*,*,#1928,.F.);
#863=ORIENTED_EDGE('',*,*,#1929,.F.);
#864=ORIENTED_EDGE('',*,*,#1930,.T.);
#865=ORIENTED_EDGE('',*,*,#1918,.F.);
#866=ORIENTED_EDGE('',*,*,#1835,.F.);
#867=ORIENTED_EDGE('',*,*,#1898,.F.);
#868=ORIENTED_EDGE('',*,*,#1892,.F.);
#869=ORIENTED_EDGE('',*,*,#1811,.F.);
#870=ORIENTED_EDGE('',*,*,#1796,.F.);
#871=ORIENTED_EDGE('',*,*,#1818,.F.);
#872=ORIENTED_EDGE('',*,*,#1909,.F.);
#873=ORIENTED_EDGE('',*,*,#1922,.F.);
#874=ORIENTED_EDGE('',*,*,#1931,.F.);
#875=ORIENTED_EDGE('',*,*,#1876,.F.);
#876=ORIENTED_EDGE('',*,*,#1932,.F.);
#877=ORIENTED_EDGE('',*,*,#1793,.T.);
#878=ORIENTED_EDGE('',*,*,#1933,.F.);
#879=ORIENTED_EDGE('',*,*,#1872,.T.);
#880=ORIENTED_EDGE('',*,*,#1934,.F.);
#881=ORIENTED_EDGE('',*,*,#1935,.F.);
#882=ORIENTED_EDGE('',*,*,#1936,.F.);
#883=ORIENTED_EDGE('',*,*,#1935,.T.);
#884=ORIENTED_EDGE('',*,*,#1937,.F.);
#885=ORIENTED_EDGE('',*,*,#1938,.F.);
#886=ORIENTED_EDGE('',*,*,#1939,.F.);
#887=ORIENTED_EDGE('',*,*,#1938,.T.);
#888=ORIENTED_EDGE('',*,*,#1940,.F.);
#889=ORIENTED_EDGE('',*,*,#1844,.F.);
#890=ORIENTED_EDGE('',*,*,#1941,.F.);
#891=ORIENTED_EDGE('',*,*,#1842,.F.);
#892=ORIENTED_EDGE('',*,*,#1942,.F.);
#893=ORIENTED_EDGE('',*,*,#1874,.T.);
#894=ORIENTED_EDGE('',*,*,#1943,.F.);
#895=ORIENTED_EDGE('',*,*,#1944,.T.);
#896=ORIENTED_EDGE('',*,*,#1945,.T.);
#897=ORIENTED_EDGE('',*,*,#1946,.F.);
#898=ORIENTED_EDGE('',*,*,#1945,.F.);
#899=ORIENTED_EDGE('',*,*,#1947,.T.);
#900=ORIENTED_EDGE('',*,*,#1948,.T.);
#901=ORIENTED_EDGE('',*,*,#1949,.F.);
#902=ORIENTED_EDGE('',*,*,#1948,.F.);
#903=ORIENTED_EDGE('',*,*,#1950,.T.);
#904=ORIENTED_EDGE('',*,*,#1951,.T.);
#905=ORIENTED_EDGE('',*,*,#1952,.F.);
#906=ORIENTED_EDGE('',*,*,#1951,.F.);
#907=ORIENTED_EDGE('',*,*,#1953,.T.);
#908=ORIENTED_EDGE('',*,*,#1954,.T.);
#909=ORIENTED_EDGE('',*,*,#1955,.F.);
#910=ORIENTED_EDGE('',*,*,#1954,.F.);
#911=ORIENTED_EDGE('',*,*,#1956,.T.);
#912=ORIENTED_EDGE('',*,*,#1957,.T.);
#913=ORIENTED_EDGE('',*,*,#1958,.F.);
#914=ORIENTED_EDGE('',*,*,#1957,.F.);
#915=ORIENTED_EDGE('',*,*,#1959,.T.);
#916=ORIENTED_EDGE('',*,*,#1839,.T.);
#917=ORIENTED_EDGE('',*,*,#1960,.F.);
#918=ORIENTED_EDGE('',*,*,#1837,.F.);
#919=ORIENTED_EDGE('',*,*,#1961,.T.);
#920=ORIENTED_EDGE('',*,*,#1943,.T.);
#921=ORIENTED_EDGE('',*,*,#1962,.F.);
#922=ORIENTED_EDGE('',*,*,#1963,.T.);
#923=ORIENTED_EDGE('',*,*,#1964,.T.);
#924=ORIENTED_EDGE('',*,*,#1965,.T.);
#925=ORIENTED_EDGE('',*,*,#1966,.T.);
#926=ORIENTED_EDGE('',*,*,#1967,.T.);
#927=ORIENTED_EDGE('',*,*,#1968,.T.);
#928=ORIENTED_EDGE('',*,*,#1969,.T.);
#929=ORIENTED_EDGE('',*,*,#1970,.T.);
#930=ORIENTED_EDGE('',*,*,#1971,.T.);
#931=ORIENTED_EDGE('',*,*,#1972,.T.);
#932=ORIENTED_EDGE('',*,*,#1973,.T.);
#933=ORIENTED_EDGE('',*,*,#1974,.T.);
#934=ORIENTED_EDGE('',*,*,#1975,.T.);
#935=ORIENTED_EDGE('',*,*,#1976,.T.);
#936=ORIENTED_EDGE('',*,*,#1977,.T.);
#937=ORIENTED_EDGE('',*,*,#1978,.T.);
#938=ORIENTED_EDGE('',*,*,#1979,.T.);
#939=ORIENTED_EDGE('',*,*,#1980,.T.);
#940=ORIENTED_EDGE('',*,*,#1981,.T.);
#941=ORIENTED_EDGE('',*,*,#1982,.T.);
#942=ORIENTED_EDGE('',*,*,#1983,.T.);
#943=ORIENTED_EDGE('',*,*,#1984,.T.);
#944=ORIENTED_EDGE('',*,*,#1985,.T.);
#945=ORIENTED_EDGE('',*,*,#1986,.T.);
#946=ORIENTED_EDGE('',*,*,#1987,.T.);
#947=ORIENTED_EDGE('',*,*,#1988,.T.);
#948=ORIENTED_EDGE('',*,*,#1989,.T.);
#949=ORIENTED_EDGE('',*,*,#1990,.T.);
#950=ORIENTED_EDGE('',*,*,#1991,.T.);
#951=ORIENTED_EDGE('',*,*,#1992,.T.);
#952=ORIENTED_EDGE('',*,*,#1993,.T.);
#953=ORIENTED_EDGE('',*,*,#1994,.T.);
#954=ORIENTED_EDGE('',*,*,#1995,.T.);
#955=ORIENTED_EDGE('',*,*,#1996,.T.);
#956=ORIENTED_EDGE('',*,*,#1997,.T.);
#957=ORIENTED_EDGE('',*,*,#1998,.T.);
#958=ORIENTED_EDGE('',*,*,#1946,.T.);
#959=ORIENTED_EDGE('',*,*,#1949,.T.);
#960=ORIENTED_EDGE('',*,*,#1952,.T.);
#961=ORIENTED_EDGE('',*,*,#1955,.T.);
#962=ORIENTED_EDGE('',*,*,#1958,.T.);
#963=ORIENTED_EDGE('',*,*,#1960,.T.);
#964=ORIENTED_EDGE('',*,*,#1838,.T.);
#965=ORIENTED_EDGE('',*,*,#1962,.T.);
#966=ORIENTED_EDGE('',*,*,#1870,.T.);
#967=ORIENTED_EDGE('',*,*,#1999,.F.);
#968=ORIENTED_EDGE('',*,*,#1846,.F.);
#969=ORIENTED_EDGE('',*,*,#2000,.T.);
#970=ORIENTED_EDGE('',*,*,#2001,.F.);
#971=ORIENTED_EDGE('',*,*,#2002,.F.);
#972=ORIENTED_EDGE('',*,*,#2003,.T.);
#973=ORIENTED_EDGE('',*,*,#1923,.T.);
#974=ORIENTED_EDGE('',*,*,#1907,.T.);
#975=ORIENTED_EDGE('',*,*,#1819,.T.);
#976=ORIENTED_EDGE('',*,*,#1794,.T.);
#977=ORIENTED_EDGE('',*,*,#1932,.T.);
#978=ORIENTED_EDGE('',*,*,#1875,.T.);
#979=ORIENTED_EDGE('',*,*,#1942,.T.);
#980=ORIENTED_EDGE('',*,*,#1841,.T.);
#981=ORIENTED_EDGE('',*,*,#1927,.T.);
#982=ORIENTED_EDGE('',*,*,#1934,.T.);
#983=ORIENTED_EDGE('',*,*,#1871,.F.);
#984=ORIENTED_EDGE('',*,*,#2000,.F.);
#985=ORIENTED_EDGE('',*,*,#1845,.T.);
#986=ORIENTED_EDGE('',*,*,#1940,.T.);
#987=ORIENTED_EDGE('',*,*,#1937,.T.);
#988=ORIENTED_EDGE('',*,*,#1933,.T.);
#989=ORIENTED_EDGE('',*,*,#1936,.T.);
#990=ORIENTED_EDGE('',*,*,#1939,.T.);
#991=ORIENTED_EDGE('',*,*,#1843,.T.);
#992=ORIENTED_EDGE('',*,*,#1941,.T.);
#993=ORIENTED_EDGE('',*,*,#1873,.F.);
#994=ORIENTED_EDGE('',*,*,#2004,.F.);
#995=ORIENTED_EDGE('',*,*,#2005,.F.);
#996=ORIENTED_EDGE('',*,*,#2006,.F.);
#997=ORIENTED_EDGE('',*,*,#1905,.T.);
#998=ORIENTED_EDGE('',*,*,#2007,.F.);
#999=ORIENTED_EDGE('',*,*,#2008,.T.);
#1000=ORIENTED_EDGE('',*,*,#2009,.T.);
#1001=ORIENTED_EDGE('',*,*,#2010,.T.);
#1002=ORIENTED_EDGE('',*,*,#2009,.F.);
#1003=ORIENTED_EDGE('',*,*,#2011,.T.);
#1004=ORIENTED_EDGE('',*,*,#2012,.T.);
#1005=ORIENTED_EDGE('',*,*,#2013,.T.);
#1006=ORIENTED_EDGE('',*,*,#2012,.F.);
#1007=ORIENTED_EDGE('',*,*,#2014,.T.);
#1008=ORIENTED_EDGE('',*,*,#2015,.T.);
#1009=ORIENTED_EDGE('',*,*,#2016,.T.);
#1010=ORIENTED_EDGE('',*,*,#2015,.F.);
#1011=ORIENTED_EDGE('',*,*,#2017,.T.);
#1012=ORIENTED_EDGE('',*,*,#2018,.T.);
#1013=ORIENTED_EDGE('',*,*,#2019,.T.);
#1014=ORIENTED_EDGE('',*,*,#2018,.F.);
#1015=ORIENTED_EDGE('',*,*,#2020,.T.);
#1016=ORIENTED_EDGE('',*,*,#2021,.T.);
#1017=ORIENTED_EDGE('',*,*,#2022,.T.);
#1018=ORIENTED_EDGE('',*,*,#2021,.F.);
#1019=ORIENTED_EDGE('',*,*,#2023,.T.);
#1020=ORIENTED_EDGE('',*,*,#2024,.T.);
#1021=ORIENTED_EDGE('',*,*,#2025,.T.);
#1022=ORIENTED_EDGE('',*,*,#2024,.F.);
#1023=ORIENTED_EDGE('',*,*,#2026,.T.);
#1024=ORIENTED_EDGE('',*,*,#2027,.T.);
#1025=ORIENTED_EDGE('',*,*,#2028,.T.);
#1026=ORIENTED_EDGE('',*,*,#2027,.F.);
#1027=ORIENTED_EDGE('',*,*,#2029,.T.);
#1028=ORIENTED_EDGE('',*,*,#2030,.T.);
#1029=ORIENTED_EDGE('',*,*,#2031,.T.);
#1030=ORIENTED_EDGE('',*,*,#2030,.F.);
#1031=ORIENTED_EDGE('',*,*,#2032,.T.);
#1032=ORIENTED_EDGE('',*,*,#2033,.T.);
#1033=ORIENTED_EDGE('',*,*,#2034,.T.);
#1034=ORIENTED_EDGE('',*,*,#2033,.F.);
#1035=ORIENTED_EDGE('',*,*,#2035,.T.);
#1036=ORIENTED_EDGE('',*,*,#2036,.T.);
#1037=ORIENTED_EDGE('',*,*,#2037,.T.);
#1038=ORIENTED_EDGE('',*,*,#2036,.F.);
#1039=ORIENTED_EDGE('',*,*,#2038,.T.);
#1040=ORIENTED_EDGE('',*,*,#2039,.T.);
#1041=ORIENTED_EDGE('',*,*,#2040,.T.);
#1042=ORIENTED_EDGE('',*,*,#2039,.F.);
#1043=ORIENTED_EDGE('',*,*,#2041,.T.);
#1044=ORIENTED_EDGE('',*,*,#2007,.T.);
#1045=ORIENTED_EDGE('',*,*,#2042,.T.);
#1046=ORIENTED_EDGE('',*,*,#2010,.F.);
#1047=ORIENTED_EDGE('',*,*,#2013,.F.);
#1048=ORIENTED_EDGE('',*,*,#2016,.F.);
#1049=ORIENTED_EDGE('',*,*,#2019,.F.);
#1050=ORIENTED_EDGE('',*,*,#2022,.F.);
#1051=ORIENTED_EDGE('',*,*,#2025,.F.);
#1052=ORIENTED_EDGE('',*,*,#2028,.F.);
#1053=ORIENTED_EDGE('',*,*,#2031,.F.);
#1054=ORIENTED_EDGE('',*,*,#2034,.F.);
#1055=ORIENTED_EDGE('',*,*,#2037,.F.);
#1056=ORIENTED_EDGE('',*,*,#2040,.F.);
#1057=ORIENTED_EDGE('',*,*,#2042,.F.);
#1058=ORIENTED_EDGE('',*,*,#1880,.T.);
#1059=ORIENTED_EDGE('',*,*,#2043,.F.);
#1060=ORIENTED_EDGE('',*,*,#1789,.F.);
#1061=ORIENTED_EDGE('',*,*,#2044,.T.);
#1062=ORIENTED_EDGE('',*,*,#1879,.T.);
#1063=ORIENTED_EDGE('',*,*,#2045,.F.);
#1064=ORIENTED_EDGE('',*,*,#1790,.F.);
#1065=ORIENTED_EDGE('',*,*,#2043,.T.);
#1066=ORIENTED_EDGE('',*,*,#1878,.T.);
#1067=ORIENTED_EDGE('',*,*,#2046,.F.);
#1068=ORIENTED_EDGE('',*,*,#1791,.F.);
#1069=ORIENTED_EDGE('',*,*,#2045,.T.);
#1070=ORIENTED_EDGE('',*,*,#1877,.T.);
#1071=ORIENTED_EDGE('',*,*,#1931,.T.);
#1072=ORIENTED_EDGE('',*,*,#1792,.F.);
#1073=ORIENTED_EDGE('',*,*,#2046,.T.);
#1074=ORIENTED_EDGE('',*,*,#1881,.T.);
#1075=ORIENTED_EDGE('',*,*,#2044,.F.);
#1076=ORIENTED_EDGE('',*,*,#1788,.F.);
#1077=ORIENTED_EDGE('',*,*,#1806,.F.);
#1078=ORIENTED_EDGE('',*,*,#2047,.F.);
#1079=ORIENTED_EDGE('',*,*,#1994,.F.);
#1080=ORIENTED_EDGE('',*,*,#2048,.F.);
#1081=ORIENTED_EDGE('',*,*,#2020,.F.);
#1082=ORIENTED_EDGE('',*,*,#2048,.T.);
#1083=ORIENTED_EDGE('',*,*,#1993,.F.);
#1084=ORIENTED_EDGE('',*,*,#2049,.F.);
#1085=ORIENTED_EDGE('',*,*,#2023,.F.);
#1086=ORIENTED_EDGE('',*,*,#2047,.T.);
#1087=ORIENTED_EDGE('',*,*,#2017,.F.);
#1088=ORIENTED_EDGE('',*,*,#2050,.F.);
#1089=ORIENTED_EDGE('',*,*,#1995,.F.);
#1090=ORIENTED_EDGE('',*,*,#2049,.T.);
#1091=ORIENTED_EDGE('',*,*,#1992,.F.);
#1092=ORIENTED_EDGE('',*,*,#2051,.F.);
#1093=ORIENTED_EDGE('',*,*,#2026,.F.);
#1094=ORIENTED_EDGE('',*,*,#2050,.T.);
#1095=ORIENTED_EDGE('',*,*,#2014,.F.);
#1096=ORIENTED_EDGE('',*,*,#2052,.F.);
#1097=ORIENTED_EDGE('',*,*,#1996,.F.);
#1098=ORIENTED_EDGE('',*,*,#2051,.T.);
#1099=ORIENTED_EDGE('',*,*,#1991,.F.);
#1100=ORIENTED_EDGE('',*,*,#2053,.F.);
#1101=ORIENTED_EDGE('',*,*,#2029,.F.);
#1102=ORIENTED_EDGE('',*,*,#2052,.T.);
#1103=ORIENTED_EDGE('',*,*,#2011,.F.);
#1104=ORIENTED_EDGE('',*,*,#2054,.F.);
#1105=ORIENTED_EDGE('',*,*,#1997,.F.);
#1106=ORIENTED_EDGE('',*,*,#2053,.T.);
#1107=ORIENTED_EDGE('',*,*,#1990,.F.);
#1108=ORIENTED_EDGE('',*,*,#2055,.F.);
#1109=ORIENTED_EDGE('',*,*,#2032,.F.);
#1110=ORIENTED_EDGE('',*,*,#2054,.T.);
#1111=ORIENTED_EDGE('',*,*,#2008,.F.);
#1112=ORIENTED_EDGE('',*,*,#2056,.F.);
#1113=ORIENTED_EDGE('',*,*,#1998,.F.);
#1114=ORIENTED_EDGE('',*,*,#2055,.T.);
#1115=ORIENTED_EDGE('',*,*,#1989,.F.);
#1116=ORIENTED_EDGE('',*,*,#2057,.F.);
#1117=ORIENTED_EDGE('',*,*,#2035,.F.);
#1118=ORIENTED_EDGE('',*,*,#2056,.T.);
#1119=ORIENTED_EDGE('',*,*,#2041,.F.);
#1120=ORIENTED_EDGE('',*,*,#2058,.F.);
#1121=ORIENTED_EDGE('',*,*,#1987,.F.);
#1122=ORIENTED_EDGE('',*,*,#2057,.T.);
#1123=ORIENTED_EDGE('',*,*,#1988,.F.);
#1124=ORIENTED_EDGE('',*,*,#2058,.T.);
#1125=ORIENTED_EDGE('',*,*,#2038,.F.);
#1126=ORIENTED_EDGE('',*,*,#1904,.F.);
#1127=ORIENTED_EDGE('',*,*,#1823,.F.);
#1128=ORIENTED_EDGE('',*,*,#2059,.F.);
#1129=ORIENTED_EDGE('',*,*,#2004,.T.);
#1130=ORIENTED_EDGE('',*,*,#2059,.T.);
#1131=ORIENTED_EDGE('',*,*,#1822,.F.);
#1132=ORIENTED_EDGE('',*,*,#2060,.F.);
#1133=ORIENTED_EDGE('',*,*,#2005,.T.);
#1134=ORIENTED_EDGE('',*,*,#2060,.T.);
#1135=ORIENTED_EDGE('',*,*,#1821,.F.);
#1136=ORIENTED_EDGE('',*,*,#1906,.F.);
#1137=ORIENTED_EDGE('',*,*,#2006,.T.);
#1138=ORIENTED_EDGE('',*,*,#2061,.F.);
#1139=ORIENTED_EDGE('',*,*,#2062,.T.);
#1140=ORIENTED_EDGE('',*,*,#2001,.T.);
#1141=ORIENTED_EDGE('',*,*,#1926,.T.);
#1142=ORIENTED_EDGE('',*,*,#2063,.F.);
#1143=ORIENTED_EDGE('',*,*,#2064,.T.);
#1144=ORIENTED_EDGE('',*,*,#2061,.T.);
#1145=ORIENTED_EDGE('',*,*,#1925,.T.);
#1146=ORIENTED_EDGE('',*,*,#2003,.F.);
#1147=ORIENTED_EDGE('',*,*,#2065,.T.);
#1148=ORIENTED_EDGE('',*,*,#2063,.T.);
#1149=ORIENTED_EDGE('',*,*,#1924,.T.);
#1150=ORIENTED_EDGE('',*,*,#2066,.F.);
#1151=ORIENTED_EDGE('',*,*,#2067,.T.);
#1152=ORIENTED_EDGE('',*,*,#2068,.T.);
#1153=ORIENTED_EDGE('',*,*,#1920,.T.);
#1154=ORIENTED_EDGE('',*,*,#1930,.F.);
#1155=ORIENTED_EDGE('',*,*,#2069,.T.);
#1156=ORIENTED_EDGE('',*,*,#2066,.T.);
#1157=ORIENTED_EDGE('',*,*,#1919,.T.);
#1158=ORIENTED_EDGE('',*,*,#2068,.F.);
#1159=ORIENTED_EDGE('',*,*,#2070,.T.);
#1160=ORIENTED_EDGE('',*,*,#1928,.T.);
#1161=ORIENTED_EDGE('',*,*,#1921,.T.);
#1162=ORIENTED_EDGE('',*,*,#2070,.F.);
#1163=ORIENTED_EDGE('',*,*,#2067,.F.);
#1164=ORIENTED_EDGE('',*,*,#2069,.F.);
#1165=ORIENTED_EDGE('',*,*,#1929,.T.);
#1166=ORIENTED_EDGE('',*,*,#2062,.F.);
#1167=ORIENTED_EDGE('',*,*,#2064,.F.);
#1168=ORIENTED_EDGE('',*,*,#2065,.F.);
#1169=ORIENTED_EDGE('',*,*,#2002,.T.);
#1170=ORIENTED_EDGE('',*,*,#2071,.F.);
#1171=ORIENTED_EDGE('',*,*,#2072,.T.);
#1172=ORIENTED_EDGE('',*,*,#1911,.T.);
#1173=ORIENTED_EDGE('',*,*,#2073,.T.);
#1174=ORIENTED_EDGE('',*,*,#1913,.T.);
#1175=ORIENTED_EDGE('',*,*,#2074,.T.);
#1176=ORIENTED_EDGE('',*,*,#2075,.F.);
#1177=ORIENTED_EDGE('',*,*,#2076,.T.);
#1178=ORIENTED_EDGE('',*,*,#2075,.T.);
#1179=ORIENTED_EDGE('',*,*,#2077,.T.);
#1180=ORIENTED_EDGE('',*,*,#2071,.T.);
#1181=ORIENTED_EDGE('',*,*,#2078,.T.);
#1182=ORIENTED_EDGE('',*,*,#2074,.F.);
#1183=ORIENTED_EDGE('',*,*,#1912,.T.);
#1184=ORIENTED_EDGE('',*,*,#2072,.F.);
#1185=ORIENTED_EDGE('',*,*,#2077,.F.);
#1186=ORIENTED_EDGE('',*,*,#2073,.F.);
#1187=ORIENTED_EDGE('',*,*,#1914,.T.);
#1188=ORIENTED_EDGE('',*,*,#2076,.F.);
#1189=ORIENTED_EDGE('',*,*,#2078,.F.);
#1190=ORIENTED_EDGE('',*,*,#2079,.F.);
#1191=ORIENTED_EDGE('',*,*,#1944,.F.);
#1192=ORIENTED_EDGE('',*,*,#1961,.F.);
#1193=ORIENTED_EDGE('',*,*,#1917,.F.);
#1194=ORIENTED_EDGE('',*,*,#1947,.F.);
#1195=ORIENTED_EDGE('',*,*,#2079,.T.);
#1196=ORIENTED_EDGE('',*,*,#2080,.F.);
#1197=ORIENTED_EDGE('',*,*,#2081,.F.);
#1198=ORIENTED_EDGE('',*,*,#1950,.F.);
#1199=ORIENTED_EDGE('',*,*,#2080,.T.);
#1200=ORIENTED_EDGE('',*,*,#1916,.F.);
#1201=ORIENTED_EDGE('',*,*,#1953,.F.);
#1202=ORIENTED_EDGE('',*,*,#2081,.T.);
#1203=ORIENTED_EDGE('',*,*,#2082,.F.);
#1204=ORIENTED_EDGE('',*,*,#2082,.T.);
#1205=ORIENTED_EDGE('',*,*,#1915,.F.);
#1206=ORIENTED_EDGE('',*,*,#1959,.F.);
#1207=ORIENTED_EDGE('',*,*,#1956,.F.);
#1208=ORIENTED_EDGE('',*,*,#1859,.T.);
#1209=ORIENTED_EDGE('',*,*,#1863,.T.);
#1210=ORIENTED_EDGE('',*,*,#1865,.T.);
#1211=ORIENTED_EDGE('',*,*,#1847,.T.);
#1212=ORIENTED_EDGE('',*,*,#1999,.T.);
#1213=ORIENTED_EDGE('',*,*,#1869,.F.);
#1214=ORIENTED_EDGE('',*,*,#1850,.T.);
#1215=ORIENTED_EDGE('',*,*,#1854,.T.);
#1216=ORIENTED_EDGE('',*,*,#1856,.T.);
#1217=ORIENTED_EDGE('',*,*,#1831,.T.);
#1218=ORIENTED_EDGE('',*,*,#1896,.T.);
#1219=ORIENTED_EDGE('',*,*,#1866,.F.);
#1220=ORIENTED_EDGE('',*,*,#1857,.T.);
#1221=ORIENTED_EDGE('',*,*,#1868,.F.);
#1222=ORIENTED_EDGE('',*,*,#1895,.F.);
#1223=ORIENTED_EDGE('',*,*,#1829,.T.);
#1224=ORIENTED_EDGE('',*,*,#1864,.T.);
#1225=ORIENTED_EDGE('',*,*,#1861,.T.);
#1226=ORIENTED_EDGE('',*,*,#1848,.T.);
#1227=ORIENTED_EDGE('',*,*,#1894,.F.);
#1228=ORIENTED_EDGE('',*,*,#1897,.F.);
#1229=ORIENTED_EDGE('',*,*,#1833,.T.);
#1230=ORIENTED_EDGE('',*,*,#1855,.T.);
#1231=ORIENTED_EDGE('',*,*,#1852,.T.);
#1232=ORIENTED_EDGE('',*,*,#2083,.T.);
#1233=ORIENTED_EDGE('',*,*,#2084,.T.);
#1234=ORIENTED_EDGE('',*,*,#2085,.T.);
#1235=ORIENTED_EDGE('',*,*,#1899,.T.);
#1236=ORIENTED_EDGE('',*,*,#2086,.T.);
#1237=ORIENTED_EDGE('',*,*,#2087,.T.);
#1238=ORIENTED_EDGE('',*,*,#2088,.T.);
#1239=ORIENTED_EDGE('',*,*,#1902,.T.);
#1240=ORIENTED_EDGE('',*,*,#2089,.T.);
#1241=ORIENTED_EDGE('',*,*,#2090,.T.);
#1242=ORIENTED_EDGE('',*,*,#2091,.F.);
#1243=ORIENTED_EDGE('',*,*,#2092,.F.);
#1244=ORIENTED_EDGE('',*,*,#2091,.T.);
#1245=ORIENTED_EDGE('',*,*,#2093,.T.);
#1246=ORIENTED_EDGE('',*,*,#2094,.F.);
#1247=ORIENTED_EDGE('',*,*,#2095,.F.);
#1248=ORIENTED_EDGE('',*,*,#2094,.T.);
#1249=ORIENTED_EDGE('',*,*,#2096,.T.);
#1250=ORIENTED_EDGE('',*,*,#2097,.F.);
#1251=ORIENTED_EDGE('',*,*,#2098,.F.);
#1252=ORIENTED_EDGE('',*,*,#2097,.T.);
#1253=ORIENTED_EDGE('',*,*,#2099,.T.);
#1254=ORIENTED_EDGE('',*,*,#2100,.F.);
#1255=ORIENTED_EDGE('',*,*,#2101,.F.);
#1256=ORIENTED_EDGE('',*,*,#2100,.T.);
#1257=ORIENTED_EDGE('',*,*,#2102,.T.);
#1258=ORIENTED_EDGE('',*,*,#2103,.F.);
#1259=ORIENTED_EDGE('',*,*,#2104,.F.);
#1260=ORIENTED_EDGE('',*,*,#2103,.T.);
#1261=ORIENTED_EDGE('',*,*,#2105,.T.);
#1262=ORIENTED_EDGE('',*,*,#2106,.F.);
#1263=ORIENTED_EDGE('',*,*,#2107,.F.);
#1264=ORIENTED_EDGE('',*,*,#2106,.T.);
#1265=ORIENTED_EDGE('',*,*,#2108,.T.);
#1266=ORIENTED_EDGE('',*,*,#2109,.F.);
#1267=ORIENTED_EDGE('',*,*,#2110,.F.);
#1268=ORIENTED_EDGE('',*,*,#2109,.T.);
#1269=ORIENTED_EDGE('',*,*,#2111,.T.);
#1270=ORIENTED_EDGE('',*,*,#2112,.F.);
#1271=ORIENTED_EDGE('',*,*,#2113,.F.);
#1272=ORIENTED_EDGE('',*,*,#2112,.T.);
#1273=ORIENTED_EDGE('',*,*,#2114,.T.);
#1274=ORIENTED_EDGE('',*,*,#2115,.F.);
#1275=ORIENTED_EDGE('',*,*,#2116,.F.);
#1276=ORIENTED_EDGE('',*,*,#2115,.T.);
#1277=ORIENTED_EDGE('',*,*,#2117,.T.);
#1278=ORIENTED_EDGE('',*,*,#2118,.F.);
#1279=ORIENTED_EDGE('',*,*,#2119,.F.);
#1280=ORIENTED_EDGE('',*,*,#2118,.T.);
#1281=ORIENTED_EDGE('',*,*,#2120,.T.);
#1282=ORIENTED_EDGE('',*,*,#2121,.F.);
#1283=ORIENTED_EDGE('',*,*,#2122,.F.);
#1284=ORIENTED_EDGE('',*,*,#2121,.T.);
#1285=ORIENTED_EDGE('',*,*,#2123,.T.);
#1286=ORIENTED_EDGE('',*,*,#2089,.F.);
#1287=ORIENTED_EDGE('',*,*,#2124,.F.);
#1288=ORIENTED_EDGE('',*,*,#2092,.T.);
#1289=ORIENTED_EDGE('',*,*,#2095,.T.);
#1290=ORIENTED_EDGE('',*,*,#2098,.T.);
#1291=ORIENTED_EDGE('',*,*,#2101,.T.);
#1292=ORIENTED_EDGE('',*,*,#2104,.T.);
#1293=ORIENTED_EDGE('',*,*,#2107,.T.);
#1294=ORIENTED_EDGE('',*,*,#2110,.T.);
#1295=ORIENTED_EDGE('',*,*,#2113,.T.);
#1296=ORIENTED_EDGE('',*,*,#2116,.T.);
#1297=ORIENTED_EDGE('',*,*,#2119,.T.);
#1298=ORIENTED_EDGE('',*,*,#2122,.T.);
#1299=ORIENTED_EDGE('',*,*,#2124,.T.);
#1300=ORIENTED_EDGE('',*,*,#2125,.T.);
#1301=ORIENTED_EDGE('',*,*,#2126,.T.);
#1302=ORIENTED_EDGE('',*,*,#2127,.F.);
#1303=ORIENTED_EDGE('',*,*,#2128,.F.);
#1304=ORIENTED_EDGE('',*,*,#2127,.T.);
#1305=ORIENTED_EDGE('',*,*,#2129,.T.);
#1306=ORIENTED_EDGE('',*,*,#2130,.F.);
#1307=ORIENTED_EDGE('',*,*,#2131,.F.);
#1308=ORIENTED_EDGE('',*,*,#2130,.T.);
#1309=ORIENTED_EDGE('',*,*,#2132,.T.);
#1310=ORIENTED_EDGE('',*,*,#2133,.F.);
#1311=ORIENTED_EDGE('',*,*,#2134,.F.);
#1312=ORIENTED_EDGE('',*,*,#2133,.T.);
#1313=ORIENTED_EDGE('',*,*,#2135,.T.);
#1314=ORIENTED_EDGE('',*,*,#2136,.F.);
#1315=ORIENTED_EDGE('',*,*,#2137,.F.);
#1316=ORIENTED_EDGE('',*,*,#2136,.T.);
#1317=ORIENTED_EDGE('',*,*,#2138,.T.);
#1318=ORIENTED_EDGE('',*,*,#2139,.F.);
#1319=ORIENTED_EDGE('',*,*,#2140,.F.);
#1320=ORIENTED_EDGE('',*,*,#2139,.T.);
#1321=ORIENTED_EDGE('',*,*,#2141,.T.);
#1322=ORIENTED_EDGE('',*,*,#2142,.F.);
#1323=ORIENTED_EDGE('',*,*,#2143,.F.);
#1324=ORIENTED_EDGE('',*,*,#2142,.T.);
#1325=ORIENTED_EDGE('',*,*,#2144,.T.);
#1326=ORIENTED_EDGE('',*,*,#2145,.F.);
#1327=ORIENTED_EDGE('',*,*,#2146,.F.);
#1328=ORIENTED_EDGE('',*,*,#2145,.T.);
#1329=ORIENTED_EDGE('',*,*,#2147,.T.);
#1330=ORIENTED_EDGE('',*,*,#2148,.F.);
#1331=ORIENTED_EDGE('',*,*,#2149,.F.);
#1332=ORIENTED_EDGE('',*,*,#2148,.T.);
#1333=ORIENTED_EDGE('',*,*,#2150,.T.);
#1334=ORIENTED_EDGE('',*,*,#2151,.F.);
#1335=ORIENTED_EDGE('',*,*,#2152,.F.);
#1336=ORIENTED_EDGE('',*,*,#2151,.T.);
#1337=ORIENTED_EDGE('',*,*,#2153,.T.);
#1338=ORIENTED_EDGE('',*,*,#2154,.F.);
#1339=ORIENTED_EDGE('',*,*,#2155,.F.);
#1340=ORIENTED_EDGE('',*,*,#2154,.T.);
#1341=ORIENTED_EDGE('',*,*,#2156,.T.);
#1342=ORIENTED_EDGE('',*,*,#2157,.F.);
#1343=ORIENTED_EDGE('',*,*,#2158,.F.);
#1344=ORIENTED_EDGE('',*,*,#2157,.T.);
#1345=ORIENTED_EDGE('',*,*,#2159,.T.);
#1346=ORIENTED_EDGE('',*,*,#2125,.F.);
#1347=ORIENTED_EDGE('',*,*,#2160,.F.);
#1348=ORIENTED_EDGE('',*,*,#2128,.T.);
#1349=ORIENTED_EDGE('',*,*,#2131,.T.);
#1350=ORIENTED_EDGE('',*,*,#2134,.T.);
#1351=ORIENTED_EDGE('',*,*,#2137,.T.);
#1352=ORIENTED_EDGE('',*,*,#2140,.T.);
#1353=ORIENTED_EDGE('',*,*,#2143,.T.);
#1354=ORIENTED_EDGE('',*,*,#2146,.T.);
#1355=ORIENTED_EDGE('',*,*,#2149,.T.);
#1356=ORIENTED_EDGE('',*,*,#2152,.T.);
#1357=ORIENTED_EDGE('',*,*,#2155,.T.);
#1358=ORIENTED_EDGE('',*,*,#2158,.T.);
#1359=ORIENTED_EDGE('',*,*,#2160,.T.);
#1360=ORIENTED_EDGE('',*,*,#1890,.T.);
#1361=ORIENTED_EDGE('',*,*,#2161,.T.);
#1362=ORIENTED_EDGE('',*,*,#1799,.F.);
#1363=ORIENTED_EDGE('',*,*,#2162,.F.);
#1364=ORIENTED_EDGE('',*,*,#1889,.T.);
#1365=ORIENTED_EDGE('',*,*,#2163,.T.);
#1366=ORIENTED_EDGE('',*,*,#1800,.F.);
#1367=ORIENTED_EDGE('',*,*,#2161,.F.);
#1368=ORIENTED_EDGE('',*,*,#1888,.T.);
#1369=ORIENTED_EDGE('',*,*,#2164,.T.);
#1370=ORIENTED_EDGE('',*,*,#1801,.F.);
#1371=ORIENTED_EDGE('',*,*,#2163,.F.);
#1372=ORIENTED_EDGE('',*,*,#1887,.T.);
#1373=ORIENTED_EDGE('',*,*,#1808,.T.);
#1374=ORIENTED_EDGE('',*,*,#1802,.F.);
#1375=ORIENTED_EDGE('',*,*,#2164,.F.);
#1376=ORIENTED_EDGE('',*,*,#1891,.T.);
#1377=ORIENTED_EDGE('',*,*,#2162,.T.);
#1378=ORIENTED_EDGE('',*,*,#1798,.F.);
#1379=ORIENTED_EDGE('',*,*,#1810,.F.);
#1380=ORIENTED_EDGE('',*,*,#1885,.T.);
#1381=ORIENTED_EDGE('',*,*,#2165,.T.);
#1382=ORIENTED_EDGE('',*,*,#1783,.F.);
#1383=ORIENTED_EDGE('',*,*,#2166,.F.);
#1384=ORIENTED_EDGE('',*,*,#1884,.T.);
#1385=ORIENTED_EDGE('',*,*,#2167,.T.);
#1386=ORIENTED_EDGE('',*,*,#1784,.F.);
#1387=ORIENTED_EDGE('',*,*,#2165,.F.);
#1388=ORIENTED_EDGE('',*,*,#1883,.T.);
#1389=ORIENTED_EDGE('',*,*,#2168,.T.);
#1390=ORIENTED_EDGE('',*,*,#1785,.F.);
#1391=ORIENTED_EDGE('',*,*,#2167,.F.);
#1392=ORIENTED_EDGE('',*,*,#1882,.T.);
#1393=ORIENTED_EDGE('',*,*,#1804,.T.);
#1394=ORIENTED_EDGE('',*,*,#1786,.F.);
#1395=ORIENTED_EDGE('',*,*,#2168,.F.);
#1396=ORIENTED_EDGE('',*,*,#1886,.T.);
#1397=ORIENTED_EDGE('',*,*,#2166,.T.);
#1398=ORIENTED_EDGE('',*,*,#1782,.F.);
#1399=ORIENTED_EDGE('',*,*,#1807,.F.);
#1400=ORIENTED_EDGE('',*,*,#2169,.F.);
#1401=ORIENTED_EDGE('',*,*,#1970,.F.);
#1402=ORIENTED_EDGE('',*,*,#2170,.F.);
#1403=ORIENTED_EDGE('',*,*,#2102,.F.);
#1404=ORIENTED_EDGE('',*,*,#2170,.T.);
#1405=ORIENTED_EDGE('',*,*,#1969,.F.);
#1406=ORIENTED_EDGE('',*,*,#2171,.F.);
#1407=ORIENTED_EDGE('',*,*,#2105,.F.);
#1408=ORIENTED_EDGE('',*,*,#2169,.T.);
#1409=ORIENTED_EDGE('',*,*,#2099,.F.);
#1410=ORIENTED_EDGE('',*,*,#2172,.F.);
#1411=ORIENTED_EDGE('',*,*,#1971,.F.);
#1412=ORIENTED_EDGE('',*,*,#2171,.T.);
#1413=ORIENTED_EDGE('',*,*,#1968,.F.);
#1414=ORIENTED_EDGE('',*,*,#2173,.F.);
#1415=ORIENTED_EDGE('',*,*,#2108,.F.);
#1416=ORIENTED_EDGE('',*,*,#2172,.T.);
#1417=ORIENTED_EDGE('',*,*,#2096,.F.);
#1418=ORIENTED_EDGE('',*,*,#2174,.F.);
#1419=ORIENTED_EDGE('',*,*,#1972,.F.);
#1420=ORIENTED_EDGE('',*,*,#2173,.T.);
#1421=ORIENTED_EDGE('',*,*,#1967,.F.);
#1422=ORIENTED_EDGE('',*,*,#2175,.F.);
#1423=ORIENTED_EDGE('',*,*,#2111,.F.);
#1424=ORIENTED_EDGE('',*,*,#2174,.T.);
#1425=ORIENTED_EDGE('',*,*,#2093,.F.);
#1426=ORIENTED_EDGE('',*,*,#2176,.F.);
#1427=ORIENTED_EDGE('',*,*,#1973,.F.);
#1428=ORIENTED_EDGE('',*,*,#2175,.T.);
#1429=ORIENTED_EDGE('',*,*,#1966,.F.);
#1430=ORIENTED_EDGE('',*,*,#2177,.F.);
#1431=ORIENTED_EDGE('',*,*,#2114,.F.);
#1432=ORIENTED_EDGE('',*,*,#2176,.T.);
#1433=ORIENTED_EDGE('',*,*,#2090,.F.);
#1434=ORIENTED_EDGE('',*,*,#2178,.F.);
#1435=ORIENTED_EDGE('',*,*,#1974,.F.);
#1436=ORIENTED_EDGE('',*,*,#2177,.T.);
#1437=ORIENTED_EDGE('',*,*,#1965,.F.);
#1438=ORIENTED_EDGE('',*,*,#2179,.F.);
#1439=ORIENTED_EDGE('',*,*,#2117,.F.);
#1440=ORIENTED_EDGE('',*,*,#2178,.T.);
#1441=ORIENTED_EDGE('',*,*,#2123,.F.);
#1442=ORIENTED_EDGE('',*,*,#2180,.F.);
#1443=ORIENTED_EDGE('',*,*,#1963,.F.);
#1444=ORIENTED_EDGE('',*,*,#2179,.T.);
#1445=ORIENTED_EDGE('',*,*,#1964,.F.);
#1446=ORIENTED_EDGE('',*,*,#2180,.T.);
#1447=ORIENTED_EDGE('',*,*,#2120,.F.);
#1448=ORIENTED_EDGE('',*,*,#2181,.F.);
#1449=ORIENTED_EDGE('',*,*,#1982,.F.);
#1450=ORIENTED_EDGE('',*,*,#2182,.F.);
#1451=ORIENTED_EDGE('',*,*,#2138,.F.);
#1452=ORIENTED_EDGE('',*,*,#2182,.T.);
#1453=ORIENTED_EDGE('',*,*,#1981,.F.);
#1454=ORIENTED_EDGE('',*,*,#2183,.F.);
#1455=ORIENTED_EDGE('',*,*,#2141,.F.);
#1456=ORIENTED_EDGE('',*,*,#2181,.T.);
#1457=ORIENTED_EDGE('',*,*,#2135,.F.);
#1458=ORIENTED_EDGE('',*,*,#2184,.F.);
#1459=ORIENTED_EDGE('',*,*,#1983,.F.);
#1460=ORIENTED_EDGE('',*,*,#2183,.T.);
#1461=ORIENTED_EDGE('',*,*,#1980,.F.);
#1462=ORIENTED_EDGE('',*,*,#2185,.F.);
#1463=ORIENTED_EDGE('',*,*,#2144,.F.);
#1464=ORIENTED_EDGE('',*,*,#2184,.T.);
#1465=ORIENTED_EDGE('',*,*,#2132,.F.);
#1466=ORIENTED_EDGE('',*,*,#2186,.F.);
#1467=ORIENTED_EDGE('',*,*,#1984,.F.);
#1468=ORIENTED_EDGE('',*,*,#2185,.T.);
#1469=ORIENTED_EDGE('',*,*,#1979,.F.);
#1470=ORIENTED_EDGE('',*,*,#2187,.F.);
#1471=ORIENTED_EDGE('',*,*,#2147,.F.);
#1472=ORIENTED_EDGE('',*,*,#2186,.T.);
#1473=ORIENTED_EDGE('',*,*,#2129,.F.);
#1474=ORIENTED_EDGE('',*,*,#2188,.F.);
#1475=ORIENTED_EDGE('',*,*,#1985,.F.);
#1476=ORIENTED_EDGE('',*,*,#2187,.T.);
#1477=ORIENTED_EDGE('',*,*,#1978,.F.);
#1478=ORIENTED_EDGE('',*,*,#2189,.F.);
#1479=ORIENTED_EDGE('',*,*,#2150,.F.);
#1480=ORIENTED_EDGE('',*,*,#2188,.T.);
#1481=ORIENTED_EDGE('',*,*,#2126,.F.);
#1482=ORIENTED_EDGE('',*,*,#2190,.F.);
#1483=ORIENTED_EDGE('',*,*,#1986,.F.);
#1484=ORIENTED_EDGE('',*,*,#2189,.T.);
#1485=ORIENTED_EDGE('',*,*,#1977,.F.);
#1486=ORIENTED_EDGE('',*,*,#2191,.F.);
#1487=ORIENTED_EDGE('',*,*,#2153,.F.);
#1488=ORIENTED_EDGE('',*,*,#2190,.T.);
#1489=ORIENTED_EDGE('',*,*,#2159,.F.);
#1490=ORIENTED_EDGE('',*,*,#2192,.F.);
#1491=ORIENTED_EDGE('',*,*,#1975,.F.);
#1492=ORIENTED_EDGE('',*,*,#2191,.T.);
#1493=ORIENTED_EDGE('',*,*,#1976,.F.);
#1494=ORIENTED_EDGE('',*,*,#2192,.T.);
#1495=ORIENTED_EDGE('',*,*,#2156,.F.);
#1496=ORIENTED_EDGE('',*,*,#1910,.F.);
#1497=ORIENTED_EDGE('',*,*,#1816,.F.);
#1498=ORIENTED_EDGE('',*,*,#2193,.F.);
#1499=ORIENTED_EDGE('',*,*,#2083,.F.);
#1500=ORIENTED_EDGE('',*,*,#2193,.T.);
#1501=ORIENTED_EDGE('',*,*,#1815,.F.);
#1502=ORIENTED_EDGE('',*,*,#2194,.F.);
#1503=ORIENTED_EDGE('',*,*,#2084,.F.);
#1504=ORIENTED_EDGE('',*,*,#2194,.T.);
#1505=ORIENTED_EDGE('',*,*,#1814,.F.);
#1506=ORIENTED_EDGE('',*,*,#1900,.F.);
#1507=ORIENTED_EDGE('',*,*,#2085,.F.);
#1508=ORIENTED_EDGE('',*,*,#1901,.F.);
#1509=ORIENTED_EDGE('',*,*,#1827,.F.);
#1510=ORIENTED_EDGE('',*,*,#2195,.F.);
#1511=ORIENTED_EDGE('',*,*,#2086,.F.);
#1512=ORIENTED_EDGE('',*,*,#2195,.T.);
#1513=ORIENTED_EDGE('',*,*,#1826,.F.);
#1514=ORIENTED_EDGE('',*,*,#2196,.F.);
#1515=ORIENTED_EDGE('',*,*,#2087,.F.);
#1516=ORIENTED_EDGE('',*,*,#2196,.T.);
#1517=ORIENTED_EDGE('',*,*,#1825,.F.);
#1518=ORIENTED_EDGE('',*,*,#1903,.F.);
#1519=ORIENTED_EDGE('',*,*,#2088,.F.);
#1520=VERTEX_POINT('',#3924);
#1521=VERTEX_POINT('',#3925);
#1522=VERTEX_POINT('',#3927);
#1523=VERTEX_POINT('',#3929);
#1524=VERTEX_POINT('',#3931);
#1525=VERTEX_POINT('',#3933);
#1526=VERTEX_POINT('',#3935);
#1527=VERTEX_POINT('',#3937);
#1528=VERTEX_POINT('',#3939);
#1529=VERTEX_POINT('',#3941);
#1530=VERTEX_POINT('',#3943);
#1531=VERTEX_POINT('',#3945);
#1532=VERTEX_POINT('',#3947);
#1533=VERTEX_POINT('',#3949);
#1534=VERTEX_POINT('',#3951);
#1535=VERTEX_POINT('',#3953);
#1536=VERTEX_POINT('',#3955);
#1537=VERTEX_POINT('',#3957);
#1538=VERTEX_POINT('',#3959);
#1539=VERTEX_POINT('',#3961);
#1540=VERTEX_POINT('',#3963);
#1541=VERTEX_POINT('',#3965);
#1542=VERTEX_POINT('',#3969);
#1543=VERTEX_POINT('',#3971);
#1544=VERTEX_POINT('',#3975);
#1545=VERTEX_POINT('',#3977);
#1546=VERTEX_POINT('',#3981);
#1547=VERTEX_POINT('',#3983);
#1548=VERTEX_POINT('',#3987);
#1549=VERTEX_POINT('',#3988);
#1550=VERTEX_POINT('',#3990);
#1551=VERTEX_POINT('',#3992);
#1552=VERTEX_POINT('',#3994);
#1553=VERTEX_POINT('',#3996);
#1554=VERTEX_POINT('',#3999);
#1555=VERTEX_POINT('',#4001);
#1556=VERTEX_POINT('',#4003);
#1557=VERTEX_POINT('',#4005);
#1558=VERTEX_POINT('',#4007);
#1559=VERTEX_POINT('',#4009);
#1560=VERTEX_POINT('',#4011);
#1561=VERTEX_POINT('',#4013);
#1562=VERTEX_POINT('',#4017);
#1563=VERTEX_POINT('',#4018);
#1564=VERTEX_POINT('',#4020);
#1565=VERTEX_POINT('',#4022);
#1566=VERTEX_POINT('',#4024);
#1567=VERTEX_POINT('',#4026);
#1568=VERTEX_POINT('',#4028);
#1569=VERTEX_POINT('',#4030);
#1570=VERTEX_POINT('',#4032);
#1571=VERTEX_POINT('',#4034);
#1572=VERTEX_POINT('',#4036);
#1573=VERTEX_POINT('',#4038);
#1574=VERTEX_POINT('',#4040);
#1575=VERTEX_POINT('',#4042);
#1576=VERTEX_POINT('',#4044);
#1577=VERTEX_POINT('',#4046);
#1578=VERTEX_POINT('',#4048);
#1579=VERTEX_POINT('',#4050);
#1580=VERTEX_POINT('',#4052);
#1581=VERTEX_POINT('',#4054);
#1582=VERTEX_POINT('',#4058);
#1583=VERTEX_POINT('',#4059);
#1584=VERTEX_POINT('',#4061);
#1585=VERTEX_POINT('',#4063);
#1586=VERTEX_POINT('',#4067);
#1587=VERTEX_POINT('',#4069);
#1588=VERTEX_POINT('',#4076);
#1589=VERTEX_POINT('',#4077);
#1590=VERTEX_POINT('',#4079);
#1591=VERTEX_POINT('',#4081);
#1592=VERTEX_POINT('',#4085);
#1593=VERTEX_POINT('',#4087);
#1594=VERTEX_POINT('',#4094);
#1595=VERTEX_POINT('',#4096);
#1596=VERTEX_POINT('',#4099);
#1597=VERTEX_POINT('',#4101);
#1598=VERTEX_POINT('',#4103);
#1599=VERTEX_POINT('',#4105);
#1600=VERTEX_POINT('',#4107);
#1601=VERTEX_POINT('',#4109);
#1602=VERTEX_POINT('',#4111);
#1603=VERTEX_POINT('',#4113);
#1604=VERTEX_POINT('',#4115);
#1605=VERTEX_POINT('',#4117);
#1606=VERTEX_POINT('',#4119);
#1607=VERTEX_POINT('',#4121);
#1608=VERTEX_POINT('',#4124);
#1609=VERTEX_POINT('',#4126);
#1610=VERTEX_POINT('',#4128);
#1611=VERTEX_POINT('',#4130);
#1612=VERTEX_POINT('',#4133);
#1613=VERTEX_POINT('',#4135);
#1614=VERTEX_POINT('',#4137);
#1615=VERTEX_POINT('',#4139);
#1616=VERTEX_POINT('',#4142);
#1617=VERTEX_POINT('',#4144);
#1618=VERTEX_POINT('',#4154);
#1619=VERTEX_POINT('',#4155);
#1620=VERTEX_POINT('',#4158);
#1621=VERTEX_POINT('',#4160);
#1622=VERTEX_POINT('',#4163);
#1623=VERTEX_POINT('',#4165);
#1624=VERTEX_POINT('',#4168);
#1625=VERTEX_POINT('',#4170);
#1626=VERTEX_POINT('',#4174);
#1627=VERTEX_POINT('',#4175);
#1628=VERTEX_POINT('',#4177);
#1629=VERTEX_POINT('',#4179);
#1630=VERTEX_POINT('',#4183);
#1631=VERTEX_POINT('',#4185);
#1632=VERTEX_POINT('',#4188);
#1633=VERTEX_POINT('',#4190);
#1634=VERTEX_POINT('',#4192);
#1635=VERTEX_POINT('',#4194);
#1636=VERTEX_POINT('',#4197);
#1637=VERTEX_POINT('',#4199);
#1638=VERTEX_POINT('',#4201);
#1639=VERTEX_POINT('',#4203);
#1640=VERTEX_POINT('',#4207);
#1641=VERTEX_POINT('',#4209);
#1642=VERTEX_POINT('',#4216);
#1643=VERTEX_POINT('',#4218);
#1644=VERTEX_POINT('',#4222);
#1645=VERTEX_POINT('',#4224);
#1646=VERTEX_POINT('',#4234);
#1647=VERTEX_POINT('',#4235);
#1648=VERTEX_POINT('',#4237);
#1649=VERTEX_POINT('',#4239);
#1650=VERTEX_POINT('',#4243);
#1651=VERTEX_POINT('',#4245);
#1652=VERTEX_POINT('',#4249);
#1653=VERTEX_POINT('',#4251);
#1654=VERTEX_POINT('',#4255);
#1655=VERTEX_POINT('',#4257);
#1656=VERTEX_POINT('',#4261);
#1657=VERTEX_POINT('',#4263);
#1658=VERTEX_POINT('',#4273);
#1659=VERTEX_POINT('',#4274);
#1660=VERTEX_POINT('',#4276);
#1661=VERTEX_POINT('',#4278);
#1662=VERTEX_POINT('',#4280);
#1663=VERTEX_POINT('',#4282);
#1664=VERTEX_POINT('',#4284);
#1665=VERTEX_POINT('',#4286);
#1666=VERTEX_POINT('',#4288);
#1667=VERTEX_POINT('',#4290);
#1668=VERTEX_POINT('',#4292);
#1669=VERTEX_POINT('',#4294);
#1670=VERTEX_POINT('',#4297);
#1671=VERTEX_POINT('',#4298);
#1672=VERTEX_POINT('',#4300);
#1673=VERTEX_POINT('',#4302);
#1674=VERTEX_POINT('',#4304);
#1675=VERTEX_POINT('',#4306);
#1676=VERTEX_POINT('',#4308);
#1677=VERTEX_POINT('',#4310);
#1678=VERTEX_POINT('',#4312);
#1679=VERTEX_POINT('',#4314);
#1680=VERTEX_POINT('',#4316);
#1681=VERTEX_POINT('',#4318);
#1682=VERTEX_POINT('',#4321);
#1683=VERTEX_POINT('',#4322);
#1684=VERTEX_POINT('',#4324);
#1685=VERTEX_POINT('',#4326);
#1686=VERTEX_POINT('',#4328);
#1687=VERTEX_POINT('',#4330);
#1688=VERTEX_POINT('',#4332);
#1689=VERTEX_POINT('',#4334);
#1690=VERTEX_POINT('',#4336);
#1691=VERTEX_POINT('',#4338);
#1692=VERTEX_POINT('',#4340);
#1693=VERTEX_POINT('',#4342);
#1694=VERTEX_POINT('',#4349);
#1695=VERTEX_POINT('',#4351);
#1696=VERTEX_POINT('',#4357);
#1697=VERTEX_POINT('',#4359);
#1698=VERTEX_POINT('',#4363);
#1699=VERTEX_POINT('',#4364);
#1700=VERTEX_POINT('',#4366);
#1701=VERTEX_POINT('',#4368);
#1702=VERTEX_POINT('',#4372);
#1703=VERTEX_POINT('',#4374);
#1704=VERTEX_POINT('',#4378);
#1705=VERTEX_POINT('',#4380);
#1706=VERTEX_POINT('',#4384);
#1707=VERTEX_POINT('',#4386);
#1708=VERTEX_POINT('',#4390);
#1709=VERTEX_POINT('',#4392);
#1710=VERTEX_POINT('',#4396);
#1711=VERTEX_POINT('',#4398);
#1712=VERTEX_POINT('',#4402);
#1713=VERTEX_POINT('',#4404);
#1714=VERTEX_POINT('',#4408);
#1715=VERTEX_POINT('',#4410);
#1716=VERTEX_POINT('',#4414);
#1717=VERTEX_POINT('',#4416);
#1718=VERTEX_POINT('',#4420);
#1719=VERTEX_POINT('',#4422);
#1720=VERTEX_POINT('',#4426);
#1721=VERTEX_POINT('',#4428);
#1722=VERTEX_POINT('',#4474);
#1723=VERTEX_POINT('',#4478);
#1724=VERTEX_POINT('',#4484);
#1725=VERTEX_POINT('',#4486);
#1726=VERTEX_POINT('',#4496);
#1727=VERTEX_POINT('',#4497);
#1728=VERTEX_POINT('',#4502);
#1729=VERTEX_POINT('',#4504);
#1730=VERTEX_POINT('',#4526);
#1731=VERTEX_POINT('',#4528);
#1732=VERTEX_POINT('',#4532);
#1733=VERTEX_POINT('',#4534);
#1734=VERTEX_POINT('',#4538);
#1735=VERTEX_POINT('',#4539);
#1736=VERTEX_POINT('',#4541);
#1737=VERTEX_POINT('',#4543);
#1738=VERTEX_POINT('',#4547);
#1739=VERTEX_POINT('',#4549);
#1740=VERTEX_POINT('',#4553);
#1741=VERTEX_POINT('',#4555);
#1742=VERTEX_POINT('',#4559);
#1743=VERTEX_POINT('',#4561);
#1744=VERTEX_POINT('',#4565);
#1745=VERTEX_POINT('',#4567);
#1746=VERTEX_POINT('',#4571);
#1747=VERTEX_POINT('',#4573);
#1748=VERTEX_POINT('',#4577);
#1749=VERTEX_POINT('',#4579);
#1750=VERTEX_POINT('',#4583);
#1751=VERTEX_POINT('',#4585);
#1752=VERTEX_POINT('',#4589);
#1753=VERTEX_POINT('',#4591);
#1754=VERTEX_POINT('',#4595);
#1755=VERTEX_POINT('',#4597);
#1756=VERTEX_POINT('',#4601);
#1757=VERTEX_POINT('',#4603);
#1758=VERTEX_POINT('',#4611);
#1759=VERTEX_POINT('',#4612);
#1760=VERTEX_POINT('',#4614);
#1761=VERTEX_POINT('',#4616);
#1762=VERTEX_POINT('',#4620);
#1763=VERTEX_POINT('',#4622);
#1764=VERTEX_POINT('',#4626);
#1765=VERTEX_POINT('',#4628);
#1766=VERTEX_POINT('',#4632);
#1767=VERTEX_POINT('',#4634);
#1768=VERTEX_POINT('',#4638);
#1769=VERTEX_POINT('',#4640);
#1770=VERTEX_POINT('',#4644);
#1771=VERTEX_POINT('',#4646);
#1772=VERTEX_POINT('',#4650);
#1773=VERTEX_POINT('',#4652);
#1774=VERTEX_POINT('',#4656);
#1775=VERTEX_POINT('',#4658);
#1776=VERTEX_POINT('',#4662);
#1777=VERTEX_POINT('',#4664);
#1778=VERTEX_POINT('',#4668);
#1779=VERTEX_POINT('',#4670);
#1780=VERTEX_POINT('',#4674);
#1781=VERTEX_POINT('',#4676);
#1782=EDGE_CURVE('',#1520,#1521,#2197,.T.);
#1783=EDGE_CURVE('',#1521,#1522,#2198,.T.);
#1784=EDGE_CURVE('',#1522,#1523,#2199,.T.);
#1785=EDGE_CURVE('',#1523,#1524,#2200,.T.);
#1786=EDGE_CURVE('',#1524,#1525,#2201,.T.);
#1787=EDGE_CURVE('',#1526,#1525,#2202,.T.);
#1788=EDGE_CURVE('',#1526,#1527,#2203,.T.);
#1789=EDGE_CURVE('',#1527,#1528,#2204,.T.);
#1790=EDGE_CURVE('',#1528,#1529,#2205,.T.);
#1791=EDGE_CURVE('',#1529,#1530,#2206,.T.);
#1792=EDGE_CURVE('',#1530,#1531,#2207,.T.);
#1793=EDGE_CURVE('',#1532,#1531,#2208,.T.);
#1794=EDGE_CURVE('',#1533,#1532,#2209,.T.);
#1795=EDGE_CURVE('',#1533,#1534,#2210,.T.);
#1796=EDGE_CURVE('',#1534,#1535,#2211,.T.);
#1797=EDGE_CURVE('',#1536,#1535,#2212,.T.);
#1798=EDGE_CURVE('',#1536,#1537,#2213,.T.);
#1799=EDGE_CURVE('',#1537,#1538,#2214,.T.);
#1800=EDGE_CURVE('',#1538,#1539,#2215,.T.);
#1801=EDGE_CURVE('',#1539,#1540,#2216,.T.);
#1802=EDGE_CURVE('',#1540,#1541,#2217,.T.);
#1803=EDGE_CURVE('',#1520,#1541,#2218,.T.);
#1804=EDGE_CURVE('',#1542,#1525,#2219,.T.);
#1805=EDGE_CURVE('',#1543,#1542,#2220,.T.);
#1806=EDGE_CURVE('',#1543,#1526,#2221,.T.);
#1807=EDGE_CURVE('',#1544,#1520,#2222,.T.);
#1808=EDGE_CURVE('',#1545,#1541,#2223,.T.);
#1809=EDGE_CURVE('',#1544,#1545,#2224,.T.);
#1810=EDGE_CURVE('',#1546,#1536,#2225,.T.);
#1811=EDGE_CURVE('',#1535,#1547,#2226,.T.);
#1812=EDGE_CURVE('',#1546,#1547,#2227,.T.);
#1813=EDGE_CURVE('',#1548,#1549,#2228,.T.);
#1814=EDGE_CURVE('',#1549,#1550,#2229,.T.);
#1815=EDGE_CURVE('',#1550,#1551,#2230,.T.);
#1816=EDGE_CURVE('',#1551,#1552,#2231,.T.);
#1817=EDGE_CURVE('',#1552,#1553,#2232,.T.);
#1818=EDGE_CURVE('',#1553,#1534,#2233,.T.);
#1819=EDGE_CURVE('',#1554,#1533,#2234,.T.);
#1820=EDGE_CURVE('',#1554,#1555,#2235,.T.);
#1821=EDGE_CURVE('',#1555,#1556,#2236,.T.);
#1822=EDGE_CURVE('',#1556,#1557,#2237,.T.);
#1823=EDGE_CURVE('',#1557,#1558,#2238,.T.);
#1824=EDGE_CURVE('',#1558,#1559,#2239,.T.);
#1825=EDGE_CURVE('',#1559,#1560,#2240,.T.);
#1826=EDGE_CURVE('',#1560,#1561,#2241,.T.);
#1827=EDGE_CURVE('',#1561,#1548,#2242,.T.);
#1828=EDGE_CURVE('',#1562,#1563,#2243,.T.);
#1829=EDGE_CURVE('',#1564,#1563,#2244,.T.);
#1830=EDGE_CURVE('',#1564,#1565,#2245,.T.);
#1831=EDGE_CURVE('',#1566,#1565,#2246,.T.);
#1832=EDGE_CURVE('',#1566,#1567,#2247,.T.);
#1833=EDGE_CURVE('',#1568,#1567,#2248,.T.);
#1834=EDGE_CURVE('',#1568,#1569,#2249,.T.);
#1835=EDGE_CURVE('',#1569,#1570,#2250,.T.);
#1836=EDGE_CURVE('',#1570,#1571,#2251,.T.);
#1837=EDGE_CURVE('',#1571,#1572,#2252,.T.);
#1838=EDGE_CURVE('',#1573,#1572,#2253,.T.);
#1839=EDGE_CURVE('',#1574,#1573,#2254,.T.);
#1840=EDGE_CURVE('',#1574,#1575,#2255,.T.);
#1841=EDGE_CURVE('',#1576,#1575,#2256,.T.);
#1842=EDGE_CURVE('',#1576,#1577,#2257,.T.);
#1843=EDGE_CURVE('',#1578,#1577,#2258,.T.);
#1844=EDGE_CURVE('',#1578,#1579,#2259,.T.);
#1845=EDGE_CURVE('',#1580,#1579,#2260,.T.);
#1846=EDGE_CURVE('',#1580,#1581,#2261,.T.);
#1847=EDGE_CURVE('',#1562,#1581,#2262,.T.);
#1848=EDGE_CURVE('',#1582,#1583,#2263,.T.);
#1849=EDGE_CURVE('',#1584,#1582,#2264,.T.);
#1850=EDGE_CURVE('',#1585,#1584,#2265,.T.);
#1851=EDGE_CURVE('',#1585,#1583,#2266,.T.);
#1852=EDGE_CURVE('',#1586,#1582,#2267,.T.);
#1853=EDGE_CURVE('',#1587,#1586,#2268,.T.);
#1854=EDGE_CURVE('',#1584,#1587,#2269,.T.);
#1855=EDGE_CURVE('',#1567,#1586,#2270,.T.);
#1856=EDGE_CURVE('',#1587,#1566,#2271,.T.);
#1857=EDGE_CURVE('',#1588,#1589,#2272,.T.);
#1858=EDGE_CURVE('',#1590,#1588,#2273,.T.);
#1859=EDGE_CURVE('',#1591,#1590,#2274,.T.);
#1860=EDGE_CURVE('',#1591,#1589,#2275,.T.);
#1861=EDGE_CURVE('',#1592,#1588,#2276,.T.);
#1862=EDGE_CURVE('',#1593,#1592,#2277,.T.);
#1863=EDGE_CURVE('',#1590,#1593,#2278,.T.);
#1864=EDGE_CURVE('',#1563,#1592,#2279,.T.);
#1865=EDGE_CURVE('',#1593,#1562,#2280,.T.);
#1866=EDGE_CURVE('',#1585,#1594,#2281,.T.);
#1867=EDGE_CURVE('',#1595,#1594,#2282,.T.);
#1868=EDGE_CURVE('',#1595,#1589,#2283,.T.);
#1869=EDGE_CURVE('',#1591,#1596,#2284,.T.);
#1870=EDGE_CURVE('',#1597,#1596,#2285,.T.);
#1871=EDGE_CURVE('',#1597,#1598,#2286,.T.);
#1872=EDGE_CURVE('',#1599,#1598,#2287,.T.);
#1873=EDGE_CURVE('',#1599,#1600,#2288,.T.);
#1874=EDGE_CURVE('',#1601,#1600,#2289,.T.);
#1875=EDGE_CURVE('',#1602,#1601,#2290,.T.);
#1876=EDGE_CURVE('',#1602,#1603,#2291,.T.);
#1877=EDGE_CURVE('',#1604,#1603,#2292,.T.);
#1878=EDGE_CURVE('',#1605,#1604,#2293,.T.);
#1879=EDGE_CURVE('',#1606,#1605,#2294,.T.);
#1880=EDGE_CURVE('',#1607,#1606,#2295,.T.);
#1881=EDGE_CURVE('',#1543,#1607,#2296,.T.);
#1882=EDGE_CURVE('',#1608,#1542,#2297,.T.);
#1883=EDGE_CURVE('',#1609,#1608,#2298,.T.);
#1884=EDGE_CURVE('',#1610,#1609,#2299,.T.);
#1885=EDGE_CURVE('',#1611,#1610,#2300,.T.);
#1886=EDGE_CURVE('',#1544,#1611,#2301,.T.);
#1887=EDGE_CURVE('',#1612,#1545,#2302,.T.);
#1888=EDGE_CURVE('',#1613,#1612,#2303,.T.);
#1889=EDGE_CURVE('',#1614,#1613,#2304,.T.);
#1890=EDGE_CURVE('',#1615,#1614,#2305,.T.);
#1891=EDGE_CURVE('',#1546,#1615,#2306,.T.);
#1892=EDGE_CURVE('',#1547,#1616,#2307,.T.);
#1893=EDGE_CURVE('',#1617,#1616,#2308,.T.);
#1894=EDGE_CURVE('',#1617,#1583,#2309,.T.);
#1895=EDGE_CURVE('',#1564,#1595,#2310,.T.);
#1896=EDGE_CURVE('',#1565,#1594,#2311,.T.);
#1897=EDGE_CURVE('',#1568,#1617,#2312,.T.);
#1898=EDGE_CURVE('',#1616,#1569,#2313,.T.);
#1899=EDGE_CURVE('',#1618,#1619,#2314,.T.);
#1900=EDGE_CURVE('',#1618,#1549,#2315,.T.);
#1901=EDGE_CURVE('',#1548,#1620,#2316,.T.);
#1902=EDGE_CURVE('',#1621,#1620,#2317,.T.);
#1903=EDGE_CURVE('',#1621,#1559,#2318,.T.);
#1904=EDGE_CURVE('',#1558,#1622,#2319,.T.);
#1905=EDGE_CURVE('',#1623,#1622,#2320,.T.);
#1906=EDGE_CURVE('',#1623,#1555,#2321,.T.);
#1907=EDGE_CURVE('',#1624,#1554,#2322,.T.);
#1908=EDGE_CURVE('',#1624,#1625,#2323,.T.);
#1909=EDGE_CURVE('',#1625,#1553,#2324,.T.);
#1910=EDGE_CURVE('',#1552,#1619,#2325,.T.);
#1911=EDGE_CURVE('',#1626,#1627,#2326,.T.);
#1912=EDGE_CURVE('',#1628,#1626,#2327,.T.);
#1913=EDGE_CURVE('',#1629,#1628,#2328,.T.);
#1914=EDGE_CURVE('',#1627,#1629,#2329,.T.);
#1915=EDGE_CURVE('',#1574,#1630,#2330,.T.);
#1916=EDGE_CURVE('',#1630,#1631,#2331,.T.);
#1917=EDGE_CURVE('',#1631,#1571,#2332,.T.);
#1918=EDGE_CURVE('',#1570,#1632,#2333,.T.);
#1919=EDGE_CURVE('',#1633,#1632,#2334,.T.);
#1920=EDGE_CURVE('',#1634,#1633,#2335,.T.);
#1921=EDGE_CURVE('',#1635,#1634,#2336,.T.);
#1922=EDGE_CURVE('',#1635,#1625,#2337,.T.);
#1923=EDGE_CURVE('',#1636,#1624,#2338,.T.);
#1924=EDGE_CURVE('',#1637,#1636,#2339,.T.);
#1925=EDGE_CURVE('',#1638,#1637,#2340,.T.);
#1926=EDGE_CURVE('',#1639,#1638,#2341,.T.);
#1927=EDGE_CURVE('',#1575,#1639,#2342,.T.);
#1928=EDGE_CURVE('',#1640,#1635,#2343,.T.);
#1929=EDGE_CURVE('',#1641,#1640,#2344,.T.);
#1930=EDGE_CURVE('',#1641,#1632,#2345,.T.);
#1931=EDGE_CURVE('',#1603,#1531,#2346,.T.);
#1932=EDGE_CURVE('',#1532,#1602,#2347,.T.);
#1933=EDGE_CURVE('',#1599,#1642,#2348,.T.);
#1934=EDGE_CURVE('',#1643,#1598,#2349,.T.);
#1935=EDGE_CURVE('',#1642,#1643,#2350,.T.);
#1936=EDGE_CURVE('',#1642,#1644,#2351,.T.);
#1937=EDGE_CURVE('',#1645,#1643,#2352,.T.);
#1938=EDGE_CURVE('',#1644,#1645,#2353,.T.);
#1939=EDGE_CURVE('',#1644,#1578,#2354,.T.);
#1940=EDGE_CURVE('',#1579,#1645,#2355,.T.);
#1941=EDGE_CURVE('',#1577,#1600,#2356,.T.);
#1942=EDGE_CURVE('',#1601,#1576,#2357,.T.);
#1943=EDGE_CURVE('',#1646,#1647,#2358,.T.);
#1944=EDGE_CURVE('',#1646,#1648,#2359,.T.);
#1945=EDGE_CURVE('',#1648,#1649,#2360,.T.);
#1946=EDGE_CURVE('',#1647,#1649,#2361,.T.);
#1947=EDGE_CURVE('',#1648,#1650,#45,.T.);
#1948=EDGE_CURVE('',#1650,#1651,#2362,.T.);
#1949=EDGE_CURVE('',#1649,#1651,#46,.T.);
#1950=EDGE_CURVE('',#1650,#1652,#2363,.T.);
#1951=EDGE_CURVE('',#1652,#1653,#2364,.T.);
#1952=EDGE_CURVE('',#1651,#1653,#2365,.T.);
#1953=EDGE_CURVE('',#1652,#1654,#47,.T.);
#1954=EDGE_CURVE('',#1654,#1655,#2366,.T.);
#1955=EDGE_CURVE('',#1653,#1655,#48,.T.);
#1956=EDGE_CURVE('',#1654,#1656,#2367,.T.);
#1957=EDGE_CURVE('',#1656,#1657,#2368,.T.);
#1958=EDGE_CURVE('',#1655,#1657,#2369,.T.);
#1959=EDGE_CURVE('',#1656,#1574,#36,.T.);
#1960=EDGE_CURVE('',#1657,#1573,#49,.T.);
#1961=EDGE_CURVE('',#1571,#1646,#37,.T.);
#1962=EDGE_CURVE('',#1572,#1647,#50,.T.);
#1963=EDGE_CURVE('',#1658,#1659,#2370,.T.);
#1964=EDGE_CURVE('',#1659,#1660,#2371,.T.);
#1965=EDGE_CURVE('',#1660,#1661,#2372,.T.);
#1966=EDGE_CURVE('',#1661,#1662,#2373,.T.);
#1967=EDGE_CURVE('',#1662,#1663,#2374,.T.);
#1968=EDGE_CURVE('',#1663,#1664,#2375,.T.);
#1969=EDGE_CURVE('',#1664,#1665,#2376,.T.);
#1970=EDGE_CURVE('',#1665,#1666,#2377,.T.);
#1971=EDGE_CURVE('',#1666,#1667,#2378,.T.);
#1972=EDGE_CURVE('',#1667,#1668,#2379,.T.);
#1973=EDGE_CURVE('',#1668,#1669,#2380,.T.);
#1974=EDGE_CURVE('',#1669,#1658,#2381,.T.);
#1975=EDGE_CURVE('',#1670,#1671,#2382,.T.);
#1976=EDGE_CURVE('',#1671,#1672,#2383,.T.);
#1977=EDGE_CURVE('',#1672,#1673,#2384,.T.);
#1978=EDGE_CURVE('',#1673,#1674,#2385,.T.);
#1979=EDGE_CURVE('',#1674,#1675,#2386,.T.);
#1980=EDGE_CURVE('',#1675,#1676,#2387,.T.);
#1981=EDGE_CURVE('',#1676,#1677,#2388,.T.);
#1982=EDGE_CURVE('',#1677,#1678,#2389,.T.);
#1983=EDGE_CURVE('',#1678,#1679,#2390,.T.);
#1984=EDGE_CURVE('',#1679,#1680,#2391,.T.);
#1985=EDGE_CURVE('',#1680,#1681,#2392,.T.);
#1986=EDGE_CURVE('',#1681,#1670,#2393,.T.);
#1987=EDGE_CURVE('',#1682,#1683,#2394,.T.);
#1988=EDGE_CURVE('',#1683,#1684,#2395,.T.);
#1989=EDGE_CURVE('',#1684,#1685,#2396,.T.);
#1990=EDGE_CURVE('',#1685,#1686,#2397,.T.);
#1991=EDGE_CURVE('',#1686,#1687,#2398,.T.);
#1992=EDGE_CURVE('',#1687,#1688,#2399,.T.);
#1993=EDGE_CURVE('',#1688,#1689,#2400,.T.);
#1994=EDGE_CURVE('',#1689,#1690,#2401,.T.);
#1995=EDGE_CURVE('',#1690,#1691,#2402,.T.);
#1996=EDGE_CURVE('',#1691,#1692,#2403,.T.);
#1997=EDGE_CURVE('',#1692,#1693,#2404,.T.);
#1998=EDGE_CURVE('',#1693,#1682,#2405,.T.);
#1999=EDGE_CURVE('',#1581,#1596,#2406,.T.);
#2000=EDGE_CURVE('',#1580,#1597,#2407,.T.);
#2001=EDGE_CURVE('',#1694,#1639,#2408,.T.);
#2002=EDGE_CURVE('',#1695,#1694,#2409,.T.);
#2003=EDGE_CURVE('',#1695,#1636,#2410,.T.);
#2004=EDGE_CURVE('',#1696,#1622,#2411,.T.);
#2005=EDGE_CURVE('',#1697,#1696,#2412,.T.);
#2006=EDGE_CURVE('',#1623,#1697,#2413,.T.);
#2007=EDGE_CURVE('',#1698,#1699,#2414,.T.);
#2008=EDGE_CURVE('',#1698,#1700,#2415,.T.);
#2009=EDGE_CURVE('',#1700,#1701,#2416,.T.);
#2010=EDGE_CURVE('',#1701,#1699,#2417,.T.);
#2011=EDGE_CURVE('',#1700,#1702,#2418,.T.);
#2012=EDGE_CURVE('',#1702,#1703,#2419,.T.);
#2013=EDGE_CURVE('',#1703,#1701,#2420,.T.);
#2014=EDGE_CURVE('',#1702,#1704,#2421,.T.);
#2015=EDGE_CURVE('',#1704,#1705,#2422,.T.);
#2016=EDGE_CURVE('',#1705,#1703,#2423,.T.);
#2017=EDGE_CURVE('',#1704,#1706,#2424,.T.);
#2018=EDGE_CURVE('',#1706,#1707,#2425,.T.);
#2019=EDGE_CURVE('',#1707,#1705,#2426,.T.);
#2020=EDGE_CURVE('',#1706,#1708,#2427,.T.);
#2021=EDGE_CURVE('',#1708,#1709,#2428,.T.);
#2022=EDGE_CURVE('',#1709,#1707,#2429,.T.);
#2023=EDGE_CURVE('',#1708,#1710,#2430,.T.);
#2024=EDGE_CURVE('',#1710,#1711,#2431,.T.);
#2025=EDGE_CURVE('',#1711,#1709,#2432,.T.);
#2026=EDGE_CURVE('',#1710,#1712,#2433,.T.);
#2027=EDGE_CURVE('',#1712,#1713,#2434,.T.);
#2028=EDGE_CURVE('',#1713,#1711,#2435,.T.);
#2029=EDGE_CURVE('',#1712,#1714,#2436,.T.);
#2030=EDGE_CURVE('',#1714,#1715,#2437,.T.);
#2031=EDGE_CURVE('',#1715,#1713,#2438,.T.);
#2032=EDGE_CURVE('',#1714,#1716,#2439,.T.);
#2033=EDGE_CURVE('',#1716,#1717,#2440,.T.);
#2034=EDGE_CURVE('',#1717,#1715,#2441,.T.);
#2035=EDGE_CURVE('',#1716,#1718,#2442,.T.);
#2036=EDGE_CURVE('',#1718,#1719,#2443,.T.);
#2037=EDGE_CURVE('',#1719,#1717,#2444,.T.);
#2038=EDGE_CURVE('',#1718,#1720,#2445,.T.);
#2039=EDGE_CURVE('',#1720,#1721,#2446,.T.);
#2040=EDGE_CURVE('',#1721,#1719,#2447,.T.);
#2041=EDGE_CURVE('',#1720,#1698,#2448,.T.);
#2042=EDGE_CURVE('',#1699,#1721,#2449,.T.);
#2043=EDGE_CURVE('',#1528,#1606,#2450,.T.);
#2044=EDGE_CURVE('',#1527,#1607,#2451,.T.);
#2045=EDGE_CURVE('',#1529,#1605,#2452,.T.);
#2046=EDGE_CURVE('',#1530,#1604,#2453,.T.);
#2047=EDGE_CURVE('',#1690,#1706,#2454,.T.);
#2048=EDGE_CURVE('',#1708,#1689,#2455,.T.);
#2049=EDGE_CURVE('',#1710,#1688,#2456,.T.);
#2050=EDGE_CURVE('',#1691,#1704,#2457,.T.);
#2051=EDGE_CURVE('',#1712,#1687,#2458,.T.);
#2052=EDGE_CURVE('',#1692,#1702,#2459,.T.);
#2053=EDGE_CURVE('',#1714,#1686,#2460,.T.);
#2054=EDGE_CURVE('',#1693,#1700,#2461,.T.);
#2055=EDGE_CURVE('',#1716,#1685,#2462,.T.);
#2056=EDGE_CURVE('',#1682,#1698,#2463,.T.);
#2057=EDGE_CURVE('',#1718,#1684,#2464,.T.);
#2058=EDGE_CURVE('',#1683,#1720,#2465,.T.);
#2059=EDGE_CURVE('',#1696,#1557,#2466,.T.);
#2060=EDGE_CURVE('',#1697,#1556,#2467,.T.);
#2061=EDGE_CURVE('',#1722,#1638,#2468,.T.);
#2062=EDGE_CURVE('',#1722,#1694,#2469,.T.);
#2063=EDGE_CURVE('',#1723,#1637,#2470,.T.);
#2064=EDGE_CURVE('',#1723,#1722,#2471,.T.);
#2065=EDGE_CURVE('',#1695,#1723,#2472,.T.);
#2066=EDGE_CURVE('',#1724,#1633,#2473,.T.);
#2067=EDGE_CURVE('',#1724,#1725,#2474,.T.);
#2068=EDGE_CURVE('',#1725,#1634,#2475,.T.);
#2069=EDGE_CURVE('',#1641,#1724,#2476,.T.);
#2070=EDGE_CURVE('',#1725,#1640,#2477,.T.);
#2071=EDGE_CURVE('',#1726,#1727,#2478,.T.);
#2072=EDGE_CURVE('',#1726,#1626,#2479,.T.);
#2073=EDGE_CURVE('',#1627,#1727,#2480,.T.);
#2074=EDGE_CURVE('',#1628,#1728,#2481,.T.);
#2075=EDGE_CURVE('',#1729,#1728,#2482,.T.);
#2076=EDGE_CURVE('',#1729,#1629,#2483,.T.);
#2077=EDGE_CURVE('',#1728,#1726,#2484,.T.);
#2078=EDGE_CURVE('',#1727,#1729,#2485,.T.);
#2079=EDGE_CURVE('',#1648,#1631,#51,.T.);
#2080=EDGE_CURVE('',#1650,#1631,#52,.T.);
#2081=EDGE_CURVE('',#1652,#1630,#53,.T.);
#2082=EDGE_CURVE('',#1654,#1630,#54,.T.);
#2083=EDGE_CURVE('',#1619,#1730,#2486,.T.);
#2084=EDGE_CURVE('',#1730,#1731,#2487,.T.);
#2085=EDGE_CURVE('',#1731,#1618,#2488,.T.);
#2086=EDGE_CURVE('',#1620,#1732,#2489,.T.);
#2087=EDGE_CURVE('',#1732,#1733,#2490,.T.);
#2088=EDGE_CURVE('',#1733,#1621,#2491,.T.);
#2089=EDGE_CURVE('',#1734,#1735,#2492,.T.);
#2090=EDGE_CURVE('',#1735,#1736,#2493,.T.);
#2091=EDGE_CURVE('',#1737,#1736,#2494,.T.);
#2092=EDGE_CURVE('',#1734,#1737,#2495,.T.);
#2093=EDGE_CURVE('',#1736,#1738,#2496,.T.);
#2094=EDGE_CURVE('',#1739,#1738,#2497,.T.);
#2095=EDGE_CURVE('',#1737,#1739,#2498,.T.);
#2096=EDGE_CURVE('',#1738,#1740,#2499,.T.);
#2097=EDGE_CURVE('',#1741,#1740,#2500,.T.);
#2098=EDGE_CURVE('',#1739,#1741,#2501,.T.);
#2099=EDGE_CURVE('',#1740,#1742,#2502,.T.);
#2100=EDGE_CURVE('',#1743,#1742,#2503,.T.);
#2101=EDGE_CURVE('',#1741,#1743,#2504,.T.);
#2102=EDGE_CURVE('',#1742,#1744,#2505,.T.);
#2103=EDGE_CURVE('',#1745,#1744,#2506,.T.);
#2104=EDGE_CURVE('',#1743,#1745,#2507,.T.);
#2105=EDGE_CURVE('',#1744,#1746,#2508,.T.);
#2106=EDGE_CURVE('',#1747,#1746,#2509,.T.);
#2107=EDGE_CURVE('',#1745,#1747,#2510,.T.);
#2108=EDGE_CURVE('',#1746,#1748,#2511,.T.);
#2109=EDGE_CURVE('',#1749,#1748,#2512,.T.);
#2110=EDGE_CURVE('',#1747,#1749,#2513,.T.);
#2111=EDGE_CURVE('',#1748,#1750,#2514,.T.);
#2112=EDGE_CURVE('',#1751,#1750,#2515,.T.);
#2113=EDGE_CURVE('',#1749,#1751,#2516,.T.);
#2114=EDGE_CURVE('',#1750,#1752,#2517,.T.);
#2115=EDGE_CURVE('',#1753,#1752,#2518,.T.);
#2116=EDGE_CURVE('',#1751,#1753,#2519,.T.);
#2117=EDGE_CURVE('',#1752,#1754,#2520,.T.);
#2118=EDGE_CURVE('',#1755,#1754,#2521,.T.);
#2119=EDGE_CURVE('',#1753,#1755,#2522,.T.);
#2120=EDGE_CURVE('',#1754,#1756,#2523,.T.);
#2121=EDGE_CURVE('',#1757,#1756,#2524,.T.);
#2122=EDGE_CURVE('',#1755,#1757,#2525,.T.);
#2123=EDGE_CURVE('',#1756,#1735,#2526,.T.);
#2124=EDGE_CURVE('',#1757,#1734,#2527,.T.);
#2125=EDGE_CURVE('',#1758,#1759,#2528,.T.);
#2126=EDGE_CURVE('',#1759,#1760,#2529,.T.);
#2127=EDGE_CURVE('',#1761,#1760,#2530,.T.);
#2128=EDGE_CURVE('',#1758,#1761,#2531,.T.);
#2129=EDGE_CURVE('',#1760,#1762,#2532,.T.);
#2130=EDGE_CURVE('',#1763,#1762,#2533,.T.);
#2131=EDGE_CURVE('',#1761,#1763,#2534,.T.);
#2132=EDGE_CURVE('',#1762,#1764,#2535,.T.);
#2133=EDGE_CURVE('',#1765,#1764,#2536,.T.);
#2134=EDGE_CURVE('',#1763,#1765,#2537,.T.);
#2135=EDGE_CURVE('',#1764,#1766,#2538,.T.);
#2136=EDGE_CURVE('',#1767,#1766,#2539,.T.);
#2137=EDGE_CURVE('',#1765,#1767,#2540,.T.);
#2138=EDGE_CURVE('',#1766,#1768,#2541,.T.);
#2139=EDGE_CURVE('',#1769,#1768,#2542,.T.);
#2140=EDGE_CURVE('',#1767,#1769,#2543,.T.);
#2141=EDGE_CURVE('',#1768,#1770,#2544,.T.);
#2142=EDGE_CURVE('',#1771,#1770,#2545,.T.);
#2143=EDGE_CURVE('',#1769,#1771,#2546,.T.);
#2144=EDGE_CURVE('',#1770,#1772,#2547,.T.);
#2145=EDGE_CURVE('',#1773,#1772,#2548,.T.);
#2146=EDGE_CURVE('',#1771,#1773,#2549,.T.);
#2147=EDGE_CURVE('',#1772,#1774,#2550,.T.);
#2148=EDGE_CURVE('',#1775,#1774,#2551,.T.);
#2149=EDGE_CURVE('',#1773,#1775,#2552,.T.);
#2150=EDGE_CURVE('',#1774,#1776,#2553,.T.);
#2151=EDGE_CURVE('',#1777,#1776,#2554,.T.);
#2152=EDGE_CURVE('',#1775,#1777,#2555,.T.);
#2153=EDGE_CURVE('',#1776,#1778,#2556,.T.);
#2154=EDGE_CURVE('',#1779,#1778,#2557,.T.);
#2155=EDGE_CURVE('',#1777,#1779,#2558,.T.);
#2156=EDGE_CURVE('',#1778,#1780,#2559,.T.);
#2157=EDGE_CURVE('',#1781,#1780,#2560,.T.);
#2158=EDGE_CURVE('',#1779,#1781,#2561,.T.);
#2159=EDGE_CURVE('',#1780,#1759,#2562,.T.);
#2160=EDGE_CURVE('',#1781,#1758,#2563,.T.);
#2161=EDGE_CURVE('',#1614,#1538,#2564,.T.);
#2162=EDGE_CURVE('',#1615,#1537,#2565,.T.);
#2163=EDGE_CURVE('',#1613,#1539,#2566,.T.);
#2164=EDGE_CURVE('',#1612,#1540,#2567,.T.);
#2165=EDGE_CURVE('',#1610,#1522,#2568,.T.);
#2166=EDGE_CURVE('',#1611,#1521,#2569,.T.);
#2167=EDGE_CURVE('',#1609,#1523,#2570,.T.);
#2168=EDGE_CURVE('',#1608,#1524,#2571,.T.);
#2169=EDGE_CURVE('',#1666,#1742,#2572,.T.);
#2170=EDGE_CURVE('',#1744,#1665,#2573,.T.);
#2171=EDGE_CURVE('',#1746,#1664,#2574,.T.);
#2172=EDGE_CURVE('',#1667,#1740,#2575,.T.);
#2173=EDGE_CURVE('',#1748,#1663,#2576,.T.);
#2174=EDGE_CURVE('',#1668,#1738,#2577,.T.);
#2175=EDGE_CURVE('',#1750,#1662,#2578,.T.);
#2176=EDGE_CURVE('',#1669,#1736,#2579,.T.);
#2177=EDGE_CURVE('',#1752,#1661,#2580,.T.);
#2178=EDGE_CURVE('',#1658,#1735,#2581,.T.);
#2179=EDGE_CURVE('',#1754,#1660,#2582,.T.);
#2180=EDGE_CURVE('',#1659,#1756,#2583,.T.);
#2181=EDGE_CURVE('',#1678,#1766,#2584,.T.);
#2182=EDGE_CURVE('',#1768,#1677,#2585,.T.);
#2183=EDGE_CURVE('',#1770,#1676,#2586,.T.);
#2184=EDGE_CURVE('',#1679,#1764,#2587,.T.);
#2185=EDGE_CURVE('',#1772,#1675,#2588,.T.);
#2186=EDGE_CURVE('',#1680,#1762,#2589,.T.);
#2187=EDGE_CURVE('',#1774,#1674,#2590,.T.);
#2188=EDGE_CURVE('',#1681,#1760,#2591,.T.);
#2189=EDGE_CURVE('',#1776,#1673,#2592,.T.);
#2190=EDGE_CURVE('',#1670,#1759,#2593,.T.);
#2191=EDGE_CURVE('',#1778,#1672,#2594,.T.);
#2192=EDGE_CURVE('',#1671,#1780,#2595,.T.);
#2193=EDGE_CURVE('',#1730,#1551,#2596,.T.);
#2194=EDGE_CURVE('',#1731,#1550,#2597,.T.);
#2195=EDGE_CURVE('',#1732,#1561,#2598,.T.);
#2196=EDGE_CURVE('',#1733,#1560,#2599,.T.);
#2197=LINE('',#3923,#2600);
#2198=LINE('',#3926,#2601);
#2199=LINE('',#3928,#2602);
#2200=LINE('',#3930,#2603);
#2201=LINE('',#3932,#2604);
#2202=LINE('',#3934,#2605);
#2203=LINE('',#3936,#2606);
#2204=LINE('',#3938,#2607);
#2205=LINE('',#3940,#2608);
#2206=LINE('',#3942,#2609);
#2207=LINE('',#3944,#2610);
#2208=LINE('',#3946,#2611);
#2209=LINE('',#3948,#2612);
#2210=LINE('',#3950,#2613);
#2211=LINE('',#3952,#2614);
#2212=LINE('',#3954,#2615);
#2213=LINE('',#3956,#2616);
#2214=LINE('',#3958,#2617);
#2215=LINE('',#3960,#2618);
#2216=LINE('',#3962,#2619);
#2217=LINE('',#3964,#2620);
#2218=LINE('',#3966,#2621);
#2219=LINE('',#3968,#2622);
#2220=LINE('',#3970,#2623);
#2221=LINE('',#3972,#2624);
#2222=LINE('',#3974,#2625);
#2223=LINE('',#3976,#2626);
#2224=LINE('',#3978,#2627);
#2225=LINE('',#3980,#2628);
#2226=LINE('',#3982,#2629);
#2227=LINE('',#3984,#2630);
#2228=LINE('',#3986,#2631);
#2229=LINE('',#3989,#2632);
#2230=LINE('',#3991,#2633);
#2231=LINE('',#3993,#2634);
#2232=LINE('',#3995,#2635);
#2233=LINE('',#3997,#2636);
#2234=LINE('',#3998,#2637);
#2235=LINE('',#4000,#2638);
#2236=LINE('',#4002,#2639);
#2237=LINE('',#4004,#2640);
#2238=LINE('',#4006,#2641);
#2239=LINE('',#4008,#2642);
#2240=LINE('',#4010,#2643);
#2241=LINE('',#4012,#2644);
#2242=LINE('',#4014,#2645);
#2243=LINE('',#4016,#2646);
#2244=LINE('',#4019,#2647);
#2245=LINE('',#4021,#2648);
#2246=LINE('',#4023,#2649);
#2247=LINE('',#4025,#2650);
#2248=LINE('',#4027,#2651);
#2249=LINE('',#4029,#2652);
#2250=LINE('',#4031,#2653);
#2251=LINE('',#4033,#2654);
#2252=LINE('',#4035,#2655);
#2253=LINE('',#4037,#2656);
#2254=LINE('',#4039,#2657);
#2255=LINE('',#4041,#2658);
#2256=LINE('',#4043,#2659);
#2257=LINE('',#4045,#2660);
#2258=LINE('',#4047,#2661);
#2259=LINE('',#4049,#2662);
#2260=LINE('',#4051,#2663);
#2261=LINE('',#4053,#2664);
#2262=LINE('',#4055,#2665);
#2263=LINE('',#4057,#2666);
#2264=LINE('',#4060,#2667);
#2265=LINE('',#4062,#2668);
#2266=LINE('',#4064,#2669);
#2267=LINE('',#4066,#2670);
#2268=LINE('',#4068,#2671);
#2269=LINE('',#4070,#2672);
#2270=LINE('',#4072,#2673);
#2271=LINE('',#4073,#2674);
#2272=LINE('',#4075,#2675);
#2273=LINE('',#4078,#2676);
#2274=LINE('',#4080,#2677);
#2275=LINE('',#4082,#2678);
#2276=LINE('',#4084,#2679);
#2277=LINE('',#4086,#2680);
#2278=LINE('',#4088,#2681);
#2279=LINE('',#4090,#2682);
#2280=LINE('',#4091,#2683);
#2281=LINE('',#4093,#2684);
#2282=LINE('',#4095,#2685);
#2283=LINE('',#4097,#2686);
#2284=LINE('',#4098,#2687);
#2285=LINE('',#4100,#2688);
#2286=LINE('',#4102,#2689);
#2287=LINE('',#4104,#2690);
#2288=LINE('',#4106,#2691);
#2289=LINE('',#4108,#2692);
#2290=LINE('',#4110,#2693);
#2291=LINE('',#4112,#2694);
#2292=LINE('',#4114,#2695);
#2293=LINE('',#4116,#2696);
#2294=LINE('',#4118,#2697);
#2295=LINE('',#4120,#2698);
#2296=LINE('',#4122,#2699);
#2297=LINE('',#4123,#2700);
#2298=LINE('',#4125,#2701);
#2299=LINE('',#4127,#2702);
#2300=LINE('',#4129,#2703);
#2301=LINE('',#4131,#2704);
#2302=LINE('',#4132,#2705);
#2303=LINE('',#4134,#2706);
#2304=LINE('',#4136,#2707);
#2305=LINE('',#4138,#2708);
#2306=LINE('',#4140,#2709);
#2307=LINE('',#4141,#2710);
#2308=LINE('',#4143,#2711);
#2309=LINE('',#4145,#2712);
#2310=LINE('',#4147,#2713);
#2311=LINE('',#4148,#2714);
#2312=LINE('',#4150,#2715);
#2313=LINE('',#4151,#2716);
#2314=LINE('',#4153,#2717);
#2315=LINE('',#4156,#2718);
#2316=LINE('',#4157,#2719);
#2317=LINE('',#4159,#2720);
#2318=LINE('',#4161,#2721);
#2319=LINE('',#4162,#2722);
#2320=LINE('',#4164,#2723);
#2321=LINE('',#4166,#2724);
#2322=LINE('',#4167,#2725);
#2323=LINE('',#4169,#2726);
#2324=LINE('',#4171,#2727);
#2325=LINE('',#4172,#2728);
#2326=LINE('',#4173,#2729);
#2327=LINE('',#4176,#2730);
#2328=LINE('',#4178,#2731);
#2329=LINE('',#4180,#2732);
#2330=LINE('',#4182,#2733);
#2331=LINE('',#4184,#2734);
#2332=LINE('',#4186,#2735);
#2333=LINE('',#4187,#2736);
#2334=LINE('',#4189,#2737);
#2335=LINE('',#4191,#2738);
#2336=LINE('',#4193,#2739);
#2337=LINE('',#4195,#2740);
#2338=LINE('',#4196,#2741);
#2339=LINE('',#4198,#2742);
#2340=LINE('',#4200,#2743);
#2341=LINE('',#4202,#2744);
#2342=LINE('',#4204,#2745);
#2343=LINE('',#4206,#2746);
#2344=LINE('',#4208,#2747);
#2345=LINE('',#4210,#2748);
#2346=LINE('',#4212,#2749);
#2347=LINE('',#4213,#2750);
#2348=LINE('',#4215,#2751);
#2349=LINE('',#4217,#2752);
#2350=LINE('',#4219,#2753);
#2351=LINE('',#4221,#2754);
#2352=LINE('',#4223,#2755);
#2353=LINE('',#4225,#2756);
#2354=LINE('',#4227,#2757);
#2355=LINE('',#4228,#2758);
#2356=LINE('',#4230,#2759);
#2357=LINE('',#4231,#2760);
#2358=LINE('',#4233,#2761);
#2359=LINE('',#4236,#2762);
#2360=LINE('',#4238,#2763);
#2361=LINE('',#4240,#2764);
#2362=LINE('',#4244,#2765);
#2363=LINE('',#4248,#2766);
#2364=LINE('',#4250,#2767);
#2365=LINE('',#4252,#2768);
#2366=LINE('',#4256,#2769);
#2367=LINE('',#4260,#2770);
#2368=LINE('',#4262,#2771);
#2369=LINE('',#4264,#2772);
#2370=LINE('',#4272,#2773);
#2371=LINE('',#4275,#2774);
#2372=LINE('',#4277,#2775);
#2373=LINE('',#4279,#2776);
#2374=LINE('',#4281,#2777);
#2375=LINE('',#4283,#2778);
#2376=LINE('',#4285,#2779);
#2377=LINE('',#4287,#2780);
#2378=LINE('',#4289,#2781);
#2379=LINE('',#4291,#2782);
#2380=LINE('',#4293,#2783);
#2381=LINE('',#4295,#2784);
#2382=LINE('',#4296,#2785);
#2383=LINE('',#4299,#2786);
#2384=LINE('',#4301,#2787);
#2385=LINE('',#4303,#2788);
#2386=LINE('',#4305,#2789);
#2387=LINE('',#4307,#2790);
#2388=LINE('',#4309,#2791);
#2389=LINE('',#4311,#2792);
#2390=LINE('',#4313,#2793);
#2391=LINE('',#4315,#2794);
#2392=LINE('',#4317,#2795);
#2393=LINE('',#4319,#2796);
#2394=LINE('',#4320,#2797);
#2395=LINE('',#4323,#2798);
#2396=LINE('',#4325,#2799);
#2397=LINE('',#4327,#2800);
#2398=LINE('',#4329,#2801);
#2399=LINE('',#4331,#2802);
#2400=LINE('',#4333,#2803);
#2401=LINE('',#4335,#2804);
#2402=LINE('',#4337,#2805);
#2403=LINE('',#4339,#2806);
#2404=LINE('',#4341,#2807);
#2405=LINE('',#4343,#2808);
#2406=LINE('',#4345,#2809);
#2407=LINE('',#4346,#2810);
#2408=LINE('',#4348,#2811);
#2409=LINE('',#4350,#2812);
#2410=LINE('',#4352,#2813);
#2411=LINE('',#4356,#2814);
#2412=LINE('',#4358,#2815);
#2413=LINE('',#4360,#2816);
#2414=LINE('',#4362,#2817);
#2415=LINE('',#4365,#2818);
#2416=LINE('',#4367,#2819);
#2417=LINE('',#4369,#2820);
#2418=LINE('',#4371,#2821);
#2419=LINE('',#4373,#2822);
#2420=LINE('',#4375,#2823);
#2421=LINE('',#4377,#2824);
#2422=LINE('',#4379,#2825);
#2423=LINE('',#4381,#2826);
#2424=LINE('',#4383,#2827);
#2425=LINE('',#4385,#2828);
#2426=LINE('',#4387,#2829);
#2427=LINE('',#4389,#2830);
#2428=LINE('',#4391,#2831);
#2429=LINE('',#4393,#2832);
#2430=LINE('',#4395,#2833);
#2431=LINE('',#4397,#2834);
#2432=LINE('',#4399,#2835);
#2433=LINE('',#4401,#2836);
#2434=LINE('',#4403,#2837);
#2435=LINE('',#4405,#2838);
#2436=LINE('',#4407,#2839);
#2437=LINE('',#4409,#2840);
#2438=LINE('',#4411,#2841);
#2439=LINE('',#4413,#2842);
#2440=LINE('',#4415,#2843);
#2441=LINE('',#4417,#2844);
#2442=LINE('',#4419,#2845);
#2443=LINE('',#4421,#2846);
#2444=LINE('',#4423,#2847);
#2445=LINE('',#4425,#2848);
#2446=LINE('',#4427,#2849);
#2447=LINE('',#4429,#2850);
#2448=LINE('',#4431,#2851);
#2449=LINE('',#4432,#2852);
#2450=LINE('',#4435,#2853);
#2451=LINE('',#4436,#2854);
#2452=LINE('',#4438,#2855);
#2453=LINE('',#4440,#2856);
#2454=LINE('',#4444,#2857);
#2455=LINE('',#4445,#2858);
#2456=LINE('',#4447,#2859);
#2457=LINE('',#4449,#2860);
#2458=LINE('',#4451,#2861);
#2459=LINE('',#4453,#2862);
#2460=LINE('',#4455,#2863);
#2461=LINE('',#4457,#2864);
#2462=LINE('',#4459,#2865);
#2463=LINE('',#4461,#2866);
#2464=LINE('',#4463,#2867);
#2465=LINE('',#4465,#2868);
#2466=LINE('',#4468,#2869);
#2467=LINE('',#4470,#2870);
#2468=LINE('',#4473,#2871);
#2469=LINE('',#4475,#2872);
#2470=LINE('',#4477,#2873);
#2471=LINE('',#4479,#2874);
#2472=LINE('',#4481,#2875);
#2473=LINE('',#4483,#2876);
#2474=LINE('',#4485,#2877);
#2475=LINE('',#4487,#2878);
#2476=LINE('',#4489,#2879);
#2477=LINE('',#4491,#2880);
#2478=LINE('',#4495,#2881);
#2479=LINE('',#4498,#2882);
#2480=LINE('',#4499,#2883);
#2481=LINE('',#4501,#2884);
#2482=LINE('',#4503,#2885);
#2483=LINE('',#4505,#2886);
#2484=LINE('',#4507,#2887);
#2485=LINE('',#4508,#2888);
#2486=LINE('',#4525,#2889);
#2487=LINE('',#4527,#2890);
#2488=LINE('',#4529,#2891);
#2489=LINE('',#4531,#2892);
#2490=LINE('',#4533,#2893);
#2491=LINE('',#4535,#2894);
#2492=LINE('',#4537,#2895);
#2493=LINE('',#4540,#2896);
#2494=LINE('',#4542,#2897);
#2495=LINE('',#4544,#2898);
#2496=LINE('',#4546,#2899);
#2497=LINE('',#4548,#2900);
#2498=LINE('',#4550,#2901);
#2499=LINE('',#4552,#2902);
#2500=LINE('',#4554,#2903);
#2501=LINE('',#4556,#2904);
#2502=LINE('',#4558,#2905);
#2503=LINE('',#4560,#2906);
#2504=LINE('',#4562,#2907);
#2505=LINE('',#4564,#2908);
#2506=LINE('',#4566,#2909);
#2507=LINE('',#4568,#2910);
#2508=LINE('',#4570,#2911);
#2509=LINE('',#4572,#2912);
#2510=LINE('',#4574,#2913);
#2511=LINE('',#4576,#2914);
#2512=LINE('',#4578,#2915);
#2513=LINE('',#4580,#2916);
#2514=LINE('',#4582,#2917);
#2515=LINE('',#4584,#2918);
#2516=LINE('',#4586,#2919);
#2517=LINE('',#4588,#2920);
#2518=LINE('',#4590,#2921);
#2519=LINE('',#4592,#2922);
#2520=LINE('',#4594,#2923);
#2521=LINE('',#4596,#2924);
#2522=LINE('',#4598,#2925);
#2523=LINE('',#4600,#2926);
#2524=LINE('',#4602,#2927);
#2525=LINE('',#4604,#2928);
#2526=LINE('',#4606,#2929);
#2527=LINE('',#4607,#2930);
#2528=LINE('',#4610,#2931);
#2529=LINE('',#4613,#2932);
#2530=LINE('',#4615,#2933);
#2531=LINE('',#4617,#2934);
#2532=LINE('',#4619,#2935);
#2533=LINE('',#4621,#2936);
#2534=LINE('',#4623,#2937);
#2535=LINE('',#4625,#2938);
#2536=LINE('',#4627,#2939);
#2537=LINE('',#4629,#2940);
#2538=LINE('',#4631,#2941);
#2539=LINE('',#4633,#2942);
#2540=LINE('',#4635,#2943);
#2541=LINE('',#4637,#2944);
#2542=LINE('',#4639,#2945);
#2543=LINE('',#4641,#2946);
#2544=LINE('',#4643,#2947);
#2545=LINE('',#4645,#2948);
#2546=LINE('',#4647,#2949);
#2547=LINE('',#4649,#2950);
#2548=LINE('',#4651,#2951);
#2549=LINE('',#4653,#2952);
#2550=LINE('',#4655,#2953);
#2551=LINE('',#4657,#2954);
#2552=LINE('',#4659,#2955);
#2553=LINE('',#4661,#2956);
#2554=LINE('',#4663,#2957);
#2555=LINE('',#4665,#2958);
#2556=LINE('',#4667,#2959);
#2557=LINE('',#4669,#2960);
#2558=LINE('',#4671,#2961);
#2559=LINE('',#4673,#2962);
#2560=LINE('',#4675,#2963);
#2561=LINE('',#4677,#2964);
#2562=LINE('',#4679,#2965);
#2563=LINE('',#4680,#2966);
#2564=LINE('',#4683,#2967);
#2565=LINE('',#4684,#2968);
#2566=LINE('',#4686,#2969);
#2567=LINE('',#4688,#2970);
#2568=LINE('',#4692,#2971);
#2569=LINE('',#4693,#2972);
#2570=LINE('',#4695,#2973);
#2571=LINE('',#4697,#2974);
#2572=LINE('',#4701,#2975);
#2573=LINE('',#4702,#2976);
#2574=LINE('',#4704,#2977);
#2575=LINE('',#4706,#2978);
#2576=LINE('',#4708,#2979);
#2577=LINE('',#4710,#2980);
#2578=LINE('',#4712,#2981);
#2579=LINE('',#4714,#2982);
#2580=LINE('',#4716,#2983);
#2581=LINE('',#4718,#2984);
#2582=LINE('',#4720,#2985);
#2583=LINE('',#4722,#2986);
#2584=LINE('',#4725,#2987);
#2585=LINE('',#4726,#2988);
#2586=LINE('',#4728,#2989);
#2587=LINE('',#4730,#2990);
#2588=LINE('',#4732,#2991);
#2589=LINE('',#4734,#2992);
#2590=LINE('',#4736,#2993);
#2591=LINE('',#4738,#2994);
#2592=LINE('',#4740,#2995);
#2593=LINE('',#4742,#2996);
#2594=LINE('',#4744,#2997);
#2595=LINE('',#4746,#2998);
#2596=LINE('',#4749,#2999);
#2597=LINE('',#4751,#3000);
#2598=LINE('',#4754,#3001);
#2599=LINE('',#4756,#3002);
#2600=VECTOR('',#3177,1.);
#2601=VECTOR('',#3178,1.);
#2602=VECTOR('',#3179,1.);
#2603=VECTOR('',#3180,1.);
#2604=VECTOR('',#3181,1.);
#2605=VECTOR('',#3182,1.);
#2606=VECTOR('',#3183,1.);
#2607=VECTOR('',#3184,1.);
#2608=VECTOR('',#3185,1.);
#2609=VECTOR('',#3186,1.);
#2610=VECTOR('',#3187,1.);
#2611=VECTOR('',#3188,1.);
#2612=VECTOR('',#3189,1.);
#2613=VECTOR('',#3190,1.);
#2614=VECTOR('',#3191,1.);
#2615=VECTOR('',#3192,1.);
#2616=VECTOR('',#3193,1.);
#2617=VECTOR('',#3194,1.);
#2618=VECTOR('',#3195,1.);
#2619=VECTOR('',#3196,1.);
#2620=VECTOR('',#3197,1.);
#2621=VECTOR('',#3198,1.);
#2622=VECTOR('',#3201,1.);
#2623=VECTOR('',#3202,1.);
#2624=VECTOR('',#3203,1.);
#2625=VECTOR('',#3206,1.);
#2626=VECTOR('',#3207,1.);
#2627=VECTOR('',#3208,1.);
#2628=VECTOR('',#3211,1.);
#2629=VECTOR('',#3212,1.);
#2630=VECTOR('',#3213,1.);
#2631=VECTOR('',#3216,1.);
#2632=VECTOR('',#3217,1.);
#2633=VECTOR('',#3218,1.);
#2634=VECTOR('',#3219,1.);
#2635=VECTOR('',#3220,1.);
#2636=VECTOR('',#3221,1.);
#2637=VECTOR('',#3222,1.);
#2638=VECTOR('',#3223,1.);
#2639=VECTOR('',#3224,1.);
#2640=VECTOR('',#3225,1.);
#2641=VECTOR('',#3226,1.);
#2642=VECTOR('',#3227,1.);
#2643=VECTOR('',#3228,1.);
#2644=VECTOR('',#3229,1.);
#2645=VECTOR('',#3230,1.);
#2646=VECTOR('',#3233,1.);
#2647=VECTOR('',#3234,1.);
#2648=VECTOR('',#3235,1.);
#2649=VECTOR('',#3236,1.);
#2650=VECTOR('',#3237,1.);
#2651=VECTOR('',#3238,1.);
#2652=VECTOR('',#3239,1.);
#2653=VECTOR('',#3240,1.);
#2654=VECTOR('',#3241,1.);
#2655=VECTOR('',#3242,1.);
#2656=VECTOR('',#3243,1.);
#2657=VECTOR('',#3244,1.);
#2658=VECTOR('',#3245,1.);
#2659=VECTOR('',#3246,1.);
#2660=VECTOR('',#3247,1.);
#2661=VECTOR('',#3248,1.);
#2662=VECTOR('',#3249,1.);
#2663=VECTOR('',#3250,1.);
#2664=VECTOR('',#3251,1.);
#2665=VECTOR('',#3252,1.);
#2666=VECTOR('',#3255,1.);
#2667=VECTOR('',#3256,1.);
#2668=VECTOR('',#3257,1.);
#2669=VECTOR('',#3258,1.);
#2670=VECTOR('',#3261,1.);
#2671=VECTOR('',#3262,1.);
#2672=VECTOR('',#3263,1.);
#2673=VECTOR('',#3266,1.);
#2674=VECTOR('',#3267,1.);
#2675=VECTOR('',#3270,1.);
#2676=VECTOR('',#3271,1.);
#2677=VECTOR('',#3272,1.);
#2678=VECTOR('',#3273,1.);
#2679=VECTOR('',#3276,1.);
#2680=VECTOR('',#3277,1.);
#2681=VECTOR('',#3278,1.);
#2682=VECTOR('',#3281,1.);
#2683=VECTOR('',#3282,1.);
#2684=VECTOR('',#3285,1.);
#2685=VECTOR('',#3286,1.);
#2686=VECTOR('',#3287,1.);
#2687=VECTOR('',#3288,1.);
#2688=VECTOR('',#3289,1.);
#2689=VECTOR('',#3290,1.);
#2690=VECTOR('',#3291,1.);
#2691=VECTOR('',#3292,1.);
#2692=VECTOR('',#3293,1.);
#2693=VECTOR('',#3294,1.);
#2694=VECTOR('',#3295,1.);
#2695=VECTOR('',#3296,1.);
#2696=VECTOR('',#3297,1.);
#2697=VECTOR('',#3298,1.);
#2698=VECTOR('',#3299,1.);
#2699=VECTOR('',#3300,1.);
#2700=VECTOR('',#3301,1.);
#2701=VECTOR('',#3302,1.);
#2702=VECTOR('',#3303,1.);
#2703=VECTOR('',#3304,1.);
#2704=VECTOR('',#3305,1.);
#2705=VECTOR('',#3306,1.);
#2706=VECTOR('',#3307,1.);
#2707=VECTOR('',#3308,1.);
#2708=VECTOR('',#3309,1.);
#2709=VECTOR('',#3310,1.);
#2710=VECTOR('',#3311,1.);
#2711=VECTOR('',#3312,1.);
#2712=VECTOR('',#3313,1.);
#2713=VECTOR('',#3316,1.);
#2714=VECTOR('',#3317,1.);
#2715=VECTOR('',#3320,1.);
#2716=VECTOR('',#3321,1.);
#2717=VECTOR('',#3324,1.);
#2718=VECTOR('',#3325,1.);
#2719=VECTOR('',#3326,1.);
#2720=VECTOR('',#3327,1.);
#2721=VECTOR('',#3328,1.);
#2722=VECTOR('',#3329,1.);
#2723=VECTOR('',#3330,1.);
#2724=VECTOR('',#3331,1.);
#2725=VECTOR('',#3332,1.);
#2726=VECTOR('',#3333,1.);
#2727=VECTOR('',#3334,1.);
#2728=VECTOR('',#3335,1.);
#2729=VECTOR('',#3336,1.);
#2730=VECTOR('',#3337,1.);
#2731=VECTOR('',#3338,1.);
#2732=VECTOR('',#3339,1.);
#2733=VECTOR('',#3342,1.);
#2734=VECTOR('',#3343,1.);
#2735=VECTOR('',#3344,1.);
#2736=VECTOR('',#3345,1.);
#2737=VECTOR('',#3346,1.);
#2738=VECTOR('',#3347,1.);
#2739=VECTOR('',#3348,1.);
#2740=VECTOR('',#3349,1.);
#2741=VECTOR('',#3350,1.);
#2742=VECTOR('',#3351,1.);
#2743=VECTOR('',#3352,1.);
#2744=VECTOR('',#3353,1.);
#2745=VECTOR('',#3354,1.);
#2746=VECTOR('',#3357,1.);
#2747=VECTOR('',#3358,1.);
#2748=VECTOR('',#3359,1.);
#2749=VECTOR('',#3362,1.);
#2750=VECTOR('',#3363,1.);
#2751=VECTOR('',#3366,1.);
#2752=VECTOR('',#3367,1.);
#2753=VECTOR('',#3368,1.);
#2754=VECTOR('',#3371,1.);
#2755=VECTOR('',#3372,1.);
#2756=VECTOR('',#3373,1.);
#2757=VECTOR('',#3376,1.);
#2758=VECTOR('',#3377,1.);
#2759=VECTOR('',#3380,1.);
#2760=VECTOR('',#3381,1.);
#2761=VECTOR('',#3384,1.);
#2762=VECTOR('',#3385,1.);
#2763=VECTOR('',#3386,1.);
#2764=VECTOR('',#3387,1.);
#2765=VECTOR('',#3392,1.);
#2766=VECTOR('',#3397,1.);
#2767=VECTOR('',#3398,1.);
#2768=VECTOR('',#3399,1.);
#2769=VECTOR('',#3404,1.);
#2770=VECTOR('',#3409,1.);
#2771=VECTOR('',#3410,1.);
#2772=VECTOR('',#3411,1.);
#2773=VECTOR('',#3426,1.);
#2774=VECTOR('',#3427,1.);
#2775=VECTOR('',#3428,1.);
#2776=VECTOR('',#3429,1.);
#2777=VECTOR('',#3430,1.);
#2778=VECTOR('',#3431,1.);
#2779=VECTOR('',#3432,1.);
#2780=VECTOR('',#3433,1.);
#2781=VECTOR('',#3434,1.);
#2782=VECTOR('',#3435,1.);
#2783=VECTOR('',#3436,1.);
#2784=VECTOR('',#3437,1.);
#2785=VECTOR('',#3438,1.);
#2786=VECTOR('',#3439,1.);
#2787=VECTOR('',#3440,1.);
#2788=VECTOR('',#3441,1.);
#2789=VECTOR('',#3442,1.);
#2790=VECTOR('',#3443,1.);
#2791=VECTOR('',#3444,1.);
#2792=VECTOR('',#3445,1.);
#2793=VECTOR('',#3446,1.);
#2794=VECTOR('',#3447,1.);
#2795=VECTOR('',#3448,1.);
#2796=VECTOR('',#3449,1.);
#2797=VECTOR('',#3450,1.);
#2798=VECTOR('',#3451,1.);
#2799=VECTOR('',#3452,1.);
#2800=VECTOR('',#3453,1.);
#2801=VECTOR('',#3454,1.);
#2802=VECTOR('',#3455,1.);
#2803=VECTOR('',#3456,1.);
#2804=VECTOR('',#3457,1.);
#2805=VECTOR('',#3458,1.);
#2806=VECTOR('',#3459,1.);
#2807=VECTOR('',#3460,1.);
#2808=VECTOR('',#3461,1.);
#2809=VECTOR('',#3464,1.);
#2810=VECTOR('',#3465,1.);
#2811=VECTOR('',#3468,1.);
#2812=VECTOR('',#3469,1.);
#2813=VECTOR('',#3470,1.);
#2814=VECTOR('',#3477,1.);
#2815=VECTOR('',#3478,1.);
#2816=VECTOR('',#3479,1.);
#2817=VECTOR('',#3482,1.);
#2818=VECTOR('',#3483,1.);
#2819=VECTOR('',#3484,1.);
#2820=VECTOR('',#3485,1.);
#2821=VECTOR('',#3488,1.);
#2822=VECTOR('',#3489,1.);
#2823=VECTOR('',#3490,1.);
#2824=VECTOR('',#3493,1.);
#2825=VECTOR('',#3494,1.);
#2826=VECTOR('',#3495,1.);
#2827=VECTOR('',#3498,1.);
#2828=VECTOR('',#3499,1.);
#2829=VECTOR('',#3500,1.);
#2830=VECTOR('',#3503,1.);
#2831=VECTOR('',#3504,1.);
#2832=VECTOR('',#3505,1.);
#2833=VECTOR('',#3508,1.);
#2834=VECTOR('',#3509,1.);
#2835=VECTOR('',#3510,1.);
#2836=VECTOR('',#3513,1.);
#2837=VECTOR('',#3514,1.);
#2838=VECTOR('',#3515,1.);
#2839=VECTOR('',#3518,1.);
#2840=VECTOR('',#3519,1.);
#2841=VECTOR('',#3520,1.);
#2842=VECTOR('',#3523,1.);
#2843=VECTOR('',#3524,1.);
#2844=VECTOR('',#3525,1.);
#2845=VECTOR('',#3528,1.);
#2846=VECTOR('',#3529,1.);
#2847=VECTOR('',#3530,1.);
#2848=VECTOR('',#3533,1.);
#2849=VECTOR('',#3534,1.);
#2850=VECTOR('',#3535,1.);
#2851=VECTOR('',#3538,1.);
#2852=VECTOR('',#3539,1.);
#2853=VECTOR('',#3544,1.);
#2854=VECTOR('',#3545,1.);
#2855=VECTOR('',#3548,1.);
#2856=VECTOR('',#3551,1.);
#2857=VECTOR('',#3558,1.);
#2858=VECTOR('',#3559,1.);
#2859=VECTOR('',#3562,1.);
#2860=VECTOR('',#3565,1.);
#2861=VECTOR('',#3568,1.);
#2862=VECTOR('',#3571,1.);
#2863=VECTOR('',#3574,1.);
#2864=VECTOR('',#3577,1.);
#2865=VECTOR('',#3580,1.);
#2866=VECTOR('',#3583,1.);
#2867=VECTOR('',#3586,1.);
#2868=VECTOR('',#3589,1.);
#2869=VECTOR('',#3594,1.);
#2870=VECTOR('',#3597,1.);
#2871=VECTOR('',#3602,1.);
#2872=VECTOR('',#3603,1.);
#2873=VECTOR('',#3606,1.);
#2874=VECTOR('',#3607,1.);
#2875=VECTOR('',#3610,1.);
#2876=VECTOR('',#3613,1.);
#2877=VECTOR('',#3614,1.);
#2878=VECTOR('',#3615,1.);
#2879=VECTOR('',#3618,1.);
#2880=VECTOR('',#3621,1.);
#2881=VECTOR('',#3628,1.);
#2882=VECTOR('',#3629,1.);
#2883=VECTOR('',#3630,1.);
#2884=VECTOR('',#3633,1.);
#2885=VECTOR('',#3634,1.);
#2886=VECTOR('',#3635,1.);
#2887=VECTOR('',#3638,1.);
#2888=VECTOR('',#3639,1.);
#2889=VECTOR('',#3672,1.);
#2890=VECTOR('',#3673,1.);
#2891=VECTOR('',#3674,1.);
#2892=VECTOR('',#3677,1.);
#2893=VECTOR('',#3678,1.);
#2894=VECTOR('',#3679,1.);
#2895=VECTOR('',#3682,1.);
#2896=VECTOR('',#3683,1.);
#2897=VECTOR('',#3684,1.);
#2898=VECTOR('',#3685,1.);
#2899=VECTOR('',#3688,1.);
#2900=VECTOR('',#3689,1.);
#2901=VECTOR('',#3690,1.);
#2902=VECTOR('',#3693,1.);
#2903=VECTOR('',#3694,1.);
#2904=VECTOR('',#3695,1.);
#2905=VECTOR('',#3698,1.);
#2906=VECTOR('',#3699,1.);
#2907=VECTOR('',#3700,1.);
#2908=VECTOR('',#3703,1.);
#2909=VECTOR('',#3704,1.);
#2910=VECTOR('',#3705,1.);
#2911=VECTOR('',#3708,1.);
#2912=VECTOR('',#3709,1.);
#2913=VECTOR('',#3710,1.);
#2914=VECTOR('',#3713,1.);
#2915=VECTOR('',#3714,1.);
#2916=VECTOR('',#3715,1.);
#2917=VECTOR('',#3718,1.);
#2918=VECTOR('',#3719,1.);
#2919=VECTOR('',#3720,1.);
#2920=VECTOR('',#3723,1.);
#2921=VECTOR('',#3724,1.);
#2922=VECTOR('',#3725,1.);
#2923=VECTOR('',#3728,1.);
#2924=VECTOR('',#3729,1.);
#2925=VECTOR('',#3730,1.);
#2926=VECTOR('',#3733,1.);
#2927=VECTOR('',#3734,1.);
#2928=VECTOR('',#3735,1.);
#2929=VECTOR('',#3738,1.);
#2930=VECTOR('',#3739,1.);
#2931=VECTOR('',#3744,1.);
#2932=VECTOR('',#3745,1.);
#2933=VECTOR('',#3746,1.);
#2934=VECTOR('',#3747,1.);
#2935=VECTOR('',#3750,1.);
#2936=VECTOR('',#3751,1.);
#2937=VECTOR('',#3752,1.);
#2938=VECTOR('',#3755,1.);
#2939=VECTOR('',#3756,1.);
#2940=VECTOR('',#3757,1.);
#2941=VECTOR('',#3760,1.);
#2942=VECTOR('',#3761,1.);
#2943=VECTOR('',#3762,1.);
#2944=VECTOR('',#3765,1.);
#2945=VECTOR('',#3766,1.);
#2946=VECTOR('',#3767,1.);
#2947=VECTOR('',#3770,1.);
#2948=VECTOR('',#3771,1.);
#2949=VECTOR('',#3772,1.);
#2950=VECTOR('',#3775,1.);
#2951=VECTOR('',#3776,1.);
#2952=VECTOR('',#3777,1.);
#2953=VECTOR('',#3780,1.);
#2954=VECTOR('',#3781,1.);
#2955=VECTOR('',#3782,1.);
#2956=VECTOR('',#3785,1.);
#2957=VECTOR('',#3786,1.);
#2958=VECTOR('',#3787,1.);
#2959=VECTOR('',#3790,1.);
#2960=VECTOR('',#3791,1.);
#2961=VECTOR('',#3792,1.);
#2962=VECTOR('',#3795,1.);
#2963=VECTOR('',#3796,1.);
#2964=VECTOR('',#3797,1.);
#2965=VECTOR('',#3800,1.);
#2966=VECTOR('',#3801,1.);
#2967=VECTOR('',#3806,1.);
#2968=VECTOR('',#3807,1.);
#2969=VECTOR('',#3810,1.);
#2970=VECTOR('',#3813,1.);
#2971=VECTOR('',#3820,1.);
#2972=VECTOR('',#3821,1.);
#2973=VECTOR('',#3824,1.);
#2974=VECTOR('',#3827,1.);
#2975=VECTOR('',#3834,1.);
#2976=VECTOR('',#3835,1.);
#2977=VECTOR('',#3838,1.);
#2978=VECTOR('',#3841,1.);
#2979=VECTOR('',#3844,1.);
#2980=VECTOR('',#3847,1.);
#2981=VECTOR('',#3850,1.);
#2982=VECTOR('',#3853,1.);
#2983=VECTOR('',#3856,1.);
#2984=VECTOR('',#3859,1.);
#2985=VECTOR('',#3862,1.);
#2986=VECTOR('',#3865,1.);
#2987=VECTOR('',#3870,1.);
#2988=VECTOR('',#3871,1.);
#2989=VECTOR('',#3874,1.);
#2990=VECTOR('',#3877,1.);
#2991=VECTOR('',#3880,1.);
#2992=VECTOR('',#3883,1.);
#2993=VECTOR('',#3886,1.);
#2994=VECTOR('',#3889,1.);
#2995=VECTOR('',#3892,1.);
#2996=VECTOR('',#3895,1.);
#2997=VECTOR('',#3898,1.);
#2998=VECTOR('',#3901,1.);
#2999=VECTOR('',#3906,1.);
#3000=VECTOR('',#3909,1.);
#3001=VECTOR('',#3914,1.);
#3002=VECTOR('',#3917,1.);
#3003=AXIS2_PLACEMENT_3D('',#3922,#3175,#3176);
#3004=AXIS2_PLACEMENT_3D('',#3967,#3199,#3200);
#3005=AXIS2_PLACEMENT_3D('',#3973,#3204,#3205);
#3006=AXIS2_PLACEMENT_3D('',#3979,#3209,#3210);
#3007=AXIS2_PLACEMENT_3D('',#3985,#3214,#3215);
#3008=AXIS2_PLACEMENT_3D('',#4015,#3231,#3232);
#3009=AXIS2_PLACEMENT_3D('',#4056,#3253,#3254);
#3010=AXIS2_PLACEMENT_3D('',#4065,#3259,#3260);
#3011=AXIS2_PLACEMENT_3D('',#4071,#3264,#3265);
#3012=AXIS2_PLACEMENT_3D('',#4074,#3268,#3269);
#3013=AXIS2_PLACEMENT_3D('',#4083,#3274,#3275);
#3014=AXIS2_PLACEMENT_3D('',#4089,#3279,#3280);
#3015=AXIS2_PLACEMENT_3D('',#4092,#3283,#3284);
#3016=AXIS2_PLACEMENT_3D('',#4146,#3314,#3315);
#3017=AXIS2_PLACEMENT_3D('',#4149,#3318,#3319);
#3018=AXIS2_PLACEMENT_3D('',#4152,#3322,#3323);
#3019=AXIS2_PLACEMENT_3D('',#4181,#3340,#3341);
#3020=AXIS2_PLACEMENT_3D('',#4205,#3355,#3356);
#3021=AXIS2_PLACEMENT_3D('',#4211,#3360,#3361);
#3022=AXIS2_PLACEMENT_3D('',#4214,#3364,#3365);
#3023=AXIS2_PLACEMENT_3D('',#4220,#3369,#3370);
#3024=AXIS2_PLACEMENT_3D('',#4226,#3374,#3375);
#3025=AXIS2_PLACEMENT_3D('',#4229,#3378,#3379);
#3026=AXIS2_PLACEMENT_3D('',#4232,#3382,#3383);
#3027=AXIS2_PLACEMENT_3D('',#4241,#3388,#3389);
#3028=AXIS2_PLACEMENT_3D('',#4242,#3390,#3391);
#3029=AXIS2_PLACEMENT_3D('',#4246,#3393,#3394);
#3030=AXIS2_PLACEMENT_3D('',#4247,#3395,#3396);
#3031=AXIS2_PLACEMENT_3D('',#4253,#3400,#3401);
#3032=AXIS2_PLACEMENT_3D('',#4254,#3402,#3403);
#3033=AXIS2_PLACEMENT_3D('',#4258,#3405,#3406);
#3034=AXIS2_PLACEMENT_3D('',#4259,#3407,#3408);
#3035=AXIS2_PLACEMENT_3D('',#4265,#3412,#3413);
#3036=AXIS2_PLACEMENT_3D('',#4266,#3414,#3415);
#3037=AXIS2_PLACEMENT_3D('',#4267,#3416,#3417);
#3038=AXIS2_PLACEMENT_3D('',#4268,#3418,#3419);
#3039=AXIS2_PLACEMENT_3D('',#4269,#3420,#3421);
#3040=AXIS2_PLACEMENT_3D('',#4270,#3422,#3423);
#3041=AXIS2_PLACEMENT_3D('',#4271,#3424,#3425);
#3042=AXIS2_PLACEMENT_3D('',#4344,#3462,#3463);
#3043=AXIS2_PLACEMENT_3D('',#4347,#3466,#3467);
#3044=AXIS2_PLACEMENT_3D('',#4353,#3471,#3472);
#3045=AXIS2_PLACEMENT_3D('',#4354,#3473,#3474);
#3046=AXIS2_PLACEMENT_3D('',#4355,#3475,#3476);
#3047=AXIS2_PLACEMENT_3D('',#4361,#3480,#3481);
#3048=AXIS2_PLACEMENT_3D('',#4370,#3486,#3487);
#3049=AXIS2_PLACEMENT_3D('',#4376,#3491,#3492);
#3050=AXIS2_PLACEMENT_3D('',#4382,#3496,#3497);
#3051=AXIS2_PLACEMENT_3D('',#4388,#3501,#3502);
#3052=AXIS2_PLACEMENT_3D('',#4394,#3506,#3507);
#3053=AXIS2_PLACEMENT_3D('',#4400,#3511,#3512);
#3054=AXIS2_PLACEMENT_3D('',#4406,#3516,#3517);
#3055=AXIS2_PLACEMENT_3D('',#4412,#3521,#3522);
#3056=AXIS2_PLACEMENT_3D('',#4418,#3526,#3527);
#3057=AXIS2_PLACEMENT_3D('',#4424,#3531,#3532);
#3058=AXIS2_PLACEMENT_3D('',#4430,#3536,#3537);
#3059=AXIS2_PLACEMENT_3D('',#4433,#3540,#3541);
#3060=AXIS2_PLACEMENT_3D('',#4434,#3542,#3543);
#3061=AXIS2_PLACEMENT_3D('',#4437,#3546,#3547);
#3062=AXIS2_PLACEMENT_3D('',#4439,#3549,#3550);
#3063=AXIS2_PLACEMENT_3D('',#4441,#3552,#3553);
#3064=AXIS2_PLACEMENT_3D('',#4442,#3554,#3555);
#3065=AXIS2_PLACEMENT_3D('',#4443,#3556,#3557);
#3066=AXIS2_PLACEMENT_3D('',#4446,#3560,#3561);
#3067=AXIS2_PLACEMENT_3D('',#4448,#3563,#3564);
#3068=AXIS2_PLACEMENT_3D('',#4450,#3566,#3567);
#3069=AXIS2_PLACEMENT_3D('',#4452,#3569,#3570);
#3070=AXIS2_PLACEMENT_3D('',#4454,#3572,#3573);
#3071=AXIS2_PLACEMENT_3D('',#4456,#3575,#3576);
#3072=AXIS2_PLACEMENT_3D('',#4458,#3578,#3579);
#3073=AXIS2_PLACEMENT_3D('',#4460,#3581,#3582);
#3074=AXIS2_PLACEMENT_3D('',#4462,#3584,#3585);
#3075=AXIS2_PLACEMENT_3D('',#4464,#3587,#3588);
#3076=AXIS2_PLACEMENT_3D('',#4466,#3590,#3591);
#3077=AXIS2_PLACEMENT_3D('',#4467,#3592,#3593);
#3078=AXIS2_PLACEMENT_3D('',#4469,#3595,#3596);
#3079=AXIS2_PLACEMENT_3D('',#4471,#3598,#3599);
#3080=AXIS2_PLACEMENT_3D('',#4472,#3600,#3601);
#3081=AXIS2_PLACEMENT_3D('',#4476,#3604,#3605);
#3082=AXIS2_PLACEMENT_3D('',#4480,#3608,#3609);
#3083=AXIS2_PLACEMENT_3D('',#4482,#3611,#3612);
#3084=AXIS2_PLACEMENT_3D('',#4488,#3616,#3617);
#3085=AXIS2_PLACEMENT_3D('',#4490,#3619,#3620);
#3086=AXIS2_PLACEMENT_3D('',#4492,#3622,#3623);
#3087=AXIS2_PLACEMENT_3D('',#4493,#3624,#3625);
#3088=AXIS2_PLACEMENT_3D('',#4494,#3626,#3627);
#3089=AXIS2_PLACEMENT_3D('',#4500,#3631,#3632);
#3090=AXIS2_PLACEMENT_3D('',#4506,#3636,#3637);
#3091=AXIS2_PLACEMENT_3D('',#4509,#3640,#3641);
#3092=AXIS2_PLACEMENT_3D('',#4510,#3642,#3643);
#3093=AXIS2_PLACEMENT_3D('',#4511,#3644,#3645);
#3094=AXIS2_PLACEMENT_3D('',#4512,#3646,#3647);
#3095=AXIS2_PLACEMENT_3D('',#4513,#3648,#3649);
#3096=AXIS2_PLACEMENT_3D('',#4514,#3650,#3651);
#3097=AXIS2_PLACEMENT_3D('',#4515,#3652,#3653);
#3098=AXIS2_PLACEMENT_3D('',#4516,#3654,#3655);
#3099=AXIS2_PLACEMENT_3D('',#4517,#3656,#3657);
#3100=AXIS2_PLACEMENT_3D('',#4518,#3658,#3659);
#3101=AXIS2_PLACEMENT_3D('',#4519,#3660,#3661);
#3102=AXIS2_PLACEMENT_3D('',#4520,#3662,#3663);
#3103=AXIS2_PLACEMENT_3D('',#4521,#3664,#3665);
#3104=AXIS2_PLACEMENT_3D('',#4522,#3666,#3667);
#3105=AXIS2_PLACEMENT_3D('',#4523,#3668,#3669);
#3106=AXIS2_PLACEMENT_3D('',#4524,#3670,#3671);
#3107=AXIS2_PLACEMENT_3D('',#4530,#3675,#3676);
#3108=AXIS2_PLACEMENT_3D('',#4536,#3680,#3681);
#3109=AXIS2_PLACEMENT_3D('',#4545,#3686,#3687);
#3110=AXIS2_PLACEMENT_3D('',#4551,#3691,#3692);
#3111=AXIS2_PLACEMENT_3D('',#4557,#3696,#3697);
#3112=AXIS2_PLACEMENT_3D('',#4563,#3701,#3702);
#3113=AXIS2_PLACEMENT_3D('',#4569,#3706,#3707);
#3114=AXIS2_PLACEMENT_3D('',#4575,#3711,#3712);
#3115=AXIS2_PLACEMENT_3D('',#4581,#3716,#3717);
#3116=AXIS2_PLACEMENT_3D('',#4587,#3721,#3722);
#3117=AXIS2_PLACEMENT_3D('',#4593,#3726,#3727);
#3118=AXIS2_PLACEMENT_3D('',#4599,#3731,#3732);
#3119=AXIS2_PLACEMENT_3D('',#4605,#3736,#3737);
#3120=AXIS2_PLACEMENT_3D('',#4608,#3740,#3741);
#3121=AXIS2_PLACEMENT_3D('',#4609,#3742,#3743);
#3122=AXIS2_PLACEMENT_3D('',#4618,#3748,#3749);
#3123=AXIS2_PLACEMENT_3D('',#4624,#3753,#3754);
#3124=AXIS2_PLACEMENT_3D('',#4630,#3758,#3759);
#3125=AXIS2_PLACEMENT_3D('',#4636,#3763,#3764);
#3126=AXIS2_PLACEMENT_3D('',#4642,#3768,#3769);
#3127=AXIS2_PLACEMENT_3D('',#4648,#3773,#3774);
#3128=AXIS2_PLACEMENT_3D('',#4654,#3778,#3779);
#3129=AXIS2_PLACEMENT_3D('',#4660,#3783,#3784);
#3130=AXIS2_PLACEMENT_3D('',#4666,#3788,#3789);
#3131=AXIS2_PLACEMENT_3D('',#4672,#3793,#3794);
#3132=AXIS2_PLACEMENT_3D('',#4678,#3798,#3799);
#3133=AXIS2_PLACEMENT_3D('',#4681,#3802,#3803);
#3134=AXIS2_PLACEMENT_3D('',#4682,#3804,#3805);
#3135=AXIS2_PLACEMENT_3D('',#4685,#3808,#3809);
#3136=AXIS2_PLACEMENT_3D('',#4687,#3811,#3812);
#3137=AXIS2_PLACEMENT_3D('',#4689,#3814,#3815);
#3138=AXIS2_PLACEMENT_3D('',#4690,#3816,#3817);
#3139=AXIS2_PLACEMENT_3D('',#4691,#3818,#3819);
#3140=AXIS2_PLACEMENT_3D('',#4694,#3822,#3823);
#3141=AXIS2_PLACEMENT_3D('',#4696,#3825,#3826);
#3142=AXIS2_PLACEMENT_3D('',#4698,#3828,#3829);
#3143=AXIS2_PLACEMENT_3D('',#4699,#3830,#3831);
#3144=AXIS2_PLACEMENT_3D('',#4700,#3832,#3833);
#3145=AXIS2_PLACEMENT_3D('',#4703,#3836,#3837);
#3146=AXIS2_PLACEMENT_3D('',#4705,#3839,#3840);
#3147=AXIS2_PLACEMENT_3D('',#4707,#3842,#3843);
#3148=AXIS2_PLACEMENT_3D('',#4709,#3845,#3846);
#3149=AXIS2_PLACEMENT_3D('',#4711,#3848,#3849);
#3150=AXIS2_PLACEMENT_3D('',#4713,#3851,#3852);
#3151=AXIS2_PLACEMENT_3D('',#4715,#3854,#3855);
#3152=AXIS2_PLACEMENT_3D('',#4717,#3857,#3858);
#3153=AXIS2_PLACEMENT_3D('',#4719,#3860,#3861);
#3154=AXIS2_PLACEMENT_3D('',#4721,#3863,#3864);
#3155=AXIS2_PLACEMENT_3D('',#4723,#3866,#3867);
#3156=AXIS2_PLACEMENT_3D('',#4724,#3868,#3869);
#3157=AXIS2_PLACEMENT_3D('',#4727,#3872,#3873);
#3158=AXIS2_PLACEMENT_3D('',#4729,#3875,#3876);
#3159=AXIS2_PLACEMENT_3D('',#4731,#3878,#3879);
#3160=AXIS2_PLACEMENT_3D('',#4733,#3881,#3882);
#3161=AXIS2_PLACEMENT_3D('',#4735,#3884,#3885);
#3162=AXIS2_PLACEMENT_3D('',#4737,#3887,#3888);
#3163=AXIS2_PLACEMENT_3D('',#4739,#3890,#3891);
#3164=AXIS2_PLACEMENT_3D('',#4741,#3893,#3894);
#3165=AXIS2_PLACEMENT_3D('',#4743,#3896,#3897);
#3166=AXIS2_PLACEMENT_3D('',#4745,#3899,#3900);
#3167=AXIS2_PLACEMENT_3D('',#4747,#3902,#3903);
#3168=AXIS2_PLACEMENT_3D('',#4748,#3904,#3905);
#3169=AXIS2_PLACEMENT_3D('',#4750,#3907,#3908);
#3170=AXIS2_PLACEMENT_3D('',#4752,#3910,#3911);
#3171=AXIS2_PLACEMENT_3D('',#4753,#3912,#3913);
#3172=AXIS2_PLACEMENT_3D('',#4755,#3915,#3916);
#3173=AXIS2_PLACEMENT_3D('',#4757,#3918,#3919);
#3174=AXIS2_PLACEMENT_3D('',#4758,#3920,#3921);
#3175=DIRECTION('',(0.,0.,1.));
#3176=DIRECTION('',(1.,0.,0.));
#3177=DIRECTION('',(0.6,0.8,-5.20417042793042E-15));
#3178=DIRECTION('',(0.,1.,-1.0842021724855E-15));
#3179=DIRECTION('',(1.,0.,0.));
#3180=DIRECTION('',(0.,-1.,0.));
#3181=DIRECTION('',(0.6,-0.8,6.07153216591883E-15));
#3182=DIRECTION('',(-1.,0.,0.));
#3183=DIRECTION('',(0.6,0.8,-5.20417042793042E-15));
#3184=DIRECTION('',(0.,1.,-1.0842021724855E-15));
#3185=DIRECTION('',(1.,0.,0.));
#3186=DIRECTION('',(0.,-1.,0.));
#3187=DIRECTION('',(0.6,-0.8,6.07153216591883E-15));
#3188=DIRECTION('',(-1.,0.,0.));
#3189=DIRECTION('',(0.,-1.,0.));
#3190=DIRECTION('',(-1.,0.,0.));
#3191=DIRECTION('',(0.,-1.,0.));
#3192=DIRECTION('',(-1.,0.,0.));
#3193=DIRECTION('',(0.6,0.8,-5.20417042793042E-15));
#3194=DIRECTION('',(0.,1.,-1.0842021724855E-15));
#3195=DIRECTION('',(1.,0.,0.));
#3196=DIRECTION('',(0.,-1.,0.));
#3197=DIRECTION('',(0.6,-0.8,6.07153216591883E-15));
#3198=DIRECTION('',(-1.,0.,0.));
#3199=DIRECTION('',(0.,0.,-1.));
#3200=DIRECTION('',(-1.,0.,0.));
#3201=DIRECTION('',(0.,-2.16840434497101E-16,1.));
#3202=DIRECTION('',(-1.,0.,0.));
#3203=DIRECTION('',(0.,-2.16840434497101E-16,1.));
#3204=DIRECTION('',(0.,1.,0.));
#3205=DIRECTION('',(0.,0.,1.));
#3206=DIRECTION('',(0.,-2.16840434497101E-16,1.));
#3207=DIRECTION('',(0.,-2.16840434497101E-16,1.));
#3208=DIRECTION('',(-1.,0.,0.));
#3209=DIRECTION('',(0.,1.,0.));
#3210=DIRECTION('',(0.,0.,1.));
#3211=DIRECTION('',(0.,-2.16840434497101E-16,1.));
#3212=DIRECTION('',(0.,0.,-1.));
#3213=DIRECTION('',(-1.,0.,0.));
#3214=DIRECTION('',(0.,1.,0.));
#3215=DIRECTION('',(0.,0.,1.));
#3216=DIRECTION('',(-1.,0.,0.));
#3217=DIRECTION('',(0.,0.,1.));
#3218=DIRECTION('',(-1.,0.,0.));
#3219=DIRECTION('',(0.,0.,-1.));
#3220=DIRECTION('',(-1.,0.,0.));
#3221=DIRECTION('',(0.,0.,1.));
#3222=DIRECTION('',(0.,0.,1.));
#3223=DIRECTION('',(-1.,0.,0.));
#3224=DIRECTION('',(0.,0.,1.));
#3225=DIRECTION('',(-1.,0.,0.));
#3226=DIRECTION('',(0.,0.,-1.));
#3227=DIRECTION('',(-1.,0.,0.));
#3228=DIRECTION('',(0.,0.,1.));
#3229=DIRECTION('',(-1.,0.,0.));
#3230=DIRECTION('',(0.,0.,-1.));
#3231=DIRECTION('',(0.,-1.,0.));
#3232=DIRECTION('',(0.,0.,-1.));
#3233=DIRECTION('',(-1.,0.,0.));
#3234=DIRECTION('',(0.0147042924418764,0.999891886047579,0.));
#3235=DIRECTION('',(-1.,0.,0.));
#3236=DIRECTION('',(0.0147042924418763,-0.999891886047579,0.));
#3237=DIRECTION('',(-1.,0.,0.));
#3238=DIRECTION('',(0.0147042924418764,0.999891886047579,0.));
#3239=DIRECTION('',(-1.,0.,0.));
#3240=DIRECTION('',(0.,-1.,0.));
#3241=DIRECTION('',(-1.,0.,0.));
#3242=DIRECTION('',(0.,-1.,0.));
#3243=DIRECTION('',(-1.,0.,0.));
#3244=DIRECTION('',(0.,-1.,0.));
#3245=DIRECTION('',(-1.,0.,0.));
#3246=DIRECTION('',(0.,-1.,0.));
#3247=DIRECTION('',(-1.,0.,0.));
#3248=DIRECTION('',(0.0147042924418763,-0.999891886047579,0.));
#3249=DIRECTION('',(-1.,0.,0.));
#3250=DIRECTION('',(0.0147042924418764,0.999891886047579,0.));
#3251=DIRECTION('',(-1.,0.,0.));
#3252=DIRECTION('',(0.0147042924418763,-0.999891886047579,0.));
#3253=DIRECTION('',(0.,0.,1.));
#3254=DIRECTION('',(1.,0.,0.));
#3255=DIRECTION('',(0.00153718146722095,0.104528339771023,-0.994520720376328));
#3256=DIRECTION('',(-1.,0.,0.));
#3257=DIRECTION('',(0.00153718146722095,-0.104528339771023,0.994520720376328));
#3258=DIRECTION('',(-1.,0.,0.));
#3259=DIRECTION('',(0.,-0.994521895368273,-0.104528463267653));
#3260=DIRECTION('',(0.,0.104528463267653,-0.994521895368273));
#3261=DIRECTION('',(0.0147042924418764,0.999891886047579,0.));
#3262=DIRECTION('',(-1.,0.,0.));
#3263=DIRECTION('',(0.0147042924418763,-0.999891886047579,0.));
#3264=DIRECTION('',(0.,0.,-1.));
#3265=DIRECTION('',(-1.,0.,0.));
#3266=DIRECTION('',(0.0138176898445235,0.939602909427583,-0.341987491061562));
#3267=DIRECTION('',(0.0138176898445234,-0.939602909427583,0.341987491061562));
#3268=DIRECTION('',(0.,-0.342020143325668,-0.939692620785909));
#3269=DIRECTION('',(0.,0.939692620785909,-0.342020143325668));
#3270=DIRECTION('',(0.00153718146722095,0.104528339771023,-0.994520720376328));
#3271=DIRECTION('',(-1.,0.,0.));
#3272=DIRECTION('',(0.00153718146722095,-0.104528339771023,0.994520720376328));
#3273=DIRECTION('',(-1.,0.,0.));
#3274=DIRECTION('',(0.,-0.994521895368273,-0.104528463267653));
#3275=DIRECTION('',(0.,0.104528463267653,-0.994521895368273));
#3276=DIRECTION('',(0.0147042924418764,0.999891886047579,0.));
#3277=DIRECTION('',(-1.,0.,0.));
#3278=DIRECTION('',(0.0147042924418763,-0.999891886047579,0.));
#3279=DIRECTION('',(0.,0.,-1.));
#3280=DIRECTION('',(-1.,0.,0.));
#3281=DIRECTION('',(0.0138176898445235,0.939602909427583,-0.341987491061562));
#3282=DIRECTION('',(0.0138176898445234,-0.939602909427583,0.341987491061562));
#3283=DIRECTION('',(0.,-0.342020143325668,-0.939692620785909));
#3284=DIRECTION('',(0.,0.939692620785909,-0.342020143325668));
#3285=DIRECTION('',(0.0147042924418763,-0.999891886047579,-2.55078812965509E-16));
#3286=DIRECTION('',(-1.,0.,0.));
#3287=DIRECTION('',(0.0147042924418764,0.999891886047579,2.55078812965509E-16));
#3288=DIRECTION('',(0.0147042924418763,-0.999891886047579,-2.55078812965509E-16));
#3289=DIRECTION('',(-1.,0.,0.));
#3290=DIRECTION('',(0.0147042924418764,0.999891886047579,2.55078812965509E-16));
#3291=DIRECTION('',(-1.,0.,0.));
#3292=DIRECTION('',(0.0147042924418763,-0.999891886047579,-2.55078812965509E-16));
#3293=DIRECTION('',(-1.,0.,0.));
#3294=DIRECTION('',(0.,-1.,-2.16840434497101E-16));
#3295=DIRECTION('',(-1.,0.,0.));
#3296=DIRECTION('',(0.6,-0.8,-1.73472347597681E-16));
#3297=DIRECTION('',(0.,-1.,-2.16840434497101E-16));
#3298=DIRECTION('',(1.,0.,0.));
#3299=DIRECTION('',(0.,1.,2.16840434497101E-16));
#3300=DIRECTION('',(0.6,0.8,1.73472347597681E-16));
#3301=DIRECTION('',(0.6,-0.8,-1.73472347597681E-16));
#3302=DIRECTION('',(0.,-1.,-2.16840434497101E-16));
#3303=DIRECTION('',(1.,0.,0.));
#3304=DIRECTION('',(0.,1.,2.16840434497101E-16));
#3305=DIRECTION('',(0.6,0.8,1.73472347597681E-16));
#3306=DIRECTION('',(0.6,-0.8,-1.73472347597681E-16));
#3307=DIRECTION('',(0.,-1.,-2.16840434497101E-16));
#3308=DIRECTION('',(1.,0.,0.));
#3309=DIRECTION('',(0.,1.,2.16840434497101E-16));
#3310=DIRECTION('',(0.6,0.8,1.73472347597681E-16));
#3311=DIRECTION('',(0.,-1.,-2.16840434497101E-16));
#3312=DIRECTION('',(-1.,0.,0.));
#3313=DIRECTION('',(0.0147042924418764,0.999891886047579,2.55078812965509E-16));
#3314=DIRECTION('',(0.,2.16840434497101E-16,-1.));
#3315=DIRECTION('',(0.,1.,2.16840434497101E-16));
#3316=DIRECTION('',(0.,-5.10212787052003E-16,-1.));
#3317=DIRECTION('',(0.,-5.10212787052003E-16,-1.));
#3318=DIRECTION('',(0.,-1.,0.));
#3319=DIRECTION('',(0.,0.,-1.));
#3320=DIRECTION('',(0.,-5.10212787052003E-16,-1.));
#3321=DIRECTION('',(0.,0.,1.));
#3322=DIRECTION('',(0.,-1.,0.));
#3323=DIRECTION('',(0.,0.,-1.));
#3324=DIRECTION('',(-1.,0.,0.));
#3325=DIRECTION('',(0.707106781186547,0.707106781186548,9.15399054736343E-17));
#3326=DIRECTION('',(0.707106781186548,-0.707106781186548,-9.15399054736343E-17));
#3327=DIRECTION('',(-1.,0.,0.));
#3328=DIRECTION('',(0.707106781186548,0.707106781186548,9.15399054736343E-17));
#3329=DIRECTION('',(0.707106781186548,-0.707106781186548,-9.15399054736343E-17));
#3330=DIRECTION('',(-1.,0.,0.));
#3331=DIRECTION('',(0.707106781186548,0.707106781186548,9.15399054736343E-17));
#3332=DIRECTION('',(0.,1.,1.29456975819165E-16));
#3333=DIRECTION('',(-1.,0.,0.));
#3334=DIRECTION('',(0.,1.,1.29456975819165E-16));
#3335=DIRECTION('',(0.707106781186548,-0.707106781186547,-9.15399054736342E-17));
#3336=DIRECTION('',(0.,1.,7.39228753967389E-16));
#3337=DIRECTION('',(-1.,0.,0.));
#3338=DIRECTION('',(0.,-1.,-7.39228753967389E-16));
#3339=DIRECTION('',(1.,-4.81867632215779E-16,0.));
#3340=DIRECTION('',(0.,-1.29456975819165E-16,1.));
#3341=DIRECTION('',(0.,-1.,-1.29453739394769E-16));
#3342=DIRECTION('',(0.,0.,-1.));
#3343=DIRECTION('',(-1.,0.,0.));
#3344=DIRECTION('',(0.,0.,1.));
#3345=DIRECTION('',(0.,0.,-1.));
#3346=DIRECTION('',(0.986393923832144,0.,-0.164398987305357));
#3347=DIRECTION('',(0.,0.,1.));
#3348=DIRECTION('',(-0.986393923832144,0.,-0.164398987305357));
#3349=DIRECTION('',(0.,0.,-1.));
#3350=DIRECTION('',(0.,0.,-1.));
#3351=DIRECTION('',(-0.986393923832144,0.,0.164398987305356));
#3352=DIRECTION('',(0.,0.,-1.));
#3353=DIRECTION('',(0.986393923832144,0.,0.164398987305358));
#3354=DIRECTION('',(0.,0.,-1.));
#3355=DIRECTION('',(0.,-1.,0.));
#3356=DIRECTION('',(0.,0.,-1.));
#3357=DIRECTION('',(0.,-1.,0.));
#3358=DIRECTION('',(0.,0.,-1.));
#3359=DIRECTION('',(0.,-1.,0.));
#3360=DIRECTION('',(1.,0.,0.));
#3361=DIRECTION('',(0.,0.,-1.));
#3362=DIRECTION('',(0.,-2.16840434497101E-16,1.));
#3363=DIRECTION('',(0.,0.,-1.));
#3364=DIRECTION('',(0.,1.,0.));
#3365=DIRECTION('',(0.,0.,1.));
#3366=DIRECTION('',(0.00153718146722095,-0.104528339771023,0.994520720376328));
#3367=DIRECTION('',(0.00153718146722095,0.104528339771023,-0.994520720376328));
#3368=DIRECTION('',(-1.,0.,0.));
#3369=DIRECTION('',(0.,-0.994521895368273,-0.104528463267653));
#3370=DIRECTION('',(0.,0.104528463267653,-0.994521895368273));
#3371=DIRECTION('',(0.0147042924418763,-0.999891886047579,0.));
#3372=DIRECTION('',(0.0147042924418764,0.999891886047579,0.));
#3373=DIRECTION('',(-1.,0.,0.));
#3374=DIRECTION('',(0.,0.,-1.));
#3375=DIRECTION('',(-1.,0.,0.));
#3376=DIRECTION('',(0.0138176898445234,-0.939602909427583,0.341987491061562));
#3377=DIRECTION('',(0.0138176898445235,0.939602909427583,-0.341987491061562));
#3378=DIRECTION('',(0.,-0.342020143325668,-0.939692620785909));
#3379=DIRECTION('',(0.,0.939692620785909,-0.342020143325668));
#3380=DIRECTION('',(0.,-5.10212787052003E-16,-1.));
#3381=DIRECTION('',(0.,0.,1.));
#3382=DIRECTION('',(0.,-1.,0.));
#3383=DIRECTION('',(0.,0.,-1.));
#3384=DIRECTION('',(0.,-1.,0.));
#3385=DIRECTION('',(0.,0.,-1.));
#3386=DIRECTION('',(0.,-1.,0.));
#3387=DIRECTION('',(0.,0.,-1.));
#3388=DIRECTION('',(-1.,0.,0.));
#3389=DIRECTION('',(0.,0.,1.));
#3390=DIRECTION('',(0.,-1.,0.));
#3391=DIRECTION('',(0.,0.,-1.));
#3392=DIRECTION('',(0.,-1.,0.));
#3393=DIRECTION('',(0.,-1.,0.));
#3394=DIRECTION('',(1.,0.,0.));
#3395=DIRECTION('',(0.,-1.,0.));
#3396=DIRECTION('',(0.,0.,-1.));
#3397=DIRECTION('',(1.,0.,0.));
#3398=DIRECTION('',(0.,-1.,0.));
#3399=DIRECTION('',(1.,0.,0.));
#3400=DIRECTION('',(0.,0.,-1.));
#3401=DIRECTION('',(-1.,0.,0.));
#3402=DIRECTION('',(0.,-1.,0.));
#3403=DIRECTION('',(0.,0.,-1.));
#3404=DIRECTION('',(0.,-1.,0.));
#3405=DIRECTION('',(0.,-1.,0.));
#3406=DIRECTION('',(1.,0.,0.));
#3407=DIRECTION('',(0.,-1.,0.));
#3408=DIRECTION('',(0.,0.,-1.));
#3409=DIRECTION('',(0.,0.,1.));
#3410=DIRECTION('',(0.,-1.,0.));
#3411=DIRECTION('',(0.,0.,1.));
#3412=DIRECTION('',(1.,0.,0.));
#3413=DIRECTION('',(0.,0.,-1.));
#3414=DIRECTION('',(0.,-0.707106781186547,0.707106781186547));
#3415=DIRECTION('',(0.,-0.707106781186547,-0.707106781186547));
#3416=DIRECTION('',(0.,-1.,0.));
#3417=DIRECTION('',(1.,0.,0.));
#3418=DIRECTION('',(0.,-1.,0.));
#3419=DIRECTION('',(0.,0.,-1.));
#3420=DIRECTION('',(0.,-0.707106781186547,0.707106781186547));
#3421=DIRECTION('',(0.,-0.707106781186547,-0.707106781186547));
#3422=DIRECTION('',(0.,-1.,0.));
#3423=DIRECTION('',(1.,0.,0.));
#3424=DIRECTION('',(0.,-1.,0.));
#3425=DIRECTION('',(0.,0.,-1.));
#3426=DIRECTION('',(1.,0.,0.));
#3427=DIRECTION('',(0.,0.,1.));
#3428=DIRECTION('',(1.,0.,0.));
#3429=DIRECTION('',(0.,0.,-1.));
#3430=DIRECTION('',(1.,0.,0.));
#3431=DIRECTION('',(0.,0.,-1.));
#3432=DIRECTION('',(-1.,0.,0.));
#3433=DIRECTION('',(0.,0.,-1.));
#3434=DIRECTION('',(-1.,0.,0.));
#3435=DIRECTION('',(0.,0.,1.));
#3436=DIRECTION('',(-1.,0.,0.));
#3437=DIRECTION('',(0.,0.,1.));
#3438=DIRECTION('',(1.,0.,0.));
#3439=DIRECTION('',(0.,0.,1.));
#3440=DIRECTION('',(1.,0.,0.));
#3441=DIRECTION('',(0.,0.,-1.));
#3442=DIRECTION('',(1.,0.,0.));
#3443=DIRECTION('',(0.,0.,-1.));
#3444=DIRECTION('',(-1.,0.,0.));
#3445=DIRECTION('',(0.,0.,-1.));
#3446=DIRECTION('',(-1.,0.,0.));
#3447=DIRECTION('',(0.,0.,1.));
#3448=DIRECTION('',(-1.,0.,0.));
#3449=DIRECTION('',(0.,0.,1.));
#3450=DIRECTION('',(1.,0.,0.));
#3451=DIRECTION('',(0.,0.,1.));
#3452=DIRECTION('',(1.,0.,0.));
#3453=DIRECTION('',(0.,0.,-1.));
#3454=DIRECTION('',(1.,0.,0.));
#3455=DIRECTION('',(0.,0.,-1.));
#3456=DIRECTION('',(-1.,0.,0.));
#3457=DIRECTION('',(0.,0.,-1.));
#3458=DIRECTION('',(-1.,0.,0.));
#3459=DIRECTION('',(0.,0.,1.));
#3460=DIRECTION('',(-1.,0.,0.));
#3461=DIRECTION('',(0.,0.,1.));
#3462=DIRECTION('',(0.,-1.,0.));
#3463=DIRECTION('',(0.,0.,-1.));
#3464=DIRECTION('',(0.,-5.10212787052003E-16,-1.));
#3465=DIRECTION('',(0.,-5.10212787052003E-16,-1.));
#3466=DIRECTION('',(0.,-1.,0.));
#3467=DIRECTION('',(0.,0.,-1.));
#3468=DIRECTION('',(0.,-1.,0.));
#3469=DIRECTION('',(0.,0.,1.));
#3470=DIRECTION('',(0.,-1.,0.));
#3471=DIRECTION('',(1.,0.,0.));
#3472=DIRECTION('',(0.,0.,-1.));
#3473=DIRECTION('',(-0.999891886047579,0.0147042924418764,3.18848516206891E-18));
#3474=DIRECTION('',(-0.0147042924418764,-0.999891886047579,0.));
#3475=DIRECTION('',(0.999891886047579,0.0147042924418763,3.1884851620689E-18));
#3476=DIRECTION('',(-0.0147042924418763,0.999891886047579,0.));
#3477=DIRECTION('',(0.,0.,-1.));
#3478=DIRECTION('',(-1.,0.,0.));
#3479=DIRECTION('',(0.,0.,1.));
#3480=DIRECTION('',(0.,1.,0.));
#3481=DIRECTION('',(0.,0.,1.));
#3482=DIRECTION('',(0.,1.,0.));
#3483=DIRECTION('',(0.,0.,-1.));
#3484=DIRECTION('',(0.,1.,0.));
#3485=DIRECTION('',(0.,0.,1.));
#3486=DIRECTION('',(-1.,0.,0.));
#3487=DIRECTION('',(0.,0.,1.));
#3488=DIRECTION('',(1.,0.,0.));
#3489=DIRECTION('',(0.,1.,0.));
#3490=DIRECTION('',(-1.,0.,0.));
#3491=DIRECTION('',(0.,0.,-1.));
#3492=DIRECTION('',(-1.,0.,0.));
#3493=DIRECTION('',(0.,0.,-1.));
#3494=DIRECTION('',(0.,1.,0.));
#3495=DIRECTION('',(0.,0.,1.));
#3496=DIRECTION('',(-1.,0.,0.));
#3497=DIRECTION('',(0.,0.,1.));
#3498=DIRECTION('',(1.,0.,0.));
#3499=DIRECTION('',(0.,1.,0.));
#3500=DIRECTION('',(-1.,0.,0.));
#3501=DIRECTION('',(0.,0.,-1.));
#3502=DIRECTION('',(-1.,0.,0.));
#3503=DIRECTION('',(0.,0.,1.));
#3504=DIRECTION('',(0.,1.,0.));
#3505=DIRECTION('',(0.,0.,-1.));
#3506=DIRECTION('',(1.,0.,0.));
#3507=DIRECTION('',(0.,0.,-1.));
#3508=DIRECTION('',(1.,0.,0.));
#3509=DIRECTION('',(0.,1.,0.));
#3510=DIRECTION('',(-1.,0.,0.));
#3511=DIRECTION('',(0.,0.,-1.));
#3512=DIRECTION('',(-1.,0.,0.));
#3513=DIRECTION('',(0.,0.,1.));
#3514=DIRECTION('',(0.,1.,0.));
#3515=DIRECTION('',(0.,0.,-1.));
#3516=DIRECTION('',(1.,0.,0.));
#3517=DIRECTION('',(0.,0.,-1.));
#3518=DIRECTION('',(-1.,0.,0.));
#3519=DIRECTION('',(0.,1.,0.));
#3520=DIRECTION('',(1.,0.,0.));
#3521=DIRECTION('',(0.,0.,1.));
#3522=DIRECTION('',(1.,0.,0.));
#3523=DIRECTION('',(0.,0.,1.));
#3524=DIRECTION('',(0.,1.,0.));
#3525=DIRECTION('',(0.,0.,-1.));
#3526=DIRECTION('',(1.,0.,0.));
#3527=DIRECTION('',(0.,0.,-1.));
#3528=DIRECTION('',(-1.,0.,0.));
#3529=DIRECTION('',(0.,1.,0.));
#3530=DIRECTION('',(1.,0.,0.));
#3531=DIRECTION('',(0.,0.,1.));
#3532=DIRECTION('',(1.,0.,0.));
#3533=DIRECTION('',(0.,0.,-1.));
#3534=DIRECTION('',(0.,1.,0.));
#3535=DIRECTION('',(0.,0.,1.));
#3536=DIRECTION('',(-1.,0.,0.));
#3537=DIRECTION('',(0.,0.,1.));
#3538=DIRECTION('',(-1.,0.,0.));
#3539=DIRECTION('',(1.,0.,0.));
#3540=DIRECTION('',(0.,0.,1.));
#3541=DIRECTION('',(1.,0.,0.));
#3542=DIRECTION('',(0.,-1.,0.));
#3543=DIRECTION('',(0.,0.,-1.));
#3544=DIRECTION('',(0.,2.16840434497101E-16,-1.));
#3545=DIRECTION('',(0.,2.16840434497101E-16,-1.));
#3546=DIRECTION('',(1.,0.,0.));
#3547=DIRECTION('',(0.,0.,-1.));
#3548=DIRECTION('',(0.,2.16840434497101E-16,-1.));
#3549=DIRECTION('',(0.,-1.,-2.16840434497101E-16));
#3550=DIRECTION('',(0.,2.16840434497101E-16,-1.));
#3551=DIRECTION('',(0.,2.16840434497101E-16,-1.));
#3552=DIRECTION('',(-1.,0.,0.));
#3553=DIRECTION('',(0.,0.,1.));
#3554=DIRECTION('',(-0.8,-0.6,-1.30104260698261E-16));
#3555=DIRECTION('',(0.6,-0.8,0.));
#3556=DIRECTION('',(0.8,-0.6,-1.30104260698261E-16));
#3557=DIRECTION('',(0.6,0.8,0.));
#3558=DIRECTION('',(-0.447213595499956,0.774596669241484,0.447213595499958));
#3559=DIRECTION('',(0.447213595499956,-0.774596669241484,-0.447213595499958));
#3560=DIRECTION('',(-0.86602540378444,-0.499999999999998,0.));
#3561=DIRECTION('',(0.,0.,-1.));
#3562=DIRECTION('',(0.447213595499956,-0.774596669241484,-0.447213595499958));
#3563=DIRECTION('',(0.,-0.5,0.866025403784439));
#3564=DIRECTION('',(-1.,0.,0.));
#3565=DIRECTION('',(0.447213595499957,0.774596669241484,0.447213595499958));
#3566=DIRECTION('',(0.,-0.5,0.866025403784439));
#3567=DIRECTION('',(-1.,0.,0.));
#3568=DIRECTION('',(0.447213595499956,-0.774596669241485,0.447213595499958));
#3569=DIRECTION('',(-0.86602540378444,-0.499999999999998,0.));
#3570=DIRECTION('',(0.,0.,-1.));
#3571=DIRECTION('',(0.447213595499957,0.774596669241484,0.447213595499958));
#3572=DIRECTION('',(0.866025403784439,-0.499999999999999,0.));
#3573=DIRECTION('',(0.,0.,1.));
#3574=DIRECTION('',(0.44721359549996,-0.774596669241483,0.447213595499957));
#3575=DIRECTION('',(0.,-0.499999999999999,-0.866025403784439));
#3576=DIRECTION('',(1.,0.,0.));
#3577=DIRECTION('',(0.447213595499958,0.774596669241483,0.447213595499958));
#3578=DIRECTION('',(0.,-0.5,0.866025403784439));
#3579=DIRECTION('',(-1.,0.,0.));
#3580=DIRECTION('',(0.44721359549996,-0.774596669241483,0.447213595499957));
#3581=DIRECTION('',(-0.866025403784438,-0.500000000000002,0.));
#3582=DIRECTION('',(0.,0.,-1.));
#3583=DIRECTION('',(0.447213595499959,0.774596669241484,-0.447213595499957));
#3584=DIRECTION('',(0.866025403784438,-0.500000000000001,0.));
#3585=DIRECTION('',(0.,0.,1.));
#3586=DIRECTION('',(-0.447213595499957,-0.774596669241484,0.447213595499957));
#3587=DIRECTION('',(0.,-0.499999999999999,-0.866025403784439));
#3588=DIRECTION('',(1.,0.,0.));
#3589=DIRECTION('',(0.447213595499957,0.774596669241484,-0.447213595499957));
#3590=DIRECTION('',(0.,-0.499999999999999,-0.866025403784439));
#3591=DIRECTION('',(1.,0.,0.));
#3592=DIRECTION('',(0.866025403784439,-0.499999999999999,0.));
#3593=DIRECTION('',(0.,0.,1.));
#3594=DIRECTION('',(-0.577350269189626,0.577350269189626,0.577350269189625));
#3595=DIRECTION('',(-0.707106781186547,-0.707106781186547,0.));
#3596=DIRECTION('',(0.,0.,1.));
#3597=DIRECTION('',(0.577350269189626,0.577350269189626,0.577350269189625));
#3598=DIRECTION('',(0.,-0.707106781186547,0.707106781186548));
#3599=DIRECTION('',(1.,0.,0.));
#3600=DIRECTION('',(0.707106781186547,-0.707106781186547,0.));
#3601=DIRECTION('',(0.,0.,-1.));
#3602=DIRECTION('',(0.,-1.,0.));
#3603=DIRECTION('',(-0.498272879122441,0.863033942673691,-0.0830454798537407));
#3604=DIRECTION('',(0.164398987305358,0.,-0.986393923832144));
#3605=DIRECTION('',(-0.986393923832144,0.,-0.164398987305358));
#3606=DIRECTION('',(0.,-1.,0.));
#3607=DIRECTION('',(0.,0.,1.));
#3608=DIRECTION('',(-1.,0.,0.));
#3609=DIRECTION('',(0.,0.,1.));
#3610=DIRECTION('',(0.498272879122441,-0.863033942673691,-0.0830454798537396));
#3611=DIRECTION('',(0.164398987305356,0.,0.986393923832144));
#3612=DIRECTION('',(0.986393923832144,0.,-0.164398987305356));
#3613=DIRECTION('',(0.,-1.,0.));
#3614=DIRECTION('',(0.,0.,-1.));
#3615=DIRECTION('',(0.,-1.,0.));
#3616=DIRECTION('',(1.,0.,0.));
#3617=DIRECTION('',(0.,0.,-1.));
#3618=DIRECTION('',(-0.498272879122441,-0.863033942673691,0.0830454798537401));
#3619=DIRECTION('',(-0.164398987305357,0.,-0.986393923832144));
#3620=DIRECTION('',(-0.986393923832144,0.,0.164398987305357));
#3621=DIRECTION('',(0.498272879122441,0.863033942673691,0.0830454798537398));
#3622=DIRECTION('',(-0.164398987305357,0.,0.986393923832144));
#3623=DIRECTION('',(0.986393923832144,0.,0.164398987305357));
#3624=DIRECTION('',(-0.866025403784438,0.500000000000001,0.));
#3625=DIRECTION('',(0.,0.,-1.));
#3626=DIRECTION('',(0.866025403784438,0.500000000000001,0.));
#3627=DIRECTION('',(0.,0.,1.));
#3628=DIRECTION('',(0.,1.,7.39228753967389E-16));
#3629=DIRECTION('',(0.,-0.813733471206735,0.581238193719096));
#3630=DIRECTION('',(0.,-0.941741911594837,-0.336336396998157));
#3631=DIRECTION('',(1.,0.,0.));
#3632=DIRECTION('',(0.,0.,-1.));
#3633=DIRECTION('',(0.,0.813733471206735,-0.581238193719096));
#3634=DIRECTION('',(0.,-1.,-7.39228753967389E-16));
#3635=DIRECTION('',(0.,0.941741911594837,0.336336396998157));
#3636=DIRECTION('',(-1.,0.,0.));
#3637=DIRECTION('',(0.,0.,1.));
#3638=DIRECTION('',(-1.,0.,-3.56210409340086E-31));
#3639=DIRECTION('',(1.,-4.81867632215779E-16,-4.37905770101505E-47));
#3640=DIRECTION('',(3.56210409340086E-31,7.39228753967389E-16,-1.));
#3641=DIRECTION('',(0.,1.,7.39236146254929E-16));
#3642=DIRECTION('',(2.8986033287228E-31,-0.581238193719096,-0.813733471206735));
#3643=DIRECTION('',(1.,0.,0.));
#3644=DIRECTION('',(1.62069623249488E-16,0.336336396998157,-0.941741911594837));
#3645=DIRECTION('',(-1.,4.81819445452558E-16,0.));
#3646=DIRECTION('',(0.,-1.44560289664734E-15,-1.));
#3647=DIRECTION('',(0.,1.,-1.44560289664734E-15));
#3648=DIRECTION('',(0.,0.,1.));
#3649=DIRECTION('',(1.,0.,0.));
#3650=DIRECTION('',(1.,0.,0.));
#3651=DIRECTION('',(0.,0.,-1.));
#3652=DIRECTION('',(0.,-1.,0.));
#3653=DIRECTION('',(0.,0.,-1.));
#3654=DIRECTION('',(1.,1.44560289664734E-15,0.));
#3655=DIRECTION('',(-1.44560289664734E-15,1.,0.));
#3656=DIRECTION('',(-1.,0.,0.));
#3657=DIRECTION('',(0.,0.,1.));
#3658=DIRECTION('',(0.,0.,1.));
#3659=DIRECTION('',(1.,0.,0.));
#3660=DIRECTION('',(0.,-1.,0.));
#3661=DIRECTION('',(0.,0.,-1.));
#3662=DIRECTION('',(0.,0.,-1.));
#3663=DIRECTION('',(-1.,0.,0.));
#3664=DIRECTION('',(0.999891886047579,0.0147042924418763,3.1884851620689E-18));
#3665=DIRECTION('',(-0.0147042924418763,0.999891886047579,0.));
#3666=DIRECTION('',(0.999891886047579,0.0147042924418763,3.1884851620689E-18));
#3667=DIRECTION('',(-0.0147042924418763,0.999891886047579,0.));
#3668=DIRECTION('',(-0.999891886047579,0.0147042924418764,3.18848516206891E-18));
#3669=DIRECTION('',(-0.0147042924418764,-0.999891886047579,0.));
#3670=DIRECTION('',(-0.999891886047579,0.0147042924418764,3.18848516206891E-18));
#3671=DIRECTION('',(-0.0147042924418764,-0.999891886047579,0.));
#3672=DIRECTION('',(0.,0.,1.));
#3673=DIRECTION('',(1.,0.,0.));
#3674=DIRECTION('',(0.,0.,-1.));
#3675=DIRECTION('',(0.,1.,0.));
#3676=DIRECTION('',(0.,0.,1.));
#3677=DIRECTION('',(0.,0.,1.));
#3678=DIRECTION('',(1.,0.,0.));
#3679=DIRECTION('',(0.,0.,-1.));
#3680=DIRECTION('',(0.,1.,0.));
#3681=DIRECTION('',(0.,0.,1.));
#3682=DIRECTION('',(0.,-1.,0.));
#3683=DIRECTION('',(0.,0.,-1.));
#3684=DIRECTION('',(0.,-1.,0.));
#3685=DIRECTION('',(0.,0.,-1.));
#3686=DIRECTION('',(-1.,0.,0.));
#3687=DIRECTION('',(0.,0.,1.));
#3688=DIRECTION('',(1.,0.,0.));
#3689=DIRECTION('',(0.,-1.,0.));
#3690=DIRECTION('',(1.,0.,0.));
#3691=DIRECTION('',(0.,0.,-1.));
#3692=DIRECTION('',(-1.,0.,0.));
#3693=DIRECTION('',(0.,0.,-1.));
#3694=DIRECTION('',(0.,-1.,0.));
#3695=DIRECTION('',(0.,0.,-1.));
#3696=DIRECTION('',(-1.,0.,0.));
#3697=DIRECTION('',(0.,0.,1.));
#3698=DIRECTION('',(1.,0.,0.));
#3699=DIRECTION('',(0.,-1.,0.));
#3700=DIRECTION('',(1.,0.,0.));
#3701=DIRECTION('',(0.,0.,-1.));
#3702=DIRECTION('',(-1.,0.,0.));
#3703=DIRECTION('',(0.,0.,1.));
#3704=DIRECTION('',(0.,-1.,0.));
#3705=DIRECTION('',(0.,0.,1.));
#3706=DIRECTION('',(1.,0.,0.));
#3707=DIRECTION('',(0.,0.,-1.));
#3708=DIRECTION('',(1.,0.,0.));
#3709=DIRECTION('',(0.,-1.,0.));
#3710=DIRECTION('',(1.,0.,0.));
#3711=DIRECTION('',(0.,0.,-1.));
#3712=DIRECTION('',(-1.,0.,0.));
#3713=DIRECTION('',(0.,0.,1.));
#3714=DIRECTION('',(0.,-1.,0.));
#3715=DIRECTION('',(0.,0.,1.));
#3716=DIRECTION('',(1.,0.,0.));
#3717=DIRECTION('',(0.,0.,-1.));
#3718=DIRECTION('',(-1.,0.,0.));
#3719=DIRECTION('',(0.,-1.,0.));
#3720=DIRECTION('',(-1.,0.,0.));
#3721=DIRECTION('',(0.,0.,1.));
#3722=DIRECTION('',(1.,0.,0.));
#3723=DIRECTION('',(0.,0.,1.));
#3724=DIRECTION('',(0.,-1.,0.));
#3725=DIRECTION('',(0.,0.,1.));
#3726=DIRECTION('',(1.,0.,0.));
#3727=DIRECTION('',(0.,0.,-1.));
#3728=DIRECTION('',(-1.,0.,0.));
#3729=DIRECTION('',(0.,-1.,0.));
#3730=DIRECTION('',(-1.,0.,0.));
#3731=DIRECTION('',(0.,0.,1.));
#3732=DIRECTION('',(1.,0.,0.));
#3733=DIRECTION('',(0.,0.,-1.));
#3734=DIRECTION('',(0.,-1.,0.));
#3735=DIRECTION('',(0.,0.,-1.));
#3736=DIRECTION('',(-1.,0.,0.));
#3737=DIRECTION('',(0.,0.,1.));
#3738=DIRECTION('',(-1.,0.,0.));
#3739=DIRECTION('',(-1.,0.,0.));
#3740=DIRECTION('',(0.,0.,1.));
#3741=DIRECTION('',(1.,0.,0.));
#3742=DIRECTION('',(0.,-1.,0.));
#3743=DIRECTION('',(0.,0.,-1.));
#3744=DIRECTION('',(0.,-1.,0.));
#3745=DIRECTION('',(0.,0.,-1.));
#3746=DIRECTION('',(0.,-1.,0.));
#3747=DIRECTION('',(0.,0.,-1.));
#3748=DIRECTION('',(-1.,0.,0.));
#3749=DIRECTION('',(0.,0.,1.));
#3750=DIRECTION('',(1.,0.,0.));
#3751=DIRECTION('',(0.,-1.,0.));
#3752=DIRECTION('',(1.,0.,0.));
#3753=DIRECTION('',(0.,0.,-1.));
#3754=DIRECTION('',(-1.,0.,0.));
#3755=DIRECTION('',(0.,0.,-1.));
#3756=DIRECTION('',(0.,-1.,0.));
#3757=DIRECTION('',(0.,0.,-1.));
#3758=DIRECTION('',(-1.,0.,0.));
#3759=DIRECTION('',(0.,0.,1.));
#3760=DIRECTION('',(1.,0.,0.));
#3761=DIRECTION('',(0.,-1.,0.));
#3762=DIRECTION('',(1.,0.,0.));
#3763=DIRECTION('',(0.,0.,-1.));
#3764=DIRECTION('',(-1.,0.,0.));
#3765=DIRECTION('',(0.,0.,1.));
#3766=DIRECTION('',(0.,-1.,0.));
#3767=DIRECTION('',(0.,0.,1.));
#3768=DIRECTION('',(1.,0.,0.));
#3769=DIRECTION('',(0.,0.,-1.));
#3770=DIRECTION('',(1.,0.,0.));
#3771=DIRECTION('',(0.,-1.,0.));
#3772=DIRECTION('',(1.,0.,0.));
#3773=DIRECTION('',(0.,0.,-1.));
#3774=DIRECTION('',(-1.,0.,0.));
#3775=DIRECTION('',(0.,0.,1.));
#3776=DIRECTION('',(0.,-1.,0.));
#3777=DIRECTION('',(0.,0.,1.));
#3778=DIRECTION('',(1.,0.,0.));
#3779=DIRECTION('',(0.,0.,-1.));
#3780=DIRECTION('',(-1.,0.,0.));
#3781=DIRECTION('',(0.,-1.,0.));
#3782=DIRECTION('',(-1.,0.,0.));
#3783=DIRECTION('',(0.,0.,1.));
#3784=DIRECTION('',(1.,0.,0.));
#3785=DIRECTION('',(0.,0.,1.));
#3786=DIRECTION('',(0.,-1.,0.));
#3787=DIRECTION('',(0.,0.,1.));
#3788=DIRECTION('',(1.,0.,0.));
#3789=DIRECTION('',(0.,0.,-1.));
#3790=DIRECTION('',(-1.,0.,0.));
#3791=DIRECTION('',(0.,-1.,0.));
#3792=DIRECTION('',(-1.,0.,0.));
#3793=DIRECTION('',(0.,0.,1.));
#3794=DIRECTION('',(1.,0.,0.));
#3795=DIRECTION('',(0.,0.,-1.));
#3796=DIRECTION('',(0.,-1.,0.));
#3797=DIRECTION('',(0.,0.,-1.));
#3798=DIRECTION('',(-1.,0.,0.));
#3799=DIRECTION('',(0.,0.,1.));
#3800=DIRECTION('',(-1.,0.,0.));
#3801=DIRECTION('',(-1.,0.,0.));
#3802=DIRECTION('',(0.,0.,1.));
#3803=DIRECTION('',(1.,0.,0.));
#3804=DIRECTION('',(0.,-1.,0.));
#3805=DIRECTION('',(0.,0.,-1.));
#3806=DIRECTION('',(0.,-2.16840434497101E-16,1.));
#3807=DIRECTION('',(0.,-2.16840434497101E-16,1.));
#3808=DIRECTION('',(1.,0.,0.));
#3809=DIRECTION('',(0.,0.,-1.));
#3810=DIRECTION('',(0.,-2.16840434497101E-16,1.));
#3811=DIRECTION('',(0.,-1.,-2.16840434497101E-16));
#3812=DIRECTION('',(0.,2.16840434497101E-16,-1.));
#3813=DIRECTION('',(0.,-2.16840434497101E-16,1.));
#3814=DIRECTION('',(-1.,0.,0.));
#3815=DIRECTION('',(0.,0.,1.));
#3816=DIRECTION('',(-0.8,-0.6,-1.30104260698261E-16));
#3817=DIRECTION('',(0.6,-0.8,0.));
#3818=DIRECTION('',(0.8,-0.6,-1.30104260698261E-16));
#3819=DIRECTION('',(0.6,0.8,0.));
#3820=DIRECTION('',(0.,-2.16840434497101E-16,1.));
#3821=DIRECTION('',(0.,-2.16840434497101E-16,1.));
#3822=DIRECTION('',(1.,0.,0.));
#3823=DIRECTION('',(0.,0.,-1.));
#3824=DIRECTION('',(0.,-2.16840434497101E-16,1.));
#3825=DIRECTION('',(0.,-1.,-2.16840434497101E-16));
#3826=DIRECTION('',(0.,2.16840434497101E-16,-1.));
#3827=DIRECTION('',(0.,-2.16840434497101E-16,1.));
#3828=DIRECTION('',(-1.,0.,0.));
#3829=DIRECTION('',(0.,0.,1.));
#3830=DIRECTION('',(-0.8,-0.6,-1.30104260698261E-16));
#3831=DIRECTION('',(0.6,-0.8,0.));
#3832=DIRECTION('',(0.8,-0.6,-1.30104260698261E-16));
#3833=DIRECTION('',(0.6,0.8,0.));
#3834=DIRECTION('',(-0.447213595499957,0.774596669241484,0.447213595499958));
#3835=DIRECTION('',(0.447213595499957,-0.774596669241484,-0.447213595499958));
#3836=DIRECTION('',(-0.866025403784439,-0.499999999999999,0.));
#3837=DIRECTION('',(0.,0.,-1.));
#3838=DIRECTION('',(0.447213595499957,-0.774596669241484,-0.447213595499958));
#3839=DIRECTION('',(0.,-0.5,0.866025403784439));
#3840=DIRECTION('',(-1.,0.,0.));
#3841=DIRECTION('',(0.447213595499957,0.774596669241484,0.447213595499958));
#3842=DIRECTION('',(0.,-0.5,0.866025403784439));
#3843=DIRECTION('',(-1.,0.,0.));
#3844=DIRECTION('',(0.447213595499957,-0.774596669241484,0.447213595499957));
#3845=DIRECTION('',(-0.866025403784439,-0.499999999999999,0.));
#3846=DIRECTION('',(0.,0.,-1.));
#3847=DIRECTION('',(0.447213595499957,0.774596669241484,0.447213595499958));
#3848=DIRECTION('',(0.866025403784439,-0.499999999999999,0.));
#3849=DIRECTION('',(0.,0.,1.));
#3850=DIRECTION('',(0.447213595499957,-0.774596669241484,0.447213595499957));
#3851=DIRECTION('',(0.,-0.499999999999999,-0.866025403784439));
#3852=DIRECTION('',(1.,0.,0.));
#3853=DIRECTION('',(0.447213595499958,0.774596669241483,0.447213595499958));
#3854=DIRECTION('',(0.,-0.5,0.866025403784439));
#3855=DIRECTION('',(-1.,0.,0.));
#3856=DIRECTION('',(0.447213595499957,-0.774596669241484,0.447213595499957));
#3857=DIRECTION('',(-0.866025403784439,-0.499999999999999,0.));
#3858=DIRECTION('',(0.,0.,-1.));
#3859=DIRECTION('',(0.447213595499959,0.774596669241484,-0.447213595499957));
#3860=DIRECTION('',(0.866025403784438,-0.500000000000001,0.));
#3861=DIRECTION('',(0.,0.,1.));
#3862=DIRECTION('',(-0.447213595499957,-0.774596669241484,0.447213595499957));
#3863=DIRECTION('',(0.,-0.499999999999999,-0.866025403784439));
#3864=DIRECTION('',(1.,0.,0.));
#3865=DIRECTION('',(0.447213595499957,0.774596669241484,-0.447213595499957));
#3866=DIRECTION('',(0.,-0.499999999999999,-0.866025403784439));
#3867=DIRECTION('',(1.,0.,0.));
#3868=DIRECTION('',(0.866025403784439,-0.499999999999999,0.));
#3869=DIRECTION('',(0.,0.,1.));
#3870=DIRECTION('',(-0.447213595499957,0.774596669241484,0.447213595499958));
#3871=DIRECTION('',(0.447213595499957,-0.774596669241484,-0.447213595499958));
#3872=DIRECTION('',(-0.866025403784439,-0.499999999999999,0.));
#3873=DIRECTION('',(0.,0.,-1.));
#3874=DIRECTION('',(0.447213595499957,-0.774596669241484,-0.447213595499958));
#3875=DIRECTION('',(0.,-0.5,0.866025403784439));
#3876=DIRECTION('',(-1.,0.,0.));
#3877=DIRECTION('',(0.447213595499958,0.774596669241483,0.447213595499958));
#3878=DIRECTION('',(0.,-0.5,0.866025403784439));
#3879=DIRECTION('',(-1.,0.,0.));
#3880=DIRECTION('',(0.447213595499957,-0.774596669241484,0.447213595499957));
#3881=DIRECTION('',(-0.866025403784439,-0.499999999999999,0.));
#3882=DIRECTION('',(0.,0.,-1.));
#3883=DIRECTION('',(0.447213595499958,0.774596669241483,0.447213595499958));
#3884=DIRECTION('',(0.866025403784438,-0.500000000000001,0.));
#3885=DIRECTION('',(0.,0.,1.));
#3886=DIRECTION('',(0.447213595499959,-0.774596669241484,0.447213595499957));
#3887=DIRECTION('',(0.,-0.499999999999999,-0.866025403784439));
#3888=DIRECTION('',(1.,0.,0.));
#3889=DIRECTION('',(0.447213595499957,0.774596669241484,0.447213595499958));
#3890=DIRECTION('',(0.,-0.5,0.866025403784439));
#3891=DIRECTION('',(-1.,0.,0.));
#3892=DIRECTION('',(0.447213595499959,-0.774596669241484,0.447213595499957));
#3893=DIRECTION('',(-0.866025403784438,-0.500000000000001,0.));
#3894=DIRECTION('',(0.,0.,-1.));
#3895=DIRECTION('',(0.447213595499957,0.774596669241484,-0.447213595499957));
#3896=DIRECTION('',(0.866025403784439,-0.499999999999999,0.));
#3897=DIRECTION('',(0.,0.,1.));
#3898=DIRECTION('',(-0.447213595499959,-0.774596669241484,0.447213595499957));
#3899=DIRECTION('',(0.,-0.499999999999999,-0.866025403784439));
#3900=DIRECTION('',(1.,0.,0.));
#3901=DIRECTION('',(0.447213595499959,0.774596669241484,-0.447213595499957));
#3902=DIRECTION('',(0.,-0.499999999999999,-0.866025403784439));
#3903=DIRECTION('',(1.,0.,0.));
#3904=DIRECTION('',(0.866025403784438,-0.500000000000001,0.));
#3905=DIRECTION('',(0.,0.,1.));
#3906=DIRECTION('',(-0.577350269189627,0.577350269189626,0.577350269189625));
#3907=DIRECTION('',(-0.707106781186547,-0.707106781186548,0.));
#3908=DIRECTION('',(0.,0.,1.));
#3909=DIRECTION('',(0.577350269189625,0.577350269189626,0.577350269189625));
#3910=DIRECTION('',(0.,-0.707106781186547,0.707106781186548));
#3911=DIRECTION('',(1.,0.,0.));
#3912=DIRECTION('',(0.707106781186548,-0.707106781186547,0.));
#3913=DIRECTION('',(0.,0.,-1.));
#3914=DIRECTION('',(-0.577350269189626,0.577350269189626,0.577350269189625));
#3915=DIRECTION('',(-0.707106781186547,-0.707106781186547,0.));
#3916=DIRECTION('',(0.,0.,1.));
#3917=DIRECTION('',(0.577350269189626,0.577350269189626,0.577350269189625));
#3918=DIRECTION('',(0.,-0.707106781186547,0.707106781186548));
#3919=DIRECTION('',(1.,0.,0.));
#3920=DIRECTION('',(0.707106781186547,-0.707106781186547,0.));
#3921=DIRECTION('',(0.,0.,-1.));
#3922=CARTESIAN_POINT('',(0.,0.,0.));
#3923=CARTESIAN_POINT('',(-0.5,2.8,2.75));
#3924=CARTESIAN_POINT('',(-0.5,2.8,2.75));
#3925=CARTESIAN_POINT('',(-0.2,3.2,2.75));
#3926=CARTESIAN_POINT('',(-0.2,3.2,2.75));
#3927=CARTESIAN_POINT('',(-0.2,3.6,2.75));
#3928=CARTESIAN_POINT('',(-0.2,3.6,2.75));
#3929=CARTESIAN_POINT('',(0.2,3.6,2.75));
#3930=CARTESIAN_POINT('',(0.2,3.6,2.75));
#3931=CARTESIAN_POINT('',(0.2,3.2,2.75));
#3932=CARTESIAN_POINT('',(0.2,3.2,2.75));
#3933=CARTESIAN_POINT('',(0.5,2.8,2.75));
#3934=CARTESIAN_POINT('',(2.1,2.8,2.75));
#3935=CARTESIAN_POINT('',(0.75,2.8,2.75));
#3936=CARTESIAN_POINT('',(0.75,2.8,2.75));
#3937=CARTESIAN_POINT('',(1.05,3.2,2.75));
#3938=CARTESIAN_POINT('',(1.05,3.2,2.75));
#3939=CARTESIAN_POINT('',(1.05,3.6,2.75));
#3940=CARTESIAN_POINT('',(1.05,3.6,2.75));
#3941=CARTESIAN_POINT('',(1.45,3.6,2.75));
#3942=CARTESIAN_POINT('',(1.45,3.6,2.75));
#3943=CARTESIAN_POINT('',(1.45,3.2,2.75));
#3944=CARTESIAN_POINT('',(1.45,3.2,2.75));
#3945=CARTESIAN_POINT('',(1.75,2.8,2.75));
#3946=CARTESIAN_POINT('',(2.1,2.8,2.75));
#3947=CARTESIAN_POINT('',(2.1,2.8,2.75));
#3948=CARTESIAN_POINT('',(2.1,3.95,2.75));
#3949=CARTESIAN_POINT('',(2.1,3.95,2.75));
#3950=CARTESIAN_POINT('',(2.1,3.95,2.75));
#3951=CARTESIAN_POINT('',(-2.1,3.95,2.75));
#3952=CARTESIAN_POINT('',(-2.1,3.95,2.75));
#3953=CARTESIAN_POINT('',(-2.1,2.8,2.75));
#3954=CARTESIAN_POINT('',(2.1,2.8,2.75));
#3955=CARTESIAN_POINT('',(-1.75,2.8,2.75));
#3956=CARTESIAN_POINT('',(-1.75,2.8,2.75));
#3957=CARTESIAN_POINT('',(-1.45,3.2,2.75));
#3958=CARTESIAN_POINT('',(-1.45,3.2,2.75));
#3959=CARTESIAN_POINT('',(-1.45,3.6,2.75));
#3960=CARTESIAN_POINT('',(-1.45,3.6,2.75));
#3961=CARTESIAN_POINT('',(-1.05,3.6,2.75));
#3962=CARTESIAN_POINT('',(-1.05,3.6,2.75));
#3963=CARTESIAN_POINT('',(-1.05,3.2,2.75));
#3964=CARTESIAN_POINT('',(-1.05,3.2,2.75));
#3965=CARTESIAN_POINT('',(-0.75,2.8,2.75));
#3966=CARTESIAN_POINT('',(2.1,2.8,2.75));
#3967=CARTESIAN_POINT('',(2.1,3.95,2.75));
#3968=CARTESIAN_POINT('',(0.5,2.8,-1.21));
#3969=CARTESIAN_POINT('',(0.5,2.8,2.35));
#3970=CARTESIAN_POINT('',(2.1,2.8,2.35));
#3971=CARTESIAN_POINT('',(0.75,2.8,2.35));
#3972=CARTESIAN_POINT('',(0.75,2.8,-1.21));
#3973=CARTESIAN_POINT('',(2.1,2.8,2.75));
#3974=CARTESIAN_POINT('',(-0.5,2.8,-1.21));
#3975=CARTESIAN_POINT('',(-0.5,2.8,2.35));
#3976=CARTESIAN_POINT('',(-0.75,2.8,-1.21));
#3977=CARTESIAN_POINT('',(-0.75,2.8,2.35));
#3978=CARTESIAN_POINT('',(2.1,2.8,2.35));
#3979=CARTESIAN_POINT('',(2.1,2.8,2.75));
#3980=CARTESIAN_POINT('',(-1.75,2.8,-1.21));
#3981=CARTESIAN_POINT('',(-1.75,2.8,2.35));
#3982=CARTESIAN_POINT('',(-2.1,2.8,2.75));
#3983=CARTESIAN_POINT('',(-2.1,2.8,2.35));
#3984=CARTESIAN_POINT('',(2.1,2.8,2.35));
#3985=CARTESIAN_POINT('',(2.1,2.8,2.75));
#3986=CARTESIAN_POINT('',(2.1,3.95,0.45));
#3987=CARTESIAN_POINT('',(-0.325,3.95,0.45));
#3988=CARTESIAN_POINT('',(-0.925,3.95,0.45));
#3989=CARTESIAN_POINT('',(-0.925,3.95,0.45));
#3990=CARTESIAN_POINT('',(-0.925,3.95,1.9));
#3991=CARTESIAN_POINT('',(2.1,3.95,1.9));
#3992=CARTESIAN_POINT('',(-1.575,3.95,1.9));
#3993=CARTESIAN_POINT('',(-1.575,3.95,0.45));
#3994=CARTESIAN_POINT('',(-1.575,3.95,0.45));
#3995=CARTESIAN_POINT('',(2.1,3.95,0.45));
#3996=CARTESIAN_POINT('',(-2.1,3.95,0.45));
#3997=CARTESIAN_POINT('',(-2.1,3.95,0.45));
#3998=CARTESIAN_POINT('',(2.1,3.95,0.45));
#3999=CARTESIAN_POINT('',(2.1,3.95,0.45));
#4000=CARTESIAN_POINT('',(2.1,3.95,0.45));
#4001=CARTESIAN_POINT('',(1.575,3.95,0.45));
#4002=CARTESIAN_POINT('',(1.575,3.95,0.45));
#4003=CARTESIAN_POINT('',(1.575,3.95,1.9));
#4004=CARTESIAN_POINT('',(2.1,3.95,1.9));
#4005=CARTESIAN_POINT('',(0.925,3.95,1.9));
#4006=CARTESIAN_POINT('',(0.925,3.95,0.45));
#4007=CARTESIAN_POINT('',(0.925,3.95,0.45));
#4008=CARTESIAN_POINT('',(2.1,3.95,0.45));
#4009=CARTESIAN_POINT('',(0.325,3.95,0.45));
#4010=CARTESIAN_POINT('',(0.325,3.95,0.45));
#4011=CARTESIAN_POINT('',(0.325,3.95,1.9));
#4012=CARTESIAN_POINT('',(2.1,3.95,1.9));
#4013=CARTESIAN_POINT('',(-0.325,3.95,1.9));
#4014=CARTESIAN_POINT('',(-0.325,3.95,0.45));
#4015=CARTESIAN_POINT('',(2.1,3.95,0.45));
#4016=CARTESIAN_POINT('',(0.45,1.35,3.2));
#4017=CARTESIAN_POINT('',(0.441911764705882,1.35000000000001,3.2));
#4018=CARTESIAN_POINT('',(-0.441911764705882,1.35000000000001,3.2));
#4019=CARTESIAN_POINT('',(-0.45,0.799999999999998,3.2));
#4020=CARTESIAN_POINT('',(-0.45,0.8,3.2));
#4021=CARTESIAN_POINT('',(2.1,0.8,3.2));
#4022=CARTESIAN_POINT('',(-0.8,0.8,3.2));
#4023=CARTESIAN_POINT('',(-0.825,2.5,3.2));
#4024=CARTESIAN_POINT('',(-0.808088235294118,1.35000000000001,3.2));
#4025=CARTESIAN_POINT('',(-0.8,1.35,3.2));
#4026=CARTESIAN_POINT('',(-1.69191176470588,1.35000000000001,3.2));
#4027=CARTESIAN_POINT('',(-1.7,0.799999999999998,3.2));
#4028=CARTESIAN_POINT('',(-1.7,0.8,3.2));
#4029=CARTESIAN_POINT('',(2.1,0.8,3.2));
#4030=CARTESIAN_POINT('',(-2.1,0.8,3.2));
#4031=CARTESIAN_POINT('',(-2.1,0.8,3.2));
#4032=CARTESIAN_POINT('',(-2.1,0.6,3.2));
#4033=CARTESIAN_POINT('',(2.45,0.6,3.2));
#4034=CARTESIAN_POINT('',(-2.45,0.6,3.2));
#4035=CARTESIAN_POINT('',(-2.45,0.6,3.2));
#4036=CARTESIAN_POINT('',(-2.45,0.,3.2));
#4037=CARTESIAN_POINT('',(2.45,0.,3.2));
#4038=CARTESIAN_POINT('',(2.45,0.,3.2));
#4039=CARTESIAN_POINT('',(2.45,0.6,3.2));
#4040=CARTESIAN_POINT('',(2.45,0.6,3.2));
#4041=CARTESIAN_POINT('',(2.45,0.6,3.2));
#4042=CARTESIAN_POINT('',(2.1,0.6,3.2));
#4043=CARTESIAN_POINT('',(2.1,0.8,3.2));
#4044=CARTESIAN_POINT('',(2.1,0.8,3.2));
#4045=CARTESIAN_POINT('',(2.1,0.8,3.2));
#4046=CARTESIAN_POINT('',(1.7,0.8,3.2));
#4047=CARTESIAN_POINT('',(1.675,2.5,3.2));
#4048=CARTESIAN_POINT('',(1.69191176470588,1.35000000000001,3.2));
#4049=CARTESIAN_POINT('',(1.7,1.35,3.2));
#4050=CARTESIAN_POINT('',(0.808088235294118,1.35,3.2));
#4051=CARTESIAN_POINT('',(0.8,0.799999999999998,3.2));
#4052=CARTESIAN_POINT('',(0.8,0.8,3.2));
#4053=CARTESIAN_POINT('',(2.1,0.8,3.2));
#4054=CARTESIAN_POINT('',(0.45,0.8,3.2));
#4055=CARTESIAN_POINT('',(0.425,2.5,3.2));
#4056=CARTESIAN_POINT('',(2.45,0.6,3.2));
#4057=CARTESIAN_POINT('',(-1.67499793243899,2.50014059414836,2.34866233603239));
#4058=CARTESIAN_POINT('',(-1.6760046728371,2.43168224707731,3.));
#4059=CARTESIAN_POINT('',(-1.675,2.5,2.35));
#4060=CARTESIAN_POINT('',(-0.8,2.43168224707731,3.));
#4061=CARTESIAN_POINT('',(-0.823995327162902,2.43168224707731,3.));
#4062=CARTESIAN_POINT('',(-0.824999940926829,2.49999598302433,2.3500382189705));
#4063=CARTESIAN_POINT('',(-0.825,2.5,2.35));
#4064=CARTESIAN_POINT('',(-0.8,2.5,2.35));
#4065=CARTESIAN_POINT('',(-0.8,2.5,2.35));
#4066=CARTESIAN_POINT('',(-1.67581526642135,2.44456188334821,3.));
#4067=CARTESIAN_POINT('',(-1.68383094876631,1.89949548389093,3.));
#4068=CARTESIAN_POINT('',(-0.8,1.89949548389093,3.));
#4069=CARTESIAN_POINT('',(-0.81616905123369,1.89949548389093,3.));
#4070=CARTESIAN_POINT('',(-0.823990138984056,2.43132945091578,3.));
#4071=CARTESIAN_POINT('',(-0.8,2.43168224707731,3.));
#4072=CARTESIAN_POINT('',(-1.68366220020248,1.91097038623109,2.99582347710707));
#4073=CARTESIAN_POINT('',(-0.816165964100141,1.89928555880955,3.00007640648105));
#4074=CARTESIAN_POINT('',(-0.8,1.89949548389093,3.));
#4075=CARTESIAN_POINT('',(-0.424997932438995,2.50014059414836,2.34866233603239));
#4076=CARTESIAN_POINT('',(-0.426004672837098,2.43168224707731,3.));
#4077=CARTESIAN_POINT('',(-0.425,2.5,2.35));
#4078=CARTESIAN_POINT('',(0.45,2.43168224707731,3.));
#4079=CARTESIAN_POINT('',(0.426004672837098,2.43168224707731,3.));
#4080=CARTESIAN_POINT('',(0.425000059073171,2.49999598302433,2.3500382189705));
#4081=CARTESIAN_POINT('',(0.425,2.5,2.35));
#4082=CARTESIAN_POINT('',(0.45,2.5,2.35));
#4083=CARTESIAN_POINT('',(0.45,2.5,2.35));
#4084=CARTESIAN_POINT('',(-0.42581526642135,2.44456188334821,3.));
#4085=CARTESIAN_POINT('',(-0.43383094876631,1.89949548389093,3.));
#4086=CARTESIAN_POINT('',(0.45,1.89949548389093,3.));
#4087=CARTESIAN_POINT('',(0.43383094876631,1.89949548389093,3.));
#4088=CARTESIAN_POINT('',(0.426009861015944,2.43132945091578,3.));
#4089=CARTESIAN_POINT('',(0.45,2.43168224707731,3.));
#4090=CARTESIAN_POINT('',(-0.433662200202484,1.91097038623109,2.99582347710707));
#4091=CARTESIAN_POINT('',(0.433834035899859,1.89928555880955,3.00007640648105));
#4092=CARTESIAN_POINT('',(0.45,1.89949548389093,3.));
#4093=CARTESIAN_POINT('',(-0.825,2.5,2.35));
#4094=CARTESIAN_POINT('',(-0.8,0.8,2.35));
#4095=CARTESIAN_POINT('',(2.1,0.8,2.35));
#4096=CARTESIAN_POINT('',(-0.45,0.8,2.35));
#4097=CARTESIAN_POINT('',(-0.45,0.8,2.35));
#4098=CARTESIAN_POINT('',(0.425,2.5,2.35));
#4099=CARTESIAN_POINT('',(0.45,0.8,2.35));
#4100=CARTESIAN_POINT('',(2.1,0.8,2.35));
#4101=CARTESIAN_POINT('',(0.8,0.8,2.35));
#4102=CARTESIAN_POINT('',(0.8,0.8,2.35));
#4103=CARTESIAN_POINT('',(0.825,2.5,2.35));
#4104=CARTESIAN_POINT('',(1.7,2.5,2.35));
#4105=CARTESIAN_POINT('',(1.675,2.5,2.35));
#4106=CARTESIAN_POINT('',(1.675,2.5,2.35));
#4107=CARTESIAN_POINT('',(1.7,0.8,2.35));
#4108=CARTESIAN_POINT('',(2.1,0.8,2.35));
#4109=CARTESIAN_POINT('',(2.1,0.8,2.35));
#4110=CARTESIAN_POINT('',(2.1,2.8,2.35));
#4111=CARTESIAN_POINT('',(2.1,2.8,2.35));
#4112=CARTESIAN_POINT('',(2.1,2.8,2.35));
#4113=CARTESIAN_POINT('',(1.75,2.8,2.35));
#4114=CARTESIAN_POINT('',(1.45,3.2,2.35));
#4115=CARTESIAN_POINT('',(1.45,3.2,2.35));
#4116=CARTESIAN_POINT('',(1.45,3.6,2.35));
#4117=CARTESIAN_POINT('',(1.45,3.6,2.35));
#4118=CARTESIAN_POINT('',(1.05,3.6,2.35));
#4119=CARTESIAN_POINT('',(1.05,3.6,2.35));
#4120=CARTESIAN_POINT('',(1.05,3.2,2.35));
#4121=CARTESIAN_POINT('',(1.05,3.2,2.35));
#4122=CARTESIAN_POINT('',(0.75,2.8,2.35));
#4123=CARTESIAN_POINT('',(0.2,3.2,2.35));
#4124=CARTESIAN_POINT('',(0.2,3.2,2.35));
#4125=CARTESIAN_POINT('',(0.2,3.6,2.35));
#4126=CARTESIAN_POINT('',(0.2,3.6,2.35));
#4127=CARTESIAN_POINT('',(-0.2,3.6,2.35));
#4128=CARTESIAN_POINT('',(-0.2,3.6,2.35));
#4129=CARTESIAN_POINT('',(-0.2,3.2,2.35));
#4130=CARTESIAN_POINT('',(-0.2,3.2,2.35));
#4131=CARTESIAN_POINT('',(-0.5,2.8,2.35));
#4132=CARTESIAN_POINT('',(-1.05,3.2,2.35));
#4133=CARTESIAN_POINT('',(-1.05,3.2,2.35));
#4134=CARTESIAN_POINT('',(-1.05,3.6,2.35));
#4135=CARTESIAN_POINT('',(-1.05,3.6,2.35));
#4136=CARTESIAN_POINT('',(-1.45,3.6,2.35));
#4137=CARTESIAN_POINT('',(-1.45,3.6,2.35));
#4138=CARTESIAN_POINT('',(-1.45,3.2,2.35));
#4139=CARTESIAN_POINT('',(-1.45,3.2,2.35));
#4140=CARTESIAN_POINT('',(-1.75,2.8,2.35));
#4141=CARTESIAN_POINT('',(-2.1,2.8,2.35));
#4142=CARTESIAN_POINT('',(-2.1,0.8,2.35));
#4143=CARTESIAN_POINT('',(2.1,0.8,2.35));
#4144=CARTESIAN_POINT('',(-1.7,0.8,2.35));
#4145=CARTESIAN_POINT('',(-1.7,0.8,2.35));
#4146=CARTESIAN_POINT('',(2.1,2.8,2.35));
#4147=CARTESIAN_POINT('',(-0.45,0.8,3.2));
#4148=CARTESIAN_POINT('',(-0.8,0.8,3.2));
#4149=CARTESIAN_POINT('',(2.1,0.8,2.35));
#4150=CARTESIAN_POINT('',(-1.7,0.8,3.2));
#4151=CARTESIAN_POINT('',(-2.1,0.8,2.35));
#4152=CARTESIAN_POINT('',(2.1,0.8,2.35));
#4153=CARTESIAN_POINT('',(-1.075,3.8,0.45));
#4154=CARTESIAN_POINT('',(-1.075,3.8,0.450000000000001));
#4155=CARTESIAN_POINT('',(-1.425,3.8,0.45));
#4156=CARTESIAN_POINT('',(-1.075,3.8,0.450000000000001));
#4157=CARTESIAN_POINT('',(-0.175,3.8,0.45));
#4158=CARTESIAN_POINT('',(-0.175,3.8,0.45));
#4159=CARTESIAN_POINT('',(0.175,3.8,0.45));
#4160=CARTESIAN_POINT('',(0.175,3.8,0.450000000000001));
#4161=CARTESIAN_POINT('',(0.175,3.8,0.450000000000001));
#4162=CARTESIAN_POINT('',(1.075,3.8,0.45));
#4163=CARTESIAN_POINT('',(1.075,3.8,0.45));
#4164=CARTESIAN_POINT('',(1.425,3.8,0.45));
#4165=CARTESIAN_POINT('',(1.425,3.8,0.450000000000001));
#4166=CARTESIAN_POINT('',(1.425,3.8,0.450000000000001));
#4167=CARTESIAN_POINT('',(2.1,0.6,0.45));
#4168=CARTESIAN_POINT('',(2.1,0.6,0.45));
#4169=CARTESIAN_POINT('',(2.1,0.6,0.45));
#4170=CARTESIAN_POINT('',(-2.1,0.6,0.45));
#4171=CARTESIAN_POINT('',(-2.1,0.6,0.45));
#4172=CARTESIAN_POINT('',(-1.425,3.8,0.45));
#4173=CARTESIAN_POINT('',(-0.450000000000002,2.5,0.449999999999999));
#4174=CARTESIAN_POINT('',(-0.450000000000002,2.5,0.449999999999999));
#4175=CARTESIAN_POINT('',(-0.450000000000001,3.6,0.45));
#4176=CARTESIAN_POINT('',(0.450000000000001,2.5,0.449999999999999));
#4177=CARTESIAN_POINT('',(0.450000000000001,2.5,0.45));
#4178=CARTESIAN_POINT('',(0.450000000000001,3.6,0.45));
#4179=CARTESIAN_POINT('',(0.450000000000001,3.6,0.45));
#4180=CARTESIAN_POINT('',(-0.450000000000002,3.6,0.45));
#4181=CARTESIAN_POINT('',(2.1,0.6,0.45));
#4182=CARTESIAN_POINT('',(2.45,0.6,0.3));
#4183=CARTESIAN_POINT('',(2.45,0.6,0.3));
#4184=CARTESIAN_POINT('',(-2.45,0.6,0.3));
#4185=CARTESIAN_POINT('',(-2.45,0.6,0.3));
#4186=CARTESIAN_POINT('',(-2.45,0.6,2.9));
#4187=CARTESIAN_POINT('',(-2.1,0.6,3.2));
#4188=CARTESIAN_POINT('',(-2.1,0.6,1.85));
#4189=CARTESIAN_POINT('',(-2.4,0.6,1.9));
#4190=CARTESIAN_POINT('',(-2.4,0.6,1.9));
#4191=CARTESIAN_POINT('',(-2.4,0.6,1.3));
#4192=CARTESIAN_POINT('',(-2.4,0.6,1.3));
#4193=CARTESIAN_POINT('',(-2.1,0.6,1.35));
#4194=CARTESIAN_POINT('',(-2.1,0.6,1.35));
#4195=CARTESIAN_POINT('',(-2.1,0.6,3.2));
#4196=CARTESIAN_POINT('',(2.1,0.6,3.2));
#4197=CARTESIAN_POINT('',(2.1,0.6,1.35));
#4198=CARTESIAN_POINT('',(2.4,0.6,1.3));
#4199=CARTESIAN_POINT('',(2.4,0.6,1.3));
#4200=CARTESIAN_POINT('',(2.4,0.6,1.9));
#4201=CARTESIAN_POINT('',(2.4,0.6,1.9));
#4202=CARTESIAN_POINT('',(2.1,0.6,1.85));
#4203=CARTESIAN_POINT('',(2.1,0.6,1.85));
#4204=CARTESIAN_POINT('',(2.1,0.6,3.2));
#4205=CARTESIAN_POINT('',(-2.45,0.6,0.3));
#4206=CARTESIAN_POINT('',(-2.1,3.7,1.35));
#4207=CARTESIAN_POINT('',(-2.1,3.7,1.35));
#4208=CARTESIAN_POINT('',(-2.1,3.7,1.85));
#4209=CARTESIAN_POINT('',(-2.1,3.7,1.85));
#4210=CARTESIAN_POINT('',(-2.1,3.7,1.85));
#4211=CARTESIAN_POINT('',(-2.1,0.,0.));
#4212=CARTESIAN_POINT('',(1.75,2.8,-1.21));
#4213=CARTESIAN_POINT('',(2.1,2.8,2.75));
#4214=CARTESIAN_POINT('',(2.1,2.8,2.75));
#4215=CARTESIAN_POINT('',(1.67500005907317,2.49999598302433,2.3500382189705));
#4216=CARTESIAN_POINT('',(1.6760046728371,2.43168224707731,3.));
#4217=CARTESIAN_POINT('',(0.825002067561005,2.50014059414836,2.34866233603239));
#4218=CARTESIAN_POINT('',(0.823995327162902,2.43168224707731,3.));
#4219=CARTESIAN_POINT('',(1.7,2.43168224707731,3.));
#4220=CARTESIAN_POINT('',(1.7,2.5,2.35));
#4221=CARTESIAN_POINT('',(1.67600986101594,2.43132945091578,3.));
#4222=CARTESIAN_POINT('',(1.68383094876631,1.89949548389093,3.));
#4223=CARTESIAN_POINT('',(0.82418473357865,2.44456188334821,3.));
#4224=CARTESIAN_POINT('',(0.81616905123369,1.89949548389093,3.));
#4225=CARTESIAN_POINT('',(1.7,1.89949548389093,3.));
#4226=CARTESIAN_POINT('',(1.7,2.43168224707731,3.));
#4227=CARTESIAN_POINT('',(1.68383403589986,1.89928555880955,3.00007640648105));
#4228=CARTESIAN_POINT('',(0.816337799797516,1.91097038623109,2.99582347710707));
#4229=CARTESIAN_POINT('',(1.7,1.89949548389093,3.));
#4230=CARTESIAN_POINT('',(1.7,0.8,3.2));
#4231=CARTESIAN_POINT('',(2.1,0.8,2.35));
#4232=CARTESIAN_POINT('',(2.1,0.8,2.35));
#4233=CARTESIAN_POINT('',(-2.75,0.6,2.9));
#4234=CARTESIAN_POINT('',(-2.75,0.3,2.9));
#4235=CARTESIAN_POINT('',(-2.75,0.,2.9));
#4236=CARTESIAN_POINT('',(-2.75,0.3,0.3));
#4237=CARTESIAN_POINT('',(-2.75,0.3,0.3));
#4238=CARTESIAN_POINT('',(-2.75,0.6,0.3));
#4239=CARTESIAN_POINT('',(-2.75,0.,0.3));
#4240=CARTESIAN_POINT('',(-2.75,0.,2.9));
#4241=CARTESIAN_POINT('',(-2.75,0.6,2.9));
#4242=CARTESIAN_POINT('',(-2.45,0.3,0.3));
#4243=CARTESIAN_POINT('',(-2.45,0.3,1.0842021724855E-16));
#4244=CARTESIAN_POINT('',(-2.45,0.6,1.0842021724855E-16));
#4245=CARTESIAN_POINT('',(-2.45,0.,1.0842021724855E-16));
#4246=CARTESIAN_POINT('',(-2.45,0.,0.3));
#4247=CARTESIAN_POINT('',(-2.45,0.6,0.3));
#4248=CARTESIAN_POINT('',(2.45,0.3,-1.62630325872826E-16));
#4249=CARTESIAN_POINT('',(2.45,0.3,-1.66533453693773E-16));
#4250=CARTESIAN_POINT('',(2.45,0.6,-1.66533453693773E-16));
#4251=CARTESIAN_POINT('',(2.45,0.,-1.66533453693773E-16));
#4252=CARTESIAN_POINT('',(-2.45,0.,-1.66533453693773E-16));
#4253=CARTESIAN_POINT('',(-2.45,0.6,-1.66533453693773E-16));
#4254=CARTESIAN_POINT('',(2.45,0.3,0.3));
#4255=CARTESIAN_POINT('',(2.75,0.3,0.3));
#4256=CARTESIAN_POINT('',(2.75,0.6,0.3));
#4257=CARTESIAN_POINT('',(2.75,0.,0.3));
#4258=CARTESIAN_POINT('',(2.45,0.,0.3));
#4259=CARTESIAN_POINT('',(2.45,0.6,0.3));
#4260=CARTESIAN_POINT('',(2.75,0.3,2.9));
#4261=CARTESIAN_POINT('',(2.75,0.3,2.9));
#4262=CARTESIAN_POINT('',(2.75,0.6,2.9));
#4263=CARTESIAN_POINT('',(2.75,0.,2.9));
#4264=CARTESIAN_POINT('',(2.75,0.,0.3));
#4265=CARTESIAN_POINT('',(2.75,0.6,0.3));
#4266=CARTESIAN_POINT('',(2.45,0.3,2.9));
#4267=CARTESIAN_POINT('',(2.45,0.,2.9));
#4268=CARTESIAN_POINT('',(2.45,0.6,2.9));
#4269=CARTESIAN_POINT('',(-2.45,0.3,2.9));
#4270=CARTESIAN_POINT('',(-2.45,0.,2.9));
#4271=CARTESIAN_POINT('',(-2.45,0.6,2.9));
#4272=CARTESIAN_POINT('',(-1.5,0.,2.40773502691896));
#4273=CARTESIAN_POINT('',(-1.80773502691896,0.,2.40773502691896));
#4274=CARTESIAN_POINT('',(-1.55773502691896,0.,2.40773502691896));
#4275=CARTESIAN_POINT('',(-1.55773502691896,0.,2.75));
#4276=CARTESIAN_POINT('',(-1.55773502691896,0.,2.80773502691896));
#4277=CARTESIAN_POINT('',(-1.,0.,2.80773502691896));
#4278=CARTESIAN_POINT('',(-0.942264973081039,0.,2.80773502691896));
#4279=CARTESIAN_POINT('',(-0.942264973081039,0.,2.35));
#4280=CARTESIAN_POINT('',(-0.942264973081039,0.,2.40773502691896));
#4281=CARTESIAN_POINT('',(-0.750000000000001,0.,2.40773502691896));
#4282=CARTESIAN_POINT('',(-0.692264973081039,0.,2.40773502691896));
#4283=CARTESIAN_POINT('',(-0.692264973081039,0.,0.899999999999998));
#4284=CARTESIAN_POINT('',(-0.692264973081039,0.,0.842264973081036));
#4285=CARTESIAN_POINT('',(-1.05,0.,0.842264973081036));
#4286=CARTESIAN_POINT('',(-0.992264973081039,0.,0.842264973081036));
#4287=CARTESIAN_POINT('',(-0.992264973081039,0.,0.749999999999998));
#4288=CARTESIAN_POINT('',(-0.992264973081039,0.,0.692264973081036));
#4289=CARTESIAN_POINT('',(-1.45,0.,0.692264973081036));
#4290=CARTESIAN_POINT('',(-1.50773502691896,0.,0.692264973081036));
#4291=CARTESIAN_POINT('',(-1.50773502691896,0.,0.899999999999998));
#4292=CARTESIAN_POINT('',(-1.50773502691896,0.,0.842264973081036));
#4293=CARTESIAN_POINT('',(-1.75,0.,0.842264973081036));
#4294=CARTESIAN_POINT('',(-1.80773502691896,0.,0.842264973081036));
#4295=CARTESIAN_POINT('',(-1.80773502691896,0.,2.35));
#4296=CARTESIAN_POINT('',(-0.250000000000001,0.,2.40773502691896));
#4297=CARTESIAN_POINT('',(-0.557735026918964,0.,2.40773502691896));
#4298=CARTESIAN_POINT('',(-0.307735026918964,0.,2.40773502691896));
#4299=CARTESIAN_POINT('',(-0.307735026918964,0.,2.75));
#4300=CARTESIAN_POINT('',(-0.307735026918964,0.,2.80773502691896));
#4301=CARTESIAN_POINT('',(0.249999999999999,0.,2.80773502691896));
#4302=CARTESIAN_POINT('',(0.307735026918961,0.,2.80773502691896));
#4303=CARTESIAN_POINT('',(0.307735026918961,0.,2.35));
#4304=CARTESIAN_POINT('',(0.307735026918961,0.,2.40773502691896));
#4305=CARTESIAN_POINT('',(0.499999999999999,0.,2.40773502691896));
#4306=CARTESIAN_POINT('',(0.557735026918961,0.,2.40773502691896));
#4307=CARTESIAN_POINT('',(0.557735026918961,0.,0.899999999999998));
#4308=CARTESIAN_POINT('',(0.557735026918961,0.,0.842264973081036));
#4309=CARTESIAN_POINT('',(0.199999999999999,0.,0.842264973081036));
#4310=CARTESIAN_POINT('',(0.257735026918961,0.,0.842264973081036));
#4311=CARTESIAN_POINT('',(0.257735026918961,0.,0.749999999999998));
#4312=CARTESIAN_POINT('',(0.257735026918961,0.,0.692264973081036));
#4313=CARTESIAN_POINT('',(-0.200000000000002,0.,0.692264973081036));
#4314=CARTESIAN_POINT('',(-0.257735026918964,0.,0.692264973081036));
#4315=CARTESIAN_POINT('',(-0.257735026918964,0.,0.899999999999998));
#4316=CARTESIAN_POINT('',(-0.257735026918964,0.,0.842264973081036));
#4317=CARTESIAN_POINT('',(-0.500000000000001,0.,0.842264973081036));
#4318=CARTESIAN_POINT('',(-0.557735026918964,0.,0.842264973081036));
#4319=CARTESIAN_POINT('',(-0.557735026918964,0.,2.35));
#4320=CARTESIAN_POINT('',(0.999999999999998,0.,2.40773502691896));
#4321=CARTESIAN_POINT('',(0.692264973081036,0.,2.40773502691896));
#4322=CARTESIAN_POINT('',(0.942264973081036,0.,2.40773502691896));
#4323=CARTESIAN_POINT('',(0.942264973081036,0.,2.75));
#4324=CARTESIAN_POINT('',(0.942264973081036,0.,2.80773502691896));
#4325=CARTESIAN_POINT('',(1.5,0.,2.80773502691896));
#4326=CARTESIAN_POINT('',(1.55773502691896,0.,2.80773502691896));
#4327=CARTESIAN_POINT('',(1.55773502691896,0.,2.35));
#4328=CARTESIAN_POINT('',(1.55773502691896,0.,2.40773502691896));
#4329=CARTESIAN_POINT('',(1.75,0.,2.40773502691896));
#4330=CARTESIAN_POINT('',(1.80773502691896,0.,2.40773502691896));
#4331=CARTESIAN_POINT('',(1.80773502691896,0.,0.899999999999998));
#4332=CARTESIAN_POINT('',(1.80773502691896,0.,0.842264973081036));
#4333=CARTESIAN_POINT('',(1.45,0.,0.842264973081036));
#4334=CARTESIAN_POINT('',(1.50773502691896,0.,0.842264973081036));
#4335=CARTESIAN_POINT('',(1.50773502691896,0.,0.749999999999998));
#4336=CARTESIAN_POINT('',(1.50773502691896,0.,0.692264973081036));
#4337=CARTESIAN_POINT('',(1.05,0.,0.692264973081036));
#4338=CARTESIAN_POINT('',(0.992264973081036,0.,0.692264973081036));
#4339=CARTESIAN_POINT('',(0.992264973081036,0.,0.899999999999998));
#4340=CARTESIAN_POINT('',(0.992264973081036,0.,0.842264973081036));
#4341=CARTESIAN_POINT('',(0.749999999999999,0.,0.842264973081036));
#4342=CARTESIAN_POINT('',(0.692264973081036,0.,0.842264973081036));
#4343=CARTESIAN_POINT('',(0.692264973081036,0.,2.35));
#4344=CARTESIAN_POINT('',(-2.45,0.,0.3));
#4345=CARTESIAN_POINT('',(0.45,0.8,3.2));
#4346=CARTESIAN_POINT('',(0.8,0.8,3.2));
#4347=CARTESIAN_POINT('',(2.1,0.8,2.35));
#4348=CARTESIAN_POINT('',(2.1,3.7,1.85));
#4349=CARTESIAN_POINT('',(2.1,3.7,1.85));
#4350=CARTESIAN_POINT('',(2.1,3.7,1.35));
#4351=CARTESIAN_POINT('',(2.1,3.7,1.35));
#4352=CARTESIAN_POINT('',(2.1,3.7,1.35));
#4353=CARTESIAN_POINT('',(2.1,0.,0.));
#4354=CARTESIAN_POINT('',(0.8,0.799999999999998,10.765));
#4355=CARTESIAN_POINT('',(1.675,2.5,10.765));
#4356=CARTESIAN_POINT('',(1.075,3.8,0.45));
#4357=CARTESIAN_POINT('',(1.075,3.8,1.75));
#4358=CARTESIAN_POINT('',(1.075,3.8,1.75));
#4359=CARTESIAN_POINT('',(1.425,3.8,1.75));
#4360=CARTESIAN_POINT('',(1.425,3.8,1.75));
#4361=CARTESIAN_POINT('',(0.,3.8,0.));
#4362=CARTESIAN_POINT('',(0.749999999999999,0.2,2.35));
#4363=CARTESIAN_POINT('',(0.749999999999999,0.1,2.35));
#4364=CARTESIAN_POINT('',(0.749999999999999,0.2,2.35));
#4365=CARTESIAN_POINT('',(0.749999999999999,0.1,0.899999999999998));
#4366=CARTESIAN_POINT('',(0.749999999999999,0.1,0.899999999999998));
#4367=CARTESIAN_POINT('',(0.749999999999999,0.2,0.899999999999998));
#4368=CARTESIAN_POINT('',(0.749999999999999,0.2,0.899999999999998));
#4369=CARTESIAN_POINT('',(0.749999999999999,0.2,2.35));
#4370=CARTESIAN_POINT('',(0.749999999999999,0.2,2.35));
#4371=CARTESIAN_POINT('',(1.05,0.1,0.899999999999998));
#4372=CARTESIAN_POINT('',(1.05,0.1,0.899999999999998));
#4373=CARTESIAN_POINT('',(1.05,0.2,0.899999999999998));
#4374=CARTESIAN_POINT('',(1.05,0.2,0.899999999999998));
#4375=CARTESIAN_POINT('',(0.749999999999999,0.2,0.899999999999998));
#4376=CARTESIAN_POINT('',(0.749999999999999,0.2,0.899999999999998));
#4377=CARTESIAN_POINT('',(1.05,0.1,0.749999999999998));
#4378=CARTESIAN_POINT('',(1.05,0.1,0.749999999999998));
#4379=CARTESIAN_POINT('',(1.05,0.2,0.749999999999998));
#4380=CARTESIAN_POINT('',(1.05,0.2,0.749999999999998));
#4381=CARTESIAN_POINT('',(1.05,0.2,0.899999999999998));
#4382=CARTESIAN_POINT('',(1.05,0.2,0.899999999999998));
#4383=CARTESIAN_POINT('',(1.45,0.1,0.749999999999998));
#4384=CARTESIAN_POINT('',(1.45,0.1,0.749999999999998));
#4385=CARTESIAN_POINT('',(1.45,0.2,0.749999999999998));
#4386=CARTESIAN_POINT('',(1.45,0.2,0.749999999999998));
#4387=CARTESIAN_POINT('',(1.05,0.2,0.749999999999998));
#4388=CARTESIAN_POINT('',(1.05,0.2,0.749999999999998));
#4389=CARTESIAN_POINT('',(1.45,0.1,0.899999999999998));
#4390=CARTESIAN_POINT('',(1.45,0.1,0.899999999999998));
#4391=CARTESIAN_POINT('',(1.45,0.2,0.899999999999998));
#4392=CARTESIAN_POINT('',(1.45,0.2,0.899999999999998));
#4393=CARTESIAN_POINT('',(1.45,0.2,0.749999999999998));
#4394=CARTESIAN_POINT('',(1.45,0.2,0.749999999999998));
#4395=CARTESIAN_POINT('',(1.75,0.1,0.899999999999998));
#4396=CARTESIAN_POINT('',(1.75,0.1,0.899999999999998));
#4397=CARTESIAN_POINT('',(1.75,0.2,0.899999999999998));
#4398=CARTESIAN_POINT('',(1.75,0.2,0.899999999999998));
#4399=CARTESIAN_POINT('',(1.45,0.2,0.899999999999998));
#4400=CARTESIAN_POINT('',(1.45,0.2,0.899999999999998));
#4401=CARTESIAN_POINT('',(1.75,0.1,2.35));
#4402=CARTESIAN_POINT('',(1.75,0.1,2.35));
#4403=CARTESIAN_POINT('',(1.75,0.2,2.35));
#4404=CARTESIAN_POINT('',(1.75,0.2,2.35));
#4405=CARTESIAN_POINT('',(1.75,0.2,0.899999999999998));
#4406=CARTESIAN_POINT('',(1.75,0.2,0.899999999999998));
#4407=CARTESIAN_POINT('',(1.5,0.1,2.35));
#4408=CARTESIAN_POINT('',(1.5,0.1,2.35));
#4409=CARTESIAN_POINT('',(1.5,0.2,2.35));
#4410=CARTESIAN_POINT('',(1.5,0.2,2.35));
#4411=CARTESIAN_POINT('',(1.75,0.2,2.35));
#4412=CARTESIAN_POINT('',(1.75,0.2,2.35));
#4413=CARTESIAN_POINT('',(1.5,0.1,2.75));
#4414=CARTESIAN_POINT('',(1.5,0.1,2.75));
#4415=CARTESIAN_POINT('',(1.5,0.2,2.75));
#4416=CARTESIAN_POINT('',(1.5,0.2,2.75));
#4417=CARTESIAN_POINT('',(1.5,0.2,2.35));
#4418=CARTESIAN_POINT('',(1.5,0.2,2.35));
#4419=CARTESIAN_POINT('',(0.999999999999999,0.1,2.75));
#4420=CARTESIAN_POINT('',(0.999999999999999,0.1,2.75));
#4421=CARTESIAN_POINT('',(0.999999999999999,0.2,2.75));
#4422=CARTESIAN_POINT('',(0.999999999999999,0.2,2.75));
#4423=CARTESIAN_POINT('',(1.5,0.2,2.75));
#4424=CARTESIAN_POINT('',(1.5,0.2,2.75));
#4425=CARTESIAN_POINT('',(0.999999999999999,0.1,2.35));
#4426=CARTESIAN_POINT('',(0.999999999999999,0.1,2.35));
#4427=CARTESIAN_POINT('',(0.999999999999999,0.2,2.35));
#4428=CARTESIAN_POINT('',(0.999999999999999,0.2,2.35));
#4429=CARTESIAN_POINT('',(0.999999999999999,0.2,2.75));
#4430=CARTESIAN_POINT('',(0.999999999999999,0.2,2.75));
#4431=CARTESIAN_POINT('',(0.749999999999999,0.1,2.35));
#4432=CARTESIAN_POINT('',(0.999999999999999,0.2,2.35));
#4433=CARTESIAN_POINT('',(0.999999999999999,0.2,2.35));
#4434=CARTESIAN_POINT('',(0.,0.2,0.));
#4435=CARTESIAN_POINT('',(1.05,3.6,-1.21));
#4436=CARTESIAN_POINT('',(1.05,3.2,-1.21));
#4437=CARTESIAN_POINT('',(1.05,3.2,-1.21));
#4438=CARTESIAN_POINT('',(1.45,3.6,-1.21));
#4439=CARTESIAN_POINT('',(1.05,3.6,-1.21));
#4440=CARTESIAN_POINT('',(1.45,3.2,-1.21));
#4441=CARTESIAN_POINT('',(1.45,3.6,-1.21));
#4442=CARTESIAN_POINT('',(1.45,3.2,-1.21));
#4443=CARTESIAN_POINT('',(0.75,2.8,-1.21));
#4444=CARTESIAN_POINT('',(1.45,0.1,0.749999999999998));
#4445=CARTESIAN_POINT('',(1.48,0.0480384757729336,0.869999999999998));
#4446=CARTESIAN_POINT('',(1.45,0.1,0.749999999999998));
#4447=CARTESIAN_POINT('',(1.75,0.1,0.899999999999998));
#4448=CARTESIAN_POINT('',(1.45,0.1,0.899999999999998));
#4449=CARTESIAN_POINT('',(1.05,0.1,0.749999999999998));
#4450=CARTESIAN_POINT('',(1.05,0.1,0.749999999999998));
#4451=CARTESIAN_POINT('',(1.75,0.1,2.35));
#4452=CARTESIAN_POINT('',(1.75,0.1,0.899999999999998));
#4453=CARTESIAN_POINT('',(0.989999999999999,-0.0039230484541324,0.839999999999998));
#4454=CARTESIAN_POINT('',(1.05,0.1,0.899999999999998));
#4455=CARTESIAN_POINT('',(1.55,0.0133974596215558,2.4));
#4456=CARTESIAN_POINT('',(1.75,0.1,2.35));
#4457=CARTESIAN_POINT('',(0.749999999999999,0.1,0.899999999999998));
#4458=CARTESIAN_POINT('',(0.749999999999999,0.1,0.899999999999998));
#4459=CARTESIAN_POINT('',(1.5,0.1,2.75));
#4460=CARTESIAN_POINT('',(1.5,0.1,2.35));
#4461=CARTESIAN_POINT('',(0.749999999999999,0.1,2.35));
#4462=CARTESIAN_POINT('',(0.749999999999999,0.1,2.35));
#4463=CARTESIAN_POINT('',(0.999999999999999,0.1,2.75));
#4464=CARTESIAN_POINT('',(1.5,0.1,2.75));
#4465=CARTESIAN_POINT('',(0.999999999999999,0.1,2.35));
#4466=CARTESIAN_POINT('',(0.999999999999999,0.1,2.35));
#4467=CARTESIAN_POINT('',(0.999999999999999,0.1,2.75));
#4468=CARTESIAN_POINT('',(1.075,3.8,1.75));
#4469=CARTESIAN_POINT('',(1.075,3.8,0.45));
#4470=CARTESIAN_POINT('',(1.425,3.8,1.75));
#4471=CARTESIAN_POINT('',(1.075,3.8,1.75));
#4472=CARTESIAN_POINT('',(1.425,3.8,1.75));
#4473=CARTESIAN_POINT('',(2.4,3.7,1.9));
#4474=CARTESIAN_POINT('',(2.4,3.18038475772934,1.9));
#4475=CARTESIAN_POINT('',(2.02344827586207,3.83259147561389,1.83724137931034));
#4476=CARTESIAN_POINT('',(2.1,3.7,1.85));
#4477=CARTESIAN_POINT('',(2.4,3.7,1.3));
#4478=CARTESIAN_POINT('',(2.4,3.18038475772934,1.3));
#4479=CARTESIAN_POINT('',(2.4,3.18038475772934,1.9));
#4480=CARTESIAN_POINT('',(2.4,3.7,1.9));
#4481=CARTESIAN_POINT('',(2.15586206896552,3.60324405833581,1.34068965517241));
#4482=CARTESIAN_POINT('',(2.4,3.7,1.3));
#4483=CARTESIAN_POINT('',(-2.4,3.7,1.9));
#4484=CARTESIAN_POINT('',(-2.4,3.18038475772934,1.9));
#4485=CARTESIAN_POINT('',(-2.4,3.18038475772934,1.3));
#4486=CARTESIAN_POINT('',(-2.4,3.18038475772934,1.3));
#4487=CARTESIAN_POINT('',(-2.4,3.7,1.3));
#4488=CARTESIAN_POINT('',(-2.4,3.7,1.3));
#4489=CARTESIAN_POINT('',(-2.02344827586207,3.83259147561389,1.83724137931035));
#4490=CARTESIAN_POINT('',(-2.4,3.7,1.9));
#4491=CARTESIAN_POINT('',(-2.15586206896552,3.60324405833581,1.34068965517241));
#4492=CARTESIAN_POINT('',(-2.1,3.7,1.35));
#4493=CARTESIAN_POINT('',(-2.1,3.7,0.));
#4494=CARTESIAN_POINT('',(2.1,3.7,0.));
#4495=CARTESIAN_POINT('',(-0.450000000000002,2.5,0.199999999999999));
#4496=CARTESIAN_POINT('',(-0.450000000000002,2.85,0.199999999999999));
#4497=CARTESIAN_POINT('',(-0.450000000000002,2.9,0.2));
#4498=CARTESIAN_POINT('',(-0.450000000000002,2.85,0.199999999999999));
#4499=CARTESIAN_POINT('',(-0.450000000000002,2.9,0.199999999999999));
#4500=CARTESIAN_POINT('',(-0.450000000000002,2.5,0.199999999999999));
#4501=CARTESIAN_POINT('',(0.450000000000001,2.85,0.199999999999999));
#4502=CARTESIAN_POINT('',(0.450000000000001,2.85,0.199999999999999));
#4503=CARTESIAN_POINT('',(0.450000000000001,3.6,0.2));
#4504=CARTESIAN_POINT('',(0.450000000000001,2.9,0.2));
#4505=CARTESIAN_POINT('',(0.450000000000001,2.9,0.2));
#4506=CARTESIAN_POINT('',(0.450000000000001,3.6,0.2));
#4507=CARTESIAN_POINT('',(-0.450000000000002,2.85,0.199999999999999));
#4508=CARTESIAN_POINT('',(0.45,2.9,0.2));
#4509=CARTESIAN_POINT('',(-1.60294684203038E-31,-3.32652939285323E-16,0.199999999999997));
#4510=CARTESIAN_POINT('',(-1.60294684203039E-31,2.85,0.199999999999999));
#4511=CARTESIAN_POINT('',(1.39741613342576E-15,2.9,0.2));
#4512=CARTESIAN_POINT('',(-2.45,0.3,0.3));
#4513=CARTESIAN_POINT('',(-2.45,0.3,2.9));
#4514=CARTESIAN_POINT('',(-2.45,0.3,0.3));
#4515=CARTESIAN_POINT('',(-2.45,0.3,0.3));
#4516=CARTESIAN_POINT('',(2.45,0.3,0.3));
#4517=CARTESIAN_POINT('',(-2.45,0.3,0.3));
#4518=CARTESIAN_POINT('',(2.45,0.3,0.3));
#4519=CARTESIAN_POINT('',(2.45,0.3,0.3));
#4520=CARTESIAN_POINT('',(2.45,0.3,0.3));
#4521=CARTESIAN_POINT('',(0.425,2.5,10.765));
#4522=CARTESIAN_POINT('',(-0.825,2.5,10.765));
#4523=CARTESIAN_POINT('',(-0.45,0.799999999999998,10.765));
#4524=CARTESIAN_POINT('',(-1.7,0.799999999999998,10.765));
#4525=CARTESIAN_POINT('',(-1.425,3.8,0.45));
#4526=CARTESIAN_POINT('',(-1.425,3.8,1.75));
#4527=CARTESIAN_POINT('',(-1.425,3.8,1.75));
#4528=CARTESIAN_POINT('',(-1.075,3.8,1.75));
#4529=CARTESIAN_POINT('',(-1.075,3.8,1.75));
#4530=CARTESIAN_POINT('',(-2.5,3.8,0.));
#4531=CARTESIAN_POINT('',(-0.175,3.8,0.45));
#4532=CARTESIAN_POINT('',(-0.175,3.8,1.75));
#4533=CARTESIAN_POINT('',(-0.175,3.8,1.75));
#4534=CARTESIAN_POINT('',(0.175,3.8,1.75));
#4535=CARTESIAN_POINT('',(0.175,3.8,1.75));
#4536=CARTESIAN_POINT('',(-1.25,3.8,0.));
#4537=CARTESIAN_POINT('',(-1.75,0.2,2.35));
#4538=CARTESIAN_POINT('',(-1.75,0.2,2.35));
#4539=CARTESIAN_POINT('',(-1.75,0.1,2.35));
#4540=CARTESIAN_POINT('',(-1.75,0.1,0.899999999999998));
#4541=CARTESIAN_POINT('',(-1.75,0.1,0.899999999999998));
#4542=CARTESIAN_POINT('',(-1.75,0.2,0.899999999999998));
#4543=CARTESIAN_POINT('',(-1.75,0.2,0.899999999999998));
#4544=CARTESIAN_POINT('',(-1.75,0.2,2.35));
#4545=CARTESIAN_POINT('',(-1.75,0.2,2.35));
#4546=CARTESIAN_POINT('',(-1.45,0.1,0.899999999999998));
#4547=CARTESIAN_POINT('',(-1.45,0.1,0.899999999999998));
#4548=CARTESIAN_POINT('',(-1.45,0.2,0.899999999999998));
#4549=CARTESIAN_POINT('',(-1.45,0.2,0.899999999999998));
#4550=CARTESIAN_POINT('',(-1.75,0.2,0.899999999999998));
#4551=CARTESIAN_POINT('',(-1.75,0.2,0.899999999999998));
#4552=CARTESIAN_POINT('',(-1.45,0.1,0.749999999999998));
#4553=CARTESIAN_POINT('',(-1.45,0.1,0.749999999999998));
#4554=CARTESIAN_POINT('',(-1.45,0.2,0.749999999999998));
#4555=CARTESIAN_POINT('',(-1.45,0.2,0.749999999999998));
#4556=CARTESIAN_POINT('',(-1.45,0.2,0.899999999999998));
#4557=CARTESIAN_POINT('',(-1.45,0.2,0.899999999999998));
#4558=CARTESIAN_POINT('',(-1.05,0.1,0.749999999999998));
#4559=CARTESIAN_POINT('',(-1.05,0.1,0.749999999999998));
#4560=CARTESIAN_POINT('',(-1.05,0.2,0.749999999999998));
#4561=CARTESIAN_POINT('',(-1.05,0.2,0.749999999999998));
#4562=CARTESIAN_POINT('',(-1.45,0.2,0.749999999999998));
#4563=CARTESIAN_POINT('',(-1.45,0.2,0.749999999999998));
#4564=CARTESIAN_POINT('',(-1.05,0.1,0.899999999999998));
#4565=CARTESIAN_POINT('',(-1.05,0.1,0.899999999999998));
#4566=CARTESIAN_POINT('',(-1.05,0.2,0.899999999999998));
#4567=CARTESIAN_POINT('',(-1.05,0.2,0.899999999999998));
#4568=CARTESIAN_POINT('',(-1.05,0.2,0.749999999999998));
#4569=CARTESIAN_POINT('',(-1.05,0.2,0.749999999999998));
#4570=CARTESIAN_POINT('',(-0.750000000000001,0.1,0.899999999999998));
#4571=CARTESIAN_POINT('',(-0.750000000000001,0.1,0.899999999999998));
#4572=CARTESIAN_POINT('',(-0.750000000000001,0.2,0.899999999999998));
#4573=CARTESIAN_POINT('',(-0.750000000000001,0.2,0.899999999999998));
#4574=CARTESIAN_POINT('',(-1.05,0.2,0.899999999999998));
#4575=CARTESIAN_POINT('',(-1.05,0.2,0.899999999999998));
#4576=CARTESIAN_POINT('',(-0.750000000000001,0.1,2.35));
#4577=CARTESIAN_POINT('',(-0.750000000000001,0.1,2.35));
#4578=CARTESIAN_POINT('',(-0.750000000000001,0.2,2.35));
#4579=CARTESIAN_POINT('',(-0.750000000000001,0.2,2.35));
#4580=CARTESIAN_POINT('',(-0.750000000000001,0.2,0.899999999999998));
#4581=CARTESIAN_POINT('',(-0.750000000000001,0.2,0.899999999999998));
#4582=CARTESIAN_POINT('',(-1.,0.1,2.35));
#4583=CARTESIAN_POINT('',(-1.,0.1,2.35));
#4584=CARTESIAN_POINT('',(-1.,0.2,2.35));
#4585=CARTESIAN_POINT('',(-1.,0.2,2.35));
#4586=CARTESIAN_POINT('',(-0.750000000000001,0.2,2.35));
#4587=CARTESIAN_POINT('',(-0.750000000000001,0.2,2.35));
#4588=CARTESIAN_POINT('',(-1.,0.1,2.75));
#4589=CARTESIAN_POINT('',(-1.,0.1,2.75));
#4590=CARTESIAN_POINT('',(-1.,0.2,2.75));
#4591=CARTESIAN_POINT('',(-1.,0.2,2.75));
#4592=CARTESIAN_POINT('',(-1.,0.2,2.35));
#4593=CARTESIAN_POINT('',(-1.,0.2,2.35));
#4594=CARTESIAN_POINT('',(-1.5,0.1,2.75));
#4595=CARTESIAN_POINT('',(-1.5,0.1,2.75));
#4596=CARTESIAN_POINT('',(-1.5,0.2,2.75));
#4597=CARTESIAN_POINT('',(-1.5,0.2,2.75));
#4598=CARTESIAN_POINT('',(-1.,0.2,2.75));
#4599=CARTESIAN_POINT('',(-1.,0.2,2.75));
#4600=CARTESIAN_POINT('',(-1.5,0.1,2.35));
#4601=CARTESIAN_POINT('',(-1.5,0.1,2.35));
#4602=CARTESIAN_POINT('',(-1.5,0.2,2.35));
#4603=CARTESIAN_POINT('',(-1.5,0.2,2.35));
#4604=CARTESIAN_POINT('',(-1.5,0.2,2.75));
#4605=CARTESIAN_POINT('',(-1.5,0.2,2.75));
#4606=CARTESIAN_POINT('',(-1.75,0.1,2.35));
#4607=CARTESIAN_POINT('',(-1.5,0.2,2.35));
#4608=CARTESIAN_POINT('',(-1.5,0.2,2.35));
#4609=CARTESIAN_POINT('',(-2.5,0.2,0.));
#4610=CARTESIAN_POINT('',(-0.500000000000001,0.2,2.35));
#4611=CARTESIAN_POINT('',(-0.500000000000001,0.2,2.35));
#4612=CARTESIAN_POINT('',(-0.500000000000001,0.1,2.35));
#4613=CARTESIAN_POINT('',(-0.500000000000001,0.1,0.899999999999998));
#4614=CARTESIAN_POINT('',(-0.500000000000001,0.1,0.899999999999998));
#4615=CARTESIAN_POINT('',(-0.500000000000001,0.2,0.899999999999998));
#4616=CARTESIAN_POINT('',(-0.500000000000001,0.2,0.899999999999998));
#4617=CARTESIAN_POINT('',(-0.500000000000001,0.2,2.35));
#4618=CARTESIAN_POINT('',(-0.500000000000001,0.2,2.35));
#4619=CARTESIAN_POINT('',(-0.200000000000002,0.1,0.899999999999998));
#4620=CARTESIAN_POINT('',(-0.200000000000002,0.1,0.899999999999998));
#4621=CARTESIAN_POINT('',(-0.200000000000002,0.2,0.899999999999998));
#4622=CARTESIAN_POINT('',(-0.200000000000002,0.2,0.899999999999998));
#4623=CARTESIAN_POINT('',(-0.500000000000001,0.2,0.899999999999998));
#4624=CARTESIAN_POINT('',(-0.500000000000001,0.2,0.899999999999998));
#4625=CARTESIAN_POINT('',(-0.200000000000002,0.1,0.749999999999998));
#4626=CARTESIAN_POINT('',(-0.200000000000002,0.1,0.749999999999998));
#4627=CARTESIAN_POINT('',(-0.200000000000002,0.2,0.749999999999998));
#4628=CARTESIAN_POINT('',(-0.200000000000002,0.2,0.749999999999998));
#4629=CARTESIAN_POINT('',(-0.200000000000002,0.2,0.899999999999998));
#4630=CARTESIAN_POINT('',(-0.200000000000002,0.2,0.899999999999998));
#4631=CARTESIAN_POINT('',(0.199999999999999,0.1,0.749999999999998));
#4632=CARTESIAN_POINT('',(0.199999999999999,0.1,0.749999999999998));
#4633=CARTESIAN_POINT('',(0.199999999999999,0.2,0.749999999999998));
#4634=CARTESIAN_POINT('',(0.199999999999999,0.2,0.749999999999998));
#4635=CARTESIAN_POINT('',(-0.200000000000002,0.2,0.749999999999998));
#4636=CARTESIAN_POINT('',(-0.200000000000002,0.2,0.749999999999998));
#4637=CARTESIAN_POINT('',(0.199999999999999,0.1,0.899999999999998));
#4638=CARTESIAN_POINT('',(0.199999999999999,0.1,0.899999999999998));
#4639=CARTESIAN_POINT('',(0.199999999999999,0.2,0.899999999999998));
#4640=CARTESIAN_POINT('',(0.199999999999999,0.2,0.899999999999998));
#4641=CARTESIAN_POINT('',(0.199999999999999,0.2,0.749999999999998));
#4642=CARTESIAN_POINT('',(0.199999999999999,0.2,0.749999999999998));
#4643=CARTESIAN_POINT('',(0.499999999999999,0.1,0.899999999999998));
#4644=CARTESIAN_POINT('',(0.499999999999999,0.1,0.899999999999998));
#4645=CARTESIAN_POINT('',(0.499999999999999,0.2,0.899999999999998));
#4646=CARTESIAN_POINT('',(0.499999999999999,0.2,0.899999999999998));
#4647=CARTESIAN_POINT('',(0.199999999999999,0.2,0.899999999999998));
#4648=CARTESIAN_POINT('',(0.199999999999999,0.2,0.899999999999998));
#4649=CARTESIAN_POINT('',(0.499999999999999,0.1,2.35));
#4650=CARTESIAN_POINT('',(0.499999999999999,0.1,2.35));
#4651=CARTESIAN_POINT('',(0.499999999999999,0.2,2.35));
#4652=CARTESIAN_POINT('',(0.499999999999999,0.2,2.35));
#4653=CARTESIAN_POINT('',(0.499999999999999,0.2,0.899999999999998));
#4654=CARTESIAN_POINT('',(0.499999999999999,0.2,0.899999999999998));
#4655=CARTESIAN_POINT('',(0.249999999999999,0.1,2.35));
#4656=CARTESIAN_POINT('',(0.249999999999999,0.1,2.35));
#4657=CARTESIAN_POINT('',(0.249999999999999,0.2,2.35));
#4658=CARTESIAN_POINT('',(0.249999999999999,0.2,2.35));
#4659=CARTESIAN_POINT('',(0.499999999999999,0.2,2.35));
#4660=CARTESIAN_POINT('',(0.499999999999999,0.2,2.35));
#4661=CARTESIAN_POINT('',(0.249999999999999,0.1,2.75));
#4662=CARTESIAN_POINT('',(0.249999999999999,0.1,2.75));
#4663=CARTESIAN_POINT('',(0.249999999999999,0.2,2.75));
#4664=CARTESIAN_POINT('',(0.249999999999999,0.2,2.75));
#4665=CARTESIAN_POINT('',(0.249999999999999,0.2,2.35));
#4666=CARTESIAN_POINT('',(0.249999999999999,0.2,2.35));
#4667=CARTESIAN_POINT('',(-0.250000000000001,0.1,2.75));
#4668=CARTESIAN_POINT('',(-0.250000000000001,0.1,2.75));
#4669=CARTESIAN_POINT('',(-0.250000000000001,0.2,2.75));
#4670=CARTESIAN_POINT('',(-0.250000000000001,0.2,2.75));
#4671=CARTESIAN_POINT('',(0.249999999999999,0.2,2.75));
#4672=CARTESIAN_POINT('',(0.249999999999999,0.2,2.75));
#4673=CARTESIAN_POINT('',(-0.250000000000001,0.1,2.35));
#4674=CARTESIAN_POINT('',(-0.250000000000001,0.1,2.35));
#4675=CARTESIAN_POINT('',(-0.250000000000001,0.2,2.35));
#4676=CARTESIAN_POINT('',(-0.250000000000001,0.2,2.35));
#4677=CARTESIAN_POINT('',(-0.250000000000001,0.2,2.75));
#4678=CARTESIAN_POINT('',(-0.250000000000001,0.2,2.75));
#4679=CARTESIAN_POINT('',(-0.500000000000001,0.1,2.35));
#4680=CARTESIAN_POINT('',(-0.250000000000001,0.2,2.35));
#4681=CARTESIAN_POINT('',(-0.250000000000001,0.2,2.35));
#4682=CARTESIAN_POINT('',(-1.25,0.2,0.));
#4683=CARTESIAN_POINT('',(-1.45,3.6,-1.21));
#4684=CARTESIAN_POINT('',(-1.45,3.2,-1.21));
#4685=CARTESIAN_POINT('',(-1.45,3.2,-1.21));
#4686=CARTESIAN_POINT('',(-1.05,3.6,-1.21));
#4687=CARTESIAN_POINT('',(-1.45,3.6,-1.21));
#4688=CARTESIAN_POINT('',(-1.05,3.2,-1.21));
#4689=CARTESIAN_POINT('',(-1.05,3.6,-1.21));
#4690=CARTESIAN_POINT('',(-1.05,3.2,-1.21));
#4691=CARTESIAN_POINT('',(-1.75,2.8,-1.21));
#4692=CARTESIAN_POINT('',(-0.2,3.6,-1.21));
#4693=CARTESIAN_POINT('',(-0.2,3.2,-1.21));
#4694=CARTESIAN_POINT('',(-0.2,3.2,-1.21));
#4695=CARTESIAN_POINT('',(0.2,3.6,-1.21));
#4696=CARTESIAN_POINT('',(-0.2,3.6,-1.21));
#4697=CARTESIAN_POINT('',(0.2,3.2,-1.21));
#4698=CARTESIAN_POINT('',(0.2,3.6,-1.21));
#4699=CARTESIAN_POINT('',(0.2,3.2,-1.21));
#4700=CARTESIAN_POINT('',(-0.5,2.8,-1.21));
#4701=CARTESIAN_POINT('',(-1.05,0.1,0.749999999999998));
#4702=CARTESIAN_POINT('',(-1.02,0.0480384757729337,0.869999999999998));
#4703=CARTESIAN_POINT('',(-1.05,0.1,0.749999999999998));
#4704=CARTESIAN_POINT('',(-0.750000000000001,0.1,0.899999999999998));
#4705=CARTESIAN_POINT('',(-1.05,0.1,0.899999999999998));
#4706=CARTESIAN_POINT('',(-1.45,0.1,0.749999999999998));
#4707=CARTESIAN_POINT('',(-1.45,0.1,0.749999999999998));
#4708=CARTESIAN_POINT('',(-0.750000000000001,0.1,2.35));
#4709=CARTESIAN_POINT('',(-0.750000000000001,0.1,0.899999999999998));
#4710=CARTESIAN_POINT('',(-1.51,-0.0039230484541324,0.839999999999998));
#4711=CARTESIAN_POINT('',(-1.45,0.1,0.899999999999998));
#4712=CARTESIAN_POINT('',(-0.950000000000001,0.0133974596215562,2.4));
#4713=CARTESIAN_POINT('',(-0.750000000000001,0.1,2.35));
#4714=CARTESIAN_POINT('',(-1.75,0.1,0.899999999999998));
#4715=CARTESIAN_POINT('',(-1.75,0.1,0.899999999999998));
#4716=CARTESIAN_POINT('',(-1.,0.1,2.75));
#4717=CARTESIAN_POINT('',(-1.,0.1,2.35));
#4718=CARTESIAN_POINT('',(-1.75,0.1,2.35));
#4719=CARTESIAN_POINT('',(-1.75,0.1,2.35));
#4720=CARTESIAN_POINT('',(-1.5,0.1,2.75));
#4721=CARTESIAN_POINT('',(-1.,0.1,2.75));
#4722=CARTESIAN_POINT('',(-1.5,0.1,2.35));
#4723=CARTESIAN_POINT('',(-1.5,0.1,2.35));
#4724=CARTESIAN_POINT('',(-1.5,0.1,2.75));
#4725=CARTESIAN_POINT('',(0.199999999999999,0.1,0.749999999999998));
#4726=CARTESIAN_POINT('',(0.229999999999999,0.0480384757729337,0.869999999999998));
#4727=CARTESIAN_POINT('',(0.199999999999999,0.1,0.749999999999998));
#4728=CARTESIAN_POINT('',(0.499999999999999,0.1,0.899999999999998));
#4729=CARTESIAN_POINT('',(0.199999999999999,0.1,0.899999999999998));
#4730=CARTESIAN_POINT('',(-0.200000000000002,0.1,0.749999999999998));
#4731=CARTESIAN_POINT('',(-0.200000000000002,0.1,0.749999999999998));
#4732=CARTESIAN_POINT('',(0.499999999999999,0.1,2.35));
#4733=CARTESIAN_POINT('',(0.499999999999999,0.1,0.899999999999998));
#4734=CARTESIAN_POINT('',(-0.260000000000002,-0.00392304845413267,0.839999999999998));
#4735=CARTESIAN_POINT('',(-0.200000000000002,0.1,0.899999999999998));
#4736=CARTESIAN_POINT('',(0.299999999999999,0.013397459621556,2.4));
#4737=CARTESIAN_POINT('',(0.499999999999999,0.1,2.35));
#4738=CARTESIAN_POINT('',(-0.500000000000001,0.1,0.899999999999998));
#4739=CARTESIAN_POINT('',(-0.500000000000001,0.1,0.899999999999998));
#4740=CARTESIAN_POINT('',(0.249999999999999,0.1,2.75));
#4741=CARTESIAN_POINT('',(0.249999999999999,0.1,2.35));
#4742=CARTESIAN_POINT('',(-0.500000000000001,0.1,2.35));
#4743=CARTESIAN_POINT('',(-0.500000000000001,0.1,2.35));
#4744=CARTESIAN_POINT('',(-0.250000000000001,0.1,2.75));
#4745=CARTESIAN_POINT('',(0.249999999999999,0.1,2.75));
#4746=CARTESIAN_POINT('',(-0.250000000000001,0.1,2.35));
#4747=CARTESIAN_POINT('',(-0.250000000000001,0.1,2.35));
#4748=CARTESIAN_POINT('',(-0.250000000000001,0.1,2.75));
#4749=CARTESIAN_POINT('',(-1.425,3.8,1.75));
#4750=CARTESIAN_POINT('',(-1.425,3.8,0.45));
#4751=CARTESIAN_POINT('',(-1.075,3.8,1.75));
#4752=CARTESIAN_POINT('',(-1.425,3.8,1.75));
#4753=CARTESIAN_POINT('',(-1.075,3.8,1.75));
#4754=CARTESIAN_POINT('',(-0.175,3.8,1.75));
#4755=CARTESIAN_POINT('',(-0.175,3.8,0.45));
#4756=CARTESIAN_POINT('',(0.175,3.8,1.75));
#4757=CARTESIAN_POINT('',(-0.175,3.8,1.75));
#4758=CARTESIAN_POINT('',(0.175,3.8,1.75));
#4759=MECHANICAL_DESIGN_GEOMETRIC_PRESENTATION_REPRESENTATION('',(#24),
#4760);
#4760=(
GEOMETRIC_REPRESENTATION_CONTEXT(3)
GLOBAL_UNCERTAINTY_ASSIGNED_CONTEXT((#4761))
GLOBAL_UNIT_ASSIGNED_CONTEXT((#4767,#4763,#4762))
REPRESENTATION_CONTEXT('510210300wbm000_01_214',
'TOP_LEVEL_ASSEMBLY_PART')
);
#4761=UNCERTAINTY_MEASURE_WITH_UNIT(LENGTH_MEASURE(2.E-5),#4767,
'DISTANCE_ACCURACY_VALUE','Maximum Tolerance applied to model');
#4762=(
NAMED_UNIT(*)
SI_UNIT($,.STERADIAN.)
SOLID_ANGLE_UNIT()
);
#4763=(
CONVERSION_BASED_UNIT('DEGREE',#4765)
NAMED_UNIT(#4764)
PLANE_ANGLE_UNIT()
);
#4764=DIMENSIONAL_EXPONENTS(0.,0.,0.,0.,0.,0.,0.);
#4765=PLANE_ANGLE_MEASURE_WITH_UNIT(PLANE_ANGLE_MEASURE(0.0174532925),#4766);
#4766=(
NAMED_UNIT(*)
PLANE_ANGLE_UNIT()
SI_UNIT($,.RADIAN.)
);
#4767=(
LENGTH_UNIT()
NAMED_UNIT(*)
SI_UNIT(.MILLI.,.METRE.)
);
ENDSEC;
END-ISO-10303-21;
