ISO-10303-21;
HEADER;
/* Generated by software containing ST-Developer
 * from STEP Tools, Inc. (www.steptools.com) 
 */
/* OPTION: using custom schema-name function */

FILE_DESCRIPTION(
/* description */ (''),
/* implementation_level */ '2;1');

FILE_NAME(
/* name */ '510210800wbm000_01_214.stp',
/* time_stamp */ '2021-11-10T14:19:00+06:00',
/* author */ (''),
/* organization */ (''),
/* preprocessor_version */ 'ST-DEVELOPER v16.7',
/* originating_system */ 'SIEMENS PLM Software NX 1919',
/* authorisation */ '');

FILE_SCHEMA (('AUTOMOTIVE_DESIGN { 1 0 10303 214 3 1 1 1 }'));
ENDSEC;

DATA;
#10=SHAPE_REPRESENTATION_RELATIONSHIP('None',
'relationship between 510210800wbm000_01-None and 510210800wbm000_01-N
one',#22,#11);
#11=ADVANCED_BREP_SHAPE_REPRESENTATION('510210800wbm000_01-None',(#32),
#11012);
#12=SHAPE_DEFINITION_REPRESENTATION(#13,#22);
#13=PRODUCT_DEFINITION_SHAPE('','',#14);
#14=PRODUCT_DEFINITION(' ','',#16,#15);
#15=PRODUCT_DEFINITION_CONTEXT('part definition',#21,'design');
#16=PRODUCT_DEFINITION_FORMATION_WITH_SPECIFIED_SOURCE(' ',' ',#18,
 .NOT_KNOWN.);
#17=PRODUCT_RELATED_PRODUCT_CATEGORY('part','',(#18));
#18=PRODUCT('510210800wbm000_01','510210800wbm000_01',' ',(#19));
#19=PRODUCT_CONTEXT(' ',#21,'mechanical');
#20=APPLICATION_PROTOCOL_DEFINITION('international standard',
'automotive_design',2010,#21);
#21=APPLICATION_CONTEXT(
'core data for automotive mechanical design processes');
#22=SHAPE_REPRESENTATION('510210800wbm000_01-None',(#6963),#11012);
#23=PRESENTATION_LAYER_ASSIGNMENT('1','Layer 1',(#32));
#24=STYLED_ITEM('',(#25),#32);
#25=PRESENTATION_STYLE_ASSIGNMENT((#26));
#26=SURFACE_STYLE_USAGE(.BOTH.,#27);
#27=SURFACE_SIDE_STYLE('',(#28));
#28=SURFACE_STYLE_FILL_AREA(#29);
#29=FILL_AREA_STYLE('',(#30));
#30=FILL_AREA_STYLE_COLOUR('',#31);
#31=COLOUR_RGB('Medium Steel',0.596063172350652,0.666666666666667,0.686259250782025);
#32=MANIFOLD_SOLID_BREP('',#33);
#33=CLOSED_SHELL('',(#422,#423,#424,#425,#426,#427,#428,#429,#430,#431,
#432,#433,#434,#435,#436,#437,#438,#439,#440,#441,#442,#443,#444,#445,#446,
#447,#448,#449,#450,#451,#452,#453,#454,#455,#456,#457,#458,#459,#460,#461,
#462,#463,#464,#465,#466,#467,#468,#469,#470,#471,#472,#473,#474,#475,#476,
#477,#478,#479,#480,#481,#482,#483,#484,#485,#486,#487,#488,#489,#490,#491,
#492,#493,#494,#495,#496,#497,#498,#499,#500,#501,#502,#503,#504,#505,#506,
#507,#508,#509,#510,#511,#512,#513,#514,#515,#516,#517,#518,#519,#520,#521,
#522,#523,#524,#525,#526,#527,#528,#529,#530,#531,#532,#533,#534,#535,#536,
#537,#538,#539,#540,#541,#542,#543,#544,#545,#546,#547,#548,#549,#550,#551,
#552,#553,#554,#555,#556,#557,#558,#559,#560,#561,#562,#563,#564,#565,#566,
#567,#568,#569,#570,#571,#572,#573,#574,#575,#576,#577,#578,#579,#580,#581,
#582,#583,#584,#585,#586,#587,#588,#589,#590,#591,#592,#593,#594,#595,#596,
#597,#598,#599,#600,#601,#602,#603,#604,#605,#606,#607,#608,#609,#610,#611,
#612,#613,#614,#615,#616,#617,#618,#619,#620,#621,#622,#623,#624,#625,#626,
#627,#628,#629,#630,#631,#632,#633,#634,#635,#636,#637,#638,#639,#640,#641,
#642,#643,#644,#645,#646,#647,#648,#649,#650,#651,#652,#653,#654,#655,#656,
#657,#658,#659,#660,#661,#662,#663,#664,#665,#666,#667,#668,#669,#670,#671,
#672,#673,#674,#675,#676,#677,#678,#679,#680,#681,#682,#683,#684,#685,#686,
#687,#688,#689,#690,#691,#692,#693,#694,#695,#696,#697,#698,#699,#700,#701,
#702,#703,#704,#705,#706,#707,#708,#709,#710,#711,#712,#713,#714,#715,#716,
#717,#718,#719,#720,#721,#722,#723,#724,#725,#726,#727,#728,#729,#730,#731,
#732,#733,#734,#735,#736,#737,#738,#739,#740,#741,#742,#743,#744,#745,#746,
#747,#748,#749,#750,#751,#752,#753,#754,#755,#756,#757,#758,#759,#760,#761,
#762,#763,#764,#765,#766,#767,#768,#769,#770,#771,#772,#773,#774,#775,#776,
#777,#778,#779,#780,#781,#782,#783,#784,#785,#786,#787,#788,#789,#790));
#34=SPHERICAL_SURFACE('',#7082,0.3);
#35=SPHERICAL_SURFACE('',#7086,0.3);
#36=ELLIPSE('',#7021,0.424264068711928,0.3);
#37=ELLIPSE('',#7024,0.424264068711929,0.3);
#38=CYLINDRICAL_SURFACE('',#7015,0.3);
#39=CYLINDRICAL_SURFACE('',#7019,0.300000000000001);
#40=CYLINDRICAL_SURFACE('',#7023,0.3);
#41=CYLINDRICAL_SURFACE('',#7026,0.3);
#42=CYLINDRICAL_SURFACE('',#7080,0.3);
#43=CYLINDRICAL_SURFACE('',#7084,0.3);
#44=CYLINDRICAL_SURFACE('',#7087,0.3);
#45=CIRCLE('',#7013,0.3);
#46=CIRCLE('',#7014,0.3);
#47=CIRCLE('',#7017,0.300000000000001);
#48=CIRCLE('',#7018,0.300000000000001);
#49=CIRCLE('',#7022,0.3);
#50=CIRCLE('',#7025,0.3);
#51=CIRCLE('',#7079,0.3);
#52=CIRCLE('',#7081,0.3);
#53=CIRCLE('',#7083,0.3);
#54=CIRCLE('',#7085,0.3);
#55=FACE_OUTER_BOUND('',#1166,.T.);
#56=FACE_OUTER_BOUND('',#1167,.T.);
#57=FACE_OUTER_BOUND('',#1168,.T.);
#58=FACE_OUTER_BOUND('',#1169,.T.);
#59=FACE_OUTER_BOUND('',#1170,.T.);
#60=FACE_OUTER_BOUND('',#1171,.T.);
#61=FACE_OUTER_BOUND('',#1172,.T.);
#62=FACE_OUTER_BOUND('',#1173,.T.);
#63=FACE_OUTER_BOUND('',#1174,.T.);
#64=FACE_OUTER_BOUND('',#1175,.T.);
#65=FACE_OUTER_BOUND('',#1176,.T.);
#66=FACE_OUTER_BOUND('',#1177,.T.);
#67=FACE_OUTER_BOUND('',#1178,.T.);
#68=FACE_OUTER_BOUND('',#1179,.T.);
#69=FACE_OUTER_BOUND('',#1180,.T.);
#70=FACE_OUTER_BOUND('',#1181,.T.);
#71=FACE_OUTER_BOUND('',#1182,.T.);
#72=FACE_OUTER_BOUND('',#1183,.T.);
#73=FACE_OUTER_BOUND('',#1184,.T.);
#74=FACE_OUTER_BOUND('',#1185,.T.);
#75=FACE_OUTER_BOUND('',#1186,.T.);
#76=FACE_OUTER_BOUND('',#1187,.T.);
#77=FACE_OUTER_BOUND('',#1188,.T.);
#78=FACE_OUTER_BOUND('',#1189,.T.);
#79=FACE_OUTER_BOUND('',#1190,.T.);
#80=FACE_OUTER_BOUND('',#1191,.T.);
#81=FACE_OUTER_BOUND('',#1192,.T.);
#82=FACE_OUTER_BOUND('',#1193,.T.);
#83=FACE_OUTER_BOUND('',#1194,.T.);
#84=FACE_OUTER_BOUND('',#1195,.T.);
#85=FACE_OUTER_BOUND('',#1196,.T.);
#86=FACE_OUTER_BOUND('',#1197,.T.);
#87=FACE_OUTER_BOUND('',#1198,.T.);
#88=FACE_OUTER_BOUND('',#1199,.T.);
#89=FACE_OUTER_BOUND('',#1200,.T.);
#90=FACE_OUTER_BOUND('',#1201,.T.);
#91=FACE_OUTER_BOUND('',#1202,.T.);
#92=FACE_OUTER_BOUND('',#1203,.T.);
#93=FACE_OUTER_BOUND('',#1204,.T.);
#94=FACE_OUTER_BOUND('',#1205,.T.);
#95=FACE_OUTER_BOUND('',#1206,.T.);
#96=FACE_OUTER_BOUND('',#1207,.T.);
#97=FACE_OUTER_BOUND('',#1208,.T.);
#98=FACE_OUTER_BOUND('',#1209,.T.);
#99=FACE_OUTER_BOUND('',#1210,.T.);
#100=FACE_OUTER_BOUND('',#1211,.T.);
#101=FACE_OUTER_BOUND('',#1212,.T.);
#102=FACE_OUTER_BOUND('',#1213,.T.);
#103=FACE_OUTER_BOUND('',#1214,.T.);
#104=FACE_OUTER_BOUND('',#1215,.T.);
#105=FACE_OUTER_BOUND('',#1216,.T.);
#106=FACE_OUTER_BOUND('',#1217,.T.);
#107=FACE_OUTER_BOUND('',#1218,.T.);
#108=FACE_OUTER_BOUND('',#1219,.T.);
#109=FACE_OUTER_BOUND('',#1229,.T.);
#110=FACE_OUTER_BOUND('',#1230,.T.);
#111=FACE_OUTER_BOUND('',#1231,.T.);
#112=FACE_OUTER_BOUND('',#1232,.T.);
#113=FACE_OUTER_BOUND('',#1233,.T.);
#114=FACE_OUTER_BOUND('',#1234,.T.);
#115=FACE_OUTER_BOUND('',#1235,.T.);
#116=FACE_OUTER_BOUND('',#1236,.T.);
#117=FACE_OUTER_BOUND('',#1237,.T.);
#118=FACE_OUTER_BOUND('',#1238,.T.);
#119=FACE_OUTER_BOUND('',#1239,.T.);
#120=FACE_OUTER_BOUND('',#1240,.T.);
#121=FACE_OUTER_BOUND('',#1241,.T.);
#122=FACE_OUTER_BOUND('',#1242,.T.);
#123=FACE_OUTER_BOUND('',#1243,.T.);
#124=FACE_OUTER_BOUND('',#1244,.T.);
#125=FACE_OUTER_BOUND('',#1245,.T.);
#126=FACE_OUTER_BOUND('',#1246,.T.);
#127=FACE_OUTER_BOUND('',#1247,.T.);
#128=FACE_OUTER_BOUND('',#1248,.T.);
#129=FACE_OUTER_BOUND('',#1249,.T.);
#130=FACE_OUTER_BOUND('',#1250,.T.);
#131=FACE_OUTER_BOUND('',#1251,.T.);
#132=FACE_OUTER_BOUND('',#1252,.T.);
#133=FACE_OUTER_BOUND('',#1253,.T.);
#134=FACE_OUTER_BOUND('',#1254,.T.);
#135=FACE_OUTER_BOUND('',#1255,.T.);
#136=FACE_OUTER_BOUND('',#1256,.T.);
#137=FACE_OUTER_BOUND('',#1257,.T.);
#138=FACE_OUTER_BOUND('',#1258,.T.);
#139=FACE_OUTER_BOUND('',#1259,.T.);
#140=FACE_OUTER_BOUND('',#1260,.T.);
#141=FACE_OUTER_BOUND('',#1261,.T.);
#142=FACE_OUTER_BOUND('',#1262,.T.);
#143=FACE_OUTER_BOUND('',#1263,.T.);
#144=FACE_OUTER_BOUND('',#1264,.T.);
#145=FACE_OUTER_BOUND('',#1265,.T.);
#146=FACE_OUTER_BOUND('',#1266,.T.);
#147=FACE_OUTER_BOUND('',#1267,.T.);
#148=FACE_OUTER_BOUND('',#1268,.T.);
#149=FACE_OUTER_BOUND('',#1269,.T.);
#150=FACE_OUTER_BOUND('',#1270,.T.);
#151=FACE_OUTER_BOUND('',#1271,.T.);
#152=FACE_OUTER_BOUND('',#1272,.T.);
#153=FACE_OUTER_BOUND('',#1273,.T.);
#154=FACE_OUTER_BOUND('',#1274,.T.);
#155=FACE_OUTER_BOUND('',#1275,.T.);
#156=FACE_OUTER_BOUND('',#1276,.T.);
#157=FACE_OUTER_BOUND('',#1277,.T.);
#158=FACE_OUTER_BOUND('',#1278,.T.);
#159=FACE_OUTER_BOUND('',#1279,.T.);
#160=FACE_OUTER_BOUND('',#1280,.T.);
#161=FACE_OUTER_BOUND('',#1281,.T.);
#162=FACE_OUTER_BOUND('',#1282,.T.);
#163=FACE_OUTER_BOUND('',#1283,.T.);
#164=FACE_OUTER_BOUND('',#1284,.T.);
#165=FACE_OUTER_BOUND('',#1285,.T.);
#166=FACE_OUTER_BOUND('',#1286,.T.);
#167=FACE_OUTER_BOUND('',#1287,.T.);
#168=FACE_OUTER_BOUND('',#1288,.T.);
#169=FACE_OUTER_BOUND('',#1289,.T.);
#170=FACE_OUTER_BOUND('',#1290,.T.);
#171=FACE_OUTER_BOUND('',#1291,.T.);
#172=FACE_OUTER_BOUND('',#1292,.T.);
#173=FACE_OUTER_BOUND('',#1293,.T.);
#174=FACE_OUTER_BOUND('',#1294,.T.);
#175=FACE_OUTER_BOUND('',#1295,.T.);
#176=FACE_OUTER_BOUND('',#1296,.T.);
#177=FACE_OUTER_BOUND('',#1297,.T.);
#178=FACE_OUTER_BOUND('',#1298,.T.);
#179=FACE_OUTER_BOUND('',#1299,.T.);
#180=FACE_OUTER_BOUND('',#1300,.T.);
#181=FACE_OUTER_BOUND('',#1301,.T.);
#182=FACE_OUTER_BOUND('',#1302,.T.);
#183=FACE_OUTER_BOUND('',#1303,.T.);
#184=FACE_OUTER_BOUND('',#1304,.T.);
#185=FACE_OUTER_BOUND('',#1305,.T.);
#186=FACE_OUTER_BOUND('',#1306,.T.);
#187=FACE_OUTER_BOUND('',#1307,.T.);
#188=FACE_OUTER_BOUND('',#1308,.T.);
#189=FACE_OUTER_BOUND('',#1309,.T.);
#190=FACE_OUTER_BOUND('',#1310,.T.);
#191=FACE_OUTER_BOUND('',#1311,.T.);
#192=FACE_OUTER_BOUND('',#1312,.T.);
#193=FACE_OUTER_BOUND('',#1313,.T.);
#194=FACE_OUTER_BOUND('',#1314,.T.);
#195=FACE_OUTER_BOUND('',#1315,.T.);
#196=FACE_OUTER_BOUND('',#1316,.T.);
#197=FACE_OUTER_BOUND('',#1317,.T.);
#198=FACE_OUTER_BOUND('',#1318,.T.);
#199=FACE_OUTER_BOUND('',#1319,.T.);
#200=FACE_OUTER_BOUND('',#1320,.T.);
#201=FACE_OUTER_BOUND('',#1321,.T.);
#202=FACE_OUTER_BOUND('',#1322,.T.);
#203=FACE_OUTER_BOUND('',#1323,.T.);
#204=FACE_OUTER_BOUND('',#1324,.T.);
#205=FACE_OUTER_BOUND('',#1325,.T.);
#206=FACE_OUTER_BOUND('',#1326,.T.);
#207=FACE_OUTER_BOUND('',#1327,.T.);
#208=FACE_OUTER_BOUND('',#1328,.T.);
#209=FACE_OUTER_BOUND('',#1329,.T.);
#210=FACE_OUTER_BOUND('',#1330,.T.);
#211=FACE_OUTER_BOUND('',#1331,.T.);
#212=FACE_OUTER_BOUND('',#1332,.T.);
#213=FACE_OUTER_BOUND('',#1333,.T.);
#214=FACE_OUTER_BOUND('',#1334,.T.);
#215=FACE_OUTER_BOUND('',#1335,.T.);
#216=FACE_OUTER_BOUND('',#1336,.T.);
#217=FACE_OUTER_BOUND('',#1337,.T.);
#218=FACE_OUTER_BOUND('',#1338,.T.);
#219=FACE_OUTER_BOUND('',#1339,.T.);
#220=FACE_OUTER_BOUND('',#1340,.T.);
#221=FACE_OUTER_BOUND('',#1341,.T.);
#222=FACE_OUTER_BOUND('',#1342,.T.);
#223=FACE_OUTER_BOUND('',#1343,.T.);
#224=FACE_OUTER_BOUND('',#1344,.T.);
#225=FACE_OUTER_BOUND('',#1345,.T.);
#226=FACE_OUTER_BOUND('',#1346,.T.);
#227=FACE_OUTER_BOUND('',#1347,.T.);
#228=FACE_OUTER_BOUND('',#1348,.T.);
#229=FACE_OUTER_BOUND('',#1349,.T.);
#230=FACE_OUTER_BOUND('',#1350,.T.);
#231=FACE_OUTER_BOUND('',#1351,.T.);
#232=FACE_OUTER_BOUND('',#1352,.T.);
#233=FACE_OUTER_BOUND('',#1353,.T.);
#234=FACE_OUTER_BOUND('',#1354,.T.);
#235=FACE_OUTER_BOUND('',#1355,.T.);
#236=FACE_OUTER_BOUND('',#1356,.T.);
#237=FACE_OUTER_BOUND('',#1357,.T.);
#238=FACE_OUTER_BOUND('',#1358,.T.);
#239=FACE_OUTER_BOUND('',#1359,.T.);
#240=FACE_OUTER_BOUND('',#1360,.T.);
#241=FACE_OUTER_BOUND('',#1361,.T.);
#242=FACE_OUTER_BOUND('',#1362,.T.);
#243=FACE_OUTER_BOUND('',#1363,.T.);
#244=FACE_OUTER_BOUND('',#1364,.T.);
#245=FACE_OUTER_BOUND('',#1365,.T.);
#246=FACE_OUTER_BOUND('',#1366,.T.);
#247=FACE_OUTER_BOUND('',#1367,.T.);
#248=FACE_OUTER_BOUND('',#1368,.T.);
#249=FACE_OUTER_BOUND('',#1369,.T.);
#250=FACE_OUTER_BOUND('',#1370,.T.);
#251=FACE_OUTER_BOUND('',#1371,.T.);
#252=FACE_OUTER_BOUND('',#1372,.T.);
#253=FACE_OUTER_BOUND('',#1373,.T.);
#254=FACE_OUTER_BOUND('',#1374,.T.);
#255=FACE_OUTER_BOUND('',#1375,.T.);
#256=FACE_OUTER_BOUND('',#1376,.T.);
#257=FACE_OUTER_BOUND('',#1377,.T.);
#258=FACE_OUTER_BOUND('',#1378,.T.);
#259=FACE_OUTER_BOUND('',#1379,.T.);
#260=FACE_OUTER_BOUND('',#1380,.T.);
#261=FACE_OUTER_BOUND('',#1381,.T.);
#262=FACE_OUTER_BOUND('',#1382,.T.);
#263=FACE_OUTER_BOUND('',#1383,.T.);
#264=FACE_OUTER_BOUND('',#1384,.T.);
#265=FACE_OUTER_BOUND('',#1385,.T.);
#266=FACE_OUTER_BOUND('',#1386,.T.);
#267=FACE_OUTER_BOUND('',#1387,.T.);
#268=FACE_OUTER_BOUND('',#1388,.T.);
#269=FACE_OUTER_BOUND('',#1389,.T.);
#270=FACE_OUTER_BOUND('',#1390,.T.);
#271=FACE_OUTER_BOUND('',#1391,.T.);
#272=FACE_OUTER_BOUND('',#1392,.T.);
#273=FACE_OUTER_BOUND('',#1393,.T.);
#274=FACE_OUTER_BOUND('',#1394,.T.);
#275=FACE_OUTER_BOUND('',#1395,.T.);
#276=FACE_OUTER_BOUND('',#1396,.T.);
#277=FACE_OUTER_BOUND('',#1397,.T.);
#278=FACE_OUTER_BOUND('',#1398,.T.);
#279=FACE_OUTER_BOUND('',#1399,.T.);
#280=FACE_OUTER_BOUND('',#1400,.T.);
#281=FACE_OUTER_BOUND('',#1401,.T.);
#282=FACE_OUTER_BOUND('',#1402,.T.);
#283=FACE_OUTER_BOUND('',#1403,.T.);
#284=FACE_OUTER_BOUND('',#1404,.T.);
#285=FACE_OUTER_BOUND('',#1405,.T.);
#286=FACE_OUTER_BOUND('',#1406,.T.);
#287=FACE_OUTER_BOUND('',#1407,.T.);
#288=FACE_OUTER_BOUND('',#1408,.T.);
#289=FACE_OUTER_BOUND('',#1409,.T.);
#290=FACE_OUTER_BOUND('',#1410,.T.);
#291=FACE_OUTER_BOUND('',#1411,.T.);
#292=FACE_OUTER_BOUND('',#1412,.T.);
#293=FACE_OUTER_BOUND('',#1413,.T.);
#294=FACE_OUTER_BOUND('',#1414,.T.);
#295=FACE_OUTER_BOUND('',#1415,.T.);
#296=FACE_OUTER_BOUND('',#1416,.T.);
#297=FACE_OUTER_BOUND('',#1417,.T.);
#298=FACE_OUTER_BOUND('',#1418,.T.);
#299=FACE_OUTER_BOUND('',#1419,.T.);
#300=FACE_OUTER_BOUND('',#1420,.T.);
#301=FACE_OUTER_BOUND('',#1421,.T.);
#302=FACE_OUTER_BOUND('',#1422,.T.);
#303=FACE_OUTER_BOUND('',#1423,.T.);
#304=FACE_OUTER_BOUND('',#1424,.T.);
#305=FACE_OUTER_BOUND('',#1425,.T.);
#306=FACE_OUTER_BOUND('',#1426,.T.);
#307=FACE_OUTER_BOUND('',#1427,.T.);
#308=FACE_OUTER_BOUND('',#1428,.T.);
#309=FACE_OUTER_BOUND('',#1429,.T.);
#310=FACE_OUTER_BOUND('',#1430,.T.);
#311=FACE_OUTER_BOUND('',#1431,.T.);
#312=FACE_OUTER_BOUND('',#1432,.T.);
#313=FACE_OUTER_BOUND('',#1433,.T.);
#314=FACE_OUTER_BOUND('',#1434,.T.);
#315=FACE_OUTER_BOUND('',#1435,.T.);
#316=FACE_OUTER_BOUND('',#1436,.T.);
#317=FACE_OUTER_BOUND('',#1437,.T.);
#318=FACE_OUTER_BOUND('',#1438,.T.);
#319=FACE_OUTER_BOUND('',#1439,.T.);
#320=FACE_OUTER_BOUND('',#1440,.T.);
#321=FACE_OUTER_BOUND('',#1441,.T.);
#322=FACE_OUTER_BOUND('',#1442,.T.);
#323=FACE_OUTER_BOUND('',#1443,.T.);
#324=FACE_OUTER_BOUND('',#1444,.T.);
#325=FACE_OUTER_BOUND('',#1445,.T.);
#326=FACE_OUTER_BOUND('',#1446,.T.);
#327=FACE_OUTER_BOUND('',#1447,.T.);
#328=FACE_OUTER_BOUND('',#1448,.T.);
#329=FACE_OUTER_BOUND('',#1449,.T.);
#330=FACE_OUTER_BOUND('',#1450,.T.);
#331=FACE_OUTER_BOUND('',#1451,.T.);
#332=FACE_OUTER_BOUND('',#1452,.T.);
#333=FACE_OUTER_BOUND('',#1453,.T.);
#334=FACE_OUTER_BOUND('',#1454,.T.);
#335=FACE_OUTER_BOUND('',#1455,.T.);
#336=FACE_OUTER_BOUND('',#1456,.T.);
#337=FACE_OUTER_BOUND('',#1457,.T.);
#338=FACE_OUTER_BOUND('',#1458,.T.);
#339=FACE_OUTER_BOUND('',#1459,.T.);
#340=FACE_OUTER_BOUND('',#1460,.T.);
#341=FACE_OUTER_BOUND('',#1461,.T.);
#342=FACE_OUTER_BOUND('',#1462,.T.);
#343=FACE_OUTER_BOUND('',#1463,.T.);
#344=FACE_OUTER_BOUND('',#1464,.T.);
#345=FACE_OUTER_BOUND('',#1465,.T.);
#346=FACE_OUTER_BOUND('',#1466,.T.);
#347=FACE_OUTER_BOUND('',#1467,.T.);
#348=FACE_OUTER_BOUND('',#1468,.T.);
#349=FACE_OUTER_BOUND('',#1469,.T.);
#350=FACE_OUTER_BOUND('',#1470,.T.);
#351=FACE_OUTER_BOUND('',#1471,.T.);
#352=FACE_OUTER_BOUND('',#1472,.T.);
#353=FACE_OUTER_BOUND('',#1473,.T.);
#354=FACE_OUTER_BOUND('',#1474,.T.);
#355=FACE_OUTER_BOUND('',#1475,.T.);
#356=FACE_OUTER_BOUND('',#1476,.T.);
#357=FACE_OUTER_BOUND('',#1477,.T.);
#358=FACE_OUTER_BOUND('',#1478,.T.);
#359=FACE_OUTER_BOUND('',#1479,.T.);
#360=FACE_OUTER_BOUND('',#1480,.T.);
#361=FACE_OUTER_BOUND('',#1481,.T.);
#362=FACE_OUTER_BOUND('',#1482,.T.);
#363=FACE_OUTER_BOUND('',#1483,.T.);
#364=FACE_OUTER_BOUND('',#1484,.T.);
#365=FACE_OUTER_BOUND('',#1485,.T.);
#366=FACE_OUTER_BOUND('',#1486,.T.);
#367=FACE_OUTER_BOUND('',#1487,.T.);
#368=FACE_OUTER_BOUND('',#1488,.T.);
#369=FACE_OUTER_BOUND('',#1489,.T.);
#370=FACE_OUTER_BOUND('',#1490,.T.);
#371=FACE_OUTER_BOUND('',#1491,.T.);
#372=FACE_OUTER_BOUND('',#1492,.T.);
#373=FACE_OUTER_BOUND('',#1493,.T.);
#374=FACE_OUTER_BOUND('',#1494,.T.);
#375=FACE_OUTER_BOUND('',#1495,.T.);
#376=FACE_OUTER_BOUND('',#1496,.T.);
#377=FACE_OUTER_BOUND('',#1497,.T.);
#378=FACE_OUTER_BOUND('',#1498,.T.);
#379=FACE_OUTER_BOUND('',#1499,.T.);
#380=FACE_OUTER_BOUND('',#1500,.T.);
#381=FACE_OUTER_BOUND('',#1501,.T.);
#382=FACE_OUTER_BOUND('',#1502,.T.);
#383=FACE_OUTER_BOUND('',#1503,.T.);
#384=FACE_OUTER_BOUND('',#1504,.T.);
#385=FACE_OUTER_BOUND('',#1505,.T.);
#386=FACE_OUTER_BOUND('',#1506,.T.);
#387=FACE_OUTER_BOUND('',#1507,.T.);
#388=FACE_OUTER_BOUND('',#1508,.T.);
#389=FACE_OUTER_BOUND('',#1509,.T.);
#390=FACE_OUTER_BOUND('',#1510,.T.);
#391=FACE_OUTER_BOUND('',#1511,.T.);
#392=FACE_OUTER_BOUND('',#1512,.T.);
#393=FACE_OUTER_BOUND('',#1513,.T.);
#394=FACE_OUTER_BOUND('',#1514,.T.);
#395=FACE_OUTER_BOUND('',#1515,.T.);
#396=FACE_OUTER_BOUND('',#1516,.T.);
#397=FACE_OUTER_BOUND('',#1517,.T.);
#398=FACE_OUTER_BOUND('',#1518,.T.);
#399=FACE_OUTER_BOUND('',#1519,.T.);
#400=FACE_OUTER_BOUND('',#1520,.T.);
#401=FACE_OUTER_BOUND('',#1521,.T.);
#402=FACE_OUTER_BOUND('',#1522,.T.);
#403=FACE_OUTER_BOUND('',#1523,.T.);
#404=FACE_OUTER_BOUND('',#1524,.T.);
#405=FACE_OUTER_BOUND('',#1525,.T.);
#406=FACE_OUTER_BOUND('',#1526,.T.);
#407=FACE_OUTER_BOUND('',#1527,.T.);
#408=FACE_OUTER_BOUND('',#1528,.T.);
#409=FACE_OUTER_BOUND('',#1529,.T.);
#410=FACE_OUTER_BOUND('',#1530,.T.);
#411=FACE_OUTER_BOUND('',#1531,.T.);
#412=FACE_OUTER_BOUND('',#1532,.T.);
#413=FACE_OUTER_BOUND('',#1533,.T.);
#414=FACE_OUTER_BOUND('',#1534,.T.);
#415=FACE_OUTER_BOUND('',#1535,.T.);
#416=FACE_OUTER_BOUND('',#1536,.T.);
#417=FACE_OUTER_BOUND('',#1537,.T.);
#418=FACE_OUTER_BOUND('',#1538,.T.);
#419=FACE_OUTER_BOUND('',#1539,.T.);
#420=FACE_OUTER_BOUND('',#1540,.T.);
#421=FACE_OUTER_BOUND('',#1541,.T.);
#422=ADVANCED_FACE('',(#1151,#1152,#1153),#791,.F.);
#423=ADVANCED_FACE('',(#55),#792,.F.);
#424=ADVANCED_FACE('',(#56),#793,.F.);
#425=ADVANCED_FACE('',(#57),#794,.F.);
#426=ADVANCED_FACE('',(#58),#795,.F.);
#427=ADVANCED_FACE('',(#59),#796,.F.);
#428=ADVANCED_FACE('',(#60),#797,.F.);
#429=ADVANCED_FACE('',(#61),#798,.F.);
#430=ADVANCED_FACE('',(#62),#799,.F.);
#431=ADVANCED_FACE('',(#63),#800,.F.);
#432=ADVANCED_FACE('',(#64),#801,.F.);
#433=ADVANCED_FACE('',(#65),#802,.T.);
#434=ADVANCED_FACE('',(#66),#803,.F.);
#435=ADVANCED_FACE('',(#67),#804,.F.);
#436=ADVANCED_FACE('',(#68),#805,.F.);
#437=ADVANCED_FACE('',(#69),#806,.F.);
#438=ADVANCED_FACE('',(#70),#807,.F.);
#439=ADVANCED_FACE('',(#71),#808,.F.);
#440=ADVANCED_FACE('',(#72),#809,.F.);
#441=ADVANCED_FACE('',(#73),#810,.F.);
#442=ADVANCED_FACE('',(#74),#811,.F.);
#443=ADVANCED_FACE('',(#75),#812,.F.);
#444=ADVANCED_FACE('',(#76),#813,.F.);
#445=ADVANCED_FACE('',(#77),#814,.F.);
#446=ADVANCED_FACE('',(#78),#815,.F.);
#447=ADVANCED_FACE('',(#79),#816,.F.);
#448=ADVANCED_FACE('',(#80),#817,.F.);
#449=ADVANCED_FACE('',(#81),#818,.F.);
#450=ADVANCED_FACE('',(#82),#819,.F.);
#451=ADVANCED_FACE('',(#83),#820,.F.);
#452=ADVANCED_FACE('',(#84),#821,.F.);
#453=ADVANCED_FACE('',(#85),#822,.F.);
#454=ADVANCED_FACE('',(#86),#823,.F.);
#455=ADVANCED_FACE('',(#87),#824,.F.);
#456=ADVANCED_FACE('',(#88),#825,.F.);
#457=ADVANCED_FACE('',(#89),#826,.F.);
#458=ADVANCED_FACE('',(#90),#827,.F.);
#459=ADVANCED_FACE('',(#91),#828,.F.);
#460=ADVANCED_FACE('',(#92),#829,.F.);
#461=ADVANCED_FACE('',(#93),#830,.F.);
#462=ADVANCED_FACE('',(#94),#831,.F.);
#463=ADVANCED_FACE('',(#95),#832,.F.);
#464=ADVANCED_FACE('',(#96),#833,.F.);
#465=ADVANCED_FACE('',(#97),#834,.F.);
#466=ADVANCED_FACE('',(#98),#835,.F.);
#467=ADVANCED_FACE('',(#99),#836,.F.);
#468=ADVANCED_FACE('',(#100),#837,.F.);
#469=ADVANCED_FACE('',(#101),#838,.F.);
#470=ADVANCED_FACE('',(#102),#839,.T.);
#471=ADVANCED_FACE('',(#103),#38,.T.);
#472=ADVANCED_FACE('',(#104),#840,.T.);
#473=ADVANCED_FACE('',(#105),#39,.T.);
#474=ADVANCED_FACE('',(#106),#841,.T.);
#475=ADVANCED_FACE('',(#107),#40,.T.);
#476=ADVANCED_FACE('',(#108),#41,.T.);
#477=ADVANCED_FACE('',(#1154,#1155,#1156,#1157,#1158,#1159,#1160,#1161,
#1162),#842,.T.);
#478=ADVANCED_FACE('',(#109),#843,.F.);
#479=ADVANCED_FACE('',(#110),#844,.T.);
#480=ADVANCED_FACE('',(#111),#845,.T.);
#481=ADVANCED_FACE('',(#112),#846,.T.);
#482=ADVANCED_FACE('',(#113),#847,.T.);
#483=ADVANCED_FACE('',(#114),#848,.F.);
#484=ADVANCED_FACE('',(#115),#849,.F.);
#485=ADVANCED_FACE('',(#116),#850,.F.);
#486=ADVANCED_FACE('',(#117),#851,.F.);
#487=ADVANCED_FACE('',(#118),#852,.F.);
#488=ADVANCED_FACE('',(#119),#853,.F.);
#489=ADVANCED_FACE('',(#120),#854,.F.);
#490=ADVANCED_FACE('',(#121),#855,.F.);
#491=ADVANCED_FACE('',(#122),#856,.F.);
#492=ADVANCED_FACE('',(#123),#857,.F.);
#493=ADVANCED_FACE('',(#124),#858,.F.);
#494=ADVANCED_FACE('',(#125),#859,.F.);
#495=ADVANCED_FACE('',(#126),#860,.T.);
#496=ADVANCED_FACE('',(#127),#861,.T.);
#497=ADVANCED_FACE('',(#128),#862,.T.);
#498=ADVANCED_FACE('',(#129),#863,.T.);
#499=ADVANCED_FACE('',(#130),#864,.T.);
#500=ADVANCED_FACE('',(#131),#865,.T.);
#501=ADVANCED_FACE('',(#132),#866,.T.);
#502=ADVANCED_FACE('',(#133),#867,.T.);
#503=ADVANCED_FACE('',(#134),#868,.T.);
#504=ADVANCED_FACE('',(#135),#869,.T.);
#505=ADVANCED_FACE('',(#136),#870,.T.);
#506=ADVANCED_FACE('',(#137),#871,.T.);
#507=ADVANCED_FACE('',(#138),#872,.T.);
#508=ADVANCED_FACE('',(#139),#873,.T.);
#509=ADVANCED_FACE('',(#140),#874,.T.);
#510=ADVANCED_FACE('',(#141),#875,.T.);
#511=ADVANCED_FACE('',(#142),#876,.T.);
#512=ADVANCED_FACE('',(#143),#877,.T.);
#513=ADVANCED_FACE('',(#144),#878,.F.);
#514=ADVANCED_FACE('',(#145),#879,.F.);
#515=ADVANCED_FACE('',(#146),#880,.F.);
#516=ADVANCED_FACE('',(#147),#881,.F.);
#517=ADVANCED_FACE('',(#148),#882,.F.);
#518=ADVANCED_FACE('',(#149),#883,.F.);
#519=ADVANCED_FACE('',(#150),#884,.F.);
#520=ADVANCED_FACE('',(#151),#885,.F.);
#521=ADVANCED_FACE('',(#152),#886,.F.);
#522=ADVANCED_FACE('',(#153),#887,.T.);
#523=ADVANCED_FACE('',(#154),#888,.T.);
#524=ADVANCED_FACE('',(#155),#889,.F.);
#525=ADVANCED_FACE('',(#156),#890,.F.);
#526=ADVANCED_FACE('',(#157),#891,.T.);
#527=ADVANCED_FACE('',(#158),#892,.T.);
#528=ADVANCED_FACE('',(#159),#893,.T.);
#529=ADVANCED_FACE('',(#160),#42,.T.);
#530=ADVANCED_FACE('',(#161),#34,.T.);
#531=ADVANCED_FACE('',(#162),#43,.T.);
#532=ADVANCED_FACE('',(#163),#35,.T.);
#533=ADVANCED_FACE('',(#164),#44,.T.);
#534=ADVANCED_FACE('',(#165),#894,.T.);
#535=ADVANCED_FACE('',(#166),#895,.T.);
#536=ADVANCED_FACE('',(#167),#896,.T.);
#537=ADVANCED_FACE('',(#168),#897,.T.);
#538=ADVANCED_FACE('',(#169),#898,.T.);
#539=ADVANCED_FACE('',(#170),#899,.T.);
#540=ADVANCED_FACE('',(#171),#900,.T.);
#541=ADVANCED_FACE('',(#172),#901,.T.);
#542=ADVANCED_FACE('',(#173),#902,.T.);
#543=ADVANCED_FACE('',(#174),#903,.T.);
#544=ADVANCED_FACE('',(#175),#904,.T.);
#545=ADVANCED_FACE('',(#176),#905,.T.);
#546=ADVANCED_FACE('',(#177),#906,.T.);
#547=ADVANCED_FACE('',(#178),#907,.T.);
#548=ADVANCED_FACE('',(#179),#908,.T.);
#549=ADVANCED_FACE('',(#180),#909,.T.);
#550=ADVANCED_FACE('',(#181),#910,.T.);
#551=ADVANCED_FACE('',(#182),#911,.T.);
#552=ADVANCED_FACE('',(#183),#912,.T.);
#553=ADVANCED_FACE('',(#184),#913,.T.);
#554=ADVANCED_FACE('',(#185),#914,.T.);
#555=ADVANCED_FACE('',(#186),#915,.F.);
#556=ADVANCED_FACE('',(#187),#916,.F.);
#557=ADVANCED_FACE('',(#188),#917,.F.);
#558=ADVANCED_FACE('',(#189),#918,.F.);
#559=ADVANCED_FACE('',(#190),#919,.F.);
#560=ADVANCED_FACE('',(#191),#920,.F.);
#561=ADVANCED_FACE('',(#192),#921,.F.);
#562=ADVANCED_FACE('',(#193),#922,.F.);
#563=ADVANCED_FACE('',(#194),#923,.F.);
#564=ADVANCED_FACE('',(#195),#924,.F.);
#565=ADVANCED_FACE('',(#196),#925,.F.);
#566=ADVANCED_FACE('',(#197),#926,.F.);
#567=ADVANCED_FACE('',(#198),#927,.T.);
#568=ADVANCED_FACE('',(#199),#928,.F.);
#569=ADVANCED_FACE('',(#200),#929,.F.);
#570=ADVANCED_FACE('',(#201),#930,.F.);
#571=ADVANCED_FACE('',(#202),#931,.F.);
#572=ADVANCED_FACE('',(#203),#932,.F.);
#573=ADVANCED_FACE('',(#204),#933,.F.);
#574=ADVANCED_FACE('',(#205),#934,.F.);
#575=ADVANCED_FACE('',(#206),#935,.F.);
#576=ADVANCED_FACE('',(#207),#936,.F.);
#577=ADVANCED_FACE('',(#208),#937,.F.);
#578=ADVANCED_FACE('',(#209),#938,.F.);
#579=ADVANCED_FACE('',(#210),#939,.F.);
#580=ADVANCED_FACE('',(#211),#940,.T.);
#581=ADVANCED_FACE('',(#212),#941,.F.);
#582=ADVANCED_FACE('',(#213),#942,.F.);
#583=ADVANCED_FACE('',(#214),#943,.F.);
#584=ADVANCED_FACE('',(#215),#944,.F.);
#585=ADVANCED_FACE('',(#216),#945,.F.);
#586=ADVANCED_FACE('',(#217),#946,.F.);
#587=ADVANCED_FACE('',(#218),#947,.F.);
#588=ADVANCED_FACE('',(#219),#948,.F.);
#589=ADVANCED_FACE('',(#220),#949,.F.);
#590=ADVANCED_FACE('',(#221),#950,.F.);
#591=ADVANCED_FACE('',(#222),#951,.F.);
#592=ADVANCED_FACE('',(#223),#952,.F.);
#593=ADVANCED_FACE('',(#224),#953,.T.);
#594=ADVANCED_FACE('',(#225),#954,.F.);
#595=ADVANCED_FACE('',(#226),#955,.F.);
#596=ADVANCED_FACE('',(#227),#956,.F.);
#597=ADVANCED_FACE('',(#228),#957,.F.);
#598=ADVANCED_FACE('',(#229),#958,.F.);
#599=ADVANCED_FACE('',(#230),#959,.F.);
#600=ADVANCED_FACE('',(#231),#960,.F.);
#601=ADVANCED_FACE('',(#232),#961,.F.);
#602=ADVANCED_FACE('',(#233),#962,.F.);
#603=ADVANCED_FACE('',(#234),#963,.F.);
#604=ADVANCED_FACE('',(#235),#964,.F.);
#605=ADVANCED_FACE('',(#236),#965,.F.);
#606=ADVANCED_FACE('',(#237),#966,.T.);
#607=ADVANCED_FACE('',(#238),#967,.F.);
#608=ADVANCED_FACE('',(#239),#968,.F.);
#609=ADVANCED_FACE('',(#240),#969,.F.);
#610=ADVANCED_FACE('',(#241),#970,.F.);
#611=ADVANCED_FACE('',(#242),#971,.F.);
#612=ADVANCED_FACE('',(#243),#972,.F.);
#613=ADVANCED_FACE('',(#244),#973,.F.);
#614=ADVANCED_FACE('',(#245),#974,.F.);
#615=ADVANCED_FACE('',(#246),#975,.F.);
#616=ADVANCED_FACE('',(#247),#976,.F.);
#617=ADVANCED_FACE('',(#248),#977,.F.);
#618=ADVANCED_FACE('',(#249),#978,.F.);
#619=ADVANCED_FACE('',(#250),#979,.T.);
#620=ADVANCED_FACE('',(#251),#980,.F.);
#621=ADVANCED_FACE('',(#252),#981,.F.);
#622=ADVANCED_FACE('',(#253),#982,.F.);
#623=ADVANCED_FACE('',(#254),#983,.F.);
#624=ADVANCED_FACE('',(#255),#984,.F.);
#625=ADVANCED_FACE('',(#256),#985,.F.);
#626=ADVANCED_FACE('',(#257),#986,.F.);
#627=ADVANCED_FACE('',(#258),#987,.F.);
#628=ADVANCED_FACE('',(#259),#988,.F.);
#629=ADVANCED_FACE('',(#260),#989,.F.);
#630=ADVANCED_FACE('',(#261),#990,.F.);
#631=ADVANCED_FACE('',(#262),#991,.F.);
#632=ADVANCED_FACE('',(#263),#992,.T.);
#633=ADVANCED_FACE('',(#264),#993,.F.);
#634=ADVANCED_FACE('',(#265),#994,.F.);
#635=ADVANCED_FACE('',(#266),#995,.F.);
#636=ADVANCED_FACE('',(#267),#996,.F.);
#637=ADVANCED_FACE('',(#268),#997,.F.);
#638=ADVANCED_FACE('',(#269),#998,.F.);
#639=ADVANCED_FACE('',(#270),#999,.F.);
#640=ADVANCED_FACE('',(#271),#1000,.F.);
#641=ADVANCED_FACE('',(#272),#1001,.F.);
#642=ADVANCED_FACE('',(#273),#1002,.F.);
#643=ADVANCED_FACE('',(#274),#1003,.F.);
#644=ADVANCED_FACE('',(#275),#1004,.F.);
#645=ADVANCED_FACE('',(#276),#1005,.T.);
#646=ADVANCED_FACE('',(#277),#1006,.T.);
#647=ADVANCED_FACE('',(#278),#1007,.T.);
#648=ADVANCED_FACE('',(#279),#1008,.T.);
#649=ADVANCED_FACE('',(#280),#1009,.T.);
#650=ADVANCED_FACE('',(#281),#1010,.T.);
#651=ADVANCED_FACE('',(#282),#1011,.T.);
#652=ADVANCED_FACE('',(#283),#1012,.T.);
#653=ADVANCED_FACE('',(#284),#1013,.T.);
#654=ADVANCED_FACE('',(#285),#1014,.T.);
#655=ADVANCED_FACE('',(#286),#1015,.T.);
#656=ADVANCED_FACE('',(#287),#1016,.T.);
#657=ADVANCED_FACE('',(#288),#1017,.T.);
#658=ADVANCED_FACE('',(#289),#1018,.T.);
#659=ADVANCED_FACE('',(#290),#1019,.T.);
#660=ADVANCED_FACE('',(#291),#1020,.T.);
#661=ADVANCED_FACE('',(#292),#1021,.T.);
#662=ADVANCED_FACE('',(#293),#1022,.T.);
#663=ADVANCED_FACE('',(#294),#1023,.T.);
#664=ADVANCED_FACE('',(#295),#1024,.T.);
#665=ADVANCED_FACE('',(#296),#1025,.T.);
#666=ADVANCED_FACE('',(#297),#1026,.T.);
#667=ADVANCED_FACE('',(#298),#1027,.T.);
#668=ADVANCED_FACE('',(#299),#1028,.T.);
#669=ADVANCED_FACE('',(#300),#1029,.T.);
#670=ADVANCED_FACE('',(#301),#1030,.T.);
#671=ADVANCED_FACE('',(#302),#1031,.T.);
#672=ADVANCED_FACE('',(#303),#1032,.T.);
#673=ADVANCED_FACE('',(#304),#1033,.T.);
#674=ADVANCED_FACE('',(#305),#1034,.T.);
#675=ADVANCED_FACE('',(#306),#1035,.T.);
#676=ADVANCED_FACE('',(#307),#1036,.T.);
#677=ADVANCED_FACE('',(#308),#1037,.T.);
#678=ADVANCED_FACE('',(#309),#1038,.T.);
#679=ADVANCED_FACE('',(#310),#1039,.T.);
#680=ADVANCED_FACE('',(#311),#1040,.T.);
#681=ADVANCED_FACE('',(#312),#1041,.T.);
#682=ADVANCED_FACE('',(#313),#1042,.T.);
#683=ADVANCED_FACE('',(#314),#1043,.T.);
#684=ADVANCED_FACE('',(#315),#1044,.T.);
#685=ADVANCED_FACE('',(#316),#1045,.T.);
#686=ADVANCED_FACE('',(#317),#1046,.T.);
#687=ADVANCED_FACE('',(#318),#1047,.T.);
#688=ADVANCED_FACE('',(#319),#1048,.T.);
#689=ADVANCED_FACE('',(#320),#1049,.T.);
#690=ADVANCED_FACE('',(#321),#1050,.T.);
#691=ADVANCED_FACE('',(#322),#1051,.T.);
#692=ADVANCED_FACE('',(#323),#1052,.T.);
#693=ADVANCED_FACE('',(#324),#1053,.T.);
#694=ADVANCED_FACE('',(#325),#1054,.T.);
#695=ADVANCED_FACE('',(#326),#1055,.T.);
#696=ADVANCED_FACE('',(#327),#1056,.T.);
#697=ADVANCED_FACE('',(#328),#1057,.T.);
#698=ADVANCED_FACE('',(#329),#1058,.T.);
#699=ADVANCED_FACE('',(#330),#1059,.T.);
#700=ADVANCED_FACE('',(#331),#1060,.T.);
#701=ADVANCED_FACE('',(#332),#1061,.T.);
#702=ADVANCED_FACE('',(#333),#1062,.T.);
#703=ADVANCED_FACE('',(#334),#1063,.T.);
#704=ADVANCED_FACE('',(#335),#1064,.T.);
#705=ADVANCED_FACE('',(#336),#1065,.T.);
#706=ADVANCED_FACE('',(#337),#1066,.T.);
#707=ADVANCED_FACE('',(#338),#1067,.T.);
#708=ADVANCED_FACE('',(#339),#1068,.T.);
#709=ADVANCED_FACE('',(#340),#1069,.T.);
#710=ADVANCED_FACE('',(#341),#1070,.T.);
#711=ADVANCED_FACE('',(#342),#1071,.T.);
#712=ADVANCED_FACE('',(#343),#1072,.T.);
#713=ADVANCED_FACE('',(#344),#1073,.T.);
#714=ADVANCED_FACE('',(#345),#1074,.T.);
#715=ADVANCED_FACE('',(#346),#1075,.T.);
#716=ADVANCED_FACE('',(#347),#1076,.T.);
#717=ADVANCED_FACE('',(#348),#1077,.T.);
#718=ADVANCED_FACE('',(#349),#1078,.T.);
#719=ADVANCED_FACE('',(#350),#1079,.T.);
#720=ADVANCED_FACE('',(#351),#1080,.T.);
#721=ADVANCED_FACE('',(#352),#1081,.T.);
#722=ADVANCED_FACE('',(#353),#1082,.T.);
#723=ADVANCED_FACE('',(#354),#1083,.T.);
#724=ADVANCED_FACE('',(#355),#1084,.T.);
#725=ADVANCED_FACE('',(#356),#1085,.T.);
#726=ADVANCED_FACE('',(#357),#1086,.T.);
#727=ADVANCED_FACE('',(#358),#1087,.T.);
#728=ADVANCED_FACE('',(#359),#1088,.T.);
#729=ADVANCED_FACE('',(#360),#1089,.T.);
#730=ADVANCED_FACE('',(#361),#1090,.T.);
#731=ADVANCED_FACE('',(#362),#1091,.T.);
#732=ADVANCED_FACE('',(#363),#1092,.T.);
#733=ADVANCED_FACE('',(#364),#1093,.T.);
#734=ADVANCED_FACE('',(#365),#1094,.T.);
#735=ADVANCED_FACE('',(#366),#1095,.T.);
#736=ADVANCED_FACE('',(#367),#1096,.T.);
#737=ADVANCED_FACE('',(#368),#1097,.T.);
#738=ADVANCED_FACE('',(#369),#1098,.T.);
#739=ADVANCED_FACE('',(#370),#1099,.T.);
#740=ADVANCED_FACE('',(#371),#1100,.T.);
#741=ADVANCED_FACE('',(#372),#1101,.T.);
#742=ADVANCED_FACE('',(#373),#1102,.T.);
#743=ADVANCED_FACE('',(#374),#1103,.T.);
#744=ADVANCED_FACE('',(#375),#1104,.T.);
#745=ADVANCED_FACE('',(#376),#1105,.T.);
#746=ADVANCED_FACE('',(#377),#1106,.T.);
#747=ADVANCED_FACE('',(#378),#1107,.T.);
#748=ADVANCED_FACE('',(#379),#1108,.T.);
#749=ADVANCED_FACE('',(#380),#1109,.T.);
#750=ADVANCED_FACE('',(#381),#1110,.T.);
#751=ADVANCED_FACE('',(#382),#1111,.T.);
#752=ADVANCED_FACE('',(#383),#1112,.T.);
#753=ADVANCED_FACE('',(#384),#1113,.T.);
#754=ADVANCED_FACE('',(#385),#1114,.T.);
#755=ADVANCED_FACE('',(#386),#1115,.T.);
#756=ADVANCED_FACE('',(#387),#1116,.T.);
#757=ADVANCED_FACE('',(#388),#1117,.T.);
#758=ADVANCED_FACE('',(#389),#1118,.T.);
#759=ADVANCED_FACE('',(#390),#1119,.T.);
#760=ADVANCED_FACE('',(#391),#1120,.T.);
#761=ADVANCED_FACE('',(#392),#1121,.T.);
#762=ADVANCED_FACE('',(#393),#1122,.T.);
#763=ADVANCED_FACE('',(#394),#1123,.T.);
#764=ADVANCED_FACE('',(#395),#1124,.T.);
#765=ADVANCED_FACE('',(#396),#1125,.F.);
#766=ADVANCED_FACE('',(#397),#1126,.F.);
#767=ADVANCED_FACE('',(#398),#1127,.F.);
#768=ADVANCED_FACE('',(#399),#1128,.F.);
#769=ADVANCED_FACE('',(#400),#1129,.F.);
#770=ADVANCED_FACE('',(#401),#1130,.F.);
#771=ADVANCED_FACE('',(#402),#1131,.F.);
#772=ADVANCED_FACE('',(#403),#1132,.F.);
#773=ADVANCED_FACE('',(#404),#1133,.F.);
#774=ADVANCED_FACE('',(#405),#1134,.F.);
#775=ADVANCED_FACE('',(#406),#1135,.F.);
#776=ADVANCED_FACE('',(#407),#1136,.F.);
#777=ADVANCED_FACE('',(#408),#1137,.F.);
#778=ADVANCED_FACE('',(#409),#1138,.F.);
#779=ADVANCED_FACE('',(#410),#1139,.F.);
#780=ADVANCED_FACE('',(#411),#1140,.F.);
#781=ADVANCED_FACE('',(#412),#1141,.F.);
#782=ADVANCED_FACE('',(#413),#1142,.F.);
#783=ADVANCED_FACE('',(#414),#1143,.F.);
#784=ADVANCED_FACE('',(#415),#1144,.F.);
#785=ADVANCED_FACE('',(#416),#1145,.F.);
#786=ADVANCED_FACE('',(#417),#1146,.F.);
#787=ADVANCED_FACE('',(#418),#1147,.F.);
#788=ADVANCED_FACE('',(#419),#1148,.T.);
#789=ADVANCED_FACE('',(#420),#1149,.T.);
#790=ADVANCED_FACE('',(#421),#1150,.T.);
#791=PLANE('',#6964);
#792=PLANE('',#6965);
#793=PLANE('',#6966);
#794=PLANE('',#6967);
#795=PLANE('',#6968);
#796=PLANE('',#6969);
#797=PLANE('',#6970);
#798=PLANE('',#6971);
#799=PLANE('',#6972);
#800=PLANE('',#6973);
#801=PLANE('',#6974);
#802=PLANE('',#6975);
#803=PLANE('',#6976);
#804=PLANE('',#6977);
#805=PLANE('',#6978);
#806=PLANE('',#6979);
#807=PLANE('',#6980);
#808=PLANE('',#6981);
#809=PLANE('',#6982);
#810=PLANE('',#6983);
#811=PLANE('',#6984);
#812=PLANE('',#6985);
#813=PLANE('',#6986);
#814=PLANE('',#6987);
#815=PLANE('',#6988);
#816=PLANE('',#6989);
#817=PLANE('',#6990);
#818=PLANE('',#6991);
#819=PLANE('',#6992);
#820=PLANE('',#6993);
#821=PLANE('',#6994);
#822=PLANE('',#6995);
#823=PLANE('',#6996);
#824=PLANE('',#6997);
#825=PLANE('',#6998);
#826=PLANE('',#6999);
#827=PLANE('',#7000);
#828=PLANE('',#7001);
#829=PLANE('',#7002);
#830=PLANE('',#7003);
#831=PLANE('',#7004);
#832=PLANE('',#7005);
#833=PLANE('',#7006);
#834=PLANE('',#7007);
#835=PLANE('',#7008);
#836=PLANE('',#7009);
#837=PLANE('',#7010);
#838=PLANE('',#7011);
#839=PLANE('',#7012);
#840=PLANE('',#7016);
#841=PLANE('',#7020);
#842=PLANE('',#7027);
#843=PLANE('',#7028);
#844=PLANE('',#7029);
#845=PLANE('',#7030);
#846=PLANE('',#7031);
#847=PLANE('',#7032);
#848=PLANE('',#7033);
#849=PLANE('',#7034);
#850=PLANE('',#7035);
#851=PLANE('',#7036);
#852=PLANE('',#7037);
#853=PLANE('',#7038);
#854=PLANE('',#7039);
#855=PLANE('',#7040);
#856=PLANE('',#7041);
#857=PLANE('',#7042);
#858=PLANE('',#7043);
#859=PLANE('',#7044);
#860=PLANE('',#7045);
#861=PLANE('',#7046);
#862=PLANE('',#7047);
#863=PLANE('',#7048);
#864=PLANE('',#7049);
#865=PLANE('',#7050);
#866=PLANE('',#7051);
#867=PLANE('',#7052);
#868=PLANE('',#7053);
#869=PLANE('',#7054);
#870=PLANE('',#7055);
#871=PLANE('',#7056);
#872=PLANE('',#7057);
#873=PLANE('',#7058);
#874=PLANE('',#7059);
#875=PLANE('',#7060);
#876=PLANE('',#7061);
#877=PLANE('',#7062);
#878=PLANE('',#7063);
#879=PLANE('',#7064);
#880=PLANE('',#7065);
#881=PLANE('',#7066);
#882=PLANE('',#7067);
#883=PLANE('',#7068);
#884=PLANE('',#7069);
#885=PLANE('',#7070);
#886=PLANE('',#7071);
#887=PLANE('',#7072);
#888=PLANE('',#7073);
#889=PLANE('',#7074);
#890=PLANE('',#7075);
#891=PLANE('',#7076);
#892=PLANE('',#7077);
#893=PLANE('',#7078);
#894=PLANE('',#7088);
#895=PLANE('',#7089);
#896=PLANE('',#7090);
#897=PLANE('',#7091);
#898=PLANE('',#7092);
#899=PLANE('',#7093);
#900=PLANE('',#7094);
#901=PLANE('',#7095);
#902=PLANE('',#7096);
#903=PLANE('',#7097);
#904=PLANE('',#7098);
#905=PLANE('',#7099);
#906=PLANE('',#7100);
#907=PLANE('',#7101);
#908=PLANE('',#7102);
#909=PLANE('',#7103);
#910=PLANE('',#7104);
#911=PLANE('',#7105);
#912=PLANE('',#7106);
#913=PLANE('',#7107);
#914=PLANE('',#7108);
#915=PLANE('',#7109);
#916=PLANE('',#7110);
#917=PLANE('',#7111);
#918=PLANE('',#7112);
#919=PLANE('',#7113);
#920=PLANE('',#7114);
#921=PLANE('',#7115);
#922=PLANE('',#7116);
#923=PLANE('',#7117);
#924=PLANE('',#7118);
#925=PLANE('',#7119);
#926=PLANE('',#7120);
#927=PLANE('',#7121);
#928=PLANE('',#7122);
#929=PLANE('',#7123);
#930=PLANE('',#7124);
#931=PLANE('',#7125);
#932=PLANE('',#7126);
#933=PLANE('',#7127);
#934=PLANE('',#7128);
#935=PLANE('',#7129);
#936=PLANE('',#7130);
#937=PLANE('',#7131);
#938=PLANE('',#7132);
#939=PLANE('',#7133);
#940=PLANE('',#7134);
#941=PLANE('',#7135);
#942=PLANE('',#7136);
#943=PLANE('',#7137);
#944=PLANE('',#7138);
#945=PLANE('',#7139);
#946=PLANE('',#7140);
#947=PLANE('',#7141);
#948=PLANE('',#7142);
#949=PLANE('',#7143);
#950=PLANE('',#7144);
#951=PLANE('',#7145);
#952=PLANE('',#7146);
#953=PLANE('',#7147);
#954=PLANE('',#7148);
#955=PLANE('',#7149);
#956=PLANE('',#7150);
#957=PLANE('',#7151);
#958=PLANE('',#7152);
#959=PLANE('',#7153);
#960=PLANE('',#7154);
#961=PLANE('',#7155);
#962=PLANE('',#7156);
#963=PLANE('',#7157);
#964=PLANE('',#7158);
#965=PLANE('',#7159);
#966=PLANE('',#7160);
#967=PLANE('',#7161);
#968=PLANE('',#7162);
#969=PLANE('',#7163);
#970=PLANE('',#7164);
#971=PLANE('',#7165);
#972=PLANE('',#7166);
#973=PLANE('',#7167);
#974=PLANE('',#7168);
#975=PLANE('',#7169);
#976=PLANE('',#7170);
#977=PLANE('',#7171);
#978=PLANE('',#7172);
#979=PLANE('',#7173);
#980=PLANE('',#7174);
#981=PLANE('',#7175);
#982=PLANE('',#7176);
#983=PLANE('',#7177);
#984=PLANE('',#7178);
#985=PLANE('',#7179);
#986=PLANE('',#7180);
#987=PLANE('',#7181);
#988=PLANE('',#7182);
#989=PLANE('',#7183);
#990=PLANE('',#7184);
#991=PLANE('',#7185);
#992=PLANE('',#7186);
#993=PLANE('',#7187);
#994=PLANE('',#7188);
#995=PLANE('',#7189);
#996=PLANE('',#7190);
#997=PLANE('',#7191);
#998=PLANE('',#7192);
#999=PLANE('',#7193);
#1000=PLANE('',#7194);
#1001=PLANE('',#7195);
#1002=PLANE('',#7196);
#1003=PLANE('',#7197);
#1004=PLANE('',#7198);
#1005=PLANE('',#7199);
#1006=PLANE('',#7200);
#1007=PLANE('',#7201);
#1008=PLANE('',#7202);
#1009=PLANE('',#7203);
#1010=PLANE('',#7204);
#1011=PLANE('',#7205);
#1012=PLANE('',#7206);
#1013=PLANE('',#7207);
#1014=PLANE('',#7208);
#1015=PLANE('',#7209);
#1016=PLANE('',#7210);
#1017=PLANE('',#7211);
#1018=PLANE('',#7212);
#1019=PLANE('',#7213);
#1020=PLANE('',#7214);
#1021=PLANE('',#7215);
#1022=PLANE('',#7216);
#1023=PLANE('',#7217);
#1024=PLANE('',#7218);
#1025=PLANE('',#7219);
#1026=PLANE('',#7220);
#1027=PLANE('',#7221);
#1028=PLANE('',#7222);
#1029=PLANE('',#7223);
#1030=PLANE('',#7224);
#1031=PLANE('',#7225);
#1032=PLANE('',#7226);
#1033=PLANE('',#7227);
#1034=PLANE('',#7228);
#1035=PLANE('',#7229);
#1036=PLANE('',#7230);
#1037=PLANE('',#7231);
#1038=PLANE('',#7232);
#1039=PLANE('',#7233);
#1040=PLANE('',#7234);
#1041=PLANE('',#7235);
#1042=PLANE('',#7236);
#1043=PLANE('',#7237);
#1044=PLANE('',#7238);
#1045=PLANE('',#7239);
#1046=PLANE('',#7240);
#1047=PLANE('',#7241);
#1048=PLANE('',#7242);
#1049=PLANE('',#7243);
#1050=PLANE('',#7244);
#1051=PLANE('',#7245);
#1052=PLANE('',#7246);
#1053=PLANE('',#7247);
#1054=PLANE('',#7248);
#1055=PLANE('',#7249);
#1056=PLANE('',#7250);
#1057=PLANE('',#7251);
#1058=PLANE('',#7252);
#1059=PLANE('',#7253);
#1060=PLANE('',#7254);
#1061=PLANE('',#7255);
#1062=PLANE('',#7256);
#1063=PLANE('',#7257);
#1064=PLANE('',#7258);
#1065=PLANE('',#7259);
#1066=PLANE('',#7260);
#1067=PLANE('',#7261);
#1068=PLANE('',#7262);
#1069=PLANE('',#7263);
#1070=PLANE('',#7264);
#1071=PLANE('',#7265);
#1072=PLANE('',#7266);
#1073=PLANE('',#7267);
#1074=PLANE('',#7268);
#1075=PLANE('',#7269);
#1076=PLANE('',#7270);
#1077=PLANE('',#7271);
#1078=PLANE('',#7272);
#1079=PLANE('',#7273);
#1080=PLANE('',#7274);
#1081=PLANE('',#7275);
#1082=PLANE('',#7276);
#1083=PLANE('',#7277);
#1084=PLANE('',#7278);
#1085=PLANE('',#7279);
#1086=PLANE('',#7280);
#1087=PLANE('',#7281);
#1088=PLANE('',#7282);
#1089=PLANE('',#7283);
#1090=PLANE('',#7284);
#1091=PLANE('',#7285);
#1092=PLANE('',#7286);
#1093=PLANE('',#7287);
#1094=PLANE('',#7288);
#1095=PLANE('',#7289);
#1096=PLANE('',#7290);
#1097=PLANE('',#7291);
#1098=PLANE('',#7292);
#1099=PLANE('',#7293);
#1100=PLANE('',#7294);
#1101=PLANE('',#7295);
#1102=PLANE('',#7296);
#1103=PLANE('',#7297);
#1104=PLANE('',#7298);
#1105=PLANE('',#7299);
#1106=PLANE('',#7300);
#1107=PLANE('',#7301);
#1108=PLANE('',#7302);
#1109=PLANE('',#7303);
#1110=PLANE('',#7304);
#1111=PLANE('',#7305);
#1112=PLANE('',#7306);
#1113=PLANE('',#7307);
#1114=PLANE('',#7308);
#1115=PLANE('',#7309);
#1116=PLANE('',#7310);
#1117=PLANE('',#7311);
#1118=PLANE('',#7312);
#1119=PLANE('',#7313);
#1120=PLANE('',#7314);
#1121=PLANE('',#7315);
#1122=PLANE('',#7316);
#1123=PLANE('',#7317);
#1124=PLANE('',#7318);
#1125=PLANE('',#7319);
#1126=PLANE('',#7320);
#1127=PLANE('',#7321);
#1128=PLANE('',#7322);
#1129=PLANE('',#7323);
#1130=PLANE('',#7324);
#1131=PLANE('',#7325);
#1132=PLANE('',#7326);
#1133=PLANE('',#7327);
#1134=PLANE('',#7328);
#1135=PLANE('',#7329);
#1136=PLANE('',#7330);
#1137=PLANE('',#7331);
#1138=PLANE('',#7332);
#1139=PLANE('',#7333);
#1140=PLANE('',#7334);
#1141=PLANE('',#7335);
#1142=PLANE('',#7336);
#1143=PLANE('',#7337);
#1144=PLANE('',#7338);
#1145=PLANE('',#7339);
#1146=PLANE('',#7340);
#1147=PLANE('',#7341);
#1148=PLANE('',#7342);
#1149=PLANE('',#7343);
#1150=PLANE('',#7344);
#1151=FACE_BOUND('',#1163,.T.);
#1152=FACE_BOUND('',#1164,.T.);
#1153=FACE_BOUND('',#1165,.T.);
#1154=FACE_BOUND('',#1220,.T.);
#1155=FACE_BOUND('',#1221,.T.);
#1156=FACE_BOUND('',#1222,.T.);
#1157=FACE_BOUND('',#1223,.T.);
#1158=FACE_BOUND('',#1224,.T.);
#1159=FACE_BOUND('',#1225,.T.);
#1160=FACE_BOUND('',#1226,.T.);
#1161=FACE_BOUND('',#1227,.T.);
#1162=FACE_BOUND('',#1228,.T.);
#1163=EDGE_LOOP('',(#1542,#1543,#1544,#1545));
#1164=EDGE_LOOP('',(#1546,#1547,#1548,#1549,#1550,#1551,#1552,#1553,#1554,
#1555,#1556,#1557,#1558,#1559,#1560,#1561,#1562,#1563,#1564,#1565,#1566,
#1567,#1568,#1569,#1570,#1571,#1572,#1573,#1574,#1575,#1576,#1577,#1578,
#1579,#1580,#1581));
#1165=EDGE_LOOP('',(#1582,#1583,#1584,#1585));
#1166=EDGE_LOOP('',(#1586,#1587,#1588,#1589,#1590,#1591,#1592,#1593,#1594,
#1595,#1596,#1597,#1598,#1599,#1600,#1601,#1602,#1603,#1604,#1605,#1606,
#1607,#1608,#1609,#1610,#1611,#1612,#1613,#1614,#1615,#1616,#1617,#1618,
#1619,#1620,#1621,#1622,#1623,#1624,#1625,#1626,#1627,#1628,#1629,#1630,
#1631,#1632,#1633,#1634,#1635,#1636,#1637));
#1167=EDGE_LOOP('',(#1638,#1639,#1640,#1641));
#1168=EDGE_LOOP('',(#1642,#1643,#1644,#1645));
#1169=EDGE_LOOP('',(#1646,#1647,#1648,#1649));
#1170=EDGE_LOOP('',(#1650,#1651,#1652,#1653));
#1171=EDGE_LOOP('',(#1654,#1655,#1656,#1657));
#1172=EDGE_LOOP('',(#1658,#1659,#1660,#1661));
#1173=EDGE_LOOP('',(#1662,#1663,#1664,#1665));
#1174=EDGE_LOOP('',(#1666,#1667,#1668,#1669));
#1175=EDGE_LOOP('',(#1670,#1671,#1672,#1673,#1674,#1675,#1676,#1677,#1678,
#1679,#1680,#1681,#1682,#1683,#1684,#1685,#1686,#1687,#1688,#1689,#1690,
#1691,#1692,#1693,#1694,#1695,#1696,#1697,#1698,#1699,#1700,#1701,#1702,
#1703,#1704,#1705));
#1176=EDGE_LOOP('',(#1706,#1707,#1708,#1709,#1710,#1711,#1712,#1713,#1714,
#1715,#1716,#1717,#1718,#1719,#1720,#1721,#1722,#1723,#1724,#1725,#1726,
#1727,#1728,#1729,#1730,#1731,#1732,#1733,#1734,#1735,#1736,#1737,#1738,
#1739,#1740,#1741,#1742,#1743,#1744,#1745));
#1177=EDGE_LOOP('',(#1746,#1747,#1748,#1749));
#1178=EDGE_LOOP('',(#1750,#1751,#1752,#1753));
#1179=EDGE_LOOP('',(#1754,#1755,#1756,#1757));
#1180=EDGE_LOOP('',(#1758,#1759,#1760,#1761));
#1181=EDGE_LOOP('',(#1762,#1763,#1764,#1765));
#1182=EDGE_LOOP('',(#1766,#1767,#1768,#1769));
#1183=EDGE_LOOP('',(#1770,#1771,#1772,#1773));
#1184=EDGE_LOOP('',(#1774,#1775,#1776,#1777));
#1185=EDGE_LOOP('',(#1778,#1779,#1780,#1781));
#1186=EDGE_LOOP('',(#1782,#1783,#1784,#1785));
#1187=EDGE_LOOP('',(#1786,#1787,#1788,#1789));
#1188=EDGE_LOOP('',(#1790,#1791,#1792,#1793));
#1189=EDGE_LOOP('',(#1794,#1795,#1796,#1797));
#1190=EDGE_LOOP('',(#1798,#1799,#1800,#1801));
#1191=EDGE_LOOP('',(#1802,#1803,#1804,#1805));
#1192=EDGE_LOOP('',(#1806,#1807,#1808,#1809));
#1193=EDGE_LOOP('',(#1810,#1811,#1812,#1813));
#1194=EDGE_LOOP('',(#1814,#1815,#1816,#1817));
#1195=EDGE_LOOP('',(#1818,#1819,#1820,#1821));
#1196=EDGE_LOOP('',(#1822,#1823,#1824,#1825));
#1197=EDGE_LOOP('',(#1826,#1827,#1828,#1829));
#1198=EDGE_LOOP('',(#1830,#1831,#1832,#1833,#1834,#1835,#1836,#1837,#1838,
#1839,#1840,#1841,#1842,#1843,#1844,#1845,#1846,#1847,#1848,#1849,#1850,
#1851,#1852,#1853,#1854,#1855,#1856,#1857,#1858,#1859,#1860,#1861,#1862,
#1863,#1864,#1865,#1866,#1867,#1868,#1869,#1870,#1871,#1872,#1873,#1874,
#1875,#1876,#1877,#1878,#1879,#1880,#1881,#1882,#1883,#1884,#1885,#1886,
#1887,#1888,#1889,#1890,#1891,#1892,#1893,#1894,#1895,#1896,#1897,#1898,
#1899,#1900,#1901,#1902,#1903,#1904,#1905,#1906,#1907,#1908,#1909,#1910,
#1911,#1912,#1913));
#1199=EDGE_LOOP('',(#1914,#1915,#1916,#1917));
#1200=EDGE_LOOP('',(#1918,#1919,#1920,#1921));
#1201=EDGE_LOOP('',(#1922,#1923,#1924,#1925));
#1202=EDGE_LOOP('',(#1926,#1927,#1928,#1929));
#1203=EDGE_LOOP('',(#1930,#1931,#1932,#1933));
#1204=EDGE_LOOP('',(#1934,#1935,#1936,#1937));
#1205=EDGE_LOOP('',(#1938,#1939,#1940,#1941));
#1206=EDGE_LOOP('',(#1942,#1943,#1944,#1945,#1946,#1947,#1948,#1949,#1950,
#1951,#1952,#1953,#1954,#1955,#1956,#1957));
#1207=EDGE_LOOP('',(#1958,#1959,#1960,#1961,#1962,#1963,#1964,#1965,#1966,
#1967,#1968,#1969));
#1208=EDGE_LOOP('',(#1970,#1971,#1972,#1973));
#1209=EDGE_LOOP('',(#1974,#1975,#1976,#1977));
#1210=EDGE_LOOP('',(#1978,#1979,#1980,#1981));
#1211=EDGE_LOOP('',(#1982,#1983,#1984,#1985));
#1212=EDGE_LOOP('',(#1986,#1987,#1988,#1989));
#1213=EDGE_LOOP('',(#1990,#1991,#1992,#1993));
#1214=EDGE_LOOP('',(#1994,#1995,#1996,#1997));
#1215=EDGE_LOOP('',(#1998,#1999,#2000,#2001));
#1216=EDGE_LOOP('',(#2002,#2003,#2004,#2005));
#1217=EDGE_LOOP('',(#2006,#2007,#2008,#2009));
#1218=EDGE_LOOP('',(#2010,#2011,#2012,#2013));
#1219=EDGE_LOOP('',(#2014,#2015,#2016,#2017));
#1220=EDGE_LOOP('',(#2018,#2019,#2020,#2021,#2022,#2023,#2024,#2025,#2026,
#2027,#2028,#2029));
#1221=EDGE_LOOP('',(#2030,#2031,#2032,#2033,#2034,#2035,#2036,#2037,#2038,
#2039,#2040,#2041));
#1222=EDGE_LOOP('',(#2042,#2043,#2044,#2045,#2046,#2047,#2048,#2049,#2050,
#2051,#2052,#2053));
#1223=EDGE_LOOP('',(#2054,#2055,#2056,#2057,#2058,#2059,#2060,#2061,#2062,
#2063,#2064,#2065));
#1224=EDGE_LOOP('',(#2066,#2067,#2068,#2069,#2070,#2071,#2072,#2073,#2074,
#2075,#2076,#2077));
#1225=EDGE_LOOP('',(#2078,#2079,#2080,#2081,#2082,#2083,#2084,#2085,#2086,
#2087,#2088,#2089));
#1226=EDGE_LOOP('',(#2090,#2091,#2092,#2093,#2094,#2095,#2096,#2097,#2098,
#2099,#2100,#2101));
#1227=EDGE_LOOP('',(#2102,#2103,#2104,#2105,#2106,#2107,#2108,#2109,#2110,
#2111,#2112,#2113));
#1228=EDGE_LOOP('',(#2114,#2115,#2116,#2117,#2118,#2119,#2120,#2121));
#1229=EDGE_LOOP('',(#2122,#2123,#2124,#2125));
#1230=EDGE_LOOP('',(#2126,#2127,#2128,#2129,#2130,#2131,#2132,#2133,#2134,
#2135,#2136,#2137));
#1231=EDGE_LOOP('',(#2138,#2139,#2140,#2141,#2142,#2143));
#1232=EDGE_LOOP('',(#2144,#2145,#2146,#2147,#2148,#2149));
#1233=EDGE_LOOP('',(#2150,#2151,#2152,#2153));
#1234=EDGE_LOOP('',(#2154,#2155,#2156,#2157));
#1235=EDGE_LOOP('',(#2158,#2159,#2160,#2161));
#1236=EDGE_LOOP('',(#2162,#2163,#2164,#2165));
#1237=EDGE_LOOP('',(#2166,#2167,#2168,#2169));
#1238=EDGE_LOOP('',(#2170,#2171,#2172,#2173));
#1239=EDGE_LOOP('',(#2174,#2175,#2176,#2177));
#1240=EDGE_LOOP('',(#2178,#2179,#2180,#2181));
#1241=EDGE_LOOP('',(#2182,#2183,#2184,#2185));
#1242=EDGE_LOOP('',(#2186,#2187,#2188,#2189));
#1243=EDGE_LOOP('',(#2190,#2191,#2192,#2193));
#1244=EDGE_LOOP('',(#2194,#2195,#2196,#2197));
#1245=EDGE_LOOP('',(#2198,#2199,#2200,#2201));
#1246=EDGE_LOOP('',(#2202,#2203,#2204,#2205,#2206,#2207,#2208,#2209,#2210,
#2211,#2212,#2213));
#1247=EDGE_LOOP('',(#2214,#2215,#2216,#2217));
#1248=EDGE_LOOP('',(#2218,#2219,#2220,#2221));
#1249=EDGE_LOOP('',(#2222,#2223,#2224,#2225));
#1250=EDGE_LOOP('',(#2226,#2227,#2228,#2229));
#1251=EDGE_LOOP('',(#2230,#2231,#2232,#2233));
#1252=EDGE_LOOP('',(#2234,#2235,#2236,#2237));
#1253=EDGE_LOOP('',(#2238,#2239,#2240,#2241));
#1254=EDGE_LOOP('',(#2242,#2243,#2244,#2245));
#1255=EDGE_LOOP('',(#2246,#2247,#2248,#2249));
#1256=EDGE_LOOP('',(#2250,#2251,#2252,#2253));
#1257=EDGE_LOOP('',(#2254,#2255,#2256,#2257));
#1258=EDGE_LOOP('',(#2258,#2259,#2260,#2261));
#1259=EDGE_LOOP('',(#2262,#2263,#2264,#2265));
#1260=EDGE_LOOP('',(#2266,#2267,#2268,#2269));
#1261=EDGE_LOOP('',(#2270,#2271,#2272,#2273));
#1262=EDGE_LOOP('',(#2274,#2275,#2276,#2277));
#1263=EDGE_LOOP('',(#2278,#2279,#2280,#2281));
#1264=EDGE_LOOP('',(#2282,#2283,#2284,#2285));
#1265=EDGE_LOOP('',(#2286,#2287,#2288,#2289));
#1266=EDGE_LOOP('',(#2290,#2291,#2292,#2293));
#1267=EDGE_LOOP('',(#2294,#2295,#2296,#2297));
#1268=EDGE_LOOP('',(#2298,#2299,#2300,#2301));
#1269=EDGE_LOOP('',(#2302,#2303,#2304,#2305));
#1270=EDGE_LOOP('',(#2306,#2307,#2308,#2309));
#1271=EDGE_LOOP('',(#2310,#2311,#2312,#2313));
#1272=EDGE_LOOP('',(#2314,#2315,#2316,#2317));
#1273=EDGE_LOOP('',(#2318,#2319,#2320,#2321));
#1274=EDGE_LOOP('',(#2322,#2323,#2324,#2325));
#1275=EDGE_LOOP('',(#2326,#2327,#2328,#2329));
#1276=EDGE_LOOP('',(#2330,#2331,#2332,#2333));
#1277=EDGE_LOOP('',(#2334,#2335,#2336,#2337));
#1278=EDGE_LOOP('',(#2338,#2339,#2340,#2341));
#1279=EDGE_LOOP('',(#2342,#2343,#2344,#2345));
#1280=EDGE_LOOP('',(#2346,#2347,#2348,#2349));
#1281=EDGE_LOOP('',(#2350,#2351,#2352));
#1282=EDGE_LOOP('',(#2353,#2354,#2355,#2356));
#1283=EDGE_LOOP('',(#2357,#2358,#2359));
#1284=EDGE_LOOP('',(#2360,#2361,#2362,#2363));
#1285=EDGE_LOOP('',(#2364,#2365,#2366,#2367,#2368,#2369));
#1286=EDGE_LOOP('',(#2370,#2371,#2372,#2373,#2374,#2375));
#1287=EDGE_LOOP('',(#2376,#2377,#2378,#2379,#2380,#2381));
#1288=EDGE_LOOP('',(#2382,#2383,#2384,#2385,#2386,#2387));
#1289=EDGE_LOOP('',(#2388,#2389,#2390,#2391,#2392,#2393));
#1290=EDGE_LOOP('',(#2394,#2395,#2396,#2397,#2398,#2399));
#1291=EDGE_LOOP('',(#2400,#2401,#2402,#2403,#2404,#2405));
#1292=EDGE_LOOP('',(#2406,#2407,#2408,#2409,#2410,#2411));
#1293=EDGE_LOOP('',(#2412,#2413,#2414,#2415,#2416,#2417));
#1294=EDGE_LOOP('',(#2418,#2419,#2420,#2421,#2422,#2423));
#1295=EDGE_LOOP('',(#2424,#2425,#2426,#2427,#2428,#2429));
#1296=EDGE_LOOP('',(#2430,#2431,#2432,#2433,#2434,#2435));
#1297=EDGE_LOOP('',(#2436,#2437,#2438,#2439,#2440,#2441));
#1298=EDGE_LOOP('',(#2442,#2443,#2444,#2445,#2446,#2447));
#1299=EDGE_LOOP('',(#2448,#2449,#2450,#2451));
#1300=EDGE_LOOP('',(#2452,#2453,#2454,#2455));
#1301=EDGE_LOOP('',(#2456,#2457,#2458,#2459));
#1302=EDGE_LOOP('',(#2460,#2461,#2462,#2463));
#1303=EDGE_LOOP('',(#2464,#2465,#2466,#2467));
#1304=EDGE_LOOP('',(#2468,#2469,#2470,#2471));
#1305=EDGE_LOOP('',(#2472,#2473,#2474,#2475));
#1306=EDGE_LOOP('',(#2476,#2477,#2478,#2479));
#1307=EDGE_LOOP('',(#2480,#2481,#2482,#2483));
#1308=EDGE_LOOP('',(#2484,#2485,#2486,#2487));
#1309=EDGE_LOOP('',(#2488,#2489,#2490,#2491));
#1310=EDGE_LOOP('',(#2492,#2493,#2494,#2495));
#1311=EDGE_LOOP('',(#2496,#2497,#2498,#2499));
#1312=EDGE_LOOP('',(#2500,#2501,#2502,#2503));
#1313=EDGE_LOOP('',(#2504,#2505,#2506,#2507));
#1314=EDGE_LOOP('',(#2508,#2509,#2510,#2511));
#1315=EDGE_LOOP('',(#2512,#2513,#2514,#2515));
#1316=EDGE_LOOP('',(#2516,#2517,#2518,#2519));
#1317=EDGE_LOOP('',(#2520,#2521,#2522,#2523));
#1318=EDGE_LOOP('',(#2524,#2525,#2526,#2527,#2528,#2529,#2530,#2531,#2532,
#2533,#2534,#2535));
#1319=EDGE_LOOP('',(#2536,#2537,#2538,#2539));
#1320=EDGE_LOOP('',(#2540,#2541,#2542,#2543));
#1321=EDGE_LOOP('',(#2544,#2545,#2546,#2547));
#1322=EDGE_LOOP('',(#2548,#2549,#2550,#2551));
#1323=EDGE_LOOP('',(#2552,#2553,#2554,#2555));
#1324=EDGE_LOOP('',(#2556,#2557,#2558,#2559));
#1325=EDGE_LOOP('',(#2560,#2561,#2562,#2563));
#1326=EDGE_LOOP('',(#2564,#2565,#2566,#2567));
#1327=EDGE_LOOP('',(#2568,#2569,#2570,#2571));
#1328=EDGE_LOOP('',(#2572,#2573,#2574,#2575));
#1329=EDGE_LOOP('',(#2576,#2577,#2578,#2579));
#1330=EDGE_LOOP('',(#2580,#2581,#2582,#2583));
#1331=EDGE_LOOP('',(#2584,#2585,#2586,#2587,#2588,#2589,#2590,#2591,#2592,
#2593,#2594,#2595));
#1332=EDGE_LOOP('',(#2596,#2597,#2598,#2599));
#1333=EDGE_LOOP('',(#2600,#2601,#2602,#2603));
#1334=EDGE_LOOP('',(#2604,#2605,#2606,#2607));
#1335=EDGE_LOOP('',(#2608,#2609,#2610,#2611));
#1336=EDGE_LOOP('',(#2612,#2613,#2614,#2615));
#1337=EDGE_LOOP('',(#2616,#2617,#2618,#2619));
#1338=EDGE_LOOP('',(#2620,#2621,#2622,#2623));
#1339=EDGE_LOOP('',(#2624,#2625,#2626,#2627));
#1340=EDGE_LOOP('',(#2628,#2629,#2630,#2631));
#1341=EDGE_LOOP('',(#2632,#2633,#2634,#2635));
#1342=EDGE_LOOP('',(#2636,#2637,#2638,#2639));
#1343=EDGE_LOOP('',(#2640,#2641,#2642,#2643));
#1344=EDGE_LOOP('',(#2644,#2645,#2646,#2647,#2648,#2649,#2650,#2651,#2652,
#2653,#2654,#2655));
#1345=EDGE_LOOP('',(#2656,#2657,#2658,#2659));
#1346=EDGE_LOOP('',(#2660,#2661,#2662,#2663));
#1347=EDGE_LOOP('',(#2664,#2665,#2666,#2667));
#1348=EDGE_LOOP('',(#2668,#2669,#2670,#2671));
#1349=EDGE_LOOP('',(#2672,#2673,#2674,#2675));
#1350=EDGE_LOOP('',(#2676,#2677,#2678,#2679));
#1351=EDGE_LOOP('',(#2680,#2681,#2682,#2683));
#1352=EDGE_LOOP('',(#2684,#2685,#2686,#2687));
#1353=EDGE_LOOP('',(#2688,#2689,#2690,#2691));
#1354=EDGE_LOOP('',(#2692,#2693,#2694,#2695));
#1355=EDGE_LOOP('',(#2696,#2697,#2698,#2699));
#1356=EDGE_LOOP('',(#2700,#2701,#2702,#2703));
#1357=EDGE_LOOP('',(#2704,#2705,#2706,#2707,#2708,#2709,#2710,#2711,#2712,
#2713,#2714,#2715));
#1358=EDGE_LOOP('',(#2716,#2717,#2718,#2719));
#1359=EDGE_LOOP('',(#2720,#2721,#2722,#2723));
#1360=EDGE_LOOP('',(#2724,#2725,#2726,#2727));
#1361=EDGE_LOOP('',(#2728,#2729,#2730,#2731));
#1362=EDGE_LOOP('',(#2732,#2733,#2734,#2735));
#1363=EDGE_LOOP('',(#2736,#2737,#2738,#2739));
#1364=EDGE_LOOP('',(#2740,#2741,#2742,#2743));
#1365=EDGE_LOOP('',(#2744,#2745,#2746,#2747));
#1366=EDGE_LOOP('',(#2748,#2749,#2750,#2751));
#1367=EDGE_LOOP('',(#2752,#2753,#2754,#2755));
#1368=EDGE_LOOP('',(#2756,#2757,#2758,#2759));
#1369=EDGE_LOOP('',(#2760,#2761,#2762,#2763));
#1370=EDGE_LOOP('',(#2764,#2765,#2766,#2767,#2768,#2769,#2770,#2771,#2772,
#2773,#2774,#2775));
#1371=EDGE_LOOP('',(#2776,#2777,#2778,#2779));
#1372=EDGE_LOOP('',(#2780,#2781,#2782,#2783));
#1373=EDGE_LOOP('',(#2784,#2785,#2786,#2787));
#1374=EDGE_LOOP('',(#2788,#2789,#2790,#2791));
#1375=EDGE_LOOP('',(#2792,#2793,#2794,#2795));
#1376=EDGE_LOOP('',(#2796,#2797,#2798,#2799));
#1377=EDGE_LOOP('',(#2800,#2801,#2802,#2803));
#1378=EDGE_LOOP('',(#2804,#2805,#2806,#2807));
#1379=EDGE_LOOP('',(#2808,#2809,#2810,#2811));
#1380=EDGE_LOOP('',(#2812,#2813,#2814,#2815));
#1381=EDGE_LOOP('',(#2816,#2817,#2818,#2819));
#1382=EDGE_LOOP('',(#2820,#2821,#2822,#2823));
#1383=EDGE_LOOP('',(#2824,#2825,#2826,#2827,#2828,#2829,#2830,#2831,#2832,
#2833,#2834,#2835));
#1384=EDGE_LOOP('',(#2836,#2837,#2838,#2839));
#1385=EDGE_LOOP('',(#2840,#2841,#2842,#2843));
#1386=EDGE_LOOP('',(#2844,#2845,#2846,#2847));
#1387=EDGE_LOOP('',(#2848,#2849,#2850,#2851));
#1388=EDGE_LOOP('',(#2852,#2853,#2854,#2855));
#1389=EDGE_LOOP('',(#2856,#2857,#2858,#2859));
#1390=EDGE_LOOP('',(#2860,#2861,#2862,#2863));
#1391=EDGE_LOOP('',(#2864,#2865,#2866,#2867));
#1392=EDGE_LOOP('',(#2868,#2869,#2870,#2871));
#1393=EDGE_LOOP('',(#2872,#2873,#2874,#2875));
#1394=EDGE_LOOP('',(#2876,#2877,#2878,#2879));
#1395=EDGE_LOOP('',(#2880,#2881,#2882,#2883));
#1396=EDGE_LOOP('',(#2884,#2885,#2886,#2887,#2888,#2889,#2890,#2891,#2892,
#2893,#2894,#2895));
#1397=EDGE_LOOP('',(#2896,#2897,#2898,#2899));
#1398=EDGE_LOOP('',(#2900,#2901,#2902,#2903));
#1399=EDGE_LOOP('',(#2904,#2905,#2906,#2907));
#1400=EDGE_LOOP('',(#2908,#2909,#2910,#2911));
#1401=EDGE_LOOP('',(#2912,#2913,#2914,#2915));
#1402=EDGE_LOOP('',(#2916,#2917,#2918,#2919));
#1403=EDGE_LOOP('',(#2920,#2921,#2922,#2923));
#1404=EDGE_LOOP('',(#2924,#2925,#2926,#2927));
#1405=EDGE_LOOP('',(#2928,#2929,#2930,#2931));
#1406=EDGE_LOOP('',(#2932,#2933,#2934,#2935));
#1407=EDGE_LOOP('',(#2936,#2937,#2938,#2939));
#1408=EDGE_LOOP('',(#2940,#2941,#2942,#2943));
#1409=EDGE_LOOP('',(#2944,#2945,#2946,#2947));
#1410=EDGE_LOOP('',(#2948,#2949,#2950,#2951));
#1411=EDGE_LOOP('',(#2952,#2953,#2954,#2955));
#1412=EDGE_LOOP('',(#2956,#2957,#2958,#2959));
#1413=EDGE_LOOP('',(#2960,#2961,#2962,#2963));
#1414=EDGE_LOOP('',(#2964,#2965,#2966,#2967));
#1415=EDGE_LOOP('',(#2968,#2969,#2970,#2971));
#1416=EDGE_LOOP('',(#2972,#2973,#2974,#2975));
#1417=EDGE_LOOP('',(#2976,#2977,#2978,#2979));
#1418=EDGE_LOOP('',(#2980,#2981,#2982,#2983));
#1419=EDGE_LOOP('',(#2984,#2985,#2986,#2987));
#1420=EDGE_LOOP('',(#2988,#2989,#2990,#2991));
#1421=EDGE_LOOP('',(#2992,#2993,#2994,#2995));
#1422=EDGE_LOOP('',(#2996,#2997,#2998,#2999));
#1423=EDGE_LOOP('',(#3000,#3001,#3002,#3003));
#1424=EDGE_LOOP('',(#3004,#3005,#3006,#3007));
#1425=EDGE_LOOP('',(#3008,#3009,#3010,#3011));
#1426=EDGE_LOOP('',(#3012,#3013,#3014,#3015));
#1427=EDGE_LOOP('',(#3016,#3017,#3018,#3019));
#1428=EDGE_LOOP('',(#3020,#3021,#3022,#3023));
#1429=EDGE_LOOP('',(#3024,#3025,#3026,#3027));
#1430=EDGE_LOOP('',(#3028,#3029,#3030,#3031));
#1431=EDGE_LOOP('',(#3032,#3033,#3034,#3035));
#1432=EDGE_LOOP('',(#3036,#3037,#3038,#3039));
#1433=EDGE_LOOP('',(#3040,#3041,#3042,#3043));
#1434=EDGE_LOOP('',(#3044,#3045,#3046,#3047));
#1435=EDGE_LOOP('',(#3048,#3049,#3050,#3051));
#1436=EDGE_LOOP('',(#3052,#3053,#3054,#3055));
#1437=EDGE_LOOP('',(#3056,#3057,#3058,#3059));
#1438=EDGE_LOOP('',(#3060,#3061,#3062,#3063));
#1439=EDGE_LOOP('',(#3064,#3065,#3066,#3067));
#1440=EDGE_LOOP('',(#3068,#3069,#3070,#3071));
#1441=EDGE_LOOP('',(#3072,#3073,#3074,#3075));
#1442=EDGE_LOOP('',(#3076,#3077,#3078,#3079));
#1443=EDGE_LOOP('',(#3080,#3081,#3082,#3083));
#1444=EDGE_LOOP('',(#3084,#3085,#3086,#3087));
#1445=EDGE_LOOP('',(#3088,#3089,#3090,#3091));
#1446=EDGE_LOOP('',(#3092,#3093,#3094,#3095));
#1447=EDGE_LOOP('',(#3096,#3097,#3098,#3099));
#1448=EDGE_LOOP('',(#3100,#3101,#3102,#3103));
#1449=EDGE_LOOP('',(#3104,#3105,#3106,#3107));
#1450=EDGE_LOOP('',(#3108,#3109,#3110,#3111));
#1451=EDGE_LOOP('',(#3112,#3113,#3114,#3115));
#1452=EDGE_LOOP('',(#3116,#3117,#3118,#3119));
#1453=EDGE_LOOP('',(#3120,#3121,#3122,#3123));
#1454=EDGE_LOOP('',(#3124,#3125,#3126,#3127));
#1455=EDGE_LOOP('',(#3128,#3129,#3130,#3131));
#1456=EDGE_LOOP('',(#3132,#3133,#3134,#3135));
#1457=EDGE_LOOP('',(#3136,#3137,#3138,#3139));
#1458=EDGE_LOOP('',(#3140,#3141,#3142,#3143));
#1459=EDGE_LOOP('',(#3144,#3145,#3146,#3147));
#1460=EDGE_LOOP('',(#3148,#3149,#3150,#3151));
#1461=EDGE_LOOP('',(#3152,#3153,#3154,#3155));
#1462=EDGE_LOOP('',(#3156,#3157,#3158,#3159));
#1463=EDGE_LOOP('',(#3160,#3161,#3162,#3163));
#1464=EDGE_LOOP('',(#3164,#3165,#3166,#3167));
#1465=EDGE_LOOP('',(#3168,#3169,#3170,#3171));
#1466=EDGE_LOOP('',(#3172,#3173,#3174,#3175));
#1467=EDGE_LOOP('',(#3176,#3177,#3178,#3179));
#1468=EDGE_LOOP('',(#3180,#3181,#3182,#3183));
#1469=EDGE_LOOP('',(#3184,#3185,#3186,#3187));
#1470=EDGE_LOOP('',(#3188,#3189,#3190,#3191));
#1471=EDGE_LOOP('',(#3192,#3193,#3194,#3195));
#1472=EDGE_LOOP('',(#3196,#3197,#3198,#3199));
#1473=EDGE_LOOP('',(#3200,#3201,#3202,#3203));
#1474=EDGE_LOOP('',(#3204,#3205,#3206,#3207));
#1475=EDGE_LOOP('',(#3208,#3209,#3210,#3211));
#1476=EDGE_LOOP('',(#3212,#3213,#3214,#3215));
#1477=EDGE_LOOP('',(#3216,#3217,#3218,#3219));
#1478=EDGE_LOOP('',(#3220,#3221,#3222,#3223));
#1479=EDGE_LOOP('',(#3224,#3225,#3226,#3227));
#1480=EDGE_LOOP('',(#3228,#3229,#3230,#3231));
#1481=EDGE_LOOP('',(#3232,#3233,#3234,#3235));
#1482=EDGE_LOOP('',(#3236,#3237,#3238,#3239));
#1483=EDGE_LOOP('',(#3240,#3241,#3242,#3243));
#1484=EDGE_LOOP('',(#3244,#3245,#3246,#3247));
#1485=EDGE_LOOP('',(#3248,#3249,#3250,#3251));
#1486=EDGE_LOOP('',(#3252,#3253,#3254,#3255));
#1487=EDGE_LOOP('',(#3256,#3257,#3258,#3259));
#1488=EDGE_LOOP('',(#3260,#3261,#3262,#3263));
#1489=EDGE_LOOP('',(#3264,#3265,#3266,#3267));
#1490=EDGE_LOOP('',(#3268,#3269,#3270,#3271));
#1491=EDGE_LOOP('',(#3272,#3273,#3274,#3275));
#1492=EDGE_LOOP('',(#3276,#3277,#3278,#3279));
#1493=EDGE_LOOP('',(#3280,#3281,#3282,#3283));
#1494=EDGE_LOOP('',(#3284,#3285,#3286,#3287));
#1495=EDGE_LOOP('',(#3288,#3289,#3290,#3291));
#1496=EDGE_LOOP('',(#3292,#3293,#3294,#3295));
#1497=EDGE_LOOP('',(#3296,#3297,#3298,#3299));
#1498=EDGE_LOOP('',(#3300,#3301,#3302,#3303));
#1499=EDGE_LOOP('',(#3304,#3305,#3306,#3307));
#1500=EDGE_LOOP('',(#3308,#3309,#3310,#3311));
#1501=EDGE_LOOP('',(#3312,#3313,#3314,#3315));
#1502=EDGE_LOOP('',(#3316,#3317,#3318,#3319));
#1503=EDGE_LOOP('',(#3320,#3321,#3322,#3323));
#1504=EDGE_LOOP('',(#3324,#3325,#3326,#3327));
#1505=EDGE_LOOP('',(#3328,#3329,#3330,#3331));
#1506=EDGE_LOOP('',(#3332,#3333,#3334,#3335));
#1507=EDGE_LOOP('',(#3336,#3337,#3338,#3339));
#1508=EDGE_LOOP('',(#3340,#3341,#3342,#3343));
#1509=EDGE_LOOP('',(#3344,#3345,#3346,#3347));
#1510=EDGE_LOOP('',(#3348,#3349,#3350,#3351));
#1511=EDGE_LOOP('',(#3352,#3353,#3354,#3355));
#1512=EDGE_LOOP('',(#3356,#3357,#3358,#3359));
#1513=EDGE_LOOP('',(#3360,#3361,#3362,#3363));
#1514=EDGE_LOOP('',(#3364,#3365,#3366,#3367));
#1515=EDGE_LOOP('',(#3368,#3369,#3370,#3371));
#1516=EDGE_LOOP('',(#3372,#3373,#3374,#3375));
#1517=EDGE_LOOP('',(#3376,#3377,#3378,#3379));
#1518=EDGE_LOOP('',(#3380,#3381,#3382,#3383));
#1519=EDGE_LOOP('',(#3384,#3385,#3386,#3387));
#1520=EDGE_LOOP('',(#3388,#3389,#3390,#3391));
#1521=EDGE_LOOP('',(#3392,#3393,#3394,#3395));
#1522=EDGE_LOOP('',(#3396,#3397,#3398,#3399));
#1523=EDGE_LOOP('',(#3400,#3401,#3402,#3403));
#1524=EDGE_LOOP('',(#3404,#3405,#3406,#3407));
#1525=EDGE_LOOP('',(#3408,#3409,#3410,#3411));
#1526=EDGE_LOOP('',(#3412,#3413,#3414,#3415));
#1527=EDGE_LOOP('',(#3416,#3417,#3418,#3419));
#1528=EDGE_LOOP('',(#3420,#3421,#3422,#3423));
#1529=EDGE_LOOP('',(#3424,#3425,#3426,#3427));
#1530=EDGE_LOOP('',(#3428,#3429,#3430,#3431));
#1531=EDGE_LOOP('',(#3432,#3433,#3434,#3435));
#1532=EDGE_LOOP('',(#3436,#3437,#3438,#3439));
#1533=EDGE_LOOP('',(#3440,#3441,#3442,#3443));
#1534=EDGE_LOOP('',(#3444,#3445,#3446,#3447));
#1535=EDGE_LOOP('',(#3448,#3449,#3450,#3451));
#1536=EDGE_LOOP('',(#3452,#3453,#3454,#3455));
#1537=EDGE_LOOP('',(#3456,#3457,#3458,#3459));
#1538=EDGE_LOOP('',(#3460,#3461,#3462,#3463));
#1539=EDGE_LOOP('',(#3464,#3465,#3466,#3467));
#1540=EDGE_LOOP('',(#3468,#3469,#3470,#3471));
#1541=EDGE_LOOP('',(#3472,#3473,#3474,#3475));
#1542=ORIENTED_EDGE('',*,*,#4086,.F.);
#1543=ORIENTED_EDGE('',*,*,#4087,.F.);
#1544=ORIENTED_EDGE('',*,*,#4088,.F.);
#1545=ORIENTED_EDGE('',*,*,#4089,.F.);
#1546=ORIENTED_EDGE('',*,*,#4090,.F.);
#1547=ORIENTED_EDGE('',*,*,#4091,.T.);
#1548=ORIENTED_EDGE('',*,*,#4092,.F.);
#1549=ORIENTED_EDGE('',*,*,#4093,.T.);
#1550=ORIENTED_EDGE('',*,*,#4094,.F.);
#1551=ORIENTED_EDGE('',*,*,#4095,.T.);
#1552=ORIENTED_EDGE('',*,*,#4096,.F.);
#1553=ORIENTED_EDGE('',*,*,#4097,.T.);
#1554=ORIENTED_EDGE('',*,*,#4098,.F.);
#1555=ORIENTED_EDGE('',*,*,#4099,.T.);
#1556=ORIENTED_EDGE('',*,*,#4100,.F.);
#1557=ORIENTED_EDGE('',*,*,#4101,.T.);
#1558=ORIENTED_EDGE('',*,*,#4102,.F.);
#1559=ORIENTED_EDGE('',*,*,#4103,.T.);
#1560=ORIENTED_EDGE('',*,*,#4104,.F.);
#1561=ORIENTED_EDGE('',*,*,#4105,.T.);
#1562=ORIENTED_EDGE('',*,*,#4106,.F.);
#1563=ORIENTED_EDGE('',*,*,#4107,.T.);
#1564=ORIENTED_EDGE('',*,*,#4108,.F.);
#1565=ORIENTED_EDGE('',*,*,#4109,.T.);
#1566=ORIENTED_EDGE('',*,*,#4110,.F.);
#1567=ORIENTED_EDGE('',*,*,#4111,.T.);
#1568=ORIENTED_EDGE('',*,*,#4112,.F.);
#1569=ORIENTED_EDGE('',*,*,#4113,.T.);
#1570=ORIENTED_EDGE('',*,*,#4114,.F.);
#1571=ORIENTED_EDGE('',*,*,#4115,.T.);
#1572=ORIENTED_EDGE('',*,*,#4116,.F.);
#1573=ORIENTED_EDGE('',*,*,#4117,.T.);
#1574=ORIENTED_EDGE('',*,*,#4118,.F.);
#1575=ORIENTED_EDGE('',*,*,#4119,.T.);
#1576=ORIENTED_EDGE('',*,*,#4120,.F.);
#1577=ORIENTED_EDGE('',*,*,#4121,.F.);
#1578=ORIENTED_EDGE('',*,*,#4122,.T.);
#1579=ORIENTED_EDGE('',*,*,#4123,.T.);
#1580=ORIENTED_EDGE('',*,*,#4124,.F.);
#1581=ORIENTED_EDGE('',*,*,#4125,.T.);
#1582=ORIENTED_EDGE('',*,*,#4126,.F.);
#1583=ORIENTED_EDGE('',*,*,#4127,.F.);
#1584=ORIENTED_EDGE('',*,*,#4128,.F.);
#1585=ORIENTED_EDGE('',*,*,#4129,.F.);
#1586=ORIENTED_EDGE('',*,*,#4130,.T.);
#1587=ORIENTED_EDGE('',*,*,#4131,.T.);
#1588=ORIENTED_EDGE('',*,*,#4132,.T.);
#1589=ORIENTED_EDGE('',*,*,#4133,.T.);
#1590=ORIENTED_EDGE('',*,*,#4134,.T.);
#1591=ORIENTED_EDGE('',*,*,#4135,.F.);
#1592=ORIENTED_EDGE('',*,*,#4136,.T.);
#1593=ORIENTED_EDGE('',*,*,#4137,.T.);
#1594=ORIENTED_EDGE('',*,*,#4138,.T.);
#1595=ORIENTED_EDGE('',*,*,#4139,.T.);
#1596=ORIENTED_EDGE('',*,*,#4140,.T.);
#1597=ORIENTED_EDGE('',*,*,#4141,.F.);
#1598=ORIENTED_EDGE('',*,*,#4142,.F.);
#1599=ORIENTED_EDGE('',*,*,#4143,.T.);
#1600=ORIENTED_EDGE('',*,*,#4144,.T.);
#1601=ORIENTED_EDGE('',*,*,#4145,.F.);
#1602=ORIENTED_EDGE('',*,*,#4146,.T.);
#1603=ORIENTED_EDGE('',*,*,#4147,.T.);
#1604=ORIENTED_EDGE('',*,*,#4148,.T.);
#1605=ORIENTED_EDGE('',*,*,#4149,.T.);
#1606=ORIENTED_EDGE('',*,*,#4150,.T.);
#1607=ORIENTED_EDGE('',*,*,#4151,.F.);
#1608=ORIENTED_EDGE('',*,*,#4152,.T.);
#1609=ORIENTED_EDGE('',*,*,#4153,.T.);
#1610=ORIENTED_EDGE('',*,*,#4154,.T.);
#1611=ORIENTED_EDGE('',*,*,#4155,.T.);
#1612=ORIENTED_EDGE('',*,*,#4156,.T.);
#1613=ORIENTED_EDGE('',*,*,#4157,.F.);
#1614=ORIENTED_EDGE('',*,*,#4158,.T.);
#1615=ORIENTED_EDGE('',*,*,#4159,.T.);
#1616=ORIENTED_EDGE('',*,*,#4160,.T.);
#1617=ORIENTED_EDGE('',*,*,#4161,.T.);
#1618=ORIENTED_EDGE('',*,*,#4162,.T.);
#1619=ORIENTED_EDGE('',*,*,#4163,.F.);
#1620=ORIENTED_EDGE('',*,*,#4164,.T.);
#1621=ORIENTED_EDGE('',*,*,#4165,.T.);
#1622=ORIENTED_EDGE('',*,*,#4166,.T.);
#1623=ORIENTED_EDGE('',*,*,#4167,.T.);
#1624=ORIENTED_EDGE('',*,*,#4168,.T.);
#1625=ORIENTED_EDGE('',*,*,#4169,.F.);
#1626=ORIENTED_EDGE('',*,*,#4170,.T.);
#1627=ORIENTED_EDGE('',*,*,#4171,.T.);
#1628=ORIENTED_EDGE('',*,*,#4172,.T.);
#1629=ORIENTED_EDGE('',*,*,#4173,.T.);
#1630=ORIENTED_EDGE('',*,*,#4174,.T.);
#1631=ORIENTED_EDGE('',*,*,#4175,.F.);
#1632=ORIENTED_EDGE('',*,*,#4176,.T.);
#1633=ORIENTED_EDGE('',*,*,#4177,.T.);
#1634=ORIENTED_EDGE('',*,*,#4178,.T.);
#1635=ORIENTED_EDGE('',*,*,#4179,.T.);
#1636=ORIENTED_EDGE('',*,*,#4180,.T.);
#1637=ORIENTED_EDGE('',*,*,#4181,.F.);
#1638=ORIENTED_EDGE('',*,*,#4182,.F.);
#1639=ORIENTED_EDGE('',*,*,#4183,.F.);
#1640=ORIENTED_EDGE('',*,*,#4184,.T.);
#1641=ORIENTED_EDGE('',*,*,#4135,.T.);
#1642=ORIENTED_EDGE('',*,*,#4185,.T.);
#1643=ORIENTED_EDGE('',*,*,#4181,.T.);
#1644=ORIENTED_EDGE('',*,*,#4186,.F.);
#1645=ORIENTED_EDGE('',*,*,#4187,.F.);
#1646=ORIENTED_EDGE('',*,*,#4188,.T.);
#1647=ORIENTED_EDGE('',*,*,#4175,.T.);
#1648=ORIENTED_EDGE('',*,*,#4189,.F.);
#1649=ORIENTED_EDGE('',*,*,#4190,.F.);
#1650=ORIENTED_EDGE('',*,*,#4191,.T.);
#1651=ORIENTED_EDGE('',*,*,#4169,.T.);
#1652=ORIENTED_EDGE('',*,*,#4192,.F.);
#1653=ORIENTED_EDGE('',*,*,#4193,.F.);
#1654=ORIENTED_EDGE('',*,*,#4194,.T.);
#1655=ORIENTED_EDGE('',*,*,#4163,.T.);
#1656=ORIENTED_EDGE('',*,*,#4195,.F.);
#1657=ORIENTED_EDGE('',*,*,#4196,.F.);
#1658=ORIENTED_EDGE('',*,*,#4197,.T.);
#1659=ORIENTED_EDGE('',*,*,#4157,.T.);
#1660=ORIENTED_EDGE('',*,*,#4198,.F.);
#1661=ORIENTED_EDGE('',*,*,#4199,.F.);
#1662=ORIENTED_EDGE('',*,*,#4200,.T.);
#1663=ORIENTED_EDGE('',*,*,#4151,.T.);
#1664=ORIENTED_EDGE('',*,*,#4201,.F.);
#1665=ORIENTED_EDGE('',*,*,#4202,.F.);
#1666=ORIENTED_EDGE('',*,*,#4203,.T.);
#1667=ORIENTED_EDGE('',*,*,#4145,.T.);
#1668=ORIENTED_EDGE('',*,*,#4204,.T.);
#1669=ORIENTED_EDGE('',*,*,#4205,.F.);
#1670=ORIENTED_EDGE('',*,*,#4092,.T.);
#1671=ORIENTED_EDGE('',*,*,#4206,.T.);
#1672=ORIENTED_EDGE('',*,*,#4207,.T.);
#1673=ORIENTED_EDGE('',*,*,#4208,.T.);
#1674=ORIENTED_EDGE('',*,*,#4124,.T.);
#1675=ORIENTED_EDGE('',*,*,#4209,.T.);
#1676=ORIENTED_EDGE('',*,*,#4143,.F.);
#1677=ORIENTED_EDGE('',*,*,#4210,.F.);
#1678=ORIENTED_EDGE('',*,*,#4120,.T.);
#1679=ORIENTED_EDGE('',*,*,#4211,.T.);
#1680=ORIENTED_EDGE('',*,*,#4212,.T.);
#1681=ORIENTED_EDGE('',*,*,#4213,.T.);
#1682=ORIENTED_EDGE('',*,*,#4116,.T.);
#1683=ORIENTED_EDGE('',*,*,#4214,.T.);
#1684=ORIENTED_EDGE('',*,*,#4215,.T.);
#1685=ORIENTED_EDGE('',*,*,#4216,.T.);
#1686=ORIENTED_EDGE('',*,*,#4112,.T.);
#1687=ORIENTED_EDGE('',*,*,#4217,.T.);
#1688=ORIENTED_EDGE('',*,*,#4218,.T.);
#1689=ORIENTED_EDGE('',*,*,#4219,.T.);
#1690=ORIENTED_EDGE('',*,*,#4108,.T.);
#1691=ORIENTED_EDGE('',*,*,#4220,.T.);
#1692=ORIENTED_EDGE('',*,*,#4221,.T.);
#1693=ORIENTED_EDGE('',*,*,#4222,.T.);
#1694=ORIENTED_EDGE('',*,*,#4104,.T.);
#1695=ORIENTED_EDGE('',*,*,#4223,.T.);
#1696=ORIENTED_EDGE('',*,*,#4224,.T.);
#1697=ORIENTED_EDGE('',*,*,#4225,.T.);
#1698=ORIENTED_EDGE('',*,*,#4100,.T.);
#1699=ORIENTED_EDGE('',*,*,#4226,.T.);
#1700=ORIENTED_EDGE('',*,*,#4227,.T.);
#1701=ORIENTED_EDGE('',*,*,#4228,.T.);
#1702=ORIENTED_EDGE('',*,*,#4096,.T.);
#1703=ORIENTED_EDGE('',*,*,#4229,.T.);
#1704=ORIENTED_EDGE('',*,*,#4230,.T.);
#1705=ORIENTED_EDGE('',*,*,#4231,.T.);
#1706=ORIENTED_EDGE('',*,*,#4232,.T.);
#1707=ORIENTED_EDGE('',*,*,#4233,.F.);
#1708=ORIENTED_EDGE('',*,*,#4234,.T.);
#1709=ORIENTED_EDGE('',*,*,#4235,.F.);
#1710=ORIENTED_EDGE('',*,*,#4236,.T.);
#1711=ORIENTED_EDGE('',*,*,#4237,.F.);
#1712=ORIENTED_EDGE('',*,*,#4238,.T.);
#1713=ORIENTED_EDGE('',*,*,#4239,.F.);
#1714=ORIENTED_EDGE('',*,*,#4240,.T.);
#1715=ORIENTED_EDGE('',*,*,#4241,.F.);
#1716=ORIENTED_EDGE('',*,*,#4242,.T.);
#1717=ORIENTED_EDGE('',*,*,#4243,.F.);
#1718=ORIENTED_EDGE('',*,*,#4244,.T.);
#1719=ORIENTED_EDGE('',*,*,#4245,.F.);
#1720=ORIENTED_EDGE('',*,*,#4246,.T.);
#1721=ORIENTED_EDGE('',*,*,#4247,.F.);
#1722=ORIENTED_EDGE('',*,*,#4248,.T.);
#1723=ORIENTED_EDGE('',*,*,#4249,.F.);
#1724=ORIENTED_EDGE('',*,*,#4250,.T.);
#1725=ORIENTED_EDGE('',*,*,#4251,.F.);
#1726=ORIENTED_EDGE('',*,*,#4252,.T.);
#1727=ORIENTED_EDGE('',*,*,#4253,.F.);
#1728=ORIENTED_EDGE('',*,*,#4254,.T.);
#1729=ORIENTED_EDGE('',*,*,#4255,.F.);
#1730=ORIENTED_EDGE('',*,*,#4256,.T.);
#1731=ORIENTED_EDGE('',*,*,#4257,.F.);
#1732=ORIENTED_EDGE('',*,*,#4258,.T.);
#1733=ORIENTED_EDGE('',*,*,#4259,.T.);
#1734=ORIENTED_EDGE('',*,*,#4260,.T.);
#1735=ORIENTED_EDGE('',*,*,#4261,.T.);
#1736=ORIENTED_EDGE('',*,*,#4262,.F.);
#1737=ORIENTED_EDGE('',*,*,#4263,.F.);
#1738=ORIENTED_EDGE('',*,*,#4264,.T.);
#1739=ORIENTED_EDGE('',*,*,#4265,.F.);
#1740=ORIENTED_EDGE('',*,*,#4266,.T.);
#1741=ORIENTED_EDGE('',*,*,#4267,.F.);
#1742=ORIENTED_EDGE('',*,*,#4268,.T.);
#1743=ORIENTED_EDGE('',*,*,#4269,.F.);
#1744=ORIENTED_EDGE('',*,*,#4270,.T.);
#1745=ORIENTED_EDGE('',*,*,#4271,.F.);
#1746=ORIENTED_EDGE('',*,*,#4272,.F.);
#1747=ORIENTED_EDGE('',*,*,#4273,.F.);
#1748=ORIENTED_EDGE('',*,*,#4274,.F.);
#1749=ORIENTED_EDGE('',*,*,#4275,.T.);
#1750=ORIENTED_EDGE('',*,*,#4276,.F.);
#1751=ORIENTED_EDGE('',*,*,#4277,.F.);
#1752=ORIENTED_EDGE('',*,*,#4278,.F.);
#1753=ORIENTED_EDGE('',*,*,#4273,.T.);
#1754=ORIENTED_EDGE('',*,*,#4279,.F.);
#1755=ORIENTED_EDGE('',*,*,#4256,.F.);
#1756=ORIENTED_EDGE('',*,*,#4280,.F.);
#1757=ORIENTED_EDGE('',*,*,#4277,.T.);
#1758=ORIENTED_EDGE('',*,*,#4281,.F.);
#1759=ORIENTED_EDGE('',*,*,#4282,.F.);
#1760=ORIENTED_EDGE('',*,*,#4283,.F.);
#1761=ORIENTED_EDGE('',*,*,#4284,.T.);
#1762=ORIENTED_EDGE('',*,*,#4285,.F.);
#1763=ORIENTED_EDGE('',*,*,#4286,.F.);
#1764=ORIENTED_EDGE('',*,*,#4287,.F.);
#1765=ORIENTED_EDGE('',*,*,#4282,.T.);
#1766=ORIENTED_EDGE('',*,*,#4288,.F.);
#1767=ORIENTED_EDGE('',*,*,#4252,.F.);
#1768=ORIENTED_EDGE('',*,*,#4289,.F.);
#1769=ORIENTED_EDGE('',*,*,#4286,.T.);
#1770=ORIENTED_EDGE('',*,*,#4290,.F.);
#1771=ORIENTED_EDGE('',*,*,#4291,.F.);
#1772=ORIENTED_EDGE('',*,*,#4292,.F.);
#1773=ORIENTED_EDGE('',*,*,#4293,.T.);
#1774=ORIENTED_EDGE('',*,*,#4294,.F.);
#1775=ORIENTED_EDGE('',*,*,#4295,.F.);
#1776=ORIENTED_EDGE('',*,*,#4296,.F.);
#1777=ORIENTED_EDGE('',*,*,#4291,.T.);
#1778=ORIENTED_EDGE('',*,*,#4297,.F.);
#1779=ORIENTED_EDGE('',*,*,#4248,.F.);
#1780=ORIENTED_EDGE('',*,*,#4298,.F.);
#1781=ORIENTED_EDGE('',*,*,#4295,.T.);
#1782=ORIENTED_EDGE('',*,*,#4299,.F.);
#1783=ORIENTED_EDGE('',*,*,#4300,.F.);
#1784=ORIENTED_EDGE('',*,*,#4301,.F.);
#1785=ORIENTED_EDGE('',*,*,#4302,.T.);
#1786=ORIENTED_EDGE('',*,*,#4303,.F.);
#1787=ORIENTED_EDGE('',*,*,#4304,.F.);
#1788=ORIENTED_EDGE('',*,*,#4305,.F.);
#1789=ORIENTED_EDGE('',*,*,#4300,.T.);
#1790=ORIENTED_EDGE('',*,*,#4306,.F.);
#1791=ORIENTED_EDGE('',*,*,#4244,.F.);
#1792=ORIENTED_EDGE('',*,*,#4307,.F.);
#1793=ORIENTED_EDGE('',*,*,#4304,.T.);
#1794=ORIENTED_EDGE('',*,*,#4308,.F.);
#1795=ORIENTED_EDGE('',*,*,#4309,.F.);
#1796=ORIENTED_EDGE('',*,*,#4310,.F.);
#1797=ORIENTED_EDGE('',*,*,#4311,.T.);
#1798=ORIENTED_EDGE('',*,*,#4312,.F.);
#1799=ORIENTED_EDGE('',*,*,#4313,.F.);
#1800=ORIENTED_EDGE('',*,*,#4314,.F.);
#1801=ORIENTED_EDGE('',*,*,#4309,.T.);
#1802=ORIENTED_EDGE('',*,*,#4315,.F.);
#1803=ORIENTED_EDGE('',*,*,#4240,.F.);
#1804=ORIENTED_EDGE('',*,*,#4316,.F.);
#1805=ORIENTED_EDGE('',*,*,#4313,.T.);
#1806=ORIENTED_EDGE('',*,*,#4317,.F.);
#1807=ORIENTED_EDGE('',*,*,#4318,.F.);
#1808=ORIENTED_EDGE('',*,*,#4319,.F.);
#1809=ORIENTED_EDGE('',*,*,#4320,.T.);
#1810=ORIENTED_EDGE('',*,*,#4321,.F.);
#1811=ORIENTED_EDGE('',*,*,#4322,.F.);
#1812=ORIENTED_EDGE('',*,*,#4323,.F.);
#1813=ORIENTED_EDGE('',*,*,#4318,.T.);
#1814=ORIENTED_EDGE('',*,*,#4324,.F.);
#1815=ORIENTED_EDGE('',*,*,#4236,.F.);
#1816=ORIENTED_EDGE('',*,*,#4325,.F.);
#1817=ORIENTED_EDGE('',*,*,#4322,.T.);
#1818=ORIENTED_EDGE('',*,*,#4326,.F.);
#1819=ORIENTED_EDGE('',*,*,#4327,.F.);
#1820=ORIENTED_EDGE('',*,*,#4328,.F.);
#1821=ORIENTED_EDGE('',*,*,#4329,.T.);
#1822=ORIENTED_EDGE('',*,*,#4330,.F.);
#1823=ORIENTED_EDGE('',*,*,#4331,.F.);
#1824=ORIENTED_EDGE('',*,*,#4332,.F.);
#1825=ORIENTED_EDGE('',*,*,#4327,.T.);
#1826=ORIENTED_EDGE('',*,*,#4333,.F.);
#1827=ORIENTED_EDGE('',*,*,#4232,.F.);
#1828=ORIENTED_EDGE('',*,*,#4334,.F.);
#1829=ORIENTED_EDGE('',*,*,#4331,.T.);
#1830=ORIENTED_EDGE('',*,*,#4275,.F.);
#1831=ORIENTED_EDGE('',*,*,#4335,.T.);
#1832=ORIENTED_EDGE('',*,*,#4336,.F.);
#1833=ORIENTED_EDGE('',*,*,#4337,.T.);
#1834=ORIENTED_EDGE('',*,*,#4284,.F.);
#1835=ORIENTED_EDGE('',*,*,#4338,.T.);
#1836=ORIENTED_EDGE('',*,*,#4339,.F.);
#1837=ORIENTED_EDGE('',*,*,#4340,.T.);
#1838=ORIENTED_EDGE('',*,*,#4293,.F.);
#1839=ORIENTED_EDGE('',*,*,#4341,.T.);
#1840=ORIENTED_EDGE('',*,*,#4342,.F.);
#1841=ORIENTED_EDGE('',*,*,#4343,.T.);
#1842=ORIENTED_EDGE('',*,*,#4302,.F.);
#1843=ORIENTED_EDGE('',*,*,#4344,.T.);
#1844=ORIENTED_EDGE('',*,*,#4345,.F.);
#1845=ORIENTED_EDGE('',*,*,#4346,.T.);
#1846=ORIENTED_EDGE('',*,*,#4311,.F.);
#1847=ORIENTED_EDGE('',*,*,#4347,.T.);
#1848=ORIENTED_EDGE('',*,*,#4348,.F.);
#1849=ORIENTED_EDGE('',*,*,#4349,.T.);
#1850=ORIENTED_EDGE('',*,*,#4320,.F.);
#1851=ORIENTED_EDGE('',*,*,#4350,.T.);
#1852=ORIENTED_EDGE('',*,*,#4351,.F.);
#1853=ORIENTED_EDGE('',*,*,#4352,.T.);
#1854=ORIENTED_EDGE('',*,*,#4329,.F.);
#1855=ORIENTED_EDGE('',*,*,#4353,.T.);
#1856=ORIENTED_EDGE('',*,*,#4354,.F.);
#1857=ORIENTED_EDGE('',*,*,#4355,.T.);
#1858=ORIENTED_EDGE('',*,*,#4356,.F.);
#1859=ORIENTED_EDGE('',*,*,#4357,.T.);
#1860=ORIENTED_EDGE('',*,*,#4358,.F.);
#1861=ORIENTED_EDGE('',*,*,#4359,.F.);
#1862=ORIENTED_EDGE('',*,*,#4360,.T.);
#1863=ORIENTED_EDGE('',*,*,#4361,.F.);
#1864=ORIENTED_EDGE('',*,*,#4362,.F.);
#1865=ORIENTED_EDGE('',*,*,#4363,.F.);
#1866=ORIENTED_EDGE('',*,*,#4364,.F.);
#1867=ORIENTED_EDGE('',*,*,#4365,.F.);
#1868=ORIENTED_EDGE('',*,*,#4183,.T.);
#1869=ORIENTED_EDGE('',*,*,#4366,.F.);
#1870=ORIENTED_EDGE('',*,*,#4367,.F.);
#1871=ORIENTED_EDGE('',*,*,#4368,.F.);
#1872=ORIENTED_EDGE('',*,*,#4369,.F.);
#1873=ORIENTED_EDGE('',*,*,#4370,.F.);
#1874=ORIENTED_EDGE('',*,*,#4187,.T.);
#1875=ORIENTED_EDGE('',*,*,#4371,.F.);
#1876=ORIENTED_EDGE('',*,*,#4372,.F.);
#1877=ORIENTED_EDGE('',*,*,#4373,.F.);
#1878=ORIENTED_EDGE('',*,*,#4374,.F.);
#1879=ORIENTED_EDGE('',*,*,#4375,.F.);
#1880=ORIENTED_EDGE('',*,*,#4190,.T.);
#1881=ORIENTED_EDGE('',*,*,#4376,.F.);
#1882=ORIENTED_EDGE('',*,*,#4377,.F.);
#1883=ORIENTED_EDGE('',*,*,#4378,.F.);
#1884=ORIENTED_EDGE('',*,*,#4379,.F.);
#1885=ORIENTED_EDGE('',*,*,#4380,.F.);
#1886=ORIENTED_EDGE('',*,*,#4193,.T.);
#1887=ORIENTED_EDGE('',*,*,#4381,.F.);
#1888=ORIENTED_EDGE('',*,*,#4382,.F.);
#1889=ORIENTED_EDGE('',*,*,#4383,.F.);
#1890=ORIENTED_EDGE('',*,*,#4384,.F.);
#1891=ORIENTED_EDGE('',*,*,#4385,.F.);
#1892=ORIENTED_EDGE('',*,*,#4196,.T.);
#1893=ORIENTED_EDGE('',*,*,#4386,.F.);
#1894=ORIENTED_EDGE('',*,*,#4387,.F.);
#1895=ORIENTED_EDGE('',*,*,#4388,.F.);
#1896=ORIENTED_EDGE('',*,*,#4389,.F.);
#1897=ORIENTED_EDGE('',*,*,#4390,.F.);
#1898=ORIENTED_EDGE('',*,*,#4199,.T.);
#1899=ORIENTED_EDGE('',*,*,#4391,.F.);
#1900=ORIENTED_EDGE('',*,*,#4392,.F.);
#1901=ORIENTED_EDGE('',*,*,#4393,.F.);
#1902=ORIENTED_EDGE('',*,*,#4394,.F.);
#1903=ORIENTED_EDGE('',*,*,#4395,.F.);
#1904=ORIENTED_EDGE('',*,*,#4202,.T.);
#1905=ORIENTED_EDGE('',*,*,#4396,.F.);
#1906=ORIENTED_EDGE('',*,*,#4397,.F.);
#1907=ORIENTED_EDGE('',*,*,#4398,.F.);
#1908=ORIENTED_EDGE('',*,*,#4399,.F.);
#1909=ORIENTED_EDGE('',*,*,#4400,.F.);
#1910=ORIENTED_EDGE('',*,*,#4205,.T.);
#1911=ORIENTED_EDGE('',*,*,#4401,.T.);
#1912=ORIENTED_EDGE('',*,*,#4402,.F.);
#1913=ORIENTED_EDGE('',*,*,#4403,.T.);
#1914=ORIENTED_EDGE('',*,*,#4404,.T.);
#1915=ORIENTED_EDGE('',*,*,#4351,.T.);
#1916=ORIENTED_EDGE('',*,*,#4405,.F.);
#1917=ORIENTED_EDGE('',*,*,#4234,.F.);
#1918=ORIENTED_EDGE('',*,*,#4406,.T.);
#1919=ORIENTED_EDGE('',*,*,#4348,.T.);
#1920=ORIENTED_EDGE('',*,*,#4407,.F.);
#1921=ORIENTED_EDGE('',*,*,#4238,.F.);
#1922=ORIENTED_EDGE('',*,*,#4408,.T.);
#1923=ORIENTED_EDGE('',*,*,#4345,.T.);
#1924=ORIENTED_EDGE('',*,*,#4409,.F.);
#1925=ORIENTED_EDGE('',*,*,#4242,.F.);
#1926=ORIENTED_EDGE('',*,*,#4410,.T.);
#1927=ORIENTED_EDGE('',*,*,#4342,.T.);
#1928=ORIENTED_EDGE('',*,*,#4411,.F.);
#1929=ORIENTED_EDGE('',*,*,#4246,.F.);
#1930=ORIENTED_EDGE('',*,*,#4412,.T.);
#1931=ORIENTED_EDGE('',*,*,#4339,.T.);
#1932=ORIENTED_EDGE('',*,*,#4413,.F.);
#1933=ORIENTED_EDGE('',*,*,#4250,.F.);
#1934=ORIENTED_EDGE('',*,*,#4414,.T.);
#1935=ORIENTED_EDGE('',*,*,#4336,.T.);
#1936=ORIENTED_EDGE('',*,*,#4415,.F.);
#1937=ORIENTED_EDGE('',*,*,#4254,.F.);
#1938=ORIENTED_EDGE('',*,*,#4416,.T.);
#1939=ORIENTED_EDGE('',*,*,#4402,.T.);
#1940=ORIENTED_EDGE('',*,*,#4417,.T.);
#1941=ORIENTED_EDGE('',*,*,#4258,.F.);
#1942=ORIENTED_EDGE('',*,*,#4264,.F.);
#1943=ORIENTED_EDGE('',*,*,#4418,.T.);
#1944=ORIENTED_EDGE('',*,*,#4419,.T.);
#1945=ORIENTED_EDGE('',*,*,#4420,.T.);
#1946=ORIENTED_EDGE('',*,*,#4260,.F.);
#1947=ORIENTED_EDGE('',*,*,#4421,.T.);
#1948=ORIENTED_EDGE('',*,*,#4422,.F.);
#1949=ORIENTED_EDGE('',*,*,#4423,.F.);
#1950=ORIENTED_EDGE('',*,*,#4424,.F.);
#1951=ORIENTED_EDGE('',*,*,#4425,.T.);
#1952=ORIENTED_EDGE('',*,*,#4122,.F.);
#1953=ORIENTED_EDGE('',*,*,#4426,.F.);
#1954=ORIENTED_EDGE('',*,*,#4427,.F.);
#1955=ORIENTED_EDGE('',*,*,#4428,.F.);
#1956=ORIENTED_EDGE('',*,*,#4429,.F.);
#1957=ORIENTED_EDGE('',*,*,#4430,.F.);
#1958=ORIENTED_EDGE('',*,*,#4431,.F.);
#1959=ORIENTED_EDGE('',*,*,#4432,.F.);
#1960=ORIENTED_EDGE('',*,*,#4433,.T.);
#1961=ORIENTED_EDGE('',*,*,#4421,.F.);
#1962=ORIENTED_EDGE('',*,*,#4259,.F.);
#1963=ORIENTED_EDGE('',*,*,#4417,.F.);
#1964=ORIENTED_EDGE('',*,*,#4401,.F.);
#1965=ORIENTED_EDGE('',*,*,#4204,.F.);
#1966=ORIENTED_EDGE('',*,*,#4144,.F.);
#1967=ORIENTED_EDGE('',*,*,#4209,.F.);
#1968=ORIENTED_EDGE('',*,*,#4123,.F.);
#1969=ORIENTED_EDGE('',*,*,#4425,.F.);
#1970=ORIENTED_EDGE('',*,*,#4434,.F.);
#1971=ORIENTED_EDGE('',*,*,#4360,.F.);
#1972=ORIENTED_EDGE('',*,*,#4435,.F.);
#1973=ORIENTED_EDGE('',*,*,#4141,.T.);
#1974=ORIENTED_EDGE('',*,*,#4436,.F.);
#1975=ORIENTED_EDGE('',*,*,#4356,.T.);
#1976=ORIENTED_EDGE('',*,*,#4437,.F.);
#1977=ORIENTED_EDGE('',*,*,#4438,.F.);
#1978=ORIENTED_EDGE('',*,*,#4439,.F.);
#1979=ORIENTED_EDGE('',*,*,#4438,.T.);
#1980=ORIENTED_EDGE('',*,*,#4440,.F.);
#1981=ORIENTED_EDGE('',*,*,#4441,.F.);
#1982=ORIENTED_EDGE('',*,*,#4442,.F.);
#1983=ORIENTED_EDGE('',*,*,#4441,.T.);
#1984=ORIENTED_EDGE('',*,*,#4443,.F.);
#1985=ORIENTED_EDGE('',*,*,#4268,.F.);
#1986=ORIENTED_EDGE('',*,*,#4444,.F.);
#1987=ORIENTED_EDGE('',*,*,#4266,.F.);
#1988=ORIENTED_EDGE('',*,*,#4445,.F.);
#1989=ORIENTED_EDGE('',*,*,#4358,.T.);
#1990=ORIENTED_EDGE('',*,*,#4446,.F.);
#1991=ORIENTED_EDGE('',*,*,#4447,.T.);
#1992=ORIENTED_EDGE('',*,*,#4448,.T.);
#1993=ORIENTED_EDGE('',*,*,#4449,.F.);
#1994=ORIENTED_EDGE('',*,*,#4448,.F.);
#1995=ORIENTED_EDGE('',*,*,#4450,.T.);
#1996=ORIENTED_EDGE('',*,*,#4451,.T.);
#1997=ORIENTED_EDGE('',*,*,#4452,.F.);
#1998=ORIENTED_EDGE('',*,*,#4451,.F.);
#1999=ORIENTED_EDGE('',*,*,#4453,.T.);
#2000=ORIENTED_EDGE('',*,*,#4454,.T.);
#2001=ORIENTED_EDGE('',*,*,#4455,.F.);
#2002=ORIENTED_EDGE('',*,*,#4454,.F.);
#2003=ORIENTED_EDGE('',*,*,#4456,.T.);
#2004=ORIENTED_EDGE('',*,*,#4457,.T.);
#2005=ORIENTED_EDGE('',*,*,#4458,.F.);
#2006=ORIENTED_EDGE('',*,*,#4457,.F.);
#2007=ORIENTED_EDGE('',*,*,#4459,.T.);
#2008=ORIENTED_EDGE('',*,*,#4460,.T.);
#2009=ORIENTED_EDGE('',*,*,#4461,.F.);
#2010=ORIENTED_EDGE('',*,*,#4460,.F.);
#2011=ORIENTED_EDGE('',*,*,#4462,.T.);
#2012=ORIENTED_EDGE('',*,*,#4263,.T.);
#2013=ORIENTED_EDGE('',*,*,#4463,.F.);
#2014=ORIENTED_EDGE('',*,*,#4261,.F.);
#2015=ORIENTED_EDGE('',*,*,#4464,.T.);
#2016=ORIENTED_EDGE('',*,*,#4446,.T.);
#2017=ORIENTED_EDGE('',*,*,#4465,.F.);
#2018=ORIENTED_EDGE('',*,*,#4466,.T.);
#2019=ORIENTED_EDGE('',*,*,#4467,.T.);
#2020=ORIENTED_EDGE('',*,*,#4468,.T.);
#2021=ORIENTED_EDGE('',*,*,#4469,.T.);
#2022=ORIENTED_EDGE('',*,*,#4470,.T.);
#2023=ORIENTED_EDGE('',*,*,#4471,.T.);
#2024=ORIENTED_EDGE('',*,*,#4472,.T.);
#2025=ORIENTED_EDGE('',*,*,#4473,.T.);
#2026=ORIENTED_EDGE('',*,*,#4474,.T.);
#2027=ORIENTED_EDGE('',*,*,#4475,.T.);
#2028=ORIENTED_EDGE('',*,*,#4476,.T.);
#2029=ORIENTED_EDGE('',*,*,#4477,.T.);
#2030=ORIENTED_EDGE('',*,*,#4478,.T.);
#2031=ORIENTED_EDGE('',*,*,#4479,.T.);
#2032=ORIENTED_EDGE('',*,*,#4480,.T.);
#2033=ORIENTED_EDGE('',*,*,#4481,.T.);
#2034=ORIENTED_EDGE('',*,*,#4482,.T.);
#2035=ORIENTED_EDGE('',*,*,#4483,.T.);
#2036=ORIENTED_EDGE('',*,*,#4484,.T.);
#2037=ORIENTED_EDGE('',*,*,#4485,.T.);
#2038=ORIENTED_EDGE('',*,*,#4486,.T.);
#2039=ORIENTED_EDGE('',*,*,#4487,.T.);
#2040=ORIENTED_EDGE('',*,*,#4488,.T.);
#2041=ORIENTED_EDGE('',*,*,#4489,.T.);
#2042=ORIENTED_EDGE('',*,*,#4490,.T.);
#2043=ORIENTED_EDGE('',*,*,#4491,.T.);
#2044=ORIENTED_EDGE('',*,*,#4492,.T.);
#2045=ORIENTED_EDGE('',*,*,#4493,.T.);
#2046=ORIENTED_EDGE('',*,*,#4494,.T.);
#2047=ORIENTED_EDGE('',*,*,#4495,.T.);
#2048=ORIENTED_EDGE('',*,*,#4496,.T.);
#2049=ORIENTED_EDGE('',*,*,#4497,.T.);
#2050=ORIENTED_EDGE('',*,*,#4498,.T.);
#2051=ORIENTED_EDGE('',*,*,#4499,.T.);
#2052=ORIENTED_EDGE('',*,*,#4500,.T.);
#2053=ORIENTED_EDGE('',*,*,#4501,.T.);
#2054=ORIENTED_EDGE('',*,*,#4502,.T.);
#2055=ORIENTED_EDGE('',*,*,#4503,.T.);
#2056=ORIENTED_EDGE('',*,*,#4504,.T.);
#2057=ORIENTED_EDGE('',*,*,#4505,.T.);
#2058=ORIENTED_EDGE('',*,*,#4506,.T.);
#2059=ORIENTED_EDGE('',*,*,#4507,.T.);
#2060=ORIENTED_EDGE('',*,*,#4508,.T.);
#2061=ORIENTED_EDGE('',*,*,#4509,.T.);
#2062=ORIENTED_EDGE('',*,*,#4510,.T.);
#2063=ORIENTED_EDGE('',*,*,#4511,.T.);
#2064=ORIENTED_EDGE('',*,*,#4512,.T.);
#2065=ORIENTED_EDGE('',*,*,#4513,.T.);
#2066=ORIENTED_EDGE('',*,*,#4514,.T.);
#2067=ORIENTED_EDGE('',*,*,#4515,.T.);
#2068=ORIENTED_EDGE('',*,*,#4516,.T.);
#2069=ORIENTED_EDGE('',*,*,#4517,.T.);
#2070=ORIENTED_EDGE('',*,*,#4518,.T.);
#2071=ORIENTED_EDGE('',*,*,#4519,.T.);
#2072=ORIENTED_EDGE('',*,*,#4520,.T.);
#2073=ORIENTED_EDGE('',*,*,#4521,.T.);
#2074=ORIENTED_EDGE('',*,*,#4522,.T.);
#2075=ORIENTED_EDGE('',*,*,#4523,.T.);
#2076=ORIENTED_EDGE('',*,*,#4524,.T.);
#2077=ORIENTED_EDGE('',*,*,#4525,.T.);
#2078=ORIENTED_EDGE('',*,*,#4526,.T.);
#2079=ORIENTED_EDGE('',*,*,#4527,.T.);
#2080=ORIENTED_EDGE('',*,*,#4528,.T.);
#2081=ORIENTED_EDGE('',*,*,#4529,.T.);
#2082=ORIENTED_EDGE('',*,*,#4530,.T.);
#2083=ORIENTED_EDGE('',*,*,#4531,.T.);
#2084=ORIENTED_EDGE('',*,*,#4532,.T.);
#2085=ORIENTED_EDGE('',*,*,#4533,.T.);
#2086=ORIENTED_EDGE('',*,*,#4534,.T.);
#2087=ORIENTED_EDGE('',*,*,#4535,.T.);
#2088=ORIENTED_EDGE('',*,*,#4536,.T.);
#2089=ORIENTED_EDGE('',*,*,#4537,.T.);
#2090=ORIENTED_EDGE('',*,*,#4538,.T.);
#2091=ORIENTED_EDGE('',*,*,#4539,.T.);
#2092=ORIENTED_EDGE('',*,*,#4540,.T.);
#2093=ORIENTED_EDGE('',*,*,#4541,.T.);
#2094=ORIENTED_EDGE('',*,*,#4542,.T.);
#2095=ORIENTED_EDGE('',*,*,#4543,.T.);
#2096=ORIENTED_EDGE('',*,*,#4544,.T.);
#2097=ORIENTED_EDGE('',*,*,#4545,.T.);
#2098=ORIENTED_EDGE('',*,*,#4546,.T.);
#2099=ORIENTED_EDGE('',*,*,#4547,.T.);
#2100=ORIENTED_EDGE('',*,*,#4548,.T.);
#2101=ORIENTED_EDGE('',*,*,#4549,.T.);
#2102=ORIENTED_EDGE('',*,*,#4550,.T.);
#2103=ORIENTED_EDGE('',*,*,#4551,.T.);
#2104=ORIENTED_EDGE('',*,*,#4552,.T.);
#2105=ORIENTED_EDGE('',*,*,#4553,.T.);
#2106=ORIENTED_EDGE('',*,*,#4554,.T.);
#2107=ORIENTED_EDGE('',*,*,#4555,.T.);
#2108=ORIENTED_EDGE('',*,*,#4556,.T.);
#2109=ORIENTED_EDGE('',*,*,#4557,.T.);
#2110=ORIENTED_EDGE('',*,*,#4558,.T.);
#2111=ORIENTED_EDGE('',*,*,#4559,.T.);
#2112=ORIENTED_EDGE('',*,*,#4560,.T.);
#2113=ORIENTED_EDGE('',*,*,#4561,.T.);
#2114=ORIENTED_EDGE('',*,*,#4449,.T.);
#2115=ORIENTED_EDGE('',*,*,#4452,.T.);
#2116=ORIENTED_EDGE('',*,*,#4455,.T.);
#2117=ORIENTED_EDGE('',*,*,#4458,.T.);
#2118=ORIENTED_EDGE('',*,*,#4461,.T.);
#2119=ORIENTED_EDGE('',*,*,#4463,.T.);
#2120=ORIENTED_EDGE('',*,*,#4262,.T.);
#2121=ORIENTED_EDGE('',*,*,#4465,.T.);
#2122=ORIENTED_EDGE('',*,*,#4354,.T.);
#2123=ORIENTED_EDGE('',*,*,#4562,.F.);
#2124=ORIENTED_EDGE('',*,*,#4270,.F.);
#2125=ORIENTED_EDGE('',*,*,#4563,.T.);
#2126=ORIENTED_EDGE('',*,*,#4564,.F.);
#2127=ORIENTED_EDGE('',*,*,#4565,.F.);
#2128=ORIENTED_EDGE('',*,*,#4566,.T.);
#2129=ORIENTED_EDGE('',*,*,#4426,.T.);
#2130=ORIENTED_EDGE('',*,*,#4121,.T.);
#2131=ORIENTED_EDGE('',*,*,#4210,.T.);
#2132=ORIENTED_EDGE('',*,*,#4142,.T.);
#2133=ORIENTED_EDGE('',*,*,#4435,.T.);
#2134=ORIENTED_EDGE('',*,*,#4359,.T.);
#2135=ORIENTED_EDGE('',*,*,#4445,.T.);
#2136=ORIENTED_EDGE('',*,*,#4265,.T.);
#2137=ORIENTED_EDGE('',*,*,#4430,.T.);
#2138=ORIENTED_EDGE('',*,*,#4437,.T.);
#2139=ORIENTED_EDGE('',*,*,#4355,.F.);
#2140=ORIENTED_EDGE('',*,*,#4563,.F.);
#2141=ORIENTED_EDGE('',*,*,#4269,.T.);
#2142=ORIENTED_EDGE('',*,*,#4443,.T.);
#2143=ORIENTED_EDGE('',*,*,#4440,.T.);
#2144=ORIENTED_EDGE('',*,*,#4436,.T.);
#2145=ORIENTED_EDGE('',*,*,#4439,.T.);
#2146=ORIENTED_EDGE('',*,*,#4442,.T.);
#2147=ORIENTED_EDGE('',*,*,#4267,.T.);
#2148=ORIENTED_EDGE('',*,*,#4444,.T.);
#2149=ORIENTED_EDGE('',*,*,#4357,.F.);
#2150=ORIENTED_EDGE('',*,*,#4567,.F.);
#2151=ORIENTED_EDGE('',*,*,#4568,.F.);
#2152=ORIENTED_EDGE('',*,*,#4569,.F.);
#2153=ORIENTED_EDGE('',*,*,#4118,.T.);
#2154=ORIENTED_EDGE('',*,*,#4570,.F.);
#2155=ORIENTED_EDGE('',*,*,#4571,.T.);
#2156=ORIENTED_EDGE('',*,*,#4572,.T.);
#2157=ORIENTED_EDGE('',*,*,#4573,.T.);
#2158=ORIENTED_EDGE('',*,*,#4572,.F.);
#2159=ORIENTED_EDGE('',*,*,#4574,.T.);
#2160=ORIENTED_EDGE('',*,*,#4575,.T.);
#2161=ORIENTED_EDGE('',*,*,#4576,.T.);
#2162=ORIENTED_EDGE('',*,*,#4575,.F.);
#2163=ORIENTED_EDGE('',*,*,#4577,.T.);
#2164=ORIENTED_EDGE('',*,*,#4578,.T.);
#2165=ORIENTED_EDGE('',*,*,#4579,.T.);
#2166=ORIENTED_EDGE('',*,*,#4578,.F.);
#2167=ORIENTED_EDGE('',*,*,#4580,.T.);
#2168=ORIENTED_EDGE('',*,*,#4581,.T.);
#2169=ORIENTED_EDGE('',*,*,#4582,.T.);
#2170=ORIENTED_EDGE('',*,*,#4581,.F.);
#2171=ORIENTED_EDGE('',*,*,#4583,.T.);
#2172=ORIENTED_EDGE('',*,*,#4584,.T.);
#2173=ORIENTED_EDGE('',*,*,#4585,.T.);
#2174=ORIENTED_EDGE('',*,*,#4584,.F.);
#2175=ORIENTED_EDGE('',*,*,#4586,.T.);
#2176=ORIENTED_EDGE('',*,*,#4587,.T.);
#2177=ORIENTED_EDGE('',*,*,#4588,.T.);
#2178=ORIENTED_EDGE('',*,*,#4587,.F.);
#2179=ORIENTED_EDGE('',*,*,#4589,.T.);
#2180=ORIENTED_EDGE('',*,*,#4590,.T.);
#2181=ORIENTED_EDGE('',*,*,#4591,.T.);
#2182=ORIENTED_EDGE('',*,*,#4590,.F.);
#2183=ORIENTED_EDGE('',*,*,#4592,.T.);
#2184=ORIENTED_EDGE('',*,*,#4593,.T.);
#2185=ORIENTED_EDGE('',*,*,#4594,.T.);
#2186=ORIENTED_EDGE('',*,*,#4593,.F.);
#2187=ORIENTED_EDGE('',*,*,#4595,.T.);
#2188=ORIENTED_EDGE('',*,*,#4596,.T.);
#2189=ORIENTED_EDGE('',*,*,#4597,.T.);
#2190=ORIENTED_EDGE('',*,*,#4596,.F.);
#2191=ORIENTED_EDGE('',*,*,#4598,.T.);
#2192=ORIENTED_EDGE('',*,*,#4599,.T.);
#2193=ORIENTED_EDGE('',*,*,#4600,.T.);
#2194=ORIENTED_EDGE('',*,*,#4599,.F.);
#2195=ORIENTED_EDGE('',*,*,#4601,.T.);
#2196=ORIENTED_EDGE('',*,*,#4602,.T.);
#2197=ORIENTED_EDGE('',*,*,#4603,.T.);
#2198=ORIENTED_EDGE('',*,*,#4602,.F.);
#2199=ORIENTED_EDGE('',*,*,#4604,.T.);
#2200=ORIENTED_EDGE('',*,*,#4570,.T.);
#2201=ORIENTED_EDGE('',*,*,#4605,.T.);
#2202=ORIENTED_EDGE('',*,*,#4573,.F.);
#2203=ORIENTED_EDGE('',*,*,#4576,.F.);
#2204=ORIENTED_EDGE('',*,*,#4579,.F.);
#2205=ORIENTED_EDGE('',*,*,#4582,.F.);
#2206=ORIENTED_EDGE('',*,*,#4585,.F.);
#2207=ORIENTED_EDGE('',*,*,#4588,.F.);
#2208=ORIENTED_EDGE('',*,*,#4591,.F.);
#2209=ORIENTED_EDGE('',*,*,#4594,.F.);
#2210=ORIENTED_EDGE('',*,*,#4597,.F.);
#2211=ORIENTED_EDGE('',*,*,#4600,.F.);
#2212=ORIENTED_EDGE('',*,*,#4603,.F.);
#2213=ORIENTED_EDGE('',*,*,#4605,.F.);
#2214=ORIENTED_EDGE('',*,*,#4364,.T.);
#2215=ORIENTED_EDGE('',*,*,#4606,.F.);
#2216=ORIENTED_EDGE('',*,*,#4137,.F.);
#2217=ORIENTED_EDGE('',*,*,#4607,.T.);
#2218=ORIENTED_EDGE('',*,*,#4363,.T.);
#2219=ORIENTED_EDGE('',*,*,#4608,.F.);
#2220=ORIENTED_EDGE('',*,*,#4138,.F.);
#2221=ORIENTED_EDGE('',*,*,#4606,.T.);
#2222=ORIENTED_EDGE('',*,*,#4362,.T.);
#2223=ORIENTED_EDGE('',*,*,#4609,.F.);
#2224=ORIENTED_EDGE('',*,*,#4139,.F.);
#2225=ORIENTED_EDGE('',*,*,#4608,.T.);
#2226=ORIENTED_EDGE('',*,*,#4361,.T.);
#2227=ORIENTED_EDGE('',*,*,#4434,.T.);
#2228=ORIENTED_EDGE('',*,*,#4140,.F.);
#2229=ORIENTED_EDGE('',*,*,#4609,.T.);
#2230=ORIENTED_EDGE('',*,*,#4365,.T.);
#2231=ORIENTED_EDGE('',*,*,#4607,.F.);
#2232=ORIENTED_EDGE('',*,*,#4136,.F.);
#2233=ORIENTED_EDGE('',*,*,#4184,.F.);
#2234=ORIENTED_EDGE('',*,*,#4610,.F.);
#2235=ORIENTED_EDGE('',*,*,#4557,.F.);
#2236=ORIENTED_EDGE('',*,*,#4611,.F.);
#2237=ORIENTED_EDGE('',*,*,#4583,.F.);
#2238=ORIENTED_EDGE('',*,*,#4611,.T.);
#2239=ORIENTED_EDGE('',*,*,#4556,.F.);
#2240=ORIENTED_EDGE('',*,*,#4612,.F.);
#2241=ORIENTED_EDGE('',*,*,#4586,.F.);
#2242=ORIENTED_EDGE('',*,*,#4610,.T.);
#2243=ORIENTED_EDGE('',*,*,#4580,.F.);
#2244=ORIENTED_EDGE('',*,*,#4613,.F.);
#2245=ORIENTED_EDGE('',*,*,#4558,.F.);
#2246=ORIENTED_EDGE('',*,*,#4612,.T.);
#2247=ORIENTED_EDGE('',*,*,#4555,.F.);
#2248=ORIENTED_EDGE('',*,*,#4614,.F.);
#2249=ORIENTED_EDGE('',*,*,#4589,.F.);
#2250=ORIENTED_EDGE('',*,*,#4613,.T.);
#2251=ORIENTED_EDGE('',*,*,#4577,.F.);
#2252=ORIENTED_EDGE('',*,*,#4615,.F.);
#2253=ORIENTED_EDGE('',*,*,#4559,.F.);
#2254=ORIENTED_EDGE('',*,*,#4614,.T.);
#2255=ORIENTED_EDGE('',*,*,#4554,.F.);
#2256=ORIENTED_EDGE('',*,*,#4616,.F.);
#2257=ORIENTED_EDGE('',*,*,#4592,.F.);
#2258=ORIENTED_EDGE('',*,*,#4615,.T.);
#2259=ORIENTED_EDGE('',*,*,#4574,.F.);
#2260=ORIENTED_EDGE('',*,*,#4617,.F.);
#2261=ORIENTED_EDGE('',*,*,#4560,.F.);
#2262=ORIENTED_EDGE('',*,*,#4616,.T.);
#2263=ORIENTED_EDGE('',*,*,#4553,.F.);
#2264=ORIENTED_EDGE('',*,*,#4618,.F.);
#2265=ORIENTED_EDGE('',*,*,#4595,.F.);
#2266=ORIENTED_EDGE('',*,*,#4617,.T.);
#2267=ORIENTED_EDGE('',*,*,#4571,.F.);
#2268=ORIENTED_EDGE('',*,*,#4619,.F.);
#2269=ORIENTED_EDGE('',*,*,#4561,.F.);
#2270=ORIENTED_EDGE('',*,*,#4618,.T.);
#2271=ORIENTED_EDGE('',*,*,#4552,.F.);
#2272=ORIENTED_EDGE('',*,*,#4620,.F.);
#2273=ORIENTED_EDGE('',*,*,#4598,.F.);
#2274=ORIENTED_EDGE('',*,*,#4619,.T.);
#2275=ORIENTED_EDGE('',*,*,#4604,.F.);
#2276=ORIENTED_EDGE('',*,*,#4621,.F.);
#2277=ORIENTED_EDGE('',*,*,#4550,.F.);
#2278=ORIENTED_EDGE('',*,*,#4620,.T.);
#2279=ORIENTED_EDGE('',*,*,#4551,.F.);
#2280=ORIENTED_EDGE('',*,*,#4621,.T.);
#2281=ORIENTED_EDGE('',*,*,#4601,.F.);
#2282=ORIENTED_EDGE('',*,*,#4117,.F.);
#2283=ORIENTED_EDGE('',*,*,#4213,.F.);
#2284=ORIENTED_EDGE('',*,*,#4622,.F.);
#2285=ORIENTED_EDGE('',*,*,#4567,.T.);
#2286=ORIENTED_EDGE('',*,*,#4622,.T.);
#2287=ORIENTED_EDGE('',*,*,#4212,.F.);
#2288=ORIENTED_EDGE('',*,*,#4623,.F.);
#2289=ORIENTED_EDGE('',*,*,#4568,.T.);
#2290=ORIENTED_EDGE('',*,*,#4623,.T.);
#2291=ORIENTED_EDGE('',*,*,#4211,.F.);
#2292=ORIENTED_EDGE('',*,*,#4119,.F.);
#2293=ORIENTED_EDGE('',*,*,#4569,.T.);
#2294=ORIENTED_EDGE('',*,*,#4624,.F.);
#2295=ORIENTED_EDGE('',*,*,#4625,.T.);
#2296=ORIENTED_EDGE('',*,*,#4564,.T.);
#2297=ORIENTED_EDGE('',*,*,#4429,.T.);
#2298=ORIENTED_EDGE('',*,*,#4626,.F.);
#2299=ORIENTED_EDGE('',*,*,#4627,.T.);
#2300=ORIENTED_EDGE('',*,*,#4624,.T.);
#2301=ORIENTED_EDGE('',*,*,#4428,.T.);
#2302=ORIENTED_EDGE('',*,*,#4566,.F.);
#2303=ORIENTED_EDGE('',*,*,#4628,.T.);
#2304=ORIENTED_EDGE('',*,*,#4626,.T.);
#2305=ORIENTED_EDGE('',*,*,#4427,.T.);
#2306=ORIENTED_EDGE('',*,*,#4629,.F.);
#2307=ORIENTED_EDGE('',*,*,#4630,.T.);
#2308=ORIENTED_EDGE('',*,*,#4631,.T.);
#2309=ORIENTED_EDGE('',*,*,#4423,.T.);
#2310=ORIENTED_EDGE('',*,*,#4433,.F.);
#2311=ORIENTED_EDGE('',*,*,#4632,.T.);
#2312=ORIENTED_EDGE('',*,*,#4629,.T.);
#2313=ORIENTED_EDGE('',*,*,#4422,.T.);
#2314=ORIENTED_EDGE('',*,*,#4631,.F.);
#2315=ORIENTED_EDGE('',*,*,#4633,.T.);
#2316=ORIENTED_EDGE('',*,*,#4431,.T.);
#2317=ORIENTED_EDGE('',*,*,#4424,.T.);
#2318=ORIENTED_EDGE('',*,*,#4633,.F.);
#2319=ORIENTED_EDGE('',*,*,#4630,.F.);
#2320=ORIENTED_EDGE('',*,*,#4632,.F.);
#2321=ORIENTED_EDGE('',*,*,#4432,.T.);
#2322=ORIENTED_EDGE('',*,*,#4625,.F.);
#2323=ORIENTED_EDGE('',*,*,#4627,.F.);
#2324=ORIENTED_EDGE('',*,*,#4628,.F.);
#2325=ORIENTED_EDGE('',*,*,#4565,.T.);
#2326=ORIENTED_EDGE('',*,*,#4634,.F.);
#2327=ORIENTED_EDGE('',*,*,#4635,.T.);
#2328=ORIENTED_EDGE('',*,*,#4086,.T.);
#2329=ORIENTED_EDGE('',*,*,#4636,.T.);
#2330=ORIENTED_EDGE('',*,*,#4088,.T.);
#2331=ORIENTED_EDGE('',*,*,#4637,.T.);
#2332=ORIENTED_EDGE('',*,*,#4638,.F.);
#2333=ORIENTED_EDGE('',*,*,#4639,.T.);
#2334=ORIENTED_EDGE('',*,*,#4638,.T.);
#2335=ORIENTED_EDGE('',*,*,#4640,.T.);
#2336=ORIENTED_EDGE('',*,*,#4634,.T.);
#2337=ORIENTED_EDGE('',*,*,#4641,.T.);
#2338=ORIENTED_EDGE('',*,*,#4637,.F.);
#2339=ORIENTED_EDGE('',*,*,#4087,.T.);
#2340=ORIENTED_EDGE('',*,*,#4635,.F.);
#2341=ORIENTED_EDGE('',*,*,#4640,.F.);
#2342=ORIENTED_EDGE('',*,*,#4636,.F.);
#2343=ORIENTED_EDGE('',*,*,#4089,.T.);
#2344=ORIENTED_EDGE('',*,*,#4639,.F.);
#2345=ORIENTED_EDGE('',*,*,#4641,.F.);
#2346=ORIENTED_EDGE('',*,*,#4642,.F.);
#2347=ORIENTED_EDGE('',*,*,#4447,.F.);
#2348=ORIENTED_EDGE('',*,*,#4464,.F.);
#2349=ORIENTED_EDGE('',*,*,#4420,.F.);
#2350=ORIENTED_EDGE('',*,*,#4450,.F.);
#2351=ORIENTED_EDGE('',*,*,#4642,.T.);
#2352=ORIENTED_EDGE('',*,*,#4643,.F.);
#2353=ORIENTED_EDGE('',*,*,#4644,.F.);
#2354=ORIENTED_EDGE('',*,*,#4453,.F.);
#2355=ORIENTED_EDGE('',*,*,#4643,.T.);
#2356=ORIENTED_EDGE('',*,*,#4419,.F.);
#2357=ORIENTED_EDGE('',*,*,#4456,.F.);
#2358=ORIENTED_EDGE('',*,*,#4644,.T.);
#2359=ORIENTED_EDGE('',*,*,#4645,.F.);
#2360=ORIENTED_EDGE('',*,*,#4645,.T.);
#2361=ORIENTED_EDGE('',*,*,#4418,.F.);
#2362=ORIENTED_EDGE('',*,*,#4462,.F.);
#2363=ORIENTED_EDGE('',*,*,#4459,.F.);
#2364=ORIENTED_EDGE('',*,*,#4328,.T.);
#2365=ORIENTED_EDGE('',*,*,#4332,.T.);
#2366=ORIENTED_EDGE('',*,*,#4334,.T.);
#2367=ORIENTED_EDGE('',*,*,#4271,.T.);
#2368=ORIENTED_EDGE('',*,*,#4562,.T.);
#2369=ORIENTED_EDGE('',*,*,#4353,.F.);
#2370=ORIENTED_EDGE('',*,*,#4319,.T.);
#2371=ORIENTED_EDGE('',*,*,#4323,.T.);
#2372=ORIENTED_EDGE('',*,*,#4325,.T.);
#2373=ORIENTED_EDGE('',*,*,#4235,.T.);
#2374=ORIENTED_EDGE('',*,*,#4405,.T.);
#2375=ORIENTED_EDGE('',*,*,#4350,.F.);
#2376=ORIENTED_EDGE('',*,*,#4310,.T.);
#2377=ORIENTED_EDGE('',*,*,#4314,.T.);
#2378=ORIENTED_EDGE('',*,*,#4316,.T.);
#2379=ORIENTED_EDGE('',*,*,#4239,.T.);
#2380=ORIENTED_EDGE('',*,*,#4407,.T.);
#2381=ORIENTED_EDGE('',*,*,#4347,.F.);
#2382=ORIENTED_EDGE('',*,*,#4301,.T.);
#2383=ORIENTED_EDGE('',*,*,#4305,.T.);
#2384=ORIENTED_EDGE('',*,*,#4307,.T.);
#2385=ORIENTED_EDGE('',*,*,#4243,.T.);
#2386=ORIENTED_EDGE('',*,*,#4409,.T.);
#2387=ORIENTED_EDGE('',*,*,#4344,.F.);
#2388=ORIENTED_EDGE('',*,*,#4292,.T.);
#2389=ORIENTED_EDGE('',*,*,#4296,.T.);
#2390=ORIENTED_EDGE('',*,*,#4298,.T.);
#2391=ORIENTED_EDGE('',*,*,#4247,.T.);
#2392=ORIENTED_EDGE('',*,*,#4411,.T.);
#2393=ORIENTED_EDGE('',*,*,#4341,.F.);
#2394=ORIENTED_EDGE('',*,*,#4283,.T.);
#2395=ORIENTED_EDGE('',*,*,#4287,.T.);
#2396=ORIENTED_EDGE('',*,*,#4289,.T.);
#2397=ORIENTED_EDGE('',*,*,#4251,.T.);
#2398=ORIENTED_EDGE('',*,*,#4413,.T.);
#2399=ORIENTED_EDGE('',*,*,#4338,.F.);
#2400=ORIENTED_EDGE('',*,*,#4274,.T.);
#2401=ORIENTED_EDGE('',*,*,#4278,.T.);
#2402=ORIENTED_EDGE('',*,*,#4280,.T.);
#2403=ORIENTED_EDGE('',*,*,#4255,.T.);
#2404=ORIENTED_EDGE('',*,*,#4415,.T.);
#2405=ORIENTED_EDGE('',*,*,#4335,.F.);
#2406=ORIENTED_EDGE('',*,*,#4326,.T.);
#2407=ORIENTED_EDGE('',*,*,#4352,.F.);
#2408=ORIENTED_EDGE('',*,*,#4404,.F.);
#2409=ORIENTED_EDGE('',*,*,#4233,.T.);
#2410=ORIENTED_EDGE('',*,*,#4333,.T.);
#2411=ORIENTED_EDGE('',*,*,#4330,.T.);
#2412=ORIENTED_EDGE('',*,*,#4317,.T.);
#2413=ORIENTED_EDGE('',*,*,#4349,.F.);
#2414=ORIENTED_EDGE('',*,*,#4406,.F.);
#2415=ORIENTED_EDGE('',*,*,#4237,.T.);
#2416=ORIENTED_EDGE('',*,*,#4324,.T.);
#2417=ORIENTED_EDGE('',*,*,#4321,.T.);
#2418=ORIENTED_EDGE('',*,*,#4308,.T.);
#2419=ORIENTED_EDGE('',*,*,#4346,.F.);
#2420=ORIENTED_EDGE('',*,*,#4408,.F.);
#2421=ORIENTED_EDGE('',*,*,#4241,.T.);
#2422=ORIENTED_EDGE('',*,*,#4315,.T.);
#2423=ORIENTED_EDGE('',*,*,#4312,.T.);
#2424=ORIENTED_EDGE('',*,*,#4299,.T.);
#2425=ORIENTED_EDGE('',*,*,#4343,.F.);
#2426=ORIENTED_EDGE('',*,*,#4410,.F.);
#2427=ORIENTED_EDGE('',*,*,#4245,.T.);
#2428=ORIENTED_EDGE('',*,*,#4306,.T.);
#2429=ORIENTED_EDGE('',*,*,#4303,.T.);
#2430=ORIENTED_EDGE('',*,*,#4290,.T.);
#2431=ORIENTED_EDGE('',*,*,#4340,.F.);
#2432=ORIENTED_EDGE('',*,*,#4412,.F.);
#2433=ORIENTED_EDGE('',*,*,#4249,.T.);
#2434=ORIENTED_EDGE('',*,*,#4297,.T.);
#2435=ORIENTED_EDGE('',*,*,#4294,.T.);
#2436=ORIENTED_EDGE('',*,*,#4281,.T.);
#2437=ORIENTED_EDGE('',*,*,#4337,.F.);
#2438=ORIENTED_EDGE('',*,*,#4414,.F.);
#2439=ORIENTED_EDGE('',*,*,#4253,.T.);
#2440=ORIENTED_EDGE('',*,*,#4288,.T.);
#2441=ORIENTED_EDGE('',*,*,#4285,.T.);
#2442=ORIENTED_EDGE('',*,*,#4272,.T.);
#2443=ORIENTED_EDGE('',*,*,#4403,.F.);
#2444=ORIENTED_EDGE('',*,*,#4416,.F.);
#2445=ORIENTED_EDGE('',*,*,#4257,.T.);
#2446=ORIENTED_EDGE('',*,*,#4279,.T.);
#2447=ORIENTED_EDGE('',*,*,#4276,.T.);
#2448=ORIENTED_EDGE('',*,*,#4646,.T.);
#2449=ORIENTED_EDGE('',*,*,#4647,.T.);
#2450=ORIENTED_EDGE('',*,*,#4648,.T.);
#2451=ORIENTED_EDGE('',*,*,#4090,.T.);
#2452=ORIENTED_EDGE('',*,*,#4649,.T.);
#2453=ORIENTED_EDGE('',*,*,#4650,.T.);
#2454=ORIENTED_EDGE('',*,*,#4651,.T.);
#2455=ORIENTED_EDGE('',*,*,#4094,.T.);
#2456=ORIENTED_EDGE('',*,*,#4652,.T.);
#2457=ORIENTED_EDGE('',*,*,#4653,.T.);
#2458=ORIENTED_EDGE('',*,*,#4654,.T.);
#2459=ORIENTED_EDGE('',*,*,#4098,.T.);
#2460=ORIENTED_EDGE('',*,*,#4655,.T.);
#2461=ORIENTED_EDGE('',*,*,#4656,.T.);
#2462=ORIENTED_EDGE('',*,*,#4657,.T.);
#2463=ORIENTED_EDGE('',*,*,#4102,.T.);
#2464=ORIENTED_EDGE('',*,*,#4658,.T.);
#2465=ORIENTED_EDGE('',*,*,#4659,.T.);
#2466=ORIENTED_EDGE('',*,*,#4660,.T.);
#2467=ORIENTED_EDGE('',*,*,#4106,.T.);
#2468=ORIENTED_EDGE('',*,*,#4661,.T.);
#2469=ORIENTED_EDGE('',*,*,#4662,.T.);
#2470=ORIENTED_EDGE('',*,*,#4663,.T.);
#2471=ORIENTED_EDGE('',*,*,#4110,.T.);
#2472=ORIENTED_EDGE('',*,*,#4664,.T.);
#2473=ORIENTED_EDGE('',*,*,#4665,.T.);
#2474=ORIENTED_EDGE('',*,*,#4666,.T.);
#2475=ORIENTED_EDGE('',*,*,#4114,.T.);
#2476=ORIENTED_EDGE('',*,*,#4667,.T.);
#2477=ORIENTED_EDGE('',*,*,#4668,.T.);
#2478=ORIENTED_EDGE('',*,*,#4669,.F.);
#2479=ORIENTED_EDGE('',*,*,#4670,.F.);
#2480=ORIENTED_EDGE('',*,*,#4669,.T.);
#2481=ORIENTED_EDGE('',*,*,#4671,.T.);
#2482=ORIENTED_EDGE('',*,*,#4672,.F.);
#2483=ORIENTED_EDGE('',*,*,#4673,.F.);
#2484=ORIENTED_EDGE('',*,*,#4672,.T.);
#2485=ORIENTED_EDGE('',*,*,#4674,.T.);
#2486=ORIENTED_EDGE('',*,*,#4675,.F.);
#2487=ORIENTED_EDGE('',*,*,#4676,.F.);
#2488=ORIENTED_EDGE('',*,*,#4675,.T.);
#2489=ORIENTED_EDGE('',*,*,#4677,.T.);
#2490=ORIENTED_EDGE('',*,*,#4678,.F.);
#2491=ORIENTED_EDGE('',*,*,#4679,.F.);
#2492=ORIENTED_EDGE('',*,*,#4678,.T.);
#2493=ORIENTED_EDGE('',*,*,#4680,.T.);
#2494=ORIENTED_EDGE('',*,*,#4681,.F.);
#2495=ORIENTED_EDGE('',*,*,#4682,.F.);
#2496=ORIENTED_EDGE('',*,*,#4681,.T.);
#2497=ORIENTED_EDGE('',*,*,#4683,.T.);
#2498=ORIENTED_EDGE('',*,*,#4684,.F.);
#2499=ORIENTED_EDGE('',*,*,#4685,.F.);
#2500=ORIENTED_EDGE('',*,*,#4684,.T.);
#2501=ORIENTED_EDGE('',*,*,#4686,.T.);
#2502=ORIENTED_EDGE('',*,*,#4687,.F.);
#2503=ORIENTED_EDGE('',*,*,#4688,.F.);
#2504=ORIENTED_EDGE('',*,*,#4687,.T.);
#2505=ORIENTED_EDGE('',*,*,#4689,.T.);
#2506=ORIENTED_EDGE('',*,*,#4690,.F.);
#2507=ORIENTED_EDGE('',*,*,#4691,.F.);
#2508=ORIENTED_EDGE('',*,*,#4690,.T.);
#2509=ORIENTED_EDGE('',*,*,#4692,.T.);
#2510=ORIENTED_EDGE('',*,*,#4693,.F.);
#2511=ORIENTED_EDGE('',*,*,#4694,.F.);
#2512=ORIENTED_EDGE('',*,*,#4693,.T.);
#2513=ORIENTED_EDGE('',*,*,#4695,.T.);
#2514=ORIENTED_EDGE('',*,*,#4696,.F.);
#2515=ORIENTED_EDGE('',*,*,#4697,.F.);
#2516=ORIENTED_EDGE('',*,*,#4696,.T.);
#2517=ORIENTED_EDGE('',*,*,#4698,.T.);
#2518=ORIENTED_EDGE('',*,*,#4699,.F.);
#2519=ORIENTED_EDGE('',*,*,#4700,.F.);
#2520=ORIENTED_EDGE('',*,*,#4699,.T.);
#2521=ORIENTED_EDGE('',*,*,#4701,.T.);
#2522=ORIENTED_EDGE('',*,*,#4667,.F.);
#2523=ORIENTED_EDGE('',*,*,#4702,.F.);
#2524=ORIENTED_EDGE('',*,*,#4670,.T.);
#2525=ORIENTED_EDGE('',*,*,#4673,.T.);
#2526=ORIENTED_EDGE('',*,*,#4676,.T.);
#2527=ORIENTED_EDGE('',*,*,#4679,.T.);
#2528=ORIENTED_EDGE('',*,*,#4682,.T.);
#2529=ORIENTED_EDGE('',*,*,#4685,.T.);
#2530=ORIENTED_EDGE('',*,*,#4688,.T.);
#2531=ORIENTED_EDGE('',*,*,#4691,.T.);
#2532=ORIENTED_EDGE('',*,*,#4694,.T.);
#2533=ORIENTED_EDGE('',*,*,#4697,.T.);
#2534=ORIENTED_EDGE('',*,*,#4700,.T.);
#2535=ORIENTED_EDGE('',*,*,#4702,.T.);
#2536=ORIENTED_EDGE('',*,*,#4703,.T.);
#2537=ORIENTED_EDGE('',*,*,#4704,.T.);
#2538=ORIENTED_EDGE('',*,*,#4705,.F.);
#2539=ORIENTED_EDGE('',*,*,#4706,.F.);
#2540=ORIENTED_EDGE('',*,*,#4705,.T.);
#2541=ORIENTED_EDGE('',*,*,#4707,.T.);
#2542=ORIENTED_EDGE('',*,*,#4708,.F.);
#2543=ORIENTED_EDGE('',*,*,#4709,.F.);
#2544=ORIENTED_EDGE('',*,*,#4708,.T.);
#2545=ORIENTED_EDGE('',*,*,#4710,.T.);
#2546=ORIENTED_EDGE('',*,*,#4711,.F.);
#2547=ORIENTED_EDGE('',*,*,#4712,.F.);
#2548=ORIENTED_EDGE('',*,*,#4711,.T.);
#2549=ORIENTED_EDGE('',*,*,#4713,.T.);
#2550=ORIENTED_EDGE('',*,*,#4714,.F.);
#2551=ORIENTED_EDGE('',*,*,#4715,.F.);
#2552=ORIENTED_EDGE('',*,*,#4714,.T.);
#2553=ORIENTED_EDGE('',*,*,#4716,.T.);
#2554=ORIENTED_EDGE('',*,*,#4717,.F.);
#2555=ORIENTED_EDGE('',*,*,#4718,.F.);
#2556=ORIENTED_EDGE('',*,*,#4717,.T.);
#2557=ORIENTED_EDGE('',*,*,#4719,.T.);
#2558=ORIENTED_EDGE('',*,*,#4720,.F.);
#2559=ORIENTED_EDGE('',*,*,#4721,.F.);
#2560=ORIENTED_EDGE('',*,*,#4720,.T.);
#2561=ORIENTED_EDGE('',*,*,#4722,.T.);
#2562=ORIENTED_EDGE('',*,*,#4723,.F.);
#2563=ORIENTED_EDGE('',*,*,#4724,.F.);
#2564=ORIENTED_EDGE('',*,*,#4723,.T.);
#2565=ORIENTED_EDGE('',*,*,#4725,.T.);
#2566=ORIENTED_EDGE('',*,*,#4726,.F.);
#2567=ORIENTED_EDGE('',*,*,#4727,.F.);
#2568=ORIENTED_EDGE('',*,*,#4726,.T.);
#2569=ORIENTED_EDGE('',*,*,#4728,.T.);
#2570=ORIENTED_EDGE('',*,*,#4729,.F.);
#2571=ORIENTED_EDGE('',*,*,#4730,.F.);
#2572=ORIENTED_EDGE('',*,*,#4729,.T.);
#2573=ORIENTED_EDGE('',*,*,#4731,.T.);
#2574=ORIENTED_EDGE('',*,*,#4732,.F.);
#2575=ORIENTED_EDGE('',*,*,#4733,.F.);
#2576=ORIENTED_EDGE('',*,*,#4732,.T.);
#2577=ORIENTED_EDGE('',*,*,#4734,.T.);
#2578=ORIENTED_EDGE('',*,*,#4735,.F.);
#2579=ORIENTED_EDGE('',*,*,#4736,.F.);
#2580=ORIENTED_EDGE('',*,*,#4735,.T.);
#2581=ORIENTED_EDGE('',*,*,#4737,.T.);
#2582=ORIENTED_EDGE('',*,*,#4703,.F.);
#2583=ORIENTED_EDGE('',*,*,#4738,.F.);
#2584=ORIENTED_EDGE('',*,*,#4706,.T.);
#2585=ORIENTED_EDGE('',*,*,#4709,.T.);
#2586=ORIENTED_EDGE('',*,*,#4712,.T.);
#2587=ORIENTED_EDGE('',*,*,#4715,.T.);
#2588=ORIENTED_EDGE('',*,*,#4718,.T.);
#2589=ORIENTED_EDGE('',*,*,#4721,.T.);
#2590=ORIENTED_EDGE('',*,*,#4724,.T.);
#2591=ORIENTED_EDGE('',*,*,#4727,.T.);
#2592=ORIENTED_EDGE('',*,*,#4730,.T.);
#2593=ORIENTED_EDGE('',*,*,#4733,.T.);
#2594=ORIENTED_EDGE('',*,*,#4736,.T.);
#2595=ORIENTED_EDGE('',*,*,#4738,.T.);
#2596=ORIENTED_EDGE('',*,*,#4739,.T.);
#2597=ORIENTED_EDGE('',*,*,#4740,.T.);
#2598=ORIENTED_EDGE('',*,*,#4741,.F.);
#2599=ORIENTED_EDGE('',*,*,#4742,.F.);
#2600=ORIENTED_EDGE('',*,*,#4741,.T.);
#2601=ORIENTED_EDGE('',*,*,#4743,.T.);
#2602=ORIENTED_EDGE('',*,*,#4744,.F.);
#2603=ORIENTED_EDGE('',*,*,#4745,.F.);
#2604=ORIENTED_EDGE('',*,*,#4744,.T.);
#2605=ORIENTED_EDGE('',*,*,#4746,.T.);
#2606=ORIENTED_EDGE('',*,*,#4747,.F.);
#2607=ORIENTED_EDGE('',*,*,#4748,.F.);
#2608=ORIENTED_EDGE('',*,*,#4747,.T.);
#2609=ORIENTED_EDGE('',*,*,#4749,.T.);
#2610=ORIENTED_EDGE('',*,*,#4750,.F.);
#2611=ORIENTED_EDGE('',*,*,#4751,.F.);
#2612=ORIENTED_EDGE('',*,*,#4750,.T.);
#2613=ORIENTED_EDGE('',*,*,#4752,.T.);
#2614=ORIENTED_EDGE('',*,*,#4753,.F.);
#2615=ORIENTED_EDGE('',*,*,#4754,.F.);
#2616=ORIENTED_EDGE('',*,*,#4753,.T.);
#2617=ORIENTED_EDGE('',*,*,#4755,.T.);
#2618=ORIENTED_EDGE('',*,*,#4756,.F.);
#2619=ORIENTED_EDGE('',*,*,#4757,.F.);
#2620=ORIENTED_EDGE('',*,*,#4756,.T.);
#2621=ORIENTED_EDGE('',*,*,#4758,.T.);
#2622=ORIENTED_EDGE('',*,*,#4759,.F.);
#2623=ORIENTED_EDGE('',*,*,#4760,.F.);
#2624=ORIENTED_EDGE('',*,*,#4759,.T.);
#2625=ORIENTED_EDGE('',*,*,#4761,.T.);
#2626=ORIENTED_EDGE('',*,*,#4762,.F.);
#2627=ORIENTED_EDGE('',*,*,#4763,.F.);
#2628=ORIENTED_EDGE('',*,*,#4762,.T.);
#2629=ORIENTED_EDGE('',*,*,#4764,.T.);
#2630=ORIENTED_EDGE('',*,*,#4765,.F.);
#2631=ORIENTED_EDGE('',*,*,#4766,.F.);
#2632=ORIENTED_EDGE('',*,*,#4765,.T.);
#2633=ORIENTED_EDGE('',*,*,#4767,.T.);
#2634=ORIENTED_EDGE('',*,*,#4768,.F.);
#2635=ORIENTED_EDGE('',*,*,#4769,.F.);
#2636=ORIENTED_EDGE('',*,*,#4768,.T.);
#2637=ORIENTED_EDGE('',*,*,#4770,.T.);
#2638=ORIENTED_EDGE('',*,*,#4771,.F.);
#2639=ORIENTED_EDGE('',*,*,#4772,.F.);
#2640=ORIENTED_EDGE('',*,*,#4771,.T.);
#2641=ORIENTED_EDGE('',*,*,#4773,.T.);
#2642=ORIENTED_EDGE('',*,*,#4739,.F.);
#2643=ORIENTED_EDGE('',*,*,#4774,.F.);
#2644=ORIENTED_EDGE('',*,*,#4742,.T.);
#2645=ORIENTED_EDGE('',*,*,#4745,.T.);
#2646=ORIENTED_EDGE('',*,*,#4748,.T.);
#2647=ORIENTED_EDGE('',*,*,#4751,.T.);
#2648=ORIENTED_EDGE('',*,*,#4754,.T.);
#2649=ORIENTED_EDGE('',*,*,#4757,.T.);
#2650=ORIENTED_EDGE('',*,*,#4760,.T.);
#2651=ORIENTED_EDGE('',*,*,#4763,.T.);
#2652=ORIENTED_EDGE('',*,*,#4766,.T.);
#2653=ORIENTED_EDGE('',*,*,#4769,.T.);
#2654=ORIENTED_EDGE('',*,*,#4772,.T.);
#2655=ORIENTED_EDGE('',*,*,#4774,.T.);
#2656=ORIENTED_EDGE('',*,*,#4775,.T.);
#2657=ORIENTED_EDGE('',*,*,#4776,.T.);
#2658=ORIENTED_EDGE('',*,*,#4777,.F.);
#2659=ORIENTED_EDGE('',*,*,#4778,.F.);
#2660=ORIENTED_EDGE('',*,*,#4777,.T.);
#2661=ORIENTED_EDGE('',*,*,#4779,.T.);
#2662=ORIENTED_EDGE('',*,*,#4780,.F.);
#2663=ORIENTED_EDGE('',*,*,#4781,.F.);
#2664=ORIENTED_EDGE('',*,*,#4780,.T.);
#2665=ORIENTED_EDGE('',*,*,#4782,.T.);
#2666=ORIENTED_EDGE('',*,*,#4783,.F.);
#2667=ORIENTED_EDGE('',*,*,#4784,.F.);
#2668=ORIENTED_EDGE('',*,*,#4783,.T.);
#2669=ORIENTED_EDGE('',*,*,#4785,.T.);
#2670=ORIENTED_EDGE('',*,*,#4786,.F.);
#2671=ORIENTED_EDGE('',*,*,#4787,.F.);
#2672=ORIENTED_EDGE('',*,*,#4786,.T.);
#2673=ORIENTED_EDGE('',*,*,#4788,.T.);
#2674=ORIENTED_EDGE('',*,*,#4789,.F.);
#2675=ORIENTED_EDGE('',*,*,#4790,.F.);
#2676=ORIENTED_EDGE('',*,*,#4789,.T.);
#2677=ORIENTED_EDGE('',*,*,#4791,.T.);
#2678=ORIENTED_EDGE('',*,*,#4792,.F.);
#2679=ORIENTED_EDGE('',*,*,#4793,.F.);
#2680=ORIENTED_EDGE('',*,*,#4792,.T.);
#2681=ORIENTED_EDGE('',*,*,#4794,.T.);
#2682=ORIENTED_EDGE('',*,*,#4795,.F.);
#2683=ORIENTED_EDGE('',*,*,#4796,.F.);
#2684=ORIENTED_EDGE('',*,*,#4795,.T.);
#2685=ORIENTED_EDGE('',*,*,#4797,.T.);
#2686=ORIENTED_EDGE('',*,*,#4798,.F.);
#2687=ORIENTED_EDGE('',*,*,#4799,.F.);
#2688=ORIENTED_EDGE('',*,*,#4798,.T.);
#2689=ORIENTED_EDGE('',*,*,#4800,.T.);
#2690=ORIENTED_EDGE('',*,*,#4801,.F.);
#2691=ORIENTED_EDGE('',*,*,#4802,.F.);
#2692=ORIENTED_EDGE('',*,*,#4801,.T.);
#2693=ORIENTED_EDGE('',*,*,#4803,.T.);
#2694=ORIENTED_EDGE('',*,*,#4804,.F.);
#2695=ORIENTED_EDGE('',*,*,#4805,.F.);
#2696=ORIENTED_EDGE('',*,*,#4804,.T.);
#2697=ORIENTED_EDGE('',*,*,#4806,.T.);
#2698=ORIENTED_EDGE('',*,*,#4807,.F.);
#2699=ORIENTED_EDGE('',*,*,#4808,.F.);
#2700=ORIENTED_EDGE('',*,*,#4807,.T.);
#2701=ORIENTED_EDGE('',*,*,#4809,.T.);
#2702=ORIENTED_EDGE('',*,*,#4775,.F.);
#2703=ORIENTED_EDGE('',*,*,#4810,.F.);
#2704=ORIENTED_EDGE('',*,*,#4778,.T.);
#2705=ORIENTED_EDGE('',*,*,#4781,.T.);
#2706=ORIENTED_EDGE('',*,*,#4784,.T.);
#2707=ORIENTED_EDGE('',*,*,#4787,.T.);
#2708=ORIENTED_EDGE('',*,*,#4790,.T.);
#2709=ORIENTED_EDGE('',*,*,#4793,.T.);
#2710=ORIENTED_EDGE('',*,*,#4796,.T.);
#2711=ORIENTED_EDGE('',*,*,#4799,.T.);
#2712=ORIENTED_EDGE('',*,*,#4802,.T.);
#2713=ORIENTED_EDGE('',*,*,#4805,.T.);
#2714=ORIENTED_EDGE('',*,*,#4808,.T.);
#2715=ORIENTED_EDGE('',*,*,#4810,.T.);
#2716=ORIENTED_EDGE('',*,*,#4811,.T.);
#2717=ORIENTED_EDGE('',*,*,#4812,.T.);
#2718=ORIENTED_EDGE('',*,*,#4813,.F.);
#2719=ORIENTED_EDGE('',*,*,#4814,.F.);
#2720=ORIENTED_EDGE('',*,*,#4813,.T.);
#2721=ORIENTED_EDGE('',*,*,#4815,.T.);
#2722=ORIENTED_EDGE('',*,*,#4816,.F.);
#2723=ORIENTED_EDGE('',*,*,#4817,.F.);
#2724=ORIENTED_EDGE('',*,*,#4816,.T.);
#2725=ORIENTED_EDGE('',*,*,#4818,.T.);
#2726=ORIENTED_EDGE('',*,*,#4819,.F.);
#2727=ORIENTED_EDGE('',*,*,#4820,.F.);
#2728=ORIENTED_EDGE('',*,*,#4819,.T.);
#2729=ORIENTED_EDGE('',*,*,#4821,.T.);
#2730=ORIENTED_EDGE('',*,*,#4822,.F.);
#2731=ORIENTED_EDGE('',*,*,#4823,.F.);
#2732=ORIENTED_EDGE('',*,*,#4822,.T.);
#2733=ORIENTED_EDGE('',*,*,#4824,.T.);
#2734=ORIENTED_EDGE('',*,*,#4825,.F.);
#2735=ORIENTED_EDGE('',*,*,#4826,.F.);
#2736=ORIENTED_EDGE('',*,*,#4825,.T.);
#2737=ORIENTED_EDGE('',*,*,#4827,.T.);
#2738=ORIENTED_EDGE('',*,*,#4828,.F.);
#2739=ORIENTED_EDGE('',*,*,#4829,.F.);
#2740=ORIENTED_EDGE('',*,*,#4828,.T.);
#2741=ORIENTED_EDGE('',*,*,#4830,.T.);
#2742=ORIENTED_EDGE('',*,*,#4831,.F.);
#2743=ORIENTED_EDGE('',*,*,#4832,.F.);
#2744=ORIENTED_EDGE('',*,*,#4831,.T.);
#2745=ORIENTED_EDGE('',*,*,#4833,.T.);
#2746=ORIENTED_EDGE('',*,*,#4834,.F.);
#2747=ORIENTED_EDGE('',*,*,#4835,.F.);
#2748=ORIENTED_EDGE('',*,*,#4834,.T.);
#2749=ORIENTED_EDGE('',*,*,#4836,.T.);
#2750=ORIENTED_EDGE('',*,*,#4837,.F.);
#2751=ORIENTED_EDGE('',*,*,#4838,.F.);
#2752=ORIENTED_EDGE('',*,*,#4837,.T.);
#2753=ORIENTED_EDGE('',*,*,#4839,.T.);
#2754=ORIENTED_EDGE('',*,*,#4840,.F.);
#2755=ORIENTED_EDGE('',*,*,#4841,.F.);
#2756=ORIENTED_EDGE('',*,*,#4840,.T.);
#2757=ORIENTED_EDGE('',*,*,#4842,.T.);
#2758=ORIENTED_EDGE('',*,*,#4843,.F.);
#2759=ORIENTED_EDGE('',*,*,#4844,.F.);
#2760=ORIENTED_EDGE('',*,*,#4843,.T.);
#2761=ORIENTED_EDGE('',*,*,#4845,.T.);
#2762=ORIENTED_EDGE('',*,*,#4811,.F.);
#2763=ORIENTED_EDGE('',*,*,#4846,.F.);
#2764=ORIENTED_EDGE('',*,*,#4814,.T.);
#2765=ORIENTED_EDGE('',*,*,#4817,.T.);
#2766=ORIENTED_EDGE('',*,*,#4820,.T.);
#2767=ORIENTED_EDGE('',*,*,#4823,.T.);
#2768=ORIENTED_EDGE('',*,*,#4826,.T.);
#2769=ORIENTED_EDGE('',*,*,#4829,.T.);
#2770=ORIENTED_EDGE('',*,*,#4832,.T.);
#2771=ORIENTED_EDGE('',*,*,#4835,.T.);
#2772=ORIENTED_EDGE('',*,*,#4838,.T.);
#2773=ORIENTED_EDGE('',*,*,#4841,.T.);
#2774=ORIENTED_EDGE('',*,*,#4844,.T.);
#2775=ORIENTED_EDGE('',*,*,#4846,.T.);
#2776=ORIENTED_EDGE('',*,*,#4847,.T.);
#2777=ORIENTED_EDGE('',*,*,#4848,.T.);
#2778=ORIENTED_EDGE('',*,*,#4849,.F.);
#2779=ORIENTED_EDGE('',*,*,#4850,.F.);
#2780=ORIENTED_EDGE('',*,*,#4849,.T.);
#2781=ORIENTED_EDGE('',*,*,#4851,.T.);
#2782=ORIENTED_EDGE('',*,*,#4852,.F.);
#2783=ORIENTED_EDGE('',*,*,#4853,.F.);
#2784=ORIENTED_EDGE('',*,*,#4852,.T.);
#2785=ORIENTED_EDGE('',*,*,#4854,.T.);
#2786=ORIENTED_EDGE('',*,*,#4855,.F.);
#2787=ORIENTED_EDGE('',*,*,#4856,.F.);
#2788=ORIENTED_EDGE('',*,*,#4855,.T.);
#2789=ORIENTED_EDGE('',*,*,#4857,.T.);
#2790=ORIENTED_EDGE('',*,*,#4858,.F.);
#2791=ORIENTED_EDGE('',*,*,#4859,.F.);
#2792=ORIENTED_EDGE('',*,*,#4858,.T.);
#2793=ORIENTED_EDGE('',*,*,#4860,.T.);
#2794=ORIENTED_EDGE('',*,*,#4861,.F.);
#2795=ORIENTED_EDGE('',*,*,#4862,.F.);
#2796=ORIENTED_EDGE('',*,*,#4861,.T.);
#2797=ORIENTED_EDGE('',*,*,#4863,.T.);
#2798=ORIENTED_EDGE('',*,*,#4864,.F.);
#2799=ORIENTED_EDGE('',*,*,#4865,.F.);
#2800=ORIENTED_EDGE('',*,*,#4864,.T.);
#2801=ORIENTED_EDGE('',*,*,#4866,.T.);
#2802=ORIENTED_EDGE('',*,*,#4867,.F.);
#2803=ORIENTED_EDGE('',*,*,#4868,.F.);
#2804=ORIENTED_EDGE('',*,*,#4867,.T.);
#2805=ORIENTED_EDGE('',*,*,#4869,.T.);
#2806=ORIENTED_EDGE('',*,*,#4870,.F.);
#2807=ORIENTED_EDGE('',*,*,#4871,.F.);
#2808=ORIENTED_EDGE('',*,*,#4870,.T.);
#2809=ORIENTED_EDGE('',*,*,#4872,.T.);
#2810=ORIENTED_EDGE('',*,*,#4873,.F.);
#2811=ORIENTED_EDGE('',*,*,#4874,.F.);
#2812=ORIENTED_EDGE('',*,*,#4873,.T.);
#2813=ORIENTED_EDGE('',*,*,#4875,.T.);
#2814=ORIENTED_EDGE('',*,*,#4876,.F.);
#2815=ORIENTED_EDGE('',*,*,#4877,.F.);
#2816=ORIENTED_EDGE('',*,*,#4876,.T.);
#2817=ORIENTED_EDGE('',*,*,#4878,.T.);
#2818=ORIENTED_EDGE('',*,*,#4879,.F.);
#2819=ORIENTED_EDGE('',*,*,#4880,.F.);
#2820=ORIENTED_EDGE('',*,*,#4879,.T.);
#2821=ORIENTED_EDGE('',*,*,#4881,.T.);
#2822=ORIENTED_EDGE('',*,*,#4847,.F.);
#2823=ORIENTED_EDGE('',*,*,#4882,.F.);
#2824=ORIENTED_EDGE('',*,*,#4850,.T.);
#2825=ORIENTED_EDGE('',*,*,#4853,.T.);
#2826=ORIENTED_EDGE('',*,*,#4856,.T.);
#2827=ORIENTED_EDGE('',*,*,#4859,.T.);
#2828=ORIENTED_EDGE('',*,*,#4862,.T.);
#2829=ORIENTED_EDGE('',*,*,#4865,.T.);
#2830=ORIENTED_EDGE('',*,*,#4868,.T.);
#2831=ORIENTED_EDGE('',*,*,#4871,.T.);
#2832=ORIENTED_EDGE('',*,*,#4874,.T.);
#2833=ORIENTED_EDGE('',*,*,#4877,.T.);
#2834=ORIENTED_EDGE('',*,*,#4880,.T.);
#2835=ORIENTED_EDGE('',*,*,#4882,.T.);
#2836=ORIENTED_EDGE('',*,*,#4883,.T.);
#2837=ORIENTED_EDGE('',*,*,#4884,.T.);
#2838=ORIENTED_EDGE('',*,*,#4885,.F.);
#2839=ORIENTED_EDGE('',*,*,#4886,.F.);
#2840=ORIENTED_EDGE('',*,*,#4885,.T.);
#2841=ORIENTED_EDGE('',*,*,#4887,.T.);
#2842=ORIENTED_EDGE('',*,*,#4888,.F.);
#2843=ORIENTED_EDGE('',*,*,#4889,.F.);
#2844=ORIENTED_EDGE('',*,*,#4888,.T.);
#2845=ORIENTED_EDGE('',*,*,#4890,.T.);
#2846=ORIENTED_EDGE('',*,*,#4891,.F.);
#2847=ORIENTED_EDGE('',*,*,#4892,.F.);
#2848=ORIENTED_EDGE('',*,*,#4891,.T.);
#2849=ORIENTED_EDGE('',*,*,#4893,.T.);
#2850=ORIENTED_EDGE('',*,*,#4894,.F.);
#2851=ORIENTED_EDGE('',*,*,#4895,.F.);
#2852=ORIENTED_EDGE('',*,*,#4894,.T.);
#2853=ORIENTED_EDGE('',*,*,#4896,.T.);
#2854=ORIENTED_EDGE('',*,*,#4897,.F.);
#2855=ORIENTED_EDGE('',*,*,#4898,.F.);
#2856=ORIENTED_EDGE('',*,*,#4897,.T.);
#2857=ORIENTED_EDGE('',*,*,#4899,.T.);
#2858=ORIENTED_EDGE('',*,*,#4900,.F.);
#2859=ORIENTED_EDGE('',*,*,#4901,.F.);
#2860=ORIENTED_EDGE('',*,*,#4900,.T.);
#2861=ORIENTED_EDGE('',*,*,#4902,.T.);
#2862=ORIENTED_EDGE('',*,*,#4903,.F.);
#2863=ORIENTED_EDGE('',*,*,#4904,.F.);
#2864=ORIENTED_EDGE('',*,*,#4903,.T.);
#2865=ORIENTED_EDGE('',*,*,#4905,.T.);
#2866=ORIENTED_EDGE('',*,*,#4906,.F.);
#2867=ORIENTED_EDGE('',*,*,#4907,.F.);
#2868=ORIENTED_EDGE('',*,*,#4906,.T.);
#2869=ORIENTED_EDGE('',*,*,#4908,.T.);
#2870=ORIENTED_EDGE('',*,*,#4909,.F.);
#2871=ORIENTED_EDGE('',*,*,#4910,.F.);
#2872=ORIENTED_EDGE('',*,*,#4909,.T.);
#2873=ORIENTED_EDGE('',*,*,#4911,.T.);
#2874=ORIENTED_EDGE('',*,*,#4912,.F.);
#2875=ORIENTED_EDGE('',*,*,#4913,.F.);
#2876=ORIENTED_EDGE('',*,*,#4912,.T.);
#2877=ORIENTED_EDGE('',*,*,#4914,.T.);
#2878=ORIENTED_EDGE('',*,*,#4915,.F.);
#2879=ORIENTED_EDGE('',*,*,#4916,.F.);
#2880=ORIENTED_EDGE('',*,*,#4915,.T.);
#2881=ORIENTED_EDGE('',*,*,#4917,.T.);
#2882=ORIENTED_EDGE('',*,*,#4883,.F.);
#2883=ORIENTED_EDGE('',*,*,#4918,.F.);
#2884=ORIENTED_EDGE('',*,*,#4886,.T.);
#2885=ORIENTED_EDGE('',*,*,#4889,.T.);
#2886=ORIENTED_EDGE('',*,*,#4892,.T.);
#2887=ORIENTED_EDGE('',*,*,#4895,.T.);
#2888=ORIENTED_EDGE('',*,*,#4898,.T.);
#2889=ORIENTED_EDGE('',*,*,#4901,.T.);
#2890=ORIENTED_EDGE('',*,*,#4904,.T.);
#2891=ORIENTED_EDGE('',*,*,#4907,.T.);
#2892=ORIENTED_EDGE('',*,*,#4910,.T.);
#2893=ORIENTED_EDGE('',*,*,#4913,.T.);
#2894=ORIENTED_EDGE('',*,*,#4916,.T.);
#2895=ORIENTED_EDGE('',*,*,#4918,.T.);
#2896=ORIENTED_EDGE('',*,*,#4399,.T.);
#2897=ORIENTED_EDGE('',*,*,#4919,.T.);
#2898=ORIENTED_EDGE('',*,*,#4147,.F.);
#2899=ORIENTED_EDGE('',*,*,#4920,.F.);
#2900=ORIENTED_EDGE('',*,*,#4398,.T.);
#2901=ORIENTED_EDGE('',*,*,#4921,.T.);
#2902=ORIENTED_EDGE('',*,*,#4148,.F.);
#2903=ORIENTED_EDGE('',*,*,#4919,.F.);
#2904=ORIENTED_EDGE('',*,*,#4397,.T.);
#2905=ORIENTED_EDGE('',*,*,#4922,.T.);
#2906=ORIENTED_EDGE('',*,*,#4149,.F.);
#2907=ORIENTED_EDGE('',*,*,#4921,.F.);
#2908=ORIENTED_EDGE('',*,*,#4396,.T.);
#2909=ORIENTED_EDGE('',*,*,#4201,.T.);
#2910=ORIENTED_EDGE('',*,*,#4150,.F.);
#2911=ORIENTED_EDGE('',*,*,#4922,.F.);
#2912=ORIENTED_EDGE('',*,*,#4400,.T.);
#2913=ORIENTED_EDGE('',*,*,#4920,.T.);
#2914=ORIENTED_EDGE('',*,*,#4146,.F.);
#2915=ORIENTED_EDGE('',*,*,#4203,.F.);
#2916=ORIENTED_EDGE('',*,*,#4394,.T.);
#2917=ORIENTED_EDGE('',*,*,#4923,.T.);
#2918=ORIENTED_EDGE('',*,*,#4153,.F.);
#2919=ORIENTED_EDGE('',*,*,#4924,.F.);
#2920=ORIENTED_EDGE('',*,*,#4393,.T.);
#2921=ORIENTED_EDGE('',*,*,#4925,.T.);
#2922=ORIENTED_EDGE('',*,*,#4154,.F.);
#2923=ORIENTED_EDGE('',*,*,#4923,.F.);
#2924=ORIENTED_EDGE('',*,*,#4392,.T.);
#2925=ORIENTED_EDGE('',*,*,#4926,.T.);
#2926=ORIENTED_EDGE('',*,*,#4155,.F.);
#2927=ORIENTED_EDGE('',*,*,#4925,.F.);
#2928=ORIENTED_EDGE('',*,*,#4391,.T.);
#2929=ORIENTED_EDGE('',*,*,#4198,.T.);
#2930=ORIENTED_EDGE('',*,*,#4156,.F.);
#2931=ORIENTED_EDGE('',*,*,#4926,.F.);
#2932=ORIENTED_EDGE('',*,*,#4395,.T.);
#2933=ORIENTED_EDGE('',*,*,#4924,.T.);
#2934=ORIENTED_EDGE('',*,*,#4152,.F.);
#2935=ORIENTED_EDGE('',*,*,#4200,.F.);
#2936=ORIENTED_EDGE('',*,*,#4389,.T.);
#2937=ORIENTED_EDGE('',*,*,#4927,.T.);
#2938=ORIENTED_EDGE('',*,*,#4159,.F.);
#2939=ORIENTED_EDGE('',*,*,#4928,.F.);
#2940=ORIENTED_EDGE('',*,*,#4388,.T.);
#2941=ORIENTED_EDGE('',*,*,#4929,.T.);
#2942=ORIENTED_EDGE('',*,*,#4160,.F.);
#2943=ORIENTED_EDGE('',*,*,#4927,.F.);
#2944=ORIENTED_EDGE('',*,*,#4387,.T.);
#2945=ORIENTED_EDGE('',*,*,#4930,.T.);
#2946=ORIENTED_EDGE('',*,*,#4161,.F.);
#2947=ORIENTED_EDGE('',*,*,#4929,.F.);
#2948=ORIENTED_EDGE('',*,*,#4386,.T.);
#2949=ORIENTED_EDGE('',*,*,#4195,.T.);
#2950=ORIENTED_EDGE('',*,*,#4162,.F.);
#2951=ORIENTED_EDGE('',*,*,#4930,.F.);
#2952=ORIENTED_EDGE('',*,*,#4390,.T.);
#2953=ORIENTED_EDGE('',*,*,#4928,.T.);
#2954=ORIENTED_EDGE('',*,*,#4158,.F.);
#2955=ORIENTED_EDGE('',*,*,#4197,.F.);
#2956=ORIENTED_EDGE('',*,*,#4384,.T.);
#2957=ORIENTED_EDGE('',*,*,#4931,.T.);
#2958=ORIENTED_EDGE('',*,*,#4165,.F.);
#2959=ORIENTED_EDGE('',*,*,#4932,.F.);
#2960=ORIENTED_EDGE('',*,*,#4383,.T.);
#2961=ORIENTED_EDGE('',*,*,#4933,.T.);
#2962=ORIENTED_EDGE('',*,*,#4166,.F.);
#2963=ORIENTED_EDGE('',*,*,#4931,.F.);
#2964=ORIENTED_EDGE('',*,*,#4382,.T.);
#2965=ORIENTED_EDGE('',*,*,#4934,.T.);
#2966=ORIENTED_EDGE('',*,*,#4167,.F.);
#2967=ORIENTED_EDGE('',*,*,#4933,.F.);
#2968=ORIENTED_EDGE('',*,*,#4381,.T.);
#2969=ORIENTED_EDGE('',*,*,#4192,.T.);
#2970=ORIENTED_EDGE('',*,*,#4168,.F.);
#2971=ORIENTED_EDGE('',*,*,#4934,.F.);
#2972=ORIENTED_EDGE('',*,*,#4385,.T.);
#2973=ORIENTED_EDGE('',*,*,#4932,.T.);
#2974=ORIENTED_EDGE('',*,*,#4164,.F.);
#2975=ORIENTED_EDGE('',*,*,#4194,.F.);
#2976=ORIENTED_EDGE('',*,*,#4379,.T.);
#2977=ORIENTED_EDGE('',*,*,#4935,.T.);
#2978=ORIENTED_EDGE('',*,*,#4171,.F.);
#2979=ORIENTED_EDGE('',*,*,#4936,.F.);
#2980=ORIENTED_EDGE('',*,*,#4378,.T.);
#2981=ORIENTED_EDGE('',*,*,#4937,.T.);
#2982=ORIENTED_EDGE('',*,*,#4172,.F.);
#2983=ORIENTED_EDGE('',*,*,#4935,.F.);
#2984=ORIENTED_EDGE('',*,*,#4377,.T.);
#2985=ORIENTED_EDGE('',*,*,#4938,.T.);
#2986=ORIENTED_EDGE('',*,*,#4173,.F.);
#2987=ORIENTED_EDGE('',*,*,#4937,.F.);
#2988=ORIENTED_EDGE('',*,*,#4376,.T.);
#2989=ORIENTED_EDGE('',*,*,#4189,.T.);
#2990=ORIENTED_EDGE('',*,*,#4174,.F.);
#2991=ORIENTED_EDGE('',*,*,#4938,.F.);
#2992=ORIENTED_EDGE('',*,*,#4380,.T.);
#2993=ORIENTED_EDGE('',*,*,#4936,.T.);
#2994=ORIENTED_EDGE('',*,*,#4170,.F.);
#2995=ORIENTED_EDGE('',*,*,#4191,.F.);
#2996=ORIENTED_EDGE('',*,*,#4374,.T.);
#2997=ORIENTED_EDGE('',*,*,#4939,.T.);
#2998=ORIENTED_EDGE('',*,*,#4177,.F.);
#2999=ORIENTED_EDGE('',*,*,#4940,.F.);
#3000=ORIENTED_EDGE('',*,*,#4373,.T.);
#3001=ORIENTED_EDGE('',*,*,#4941,.T.);
#3002=ORIENTED_EDGE('',*,*,#4178,.F.);
#3003=ORIENTED_EDGE('',*,*,#4939,.F.);
#3004=ORIENTED_EDGE('',*,*,#4372,.T.);
#3005=ORIENTED_EDGE('',*,*,#4942,.T.);
#3006=ORIENTED_EDGE('',*,*,#4179,.F.);
#3007=ORIENTED_EDGE('',*,*,#4941,.F.);
#3008=ORIENTED_EDGE('',*,*,#4371,.T.);
#3009=ORIENTED_EDGE('',*,*,#4186,.T.);
#3010=ORIENTED_EDGE('',*,*,#4180,.F.);
#3011=ORIENTED_EDGE('',*,*,#4942,.F.);
#3012=ORIENTED_EDGE('',*,*,#4375,.T.);
#3013=ORIENTED_EDGE('',*,*,#4940,.T.);
#3014=ORIENTED_EDGE('',*,*,#4176,.F.);
#3015=ORIENTED_EDGE('',*,*,#4188,.F.);
#3016=ORIENTED_EDGE('',*,*,#4369,.T.);
#3017=ORIENTED_EDGE('',*,*,#4943,.T.);
#3018=ORIENTED_EDGE('',*,*,#4131,.F.);
#3019=ORIENTED_EDGE('',*,*,#4944,.F.);
#3020=ORIENTED_EDGE('',*,*,#4368,.T.);
#3021=ORIENTED_EDGE('',*,*,#4945,.T.);
#3022=ORIENTED_EDGE('',*,*,#4132,.F.);
#3023=ORIENTED_EDGE('',*,*,#4943,.F.);
#3024=ORIENTED_EDGE('',*,*,#4367,.T.);
#3025=ORIENTED_EDGE('',*,*,#4946,.T.);
#3026=ORIENTED_EDGE('',*,*,#4133,.F.);
#3027=ORIENTED_EDGE('',*,*,#4945,.F.);
#3028=ORIENTED_EDGE('',*,*,#4366,.T.);
#3029=ORIENTED_EDGE('',*,*,#4182,.T.);
#3030=ORIENTED_EDGE('',*,*,#4134,.F.);
#3031=ORIENTED_EDGE('',*,*,#4946,.F.);
#3032=ORIENTED_EDGE('',*,*,#4370,.T.);
#3033=ORIENTED_EDGE('',*,*,#4944,.T.);
#3034=ORIENTED_EDGE('',*,*,#4130,.F.);
#3035=ORIENTED_EDGE('',*,*,#4185,.F.);
#3036=ORIENTED_EDGE('',*,*,#4947,.F.);
#3037=ORIENTED_EDGE('',*,*,#4473,.F.);
#3038=ORIENTED_EDGE('',*,*,#4948,.F.);
#3039=ORIENTED_EDGE('',*,*,#4680,.F.);
#3040=ORIENTED_EDGE('',*,*,#4948,.T.);
#3041=ORIENTED_EDGE('',*,*,#4472,.F.);
#3042=ORIENTED_EDGE('',*,*,#4949,.F.);
#3043=ORIENTED_EDGE('',*,*,#4683,.F.);
#3044=ORIENTED_EDGE('',*,*,#4947,.T.);
#3045=ORIENTED_EDGE('',*,*,#4677,.F.);
#3046=ORIENTED_EDGE('',*,*,#4950,.F.);
#3047=ORIENTED_EDGE('',*,*,#4474,.F.);
#3048=ORIENTED_EDGE('',*,*,#4949,.T.);
#3049=ORIENTED_EDGE('',*,*,#4471,.F.);
#3050=ORIENTED_EDGE('',*,*,#4951,.F.);
#3051=ORIENTED_EDGE('',*,*,#4686,.F.);
#3052=ORIENTED_EDGE('',*,*,#4950,.T.);
#3053=ORIENTED_EDGE('',*,*,#4674,.F.);
#3054=ORIENTED_EDGE('',*,*,#4952,.F.);
#3055=ORIENTED_EDGE('',*,*,#4475,.F.);
#3056=ORIENTED_EDGE('',*,*,#4951,.T.);
#3057=ORIENTED_EDGE('',*,*,#4470,.F.);
#3058=ORIENTED_EDGE('',*,*,#4953,.F.);
#3059=ORIENTED_EDGE('',*,*,#4689,.F.);
#3060=ORIENTED_EDGE('',*,*,#4952,.T.);
#3061=ORIENTED_EDGE('',*,*,#4671,.F.);
#3062=ORIENTED_EDGE('',*,*,#4954,.F.);
#3063=ORIENTED_EDGE('',*,*,#4476,.F.);
#3064=ORIENTED_EDGE('',*,*,#4953,.T.);
#3065=ORIENTED_EDGE('',*,*,#4469,.F.);
#3066=ORIENTED_EDGE('',*,*,#4955,.F.);
#3067=ORIENTED_EDGE('',*,*,#4692,.F.);
#3068=ORIENTED_EDGE('',*,*,#4954,.T.);
#3069=ORIENTED_EDGE('',*,*,#4668,.F.);
#3070=ORIENTED_EDGE('',*,*,#4956,.F.);
#3071=ORIENTED_EDGE('',*,*,#4477,.F.);
#3072=ORIENTED_EDGE('',*,*,#4955,.T.);
#3073=ORIENTED_EDGE('',*,*,#4468,.F.);
#3074=ORIENTED_EDGE('',*,*,#4957,.F.);
#3075=ORIENTED_EDGE('',*,*,#4695,.F.);
#3076=ORIENTED_EDGE('',*,*,#4956,.T.);
#3077=ORIENTED_EDGE('',*,*,#4701,.F.);
#3078=ORIENTED_EDGE('',*,*,#4958,.F.);
#3079=ORIENTED_EDGE('',*,*,#4466,.F.);
#3080=ORIENTED_EDGE('',*,*,#4957,.T.);
#3081=ORIENTED_EDGE('',*,*,#4467,.F.);
#3082=ORIENTED_EDGE('',*,*,#4958,.T.);
#3083=ORIENTED_EDGE('',*,*,#4698,.F.);
#3084=ORIENTED_EDGE('',*,*,#4959,.F.);
#3085=ORIENTED_EDGE('',*,*,#4485,.F.);
#3086=ORIENTED_EDGE('',*,*,#4960,.F.);
#3087=ORIENTED_EDGE('',*,*,#4716,.F.);
#3088=ORIENTED_EDGE('',*,*,#4960,.T.);
#3089=ORIENTED_EDGE('',*,*,#4484,.F.);
#3090=ORIENTED_EDGE('',*,*,#4961,.F.);
#3091=ORIENTED_EDGE('',*,*,#4719,.F.);
#3092=ORIENTED_EDGE('',*,*,#4959,.T.);
#3093=ORIENTED_EDGE('',*,*,#4713,.F.);
#3094=ORIENTED_EDGE('',*,*,#4962,.F.);
#3095=ORIENTED_EDGE('',*,*,#4486,.F.);
#3096=ORIENTED_EDGE('',*,*,#4961,.T.);
#3097=ORIENTED_EDGE('',*,*,#4483,.F.);
#3098=ORIENTED_EDGE('',*,*,#4963,.F.);
#3099=ORIENTED_EDGE('',*,*,#4722,.F.);
#3100=ORIENTED_EDGE('',*,*,#4962,.T.);
#3101=ORIENTED_EDGE('',*,*,#4710,.F.);
#3102=ORIENTED_EDGE('',*,*,#4964,.F.);
#3103=ORIENTED_EDGE('',*,*,#4487,.F.);
#3104=ORIENTED_EDGE('',*,*,#4963,.T.);
#3105=ORIENTED_EDGE('',*,*,#4482,.F.);
#3106=ORIENTED_EDGE('',*,*,#4965,.F.);
#3107=ORIENTED_EDGE('',*,*,#4725,.F.);
#3108=ORIENTED_EDGE('',*,*,#4964,.T.);
#3109=ORIENTED_EDGE('',*,*,#4707,.F.);
#3110=ORIENTED_EDGE('',*,*,#4966,.F.);
#3111=ORIENTED_EDGE('',*,*,#4488,.F.);
#3112=ORIENTED_EDGE('',*,*,#4965,.T.);
#3113=ORIENTED_EDGE('',*,*,#4481,.F.);
#3114=ORIENTED_EDGE('',*,*,#4967,.F.);
#3115=ORIENTED_EDGE('',*,*,#4728,.F.);
#3116=ORIENTED_EDGE('',*,*,#4966,.T.);
#3117=ORIENTED_EDGE('',*,*,#4704,.F.);
#3118=ORIENTED_EDGE('',*,*,#4968,.F.);
#3119=ORIENTED_EDGE('',*,*,#4489,.F.);
#3120=ORIENTED_EDGE('',*,*,#4967,.T.);
#3121=ORIENTED_EDGE('',*,*,#4480,.F.);
#3122=ORIENTED_EDGE('',*,*,#4969,.F.);
#3123=ORIENTED_EDGE('',*,*,#4731,.F.);
#3124=ORIENTED_EDGE('',*,*,#4968,.T.);
#3125=ORIENTED_EDGE('',*,*,#4737,.F.);
#3126=ORIENTED_EDGE('',*,*,#4970,.F.);
#3127=ORIENTED_EDGE('',*,*,#4478,.F.);
#3128=ORIENTED_EDGE('',*,*,#4969,.T.);
#3129=ORIENTED_EDGE('',*,*,#4479,.F.);
#3130=ORIENTED_EDGE('',*,*,#4970,.T.);
#3131=ORIENTED_EDGE('',*,*,#4734,.F.);
#3132=ORIENTED_EDGE('',*,*,#4971,.F.);
#3133=ORIENTED_EDGE('',*,*,#4497,.F.);
#3134=ORIENTED_EDGE('',*,*,#4972,.F.);
#3135=ORIENTED_EDGE('',*,*,#4752,.F.);
#3136=ORIENTED_EDGE('',*,*,#4972,.T.);
#3137=ORIENTED_EDGE('',*,*,#4496,.F.);
#3138=ORIENTED_EDGE('',*,*,#4973,.F.);
#3139=ORIENTED_EDGE('',*,*,#4755,.F.);
#3140=ORIENTED_EDGE('',*,*,#4971,.T.);
#3141=ORIENTED_EDGE('',*,*,#4749,.F.);
#3142=ORIENTED_EDGE('',*,*,#4974,.F.);
#3143=ORIENTED_EDGE('',*,*,#4498,.F.);
#3144=ORIENTED_EDGE('',*,*,#4973,.T.);
#3145=ORIENTED_EDGE('',*,*,#4495,.F.);
#3146=ORIENTED_EDGE('',*,*,#4975,.F.);
#3147=ORIENTED_EDGE('',*,*,#4758,.F.);
#3148=ORIENTED_EDGE('',*,*,#4974,.T.);
#3149=ORIENTED_EDGE('',*,*,#4746,.F.);
#3150=ORIENTED_EDGE('',*,*,#4976,.F.);
#3151=ORIENTED_EDGE('',*,*,#4499,.F.);
#3152=ORIENTED_EDGE('',*,*,#4975,.T.);
#3153=ORIENTED_EDGE('',*,*,#4494,.F.);
#3154=ORIENTED_EDGE('',*,*,#4977,.F.);
#3155=ORIENTED_EDGE('',*,*,#4761,.F.);
#3156=ORIENTED_EDGE('',*,*,#4976,.T.);
#3157=ORIENTED_EDGE('',*,*,#4743,.F.);
#3158=ORIENTED_EDGE('',*,*,#4978,.F.);
#3159=ORIENTED_EDGE('',*,*,#4500,.F.);
#3160=ORIENTED_EDGE('',*,*,#4977,.T.);
#3161=ORIENTED_EDGE('',*,*,#4493,.F.);
#3162=ORIENTED_EDGE('',*,*,#4979,.F.);
#3163=ORIENTED_EDGE('',*,*,#4764,.F.);
#3164=ORIENTED_EDGE('',*,*,#4978,.T.);
#3165=ORIENTED_EDGE('',*,*,#4740,.F.);
#3166=ORIENTED_EDGE('',*,*,#4980,.F.);
#3167=ORIENTED_EDGE('',*,*,#4501,.F.);
#3168=ORIENTED_EDGE('',*,*,#4979,.T.);
#3169=ORIENTED_EDGE('',*,*,#4492,.F.);
#3170=ORIENTED_EDGE('',*,*,#4981,.F.);
#3171=ORIENTED_EDGE('',*,*,#4767,.F.);
#3172=ORIENTED_EDGE('',*,*,#4980,.T.);
#3173=ORIENTED_EDGE('',*,*,#4773,.F.);
#3174=ORIENTED_EDGE('',*,*,#4982,.F.);
#3175=ORIENTED_EDGE('',*,*,#4490,.F.);
#3176=ORIENTED_EDGE('',*,*,#4981,.T.);
#3177=ORIENTED_EDGE('',*,*,#4491,.F.);
#3178=ORIENTED_EDGE('',*,*,#4982,.T.);
#3179=ORIENTED_EDGE('',*,*,#4770,.F.);
#3180=ORIENTED_EDGE('',*,*,#4983,.F.);
#3181=ORIENTED_EDGE('',*,*,#4509,.F.);
#3182=ORIENTED_EDGE('',*,*,#4984,.F.);
#3183=ORIENTED_EDGE('',*,*,#4788,.F.);
#3184=ORIENTED_EDGE('',*,*,#4984,.T.);
#3185=ORIENTED_EDGE('',*,*,#4508,.F.);
#3186=ORIENTED_EDGE('',*,*,#4985,.F.);
#3187=ORIENTED_EDGE('',*,*,#4791,.F.);
#3188=ORIENTED_EDGE('',*,*,#4983,.T.);
#3189=ORIENTED_EDGE('',*,*,#4785,.F.);
#3190=ORIENTED_EDGE('',*,*,#4986,.F.);
#3191=ORIENTED_EDGE('',*,*,#4510,.F.);
#3192=ORIENTED_EDGE('',*,*,#4985,.T.);
#3193=ORIENTED_EDGE('',*,*,#4507,.F.);
#3194=ORIENTED_EDGE('',*,*,#4987,.F.);
#3195=ORIENTED_EDGE('',*,*,#4794,.F.);
#3196=ORIENTED_EDGE('',*,*,#4986,.T.);
#3197=ORIENTED_EDGE('',*,*,#4782,.F.);
#3198=ORIENTED_EDGE('',*,*,#4988,.F.);
#3199=ORIENTED_EDGE('',*,*,#4511,.F.);
#3200=ORIENTED_EDGE('',*,*,#4987,.T.);
#3201=ORIENTED_EDGE('',*,*,#4506,.F.);
#3202=ORIENTED_EDGE('',*,*,#4989,.F.);
#3203=ORIENTED_EDGE('',*,*,#4797,.F.);
#3204=ORIENTED_EDGE('',*,*,#4988,.T.);
#3205=ORIENTED_EDGE('',*,*,#4779,.F.);
#3206=ORIENTED_EDGE('',*,*,#4990,.F.);
#3207=ORIENTED_EDGE('',*,*,#4512,.F.);
#3208=ORIENTED_EDGE('',*,*,#4989,.T.);
#3209=ORIENTED_EDGE('',*,*,#4505,.F.);
#3210=ORIENTED_EDGE('',*,*,#4991,.F.);
#3211=ORIENTED_EDGE('',*,*,#4800,.F.);
#3212=ORIENTED_EDGE('',*,*,#4990,.T.);
#3213=ORIENTED_EDGE('',*,*,#4776,.F.);
#3214=ORIENTED_EDGE('',*,*,#4992,.F.);
#3215=ORIENTED_EDGE('',*,*,#4513,.F.);
#3216=ORIENTED_EDGE('',*,*,#4991,.T.);
#3217=ORIENTED_EDGE('',*,*,#4504,.F.);
#3218=ORIENTED_EDGE('',*,*,#4993,.F.);
#3219=ORIENTED_EDGE('',*,*,#4803,.F.);
#3220=ORIENTED_EDGE('',*,*,#4992,.T.);
#3221=ORIENTED_EDGE('',*,*,#4809,.F.);
#3222=ORIENTED_EDGE('',*,*,#4994,.F.);
#3223=ORIENTED_EDGE('',*,*,#4502,.F.);
#3224=ORIENTED_EDGE('',*,*,#4993,.T.);
#3225=ORIENTED_EDGE('',*,*,#4503,.F.);
#3226=ORIENTED_EDGE('',*,*,#4994,.T.);
#3227=ORIENTED_EDGE('',*,*,#4806,.F.);
#3228=ORIENTED_EDGE('',*,*,#4995,.F.);
#3229=ORIENTED_EDGE('',*,*,#4521,.F.);
#3230=ORIENTED_EDGE('',*,*,#4996,.F.);
#3231=ORIENTED_EDGE('',*,*,#4824,.F.);
#3232=ORIENTED_EDGE('',*,*,#4996,.T.);
#3233=ORIENTED_EDGE('',*,*,#4520,.F.);
#3234=ORIENTED_EDGE('',*,*,#4997,.F.);
#3235=ORIENTED_EDGE('',*,*,#4827,.F.);
#3236=ORIENTED_EDGE('',*,*,#4995,.T.);
#3237=ORIENTED_EDGE('',*,*,#4821,.F.);
#3238=ORIENTED_EDGE('',*,*,#4998,.F.);
#3239=ORIENTED_EDGE('',*,*,#4522,.F.);
#3240=ORIENTED_EDGE('',*,*,#4997,.T.);
#3241=ORIENTED_EDGE('',*,*,#4519,.F.);
#3242=ORIENTED_EDGE('',*,*,#4999,.F.);
#3243=ORIENTED_EDGE('',*,*,#4830,.F.);
#3244=ORIENTED_EDGE('',*,*,#4998,.T.);
#3245=ORIENTED_EDGE('',*,*,#4818,.F.);
#3246=ORIENTED_EDGE('',*,*,#5000,.F.);
#3247=ORIENTED_EDGE('',*,*,#4523,.F.);
#3248=ORIENTED_EDGE('',*,*,#4999,.T.);
#3249=ORIENTED_EDGE('',*,*,#4518,.F.);
#3250=ORIENTED_EDGE('',*,*,#5001,.F.);
#3251=ORIENTED_EDGE('',*,*,#4833,.F.);
#3252=ORIENTED_EDGE('',*,*,#5000,.T.);
#3253=ORIENTED_EDGE('',*,*,#4815,.F.);
#3254=ORIENTED_EDGE('',*,*,#5002,.F.);
#3255=ORIENTED_EDGE('',*,*,#4524,.F.);
#3256=ORIENTED_EDGE('',*,*,#5001,.T.);
#3257=ORIENTED_EDGE('',*,*,#4517,.F.);
#3258=ORIENTED_EDGE('',*,*,#5003,.F.);
#3259=ORIENTED_EDGE('',*,*,#4836,.F.);
#3260=ORIENTED_EDGE('',*,*,#5002,.T.);
#3261=ORIENTED_EDGE('',*,*,#4812,.F.);
#3262=ORIENTED_EDGE('',*,*,#5004,.F.);
#3263=ORIENTED_EDGE('',*,*,#4525,.F.);
#3264=ORIENTED_EDGE('',*,*,#5003,.T.);
#3265=ORIENTED_EDGE('',*,*,#4516,.F.);
#3266=ORIENTED_EDGE('',*,*,#5005,.F.);
#3267=ORIENTED_EDGE('',*,*,#4839,.F.);
#3268=ORIENTED_EDGE('',*,*,#5004,.T.);
#3269=ORIENTED_EDGE('',*,*,#4845,.F.);
#3270=ORIENTED_EDGE('',*,*,#5006,.F.);
#3271=ORIENTED_EDGE('',*,*,#4514,.F.);
#3272=ORIENTED_EDGE('',*,*,#5005,.T.);
#3273=ORIENTED_EDGE('',*,*,#4515,.F.);
#3274=ORIENTED_EDGE('',*,*,#5006,.T.);
#3275=ORIENTED_EDGE('',*,*,#4842,.F.);
#3276=ORIENTED_EDGE('',*,*,#5007,.F.);
#3277=ORIENTED_EDGE('',*,*,#4533,.F.);
#3278=ORIENTED_EDGE('',*,*,#5008,.F.);
#3279=ORIENTED_EDGE('',*,*,#4860,.F.);
#3280=ORIENTED_EDGE('',*,*,#5008,.T.);
#3281=ORIENTED_EDGE('',*,*,#4532,.F.);
#3282=ORIENTED_EDGE('',*,*,#5009,.F.);
#3283=ORIENTED_EDGE('',*,*,#4863,.F.);
#3284=ORIENTED_EDGE('',*,*,#5007,.T.);
#3285=ORIENTED_EDGE('',*,*,#4857,.F.);
#3286=ORIENTED_EDGE('',*,*,#5010,.F.);
#3287=ORIENTED_EDGE('',*,*,#4534,.F.);
#3288=ORIENTED_EDGE('',*,*,#5009,.T.);
#3289=ORIENTED_EDGE('',*,*,#4531,.F.);
#3290=ORIENTED_EDGE('',*,*,#5011,.F.);
#3291=ORIENTED_EDGE('',*,*,#4866,.F.);
#3292=ORIENTED_EDGE('',*,*,#5010,.T.);
#3293=ORIENTED_EDGE('',*,*,#4854,.F.);
#3294=ORIENTED_EDGE('',*,*,#5012,.F.);
#3295=ORIENTED_EDGE('',*,*,#4535,.F.);
#3296=ORIENTED_EDGE('',*,*,#5011,.T.);
#3297=ORIENTED_EDGE('',*,*,#4530,.F.);
#3298=ORIENTED_EDGE('',*,*,#5013,.F.);
#3299=ORIENTED_EDGE('',*,*,#4869,.F.);
#3300=ORIENTED_EDGE('',*,*,#5012,.T.);
#3301=ORIENTED_EDGE('',*,*,#4851,.F.);
#3302=ORIENTED_EDGE('',*,*,#5014,.F.);
#3303=ORIENTED_EDGE('',*,*,#4536,.F.);
#3304=ORIENTED_EDGE('',*,*,#5013,.T.);
#3305=ORIENTED_EDGE('',*,*,#4529,.F.);
#3306=ORIENTED_EDGE('',*,*,#5015,.F.);
#3307=ORIENTED_EDGE('',*,*,#4872,.F.);
#3308=ORIENTED_EDGE('',*,*,#5014,.T.);
#3309=ORIENTED_EDGE('',*,*,#4848,.F.);
#3310=ORIENTED_EDGE('',*,*,#5016,.F.);
#3311=ORIENTED_EDGE('',*,*,#4537,.F.);
#3312=ORIENTED_EDGE('',*,*,#5015,.T.);
#3313=ORIENTED_EDGE('',*,*,#4528,.F.);
#3314=ORIENTED_EDGE('',*,*,#5017,.F.);
#3315=ORIENTED_EDGE('',*,*,#4875,.F.);
#3316=ORIENTED_EDGE('',*,*,#5016,.T.);
#3317=ORIENTED_EDGE('',*,*,#4881,.F.);
#3318=ORIENTED_EDGE('',*,*,#5018,.F.);
#3319=ORIENTED_EDGE('',*,*,#4526,.F.);
#3320=ORIENTED_EDGE('',*,*,#5017,.T.);
#3321=ORIENTED_EDGE('',*,*,#4527,.F.);
#3322=ORIENTED_EDGE('',*,*,#5018,.T.);
#3323=ORIENTED_EDGE('',*,*,#4878,.F.);
#3324=ORIENTED_EDGE('',*,*,#5019,.F.);
#3325=ORIENTED_EDGE('',*,*,#4545,.F.);
#3326=ORIENTED_EDGE('',*,*,#5020,.F.);
#3327=ORIENTED_EDGE('',*,*,#4896,.F.);
#3328=ORIENTED_EDGE('',*,*,#5020,.T.);
#3329=ORIENTED_EDGE('',*,*,#4544,.F.);
#3330=ORIENTED_EDGE('',*,*,#5021,.F.);
#3331=ORIENTED_EDGE('',*,*,#4899,.F.);
#3332=ORIENTED_EDGE('',*,*,#5019,.T.);
#3333=ORIENTED_EDGE('',*,*,#4893,.F.);
#3334=ORIENTED_EDGE('',*,*,#5022,.F.);
#3335=ORIENTED_EDGE('',*,*,#4546,.F.);
#3336=ORIENTED_EDGE('',*,*,#5021,.T.);
#3337=ORIENTED_EDGE('',*,*,#4543,.F.);
#3338=ORIENTED_EDGE('',*,*,#5023,.F.);
#3339=ORIENTED_EDGE('',*,*,#4902,.F.);
#3340=ORIENTED_EDGE('',*,*,#5022,.T.);
#3341=ORIENTED_EDGE('',*,*,#4890,.F.);
#3342=ORIENTED_EDGE('',*,*,#5024,.F.);
#3343=ORIENTED_EDGE('',*,*,#4547,.F.);
#3344=ORIENTED_EDGE('',*,*,#5023,.T.);
#3345=ORIENTED_EDGE('',*,*,#4542,.F.);
#3346=ORIENTED_EDGE('',*,*,#5025,.F.);
#3347=ORIENTED_EDGE('',*,*,#4905,.F.);
#3348=ORIENTED_EDGE('',*,*,#5024,.T.);
#3349=ORIENTED_EDGE('',*,*,#4887,.F.);
#3350=ORIENTED_EDGE('',*,*,#5026,.F.);
#3351=ORIENTED_EDGE('',*,*,#4548,.F.);
#3352=ORIENTED_EDGE('',*,*,#5025,.T.);
#3353=ORIENTED_EDGE('',*,*,#4541,.F.);
#3354=ORIENTED_EDGE('',*,*,#5027,.F.);
#3355=ORIENTED_EDGE('',*,*,#4908,.F.);
#3356=ORIENTED_EDGE('',*,*,#5026,.T.);
#3357=ORIENTED_EDGE('',*,*,#4884,.F.);
#3358=ORIENTED_EDGE('',*,*,#5028,.F.);
#3359=ORIENTED_EDGE('',*,*,#4549,.F.);
#3360=ORIENTED_EDGE('',*,*,#5027,.T.);
#3361=ORIENTED_EDGE('',*,*,#4540,.F.);
#3362=ORIENTED_EDGE('',*,*,#5029,.F.);
#3363=ORIENTED_EDGE('',*,*,#4911,.F.);
#3364=ORIENTED_EDGE('',*,*,#5028,.T.);
#3365=ORIENTED_EDGE('',*,*,#4917,.F.);
#3366=ORIENTED_EDGE('',*,*,#5030,.F.);
#3367=ORIENTED_EDGE('',*,*,#4538,.F.);
#3368=ORIENTED_EDGE('',*,*,#5029,.T.);
#3369=ORIENTED_EDGE('',*,*,#4539,.F.);
#3370=ORIENTED_EDGE('',*,*,#5030,.T.);
#3371=ORIENTED_EDGE('',*,*,#4914,.F.);
#3372=ORIENTED_EDGE('',*,*,#4125,.F.);
#3373=ORIENTED_EDGE('',*,*,#4208,.F.);
#3374=ORIENTED_EDGE('',*,*,#5031,.F.);
#3375=ORIENTED_EDGE('',*,*,#4646,.F.);
#3376=ORIENTED_EDGE('',*,*,#5031,.T.);
#3377=ORIENTED_EDGE('',*,*,#4207,.F.);
#3378=ORIENTED_EDGE('',*,*,#5032,.F.);
#3379=ORIENTED_EDGE('',*,*,#4647,.F.);
#3380=ORIENTED_EDGE('',*,*,#5032,.T.);
#3381=ORIENTED_EDGE('',*,*,#4206,.F.);
#3382=ORIENTED_EDGE('',*,*,#4091,.F.);
#3383=ORIENTED_EDGE('',*,*,#4648,.F.);
#3384=ORIENTED_EDGE('',*,*,#4093,.F.);
#3385=ORIENTED_EDGE('',*,*,#4231,.F.);
#3386=ORIENTED_EDGE('',*,*,#5033,.F.);
#3387=ORIENTED_EDGE('',*,*,#4649,.F.);
#3388=ORIENTED_EDGE('',*,*,#5033,.T.);
#3389=ORIENTED_EDGE('',*,*,#4230,.F.);
#3390=ORIENTED_EDGE('',*,*,#5034,.F.);
#3391=ORIENTED_EDGE('',*,*,#4650,.F.);
#3392=ORIENTED_EDGE('',*,*,#5034,.T.);
#3393=ORIENTED_EDGE('',*,*,#4229,.F.);
#3394=ORIENTED_EDGE('',*,*,#4095,.F.);
#3395=ORIENTED_EDGE('',*,*,#4651,.F.);
#3396=ORIENTED_EDGE('',*,*,#4097,.F.);
#3397=ORIENTED_EDGE('',*,*,#4228,.F.);
#3398=ORIENTED_EDGE('',*,*,#5035,.F.);
#3399=ORIENTED_EDGE('',*,*,#4652,.F.);
#3400=ORIENTED_EDGE('',*,*,#5035,.T.);
#3401=ORIENTED_EDGE('',*,*,#4227,.F.);
#3402=ORIENTED_EDGE('',*,*,#5036,.F.);
#3403=ORIENTED_EDGE('',*,*,#4653,.F.);
#3404=ORIENTED_EDGE('',*,*,#5036,.T.);
#3405=ORIENTED_EDGE('',*,*,#4226,.F.);
#3406=ORIENTED_EDGE('',*,*,#4099,.F.);
#3407=ORIENTED_EDGE('',*,*,#4654,.F.);
#3408=ORIENTED_EDGE('',*,*,#4101,.F.);
#3409=ORIENTED_EDGE('',*,*,#4225,.F.);
#3410=ORIENTED_EDGE('',*,*,#5037,.F.);
#3411=ORIENTED_EDGE('',*,*,#4655,.F.);
#3412=ORIENTED_EDGE('',*,*,#5037,.T.);
#3413=ORIENTED_EDGE('',*,*,#4224,.F.);
#3414=ORIENTED_EDGE('',*,*,#5038,.F.);
#3415=ORIENTED_EDGE('',*,*,#4656,.F.);
#3416=ORIENTED_EDGE('',*,*,#5038,.T.);
#3417=ORIENTED_EDGE('',*,*,#4223,.F.);
#3418=ORIENTED_EDGE('',*,*,#4103,.F.);
#3419=ORIENTED_EDGE('',*,*,#4657,.F.);
#3420=ORIENTED_EDGE('',*,*,#4105,.F.);
#3421=ORIENTED_EDGE('',*,*,#4222,.F.);
#3422=ORIENTED_EDGE('',*,*,#5039,.F.);
#3423=ORIENTED_EDGE('',*,*,#4658,.F.);
#3424=ORIENTED_EDGE('',*,*,#5039,.T.);
#3425=ORIENTED_EDGE('',*,*,#4221,.F.);
#3426=ORIENTED_EDGE('',*,*,#5040,.F.);
#3427=ORIENTED_EDGE('',*,*,#4659,.F.);
#3428=ORIENTED_EDGE('',*,*,#5040,.T.);
#3429=ORIENTED_EDGE('',*,*,#4220,.F.);
#3430=ORIENTED_EDGE('',*,*,#4107,.F.);
#3431=ORIENTED_EDGE('',*,*,#4660,.F.);
#3432=ORIENTED_EDGE('',*,*,#4109,.F.);
#3433=ORIENTED_EDGE('',*,*,#4219,.F.);
#3434=ORIENTED_EDGE('',*,*,#5041,.F.);
#3435=ORIENTED_EDGE('',*,*,#4661,.F.);
#3436=ORIENTED_EDGE('',*,*,#5041,.T.);
#3437=ORIENTED_EDGE('',*,*,#4218,.F.);
#3438=ORIENTED_EDGE('',*,*,#5042,.F.);
#3439=ORIENTED_EDGE('',*,*,#4662,.F.);
#3440=ORIENTED_EDGE('',*,*,#5042,.T.);
#3441=ORIENTED_EDGE('',*,*,#4217,.F.);
#3442=ORIENTED_EDGE('',*,*,#4111,.F.);
#3443=ORIENTED_EDGE('',*,*,#4663,.F.);
#3444=ORIENTED_EDGE('',*,*,#4113,.F.);
#3445=ORIENTED_EDGE('',*,*,#4216,.F.);
#3446=ORIENTED_EDGE('',*,*,#5043,.F.);
#3447=ORIENTED_EDGE('',*,*,#4664,.F.);
#3448=ORIENTED_EDGE('',*,*,#5043,.T.);
#3449=ORIENTED_EDGE('',*,*,#4215,.F.);
#3450=ORIENTED_EDGE('',*,*,#5044,.F.);
#3451=ORIENTED_EDGE('',*,*,#4665,.F.);
#3452=ORIENTED_EDGE('',*,*,#5044,.T.);
#3453=ORIENTED_EDGE('',*,*,#4214,.F.);
#3454=ORIENTED_EDGE('',*,*,#4115,.F.);
#3455=ORIENTED_EDGE('',*,*,#4666,.F.);
#3456=ORIENTED_EDGE('',*,*,#5045,.F.);
#3457=ORIENTED_EDGE('',*,*,#5046,.T.);
#3458=ORIENTED_EDGE('',*,*,#4126,.T.);
#3459=ORIENTED_EDGE('',*,*,#5047,.T.);
#3460=ORIENTED_EDGE('',*,*,#4128,.T.);
#3461=ORIENTED_EDGE('',*,*,#5048,.T.);
#3462=ORIENTED_EDGE('',*,*,#5049,.F.);
#3463=ORIENTED_EDGE('',*,*,#5050,.T.);
#3464=ORIENTED_EDGE('',*,*,#5049,.T.);
#3465=ORIENTED_EDGE('',*,*,#5051,.T.);
#3466=ORIENTED_EDGE('',*,*,#5045,.T.);
#3467=ORIENTED_EDGE('',*,*,#5052,.T.);
#3468=ORIENTED_EDGE('',*,*,#5048,.F.);
#3469=ORIENTED_EDGE('',*,*,#4127,.T.);
#3470=ORIENTED_EDGE('',*,*,#5046,.F.);
#3471=ORIENTED_EDGE('',*,*,#5051,.F.);
#3472=ORIENTED_EDGE('',*,*,#5047,.F.);
#3473=ORIENTED_EDGE('',*,*,#4129,.T.);
#3474=ORIENTED_EDGE('',*,*,#5050,.F.);
#3475=ORIENTED_EDGE('',*,*,#5052,.F.);
#3476=VERTEX_POINT('',#9066);
#3477=VERTEX_POINT('',#9067);
#3478=VERTEX_POINT('',#9069);
#3479=VERTEX_POINT('',#9071);
#3480=VERTEX_POINT('',#9074);
#3481=VERTEX_POINT('',#9075);
#3482=VERTEX_POINT('',#9077);
#3483=VERTEX_POINT('',#9079);
#3484=VERTEX_POINT('',#9081);
#3485=VERTEX_POINT('',#9083);
#3486=VERTEX_POINT('',#9085);
#3487=VERTEX_POINT('',#9087);
#3488=VERTEX_POINT('',#9089);
#3489=VERTEX_POINT('',#9091);
#3490=VERTEX_POINT('',#9093);
#3491=VERTEX_POINT('',#9095);
#3492=VERTEX_POINT('',#9097);
#3493=VERTEX_POINT('',#9099);
#3494=VERTEX_POINT('',#9101);
#3495=VERTEX_POINT('',#9103);
#3496=VERTEX_POINT('',#9105);
#3497=VERTEX_POINT('',#9107);
#3498=VERTEX_POINT('',#9109);
#3499=VERTEX_POINT('',#9111);
#3500=VERTEX_POINT('',#9113);
#3501=VERTEX_POINT('',#9115);
#3502=VERTEX_POINT('',#9117);
#3503=VERTEX_POINT('',#9119);
#3504=VERTEX_POINT('',#9121);
#3505=VERTEX_POINT('',#9123);
#3506=VERTEX_POINT('',#9125);
#3507=VERTEX_POINT('',#9127);
#3508=VERTEX_POINT('',#9129);
#3509=VERTEX_POINT('',#9131);
#3510=VERTEX_POINT('',#9133);
#3511=VERTEX_POINT('',#9135);
#3512=VERTEX_POINT('',#9137);
#3513=VERTEX_POINT('',#9139);
#3514=VERTEX_POINT('',#9141);
#3515=VERTEX_POINT('',#9143);
#3516=VERTEX_POINT('',#9146);
#3517=VERTEX_POINT('',#9147);
#3518=VERTEX_POINT('',#9149);
#3519=VERTEX_POINT('',#9151);
#3520=VERTEX_POINT('',#9155);
#3521=VERTEX_POINT('',#9156);
#3522=VERTEX_POINT('',#9158);
#3523=VERTEX_POINT('',#9160);
#3524=VERTEX_POINT('',#9162);
#3525=VERTEX_POINT('',#9164);
#3526=VERTEX_POINT('',#9166);
#3527=VERTEX_POINT('',#9168);
#3528=VERTEX_POINT('',#9170);
#3529=VERTEX_POINT('',#9172);
#3530=VERTEX_POINT('',#9174);
#3531=VERTEX_POINT('',#9176);
#3532=VERTEX_POINT('',#9178);
#3533=VERTEX_POINT('',#9180);
#3534=VERTEX_POINT('',#9182);
#3535=VERTEX_POINT('',#9184);
#3536=VERTEX_POINT('',#9186);
#3537=VERTEX_POINT('',#9188);
#3538=VERTEX_POINT('',#9190);
#3539=VERTEX_POINT('',#9192);
#3540=VERTEX_POINT('',#9194);
#3541=VERTEX_POINT('',#9196);
#3542=VERTEX_POINT('',#9198);
#3543=VERTEX_POINT('',#9200);
#3544=VERTEX_POINT('',#9202);
#3545=VERTEX_POINT('',#9204);
#3546=VERTEX_POINT('',#9206);
#3547=VERTEX_POINT('',#9208);
#3548=VERTEX_POINT('',#9210);
#3549=VERTEX_POINT('',#9212);
#3550=VERTEX_POINT('',#9214);
#3551=VERTEX_POINT('',#9216);
#3552=VERTEX_POINT('',#9218);
#3553=VERTEX_POINT('',#9220);
#3554=VERTEX_POINT('',#9222);
#3555=VERTEX_POINT('',#9224);
#3556=VERTEX_POINT('',#9226);
#3557=VERTEX_POINT('',#9228);
#3558=VERTEX_POINT('',#9230);
#3559=VERTEX_POINT('',#9232);
#3560=VERTEX_POINT('',#9234);
#3561=VERTEX_POINT('',#9236);
#3562=VERTEX_POINT('',#9238);
#3563=VERTEX_POINT('',#9240);
#3564=VERTEX_POINT('',#9242);
#3565=VERTEX_POINT('',#9244);
#3566=VERTEX_POINT('',#9246);
#3567=VERTEX_POINT('',#9248);
#3568=VERTEX_POINT('',#9250);
#3569=VERTEX_POINT('',#9252);
#3570=VERTEX_POINT('',#9254);
#3571=VERTEX_POINT('',#9256);
#3572=VERTEX_POINT('',#9260);
#3573=VERTEX_POINT('',#9262);
#3574=VERTEX_POINT('',#9266);
#3575=VERTEX_POINT('',#9268);
#3576=VERTEX_POINT('',#9272);
#3577=VERTEX_POINT('',#9274);
#3578=VERTEX_POINT('',#9278);
#3579=VERTEX_POINT('',#9280);
#3580=VERTEX_POINT('',#9284);
#3581=VERTEX_POINT('',#9286);
#3582=VERTEX_POINT('',#9290);
#3583=VERTEX_POINT('',#9292);
#3584=VERTEX_POINT('',#9296);
#3585=VERTEX_POINT('',#9298);
#3586=VERTEX_POINT('',#9302);
#3587=VERTEX_POINT('',#9304);
#3588=VERTEX_POINT('',#9308);
#3589=VERTEX_POINT('',#9310);
#3590=VERTEX_POINT('',#9315);
#3591=VERTEX_POINT('',#9317);
#3592=VERTEX_POINT('',#9320);
#3593=VERTEX_POINT('',#9322);
#3594=VERTEX_POINT('',#9325);
#3595=VERTEX_POINT('',#9327);
#3596=VERTEX_POINT('',#9330);
#3597=VERTEX_POINT('',#9332);
#3598=VERTEX_POINT('',#9335);
#3599=VERTEX_POINT('',#9337);
#3600=VERTEX_POINT('',#9340);
#3601=VERTEX_POINT('',#9342);
#3602=VERTEX_POINT('',#9345);
#3603=VERTEX_POINT('',#9347);
#3604=VERTEX_POINT('',#9351);
#3605=VERTEX_POINT('',#9352);
#3606=VERTEX_POINT('',#9354);
#3607=VERTEX_POINT('',#9356);
#3608=VERTEX_POINT('',#9358);
#3609=VERTEX_POINT('',#9360);
#3610=VERTEX_POINT('',#9362);
#3611=VERTEX_POINT('',#9364);
#3612=VERTEX_POINT('',#9366);
#3613=VERTEX_POINT('',#9368);
#3614=VERTEX_POINT('',#9370);
#3615=VERTEX_POINT('',#9372);
#3616=VERTEX_POINT('',#9374);
#3617=VERTEX_POINT('',#9376);
#3618=VERTEX_POINT('',#9378);
#3619=VERTEX_POINT('',#9380);
#3620=VERTEX_POINT('',#9382);
#3621=VERTEX_POINT('',#9384);
#3622=VERTEX_POINT('',#9386);
#3623=VERTEX_POINT('',#9388);
#3624=VERTEX_POINT('',#9390);
#3625=VERTEX_POINT('',#9392);
#3626=VERTEX_POINT('',#9394);
#3627=VERTEX_POINT('',#9396);
#3628=VERTEX_POINT('',#9398);
#3629=VERTEX_POINT('',#9400);
#3630=VERTEX_POINT('',#9402);
#3631=VERTEX_POINT('',#9404);
#3632=VERTEX_POINT('',#9406);
#3633=VERTEX_POINT('',#9408);
#3634=VERTEX_POINT('',#9410);
#3635=VERTEX_POINT('',#9412);
#3636=VERTEX_POINT('',#9414);
#3637=VERTEX_POINT('',#9416);
#3638=VERTEX_POINT('',#9418);
#3639=VERTEX_POINT('',#9420);
#3640=VERTEX_POINT('',#9422);
#3641=VERTEX_POINT('',#9424);
#3642=VERTEX_POINT('',#9426);
#3643=VERTEX_POINT('',#9428);
#3644=VERTEX_POINT('',#9432);
#3645=VERTEX_POINT('',#9433);
#3646=VERTEX_POINT('',#9435);
#3647=VERTEX_POINT('',#9437);
#3648=VERTEX_POINT('',#9441);
#3649=VERTEX_POINT('',#9443);
#3650=VERTEX_POINT('',#9450);
#3651=VERTEX_POINT('',#9451);
#3652=VERTEX_POINT('',#9453);
#3653=VERTEX_POINT('',#9455);
#3654=VERTEX_POINT('',#9459);
#3655=VERTEX_POINT('',#9461);
#3656=VERTEX_POINT('',#9468);
#3657=VERTEX_POINT('',#9469);
#3658=VERTEX_POINT('',#9471);
#3659=VERTEX_POINT('',#9473);
#3660=VERTEX_POINT('',#9477);
#3661=VERTEX_POINT('',#9479);
#3662=VERTEX_POINT('',#9486);
#3663=VERTEX_POINT('',#9487);
#3664=VERTEX_POINT('',#9489);
#3665=VERTEX_POINT('',#9491);
#3666=VERTEX_POINT('',#9495);
#3667=VERTEX_POINT('',#9497);
#3668=VERTEX_POINT('',#9504);
#3669=VERTEX_POINT('',#9505);
#3670=VERTEX_POINT('',#9507);
#3671=VERTEX_POINT('',#9509);
#3672=VERTEX_POINT('',#9513);
#3673=VERTEX_POINT('',#9515);
#3674=VERTEX_POINT('',#9522);
#3675=VERTEX_POINT('',#9523);
#3676=VERTEX_POINT('',#9525);
#3677=VERTEX_POINT('',#9527);
#3678=VERTEX_POINT('',#9531);
#3679=VERTEX_POINT('',#9533);
#3680=VERTEX_POINT('',#9540);
#3681=VERTEX_POINT('',#9541);
#3682=VERTEX_POINT('',#9543);
#3683=VERTEX_POINT('',#9545);
#3684=VERTEX_POINT('',#9549);
#3685=VERTEX_POINT('',#9551);
#3686=VERTEX_POINT('',#9558);
#3687=VERTEX_POINT('',#9560);
#3688=VERTEX_POINT('',#9563);
#3689=VERTEX_POINT('',#9565);
#3690=VERTEX_POINT('',#9568);
#3691=VERTEX_POINT('',#9570);
#3692=VERTEX_POINT('',#9573);
#3693=VERTEX_POINT('',#9575);
#3694=VERTEX_POINT('',#9578);
#3695=VERTEX_POINT('',#9580);
#3696=VERTEX_POINT('',#9583);
#3697=VERTEX_POINT('',#9585);
#3698=VERTEX_POINT('',#9588);
#3699=VERTEX_POINT('',#9590);
#3700=VERTEX_POINT('',#9592);
#3701=VERTEX_POINT('',#9594);
#3702=VERTEX_POINT('',#9596);
#3703=VERTEX_POINT('',#9598);
#3704=VERTEX_POINT('',#9600);
#3705=VERTEX_POINT('',#9602);
#3706=VERTEX_POINT('',#9604);
#3707=VERTEX_POINT('',#9606);
#3708=VERTEX_POINT('',#9608);
#3709=VERTEX_POINT('',#9610);
#3710=VERTEX_POINT('',#9613);
#3711=VERTEX_POINT('',#9615);
#3712=VERTEX_POINT('',#9617);
#3713=VERTEX_POINT('',#9619);
#3714=VERTEX_POINT('',#9622);
#3715=VERTEX_POINT('',#9624);
#3716=VERTEX_POINT('',#9626);
#3717=VERTEX_POINT('',#9628);
#3718=VERTEX_POINT('',#9631);
#3719=VERTEX_POINT('',#9633);
#3720=VERTEX_POINT('',#9635);
#3721=VERTEX_POINT('',#9637);
#3722=VERTEX_POINT('',#9640);
#3723=VERTEX_POINT('',#9642);
#3724=VERTEX_POINT('',#9644);
#3725=VERTEX_POINT('',#9646);
#3726=VERTEX_POINT('',#9649);
#3727=VERTEX_POINT('',#9651);
#3728=VERTEX_POINT('',#9653);
#3729=VERTEX_POINT('',#9655);
#3730=VERTEX_POINT('',#9658);
#3731=VERTEX_POINT('',#9660);
#3732=VERTEX_POINT('',#9662);
#3733=VERTEX_POINT('',#9664);
#3734=VERTEX_POINT('',#9667);
#3735=VERTEX_POINT('',#9669);
#3736=VERTEX_POINT('',#9671);
#3737=VERTEX_POINT('',#9673);
#3738=VERTEX_POINT('',#9676);
#3739=VERTEX_POINT('',#9678);
#3740=VERTEX_POINT('',#9703);
#3741=VERTEX_POINT('',#9705);
#3742=VERTEX_POINT('',#9708);
#3743=VERTEX_POINT('',#9710);
#3744=VERTEX_POINT('',#9712);
#3745=VERTEX_POINT('',#9714);
#3746=VERTEX_POINT('',#9717);
#3747=VERTEX_POINT('',#9719);
#3748=VERTEX_POINT('',#9721);
#3749=VERTEX_POINT('',#9723);
#3750=VERTEX_POINT('',#9727);
#3751=VERTEX_POINT('',#9729);
#3752=VERTEX_POINT('',#9736);
#3753=VERTEX_POINT('',#9738);
#3754=VERTEX_POINT('',#9742);
#3755=VERTEX_POINT('',#9744);
#3756=VERTEX_POINT('',#9754);
#3757=VERTEX_POINT('',#9755);
#3758=VERTEX_POINT('',#9757);
#3759=VERTEX_POINT('',#9759);
#3760=VERTEX_POINT('',#9763);
#3761=VERTEX_POINT('',#9765);
#3762=VERTEX_POINT('',#9769);
#3763=VERTEX_POINT('',#9771);
#3764=VERTEX_POINT('',#9775);
#3765=VERTEX_POINT('',#9777);
#3766=VERTEX_POINT('',#9781);
#3767=VERTEX_POINT('',#9783);
#3768=VERTEX_POINT('',#9793);
#3769=VERTEX_POINT('',#9794);
#3770=VERTEX_POINT('',#9796);
#3771=VERTEX_POINT('',#9798);
#3772=VERTEX_POINT('',#9800);
#3773=VERTEX_POINT('',#9802);
#3774=VERTEX_POINT('',#9804);
#3775=VERTEX_POINT('',#9806);
#3776=VERTEX_POINT('',#9808);
#3777=VERTEX_POINT('',#9810);
#3778=VERTEX_POINT('',#9812);
#3779=VERTEX_POINT('',#9814);
#3780=VERTEX_POINT('',#9817);
#3781=VERTEX_POINT('',#9818);
#3782=VERTEX_POINT('',#9820);
#3783=VERTEX_POINT('',#9822);
#3784=VERTEX_POINT('',#9824);
#3785=VERTEX_POINT('',#9826);
#3786=VERTEX_POINT('',#9828);
#3787=VERTEX_POINT('',#9830);
#3788=VERTEX_POINT('',#9832);
#3789=VERTEX_POINT('',#9834);
#3790=VERTEX_POINT('',#9836);
#3791=VERTEX_POINT('',#9838);
#3792=VERTEX_POINT('',#9841);
#3793=VERTEX_POINT('',#9842);
#3794=VERTEX_POINT('',#9844);
#3795=VERTEX_POINT('',#9846);
#3796=VERTEX_POINT('',#9848);
#3797=VERTEX_POINT('',#9850);
#3798=VERTEX_POINT('',#9852);
#3799=VERTEX_POINT('',#9854);
#3800=VERTEX_POINT('',#9856);
#3801=VERTEX_POINT('',#9858);
#3802=VERTEX_POINT('',#9860);
#3803=VERTEX_POINT('',#9862);
#3804=VERTEX_POINT('',#9865);
#3805=VERTEX_POINT('',#9866);
#3806=VERTEX_POINT('',#9868);
#3807=VERTEX_POINT('',#9870);
#3808=VERTEX_POINT('',#9872);
#3809=VERTEX_POINT('',#9874);
#3810=VERTEX_POINT('',#9876);
#3811=VERTEX_POINT('',#9878);
#3812=VERTEX_POINT('',#9880);
#3813=VERTEX_POINT('',#9882);
#3814=VERTEX_POINT('',#9884);
#3815=VERTEX_POINT('',#9886);
#3816=VERTEX_POINT('',#9889);
#3817=VERTEX_POINT('',#9890);
#3818=VERTEX_POINT('',#9892);
#3819=VERTEX_POINT('',#9894);
#3820=VERTEX_POINT('',#9896);
#3821=VERTEX_POINT('',#9898);
#3822=VERTEX_POINT('',#9900);
#3823=VERTEX_POINT('',#9902);
#3824=VERTEX_POINT('',#9904);
#3825=VERTEX_POINT('',#9906);
#3826=VERTEX_POINT('',#9908);
#3827=VERTEX_POINT('',#9910);
#3828=VERTEX_POINT('',#9913);
#3829=VERTEX_POINT('',#9914);
#3830=VERTEX_POINT('',#9916);
#3831=VERTEX_POINT('',#9918);
#3832=VERTEX_POINT('',#9920);
#3833=VERTEX_POINT('',#9922);
#3834=VERTEX_POINT('',#9924);
#3835=VERTEX_POINT('',#9926);
#3836=VERTEX_POINT('',#9928);
#3837=VERTEX_POINT('',#9930);
#3838=VERTEX_POINT('',#9932);
#3839=VERTEX_POINT('',#9934);
#3840=VERTEX_POINT('',#9937);
#3841=VERTEX_POINT('',#9938);
#3842=VERTEX_POINT('',#9940);
#3843=VERTEX_POINT('',#9942);
#3844=VERTEX_POINT('',#9944);
#3845=VERTEX_POINT('',#9946);
#3846=VERTEX_POINT('',#9948);
#3847=VERTEX_POINT('',#9950);
#3848=VERTEX_POINT('',#9952);
#3849=VERTEX_POINT('',#9954);
#3850=VERTEX_POINT('',#9956);
#3851=VERTEX_POINT('',#9958);
#3852=VERTEX_POINT('',#9961);
#3853=VERTEX_POINT('',#9962);
#3854=VERTEX_POINT('',#9964);
#3855=VERTEX_POINT('',#9966);
#3856=VERTEX_POINT('',#9968);
#3857=VERTEX_POINT('',#9970);
#3858=VERTEX_POINT('',#9972);
#3859=VERTEX_POINT('',#9974);
#3860=VERTEX_POINT('',#9976);
#3861=VERTEX_POINT('',#9978);
#3862=VERTEX_POINT('',#9980);
#3863=VERTEX_POINT('',#9982);
#3864=VERTEX_POINT('',#9989);
#3865=VERTEX_POINT('',#9991);
#3866=VERTEX_POINT('',#9997);
#3867=VERTEX_POINT('',#9999);
#3868=VERTEX_POINT('',#10003);
#3869=VERTEX_POINT('',#10004);
#3870=VERTEX_POINT('',#10006);
#3871=VERTEX_POINT('',#10008);
#3872=VERTEX_POINT('',#10012);
#3873=VERTEX_POINT('',#10014);
#3874=VERTEX_POINT('',#10018);
#3875=VERTEX_POINT('',#10020);
#3876=VERTEX_POINT('',#10024);
#3877=VERTEX_POINT('',#10026);
#3878=VERTEX_POINT('',#10030);
#3879=VERTEX_POINT('',#10032);
#3880=VERTEX_POINT('',#10036);
#3881=VERTEX_POINT('',#10038);
#3882=VERTEX_POINT('',#10042);
#3883=VERTEX_POINT('',#10044);
#3884=VERTEX_POINT('',#10048);
#3885=VERTEX_POINT('',#10050);
#3886=VERTEX_POINT('',#10054);
#3887=VERTEX_POINT('',#10056);
#3888=VERTEX_POINT('',#10060);
#3889=VERTEX_POINT('',#10062);
#3890=VERTEX_POINT('',#10066);
#3891=VERTEX_POINT('',#10068);
#3892=VERTEX_POINT('',#10114);
#3893=VERTEX_POINT('',#10118);
#3894=VERTEX_POINT('',#10124);
#3895=VERTEX_POINT('',#10126);
#3896=VERTEX_POINT('',#10136);
#3897=VERTEX_POINT('',#10137);
#3898=VERTEX_POINT('',#10142);
#3899=VERTEX_POINT('',#10144);
#3900=VERTEX_POINT('',#10176);
#3901=VERTEX_POINT('',#10178);
#3902=VERTEX_POINT('',#10182);
#3903=VERTEX_POINT('',#10184);
#3904=VERTEX_POINT('',#10188);
#3905=VERTEX_POINT('',#10190);
#3906=VERTEX_POINT('',#10194);
#3907=VERTEX_POINT('',#10196);
#3908=VERTEX_POINT('',#10200);
#3909=VERTEX_POINT('',#10202);
#3910=VERTEX_POINT('',#10206);
#3911=VERTEX_POINT('',#10208);
#3912=VERTEX_POINT('',#10212);
#3913=VERTEX_POINT('',#10214);
#3914=VERTEX_POINT('',#10218);
#3915=VERTEX_POINT('',#10219);
#3916=VERTEX_POINT('',#10221);
#3917=VERTEX_POINT('',#10223);
#3918=VERTEX_POINT('',#10227);
#3919=VERTEX_POINT('',#10229);
#3920=VERTEX_POINT('',#10233);
#3921=VERTEX_POINT('',#10235);
#3922=VERTEX_POINT('',#10239);
#3923=VERTEX_POINT('',#10241);
#3924=VERTEX_POINT('',#10245);
#3925=VERTEX_POINT('',#10247);
#3926=VERTEX_POINT('',#10251);
#3927=VERTEX_POINT('',#10253);
#3928=VERTEX_POINT('',#10257);
#3929=VERTEX_POINT('',#10259);
#3930=VERTEX_POINT('',#10263);
#3931=VERTEX_POINT('',#10265);
#3932=VERTEX_POINT('',#10269);
#3933=VERTEX_POINT('',#10271);
#3934=VERTEX_POINT('',#10275);
#3935=VERTEX_POINT('',#10277);
#3936=VERTEX_POINT('',#10281);
#3937=VERTEX_POINT('',#10283);
#3938=VERTEX_POINT('',#10291);
#3939=VERTEX_POINT('',#10292);
#3940=VERTEX_POINT('',#10294);
#3941=VERTEX_POINT('',#10296);
#3942=VERTEX_POINT('',#10300);
#3943=VERTEX_POINT('',#10302);
#3944=VERTEX_POINT('',#10306);
#3945=VERTEX_POINT('',#10308);
#3946=VERTEX_POINT('',#10312);
#3947=VERTEX_POINT('',#10314);
#3948=VERTEX_POINT('',#10318);
#3949=VERTEX_POINT('',#10320);
#3950=VERTEX_POINT('',#10324);
#3951=VERTEX_POINT('',#10326);
#3952=VERTEX_POINT('',#10330);
#3953=VERTEX_POINT('',#10332);
#3954=VERTEX_POINT('',#10336);
#3955=VERTEX_POINT('',#10338);
#3956=VERTEX_POINT('',#10342);
#3957=VERTEX_POINT('',#10344);
#3958=VERTEX_POINT('',#10348);
#3959=VERTEX_POINT('',#10350);
#3960=VERTEX_POINT('',#10354);
#3961=VERTEX_POINT('',#10356);
#3962=VERTEX_POINT('',#10364);
#3963=VERTEX_POINT('',#10365);
#3964=VERTEX_POINT('',#10367);
#3965=VERTEX_POINT('',#10369);
#3966=VERTEX_POINT('',#10373);
#3967=VERTEX_POINT('',#10375);
#3968=VERTEX_POINT('',#10379);
#3969=VERTEX_POINT('',#10381);
#3970=VERTEX_POINT('',#10385);
#3971=VERTEX_POINT('',#10387);
#3972=VERTEX_POINT('',#10391);
#3973=VERTEX_POINT('',#10393);
#3974=VERTEX_POINT('',#10397);
#3975=VERTEX_POINT('',#10399);
#3976=VERTEX_POINT('',#10403);
#3977=VERTEX_POINT('',#10405);
#3978=VERTEX_POINT('',#10409);
#3979=VERTEX_POINT('',#10411);
#3980=VERTEX_POINT('',#10415);
#3981=VERTEX_POINT('',#10417);
#3982=VERTEX_POINT('',#10421);
#3983=VERTEX_POINT('',#10423);
#3984=VERTEX_POINT('',#10427);
#3985=VERTEX_POINT('',#10429);
#3986=VERTEX_POINT('',#10437);
#3987=VERTEX_POINT('',#10438);
#3988=VERTEX_POINT('',#10440);
#3989=VERTEX_POINT('',#10442);
#3990=VERTEX_POINT('',#10446);
#3991=VERTEX_POINT('',#10448);
#3992=VERTEX_POINT('',#10452);
#3993=VERTEX_POINT('',#10454);
#3994=VERTEX_POINT('',#10458);
#3995=VERTEX_POINT('',#10460);
#3996=VERTEX_POINT('',#10464);
#3997=VERTEX_POINT('',#10466);
#3998=VERTEX_POINT('',#10470);
#3999=VERTEX_POINT('',#10472);
#4000=VERTEX_POINT('',#10476);
#4001=VERTEX_POINT('',#10478);
#4002=VERTEX_POINT('',#10482);
#4003=VERTEX_POINT('',#10484);
#4004=VERTEX_POINT('',#10488);
#4005=VERTEX_POINT('',#10490);
#4006=VERTEX_POINT('',#10494);
#4007=VERTEX_POINT('',#10496);
#4008=VERTEX_POINT('',#10500);
#4009=VERTEX_POINT('',#10502);
#4010=VERTEX_POINT('',#10510);
#4011=VERTEX_POINT('',#10511);
#4012=VERTEX_POINT('',#10513);
#4013=VERTEX_POINT('',#10515);
#4014=VERTEX_POINT('',#10519);
#4015=VERTEX_POINT('',#10521);
#4016=VERTEX_POINT('',#10525);
#4017=VERTEX_POINT('',#10527);
#4018=VERTEX_POINT('',#10531);
#4019=VERTEX_POINT('',#10533);
#4020=VERTEX_POINT('',#10537);
#4021=VERTEX_POINT('',#10539);
#4022=VERTEX_POINT('',#10543);
#4023=VERTEX_POINT('',#10545);
#4024=VERTEX_POINT('',#10549);
#4025=VERTEX_POINT('',#10551);
#4026=VERTEX_POINT('',#10555);
#4027=VERTEX_POINT('',#10557);
#4028=VERTEX_POINT('',#10561);
#4029=VERTEX_POINT('',#10563);
#4030=VERTEX_POINT('',#10567);
#4031=VERTEX_POINT('',#10569);
#4032=VERTEX_POINT('',#10573);
#4033=VERTEX_POINT('',#10575);
#4034=VERTEX_POINT('',#10583);
#4035=VERTEX_POINT('',#10584);
#4036=VERTEX_POINT('',#10586);
#4037=VERTEX_POINT('',#10588);
#4038=VERTEX_POINT('',#10592);
#4039=VERTEX_POINT('',#10594);
#4040=VERTEX_POINT('',#10598);
#4041=VERTEX_POINT('',#10600);
#4042=VERTEX_POINT('',#10604);
#4043=VERTEX_POINT('',#10606);
#4044=VERTEX_POINT('',#10610);
#4045=VERTEX_POINT('',#10612);
#4046=VERTEX_POINT('',#10616);
#4047=VERTEX_POINT('',#10618);
#4048=VERTEX_POINT('',#10622);
#4049=VERTEX_POINT('',#10624);
#4050=VERTEX_POINT('',#10628);
#4051=VERTEX_POINT('',#10630);
#4052=VERTEX_POINT('',#10634);
#4053=VERTEX_POINT('',#10636);
#4054=VERTEX_POINT('',#10640);
#4055=VERTEX_POINT('',#10642);
#4056=VERTEX_POINT('',#10646);
#4057=VERTEX_POINT('',#10648);
#4058=VERTEX_POINT('',#10656);
#4059=VERTEX_POINT('',#10657);
#4060=VERTEX_POINT('',#10659);
#4061=VERTEX_POINT('',#10661);
#4062=VERTEX_POINT('',#10665);
#4063=VERTEX_POINT('',#10667);
#4064=VERTEX_POINT('',#10671);
#4065=VERTEX_POINT('',#10673);
#4066=VERTEX_POINT('',#10677);
#4067=VERTEX_POINT('',#10679);
#4068=VERTEX_POINT('',#10683);
#4069=VERTEX_POINT('',#10685);
#4070=VERTEX_POINT('',#10689);
#4071=VERTEX_POINT('',#10691);
#4072=VERTEX_POINT('',#10695);
#4073=VERTEX_POINT('',#10697);
#4074=VERTEX_POINT('',#10701);
#4075=VERTEX_POINT('',#10703);
#4076=VERTEX_POINT('',#10707);
#4077=VERTEX_POINT('',#10709);
#4078=VERTEX_POINT('',#10713);
#4079=VERTEX_POINT('',#10715);
#4080=VERTEX_POINT('',#10719);
#4081=VERTEX_POINT('',#10721);
#4082=VERTEX_POINT('',#10995);
#4083=VERTEX_POINT('',#10996);
#4084=VERTEX_POINT('',#11001);
#4085=VERTEX_POINT('',#11003);
#4086=EDGE_CURVE('',#3476,#3477,#5053,.T.);
#4087=EDGE_CURVE('',#3478,#3476,#5054,.T.);
#4088=EDGE_CURVE('',#3479,#3478,#5055,.T.);
#4089=EDGE_CURVE('',#3477,#3479,#5056,.T.);
#4090=EDGE_CURVE('',#3480,#3481,#5057,.T.);
#4091=EDGE_CURVE('',#3480,#3482,#5058,.T.);
#4092=EDGE_CURVE('',#3483,#3482,#5059,.T.);
#4093=EDGE_CURVE('',#3483,#3484,#5060,.T.);
#4094=EDGE_CURVE('',#3485,#3484,#5061,.T.);
#4095=EDGE_CURVE('',#3485,#3486,#5062,.T.);
#4096=EDGE_CURVE('',#3487,#3486,#5063,.T.);
#4097=EDGE_CURVE('',#3487,#3488,#5064,.T.);
#4098=EDGE_CURVE('',#3489,#3488,#5065,.T.);
#4099=EDGE_CURVE('',#3489,#3490,#5066,.T.);
#4100=EDGE_CURVE('',#3491,#3490,#5067,.T.);
#4101=EDGE_CURVE('',#3491,#3492,#5068,.T.);
#4102=EDGE_CURVE('',#3493,#3492,#5069,.T.);
#4103=EDGE_CURVE('',#3493,#3494,#5070,.T.);
#4104=EDGE_CURVE('',#3495,#3494,#5071,.T.);
#4105=EDGE_CURVE('',#3495,#3496,#5072,.T.);
#4106=EDGE_CURVE('',#3497,#3496,#5073,.T.);
#4107=EDGE_CURVE('',#3497,#3498,#5074,.T.);
#4108=EDGE_CURVE('',#3499,#3498,#5075,.T.);
#4109=EDGE_CURVE('',#3499,#3500,#5076,.T.);
#4110=EDGE_CURVE('',#3501,#3500,#5077,.T.);
#4111=EDGE_CURVE('',#3501,#3502,#5078,.T.);
#4112=EDGE_CURVE('',#3503,#3502,#5079,.T.);
#4113=EDGE_CURVE('',#3503,#3504,#5080,.T.);
#4114=EDGE_CURVE('',#3505,#3504,#5081,.T.);
#4115=EDGE_CURVE('',#3505,#3506,#5082,.T.);
#4116=EDGE_CURVE('',#3507,#3506,#5083,.T.);
#4117=EDGE_CURVE('',#3507,#3508,#5084,.T.);
#4118=EDGE_CURVE('',#3509,#3508,#5085,.T.);
#4119=EDGE_CURVE('',#3509,#3510,#5086,.T.);
#4120=EDGE_CURVE('',#3511,#3510,#5087,.T.);
#4121=EDGE_CURVE('',#3512,#3511,#5088,.T.);
#4122=EDGE_CURVE('',#3512,#3513,#5089,.T.);
#4123=EDGE_CURVE('',#3513,#3514,#5090,.T.);
#4124=EDGE_CURVE('',#3515,#3514,#5091,.T.);
#4125=EDGE_CURVE('',#3515,#3481,#5092,.T.);
#4126=EDGE_CURVE('',#3516,#3517,#5093,.T.);
#4127=EDGE_CURVE('',#3518,#3516,#5094,.T.);
#4128=EDGE_CURVE('',#3519,#3518,#5095,.T.);
#4129=EDGE_CURVE('',#3517,#3519,#5096,.T.);
#4130=EDGE_CURVE('',#3520,#3521,#5097,.T.);
#4131=EDGE_CURVE('',#3521,#3522,#5098,.T.);
#4132=EDGE_CURVE('',#3522,#3523,#5099,.T.);
#4133=EDGE_CURVE('',#3523,#3524,#5100,.T.);
#4134=EDGE_CURVE('',#3524,#3525,#5101,.T.);
#4135=EDGE_CURVE('',#3526,#3525,#5102,.T.);
#4136=EDGE_CURVE('',#3526,#3527,#5103,.T.);
#4137=EDGE_CURVE('',#3527,#3528,#5104,.T.);
#4138=EDGE_CURVE('',#3528,#3529,#5105,.T.);
#4139=EDGE_CURVE('',#3529,#3530,#5106,.T.);
#4140=EDGE_CURVE('',#3530,#3531,#5107,.T.);
#4141=EDGE_CURVE('',#3532,#3531,#5108,.T.);
#4142=EDGE_CURVE('',#3533,#3532,#5109,.T.);
#4143=EDGE_CURVE('',#3533,#3534,#5110,.T.);
#4144=EDGE_CURVE('',#3534,#3535,#5111,.T.);
#4145=EDGE_CURVE('',#3536,#3535,#5112,.T.);
#4146=EDGE_CURVE('',#3536,#3537,#5113,.T.);
#4147=EDGE_CURVE('',#3537,#3538,#5114,.T.);
#4148=EDGE_CURVE('',#3538,#3539,#5115,.T.);
#4149=EDGE_CURVE('',#3539,#3540,#5116,.T.);
#4150=EDGE_CURVE('',#3540,#3541,#5117,.T.);
#4151=EDGE_CURVE('',#3542,#3541,#5118,.T.);
#4152=EDGE_CURVE('',#3542,#3543,#5119,.T.);
#4153=EDGE_CURVE('',#3543,#3544,#5120,.T.);
#4154=EDGE_CURVE('',#3544,#3545,#5121,.T.);
#4155=EDGE_CURVE('',#3545,#3546,#5122,.T.);
#4156=EDGE_CURVE('',#3546,#3547,#5123,.T.);
#4157=EDGE_CURVE('',#3548,#3547,#5124,.T.);
#4158=EDGE_CURVE('',#3548,#3549,#5125,.T.);
#4159=EDGE_CURVE('',#3549,#3550,#5126,.T.);
#4160=EDGE_CURVE('',#3550,#3551,#5127,.T.);
#4161=EDGE_CURVE('',#3551,#3552,#5128,.T.);
#4162=EDGE_CURVE('',#3552,#3553,#5129,.T.);
#4163=EDGE_CURVE('',#3554,#3553,#5130,.T.);
#4164=EDGE_CURVE('',#3554,#3555,#5131,.T.);
#4165=EDGE_CURVE('',#3555,#3556,#5132,.T.);
#4166=EDGE_CURVE('',#3556,#3557,#5133,.T.);
#4167=EDGE_CURVE('',#3557,#3558,#5134,.T.);
#4168=EDGE_CURVE('',#3558,#3559,#5135,.T.);
#4169=EDGE_CURVE('',#3560,#3559,#5136,.T.);
#4170=EDGE_CURVE('',#3560,#3561,#5137,.T.);
#4171=EDGE_CURVE('',#3561,#3562,#5138,.T.);
#4172=EDGE_CURVE('',#3562,#3563,#5139,.T.);
#4173=EDGE_CURVE('',#3563,#3564,#5140,.T.);
#4174=EDGE_CURVE('',#3564,#3565,#5141,.T.);
#4175=EDGE_CURVE('',#3566,#3565,#5142,.T.);
#4176=EDGE_CURVE('',#3566,#3567,#5143,.T.);
#4177=EDGE_CURVE('',#3567,#3568,#5144,.T.);
#4178=EDGE_CURVE('',#3568,#3569,#5145,.T.);
#4179=EDGE_CURVE('',#3569,#3570,#5146,.T.);
#4180=EDGE_CURVE('',#3570,#3571,#5147,.T.);
#4181=EDGE_CURVE('',#3520,#3571,#5148,.T.);
#4182=EDGE_CURVE('',#3572,#3525,#5149,.T.);
#4183=EDGE_CURVE('',#3573,#3572,#5150,.T.);
#4184=EDGE_CURVE('',#3573,#3526,#5151,.T.);
#4185=EDGE_CURVE('',#3574,#3520,#5152,.T.);
#4186=EDGE_CURVE('',#3575,#3571,#5153,.T.);
#4187=EDGE_CURVE('',#3574,#3575,#5154,.T.);
#4188=EDGE_CURVE('',#3576,#3566,#5155,.T.);
#4189=EDGE_CURVE('',#3577,#3565,#5156,.T.);
#4190=EDGE_CURVE('',#3576,#3577,#5157,.T.);
#4191=EDGE_CURVE('',#3578,#3560,#5158,.T.);
#4192=EDGE_CURVE('',#3579,#3559,#5159,.T.);
#4193=EDGE_CURVE('',#3578,#3579,#5160,.T.);
#4194=EDGE_CURVE('',#3580,#3554,#5161,.T.);
#4195=EDGE_CURVE('',#3581,#3553,#5162,.T.);
#4196=EDGE_CURVE('',#3580,#3581,#5163,.T.);
#4197=EDGE_CURVE('',#3582,#3548,#5164,.T.);
#4198=EDGE_CURVE('',#3583,#3547,#5165,.T.);
#4199=EDGE_CURVE('',#3582,#3583,#5166,.T.);
#4200=EDGE_CURVE('',#3584,#3542,#5167,.T.);
#4201=EDGE_CURVE('',#3585,#3541,#5168,.T.);
#4202=EDGE_CURVE('',#3584,#3585,#5169,.T.);
#4203=EDGE_CURVE('',#3586,#3536,#5170,.T.);
#4204=EDGE_CURVE('',#3535,#3587,#5171,.T.);
#4205=EDGE_CURVE('',#3586,#3587,#5172,.T.);
#4206=EDGE_CURVE('',#3482,#3588,#5173,.T.);
#4207=EDGE_CURVE('',#3588,#3589,#5174,.T.);
#4208=EDGE_CURVE('',#3589,#3515,#5175,.T.);
#4209=EDGE_CURVE('',#3514,#3534,#5176,.T.);
#4210=EDGE_CURVE('',#3511,#3533,#5177,.T.);
#4211=EDGE_CURVE('',#3510,#3590,#5178,.T.);
#4212=EDGE_CURVE('',#3590,#3591,#5179,.T.);
#4213=EDGE_CURVE('',#3591,#3507,#5180,.T.);
#4214=EDGE_CURVE('',#3506,#3592,#5181,.T.);
#4215=EDGE_CURVE('',#3592,#3593,#5182,.T.);
#4216=EDGE_CURVE('',#3593,#3503,#5183,.T.);
#4217=EDGE_CURVE('',#3502,#3594,#5184,.T.);
#4218=EDGE_CURVE('',#3594,#3595,#5185,.T.);
#4219=EDGE_CURVE('',#3595,#3499,#5186,.T.);
#4220=EDGE_CURVE('',#3498,#3596,#5187,.T.);
#4221=EDGE_CURVE('',#3596,#3597,#5188,.T.);
#4222=EDGE_CURVE('',#3597,#3495,#5189,.T.);
#4223=EDGE_CURVE('',#3494,#3598,#5190,.T.);
#4224=EDGE_CURVE('',#3598,#3599,#5191,.T.);
#4225=EDGE_CURVE('',#3599,#3491,#5192,.T.);
#4226=EDGE_CURVE('',#3490,#3600,#5193,.T.);
#4227=EDGE_CURVE('',#3600,#3601,#5194,.T.);
#4228=EDGE_CURVE('',#3601,#3487,#5195,.T.);
#4229=EDGE_CURVE('',#3486,#3602,#5196,.T.);
#4230=EDGE_CURVE('',#3602,#3603,#5197,.T.);
#4231=EDGE_CURVE('',#3603,#3483,#5198,.T.);
#4232=EDGE_CURVE('',#3604,#3605,#5199,.T.);
#4233=EDGE_CURVE('',#3606,#3605,#5200,.T.);
#4234=EDGE_CURVE('',#3606,#3607,#5201,.T.);
#4235=EDGE_CURVE('',#3608,#3607,#5202,.T.);
#4236=EDGE_CURVE('',#3608,#3609,#5203,.T.);
#4237=EDGE_CURVE('',#3610,#3609,#5204,.T.);
#4238=EDGE_CURVE('',#3610,#3611,#5205,.T.);
#4239=EDGE_CURVE('',#3612,#3611,#5206,.T.);
#4240=EDGE_CURVE('',#3612,#3613,#5207,.T.);
#4241=EDGE_CURVE('',#3614,#3613,#5208,.T.);
#4242=EDGE_CURVE('',#3614,#3615,#5209,.T.);
#4243=EDGE_CURVE('',#3616,#3615,#5210,.T.);
#4244=EDGE_CURVE('',#3616,#3617,#5211,.T.);
#4245=EDGE_CURVE('',#3618,#3617,#5212,.T.);
#4246=EDGE_CURVE('',#3618,#3619,#5213,.T.);
#4247=EDGE_CURVE('',#3620,#3619,#5214,.T.);
#4248=EDGE_CURVE('',#3620,#3621,#5215,.T.);
#4249=EDGE_CURVE('',#3622,#3621,#5216,.T.);
#4250=EDGE_CURVE('',#3622,#3623,#5217,.T.);
#4251=EDGE_CURVE('',#3624,#3623,#5218,.T.);
#4252=EDGE_CURVE('',#3624,#3625,#5219,.T.);
#4253=EDGE_CURVE('',#3626,#3625,#5220,.T.);
#4254=EDGE_CURVE('',#3626,#3627,#5221,.T.);
#4255=EDGE_CURVE('',#3628,#3627,#5222,.T.);
#4256=EDGE_CURVE('',#3628,#3629,#5223,.T.);
#4257=EDGE_CURVE('',#3630,#3629,#5224,.T.);
#4258=EDGE_CURVE('',#3630,#3631,#5225,.T.);
#4259=EDGE_CURVE('',#3631,#3632,#5226,.T.);
#4260=EDGE_CURVE('',#3632,#3633,#5227,.T.);
#4261=EDGE_CURVE('',#3633,#3634,#5228,.T.);
#4262=EDGE_CURVE('',#3635,#3634,#5229,.T.);
#4263=EDGE_CURVE('',#3636,#3635,#5230,.T.);
#4264=EDGE_CURVE('',#3636,#3637,#5231,.T.);
#4265=EDGE_CURVE('',#3638,#3637,#5232,.T.);
#4266=EDGE_CURVE('',#3638,#3639,#5233,.T.);
#4267=EDGE_CURVE('',#3640,#3639,#5234,.T.);
#4268=EDGE_CURVE('',#3640,#3641,#5235,.T.);
#4269=EDGE_CURVE('',#3642,#3641,#5236,.T.);
#4270=EDGE_CURVE('',#3642,#3643,#5237,.T.);
#4271=EDGE_CURVE('',#3604,#3643,#5238,.T.);
#4272=EDGE_CURVE('',#3644,#3645,#5239,.T.);
#4273=EDGE_CURVE('',#3646,#3644,#5240,.T.);
#4274=EDGE_CURVE('',#3647,#3646,#5241,.T.);
#4275=EDGE_CURVE('',#3647,#3645,#5242,.T.);
#4276=EDGE_CURVE('',#3648,#3644,#5243,.T.);
#4277=EDGE_CURVE('',#3649,#3648,#5244,.T.);
#4278=EDGE_CURVE('',#3646,#3649,#5245,.T.);
#4279=EDGE_CURVE('',#3629,#3648,#5246,.T.);
#4280=EDGE_CURVE('',#3649,#3628,#5247,.T.);
#4281=EDGE_CURVE('',#3650,#3651,#5248,.T.);
#4282=EDGE_CURVE('',#3652,#3650,#5249,.T.);
#4283=EDGE_CURVE('',#3653,#3652,#5250,.T.);
#4284=EDGE_CURVE('',#3653,#3651,#5251,.T.);
#4285=EDGE_CURVE('',#3654,#3650,#5252,.T.);
#4286=EDGE_CURVE('',#3655,#3654,#5253,.T.);
#4287=EDGE_CURVE('',#3652,#3655,#5254,.T.);
#4288=EDGE_CURVE('',#3625,#3654,#5255,.T.);
#4289=EDGE_CURVE('',#3655,#3624,#5256,.T.);
#4290=EDGE_CURVE('',#3656,#3657,#5257,.T.);
#4291=EDGE_CURVE('',#3658,#3656,#5258,.T.);
#4292=EDGE_CURVE('',#3659,#3658,#5259,.T.);
#4293=EDGE_CURVE('',#3659,#3657,#5260,.T.);
#4294=EDGE_CURVE('',#3660,#3656,#5261,.T.);
#4295=EDGE_CURVE('',#3661,#3660,#5262,.T.);
#4296=EDGE_CURVE('',#3658,#3661,#5263,.T.);
#4297=EDGE_CURVE('',#3621,#3660,#5264,.T.);
#4298=EDGE_CURVE('',#3661,#3620,#5265,.T.);
#4299=EDGE_CURVE('',#3662,#3663,#5266,.T.);
#4300=EDGE_CURVE('',#3664,#3662,#5267,.T.);
#4301=EDGE_CURVE('',#3665,#3664,#5268,.T.);
#4302=EDGE_CURVE('',#3665,#3663,#5269,.T.);
#4303=EDGE_CURVE('',#3666,#3662,#5270,.T.);
#4304=EDGE_CURVE('',#3667,#3666,#5271,.T.);
#4305=EDGE_CURVE('',#3664,#3667,#5272,.T.);
#4306=EDGE_CURVE('',#3617,#3666,#5273,.T.);
#4307=EDGE_CURVE('',#3667,#3616,#5274,.T.);
#4308=EDGE_CURVE('',#3668,#3669,#5275,.T.);
#4309=EDGE_CURVE('',#3670,#3668,#5276,.T.);
#4310=EDGE_CURVE('',#3671,#3670,#5277,.T.);
#4311=EDGE_CURVE('',#3671,#3669,#5278,.T.);
#4312=EDGE_CURVE('',#3672,#3668,#5279,.T.);
#4313=EDGE_CURVE('',#3673,#3672,#5280,.T.);
#4314=EDGE_CURVE('',#3670,#3673,#5281,.T.);
#4315=EDGE_CURVE('',#3613,#3672,#5282,.T.);
#4316=EDGE_CURVE('',#3673,#3612,#5283,.T.);
#4317=EDGE_CURVE('',#3674,#3675,#5284,.T.);
#4318=EDGE_CURVE('',#3676,#3674,#5285,.T.);
#4319=EDGE_CURVE('',#3677,#3676,#5286,.T.);
#4320=EDGE_CURVE('',#3677,#3675,#5287,.T.);
#4321=EDGE_CURVE('',#3678,#3674,#5288,.T.);
#4322=EDGE_CURVE('',#3679,#3678,#5289,.T.);
#4323=EDGE_CURVE('',#3676,#3679,#5290,.T.);
#4324=EDGE_CURVE('',#3609,#3678,#5291,.T.);
#4325=EDGE_CURVE('',#3679,#3608,#5292,.T.);
#4326=EDGE_CURVE('',#3680,#3681,#5293,.T.);
#4327=EDGE_CURVE('',#3682,#3680,#5294,.T.);
#4328=EDGE_CURVE('',#3683,#3682,#5295,.T.);
#4329=EDGE_CURVE('',#3683,#3681,#5296,.T.);
#4330=EDGE_CURVE('',#3684,#3680,#5297,.T.);
#4331=EDGE_CURVE('',#3685,#3684,#5298,.T.);
#4332=EDGE_CURVE('',#3682,#3685,#5299,.T.);
#4333=EDGE_CURVE('',#3605,#3684,#5300,.T.);
#4334=EDGE_CURVE('',#3685,#3604,#5301,.T.);
#4335=EDGE_CURVE('',#3647,#3686,#5302,.T.);
#4336=EDGE_CURVE('',#3687,#3686,#5303,.T.);
#4337=EDGE_CURVE('',#3687,#3651,#5304,.T.);
#4338=EDGE_CURVE('',#3653,#3688,#5305,.T.);
#4339=EDGE_CURVE('',#3689,#3688,#5306,.T.);
#4340=EDGE_CURVE('',#3689,#3657,#5307,.T.);
#4341=EDGE_CURVE('',#3659,#3690,#5308,.T.);
#4342=EDGE_CURVE('',#3691,#3690,#5309,.T.);
#4343=EDGE_CURVE('',#3691,#3663,#5310,.T.);
#4344=EDGE_CURVE('',#3665,#3692,#5311,.T.);
#4345=EDGE_CURVE('',#3693,#3692,#5312,.T.);
#4346=EDGE_CURVE('',#3693,#3669,#5313,.T.);
#4347=EDGE_CURVE('',#3671,#3694,#5314,.T.);
#4348=EDGE_CURVE('',#3695,#3694,#5315,.T.);
#4349=EDGE_CURVE('',#3695,#3675,#5316,.T.);
#4350=EDGE_CURVE('',#3677,#3696,#5317,.T.);
#4351=EDGE_CURVE('',#3697,#3696,#5318,.T.);
#4352=EDGE_CURVE('',#3697,#3681,#5319,.T.);
#4353=EDGE_CURVE('',#3683,#3698,#5320,.T.);
#4354=EDGE_CURVE('',#3699,#3698,#5321,.T.);
#4355=EDGE_CURVE('',#3699,#3700,#5322,.T.);
#4356=EDGE_CURVE('',#3701,#3700,#5323,.T.);
#4357=EDGE_CURVE('',#3701,#3702,#5324,.T.);
#4358=EDGE_CURVE('',#3703,#3702,#5325,.T.);
#4359=EDGE_CURVE('',#3704,#3703,#5326,.T.);
#4360=EDGE_CURVE('',#3704,#3705,#5327,.T.);
#4361=EDGE_CURVE('',#3706,#3705,#5328,.T.);
#4362=EDGE_CURVE('',#3707,#3706,#5329,.T.);
#4363=EDGE_CURVE('',#3708,#3707,#5330,.T.);
#4364=EDGE_CURVE('',#3709,#3708,#5331,.T.);
#4365=EDGE_CURVE('',#3573,#3709,#5332,.T.);
#4366=EDGE_CURVE('',#3710,#3572,#5333,.T.);
#4367=EDGE_CURVE('',#3711,#3710,#5334,.T.);
#4368=EDGE_CURVE('',#3712,#3711,#5335,.T.);
#4369=EDGE_CURVE('',#3713,#3712,#5336,.T.);
#4370=EDGE_CURVE('',#3574,#3713,#5337,.T.);
#4371=EDGE_CURVE('',#3714,#3575,#5338,.T.);
#4372=EDGE_CURVE('',#3715,#3714,#5339,.T.);
#4373=EDGE_CURVE('',#3716,#3715,#5340,.T.);
#4374=EDGE_CURVE('',#3717,#3716,#5341,.T.);
#4375=EDGE_CURVE('',#3576,#3717,#5342,.T.);
#4376=EDGE_CURVE('',#3718,#3577,#5343,.T.);
#4377=EDGE_CURVE('',#3719,#3718,#5344,.T.);
#4378=EDGE_CURVE('',#3720,#3719,#5345,.T.);
#4379=EDGE_CURVE('',#3721,#3720,#5346,.T.);
#4380=EDGE_CURVE('',#3578,#3721,#5347,.T.);
#4381=EDGE_CURVE('',#3722,#3579,#5348,.T.);
#4382=EDGE_CURVE('',#3723,#3722,#5349,.T.);
#4383=EDGE_CURVE('',#3724,#3723,#5350,.T.);
#4384=EDGE_CURVE('',#3725,#3724,#5351,.T.);
#4385=EDGE_CURVE('',#3580,#3725,#5352,.T.);
#4386=EDGE_CURVE('',#3726,#3581,#5353,.T.);
#4387=EDGE_CURVE('',#3727,#3726,#5354,.T.);
#4388=EDGE_CURVE('',#3728,#3727,#5355,.T.);
#4389=EDGE_CURVE('',#3729,#3728,#5356,.T.);
#4390=EDGE_CURVE('',#3582,#3729,#5357,.T.);
#4391=EDGE_CURVE('',#3730,#3583,#5358,.T.);
#4392=EDGE_CURVE('',#3731,#3730,#5359,.T.);
#4393=EDGE_CURVE('',#3732,#3731,#5360,.T.);
#4394=EDGE_CURVE('',#3733,#3732,#5361,.T.);
#4395=EDGE_CURVE('',#3584,#3733,#5362,.T.);
#4396=EDGE_CURVE('',#3734,#3585,#5363,.T.);
#4397=EDGE_CURVE('',#3735,#3734,#5364,.T.);
#4398=EDGE_CURVE('',#3736,#3735,#5365,.T.);
#4399=EDGE_CURVE('',#3737,#3736,#5366,.T.);
#4400=EDGE_CURVE('',#3586,#3737,#5367,.T.);
#4401=EDGE_CURVE('',#3587,#3738,#5368,.T.);
#4402=EDGE_CURVE('',#3739,#3738,#5369,.T.);
#4403=EDGE_CURVE('',#3739,#3645,#5370,.T.);
#4404=EDGE_CURVE('',#3606,#3697,#5371,.T.);
#4405=EDGE_CURVE('',#3607,#3696,#5372,.T.);
#4406=EDGE_CURVE('',#3610,#3695,#5373,.T.);
#4407=EDGE_CURVE('',#3611,#3694,#5374,.T.);
#4408=EDGE_CURVE('',#3614,#3693,#5375,.T.);
#4409=EDGE_CURVE('',#3615,#3692,#5376,.T.);
#4410=EDGE_CURVE('',#3618,#3691,#5377,.T.);
#4411=EDGE_CURVE('',#3619,#3690,#5378,.T.);
#4412=EDGE_CURVE('',#3622,#3689,#5379,.T.);
#4413=EDGE_CURVE('',#3623,#3688,#5380,.T.);
#4414=EDGE_CURVE('',#3626,#3687,#5381,.T.);
#4415=EDGE_CURVE('',#3627,#3686,#5382,.T.);
#4416=EDGE_CURVE('',#3630,#3739,#5383,.T.);
#4417=EDGE_CURVE('',#3738,#3631,#5384,.T.);
#4418=EDGE_CURVE('',#3636,#3740,#5385,.T.);
#4419=EDGE_CURVE('',#3740,#3741,#5386,.T.);
#4420=EDGE_CURVE('',#3741,#3633,#5387,.T.);
#4421=EDGE_CURVE('',#3632,#3742,#5388,.T.);
#4422=EDGE_CURVE('',#3743,#3742,#5389,.T.);
#4423=EDGE_CURVE('',#3744,#3743,#5390,.T.);
#4424=EDGE_CURVE('',#3745,#3744,#5391,.T.);
#4425=EDGE_CURVE('',#3745,#3513,#5392,.T.);
#4426=EDGE_CURVE('',#3746,#3512,#5393,.T.);
#4427=EDGE_CURVE('',#3747,#3746,#5394,.T.);
#4428=EDGE_CURVE('',#3748,#3747,#5395,.T.);
#4429=EDGE_CURVE('',#3749,#3748,#5396,.T.);
#4430=EDGE_CURVE('',#3637,#3749,#5397,.T.);
#4431=EDGE_CURVE('',#3750,#3745,#5398,.T.);
#4432=EDGE_CURVE('',#3751,#3750,#5399,.T.);
#4433=EDGE_CURVE('',#3751,#3742,#5400,.T.);
#4434=EDGE_CURVE('',#3705,#3531,#5401,.T.);
#4435=EDGE_CURVE('',#3532,#3704,#5402,.T.);
#4436=EDGE_CURVE('',#3701,#3752,#5403,.T.);
#4437=EDGE_CURVE('',#3753,#3700,#5404,.T.);
#4438=EDGE_CURVE('',#3752,#3753,#5405,.T.);
#4439=EDGE_CURVE('',#3752,#3754,#5406,.T.);
#4440=EDGE_CURVE('',#3755,#3753,#5407,.T.);
#4441=EDGE_CURVE('',#3754,#3755,#5408,.T.);
#4442=EDGE_CURVE('',#3754,#3640,#5409,.T.);
#4443=EDGE_CURVE('',#3641,#3755,#5410,.T.);
#4444=EDGE_CURVE('',#3639,#3702,#5411,.T.);
#4445=EDGE_CURVE('',#3703,#3638,#5412,.T.);
#4446=EDGE_CURVE('',#3756,#3757,#5413,.T.);
#4447=EDGE_CURVE('',#3756,#3758,#5414,.T.);
#4448=EDGE_CURVE('',#3758,#3759,#5415,.T.);
#4449=EDGE_CURVE('',#3757,#3759,#5416,.T.);
#4450=EDGE_CURVE('',#3758,#3760,#45,.T.);
#4451=EDGE_CURVE('',#3760,#3761,#5417,.T.);
#4452=EDGE_CURVE('',#3759,#3761,#46,.T.);
#4453=EDGE_CURVE('',#3760,#3762,#5418,.T.);
#4454=EDGE_CURVE('',#3762,#3763,#5419,.T.);
#4455=EDGE_CURVE('',#3761,#3763,#5420,.T.);
#4456=EDGE_CURVE('',#3762,#3764,#47,.T.);
#4457=EDGE_CURVE('',#3764,#3765,#5421,.T.);
#4458=EDGE_CURVE('',#3763,#3765,#48,.T.);
#4459=EDGE_CURVE('',#3764,#3766,#5422,.T.);
#4460=EDGE_CURVE('',#3766,#3767,#5423,.T.);
#4461=EDGE_CURVE('',#3765,#3767,#5424,.T.);
#4462=EDGE_CURVE('',#3766,#3636,#36,.T.);
#4463=EDGE_CURVE('',#3767,#3635,#49,.T.);
#4464=EDGE_CURVE('',#3633,#3756,#37,.T.);
#4465=EDGE_CURVE('',#3634,#3757,#50,.T.);
#4466=EDGE_CURVE('',#3768,#3769,#5425,.T.);
#4467=EDGE_CURVE('',#3769,#3770,#5426,.T.);
#4468=EDGE_CURVE('',#3770,#3771,#5427,.T.);
#4469=EDGE_CURVE('',#3771,#3772,#5428,.T.);
#4470=EDGE_CURVE('',#3772,#3773,#5429,.T.);
#4471=EDGE_CURVE('',#3773,#3774,#5430,.T.);
#4472=EDGE_CURVE('',#3774,#3775,#5431,.T.);
#4473=EDGE_CURVE('',#3775,#3776,#5432,.T.);
#4474=EDGE_CURVE('',#3776,#3777,#5433,.T.);
#4475=EDGE_CURVE('',#3777,#3778,#5434,.T.);
#4476=EDGE_CURVE('',#3778,#3779,#5435,.T.);
#4477=EDGE_CURVE('',#3779,#3768,#5436,.T.);
#4478=EDGE_CURVE('',#3780,#3781,#5437,.T.);
#4479=EDGE_CURVE('',#3781,#3782,#5438,.T.);
#4480=EDGE_CURVE('',#3782,#3783,#5439,.T.);
#4481=EDGE_CURVE('',#3783,#3784,#5440,.T.);
#4482=EDGE_CURVE('',#3784,#3785,#5441,.T.);
#4483=EDGE_CURVE('',#3785,#3786,#5442,.T.);
#4484=EDGE_CURVE('',#3786,#3787,#5443,.T.);
#4485=EDGE_CURVE('',#3787,#3788,#5444,.T.);
#4486=EDGE_CURVE('',#3788,#3789,#5445,.T.);
#4487=EDGE_CURVE('',#3789,#3790,#5446,.T.);
#4488=EDGE_CURVE('',#3790,#3791,#5447,.T.);
#4489=EDGE_CURVE('',#3791,#3780,#5448,.T.);
#4490=EDGE_CURVE('',#3792,#3793,#5449,.T.);
#4491=EDGE_CURVE('',#3793,#3794,#5450,.T.);
#4492=EDGE_CURVE('',#3794,#3795,#5451,.T.);
#4493=EDGE_CURVE('',#3795,#3796,#5452,.T.);
#4494=EDGE_CURVE('',#3796,#3797,#5453,.T.);
#4495=EDGE_CURVE('',#3797,#3798,#5454,.T.);
#4496=EDGE_CURVE('',#3798,#3799,#5455,.T.);
#4497=EDGE_CURVE('',#3799,#3800,#5456,.T.);
#4498=EDGE_CURVE('',#3800,#3801,#5457,.T.);
#4499=EDGE_CURVE('',#3801,#3802,#5458,.T.);
#4500=EDGE_CURVE('',#3802,#3803,#5459,.T.);
#4501=EDGE_CURVE('',#3803,#3792,#5460,.T.);
#4502=EDGE_CURVE('',#3804,#3805,#5461,.T.);
#4503=EDGE_CURVE('',#3805,#3806,#5462,.T.);
#4504=EDGE_CURVE('',#3806,#3807,#5463,.T.);
#4505=EDGE_CURVE('',#3807,#3808,#5464,.T.);
#4506=EDGE_CURVE('',#3808,#3809,#5465,.T.);
#4507=EDGE_CURVE('',#3809,#3810,#5466,.T.);
#4508=EDGE_CURVE('',#3810,#3811,#5467,.T.);
#4509=EDGE_CURVE('',#3811,#3812,#5468,.T.);
#4510=EDGE_CURVE('',#3812,#3813,#5469,.T.);
#4511=EDGE_CURVE('',#3813,#3814,#5470,.T.);
#4512=EDGE_CURVE('',#3814,#3815,#5471,.T.);
#4513=EDGE_CURVE('',#3815,#3804,#5472,.T.);
#4514=EDGE_CURVE('',#3816,#3817,#5473,.T.);
#4515=EDGE_CURVE('',#3817,#3818,#5474,.T.);
#4516=EDGE_CURVE('',#3818,#3819,#5475,.T.);
#4517=EDGE_CURVE('',#3819,#3820,#5476,.T.);
#4518=EDGE_CURVE('',#3820,#3821,#5477,.T.);
#4519=EDGE_CURVE('',#3821,#3822,#5478,.T.);
#4520=EDGE_CURVE('',#3822,#3823,#5479,.T.);
#4521=EDGE_CURVE('',#3823,#3824,#5480,.T.);
#4522=EDGE_CURVE('',#3824,#3825,#5481,.T.);
#4523=EDGE_CURVE('',#3825,#3826,#5482,.T.);
#4524=EDGE_CURVE('',#3826,#3827,#5483,.T.);
#4525=EDGE_CURVE('',#3827,#3816,#5484,.T.);
#4526=EDGE_CURVE('',#3828,#3829,#5485,.T.);
#4527=EDGE_CURVE('',#3829,#3830,#5486,.T.);
#4528=EDGE_CURVE('',#3830,#3831,#5487,.T.);
#4529=EDGE_CURVE('',#3831,#3832,#5488,.T.);
#4530=EDGE_CURVE('',#3832,#3833,#5489,.T.);
#4531=EDGE_CURVE('',#3833,#3834,#5490,.T.);
#4532=EDGE_CURVE('',#3834,#3835,#5491,.T.);
#4533=EDGE_CURVE('',#3835,#3836,#5492,.T.);
#4534=EDGE_CURVE('',#3836,#3837,#5493,.T.);
#4535=EDGE_CURVE('',#3837,#3838,#5494,.T.);
#4536=EDGE_CURVE('',#3838,#3839,#5495,.T.);
#4537=EDGE_CURVE('',#3839,#3828,#5496,.T.);
#4538=EDGE_CURVE('',#3840,#3841,#5497,.T.);
#4539=EDGE_CURVE('',#3841,#3842,#5498,.T.);
#4540=EDGE_CURVE('',#3842,#3843,#5499,.T.);
#4541=EDGE_CURVE('',#3843,#3844,#5500,.T.);
#4542=EDGE_CURVE('',#3844,#3845,#5501,.T.);
#4543=EDGE_CURVE('',#3845,#3846,#5502,.T.);
#4544=EDGE_CURVE('',#3846,#3847,#5503,.T.);
#4545=EDGE_CURVE('',#3847,#3848,#5504,.T.);
#4546=EDGE_CURVE('',#3848,#3849,#5505,.T.);
#4547=EDGE_CURVE('',#3849,#3850,#5506,.T.);
#4548=EDGE_CURVE('',#3850,#3851,#5507,.T.);
#4549=EDGE_CURVE('',#3851,#3840,#5508,.T.);
#4550=EDGE_CURVE('',#3852,#3853,#5509,.T.);
#4551=EDGE_CURVE('',#3853,#3854,#5510,.T.);
#4552=EDGE_CURVE('',#3854,#3855,#5511,.T.);
#4553=EDGE_CURVE('',#3855,#3856,#5512,.T.);
#4554=EDGE_CURVE('',#3856,#3857,#5513,.T.);
#4555=EDGE_CURVE('',#3857,#3858,#5514,.T.);
#4556=EDGE_CURVE('',#3858,#3859,#5515,.T.);
#4557=EDGE_CURVE('',#3859,#3860,#5516,.T.);
#4558=EDGE_CURVE('',#3860,#3861,#5517,.T.);
#4559=EDGE_CURVE('',#3861,#3862,#5518,.T.);
#4560=EDGE_CURVE('',#3862,#3863,#5519,.T.);
#4561=EDGE_CURVE('',#3863,#3852,#5520,.T.);
#4562=EDGE_CURVE('',#3643,#3698,#5521,.T.);
#4563=EDGE_CURVE('',#3642,#3699,#5522,.T.);
#4564=EDGE_CURVE('',#3864,#3749,#5523,.T.);
#4565=EDGE_CURVE('',#3865,#3864,#5524,.T.);
#4566=EDGE_CURVE('',#3865,#3746,#5525,.T.);
#4567=EDGE_CURVE('',#3866,#3508,#5526,.T.);
#4568=EDGE_CURVE('',#3867,#3866,#5527,.T.);
#4569=EDGE_CURVE('',#3509,#3867,#5528,.T.);
#4570=EDGE_CURVE('',#3868,#3869,#5529,.T.);
#4571=EDGE_CURVE('',#3868,#3870,#5530,.T.);
#4572=EDGE_CURVE('',#3870,#3871,#5531,.T.);
#4573=EDGE_CURVE('',#3871,#3869,#5532,.T.);
#4574=EDGE_CURVE('',#3870,#3872,#5533,.T.);
#4575=EDGE_CURVE('',#3872,#3873,#5534,.T.);
#4576=EDGE_CURVE('',#3873,#3871,#5535,.T.);
#4577=EDGE_CURVE('',#3872,#3874,#5536,.T.);
#4578=EDGE_CURVE('',#3874,#3875,#5537,.T.);
#4579=EDGE_CURVE('',#3875,#3873,#5538,.T.);
#4580=EDGE_CURVE('',#3874,#3876,#5539,.T.);
#4581=EDGE_CURVE('',#3876,#3877,#5540,.T.);
#4582=EDGE_CURVE('',#3877,#3875,#5541,.T.);
#4583=EDGE_CURVE('',#3876,#3878,#5542,.T.);
#4584=EDGE_CURVE('',#3878,#3879,#5543,.T.);
#4585=EDGE_CURVE('',#3879,#3877,#5544,.T.);
#4586=EDGE_CURVE('',#3878,#3880,#5545,.T.);
#4587=EDGE_CURVE('',#3880,#3881,#5546,.T.);
#4588=EDGE_CURVE('',#3881,#3879,#5547,.T.);
#4589=EDGE_CURVE('',#3880,#3882,#5548,.T.);
#4590=EDGE_CURVE('',#3882,#3883,#5549,.T.);
#4591=EDGE_CURVE('',#3883,#3881,#5550,.T.);
#4592=EDGE_CURVE('',#3882,#3884,#5551,.T.);
#4593=EDGE_CURVE('',#3884,#3885,#5552,.T.);
#4594=EDGE_CURVE('',#3885,#3883,#5553,.T.);
#4595=EDGE_CURVE('',#3884,#3886,#5554,.T.);
#4596=EDGE_CURVE('',#3886,#3887,#5555,.T.);
#4597=EDGE_CURVE('',#3887,#3885,#5556,.T.);
#4598=EDGE_CURVE('',#3886,#3888,#5557,.T.);
#4599=EDGE_CURVE('',#3888,#3889,#5558,.T.);
#4600=EDGE_CURVE('',#3889,#3887,#5559,.T.);
#4601=EDGE_CURVE('',#3888,#3890,#5560,.T.);
#4602=EDGE_CURVE('',#3890,#3891,#5561,.T.);
#4603=EDGE_CURVE('',#3891,#3889,#5562,.T.);
#4604=EDGE_CURVE('',#3890,#3868,#5563,.T.);
#4605=EDGE_CURVE('',#3869,#3891,#5564,.T.);
#4606=EDGE_CURVE('',#3528,#3708,#5565,.T.);
#4607=EDGE_CURVE('',#3527,#3709,#5566,.T.);
#4608=EDGE_CURVE('',#3529,#3707,#5567,.T.);
#4609=EDGE_CURVE('',#3530,#3706,#5568,.T.);
#4610=EDGE_CURVE('',#3860,#3876,#5569,.T.);
#4611=EDGE_CURVE('',#3878,#3859,#5570,.T.);
#4612=EDGE_CURVE('',#3880,#3858,#5571,.T.);
#4613=EDGE_CURVE('',#3861,#3874,#5572,.T.);
#4614=EDGE_CURVE('',#3882,#3857,#5573,.T.);
#4615=EDGE_CURVE('',#3862,#3872,#5574,.T.);
#4616=EDGE_CURVE('',#3884,#3856,#5575,.T.);
#4617=EDGE_CURVE('',#3863,#3870,#5576,.T.);
#4618=EDGE_CURVE('',#3886,#3855,#5577,.T.);
#4619=EDGE_CURVE('',#3852,#3868,#5578,.T.);
#4620=EDGE_CURVE('',#3888,#3854,#5579,.T.);
#4621=EDGE_CURVE('',#3853,#3890,#5580,.T.);
#4622=EDGE_CURVE('',#3866,#3591,#5581,.T.);
#4623=EDGE_CURVE('',#3867,#3590,#5582,.T.);
#4624=EDGE_CURVE('',#3892,#3748,#5583,.T.);
#4625=EDGE_CURVE('',#3892,#3864,#5584,.T.);
#4626=EDGE_CURVE('',#3893,#3747,#5585,.T.);
#4627=EDGE_CURVE('',#3893,#3892,#5586,.T.);
#4628=EDGE_CURVE('',#3865,#3893,#5587,.T.);
#4629=EDGE_CURVE('',#3894,#3743,#5588,.T.);
#4630=EDGE_CURVE('',#3894,#3895,#5589,.T.);
#4631=EDGE_CURVE('',#3895,#3744,#5590,.T.);
#4632=EDGE_CURVE('',#3751,#3894,#5591,.T.);
#4633=EDGE_CURVE('',#3895,#3750,#5592,.T.);
#4634=EDGE_CURVE('',#3896,#3897,#5593,.T.);
#4635=EDGE_CURVE('',#3896,#3476,#5594,.T.);
#4636=EDGE_CURVE('',#3477,#3897,#5595,.T.);
#4637=EDGE_CURVE('',#3478,#3898,#5596,.T.);
#4638=EDGE_CURVE('',#3899,#3898,#5597,.T.);
#4639=EDGE_CURVE('',#3899,#3479,#5598,.T.);
#4640=EDGE_CURVE('',#3898,#3896,#5599,.T.);
#4641=EDGE_CURVE('',#3897,#3899,#5600,.T.);
#4642=EDGE_CURVE('',#3758,#3741,#51,.T.);
#4643=EDGE_CURVE('',#3760,#3741,#52,.T.);
#4644=EDGE_CURVE('',#3762,#3740,#53,.T.);
#4645=EDGE_CURVE('',#3764,#3740,#54,.T.);
#4646=EDGE_CURVE('',#3481,#3900,#5601,.T.);
#4647=EDGE_CURVE('',#3900,#3901,#5602,.T.);
#4648=EDGE_CURVE('',#3901,#3480,#5603,.T.);
#4649=EDGE_CURVE('',#3484,#3902,#5604,.T.);
#4650=EDGE_CURVE('',#3902,#3903,#5605,.T.);
#4651=EDGE_CURVE('',#3903,#3485,#5606,.T.);
#4652=EDGE_CURVE('',#3488,#3904,#5607,.T.);
#4653=EDGE_CURVE('',#3904,#3905,#5608,.T.);
#4654=EDGE_CURVE('',#3905,#3489,#5609,.T.);
#4655=EDGE_CURVE('',#3492,#3906,#5610,.T.);
#4656=EDGE_CURVE('',#3906,#3907,#5611,.T.);
#4657=EDGE_CURVE('',#3907,#3493,#5612,.T.);
#4658=EDGE_CURVE('',#3496,#3908,#5613,.T.);
#4659=EDGE_CURVE('',#3908,#3909,#5614,.T.);
#4660=EDGE_CURVE('',#3909,#3497,#5615,.T.);
#4661=EDGE_CURVE('',#3500,#3910,#5616,.T.);
#4662=EDGE_CURVE('',#3910,#3911,#5617,.T.);
#4663=EDGE_CURVE('',#3911,#3501,#5618,.T.);
#4664=EDGE_CURVE('',#3504,#3912,#5619,.T.);
#4665=EDGE_CURVE('',#3912,#3913,#5620,.T.);
#4666=EDGE_CURVE('',#3913,#3505,#5621,.T.);
#4667=EDGE_CURVE('',#3914,#3915,#5622,.T.);
#4668=EDGE_CURVE('',#3915,#3916,#5623,.T.);
#4669=EDGE_CURVE('',#3917,#3916,#5624,.T.);
#4670=EDGE_CURVE('',#3914,#3917,#5625,.T.);
#4671=EDGE_CURVE('',#3916,#3918,#5626,.T.);
#4672=EDGE_CURVE('',#3919,#3918,#5627,.T.);
#4673=EDGE_CURVE('',#3917,#3919,#5628,.T.);
#4674=EDGE_CURVE('',#3918,#3920,#5629,.T.);
#4675=EDGE_CURVE('',#3921,#3920,#5630,.T.);
#4676=EDGE_CURVE('',#3919,#3921,#5631,.T.);
#4677=EDGE_CURVE('',#3920,#3922,#5632,.T.);
#4678=EDGE_CURVE('',#3923,#3922,#5633,.T.);
#4679=EDGE_CURVE('',#3921,#3923,#5634,.T.);
#4680=EDGE_CURVE('',#3922,#3924,#5635,.T.);
#4681=EDGE_CURVE('',#3925,#3924,#5636,.T.);
#4682=EDGE_CURVE('',#3923,#3925,#5637,.T.);
#4683=EDGE_CURVE('',#3924,#3926,#5638,.T.);
#4684=EDGE_CURVE('',#3927,#3926,#5639,.T.);
#4685=EDGE_CURVE('',#3925,#3927,#5640,.T.);
#4686=EDGE_CURVE('',#3926,#3928,#5641,.T.);
#4687=EDGE_CURVE('',#3929,#3928,#5642,.T.);
#4688=EDGE_CURVE('',#3927,#3929,#5643,.T.);
#4689=EDGE_CURVE('',#3928,#3930,#5644,.T.);
#4690=EDGE_CURVE('',#3931,#3930,#5645,.T.);
#4691=EDGE_CURVE('',#3929,#3931,#5646,.T.);
#4692=EDGE_CURVE('',#3930,#3932,#5647,.T.);
#4693=EDGE_CURVE('',#3933,#3932,#5648,.T.);
#4694=EDGE_CURVE('',#3931,#3933,#5649,.T.);
#4695=EDGE_CURVE('',#3932,#3934,#5650,.T.);
#4696=EDGE_CURVE('',#3935,#3934,#5651,.T.);
#4697=EDGE_CURVE('',#3933,#3935,#5652,.T.);
#4698=EDGE_CURVE('',#3934,#3936,#5653,.T.);
#4699=EDGE_CURVE('',#3937,#3936,#5654,.T.);
#4700=EDGE_CURVE('',#3935,#3937,#5655,.T.);
#4701=EDGE_CURVE('',#3936,#3915,#5656,.T.);
#4702=EDGE_CURVE('',#3937,#3914,#5657,.T.);
#4703=EDGE_CURVE('',#3938,#3939,#5658,.T.);
#4704=EDGE_CURVE('',#3939,#3940,#5659,.T.);
#4705=EDGE_CURVE('',#3941,#3940,#5660,.T.);
#4706=EDGE_CURVE('',#3938,#3941,#5661,.T.);
#4707=EDGE_CURVE('',#3940,#3942,#5662,.T.);
#4708=EDGE_CURVE('',#3943,#3942,#5663,.T.);
#4709=EDGE_CURVE('',#3941,#3943,#5664,.T.);
#4710=EDGE_CURVE('',#3942,#3944,#5665,.T.);
#4711=EDGE_CURVE('',#3945,#3944,#5666,.T.);
#4712=EDGE_CURVE('',#3943,#3945,#5667,.T.);
#4713=EDGE_CURVE('',#3944,#3946,#5668,.T.);
#4714=EDGE_CURVE('',#3947,#3946,#5669,.T.);
#4715=EDGE_CURVE('',#3945,#3947,#5670,.T.);
#4716=EDGE_CURVE('',#3946,#3948,#5671,.T.);
#4717=EDGE_CURVE('',#3949,#3948,#5672,.T.);
#4718=EDGE_CURVE('',#3947,#3949,#5673,.T.);
#4719=EDGE_CURVE('',#3948,#3950,#5674,.T.);
#4720=EDGE_CURVE('',#3951,#3950,#5675,.T.);
#4721=EDGE_CURVE('',#3949,#3951,#5676,.T.);
#4722=EDGE_CURVE('',#3950,#3952,#5677,.T.);
#4723=EDGE_CURVE('',#3953,#3952,#5678,.T.);
#4724=EDGE_CURVE('',#3951,#3953,#5679,.T.);
#4725=EDGE_CURVE('',#3952,#3954,#5680,.T.);
#4726=EDGE_CURVE('',#3955,#3954,#5681,.T.);
#4727=EDGE_CURVE('',#3953,#3955,#5682,.T.);
#4728=EDGE_CURVE('',#3954,#3956,#5683,.T.);
#4729=EDGE_CURVE('',#3957,#3956,#5684,.T.);
#4730=EDGE_CURVE('',#3955,#3957,#5685,.T.);
#4731=EDGE_CURVE('',#3956,#3958,#5686,.T.);
#4732=EDGE_CURVE('',#3959,#3958,#5687,.T.);
#4733=EDGE_CURVE('',#3957,#3959,#5688,.T.);
#4734=EDGE_CURVE('',#3958,#3960,#5689,.T.);
#4735=EDGE_CURVE('',#3961,#3960,#5690,.T.);
#4736=EDGE_CURVE('',#3959,#3961,#5691,.T.);
#4737=EDGE_CURVE('',#3960,#3939,#5692,.T.);
#4738=EDGE_CURVE('',#3961,#3938,#5693,.T.);
#4739=EDGE_CURVE('',#3962,#3963,#5694,.T.);
#4740=EDGE_CURVE('',#3963,#3964,#5695,.T.);
#4741=EDGE_CURVE('',#3965,#3964,#5696,.T.);
#4742=EDGE_CURVE('',#3962,#3965,#5697,.T.);
#4743=EDGE_CURVE('',#3964,#3966,#5698,.T.);
#4744=EDGE_CURVE('',#3967,#3966,#5699,.T.);
#4745=EDGE_CURVE('',#3965,#3967,#5700,.T.);
#4746=EDGE_CURVE('',#3966,#3968,#5701,.T.);
#4747=EDGE_CURVE('',#3969,#3968,#5702,.T.);
#4748=EDGE_CURVE('',#3967,#3969,#5703,.T.);
#4749=EDGE_CURVE('',#3968,#3970,#5704,.T.);
#4750=EDGE_CURVE('',#3971,#3970,#5705,.T.);
#4751=EDGE_CURVE('',#3969,#3971,#5706,.T.);
#4752=EDGE_CURVE('',#3970,#3972,#5707,.T.);
#4753=EDGE_CURVE('',#3973,#3972,#5708,.T.);
#4754=EDGE_CURVE('',#3971,#3973,#5709,.T.);
#4755=EDGE_CURVE('',#3972,#3974,#5710,.T.);
#4756=EDGE_CURVE('',#3975,#3974,#5711,.T.);
#4757=EDGE_CURVE('',#3973,#3975,#5712,.T.);
#4758=EDGE_CURVE('',#3974,#3976,#5713,.T.);
#4759=EDGE_CURVE('',#3977,#3976,#5714,.T.);
#4760=EDGE_CURVE('',#3975,#3977,#5715,.T.);
#4761=EDGE_CURVE('',#3976,#3978,#5716,.T.);
#4762=EDGE_CURVE('',#3979,#3978,#5717,.T.);
#4763=EDGE_CURVE('',#3977,#3979,#5718,.T.);
#4764=EDGE_CURVE('',#3978,#3980,#5719,.T.);
#4765=EDGE_CURVE('',#3981,#3980,#5720,.T.);
#4766=EDGE_CURVE('',#3979,#3981,#5721,.T.);
#4767=EDGE_CURVE('',#3980,#3982,#5722,.T.);
#4768=EDGE_CURVE('',#3983,#3982,#5723,.T.);
#4769=EDGE_CURVE('',#3981,#3983,#5724,.T.);
#4770=EDGE_CURVE('',#3982,#3984,#5725,.T.);
#4771=EDGE_CURVE('',#3985,#3984,#5726,.T.);
#4772=EDGE_CURVE('',#3983,#3985,#5727,.T.);
#4773=EDGE_CURVE('',#3984,#3963,#5728,.T.);
#4774=EDGE_CURVE('',#3985,#3962,#5729,.T.);
#4775=EDGE_CURVE('',#3986,#3987,#5730,.T.);
#4776=EDGE_CURVE('',#3987,#3988,#5731,.T.);
#4777=EDGE_CURVE('',#3989,#3988,#5732,.T.);
#4778=EDGE_CURVE('',#3986,#3989,#5733,.T.);
#4779=EDGE_CURVE('',#3988,#3990,#5734,.T.);
#4780=EDGE_CURVE('',#3991,#3990,#5735,.T.);
#4781=EDGE_CURVE('',#3989,#3991,#5736,.T.);
#4782=EDGE_CURVE('',#3990,#3992,#5737,.T.);
#4783=EDGE_CURVE('',#3993,#3992,#5738,.T.);
#4784=EDGE_CURVE('',#3991,#3993,#5739,.T.);
#4785=EDGE_CURVE('',#3992,#3994,#5740,.T.);
#4786=EDGE_CURVE('',#3995,#3994,#5741,.T.);
#4787=EDGE_CURVE('',#3993,#3995,#5742,.T.);
#4788=EDGE_CURVE('',#3994,#3996,#5743,.T.);
#4789=EDGE_CURVE('',#3997,#3996,#5744,.T.);
#4790=EDGE_CURVE('',#3995,#3997,#5745,.T.);
#4791=EDGE_CURVE('',#3996,#3998,#5746,.T.);
#4792=EDGE_CURVE('',#3999,#3998,#5747,.T.);
#4793=EDGE_CURVE('',#3997,#3999,#5748,.T.);
#4794=EDGE_CURVE('',#3998,#4000,#5749,.T.);
#4795=EDGE_CURVE('',#4001,#4000,#5750,.T.);
#4796=EDGE_CURVE('',#3999,#4001,#5751,.T.);
#4797=EDGE_CURVE('',#4000,#4002,#5752,.T.);
#4798=EDGE_CURVE('',#4003,#4002,#5753,.T.);
#4799=EDGE_CURVE('',#4001,#4003,#5754,.T.);
#4800=EDGE_CURVE('',#4002,#4004,#5755,.T.);
#4801=EDGE_CURVE('',#4005,#4004,#5756,.T.);
#4802=EDGE_CURVE('',#4003,#4005,#5757,.T.);
#4803=EDGE_CURVE('',#4004,#4006,#5758,.T.);
#4804=EDGE_CURVE('',#4007,#4006,#5759,.T.);
#4805=EDGE_CURVE('',#4005,#4007,#5760,.T.);
#4806=EDGE_CURVE('',#4006,#4008,#5761,.T.);
#4807=EDGE_CURVE('',#4009,#4008,#5762,.T.);
#4808=EDGE_CURVE('',#4007,#4009,#5763,.T.);
#4809=EDGE_CURVE('',#4008,#3987,#5764,.T.);
#4810=EDGE_CURVE('',#4009,#3986,#5765,.T.);
#4811=EDGE_CURVE('',#4010,#4011,#5766,.T.);
#4812=EDGE_CURVE('',#4011,#4012,#5767,.T.);
#4813=EDGE_CURVE('',#4013,#4012,#5768,.T.);
#4814=EDGE_CURVE('',#4010,#4013,#5769,.T.);
#4815=EDGE_CURVE('',#4012,#4014,#5770,.T.);
#4816=EDGE_CURVE('',#4015,#4014,#5771,.T.);
#4817=EDGE_CURVE('',#4013,#4015,#5772,.T.);
#4818=EDGE_CURVE('',#4014,#4016,#5773,.T.);
#4819=EDGE_CURVE('',#4017,#4016,#5774,.T.);
#4820=EDGE_CURVE('',#4015,#4017,#5775,.T.);
#4821=EDGE_CURVE('',#4016,#4018,#5776,.T.);
#4822=EDGE_CURVE('',#4019,#4018,#5777,.T.);
#4823=EDGE_CURVE('',#4017,#4019,#5778,.T.);
#4824=EDGE_CURVE('',#4018,#4020,#5779,.T.);
#4825=EDGE_CURVE('',#4021,#4020,#5780,.T.);
#4826=EDGE_CURVE('',#4019,#4021,#5781,.T.);
#4827=EDGE_CURVE('',#4020,#4022,#5782,.T.);
#4828=EDGE_CURVE('',#4023,#4022,#5783,.T.);
#4829=EDGE_CURVE('',#4021,#4023,#5784,.T.);
#4830=EDGE_CURVE('',#4022,#4024,#5785,.T.);
#4831=EDGE_CURVE('',#4025,#4024,#5786,.T.);
#4832=EDGE_CURVE('',#4023,#4025,#5787,.T.);
#4833=EDGE_CURVE('',#4024,#4026,#5788,.T.);
#4834=EDGE_CURVE('',#4027,#4026,#5789,.T.);
#4835=EDGE_CURVE('',#4025,#4027,#5790,.T.);
#4836=EDGE_CURVE('',#4026,#4028,#5791,.T.);
#4837=EDGE_CURVE('',#4029,#4028,#5792,.T.);
#4838=EDGE_CURVE('',#4027,#4029,#5793,.T.);
#4839=EDGE_CURVE('',#4028,#4030,#5794,.T.);
#4840=EDGE_CURVE('',#4031,#4030,#5795,.T.);
#4841=EDGE_CURVE('',#4029,#4031,#5796,.T.);
#4842=EDGE_CURVE('',#4030,#4032,#5797,.T.);
#4843=EDGE_CURVE('',#4033,#4032,#5798,.T.);
#4844=EDGE_CURVE('',#4031,#4033,#5799,.T.);
#4845=EDGE_CURVE('',#4032,#4011,#5800,.T.);
#4846=EDGE_CURVE('',#4033,#4010,#5801,.T.);
#4847=EDGE_CURVE('',#4034,#4035,#5802,.T.);
#4848=EDGE_CURVE('',#4035,#4036,#5803,.T.);
#4849=EDGE_CURVE('',#4037,#4036,#5804,.T.);
#4850=EDGE_CURVE('',#4034,#4037,#5805,.T.);
#4851=EDGE_CURVE('',#4036,#4038,#5806,.T.);
#4852=EDGE_CURVE('',#4039,#4038,#5807,.T.);
#4853=EDGE_CURVE('',#4037,#4039,#5808,.T.);
#4854=EDGE_CURVE('',#4038,#4040,#5809,.T.);
#4855=EDGE_CURVE('',#4041,#4040,#5810,.T.);
#4856=EDGE_CURVE('',#4039,#4041,#5811,.T.);
#4857=EDGE_CURVE('',#4040,#4042,#5812,.T.);
#4858=EDGE_CURVE('',#4043,#4042,#5813,.T.);
#4859=EDGE_CURVE('',#4041,#4043,#5814,.T.);
#4860=EDGE_CURVE('',#4042,#4044,#5815,.T.);
#4861=EDGE_CURVE('',#4045,#4044,#5816,.T.);
#4862=EDGE_CURVE('',#4043,#4045,#5817,.T.);
#4863=EDGE_CURVE('',#4044,#4046,#5818,.T.);
#4864=EDGE_CURVE('',#4047,#4046,#5819,.T.);
#4865=EDGE_CURVE('',#4045,#4047,#5820,.T.);
#4866=EDGE_CURVE('',#4046,#4048,#5821,.T.);
#4867=EDGE_CURVE('',#4049,#4048,#5822,.T.);
#4868=EDGE_CURVE('',#4047,#4049,#5823,.T.);
#4869=EDGE_CURVE('',#4048,#4050,#5824,.T.);
#4870=EDGE_CURVE('',#4051,#4050,#5825,.T.);
#4871=EDGE_CURVE('',#4049,#4051,#5826,.T.);
#4872=EDGE_CURVE('',#4050,#4052,#5827,.T.);
#4873=EDGE_CURVE('',#4053,#4052,#5828,.T.);
#4874=EDGE_CURVE('',#4051,#4053,#5829,.T.);
#4875=EDGE_CURVE('',#4052,#4054,#5830,.T.);
#4876=EDGE_CURVE('',#4055,#4054,#5831,.T.);
#4877=EDGE_CURVE('',#4053,#4055,#5832,.T.);
#4878=EDGE_CURVE('',#4054,#4056,#5833,.T.);
#4879=EDGE_CURVE('',#4057,#4056,#5834,.T.);
#4880=EDGE_CURVE('',#4055,#4057,#5835,.T.);
#4881=EDGE_CURVE('',#4056,#4035,#5836,.T.);
#4882=EDGE_CURVE('',#4057,#4034,#5837,.T.);
#4883=EDGE_CURVE('',#4058,#4059,#5838,.T.);
#4884=EDGE_CURVE('',#4059,#4060,#5839,.T.);
#4885=EDGE_CURVE('',#4061,#4060,#5840,.T.);
#4886=EDGE_CURVE('',#4058,#4061,#5841,.T.);
#4887=EDGE_CURVE('',#4060,#4062,#5842,.T.);
#4888=EDGE_CURVE('',#4063,#4062,#5843,.T.);
#4889=EDGE_CURVE('',#4061,#4063,#5844,.T.);
#4890=EDGE_CURVE('',#4062,#4064,#5845,.T.);
#4891=EDGE_CURVE('',#4065,#4064,#5846,.T.);
#4892=EDGE_CURVE('',#4063,#4065,#5847,.T.);
#4893=EDGE_CURVE('',#4064,#4066,#5848,.T.);
#4894=EDGE_CURVE('',#4067,#4066,#5849,.T.);
#4895=EDGE_CURVE('',#4065,#4067,#5850,.T.);
#4896=EDGE_CURVE('',#4066,#4068,#5851,.T.);
#4897=EDGE_CURVE('',#4069,#4068,#5852,.T.);
#4898=EDGE_CURVE('',#4067,#4069,#5853,.T.);
#4899=EDGE_CURVE('',#4068,#4070,#5854,.T.);
#4900=EDGE_CURVE('',#4071,#4070,#5855,.T.);
#4901=EDGE_CURVE('',#4069,#4071,#5856,.T.);
#4902=EDGE_CURVE('',#4070,#4072,#5857,.T.);
#4903=EDGE_CURVE('',#4073,#4072,#5858,.T.);
#4904=EDGE_CURVE('',#4071,#4073,#5859,.T.);
#4905=EDGE_CURVE('',#4072,#4074,#5860,.T.);
#4906=EDGE_CURVE('',#4075,#4074,#5861,.T.);
#4907=EDGE_CURVE('',#4073,#4075,#5862,.T.);
#4908=EDGE_CURVE('',#4074,#4076,#5863,.T.);
#4909=EDGE_CURVE('',#4077,#4076,#5864,.T.);
#4910=EDGE_CURVE('',#4075,#4077,#5865,.T.);
#4911=EDGE_CURVE('',#4076,#4078,#5866,.T.);
#4912=EDGE_CURVE('',#4079,#4078,#5867,.T.);
#4913=EDGE_CURVE('',#4077,#4079,#5868,.T.);
#4914=EDGE_CURVE('',#4078,#4080,#5869,.T.);
#4915=EDGE_CURVE('',#4081,#4080,#5870,.T.);
#4916=EDGE_CURVE('',#4079,#4081,#5871,.T.);
#4917=EDGE_CURVE('',#4080,#4059,#5872,.T.);
#4918=EDGE_CURVE('',#4081,#4058,#5873,.T.);
#4919=EDGE_CURVE('',#3736,#3538,#5874,.T.);
#4920=EDGE_CURVE('',#3737,#3537,#5875,.T.);
#4921=EDGE_CURVE('',#3735,#3539,#5876,.T.);
#4922=EDGE_CURVE('',#3734,#3540,#5877,.T.);
#4923=EDGE_CURVE('',#3732,#3544,#5878,.T.);
#4924=EDGE_CURVE('',#3733,#3543,#5879,.T.);
#4925=EDGE_CURVE('',#3731,#3545,#5880,.T.);
#4926=EDGE_CURVE('',#3730,#3546,#5881,.T.);
#4927=EDGE_CURVE('',#3728,#3550,#5882,.T.);
#4928=EDGE_CURVE('',#3729,#3549,#5883,.T.);
#4929=EDGE_CURVE('',#3727,#3551,#5884,.T.);
#4930=EDGE_CURVE('',#3726,#3552,#5885,.T.);
#4931=EDGE_CURVE('',#3724,#3556,#5886,.T.);
#4932=EDGE_CURVE('',#3725,#3555,#5887,.T.);
#4933=EDGE_CURVE('',#3723,#3557,#5888,.T.);
#4934=EDGE_CURVE('',#3722,#3558,#5889,.T.);
#4935=EDGE_CURVE('',#3720,#3562,#5890,.T.);
#4936=EDGE_CURVE('',#3721,#3561,#5891,.T.);
#4937=EDGE_CURVE('',#3719,#3563,#5892,.T.);
#4938=EDGE_CURVE('',#3718,#3564,#5893,.T.);
#4939=EDGE_CURVE('',#3716,#3568,#5894,.T.);
#4940=EDGE_CURVE('',#3717,#3567,#5895,.T.);
#4941=EDGE_CURVE('',#3715,#3569,#5896,.T.);
#4942=EDGE_CURVE('',#3714,#3570,#5897,.T.);
#4943=EDGE_CURVE('',#3712,#3522,#5898,.T.);
#4944=EDGE_CURVE('',#3713,#3521,#5899,.T.);
#4945=EDGE_CURVE('',#3711,#3523,#5900,.T.);
#4946=EDGE_CURVE('',#3710,#3524,#5901,.T.);
#4947=EDGE_CURVE('',#3776,#3922,#5902,.T.);
#4948=EDGE_CURVE('',#3924,#3775,#5903,.T.);
#4949=EDGE_CURVE('',#3926,#3774,#5904,.T.);
#4950=EDGE_CURVE('',#3777,#3920,#5905,.T.);
#4951=EDGE_CURVE('',#3928,#3773,#5906,.T.);
#4952=EDGE_CURVE('',#3778,#3918,#5907,.T.);
#4953=EDGE_CURVE('',#3930,#3772,#5908,.T.);
#4954=EDGE_CURVE('',#3779,#3916,#5909,.T.);
#4955=EDGE_CURVE('',#3932,#3771,#5910,.T.);
#4956=EDGE_CURVE('',#3768,#3915,#5911,.T.);
#4957=EDGE_CURVE('',#3934,#3770,#5912,.T.);
#4958=EDGE_CURVE('',#3769,#3936,#5913,.T.);
#4959=EDGE_CURVE('',#3788,#3946,#5914,.T.);
#4960=EDGE_CURVE('',#3948,#3787,#5915,.T.);
#4961=EDGE_CURVE('',#3950,#3786,#5916,.T.);
#4962=EDGE_CURVE('',#3789,#3944,#5917,.T.);
#4963=EDGE_CURVE('',#3952,#3785,#5918,.T.);
#4964=EDGE_CURVE('',#3790,#3942,#5919,.T.);
#4965=EDGE_CURVE('',#3954,#3784,#5920,.T.);
#4966=EDGE_CURVE('',#3791,#3940,#5921,.T.);
#4967=EDGE_CURVE('',#3956,#3783,#5922,.T.);
#4968=EDGE_CURVE('',#3780,#3939,#5923,.T.);
#4969=EDGE_CURVE('',#3958,#3782,#5924,.T.);
#4970=EDGE_CURVE('',#3781,#3960,#5925,.T.);
#4971=EDGE_CURVE('',#3800,#3970,#5926,.T.);
#4972=EDGE_CURVE('',#3972,#3799,#5927,.T.);
#4973=EDGE_CURVE('',#3974,#3798,#5928,.T.);
#4974=EDGE_CURVE('',#3801,#3968,#5929,.T.);
#4975=EDGE_CURVE('',#3976,#3797,#5930,.T.);
#4976=EDGE_CURVE('',#3802,#3966,#5931,.T.);
#4977=EDGE_CURVE('',#3978,#3796,#5932,.T.);
#4978=EDGE_CURVE('',#3803,#3964,#5933,.T.);
#4979=EDGE_CURVE('',#3980,#3795,#5934,.T.);
#4980=EDGE_CURVE('',#3792,#3963,#5935,.T.);
#4981=EDGE_CURVE('',#3982,#3794,#5936,.T.);
#4982=EDGE_CURVE('',#3793,#3984,#5937,.T.);
#4983=EDGE_CURVE('',#3812,#3994,#5938,.T.);
#4984=EDGE_CURVE('',#3996,#3811,#5939,.T.);
#4985=EDGE_CURVE('',#3998,#3810,#5940,.T.);
#4986=EDGE_CURVE('',#3813,#3992,#5941,.T.);
#4987=EDGE_CURVE('',#4000,#3809,#5942,.T.);
#4988=EDGE_CURVE('',#3814,#3990,#5943,.T.);
#4989=EDGE_CURVE('',#4002,#3808,#5944,.T.);
#4990=EDGE_CURVE('',#3815,#3988,#5945,.T.);
#4991=EDGE_CURVE('',#4004,#3807,#5946,.T.);
#4992=EDGE_CURVE('',#3804,#3987,#5947,.T.);
#4993=EDGE_CURVE('',#4006,#3806,#5948,.T.);
#4994=EDGE_CURVE('',#3805,#4008,#5949,.T.);
#4995=EDGE_CURVE('',#3824,#4018,#5950,.T.);
#4996=EDGE_CURVE('',#4020,#3823,#5951,.T.);
#4997=EDGE_CURVE('',#4022,#3822,#5952,.T.);
#4998=EDGE_CURVE('',#3825,#4016,#5953,.T.);
#4999=EDGE_CURVE('',#4024,#3821,#5954,.T.);
#5000=EDGE_CURVE('',#3826,#4014,#5955,.T.);
#5001=EDGE_CURVE('',#4026,#3820,#5956,.T.);
#5002=EDGE_CURVE('',#3827,#4012,#5957,.T.);
#5003=EDGE_CURVE('',#4028,#3819,#5958,.T.);
#5004=EDGE_CURVE('',#3816,#4011,#5959,.T.);
#5005=EDGE_CURVE('',#4030,#3818,#5960,.T.);
#5006=EDGE_CURVE('',#3817,#4032,#5961,.T.);
#5007=EDGE_CURVE('',#3836,#4042,#5962,.T.);
#5008=EDGE_CURVE('',#4044,#3835,#5963,.T.);
#5009=EDGE_CURVE('',#4046,#3834,#5964,.T.);
#5010=EDGE_CURVE('',#3837,#4040,#5965,.T.);
#5011=EDGE_CURVE('',#4048,#3833,#5966,.T.);
#5012=EDGE_CURVE('',#3838,#4038,#5967,.T.);
#5013=EDGE_CURVE('',#4050,#3832,#5968,.T.);
#5014=EDGE_CURVE('',#3839,#4036,#5969,.T.);
#5015=EDGE_CURVE('',#4052,#3831,#5970,.T.);
#5016=EDGE_CURVE('',#3828,#4035,#5971,.T.);
#5017=EDGE_CURVE('',#4054,#3830,#5972,.T.);
#5018=EDGE_CURVE('',#3829,#4056,#5973,.T.);
#5019=EDGE_CURVE('',#3848,#4066,#5974,.T.);
#5020=EDGE_CURVE('',#4068,#3847,#5975,.T.);
#5021=EDGE_CURVE('',#4070,#3846,#5976,.T.);
#5022=EDGE_CURVE('',#3849,#4064,#5977,.T.);
#5023=EDGE_CURVE('',#4072,#3845,#5978,.T.);
#5024=EDGE_CURVE('',#3850,#4062,#5979,.T.);
#5025=EDGE_CURVE('',#4074,#3844,#5980,.T.);
#5026=EDGE_CURVE('',#3851,#4060,#5981,.T.);
#5027=EDGE_CURVE('',#4076,#3843,#5982,.T.);
#5028=EDGE_CURVE('',#3840,#4059,#5983,.T.);
#5029=EDGE_CURVE('',#4078,#3842,#5984,.T.);
#5030=EDGE_CURVE('',#3841,#4080,#5985,.T.);
#5031=EDGE_CURVE('',#3900,#3589,#5986,.T.);
#5032=EDGE_CURVE('',#3901,#3588,#5987,.T.);
#5033=EDGE_CURVE('',#3902,#3603,#5988,.T.);
#5034=EDGE_CURVE('',#3903,#3602,#5989,.T.);
#5035=EDGE_CURVE('',#3904,#3601,#5990,.T.);
#5036=EDGE_CURVE('',#3905,#3600,#5991,.T.);
#5037=EDGE_CURVE('',#3906,#3599,#5992,.T.);
#5038=EDGE_CURVE('',#3907,#3598,#5993,.T.);
#5039=EDGE_CURVE('',#3908,#3597,#5994,.T.);
#5040=EDGE_CURVE('',#3909,#3596,#5995,.T.);
#5041=EDGE_CURVE('',#3910,#3595,#5996,.T.);
#5042=EDGE_CURVE('',#3911,#3594,#5997,.T.);
#5043=EDGE_CURVE('',#3912,#3593,#5998,.T.);
#5044=EDGE_CURVE('',#3913,#3592,#5999,.T.);
#5045=EDGE_CURVE('',#4082,#4083,#6000,.T.);
#5046=EDGE_CURVE('',#4082,#3516,#6001,.T.);
#5047=EDGE_CURVE('',#3517,#4083,#6002,.T.);
#5048=EDGE_CURVE('',#3518,#4084,#6003,.T.);
#5049=EDGE_CURVE('',#4085,#4084,#6004,.T.);
#5050=EDGE_CURVE('',#4085,#3519,#6005,.T.);
#5051=EDGE_CURVE('',#4084,#4082,#6006,.T.);
#5052=EDGE_CURVE('',#4083,#4085,#6007,.T.);
#5053=LINE('',#9065,#6008);
#5054=LINE('',#9068,#6009);
#5055=LINE('',#9070,#6010);
#5056=LINE('',#9072,#6011);
#5057=LINE('',#9073,#6012);
#5058=LINE('',#9076,#6013);
#5059=LINE('',#9078,#6014);
#5060=LINE('',#9080,#6015);
#5061=LINE('',#9082,#6016);
#5062=LINE('',#9084,#6017);
#5063=LINE('',#9086,#6018);
#5064=LINE('',#9088,#6019);
#5065=LINE('',#9090,#6020);
#5066=LINE('',#9092,#6021);
#5067=LINE('',#9094,#6022);
#5068=LINE('',#9096,#6023);
#5069=LINE('',#9098,#6024);
#5070=LINE('',#9100,#6025);
#5071=LINE('',#9102,#6026);
#5072=LINE('',#9104,#6027);
#5073=LINE('',#9106,#6028);
#5074=LINE('',#9108,#6029);
#5075=LINE('',#9110,#6030);
#5076=LINE('',#9112,#6031);
#5077=LINE('',#9114,#6032);
#5078=LINE('',#9116,#6033);
#5079=LINE('',#9118,#6034);
#5080=LINE('',#9120,#6035);
#5081=LINE('',#9122,#6036);
#5082=LINE('',#9124,#6037);
#5083=LINE('',#9126,#6038);
#5084=LINE('',#9128,#6039);
#5085=LINE('',#9130,#6040);
#5086=LINE('',#9132,#6041);
#5087=LINE('',#9134,#6042);
#5088=LINE('',#9136,#6043);
#5089=LINE('',#9138,#6044);
#5090=LINE('',#9140,#6045);
#5091=LINE('',#9142,#6046);
#5092=LINE('',#9144,#6047);
#5093=LINE('',#9145,#6048);
#5094=LINE('',#9148,#6049);
#5095=LINE('',#9150,#6050);
#5096=LINE('',#9152,#6051);
#5097=LINE('',#9154,#6052);
#5098=LINE('',#9157,#6053);
#5099=LINE('',#9159,#6054);
#5100=LINE('',#9161,#6055);
#5101=LINE('',#9163,#6056);
#5102=LINE('',#9165,#6057);
#5103=LINE('',#9167,#6058);
#5104=LINE('',#9169,#6059);
#5105=LINE('',#9171,#6060);
#5106=LINE('',#9173,#6061);
#5107=LINE('',#9175,#6062);
#5108=LINE('',#9177,#6063);
#5109=LINE('',#9179,#6064);
#5110=LINE('',#9181,#6065);
#5111=LINE('',#9183,#6066);
#5112=LINE('',#9185,#6067);
#5113=LINE('',#9187,#6068);
#5114=LINE('',#9189,#6069);
#5115=LINE('',#9191,#6070);
#5116=LINE('',#9193,#6071);
#5117=LINE('',#9195,#6072);
#5118=LINE('',#9197,#6073);
#5119=LINE('',#9199,#6074);
#5120=LINE('',#9201,#6075);
#5121=LINE('',#9203,#6076);
#5122=LINE('',#9205,#6077);
#5123=LINE('',#9207,#6078);
#5124=LINE('',#9209,#6079);
#5125=LINE('',#9211,#6080);
#5126=LINE('',#9213,#6081);
#5127=LINE('',#9215,#6082);
#5128=LINE('',#9217,#6083);
#5129=LINE('',#9219,#6084);
#5130=LINE('',#9221,#6085);
#5131=LINE('',#9223,#6086);
#5132=LINE('',#9225,#6087);
#5133=LINE('',#9227,#6088);
#5134=LINE('',#9229,#6089);
#5135=LINE('',#9231,#6090);
#5136=LINE('',#9233,#6091);
#5137=LINE('',#9235,#6092);
#5138=LINE('',#9237,#6093);
#5139=LINE('',#9239,#6094);
#5140=LINE('',#9241,#6095);
#5141=LINE('',#9243,#6096);
#5142=LINE('',#9245,#6097);
#5143=LINE('',#9247,#6098);
#5144=LINE('',#9249,#6099);
#5145=LINE('',#9251,#6100);
#5146=LINE('',#9253,#6101);
#5147=LINE('',#9255,#6102);
#5148=LINE('',#9257,#6103);
#5149=LINE('',#9259,#6104);
#5150=LINE('',#9261,#6105);
#5151=LINE('',#9263,#6106);
#5152=LINE('',#9265,#6107);
#5153=LINE('',#9267,#6108);
#5154=LINE('',#9269,#6109);
#5155=LINE('',#9271,#6110);
#5156=LINE('',#9273,#6111);
#5157=LINE('',#9275,#6112);
#5158=LINE('',#9277,#6113);
#5159=LINE('',#9279,#6114);
#5160=LINE('',#9281,#6115);
#5161=LINE('',#9283,#6116);
#5162=LINE('',#9285,#6117);
#5163=LINE('',#9287,#6118);
#5164=LINE('',#9289,#6119);
#5165=LINE('',#9291,#6120);
#5166=LINE('',#9293,#6121);
#5167=LINE('',#9295,#6122);
#5168=LINE('',#9297,#6123);
#5169=LINE('',#9299,#6124);
#5170=LINE('',#9301,#6125);
#5171=LINE('',#9303,#6126);
#5172=LINE('',#9305,#6127);
#5173=LINE('',#9307,#6128);
#5174=LINE('',#9309,#6129);
#5175=LINE('',#9311,#6130);
#5176=LINE('',#9312,#6131);
#5177=LINE('',#9313,#6132);
#5178=LINE('',#9314,#6133);
#5179=LINE('',#9316,#6134);
#5180=LINE('',#9318,#6135);
#5181=LINE('',#9319,#6136);
#5182=LINE('',#9321,#6137);
#5183=LINE('',#9323,#6138);
#5184=LINE('',#9324,#6139);
#5185=LINE('',#9326,#6140);
#5186=LINE('',#9328,#6141);
#5187=LINE('',#9329,#6142);
#5188=LINE('',#9331,#6143);
#5189=LINE('',#9333,#6144);
#5190=LINE('',#9334,#6145);
#5191=LINE('',#9336,#6146);
#5192=LINE('',#9338,#6147);
#5193=LINE('',#9339,#6148);
#5194=LINE('',#9341,#6149);
#5195=LINE('',#9343,#6150);
#5196=LINE('',#9344,#6151);
#5197=LINE('',#9346,#6152);
#5198=LINE('',#9348,#6153);
#5199=LINE('',#9350,#6154);
#5200=LINE('',#9353,#6155);
#5201=LINE('',#9355,#6156);
#5202=LINE('',#9357,#6157);
#5203=LINE('',#9359,#6158);
#5204=LINE('',#9361,#6159);
#5205=LINE('',#9363,#6160);
#5206=LINE('',#9365,#6161);
#5207=LINE('',#9367,#6162);
#5208=LINE('',#9369,#6163);
#5209=LINE('',#9371,#6164);
#5210=LINE('',#9373,#6165);
#5211=LINE('',#9375,#6166);
#5212=LINE('',#9377,#6167);
#5213=LINE('',#9379,#6168);
#5214=LINE('',#9381,#6169);
#5215=LINE('',#9383,#6170);
#5216=LINE('',#9385,#6171);
#5217=LINE('',#9387,#6172);
#5218=LINE('',#9389,#6173);
#5219=LINE('',#9391,#6174);
#5220=LINE('',#9393,#6175);
#5221=LINE('',#9395,#6176);
#5222=LINE('',#9397,#6177);
#5223=LINE('',#9399,#6178);
#5224=LINE('',#9401,#6179);
#5225=LINE('',#9403,#6180);
#5226=LINE('',#9405,#6181);
#5227=LINE('',#9407,#6182);
#5228=LINE('',#9409,#6183);
#5229=LINE('',#9411,#6184);
#5230=LINE('',#9413,#6185);
#5231=LINE('',#9415,#6186);
#5232=LINE('',#9417,#6187);
#5233=LINE('',#9419,#6188);
#5234=LINE('',#9421,#6189);
#5235=LINE('',#9423,#6190);
#5236=LINE('',#9425,#6191);
#5237=LINE('',#9427,#6192);
#5238=LINE('',#9429,#6193);
#5239=LINE('',#9431,#6194);
#5240=LINE('',#9434,#6195);
#5241=LINE('',#9436,#6196);
#5242=LINE('',#9438,#6197);
#5243=LINE('',#9440,#6198);
#5244=LINE('',#9442,#6199);
#5245=LINE('',#9444,#6200);
#5246=LINE('',#9446,#6201);
#5247=LINE('',#9447,#6202);
#5248=LINE('',#9449,#6203);
#5249=LINE('',#9452,#6204);
#5250=LINE('',#9454,#6205);
#5251=LINE('',#9456,#6206);
#5252=LINE('',#9458,#6207);
#5253=LINE('',#9460,#6208);
#5254=LINE('',#9462,#6209);
#5255=LINE('',#9464,#6210);
#5256=LINE('',#9465,#6211);
#5257=LINE('',#9467,#6212);
#5258=LINE('',#9470,#6213);
#5259=LINE('',#9472,#6214);
#5260=LINE('',#9474,#6215);
#5261=LINE('',#9476,#6216);
#5262=LINE('',#9478,#6217);
#5263=LINE('',#9480,#6218);
#5264=LINE('',#9482,#6219);
#5265=LINE('',#9483,#6220);
#5266=LINE('',#9485,#6221);
#5267=LINE('',#9488,#6222);
#5268=LINE('',#9490,#6223);
#5269=LINE('',#9492,#6224);
#5270=LINE('',#9494,#6225);
#5271=LINE('',#9496,#6226);
#5272=LINE('',#9498,#6227);
#5273=LINE('',#9500,#6228);
#5274=LINE('',#9501,#6229);
#5275=LINE('',#9503,#6230);
#5276=LINE('',#9506,#6231);
#5277=LINE('',#9508,#6232);
#5278=LINE('',#9510,#6233);
#5279=LINE('',#9512,#6234);
#5280=LINE('',#9514,#6235);
#5281=LINE('',#9516,#6236);
#5282=LINE('',#9518,#6237);
#5283=LINE('',#9519,#6238);
#5284=LINE('',#9521,#6239);
#5285=LINE('',#9524,#6240);
#5286=LINE('',#9526,#6241);
#5287=LINE('',#9528,#6242);
#5288=LINE('',#9530,#6243);
#5289=LINE('',#9532,#6244);
#5290=LINE('',#9534,#6245);
#5291=LINE('',#9536,#6246);
#5292=LINE('',#9537,#6247);
#5293=LINE('',#9539,#6248);
#5294=LINE('',#9542,#6249);
#5295=LINE('',#9544,#6250);
#5296=LINE('',#9546,#6251);
#5297=LINE('',#9548,#6252);
#5298=LINE('',#9550,#6253);
#5299=LINE('',#9552,#6254);
#5300=LINE('',#9554,#6255);
#5301=LINE('',#9555,#6256);
#5302=LINE('',#9557,#6257);
#5303=LINE('',#9559,#6258);
#5304=LINE('',#9561,#6259);
#5305=LINE('',#9562,#6260);
#5306=LINE('',#9564,#6261);
#5307=LINE('',#9566,#6262);
#5308=LINE('',#9567,#6263);
#5309=LINE('',#9569,#6264);
#5310=LINE('',#9571,#6265);
#5311=LINE('',#9572,#6266);
#5312=LINE('',#9574,#6267);
#5313=LINE('',#9576,#6268);
#5314=LINE('',#9577,#6269);
#5315=LINE('',#9579,#6270);
#5316=LINE('',#9581,#6271);
#5317=LINE('',#9582,#6272);
#5318=LINE('',#9584,#6273);
#5319=LINE('',#9586,#6274);
#5320=LINE('',#9587,#6275);
#5321=LINE('',#9589,#6276);
#5322=LINE('',#9591,#6277);
#5323=LINE('',#9593,#6278);
#5324=LINE('',#9595,#6279);
#5325=LINE('',#9597,#6280);
#5326=LINE('',#9599,#6281);
#5327=LINE('',#9601,#6282);
#5328=LINE('',#9603,#6283);
#5329=LINE('',#9605,#6284);
#5330=LINE('',#9607,#6285);
#5331=LINE('',#9609,#6286);
#5332=LINE('',#9611,#6287);
#5333=LINE('',#9612,#6288);
#5334=LINE('',#9614,#6289);
#5335=LINE('',#9616,#6290);
#5336=LINE('',#9618,#6291);
#5337=LINE('',#9620,#6292);
#5338=LINE('',#9621,#6293);
#5339=LINE('',#9623,#6294);
#5340=LINE('',#9625,#6295);
#5341=LINE('',#9627,#6296);
#5342=LINE('',#9629,#6297);
#5343=LINE('',#9630,#6298);
#5344=LINE('',#9632,#6299);
#5345=LINE('',#9634,#6300);
#5346=LINE('',#9636,#6301);
#5347=LINE('',#9638,#6302);
#5348=LINE('',#9639,#6303);
#5349=LINE('',#9641,#6304);
#5350=LINE('',#9643,#6305);
#5351=LINE('',#9645,#6306);
#5352=LINE('',#9647,#6307);
#5353=LINE('',#9648,#6308);
#5354=LINE('',#9650,#6309);
#5355=LINE('',#9652,#6310);
#5356=LINE('',#9654,#6311);
#5357=LINE('',#9656,#6312);
#5358=LINE('',#9657,#6313);
#5359=LINE('',#9659,#6314);
#5360=LINE('',#9661,#6315);
#5361=LINE('',#9663,#6316);
#5362=LINE('',#9665,#6317);
#5363=LINE('',#9666,#6318);
#5364=LINE('',#9668,#6319);
#5365=LINE('',#9670,#6320);
#5366=LINE('',#9672,#6321);
#5367=LINE('',#9674,#6322);
#5368=LINE('',#9675,#6323);
#5369=LINE('',#9677,#6324);
#5370=LINE('',#9679,#6325);
#5371=LINE('',#9681,#6326);
#5372=LINE('',#9682,#6327);
#5373=LINE('',#9684,#6328);
#5374=LINE('',#9685,#6329);
#5375=LINE('',#9687,#6330);
#5376=LINE('',#9688,#6331);
#5377=LINE('',#9690,#6332);
#5378=LINE('',#9691,#6333);
#5379=LINE('',#9693,#6334);
#5380=LINE('',#9694,#6335);
#5381=LINE('',#9696,#6336);
#5382=LINE('',#9697,#6337);
#5383=LINE('',#9699,#6338);
#5384=LINE('',#9700,#6339);
#5385=LINE('',#9702,#6340);
#5386=LINE('',#9704,#6341);
#5387=LINE('',#9706,#6342);
#5388=LINE('',#9707,#6343);
#5389=LINE('',#9709,#6344);
#5390=LINE('',#9711,#6345);
#5391=LINE('',#9713,#6346);
#5392=LINE('',#9715,#6347);
#5393=LINE('',#9716,#6348);
#5394=LINE('',#9718,#6349);
#5395=LINE('',#9720,#6350);
#5396=LINE('',#9722,#6351);
#5397=LINE('',#9724,#6352);
#5398=LINE('',#9726,#6353);
#5399=LINE('',#9728,#6354);
#5400=LINE('',#9730,#6355);
#5401=LINE('',#9732,#6356);
#5402=LINE('',#9733,#6357);
#5403=LINE('',#9735,#6358);
#5404=LINE('',#9737,#6359);
#5405=LINE('',#9739,#6360);
#5406=LINE('',#9741,#6361);
#5407=LINE('',#9743,#6362);
#5408=LINE('',#9745,#6363);
#5409=LINE('',#9747,#6364);
#5410=LINE('',#9748,#6365);
#5411=LINE('',#9750,#6366);
#5412=LINE('',#9751,#6367);
#5413=LINE('',#9753,#6368);
#5414=LINE('',#9756,#6369);
#5415=LINE('',#9758,#6370);
#5416=LINE('',#9760,#6371);
#5417=LINE('',#9764,#6372);
#5418=LINE('',#9768,#6373);
#5419=LINE('',#9770,#6374);
#5420=LINE('',#9772,#6375);
#5421=LINE('',#9776,#6376);
#5422=LINE('',#9780,#6377);
#5423=LINE('',#9782,#6378);
#5424=LINE('',#9784,#6379);
#5425=LINE('',#9792,#6380);
#5426=LINE('',#9795,#6381);
#5427=LINE('',#9797,#6382);
#5428=LINE('',#9799,#6383);
#5429=LINE('',#9801,#6384);
#5430=LINE('',#9803,#6385);
#5431=LINE('',#9805,#6386);
#5432=LINE('',#9807,#6387);
#5433=LINE('',#9809,#6388);
#5434=LINE('',#9811,#6389);
#5435=LINE('',#9813,#6390);
#5436=LINE('',#9815,#6391);
#5437=LINE('',#9816,#6392);
#5438=LINE('',#9819,#6393);
#5439=LINE('',#9821,#6394);
#5440=LINE('',#9823,#6395);
#5441=LINE('',#9825,#6396);
#5442=LINE('',#9827,#6397);
#5443=LINE('',#9829,#6398);
#5444=LINE('',#9831,#6399);
#5445=LINE('',#9833,#6400);
#5446=LINE('',#9835,#6401);
#5447=LINE('',#9837,#6402);
#5448=LINE('',#9839,#6403);
#5449=LINE('',#9840,#6404);
#5450=LINE('',#9843,#6405);
#5451=LINE('',#9845,#6406);
#5452=LINE('',#9847,#6407);
#5453=LINE('',#9849,#6408);
#5454=LINE('',#9851,#6409);
#5455=LINE('',#9853,#6410);
#5456=LINE('',#9855,#6411);
#5457=LINE('',#9857,#6412);
#5458=LINE('',#9859,#6413);
#5459=LINE('',#9861,#6414);
#5460=LINE('',#9863,#6415);
#5461=LINE('',#9864,#6416);
#5462=LINE('',#9867,#6417);
#5463=LINE('',#9869,#6418);
#5464=LINE('',#9871,#6419);
#5465=LINE('',#9873,#6420);
#5466=LINE('',#9875,#6421);
#5467=LINE('',#9877,#6422);
#5468=LINE('',#9879,#6423);
#5469=LINE('',#9881,#6424);
#5470=LINE('',#9883,#6425);
#5471=LINE('',#9885,#6426);
#5472=LINE('',#9887,#6427);
#5473=LINE('',#9888,#6428);
#5474=LINE('',#9891,#6429);
#5475=LINE('',#9893,#6430);
#5476=LINE('',#9895,#6431);
#5477=LINE('',#9897,#6432);
#5478=LINE('',#9899,#6433);
#5479=LINE('',#9901,#6434);
#5480=LINE('',#9903,#6435);
#5481=LINE('',#9905,#6436);
#5482=LINE('',#9907,#6437);
#5483=LINE('',#9909,#6438);
#5484=LINE('',#9911,#6439);
#5485=LINE('',#9912,#6440);
#5486=LINE('',#9915,#6441);
#5487=LINE('',#9917,#6442);
#5488=LINE('',#9919,#6443);
#5489=LINE('',#9921,#6444);
#5490=LINE('',#9923,#6445);
#5491=LINE('',#9925,#6446);
#5492=LINE('',#9927,#6447);
#5493=LINE('',#9929,#6448);
#5494=LINE('',#9931,#6449);
#5495=LINE('',#9933,#6450);
#5496=LINE('',#9935,#6451);
#5497=LINE('',#9936,#6452);
#5498=LINE('',#9939,#6453);
#5499=LINE('',#9941,#6454);
#5500=LINE('',#9943,#6455);
#5501=LINE('',#9945,#6456);
#5502=LINE('',#9947,#6457);
#5503=LINE('',#9949,#6458);
#5504=LINE('',#9951,#6459);
#5505=LINE('',#9953,#6460);
#5506=LINE('',#9955,#6461);
#5507=LINE('',#9957,#6462);
#5508=LINE('',#9959,#6463);
#5509=LINE('',#9960,#6464);
#5510=LINE('',#9963,#6465);
#5511=LINE('',#9965,#6466);
#5512=LINE('',#9967,#6467);
#5513=LINE('',#9969,#6468);
#5514=LINE('',#9971,#6469);
#5515=LINE('',#9973,#6470);
#5516=LINE('',#9975,#6471);
#5517=LINE('',#9977,#6472);
#5518=LINE('',#9979,#6473);
#5519=LINE('',#9981,#6474);
#5520=LINE('',#9983,#6475);
#5521=LINE('',#9985,#6476);
#5522=LINE('',#9986,#6477);
#5523=LINE('',#9988,#6478);
#5524=LINE('',#9990,#6479);
#5525=LINE('',#9992,#6480);
#5526=LINE('',#9996,#6481);
#5527=LINE('',#9998,#6482);
#5528=LINE('',#10000,#6483);
#5529=LINE('',#10002,#6484);
#5530=LINE('',#10005,#6485);
#5531=LINE('',#10007,#6486);
#5532=LINE('',#10009,#6487);
#5533=LINE('',#10011,#6488);
#5534=LINE('',#10013,#6489);
#5535=LINE('',#10015,#6490);
#5536=LINE('',#10017,#6491);
#5537=LINE('',#10019,#6492);
#5538=LINE('',#10021,#6493);
#5539=LINE('',#10023,#6494);
#5540=LINE('',#10025,#6495);
#5541=LINE('',#10027,#6496);
#5542=LINE('',#10029,#6497);
#5543=LINE('',#10031,#6498);
#5544=LINE('',#10033,#6499);
#5545=LINE('',#10035,#6500);
#5546=LINE('',#10037,#6501);
#5547=LINE('',#10039,#6502);
#5548=LINE('',#10041,#6503);
#5549=LINE('',#10043,#6504);
#5550=LINE('',#10045,#6505);
#5551=LINE('',#10047,#6506);
#5552=LINE('',#10049,#6507);
#5553=LINE('',#10051,#6508);
#5554=LINE('',#10053,#6509);
#5555=LINE('',#10055,#6510);
#5556=LINE('',#10057,#6511);
#5557=LINE('',#10059,#6512);
#5558=LINE('',#10061,#6513);
#5559=LINE('',#10063,#6514);
#5560=LINE('',#10065,#6515);
#5561=LINE('',#10067,#6516);
#5562=LINE('',#10069,#6517);
#5563=LINE('',#10071,#6518);
#5564=LINE('',#10072,#6519);
#5565=LINE('',#10075,#6520);
#5566=LINE('',#10076,#6521);
#5567=LINE('',#10078,#6522);
#5568=LINE('',#10080,#6523);
#5569=LINE('',#10084,#6524);
#5570=LINE('',#10085,#6525);
#5571=LINE('',#10087,#6526);
#5572=LINE('',#10089,#6527);
#5573=LINE('',#10091,#6528);
#5574=LINE('',#10093,#6529);
#5575=LINE('',#10095,#6530);
#5576=LINE('',#10097,#6531);
#5577=LINE('',#10099,#6532);
#5578=LINE('',#10101,#6533);
#5579=LINE('',#10103,#6534);
#5580=LINE('',#10105,#6535);
#5581=LINE('',#10108,#6536);
#5582=LINE('',#10110,#6537);
#5583=LINE('',#10113,#6538);
#5584=LINE('',#10115,#6539);
#5585=LINE('',#10117,#6540);
#5586=LINE('',#10119,#6541);
#5587=LINE('',#10121,#6542);
#5588=LINE('',#10123,#6543);
#5589=LINE('',#10125,#6544);
#5590=LINE('',#10127,#6545);
#5591=LINE('',#10129,#6546);
#5592=LINE('',#10131,#6547);
#5593=LINE('',#10135,#6548);
#5594=LINE('',#10138,#6549);
#5595=LINE('',#10139,#6550);
#5596=LINE('',#10141,#6551);
#5597=LINE('',#10143,#6552);
#5598=LINE('',#10145,#6553);
#5599=LINE('',#10147,#6554);
#5600=LINE('',#10148,#6555);
#5601=LINE('',#10175,#6556);
#5602=LINE('',#10177,#6557);
#5603=LINE('',#10179,#6558);
#5604=LINE('',#10181,#6559);
#5605=LINE('',#10183,#6560);
#5606=LINE('',#10185,#6561);
#5607=LINE('',#10187,#6562);
#5608=LINE('',#10189,#6563);
#5609=LINE('',#10191,#6564);
#5610=LINE('',#10193,#6565);
#5611=LINE('',#10195,#6566);
#5612=LINE('',#10197,#6567);
#5613=LINE('',#10199,#6568);
#5614=LINE('',#10201,#6569);
#5615=LINE('',#10203,#6570);
#5616=LINE('',#10205,#6571);
#5617=LINE('',#10207,#6572);
#5618=LINE('',#10209,#6573);
#5619=LINE('',#10211,#6574);
#5620=LINE('',#10213,#6575);
#5621=LINE('',#10215,#6576);
#5622=LINE('',#10217,#6577);
#5623=LINE('',#10220,#6578);
#5624=LINE('',#10222,#6579);
#5625=LINE('',#10224,#6580);
#5626=LINE('',#10226,#6581);
#5627=LINE('',#10228,#6582);
#5628=LINE('',#10230,#6583);
#5629=LINE('',#10232,#6584);
#5630=LINE('',#10234,#6585);
#5631=LINE('',#10236,#6586);
#5632=LINE('',#10238,#6587);
#5633=LINE('',#10240,#6588);
#5634=LINE('',#10242,#6589);
#5635=LINE('',#10244,#6590);
#5636=LINE('',#10246,#6591);
#5637=LINE('',#10248,#6592);
#5638=LINE('',#10250,#6593);
#5639=LINE('',#10252,#6594);
#5640=LINE('',#10254,#6595);
#5641=LINE('',#10256,#6596);
#5642=LINE('',#10258,#6597);
#5643=LINE('',#10260,#6598);
#5644=LINE('',#10262,#6599);
#5645=LINE('',#10264,#6600);
#5646=LINE('',#10266,#6601);
#5647=LINE('',#10268,#6602);
#5648=LINE('',#10270,#6603);
#5649=LINE('',#10272,#6604);
#5650=LINE('',#10274,#6605);
#5651=LINE('',#10276,#6606);
#5652=LINE('',#10278,#6607);
#5653=LINE('',#10280,#6608);
#5654=LINE('',#10282,#6609);
#5655=LINE('',#10284,#6610);
#5656=LINE('',#10286,#6611);
#5657=LINE('',#10287,#6612);
#5658=LINE('',#10290,#6613);
#5659=LINE('',#10293,#6614);
#5660=LINE('',#10295,#6615);
#5661=LINE('',#10297,#6616);
#5662=LINE('',#10299,#6617);
#5663=LINE('',#10301,#6618);
#5664=LINE('',#10303,#6619);
#5665=LINE('',#10305,#6620);
#5666=LINE('',#10307,#6621);
#5667=LINE('',#10309,#6622);
#5668=LINE('',#10311,#6623);
#5669=LINE('',#10313,#6624);
#5670=LINE('',#10315,#6625);
#5671=LINE('',#10317,#6626);
#5672=LINE('',#10319,#6627);
#5673=LINE('',#10321,#6628);
#5674=LINE('',#10323,#6629);
#5675=LINE('',#10325,#6630);
#5676=LINE('',#10327,#6631);
#5677=LINE('',#10329,#6632);
#5678=LINE('',#10331,#6633);
#5679=LINE('',#10333,#6634);
#5680=LINE('',#10335,#6635);
#5681=LINE('',#10337,#6636);
#5682=LINE('',#10339,#6637);
#5683=LINE('',#10341,#6638);
#5684=LINE('',#10343,#6639);
#5685=LINE('',#10345,#6640);
#5686=LINE('',#10347,#6641);
#5687=LINE('',#10349,#6642);
#5688=LINE('',#10351,#6643);
#5689=LINE('',#10353,#6644);
#5690=LINE('',#10355,#6645);
#5691=LINE('',#10357,#6646);
#5692=LINE('',#10359,#6647);
#5693=LINE('',#10360,#6648);
#5694=LINE('',#10363,#6649);
#5695=LINE('',#10366,#6650);
#5696=LINE('',#10368,#6651);
#5697=LINE('',#10370,#6652);
#5698=LINE('',#10372,#6653);
#5699=LINE('',#10374,#6654);
#5700=LINE('',#10376,#6655);
#5701=LINE('',#10378,#6656);
#5702=LINE('',#10380,#6657);
#5703=LINE('',#10382,#6658);
#5704=LINE('',#10384,#6659);
#5705=LINE('',#10386,#6660);
#5706=LINE('',#10388,#6661);
#5707=LINE('',#10390,#6662);
#5708=LINE('',#10392,#6663);
#5709=LINE('',#10394,#6664);
#5710=LINE('',#10396,#6665);
#5711=LINE('',#10398,#6666);
#5712=LINE('',#10400,#6667);
#5713=LINE('',#10402,#6668);
#5714=LINE('',#10404,#6669);
#5715=LINE('',#10406,#6670);
#5716=LINE('',#10408,#6671);
#5717=LINE('',#10410,#6672);
#5718=LINE('',#10412,#6673);
#5719=LINE('',#10414,#6674);
#5720=LINE('',#10416,#6675);
#5721=LINE('',#10418,#6676);
#5722=LINE('',#10420,#6677);
#5723=LINE('',#10422,#6678);
#5724=LINE('',#10424,#6679);
#5725=LINE('',#10426,#6680);
#5726=LINE('',#10428,#6681);
#5727=LINE('',#10430,#6682);
#5728=LINE('',#10432,#6683);
#5729=LINE('',#10433,#6684);
#5730=LINE('',#10436,#6685);
#5731=LINE('',#10439,#6686);
#5732=LINE('',#10441,#6687);
#5733=LINE('',#10443,#6688);
#5734=LINE('',#10445,#6689);
#5735=LINE('',#10447,#6690);
#5736=LINE('',#10449,#6691);
#5737=LINE('',#10451,#6692);
#5738=LINE('',#10453,#6693);
#5739=LINE('',#10455,#6694);
#5740=LINE('',#10457,#6695);
#5741=LINE('',#10459,#6696);
#5742=LINE('',#10461,#6697);
#5743=LINE('',#10463,#6698);
#5744=LINE('',#10465,#6699);
#5745=LINE('',#10467,#6700);
#5746=LINE('',#10469,#6701);
#5747=LINE('',#10471,#6702);
#5748=LINE('',#10473,#6703);
#5749=LINE('',#10475,#6704);
#5750=LINE('',#10477,#6705);
#5751=LINE('',#10479,#6706);
#5752=LINE('',#10481,#6707);
#5753=LINE('',#10483,#6708);
#5754=LINE('',#10485,#6709);
#5755=LINE('',#10487,#6710);
#5756=LINE('',#10489,#6711);
#5757=LINE('',#10491,#6712);
#5758=LINE('',#10493,#6713);
#5759=LINE('',#10495,#6714);
#5760=LINE('',#10497,#6715);
#5761=LINE('',#10499,#6716);
#5762=LINE('',#10501,#6717);
#5763=LINE('',#10503,#6718);
#5764=LINE('',#10505,#6719);
#5765=LINE('',#10506,#6720);
#5766=LINE('',#10509,#6721);
#5767=LINE('',#10512,#6722);
#5768=LINE('',#10514,#6723);
#5769=LINE('',#10516,#6724);
#5770=LINE('',#10518,#6725);
#5771=LINE('',#10520,#6726);
#5772=LINE('',#10522,#6727);
#5773=LINE('',#10524,#6728);
#5774=LINE('',#10526,#6729);
#5775=LINE('',#10528,#6730);
#5776=LINE('',#10530,#6731);
#5777=LINE('',#10532,#6732);
#5778=LINE('',#10534,#6733);
#5779=LINE('',#10536,#6734);
#5780=LINE('',#10538,#6735);
#5781=LINE('',#10540,#6736);
#5782=LINE('',#10542,#6737);
#5783=LINE('',#10544,#6738);
#5784=LINE('',#10546,#6739);
#5785=LINE('',#10548,#6740);
#5786=LINE('',#10550,#6741);
#5787=LINE('',#10552,#6742);
#5788=LINE('',#10554,#6743);
#5789=LINE('',#10556,#6744);
#5790=LINE('',#10558,#6745);
#5791=LINE('',#10560,#6746);
#5792=LINE('',#10562,#6747);
#5793=LINE('',#10564,#6748);
#5794=LINE('',#10566,#6749);
#5795=LINE('',#10568,#6750);
#5796=LINE('',#10570,#6751);
#5797=LINE('',#10572,#6752);
#5798=LINE('',#10574,#6753);
#5799=LINE('',#10576,#6754);
#5800=LINE('',#10578,#6755);
#5801=LINE('',#10579,#6756);
#5802=LINE('',#10582,#6757);
#5803=LINE('',#10585,#6758);
#5804=LINE('',#10587,#6759);
#5805=LINE('',#10589,#6760);
#5806=LINE('',#10591,#6761);
#5807=LINE('',#10593,#6762);
#5808=LINE('',#10595,#6763);
#5809=LINE('',#10597,#6764);
#5810=LINE('',#10599,#6765);
#5811=LINE('',#10601,#6766);
#5812=LINE('',#10603,#6767);
#5813=LINE('',#10605,#6768);
#5814=LINE('',#10607,#6769);
#5815=LINE('',#10609,#6770);
#5816=LINE('',#10611,#6771);
#5817=LINE('',#10613,#6772);
#5818=LINE('',#10615,#6773);
#5819=LINE('',#10617,#6774);
#5820=LINE('',#10619,#6775);
#5821=LINE('',#10621,#6776);
#5822=LINE('',#10623,#6777);
#5823=LINE('',#10625,#6778);
#5824=LINE('',#10627,#6779);
#5825=LINE('',#10629,#6780);
#5826=LINE('',#10631,#6781);
#5827=LINE('',#10633,#6782);
#5828=LINE('',#10635,#6783);
#5829=LINE('',#10637,#6784);
#5830=LINE('',#10639,#6785);
#5831=LINE('',#10641,#6786);
#5832=LINE('',#10643,#6787);
#5833=LINE('',#10645,#6788);
#5834=LINE('',#10647,#6789);
#5835=LINE('',#10649,#6790);
#5836=LINE('',#10651,#6791);
#5837=LINE('',#10652,#6792);
#5838=LINE('',#10655,#6793);
#5839=LINE('',#10658,#6794);
#5840=LINE('',#10660,#6795);
#5841=LINE('',#10662,#6796);
#5842=LINE('',#10664,#6797);
#5843=LINE('',#10666,#6798);
#5844=LINE('',#10668,#6799);
#5845=LINE('',#10670,#6800);
#5846=LINE('',#10672,#6801);
#5847=LINE('',#10674,#6802);
#5848=LINE('',#10676,#6803);
#5849=LINE('',#10678,#6804);
#5850=LINE('',#10680,#6805);
#5851=LINE('',#10682,#6806);
#5852=LINE('',#10684,#6807);
#5853=LINE('',#10686,#6808);
#5854=LINE('',#10688,#6809);
#5855=LINE('',#10690,#6810);
#5856=LINE('',#10692,#6811);
#5857=LINE('',#10694,#6812);
#5858=LINE('',#10696,#6813);
#5859=LINE('',#10698,#6814);
#5860=LINE('',#10700,#6815);
#5861=LINE('',#10702,#6816);
#5862=LINE('',#10704,#6817);
#5863=LINE('',#10706,#6818);
#5864=LINE('',#10708,#6819);
#5865=LINE('',#10710,#6820);
#5866=LINE('',#10712,#6821);
#5867=LINE('',#10714,#6822);
#5868=LINE('',#10716,#6823);
#5869=LINE('',#10718,#6824);
#5870=LINE('',#10720,#6825);
#5871=LINE('',#10722,#6826);
#5872=LINE('',#10724,#6827);
#5873=LINE('',#10725,#6828);
#5874=LINE('',#10728,#6829);
#5875=LINE('',#10729,#6830);
#5876=LINE('',#10731,#6831);
#5877=LINE('',#10733,#6832);
#5878=LINE('',#10737,#6833);
#5879=LINE('',#10738,#6834);
#5880=LINE('',#10740,#6835);
#5881=LINE('',#10742,#6836);
#5882=LINE('',#10746,#6837);
#5883=LINE('',#10747,#6838);
#5884=LINE('',#10749,#6839);
#5885=LINE('',#10751,#6840);
#5886=LINE('',#10755,#6841);
#5887=LINE('',#10756,#6842);
#5888=LINE('',#10758,#6843);
#5889=LINE('',#10760,#6844);
#5890=LINE('',#10764,#6845);
#5891=LINE('',#10765,#6846);
#5892=LINE('',#10767,#6847);
#5893=LINE('',#10769,#6848);
#5894=LINE('',#10773,#6849);
#5895=LINE('',#10774,#6850);
#5896=LINE('',#10776,#6851);
#5897=LINE('',#10778,#6852);
#5898=LINE('',#10782,#6853);
#5899=LINE('',#10783,#6854);
#5900=LINE('',#10785,#6855);
#5901=LINE('',#10787,#6856);
#5902=LINE('',#10791,#6857);
#5903=LINE('',#10792,#6858);
#5904=LINE('',#10794,#6859);
#5905=LINE('',#10796,#6860);
#5906=LINE('',#10798,#6861);
#5907=LINE('',#10800,#6862);
#5908=LINE('',#10802,#6863);
#5909=LINE('',#10804,#6864);
#5910=LINE('',#10806,#6865);
#5911=LINE('',#10808,#6866);
#5912=LINE('',#10810,#6867);
#5913=LINE('',#10812,#6868);
#5914=LINE('',#10815,#6869);
#5915=LINE('',#10816,#6870);
#5916=LINE('',#10818,#6871);
#5917=LINE('',#10820,#6872);
#5918=LINE('',#10822,#6873);
#5919=LINE('',#10824,#6874);
#5920=LINE('',#10826,#6875);
#5921=LINE('',#10828,#6876);
#5922=LINE('',#10830,#6877);
#5923=LINE('',#10832,#6878);
#5924=LINE('',#10834,#6879);
#5925=LINE('',#10836,#6880);
#5926=LINE('',#10839,#6881);
#5927=LINE('',#10840,#6882);
#5928=LINE('',#10842,#6883);
#5929=LINE('',#10844,#6884);
#5930=LINE('',#10846,#6885);
#5931=LINE('',#10848,#6886);
#5932=LINE('',#10850,#6887);
#5933=LINE('',#10852,#6888);
#5934=LINE('',#10854,#6889);
#5935=LINE('',#10856,#6890);
#5936=LINE('',#10858,#6891);
#5937=LINE('',#10860,#6892);
#5938=LINE('',#10863,#6893);
#5939=LINE('',#10864,#6894);
#5940=LINE('',#10866,#6895);
#5941=LINE('',#10868,#6896);
#5942=LINE('',#10870,#6897);
#5943=LINE('',#10872,#6898);
#5944=LINE('',#10874,#6899);
#5945=LINE('',#10876,#6900);
#5946=LINE('',#10878,#6901);
#5947=LINE('',#10880,#6902);
#5948=LINE('',#10882,#6903);
#5949=LINE('',#10884,#6904);
#5950=LINE('',#10887,#6905);
#5951=LINE('',#10888,#6906);
#5952=LINE('',#10890,#6907);
#5953=LINE('',#10892,#6908);
#5954=LINE('',#10894,#6909);
#5955=LINE('',#10896,#6910);
#5956=LINE('',#10898,#6911);
#5957=LINE('',#10900,#6912);
#5958=LINE('',#10902,#6913);
#5959=LINE('',#10904,#6914);
#5960=LINE('',#10906,#6915);
#5961=LINE('',#10908,#6916);
#5962=LINE('',#10911,#6917);
#5963=LINE('',#10912,#6918);
#5964=LINE('',#10914,#6919);
#5965=LINE('',#10916,#6920);
#5966=LINE('',#10918,#6921);
#5967=LINE('',#10920,#6922);
#5968=LINE('',#10922,#6923);
#5969=LINE('',#10924,#6924);
#5970=LINE('',#10926,#6925);
#5971=LINE('',#10928,#6926);
#5972=LINE('',#10930,#6927);
#5973=LINE('',#10932,#6928);
#5974=LINE('',#10935,#6929);
#5975=LINE('',#10936,#6930);
#5976=LINE('',#10938,#6931);
#5977=LINE('',#10940,#6932);
#5978=LINE('',#10942,#6933);
#5979=LINE('',#10944,#6934);
#5980=LINE('',#10946,#6935);
#5981=LINE('',#10948,#6936);
#5982=LINE('',#10950,#6937);
#5983=LINE('',#10952,#6938);
#5984=LINE('',#10954,#6939);
#5985=LINE('',#10956,#6940);
#5986=LINE('',#10959,#6941);
#5987=LINE('',#10961,#6942);
#5988=LINE('',#10964,#6943);
#5989=LINE('',#10966,#6944);
#5990=LINE('',#10969,#6945);
#5991=LINE('',#10971,#6946);
#5992=LINE('',#10974,#6947);
#5993=LINE('',#10976,#6948);
#5994=LINE('',#10979,#6949);
#5995=LINE('',#10981,#6950);
#5996=LINE('',#10984,#6951);
#5997=LINE('',#10986,#6952);
#5998=LINE('',#10989,#6953);
#5999=LINE('',#10991,#6954);
#6000=LINE('',#10994,#6955);
#6001=LINE('',#10997,#6956);
#6002=LINE('',#10998,#6957);
#6003=LINE('',#11000,#6958);
#6004=LINE('',#11002,#6959);
#6005=LINE('',#11004,#6960);
#6006=LINE('',#11006,#6961);
#6007=LINE('',#11007,#6962);
#6008=VECTOR('',#7347,1.);
#6009=VECTOR('',#7348,1.);
#6010=VECTOR('',#7349,1.);
#6011=VECTOR('',#7350,1.);
#6012=VECTOR('',#7351,1.);
#6013=VECTOR('',#7352,1.);
#6014=VECTOR('',#7353,1.);
#6015=VECTOR('',#7354,1.);
#6016=VECTOR('',#7355,1.);
#6017=VECTOR('',#7356,1.);
#6018=VECTOR('',#7357,1.);
#6019=VECTOR('',#7358,1.);
#6020=VECTOR('',#7359,1.);
#6021=VECTOR('',#7360,1.);
#6022=VECTOR('',#7361,1.);
#6023=VECTOR('',#7362,1.);
#6024=VECTOR('',#7363,1.);
#6025=VECTOR('',#7364,1.);
#6026=VECTOR('',#7365,1.);
#6027=VECTOR('',#7366,1.);
#6028=VECTOR('',#7367,1.);
#6029=VECTOR('',#7368,1.);
#6030=VECTOR('',#7369,1.);
#6031=VECTOR('',#7370,1.);
#6032=VECTOR('',#7371,1.);
#6033=VECTOR('',#7372,1.);
#6034=VECTOR('',#7373,1.);
#6035=VECTOR('',#7374,1.);
#6036=VECTOR('',#7375,1.);
#6037=VECTOR('',#7376,1.);
#6038=VECTOR('',#7377,1.);
#6039=VECTOR('',#7378,1.);
#6040=VECTOR('',#7379,1.);
#6041=VECTOR('',#7380,1.);
#6042=VECTOR('',#7381,1.);
#6043=VECTOR('',#7382,1.);
#6044=VECTOR('',#7383,1.);
#6045=VECTOR('',#7384,1.);
#6046=VECTOR('',#7385,1.);
#6047=VECTOR('',#7386,1.);
#6048=VECTOR('',#7387,1.);
#6049=VECTOR('',#7388,1.);
#6050=VECTOR('',#7389,1.);
#6051=VECTOR('',#7390,1.);
#6052=VECTOR('',#7393,1.);
#6053=VECTOR('',#7394,1.);
#6054=VECTOR('',#7395,1.);
#6055=VECTOR('',#7396,1.);
#6056=VECTOR('',#7397,1.);
#6057=VECTOR('',#7398,1.);
#6058=VECTOR('',#7399,1.);
#6059=VECTOR('',#7400,1.);
#6060=VECTOR('',#7401,1.);
#6061=VECTOR('',#7402,1.);
#6062=VECTOR('',#7403,1.);
#6063=VECTOR('',#7404,1.);
#6064=VECTOR('',#7405,1.);
#6065=VECTOR('',#7406,1.);
#6066=VECTOR('',#7407,1.);
#6067=VECTOR('',#7408,1.);
#6068=VECTOR('',#7409,1.);
#6069=VECTOR('',#7410,1.);
#6070=VECTOR('',#7411,1.);
#6071=VECTOR('',#7412,1.);
#6072=VECTOR('',#7413,1.);
#6073=VECTOR('',#7414,1.);
#6074=VECTOR('',#7415,1.);
#6075=VECTOR('',#7416,1.);
#6076=VECTOR('',#7417,1.);
#6077=VECTOR('',#7418,1.);
#6078=VECTOR('',#7419,1.);
#6079=VECTOR('',#7420,1.);
#6080=VECTOR('',#7421,1.);
#6081=VECTOR('',#7422,1.);
#6082=VECTOR('',#7423,1.);
#6083=VECTOR('',#7424,1.);
#6084=VECTOR('',#7425,1.);
#6085=VECTOR('',#7426,1.);
#6086=VECTOR('',#7427,1.);
#6087=VECTOR('',#7428,1.);
#6088=VECTOR('',#7429,1.);
#6089=VECTOR('',#7430,1.);
#6090=VECTOR('',#7431,1.);
#6091=VECTOR('',#7432,1.);
#6092=VECTOR('',#7433,1.);
#6093=VECTOR('',#7434,1.);
#6094=VECTOR('',#7435,1.);
#6095=VECTOR('',#7436,1.);
#6096=VECTOR('',#7437,1.);
#6097=VECTOR('',#7438,1.);
#6098=VECTOR('',#7439,1.);
#6099=VECTOR('',#7440,1.);
#6100=VECTOR('',#7441,1.);
#6101=VECTOR('',#7442,1.);
#6102=VECTOR('',#7443,1.);
#6103=VECTOR('',#7444,1.);
#6104=VECTOR('',#7447,1.);
#6105=VECTOR('',#7448,1.);
#6106=VECTOR('',#7449,1.);
#6107=VECTOR('',#7452,1.);
#6108=VECTOR('',#7453,1.);
#6109=VECTOR('',#7454,1.);
#6110=VECTOR('',#7457,1.);
#6111=VECTOR('',#7458,1.);
#6112=VECTOR('',#7459,1.);
#6113=VECTOR('',#7462,1.);
#6114=VECTOR('',#7463,1.);
#6115=VECTOR('',#7464,1.);
#6116=VECTOR('',#7467,1.);
#6117=VECTOR('',#7468,1.);
#6118=VECTOR('',#7469,1.);
#6119=VECTOR('',#7472,1.);
#6120=VECTOR('',#7473,1.);
#6121=VECTOR('',#7474,1.);
#6122=VECTOR('',#7477,1.);
#6123=VECTOR('',#7478,1.);
#6124=VECTOR('',#7479,1.);
#6125=VECTOR('',#7482,1.);
#6126=VECTOR('',#7483,1.);
#6127=VECTOR('',#7484,1.);
#6128=VECTOR('',#7487,1.);
#6129=VECTOR('',#7488,1.);
#6130=VECTOR('',#7489,1.);
#6131=VECTOR('',#7490,1.);
#6132=VECTOR('',#7491,1.);
#6133=VECTOR('',#7492,1.);
#6134=VECTOR('',#7493,1.);
#6135=VECTOR('',#7494,1.);
#6136=VECTOR('',#7495,1.);
#6137=VECTOR('',#7496,1.);
#6138=VECTOR('',#7497,1.);
#6139=VECTOR('',#7498,1.);
#6140=VECTOR('',#7499,1.);
#6141=VECTOR('',#7500,1.);
#6142=VECTOR('',#7501,1.);
#6143=VECTOR('',#7502,1.);
#6144=VECTOR('',#7503,1.);
#6145=VECTOR('',#7504,1.);
#6146=VECTOR('',#7505,1.);
#6147=VECTOR('',#7506,1.);
#6148=VECTOR('',#7507,1.);
#6149=VECTOR('',#7508,1.);
#6150=VECTOR('',#7509,1.);
#6151=VECTOR('',#7510,1.);
#6152=VECTOR('',#7511,1.);
#6153=VECTOR('',#7512,1.);
#6154=VECTOR('',#7515,1.);
#6155=VECTOR('',#7516,1.);
#6156=VECTOR('',#7517,1.);
#6157=VECTOR('',#7518,1.);
#6158=VECTOR('',#7519,1.);
#6159=VECTOR('',#7520,1.);
#6160=VECTOR('',#7521,1.);
#6161=VECTOR('',#7522,1.);
#6162=VECTOR('',#7523,1.);
#6163=VECTOR('',#7524,1.);
#6164=VECTOR('',#7525,1.);
#6165=VECTOR('',#7526,1.);
#6166=VECTOR('',#7527,1.);
#6167=VECTOR('',#7528,1.);
#6168=VECTOR('',#7529,1.);
#6169=VECTOR('',#7530,1.);
#6170=VECTOR('',#7531,1.);
#6171=VECTOR('',#7532,1.);
#6172=VECTOR('',#7533,1.);
#6173=VECTOR('',#7534,1.);
#6174=VECTOR('',#7535,1.);
#6175=VECTOR('',#7536,1.);
#6176=VECTOR('',#7537,1.);
#6177=VECTOR('',#7538,1.);
#6178=VECTOR('',#7539,1.);
#6179=VECTOR('',#7540,1.);
#6180=VECTOR('',#7541,1.);
#6181=VECTOR('',#7542,1.);
#6182=VECTOR('',#7543,1.);
#6183=VECTOR('',#7544,1.);
#6184=VECTOR('',#7545,1.);
#6185=VECTOR('',#7546,1.);
#6186=VECTOR('',#7547,1.);
#6187=VECTOR('',#7548,1.);
#6188=VECTOR('',#7549,1.);
#6189=VECTOR('',#7550,1.);
#6190=VECTOR('',#7551,1.);
#6191=VECTOR('',#7552,1.);
#6192=VECTOR('',#7553,1.);
#6193=VECTOR('',#7554,1.);
#6194=VECTOR('',#7557,1.);
#6195=VECTOR('',#7558,1.);
#6196=VECTOR('',#7559,1.);
#6197=VECTOR('',#7560,1.);
#6198=VECTOR('',#7563,1.);
#6199=VECTOR('',#7564,1.);
#6200=VECTOR('',#7565,1.);
#6201=VECTOR('',#7568,1.);
#6202=VECTOR('',#7569,1.);
#6203=VECTOR('',#7572,1.);
#6204=VECTOR('',#7573,1.);
#6205=VECTOR('',#7574,1.);
#6206=VECTOR('',#7575,1.);
#6207=VECTOR('',#7578,1.);
#6208=VECTOR('',#7579,1.);
#6209=VECTOR('',#7580,1.);
#6210=VECTOR('',#7583,1.);
#6211=VECTOR('',#7584,1.);
#6212=VECTOR('',#7587,1.);
#6213=VECTOR('',#7588,1.);
#6214=VECTOR('',#7589,1.);
#6215=VECTOR('',#7590,1.);
#6216=VECTOR('',#7593,1.);
#6217=VECTOR('',#7594,1.);
#6218=VECTOR('',#7595,1.);
#6219=VECTOR('',#7598,1.);
#6220=VECTOR('',#7599,1.);
#6221=VECTOR('',#7602,1.);
#6222=VECTOR('',#7603,1.);
#6223=VECTOR('',#7604,1.);
#6224=VECTOR('',#7605,1.);
#6225=VECTOR('',#7608,1.);
#6226=VECTOR('',#7609,1.);
#6227=VECTOR('',#7610,1.);
#6228=VECTOR('',#7613,1.);
#6229=VECTOR('',#7614,1.);
#6230=VECTOR('',#7617,1.);
#6231=VECTOR('',#7618,1.);
#6232=VECTOR('',#7619,1.);
#6233=VECTOR('',#7620,1.);
#6234=VECTOR('',#7623,1.);
#6235=VECTOR('',#7624,1.);
#6236=VECTOR('',#7625,1.);
#6237=VECTOR('',#7628,1.);
#6238=VECTOR('',#7629,1.);
#6239=VECTOR('',#7632,1.);
#6240=VECTOR('',#7633,1.);
#6241=VECTOR('',#7634,1.);
#6242=VECTOR('',#7635,1.);
#6243=VECTOR('',#7638,1.);
#6244=VECTOR('',#7639,1.);
#6245=VECTOR('',#7640,1.);
#6246=VECTOR('',#7643,1.);
#6247=VECTOR('',#7644,1.);
#6248=VECTOR('',#7647,1.);
#6249=VECTOR('',#7648,1.);
#6250=VECTOR('',#7649,1.);
#6251=VECTOR('',#7650,1.);
#6252=VECTOR('',#7653,1.);
#6253=VECTOR('',#7654,1.);
#6254=VECTOR('',#7655,1.);
#6255=VECTOR('',#7658,1.);
#6256=VECTOR('',#7659,1.);
#6257=VECTOR('',#7662,1.);
#6258=VECTOR('',#7663,1.);
#6259=VECTOR('',#7664,1.);
#6260=VECTOR('',#7665,1.);
#6261=VECTOR('',#7666,1.);
#6262=VECTOR('',#7667,1.);
#6263=VECTOR('',#7668,1.);
#6264=VECTOR('',#7669,1.);
#6265=VECTOR('',#7670,1.);
#6266=VECTOR('',#7671,1.);
#6267=VECTOR('',#7672,1.);
#6268=VECTOR('',#7673,1.);
#6269=VECTOR('',#7674,1.);
#6270=VECTOR('',#7675,1.);
#6271=VECTOR('',#7676,1.);
#6272=VECTOR('',#7677,1.);
#6273=VECTOR('',#7678,1.);
#6274=VECTOR('',#7679,1.);
#6275=VECTOR('',#7680,1.);
#6276=VECTOR('',#7681,1.);
#6277=VECTOR('',#7682,1.);
#6278=VECTOR('',#7683,1.);
#6279=VECTOR('',#7684,1.);
#6280=VECTOR('',#7685,1.);
#6281=VECTOR('',#7686,1.);
#6282=VECTOR('',#7687,1.);
#6283=VECTOR('',#7688,1.);
#6284=VECTOR('',#7689,1.);
#6285=VECTOR('',#7690,1.);
#6286=VECTOR('',#7691,1.);
#6287=VECTOR('',#7692,1.);
#6288=VECTOR('',#7693,1.);
#6289=VECTOR('',#7694,1.);
#6290=VECTOR('',#7695,1.);
#6291=VECTOR('',#7696,1.);
#6292=VECTOR('',#7697,1.);
#6293=VECTOR('',#7698,1.);
#6294=VECTOR('',#7699,1.);
#6295=VECTOR('',#7700,1.);
#6296=VECTOR('',#7701,1.);
#6297=VECTOR('',#7702,1.);
#6298=VECTOR('',#7703,1.);
#6299=VECTOR('',#7704,1.);
#6300=VECTOR('',#7705,1.);
#6301=VECTOR('',#7706,1.);
#6302=VECTOR('',#7707,1.);
#6303=VECTOR('',#7708,1.);
#6304=VECTOR('',#7709,1.);
#6305=VECTOR('',#7710,1.);
#6306=VECTOR('',#7711,1.);
#6307=VECTOR('',#7712,1.);
#6308=VECTOR('',#7713,1.);
#6309=VECTOR('',#7714,1.);
#6310=VECTOR('',#7715,1.);
#6311=VECTOR('',#7716,1.);
#6312=VECTOR('',#7717,1.);
#6313=VECTOR('',#7718,1.);
#6314=VECTOR('',#7719,1.);
#6315=VECTOR('',#7720,1.);
#6316=VECTOR('',#7721,1.);
#6317=VECTOR('',#7722,1.);
#6318=VECTOR('',#7723,1.);
#6319=VECTOR('',#7724,1.);
#6320=VECTOR('',#7725,1.);
#6321=VECTOR('',#7726,1.);
#6322=VECTOR('',#7727,1.);
#6323=VECTOR('',#7728,1.);
#6324=VECTOR('',#7729,1.);
#6325=VECTOR('',#7730,1.);
#6326=VECTOR('',#7733,1.);
#6327=VECTOR('',#7734,1.);
#6328=VECTOR('',#7737,1.);
#6329=VECTOR('',#7738,1.);
#6330=VECTOR('',#7741,1.);
#6331=VECTOR('',#7742,1.);
#6332=VECTOR('',#7745,1.);
#6333=VECTOR('',#7746,1.);
#6334=VECTOR('',#7749,1.);
#6335=VECTOR('',#7750,1.);
#6336=VECTOR('',#7753,1.);
#6337=VECTOR('',#7754,1.);
#6338=VECTOR('',#7757,1.);
#6339=VECTOR('',#7758,1.);
#6340=VECTOR('',#7761,1.);
#6341=VECTOR('',#7762,1.);
#6342=VECTOR('',#7763,1.);
#6343=VECTOR('',#7764,1.);
#6344=VECTOR('',#7765,1.);
#6345=VECTOR('',#7766,1.);
#6346=VECTOR('',#7767,1.);
#6347=VECTOR('',#7768,1.);
#6348=VECTOR('',#7769,1.);
#6349=VECTOR('',#7770,1.);
#6350=VECTOR('',#7771,1.);
#6351=VECTOR('',#7772,1.);
#6352=VECTOR('',#7773,1.);
#6353=VECTOR('',#7776,1.);
#6354=VECTOR('',#7777,1.);
#6355=VECTOR('',#7778,1.);
#6356=VECTOR('',#7781,1.);
#6357=VECTOR('',#7782,1.);
#6358=VECTOR('',#7785,1.);
#6359=VECTOR('',#7786,1.);
#6360=VECTOR('',#7787,1.);
#6361=VECTOR('',#7790,1.);
#6362=VECTOR('',#7791,1.);
#6363=VECTOR('',#7792,1.);
#6364=VECTOR('',#7795,1.);
#6365=VECTOR('',#7796,1.);
#6366=VECTOR('',#7799,1.);
#6367=VECTOR('',#7800,1.);
#6368=VECTOR('',#7803,1.);
#6369=VECTOR('',#7804,1.);
#6370=VECTOR('',#7805,1.);
#6371=VECTOR('',#7806,1.);
#6372=VECTOR('',#7811,1.);
#6373=VECTOR('',#7816,1.);
#6374=VECTOR('',#7817,1.);
#6375=VECTOR('',#7818,1.);
#6376=VECTOR('',#7823,1.);
#6377=VECTOR('',#7828,1.);
#6378=VECTOR('',#7829,1.);
#6379=VECTOR('',#7830,1.);
#6380=VECTOR('',#7845,1.);
#6381=VECTOR('',#7846,1.);
#6382=VECTOR('',#7847,1.);
#6383=VECTOR('',#7848,1.);
#6384=VECTOR('',#7849,1.);
#6385=VECTOR('',#7850,1.);
#6386=VECTOR('',#7851,1.);
#6387=VECTOR('',#7852,1.);
#6388=VECTOR('',#7853,1.);
#6389=VECTOR('',#7854,1.);
#6390=VECTOR('',#7855,1.);
#6391=VECTOR('',#7856,1.);
#6392=VECTOR('',#7857,1.);
#6393=VECTOR('',#7858,1.);
#6394=VECTOR('',#7859,1.);
#6395=VECTOR('',#7860,1.);
#6396=VECTOR('',#7861,1.);
#6397=VECTOR('',#7862,1.);
#6398=VECTOR('',#7863,1.);
#6399=VECTOR('',#7864,1.);
#6400=VECTOR('',#7865,1.);
#6401=VECTOR('',#7866,1.);
#6402=VECTOR('',#7867,1.);
#6403=VECTOR('',#7868,1.);
#6404=VECTOR('',#7869,1.);
#6405=VECTOR('',#7870,1.);
#6406=VECTOR('',#7871,1.);
#6407=VECTOR('',#7872,1.);
#6408=VECTOR('',#7873,1.);
#6409=VECTOR('',#7874,1.);
#6410=VECTOR('',#7875,1.);
#6411=VECTOR('',#7876,1.);
#6412=VECTOR('',#7877,1.);
#6413=VECTOR('',#7878,1.);
#6414=VECTOR('',#7879,1.);
#6415=VECTOR('',#7880,1.);
#6416=VECTOR('',#7881,1.);
#6417=VECTOR('',#7882,1.);
#6418=VECTOR('',#7883,1.);
#6419=VECTOR('',#7884,1.);
#6420=VECTOR('',#7885,1.);
#6421=VECTOR('',#7886,1.);
#6422=VECTOR('',#7887,1.);
#6423=VECTOR('',#7888,1.);
#6424=VECTOR('',#7889,1.);
#6425=VECTOR('',#7890,1.);
#6426=VECTOR('',#7891,1.);
#6427=VECTOR('',#7892,1.);
#6428=VECTOR('',#7893,1.);
#6429=VECTOR('',#7894,1.);
#6430=VECTOR('',#7895,1.);
#6431=VECTOR('',#7896,1.);
#6432=VECTOR('',#7897,1.);
#6433=VECTOR('',#7898,1.);
#6434=VECTOR('',#7899,1.);
#6435=VECTOR('',#7900,1.);
#6436=VECTOR('',#7901,1.);
#6437=VECTOR('',#7902,1.);
#6438=VECTOR('',#7903,1.);
#6439=VECTOR('',#7904,1.);
#6440=VECTOR('',#7905,1.);
#6441=VECTOR('',#7906,1.);
#6442=VECTOR('',#7907,1.);
#6443=VECTOR('',#7908,1.);
#6444=VECTOR('',#7909,1.);
#6445=VECTOR('',#7910,1.);
#6446=VECTOR('',#7911,1.);
#6447=VECTOR('',#7912,1.);
#6448=VECTOR('',#7913,1.);
#6449=VECTOR('',#7914,1.);
#6450=VECTOR('',#7915,1.);
#6451=VECTOR('',#7916,1.);
#6452=VECTOR('',#7917,1.);
#6453=VECTOR('',#7918,1.);
#6454=VECTOR('',#7919,1.);
#6455=VECTOR('',#7920,1.);
#6456=VECTOR('',#7921,1.);
#6457=VECTOR('',#7922,1.);
#6458=VECTOR('',#7923,1.);
#6459=VECTOR('',#7924,1.);
#6460=VECTOR('',#7925,1.);
#6461=VECTOR('',#7926,1.);
#6462=VECTOR('',#7927,1.);
#6463=VECTOR('',#7928,1.);
#6464=VECTOR('',#7929,1.);
#6465=VECTOR('',#7930,1.);
#6466=VECTOR('',#7931,1.);
#6467=VECTOR('',#7932,1.);
#6468=VECTOR('',#7933,1.);
#6469=VECTOR('',#7934,1.);
#6470=VECTOR('',#7935,1.);
#6471=VECTOR('',#7936,1.);
#6472=VECTOR('',#7937,1.);
#6473=VECTOR('',#7938,1.);
#6474=VECTOR('',#7939,1.);
#6475=VECTOR('',#7940,1.);
#6476=VECTOR('',#7943,1.);
#6477=VECTOR('',#7944,1.);
#6478=VECTOR('',#7947,1.);
#6479=VECTOR('',#7948,1.);
#6480=VECTOR('',#7949,1.);
#6481=VECTOR('',#7956,1.);
#6482=VECTOR('',#7957,1.);
#6483=VECTOR('',#7958,1.);
#6484=VECTOR('',#7961,1.);
#6485=VECTOR('',#7962,1.);
#6486=VECTOR('',#7963,1.);
#6487=VECTOR('',#7964,1.);
#6488=VECTOR('',#7967,1.);
#6489=VECTOR('',#7968,1.);
#6490=VECTOR('',#7969,1.);
#6491=VECTOR('',#7972,1.);
#6492=VECTOR('',#7973,1.);
#6493=VECTOR('',#7974,1.);
#6494=VECTOR('',#7977,1.);
#6495=VECTOR('',#7978,1.);
#6496=VECTOR('',#7979,1.);
#6497=VECTOR('',#7982,1.);
#6498=VECTOR('',#7983,1.);
#6499=VECTOR('',#7984,1.);
#6500=VECTOR('',#7987,1.);
#6501=VECTOR('',#7988,1.);
#6502=VECTOR('',#7989,1.);
#6503=VECTOR('',#7992,1.);
#6504=VECTOR('',#7993,1.);
#6505=VECTOR('',#7994,1.);
#6506=VECTOR('',#7997,1.);
#6507=VECTOR('',#7998,1.);
#6508=VECTOR('',#7999,1.);
#6509=VECTOR('',#8002,1.);
#6510=VECTOR('',#8003,1.);
#6511=VECTOR('',#8004,1.);
#6512=VECTOR('',#8007,1.);
#6513=VECTOR('',#8008,1.);
#6514=VECTOR('',#8009,1.);
#6515=VECTOR('',#8012,1.);
#6516=VECTOR('',#8013,1.);
#6517=VECTOR('',#8014,1.);
#6518=VECTOR('',#8017,1.);
#6519=VECTOR('',#8018,1.);
#6520=VECTOR('',#8023,1.);
#6521=VECTOR('',#8024,1.);
#6522=VECTOR('',#8027,1.);
#6523=VECTOR('',#8030,1.);
#6524=VECTOR('',#8037,1.);
#6525=VECTOR('',#8038,1.);
#6526=VECTOR('',#8041,1.);
#6527=VECTOR('',#8044,1.);
#6528=VECTOR('',#8047,1.);
#6529=VECTOR('',#8050,1.);
#6530=VECTOR('',#8053,1.);
#6531=VECTOR('',#8056,1.);
#6532=VECTOR('',#8059,1.);
#6533=VECTOR('',#8062,1.);
#6534=VECTOR('',#8065,1.);
#6535=VECTOR('',#8068,1.);
#6536=VECTOR('',#8073,1.);
#6537=VECTOR('',#8076,1.);
#6538=VECTOR('',#8081,1.);
#6539=VECTOR('',#8082,1.);
#6540=VECTOR('',#8085,1.);
#6541=VECTOR('',#8086,1.);
#6542=VECTOR('',#8089,1.);
#6543=VECTOR('',#8092,1.);
#6544=VECTOR('',#8093,1.);
#6545=VECTOR('',#8094,1.);
#6546=VECTOR('',#8097,1.);
#6547=VECTOR('',#8100,1.);
#6548=VECTOR('',#8107,1.);
#6549=VECTOR('',#8108,1.);
#6550=VECTOR('',#8109,1.);
#6551=VECTOR('',#8112,1.);
#6552=VECTOR('',#8113,1.);
#6553=VECTOR('',#8114,1.);
#6554=VECTOR('',#8117,1.);
#6555=VECTOR('',#8118,1.);
#6556=VECTOR('',#8171,1.);
#6557=VECTOR('',#8172,1.);
#6558=VECTOR('',#8173,1.);
#6559=VECTOR('',#8176,1.);
#6560=VECTOR('',#8177,1.);
#6561=VECTOR('',#8178,1.);
#6562=VECTOR('',#8181,1.);
#6563=VECTOR('',#8182,1.);
#6564=VECTOR('',#8183,1.);
#6565=VECTOR('',#8186,1.);
#6566=VECTOR('',#8187,1.);
#6567=VECTOR('',#8188,1.);
#6568=VECTOR('',#8191,1.);
#6569=VECTOR('',#8192,1.);
#6570=VECTOR('',#8193,1.);
#6571=VECTOR('',#8196,1.);
#6572=VECTOR('',#8197,1.);
#6573=VECTOR('',#8198,1.);
#6574=VECTOR('',#8201,1.);
#6575=VECTOR('',#8202,1.);
#6576=VECTOR('',#8203,1.);
#6577=VECTOR('',#8206,1.);
#6578=VECTOR('',#8207,1.);
#6579=VECTOR('',#8208,1.);
#6580=VECTOR('',#8209,1.);
#6581=VECTOR('',#8212,1.);
#6582=VECTOR('',#8213,1.);
#6583=VECTOR('',#8214,1.);
#6584=VECTOR('',#8217,1.);
#6585=VECTOR('',#8218,1.);
#6586=VECTOR('',#8219,1.);
#6587=VECTOR('',#8222,1.);
#6588=VECTOR('',#8223,1.);
#6589=VECTOR('',#8224,1.);
#6590=VECTOR('',#8227,1.);
#6591=VECTOR('',#8228,1.);
#6592=VECTOR('',#8229,1.);
#6593=VECTOR('',#8232,1.);
#6594=VECTOR('',#8233,1.);
#6595=VECTOR('',#8234,1.);
#6596=VECTOR('',#8237,1.);
#6597=VECTOR('',#8238,1.);
#6598=VECTOR('',#8239,1.);
#6599=VECTOR('',#8242,1.);
#6600=VECTOR('',#8243,1.);
#6601=VECTOR('',#8244,1.);
#6602=VECTOR('',#8247,1.);
#6603=VECTOR('',#8248,1.);
#6604=VECTOR('',#8249,1.);
#6605=VECTOR('',#8252,1.);
#6606=VECTOR('',#8253,1.);
#6607=VECTOR('',#8254,1.);
#6608=VECTOR('',#8257,1.);
#6609=VECTOR('',#8258,1.);
#6610=VECTOR('',#8259,1.);
#6611=VECTOR('',#8262,1.);
#6612=VECTOR('',#8263,1.);
#6613=VECTOR('',#8268,1.);
#6614=VECTOR('',#8269,1.);
#6615=VECTOR('',#8270,1.);
#6616=VECTOR('',#8271,1.);
#6617=VECTOR('',#8274,1.);
#6618=VECTOR('',#8275,1.);
#6619=VECTOR('',#8276,1.);
#6620=VECTOR('',#8279,1.);
#6621=VECTOR('',#8280,1.);
#6622=VECTOR('',#8281,1.);
#6623=VECTOR('',#8284,1.);
#6624=VECTOR('',#8285,1.);
#6625=VECTOR('',#8286,1.);
#6626=VECTOR('',#8289,1.);
#6627=VECTOR('',#8290,1.);
#6628=VECTOR('',#8291,1.);
#6629=VECTOR('',#8294,1.);
#6630=VECTOR('',#8295,1.);
#6631=VECTOR('',#8296,1.);
#6632=VECTOR('',#8299,1.);
#6633=VECTOR('',#8300,1.);
#6634=VECTOR('',#8301,1.);
#6635=VECTOR('',#8304,1.);
#6636=VECTOR('',#8305,1.);
#6637=VECTOR('',#8306,1.);
#6638=VECTOR('',#8309,1.);
#6639=VECTOR('',#8310,1.);
#6640=VECTOR('',#8311,1.);
#6641=VECTOR('',#8314,1.);
#6642=VECTOR('',#8315,1.);
#6643=VECTOR('',#8316,1.);
#6644=VECTOR('',#8319,1.);
#6645=VECTOR('',#8320,1.);
#6646=VECTOR('',#8321,1.);
#6647=VECTOR('',#8324,1.);
#6648=VECTOR('',#8325,1.);
#6649=VECTOR('',#8330,1.);
#6650=VECTOR('',#8331,1.);
#6651=VECTOR('',#8332,1.);
#6652=VECTOR('',#8333,1.);
#6653=VECTOR('',#8336,1.);
#6654=VECTOR('',#8337,1.);
#6655=VECTOR('',#8338,1.);
#6656=VECTOR('',#8341,1.);
#6657=VECTOR('',#8342,1.);
#6658=VECTOR('',#8343,1.);
#6659=VECTOR('',#8346,1.);
#6660=VECTOR('',#8347,1.);
#6661=VECTOR('',#8348,1.);
#6662=VECTOR('',#8351,1.);
#6663=VECTOR('',#8352,1.);
#6664=VECTOR('',#8353,1.);
#6665=VECTOR('',#8356,1.);
#6666=VECTOR('',#8357,1.);
#6667=VECTOR('',#8358,1.);
#6668=VECTOR('',#8361,1.);
#6669=VECTOR('',#8362,1.);
#6670=VECTOR('',#8363,1.);
#6671=VECTOR('',#8366,1.);
#6672=VECTOR('',#8367,1.);
#6673=VECTOR('',#8368,1.);
#6674=VECTOR('',#8371,1.);
#6675=VECTOR('',#8372,1.);
#6676=VECTOR('',#8373,1.);
#6677=VECTOR('',#8376,1.);
#6678=VECTOR('',#8377,1.);
#6679=VECTOR('',#8378,1.);
#6680=VECTOR('',#8381,1.);
#6681=VECTOR('',#8382,1.);
#6682=VECTOR('',#8383,1.);
#6683=VECTOR('',#8386,1.);
#6684=VECTOR('',#8387,1.);
#6685=VECTOR('',#8392,1.);
#6686=VECTOR('',#8393,1.);
#6687=VECTOR('',#8394,1.);
#6688=VECTOR('',#8395,1.);
#6689=VECTOR('',#8398,1.);
#6690=VECTOR('',#8399,1.);
#6691=VECTOR('',#8400,1.);
#6692=VECTOR('',#8403,1.);
#6693=VECTOR('',#8404,1.);
#6694=VECTOR('',#8405,1.);
#6695=VECTOR('',#8408,1.);
#6696=VECTOR('',#8409,1.);
#6697=VECTOR('',#8410,1.);
#6698=VECTOR('',#8413,1.);
#6699=VECTOR('',#8414,1.);
#6700=VECTOR('',#8415,1.);
#6701=VECTOR('',#8418,1.);
#6702=VECTOR('',#8419,1.);
#6703=VECTOR('',#8420,1.);
#6704=VECTOR('',#8423,1.);
#6705=VECTOR('',#8424,1.);
#6706=VECTOR('',#8425,1.);
#6707=VECTOR('',#8428,1.);
#6708=VECTOR('',#8429,1.);
#6709=VECTOR('',#8430,1.);
#6710=VECTOR('',#8433,1.);
#6711=VECTOR('',#8434,1.);
#6712=VECTOR('',#8435,1.);
#6713=VECTOR('',#8438,1.);
#6714=VECTOR('',#8439,1.);
#6715=VECTOR('',#8440,1.);
#6716=VECTOR('',#8443,1.);
#6717=VECTOR('',#8444,1.);
#6718=VECTOR('',#8445,1.);
#6719=VECTOR('',#8448,1.);
#6720=VECTOR('',#8449,1.);
#6721=VECTOR('',#8454,1.);
#6722=VECTOR('',#8455,1.);
#6723=VECTOR('',#8456,1.);
#6724=VECTOR('',#8457,1.);
#6725=VECTOR('',#8460,1.);
#6726=VECTOR('',#8461,1.);
#6727=VECTOR('',#8462,1.);
#6728=VECTOR('',#8465,1.);
#6729=VECTOR('',#8466,1.);
#6730=VECTOR('',#8467,1.);
#6731=VECTOR('',#8470,1.);
#6732=VECTOR('',#8471,1.);
#6733=VECTOR('',#8472,1.);
#6734=VECTOR('',#8475,1.);
#6735=VECTOR('',#8476,1.);
#6736=VECTOR('',#8477,1.);
#6737=VECTOR('',#8480,1.);
#6738=VECTOR('',#8481,1.);
#6739=VECTOR('',#8482,1.);
#6740=VECTOR('',#8485,1.);
#6741=VECTOR('',#8486,1.);
#6742=VECTOR('',#8487,1.);
#6743=VECTOR('',#8490,1.);
#6744=VECTOR('',#8491,1.);
#6745=VECTOR('',#8492,1.);
#6746=VECTOR('',#8495,1.);
#6747=VECTOR('',#8496,1.);
#6748=VECTOR('',#8497,1.);
#6749=VECTOR('',#8500,1.);
#6750=VECTOR('',#8501,1.);
#6751=VECTOR('',#8502,1.);
#6752=VECTOR('',#8505,1.);
#6753=VECTOR('',#8506,1.);
#6754=VECTOR('',#8507,1.);
#6755=VECTOR('',#8510,1.);
#6756=VECTOR('',#8511,1.);
#6757=VECTOR('',#8516,1.);
#6758=VECTOR('',#8517,1.);
#6759=VECTOR('',#8518,1.);
#6760=VECTOR('',#8519,1.);
#6761=VECTOR('',#8522,1.);
#6762=VECTOR('',#8523,1.);
#6763=VECTOR('',#8524,1.);
#6764=VECTOR('',#8527,1.);
#6765=VECTOR('',#8528,1.);
#6766=VECTOR('',#8529,1.);
#6767=VECTOR('',#8532,1.);
#6768=VECTOR('',#8533,1.);
#6769=VECTOR('',#8534,1.);
#6770=VECTOR('',#8537,1.);
#6771=VECTOR('',#8538,1.);
#6772=VECTOR('',#8539,1.);
#6773=VECTOR('',#8542,1.);
#6774=VECTOR('',#8543,1.);
#6775=VECTOR('',#8544,1.);
#6776=VECTOR('',#8547,1.);
#6777=VECTOR('',#8548,1.);
#6778=VECTOR('',#8549,1.);
#6779=VECTOR('',#8552,1.);
#6780=VECTOR('',#8553,1.);
#6781=VECTOR('',#8554,1.);
#6782=VECTOR('',#8557,1.);
#6783=VECTOR('',#8558,1.);
#6784=VECTOR('',#8559,1.);
#6785=VECTOR('',#8562,1.);
#6786=VECTOR('',#8563,1.);
#6787=VECTOR('',#8564,1.);
#6788=VECTOR('',#8567,1.);
#6789=VECTOR('',#8568,1.);
#6790=VECTOR('',#8569,1.);
#6791=VECTOR('',#8572,1.);
#6792=VECTOR('',#8573,1.);
#6793=VECTOR('',#8578,1.);
#6794=VECTOR('',#8579,1.);
#6795=VECTOR('',#8580,1.);
#6796=VECTOR('',#8581,1.);
#6797=VECTOR('',#8584,1.);
#6798=VECTOR('',#8585,1.);
#6799=VECTOR('',#8586,1.);
#6800=VECTOR('',#8589,1.);
#6801=VECTOR('',#8590,1.);
#6802=VECTOR('',#8591,1.);
#6803=VECTOR('',#8594,1.);
#6804=VECTOR('',#8595,1.);
#6805=VECTOR('',#8596,1.);
#6806=VECTOR('',#8599,1.);
#6807=VECTOR('',#8600,1.);
#6808=VECTOR('',#8601,1.);
#6809=VECTOR('',#8604,1.);
#6810=VECTOR('',#8605,1.);
#6811=VECTOR('',#8606,1.);
#6812=VECTOR('',#8609,1.);
#6813=VECTOR('',#8610,1.);
#6814=VECTOR('',#8611,1.);
#6815=VECTOR('',#8614,1.);
#6816=VECTOR('',#8615,1.);
#6817=VECTOR('',#8616,1.);
#6818=VECTOR('',#8619,1.);
#6819=VECTOR('',#8620,1.);
#6820=VECTOR('',#8621,1.);
#6821=VECTOR('',#8624,1.);
#6822=VECTOR('',#8625,1.);
#6823=VECTOR('',#8626,1.);
#6824=VECTOR('',#8629,1.);
#6825=VECTOR('',#8630,1.);
#6826=VECTOR('',#8631,1.);
#6827=VECTOR('',#8634,1.);
#6828=VECTOR('',#8635,1.);
#6829=VECTOR('',#8640,1.);
#6830=VECTOR('',#8641,1.);
#6831=VECTOR('',#8644,1.);
#6832=VECTOR('',#8647,1.);
#6833=VECTOR('',#8654,1.);
#6834=VECTOR('',#8655,1.);
#6835=VECTOR('',#8658,1.);
#6836=VECTOR('',#8661,1.);
#6837=VECTOR('',#8668,1.);
#6838=VECTOR('',#8669,1.);
#6839=VECTOR('',#8672,1.);
#6840=VECTOR('',#8675,1.);
#6841=VECTOR('',#8682,1.);
#6842=VECTOR('',#8683,1.);
#6843=VECTOR('',#8686,1.);
#6844=VECTOR('',#8689,1.);
#6845=VECTOR('',#8696,1.);
#6846=VECTOR('',#8697,1.);
#6847=VECTOR('',#8700,1.);
#6848=VECTOR('',#8703,1.);
#6849=VECTOR('',#8710,1.);
#6850=VECTOR('',#8711,1.);
#6851=VECTOR('',#8714,1.);
#6852=VECTOR('',#8717,1.);
#6853=VECTOR('',#8724,1.);
#6854=VECTOR('',#8725,1.);
#6855=VECTOR('',#8728,1.);
#6856=VECTOR('',#8731,1.);
#6857=VECTOR('',#8738,1.);
#6858=VECTOR('',#8739,1.);
#6859=VECTOR('',#8742,1.);
#6860=VECTOR('',#8745,1.);
#6861=VECTOR('',#8748,1.);
#6862=VECTOR('',#8751,1.);
#6863=VECTOR('',#8754,1.);
#6864=VECTOR('',#8757,1.);
#6865=VECTOR('',#8760,1.);
#6866=VECTOR('',#8763,1.);
#6867=VECTOR('',#8766,1.);
#6868=VECTOR('',#8769,1.);
#6869=VECTOR('',#8774,1.);
#6870=VECTOR('',#8775,1.);
#6871=VECTOR('',#8778,1.);
#6872=VECTOR('',#8781,1.);
#6873=VECTOR('',#8784,1.);
#6874=VECTOR('',#8787,1.);
#6875=VECTOR('',#8790,1.);
#6876=VECTOR('',#8793,1.);
#6877=VECTOR('',#8796,1.);
#6878=VECTOR('',#8799,1.);
#6879=VECTOR('',#8802,1.);
#6880=VECTOR('',#8805,1.);
#6881=VECTOR('',#8810,1.);
#6882=VECTOR('',#8811,1.);
#6883=VECTOR('',#8814,1.);
#6884=VECTOR('',#8817,1.);
#6885=VECTOR('',#8820,1.);
#6886=VECTOR('',#8823,1.);
#6887=VECTOR('',#8826,1.);
#6888=VECTOR('',#8829,1.);
#6889=VECTOR('',#8832,1.);
#6890=VECTOR('',#8835,1.);
#6891=VECTOR('',#8838,1.);
#6892=VECTOR('',#8841,1.);
#6893=VECTOR('',#8846,1.);
#6894=VECTOR('',#8847,1.);
#6895=VECTOR('',#8850,1.);
#6896=VECTOR('',#8853,1.);
#6897=VECTOR('',#8856,1.);
#6898=VECTOR('',#8859,1.);
#6899=VECTOR('',#8862,1.);
#6900=VECTOR('',#8865,1.);
#6901=VECTOR('',#8868,1.);
#6902=VECTOR('',#8871,1.);
#6903=VECTOR('',#8874,1.);
#6904=VECTOR('',#8877,1.);
#6905=VECTOR('',#8882,1.);
#6906=VECTOR('',#8883,1.);
#6907=VECTOR('',#8886,1.);
#6908=VECTOR('',#8889,1.);
#6909=VECTOR('',#8892,1.);
#6910=VECTOR('',#8895,1.);
#6911=VECTOR('',#8898,1.);
#6912=VECTOR('',#8901,1.);
#6913=VECTOR('',#8904,1.);
#6914=VECTOR('',#8907,1.);
#6915=VECTOR('',#8910,1.);
#6916=VECTOR('',#8913,1.);
#6917=VECTOR('',#8918,1.);
#6918=VECTOR('',#8919,1.);
#6919=VECTOR('',#8922,1.);
#6920=VECTOR('',#8925,1.);
#6921=VECTOR('',#8928,1.);
#6922=VECTOR('',#8931,1.);
#6923=VECTOR('',#8934,1.);
#6924=VECTOR('',#8937,1.);
#6925=VECTOR('',#8940,1.);
#6926=VECTOR('',#8943,1.);
#6927=VECTOR('',#8946,1.);
#6928=VECTOR('',#8949,1.);
#6929=VECTOR('',#8954,1.);
#6930=VECTOR('',#8955,1.);
#6931=VECTOR('',#8958,1.);
#6932=VECTOR('',#8961,1.);
#6933=VECTOR('',#8964,1.);
#6934=VECTOR('',#8967,1.);
#6935=VECTOR('',#8970,1.);
#6936=VECTOR('',#8973,1.);
#6937=VECTOR('',#8976,1.);
#6938=VECTOR('',#8979,1.);
#6939=VECTOR('',#8982,1.);
#6940=VECTOR('',#8985,1.);
#6941=VECTOR('',#8990,1.);
#6942=VECTOR('',#8993,1.);
#6943=VECTOR('',#8998,1.);
#6944=VECTOR('',#9001,1.);
#6945=VECTOR('',#9006,1.);
#6946=VECTOR('',#9009,1.);
#6947=VECTOR('',#9014,1.);
#6948=VECTOR('',#9017,1.);
#6949=VECTOR('',#9022,1.);
#6950=VECTOR('',#9025,1.);
#6951=VECTOR('',#9030,1.);
#6952=VECTOR('',#9033,1.);
#6953=VECTOR('',#9038,1.);
#6954=VECTOR('',#9041,1.);
#6955=VECTOR('',#9046,1.);
#6956=VECTOR('',#9047,1.);
#6957=VECTOR('',#9048,1.);
#6958=VECTOR('',#9051,1.);
#6959=VECTOR('',#9052,1.);
#6960=VECTOR('',#9053,1.);
#6961=VECTOR('',#9056,1.);
#6962=VECTOR('',#9057,1.);
#6963=AXIS2_PLACEMENT_3D('',#9064,#7345,#7346);
#6964=AXIS2_PLACEMENT_3D('',#9153,#7391,#7392);
#6965=AXIS2_PLACEMENT_3D('',#9258,#7445,#7446);
#6966=AXIS2_PLACEMENT_3D('',#9264,#7450,#7451);
#6967=AXIS2_PLACEMENT_3D('',#9270,#7455,#7456);
#6968=AXIS2_PLACEMENT_3D('',#9276,#7460,#7461);
#6969=AXIS2_PLACEMENT_3D('',#9282,#7465,#7466);
#6970=AXIS2_PLACEMENT_3D('',#9288,#7470,#7471);
#6971=AXIS2_PLACEMENT_3D('',#9294,#7475,#7476);
#6972=AXIS2_PLACEMENT_3D('',#9300,#7480,#7481);
#6973=AXIS2_PLACEMENT_3D('',#9306,#7485,#7486);
#6974=AXIS2_PLACEMENT_3D('',#9349,#7513,#7514);
#6975=AXIS2_PLACEMENT_3D('',#9430,#7555,#7556);
#6976=AXIS2_PLACEMENT_3D('',#9439,#7561,#7562);
#6977=AXIS2_PLACEMENT_3D('',#9445,#7566,#7567);
#6978=AXIS2_PLACEMENT_3D('',#9448,#7570,#7571);
#6979=AXIS2_PLACEMENT_3D('',#9457,#7576,#7577);
#6980=AXIS2_PLACEMENT_3D('',#9463,#7581,#7582);
#6981=AXIS2_PLACEMENT_3D('',#9466,#7585,#7586);
#6982=AXIS2_PLACEMENT_3D('',#9475,#7591,#7592);
#6983=AXIS2_PLACEMENT_3D('',#9481,#7596,#7597);
#6984=AXIS2_PLACEMENT_3D('',#9484,#7600,#7601);
#6985=AXIS2_PLACEMENT_3D('',#9493,#7606,#7607);
#6986=AXIS2_PLACEMENT_3D('',#9499,#7611,#7612);
#6987=AXIS2_PLACEMENT_3D('',#9502,#7615,#7616);
#6988=AXIS2_PLACEMENT_3D('',#9511,#7621,#7622);
#6989=AXIS2_PLACEMENT_3D('',#9517,#7626,#7627);
#6990=AXIS2_PLACEMENT_3D('',#9520,#7630,#7631);
#6991=AXIS2_PLACEMENT_3D('',#9529,#7636,#7637);
#6992=AXIS2_PLACEMENT_3D('',#9535,#7641,#7642);
#6993=AXIS2_PLACEMENT_3D('',#9538,#7645,#7646);
#6994=AXIS2_PLACEMENT_3D('',#9547,#7651,#7652);
#6995=AXIS2_PLACEMENT_3D('',#9553,#7656,#7657);
#6996=AXIS2_PLACEMENT_3D('',#9556,#7660,#7661);
#6997=AXIS2_PLACEMENT_3D('',#9680,#7731,#7732);
#6998=AXIS2_PLACEMENT_3D('',#9683,#7735,#7736);
#6999=AXIS2_PLACEMENT_3D('',#9686,#7739,#7740);
#7000=AXIS2_PLACEMENT_3D('',#9689,#7743,#7744);
#7001=AXIS2_PLACEMENT_3D('',#9692,#7747,#7748);
#7002=AXIS2_PLACEMENT_3D('',#9695,#7751,#7752);
#7003=AXIS2_PLACEMENT_3D('',#9698,#7755,#7756);
#7004=AXIS2_PLACEMENT_3D('',#9701,#7759,#7760);
#7005=AXIS2_PLACEMENT_3D('',#9725,#7774,#7775);
#7006=AXIS2_PLACEMENT_3D('',#9731,#7779,#7780);
#7007=AXIS2_PLACEMENT_3D('',#9734,#7783,#7784);
#7008=AXIS2_PLACEMENT_3D('',#9740,#7788,#7789);
#7009=AXIS2_PLACEMENT_3D('',#9746,#7793,#7794);
#7010=AXIS2_PLACEMENT_3D('',#9749,#7797,#7798);
#7011=AXIS2_PLACEMENT_3D('',#9752,#7801,#7802);
#7012=AXIS2_PLACEMENT_3D('',#9761,#7807,#7808);
#7013=AXIS2_PLACEMENT_3D('',#9762,#7809,#7810);
#7014=AXIS2_PLACEMENT_3D('',#9766,#7812,#7813);
#7015=AXIS2_PLACEMENT_3D('',#9767,#7814,#7815);
#7016=AXIS2_PLACEMENT_3D('',#9773,#7819,#7820);
#7017=AXIS2_PLACEMENT_3D('',#9774,#7821,#7822);
#7018=AXIS2_PLACEMENT_3D('',#9778,#7824,#7825);
#7019=AXIS2_PLACEMENT_3D('',#9779,#7826,#7827);
#7020=AXIS2_PLACEMENT_3D('',#9785,#7831,#7832);
#7021=AXIS2_PLACEMENT_3D('',#9786,#7833,#7834);
#7022=AXIS2_PLACEMENT_3D('',#9787,#7835,#7836);
#7023=AXIS2_PLACEMENT_3D('',#9788,#7837,#7838);
#7024=AXIS2_PLACEMENT_3D('',#9789,#7839,#7840);
#7025=AXIS2_PLACEMENT_3D('',#9790,#7841,#7842);
#7026=AXIS2_PLACEMENT_3D('',#9791,#7843,#7844);
#7027=AXIS2_PLACEMENT_3D('',#9984,#7941,#7942);
#7028=AXIS2_PLACEMENT_3D('',#9987,#7945,#7946);
#7029=AXIS2_PLACEMENT_3D('',#9993,#7950,#7951);
#7030=AXIS2_PLACEMENT_3D('',#9994,#7952,#7953);
#7031=AXIS2_PLACEMENT_3D('',#9995,#7954,#7955);
#7032=AXIS2_PLACEMENT_3D('',#10001,#7959,#7960);
#7033=AXIS2_PLACEMENT_3D('',#10010,#7965,#7966);
#7034=AXIS2_PLACEMENT_3D('',#10016,#7970,#7971);
#7035=AXIS2_PLACEMENT_3D('',#10022,#7975,#7976);
#7036=AXIS2_PLACEMENT_3D('',#10028,#7980,#7981);
#7037=AXIS2_PLACEMENT_3D('',#10034,#7985,#7986);
#7038=AXIS2_PLACEMENT_3D('',#10040,#7990,#7991);
#7039=AXIS2_PLACEMENT_3D('',#10046,#7995,#7996);
#7040=AXIS2_PLACEMENT_3D('',#10052,#8000,#8001);
#7041=AXIS2_PLACEMENT_3D('',#10058,#8005,#8006);
#7042=AXIS2_PLACEMENT_3D('',#10064,#8010,#8011);
#7043=AXIS2_PLACEMENT_3D('',#10070,#8015,#8016);
#7044=AXIS2_PLACEMENT_3D('',#10073,#8019,#8020);
#7045=AXIS2_PLACEMENT_3D('',#10074,#8021,#8022);
#7046=AXIS2_PLACEMENT_3D('',#10077,#8025,#8026);
#7047=AXIS2_PLACEMENT_3D('',#10079,#8028,#8029);
#7048=AXIS2_PLACEMENT_3D('',#10081,#8031,#8032);
#7049=AXIS2_PLACEMENT_3D('',#10082,#8033,#8034);
#7050=AXIS2_PLACEMENT_3D('',#10083,#8035,#8036);
#7051=AXIS2_PLACEMENT_3D('',#10086,#8039,#8040);
#7052=AXIS2_PLACEMENT_3D('',#10088,#8042,#8043);
#7053=AXIS2_PLACEMENT_3D('',#10090,#8045,#8046);
#7054=AXIS2_PLACEMENT_3D('',#10092,#8048,#8049);
#7055=AXIS2_PLACEMENT_3D('',#10094,#8051,#8052);
#7056=AXIS2_PLACEMENT_3D('',#10096,#8054,#8055);
#7057=AXIS2_PLACEMENT_3D('',#10098,#8057,#8058);
#7058=AXIS2_PLACEMENT_3D('',#10100,#8060,#8061);
#7059=AXIS2_PLACEMENT_3D('',#10102,#8063,#8064);
#7060=AXIS2_PLACEMENT_3D('',#10104,#8066,#8067);
#7061=AXIS2_PLACEMENT_3D('',#10106,#8069,#8070);
#7062=AXIS2_PLACEMENT_3D('',#10107,#8071,#8072);
#7063=AXIS2_PLACEMENT_3D('',#10109,#8074,#8075);
#7064=AXIS2_PLACEMENT_3D('',#10111,#8077,#8078);
#7065=AXIS2_PLACEMENT_3D('',#10112,#8079,#8080);
#7066=AXIS2_PLACEMENT_3D('',#10116,#8083,#8084);
#7067=AXIS2_PLACEMENT_3D('',#10120,#8087,#8088);
#7068=AXIS2_PLACEMENT_3D('',#10122,#8090,#8091);
#7069=AXIS2_PLACEMENT_3D('',#10128,#8095,#8096);
#7070=AXIS2_PLACEMENT_3D('',#10130,#8098,#8099);
#7071=AXIS2_PLACEMENT_3D('',#10132,#8101,#8102);
#7072=AXIS2_PLACEMENT_3D('',#10133,#8103,#8104);
#7073=AXIS2_PLACEMENT_3D('',#10134,#8105,#8106);
#7074=AXIS2_PLACEMENT_3D('',#10140,#8110,#8111);
#7075=AXIS2_PLACEMENT_3D('',#10146,#8115,#8116);
#7076=AXIS2_PLACEMENT_3D('',#10149,#8119,#8120);
#7077=AXIS2_PLACEMENT_3D('',#10150,#8121,#8122);
#7078=AXIS2_PLACEMENT_3D('',#10151,#8123,#8124);
#7079=AXIS2_PLACEMENT_3D('',#10152,#8125,#8126);
#7080=AXIS2_PLACEMENT_3D('',#10153,#8127,#8128);
#7081=AXIS2_PLACEMENT_3D('',#10154,#8129,#8130);
#7082=AXIS2_PLACEMENT_3D('',#10155,#8131,#8132);
#7083=AXIS2_PLACEMENT_3D('',#10156,#8133,#8134);
#7084=AXIS2_PLACEMENT_3D('',#10157,#8135,#8136);
#7085=AXIS2_PLACEMENT_3D('',#10158,#8137,#8138);
#7086=AXIS2_PLACEMENT_3D('',#10159,#8139,#8140);
#7087=AXIS2_PLACEMENT_3D('',#10160,#8141,#8142);
#7088=AXIS2_PLACEMENT_3D('',#10161,#8143,#8144);
#7089=AXIS2_PLACEMENT_3D('',#10162,#8145,#8146);
#7090=AXIS2_PLACEMENT_3D('',#10163,#8147,#8148);
#7091=AXIS2_PLACEMENT_3D('',#10164,#8149,#8150);
#7092=AXIS2_PLACEMENT_3D('',#10165,#8151,#8152);
#7093=AXIS2_PLACEMENT_3D('',#10166,#8153,#8154);
#7094=AXIS2_PLACEMENT_3D('',#10167,#8155,#8156);
#7095=AXIS2_PLACEMENT_3D('',#10168,#8157,#8158);
#7096=AXIS2_PLACEMENT_3D('',#10169,#8159,#8160);
#7097=AXIS2_PLACEMENT_3D('',#10170,#8161,#8162);
#7098=AXIS2_PLACEMENT_3D('',#10171,#8163,#8164);
#7099=AXIS2_PLACEMENT_3D('',#10172,#8165,#8166);
#7100=AXIS2_PLACEMENT_3D('',#10173,#8167,#8168);
#7101=AXIS2_PLACEMENT_3D('',#10174,#8169,#8170);
#7102=AXIS2_PLACEMENT_3D('',#10180,#8174,#8175);
#7103=AXIS2_PLACEMENT_3D('',#10186,#8179,#8180);
#7104=AXIS2_PLACEMENT_3D('',#10192,#8184,#8185);
#7105=AXIS2_PLACEMENT_3D('',#10198,#8189,#8190);
#7106=AXIS2_PLACEMENT_3D('',#10204,#8194,#8195);
#7107=AXIS2_PLACEMENT_3D('',#10210,#8199,#8200);
#7108=AXIS2_PLACEMENT_3D('',#10216,#8204,#8205);
#7109=AXIS2_PLACEMENT_3D('',#10225,#8210,#8211);
#7110=AXIS2_PLACEMENT_3D('',#10231,#8215,#8216);
#7111=AXIS2_PLACEMENT_3D('',#10237,#8220,#8221);
#7112=AXIS2_PLACEMENT_3D('',#10243,#8225,#8226);
#7113=AXIS2_PLACEMENT_3D('',#10249,#8230,#8231);
#7114=AXIS2_PLACEMENT_3D('',#10255,#8235,#8236);
#7115=AXIS2_PLACEMENT_3D('',#10261,#8240,#8241);
#7116=AXIS2_PLACEMENT_3D('',#10267,#8245,#8246);
#7117=AXIS2_PLACEMENT_3D('',#10273,#8250,#8251);
#7118=AXIS2_PLACEMENT_3D('',#10279,#8255,#8256);
#7119=AXIS2_PLACEMENT_3D('',#10285,#8260,#8261);
#7120=AXIS2_PLACEMENT_3D('',#10288,#8264,#8265);
#7121=AXIS2_PLACEMENT_3D('',#10289,#8266,#8267);
#7122=AXIS2_PLACEMENT_3D('',#10298,#8272,#8273);
#7123=AXIS2_PLACEMENT_3D('',#10304,#8277,#8278);
#7124=AXIS2_PLACEMENT_3D('',#10310,#8282,#8283);
#7125=AXIS2_PLACEMENT_3D('',#10316,#8287,#8288);
#7126=AXIS2_PLACEMENT_3D('',#10322,#8292,#8293);
#7127=AXIS2_PLACEMENT_3D('',#10328,#8297,#8298);
#7128=AXIS2_PLACEMENT_3D('',#10334,#8302,#8303);
#7129=AXIS2_PLACEMENT_3D('',#10340,#8307,#8308);
#7130=AXIS2_PLACEMENT_3D('',#10346,#8312,#8313);
#7131=AXIS2_PLACEMENT_3D('',#10352,#8317,#8318);
#7132=AXIS2_PLACEMENT_3D('',#10358,#8322,#8323);
#7133=AXIS2_PLACEMENT_3D('',#10361,#8326,#8327);
#7134=AXIS2_PLACEMENT_3D('',#10362,#8328,#8329);
#7135=AXIS2_PLACEMENT_3D('',#10371,#8334,#8335);
#7136=AXIS2_PLACEMENT_3D('',#10377,#8339,#8340);
#7137=AXIS2_PLACEMENT_3D('',#10383,#8344,#8345);
#7138=AXIS2_PLACEMENT_3D('',#10389,#8349,#8350);
#7139=AXIS2_PLACEMENT_3D('',#10395,#8354,#8355);
#7140=AXIS2_PLACEMENT_3D('',#10401,#8359,#8360);
#7141=AXIS2_PLACEMENT_3D('',#10407,#8364,#8365);
#7142=AXIS2_PLACEMENT_3D('',#10413,#8369,#8370);
#7143=AXIS2_PLACEMENT_3D('',#10419,#8374,#8375);
#7144=AXIS2_PLACEMENT_3D('',#10425,#8379,#8380);
#7145=AXIS2_PLACEMENT_3D('',#10431,#8384,#8385);
#7146=AXIS2_PLACEMENT_3D('',#10434,#8388,#8389);
#7147=AXIS2_PLACEMENT_3D('',#10435,#8390,#8391);
#7148=AXIS2_PLACEMENT_3D('',#10444,#8396,#8397);
#7149=AXIS2_PLACEMENT_3D('',#10450,#8401,#8402);
#7150=AXIS2_PLACEMENT_3D('',#10456,#8406,#8407);
#7151=AXIS2_PLACEMENT_3D('',#10462,#8411,#8412);
#7152=AXIS2_PLACEMENT_3D('',#10468,#8416,#8417);
#7153=AXIS2_PLACEMENT_3D('',#10474,#8421,#8422);
#7154=AXIS2_PLACEMENT_3D('',#10480,#8426,#8427);
#7155=AXIS2_PLACEMENT_3D('',#10486,#8431,#8432);
#7156=AXIS2_PLACEMENT_3D('',#10492,#8436,#8437);
#7157=AXIS2_PLACEMENT_3D('',#10498,#8441,#8442);
#7158=AXIS2_PLACEMENT_3D('',#10504,#8446,#8447);
#7159=AXIS2_PLACEMENT_3D('',#10507,#8450,#8451);
#7160=AXIS2_PLACEMENT_3D('',#10508,#8452,#8453);
#7161=AXIS2_PLACEMENT_3D('',#10517,#8458,#8459);
#7162=AXIS2_PLACEMENT_3D('',#10523,#8463,#8464);
#7163=AXIS2_PLACEMENT_3D('',#10529,#8468,#8469);
#7164=AXIS2_PLACEMENT_3D('',#10535,#8473,#8474);
#7165=AXIS2_PLACEMENT_3D('',#10541,#8478,#8479);
#7166=AXIS2_PLACEMENT_3D('',#10547,#8483,#8484);
#7167=AXIS2_PLACEMENT_3D('',#10553,#8488,#8489);
#7168=AXIS2_PLACEMENT_3D('',#10559,#8493,#8494);
#7169=AXIS2_PLACEMENT_3D('',#10565,#8498,#8499);
#7170=AXIS2_PLACEMENT_3D('',#10571,#8503,#8504);
#7171=AXIS2_PLACEMENT_3D('',#10577,#8508,#8509);
#7172=AXIS2_PLACEMENT_3D('',#10580,#8512,#8513);
#7173=AXIS2_PLACEMENT_3D('',#10581,#8514,#8515);
#7174=AXIS2_PLACEMENT_3D('',#10590,#8520,#8521);
#7175=AXIS2_PLACEMENT_3D('',#10596,#8525,#8526);
#7176=AXIS2_PLACEMENT_3D('',#10602,#8530,#8531);
#7177=AXIS2_PLACEMENT_3D('',#10608,#8535,#8536);
#7178=AXIS2_PLACEMENT_3D('',#10614,#8540,#8541);
#7179=AXIS2_PLACEMENT_3D('',#10620,#8545,#8546);
#7180=AXIS2_PLACEMENT_3D('',#10626,#8550,#8551);
#7181=AXIS2_PLACEMENT_3D('',#10632,#8555,#8556);
#7182=AXIS2_PLACEMENT_3D('',#10638,#8560,#8561);
#7183=AXIS2_PLACEMENT_3D('',#10644,#8565,#8566);
#7184=AXIS2_PLACEMENT_3D('',#10650,#8570,#8571);
#7185=AXIS2_PLACEMENT_3D('',#10653,#8574,#8575);
#7186=AXIS2_PLACEMENT_3D('',#10654,#8576,#8577);
#7187=AXIS2_PLACEMENT_3D('',#10663,#8582,#8583);
#7188=AXIS2_PLACEMENT_3D('',#10669,#8587,#8588);
#7189=AXIS2_PLACEMENT_3D('',#10675,#8592,#8593);
#7190=AXIS2_PLACEMENT_3D('',#10681,#8597,#8598);
#7191=AXIS2_PLACEMENT_3D('',#10687,#8602,#8603);
#7192=AXIS2_PLACEMENT_3D('',#10693,#8607,#8608);
#7193=AXIS2_PLACEMENT_3D('',#10699,#8612,#8613);
#7194=AXIS2_PLACEMENT_3D('',#10705,#8617,#8618);
#7195=AXIS2_PLACEMENT_3D('',#10711,#8622,#8623);
#7196=AXIS2_PLACEMENT_3D('',#10717,#8627,#8628);
#7197=AXIS2_PLACEMENT_3D('',#10723,#8632,#8633);
#7198=AXIS2_PLACEMENT_3D('',#10726,#8636,#8637);
#7199=AXIS2_PLACEMENT_3D('',#10727,#8638,#8639);
#7200=AXIS2_PLACEMENT_3D('',#10730,#8642,#8643);
#7201=AXIS2_PLACEMENT_3D('',#10732,#8645,#8646);
#7202=AXIS2_PLACEMENT_3D('',#10734,#8648,#8649);
#7203=AXIS2_PLACEMENT_3D('',#10735,#8650,#8651);
#7204=AXIS2_PLACEMENT_3D('',#10736,#8652,#8653);
#7205=AXIS2_PLACEMENT_3D('',#10739,#8656,#8657);
#7206=AXIS2_PLACEMENT_3D('',#10741,#8659,#8660);
#7207=AXIS2_PLACEMENT_3D('',#10743,#8662,#8663);
#7208=AXIS2_PLACEMENT_3D('',#10744,#8664,#8665);
#7209=AXIS2_PLACEMENT_3D('',#10745,#8666,#8667);
#7210=AXIS2_PLACEMENT_3D('',#10748,#8670,#8671);
#7211=AXIS2_PLACEMENT_3D('',#10750,#8673,#8674);
#7212=AXIS2_PLACEMENT_3D('',#10752,#8676,#8677);
#7213=AXIS2_PLACEMENT_3D('',#10753,#8678,#8679);
#7214=AXIS2_PLACEMENT_3D('',#10754,#8680,#8681);
#7215=AXIS2_PLACEMENT_3D('',#10757,#8684,#8685);
#7216=AXIS2_PLACEMENT_3D('',#10759,#8687,#8688);
#7217=AXIS2_PLACEMENT_3D('',#10761,#8690,#8691);
#7218=AXIS2_PLACEMENT_3D('',#10762,#8692,#8693);
#7219=AXIS2_PLACEMENT_3D('',#10763,#8694,#8695);
#7220=AXIS2_PLACEMENT_3D('',#10766,#8698,#8699);
#7221=AXIS2_PLACEMENT_3D('',#10768,#8701,#8702);
#7222=AXIS2_PLACEMENT_3D('',#10770,#8704,#8705);
#7223=AXIS2_PLACEMENT_3D('',#10771,#8706,#8707);
#7224=AXIS2_PLACEMENT_3D('',#10772,#8708,#8709);
#7225=AXIS2_PLACEMENT_3D('',#10775,#8712,#8713);
#7226=AXIS2_PLACEMENT_3D('',#10777,#8715,#8716);
#7227=AXIS2_PLACEMENT_3D('',#10779,#8718,#8719);
#7228=AXIS2_PLACEMENT_3D('',#10780,#8720,#8721);
#7229=AXIS2_PLACEMENT_3D('',#10781,#8722,#8723);
#7230=AXIS2_PLACEMENT_3D('',#10784,#8726,#8727);
#7231=AXIS2_PLACEMENT_3D('',#10786,#8729,#8730);
#7232=AXIS2_PLACEMENT_3D('',#10788,#8732,#8733);
#7233=AXIS2_PLACEMENT_3D('',#10789,#8734,#8735);
#7234=AXIS2_PLACEMENT_3D('',#10790,#8736,#8737);
#7235=AXIS2_PLACEMENT_3D('',#10793,#8740,#8741);
#7236=AXIS2_PLACEMENT_3D('',#10795,#8743,#8744);
#7237=AXIS2_PLACEMENT_3D('',#10797,#8746,#8747);
#7238=AXIS2_PLACEMENT_3D('',#10799,#8749,#8750);
#7239=AXIS2_PLACEMENT_3D('',#10801,#8752,#8753);
#7240=AXIS2_PLACEMENT_3D('',#10803,#8755,#8756);
#7241=AXIS2_PLACEMENT_3D('',#10805,#8758,#8759);
#7242=AXIS2_PLACEMENT_3D('',#10807,#8761,#8762);
#7243=AXIS2_PLACEMENT_3D('',#10809,#8764,#8765);
#7244=AXIS2_PLACEMENT_3D('',#10811,#8767,#8768);
#7245=AXIS2_PLACEMENT_3D('',#10813,#8770,#8771);
#7246=AXIS2_PLACEMENT_3D('',#10814,#8772,#8773);
#7247=AXIS2_PLACEMENT_3D('',#10817,#8776,#8777);
#7248=AXIS2_PLACEMENT_3D('',#10819,#8779,#8780);
#7249=AXIS2_PLACEMENT_3D('',#10821,#8782,#8783);
#7250=AXIS2_PLACEMENT_3D('',#10823,#8785,#8786);
#7251=AXIS2_PLACEMENT_3D('',#10825,#8788,#8789);
#7252=AXIS2_PLACEMENT_3D('',#10827,#8791,#8792);
#7253=AXIS2_PLACEMENT_3D('',#10829,#8794,#8795);
#7254=AXIS2_PLACEMENT_3D('',#10831,#8797,#8798);
#7255=AXIS2_PLACEMENT_3D('',#10833,#8800,#8801);
#7256=AXIS2_PLACEMENT_3D('',#10835,#8803,#8804);
#7257=AXIS2_PLACEMENT_3D('',#10837,#8806,#8807);
#7258=AXIS2_PLACEMENT_3D('',#10838,#8808,#8809);
#7259=AXIS2_PLACEMENT_3D('',#10841,#8812,#8813);
#7260=AXIS2_PLACEMENT_3D('',#10843,#8815,#8816);
#7261=AXIS2_PLACEMENT_3D('',#10845,#8818,#8819);
#7262=AXIS2_PLACEMENT_3D('',#10847,#8821,#8822);
#7263=AXIS2_PLACEMENT_3D('',#10849,#8824,#8825);
#7264=AXIS2_PLACEMENT_3D('',#10851,#8827,#8828);
#7265=AXIS2_PLACEMENT_3D('',#10853,#8830,#8831);
#7266=AXIS2_PLACEMENT_3D('',#10855,#8833,#8834);
#7267=AXIS2_PLACEMENT_3D('',#10857,#8836,#8837);
#7268=AXIS2_PLACEMENT_3D('',#10859,#8839,#8840);
#7269=AXIS2_PLACEMENT_3D('',#10861,#8842,#8843);
#7270=AXIS2_PLACEMENT_3D('',#10862,#8844,#8845);
#7271=AXIS2_PLACEMENT_3D('',#10865,#8848,#8849);
#7272=AXIS2_PLACEMENT_3D('',#10867,#8851,#8852);
#7273=AXIS2_PLACEMENT_3D('',#10869,#8854,#8855);
#7274=AXIS2_PLACEMENT_3D('',#10871,#8857,#8858);
#7275=AXIS2_PLACEMENT_3D('',#10873,#8860,#8861);
#7276=AXIS2_PLACEMENT_3D('',#10875,#8863,#8864);
#7277=AXIS2_PLACEMENT_3D('',#10877,#8866,#8867);
#7278=AXIS2_PLACEMENT_3D('',#10879,#8869,#8870);
#7279=AXIS2_PLACEMENT_3D('',#10881,#8872,#8873);
#7280=AXIS2_PLACEMENT_3D('',#10883,#8875,#8876);
#7281=AXIS2_PLACEMENT_3D('',#10885,#8878,#8879);
#7282=AXIS2_PLACEMENT_3D('',#10886,#8880,#8881);
#7283=AXIS2_PLACEMENT_3D('',#10889,#8884,#8885);
#7284=AXIS2_PLACEMENT_3D('',#10891,#8887,#8888);
#7285=AXIS2_PLACEMENT_3D('',#10893,#8890,#8891);
#7286=AXIS2_PLACEMENT_3D('',#10895,#8893,#8894);
#7287=AXIS2_PLACEMENT_3D('',#10897,#8896,#8897);
#7288=AXIS2_PLACEMENT_3D('',#10899,#8899,#8900);
#7289=AXIS2_PLACEMENT_3D('',#10901,#8902,#8903);
#7290=AXIS2_PLACEMENT_3D('',#10903,#8905,#8906);
#7291=AXIS2_PLACEMENT_3D('',#10905,#8908,#8909);
#7292=AXIS2_PLACEMENT_3D('',#10907,#8911,#8912);
#7293=AXIS2_PLACEMENT_3D('',#10909,#8914,#8915);
#7294=AXIS2_PLACEMENT_3D('',#10910,#8916,#8917);
#7295=AXIS2_PLACEMENT_3D('',#10913,#8920,#8921);
#7296=AXIS2_PLACEMENT_3D('',#10915,#8923,#8924);
#7297=AXIS2_PLACEMENT_3D('',#10917,#8926,#8927);
#7298=AXIS2_PLACEMENT_3D('',#10919,#8929,#8930);
#7299=AXIS2_PLACEMENT_3D('',#10921,#8932,#8933);
#7300=AXIS2_PLACEMENT_3D('',#10923,#8935,#8936);
#7301=AXIS2_PLACEMENT_3D('',#10925,#8938,#8939);
#7302=AXIS2_PLACEMENT_3D('',#10927,#8941,#8942);
#7303=AXIS2_PLACEMENT_3D('',#10929,#8944,#8945);
#7304=AXIS2_PLACEMENT_3D('',#10931,#8947,#8948);
#7305=AXIS2_PLACEMENT_3D('',#10933,#8950,#8951);
#7306=AXIS2_PLACEMENT_3D('',#10934,#8952,#8953);
#7307=AXIS2_PLACEMENT_3D('',#10937,#8956,#8957);
#7308=AXIS2_PLACEMENT_3D('',#10939,#8959,#8960);
#7309=AXIS2_PLACEMENT_3D('',#10941,#8962,#8963);
#7310=AXIS2_PLACEMENT_3D('',#10943,#8965,#8966);
#7311=AXIS2_PLACEMENT_3D('',#10945,#8968,#8969);
#7312=AXIS2_PLACEMENT_3D('',#10947,#8971,#8972);
#7313=AXIS2_PLACEMENT_3D('',#10949,#8974,#8975);
#7314=AXIS2_PLACEMENT_3D('',#10951,#8977,#8978);
#7315=AXIS2_PLACEMENT_3D('',#10953,#8980,#8981);
#7316=AXIS2_PLACEMENT_3D('',#10955,#8983,#8984);
#7317=AXIS2_PLACEMENT_3D('',#10957,#8986,#8987);
#7318=AXIS2_PLACEMENT_3D('',#10958,#8988,#8989);
#7319=AXIS2_PLACEMENT_3D('',#10960,#8991,#8992);
#7320=AXIS2_PLACEMENT_3D('',#10962,#8994,#8995);
#7321=AXIS2_PLACEMENT_3D('',#10963,#8996,#8997);
#7322=AXIS2_PLACEMENT_3D('',#10965,#8999,#9000);
#7323=AXIS2_PLACEMENT_3D('',#10967,#9002,#9003);
#7324=AXIS2_PLACEMENT_3D('',#10968,#9004,#9005);
#7325=AXIS2_PLACEMENT_3D('',#10970,#9007,#9008);
#7326=AXIS2_PLACEMENT_3D('',#10972,#9010,#9011);
#7327=AXIS2_PLACEMENT_3D('',#10973,#9012,#9013);
#7328=AXIS2_PLACEMENT_3D('',#10975,#9015,#9016);
#7329=AXIS2_PLACEMENT_3D('',#10977,#9018,#9019);
#7330=AXIS2_PLACEMENT_3D('',#10978,#9020,#9021);
#7331=AXIS2_PLACEMENT_3D('',#10980,#9023,#9024);
#7332=AXIS2_PLACEMENT_3D('',#10982,#9026,#9027);
#7333=AXIS2_PLACEMENT_3D('',#10983,#9028,#9029);
#7334=AXIS2_PLACEMENT_3D('',#10985,#9031,#9032);
#7335=AXIS2_PLACEMENT_3D('',#10987,#9034,#9035);
#7336=AXIS2_PLACEMENT_3D('',#10988,#9036,#9037);
#7337=AXIS2_PLACEMENT_3D('',#10990,#9039,#9040);
#7338=AXIS2_PLACEMENT_3D('',#10992,#9042,#9043);
#7339=AXIS2_PLACEMENT_3D('',#10993,#9044,#9045);
#7340=AXIS2_PLACEMENT_3D('',#10999,#9049,#9050);
#7341=AXIS2_PLACEMENT_3D('',#11005,#9054,#9055);
#7342=AXIS2_PLACEMENT_3D('',#11008,#9058,#9059);
#7343=AXIS2_PLACEMENT_3D('',#11009,#9060,#9061);
#7344=AXIS2_PLACEMENT_3D('',#11010,#9062,#9063);
#7345=DIRECTION('',(0.,0.,1.));
#7346=DIRECTION('',(1.,0.,0.));
#7347=DIRECTION('',(-1.5770213417971E-15,1.,7.39228753967389E-16));
#7348=DIRECTION('',(-1.,0.,0.));
#7349=DIRECTION('',(-1.5770213417971E-15,-1.,-7.39228753967389E-16));
#7350=DIRECTION('',(1.,-4.81867632215779E-16,0.));
#7351=DIRECTION('',(-1.,0.,0.));
#7352=DIRECTION('',(0.707106781186545,0.70710678118655,9.15399054736345E-17));
#7353=DIRECTION('',(-1.,0.,0.));
#7354=DIRECTION('',(0.707106781186545,-0.70710678118655,-9.15399054736345E-17));
#7355=DIRECTION('',(-1.,0.,0.));
#7356=DIRECTION('',(0.707106781186545,0.70710678118655,9.15399054736345E-17));
#7357=DIRECTION('',(-1.,0.,0.));
#7358=DIRECTION('',(0.707106781186548,-0.707106781186548,-9.15399054736343E-17));
#7359=DIRECTION('',(-1.,0.,0.));
#7360=DIRECTION('',(0.707106781186548,0.707106781186548,9.15399054736343E-17));
#7361=DIRECTION('',(-1.,0.,0.));
#7362=DIRECTION('',(0.707106781186548,-0.707106781186548,-9.15399054736343E-17));
#7363=DIRECTION('',(-1.,0.,0.));
#7364=DIRECTION('',(0.707106781186548,0.707106781186548,9.15399054736343E-17));
#7365=DIRECTION('',(-1.,0.,0.));
#7366=DIRECTION('',(0.707106781186548,-0.707106781186548,-9.15399054736343E-17));
#7367=DIRECTION('',(-1.,0.,0.));
#7368=DIRECTION('',(0.707106781186548,0.707106781186548,9.15399054736343E-17));
#7369=DIRECTION('',(-1.,0.,0.));
#7370=DIRECTION('',(0.707106781186548,-0.707106781186548,-9.15399054736343E-17));
#7371=DIRECTION('',(-1.,0.,0.));
#7372=DIRECTION('',(0.707106781186548,0.707106781186548,9.15399054736343E-17));
#7373=DIRECTION('',(-1.,0.,0.));
#7374=DIRECTION('',(0.707106781186548,-0.707106781186548,-9.15399054736343E-17));
#7375=DIRECTION('',(-1.,0.,0.));
#7376=DIRECTION('',(0.707106781186548,0.707106781186548,9.15399054736343E-17));
#7377=DIRECTION('',(-1.,0.,0.));
#7378=DIRECTION('',(0.707106781186548,-0.707106781186548,-9.15399054736343E-17));
#7379=DIRECTION('',(-1.,0.,0.));
#7380=DIRECTION('',(0.707106781186548,0.707106781186548,9.15399054736343E-17));
#7381=DIRECTION('',(-1.,0.,0.));
#7382=DIRECTION('',(0.,1.,1.29456975819165E-16));
#7383=DIRECTION('',(-1.,0.,0.));
#7384=DIRECTION('',(0.,1.,1.29456975819165E-16));
#7385=DIRECTION('',(-1.,0.,0.));
#7386=DIRECTION('',(0.707106781186545,-0.70710678118655,-9.15399054736345E-17));
#7387=DIRECTION('',(-1.5770213417971E-15,1.,7.39228753967389E-16));
#7388=DIRECTION('',(-1.,0.,0.));
#7389=DIRECTION('',(-1.5770213417971E-15,-1.,-7.39228753967389E-16));
#7390=DIRECTION('',(1.,-4.81867632215779E-16,0.));
#7391=DIRECTION('',(0.,-1.29456975819165E-16,1.));
#7392=DIRECTION('',(0.,-1.,-1.29453739394769E-16));
#7393=DIRECTION('',(0.6,0.8,-5.20417042793043E-15));
#7394=DIRECTION('',(0.,1.,-1.0842021724855E-15));
#7395=DIRECTION('',(1.,0.,0.));
#7396=DIRECTION('',(0.,-1.,0.));
#7397=DIRECTION('',(0.600000000000001,-0.799999999999999,6.07153216591882E-15));
#7398=DIRECTION('',(-1.,0.,0.));
#7399=DIRECTION('',(0.6,0.8,-5.20417042793043E-15));
#7400=DIRECTION('',(0.,1.,-1.0842021724855E-15));
#7401=DIRECTION('',(1.,0.,0.));
#7402=DIRECTION('',(0.,-1.,0.));
#7403=DIRECTION('',(0.600000000000001,-0.799999999999999,6.07153216591882E-15));
#7404=DIRECTION('',(-1.,0.,0.));
#7405=DIRECTION('',(0.,-1.,0.));
#7406=DIRECTION('',(-1.,0.,0.));
#7407=DIRECTION('',(0.,-1.,0.));
#7408=DIRECTION('',(-1.,0.,0.));
#7409=DIRECTION('',(0.6,0.8,-5.20417042793043E-15));
#7410=DIRECTION('',(0.,1.,-1.0842021724855E-15));
#7411=DIRECTION('',(1.,0.,0.));
#7412=DIRECTION('',(0.,-1.,0.));
#7413=DIRECTION('',(0.600000000000001,-0.799999999999999,6.07153216591882E-15));
#7414=DIRECTION('',(-1.,0.,0.));
#7415=DIRECTION('',(0.6,0.8,-5.20417042793043E-15));
#7416=DIRECTION('',(0.,1.,-1.0842021724855E-15));
#7417=DIRECTION('',(1.,0.,0.));
#7418=DIRECTION('',(0.,-1.,0.));
#7419=DIRECTION('',(0.600000000000001,-0.799999999999999,6.07153216591882E-15));
#7420=DIRECTION('',(-1.,0.,0.));
#7421=DIRECTION('',(0.6,0.8,-5.20417042793043E-15));
#7422=DIRECTION('',(0.,1.,-1.0842021724855E-15));
#7423=DIRECTION('',(1.,0.,0.));
#7424=DIRECTION('',(0.,-1.,0.));
#7425=DIRECTION('',(0.600000000000001,-0.799999999999999,6.07153216591882E-15));
#7426=DIRECTION('',(-1.,0.,0.));
#7427=DIRECTION('',(0.6,0.8,-5.20417042793043E-15));
#7428=DIRECTION('',(0.,1.,-1.0842021724855E-15));
#7429=DIRECTION('',(1.,0.,0.));
#7430=DIRECTION('',(0.,-1.,0.));
#7431=DIRECTION('',(0.600000000000001,-0.799999999999999,6.07153216591882E-15));
#7432=DIRECTION('',(-1.,0.,0.));
#7433=DIRECTION('',(0.6,0.8,-5.20417042793043E-15));
#7434=DIRECTION('',(0.,1.,-1.0842021724855E-15));
#7435=DIRECTION('',(1.,0.,0.));
#7436=DIRECTION('',(0.,-1.,0.));
#7437=DIRECTION('',(0.600000000000001,-0.799999999999999,6.07153216591882E-15));
#7438=DIRECTION('',(-1.,0.,0.));
#7439=DIRECTION('',(0.6,0.8,-5.20417042793043E-15));
#7440=DIRECTION('',(0.,1.,-1.0842021724855E-15));
#7441=DIRECTION('',(1.,0.,0.));
#7442=DIRECTION('',(0.,-1.,0.));
#7443=DIRECTION('',(0.600000000000001,-0.799999999999999,6.07153216591882E-15));
#7444=DIRECTION('',(-1.,0.,0.));
#7445=DIRECTION('',(0.,0.,-1.));
#7446=DIRECTION('',(-1.,0.,0.));
#7447=DIRECTION('',(0.,-2.16840434497101E-16,1.));
#7448=DIRECTION('',(-1.,0.,0.));
#7449=DIRECTION('',(0.,-2.16840434497101E-16,1.));
#7450=DIRECTION('',(0.,1.,0.));
#7451=DIRECTION('',(0.,0.,1.));
#7452=DIRECTION('',(0.,-2.16840434497101E-16,1.));
#7453=DIRECTION('',(0.,-2.16840434497101E-16,1.));
#7454=DIRECTION('',(-1.,0.,0.));
#7455=DIRECTION('',(0.,1.,0.));
#7456=DIRECTION('',(0.,0.,1.));
#7457=DIRECTION('',(0.,-2.16840434497101E-16,1.));
#7458=DIRECTION('',(0.,-2.16840434497101E-16,1.));
#7459=DIRECTION('',(-1.,0.,0.));
#7460=DIRECTION('',(0.,1.,0.));
#7461=DIRECTION('',(0.,0.,1.));
#7462=DIRECTION('',(0.,-2.16840434497101E-16,1.));
#7463=DIRECTION('',(0.,-2.16840434497101E-16,1.));
#7464=DIRECTION('',(-1.,0.,0.));
#7465=DIRECTION('',(0.,1.,0.));
#7466=DIRECTION('',(0.,0.,1.));
#7467=DIRECTION('',(0.,-2.16840434497101E-16,1.));
#7468=DIRECTION('',(0.,-2.16840434497101E-16,1.));
#7469=DIRECTION('',(-1.,0.,0.));
#7470=DIRECTION('',(0.,1.,0.));
#7471=DIRECTION('',(0.,0.,1.));
#7472=DIRECTION('',(0.,-2.16840434497101E-16,1.));
#7473=DIRECTION('',(0.,-2.16840434497101E-16,1.));
#7474=DIRECTION('',(-1.,0.,0.));
#7475=DIRECTION('',(0.,1.,0.));
#7476=DIRECTION('',(0.,0.,1.));
#7477=DIRECTION('',(0.,-2.16840434497101E-16,1.));
#7478=DIRECTION('',(0.,-2.16840434497101E-16,1.));
#7479=DIRECTION('',(-1.,0.,0.));
#7480=DIRECTION('',(0.,1.,0.));
#7481=DIRECTION('',(0.,0.,1.));
#7482=DIRECTION('',(0.,-2.16840434497101E-16,1.));
#7483=DIRECTION('',(0.,0.,-1.));
#7484=DIRECTION('',(-1.,0.,0.));
#7485=DIRECTION('',(0.,1.,0.));
#7486=DIRECTION('',(0.,0.,1.));
#7487=DIRECTION('',(0.,0.,1.));
#7488=DIRECTION('',(-1.,0.,0.));
#7489=DIRECTION('',(0.,0.,-1.));
#7490=DIRECTION('',(0.,0.,1.));
#7491=DIRECTION('',(0.,0.,1.));
#7492=DIRECTION('',(0.,0.,1.));
#7493=DIRECTION('',(-1.,0.,0.));
#7494=DIRECTION('',(0.,0.,-1.));
#7495=DIRECTION('',(0.,0.,1.));
#7496=DIRECTION('',(-1.,0.,0.));
#7497=DIRECTION('',(0.,0.,-1.));
#7498=DIRECTION('',(0.,0.,1.));
#7499=DIRECTION('',(-1.,0.,0.));
#7500=DIRECTION('',(0.,0.,-1.));
#7501=DIRECTION('',(0.,0.,1.));
#7502=DIRECTION('',(-1.,0.,0.));
#7503=DIRECTION('',(0.,0.,-1.));
#7504=DIRECTION('',(0.,0.,1.));
#7505=DIRECTION('',(-1.,0.,0.));
#7506=DIRECTION('',(0.,0.,-1.));
#7507=DIRECTION('',(0.,0.,1.));
#7508=DIRECTION('',(-1.,0.,0.));
#7509=DIRECTION('',(0.,0.,-1.));
#7510=DIRECTION('',(0.,0.,1.));
#7511=DIRECTION('',(-1.,0.,0.));
#7512=DIRECTION('',(0.,0.,-1.));
#7513=DIRECTION('',(0.,-1.,0.));
#7514=DIRECTION('',(0.,0.,-1.));
#7515=DIRECTION('',(-1.,0.,0.));
#7516=DIRECTION('',(0.0147042924418766,0.999891886047579,0.));
#7517=DIRECTION('',(-1.,0.,0.));
#7518=DIRECTION('',(0.0147042924418766,-0.999891886047579,0.));
#7519=DIRECTION('',(-1.,0.,0.));
#7520=DIRECTION('',(0.0147042924418766,0.999891886047579,0.));
#7521=DIRECTION('',(-1.,0.,0.));
#7522=DIRECTION('',(0.0147042924418766,-0.999891886047579,0.));
#7523=DIRECTION('',(-1.,0.,0.));
#7524=DIRECTION('',(0.0147042924418766,0.999891886047579,0.));
#7525=DIRECTION('',(-1.,0.,0.));
#7526=DIRECTION('',(0.0147042924418766,-0.999891886047579,0.));
#7527=DIRECTION('',(-1.,0.,0.));
#7528=DIRECTION('',(0.0147042924418766,0.999891886047579,0.));
#7529=DIRECTION('',(-1.,0.,0.));
#7530=DIRECTION('',(0.0147042924418766,-0.999891886047579,0.));
#7531=DIRECTION('',(-1.,0.,0.));
#7532=DIRECTION('',(0.0147042924418766,0.999891886047579,0.));
#7533=DIRECTION('',(-1.,0.,0.));
#7534=DIRECTION('',(0.0147042924418766,-0.999891886047579,0.));
#7535=DIRECTION('',(-1.,0.,0.));
#7536=DIRECTION('',(0.0147042924418766,0.999891886047579,0.));
#7537=DIRECTION('',(-1.,0.,0.));
#7538=DIRECTION('',(0.0147042924418766,-0.999891886047579,0.));
#7539=DIRECTION('',(-1.,0.,0.));
#7540=DIRECTION('',(0.0147042924418766,0.999891886047579,0.));
#7541=DIRECTION('',(-1.,0.,0.));
#7542=DIRECTION('',(0.,-1.,0.));
#7543=DIRECTION('',(-1.,0.,0.));
#7544=DIRECTION('',(0.,-1.,0.));
#7545=DIRECTION('',(-1.,0.,0.));
#7546=DIRECTION('',(0.,-1.,0.));
#7547=DIRECTION('',(-1.,0.,0.));
#7548=DIRECTION('',(0.,-1.,0.));
#7549=DIRECTION('',(-1.,0.,0.));
#7550=DIRECTION('',(0.0147042924418766,-0.999891886047579,0.));
#7551=DIRECTION('',(-1.,0.,0.));
#7552=DIRECTION('',(0.0147042924418766,0.999891886047579,0.));
#7553=DIRECTION('',(-1.,0.,0.));
#7554=DIRECTION('',(0.0147042924418766,-0.999891886047579,0.));
#7555=DIRECTION('',(0.,0.,1.));
#7556=DIRECTION('',(1.,0.,0.));
#7557=DIRECTION('',(0.00153718146722097,0.104528339771023,-0.994520720376328));
#7558=DIRECTION('',(-1.,0.,0.));
#7559=DIRECTION('',(0.00153718146722097,-0.104528339771023,0.994520720376328));
#7560=DIRECTION('',(-1.,0.,0.));
#7561=DIRECTION('',(0.,-0.994521895368273,-0.104528463267653));
#7562=DIRECTION('',(0.,0.104528463267653,-0.994521895368273));
#7563=DIRECTION('',(0.0147042924418766,0.999891886047579,0.));
#7564=DIRECTION('',(-1.,0.,0.));
#7565=DIRECTION('',(0.0147042924418766,-0.999891886047579,0.));
#7566=DIRECTION('',(0.,0.,-1.));
#7567=DIRECTION('',(-1.,0.,0.));
#7568=DIRECTION('',(0.0138176898445237,0.939602909427583,-0.341987491061562));
#7569=DIRECTION('',(0.0138176898445237,-0.939602909427583,0.341987491061562));
#7570=DIRECTION('',(0.,-0.342020143325668,-0.939692620785909));
#7571=DIRECTION('',(0.,0.939692620785909,-0.342020143325668));
#7572=DIRECTION('',(0.00153718146722097,0.104528339771023,-0.994520720376328));
#7573=DIRECTION('',(-1.,0.,0.));
#7574=DIRECTION('',(0.00153718146722097,-0.104528339771023,0.994520720376328));
#7575=DIRECTION('',(-1.,0.,0.));
#7576=DIRECTION('',(0.,-0.994521895368273,-0.104528463267653));
#7577=DIRECTION('',(0.,0.104528463267653,-0.994521895368273));
#7578=DIRECTION('',(0.0147042924418766,0.999891886047579,0.));
#7579=DIRECTION('',(-1.,0.,0.));
#7580=DIRECTION('',(0.0147042924418766,-0.999891886047579,0.));
#7581=DIRECTION('',(0.,0.,-1.));
#7582=DIRECTION('',(-1.,0.,0.));
#7583=DIRECTION('',(0.0138176898445237,0.939602909427583,-0.341987491061562));
#7584=DIRECTION('',(0.0138176898445237,-0.939602909427583,0.341987491061562));
#7585=DIRECTION('',(0.,-0.342020143325668,-0.939692620785909));
#7586=DIRECTION('',(0.,0.939692620785909,-0.342020143325668));
#7587=DIRECTION('',(0.00153718146722097,0.104528339771023,-0.994520720376328));
#7588=DIRECTION('',(-1.,0.,0.));
#7589=DIRECTION('',(0.00153718146722097,-0.104528339771023,0.994520720376328));
#7590=DIRECTION('',(-1.,0.,0.));
#7591=DIRECTION('',(0.,-0.994521895368273,-0.104528463267653));
#7592=DIRECTION('',(0.,0.104528463267653,-0.994521895368273));
#7593=DIRECTION('',(0.0147042924418766,0.999891886047579,0.));
#7594=DIRECTION('',(-1.,0.,0.));
#7595=DIRECTION('',(0.0147042924418766,-0.999891886047579,0.));
#7596=DIRECTION('',(0.,0.,-1.));
#7597=DIRECTION('',(-1.,0.,0.));
#7598=DIRECTION('',(0.0138176898445237,0.939602909427583,-0.341987491061562));
#7599=DIRECTION('',(0.0138176898445237,-0.939602909427583,0.341987491061562));
#7600=DIRECTION('',(0.,-0.342020143325668,-0.939692620785909));
#7601=DIRECTION('',(0.,0.939692620785909,-0.342020143325668));
#7602=DIRECTION('',(0.00153718146722097,0.104528339771023,-0.994520720376328));
#7603=DIRECTION('',(-1.,0.,0.));
#7604=DIRECTION('',(0.00153718146722097,-0.104528339771023,0.994520720376328));
#7605=DIRECTION('',(-1.,0.,0.));
#7606=DIRECTION('',(0.,-0.994521895368273,-0.104528463267653));
#7607=DIRECTION('',(0.,0.104528463267653,-0.994521895368273));
#7608=DIRECTION('',(0.0147042924418766,0.999891886047579,0.));
#7609=DIRECTION('',(-1.,0.,0.));
#7610=DIRECTION('',(0.0147042924418766,-0.999891886047579,0.));
#7611=DIRECTION('',(0.,0.,-1.));
#7612=DIRECTION('',(-1.,0.,0.));
#7613=DIRECTION('',(0.0138176898445237,0.939602909427583,-0.341987491061562));
#7614=DIRECTION('',(0.0138176898445237,-0.939602909427583,0.341987491061562));
#7615=DIRECTION('',(0.,-0.342020143325668,-0.939692620785909));
#7616=DIRECTION('',(0.,0.939692620785909,-0.342020143325668));
#7617=DIRECTION('',(0.00153718146722097,0.104528339771023,-0.994520720376328));
#7618=DIRECTION('',(-1.,0.,0.));
#7619=DIRECTION('',(0.00153718146722097,-0.104528339771023,0.994520720376328));
#7620=DIRECTION('',(-1.,0.,0.));
#7621=DIRECTION('',(0.,-0.994521895368273,-0.104528463267653));
#7622=DIRECTION('',(0.,0.104528463267653,-0.994521895368273));
#7623=DIRECTION('',(0.0147042924418766,0.999891886047579,0.));
#7624=DIRECTION('',(-1.,0.,0.));
#7625=DIRECTION('',(0.0147042924418766,-0.999891886047579,0.));
#7626=DIRECTION('',(0.,0.,-1.));
#7627=DIRECTION('',(-1.,0.,0.));
#7628=DIRECTION('',(0.0138176898445237,0.939602909427583,-0.341987491061562));
#7629=DIRECTION('',(0.0138176898445237,-0.939602909427583,0.341987491061562));
#7630=DIRECTION('',(0.,-0.342020143325668,-0.939692620785909));
#7631=DIRECTION('',(0.,0.939692620785909,-0.342020143325668));
#7632=DIRECTION('',(0.00153718146722097,0.104528339771023,-0.994520720376328));
#7633=DIRECTION('',(-1.,0.,0.));
#7634=DIRECTION('',(0.00153718146722097,-0.104528339771023,0.994520720376328));
#7635=DIRECTION('',(-1.,0.,0.));
#7636=DIRECTION('',(0.,-0.994521895368273,-0.104528463267653));
#7637=DIRECTION('',(0.,0.104528463267653,-0.994521895368273));
#7638=DIRECTION('',(0.0147042924418766,0.999891886047579,0.));
#7639=DIRECTION('',(-1.,0.,0.));
#7640=DIRECTION('',(0.0147042924418766,-0.999891886047579,0.));
#7641=DIRECTION('',(0.,0.,-1.));
#7642=DIRECTION('',(-1.,0.,0.));
#7643=DIRECTION('',(0.0138176898445237,0.939602909427583,-0.341987491061562));
#7644=DIRECTION('',(0.0138176898445237,-0.939602909427583,0.341987491061562));
#7645=DIRECTION('',(0.,-0.342020143325668,-0.939692620785909));
#7646=DIRECTION('',(0.,0.939692620785909,-0.342020143325668));
#7647=DIRECTION('',(0.00153718146722097,0.104528339771023,-0.994520720376328));
#7648=DIRECTION('',(-1.,0.,0.));
#7649=DIRECTION('',(0.00153718146722097,-0.104528339771023,0.994520720376328));
#7650=DIRECTION('',(-1.,0.,0.));
#7651=DIRECTION('',(0.,-0.994521895368273,-0.104528463267653));
#7652=DIRECTION('',(0.,0.104528463267653,-0.994521895368273));
#7653=DIRECTION('',(0.0147042924418766,0.999891886047579,0.));
#7654=DIRECTION('',(-1.,0.,0.));
#7655=DIRECTION('',(0.0147042924418766,-0.999891886047579,0.));
#7656=DIRECTION('',(0.,0.,-1.));
#7657=DIRECTION('',(-1.,0.,0.));
#7658=DIRECTION('',(0.0138176898445237,0.939602909427583,-0.341987491061562));
#7659=DIRECTION('',(0.0138176898445237,-0.939602909427583,0.341987491061562));
#7660=DIRECTION('',(0.,-0.342020143325668,-0.939692620785909));
#7661=DIRECTION('',(0.,0.939692620785909,-0.342020143325668));
#7662=DIRECTION('',(0.0147042924418766,-0.999891886047579,-2.55078812965509E-16));
#7663=DIRECTION('',(-1.,0.,0.));
#7664=DIRECTION('',(0.0147042924418766,0.999891886047579,2.55078812965509E-16));
#7665=DIRECTION('',(0.0147042924418766,-0.999891886047579,-2.55078812965509E-16));
#7666=DIRECTION('',(-1.,0.,0.));
#7667=DIRECTION('',(0.0147042924418766,0.999891886047579,2.55078812965509E-16));
#7668=DIRECTION('',(0.0147042924418766,-0.999891886047579,-2.55078812965509E-16));
#7669=DIRECTION('',(-1.,0.,0.));
#7670=DIRECTION('',(0.0147042924418766,0.999891886047579,2.55078812965509E-16));
#7671=DIRECTION('',(0.0147042924418766,-0.999891886047579,-2.55078812965509E-16));
#7672=DIRECTION('',(-1.,0.,0.));
#7673=DIRECTION('',(0.0147042924418766,0.999891886047579,2.55078812965509E-16));
#7674=DIRECTION('',(0.0147042924418766,-0.999891886047579,-2.55078812965509E-16));
#7675=DIRECTION('',(-1.,0.,0.));
#7676=DIRECTION('',(0.0147042924418766,0.999891886047579,2.55078812965509E-16));
#7677=DIRECTION('',(0.0147042924418766,-0.999891886047579,-2.55078812965509E-16));
#7678=DIRECTION('',(-1.,0.,0.));
#7679=DIRECTION('',(0.0147042924418766,0.999891886047579,2.55078812965509E-16));
#7680=DIRECTION('',(0.0147042924418766,-0.999891886047579,-2.55078812965509E-16));
#7681=DIRECTION('',(-1.,0.,0.));
#7682=DIRECTION('',(0.0147042924418766,0.999891886047579,2.55078812965509E-16));
#7683=DIRECTION('',(-1.,0.,0.));
#7684=DIRECTION('',(0.0147042924418766,-0.999891886047579,-2.55078812965509E-16));
#7685=DIRECTION('',(-1.,0.,0.));
#7686=DIRECTION('',(0.,-1.,-2.16840434497101E-16));
#7687=DIRECTION('',(-1.,0.,0.));
#7688=DIRECTION('',(0.600000000000001,-0.799999999999999,-1.73472347597681E-16));
#7689=DIRECTION('',(0.,-1.,-2.16840434497101E-16));
#7690=DIRECTION('',(1.,0.,0.));
#7691=DIRECTION('',(0.,1.,2.16840434497101E-16));
#7692=DIRECTION('',(0.6,0.8,1.73472347597681E-16));
#7693=DIRECTION('',(0.600000000000001,-0.799999999999999,-1.73472347597681E-16));
#7694=DIRECTION('',(0.,-1.,-2.16840434497101E-16));
#7695=DIRECTION('',(1.,0.,0.));
#7696=DIRECTION('',(0.,1.,2.16840434497101E-16));
#7697=DIRECTION('',(0.6,0.8,1.73472347597681E-16));
#7698=DIRECTION('',(0.600000000000001,-0.799999999999999,-1.73472347597681E-16));
#7699=DIRECTION('',(0.,-1.,-2.16840434497101E-16));
#7700=DIRECTION('',(1.,0.,0.));
#7701=DIRECTION('',(0.,1.,2.16840434497101E-16));
#7702=DIRECTION('',(0.6,0.8,1.73472347597681E-16));
#7703=DIRECTION('',(0.600000000000001,-0.799999999999999,-1.73472347597681E-16));
#7704=DIRECTION('',(0.,-1.,-2.16840434497101E-16));
#7705=DIRECTION('',(1.,0.,0.));
#7706=DIRECTION('',(0.,1.,2.16840434497101E-16));
#7707=DIRECTION('',(0.6,0.8,1.73472347597681E-16));
#7708=DIRECTION('',(0.600000000000001,-0.799999999999999,-1.73472347597681E-16));
#7709=DIRECTION('',(0.,-1.,-2.16840434497101E-16));
#7710=DIRECTION('',(1.,0.,0.));
#7711=DIRECTION('',(0.,1.,2.16840434497101E-16));
#7712=DIRECTION('',(0.6,0.8,1.73472347597681E-16));
#7713=DIRECTION('',(0.600000000000001,-0.799999999999999,-1.73472347597681E-16));
#7714=DIRECTION('',(0.,-1.,-2.16840434497101E-16));
#7715=DIRECTION('',(1.,0.,0.));
#7716=DIRECTION('',(0.,1.,2.16840434497101E-16));
#7717=DIRECTION('',(0.6,0.8,1.73472347597681E-16));
#7718=DIRECTION('',(0.600000000000001,-0.799999999999999,-1.73472347597681E-16));
#7719=DIRECTION('',(0.,-1.,-2.16840434497101E-16));
#7720=DIRECTION('',(1.,0.,0.));
#7721=DIRECTION('',(0.,1.,2.16840434497101E-16));
#7722=DIRECTION('',(0.6,0.8,1.73472347597681E-16));
#7723=DIRECTION('',(0.600000000000001,-0.799999999999999,-1.73472347597681E-16));
#7724=DIRECTION('',(0.,-1.,-2.16840434497101E-16));
#7725=DIRECTION('',(1.,0.,0.));
#7726=DIRECTION('',(0.,1.,2.16840434497101E-16));
#7727=DIRECTION('',(0.6,0.8,1.73472347597681E-16));
#7728=DIRECTION('',(0.,-1.,-2.16840434497101E-16));
#7729=DIRECTION('',(-1.,0.,0.));
#7730=DIRECTION('',(0.0147042924418766,0.999891886047579,2.55078812965509E-16));
#7731=DIRECTION('',(0.,2.16840434497101E-16,-1.));
#7732=DIRECTION('',(0.,1.,2.16840434497101E-16));
#7733=DIRECTION('',(0.,-5.10212787052003E-16,-1.));
#7734=DIRECTION('',(0.,-5.10212787052003E-16,-1.));
#7735=DIRECTION('',(0.,-1.,0.));
#7736=DIRECTION('',(0.,0.,-1.));
#7737=DIRECTION('',(0.,-5.10212787052003E-16,-1.));
#7738=DIRECTION('',(0.,-5.10212787052003E-16,-1.));
#7739=DIRECTION('',(0.,-1.,0.));
#7740=DIRECTION('',(0.,0.,-1.));
#7741=DIRECTION('',(0.,-5.10212787052003E-16,-1.));
#7742=DIRECTION('',(0.,-5.10212787052003E-16,-1.));
#7743=DIRECTION('',(0.,-1.,0.));
#7744=DIRECTION('',(0.,0.,-1.));
#7745=DIRECTION('',(0.,-5.10212787052003E-16,-1.));
#7746=DIRECTION('',(0.,-5.10212787052003E-16,-1.));
#7747=DIRECTION('',(0.,-1.,0.));
#7748=DIRECTION('',(0.,0.,-1.));
#7749=DIRECTION('',(0.,-5.10212787052003E-16,-1.));
#7750=DIRECTION('',(0.,-5.10212787052003E-16,-1.));
#7751=DIRECTION('',(0.,-1.,0.));
#7752=DIRECTION('',(0.,0.,-1.));
#7753=DIRECTION('',(0.,-5.10212787052003E-16,-1.));
#7754=DIRECTION('',(0.,-5.10212787052003E-16,-1.));
#7755=DIRECTION('',(0.,-1.,0.));
#7756=DIRECTION('',(0.,0.,-1.));
#7757=DIRECTION('',(0.,-5.10212787052003E-16,-1.));
#7758=DIRECTION('',(0.,0.,1.));
#7759=DIRECTION('',(0.,-1.,0.));
#7760=DIRECTION('',(0.,0.,-1.));
#7761=DIRECTION('',(0.,0.,-1.));
#7762=DIRECTION('',(-1.,0.,0.));
#7763=DIRECTION('',(0.,0.,1.));
#7764=DIRECTION('',(0.,0.,-1.));
#7765=DIRECTION('',(0.986393923832144,0.,-0.164398987305358));
#7766=DIRECTION('',(0.,0.,1.));
#7767=DIRECTION('',(-0.986393923832144,0.,-0.164398987305357));
#7768=DIRECTION('',(0.,0.,-1.));
#7769=DIRECTION('',(0.,0.,-1.));
#7770=DIRECTION('',(-0.986393923832144,0.,0.164398987305356));
#7771=DIRECTION('',(0.,0.,-1.));
#7772=DIRECTION('',(0.986393923832144,0.,0.164398987305358));
#7773=DIRECTION('',(0.,0.,-1.));
#7774=DIRECTION('',(0.,-1.,0.));
#7775=DIRECTION('',(0.,0.,-1.));
#7776=DIRECTION('',(0.,-1.,0.));
#7777=DIRECTION('',(0.,0.,-1.));
#7778=DIRECTION('',(0.,-1.,0.));
#7779=DIRECTION('',(1.,0.,0.));
#7780=DIRECTION('',(0.,0.,-1.));
#7781=DIRECTION('',(0.,-2.16840434497101E-16,1.));
#7782=DIRECTION('',(0.,0.,-1.));
#7783=DIRECTION('',(0.,1.,0.));
#7784=DIRECTION('',(0.,0.,1.));
#7785=DIRECTION('',(0.00153718146722097,-0.104528339771023,0.994520720376328));
#7786=DIRECTION('',(0.00153718146722097,0.104528339771023,-0.994520720376328));
#7787=DIRECTION('',(-1.,0.,0.));
#7788=DIRECTION('',(0.,-0.994521895368273,-0.104528463267653));
#7789=DIRECTION('',(0.,0.104528463267653,-0.994521895368273));
#7790=DIRECTION('',(0.0147042924418766,-0.999891886047579,0.));
#7791=DIRECTION('',(0.0147042924418766,0.999891886047579,0.));
#7792=DIRECTION('',(-1.,0.,0.));
#7793=DIRECTION('',(0.,0.,-1.));
#7794=DIRECTION('',(-1.,0.,0.));
#7795=DIRECTION('',(0.0138176898445237,-0.939602909427583,0.341987491061562));
#7796=DIRECTION('',(0.0138176898445237,0.939602909427583,-0.341987491061562));
#7797=DIRECTION('',(0.,-0.342020143325668,-0.939692620785909));
#7798=DIRECTION('',(0.,0.939692620785909,-0.342020143325668));
#7799=DIRECTION('',(0.,-5.10212787052003E-16,-1.));
#7800=DIRECTION('',(0.,0.,1.));
#7801=DIRECTION('',(0.,-1.,0.));
#7802=DIRECTION('',(0.,0.,-1.));
#7803=DIRECTION('',(0.,-1.,0.));
#7804=DIRECTION('',(0.,0.,-1.));
#7805=DIRECTION('',(0.,-1.,0.));
#7806=DIRECTION('',(0.,0.,-1.));
#7807=DIRECTION('',(-1.,0.,0.));
#7808=DIRECTION('',(0.,0.,1.));
#7809=DIRECTION('',(0.,-1.,0.));
#7810=DIRECTION('',(0.,0.,-1.));
#7811=DIRECTION('',(0.,-1.,0.));
#7812=DIRECTION('',(0.,-1.,0.));
#7813=DIRECTION('',(1.,0.,0.));
#7814=DIRECTION('',(0.,-1.,0.));
#7815=DIRECTION('',(0.,0.,-1.));
#7816=DIRECTION('',(1.,0.,0.));
#7817=DIRECTION('',(0.,-1.,0.));
#7818=DIRECTION('',(1.,0.,0.));
#7819=DIRECTION('',(0.,0.,-1.));
#7820=DIRECTION('',(-1.,0.,0.));
#7821=DIRECTION('',(0.,-1.,0.));
#7822=DIRECTION('',(0.,0.,-1.));
#7823=DIRECTION('',(0.,-1.,0.));
#7824=DIRECTION('',(0.,-1.,0.));
#7825=DIRECTION('',(1.,0.,0.));
#7826=DIRECTION('',(0.,-1.,0.));
#7827=DIRECTION('',(0.,0.,-1.));
#7828=DIRECTION('',(0.,0.,1.));
#7829=DIRECTION('',(0.,-1.,0.));
#7830=DIRECTION('',(0.,0.,1.));
#7831=DIRECTION('',(1.,0.,0.));
#7832=DIRECTION('',(0.,0.,-1.));
#7833=DIRECTION('',(0.,-0.707106781186547,0.707106781186547));
#7834=DIRECTION('',(0.,-0.707106781186547,-0.707106781186547));
#7835=DIRECTION('',(0.,-1.,0.));
#7836=DIRECTION('',(1.,0.,0.));
#7837=DIRECTION('',(0.,-1.,0.));
#7838=DIRECTION('',(0.,0.,-1.));
#7839=DIRECTION('',(0.,-0.707106781186547,0.707106781186547));
#7840=DIRECTION('',(0.,-0.707106781186547,-0.707106781186547));
#7841=DIRECTION('',(0.,-1.,0.));
#7842=DIRECTION('',(0.999999999999999,0.,0.));
#7843=DIRECTION('',(0.,-1.,0.));
#7844=DIRECTION('',(0.,0.,-1.));
#7845=DIRECTION('',(1.,0.,0.));
#7846=DIRECTION('',(0.,0.,1.));
#7847=DIRECTION('',(1.,0.,0.));
#7848=DIRECTION('',(0.,0.,-1.));
#7849=DIRECTION('',(1.,0.,0.));
#7850=DIRECTION('',(0.,0.,-1.));
#7851=DIRECTION('',(-1.,0.,0.));
#7852=DIRECTION('',(0.,0.,-1.));
#7853=DIRECTION('',(-1.,0.,0.));
#7854=DIRECTION('',(0.,0.,1.));
#7855=DIRECTION('',(-1.,0.,0.));
#7856=DIRECTION('',(0.,0.,1.));
#7857=DIRECTION('',(1.,0.,0.));
#7858=DIRECTION('',(0.,0.,1.));
#7859=DIRECTION('',(1.,0.,0.));
#7860=DIRECTION('',(0.,0.,-1.));
#7861=DIRECTION('',(1.,0.,0.));
#7862=DIRECTION('',(0.,0.,-1.));
#7863=DIRECTION('',(-1.,0.,0.));
#7864=DIRECTION('',(0.,0.,-1.));
#7865=DIRECTION('',(-1.,0.,0.));
#7866=DIRECTION('',(0.,0.,1.));
#7867=DIRECTION('',(-1.,0.,0.));
#7868=DIRECTION('',(0.,0.,1.));
#7869=DIRECTION('',(1.,0.,0.));
#7870=DIRECTION('',(0.,0.,1.));
#7871=DIRECTION('',(1.,0.,0.));
#7872=DIRECTION('',(0.,0.,-1.));
#7873=DIRECTION('',(1.,0.,0.));
#7874=DIRECTION('',(0.,0.,-1.));
#7875=DIRECTION('',(-1.,0.,0.));
#7876=DIRECTION('',(0.,0.,-1.));
#7877=DIRECTION('',(-1.,0.,0.));
#7878=DIRECTION('',(0.,0.,1.));
#7879=DIRECTION('',(-1.,0.,0.));
#7880=DIRECTION('',(0.,0.,1.));
#7881=DIRECTION('',(1.,0.,0.));
#7882=DIRECTION('',(0.,0.,1.));
#7883=DIRECTION('',(1.,0.,0.));
#7884=DIRECTION('',(0.,0.,-1.));
#7885=DIRECTION('',(1.,0.,0.));
#7886=DIRECTION('',(0.,0.,-1.));
#7887=DIRECTION('',(-1.,0.,0.));
#7888=DIRECTION('',(0.,0.,-1.));
#7889=DIRECTION('',(-1.,0.,0.));
#7890=DIRECTION('',(0.,0.,1.));
#7891=DIRECTION('',(-1.,0.,0.));
#7892=DIRECTION('',(0.,0.,1.));
#7893=DIRECTION('',(1.,0.,0.));
#7894=DIRECTION('',(0.,0.,1.));
#7895=DIRECTION('',(1.,0.,0.));
#7896=DIRECTION('',(0.,0.,-1.));
#7897=DIRECTION('',(1.,0.,0.));
#7898=DIRECTION('',(0.,0.,-1.));
#7899=DIRECTION('',(-1.,0.,0.));
#7900=DIRECTION('',(0.,0.,-1.));
#7901=DIRECTION('',(-1.,0.,0.));
#7902=DIRECTION('',(0.,0.,1.));
#7903=DIRECTION('',(-1.,0.,0.));
#7904=DIRECTION('',(0.,0.,1.));
#7905=DIRECTION('',(1.,0.,0.));
#7906=DIRECTION('',(0.,0.,1.));
#7907=DIRECTION('',(1.,0.,0.));
#7908=DIRECTION('',(0.,0.,-1.));
#7909=DIRECTION('',(1.,0.,0.));
#7910=DIRECTION('',(0.,0.,-1.));
#7911=DIRECTION('',(-1.,0.,0.));
#7912=DIRECTION('',(0.,0.,-1.));
#7913=DIRECTION('',(-1.,0.,0.));
#7914=DIRECTION('',(0.,0.,1.));
#7915=DIRECTION('',(-1.,0.,0.));
#7916=DIRECTION('',(0.,0.,1.));
#7917=DIRECTION('',(1.,0.,0.));
#7918=DIRECTION('',(0.,0.,1.));
#7919=DIRECTION('',(1.,0.,0.));
#7920=DIRECTION('',(0.,0.,-1.));
#7921=DIRECTION('',(1.,0.,0.));
#7922=DIRECTION('',(0.,0.,-1.));
#7923=DIRECTION('',(-1.,0.,0.));
#7924=DIRECTION('',(0.,0.,-1.));
#7925=DIRECTION('',(-1.,0.,0.));
#7926=DIRECTION('',(0.,0.,1.));
#7927=DIRECTION('',(-1.,0.,0.));
#7928=DIRECTION('',(0.,0.,1.));
#7929=DIRECTION('',(1.,0.,0.));
#7930=DIRECTION('',(0.,0.,1.));
#7931=DIRECTION('',(1.,0.,0.));
#7932=DIRECTION('',(0.,0.,-1.));
#7933=DIRECTION('',(1.,0.,0.));
#7934=DIRECTION('',(0.,0.,-1.));
#7935=DIRECTION('',(-1.,0.,0.));
#7936=DIRECTION('',(0.,0.,-1.));
#7937=DIRECTION('',(-1.,0.,0.));
#7938=DIRECTION('',(0.,0.,1.));
#7939=DIRECTION('',(-1.,0.,0.));
#7940=DIRECTION('',(0.,0.,1.));
#7941=DIRECTION('',(0.,-1.,0.));
#7942=DIRECTION('',(0.,0.,-1.));
#7943=DIRECTION('',(0.,-5.10212787052003E-16,-1.));
#7944=DIRECTION('',(0.,-5.10212787052003E-16,-1.));
#7945=DIRECTION('',(0.,-1.,0.));
#7946=DIRECTION('',(0.,0.,-1.));
#7947=DIRECTION('',(0.,-1.,0.));
#7948=DIRECTION('',(0.,0.,1.));
#7949=DIRECTION('',(0.,-1.,0.));
#7950=DIRECTION('',(1.,0.,0.));
#7951=DIRECTION('',(0.,0.,-1.));
#7952=DIRECTION('',(-0.999891886047579,0.0147042924418766,3.18848516206895E-18));
#7953=DIRECTION('',(-0.0147042924418766,-0.999891886047579,0.));
#7954=DIRECTION('',(0.999891886047579,0.0147042924418766,3.18848516206895E-18));
#7955=DIRECTION('',(-0.0147042924418766,0.999891886047579,0.));
#7956=DIRECTION('',(0.,0.,-1.));
#7957=DIRECTION('',(-1.,0.,0.));
#7958=DIRECTION('',(0.,0.,1.));
#7959=DIRECTION('',(0.,1.,0.));
#7960=DIRECTION('',(0.,0.,1.));
#7961=DIRECTION('',(0.,1.,0.));
#7962=DIRECTION('',(0.,0.,-1.));
#7963=DIRECTION('',(0.,1.,0.));
#7964=DIRECTION('',(0.,0.,1.));
#7965=DIRECTION('',(-1.,0.,0.));
#7966=DIRECTION('',(0.,0.,1.));
#7967=DIRECTION('',(1.,0.,0.));
#7968=DIRECTION('',(0.,1.,0.));
#7969=DIRECTION('',(-1.,0.,0.));
#7970=DIRECTION('',(0.,0.,-1.));
#7971=DIRECTION('',(-1.,0.,0.));
#7972=DIRECTION('',(0.,0.,-1.));
#7973=DIRECTION('',(0.,1.,0.));
#7974=DIRECTION('',(0.,0.,1.));
#7975=DIRECTION('',(-1.,0.,0.));
#7976=DIRECTION('',(0.,0.,1.));
#7977=DIRECTION('',(1.,0.,0.));
#7978=DIRECTION('',(0.,1.,0.));
#7979=DIRECTION('',(-1.,0.,0.));
#7980=DIRECTION('',(0.,0.,-1.));
#7981=DIRECTION('',(-1.,0.,0.));
#7982=DIRECTION('',(0.,0.,1.));
#7983=DIRECTION('',(0.,1.,0.));
#7984=DIRECTION('',(0.,0.,-1.));
#7985=DIRECTION('',(1.,0.,0.));
#7986=DIRECTION('',(0.,0.,-1.));
#7987=DIRECTION('',(1.,0.,0.));
#7988=DIRECTION('',(0.,1.,0.));
#7989=DIRECTION('',(-1.,0.,0.));
#7990=DIRECTION('',(0.,0.,-1.));
#7991=DIRECTION('',(-1.,0.,0.));
#7992=DIRECTION('',(0.,0.,1.));
#7993=DIRECTION('',(0.,1.,0.));
#7994=DIRECTION('',(0.,0.,-1.));
#7995=DIRECTION('',(1.,0.,0.));
#7996=DIRECTION('',(0.,0.,-1.));
#7997=DIRECTION('',(-1.,0.,0.));
#7998=DIRECTION('',(0.,1.,0.));
#7999=DIRECTION('',(1.,0.,0.));
#8000=DIRECTION('',(0.,0.,1.));
#8001=DIRECTION('',(1.,0.,0.));
#8002=DIRECTION('',(0.,0.,1.));
#8003=DIRECTION('',(0.,1.,0.));
#8004=DIRECTION('',(0.,0.,-1.));
#8005=DIRECTION('',(1.,0.,0.));
#8006=DIRECTION('',(0.,0.,-1.));
#8007=DIRECTION('',(-1.,0.,0.));
#8008=DIRECTION('',(0.,1.,0.));
#8009=DIRECTION('',(1.,0.,0.));
#8010=DIRECTION('',(0.,0.,1.));
#8011=DIRECTION('',(1.,0.,0.));
#8012=DIRECTION('',(0.,0.,-1.));
#8013=DIRECTION('',(0.,1.,0.));
#8014=DIRECTION('',(0.,0.,1.));
#8015=DIRECTION('',(-1.,0.,0.));
#8016=DIRECTION('',(0.,0.,1.));
#8017=DIRECTION('',(-1.,0.,0.));
#8018=DIRECTION('',(1.,0.,0.));
#8019=DIRECTION('',(0.,0.,1.));
#8020=DIRECTION('',(1.,0.,0.));
#8021=DIRECTION('',(0.,-1.,0.));
#8022=DIRECTION('',(0.,0.,-1.));
#8023=DIRECTION('',(0.,2.16840434497101E-16,-1.));
#8024=DIRECTION('',(0.,2.16840434497101E-16,-1.));
#8025=DIRECTION('',(1.,0.,0.));
#8026=DIRECTION('',(0.,0.,-1.));
#8027=DIRECTION('',(0.,2.16840434497101E-16,-1.));
#8028=DIRECTION('',(0.,-1.,-2.16840434497101E-16));
#8029=DIRECTION('',(0.,2.16840434497101E-16,-1.));
#8030=DIRECTION('',(0.,2.16840434497101E-16,-1.));
#8031=DIRECTION('',(-1.,0.,0.));
#8032=DIRECTION('',(0.,0.,1.));
#8033=DIRECTION('',(-0.799999999999999,-0.600000000000001,-1.30104260698261E-16));
#8034=DIRECTION('',(0.600000000000001,-0.799999999999999,0.));
#8035=DIRECTION('',(0.8,-0.6,-1.3010426069826E-16));
#8036=DIRECTION('',(0.6,0.8,0.));
#8037=DIRECTION('',(-0.447213595499957,0.774596669241484,0.447213595499958));
#8038=DIRECTION('',(0.447213595499957,-0.774596669241484,-0.447213595499958));
#8039=DIRECTION('',(-0.866025403784439,-0.499999999999999,0.));
#8040=DIRECTION('',(0.,0.,-1.));
#8041=DIRECTION('',(0.447213595499963,-0.774596669241481,-0.447213595499957));
#8042=DIRECTION('',(0.,-0.5,0.866025403784439));
#8043=DIRECTION('',(-1.,0.,0.));
#8044=DIRECTION('',(0.447213595499963,0.774596669241481,0.447213595499957));
#8045=DIRECTION('',(0.,-0.5,0.866025403784439));
#8046=DIRECTION('',(-1.,0.,0.));
#8047=DIRECTION('',(0.447213595499963,-0.774596669241482,0.447213595499956));
#8048=DIRECTION('',(-0.866025403784436,-0.500000000000005,0.));
#8049=DIRECTION('',(0.,0.,-1.));
#8050=DIRECTION('',(0.447213595499963,0.774596669241481,0.447213595499957));
#8051=DIRECTION('',(0.866025403784436,-0.500000000000005,0.));
#8052=DIRECTION('',(0.,0.,1.));
#8053=DIRECTION('',(0.447213595499963,-0.774596669241482,0.447213595499956));
#8054=DIRECTION('',(0.,-0.499999999999999,-0.866025403784439));
#8055=DIRECTION('',(1.,0.,0.));
#8056=DIRECTION('',(0.44721359549996,0.774596669241483,0.447213595499957));
#8057=DIRECTION('',(0.,-0.5,0.866025403784439));
#8058=DIRECTION('',(-1.,0.,0.));
#8059=DIRECTION('',(0.447213595499963,-0.774596669241482,0.447213595499956));
#8060=DIRECTION('',(-0.866025403784436,-0.500000000000005,0.));
#8061=DIRECTION('',(0.,0.,-1.));
#8062=DIRECTION('',(0.44721359549996,0.774596669241483,-0.447213595499957));
#8063=DIRECTION('',(0.866025403784438,-0.500000000000002,0.));
#8064=DIRECTION('',(0.,0.,1.));
#8065=DIRECTION('',(-0.447213595499957,-0.774596669241484,0.447213595499957));
#8066=DIRECTION('',(0.,-0.499999999999999,-0.866025403784439));
#8067=DIRECTION('',(1.,0.,0.));
#8068=DIRECTION('',(0.447213595499957,0.774596669241484,-0.447213595499957));
#8069=DIRECTION('',(0.,-0.499999999999999,-0.866025403784439));
#8070=DIRECTION('',(1.,0.,0.));
#8071=DIRECTION('',(0.866025403784439,-0.499999999999999,0.));
#8072=DIRECTION('',(0.,0.,1.));
#8073=DIRECTION('',(-0.577350269189626,0.577350269189626,0.577350269189625));
#8074=DIRECTION('',(-0.707106781186547,-0.707106781186547,0.));
#8075=DIRECTION('',(0.,0.,1.));
#8076=DIRECTION('',(0.577350269189626,0.577350269189626,0.577350269189625));
#8077=DIRECTION('',(0.,-0.707106781186547,0.707106781186548));
#8078=DIRECTION('',(1.,0.,0.));
#8079=DIRECTION('',(0.707106781186547,-0.707106781186547,0.));
#8080=DIRECTION('',(0.,0.,-1.));
#8081=DIRECTION('',(0.,-1.,0.));
#8082=DIRECTION('',(-0.49827287912244,0.863033942673691,-0.0830454798537404));
#8083=DIRECTION('',(0.164398987305358,0.,-0.986393923832144));
#8084=DIRECTION('',(-0.986393923832144,0.,-0.164398987305358));
#8085=DIRECTION('',(0.,-1.,0.));
#8086=DIRECTION('',(0.,0.,1.));
#8087=DIRECTION('',(-1.,0.,0.));
#8088=DIRECTION('',(0.,0.,1.));
#8089=DIRECTION('',(0.498272879122441,-0.863033942673691,-0.0830454798537394));
#8090=DIRECTION('',(0.164398987305356,0.,0.986393923832144));
#8091=DIRECTION('',(0.986393923832144,0.,-0.164398987305356));
#8092=DIRECTION('',(0.,-1.,0.));
#8093=DIRECTION('',(0.,0.,-1.));
#8094=DIRECTION('',(0.,-1.,0.));
#8095=DIRECTION('',(1.,0.,0.));
#8096=DIRECTION('',(0.,0.,-1.));
#8097=DIRECTION('',(-0.49827287912244,-0.863033942673691,0.0830454798537402));
#8098=DIRECTION('',(-0.164398987305358,0.,-0.986393923832144));
#8099=DIRECTION('',(-0.986393923832144,0.,0.164398987305358));
#8100=DIRECTION('',(0.498272879122441,0.863033942673691,0.0830454798537399));
#8101=DIRECTION('',(-0.164398987305357,0.,0.986393923832144));
#8102=DIRECTION('',(0.986393923832144,0.,0.164398987305357));
#8103=DIRECTION('',(-0.866025403784438,0.500000000000001,0.));
#8104=DIRECTION('',(0.,0.,-1.));
#8105=DIRECTION('',(0.866025403784438,0.500000000000001,0.));
#8106=DIRECTION('',(0.,0.,1.));
#8107=DIRECTION('',(-1.5770213417971E-15,1.,7.39228753967389E-16));
#8108=DIRECTION('',(1.28327505062765E-15,-0.813733471206735,0.581238193719096));
#8109=DIRECTION('',(1.48514709304985E-15,-0.941741911594837,-0.336336396998157));
#8110=DIRECTION('',(1.,1.5770213417971E-15,0.));
#8111=DIRECTION('',(-1.57686363966292E-15,1.,0.));
#8112=DIRECTION('',(1.28327505062766E-15,0.813733471206735,-0.581238193719096));
#8113=DIRECTION('',(-1.5770213417971E-15,-1.,-7.39228753967389E-16));
#8114=DIRECTION('',(1.48514709304985E-15,0.941741911594837,0.336336396998157));
#8115=DIRECTION('',(-1.,1.5770213417971E-15,0.));
#8116=DIRECTION('',(-1.57686363966292E-15,-1.,0.));
#8117=DIRECTION('',(-1.,0.,-3.56210409340086E-31));
#8118=DIRECTION('',(1.,-4.81867632215779E-16,0.));
#8119=DIRECTION('',(3.56210409340086E-31,7.39228753967389E-16,-1.));
#8120=DIRECTION('',(0.,1.,7.39236146254929E-16));
#8121=DIRECTION('',(2.8986033287228E-31,-0.581238193719096,-0.813733471206735));
#8122=DIRECTION('',(1.,0.,0.));
#8123=DIRECTION('',(1.62069623249488E-16,0.336336396998157,-0.941741911594837));
#8124=DIRECTION('',(-1.,4.81819445452558E-16,0.));
#8125=DIRECTION('',(0.,-1.44560289664734E-15,-1.));
#8126=DIRECTION('',(0.,1.,-1.44560289664734E-15));
#8127=DIRECTION('',(0.,0.,1.));
#8128=DIRECTION('',(1.,0.,0.));
#8129=DIRECTION('',(1.,-1.56732580109638E-30,-2.89120579329468E-15));
#8130=DIRECTION('',(-2.89120579329468E-15,0.,-1.));
#8131=DIRECTION('',(0.,-1.,0.));
#8132=DIRECTION('',(0.,0.,-1.));
#8133=DIRECTION('',(1.,0.,0.));
#8134=DIRECTION('',(0.,0.,-1.));
#8135=DIRECTION('',(-1.,0.,0.));
#8136=DIRECTION('',(0.,0.,1.));
#8137=DIRECTION('',(0.,0.,1.));
#8138=DIRECTION('',(1.,0.,0.));
#8139=DIRECTION('',(0.,-1.,0.));
#8140=DIRECTION('',(0.,0.,-1.));
#8141=DIRECTION('',(0.,0.,-1.));
#8142=DIRECTION('',(-1.,0.,0.));
#8143=DIRECTION('',(0.999891886047579,0.0147042924418766,3.18848516206895E-18));
#8144=DIRECTION('',(-0.0147042924418766,0.999891886047579,0.));
#8145=DIRECTION('',(0.999891886047579,0.0147042924418766,3.18848516206895E-18));
#8146=DIRECTION('',(-0.0147042924418766,0.999891886047579,0.));
#8147=DIRECTION('',(0.999891886047579,0.0147042924418766,3.18848516206895E-18));
#8148=DIRECTION('',(-0.0147042924418766,0.999891886047579,0.));
#8149=DIRECTION('',(0.999891886047579,0.0147042924418766,3.18848516206895E-18));
#8150=DIRECTION('',(-0.0147042924418766,0.999891886047579,0.));
#8151=DIRECTION('',(0.999891886047579,0.0147042924418766,3.18848516206895E-18));
#8152=DIRECTION('',(-0.0147042924418766,0.999891886047579,0.));
#8153=DIRECTION('',(0.999891886047579,0.0147042924418766,3.18848516206895E-18));
#8154=DIRECTION('',(-0.0147042924418766,0.999891886047579,0.));
#8155=DIRECTION('',(0.999891886047579,0.0147042924418766,3.18848516206895E-18));
#8156=DIRECTION('',(-0.0147042924418766,0.999891886047579,0.));
#8157=DIRECTION('',(-0.999891886047579,0.0147042924418766,3.18848516206895E-18));
#8158=DIRECTION('',(-0.0147042924418766,-0.999891886047579,0.));
#8159=DIRECTION('',(-0.999891886047579,0.0147042924418766,3.18848516206895E-18));
#8160=DIRECTION('',(-0.0147042924418766,-0.999891886047579,0.));
#8161=DIRECTION('',(-0.999891886047579,0.0147042924418766,3.18848516206895E-18));
#8162=DIRECTION('',(-0.0147042924418766,-0.999891886047579,0.));
#8163=DIRECTION('',(-0.999891886047579,0.0147042924418766,3.18848516206895E-18));
#8164=DIRECTION('',(-0.0147042924418766,-0.999891886047579,0.));
#8165=DIRECTION('',(-0.999891886047579,0.0147042924418766,3.18848516206895E-18));
#8166=DIRECTION('',(-0.0147042924418766,-0.999891886047579,0.));
#8167=DIRECTION('',(-0.999891886047579,0.0147042924418766,3.18848516206895E-18));
#8168=DIRECTION('',(-0.0147042924418766,-0.999891886047579,0.));
#8169=DIRECTION('',(-0.999891886047579,0.0147042924418766,3.18848516206895E-18));
#8170=DIRECTION('',(-0.0147042924418766,-0.999891886047579,0.));
#8171=DIRECTION('',(0.,0.,1.));
#8172=DIRECTION('',(1.,0.,0.));
#8173=DIRECTION('',(0.,0.,-1.));
#8174=DIRECTION('',(0.,1.,0.));
#8175=DIRECTION('',(0.,0.,1.));
#8176=DIRECTION('',(0.,0.,1.));
#8177=DIRECTION('',(1.,0.,0.));
#8178=DIRECTION('',(0.,0.,-1.));
#8179=DIRECTION('',(0.,1.,0.));
#8180=DIRECTION('',(0.,0.,1.));
#8181=DIRECTION('',(0.,0.,1.));
#8182=DIRECTION('',(1.,0.,0.));
#8183=DIRECTION('',(0.,0.,-1.));
#8184=DIRECTION('',(0.,1.,0.));
#8185=DIRECTION('',(0.,0.,1.));
#8186=DIRECTION('',(0.,0.,1.));
#8187=DIRECTION('',(1.,0.,0.));
#8188=DIRECTION('',(0.,0.,-1.));
#8189=DIRECTION('',(0.,1.,0.));
#8190=DIRECTION('',(0.,0.,1.));
#8191=DIRECTION('',(0.,0.,1.));
#8192=DIRECTION('',(1.,0.,0.));
#8193=DIRECTION('',(0.,0.,-1.));
#8194=DIRECTION('',(0.,1.,0.));
#8195=DIRECTION('',(0.,0.,1.));
#8196=DIRECTION('',(0.,0.,1.));
#8197=DIRECTION('',(1.,0.,0.));
#8198=DIRECTION('',(0.,0.,-1.));
#8199=DIRECTION('',(0.,1.,0.));
#8200=DIRECTION('',(0.,0.,1.));
#8201=DIRECTION('',(0.,0.,1.));
#8202=DIRECTION('',(1.,0.,0.));
#8203=DIRECTION('',(0.,0.,-1.));
#8204=DIRECTION('',(0.,1.,0.));
#8205=DIRECTION('',(0.,0.,1.));
#8206=DIRECTION('',(0.,-1.,0.));
#8207=DIRECTION('',(0.,0.,-1.));
#8208=DIRECTION('',(0.,-1.,0.));
#8209=DIRECTION('',(0.,0.,-1.));
#8210=DIRECTION('',(-1.,0.,0.));
#8211=DIRECTION('',(0.,0.,1.));
#8212=DIRECTION('',(1.,0.,0.));
#8213=DIRECTION('',(0.,-1.,0.));
#8214=DIRECTION('',(1.,0.,0.));
#8215=DIRECTION('',(0.,0.,-1.));
#8216=DIRECTION('',(-1.,0.,0.));
#8217=DIRECTION('',(0.,0.,-1.));
#8218=DIRECTION('',(0.,-1.,0.));
#8219=DIRECTION('',(0.,0.,-1.));
#8220=DIRECTION('',(-1.,0.,0.));
#8221=DIRECTION('',(0.,0.,1.));
#8222=DIRECTION('',(1.,0.,0.));
#8223=DIRECTION('',(0.,-1.,0.));
#8224=DIRECTION('',(1.,0.,0.));
#8225=DIRECTION('',(0.,0.,-1.));
#8226=DIRECTION('',(-1.,0.,0.));
#8227=DIRECTION('',(0.,0.,1.));
#8228=DIRECTION('',(0.,-1.,0.));
#8229=DIRECTION('',(0.,0.,1.));
#8230=DIRECTION('',(1.,0.,0.));
#8231=DIRECTION('',(0.,0.,-1.));
#8232=DIRECTION('',(1.,0.,0.));
#8233=DIRECTION('',(0.,-1.,0.));
#8234=DIRECTION('',(1.,0.,0.));
#8235=DIRECTION('',(0.,0.,-1.));
#8236=DIRECTION('',(-1.,0.,0.));
#8237=DIRECTION('',(0.,0.,1.));
#8238=DIRECTION('',(0.,-1.,0.));
#8239=DIRECTION('',(0.,0.,1.));
#8240=DIRECTION('',(1.,0.,0.));
#8241=DIRECTION('',(0.,0.,-1.));
#8242=DIRECTION('',(-1.,0.,0.));
#8243=DIRECTION('',(0.,-1.,0.));
#8244=DIRECTION('',(-1.,0.,0.));
#8245=DIRECTION('',(0.,0.,1.));
#8246=DIRECTION('',(1.,0.,0.));
#8247=DIRECTION('',(0.,0.,1.));
#8248=DIRECTION('',(0.,-1.,0.));
#8249=DIRECTION('',(0.,0.,1.));
#8250=DIRECTION('',(1.,0.,0.));
#8251=DIRECTION('',(0.,0.,-1.));
#8252=DIRECTION('',(-1.,0.,0.));
#8253=DIRECTION('',(0.,-1.,0.));
#8254=DIRECTION('',(-1.,0.,0.));
#8255=DIRECTION('',(0.,0.,1.));
#8256=DIRECTION('',(1.,0.,0.));
#8257=DIRECTION('',(0.,0.,-1.));
#8258=DIRECTION('',(0.,-1.,0.));
#8259=DIRECTION('',(0.,0.,-1.));
#8260=DIRECTION('',(-1.,0.,0.));
#8261=DIRECTION('',(0.,0.,1.));
#8262=DIRECTION('',(-1.,0.,0.));
#8263=DIRECTION('',(-1.,0.,0.));
#8264=DIRECTION('',(0.,0.,1.));
#8265=DIRECTION('',(1.,0.,0.));
#8266=DIRECTION('',(0.,-1.,0.));
#8267=DIRECTION('',(0.,0.,-1.));
#8268=DIRECTION('',(0.,-1.,0.));
#8269=DIRECTION('',(0.,0.,-1.));
#8270=DIRECTION('',(0.,-1.,0.));
#8271=DIRECTION('',(0.,0.,-1.));
#8272=DIRECTION('',(-1.,0.,0.));
#8273=DIRECTION('',(0.,0.,1.));
#8274=DIRECTION('',(1.,0.,0.));
#8275=DIRECTION('',(0.,-1.,0.));
#8276=DIRECTION('',(1.,0.,0.));
#8277=DIRECTION('',(0.,0.,-1.));
#8278=DIRECTION('',(-1.,0.,0.));
#8279=DIRECTION('',(0.,0.,-1.));
#8280=DIRECTION('',(0.,-1.,0.));
#8281=DIRECTION('',(0.,0.,-1.));
#8282=DIRECTION('',(-1.,0.,0.));
#8283=DIRECTION('',(0.,0.,1.));
#8284=DIRECTION('',(1.,0.,0.));
#8285=DIRECTION('',(0.,-1.,0.));
#8286=DIRECTION('',(1.,0.,0.));
#8287=DIRECTION('',(0.,0.,-1.));
#8288=DIRECTION('',(-1.,0.,0.));
#8289=DIRECTION('',(0.,0.,1.));
#8290=DIRECTION('',(0.,-1.,0.));
#8291=DIRECTION('',(0.,0.,1.));
#8292=DIRECTION('',(1.,0.,0.));
#8293=DIRECTION('',(0.,0.,-1.));
#8294=DIRECTION('',(1.,0.,0.));
#8295=DIRECTION('',(0.,-1.,0.));
#8296=DIRECTION('',(1.,0.,0.));
#8297=DIRECTION('',(0.,0.,-1.));
#8298=DIRECTION('',(-1.,0.,0.));
#8299=DIRECTION('',(0.,0.,1.));
#8300=DIRECTION('',(0.,-1.,0.));
#8301=DIRECTION('',(0.,0.,1.));
#8302=DIRECTION('',(1.,0.,0.));
#8303=DIRECTION('',(0.,0.,-1.));
#8304=DIRECTION('',(-1.,0.,0.));
#8305=DIRECTION('',(0.,-1.,0.));
#8306=DIRECTION('',(-1.,0.,0.));
#8307=DIRECTION('',(0.,0.,1.));
#8308=DIRECTION('',(1.,0.,0.));
#8309=DIRECTION('',(0.,0.,1.));
#8310=DIRECTION('',(0.,-1.,0.));
#8311=DIRECTION('',(0.,0.,1.));
#8312=DIRECTION('',(1.,0.,0.));
#8313=DIRECTION('',(0.,0.,-1.));
#8314=DIRECTION('',(-1.,0.,0.));
#8315=DIRECTION('',(0.,-1.,0.));
#8316=DIRECTION('',(-1.,0.,0.));
#8317=DIRECTION('',(0.,0.,1.));
#8318=DIRECTION('',(1.,0.,0.));
#8319=DIRECTION('',(0.,0.,-1.));
#8320=DIRECTION('',(0.,-1.,0.));
#8321=DIRECTION('',(0.,0.,-1.));
#8322=DIRECTION('',(-1.,0.,0.));
#8323=DIRECTION('',(0.,0.,1.));
#8324=DIRECTION('',(-1.,0.,0.));
#8325=DIRECTION('',(-1.,0.,0.));
#8326=DIRECTION('',(0.,0.,1.));
#8327=DIRECTION('',(1.,0.,0.));
#8328=DIRECTION('',(0.,-1.,0.));
#8329=DIRECTION('',(0.,0.,-1.));
#8330=DIRECTION('',(0.,-1.,0.));
#8331=DIRECTION('',(0.,0.,-1.));
#8332=DIRECTION('',(0.,-1.,0.));
#8333=DIRECTION('',(0.,0.,-1.));
#8334=DIRECTION('',(-1.,0.,0.));
#8335=DIRECTION('',(0.,0.,1.));
#8336=DIRECTION('',(1.,0.,0.));
#8337=DIRECTION('',(0.,-1.,0.));
#8338=DIRECTION('',(1.,0.,0.));
#8339=DIRECTION('',(0.,0.,-1.));
#8340=DIRECTION('',(-1.,0.,0.));
#8341=DIRECTION('',(0.,0.,-1.));
#8342=DIRECTION('',(0.,-1.,0.));
#8343=DIRECTION('',(0.,0.,-1.));
#8344=DIRECTION('',(-1.,0.,0.));
#8345=DIRECTION('',(0.,0.,1.));
#8346=DIRECTION('',(1.,0.,0.));
#8347=DIRECTION('',(0.,-1.,0.));
#8348=DIRECTION('',(1.,0.,0.));
#8349=DIRECTION('',(0.,0.,-1.));
#8350=DIRECTION('',(-1.,0.,0.));
#8351=DIRECTION('',(0.,0.,1.));
#8352=DIRECTION('',(0.,-1.,0.));
#8353=DIRECTION('',(0.,0.,1.));
#8354=DIRECTION('',(1.,0.,0.));
#8355=DIRECTION('',(0.,0.,-1.));
#8356=DIRECTION('',(1.,0.,0.));
#8357=DIRECTION('',(0.,-1.,0.));
#8358=DIRECTION('',(1.,0.,0.));
#8359=DIRECTION('',(0.,0.,-1.));
#8360=DIRECTION('',(-1.,0.,0.));
#8361=DIRECTION('',(0.,0.,1.));
#8362=DIRECTION('',(0.,-1.,0.));
#8363=DIRECTION('',(0.,0.,1.));
#8364=DIRECTION('',(1.,0.,0.));
#8365=DIRECTION('',(0.,0.,-1.));
#8366=DIRECTION('',(-1.,0.,0.));
#8367=DIRECTION('',(0.,-1.,0.));
#8368=DIRECTION('',(-1.,0.,0.));
#8369=DIRECTION('',(0.,0.,1.));
#8370=DIRECTION('',(1.,0.,0.));
#8371=DIRECTION('',(0.,0.,1.));
#8372=DIRECTION('',(0.,-1.,0.));
#8373=DIRECTION('',(0.,0.,1.));
#8374=DIRECTION('',(1.,0.,0.));
#8375=DIRECTION('',(0.,0.,-1.));
#8376=DIRECTION('',(-1.,0.,0.));
#8377=DIRECTION('',(0.,-1.,0.));
#8378=DIRECTION('',(-1.,0.,0.));
#8379=DIRECTION('',(0.,0.,1.));
#8380=DIRECTION('',(1.,0.,0.));
#8381=DIRECTION('',(0.,0.,-1.));
#8382=DIRECTION('',(0.,-1.,0.));
#8383=DIRECTION('',(0.,0.,-1.));
#8384=DIRECTION('',(-1.,0.,0.));
#8385=DIRECTION('',(0.,0.,1.));
#8386=DIRECTION('',(-1.,0.,0.));
#8387=DIRECTION('',(-1.,0.,0.));
#8388=DIRECTION('',(0.,0.,1.));
#8389=DIRECTION('',(1.,0.,0.));
#8390=DIRECTION('',(0.,-1.,0.));
#8391=DIRECTION('',(0.,0.,-1.));
#8392=DIRECTION('',(0.,-1.,0.));
#8393=DIRECTION('',(0.,0.,-1.));
#8394=DIRECTION('',(0.,-1.,0.));
#8395=DIRECTION('',(0.,0.,-1.));
#8396=DIRECTION('',(-1.,0.,0.));
#8397=DIRECTION('',(0.,0.,1.));
#8398=DIRECTION('',(1.,0.,0.));
#8399=DIRECTION('',(0.,-1.,0.));
#8400=DIRECTION('',(1.,0.,0.));
#8401=DIRECTION('',(0.,0.,-1.));
#8402=DIRECTION('',(-1.,0.,0.));
#8403=DIRECTION('',(0.,0.,-1.));
#8404=DIRECTION('',(0.,-1.,0.));
#8405=DIRECTION('',(0.,0.,-1.));
#8406=DIRECTION('',(-1.,0.,0.));
#8407=DIRECTION('',(0.,0.,1.));
#8408=DIRECTION('',(1.,0.,0.));
#8409=DIRECTION('',(0.,-1.,0.));
#8410=DIRECTION('',(1.,0.,0.));
#8411=DIRECTION('',(0.,0.,-1.));
#8412=DIRECTION('',(-1.,0.,0.));
#8413=DIRECTION('',(0.,0.,1.));
#8414=DIRECTION('',(0.,-1.,0.));
#8415=DIRECTION('',(0.,0.,1.));
#8416=DIRECTION('',(1.,0.,0.));
#8417=DIRECTION('',(0.,0.,-1.));
#8418=DIRECTION('',(1.,0.,0.));
#8419=DIRECTION('',(0.,-1.,0.));
#8420=DIRECTION('',(1.,0.,0.));
#8421=DIRECTION('',(0.,0.,-1.));
#8422=DIRECTION('',(-1.,0.,0.));
#8423=DIRECTION('',(0.,0.,1.));
#8424=DIRECTION('',(0.,-1.,0.));
#8425=DIRECTION('',(0.,0.,1.));
#8426=DIRECTION('',(1.,0.,0.));
#8427=DIRECTION('',(0.,0.,-1.));
#8428=DIRECTION('',(-1.,0.,0.));
#8429=DIRECTION('',(0.,-1.,0.));
#8430=DIRECTION('',(-1.,0.,0.));
#8431=DIRECTION('',(0.,0.,1.));
#8432=DIRECTION('',(1.,0.,0.));
#8433=DIRECTION('',(0.,0.,1.));
#8434=DIRECTION('',(0.,-1.,0.));
#8435=DIRECTION('',(0.,0.,1.));
#8436=DIRECTION('',(1.,0.,0.));
#8437=DIRECTION('',(0.,0.,-1.));
#8438=DIRECTION('',(-1.,0.,0.));
#8439=DIRECTION('',(0.,-1.,0.));
#8440=DIRECTION('',(-1.,0.,0.));
#8441=DIRECTION('',(0.,0.,1.));
#8442=DIRECTION('',(1.,0.,0.));
#8443=DIRECTION('',(0.,0.,-1.));
#8444=DIRECTION('',(0.,-1.,0.));
#8445=DIRECTION('',(0.,0.,-1.));
#8446=DIRECTION('',(-1.,0.,0.));
#8447=DIRECTION('',(0.,0.,1.));
#8448=DIRECTION('',(-1.,0.,0.));
#8449=DIRECTION('',(-1.,0.,0.));
#8450=DIRECTION('',(0.,0.,1.));
#8451=DIRECTION('',(1.,0.,0.));
#8452=DIRECTION('',(0.,-1.,0.));
#8453=DIRECTION('',(0.,0.,-1.));
#8454=DIRECTION('',(0.,-1.,0.));
#8455=DIRECTION('',(0.,0.,-1.));
#8456=DIRECTION('',(0.,-1.,0.));
#8457=DIRECTION('',(0.,0.,-1.));
#8458=DIRECTION('',(-1.,0.,0.));
#8459=DIRECTION('',(0.,0.,1.));
#8460=DIRECTION('',(1.,0.,0.));
#8461=DIRECTION('',(0.,-1.,0.));
#8462=DIRECTION('',(1.,0.,0.));
#8463=DIRECTION('',(0.,0.,-1.));
#8464=DIRECTION('',(-1.,0.,0.));
#8465=DIRECTION('',(0.,0.,-1.));
#8466=DIRECTION('',(0.,-1.,0.));
#8467=DIRECTION('',(0.,0.,-1.));
#8468=DIRECTION('',(-1.,0.,0.));
#8469=DIRECTION('',(0.,0.,1.));
#8470=DIRECTION('',(1.,0.,0.));
#8471=DIRECTION('',(0.,-1.,0.));
#8472=DIRECTION('',(1.,0.,0.));
#8473=DIRECTION('',(0.,0.,-1.));
#8474=DIRECTION('',(-1.,0.,0.));
#8475=DIRECTION('',(0.,0.,1.));
#8476=DIRECTION('',(0.,-1.,0.));
#8477=DIRECTION('',(0.,0.,1.));
#8478=DIRECTION('',(1.,0.,0.));
#8479=DIRECTION('',(0.,0.,-1.));
#8480=DIRECTION('',(1.,0.,0.));
#8481=DIRECTION('',(0.,-1.,0.));
#8482=DIRECTION('',(1.,0.,0.));
#8483=DIRECTION('',(0.,0.,-1.));
#8484=DIRECTION('',(-1.,0.,0.));
#8485=DIRECTION('',(0.,0.,1.));
#8486=DIRECTION('',(0.,-1.,0.));
#8487=DIRECTION('',(0.,0.,1.));
#8488=DIRECTION('',(1.,0.,0.));
#8489=DIRECTION('',(0.,0.,-1.));
#8490=DIRECTION('',(-1.,0.,0.));
#8491=DIRECTION('',(0.,-1.,0.));
#8492=DIRECTION('',(-1.,0.,0.));
#8493=DIRECTION('',(0.,0.,1.));
#8494=DIRECTION('',(1.,0.,0.));
#8495=DIRECTION('',(0.,0.,1.));
#8496=DIRECTION('',(0.,-1.,0.));
#8497=DIRECTION('',(0.,0.,1.));
#8498=DIRECTION('',(1.,0.,0.));
#8499=DIRECTION('',(0.,0.,-1.));
#8500=DIRECTION('',(-1.,0.,0.));
#8501=DIRECTION('',(0.,-1.,0.));
#8502=DIRECTION('',(-1.,0.,0.));
#8503=DIRECTION('',(0.,0.,1.));
#8504=DIRECTION('',(1.,0.,0.));
#8505=DIRECTION('',(0.,0.,-1.));
#8506=DIRECTION('',(0.,-1.,0.));
#8507=DIRECTION('',(0.,0.,-1.));
#8508=DIRECTION('',(-1.,0.,0.));
#8509=DIRECTION('',(0.,0.,1.));
#8510=DIRECTION('',(-1.,0.,0.));
#8511=DIRECTION('',(-1.,0.,0.));
#8512=DIRECTION('',(0.,0.,1.));
#8513=DIRECTION('',(1.,0.,0.));
#8514=DIRECTION('',(0.,-1.,0.));
#8515=DIRECTION('',(0.,0.,-1.));
#8516=DIRECTION('',(0.,-1.,0.));
#8517=DIRECTION('',(0.,0.,-1.));
#8518=DIRECTION('',(0.,-1.,0.));
#8519=DIRECTION('',(0.,0.,-1.));
#8520=DIRECTION('',(-1.,0.,0.));
#8521=DIRECTION('',(0.,0.,1.));
#8522=DIRECTION('',(1.,0.,0.));
#8523=DIRECTION('',(0.,-1.,0.));
#8524=DIRECTION('',(1.,0.,0.));
#8525=DIRECTION('',(0.,0.,-1.));
#8526=DIRECTION('',(-1.,0.,0.));
#8527=DIRECTION('',(0.,0.,-1.));
#8528=DIRECTION('',(0.,-1.,0.));
#8529=DIRECTION('',(0.,0.,-1.));
#8530=DIRECTION('',(-1.,0.,0.));
#8531=DIRECTION('',(0.,0.,1.));
#8532=DIRECTION('',(1.,0.,0.));
#8533=DIRECTION('',(0.,-1.,0.));
#8534=DIRECTION('',(1.,0.,0.));
#8535=DIRECTION('',(0.,0.,-1.));
#8536=DIRECTION('',(-1.,0.,0.));
#8537=DIRECTION('',(0.,0.,1.));
#8538=DIRECTION('',(0.,-1.,0.));
#8539=DIRECTION('',(0.,0.,1.));
#8540=DIRECTION('',(1.,0.,0.));
#8541=DIRECTION('',(0.,0.,-1.));
#8542=DIRECTION('',(1.,0.,0.));
#8543=DIRECTION('',(0.,-1.,0.));
#8544=DIRECTION('',(1.,0.,0.));
#8545=DIRECTION('',(0.,0.,-1.));
#8546=DIRECTION('',(-1.,0.,0.));
#8547=DIRECTION('',(0.,0.,1.));
#8548=DIRECTION('',(0.,-1.,0.));
#8549=DIRECTION('',(0.,0.,1.));
#8550=DIRECTION('',(1.,0.,0.));
#8551=DIRECTION('',(0.,0.,-1.));
#8552=DIRECTION('',(-1.,0.,0.));
#8553=DIRECTION('',(0.,-1.,0.));
#8554=DIRECTION('',(-1.,0.,0.));
#8555=DIRECTION('',(0.,0.,1.));
#8556=DIRECTION('',(1.,0.,0.));
#8557=DIRECTION('',(0.,0.,1.));
#8558=DIRECTION('',(0.,-1.,0.));
#8559=DIRECTION('',(0.,0.,1.));
#8560=DIRECTION('',(1.,0.,0.));
#8561=DIRECTION('',(0.,0.,-1.));
#8562=DIRECTION('',(-1.,0.,0.));
#8563=DIRECTION('',(0.,-1.,0.));
#8564=DIRECTION('',(-1.,0.,0.));
#8565=DIRECTION('',(0.,0.,1.));
#8566=DIRECTION('',(1.,0.,0.));
#8567=DIRECTION('',(0.,0.,-1.));
#8568=DIRECTION('',(0.,-1.,0.));
#8569=DIRECTION('',(0.,0.,-1.));
#8570=DIRECTION('',(-1.,0.,0.));
#8571=DIRECTION('',(0.,0.,1.));
#8572=DIRECTION('',(-1.,0.,0.));
#8573=DIRECTION('',(-1.,0.,0.));
#8574=DIRECTION('',(0.,0.,1.));
#8575=DIRECTION('',(1.,0.,0.));
#8576=DIRECTION('',(0.,-1.,0.));
#8577=DIRECTION('',(0.,0.,-1.));
#8578=DIRECTION('',(0.,-1.,0.));
#8579=DIRECTION('',(0.,0.,-1.));
#8580=DIRECTION('',(0.,-1.,0.));
#8581=DIRECTION('',(0.,0.,-1.));
#8582=DIRECTION('',(-1.,0.,0.));
#8583=DIRECTION('',(0.,0.,1.));
#8584=DIRECTION('',(1.,0.,0.));
#8585=DIRECTION('',(0.,-1.,0.));
#8586=DIRECTION('',(1.,0.,0.));
#8587=DIRECTION('',(0.,0.,-1.));
#8588=DIRECTION('',(-1.,0.,0.));
#8589=DIRECTION('',(0.,0.,-1.));
#8590=DIRECTION('',(0.,-1.,0.));
#8591=DIRECTION('',(0.,0.,-1.));
#8592=DIRECTION('',(-1.,0.,0.));
#8593=DIRECTION('',(0.,0.,1.));
#8594=DIRECTION('',(1.,0.,0.));
#8595=DIRECTION('',(0.,-1.,0.));
#8596=DIRECTION('',(1.,0.,0.));
#8597=DIRECTION('',(0.,0.,-1.));
#8598=DIRECTION('',(-1.,0.,0.));
#8599=DIRECTION('',(0.,0.,1.));
#8600=DIRECTION('',(0.,-1.,0.));
#8601=DIRECTION('',(0.,0.,1.));
#8602=DIRECTION('',(1.,0.,0.));
#8603=DIRECTION('',(0.,0.,-1.));
#8604=DIRECTION('',(1.,0.,0.));
#8605=DIRECTION('',(0.,-1.,0.));
#8606=DIRECTION('',(1.,0.,0.));
#8607=DIRECTION('',(0.,0.,-1.));
#8608=DIRECTION('',(-1.,0.,0.));
#8609=DIRECTION('',(0.,0.,1.));
#8610=DIRECTION('',(0.,-1.,0.));
#8611=DIRECTION('',(0.,0.,1.));
#8612=DIRECTION('',(1.,0.,0.));
#8613=DIRECTION('',(0.,0.,-1.));
#8614=DIRECTION('',(-1.,0.,0.));
#8615=DIRECTION('',(0.,-1.,0.));
#8616=DIRECTION('',(-1.,0.,0.));
#8617=DIRECTION('',(0.,0.,1.));
#8618=DIRECTION('',(1.,0.,0.));
#8619=DIRECTION('',(0.,0.,1.));
#8620=DIRECTION('',(0.,-1.,0.));
#8621=DIRECTION('',(0.,0.,1.));
#8622=DIRECTION('',(1.,0.,0.));
#8623=DIRECTION('',(0.,0.,-1.));
#8624=DIRECTION('',(-1.,0.,0.));
#8625=DIRECTION('',(0.,-1.,0.));
#8626=DIRECTION('',(-1.,0.,0.));
#8627=DIRECTION('',(0.,0.,1.));
#8628=DIRECTION('',(1.,0.,0.));
#8629=DIRECTION('',(0.,0.,-1.));
#8630=DIRECTION('',(0.,-1.,0.));
#8631=DIRECTION('',(0.,0.,-1.));
#8632=DIRECTION('',(-1.,0.,0.));
#8633=DIRECTION('',(0.,0.,1.));
#8634=DIRECTION('',(-1.,0.,0.));
#8635=DIRECTION('',(-1.,0.,0.));
#8636=DIRECTION('',(0.,0.,1.));
#8637=DIRECTION('',(1.,0.,0.));
#8638=DIRECTION('',(0.,-1.,0.));
#8639=DIRECTION('',(0.,0.,-1.));
#8640=DIRECTION('',(0.,-2.16840434497101E-16,1.));
#8641=DIRECTION('',(0.,-2.16840434497101E-16,1.));
#8642=DIRECTION('',(1.,0.,0.));
#8643=DIRECTION('',(0.,0.,-1.));
#8644=DIRECTION('',(0.,-2.16840434497101E-16,1.));
#8645=DIRECTION('',(0.,-1.,-2.16840434497101E-16));
#8646=DIRECTION('',(0.,2.16840434497101E-16,-1.));
#8647=DIRECTION('',(0.,-2.16840434497101E-16,1.));
#8648=DIRECTION('',(-1.,0.,0.));
#8649=DIRECTION('',(0.,0.,1.));
#8650=DIRECTION('',(-0.799999999999999,-0.600000000000001,-1.30104260698261E-16));
#8651=DIRECTION('',(0.600000000000001,-0.799999999999999,0.));
#8652=DIRECTION('',(0.8,-0.6,-1.3010426069826E-16));
#8653=DIRECTION('',(0.6,0.8,0.));
#8654=DIRECTION('',(0.,-2.16840434497101E-16,1.));
#8655=DIRECTION('',(0.,-2.16840434497101E-16,1.));
#8656=DIRECTION('',(1.,0.,0.));
#8657=DIRECTION('',(0.,0.,-1.));
#8658=DIRECTION('',(0.,-2.16840434497101E-16,1.));
#8659=DIRECTION('',(0.,-1.,-2.16840434497101E-16));
#8660=DIRECTION('',(0.,2.16840434497101E-16,-1.));
#8661=DIRECTION('',(0.,-2.16840434497101E-16,1.));
#8662=DIRECTION('',(-1.,0.,0.));
#8663=DIRECTION('',(0.,0.,1.));
#8664=DIRECTION('',(-0.799999999999999,-0.600000000000001,-1.30104260698261E-16));
#8665=DIRECTION('',(0.600000000000001,-0.799999999999999,0.));
#8666=DIRECTION('',(0.8,-0.6,-1.3010426069826E-16));
#8667=DIRECTION('',(0.6,0.8,0.));
#8668=DIRECTION('',(0.,-2.16840434497101E-16,1.));
#8669=DIRECTION('',(0.,-2.16840434497101E-16,1.));
#8670=DIRECTION('',(1.,0.,0.));
#8671=DIRECTION('',(0.,0.,-1.));
#8672=DIRECTION('',(0.,-2.16840434497101E-16,1.));
#8673=DIRECTION('',(0.,-1.,-2.16840434497101E-16));
#8674=DIRECTION('',(0.,2.16840434497101E-16,-1.));
#8675=DIRECTION('',(0.,-2.16840434497101E-16,1.));
#8676=DIRECTION('',(-1.,0.,0.));
#8677=DIRECTION('',(0.,0.,1.));
#8678=DIRECTION('',(-0.799999999999999,-0.600000000000001,-1.30104260698261E-16));
#8679=DIRECTION('',(0.600000000000001,-0.799999999999999,0.));
#8680=DIRECTION('',(0.8,-0.6,-1.3010426069826E-16));
#8681=DIRECTION('',(0.6,0.8,0.));
#8682=DIRECTION('',(0.,-2.16840434497101E-16,1.));
#8683=DIRECTION('',(0.,-2.16840434497101E-16,1.));
#8684=DIRECTION('',(1.,0.,0.));
#8685=DIRECTION('',(0.,0.,-1.));
#8686=DIRECTION('',(0.,-2.16840434497101E-16,1.));
#8687=DIRECTION('',(0.,-1.,-2.16840434497101E-16));
#8688=DIRECTION('',(0.,2.16840434497101E-16,-1.));
#8689=DIRECTION('',(0.,-2.16840434497101E-16,1.));
#8690=DIRECTION('',(-1.,0.,0.));
#8691=DIRECTION('',(0.,0.,1.));
#8692=DIRECTION('',(-0.799999999999999,-0.600000000000001,-1.30104260698261E-16));
#8693=DIRECTION('',(0.600000000000001,-0.799999999999999,0.));
#8694=DIRECTION('',(0.8,-0.6,-1.3010426069826E-16));
#8695=DIRECTION('',(0.6,0.8,0.));
#8696=DIRECTION('',(0.,-2.16840434497101E-16,1.));
#8697=DIRECTION('',(0.,-2.16840434497101E-16,1.));
#8698=DIRECTION('',(1.,0.,0.));
#8699=DIRECTION('',(0.,0.,-1.));
#8700=DIRECTION('',(0.,-2.16840434497101E-16,1.));
#8701=DIRECTION('',(0.,-1.,-2.16840434497101E-16));
#8702=DIRECTION('',(0.,2.16840434497101E-16,-1.));
#8703=DIRECTION('',(0.,-2.16840434497101E-16,1.));
#8704=DIRECTION('',(-1.,0.,0.));
#8705=DIRECTION('',(0.,0.,1.));
#8706=DIRECTION('',(-0.799999999999999,-0.600000000000001,-1.30104260698261E-16));
#8707=DIRECTION('',(0.600000000000001,-0.799999999999999,0.));
#8708=DIRECTION('',(0.8,-0.6,-1.3010426069826E-16));
#8709=DIRECTION('',(0.6,0.8,0.));
#8710=DIRECTION('',(0.,-2.16840434497101E-16,1.));
#8711=DIRECTION('',(0.,-2.16840434497101E-16,1.));
#8712=DIRECTION('',(1.,0.,0.));
#8713=DIRECTION('',(0.,0.,-1.));
#8714=DIRECTION('',(0.,-2.16840434497101E-16,1.));
#8715=DIRECTION('',(0.,-1.,-2.16840434497101E-16));
#8716=DIRECTION('',(0.,2.16840434497101E-16,-1.));
#8717=DIRECTION('',(0.,-2.16840434497101E-16,1.));
#8718=DIRECTION('',(-1.,0.,0.));
#8719=DIRECTION('',(0.,0.,1.));
#8720=DIRECTION('',(-0.799999999999999,-0.600000000000001,-1.30104260698261E-16));
#8721=DIRECTION('',(0.600000000000001,-0.799999999999999,0.));
#8722=DIRECTION('',(0.8,-0.6,-1.3010426069826E-16));
#8723=DIRECTION('',(0.6,0.8,0.));
#8724=DIRECTION('',(0.,-2.16840434497101E-16,1.));
#8725=DIRECTION('',(0.,-2.16840434497101E-16,1.));
#8726=DIRECTION('',(1.,0.,0.));
#8727=DIRECTION('',(0.,0.,-1.));
#8728=DIRECTION('',(0.,-2.16840434497101E-16,1.));
#8729=DIRECTION('',(0.,-1.,-2.16840434497101E-16));
#8730=DIRECTION('',(0.,2.16840434497101E-16,-1.));
#8731=DIRECTION('',(0.,-2.16840434497101E-16,1.));
#8732=DIRECTION('',(-1.,0.,0.));
#8733=DIRECTION('',(0.,0.,1.));
#8734=DIRECTION('',(-0.799999999999999,-0.600000000000001,-1.30104260698261E-16));
#8735=DIRECTION('',(0.600000000000001,-0.799999999999999,0.));
#8736=DIRECTION('',(0.8,-0.6,-1.3010426069826E-16));
#8737=DIRECTION('',(0.6,0.8,0.));
#8738=DIRECTION('',(-0.447213595499957,0.774596669241484,0.447213595499958));
#8739=DIRECTION('',(0.447213595499957,-0.774596669241484,-0.447213595499958));
#8740=DIRECTION('',(-0.866025403784439,-0.499999999999999,0.));
#8741=DIRECTION('',(0.,0.,-1.));
#8742=DIRECTION('',(0.447213595499957,-0.774596669241484,-0.447213595499958));
#8743=DIRECTION('',(0.,-0.5,0.866025403784439));
#8744=DIRECTION('',(-1.,0.,0.));
#8745=DIRECTION('',(0.447213595499957,0.774596669241484,0.447213595499958));
#8746=DIRECTION('',(0.,-0.5,0.866025403784439));
#8747=DIRECTION('',(-1.,0.,0.));
#8748=DIRECTION('',(0.447213595499957,-0.774596669241484,0.447213595499957));
#8749=DIRECTION('',(-0.866025403784439,-0.499999999999999,0.));
#8750=DIRECTION('',(0.,0.,-1.));
#8751=DIRECTION('',(0.447213595499957,0.774596669241484,0.447213595499958));
#8752=DIRECTION('',(0.866025403784439,-0.499999999999999,0.));
#8753=DIRECTION('',(0.,0.,1.));
#8754=DIRECTION('',(0.447213595499957,-0.774596669241484,0.447213595499957));
#8755=DIRECTION('',(0.,-0.499999999999999,-0.866025403784439));
#8756=DIRECTION('',(1.,0.,0.));
#8757=DIRECTION('',(0.447213595499957,0.774596669241484,0.447213595499958));
#8758=DIRECTION('',(0.,-0.5,0.866025403784439));
#8759=DIRECTION('',(-1.,0.,0.));
#8760=DIRECTION('',(0.447213595499957,-0.774596669241484,0.447213595499957));
#8761=DIRECTION('',(-0.866025403784439,-0.499999999999999,0.));
#8762=DIRECTION('',(0.,0.,-1.));
#8763=DIRECTION('',(0.447213595499957,0.774596669241484,-0.447213595499957));
#8764=DIRECTION('',(0.866025403784439,-0.499999999999999,0.));
#8765=DIRECTION('',(0.,0.,1.));
#8766=DIRECTION('',(-0.447213595499957,-0.774596669241484,0.447213595499957));
#8767=DIRECTION('',(0.,-0.499999999999999,-0.866025403784439));
#8768=DIRECTION('',(1.,0.,0.));
#8769=DIRECTION('',(0.447213595499957,0.774596669241484,-0.447213595499957));
#8770=DIRECTION('',(0.,-0.499999999999999,-0.866025403784439));
#8771=DIRECTION('',(1.,0.,0.));
#8772=DIRECTION('',(0.866025403784439,-0.499999999999999,0.));
#8773=DIRECTION('',(0.,0.,1.));
#8774=DIRECTION('',(-0.447213595499957,0.774596669241484,0.447213595499958));
#8775=DIRECTION('',(0.447213595499957,-0.774596669241484,-0.447213595499958));
#8776=DIRECTION('',(-0.866025403784439,-0.499999999999999,0.));
#8777=DIRECTION('',(0.,0.,-1.));
#8778=DIRECTION('',(0.447213595499957,-0.774596669241484,-0.447213595499958));
#8779=DIRECTION('',(0.,-0.5,0.866025403784439));
#8780=DIRECTION('',(-1.,0.,0.));
#8781=DIRECTION('',(0.447213595499957,0.774596669241484,0.447213595499958));
#8782=DIRECTION('',(0.,-0.5,0.866025403784439));
#8783=DIRECTION('',(-1.,0.,0.));
#8784=DIRECTION('',(0.447213595499957,-0.774596669241484,0.447213595499957));
#8785=DIRECTION('',(-0.866025403784439,-0.499999999999999,0.));
#8786=DIRECTION('',(0.,0.,-1.));
#8787=DIRECTION('',(0.447213595499957,0.774596669241484,0.447213595499958));
#8788=DIRECTION('',(0.866025403784439,-0.499999999999999,0.));
#8789=DIRECTION('',(0.,0.,1.));
#8790=DIRECTION('',(0.447213595499957,-0.774596669241484,0.447213595499957));
#8791=DIRECTION('',(0.,-0.499999999999999,-0.866025403784439));
#8792=DIRECTION('',(1.,0.,0.));
#8793=DIRECTION('',(0.447213595499957,0.774596669241484,0.447213595499958));
#8794=DIRECTION('',(0.,-0.5,0.866025403784439));
#8795=DIRECTION('',(-1.,0.,0.));
#8796=DIRECTION('',(0.447213595499957,-0.774596669241484,0.447213595499957));
#8797=DIRECTION('',(-0.866025403784439,-0.499999999999999,0.));
#8798=DIRECTION('',(0.,0.,-1.));
#8799=DIRECTION('',(0.447213595499957,0.774596669241484,-0.447213595499957));
#8800=DIRECTION('',(0.866025403784439,-0.499999999999999,0.));
#8801=DIRECTION('',(0.,0.,1.));
#8802=DIRECTION('',(-0.447213595499957,-0.774596669241484,0.447213595499957));
#8803=DIRECTION('',(0.,-0.499999999999999,-0.866025403784439));
#8804=DIRECTION('',(1.,0.,0.));
#8805=DIRECTION('',(0.447213595499957,0.774596669241484,-0.447213595499957));
#8806=DIRECTION('',(0.,-0.499999999999999,-0.866025403784439));
#8807=DIRECTION('',(1.,0.,0.));
#8808=DIRECTION('',(0.866025403784439,-0.499999999999999,0.));
#8809=DIRECTION('',(0.,0.,1.));
#8810=DIRECTION('',(-0.447213595499957,0.774596669241484,0.447213595499958));
#8811=DIRECTION('',(0.447213595499957,-0.774596669241484,-0.447213595499958));
#8812=DIRECTION('',(-0.866025403784439,-0.499999999999999,0.));
#8813=DIRECTION('',(0.,0.,-1.));
#8814=DIRECTION('',(0.447213595499957,-0.774596669241484,-0.447213595499958));
#8815=DIRECTION('',(0.,-0.5,0.866025403784439));
#8816=DIRECTION('',(-1.,0.,0.));
#8817=DIRECTION('',(0.447213595499957,0.774596669241484,0.447213595499958));
#8818=DIRECTION('',(0.,-0.5,0.866025403784439));
#8819=DIRECTION('',(-1.,0.,0.));
#8820=DIRECTION('',(0.447213595499957,-0.774596669241484,0.447213595499957));
#8821=DIRECTION('',(-0.866025403784439,-0.499999999999999,0.));
#8822=DIRECTION('',(0.,0.,-1.));
#8823=DIRECTION('',(0.447213595499957,0.774596669241484,0.447213595499958));
#8824=DIRECTION('',(0.866025403784439,-0.499999999999999,0.));
#8825=DIRECTION('',(0.,0.,1.));
#8826=DIRECTION('',(0.447213595499957,-0.774596669241484,0.447213595499957));
#8827=DIRECTION('',(0.,-0.499999999999999,-0.866025403784439));
#8828=DIRECTION('',(1.,0.,0.));
#8829=DIRECTION('',(0.447213595499957,0.774596669241484,0.447213595499958));
#8830=DIRECTION('',(0.,-0.5,0.866025403784439));
#8831=DIRECTION('',(-1.,0.,0.));
#8832=DIRECTION('',(0.447213595499957,-0.774596669241484,0.447213595499957));
#8833=DIRECTION('',(-0.866025403784439,-0.499999999999999,0.));
#8834=DIRECTION('',(0.,0.,-1.));
#8835=DIRECTION('',(0.447213595499957,0.774596669241484,-0.447213595499957));
#8836=DIRECTION('',(0.866025403784439,-0.499999999999999,0.));
#8837=DIRECTION('',(0.,0.,1.));
#8838=DIRECTION('',(-0.447213595499957,-0.774596669241484,0.447213595499957));
#8839=DIRECTION('',(0.,-0.499999999999999,-0.866025403784439));
#8840=DIRECTION('',(1.,0.,0.));
#8841=DIRECTION('',(0.447213595499957,0.774596669241484,-0.447213595499957));
#8842=DIRECTION('',(0.,-0.499999999999999,-0.866025403784439));
#8843=DIRECTION('',(1.,0.,0.));
#8844=DIRECTION('',(0.866025403784439,-0.499999999999999,0.));
#8845=DIRECTION('',(0.,0.,1.));
#8846=DIRECTION('',(-0.447213595499957,0.774596669241484,0.447213595499958));
#8847=DIRECTION('',(0.447213595499957,-0.774596669241484,-0.447213595499958));
#8848=DIRECTION('',(-0.866025403784439,-0.499999999999999,0.));
#8849=DIRECTION('',(0.,0.,-1.));
#8850=DIRECTION('',(0.447213595499957,-0.774596669241484,-0.447213595499958));
#8851=DIRECTION('',(0.,-0.5,0.866025403784439));
#8852=DIRECTION('',(-1.,0.,0.));
#8853=DIRECTION('',(0.447213595499957,0.774596669241484,0.447213595499958));
#8854=DIRECTION('',(0.,-0.5,0.866025403784439));
#8855=DIRECTION('',(-1.,0.,0.));
#8856=DIRECTION('',(0.447213595499957,-0.774596669241484,0.447213595499957));
#8857=DIRECTION('',(-0.866025403784439,-0.499999999999999,0.));
#8858=DIRECTION('',(0.,0.,-1.));
#8859=DIRECTION('',(0.447213595499957,0.774596669241484,0.447213595499958));
#8860=DIRECTION('',(0.866025403784439,-0.499999999999999,0.));
#8861=DIRECTION('',(0.,0.,1.));
#8862=DIRECTION('',(0.447213595499957,-0.774596669241484,0.447213595499957));
#8863=DIRECTION('',(0.,-0.499999999999999,-0.866025403784439));
#8864=DIRECTION('',(1.,0.,0.));
#8865=DIRECTION('',(0.44721359549996,0.774596669241483,0.447213595499957));
#8866=DIRECTION('',(0.,-0.5,0.866025403784439));
#8867=DIRECTION('',(-1.,0.,0.));
#8868=DIRECTION('',(0.447213595499957,-0.774596669241484,0.447213595499957));
#8869=DIRECTION('',(-0.866025403784439,-0.499999999999999,0.));
#8870=DIRECTION('',(0.,0.,-1.));
#8871=DIRECTION('',(0.44721359549996,0.774596669241483,-0.447213595499957));
#8872=DIRECTION('',(0.866025403784438,-0.500000000000002,0.));
#8873=DIRECTION('',(0.,0.,1.));
#8874=DIRECTION('',(-0.447213595499957,-0.774596669241484,0.447213595499957));
#8875=DIRECTION('',(0.,-0.499999999999999,-0.866025403784439));
#8876=DIRECTION('',(1.,0.,0.));
#8877=DIRECTION('',(0.447213595499957,0.774596669241484,-0.447213595499957));
#8878=DIRECTION('',(0.,-0.499999999999999,-0.866025403784439));
#8879=DIRECTION('',(1.,0.,0.));
#8880=DIRECTION('',(0.866025403784439,-0.499999999999999,0.));
#8881=DIRECTION('',(0.,0.,1.));
#8882=DIRECTION('',(-0.447213595499957,0.774596669241484,0.447213595499958));
#8883=DIRECTION('',(0.447213595499957,-0.774596669241484,-0.447213595499958));
#8884=DIRECTION('',(-0.866025403784439,-0.499999999999999,0.));
#8885=DIRECTION('',(0.,0.,-1.));
#8886=DIRECTION('',(0.447213595499957,-0.774596669241484,-0.447213595499958));
#8887=DIRECTION('',(0.,-0.5,0.866025403784439));
#8888=DIRECTION('',(-1.,0.,0.));
#8889=DIRECTION('',(0.447213595499957,0.774596669241484,0.447213595499958));
#8890=DIRECTION('',(0.,-0.5,0.866025403784439));
#8891=DIRECTION('',(-1.,0.,0.));
#8892=DIRECTION('',(0.447213595499957,-0.774596669241484,0.447213595499957));
#8893=DIRECTION('',(-0.866025403784439,-0.499999999999999,0.));
#8894=DIRECTION('',(0.,0.,-1.));
#8895=DIRECTION('',(0.447213595499957,0.774596669241484,0.447213595499958));
#8896=DIRECTION('',(0.866025403784439,-0.499999999999999,0.));
#8897=DIRECTION('',(0.,0.,1.));
#8898=DIRECTION('',(0.447213595499957,-0.774596669241484,0.447213595499957));
#8899=DIRECTION('',(0.,-0.499999999999999,-0.866025403784439));
#8900=DIRECTION('',(1.,0.,0.));
#8901=DIRECTION('',(0.44721359549996,0.774596669241483,0.447213595499957));
#8902=DIRECTION('',(0.,-0.5,0.866025403784439));
#8903=DIRECTION('',(-1.,0.,0.));
#8904=DIRECTION('',(0.447213595499957,-0.774596669241484,0.447213595499957));
#8905=DIRECTION('',(-0.866025403784439,-0.499999999999999,0.));
#8906=DIRECTION('',(0.,0.,-1.));
#8907=DIRECTION('',(0.44721359549996,0.774596669241483,-0.447213595499957));
#8908=DIRECTION('',(0.866025403784438,-0.500000000000002,0.));
#8909=DIRECTION('',(0.,0.,1.));
#8910=DIRECTION('',(-0.447213595499957,-0.774596669241484,0.447213595499957));
#8911=DIRECTION('',(0.,-0.499999999999999,-0.866025403784439));
#8912=DIRECTION('',(1.,0.,0.));
#8913=DIRECTION('',(0.447213595499957,0.774596669241484,-0.447213595499957));
#8914=DIRECTION('',(0.,-0.499999999999999,-0.866025403784439));
#8915=DIRECTION('',(1.,0.,0.));
#8916=DIRECTION('',(0.866025403784439,-0.499999999999999,0.));
#8917=DIRECTION('',(0.,0.,1.));
#8918=DIRECTION('',(-0.44721359549996,0.774596669241483,0.447213595499957));
#8919=DIRECTION('',(0.44721359549996,-0.774596669241483,-0.447213595499957));
#8920=DIRECTION('',(-0.866025403784438,-0.500000000000002,0.));
#8921=DIRECTION('',(0.,0.,-1.));
#8922=DIRECTION('',(0.44721359549996,-0.774596669241483,-0.447213595499957));
#8923=DIRECTION('',(0.,-0.5,0.866025403784439));
#8924=DIRECTION('',(-1.,0.,0.));
#8925=DIRECTION('',(0.44721359549996,0.774596669241483,0.447213595499957));
#8926=DIRECTION('',(0.,-0.5,0.866025403784439));
#8927=DIRECTION('',(-1.,0.,0.));
#8928=DIRECTION('',(0.44721359549996,-0.774596669241483,0.447213595499957));
#8929=DIRECTION('',(-0.866025403784438,-0.500000000000002,0.));
#8930=DIRECTION('',(0.,0.,-1.));
#8931=DIRECTION('',(0.44721359549996,0.774596669241483,0.447213595499957));
#8932=DIRECTION('',(0.866025403784438,-0.500000000000002,0.));
#8933=DIRECTION('',(0.,0.,1.));
#8934=DIRECTION('',(0.44721359549996,-0.774596669241483,0.447213595499957));
#8935=DIRECTION('',(0.,-0.499999999999999,-0.866025403784439));
#8936=DIRECTION('',(1.,0.,0.));
#8937=DIRECTION('',(0.447213595499957,0.774596669241484,0.447213595499958));
#8938=DIRECTION('',(0.,-0.5,0.866025403784439));
#8939=DIRECTION('',(-1.,0.,0.));
#8940=DIRECTION('',(0.44721359549996,-0.774596669241483,0.447213595499957));
#8941=DIRECTION('',(-0.866025403784438,-0.500000000000002,0.));
#8942=DIRECTION('',(0.,0.,-1.));
#8943=DIRECTION('',(0.447213595499957,0.774596669241484,-0.447213595499957));
#8944=DIRECTION('',(0.866025403784439,-0.499999999999999,0.));
#8945=DIRECTION('',(0.,0.,1.));
#8946=DIRECTION('',(-0.44721359549996,-0.774596669241483,0.447213595499957));
#8947=DIRECTION('',(0.,-0.499999999999999,-0.866025403784439));
#8948=DIRECTION('',(1.,0.,0.));
#8949=DIRECTION('',(0.44721359549996,0.774596669241483,-0.447213595499957));
#8950=DIRECTION('',(0.,-0.499999999999999,-0.866025403784439));
#8951=DIRECTION('',(1.,0.,0.));
#8952=DIRECTION('',(0.866025403784438,-0.500000000000002,0.));
#8953=DIRECTION('',(0.,0.,1.));
#8954=DIRECTION('',(-0.447213595499963,0.774596669241481,0.447213595499957));
#8955=DIRECTION('',(0.447213595499963,-0.774596669241481,-0.447213595499957));
#8956=DIRECTION('',(-0.866025403784436,-0.500000000000005,0.));
#8957=DIRECTION('',(0.,0.,-1.));
#8958=DIRECTION('',(0.447213595499957,-0.774596669241484,-0.447213595499958));
#8959=DIRECTION('',(0.,-0.5,0.866025403784439));
#8960=DIRECTION('',(-1.,0.,0.));
#8961=DIRECTION('',(0.447213595499957,0.774596669241484,0.447213595499958));
#8962=DIRECTION('',(0.,-0.5,0.866025403784439));
#8963=DIRECTION('',(-1.,0.,0.));
#8964=DIRECTION('',(0.447213595499957,-0.774596669241484,0.447213595499957));
#8965=DIRECTION('',(-0.866025403784439,-0.499999999999999,0.));
#8966=DIRECTION('',(0.,0.,-1.));
#8967=DIRECTION('',(0.447213595499957,0.774596669241484,0.447213595499958));
#8968=DIRECTION('',(0.866025403784439,-0.499999999999999,0.));
#8969=DIRECTION('',(0.,0.,1.));
#8970=DIRECTION('',(0.447213595499957,-0.774596669241484,0.447213595499957));
#8971=DIRECTION('',(0.,-0.499999999999999,-0.866025403784439));
#8972=DIRECTION('',(1.,0.,0.));
#8973=DIRECTION('',(0.447213595499957,0.774596669241484,0.447213595499958));
#8974=DIRECTION('',(0.,-0.5,0.866025403784439));
#8975=DIRECTION('',(-1.,0.,0.));
#8976=DIRECTION('',(0.447213595499957,-0.774596669241484,0.447213595499957));
#8977=DIRECTION('',(-0.866025403784439,-0.499999999999999,0.));
#8978=DIRECTION('',(0.,0.,-1.));
#8979=DIRECTION('',(0.447213595499957,0.774596669241484,-0.447213595499957));
#8980=DIRECTION('',(0.866025403784439,-0.499999999999999,0.));
#8981=DIRECTION('',(0.,0.,1.));
#8982=DIRECTION('',(-0.447213595499963,-0.774596669241482,0.447213595499956));
#8983=DIRECTION('',(0.,-0.499999999999999,-0.866025403784439));
#8984=DIRECTION('',(1.,0.,0.));
#8985=DIRECTION('',(0.447213595499963,0.774596669241482,-0.447213595499956));
#8986=DIRECTION('',(0.,-0.499999999999999,-0.866025403784439));
#8987=DIRECTION('',(1.,0.,0.));
#8988=DIRECTION('',(0.866025403784436,-0.500000000000005,0.));
#8989=DIRECTION('',(0.,0.,1.));
#8990=DIRECTION('',(-0.577350269189624,0.577350269189627,0.577350269189626));
#8991=DIRECTION('',(-0.70710678118655,-0.707106781186545,0.));
#8992=DIRECTION('',(0.,0.,1.));
#8993=DIRECTION('',(0.577350269189624,0.577350269189627,0.577350269189626));
#8994=DIRECTION('',(0.,-0.707106781186547,0.707106781186548));
#8995=DIRECTION('',(1.,0.,0.));
#8996=DIRECTION('',(0.70710678118655,-0.707106781186545,0.));
#8997=DIRECTION('',(0.,0.,-1.));
#8998=DIRECTION('',(-0.577350269189624,0.577350269189627,0.577350269189626));
#8999=DIRECTION('',(-0.70710678118655,-0.707106781186545,0.));
#9000=DIRECTION('',(0.,0.,1.));
#9001=DIRECTION('',(0.577350269189624,0.577350269189627,0.577350269189626));
#9002=DIRECTION('',(0.,-0.707106781186547,0.707106781186548));
#9003=DIRECTION('',(1.,0.,0.));
#9004=DIRECTION('',(0.70710678118655,-0.707106781186545,0.));
#9005=DIRECTION('',(0.,0.,-1.));
#9006=DIRECTION('',(-0.577350269189626,0.577350269189626,0.577350269189625));
#9007=DIRECTION('',(-0.707106781186547,-0.707106781186547,0.));
#9008=DIRECTION('',(0.,0.,1.));
#9009=DIRECTION('',(0.577350269189626,0.577350269189626,0.577350269189625));
#9010=DIRECTION('',(0.,-0.707106781186547,0.707106781186548));
#9011=DIRECTION('',(1.,0.,0.));
#9012=DIRECTION('',(0.707106781186547,-0.707106781186547,0.));
#9013=DIRECTION('',(0.,0.,-1.));
#9014=DIRECTION('',(-0.577350269189626,0.577350269189626,0.577350269189625));
#9015=DIRECTION('',(-0.707106781186547,-0.707106781186547,0.));
#9016=DIRECTION('',(0.,0.,1.));
#9017=DIRECTION('',(0.577350269189626,0.577350269189626,0.577350269189625));
#9018=DIRECTION('',(0.,-0.707106781186547,0.707106781186548));
#9019=DIRECTION('',(1.,0.,0.));
#9020=DIRECTION('',(0.707106781186547,-0.707106781186547,0.));
#9021=DIRECTION('',(0.,0.,-1.));
#9022=DIRECTION('',(-0.577350269189626,0.577350269189626,0.577350269189625));
#9023=DIRECTION('',(-0.707106781186547,-0.707106781186547,0.));
#9024=DIRECTION('',(0.,0.,1.));
#9025=DIRECTION('',(0.577350269189626,0.577350269189626,0.577350269189625));
#9026=DIRECTION('',(0.,-0.707106781186547,0.707106781186548));
#9027=DIRECTION('',(1.,0.,0.));
#9028=DIRECTION('',(0.707106781186547,-0.707106781186547,0.));
#9029=DIRECTION('',(0.,0.,-1.));
#9030=DIRECTION('',(-0.577350269189626,0.577350269189626,0.577350269189625));
#9031=DIRECTION('',(-0.707106781186547,-0.707106781186547,0.));
#9032=DIRECTION('',(0.,0.,1.));
#9033=DIRECTION('',(0.577350269189626,0.577350269189626,0.577350269189625));
#9034=DIRECTION('',(0.,-0.707106781186547,0.707106781186548));
#9035=DIRECTION('',(1.,0.,0.));
#9036=DIRECTION('',(0.707106781186547,-0.707106781186547,0.));
#9037=DIRECTION('',(0.,0.,-1.));
#9038=DIRECTION('',(-0.577350269189626,0.577350269189626,0.577350269189625));
#9039=DIRECTION('',(-0.707106781186547,-0.707106781186547,0.));
#9040=DIRECTION('',(0.,0.,1.));
#9041=DIRECTION('',(0.577350269189626,0.577350269189626,0.577350269189625));
#9042=DIRECTION('',(0.,-0.707106781186547,0.707106781186548));
#9043=DIRECTION('',(1.,0.,0.));
#9044=DIRECTION('',(0.707106781186547,-0.707106781186547,0.));
#9045=DIRECTION('',(0.,0.,-1.));
#9046=DIRECTION('',(-1.5770213417971E-15,1.,7.39228753967389E-16));
#9047=DIRECTION('',(1.28327505062765E-15,-0.813733471206735,0.581238193719096));
#9048=DIRECTION('',(1.48514709304985E-15,-0.941741911594837,-0.336336396998157));
#9049=DIRECTION('',(1.,1.5770213417971E-15,0.));
#9050=DIRECTION('',(-1.57686363966292E-15,1.,0.));
#9051=DIRECTION('',(1.28327505062766E-15,0.813733471206735,-0.581238193719096));
#9052=DIRECTION('',(-1.5770213417971E-15,-1.,-7.39228753967389E-16));
#9053=DIRECTION('',(1.48514709304985E-15,0.941741911594837,0.336336396998157));
#9054=DIRECTION('',(-1.,1.5770213417971E-15,0.));
#9055=DIRECTION('',(-1.57686363966292E-15,-1.,0.));
#9056=DIRECTION('',(-1.,0.,-3.56210409340086E-31));
#9057=DIRECTION('',(1.,-4.81867632215779E-16,0.));
#9058=DIRECTION('',(3.56210409340086E-31,7.39228753967389E-16,-1.));
#9059=DIRECTION('',(0.,1.,7.39236146254929E-16));
#9060=DIRECTION('',(2.8986033287228E-31,-0.581238193719096,-0.813733471206735));
#9061=DIRECTION('',(1.,0.,0.));
#9062=DIRECTION('',(1.62069623249488E-16,0.336336396998157,-0.941741911594837));
#9063=DIRECTION('',(-1.,4.81819445452558E-16,0.));
#9064=CARTESIAN_POINT('',(0.,0.,0.));
#9065=CARTESIAN_POINT('',(3.3,2.5,0.449999999999999));
#9066=CARTESIAN_POINT('',(3.3,2.5,0.449999999999999));
#9067=CARTESIAN_POINT('',(3.3,3.6,0.45));
#9068=CARTESIAN_POINT('',(4.2,2.5,0.449999999999999));
#9069=CARTESIAN_POINT('',(4.2,2.5,0.45));
#9070=CARTESIAN_POINT('',(4.2,3.6,0.45));
#9071=CARTESIAN_POINT('',(4.2,3.6,0.45));
#9072=CARTESIAN_POINT('',(3.3,3.6,0.45));
#9073=CARTESIAN_POINT('',(-4.2,3.8,0.45));
#9074=CARTESIAN_POINT('',(-4.2,3.8,0.450000000000001));
#9075=CARTESIAN_POINT('',(-4.55,3.8,0.45));
#9076=CARTESIAN_POINT('',(-4.2,3.8,0.450000000000001));
#9077=CARTESIAN_POINT('',(-4.05,3.95,0.45));
#9078=CARTESIAN_POINT('',(5.225,3.95,0.45));
#9079=CARTESIAN_POINT('',(-3.45,3.95,0.45));
#9080=CARTESIAN_POINT('',(-3.3,3.8,0.45));
#9081=CARTESIAN_POINT('',(-3.3,3.8,0.45));
#9082=CARTESIAN_POINT('',(-2.95,3.8,0.45));
#9083=CARTESIAN_POINT('',(-2.95,3.8,0.450000000000001));
#9084=CARTESIAN_POINT('',(-2.95,3.8,0.450000000000001));
#9085=CARTESIAN_POINT('',(-2.8,3.95,0.45));
#9086=CARTESIAN_POINT('',(5.225,3.95,0.45));
#9087=CARTESIAN_POINT('',(-2.2,3.95,0.45));
#9088=CARTESIAN_POINT('',(-2.05,3.8,0.45));
#9089=CARTESIAN_POINT('',(-2.05,3.8,0.45));
#9090=CARTESIAN_POINT('',(-1.7,3.8,0.45));
#9091=CARTESIAN_POINT('',(-1.7,3.8,0.450000000000001));
#9092=CARTESIAN_POINT('',(-1.7,3.8,0.450000000000001));
#9093=CARTESIAN_POINT('',(-1.55,3.95,0.45));
#9094=CARTESIAN_POINT('',(5.225,3.95,0.45));
#9095=CARTESIAN_POINT('',(-0.95,3.95,0.45));
#9096=CARTESIAN_POINT('',(-0.8,3.8,0.45));
#9097=CARTESIAN_POINT('',(-0.8,3.8,0.45));
#9098=CARTESIAN_POINT('',(-0.450000000000001,3.8,0.45));
#9099=CARTESIAN_POINT('',(-0.450000000000001,3.8,0.450000000000001));
#9100=CARTESIAN_POINT('',(-0.450000000000001,3.8,0.450000000000001));
#9101=CARTESIAN_POINT('',(-0.300000000000001,3.95,0.45));
#9102=CARTESIAN_POINT('',(5.225,3.95,0.45));
#9103=CARTESIAN_POINT('',(0.3,3.95,0.45));
#9104=CARTESIAN_POINT('',(0.45,3.8,0.45));
#9105=CARTESIAN_POINT('',(0.45,3.8,0.45));
#9106=CARTESIAN_POINT('',(0.799999999999999,3.8,0.45));
#9107=CARTESIAN_POINT('',(0.799999999999999,3.8,0.450000000000001));
#9108=CARTESIAN_POINT('',(0.8,3.8,0.450000000000001));
#9109=CARTESIAN_POINT('',(0.95,3.95,0.45));
#9110=CARTESIAN_POINT('',(5.225,3.95,0.45));
#9111=CARTESIAN_POINT('',(1.55,3.95,0.45));
#9112=CARTESIAN_POINT('',(1.7,3.8,0.45));
#9113=CARTESIAN_POINT('',(1.7,3.8,0.45));
#9114=CARTESIAN_POINT('',(2.05,3.8,0.45));
#9115=CARTESIAN_POINT('',(2.05,3.8,0.450000000000001));
#9116=CARTESIAN_POINT('',(2.05,3.8,0.450000000000001));
#9117=CARTESIAN_POINT('',(2.2,3.95,0.45));
#9118=CARTESIAN_POINT('',(5.225,3.95,0.45));
#9119=CARTESIAN_POINT('',(2.8,3.95,0.45));
#9120=CARTESIAN_POINT('',(2.95,3.8,0.45));
#9121=CARTESIAN_POINT('',(2.95,3.8,0.45));
#9122=CARTESIAN_POINT('',(3.3,3.8,0.45));
#9123=CARTESIAN_POINT('',(3.3,3.8,0.450000000000001));
#9124=CARTESIAN_POINT('',(3.3,3.8,0.450000000000001));
#9125=CARTESIAN_POINT('',(3.45,3.95,0.45));
#9126=CARTESIAN_POINT('',(5.225,3.95,0.45));
#9127=CARTESIAN_POINT('',(4.05,3.95,0.45));
#9128=CARTESIAN_POINT('',(4.2,3.8,0.45));
#9129=CARTESIAN_POINT('',(4.2,3.8,0.45));
#9130=CARTESIAN_POINT('',(4.55,3.8,0.45));
#9131=CARTESIAN_POINT('',(4.55,3.8,0.450000000000001));
#9132=CARTESIAN_POINT('',(4.55,3.8,0.450000000000001));
#9133=CARTESIAN_POINT('',(4.7,3.95,0.45));
#9134=CARTESIAN_POINT('',(5.225,3.95,0.45));
#9135=CARTESIAN_POINT('',(5.225,3.95,0.45));
#9136=CARTESIAN_POINT('',(5.225,0.6,0.45));
#9137=CARTESIAN_POINT('',(5.225,0.6,0.45));
#9138=CARTESIAN_POINT('',(5.225,0.6,0.45));
#9139=CARTESIAN_POINT('',(-5.225,0.6,0.45));
#9140=CARTESIAN_POINT('',(-5.225,0.6,0.45));
#9141=CARTESIAN_POINT('',(-5.225,3.95,0.45));
#9142=CARTESIAN_POINT('',(5.225,3.95,0.45));
#9143=CARTESIAN_POINT('',(-4.7,3.95,0.45));
#9144=CARTESIAN_POINT('',(-4.55,3.8,0.45));
#9145=CARTESIAN_POINT('',(-4.2,2.5,0.449999999999999));
#9146=CARTESIAN_POINT('',(-4.2,2.5,0.449999999999999));
#9147=CARTESIAN_POINT('',(-4.2,3.6,0.45));
#9148=CARTESIAN_POINT('',(-3.3,2.5,0.449999999999999));
#9149=CARTESIAN_POINT('',(-3.3,2.5,0.449999999999999));
#9150=CARTESIAN_POINT('',(-3.3,3.6,0.45));
#9151=CARTESIAN_POINT('',(-3.3,3.6,0.45));
#9152=CARTESIAN_POINT('',(-4.2,3.6,0.45));
#9153=CARTESIAN_POINT('',(5.225,0.6,0.45));
#9154=CARTESIAN_POINT('',(2.625,2.8,2.75));
#9155=CARTESIAN_POINT('',(2.625,2.8,2.75));
#9156=CARTESIAN_POINT('',(2.925,3.2,2.75));
#9157=CARTESIAN_POINT('',(2.925,3.2,2.75));
#9158=CARTESIAN_POINT('',(2.925,3.6,2.75));
#9159=CARTESIAN_POINT('',(2.925,3.6,2.75));
#9160=CARTESIAN_POINT('',(3.325,3.6,2.75));
#9161=CARTESIAN_POINT('',(3.325,3.6,2.75));
#9162=CARTESIAN_POINT('',(3.325,3.2,2.75));
#9163=CARTESIAN_POINT('',(3.325,3.2,2.75));
#9164=CARTESIAN_POINT('',(3.625,2.8,2.75));
#9165=CARTESIAN_POINT('',(5.225,2.8,2.75));
#9166=CARTESIAN_POINT('',(3.875,2.8,2.75));
#9167=CARTESIAN_POINT('',(3.875,2.8,2.75));
#9168=CARTESIAN_POINT('',(4.175,3.2,2.75));
#9169=CARTESIAN_POINT('',(4.175,3.2,2.75));
#9170=CARTESIAN_POINT('',(4.175,3.6,2.75));
#9171=CARTESIAN_POINT('',(4.175,3.6,2.75));
#9172=CARTESIAN_POINT('',(4.575,3.6,2.75));
#9173=CARTESIAN_POINT('',(4.575,3.6,2.75));
#9174=CARTESIAN_POINT('',(4.575,3.2,2.75));
#9175=CARTESIAN_POINT('',(4.575,3.2,2.75));
#9176=CARTESIAN_POINT('',(4.875,2.8,2.75));
#9177=CARTESIAN_POINT('',(5.225,2.8,2.75));
#9178=CARTESIAN_POINT('',(5.225,2.8,2.75));
#9179=CARTESIAN_POINT('',(5.225,3.95,2.75));
#9180=CARTESIAN_POINT('',(5.225,3.95,2.75));
#9181=CARTESIAN_POINT('',(5.225,3.95,2.75));
#9182=CARTESIAN_POINT('',(-5.225,3.95,2.75));
#9183=CARTESIAN_POINT('',(-5.225,3.95,2.75));
#9184=CARTESIAN_POINT('',(-5.225,2.8,2.75));
#9185=CARTESIAN_POINT('',(5.225,2.8,2.75));
#9186=CARTESIAN_POINT('',(-4.875,2.8,2.75));
#9187=CARTESIAN_POINT('',(-4.875,2.8,2.75));
#9188=CARTESIAN_POINT('',(-4.575,3.2,2.75));
#9189=CARTESIAN_POINT('',(-4.575,3.2,2.75));
#9190=CARTESIAN_POINT('',(-4.575,3.6,2.75));
#9191=CARTESIAN_POINT('',(-4.575,3.6,2.75));
#9192=CARTESIAN_POINT('',(-4.175,3.6,2.75));
#9193=CARTESIAN_POINT('',(-4.175,3.6,2.75));
#9194=CARTESIAN_POINT('',(-4.175,3.2,2.75));
#9195=CARTESIAN_POINT('',(-4.175,3.2,2.75));
#9196=CARTESIAN_POINT('',(-3.875,2.8,2.75));
#9197=CARTESIAN_POINT('',(5.225,2.8,2.75));
#9198=CARTESIAN_POINT('',(-3.625,2.8,2.75));
#9199=CARTESIAN_POINT('',(-3.625,2.8,2.75));
#9200=CARTESIAN_POINT('',(-3.325,3.2,2.75));
#9201=CARTESIAN_POINT('',(-3.325,3.2,2.75));
#9202=CARTESIAN_POINT('',(-3.325,3.6,2.75));
#9203=CARTESIAN_POINT('',(-3.325,3.6,2.75));
#9204=CARTESIAN_POINT('',(-2.925,3.6,2.75));
#9205=CARTESIAN_POINT('',(-2.925,3.6,2.75));
#9206=CARTESIAN_POINT('',(-2.925,3.2,2.75));
#9207=CARTESIAN_POINT('',(-2.925,3.2,2.75));
#9208=CARTESIAN_POINT('',(-2.625,2.8,2.75));
#9209=CARTESIAN_POINT('',(5.225,2.8,2.75));
#9210=CARTESIAN_POINT('',(-2.375,2.8,2.75));
#9211=CARTESIAN_POINT('',(-2.375,2.8,2.75));
#9212=CARTESIAN_POINT('',(-2.075,3.2,2.75));
#9213=CARTESIAN_POINT('',(-2.075,3.2,2.75));
#9214=CARTESIAN_POINT('',(-2.075,3.6,2.75));
#9215=CARTESIAN_POINT('',(-2.075,3.6,2.75));
#9216=CARTESIAN_POINT('',(-1.675,3.6,2.75));
#9217=CARTESIAN_POINT('',(-1.675,3.6,2.75));
#9218=CARTESIAN_POINT('',(-1.675,3.2,2.75));
#9219=CARTESIAN_POINT('',(-1.675,3.2,2.75));
#9220=CARTESIAN_POINT('',(-1.375,2.8,2.75));
#9221=CARTESIAN_POINT('',(5.225,2.8,2.75));
#9222=CARTESIAN_POINT('',(-1.125,2.8,2.75));
#9223=CARTESIAN_POINT('',(-1.125,2.8,2.75));
#9224=CARTESIAN_POINT('',(-0.825000000000001,3.2,2.75));
#9225=CARTESIAN_POINT('',(-0.825000000000001,3.2,2.75));
#9226=CARTESIAN_POINT('',(-0.825000000000001,3.6,2.75));
#9227=CARTESIAN_POINT('',(-0.825000000000001,3.6,2.75));
#9228=CARTESIAN_POINT('',(-0.425000000000001,3.6,2.75));
#9229=CARTESIAN_POINT('',(-0.425000000000001,3.6,2.75));
#9230=CARTESIAN_POINT('',(-0.425000000000001,3.2,2.75));
#9231=CARTESIAN_POINT('',(-0.425000000000001,3.2,2.75));
#9232=CARTESIAN_POINT('',(-0.125,2.8,2.75));
#9233=CARTESIAN_POINT('',(5.225,2.8,2.75));
#9234=CARTESIAN_POINT('',(0.124999999999999,2.8,2.75));
#9235=CARTESIAN_POINT('',(0.125,2.8,2.75));
#9236=CARTESIAN_POINT('',(0.424999999999999,3.2,2.75));
#9237=CARTESIAN_POINT('',(0.424999999999999,3.2,2.75));
#9238=CARTESIAN_POINT('',(0.424999999999999,3.6,2.75));
#9239=CARTESIAN_POINT('',(0.424999999999999,3.6,2.75));
#9240=CARTESIAN_POINT('',(0.824999999999999,3.6,2.75));
#9241=CARTESIAN_POINT('',(0.824999999999999,3.6,2.75));
#9242=CARTESIAN_POINT('',(0.824999999999999,3.2,2.75));
#9243=CARTESIAN_POINT('',(0.824999999999999,3.2,2.75));
#9244=CARTESIAN_POINT('',(1.125,2.8,2.75));
#9245=CARTESIAN_POINT('',(5.225,2.8,2.75));
#9246=CARTESIAN_POINT('',(1.375,2.8,2.75));
#9247=CARTESIAN_POINT('',(1.375,2.8,2.75));
#9248=CARTESIAN_POINT('',(1.675,3.2,2.75));
#9249=CARTESIAN_POINT('',(1.675,3.2,2.75));
#9250=CARTESIAN_POINT('',(1.675,3.6,2.75));
#9251=CARTESIAN_POINT('',(1.675,3.6,2.75));
#9252=CARTESIAN_POINT('',(2.075,3.6,2.75));
#9253=CARTESIAN_POINT('',(2.075,3.6,2.75));
#9254=CARTESIAN_POINT('',(2.075,3.2,2.75));
#9255=CARTESIAN_POINT('',(2.075,3.2,2.75));
#9256=CARTESIAN_POINT('',(2.375,2.8,2.75));
#9257=CARTESIAN_POINT('',(5.225,2.8,2.75));
#9258=CARTESIAN_POINT('',(5.225,3.95,2.75));
#9259=CARTESIAN_POINT('',(3.625,2.8,-1.21));
#9260=CARTESIAN_POINT('',(3.625,2.8,2.35));
#9261=CARTESIAN_POINT('',(5.225,2.8,2.35));
#9262=CARTESIAN_POINT('',(3.875,2.8,2.35));
#9263=CARTESIAN_POINT('',(3.875,2.8,-1.21));
#9264=CARTESIAN_POINT('',(5.225,2.8,2.75));
#9265=CARTESIAN_POINT('',(2.625,2.8,-1.21));
#9266=CARTESIAN_POINT('',(2.625,2.8,2.35));
#9267=CARTESIAN_POINT('',(2.375,2.8,-1.21));
#9268=CARTESIAN_POINT('',(2.375,2.8,2.35));
#9269=CARTESIAN_POINT('',(5.225,2.8,2.35));
#9270=CARTESIAN_POINT('',(5.225,2.8,2.75));
#9271=CARTESIAN_POINT('',(1.375,2.8,-1.21));
#9272=CARTESIAN_POINT('',(1.375,2.8,2.35));
#9273=CARTESIAN_POINT('',(1.125,2.8,-1.21));
#9274=CARTESIAN_POINT('',(1.125,2.8,2.35));
#9275=CARTESIAN_POINT('',(5.225,2.8,2.35));
#9276=CARTESIAN_POINT('',(5.225,2.8,2.75));
#9277=CARTESIAN_POINT('',(0.125,2.8,-1.21));
#9278=CARTESIAN_POINT('',(0.125,2.8,2.35));
#9279=CARTESIAN_POINT('',(-0.125,2.8,-1.21));
#9280=CARTESIAN_POINT('',(-0.125,2.8,2.35));
#9281=CARTESIAN_POINT('',(5.225,2.8,2.35));
#9282=CARTESIAN_POINT('',(5.225,2.8,2.75));
#9283=CARTESIAN_POINT('',(-1.125,2.8,-1.21));
#9284=CARTESIAN_POINT('',(-1.125,2.8,2.35));
#9285=CARTESIAN_POINT('',(-1.375,2.8,-1.21));
#9286=CARTESIAN_POINT('',(-1.375,2.8,2.35));
#9287=CARTESIAN_POINT('',(5.225,2.8,2.35));
#9288=CARTESIAN_POINT('',(5.225,2.8,2.75));
#9289=CARTESIAN_POINT('',(-2.375,2.8,-1.21));
#9290=CARTESIAN_POINT('',(-2.375,2.8,2.35));
#9291=CARTESIAN_POINT('',(-2.625,2.8,-1.21));
#9292=CARTESIAN_POINT('',(-2.625,2.8,2.35));
#9293=CARTESIAN_POINT('',(5.225,2.8,2.35));
#9294=CARTESIAN_POINT('',(5.225,2.8,2.75));
#9295=CARTESIAN_POINT('',(-3.625,2.8,-1.21));
#9296=CARTESIAN_POINT('',(-3.625,2.8,2.35));
#9297=CARTESIAN_POINT('',(-3.875,2.8,-1.21));
#9298=CARTESIAN_POINT('',(-3.875,2.8,2.35));
#9299=CARTESIAN_POINT('',(5.225,2.8,2.35));
#9300=CARTESIAN_POINT('',(5.225,2.8,2.75));
#9301=CARTESIAN_POINT('',(-4.875,2.8,-1.21));
#9302=CARTESIAN_POINT('',(-4.875,2.8,2.35));
#9303=CARTESIAN_POINT('',(-5.225,2.8,2.75));
#9304=CARTESIAN_POINT('',(-5.225,2.8,2.35));
#9305=CARTESIAN_POINT('',(5.225,2.8,2.35));
#9306=CARTESIAN_POINT('',(5.225,2.8,2.75));
#9307=CARTESIAN_POINT('',(-4.05,3.95,0.45));
#9308=CARTESIAN_POINT('',(-4.05,3.95,1.9));
#9309=CARTESIAN_POINT('',(5.225,3.95,1.9));
#9310=CARTESIAN_POINT('',(-4.7,3.95,1.9));
#9311=CARTESIAN_POINT('',(-4.7,3.95,0.45));
#9312=CARTESIAN_POINT('',(-5.225,3.95,0.45));
#9313=CARTESIAN_POINT('',(5.225,3.95,0.45));
#9314=CARTESIAN_POINT('',(4.7,3.95,0.45));
#9315=CARTESIAN_POINT('',(4.7,3.95,1.9));
#9316=CARTESIAN_POINT('',(5.225,3.95,1.9));
#9317=CARTESIAN_POINT('',(4.05,3.95,1.9));
#9318=CARTESIAN_POINT('',(4.05,3.95,0.45));
#9319=CARTESIAN_POINT('',(3.45,3.95,0.45));
#9320=CARTESIAN_POINT('',(3.45,3.95,1.9));
#9321=CARTESIAN_POINT('',(5.225,3.95,1.9));
#9322=CARTESIAN_POINT('',(2.8,3.95,1.9));
#9323=CARTESIAN_POINT('',(2.8,3.95,0.45));
#9324=CARTESIAN_POINT('',(2.2,3.95,0.45));
#9325=CARTESIAN_POINT('',(2.2,3.95,1.9));
#9326=CARTESIAN_POINT('',(5.225,3.95,1.9));
#9327=CARTESIAN_POINT('',(1.55,3.95,1.9));
#9328=CARTESIAN_POINT('',(1.55,3.95,0.45));
#9329=CARTESIAN_POINT('',(0.95,3.95,0.45));
#9330=CARTESIAN_POINT('',(0.95,3.95,1.9));
#9331=CARTESIAN_POINT('',(5.225,3.95,1.9));
#9332=CARTESIAN_POINT('',(0.3,3.95,1.9));
#9333=CARTESIAN_POINT('',(0.3,3.95,0.45));
#9334=CARTESIAN_POINT('',(-0.300000000000001,3.95,0.45));
#9335=CARTESIAN_POINT('',(-0.300000000000001,3.95,1.9));
#9336=CARTESIAN_POINT('',(5.225,3.95,1.9));
#9337=CARTESIAN_POINT('',(-0.95,3.95,1.9));
#9338=CARTESIAN_POINT('',(-0.95,3.95,0.45));
#9339=CARTESIAN_POINT('',(-1.55,3.95,0.45));
#9340=CARTESIAN_POINT('',(-1.55,3.95,1.9));
#9341=CARTESIAN_POINT('',(5.225,3.95,1.9));
#9342=CARTESIAN_POINT('',(-2.2,3.95,1.9));
#9343=CARTESIAN_POINT('',(-2.2,3.95,0.45));
#9344=CARTESIAN_POINT('',(-2.8,3.95,0.45));
#9345=CARTESIAN_POINT('',(-2.8,3.95,1.9));
#9346=CARTESIAN_POINT('',(5.225,3.95,1.9));
#9347=CARTESIAN_POINT('',(-3.45,3.95,1.9));
#9348=CARTESIAN_POINT('',(-3.45,3.95,0.45));
#9349=CARTESIAN_POINT('',(5.225,3.95,0.45));
#9350=CARTESIAN_POINT('',(3.575,1.35,3.2));
#9351=CARTESIAN_POINT('',(3.56691176470588,1.35000000000001,3.2));
#9352=CARTESIAN_POINT('',(2.68308823529412,1.35000000000001,3.2));
#9353=CARTESIAN_POINT('',(2.675,0.799999999999998,3.2));
#9354=CARTESIAN_POINT('',(2.675,0.8,3.2));
#9355=CARTESIAN_POINT('',(5.225,0.8,3.2));
#9356=CARTESIAN_POINT('',(2.325,0.8,3.2));
#9357=CARTESIAN_POINT('',(2.3,2.5,3.2));
#9358=CARTESIAN_POINT('',(2.31691176470588,1.35000000000001,3.2));
#9359=CARTESIAN_POINT('',(2.325,1.35,3.2));
#9360=CARTESIAN_POINT('',(1.43308823529412,1.35000000000001,3.2));
#9361=CARTESIAN_POINT('',(1.425,0.799999999999998,3.2));
#9362=CARTESIAN_POINT('',(1.425,0.8,3.2));
#9363=CARTESIAN_POINT('',(5.225,0.8,3.2));
#9364=CARTESIAN_POINT('',(1.075,0.8,3.2));
#9365=CARTESIAN_POINT('',(1.05,2.5,3.2));
#9366=CARTESIAN_POINT('',(1.06691176470588,1.35000000000001,3.2));
#9367=CARTESIAN_POINT('',(1.075,1.35,3.2));
#9368=CARTESIAN_POINT('',(0.183088235294118,1.35000000000001,3.2));
#9369=CARTESIAN_POINT('',(0.175,0.799999999999998,3.2));
#9370=CARTESIAN_POINT('',(0.175,0.8,3.2));
#9371=CARTESIAN_POINT('',(5.225,0.8,3.2));
#9372=CARTESIAN_POINT('',(-0.175,0.8,3.2));
#9373=CARTESIAN_POINT('',(-0.200000000000001,2.5,3.2));
#9374=CARTESIAN_POINT('',(-0.183088235294118,1.35000000000001,3.2));
#9375=CARTESIAN_POINT('',(-0.175,1.35,3.2));
#9376=CARTESIAN_POINT('',(-1.06691176470588,1.35000000000001,3.2));
#9377=CARTESIAN_POINT('',(-1.075,0.799999999999998,3.2));
#9378=CARTESIAN_POINT('',(-1.075,0.8,3.2));
#9379=CARTESIAN_POINT('',(5.225,0.8,3.2));
#9380=CARTESIAN_POINT('',(-1.425,0.8,3.2));
#9381=CARTESIAN_POINT('',(-1.45,2.5,3.2));
#9382=CARTESIAN_POINT('',(-1.43308823529412,1.35000000000001,3.2));
#9383=CARTESIAN_POINT('',(-1.425,1.35,3.2));
#9384=CARTESIAN_POINT('',(-2.31691176470588,1.35000000000001,3.2));
#9385=CARTESIAN_POINT('',(-2.325,0.799999999999998,3.2));
#9386=CARTESIAN_POINT('',(-2.325,0.8,3.2));
#9387=CARTESIAN_POINT('',(5.225,0.8,3.2));
#9388=CARTESIAN_POINT('',(-2.675,0.8,3.2));
#9389=CARTESIAN_POINT('',(-2.7,2.5,3.2));
#9390=CARTESIAN_POINT('',(-2.68308823529412,1.35000000000001,3.2));
#9391=CARTESIAN_POINT('',(-2.675,1.35,3.2));
#9392=CARTESIAN_POINT('',(-3.56691176470588,1.35000000000001,3.2));
#9393=CARTESIAN_POINT('',(-3.575,0.799999999999998,3.2));
#9394=CARTESIAN_POINT('',(-3.575,0.8,3.2));
#9395=CARTESIAN_POINT('',(5.225,0.8,3.2));
#9396=CARTESIAN_POINT('',(-3.925,0.8,3.2));
#9397=CARTESIAN_POINT('',(-3.95,2.5,3.2));
#9398=CARTESIAN_POINT('',(-3.93308823529412,1.35000000000001,3.2));
#9399=CARTESIAN_POINT('',(-3.925,1.35,3.2));
#9400=CARTESIAN_POINT('',(-4.81691176470588,1.35000000000001,3.2));
#9401=CARTESIAN_POINT('',(-4.825,0.799999999999998,3.2));
#9402=CARTESIAN_POINT('',(-4.825,0.8,3.2));
#9403=CARTESIAN_POINT('',(5.225,0.8,3.2));
#9404=CARTESIAN_POINT('',(-5.225,0.8,3.2));
#9405=CARTESIAN_POINT('',(-5.225,0.8,3.2));
#9406=CARTESIAN_POINT('',(-5.225,0.6,3.2));
#9407=CARTESIAN_POINT('',(5.575,0.6,3.2));
#9408=CARTESIAN_POINT('',(-5.575,0.6,3.2));
#9409=CARTESIAN_POINT('',(-5.575,0.6,3.2));
#9410=CARTESIAN_POINT('',(-5.575,0.,3.2));
#9411=CARTESIAN_POINT('',(5.575,0.,3.2));
#9412=CARTESIAN_POINT('',(5.575,0.,3.2));
#9413=CARTESIAN_POINT('',(5.575,0.6,3.2));
#9414=CARTESIAN_POINT('',(5.575,0.6,3.2));
#9415=CARTESIAN_POINT('',(5.575,0.6,3.2));
#9416=CARTESIAN_POINT('',(5.225,0.6,3.2));
#9417=CARTESIAN_POINT('',(5.225,0.8,3.2));
#9418=CARTESIAN_POINT('',(5.225,0.8,3.2));
#9419=CARTESIAN_POINT('',(5.225,0.8,3.2));
#9420=CARTESIAN_POINT('',(4.825,0.8,3.2));
#9421=CARTESIAN_POINT('',(4.8,2.5,3.2));
#9422=CARTESIAN_POINT('',(4.81691176470588,1.35000000000001,3.2));
#9423=CARTESIAN_POINT('',(4.825,1.35,3.2));
#9424=CARTESIAN_POINT('',(3.93308823529412,1.35,3.2));
#9425=CARTESIAN_POINT('',(3.925,0.799999999999998,3.2));
#9426=CARTESIAN_POINT('',(3.925,0.8,3.2));
#9427=CARTESIAN_POINT('',(5.225,0.8,3.2));
#9428=CARTESIAN_POINT('',(3.575,0.8,3.2));
#9429=CARTESIAN_POINT('',(3.55,2.5,3.2));
#9430=CARTESIAN_POINT('',(5.575,0.6,3.2));
#9431=CARTESIAN_POINT('',(-4.799997932439,2.50014059414836,2.34866233603239));
#9432=CARTESIAN_POINT('',(-4.8010046728371,2.43168224707731,3.));
#9433=CARTESIAN_POINT('',(-4.8,2.5,2.35));
#9434=CARTESIAN_POINT('',(-3.925,2.43168224707731,3.));
#9435=CARTESIAN_POINT('',(-3.9489953271629,2.43168224707731,3.));
#9436=CARTESIAN_POINT('',(-3.94999994092683,2.49999598302433,2.3500382189705));
#9437=CARTESIAN_POINT('',(-3.95,2.5,2.35));
#9438=CARTESIAN_POINT('',(-3.925,2.5,2.35));
#9439=CARTESIAN_POINT('',(-3.925,2.5,2.35));
#9440=CARTESIAN_POINT('',(-4.80081526642135,2.44456188334821,3.));
#9441=CARTESIAN_POINT('',(-4.80883094876631,1.89949548389093,3.));
#9442=CARTESIAN_POINT('',(-3.925,1.89949548389093,3.));
#9443=CARTESIAN_POINT('',(-3.94116905123369,1.89949548389093,3.));
#9444=CARTESIAN_POINT('',(-3.94899013898406,2.43132945091578,3.));
#9445=CARTESIAN_POINT('',(-3.925,2.43168224707731,3.));
#9446=CARTESIAN_POINT('',(-4.80866220020248,1.91097038623109,2.99582347710707));
#9447=CARTESIAN_POINT('',(-3.94116596410014,1.89928555880955,3.00007640648105));
#9448=CARTESIAN_POINT('',(-3.925,1.89949548389093,3.));
#9449=CARTESIAN_POINT('',(-3.54999793243899,2.50014059414836,2.34866233603239));
#9450=CARTESIAN_POINT('',(-3.5510046728371,2.43168224707731,3.));
#9451=CARTESIAN_POINT('',(-3.55,2.5,2.35));
#9452=CARTESIAN_POINT('',(-2.675,2.43168224707731,3.));
#9453=CARTESIAN_POINT('',(-2.6989953271629,2.43168224707731,3.));
#9454=CARTESIAN_POINT('',(-2.69999994092683,2.49999598302433,2.3500382189705));
#9455=CARTESIAN_POINT('',(-2.7,2.5,2.35));
#9456=CARTESIAN_POINT('',(-2.675,2.5,2.35));
#9457=CARTESIAN_POINT('',(-2.675,2.5,2.35));
#9458=CARTESIAN_POINT('',(-3.55081526642135,2.44456188334821,3.));
#9459=CARTESIAN_POINT('',(-3.55883094876631,1.89949548389093,3.));
#9460=CARTESIAN_POINT('',(-2.675,1.89949548389093,3.));
#9461=CARTESIAN_POINT('',(-2.69116905123369,1.89949548389093,3.));
#9462=CARTESIAN_POINT('',(-2.69899013898406,2.43132945091578,3.));
#9463=CARTESIAN_POINT('',(-2.675,2.43168224707731,3.));
#9464=CARTESIAN_POINT('',(-3.55866220020248,1.91097038623109,2.99582347710707));
#9465=CARTESIAN_POINT('',(-2.69116596410014,1.89928555880955,3.00007640648105));
#9466=CARTESIAN_POINT('',(-2.675,1.89949548389093,3.));
#9467=CARTESIAN_POINT('',(-2.29999793243899,2.50014059414836,2.34866233603239));
#9468=CARTESIAN_POINT('',(-2.3010046728371,2.43168224707731,3.));
#9469=CARTESIAN_POINT('',(-2.3,2.5,2.35));
#9470=CARTESIAN_POINT('',(-1.425,2.43168224707731,3.));
#9471=CARTESIAN_POINT('',(-1.4489953271629,2.43168224707731,3.));
#9472=CARTESIAN_POINT('',(-1.44999994092683,2.49999598302433,2.3500382189705));
#9473=CARTESIAN_POINT('',(-1.45,2.5,2.35));
#9474=CARTESIAN_POINT('',(-1.425,2.5,2.35));
#9475=CARTESIAN_POINT('',(-1.425,2.5,2.35));
#9476=CARTESIAN_POINT('',(-2.30081526642135,2.44456188334821,3.));
#9477=CARTESIAN_POINT('',(-2.30883094876631,1.89949548389093,3.));
#9478=CARTESIAN_POINT('',(-1.425,1.89949548389093,3.));
#9479=CARTESIAN_POINT('',(-1.44116905123369,1.89949548389093,3.));
#9480=CARTESIAN_POINT('',(-1.44899013898406,2.43132945091578,3.));
#9481=CARTESIAN_POINT('',(-1.425,2.43168224707731,3.));
#9482=CARTESIAN_POINT('',(-2.30866220020248,1.91097038623109,2.99582347710707));
#9483=CARTESIAN_POINT('',(-1.44116596410014,1.89928555880955,3.00007640648105));
#9484=CARTESIAN_POINT('',(-1.425,1.89949548389093,3.));
#9485=CARTESIAN_POINT('',(-1.04999793243899,2.50014059414836,2.34866233603239));
#9486=CARTESIAN_POINT('',(-1.0510046728371,2.43168224707731,3.));
#9487=CARTESIAN_POINT('',(-1.05,2.5,2.35));
#9488=CARTESIAN_POINT('',(-0.175,2.43168224707731,3.));
#9489=CARTESIAN_POINT('',(-0.198995327162902,2.43168224707731,3.));
#9490=CARTESIAN_POINT('',(-0.199999940926829,2.49999598302433,2.3500382189705));
#9491=CARTESIAN_POINT('',(-0.200000000000001,2.5,2.35));
#9492=CARTESIAN_POINT('',(-0.175,2.5,2.35));
#9493=CARTESIAN_POINT('',(-0.175,2.5,2.35));
#9494=CARTESIAN_POINT('',(-1.05081526642135,2.44456188334821,3.));
#9495=CARTESIAN_POINT('',(-1.05883094876631,1.89949548389093,3.));
#9496=CARTESIAN_POINT('',(-0.175,1.89949548389093,3.));
#9497=CARTESIAN_POINT('',(-0.19116905123369,1.89949548389093,3.));
#9498=CARTESIAN_POINT('',(-0.198990138984056,2.43132945091578,3.));
#9499=CARTESIAN_POINT('',(-0.175,2.43168224707731,3.));
#9500=CARTESIAN_POINT('',(-1.05866220020248,1.91097038623109,2.99582347710707));
#9501=CARTESIAN_POINT('',(-0.191165964100141,1.89928555880955,3.00007640648105));
#9502=CARTESIAN_POINT('',(-0.175,1.89949548389093,3.));
#9503=CARTESIAN_POINT('',(0.200002067561006,2.50014059414836,2.34866233603239));
#9504=CARTESIAN_POINT('',(0.198995327162902,2.43168224707731,3.));
#9505=CARTESIAN_POINT('',(0.200000000000001,2.5,2.35));
#9506=CARTESIAN_POINT('',(1.075,2.43168224707731,3.));
#9507=CARTESIAN_POINT('',(1.0510046728371,2.43168224707731,3.));
#9508=CARTESIAN_POINT('',(1.05000005907317,2.49999598302433,2.3500382189705));
#9509=CARTESIAN_POINT('',(1.05,2.5,2.35));
#9510=CARTESIAN_POINT('',(1.075,2.5,2.35));
#9511=CARTESIAN_POINT('',(1.075,2.5,2.35));
#9512=CARTESIAN_POINT('',(0.199184733578651,2.44456188334821,3.));
#9513=CARTESIAN_POINT('',(0.19116905123369,1.89949548389093,3.));
#9514=CARTESIAN_POINT('',(1.075,1.89949548389093,3.));
#9515=CARTESIAN_POINT('',(1.05883094876631,1.89949548389093,3.));
#9516=CARTESIAN_POINT('',(1.05100986101594,2.43132945091578,3.));
#9517=CARTESIAN_POINT('',(1.075,2.43168224707731,3.));
#9518=CARTESIAN_POINT('',(0.191337799797516,1.91097038623109,2.99582347710707));
#9519=CARTESIAN_POINT('',(1.05883403589986,1.89928555880955,3.00007640648105));
#9520=CARTESIAN_POINT('',(1.075,1.89949548389093,3.));
#9521=CARTESIAN_POINT('',(1.45000206756101,2.50014059414836,2.34866233603239));
#9522=CARTESIAN_POINT('',(1.4489953271629,2.43168224707731,3.));
#9523=CARTESIAN_POINT('',(1.45,2.5,2.35));
#9524=CARTESIAN_POINT('',(2.325,2.43168224707731,3.));
#9525=CARTESIAN_POINT('',(2.3010046728371,2.43168224707731,3.));
#9526=CARTESIAN_POINT('',(2.30000005907317,2.49999598302433,2.3500382189705));
#9527=CARTESIAN_POINT('',(2.3,2.5,2.35));
#9528=CARTESIAN_POINT('',(2.325,2.5,2.35));
#9529=CARTESIAN_POINT('',(2.325,2.5,2.35));
#9530=CARTESIAN_POINT('',(1.44918473357865,2.44456188334821,3.));
#9531=CARTESIAN_POINT('',(1.44116905123369,1.89949548389093,3.));
#9532=CARTESIAN_POINT('',(2.325,1.89949548389093,3.));
#9533=CARTESIAN_POINT('',(2.30883094876631,1.89949548389093,3.));
#9534=CARTESIAN_POINT('',(2.30100986101594,2.43132945091578,3.));
#9535=CARTESIAN_POINT('',(2.325,2.43168224707731,3.));
#9536=CARTESIAN_POINT('',(1.44133779979752,1.91097038623109,2.99582347710707));
#9537=CARTESIAN_POINT('',(2.30883403589986,1.89928555880955,3.00007640648105));
#9538=CARTESIAN_POINT('',(2.325,1.89949548389093,3.));
#9539=CARTESIAN_POINT('',(2.70000206756101,2.50014059414836,2.34866233603239));
#9540=CARTESIAN_POINT('',(2.6989953271629,2.43168224707731,3.));
#9541=CARTESIAN_POINT('',(2.7,2.5,2.35));
#9542=CARTESIAN_POINT('',(3.575,2.43168224707731,3.));
#9543=CARTESIAN_POINT('',(3.5510046728371,2.43168224707731,3.));
#9544=CARTESIAN_POINT('',(3.55000005907317,2.49999598302433,2.3500382189705));
#9545=CARTESIAN_POINT('',(3.55,2.5,2.35));
#9546=CARTESIAN_POINT('',(3.575,2.5,2.35));
#9547=CARTESIAN_POINT('',(3.575,2.5,2.35));
#9548=CARTESIAN_POINT('',(2.69918473357865,2.44456188334821,3.));
#9549=CARTESIAN_POINT('',(2.69116905123369,1.89949548389093,3.));
#9550=CARTESIAN_POINT('',(3.575,1.89949548389093,3.));
#9551=CARTESIAN_POINT('',(3.55883094876631,1.89949548389093,3.));
#9552=CARTESIAN_POINT('',(3.55100986101594,2.43132945091578,3.));
#9553=CARTESIAN_POINT('',(3.575,2.43168224707731,3.));
#9554=CARTESIAN_POINT('',(2.69133779979752,1.91097038623109,2.99582347710707));
#9555=CARTESIAN_POINT('',(3.55883403589986,1.89928555880955,3.00007640648105));
#9556=CARTESIAN_POINT('',(3.575,1.89949548389093,3.));
#9557=CARTESIAN_POINT('',(-3.95,2.5,2.35));
#9558=CARTESIAN_POINT('',(-3.925,0.8,2.35));
#9559=CARTESIAN_POINT('',(5.225,0.8,2.35));
#9560=CARTESIAN_POINT('',(-3.575,0.8,2.35));
#9561=CARTESIAN_POINT('',(-3.575,0.8,2.35));
#9562=CARTESIAN_POINT('',(-2.7,2.5,2.35));
#9563=CARTESIAN_POINT('',(-2.675,0.8,2.35));
#9564=CARTESIAN_POINT('',(5.225,0.8,2.35));
#9565=CARTESIAN_POINT('',(-2.325,0.8,2.35));
#9566=CARTESIAN_POINT('',(-2.325,0.8,2.35));
#9567=CARTESIAN_POINT('',(-1.45,2.5,2.35));
#9568=CARTESIAN_POINT('',(-1.425,0.8,2.35));
#9569=CARTESIAN_POINT('',(5.225,0.8,2.35));
#9570=CARTESIAN_POINT('',(-1.075,0.8,2.35));
#9571=CARTESIAN_POINT('',(-1.075,0.8,2.35));
#9572=CARTESIAN_POINT('',(-0.200000000000001,2.5,2.35));
#9573=CARTESIAN_POINT('',(-0.175,0.8,2.35));
#9574=CARTESIAN_POINT('',(5.225,0.8,2.35));
#9575=CARTESIAN_POINT('',(0.175,0.8,2.35));
#9576=CARTESIAN_POINT('',(0.175,0.8,2.35));
#9577=CARTESIAN_POINT('',(1.05,2.5,2.35));
#9578=CARTESIAN_POINT('',(1.075,0.8,2.35));
#9579=CARTESIAN_POINT('',(5.225,0.8,2.35));
#9580=CARTESIAN_POINT('',(1.425,0.8,2.35));
#9581=CARTESIAN_POINT('',(1.425,0.8,2.35));
#9582=CARTESIAN_POINT('',(2.3,2.5,2.35));
#9583=CARTESIAN_POINT('',(2.325,0.8,2.35));
#9584=CARTESIAN_POINT('',(5.225,0.8,2.35));
#9585=CARTESIAN_POINT('',(2.675,0.8,2.35));
#9586=CARTESIAN_POINT('',(2.675,0.8,2.35));
#9587=CARTESIAN_POINT('',(3.55,2.5,2.35));
#9588=CARTESIAN_POINT('',(3.575,0.8,2.35));
#9589=CARTESIAN_POINT('',(5.225,0.8,2.35));
#9590=CARTESIAN_POINT('',(3.925,0.8,2.35));
#9591=CARTESIAN_POINT('',(3.925,0.8,2.35));
#9592=CARTESIAN_POINT('',(3.95,2.5,2.35));
#9593=CARTESIAN_POINT('',(4.825,2.5,2.35));
#9594=CARTESIAN_POINT('',(4.8,2.5,2.35));
#9595=CARTESIAN_POINT('',(4.8,2.5,2.35));
#9596=CARTESIAN_POINT('',(4.825,0.8,2.35));
#9597=CARTESIAN_POINT('',(5.225,0.8,2.35));
#9598=CARTESIAN_POINT('',(5.225,0.8,2.35));
#9599=CARTESIAN_POINT('',(5.225,2.8,2.35));
#9600=CARTESIAN_POINT('',(5.225,2.8,2.35));
#9601=CARTESIAN_POINT('',(5.225,2.8,2.35));
#9602=CARTESIAN_POINT('',(4.875,2.8,2.35));
#9603=CARTESIAN_POINT('',(4.575,3.2,2.35));
#9604=CARTESIAN_POINT('',(4.575,3.2,2.35));
#9605=CARTESIAN_POINT('',(4.575,3.6,2.35));
#9606=CARTESIAN_POINT('',(4.575,3.6,2.35));
#9607=CARTESIAN_POINT('',(4.175,3.6,2.35));
#9608=CARTESIAN_POINT('',(4.175,3.6,2.35));
#9609=CARTESIAN_POINT('',(4.175,3.2,2.35));
#9610=CARTESIAN_POINT('',(4.175,3.2,2.35));
#9611=CARTESIAN_POINT('',(3.875,2.8,2.35));
#9612=CARTESIAN_POINT('',(3.325,3.2,2.35));
#9613=CARTESIAN_POINT('',(3.325,3.2,2.35));
#9614=CARTESIAN_POINT('',(3.325,3.6,2.35));
#9615=CARTESIAN_POINT('',(3.325,3.6,2.35));
#9616=CARTESIAN_POINT('',(2.925,3.6,2.35));
#9617=CARTESIAN_POINT('',(2.925,3.6,2.35));
#9618=CARTESIAN_POINT('',(2.925,3.2,2.35));
#9619=CARTESIAN_POINT('',(2.925,3.2,2.35));
#9620=CARTESIAN_POINT('',(2.625,2.8,2.35));
#9621=CARTESIAN_POINT('',(2.075,3.2,2.35));
#9622=CARTESIAN_POINT('',(2.075,3.2,2.35));
#9623=CARTESIAN_POINT('',(2.075,3.6,2.35));
#9624=CARTESIAN_POINT('',(2.075,3.6,2.35));
#9625=CARTESIAN_POINT('',(1.675,3.6,2.35));
#9626=CARTESIAN_POINT('',(1.675,3.6,2.35));
#9627=CARTESIAN_POINT('',(1.675,3.2,2.35));
#9628=CARTESIAN_POINT('',(1.675,3.2,2.35));
#9629=CARTESIAN_POINT('',(1.375,2.8,2.35));
#9630=CARTESIAN_POINT('',(0.824999999999999,3.2,2.35));
#9631=CARTESIAN_POINT('',(0.824999999999999,3.2,2.35));
#9632=CARTESIAN_POINT('',(0.824999999999999,3.6,2.35));
#9633=CARTESIAN_POINT('',(0.824999999999999,3.6,2.35));
#9634=CARTESIAN_POINT('',(0.424999999999999,3.6,2.35));
#9635=CARTESIAN_POINT('',(0.424999999999999,3.6,2.35));
#9636=CARTESIAN_POINT('',(0.424999999999999,3.2,2.35));
#9637=CARTESIAN_POINT('',(0.424999999999999,3.2,2.35));
#9638=CARTESIAN_POINT('',(0.125,2.8,2.35));
#9639=CARTESIAN_POINT('',(-0.425000000000001,3.2,2.35));
#9640=CARTESIAN_POINT('',(-0.425000000000001,3.2,2.35));
#9641=CARTESIAN_POINT('',(-0.425000000000001,3.6,2.35));
#9642=CARTESIAN_POINT('',(-0.425000000000001,3.6,2.35));
#9643=CARTESIAN_POINT('',(-0.825000000000001,3.6,2.35));
#9644=CARTESIAN_POINT('',(-0.825000000000001,3.6,2.35));
#9645=CARTESIAN_POINT('',(-0.825000000000001,3.2,2.35));
#9646=CARTESIAN_POINT('',(-0.825000000000001,3.2,2.35));
#9647=CARTESIAN_POINT('',(-1.125,2.8,2.35));
#9648=CARTESIAN_POINT('',(-1.675,3.2,2.35));
#9649=CARTESIAN_POINT('',(-1.675,3.2,2.35));
#9650=CARTESIAN_POINT('',(-1.675,3.6,2.35));
#9651=CARTESIAN_POINT('',(-1.675,3.6,2.35));
#9652=CARTESIAN_POINT('',(-2.075,3.6,2.35));
#9653=CARTESIAN_POINT('',(-2.075,3.6,2.35));
#9654=CARTESIAN_POINT('',(-2.075,3.2,2.35));
#9655=CARTESIAN_POINT('',(-2.075,3.2,2.35));
#9656=CARTESIAN_POINT('',(-2.375,2.8,2.35));
#9657=CARTESIAN_POINT('',(-2.925,3.2,2.35));
#9658=CARTESIAN_POINT('',(-2.925,3.2,2.35));
#9659=CARTESIAN_POINT('',(-2.925,3.6,2.35));
#9660=CARTESIAN_POINT('',(-2.925,3.6,2.35));
#9661=CARTESIAN_POINT('',(-3.325,3.6,2.35));
#9662=CARTESIAN_POINT('',(-3.325,3.6,2.35));
#9663=CARTESIAN_POINT('',(-3.325,3.2,2.35));
#9664=CARTESIAN_POINT('',(-3.325,3.2,2.35));
#9665=CARTESIAN_POINT('',(-3.625,2.8,2.35));
#9666=CARTESIAN_POINT('',(-4.175,3.2,2.35));
#9667=CARTESIAN_POINT('',(-4.175,3.2,2.35));
#9668=CARTESIAN_POINT('',(-4.175,3.6,2.35));
#9669=CARTESIAN_POINT('',(-4.175,3.6,2.35));
#9670=CARTESIAN_POINT('',(-4.575,3.6,2.35));
#9671=CARTESIAN_POINT('',(-4.575,3.6,2.35));
#9672=CARTESIAN_POINT('',(-4.575,3.2,2.35));
#9673=CARTESIAN_POINT('',(-4.575,3.2,2.35));
#9674=CARTESIAN_POINT('',(-4.875,2.8,2.35));
#9675=CARTESIAN_POINT('',(-5.225,2.8,2.35));
#9676=CARTESIAN_POINT('',(-5.225,0.8,2.35));
#9677=CARTESIAN_POINT('',(5.225,0.8,2.35));
#9678=CARTESIAN_POINT('',(-4.825,0.8,2.35));
#9679=CARTESIAN_POINT('',(-4.825,0.8,2.35));
#9680=CARTESIAN_POINT('',(5.225,2.8,2.35));
#9681=CARTESIAN_POINT('',(2.675,0.8,3.2));
#9682=CARTESIAN_POINT('',(2.325,0.8,3.2));
#9683=CARTESIAN_POINT('',(5.225,0.8,2.35));
#9684=CARTESIAN_POINT('',(1.425,0.8,3.2));
#9685=CARTESIAN_POINT('',(1.075,0.8,3.2));
#9686=CARTESIAN_POINT('',(5.225,0.8,2.35));
#9687=CARTESIAN_POINT('',(0.175000000000001,0.8,3.2));
#9688=CARTESIAN_POINT('',(-0.175,0.8,3.2));
#9689=CARTESIAN_POINT('',(5.225,0.8,2.35));
#9690=CARTESIAN_POINT('',(-1.075,0.8,3.2));
#9691=CARTESIAN_POINT('',(-1.425,0.8,3.2));
#9692=CARTESIAN_POINT('',(5.225,0.8,2.35));
#9693=CARTESIAN_POINT('',(-2.325,0.8,3.2));
#9694=CARTESIAN_POINT('',(-2.675,0.8,3.2));
#9695=CARTESIAN_POINT('',(5.225,0.8,2.35));
#9696=CARTESIAN_POINT('',(-3.575,0.8,3.2));
#9697=CARTESIAN_POINT('',(-3.925,0.8,3.2));
#9698=CARTESIAN_POINT('',(5.225,0.8,2.35));
#9699=CARTESIAN_POINT('',(-4.825,0.8,3.2));
#9700=CARTESIAN_POINT('',(-5.225,0.8,2.35));
#9701=CARTESIAN_POINT('',(5.225,0.8,2.35));
#9702=CARTESIAN_POINT('',(5.575,0.6,0.3));
#9703=CARTESIAN_POINT('',(5.575,0.6,0.3));
#9704=CARTESIAN_POINT('',(-5.575,0.6,0.3));
#9705=CARTESIAN_POINT('',(-5.575,0.6,0.3));
#9706=CARTESIAN_POINT('',(-5.575,0.6,2.9));
#9707=CARTESIAN_POINT('',(-5.225,0.6,3.2));
#9708=CARTESIAN_POINT('',(-5.225,0.6,1.85));
#9709=CARTESIAN_POINT('',(-5.525,0.6,1.9));
#9710=CARTESIAN_POINT('',(-5.525,0.6,1.9));
#9711=CARTESIAN_POINT('',(-5.525,0.6,1.3));
#9712=CARTESIAN_POINT('',(-5.525,0.6,1.3));
#9713=CARTESIAN_POINT('',(-5.225,0.6,1.35));
#9714=CARTESIAN_POINT('',(-5.225,0.6,1.35));
#9715=CARTESIAN_POINT('',(-5.225,0.6,3.2));
#9716=CARTESIAN_POINT('',(5.225,0.6,3.2));
#9717=CARTESIAN_POINT('',(5.225,0.6,1.35));
#9718=CARTESIAN_POINT('',(5.525,0.6,1.3));
#9719=CARTESIAN_POINT('',(5.525,0.6,1.3));
#9720=CARTESIAN_POINT('',(5.525,0.6,1.9));
#9721=CARTESIAN_POINT('',(5.525,0.6,1.9));
#9722=CARTESIAN_POINT('',(5.225,0.6,1.85));
#9723=CARTESIAN_POINT('',(5.225,0.6,1.85));
#9724=CARTESIAN_POINT('',(5.225,0.6,3.2));
#9725=CARTESIAN_POINT('',(-5.575,0.6,0.3));
#9726=CARTESIAN_POINT('',(-5.225,3.7,1.35));
#9727=CARTESIAN_POINT('',(-5.225,3.7,1.35));
#9728=CARTESIAN_POINT('',(-5.225,3.7,1.85));
#9729=CARTESIAN_POINT('',(-5.225,3.7,1.85));
#9730=CARTESIAN_POINT('',(-5.225,3.7,1.85));
#9731=CARTESIAN_POINT('',(-5.225,0.,0.));
#9732=CARTESIAN_POINT('',(4.875,2.8,-1.21));
#9733=CARTESIAN_POINT('',(5.225,2.8,2.75));
#9734=CARTESIAN_POINT('',(5.225,2.8,2.75));
#9735=CARTESIAN_POINT('',(4.80000005907317,2.49999598302433,2.3500382189705));
#9736=CARTESIAN_POINT('',(4.8010046728371,2.43168224707731,3.));
#9737=CARTESIAN_POINT('',(3.95000206756101,2.50014059414836,2.34866233603239));
#9738=CARTESIAN_POINT('',(3.9489953271629,2.43168224707731,3.));
#9739=CARTESIAN_POINT('',(4.825,2.43168224707731,3.));
#9740=CARTESIAN_POINT('',(4.825,2.5,2.35));
#9741=CARTESIAN_POINT('',(4.80100986101594,2.43132945091578,3.));
#9742=CARTESIAN_POINT('',(4.80883094876631,1.89949548389093,3.));
#9743=CARTESIAN_POINT('',(3.94918473357865,2.44456188334821,3.));
#9744=CARTESIAN_POINT('',(3.94116905123369,1.89949548389093,3.));
#9745=CARTESIAN_POINT('',(4.825,1.89949548389093,3.));
#9746=CARTESIAN_POINT('',(4.825,2.43168224707731,3.));
#9747=CARTESIAN_POINT('',(4.80883403589986,1.89928555880955,3.00007640648105));
#9748=CARTESIAN_POINT('',(3.94133779979752,1.91097038623109,2.99582347710707));
#9749=CARTESIAN_POINT('',(4.825,1.89949548389093,3.));
#9750=CARTESIAN_POINT('',(4.825,0.8,3.2));
#9751=CARTESIAN_POINT('',(5.225,0.8,2.35));
#9752=CARTESIAN_POINT('',(5.225,0.8,2.35));
#9753=CARTESIAN_POINT('',(-5.875,0.6,2.9));
#9754=CARTESIAN_POINT('',(-5.875,0.3,2.9));
#9755=CARTESIAN_POINT('',(-5.875,0.,2.9));
#9756=CARTESIAN_POINT('',(-5.875,0.3,0.3));
#9757=CARTESIAN_POINT('',(-5.875,0.3,0.3));
#9758=CARTESIAN_POINT('',(-5.875,0.6,0.3));
#9759=CARTESIAN_POINT('',(-5.875,0.,0.3));
#9760=CARTESIAN_POINT('',(-5.875,0.,2.9));
#9761=CARTESIAN_POINT('',(-5.875,0.6,2.9));
#9762=CARTESIAN_POINT('',(-5.575,0.3,0.3));
#9763=CARTESIAN_POINT('',(-5.575,0.3,1.0842021724855E-16));
#9764=CARTESIAN_POINT('',(-5.575,0.6,1.0842021724855E-16));
#9765=CARTESIAN_POINT('',(-5.575,0.,1.0842021724855E-16));
#9766=CARTESIAN_POINT('',(-5.575,0.,0.3));
#9767=CARTESIAN_POINT('',(-5.575,0.6,0.3));
#9768=CARTESIAN_POINT('',(5.575,0.3,-3.25260651745651E-16));
#9769=CARTESIAN_POINT('',(5.575,0.3,-3.33066907387547E-16));
#9770=CARTESIAN_POINT('',(5.575,0.6,-3.33066907387547E-16));
#9771=CARTESIAN_POINT('',(5.575,0.,-3.33066907387547E-16));
#9772=CARTESIAN_POINT('',(-5.575,0.,-3.33066907387547E-16));
#9773=CARTESIAN_POINT('',(-5.575,0.6,-3.33066907387547E-16));
#9774=CARTESIAN_POINT('',(5.575,0.3,0.3));
#9775=CARTESIAN_POINT('',(5.875,0.3,0.3));
#9776=CARTESIAN_POINT('',(5.875,0.6,0.3));
#9777=CARTESIAN_POINT('',(5.875,0.,0.3));
#9778=CARTESIAN_POINT('',(5.575,0.,0.3));
#9779=CARTESIAN_POINT('',(5.575,0.6,0.3));
#9780=CARTESIAN_POINT('',(5.875,0.3,2.9));
#9781=CARTESIAN_POINT('',(5.875,0.3,2.9));
#9782=CARTESIAN_POINT('',(5.875,0.6,2.9));
#9783=CARTESIAN_POINT('',(5.875,0.,2.9));
#9784=CARTESIAN_POINT('',(5.875,0.,0.3));
#9785=CARTESIAN_POINT('',(5.875,0.6,0.3));
#9786=CARTESIAN_POINT('',(5.575,0.3,2.9));
#9787=CARTESIAN_POINT('',(5.575,0.,2.9));
#9788=CARTESIAN_POINT('',(5.575,0.6,2.9));
#9789=CARTESIAN_POINT('',(-5.575,0.3,2.9));
#9790=CARTESIAN_POINT('',(-5.575,0.,2.9));
#9791=CARTESIAN_POINT('',(-5.575,0.6,2.9));
#9792=CARTESIAN_POINT('',(-4.625,0.,2.40773502691896));
#9793=CARTESIAN_POINT('',(-4.93273502691896,0.,2.40773502691896));
#9794=CARTESIAN_POINT('',(-4.68273502691896,0.,2.40773502691896));
#9795=CARTESIAN_POINT('',(-4.68273502691896,0.,2.75));
#9796=CARTESIAN_POINT('',(-4.68273502691896,0.,2.80773502691896));
#9797=CARTESIAN_POINT('',(-4.125,0.,2.80773502691896));
#9798=CARTESIAN_POINT('',(-4.06726497308104,0.,2.80773502691896));
#9799=CARTESIAN_POINT('',(-4.06726497308104,0.,2.35));
#9800=CARTESIAN_POINT('',(-4.06726497308104,0.,2.40773502691896));
#9801=CARTESIAN_POINT('',(-3.875,0.,2.40773502691896));
#9802=CARTESIAN_POINT('',(-3.81726497308104,0.,2.40773502691896));
#9803=CARTESIAN_POINT('',(-3.81726497308104,0.,0.899999999999996));
#9804=CARTESIAN_POINT('',(-3.81726497308104,0.,0.842264973081034));
#9805=CARTESIAN_POINT('',(-4.175,0.,0.842264973081034));
#9806=CARTESIAN_POINT('',(-4.11726497308104,0.,0.842264973081034));
#9807=CARTESIAN_POINT('',(-4.11726497308104,0.,0.749999999999996));
#9808=CARTESIAN_POINT('',(-4.11726497308104,0.,0.692264973081034));
#9809=CARTESIAN_POINT('',(-4.575,0.,0.692264973081034));
#9810=CARTESIAN_POINT('',(-4.63273502691896,0.,0.692264973081034));
#9811=CARTESIAN_POINT('',(-4.63273502691896,0.,0.899999999999996));
#9812=CARTESIAN_POINT('',(-4.63273502691896,0.,0.842264973081034));
#9813=CARTESIAN_POINT('',(-4.875,0.,0.842264973081034));
#9814=CARTESIAN_POINT('',(-4.93273502691896,0.,0.842264973081034));
#9815=CARTESIAN_POINT('',(-4.93273502691896,0.,2.35));
#9816=CARTESIAN_POINT('',(-3.375,0.,2.40773502691896));
#9817=CARTESIAN_POINT('',(-3.68273502691896,0.,2.40773502691896));
#9818=CARTESIAN_POINT('',(-3.43273502691896,0.,2.40773502691896));
#9819=CARTESIAN_POINT('',(-3.43273502691896,0.,2.75));
#9820=CARTESIAN_POINT('',(-3.43273502691896,0.,2.80773502691896));
#9821=CARTESIAN_POINT('',(-2.875,0.,2.80773502691896));
#9822=CARTESIAN_POINT('',(-2.81726497308104,0.,2.80773502691896));
#9823=CARTESIAN_POINT('',(-2.81726497308104,0.,2.35));
#9824=CARTESIAN_POINT('',(-2.81726497308104,0.,2.40773502691896));
#9825=CARTESIAN_POINT('',(-2.625,0.,2.40773502691896));
#9826=CARTESIAN_POINT('',(-2.56726497308104,0.,2.40773502691896));
#9827=CARTESIAN_POINT('',(-2.56726497308104,0.,0.899999999999996));
#9828=CARTESIAN_POINT('',(-2.56726497308104,0.,0.842264973081034));
#9829=CARTESIAN_POINT('',(-2.925,0.,0.842264973081034));
#9830=CARTESIAN_POINT('',(-2.86726497308104,0.,0.842264973081034));
#9831=CARTESIAN_POINT('',(-2.86726497308104,0.,0.749999999999996));
#9832=CARTESIAN_POINT('',(-2.86726497308104,0.,0.692264973081034));
#9833=CARTESIAN_POINT('',(-3.325,0.,0.692264973081034));
#9834=CARTESIAN_POINT('',(-3.38273502691896,0.,0.692264973081034));
#9835=CARTESIAN_POINT('',(-3.38273502691896,0.,0.899999999999996));
#9836=CARTESIAN_POINT('',(-3.38273502691896,0.,0.842264973081034));
#9837=CARTESIAN_POINT('',(-3.625,0.,0.842264973081034));
#9838=CARTESIAN_POINT('',(-3.68273502691896,0.,0.842264973081034));
#9839=CARTESIAN_POINT('',(-3.68273502691896,0.,2.35));
#9840=CARTESIAN_POINT('',(-2.125,0.,2.40773502691896));
#9841=CARTESIAN_POINT('',(-2.43273502691896,0.,2.40773502691896));
#9842=CARTESIAN_POINT('',(-2.18273502691896,0.,2.40773502691896));
#9843=CARTESIAN_POINT('',(-2.18273502691896,0.,2.75));
#9844=CARTESIAN_POINT('',(-2.18273502691896,0.,2.80773502691896));
#9845=CARTESIAN_POINT('',(-1.625,0.,2.80773502691896));
#9846=CARTESIAN_POINT('',(-1.56726497308104,0.,2.80773502691896));
#9847=CARTESIAN_POINT('',(-1.56726497308104,0.,2.35));
#9848=CARTESIAN_POINT('',(-1.56726497308104,0.,2.40773502691896));
#9849=CARTESIAN_POINT('',(-1.375,0.,2.40773502691896));
#9850=CARTESIAN_POINT('',(-1.31726497308104,0.,2.40773502691896));
#9851=CARTESIAN_POINT('',(-1.31726497308104,0.,0.899999999999996));
#9852=CARTESIAN_POINT('',(-1.31726497308104,0.,0.842264973081034));
#9853=CARTESIAN_POINT('',(-1.675,0.,0.842264973081034));
#9854=CARTESIAN_POINT('',(-1.61726497308104,0.,0.842264973081034));
#9855=CARTESIAN_POINT('',(-1.61726497308104,0.,0.749999999999996));
#9856=CARTESIAN_POINT('',(-1.61726497308104,0.,0.692264973081034));
#9857=CARTESIAN_POINT('',(-2.075,0.,0.692264973081034));
#9858=CARTESIAN_POINT('',(-2.13273502691896,0.,0.692264973081034));
#9859=CARTESIAN_POINT('',(-2.13273502691896,0.,0.899999999999996));
#9860=CARTESIAN_POINT('',(-2.13273502691896,0.,0.842264973081034));
#9861=CARTESIAN_POINT('',(-2.375,0.,0.842264973081034));
#9862=CARTESIAN_POINT('',(-2.43273502691896,0.,0.842264973081034));
#9863=CARTESIAN_POINT('',(-2.43273502691896,0.,2.35));
#9864=CARTESIAN_POINT('',(-0.875000000000002,0.,2.40773502691896));
#9865=CARTESIAN_POINT('',(-1.18273502691896,0.,2.40773502691896));
#9866=CARTESIAN_POINT('',(-0.932735026918964,0.,2.40773502691896));
#9867=CARTESIAN_POINT('',(-0.932735026918964,0.,2.75));
#9868=CARTESIAN_POINT('',(-0.932735026918964,0.,2.80773502691896));
#9869=CARTESIAN_POINT('',(-0.375000000000002,0.,2.80773502691896));
#9870=CARTESIAN_POINT('',(-0.31726497308104,0.,2.80773502691896));
#9871=CARTESIAN_POINT('',(-0.31726497308104,0.,2.35));
#9872=CARTESIAN_POINT('',(-0.31726497308104,0.,2.40773502691896));
#9873=CARTESIAN_POINT('',(-0.125000000000002,0.,2.40773502691896));
#9874=CARTESIAN_POINT('',(-0.0672649730810394,0.,2.40773502691896));
#9875=CARTESIAN_POINT('',(-0.0672649730810394,0.,0.899999999999996));
#9876=CARTESIAN_POINT('',(-0.0672649730810394,0.,0.842264973081034));
#9877=CARTESIAN_POINT('',(-0.425000000000001,0.,0.842264973081034));
#9878=CARTESIAN_POINT('',(-0.367264973081038,0.,0.842264973081034));
#9879=CARTESIAN_POINT('',(-0.367264973081038,0.,0.749999999999996));
#9880=CARTESIAN_POINT('',(-0.367264973081038,0.,0.692264973081034));
#9881=CARTESIAN_POINT('',(-0.825000000000001,0.,0.692264973081034));
#9882=CARTESIAN_POINT('',(-0.882735026918964,0.,0.692264973081034));
#9883=CARTESIAN_POINT('',(-0.882735026918964,0.,0.899999999999996));
#9884=CARTESIAN_POINT('',(-0.882735026918964,0.,0.842264973081034));
#9885=CARTESIAN_POINT('',(-1.125,0.,0.842264973081034));
#9886=CARTESIAN_POINT('',(-1.18273502691896,0.,0.842264973081034));
#9887=CARTESIAN_POINT('',(-1.18273502691896,0.,2.35));
#9888=CARTESIAN_POINT('',(0.374999999999999,0.,2.40773502691896));
#9889=CARTESIAN_POINT('',(0.0672649730810359,0.,2.40773502691896));
#9890=CARTESIAN_POINT('',(0.317264973081036,0.,2.40773502691896));
#9891=CARTESIAN_POINT('',(0.317264973081036,0.,2.75));
#9892=CARTESIAN_POINT('',(0.317264973081036,0.,2.80773502691896));
#9893=CARTESIAN_POINT('',(0.874999999999998,0.,2.80773502691896));
#9894=CARTESIAN_POINT('',(0.932735026918961,0.,2.80773502691896));
#9895=CARTESIAN_POINT('',(0.932735026918961,0.,2.35));
#9896=CARTESIAN_POINT('',(0.932735026918961,0.,2.40773502691896));
#9897=CARTESIAN_POINT('',(1.125,0.,2.40773502691896));
#9898=CARTESIAN_POINT('',(1.18273502691896,0.,2.40773502691896));
#9899=CARTESIAN_POINT('',(1.18273502691896,0.,0.899999999999996));
#9900=CARTESIAN_POINT('',(1.18273502691896,0.,0.842264973081034));
#9901=CARTESIAN_POINT('',(0.824999999999999,0.,0.842264973081034));
#9902=CARTESIAN_POINT('',(0.882735026918962,0.,0.842264973081034));
#9903=CARTESIAN_POINT('',(0.882735026918962,0.,0.749999999999996));
#9904=CARTESIAN_POINT('',(0.882735026918962,0.,0.692264973081034));
#9905=CARTESIAN_POINT('',(0.424999999999999,0.,0.692264973081034));
#9906=CARTESIAN_POINT('',(0.367264973081037,0.,0.692264973081034));
#9907=CARTESIAN_POINT('',(0.367264973081037,0.,0.899999999999996));
#9908=CARTESIAN_POINT('',(0.367264973081037,0.,0.842264973081034));
#9909=CARTESIAN_POINT('',(0.124999999999999,0.,0.842264973081034));
#9910=CARTESIAN_POINT('',(0.0672649730810359,0.,0.842264973081034));
#9911=CARTESIAN_POINT('',(0.0672649730810359,0.,2.35));
#9912=CARTESIAN_POINT('',(1.625,0.,2.40773502691896));
#9913=CARTESIAN_POINT('',(1.31726497308104,0.,2.40773502691896));
#9914=CARTESIAN_POINT('',(1.56726497308104,0.,2.40773502691896));
#9915=CARTESIAN_POINT('',(1.56726497308104,0.,2.75));
#9916=CARTESIAN_POINT('',(1.56726497308104,0.,2.80773502691896));
#9917=CARTESIAN_POINT('',(2.125,0.,2.80773502691896));
#9918=CARTESIAN_POINT('',(2.18273502691896,0.,2.80773502691896));
#9919=CARTESIAN_POINT('',(2.18273502691896,0.,2.35));
#9920=CARTESIAN_POINT('',(2.18273502691896,0.,2.40773502691896));
#9921=CARTESIAN_POINT('',(2.375,0.,2.40773502691896));
#9922=CARTESIAN_POINT('',(2.43273502691896,0.,2.40773502691896));
#9923=CARTESIAN_POINT('',(2.43273502691896,0.,0.899999999999996));
#9924=CARTESIAN_POINT('',(2.43273502691896,0.,0.842264973081034));
#9925=CARTESIAN_POINT('',(2.075,0.,0.842264973081034));
#9926=CARTESIAN_POINT('',(2.13273502691896,0.,0.842264973081034));
#9927=CARTESIAN_POINT('',(2.13273502691896,0.,0.749999999999996));
#9928=CARTESIAN_POINT('',(2.13273502691896,0.,0.692264973081034));
#9929=CARTESIAN_POINT('',(1.675,0.,0.692264973081034));
#9930=CARTESIAN_POINT('',(1.61726497308104,0.,0.692264973081034));
#9931=CARTESIAN_POINT('',(1.61726497308104,0.,0.899999999999996));
#9932=CARTESIAN_POINT('',(1.61726497308104,0.,0.842264973081034));
#9933=CARTESIAN_POINT('',(1.375,0.,0.842264973081034));
#9934=CARTESIAN_POINT('',(1.31726497308104,0.,0.842264973081034));
#9935=CARTESIAN_POINT('',(1.31726497308104,0.,2.35));
#9936=CARTESIAN_POINT('',(2.875,0.,2.40773502691896));
#9937=CARTESIAN_POINT('',(2.56726497308104,0.,2.40773502691896));
#9938=CARTESIAN_POINT('',(2.81726497308104,0.,2.40773502691896));
#9939=CARTESIAN_POINT('',(2.81726497308104,0.,2.75));
#9940=CARTESIAN_POINT('',(2.81726497308104,0.,2.80773502691896));
#9941=CARTESIAN_POINT('',(3.375,0.,2.80773502691896));
#9942=CARTESIAN_POINT('',(3.43273502691896,0.,2.80773502691896));
#9943=CARTESIAN_POINT('',(3.43273502691896,0.,2.35));
#9944=CARTESIAN_POINT('',(3.43273502691896,0.,2.40773502691896));
#9945=CARTESIAN_POINT('',(3.625,0.,2.40773502691896));
#9946=CARTESIAN_POINT('',(3.68273502691896,0.,2.40773502691896));
#9947=CARTESIAN_POINT('',(3.68273502691896,0.,0.899999999999996));
#9948=CARTESIAN_POINT('',(3.68273502691896,0.,0.842264973081034));
#9949=CARTESIAN_POINT('',(3.325,0.,0.842264973081034));
#9950=CARTESIAN_POINT('',(3.38273502691896,0.,0.842264973081034));
#9951=CARTESIAN_POINT('',(3.38273502691896,0.,0.749999999999996));
#9952=CARTESIAN_POINT('',(3.38273502691896,0.,0.692264973081034));
#9953=CARTESIAN_POINT('',(2.925,0.,0.692264973081034));
#9954=CARTESIAN_POINT('',(2.86726497308104,0.,0.692264973081034));
#9955=CARTESIAN_POINT('',(2.86726497308104,0.,0.899999999999996));
#9956=CARTESIAN_POINT('',(2.86726497308104,0.,0.842264973081034));
#9957=CARTESIAN_POINT('',(2.625,0.,0.842264973081034));
#9958=CARTESIAN_POINT('',(2.56726497308104,0.,0.842264973081034));
#9959=CARTESIAN_POINT('',(2.56726497308104,0.,2.35));
#9960=CARTESIAN_POINT('',(4.125,0.,2.40773502691896));
#9961=CARTESIAN_POINT('',(3.81726497308104,0.,2.40773502691896));
#9962=CARTESIAN_POINT('',(4.06726497308104,0.,2.40773502691896));
#9963=CARTESIAN_POINT('',(4.06726497308104,0.,2.75));
#9964=CARTESIAN_POINT('',(4.06726497308104,0.,2.80773502691896));
#9965=CARTESIAN_POINT('',(4.625,0.,2.80773502691896));
#9966=CARTESIAN_POINT('',(4.68273502691896,0.,2.80773502691896));
#9967=CARTESIAN_POINT('',(4.68273502691896,0.,2.35));
#9968=CARTESIAN_POINT('',(4.68273502691896,0.,2.40773502691896));
#9969=CARTESIAN_POINT('',(4.875,0.,2.40773502691896));
#9970=CARTESIAN_POINT('',(4.93273502691896,0.,2.40773502691896));
#9971=CARTESIAN_POINT('',(4.93273502691896,0.,0.899999999999996));
#9972=CARTESIAN_POINT('',(4.93273502691896,0.,0.842264973081034));
#9973=CARTESIAN_POINT('',(4.575,0.,0.842264973081034));
#9974=CARTESIAN_POINT('',(4.63273502691896,0.,0.842264973081034));
#9975=CARTESIAN_POINT('',(4.63273502691896,0.,0.749999999999996));
#9976=CARTESIAN_POINT('',(4.63273502691896,0.,0.692264973081034));
#9977=CARTESIAN_POINT('',(4.175,0.,0.692264973081034));
#9978=CARTESIAN_POINT('',(4.11726497308104,0.,0.692264973081034));
#9979=CARTESIAN_POINT('',(4.11726497308104,0.,0.899999999999996));
#9980=CARTESIAN_POINT('',(4.11726497308104,0.,0.842264973081034));
#9981=CARTESIAN_POINT('',(3.875,0.,0.842264973081034));
#9982=CARTESIAN_POINT('',(3.81726497308104,0.,0.842264973081034));
#9983=CARTESIAN_POINT('',(3.81726497308104,0.,2.35));
#9984=CARTESIAN_POINT('',(-5.575,0.,0.3));
#9985=CARTESIAN_POINT('',(3.575,0.8,3.2));
#9986=CARTESIAN_POINT('',(3.925,0.8,3.2));
#9987=CARTESIAN_POINT('',(5.225,0.8,2.35));
#9988=CARTESIAN_POINT('',(5.225,3.7,1.85));
#9989=CARTESIAN_POINT('',(5.225,3.7,1.85));
#9990=CARTESIAN_POINT('',(5.225,3.7,1.35));
#9991=CARTESIAN_POINT('',(5.225,3.7,1.35));
#9992=CARTESIAN_POINT('',(5.225,3.7,1.35));
#9993=CARTESIAN_POINT('',(5.225,0.,0.));
#9994=CARTESIAN_POINT('',(3.925,0.799999999999998,10.765));
#9995=CARTESIAN_POINT('',(4.8,2.5,10.765));
#9996=CARTESIAN_POINT('',(4.2,3.8,0.45));
#9997=CARTESIAN_POINT('',(4.2,3.8,1.75));
#9998=CARTESIAN_POINT('',(4.2,3.8,1.75));
#9999=CARTESIAN_POINT('',(4.55,3.8,1.75));
#10000=CARTESIAN_POINT('',(4.55,3.8,1.75));
#10001=CARTESIAN_POINT('',(0.,3.8,0.));
#10002=CARTESIAN_POINT('',(3.875,0.2,2.35));
#10003=CARTESIAN_POINT('',(3.875,0.1,2.35));
#10004=CARTESIAN_POINT('',(3.875,0.2,2.35));
#10005=CARTESIAN_POINT('',(3.875,0.1,0.899999999999996));
#10006=CARTESIAN_POINT('',(3.875,0.1,0.899999999999996));
#10007=CARTESIAN_POINT('',(3.875,0.2,0.899999999999996));
#10008=CARTESIAN_POINT('',(3.875,0.2,0.899999999999996));
#10009=CARTESIAN_POINT('',(3.875,0.2,2.35));
#10010=CARTESIAN_POINT('',(3.875,0.2,2.35));
#10011=CARTESIAN_POINT('',(4.175,0.1,0.899999999999996));
#10012=CARTESIAN_POINT('',(4.175,0.1,0.899999999999996));
#10013=CARTESIAN_POINT('',(4.175,0.2,0.899999999999996));
#10014=CARTESIAN_POINT('',(4.175,0.2,0.899999999999996));
#10015=CARTESIAN_POINT('',(3.875,0.2,0.899999999999996));
#10016=CARTESIAN_POINT('',(3.875,0.2,0.899999999999996));
#10017=CARTESIAN_POINT('',(4.175,0.1,0.749999999999996));
#10018=CARTESIAN_POINT('',(4.175,0.1,0.749999999999996));
#10019=CARTESIAN_POINT('',(4.175,0.2,0.749999999999996));
#10020=CARTESIAN_POINT('',(4.175,0.2,0.749999999999996));
#10021=CARTESIAN_POINT('',(4.175,0.2,0.899999999999996));
#10022=CARTESIAN_POINT('',(4.175,0.2,0.899999999999996));
#10023=CARTESIAN_POINT('',(4.575,0.1,0.749999999999996));
#10024=CARTESIAN_POINT('',(4.575,0.1,0.749999999999996));
#10025=CARTESIAN_POINT('',(4.575,0.2,0.749999999999996));
#10026=CARTESIAN_POINT('',(4.575,0.2,0.749999999999996));
#10027=CARTESIAN_POINT('',(4.175,0.2,0.749999999999996));
#10028=CARTESIAN_POINT('',(4.175,0.2,0.749999999999996));
#10029=CARTESIAN_POINT('',(4.575,0.1,0.899999999999996));
#10030=CARTESIAN_POINT('',(4.575,0.1,0.899999999999996));
#10031=CARTESIAN_POINT('',(4.575,0.2,0.899999999999996));
#10032=CARTESIAN_POINT('',(4.575,0.2,0.899999999999996));
#10033=CARTESIAN_POINT('',(4.575,0.2,0.749999999999996));
#10034=CARTESIAN_POINT('',(4.575,0.2,0.749999999999996));
#10035=CARTESIAN_POINT('',(4.875,0.1,0.899999999999996));
#10036=CARTESIAN_POINT('',(4.875,0.1,0.899999999999996));
#10037=CARTESIAN_POINT('',(4.875,0.2,0.899999999999996));
#10038=CARTESIAN_POINT('',(4.875,0.2,0.899999999999996));
#10039=CARTESIAN_POINT('',(4.575,0.2,0.899999999999996));
#10040=CARTESIAN_POINT('',(4.575,0.2,0.899999999999996));
#10041=CARTESIAN_POINT('',(4.875,0.1,2.35));
#10042=CARTESIAN_POINT('',(4.875,0.1,2.35));
#10043=CARTESIAN_POINT('',(4.875,0.2,2.35));
#10044=CARTESIAN_POINT('',(4.875,0.2,2.35));
#10045=CARTESIAN_POINT('',(4.875,0.2,0.899999999999996));
#10046=CARTESIAN_POINT('',(4.875,0.2,0.899999999999996));
#10047=CARTESIAN_POINT('',(4.625,0.1,2.35));
#10048=CARTESIAN_POINT('',(4.625,0.1,2.35));
#10049=CARTESIAN_POINT('',(4.625,0.2,2.35));
#10050=CARTESIAN_POINT('',(4.625,0.2,2.35));
#10051=CARTESIAN_POINT('',(4.875,0.2,2.35));
#10052=CARTESIAN_POINT('',(4.875,0.2,2.35));
#10053=CARTESIAN_POINT('',(4.625,0.1,2.75));
#10054=CARTESIAN_POINT('',(4.625,0.1,2.75));
#10055=CARTESIAN_POINT('',(4.625,0.2,2.75));
#10056=CARTESIAN_POINT('',(4.625,0.2,2.75));
#10057=CARTESIAN_POINT('',(4.625,0.2,2.35));
#10058=CARTESIAN_POINT('',(4.625,0.2,2.35));
#10059=CARTESIAN_POINT('',(4.125,0.1,2.75));
#10060=CARTESIAN_POINT('',(4.125,0.1,2.75));
#10061=CARTESIAN_POINT('',(4.125,0.2,2.75));
#10062=CARTESIAN_POINT('',(4.125,0.2,2.75));
#10063=CARTESIAN_POINT('',(4.625,0.2,2.75));
#10064=CARTESIAN_POINT('',(4.625,0.2,2.75));
#10065=CARTESIAN_POINT('',(4.125,0.1,2.35));
#10066=CARTESIAN_POINT('',(4.125,0.1,2.35));
#10067=CARTESIAN_POINT('',(4.125,0.2,2.35));
#10068=CARTESIAN_POINT('',(4.125,0.2,2.35));
#10069=CARTESIAN_POINT('',(4.125,0.2,2.75));
#10070=CARTESIAN_POINT('',(4.125,0.2,2.75));
#10071=CARTESIAN_POINT('',(3.875,0.1,2.35));
#10072=CARTESIAN_POINT('',(4.125,0.2,2.35));
#10073=CARTESIAN_POINT('',(4.125,0.2,2.35));
#10074=CARTESIAN_POINT('',(0.,0.2,0.));
#10075=CARTESIAN_POINT('',(4.175,3.6,-1.21));
#10076=CARTESIAN_POINT('',(4.175,3.2,-1.21));
#10077=CARTESIAN_POINT('',(4.175,3.2,-1.21));
#10078=CARTESIAN_POINT('',(4.575,3.6,-1.21));
#10079=CARTESIAN_POINT('',(4.175,3.6,-1.21));
#10080=CARTESIAN_POINT('',(4.575,3.2,-1.21));
#10081=CARTESIAN_POINT('',(4.575,3.6,-1.21));
#10082=CARTESIAN_POINT('',(4.575,3.2,-1.21));
#10083=CARTESIAN_POINT('',(3.875,2.8,-1.21));
#10084=CARTESIAN_POINT('',(4.575,0.1,0.749999999999996));
#10085=CARTESIAN_POINT('',(4.605,0.0480384757729337,0.869999999999996));
#10086=CARTESIAN_POINT('',(4.575,0.1,0.749999999999996));
#10087=CARTESIAN_POINT('',(4.875,0.1,0.899999999999996));
#10088=CARTESIAN_POINT('',(4.575,0.1,0.899999999999996));
#10089=CARTESIAN_POINT('',(4.175,0.1,0.749999999999996));
#10090=CARTESIAN_POINT('',(4.175,0.1,0.749999999999996));
#10091=CARTESIAN_POINT('',(4.875,0.1,2.35));
#10092=CARTESIAN_POINT('',(4.875,0.1,0.899999999999996));
#10093=CARTESIAN_POINT('',(4.115,-0.00392304845413358,0.839999999999996));
#10094=CARTESIAN_POINT('',(4.175,0.1,0.899999999999996));
#10095=CARTESIAN_POINT('',(4.675,0.0133974596215553,2.4));
#10096=CARTESIAN_POINT('',(4.875,0.1,2.35));
#10097=CARTESIAN_POINT('',(3.875,0.1,0.899999999999996));
#10098=CARTESIAN_POINT('',(3.875,0.1,0.899999999999996));
#10099=CARTESIAN_POINT('',(4.625,0.1,2.75));
#10100=CARTESIAN_POINT('',(4.625,0.1,2.35));
#10101=CARTESIAN_POINT('',(3.875,0.1,2.35));
#10102=CARTESIAN_POINT('',(3.875,0.1,2.35));
#10103=CARTESIAN_POINT('',(4.125,0.1,2.75));
#10104=CARTESIAN_POINT('',(4.625,0.1,2.75));
#10105=CARTESIAN_POINT('',(4.125,0.1,2.35));
#10106=CARTESIAN_POINT('',(4.125,0.1,2.35));
#10107=CARTESIAN_POINT('',(4.125,0.1,2.75));
#10108=CARTESIAN_POINT('',(4.2,3.8,1.75));
#10109=CARTESIAN_POINT('',(4.2,3.8,0.45));
#10110=CARTESIAN_POINT('',(4.55,3.8,1.75));
#10111=CARTESIAN_POINT('',(4.2,3.8,1.75));
#10112=CARTESIAN_POINT('',(4.55,3.8,1.75));
#10113=CARTESIAN_POINT('',(5.525,3.7,1.9));
#10114=CARTESIAN_POINT('',(5.525,3.18038475772934,1.9));
#10115=CARTESIAN_POINT('',(5.14844827586207,3.83259147561389,1.83724137931035));
#10116=CARTESIAN_POINT('',(5.225,3.7,1.85));
#10117=CARTESIAN_POINT('',(5.525,3.7,1.3));
#10118=CARTESIAN_POINT('',(5.525,3.18038475772934,1.3));
#10119=CARTESIAN_POINT('',(5.525,3.18038475772934,1.9));
#10120=CARTESIAN_POINT('',(5.525,3.7,1.9));
#10121=CARTESIAN_POINT('',(5.28086206896552,3.60324405833581,1.34068965517241));
#10122=CARTESIAN_POINT('',(5.525,3.7,1.3));
#10123=CARTESIAN_POINT('',(-5.525,3.7,1.9));
#10124=CARTESIAN_POINT('',(-5.525,3.18038475772934,1.9));
#10125=CARTESIAN_POINT('',(-5.525,3.18038475772934,1.3));
#10126=CARTESIAN_POINT('',(-5.525,3.18038475772934,1.3));
#10127=CARTESIAN_POINT('',(-5.525,3.7,1.3));
#10128=CARTESIAN_POINT('',(-5.525,3.7,1.3));
#10129=CARTESIAN_POINT('',(-5.14844827586207,3.83259147561389,1.83724137931034));
#10130=CARTESIAN_POINT('',(-5.525,3.7,1.9));
#10131=CARTESIAN_POINT('',(-5.28086206896552,3.60324405833581,1.34068965517241));
#10132=CARTESIAN_POINT('',(-5.225,3.7,1.35));
#10133=CARTESIAN_POINT('',(-5.225,3.7,0.));
#10134=CARTESIAN_POINT('',(5.225,3.7,0.));
#10135=CARTESIAN_POINT('',(3.3,2.5,0.199999999999999));
#10136=CARTESIAN_POINT('',(3.3,2.85,0.199999999999999));
#10137=CARTESIAN_POINT('',(3.3,2.9,0.2));
#10138=CARTESIAN_POINT('',(3.3,2.85,0.199999999999997));
#10139=CARTESIAN_POINT('',(3.3,2.90000000000001,0.200000000000002));
#10140=CARTESIAN_POINT('',(3.3,2.5,0.199999999999999));
#10141=CARTESIAN_POINT('',(4.2,2.85,0.200000000000003));
#10142=CARTESIAN_POINT('',(4.2,2.85,0.199999999999999));
#10143=CARTESIAN_POINT('',(4.2,3.6,0.2));
#10144=CARTESIAN_POINT('',(4.2,2.9,0.2));
#10145=CARTESIAN_POINT('',(4.2,2.9,0.199999999999998));
#10146=CARTESIAN_POINT('',(4.2,3.6,0.2));
#10147=CARTESIAN_POINT('',(3.3,2.85,0.199999999999999));
#10148=CARTESIAN_POINT('',(4.2,2.9,0.2));
#10149=CARTESIAN_POINT('',(-1.60294684203038E-31,-3.32652939285323E-16,
0.199999999999997));
#10150=CARTESIAN_POINT('',(-1.60294684203039E-31,2.85,0.199999999999999));
#10151=CARTESIAN_POINT('',(1.39741613342576E-15,2.9,0.2));
#10152=CARTESIAN_POINT('',(-5.575,0.3,0.3));
#10153=CARTESIAN_POINT('',(-5.575,0.3,2.9));
#10154=CARTESIAN_POINT('',(-5.575,0.3,0.3));
#10155=CARTESIAN_POINT('',(-5.575,0.3,0.3));
#10156=CARTESIAN_POINT('',(5.575,0.3,0.3));
#10157=CARTESIAN_POINT('',(-5.575,0.3,0.3));
#10158=CARTESIAN_POINT('',(5.575,0.3,0.3));
#10159=CARTESIAN_POINT('',(5.575,0.3,0.3));
#10160=CARTESIAN_POINT('',(5.575,0.3,0.3));
#10161=CARTESIAN_POINT('',(3.55,2.5,10.765));
#10162=CARTESIAN_POINT('',(2.3,2.5,10.765));
#10163=CARTESIAN_POINT('',(1.05,2.5,10.765));
#10164=CARTESIAN_POINT('',(-0.200000000000001,2.5,10.765));
#10165=CARTESIAN_POINT('',(-1.45,2.5,10.765));
#10166=CARTESIAN_POINT('',(-2.7,2.5,10.765));
#10167=CARTESIAN_POINT('',(-3.95,2.5,10.765));
#10168=CARTESIAN_POINT('',(2.675,0.799999999999998,10.765));
#10169=CARTESIAN_POINT('',(1.425,0.799999999999998,10.765));
#10170=CARTESIAN_POINT('',(0.175,0.799999999999998,10.765));
#10171=CARTESIAN_POINT('',(-1.075,0.799999999999998,10.765));
#10172=CARTESIAN_POINT('',(-2.325,0.799999999999998,10.765));
#10173=CARTESIAN_POINT('',(-3.575,0.799999999999998,10.765));
#10174=CARTESIAN_POINT('',(-4.825,0.799999999999998,10.765));
#10175=CARTESIAN_POINT('',(-4.55,3.8,0.45));
#10176=CARTESIAN_POINT('',(-4.55,3.8,1.75));
#10177=CARTESIAN_POINT('',(-4.55,3.8,1.75));
#10178=CARTESIAN_POINT('',(-4.2,3.8,1.75));
#10179=CARTESIAN_POINT('',(-4.2,3.8,1.75));
#10180=CARTESIAN_POINT('',(-8.75,3.8,0.));
#10181=CARTESIAN_POINT('',(-3.3,3.8,0.45));
#10182=CARTESIAN_POINT('',(-3.3,3.8,1.75));
#10183=CARTESIAN_POINT('',(-3.3,3.8,1.75));
#10184=CARTESIAN_POINT('',(-2.95,3.8,1.75));
#10185=CARTESIAN_POINT('',(-2.95,3.8,1.75));
#10186=CARTESIAN_POINT('',(-7.5,3.8,0.));
#10187=CARTESIAN_POINT('',(-2.05,3.8,0.45));
#10188=CARTESIAN_POINT('',(-2.05,3.8,1.75));
#10189=CARTESIAN_POINT('',(-2.05,3.8,1.75));
#10190=CARTESIAN_POINT('',(-1.7,3.8,1.75));
#10191=CARTESIAN_POINT('',(-1.7,3.8,1.75));
#10192=CARTESIAN_POINT('',(-6.25,3.8,0.));
#10193=CARTESIAN_POINT('',(-0.8,3.8,0.45));
#10194=CARTESIAN_POINT('',(-0.8,3.8,1.75));
#10195=CARTESIAN_POINT('',(-0.8,3.8,1.75));
#10196=CARTESIAN_POINT('',(-0.450000000000001,3.8,1.75));
#10197=CARTESIAN_POINT('',(-0.450000000000001,3.8,1.75));
#10198=CARTESIAN_POINT('',(-5.,3.8,0.));
#10199=CARTESIAN_POINT('',(0.45,3.8,0.45));
#10200=CARTESIAN_POINT('',(0.45,3.8,1.75));
#10201=CARTESIAN_POINT('',(0.45,3.8,1.75));
#10202=CARTESIAN_POINT('',(0.799999999999999,3.8,1.75));
#10203=CARTESIAN_POINT('',(0.799999999999999,3.8,1.75));
#10204=CARTESIAN_POINT('',(-3.75,3.8,0.));
#10205=CARTESIAN_POINT('',(1.7,3.8,0.45));
#10206=CARTESIAN_POINT('',(1.7,3.8,1.75));
#10207=CARTESIAN_POINT('',(1.7,3.8,1.75));
#10208=CARTESIAN_POINT('',(2.05,3.8,1.75));
#10209=CARTESIAN_POINT('',(2.05,3.8,1.75));
#10210=CARTESIAN_POINT('',(-2.5,3.8,0.));
#10211=CARTESIAN_POINT('',(2.95,3.8,0.45));
#10212=CARTESIAN_POINT('',(2.95,3.8,1.75));
#10213=CARTESIAN_POINT('',(2.95,3.8,1.75));
#10214=CARTESIAN_POINT('',(3.3,3.8,1.75));
#10215=CARTESIAN_POINT('',(3.3,3.8,1.75));
#10216=CARTESIAN_POINT('',(-1.25,3.8,0.));
#10217=CARTESIAN_POINT('',(-4.875,0.2,2.35));
#10218=CARTESIAN_POINT('',(-4.875,0.2,2.35));
#10219=CARTESIAN_POINT('',(-4.875,0.1,2.35));
#10220=CARTESIAN_POINT('',(-4.875,0.1,0.899999999999996));
#10221=CARTESIAN_POINT('',(-4.875,0.1,0.899999999999996));
#10222=CARTESIAN_POINT('',(-4.875,0.2,0.899999999999996));
#10223=CARTESIAN_POINT('',(-4.875,0.2,0.899999999999996));
#10224=CARTESIAN_POINT('',(-4.875,0.2,2.35));
#10225=CARTESIAN_POINT('',(-4.875,0.2,2.35));
#10226=CARTESIAN_POINT('',(-4.575,0.1,0.899999999999996));
#10227=CARTESIAN_POINT('',(-4.575,0.1,0.899999999999996));
#10228=CARTESIAN_POINT('',(-4.575,0.2,0.899999999999996));
#10229=CARTESIAN_POINT('',(-4.575,0.2,0.899999999999996));
#10230=CARTESIAN_POINT('',(-4.875,0.2,0.899999999999996));
#10231=CARTESIAN_POINT('',(-4.875,0.2,0.899999999999996));
#10232=CARTESIAN_POINT('',(-4.575,0.1,0.749999999999996));
#10233=CARTESIAN_POINT('',(-4.575,0.1,0.749999999999996));
#10234=CARTESIAN_POINT('',(-4.575,0.2,0.749999999999996));
#10235=CARTESIAN_POINT('',(-4.575,0.2,0.749999999999996));
#10236=CARTESIAN_POINT('',(-4.575,0.2,0.899999999999996));
#10237=CARTESIAN_POINT('',(-4.575,0.2,0.899999999999996));
#10238=CARTESIAN_POINT('',(-4.175,0.1,0.749999999999996));
#10239=CARTESIAN_POINT('',(-4.175,0.1,0.749999999999996));
#10240=CARTESIAN_POINT('',(-4.175,0.2,0.749999999999996));
#10241=CARTESIAN_POINT('',(-4.175,0.2,0.749999999999996));
#10242=CARTESIAN_POINT('',(-4.575,0.2,0.749999999999996));
#10243=CARTESIAN_POINT('',(-4.575,0.2,0.749999999999996));
#10244=CARTESIAN_POINT('',(-4.175,0.1,0.899999999999996));
#10245=CARTESIAN_POINT('',(-4.175,0.1,0.899999999999996));
#10246=CARTESIAN_POINT('',(-4.175,0.2,0.899999999999996));
#10247=CARTESIAN_POINT('',(-4.175,0.2,0.899999999999996));
#10248=CARTESIAN_POINT('',(-4.175,0.2,0.749999999999996));
#10249=CARTESIAN_POINT('',(-4.175,0.2,0.749999999999996));
#10250=CARTESIAN_POINT('',(-3.875,0.1,0.899999999999996));
#10251=CARTESIAN_POINT('',(-3.875,0.1,0.899999999999996));
#10252=CARTESIAN_POINT('',(-3.875,0.2,0.899999999999996));
#10253=CARTESIAN_POINT('',(-3.875,0.2,0.899999999999996));
#10254=CARTESIAN_POINT('',(-4.175,0.2,0.899999999999996));
#10255=CARTESIAN_POINT('',(-4.175,0.2,0.899999999999996));
#10256=CARTESIAN_POINT('',(-3.875,0.1,2.35));
#10257=CARTESIAN_POINT('',(-3.875,0.1,2.35));
#10258=CARTESIAN_POINT('',(-3.875,0.2,2.35));
#10259=CARTESIAN_POINT('',(-3.875,0.2,2.35));
#10260=CARTESIAN_POINT('',(-3.875,0.2,0.899999999999996));
#10261=CARTESIAN_POINT('',(-3.875,0.2,0.899999999999996));
#10262=CARTESIAN_POINT('',(-4.125,0.1,2.35));
#10263=CARTESIAN_POINT('',(-4.125,0.1,2.35));
#10264=CARTESIAN_POINT('',(-4.125,0.2,2.35));
#10265=CARTESIAN_POINT('',(-4.125,0.2,2.35));
#10266=CARTESIAN_POINT('',(-3.875,0.2,2.35));
#10267=CARTESIAN_POINT('',(-3.875,0.2,2.35));
#10268=CARTESIAN_POINT('',(-4.125,0.1,2.75));
#10269=CARTESIAN_POINT('',(-4.125,0.1,2.75));
#10270=CARTESIAN_POINT('',(-4.125,0.2,2.75));
#10271=CARTESIAN_POINT('',(-4.125,0.2,2.75));
#10272=CARTESIAN_POINT('',(-4.125,0.2,2.35));
#10273=CARTESIAN_POINT('',(-4.125,0.2,2.35));
#10274=CARTESIAN_POINT('',(-4.625,0.1,2.75));
#10275=CARTESIAN_POINT('',(-4.625,0.1,2.75));
#10276=CARTESIAN_POINT('',(-4.625,0.2,2.75));
#10277=CARTESIAN_POINT('',(-4.625,0.2,2.75));
#10278=CARTESIAN_POINT('',(-4.125,0.2,2.75));
#10279=CARTESIAN_POINT('',(-4.125,0.2,2.75));
#10280=CARTESIAN_POINT('',(-4.625,0.1,2.35));
#10281=CARTESIAN_POINT('',(-4.625,0.1,2.35));
#10282=CARTESIAN_POINT('',(-4.625,0.2,2.35));
#10283=CARTESIAN_POINT('',(-4.625,0.2,2.35));
#10284=CARTESIAN_POINT('',(-4.625,0.2,2.75));
#10285=CARTESIAN_POINT('',(-4.625,0.2,2.75));
#10286=CARTESIAN_POINT('',(-4.875,0.1,2.35));
#10287=CARTESIAN_POINT('',(-4.625,0.2,2.35));
#10288=CARTESIAN_POINT('',(-4.625,0.2,2.35));
#10289=CARTESIAN_POINT('',(-8.75,0.2,0.));
#10290=CARTESIAN_POINT('',(-3.625,0.2,2.35));
#10291=CARTESIAN_POINT('',(-3.625,0.2,2.35));
#10292=CARTESIAN_POINT('',(-3.625,0.1,2.35));
#10293=CARTESIAN_POINT('',(-3.625,0.1,0.899999999999996));
#10294=CARTESIAN_POINT('',(-3.625,0.1,0.899999999999996));
#10295=CARTESIAN_POINT('',(-3.625,0.2,0.899999999999996));
#10296=CARTESIAN_POINT('',(-3.625,0.2,0.899999999999996));
#10297=CARTESIAN_POINT('',(-3.625,0.2,2.35));
#10298=CARTESIAN_POINT('',(-3.625,0.2,2.35));
#10299=CARTESIAN_POINT('',(-3.325,0.1,0.899999999999996));
#10300=CARTESIAN_POINT('',(-3.325,0.1,0.899999999999996));
#10301=CARTESIAN_POINT('',(-3.325,0.2,0.899999999999996));
#10302=CARTESIAN_POINT('',(-3.325,0.2,0.899999999999996));
#10303=CARTESIAN_POINT('',(-3.625,0.2,0.899999999999996));
#10304=CARTESIAN_POINT('',(-3.625,0.2,0.899999999999996));
#10305=CARTESIAN_POINT('',(-3.325,0.1,0.749999999999996));
#10306=CARTESIAN_POINT('',(-3.325,0.1,0.749999999999996));
#10307=CARTESIAN_POINT('',(-3.325,0.2,0.749999999999996));
#10308=CARTESIAN_POINT('',(-3.325,0.2,0.749999999999996));
#10309=CARTESIAN_POINT('',(-3.325,0.2,0.899999999999996));
#10310=CARTESIAN_POINT('',(-3.325,0.2,0.899999999999996));
#10311=CARTESIAN_POINT('',(-2.925,0.1,0.749999999999996));
#10312=CARTESIAN_POINT('',(-2.925,0.1,0.749999999999996));
#10313=CARTESIAN_POINT('',(-2.925,0.2,0.749999999999996));
#10314=CARTESIAN_POINT('',(-2.925,0.2,0.749999999999996));
#10315=CARTESIAN_POINT('',(-3.325,0.2,0.749999999999996));
#10316=CARTESIAN_POINT('',(-3.325,0.2,0.749999999999996));
#10317=CARTESIAN_POINT('',(-2.925,0.1,0.899999999999996));
#10318=CARTESIAN_POINT('',(-2.925,0.1,0.899999999999996));
#10319=CARTESIAN_POINT('',(-2.925,0.2,0.899999999999996));
#10320=CARTESIAN_POINT('',(-2.925,0.2,0.899999999999996));
#10321=CARTESIAN_POINT('',(-2.925,0.2,0.749999999999996));
#10322=CARTESIAN_POINT('',(-2.925,0.2,0.749999999999996));
#10323=CARTESIAN_POINT('',(-2.625,0.1,0.899999999999996));
#10324=CARTESIAN_POINT('',(-2.625,0.1,0.899999999999996));
#10325=CARTESIAN_POINT('',(-2.625,0.2,0.899999999999996));
#10326=CARTESIAN_POINT('',(-2.625,0.2,0.899999999999996));
#10327=CARTESIAN_POINT('',(-2.925,0.2,0.899999999999996));
#10328=CARTESIAN_POINT('',(-2.925,0.2,0.899999999999996));
#10329=CARTESIAN_POINT('',(-2.625,0.1,2.35));
#10330=CARTESIAN_POINT('',(-2.625,0.1,2.35));
#10331=CARTESIAN_POINT('',(-2.625,0.2,2.35));
#10332=CARTESIAN_POINT('',(-2.625,0.2,2.35));
#10333=CARTESIAN_POINT('',(-2.625,0.2,0.899999999999996));
#10334=CARTESIAN_POINT('',(-2.625,0.2,0.899999999999996));
#10335=CARTESIAN_POINT('',(-2.875,0.1,2.35));
#10336=CARTESIAN_POINT('',(-2.875,0.1,2.35));
#10337=CARTESIAN_POINT('',(-2.875,0.2,2.35));
#10338=CARTESIAN_POINT('',(-2.875,0.2,2.35));
#10339=CARTESIAN_POINT('',(-2.625,0.2,2.35));
#10340=CARTESIAN_POINT('',(-2.625,0.2,2.35));
#10341=CARTESIAN_POINT('',(-2.875,0.1,2.75));
#10342=CARTESIAN_POINT('',(-2.875,0.1,2.75));
#10343=CARTESIAN_POINT('',(-2.875,0.2,2.75));
#10344=CARTESIAN_POINT('',(-2.875,0.2,2.75));
#10345=CARTESIAN_POINT('',(-2.875,0.2,2.35));
#10346=CARTESIAN_POINT('',(-2.875,0.2,2.35));
#10347=CARTESIAN_POINT('',(-3.375,0.1,2.75));
#10348=CARTESIAN_POINT('',(-3.375,0.1,2.75));
#10349=CARTESIAN_POINT('',(-3.375,0.2,2.75));
#10350=CARTESIAN_POINT('',(-3.375,0.2,2.75));
#10351=CARTESIAN_POINT('',(-2.875,0.2,2.75));
#10352=CARTESIAN_POINT('',(-2.875,0.2,2.75));
#10353=CARTESIAN_POINT('',(-3.375,0.1,2.35));
#10354=CARTESIAN_POINT('',(-3.375,0.1,2.35));
#10355=CARTESIAN_POINT('',(-3.375,0.2,2.35));
#10356=CARTESIAN_POINT('',(-3.375,0.2,2.35));
#10357=CARTESIAN_POINT('',(-3.375,0.2,2.75));
#10358=CARTESIAN_POINT('',(-3.375,0.2,2.75));
#10359=CARTESIAN_POINT('',(-3.625,0.1,2.35));
#10360=CARTESIAN_POINT('',(-3.375,0.2,2.35));
#10361=CARTESIAN_POINT('',(-3.375,0.2,2.35));
#10362=CARTESIAN_POINT('',(-7.5,0.2,0.));
#10363=CARTESIAN_POINT('',(-2.375,0.2,2.35));
#10364=CARTESIAN_POINT('',(-2.375,0.2,2.35));
#10365=CARTESIAN_POINT('',(-2.375,0.1,2.35));
#10366=CARTESIAN_POINT('',(-2.375,0.1,0.899999999999996));
#10367=CARTESIAN_POINT('',(-2.375,0.1,0.899999999999996));
#10368=CARTESIAN_POINT('',(-2.375,0.2,0.899999999999996));
#10369=CARTESIAN_POINT('',(-2.375,0.2,0.899999999999996));
#10370=CARTESIAN_POINT('',(-2.375,0.2,2.35));
#10371=CARTESIAN_POINT('',(-2.375,0.2,2.35));
#10372=CARTESIAN_POINT('',(-2.075,0.1,0.899999999999996));
#10373=CARTESIAN_POINT('',(-2.075,0.1,0.899999999999996));
#10374=CARTESIAN_POINT('',(-2.075,0.2,0.899999999999996));
#10375=CARTESIAN_POINT('',(-2.075,0.2,0.899999999999996));
#10376=CARTESIAN_POINT('',(-2.375,0.2,0.899999999999996));
#10377=CARTESIAN_POINT('',(-2.375,0.2,0.899999999999996));
#10378=CARTESIAN_POINT('',(-2.075,0.1,0.749999999999996));
#10379=CARTESIAN_POINT('',(-2.075,0.1,0.749999999999996));
#10380=CARTESIAN_POINT('',(-2.075,0.2,0.749999999999996));
#10381=CARTESIAN_POINT('',(-2.075,0.2,0.749999999999996));
#10382=CARTESIAN_POINT('',(-2.075,0.2,0.899999999999996));
#10383=CARTESIAN_POINT('',(-2.075,0.2,0.899999999999996));
#10384=CARTESIAN_POINT('',(-1.675,0.1,0.749999999999996));
#10385=CARTESIAN_POINT('',(-1.675,0.1,0.749999999999996));
#10386=CARTESIAN_POINT('',(-1.675,0.2,0.749999999999996));
#10387=CARTESIAN_POINT('',(-1.675,0.2,0.749999999999996));
#10388=CARTESIAN_POINT('',(-2.075,0.2,0.749999999999996));
#10389=CARTESIAN_POINT('',(-2.075,0.2,0.749999999999996));
#10390=CARTESIAN_POINT('',(-1.675,0.1,0.899999999999996));
#10391=CARTESIAN_POINT('',(-1.675,0.1,0.899999999999996));
#10392=CARTESIAN_POINT('',(-1.675,0.2,0.899999999999996));
#10393=CARTESIAN_POINT('',(-1.675,0.2,0.899999999999996));
#10394=CARTESIAN_POINT('',(-1.675,0.2,0.749999999999996));
#10395=CARTESIAN_POINT('',(-1.675,0.2,0.749999999999996));
#10396=CARTESIAN_POINT('',(-1.375,0.1,0.899999999999996));
#10397=CARTESIAN_POINT('',(-1.375,0.1,0.899999999999996));
#10398=CARTESIAN_POINT('',(-1.375,0.2,0.899999999999996));
#10399=CARTESIAN_POINT('',(-1.375,0.2,0.899999999999996));
#10400=CARTESIAN_POINT('',(-1.675,0.2,0.899999999999996));
#10401=CARTESIAN_POINT('',(-1.675,0.2,0.899999999999996));
#10402=CARTESIAN_POINT('',(-1.375,0.1,2.35));
#10403=CARTESIAN_POINT('',(-1.375,0.1,2.35));
#10404=CARTESIAN_POINT('',(-1.375,0.2,2.35));
#10405=CARTESIAN_POINT('',(-1.375,0.2,2.35));
#10406=CARTESIAN_POINT('',(-1.375,0.2,0.899999999999996));
#10407=CARTESIAN_POINT('',(-1.375,0.2,0.899999999999996));
#10408=CARTESIAN_POINT('',(-1.625,0.1,2.35));
#10409=CARTESIAN_POINT('',(-1.625,0.1,2.35));
#10410=CARTESIAN_POINT('',(-1.625,0.2,2.35));
#10411=CARTESIAN_POINT('',(-1.625,0.2,2.35));
#10412=CARTESIAN_POINT('',(-1.375,0.2,2.35));
#10413=CARTESIAN_POINT('',(-1.375,0.2,2.35));
#10414=CARTESIAN_POINT('',(-1.625,0.1,2.75));
#10415=CARTESIAN_POINT('',(-1.625,0.1,2.75));
#10416=CARTESIAN_POINT('',(-1.625,0.2,2.75));
#10417=CARTESIAN_POINT('',(-1.625,0.2,2.75));
#10418=CARTESIAN_POINT('',(-1.625,0.2,2.35));
#10419=CARTESIAN_POINT('',(-1.625,0.2,2.35));
#10420=CARTESIAN_POINT('',(-2.125,0.1,2.75));
#10421=CARTESIAN_POINT('',(-2.125,0.1,2.75));
#10422=CARTESIAN_POINT('',(-2.125,0.2,2.75));
#10423=CARTESIAN_POINT('',(-2.125,0.2,2.75));
#10424=CARTESIAN_POINT('',(-1.625,0.2,2.75));
#10425=CARTESIAN_POINT('',(-1.625,0.2,2.75));
#10426=CARTESIAN_POINT('',(-2.125,0.1,2.35));
#10427=CARTESIAN_POINT('',(-2.125,0.1,2.35));
#10428=CARTESIAN_POINT('',(-2.125,0.2,2.35));
#10429=CARTESIAN_POINT('',(-2.125,0.2,2.35));
#10430=CARTESIAN_POINT('',(-2.125,0.2,2.75));
#10431=CARTESIAN_POINT('',(-2.125,0.2,2.75));
#10432=CARTESIAN_POINT('',(-2.375,0.1,2.35));
#10433=CARTESIAN_POINT('',(-2.125,0.2,2.35));
#10434=CARTESIAN_POINT('',(-2.125,0.2,2.35));
#10435=CARTESIAN_POINT('',(-6.25,0.2,0.));
#10436=CARTESIAN_POINT('',(-1.125,0.2,2.35));
#10437=CARTESIAN_POINT('',(-1.125,0.2,2.35));
#10438=CARTESIAN_POINT('',(-1.125,0.1,2.35));
#10439=CARTESIAN_POINT('',(-1.125,0.1,0.899999999999996));
#10440=CARTESIAN_POINT('',(-1.125,0.1,0.899999999999996));
#10441=CARTESIAN_POINT('',(-1.125,0.2,0.899999999999996));
#10442=CARTESIAN_POINT('',(-1.125,0.2,0.899999999999996));
#10443=CARTESIAN_POINT('',(-1.125,0.2,2.35));
#10444=CARTESIAN_POINT('',(-1.125,0.2,2.35));
#10445=CARTESIAN_POINT('',(-0.825000000000001,0.1,0.899999999999996));
#10446=CARTESIAN_POINT('',(-0.825000000000001,0.1,0.899999999999996));
#10447=CARTESIAN_POINT('',(-0.825000000000001,0.2,0.899999999999996));
#10448=CARTESIAN_POINT('',(-0.825000000000001,0.2,0.899999999999996));
#10449=CARTESIAN_POINT('',(-1.125,0.2,0.899999999999996));
#10450=CARTESIAN_POINT('',(-1.125,0.2,0.899999999999996));
#10451=CARTESIAN_POINT('',(-0.825000000000001,0.1,0.749999999999996));
#10452=CARTESIAN_POINT('',(-0.825000000000001,0.1,0.749999999999996));
#10453=CARTESIAN_POINT('',(-0.825000000000001,0.2,0.749999999999996));
#10454=CARTESIAN_POINT('',(-0.825000000000001,0.2,0.749999999999996));
#10455=CARTESIAN_POINT('',(-0.825000000000001,0.2,0.899999999999996));
#10456=CARTESIAN_POINT('',(-0.825000000000001,0.2,0.899999999999996));
#10457=CARTESIAN_POINT('',(-0.425000000000001,0.1,0.749999999999996));
#10458=CARTESIAN_POINT('',(-0.425000000000001,0.1,0.749999999999996));
#10459=CARTESIAN_POINT('',(-0.425000000000001,0.2,0.749999999999996));
#10460=CARTESIAN_POINT('',(-0.425000000000001,0.2,0.749999999999996));
#10461=CARTESIAN_POINT('',(-0.825000000000001,0.2,0.749999999999996));
#10462=CARTESIAN_POINT('',(-0.825000000000001,0.2,0.749999999999996));
#10463=CARTESIAN_POINT('',(-0.425000000000001,0.1,0.899999999999996));
#10464=CARTESIAN_POINT('',(-0.425000000000001,0.1,0.899999999999996));
#10465=CARTESIAN_POINT('',(-0.425000000000001,0.2,0.899999999999996));
#10466=CARTESIAN_POINT('',(-0.425000000000001,0.2,0.899999999999996));
#10467=CARTESIAN_POINT('',(-0.425000000000001,0.2,0.749999999999996));
#10468=CARTESIAN_POINT('',(-0.425000000000001,0.2,0.749999999999996));
#10469=CARTESIAN_POINT('',(-0.125000000000002,0.1,0.899999999999996));
#10470=CARTESIAN_POINT('',(-0.125000000000002,0.1,0.899999999999996));
#10471=CARTESIAN_POINT('',(-0.125000000000002,0.2,0.899999999999996));
#10472=CARTESIAN_POINT('',(-0.125000000000002,0.2,0.899999999999996));
#10473=CARTESIAN_POINT('',(-0.425000000000001,0.2,0.899999999999996));
#10474=CARTESIAN_POINT('',(-0.425000000000001,0.2,0.899999999999996));
#10475=CARTESIAN_POINT('',(-0.125000000000002,0.1,2.35));
#10476=CARTESIAN_POINT('',(-0.125000000000002,0.1,2.35));
#10477=CARTESIAN_POINT('',(-0.125000000000002,0.2,2.35));
#10478=CARTESIAN_POINT('',(-0.125000000000002,0.2,2.35));
#10479=CARTESIAN_POINT('',(-0.125000000000002,0.2,0.899999999999996));
#10480=CARTESIAN_POINT('',(-0.125000000000002,0.2,0.899999999999996));
#10481=CARTESIAN_POINT('',(-0.375000000000002,0.1,2.35));
#10482=CARTESIAN_POINT('',(-0.375000000000002,0.1,2.35));
#10483=CARTESIAN_POINT('',(-0.375000000000002,0.2,2.35));
#10484=CARTESIAN_POINT('',(-0.375000000000002,0.2,2.35));
#10485=CARTESIAN_POINT('',(-0.125000000000002,0.2,2.35));
#10486=CARTESIAN_POINT('',(-0.125000000000002,0.2,2.35));
#10487=CARTESIAN_POINT('',(-0.375000000000002,0.1,2.75));
#10488=CARTESIAN_POINT('',(-0.375000000000002,0.1,2.75));
#10489=CARTESIAN_POINT('',(-0.375000000000002,0.2,2.75));
#10490=CARTESIAN_POINT('',(-0.375000000000002,0.2,2.75));
#10491=CARTESIAN_POINT('',(-0.375000000000002,0.2,2.35));
#10492=CARTESIAN_POINT('',(-0.375000000000002,0.2,2.35));
#10493=CARTESIAN_POINT('',(-0.875000000000002,0.1,2.75));
#10494=CARTESIAN_POINT('',(-0.875000000000002,0.1,2.75));
#10495=CARTESIAN_POINT('',(-0.875000000000002,0.2,2.75));
#10496=CARTESIAN_POINT('',(-0.875000000000002,0.2,2.75));
#10497=CARTESIAN_POINT('',(-0.375000000000002,0.2,2.75));
#10498=CARTESIAN_POINT('',(-0.375000000000002,0.2,2.75));
#10499=CARTESIAN_POINT('',(-0.875000000000002,0.1,2.35));
#10500=CARTESIAN_POINT('',(-0.875000000000002,0.1,2.35));
#10501=CARTESIAN_POINT('',(-0.875000000000002,0.2,2.35));
#10502=CARTESIAN_POINT('',(-0.875000000000002,0.2,2.35));
#10503=CARTESIAN_POINT('',(-0.875000000000002,0.2,2.75));
#10504=CARTESIAN_POINT('',(-0.875000000000002,0.2,2.75));
#10505=CARTESIAN_POINT('',(-1.125,0.1,2.35));
#10506=CARTESIAN_POINT('',(-0.875000000000002,0.2,2.35));
#10507=CARTESIAN_POINT('',(-0.875000000000002,0.2,2.35));
#10508=CARTESIAN_POINT('',(-5.,0.2,0.));
#10509=CARTESIAN_POINT('',(0.124999999999999,0.2,2.35));
#10510=CARTESIAN_POINT('',(0.124999999999999,0.2,2.35));
#10511=CARTESIAN_POINT('',(0.124999999999999,0.1,2.35));
#10512=CARTESIAN_POINT('',(0.124999999999999,0.1,0.899999999999996));
#10513=CARTESIAN_POINT('',(0.124999999999999,0.1,0.899999999999996));
#10514=CARTESIAN_POINT('',(0.124999999999999,0.2,0.899999999999996));
#10515=CARTESIAN_POINT('',(0.124999999999999,0.2,0.899999999999996));
#10516=CARTESIAN_POINT('',(0.124999999999999,0.2,2.35));
#10517=CARTESIAN_POINT('',(0.124999999999999,0.2,2.35));
#10518=CARTESIAN_POINT('',(0.424999999999999,0.1,0.899999999999996));
#10519=CARTESIAN_POINT('',(0.424999999999999,0.1,0.899999999999996));
#10520=CARTESIAN_POINT('',(0.424999999999999,0.2,0.899999999999996));
#10521=CARTESIAN_POINT('',(0.424999999999999,0.2,0.899999999999996));
#10522=CARTESIAN_POINT('',(0.124999999999999,0.2,0.899999999999996));
#10523=CARTESIAN_POINT('',(0.124999999999999,0.2,0.899999999999996));
#10524=CARTESIAN_POINT('',(0.424999999999999,0.1,0.749999999999996));
#10525=CARTESIAN_POINT('',(0.424999999999999,0.1,0.749999999999996));
#10526=CARTESIAN_POINT('',(0.424999999999999,0.2,0.749999999999996));
#10527=CARTESIAN_POINT('',(0.424999999999999,0.2,0.749999999999996));
#10528=CARTESIAN_POINT('',(0.424999999999999,0.2,0.899999999999996));
#10529=CARTESIAN_POINT('',(0.424999999999999,0.2,0.899999999999996));
#10530=CARTESIAN_POINT('',(0.824999999999999,0.1,0.749999999999996));
#10531=CARTESIAN_POINT('',(0.824999999999999,0.1,0.749999999999996));
#10532=CARTESIAN_POINT('',(0.824999999999999,0.2,0.749999999999996));
#10533=CARTESIAN_POINT('',(0.824999999999999,0.2,0.749999999999996));
#10534=CARTESIAN_POINT('',(0.424999999999999,0.2,0.749999999999996));
#10535=CARTESIAN_POINT('',(0.424999999999999,0.2,0.749999999999996));
#10536=CARTESIAN_POINT('',(0.824999999999999,0.1,0.899999999999996));
#10537=CARTESIAN_POINT('',(0.824999999999999,0.1,0.899999999999996));
#10538=CARTESIAN_POINT('',(0.824999999999999,0.2,0.899999999999996));
#10539=CARTESIAN_POINT('',(0.824999999999999,0.2,0.899999999999996));
#10540=CARTESIAN_POINT('',(0.824999999999999,0.2,0.749999999999996));
#10541=CARTESIAN_POINT('',(0.824999999999999,0.2,0.749999999999996));
#10542=CARTESIAN_POINT('',(1.125,0.1,0.899999999999996));
#10543=CARTESIAN_POINT('',(1.125,0.1,0.899999999999996));
#10544=CARTESIAN_POINT('',(1.125,0.2,0.899999999999996));
#10545=CARTESIAN_POINT('',(1.125,0.2,0.899999999999996));
#10546=CARTESIAN_POINT('',(0.824999999999999,0.2,0.899999999999996));
#10547=CARTESIAN_POINT('',(0.824999999999999,0.2,0.899999999999996));
#10548=CARTESIAN_POINT('',(1.125,0.1,2.35));
#10549=CARTESIAN_POINT('',(1.125,0.1,2.35));
#10550=CARTESIAN_POINT('',(1.125,0.2,2.35));
#10551=CARTESIAN_POINT('',(1.125,0.2,2.35));
#10552=CARTESIAN_POINT('',(1.125,0.2,0.899999999999996));
#10553=CARTESIAN_POINT('',(1.125,0.2,0.899999999999996));
#10554=CARTESIAN_POINT('',(0.874999999999998,0.1,2.35));
#10555=CARTESIAN_POINT('',(0.874999999999998,0.1,2.35));
#10556=CARTESIAN_POINT('',(0.874999999999998,0.2,2.35));
#10557=CARTESIAN_POINT('',(0.874999999999998,0.2,2.35));
#10558=CARTESIAN_POINT('',(1.125,0.2,2.35));
#10559=CARTESIAN_POINT('',(1.125,0.2,2.35));
#10560=CARTESIAN_POINT('',(0.874999999999998,0.1,2.75));
#10561=CARTESIAN_POINT('',(0.874999999999998,0.1,2.75));
#10562=CARTESIAN_POINT('',(0.874999999999998,0.2,2.75));
#10563=CARTESIAN_POINT('',(0.874999999999998,0.2,2.75));
#10564=CARTESIAN_POINT('',(0.874999999999998,0.2,2.35));
#10565=CARTESIAN_POINT('',(0.874999999999998,0.2,2.35));
#10566=CARTESIAN_POINT('',(0.374999999999999,0.1,2.75));
#10567=CARTESIAN_POINT('',(0.374999999999999,0.1,2.75));
#10568=CARTESIAN_POINT('',(0.374999999999999,0.2,2.75));
#10569=CARTESIAN_POINT('',(0.374999999999999,0.2,2.75));
#10570=CARTESIAN_POINT('',(0.874999999999998,0.2,2.75));
#10571=CARTESIAN_POINT('',(0.874999999999998,0.2,2.75));
#10572=CARTESIAN_POINT('',(0.374999999999999,0.1,2.35));
#10573=CARTESIAN_POINT('',(0.374999999999999,0.1,2.35));
#10574=CARTESIAN_POINT('',(0.374999999999999,0.2,2.35));
#10575=CARTESIAN_POINT('',(0.374999999999999,0.2,2.35));
#10576=CARTESIAN_POINT('',(0.374999999999999,0.2,2.75));
#10577=CARTESIAN_POINT('',(0.374999999999999,0.2,2.75));
#10578=CARTESIAN_POINT('',(0.124999999999999,0.1,2.35));
#10579=CARTESIAN_POINT('',(0.374999999999999,0.2,2.35));
#10580=CARTESIAN_POINT('',(0.374999999999999,0.2,2.35));
#10581=CARTESIAN_POINT('',(-3.75,0.2,0.));
#10582=CARTESIAN_POINT('',(1.375,0.2,2.35));
#10583=CARTESIAN_POINT('',(1.375,0.2,2.35));
#10584=CARTESIAN_POINT('',(1.375,0.1,2.35));
#10585=CARTESIAN_POINT('',(1.375,0.1,0.899999999999996));
#10586=CARTESIAN_POINT('',(1.375,0.1,0.899999999999996));
#10587=CARTESIAN_POINT('',(1.375,0.2,0.899999999999996));
#10588=CARTESIAN_POINT('',(1.375,0.2,0.899999999999996));
#10589=CARTESIAN_POINT('',(1.375,0.2,2.35));
#10590=CARTESIAN_POINT('',(1.375,0.2,2.35));
#10591=CARTESIAN_POINT('',(1.675,0.1,0.899999999999996));
#10592=CARTESIAN_POINT('',(1.675,0.1,0.899999999999996));
#10593=CARTESIAN_POINT('',(1.675,0.2,0.899999999999996));
#10594=CARTESIAN_POINT('',(1.675,0.2,0.899999999999996));
#10595=CARTESIAN_POINT('',(1.375,0.2,0.899999999999996));
#10596=CARTESIAN_POINT('',(1.375,0.2,0.899999999999996));
#10597=CARTESIAN_POINT('',(1.675,0.1,0.749999999999996));
#10598=CARTESIAN_POINT('',(1.675,0.1,0.749999999999996));
#10599=CARTESIAN_POINT('',(1.675,0.2,0.749999999999996));
#10600=CARTESIAN_POINT('',(1.675,0.2,0.749999999999996));
#10601=CARTESIAN_POINT('',(1.675,0.2,0.899999999999996));
#10602=CARTESIAN_POINT('',(1.675,0.2,0.899999999999996));
#10603=CARTESIAN_POINT('',(2.075,0.1,0.749999999999996));
#10604=CARTESIAN_POINT('',(2.075,0.1,0.749999999999996));
#10605=CARTESIAN_POINT('',(2.075,0.2,0.749999999999996));
#10606=CARTESIAN_POINT('',(2.075,0.2,0.749999999999996));
#10607=CARTESIAN_POINT('',(1.675,0.2,0.749999999999996));
#10608=CARTESIAN_POINT('',(1.675,0.2,0.749999999999996));
#10609=CARTESIAN_POINT('',(2.075,0.1,0.899999999999996));
#10610=CARTESIAN_POINT('',(2.075,0.1,0.899999999999996));
#10611=CARTESIAN_POINT('',(2.075,0.2,0.899999999999996));
#10612=CARTESIAN_POINT('',(2.075,0.2,0.899999999999996));
#10613=CARTESIAN_POINT('',(2.075,0.2,0.749999999999996));
#10614=CARTESIAN_POINT('',(2.075,0.2,0.749999999999996));
#10615=CARTESIAN_POINT('',(2.375,0.1,0.899999999999996));
#10616=CARTESIAN_POINT('',(2.375,0.1,0.899999999999996));
#10617=CARTESIAN_POINT('',(2.375,0.2,0.899999999999996));
#10618=CARTESIAN_POINT('',(2.375,0.2,0.899999999999996));
#10619=CARTESIAN_POINT('',(2.075,0.2,0.899999999999996));
#10620=CARTESIAN_POINT('',(2.075,0.2,0.899999999999996));
#10621=CARTESIAN_POINT('',(2.375,0.1,2.35));
#10622=CARTESIAN_POINT('',(2.375,0.1,2.35));
#10623=CARTESIAN_POINT('',(2.375,0.2,2.35));
#10624=CARTESIAN_POINT('',(2.375,0.2,2.35));
#10625=CARTESIAN_POINT('',(2.375,0.2,0.899999999999996));
#10626=CARTESIAN_POINT('',(2.375,0.2,0.899999999999996));
#10627=CARTESIAN_POINT('',(2.125,0.1,2.35));
#10628=CARTESIAN_POINT('',(2.125,0.1,2.35));
#10629=CARTESIAN_POINT('',(2.125,0.2,2.35));
#10630=CARTESIAN_POINT('',(2.125,0.2,2.35));
#10631=CARTESIAN_POINT('',(2.375,0.2,2.35));
#10632=CARTESIAN_POINT('',(2.375,0.2,2.35));
#10633=CARTESIAN_POINT('',(2.125,0.1,2.75));
#10634=CARTESIAN_POINT('',(2.125,0.1,2.75));
#10635=CARTESIAN_POINT('',(2.125,0.2,2.75));
#10636=CARTESIAN_POINT('',(2.125,0.2,2.75));
#10637=CARTESIAN_POINT('',(2.125,0.2,2.35));
#10638=CARTESIAN_POINT('',(2.125,0.2,2.35));
#10639=CARTESIAN_POINT('',(1.625,0.1,2.75));
#10640=CARTESIAN_POINT('',(1.625,0.1,2.75));
#10641=CARTESIAN_POINT('',(1.625,0.2,2.75));
#10642=CARTESIAN_POINT('',(1.625,0.2,2.75));
#10643=CARTESIAN_POINT('',(2.125,0.2,2.75));
#10644=CARTESIAN_POINT('',(2.125,0.2,2.75));
#10645=CARTESIAN_POINT('',(1.625,0.1,2.35));
#10646=CARTESIAN_POINT('',(1.625,0.1,2.35));
#10647=CARTESIAN_POINT('',(1.625,0.2,2.35));
#10648=CARTESIAN_POINT('',(1.625,0.2,2.35));
#10649=CARTESIAN_POINT('',(1.625,0.2,2.75));
#10650=CARTESIAN_POINT('',(1.625,0.2,2.75));
#10651=CARTESIAN_POINT('',(1.375,0.1,2.35));
#10652=CARTESIAN_POINT('',(1.625,0.2,2.35));
#10653=CARTESIAN_POINT('',(1.625,0.2,2.35));
#10654=CARTESIAN_POINT('',(-2.5,0.2,0.));
#10655=CARTESIAN_POINT('',(2.625,0.2,2.35));
#10656=CARTESIAN_POINT('',(2.625,0.2,2.35));
#10657=CARTESIAN_POINT('',(2.625,0.1,2.35));
#10658=CARTESIAN_POINT('',(2.625,0.1,0.899999999999996));
#10659=CARTESIAN_POINT('',(2.625,0.1,0.899999999999996));
#10660=CARTESIAN_POINT('',(2.625,0.2,0.899999999999996));
#10661=CARTESIAN_POINT('',(2.625,0.2,0.899999999999996));
#10662=CARTESIAN_POINT('',(2.625,0.2,2.35));
#10663=CARTESIAN_POINT('',(2.625,0.2,2.35));
#10664=CARTESIAN_POINT('',(2.925,0.1,0.899999999999996));
#10665=CARTESIAN_POINT('',(2.925,0.1,0.899999999999996));
#10666=CARTESIAN_POINT('',(2.925,0.2,0.899999999999996));
#10667=CARTESIAN_POINT('',(2.925,0.2,0.899999999999996));
#10668=CARTESIAN_POINT('',(2.625,0.2,0.899999999999996));
#10669=CARTESIAN_POINT('',(2.625,0.2,0.899999999999996));
#10670=CARTESIAN_POINT('',(2.925,0.1,0.749999999999996));
#10671=CARTESIAN_POINT('',(2.925,0.1,0.749999999999996));
#10672=CARTESIAN_POINT('',(2.925,0.2,0.749999999999996));
#10673=CARTESIAN_POINT('',(2.925,0.2,0.749999999999996));
#10674=CARTESIAN_POINT('',(2.925,0.2,0.899999999999996));
#10675=CARTESIAN_POINT('',(2.925,0.2,0.899999999999996));
#10676=CARTESIAN_POINT('',(3.325,0.1,0.749999999999996));
#10677=CARTESIAN_POINT('',(3.325,0.1,0.749999999999996));
#10678=CARTESIAN_POINT('',(3.325,0.2,0.749999999999996));
#10679=CARTESIAN_POINT('',(3.325,0.2,0.749999999999996));
#10680=CARTESIAN_POINT('',(2.925,0.2,0.749999999999996));
#10681=CARTESIAN_POINT('',(2.925,0.2,0.749999999999996));
#10682=CARTESIAN_POINT('',(3.325,0.1,0.899999999999996));
#10683=CARTESIAN_POINT('',(3.325,0.1,0.899999999999996));
#10684=CARTESIAN_POINT('',(3.325,0.2,0.899999999999996));
#10685=CARTESIAN_POINT('',(3.325,0.2,0.899999999999996));
#10686=CARTESIAN_POINT('',(3.325,0.2,0.749999999999996));
#10687=CARTESIAN_POINT('',(3.325,0.2,0.749999999999996));
#10688=CARTESIAN_POINT('',(3.625,0.1,0.899999999999996));
#10689=CARTESIAN_POINT('',(3.625,0.1,0.899999999999996));
#10690=CARTESIAN_POINT('',(3.625,0.2,0.899999999999996));
#10691=CARTESIAN_POINT('',(3.625,0.2,0.899999999999996));
#10692=CARTESIAN_POINT('',(3.325,0.2,0.899999999999996));
#10693=CARTESIAN_POINT('',(3.325,0.2,0.899999999999996));
#10694=CARTESIAN_POINT('',(3.625,0.1,2.35));
#10695=CARTESIAN_POINT('',(3.625,0.1,2.35));
#10696=CARTESIAN_POINT('',(3.625,0.2,2.35));
#10697=CARTESIAN_POINT('',(3.625,0.2,2.35));
#10698=CARTESIAN_POINT('',(3.625,0.2,0.899999999999996));
#10699=CARTESIAN_POINT('',(3.625,0.2,0.899999999999996));
#10700=CARTESIAN_POINT('',(3.375,0.1,2.35));
#10701=CARTESIAN_POINT('',(3.375,0.1,2.35));
#10702=CARTESIAN_POINT('',(3.375,0.2,2.35));
#10703=CARTESIAN_POINT('',(3.375,0.2,2.35));
#10704=CARTESIAN_POINT('',(3.625,0.2,2.35));
#10705=CARTESIAN_POINT('',(3.625,0.2,2.35));
#10706=CARTESIAN_POINT('',(3.375,0.1,2.75));
#10707=CARTESIAN_POINT('',(3.375,0.1,2.75));
#10708=CARTESIAN_POINT('',(3.375,0.2,2.75));
#10709=CARTESIAN_POINT('',(3.375,0.2,2.75));
#10710=CARTESIAN_POINT('',(3.375,0.2,2.35));
#10711=CARTESIAN_POINT('',(3.375,0.2,2.35));
#10712=CARTESIAN_POINT('',(2.875,0.1,2.75));
#10713=CARTESIAN_POINT('',(2.875,0.1,2.75));
#10714=CARTESIAN_POINT('',(2.875,0.2,2.75));
#10715=CARTESIAN_POINT('',(2.875,0.2,2.75));
#10716=CARTESIAN_POINT('',(3.375,0.2,2.75));
#10717=CARTESIAN_POINT('',(3.375,0.2,2.75));
#10718=CARTESIAN_POINT('',(2.875,0.1,2.35));
#10719=CARTESIAN_POINT('',(2.875,0.1,2.35));
#10720=CARTESIAN_POINT('',(2.875,0.2,2.35));
#10721=CARTESIAN_POINT('',(2.875,0.2,2.35));
#10722=CARTESIAN_POINT('',(2.875,0.2,2.75));
#10723=CARTESIAN_POINT('',(2.875,0.2,2.75));
#10724=CARTESIAN_POINT('',(2.625,0.1,2.35));
#10725=CARTESIAN_POINT('',(2.875,0.2,2.35));
#10726=CARTESIAN_POINT('',(2.875,0.2,2.35));
#10727=CARTESIAN_POINT('',(-1.25,0.2,0.));
#10728=CARTESIAN_POINT('',(-4.575,3.6,-1.21));
#10729=CARTESIAN_POINT('',(-4.575,3.2,-1.21));
#10730=CARTESIAN_POINT('',(-4.575,3.2,-1.21));
#10731=CARTESIAN_POINT('',(-4.175,3.6,-1.21));
#10732=CARTESIAN_POINT('',(-4.575,3.6,-1.21));
#10733=CARTESIAN_POINT('',(-4.175,3.2,-1.21));
#10734=CARTESIAN_POINT('',(-4.175,3.6,-1.21));
#10735=CARTESIAN_POINT('',(-4.175,3.2,-1.21));
#10736=CARTESIAN_POINT('',(-4.875,2.8,-1.21));
#10737=CARTESIAN_POINT('',(-3.325,3.6,-1.21));
#10738=CARTESIAN_POINT('',(-3.325,3.2,-1.21));
#10739=CARTESIAN_POINT('',(-3.325,3.2,-1.21));
#10740=CARTESIAN_POINT('',(-2.925,3.6,-1.21));
#10741=CARTESIAN_POINT('',(-3.325,3.6,-1.21));
#10742=CARTESIAN_POINT('',(-2.925,3.2,-1.21));
#10743=CARTESIAN_POINT('',(-2.925,3.6,-1.21));
#10744=CARTESIAN_POINT('',(-2.925,3.2,-1.21));
#10745=CARTESIAN_POINT('',(-3.625,2.8,-1.21));
#10746=CARTESIAN_POINT('',(-2.075,3.6,-1.21));
#10747=CARTESIAN_POINT('',(-2.075,3.2,-1.21));
#10748=CARTESIAN_POINT('',(-2.075,3.2,-1.21));
#10749=CARTESIAN_POINT('',(-1.675,3.6,-1.21));
#10750=CARTESIAN_POINT('',(-2.075,3.6,-1.21));
#10751=CARTESIAN_POINT('',(-1.675,3.2,-1.21));
#10752=CARTESIAN_POINT('',(-1.675,3.6,-1.21));
#10753=CARTESIAN_POINT('',(-1.675,3.2,-1.21));
#10754=CARTESIAN_POINT('',(-2.375,2.8,-1.21));
#10755=CARTESIAN_POINT('',(-0.825000000000001,3.6,-1.21));
#10756=CARTESIAN_POINT('',(-0.825000000000001,3.2,-1.21));
#10757=CARTESIAN_POINT('',(-0.825000000000001,3.2,-1.21));
#10758=CARTESIAN_POINT('',(-0.425000000000001,3.6,-1.21));
#10759=CARTESIAN_POINT('',(-0.825000000000001,3.6,-1.21));
#10760=CARTESIAN_POINT('',(-0.425000000000001,3.2,-1.21));
#10761=CARTESIAN_POINT('',(-0.425000000000001,3.6,-1.21));
#10762=CARTESIAN_POINT('',(-0.425000000000001,3.2,-1.21));
#10763=CARTESIAN_POINT('',(-1.125,2.8,-1.21));
#10764=CARTESIAN_POINT('',(0.424999999999999,3.6,-1.21));
#10765=CARTESIAN_POINT('',(0.424999999999999,3.2,-1.21));
#10766=CARTESIAN_POINT('',(0.424999999999999,3.2,-1.21));
#10767=CARTESIAN_POINT('',(0.824999999999999,3.6,-1.21));
#10768=CARTESIAN_POINT('',(0.424999999999999,3.6,-1.21));
#10769=CARTESIAN_POINT('',(0.824999999999999,3.2,-1.21));
#10770=CARTESIAN_POINT('',(0.824999999999999,3.6,-1.21));
#10771=CARTESIAN_POINT('',(0.824999999999999,3.2,-1.21));
#10772=CARTESIAN_POINT('',(0.125,2.8,-1.21));
#10773=CARTESIAN_POINT('',(1.675,3.6,-1.21));
#10774=CARTESIAN_POINT('',(1.675,3.2,-1.21));
#10775=CARTESIAN_POINT('',(1.675,3.2,-1.21));
#10776=CARTESIAN_POINT('',(2.075,3.6,-1.21));
#10777=CARTESIAN_POINT('',(1.675,3.6,-1.21));
#10778=CARTESIAN_POINT('',(2.075,3.2,-1.21));
#10779=CARTESIAN_POINT('',(2.075,3.6,-1.21));
#10780=CARTESIAN_POINT('',(2.075,3.2,-1.21));
#10781=CARTESIAN_POINT('',(1.375,2.8,-1.21));
#10782=CARTESIAN_POINT('',(2.925,3.6,-1.21));
#10783=CARTESIAN_POINT('',(2.925,3.2,-1.21));
#10784=CARTESIAN_POINT('',(2.925,3.2,-1.21));
#10785=CARTESIAN_POINT('',(3.325,3.6,-1.21));
#10786=CARTESIAN_POINT('',(2.925,3.6,-1.21));
#10787=CARTESIAN_POINT('',(3.325,3.2,-1.21));
#10788=CARTESIAN_POINT('',(3.325,3.6,-1.21));
#10789=CARTESIAN_POINT('',(3.325,3.2,-1.21));
#10790=CARTESIAN_POINT('',(2.625,2.8,-1.21));
#10791=CARTESIAN_POINT('',(-4.175,0.1,0.749999999999996));
#10792=CARTESIAN_POINT('',(-4.145,0.0480384757729337,0.869999999999996));
#10793=CARTESIAN_POINT('',(-4.175,0.1,0.749999999999996));
#10794=CARTESIAN_POINT('',(-3.875,0.1,0.899999999999996));
#10795=CARTESIAN_POINT('',(-4.175,0.1,0.899999999999996));
#10796=CARTESIAN_POINT('',(-4.575,0.1,0.749999999999996));
#10797=CARTESIAN_POINT('',(-4.575,0.1,0.749999999999996));
#10798=CARTESIAN_POINT('',(-3.875,0.1,2.35));
#10799=CARTESIAN_POINT('',(-3.875,0.1,0.899999999999996));
#10800=CARTESIAN_POINT('',(-4.635,-0.00392304845413279,0.839999999999996));
#10801=CARTESIAN_POINT('',(-4.575,0.1,0.899999999999996));
#10802=CARTESIAN_POINT('',(-4.075,0.0133974596215561,2.4));
#10803=CARTESIAN_POINT('',(-3.875,0.1,2.35));
#10804=CARTESIAN_POINT('',(-4.875,0.1,0.899999999999996));
#10805=CARTESIAN_POINT('',(-4.875,0.1,0.899999999999996));
#10806=CARTESIAN_POINT('',(-4.125,0.1,2.75));
#10807=CARTESIAN_POINT('',(-4.125,0.1,2.35));
#10808=CARTESIAN_POINT('',(-4.875,0.1,2.35));
#10809=CARTESIAN_POINT('',(-4.875,0.1,2.35));
#10810=CARTESIAN_POINT('',(-4.625,0.1,2.75));
#10811=CARTESIAN_POINT('',(-4.125,0.1,2.75));
#10812=CARTESIAN_POINT('',(-4.625,0.1,2.35));
#10813=CARTESIAN_POINT('',(-4.625,0.1,2.35));
#10814=CARTESIAN_POINT('',(-4.625,0.1,2.75));
#10815=CARTESIAN_POINT('',(-2.925,0.1,0.749999999999996));
#10816=CARTESIAN_POINT('',(-2.895,0.0480384757729337,0.869999999999996));
#10817=CARTESIAN_POINT('',(-2.925,0.1,0.749999999999996));
#10818=CARTESIAN_POINT('',(-2.625,0.1,0.899999999999996));
#10819=CARTESIAN_POINT('',(-2.925,0.1,0.899999999999996));
#10820=CARTESIAN_POINT('',(-3.325,0.1,0.749999999999996));
#10821=CARTESIAN_POINT('',(-3.325,0.1,0.749999999999996));
#10822=CARTESIAN_POINT('',(-2.625,0.1,2.35));
#10823=CARTESIAN_POINT('',(-2.625,0.1,0.899999999999996));
#10824=CARTESIAN_POINT('',(-3.385,-0.00392304845413263,0.839999999999996));
#10825=CARTESIAN_POINT('',(-3.325,0.1,0.899999999999996));
#10826=CARTESIAN_POINT('',(-2.825,0.0133974596215561,2.4));
#10827=CARTESIAN_POINT('',(-2.625,0.1,2.35));
#10828=CARTESIAN_POINT('',(-3.625,0.1,0.899999999999996));
#10829=CARTESIAN_POINT('',(-3.625,0.1,0.899999999999996));
#10830=CARTESIAN_POINT('',(-2.875,0.1,2.75));
#10831=CARTESIAN_POINT('',(-2.875,0.1,2.35));
#10832=CARTESIAN_POINT('',(-3.625,0.1,2.35));
#10833=CARTESIAN_POINT('',(-3.625,0.1,2.35));
#10834=CARTESIAN_POINT('',(-3.375,0.1,2.75));
#10835=CARTESIAN_POINT('',(-2.875,0.1,2.75));
#10836=CARTESIAN_POINT('',(-3.375,0.1,2.35));
#10837=CARTESIAN_POINT('',(-3.375,0.1,2.35));
#10838=CARTESIAN_POINT('',(-3.375,0.1,2.75));
#10839=CARTESIAN_POINT('',(-1.675,0.1,0.749999999999996));
#10840=CARTESIAN_POINT('',(-1.645,0.0480384757729337,0.869999999999996));
#10841=CARTESIAN_POINT('',(-1.675,0.1,0.749999999999996));
#10842=CARTESIAN_POINT('',(-1.375,0.1,0.899999999999996));
#10843=CARTESIAN_POINT('',(-1.675,0.1,0.899999999999996));
#10844=CARTESIAN_POINT('',(-2.075,0.1,0.749999999999996));
#10845=CARTESIAN_POINT('',(-2.075,0.1,0.749999999999996));
#10846=CARTESIAN_POINT('',(-1.375,0.1,2.35));
#10847=CARTESIAN_POINT('',(-1.375,0.1,0.899999999999996));
#10848=CARTESIAN_POINT('',(-2.135,-0.00392304845413263,0.839999999999996));
#10849=CARTESIAN_POINT('',(-2.075,0.1,0.899999999999996));
#10850=CARTESIAN_POINT('',(-1.575,0.0133974596215561,2.4));
#10851=CARTESIAN_POINT('',(-1.375,0.1,2.35));
#10852=CARTESIAN_POINT('',(-2.375,0.1,0.899999999999996));
#10853=CARTESIAN_POINT('',(-2.375,0.1,0.899999999999996));
#10854=CARTESIAN_POINT('',(-1.625,0.1,2.75));
#10855=CARTESIAN_POINT('',(-1.625,0.1,2.35));
#10856=CARTESIAN_POINT('',(-2.375,0.1,2.35));
#10857=CARTESIAN_POINT('',(-2.375,0.1,2.35));
#10858=CARTESIAN_POINT('',(-2.125,0.1,2.75));
#10859=CARTESIAN_POINT('',(-1.625,0.1,2.75));
#10860=CARTESIAN_POINT('',(-2.125,0.1,2.35));
#10861=CARTESIAN_POINT('',(-2.125,0.1,2.35));
#10862=CARTESIAN_POINT('',(-2.125,0.1,2.75));
#10863=CARTESIAN_POINT('',(-0.425000000000001,0.1,0.749999999999996));
#10864=CARTESIAN_POINT('',(-0.395000000000001,0.0480384757729337,0.869999999999996));
#10865=CARTESIAN_POINT('',(-0.425000000000001,0.1,0.749999999999996));
#10866=CARTESIAN_POINT('',(-0.125000000000002,0.1,0.899999999999996));
#10867=CARTESIAN_POINT('',(-0.425000000000001,0.1,0.899999999999996));
#10868=CARTESIAN_POINT('',(-0.825000000000001,0.1,0.749999999999996));
#10869=CARTESIAN_POINT('',(-0.825000000000001,0.1,0.749999999999996));
#10870=CARTESIAN_POINT('',(-0.125000000000002,0.1,2.35));
#10871=CARTESIAN_POINT('',(-0.125000000000002,0.1,0.899999999999996));
#10872=CARTESIAN_POINT('',(-0.885000000000001,-0.00392304845413263,0.839999999999996));
#10873=CARTESIAN_POINT('',(-0.825000000000001,0.1,0.899999999999996));
#10874=CARTESIAN_POINT('',(-0.325000000000002,0.0133974596215561,2.4));
#10875=CARTESIAN_POINT('',(-0.125000000000002,0.1,2.35));
#10876=CARTESIAN_POINT('',(-1.125,0.1,0.899999999999996));
#10877=CARTESIAN_POINT('',(-1.125,0.1,0.899999999999996));
#10878=CARTESIAN_POINT('',(-0.375000000000002,0.1,2.75));
#10879=CARTESIAN_POINT('',(-0.375000000000002,0.1,2.35));
#10880=CARTESIAN_POINT('',(-1.125,0.1,2.35));
#10881=CARTESIAN_POINT('',(-1.125,0.1,2.35));
#10882=CARTESIAN_POINT('',(-0.875000000000002,0.1,2.75));
#10883=CARTESIAN_POINT('',(-0.375000000000002,0.1,2.75));
#10884=CARTESIAN_POINT('',(-0.875000000000002,0.1,2.35));
#10885=CARTESIAN_POINT('',(-0.875000000000002,0.1,2.35));
#10886=CARTESIAN_POINT('',(-0.875000000000002,0.1,2.75));
#10887=CARTESIAN_POINT('',(0.824999999999999,0.1,0.749999999999996));
#10888=CARTESIAN_POINT('',(0.854999999999999,0.0480384757729337,0.869999999999996));
#10889=CARTESIAN_POINT('',(0.824999999999999,0.1,0.749999999999996));
#10890=CARTESIAN_POINT('',(1.125,0.1,0.899999999999996));
#10891=CARTESIAN_POINT('',(0.824999999999999,0.1,0.899999999999996));
#10892=CARTESIAN_POINT('',(0.424999999999999,0.1,0.749999999999996));
#10893=CARTESIAN_POINT('',(0.424999999999999,0.1,0.749999999999996));
#10894=CARTESIAN_POINT('',(1.125,0.1,2.35));
#10895=CARTESIAN_POINT('',(1.125,0.1,0.899999999999996));
#10896=CARTESIAN_POINT('',(0.364999999999999,-0.00392304845413263,0.839999999999996));
#10897=CARTESIAN_POINT('',(0.424999999999999,0.1,0.899999999999996));
#10898=CARTESIAN_POINT('',(0.924999999999998,0.0133974596215561,2.4));
#10899=CARTESIAN_POINT('',(1.125,0.1,2.35));
#10900=CARTESIAN_POINT('',(0.124999999999999,0.1,0.899999999999996));
#10901=CARTESIAN_POINT('',(0.124999999999999,0.1,0.899999999999996));
#10902=CARTESIAN_POINT('',(0.874999999999998,0.1,2.75));
#10903=CARTESIAN_POINT('',(0.874999999999998,0.1,2.35));
#10904=CARTESIAN_POINT('',(0.124999999999999,0.1,2.35));
#10905=CARTESIAN_POINT('',(0.124999999999999,0.1,2.35));
#10906=CARTESIAN_POINT('',(0.374999999999999,0.1,2.75));
#10907=CARTESIAN_POINT('',(0.874999999999998,0.1,2.75));
#10908=CARTESIAN_POINT('',(0.374999999999999,0.1,2.35));
#10909=CARTESIAN_POINT('',(0.374999999999999,0.1,2.35));
#10910=CARTESIAN_POINT('',(0.374999999999999,0.1,2.75));
#10911=CARTESIAN_POINT('',(2.075,0.1,0.749999999999996));
#10912=CARTESIAN_POINT('',(2.105,0.0480384757729338,0.869999999999996));
#10913=CARTESIAN_POINT('',(2.075,0.1,0.749999999999996));
#10914=CARTESIAN_POINT('',(2.375,0.1,0.899999999999996));
#10915=CARTESIAN_POINT('',(2.075,0.1,0.899999999999996));
#10916=CARTESIAN_POINT('',(1.675,0.1,0.749999999999996));
#10917=CARTESIAN_POINT('',(1.675,0.1,0.749999999999996));
#10918=CARTESIAN_POINT('',(2.375,0.1,2.35));
#10919=CARTESIAN_POINT('',(2.375,0.1,0.899999999999996));
#10920=CARTESIAN_POINT('',(1.615,-0.00392304845413309,0.839999999999996));
#10921=CARTESIAN_POINT('',(1.675,0.1,0.899999999999996));
#10922=CARTESIAN_POINT('',(2.175,0.0133974596215557,2.4));
#10923=CARTESIAN_POINT('',(2.375,0.1,2.35));
#10924=CARTESIAN_POINT('',(1.375,0.1,0.899999999999996));
#10925=CARTESIAN_POINT('',(1.375,0.1,0.899999999999996));
#10926=CARTESIAN_POINT('',(2.125,0.1,2.75));
#10927=CARTESIAN_POINT('',(2.125,0.1,2.35));
#10928=CARTESIAN_POINT('',(1.375,0.1,2.35));
#10929=CARTESIAN_POINT('',(1.375,0.1,2.35));
#10930=CARTESIAN_POINT('',(1.625,0.1,2.75));
#10931=CARTESIAN_POINT('',(2.125,0.1,2.75));
#10932=CARTESIAN_POINT('',(1.625,0.1,2.35));
#10933=CARTESIAN_POINT('',(1.625,0.1,2.35));
#10934=CARTESIAN_POINT('',(1.625,0.1,2.75));
#10935=CARTESIAN_POINT('',(3.325,0.1,0.749999999999996));
#10936=CARTESIAN_POINT('',(3.355,0.048038475772934,0.869999999999997));
#10937=CARTESIAN_POINT('',(3.325,0.1,0.749999999999996));
#10938=CARTESIAN_POINT('',(3.625,0.1,0.899999999999996));
#10939=CARTESIAN_POINT('',(3.325,0.1,0.899999999999996));
#10940=CARTESIAN_POINT('',(2.925,0.1,0.749999999999996));
#10941=CARTESIAN_POINT('',(2.925,0.1,0.749999999999996));
#10942=CARTESIAN_POINT('',(3.625,0.1,2.35));
#10943=CARTESIAN_POINT('',(3.625,0.1,0.899999999999996));
#10944=CARTESIAN_POINT('',(2.865,-0.00392304845413248,0.839999999999997));
#10945=CARTESIAN_POINT('',(2.925,0.1,0.899999999999996));
#10946=CARTESIAN_POINT('',(3.425,0.0133974596215561,2.4));
#10947=CARTESIAN_POINT('',(3.625,0.1,2.35));
#10948=CARTESIAN_POINT('',(2.625,0.1,0.899999999999996));
#10949=CARTESIAN_POINT('',(2.625,0.1,0.899999999999996));
#10950=CARTESIAN_POINT('',(3.375,0.1,2.75));
#10951=CARTESIAN_POINT('',(3.375,0.1,2.35));
#10952=CARTESIAN_POINT('',(2.625,0.1,2.35));
#10953=CARTESIAN_POINT('',(2.625,0.1,2.35));
#10954=CARTESIAN_POINT('',(2.875,0.1,2.75));
#10955=CARTESIAN_POINT('',(3.375,0.1,2.75));
#10956=CARTESIAN_POINT('',(2.875,0.1,2.35));
#10957=CARTESIAN_POINT('',(2.875,0.1,2.35));
#10958=CARTESIAN_POINT('',(2.875,0.1,2.75));
#10959=CARTESIAN_POINT('',(-4.55,3.8,1.75));
#10960=CARTESIAN_POINT('',(-4.55,3.8,0.45));
#10961=CARTESIAN_POINT('',(-4.2,3.8,1.75));
#10962=CARTESIAN_POINT('',(-4.55,3.8,1.75));
#10963=CARTESIAN_POINT('',(-4.2,3.8,1.75));
#10964=CARTESIAN_POINT('',(-3.3,3.8,1.75));
#10965=CARTESIAN_POINT('',(-3.3,3.8,0.45));
#10966=CARTESIAN_POINT('',(-2.95,3.8,1.75));
#10967=CARTESIAN_POINT('',(-3.3,3.8,1.75));
#10968=CARTESIAN_POINT('',(-2.95,3.8,1.75));
#10969=CARTESIAN_POINT('',(-2.05,3.8,1.75));
#10970=CARTESIAN_POINT('',(-2.05,3.8,0.45));
#10971=CARTESIAN_POINT('',(-1.7,3.8,1.75));
#10972=CARTESIAN_POINT('',(-2.05,3.8,1.75));
#10973=CARTESIAN_POINT('',(-1.7,3.8,1.75));
#10974=CARTESIAN_POINT('',(-0.8,3.8,1.75));
#10975=CARTESIAN_POINT('',(-0.8,3.8,0.45));
#10976=CARTESIAN_POINT('',(-0.450000000000001,3.8,1.75));
#10977=CARTESIAN_POINT('',(-0.8,3.8,1.75));
#10978=CARTESIAN_POINT('',(-0.450000000000001,3.8,1.75));
#10979=CARTESIAN_POINT('',(0.45,3.8,1.75));
#10980=CARTESIAN_POINT('',(0.45,3.8,0.45));
#10981=CARTESIAN_POINT('',(0.799999999999999,3.8,1.75));
#10982=CARTESIAN_POINT('',(0.45,3.8,1.75));
#10983=CARTESIAN_POINT('',(0.799999999999999,3.8,1.75));
#10984=CARTESIAN_POINT('',(1.7,3.8,1.75));
#10985=CARTESIAN_POINT('',(1.7,3.8,0.45));
#10986=CARTESIAN_POINT('',(2.05,3.8,1.75));
#10987=CARTESIAN_POINT('',(1.7,3.8,1.75));
#10988=CARTESIAN_POINT('',(2.05,3.8,1.75));
#10989=CARTESIAN_POINT('',(2.95,3.8,1.75));
#10990=CARTESIAN_POINT('',(2.95,3.8,0.45));
#10991=CARTESIAN_POINT('',(3.3,3.8,1.75));
#10992=CARTESIAN_POINT('',(2.95,3.8,1.75));
#10993=CARTESIAN_POINT('',(3.3,3.8,1.75));
#10994=CARTESIAN_POINT('',(-4.2,2.5,0.199999999999999));
#10995=CARTESIAN_POINT('',(-4.2,2.85,0.199999999999999));
#10996=CARTESIAN_POINT('',(-4.2,2.9,0.2));
#10997=CARTESIAN_POINT('',(-4.2,2.85,0.199999999999997));
#10998=CARTESIAN_POINT('',(-4.2,2.90000000000001,0.200000000000002));
#10999=CARTESIAN_POINT('',(-4.2,2.5,0.199999999999999));
#11000=CARTESIAN_POINT('',(-3.3,2.85,0.200000000000003));
#11001=CARTESIAN_POINT('',(-3.3,2.85,0.199999999999999));
#11002=CARTESIAN_POINT('',(-3.3,3.6,0.2));
#11003=CARTESIAN_POINT('',(-3.3,2.9,0.2));
#11004=CARTESIAN_POINT('',(-3.3,2.9,0.199999999999998));
#11005=CARTESIAN_POINT('',(-3.3,3.6,0.2));
#11006=CARTESIAN_POINT('',(-4.2,2.85,0.199999999999999));
#11007=CARTESIAN_POINT('',(-3.3,2.9,0.2));
#11008=CARTESIAN_POINT('',(-7.5,-3.32652939285323E-16,0.199999999999997));
#11009=CARTESIAN_POINT('',(-7.5,2.85,0.199999999999999));
#11010=CARTESIAN_POINT('',(-7.5,2.9,0.2));
#11011=MECHANICAL_DESIGN_GEOMETRIC_PRESENTATION_REPRESENTATION('',(#24),
#11012);
#11012=(
GEOMETRIC_REPRESENTATION_CONTEXT(3)
GLOBAL_UNCERTAINTY_ASSIGNED_CONTEXT((#11013))
GLOBAL_UNIT_ASSIGNED_CONTEXT((#11019,#11015,#11014))
REPRESENTATION_CONTEXT('510210800wbm000_01_214',
'TOP_LEVEL_ASSEMBLY_PART')
);
#11013=UNCERTAINTY_MEASURE_WITH_UNIT(LENGTH_MEASURE(2.E-5),#11019,
'DISTANCE_ACCURACY_VALUE','Maximum Tolerance applied to model');
#11014=(
NAMED_UNIT(*)
SI_UNIT($,.STERADIAN.)
SOLID_ANGLE_UNIT()
);
#11015=(
CONVERSION_BASED_UNIT('DEGREE',#11017)
NAMED_UNIT(#11016)
PLANE_ANGLE_UNIT()
);
#11016=DIMENSIONAL_EXPONENTS(0.,0.,0.,0.,0.,0.,0.);
#11017=PLANE_ANGLE_MEASURE_WITH_UNIT(PLANE_ANGLE_MEASURE(0.0174532925),
#11018);
#11018=(
NAMED_UNIT(*)
PLANE_ANGLE_UNIT()
SI_UNIT($,.RADIAN.)
);
#11019=(
LENGTH_UNIT()
NAMED_UNIT(*)
SI_UNIT(.MILLI.,.METRE.)
);
ENDSEC;
END-ISO-10303-21;
