ISO-10303-21;
HEADER;
FILE_DESCRIPTION(('OneSpaceDesigner STEP Export'),'2;1');
FILE_NAME('DF11-6DS-2C.stp','2007-03-22T13:49:15',(''),(''),
'OneSpace Designer STEP processor (Jan. 2003) for AP214(CD)(Solid Model)
','OneSpace Designer 12.00  10-Sep-2003 (C) CoCreate Software GmbH','');
FILE_SCHEMA(('AUTOMOTIVE_DESIGN_CC2 {1 2 10303 214 -1 1 5 1}'));
ENDSEC;
DATA;
#10=CARTESIAN_POINT('',(-2.28906313620098,2.850354,18.9255180756341));
#20=DIRECTION('',(-1.22460635382238E-16,1.,0.));
#30=DIRECTION('',(-1.,-1.22460635382238E-16,0.));
#40=AXIS2_PLACEMENT_3D('',#10,#20,#30);
#50=PLANE('',#40);
#60=CARTESIAN_POINT('',(0.,2.850354,18.3));
#70=DIRECTION('',(1.,0.,0.));
#80=VECTOR('',#70,1.);
#90=LINE('',#60,#80);
#100=CARTESIAN_POINT('',(-1.059647,2.850354,18.3));
#110=VERTEX_POINT('',#100);
#120=CARTESIAN_POINT('',(-0.459647,2.850354,18.3));
#130=VERTEX_POINT('',#120);
#140=EDGE_CURVE('',#110,#130,#90,.T.);
#150=ORIENTED_EDGE('',*,*,#140,.T.);
#160=CARTESIAN_POINT('',(-1.059647,2.850354,0.));
#170=DIRECTION('',(0.,0.,-1.));
#180=VECTOR('',#170,1.);
#190=LINE('',#160,#180);
#200=CARTESIAN_POINT('',(-1.059647,2.850354,17.7));
#210=VERTEX_POINT('',#200);
#220=EDGE_CURVE('',#110,#210,#190,.T.);
#230=ORIENTED_EDGE('',*,*,#220,.F.);
#240=CARTESIAN_POINT('',(0.,2.850354,17.7));
#250=DIRECTION('',(-1.,0.,0.));
#260=VECTOR('',#250,1.);
#270=LINE('',#240,#260);
#280=CARTESIAN_POINT('',(-0.459647,2.850354,17.7));
#290=VERTEX_POINT('',#280);
#300=EDGE_CURVE('',#290,#210,#270,.T.);
#310=ORIENTED_EDGE('',*,*,#300,.T.);
#320=CARTESIAN_POINT('',(-0.459647,2.850354,0.));
#330=DIRECTION('',(0.,0.,1.));
#340=VECTOR('',#330,1.);
#350=LINE('',#320,#340);
#360=EDGE_CURVE('',#290,#130,#350,.T.);
#370=ORIENTED_EDGE('',*,*,#360,.F.);
#380=EDGE_LOOP('',(#370,#310,#230,#150));
#390=FACE_BOUND('',#380,.T.);
#400=CARTESIAN_POINT('',(1.251487,2.850354,17.3));
#410=DIRECTION('',(1.,0.,0.));
#420=VECTOR('',#410,1.);
#430=LINE('',#400,#420);
#440=CARTESIAN_POINT('',(-1.559647,2.850354,17.3));
#450=VERTEX_POINT('',#440);
#460=CARTESIAN_POINT('',(-0.239647,2.850354,17.3));
#470=VERTEX_POINT('',#460);
#480=EDGE_CURVE('',#450,#470,#430,.T.);
#490=ORIENTED_EDGE('',*,*,#480,.T.);
#500=CARTESIAN_POINT('',(-1.559647,2.850354,18.));
#510=DIRECTION('',(0.,0.,-1.));
#520=VECTOR('',#510,1.);
#530=LINE('',#500,#520);
#540=CARTESIAN_POINT('',(-1.559647,2.850354,18.7));
#550=VERTEX_POINT('',#540);
#560=EDGE_CURVE('',#550,#450,#530,.T.);
#570=ORIENTED_EDGE('',*,*,#560,.T.);
#580=CARTESIAN_POINT('',(1.251487,2.850354,18.7));
#590=DIRECTION('',(1.,0.,0.));
#600=VECTOR('',#590,1.);
#610=LINE('',#580,#600);
#620=CARTESIAN_POINT('',(-0.239647,2.850354,18.7));
#630=VERTEX_POINT('',#620);
#640=EDGE_CURVE('',#550,#630,#610,.T.);
#650=ORIENTED_EDGE('',*,*,#640,.F.);
#660=CARTESIAN_POINT('',(-0.239647,2.850354,0.));
#670=DIRECTION('',(0.,0.,-1.));
#680=VECTOR('',#670,1.);
#690=LINE('',#660,#680);
#700=EDGE_CURVE('',#630,#470,#690,.T.);
#710=ORIENTED_EDGE('',*,*,#700,.F.);
#720=EDGE_LOOP('',(#710,#650,#570,#490));
#730=FACE_OUTER_BOUND('',#720,.T.);
#740=ADVANCED_FACE('',(#390,#730),#50,.F.);
#750=CARTESIAN_POINT('',(-3.559647,-3.549646,17.8));
#760=DIRECTION('',(0.,0.447213595499959,0.894427190999916));
#770=DIRECTION('',(0.,0.894427190999916,-0.447213595499959));
#780=AXIS2_PLACEMENT_3D('',#750,#760,#770);
#790=PLANE('',#780);
#800=CARTESIAN_POINT('',(-3.519294,-3.549646,17.8));
#810=DIRECTION('',(1.,0.,0.));
#820=VECTOR('',#810,1.);
#830=LINE('',#800,#820);
#840=CARTESIAN_POINT('',(-3.859647,-3.549646,17.8));
#850=VERTEX_POINT('',#840);
#860=CARTESIAN_POINT('',(-3.559647,-3.549646,17.8));
#870=VERTEX_POINT('',#860);
#880=EDGE_CURVE('',#850,#870,#830,.T.);
#890=ORIENTED_EDGE('',*,*,#880,.T.);
#900=CARTESIAN_POINT('',(-3.859647,0.,16.025177));
#910=DIRECTION('',(0.,0.894427190999916,-0.447213595499959));
#920=VECTOR('',#910,1.);
#930=LINE('',#900,#920);
#940=CARTESIAN_POINT('',(-3.859647,-3.949646,18.));
#950=VERTEX_POINT('',#940);
#960=EDGE_CURVE('',#950,#850,#930,.T.);
#970=ORIENTED_EDGE('',*,*,#960,.T.);
#980=CARTESIAN_POINT('',(-0.897412499999999,0.,16.025177));
#990=DIRECTION('',(0.557086014531156,0.742781352708207,
-0.371390676354104));
#1000=VECTOR('',#990,1.);
#1010=LINE('',#980,#1000);
#1020=EDGE_CURVE('',#950,#870,#1010,.T.);
#1030=ORIENTED_EDGE('',*,*,#1020,.F.);
#1040=EDGE_LOOP('',(#1030,#970,#890));
#1050=FACE_OUTER_BOUND('',#1040,.T.);
#1060=ADVANCED_FACE('',(#1050),#790,.F.);
#1070=CARTESIAN_POINT('',(-3.279647,2.850354,14.));
#1080=DIRECTION('',(0.999308451930343,-0.0371835703043847,0.));
#1090=DIRECTION('',(-0.0371835703043847,-0.999308451930343,0.));
#1100=AXIS2_PLACEMENT_3D('',#1070,#1080,#1090);
#1110=PLANE('',#1100);
#1120=CARTESIAN_POINT('',(-3.359647,0.700353999999999,14.));
#1130=DIRECTION('',(0.,0.,1.));
#1140=VECTOR('',#1130,1.);
#1150=LINE('',#1120,#1140);
#1160=CARTESIAN_POINT('',(-3.359647,0.700353999999999,13.3));
#1170=VERTEX_POINT('',#1160);
#1180=CARTESIAN_POINT('',(-3.359647,0.700353999999999,14.7));
#1190=VERTEX_POINT('',#1180);
#1200=EDGE_CURVE('',#1170,#1190,#1150,.T.);
#1210=ORIENTED_EDGE('',*,*,#1200,.F.);
#1220=CARTESIAN_POINT('',(-3.359647,0.700353999999999,14.7));
#1230=DIRECTION('',(0.0371835703043847,0.999308451930343,0.));
#1240=VECTOR('',#1230,1.);
#1250=LINE('',#1220,#1240);
#1260=CARTESIAN_POINT('',(-3.279647,2.850354,14.7));
#1270=VERTEX_POINT('',#1260);
#1280=EDGE_CURVE('',#1190,#1270,#1250,.T.);
#1290=ORIENTED_EDGE('',*,*,#1280,.F.);
#1300=CARTESIAN_POINT('',(-3.279647,2.850354,32.));
#1310=DIRECTION('',(0.,0.,1.));
#1320=VECTOR('',#1310,1.);
#1330=LINE('',#1300,#1320);
#1340=CARTESIAN_POINT('',(-3.279647,2.850354,13.3));
#1350=VERTEX_POINT('',#1340);
#1360=EDGE_CURVE('',#1350,#1270,#1330,.T.);
#1370=ORIENTED_EDGE('',*,*,#1360,.T.);
#1380=CARTESIAN_POINT('',(-3.359647,0.700353999999999,13.3));
#1390=DIRECTION('',(0.0371835703043847,0.999308451930343,0.));
#1400=VECTOR('',#1390,1.);
#1410=LINE('',#1380,#1400);
#1420=EDGE_CURVE('',#1170,#1350,#1410,.T.);
#1430=ORIENTED_EDGE('',*,*,#1420,.T.);
#1440=EDGE_LOOP('',(#1430,#1370,#1290,#1210));
#1450=FACE_OUTER_BOUND('',#1440,.T.);
#1460=ADVANCED_FACE('',(#1450),#1110,.T.);
#1470=CARTESIAN_POINT('',(-3.559647,-3.549646,18.));
#1480=DIRECTION('',(-0.8,0.6,0.));
#1490=DIRECTION('',(-0.6,-0.8,0.));
#1500=AXIS2_PLACEMENT_3D('',#1470,#1480,#1490);
#1510=PLANE('',#1500);
#1520=CARTESIAN_POINT('',(-0.897412499999999,0.,19.974823));
#1530=DIRECTION('',(0.557086014531156,0.742781352708207,
0.371390676354104));
#1540=VECTOR('',#1530,1.);
#1550=LINE('',#1520,#1540);
#1560=CARTESIAN_POINT('',(-3.559647,-3.549646,18.2));
#1570=VERTEX_POINT('',#1560);
#1580=EDGE_CURVE('',#950,#1570,#1550,.T.);
#1590=ORIENTED_EDGE('',*,*,#1580,.F.);
#1600=CARTESIAN_POINT('',(-3.559647,-3.549646,18.));
#1610=DIRECTION('',(0.,0.,-1.));
#1620=VECTOR('',#1610,1.);
#1630=LINE('',#1600,#1620);
#1640=EDGE_CURVE('',#1570,#870,#1630,.T.);
#1650=ORIENTED_EDGE('',*,*,#1640,.F.);
#1660=ORIENTED_EDGE('',*,*,#1020,.T.);
#1670=EDGE_LOOP('',(#1660,#1650,#1590));
#1680=FACE_OUTER_BOUND('',#1670,.T.);
#1690=ADVANCED_FACE('',(#1680),#1510,.F.);
#1700=CARTESIAN_POINT('',(-3.859647,-1.74548523510262,17.474979283724));
#1710=DIRECTION('',(1.,0.,0.));
#1720=DIRECTION('',(0.,-1.,0.));
#1730=AXIS2_PLACEMENT_3D('',#1700,#1710,#1720);
#1740=PLANE('',#1730);
#1750=CARTESIAN_POINT('',(-3.859647,-2.149646,18.));
#1760=DIRECTION('',(0.,0.,-1.));
#1770=VECTOR('',#1760,1.);
#1780=LINE('',#1750,#1770);
#1790=CARTESIAN_POINT('',(-3.859647,-2.149646,17.3));
#1800=VERTEX_POINT('',#1790);
#1810=CARTESIAN_POINT('',(-3.859647,-2.149646,17.2));
#1820=VERTEX_POINT('',#1810);
#1830=EDGE_CURVE('',#1800,#1820,#1780,.T.);
#1840=ORIENTED_EDGE('',*,*,#1830,.F.);
#1850=CARTESIAN_POINT('',(-3.859647,0.,17.2));
#1860=DIRECTION('',(0.,1.,0.));
#1870=VECTOR('',#1860,1.);
#1880=LINE('',#1850,#1870);
#1890=CARTESIAN_POINT('',(-3.859647,-3.949646,17.2));
#1900=VERTEX_POINT('',#1890);
#1910=EDGE_CURVE('',#1900,#1820,#1880,.T.);
#1920=ORIENTED_EDGE('',*,*,#1910,.T.);
#1930=CARTESIAN_POINT('',(-3.859647,-3.949646,18.));
#1940=DIRECTION('',(0.,0.,1.));
#1950=VECTOR('',#1940,1.);
#1960=LINE('',#1930,#1950);
#1970=EDGE_CURVE('',#1900,#950,#1960,.T.);
#1980=ORIENTED_EDGE('',*,*,#1970,.F.);
#1990=ORIENTED_EDGE('',*,*,#960,.F.);
#2000=CARTESIAN_POINT('',(-3.859647,0.,17.8));
#2010=DIRECTION('',(0.,-1.,0.));
#2020=VECTOR('',#2010,1.);
#2030=LINE('',#2000,#2020);
#2040=CARTESIAN_POINT('',(-3.859647,-1.699646,17.8));
#2050=VERTEX_POINT('',#2040);
#2060=EDGE_CURVE('',#2050,#850,#2030,.T.);
#2070=ORIENTED_EDGE('',*,*,#2060,.T.);
#2080=CARTESIAN_POINT('',(-3.859647,-1.699646,18.));
#2090=DIRECTION('',(0.,0.,-1.));
#2100=VECTOR('',#2090,1.);
#2110=LINE('',#2080,#2100);
#2120=CARTESIAN_POINT('',(-3.859647,-1.699646,17.3));
#2130=VERTEX_POINT('',#2120);
#2140=EDGE_CURVE('',#2050,#2130,#2110,.T.);
#2150=ORIENTED_EDGE('',*,*,#2140,.F.);
#2160=CARTESIAN_POINT('',(-3.859647,0.,17.3));
#2170=DIRECTION('',(0.,-1.,0.));
#2180=VECTOR('',#2170,1.);
#2190=LINE('',#2160,#2180);
#2200=EDGE_CURVE('',#2130,#1800,#2190,.T.);
#2210=ORIENTED_EDGE('',*,*,#2200,.F.);
#2220=EDGE_LOOP('',(#2210,#2150,#2070,#1990,#1980,#1920,#1840));
#2230=FACE_OUTER_BOUND('',#2220,.T.);
#2240=ADVANCED_FACE('',(#2230),#1740,.T.);
#2250=CARTESIAN_POINT('',(-3.059647,3.350354,17.7));
#2260=DIRECTION('',(0.,0.,1.));
#2270=DIRECTION('',(-1.,-1.22460635382238E-16,0.));
#2280=AXIS2_PLACEMENT_3D('',#2250,#2260,#2270);
#2290=PLANE('',#2280);
#2300=CARTESIAN_POINT('',(-2.459647,0.,17.7));
#2310=DIRECTION('',(1.22460635382238E-16,-1.,0.));
#2320=VECTOR('',#2310,1.);
#2330=LINE('',#2300,#2320);
#2340=CARTESIAN_POINT('',(-2.459647,3.350354,17.7));
#2350=VERTEX_POINT('',#2340);
#2360=CARTESIAN_POINT('',(-2.459647,2.850354,17.7));
#2370=VERTEX_POINT('',#2360);
#2380=EDGE_CURVE('',#2350,#2370,#2330,.T.);
#2390=ORIENTED_EDGE('',*,*,#2380,.F.);
#2400=CARTESIAN_POINT('',(0.,2.850354,17.7));
#2410=DIRECTION('',(1.,0.,0.));
#2420=VECTOR('',#2410,1.);
#2430=LINE('',#2400,#2420);
#2440=CARTESIAN_POINT('',(-3.059647,2.850354,17.7));
#2450=VERTEX_POINT('',#2440);
#2460=EDGE_CURVE('',#2450,#2370,#2430,.T.);
#2470=ORIENTED_EDGE('',*,*,#2460,.T.);
#2480=CARTESIAN_POINT('',(-3.059647,0.,17.7));
#2490=DIRECTION('',(-1.22460635382238E-16,1.,0.));
#2500=VECTOR('',#2490,1.);
#2510=LINE('',#2480,#2500);
#2520=CARTESIAN_POINT('',(-3.059647,3.350354,17.7));
#2530=VERTEX_POINT('',#2520);
#2540=EDGE_CURVE('',#2450,#2530,#2510,.T.);
#2550=ORIENTED_EDGE('',*,*,#2540,.F.);
#2560=CARTESIAN_POINT('',(-3.519294,3.350354,17.7));
#2570=DIRECTION('',(-1.,-1.22460635382238E-16,0.));
#2580=VECTOR('',#2570,1.);
#2590=LINE('',#2560,#2580);
#2600=EDGE_CURVE('',#2350,#2530,#2590,.T.);
#2610=ORIENTED_EDGE('',*,*,#2600,.T.);
#2620=EDGE_LOOP('',(#2610,#2550,#2470,#2390));
#2630=FACE_OUTER_BOUND('',#2620,.T.);
#2640=ADVANCED_FACE('',(#2630),#2290,.T.);
#2650=CARTESIAN_POINT('',(-3.809647,3.350354,12.));
#2660=DIRECTION('',(1.,4.89842541528951E-16,0.));
#2670=DIRECTION('',(4.89842541528951E-16,-1.,0.));
#2680=AXIS2_PLACEMENT_3D('',#2650,#2660,#2670);
#2690=PLANE('',#2680);
#2700=CARTESIAN_POINT('',(-3.809647,-0.206668,19.25));
#2710=DIRECTION('',(0.,1.,0.));
#2720=VECTOR('',#2710,1.);
#2730=LINE('',#2700,#2720);
#2740=CARTESIAN_POINT('',(-3.809647,0.700353999999999,19.25));
#2750=VERTEX_POINT('',#2740);
#2760=CARTESIAN_POINT('',(-3.809647,3.350354,19.25));
#2770=VERTEX_POINT('',#2760);
#2780=EDGE_CURVE('',#2750,#2770,#2730,.T.);
#2790=ORIENTED_EDGE('',*,*,#2780,.T.);
#2800=CARTESIAN_POINT('',(-3.809647,0.700354,4.));
#2810=DIRECTION('',(0.,0.,1.));
#2820=VECTOR('',#2810,1.);
#2830=LINE('',#2800,#2820);
#2840=CARTESIAN_POINT('',(-3.809647,0.700353999999999,12.75));
#2850=VERTEX_POINT('',#2840);
#2860=EDGE_CURVE('',#2850,#2750,#2830,.T.);
#2870=ORIENTED_EDGE('',*,*,#2860,.T.);
#2880=CARTESIAN_POINT('',(-3.809647,-0.206668000000001,12.75));
#2890=DIRECTION('',(-1.22460635382238E-16,1.,0.));
#2900=VECTOR('',#2890,1.);
#2910=LINE('',#2880,#2900);
#2920=CARTESIAN_POINT('',(-3.809647,3.350354,12.75));
#2930=VERTEX_POINT('',#2920);
#2940=EDGE_CURVE('',#2850,#2930,#2910,.T.);
#2950=ORIENTED_EDGE('',*,*,#2940,.F.);
#2960=CARTESIAN_POINT('',(-3.809647,3.350354,28.));
#2970=DIRECTION('',(0.,0.,1.));
#2980=VECTOR('',#2970,1.);
#2990=LINE('',#2960,#2980);
#3000=EDGE_CURVE('',#2930,#2770,#2990,.T.);
#3010=ORIENTED_EDGE('',*,*,#3000,.F.);
#3020=EDGE_LOOP('',(#3010,#2950,#2870,#2790));
#3030=FACE_OUTER_BOUND('',#3020,.T.);
#3040=ADVANCED_FACE('',(#3030),#2690,.F.);
#3050=CARTESIAN_POINT('',(-3.359647,-0.399646,18.));
#3060=DIRECTION('',(0.,1.,0.));
#3070=DIRECTION('',(-1.,0.,0.));
#3080=AXIS2_PLACEMENT_3D('',#3050,#3060,#3070);
#3090=PLANE('',#3080);
#3100=CARTESIAN_POINT('',(-3.519294,-0.399646,18.7));
#3110=DIRECTION('',(1.,0.,0.));
#3120=VECTOR('',#3110,1.);
#3130=LINE('',#3100,#3120);
#3140=CARTESIAN_POINT('',(-4.259647,-0.399646,18.7));
#3150=VERTEX_POINT('',#3140);
#3160=CARTESIAN_POINT('',(-3.359647,-0.399646,18.7));
#3170=VERTEX_POINT('',#3160);
#3180=EDGE_CURVE('',#3150,#3170,#3130,.T.);
#3190=ORIENTED_EDGE('',*,*,#3180,.T.);
#3200=CARTESIAN_POINT('',(-4.259647,-0.399646,18.));
#3210=DIRECTION('',(0.,0.,-1.));
#3220=VECTOR('',#3210,1.);
#3230=LINE('',#3200,#3220);
#3240=CARTESIAN_POINT('',(-4.259647,-0.399646,17.3));
#3250=VERTEX_POINT('',#3240);
#3260=EDGE_CURVE('',#3150,#3250,#3230,.T.);
#3270=ORIENTED_EDGE('',*,*,#3260,.F.);
#3280=CARTESIAN_POINT('',(-3.519294,-0.399646,17.3));
#3290=DIRECTION('',(1.,0.,0.));
#3300=VECTOR('',#3290,1.);
#3310=LINE('',#3280,#3300);
#3320=CARTESIAN_POINT('',(-3.359647,-0.399646,17.3));
#3330=VERTEX_POINT('',#3320);
#3340=EDGE_CURVE('',#3250,#3330,#3310,.T.);
#3350=ORIENTED_EDGE('',*,*,#3340,.F.);
#3360=CARTESIAN_POINT('',(-3.359647,-0.399646,18.));
#3370=DIRECTION('',(0.,0.,1.));
#3380=VECTOR('',#3370,1.);
#3390=LINE('',#3360,#3380);
#3400=EDGE_CURVE('',#3330,#3170,#3390,.T.);
#3410=ORIENTED_EDGE('',*,*,#3400,.F.);
#3420=EDGE_LOOP('',(#3410,#3350,#3270,#3190));
#3430=FACE_OUTER_BOUND('',#3420,.T.);
#3440=ADVANCED_FACE('',(#3430),#3090,.T.);
#3450=CARTESIAN_POINT('',(-3.359647,-0.899646,18.));
#3460=DIRECTION('',(-0.847998304005088,0.52999894000318,0.));
#3470=DIRECTION('',(-0.52999894000318,-0.847998304005088,0.));
#3480=AXIS2_PLACEMENT_3D('',#3450,#3460,#3470);
#3490=PLANE('',#3480);
#3500=CARTESIAN_POINT('',(-3.559647,-1.219646,18.));
#3510=DIRECTION('',(0.,0.,-1.));
#3520=VECTOR('',#3510,1.);
#3530=LINE('',#3500,#3520);
#3540=CARTESIAN_POINT('',(-3.559647,-1.219646,18.2));
#3550=VERTEX_POINT('',#3540);
#3560=CARTESIAN_POINT('',(-3.559647,-1.219646,17.8));
#3570=VERTEX_POINT('',#3560);
#3580=EDGE_CURVE('',#3550,#3570,#3530,.T.);
#3590=ORIENTED_EDGE('',*,*,#3580,.T.);
#3600=CARTESIAN_POINT('',(-2.79736825,0.,18.2));
#3610=DIRECTION('',(0.52999894000318,0.847998304005088,0.));
#3620=VECTOR('',#3610,1.);
#3630=LINE('',#3600,#3620);
#3640=CARTESIAN_POINT('',(-3.859647,-1.699646,18.2));
#3650=VERTEX_POINT('',#3640);
#3660=EDGE_CURVE('',#3650,#3550,#3630,.T.);
#3670=ORIENTED_EDGE('',*,*,#3660,.T.);
#3680=CARTESIAN_POINT('',(-3.859647,-1.699646,18.));
#3690=DIRECTION('',(0.,0.,1.));
#3700=VECTOR('',#3690,1.);
#3710=LINE('',#3680,#3700);
#3720=CARTESIAN_POINT('',(-3.859647,-1.699646,18.7));
#3730=VERTEX_POINT('',#3720);
#3740=EDGE_CURVE('',#3650,#3730,#3710,.T.);
#3750=ORIENTED_EDGE('',*,*,#3740,.F.);
#3760=CARTESIAN_POINT('',(-2.79736825,0.,18.7));
#3770=DIRECTION('',(0.52999894000318,0.847998304005088,0.));
#3780=VECTOR('',#3770,1.);
#3790=LINE('',#3760,#3780);
#3800=CARTESIAN_POINT('',(-3.359647,-0.899646,18.7));
#3810=VERTEX_POINT('',#3800);
#3820=EDGE_CURVE('',#3730,#3810,#3790,.T.);
#3830=ORIENTED_EDGE('',*,*,#3820,.F.);
#3840=CARTESIAN_POINT('',(-3.359647,-0.899646,18.));
#3850=DIRECTION('',(0.,0.,-1.));
#3860=VECTOR('',#3850,1.);
#3870=LINE('',#3840,#3860);
#3880=CARTESIAN_POINT('',(-3.359647,-0.899646,17.3));
#3890=VERTEX_POINT('',#3880);
#3900=EDGE_CURVE('',#3810,#3890,#3870,.T.);
#3910=ORIENTED_EDGE('',*,*,#3900,.F.);
#3920=CARTESIAN_POINT('',(-2.79736825,0.,17.3));
#3930=DIRECTION('',(0.52999894000318,0.847998304005088,0.));
#3940=VECTOR('',#3930,1.);
#3950=LINE('',#3920,#3940);
#3960=EDGE_CURVE('',#2130,#3890,#3950,.T.);
#3970=ORIENTED_EDGE('',*,*,#3960,.T.);
#3980=ORIENTED_EDGE('',*,*,#2140,.T.);
#3990=CARTESIAN_POINT('',(-2.79736825,0.,17.8));
#4000=DIRECTION('',(0.52999894000318,0.847998304005088,0.));
#4010=VECTOR('',#4000,1.);
#4020=LINE('',#3990,#4010);
#4030=EDGE_CURVE('',#2050,#3570,#4020,.T.);
#4040=ORIENTED_EDGE('',*,*,#4030,.F.);
#4050=EDGE_LOOP('',(#4040,#3980,#3970,#3910,#3830,#3750,#3670,#3590));
#4060=FACE_OUTER_BOUND('',#4050,.T.);
#4070=ADVANCED_FACE('',(#4060),#3490,.F.);
#4080=CARTESIAN_POINT('',(-1.959647,-3.949646,18.));
#4090=DIRECTION('',(1.,0.,0.));
#4100=DIRECTION('',(0.,1.,0.));
#4110=AXIS2_PLACEMENT_3D('',#4080,#4090,#4100);
#4120=PLANE('',#4110);
#4130=CARTESIAN_POINT('',(-1.959647,-3.949646,17.3));
#4140=DIRECTION('',(0.,1.,0.));
#4150=VECTOR('',#4140,1.);
#4160=LINE('',#4130,#4150);
#4170=CARTESIAN_POINT('',(-1.959647,0.100354,17.3));
#4180=VERTEX_POINT('',#4170);
#4190=CARTESIAN_POINT('',(-1.959647,2.850354,17.3));
#4200=VERTEX_POINT('',#4190);
#4210=EDGE_CURVE('',#4180,#4200,#4160,.T.);
#4220=ORIENTED_EDGE('',*,*,#4210,.F.);
#4230=CARTESIAN_POINT('',(-1.959647,2.850354,18.));
#4240=DIRECTION('',(0.,0.,-1.));
#4250=VECTOR('',#4240,1.);
#4260=LINE('',#4230,#4250);
#4270=CARTESIAN_POINT('',(-1.959647,2.850354,18.7));
#4280=VERTEX_POINT('',#4270);
#4290=EDGE_CURVE('',#4280,#4200,#4260,.T.);
#4300=ORIENTED_EDGE('',*,*,#4290,.T.);
#4310=CARTESIAN_POINT('',(-1.959647,-3.949646,18.7));
#4320=DIRECTION('',(0.,1.,0.));
#4330=VECTOR('',#4320,1.);
#4340=LINE('',#4310,#4330);
#4350=CARTESIAN_POINT('',(-1.959647,0.100354,18.7));
#4360=VERTEX_POINT('',#4350);
#4370=EDGE_CURVE('',#4360,#4280,#4340,.T.);
#4380=ORIENTED_EDGE('',*,*,#4370,.T.);
#4390=CARTESIAN_POINT('',(-1.959647,0.,18.7334513333333));
#4400=DIRECTION('',(0.,0.948683298050514,-0.316227766016838));
#4410=VECTOR('',#4400,1.);
#4420=LINE('',#4390,#4410);
#4430=CARTESIAN_POINT('',(-1.959647,-0.199646,18.8));
#4440=VERTEX_POINT('',#4430);
#4450=EDGE_CURVE('',#4440,#4360,#4420,.T.);
#4460=ORIENTED_EDGE('',*,*,#4450,.T.);
#4470=CARTESIAN_POINT('',(-1.959647,0.,18.8));
#4480=DIRECTION('',(0.,1.,0.));
#4490=VECTOR('',#4480,1.);
#4500=LINE('',#4470,#4490);
#4510=CARTESIAN_POINT('',(-1.959647,-3.949646,18.8));
#4520=VERTEX_POINT('',#4510);
#4530=EDGE_CURVE('',#4520,#4440,#4500,.T.);
#4540=ORIENTED_EDGE('',*,*,#4530,.T.);
#4550=CARTESIAN_POINT('',(-1.959647,-3.949646,18.));
#4560=DIRECTION('',(0.,0.,1.));
#4570=VECTOR('',#4560,1.);
#4580=LINE('',#4550,#4570);
#4590=CARTESIAN_POINT('',(-1.959647,-3.949646,17.2));
#4600=VERTEX_POINT('',#4590);
#4610=EDGE_CURVE('',#4600,#4520,#4580,.T.);
#4620=ORIENTED_EDGE('',*,*,#4610,.T.);
#4630=CARTESIAN_POINT('',(-1.959647,0.,17.2));
#4640=DIRECTION('',(0.,1.,0.));
#4650=VECTOR('',#4640,1.);
#4660=LINE('',#4630,#4650);
#4670=CARTESIAN_POINT('',(-1.959647,-0.199646,17.2));
#4680=VERTEX_POINT('',#4670);
#4690=EDGE_CURVE('',#4600,#4680,#4660,.T.);
#4700=ORIENTED_EDGE('',*,*,#4690,.F.);
#4710=CARTESIAN_POINT('',(-1.959647,0.,17.2665486666667));
#4720=DIRECTION('',(0.,0.948683298050514,0.316227766016838));
#4730=VECTOR('',#4720,1.);
#4740=LINE('',#4710,#4730);
#4750=EDGE_CURVE('',#4680,#4180,#4740,.T.);
#4760=ORIENTED_EDGE('',*,*,#4750,.F.);
#4770=EDGE_LOOP('',(#4760,#4700,#4620,#4540,#4460,#4380,#4300,#4220));
#4780=FACE_OUTER_BOUND('',#4770,.T.);
#4790=ADVANCED_FACE('',(#4780),#4120,.F.);
#4800=CARTESIAN_POINT('',(-2.659647,-0.049646,16.75));
#4810=DIRECTION('',(0.,0.316227766016838,0.948683298050514));
#4820=DIRECTION('',(0.,-0.948683298050514,0.316227766016838));
#4830=AXIS2_PLACEMENT_3D('',#4800,#4810,#4820);
#4840=PLANE('',#4830);
#4850=CARTESIAN_POINT('',(-3.519294,0.100354,16.7));
#4860=DIRECTION('',(1.,0.,0.));
#4870=VECTOR('',#4860,1.);
#4880=LINE('',#4850,#4870);
#4890=CARTESIAN_POINT('',(-3.359647,0.100354,16.7));
#4900=VERTEX_POINT('',#4890);
#4910=CARTESIAN_POINT('',(-1.959647,0.100354,16.7));
#4920=VERTEX_POINT('',#4910);
#4930=EDGE_CURVE('',#4900,#4920,#4880,.T.);
#4940=ORIENTED_EDGE('',*,*,#4930,.T.);
#4950=CARTESIAN_POINT('',(-3.359647,0.,16.7334513333333));
#4960=DIRECTION('',(0.,-0.948683298050514,0.316227766016838));
#4970=VECTOR('',#4960,1.);
#4980=LINE('',#4950,#4970);
#4990=CARTESIAN_POINT('',(-3.359647,-0.199646,16.8));
#5000=VERTEX_POINT('',#4990);
#5010=EDGE_CURVE('',#4900,#5000,#4980,.T.);
#5020=ORIENTED_EDGE('',*,*,#5010,.F.);
#5030=CARTESIAN_POINT('',(-3.519294,-0.199646,16.8));
#5040=DIRECTION('',(1.,0.,0.));
#5050=VECTOR('',#5040,1.);
#5060=LINE('',#5030,#5050);
#5070=CARTESIAN_POINT('',(-1.959647,-0.199646,16.8));
#5080=VERTEX_POINT('',#5070);
#5090=EDGE_CURVE('',#5000,#5080,#5060,.T.);
#5100=ORIENTED_EDGE('',*,*,#5090,.F.);
#5110=CARTESIAN_POINT('',(-1.959647,0.,16.7334513333333));
#5120=DIRECTION('',(0.,0.948683298050514,-0.316227766016838));
#5130=VECTOR('',#5120,1.);
#5140=LINE('',#5110,#5130);
#5150=EDGE_CURVE('',#5080,#4920,#5140,.T.);
#5160=ORIENTED_EDGE('',*,*,#5150,.F.);
#5170=EDGE_LOOP('',(#5160,#5100,#5020,#4940));
#5180=FACE_OUTER_BOUND('',#5170,.T.);
#5190=ADVANCED_FACE('',(#5180),#4840,.F.);
#5200=CARTESIAN_POINT('',(-3.559647,-1.219646,18.));
#5210=DIRECTION('',(-1.,0.,0.));
#5220=DIRECTION('',(0.,-1.,0.));
#5230=AXIS2_PLACEMENT_3D('',#5200,#5210,#5220);
#5240=PLANE('',#5230);
#5250=ORIENTED_EDGE('',*,*,#1640,.T.);
#5260=CARTESIAN_POINT('',(-3.559647,0.,18.2));
#5270=DIRECTION('',(0.,1.,0.));
#5280=VECTOR('',#5270,1.);
#5290=LINE('',#5260,#5280);
#5300=EDGE_CURVE('',#1570,#3550,#5290,.T.);
#5310=ORIENTED_EDGE('',*,*,#5300,.F.);
#5320=ORIENTED_EDGE('',*,*,#3580,.F.);
#5330=CARTESIAN_POINT('',(-3.559647,0.,17.8));
#5340=DIRECTION('',(0.,1.,0.));
#5350=VECTOR('',#5340,1.);
#5360=LINE('',#5330,#5350);
#5370=EDGE_CURVE('',#870,#3570,#5360,.T.);
#5380=ORIENTED_EDGE('',*,*,#5370,.T.);
#5390=EDGE_LOOP('',(#5380,#5320,#5310,#5250));
#5400=FACE_OUTER_BOUND('',#5390,.T.);
#5410=ADVANCED_FACE('',(#5400),#5240,.F.);
#5420=CARTESIAN_POINT('',(-3.559647,-1.219646,17.8));
#5430=DIRECTION('',(0.,0.,1.));
#5440=DIRECTION('',(0.,1.,0.));
#5450=AXIS2_PLACEMENT_3D('',#5420,#5430,#5440);
#5460=PLANE('',#5450);
#5470=ORIENTED_EDGE('',*,*,#5370,.F.);
#5480=ORIENTED_EDGE('',*,*,#4030,.T.);
#5490=ORIENTED_EDGE('',*,*,#2060,.F.);
#5500=ORIENTED_EDGE('',*,*,#880,.F.);
#5510=EDGE_LOOP('',(#5500,#5490,#5480,#5470));
#5520=FACE_OUTER_BOUND('',#5510,.T.);
#5530=ADVANCED_FACE('',(#5520),#5460,.F.);
#5540=CARTESIAN_POINT('',(-3.859647,-1.74548523510262,16.525020716276));
#5550=DIRECTION('',(-1.,0.,0.));
#5560=DIRECTION('',(0.,-1.,0.));
#5570=AXIS2_PLACEMENT_3D('',#5540,#5550,#5560);
#5580=PLANE('',#5570);
#5590=CARTESIAN_POINT('',(-3.859647,0.,16.7));
#5600=DIRECTION('',(0.,-1.,0.));
#5610=VECTOR('',#5600,1.);
#5620=LINE('',#5590,#5610);
#5630=CARTESIAN_POINT('',(-3.859647,-1.699646,16.7));
#5640=VERTEX_POINT('',#5630);
#5650=CARTESIAN_POINT('',(-3.859647,-2.149646,16.7));
#5660=VERTEX_POINT('',#5650);
#5670=EDGE_CURVE('',#5640,#5660,#5620,.T.);
#5680=ORIENTED_EDGE('',*,*,#5670,.T.);
#5690=CARTESIAN_POINT('',(-3.859647,-1.699646,16.));
#5700=DIRECTION('',(0.,0.,1.));
#5710=VECTOR('',#5700,1.);
#5720=LINE('',#5690,#5710);
#5730=CARTESIAN_POINT('',(-3.859647,-1.699646,16.2));
#5740=VERTEX_POINT('',#5730);
#5750=EDGE_CURVE('',#5740,#5640,#5720,.T.);
#5760=ORIENTED_EDGE('',*,*,#5750,.T.);
#5770=CARTESIAN_POINT('',(-3.859647,0.,16.2));
#5780=DIRECTION('',(0.,-1.,0.));
#5790=VECTOR('',#5780,1.);
#5800=LINE('',#5770,#5790);
#5810=CARTESIAN_POINT('',(-3.859647,-3.549646,16.2));
#5820=VERTEX_POINT('',#5810);
#5830=EDGE_CURVE('',#5740,#5820,#5800,.T.);
#5840=ORIENTED_EDGE('',*,*,#5830,.F.);
#5850=CARTESIAN_POINT('',(-3.859647,0.,17.974823));
#5860=DIRECTION('',(0.,0.894427190999916,0.447213595499959));
#5870=VECTOR('',#5860,1.);
#5880=LINE('',#5850,#5870);
#5890=CARTESIAN_POINT('',(-3.859647,-3.949646,16.));
#5900=VERTEX_POINT('',#5890);
#5910=EDGE_CURVE('',#5900,#5820,#5880,.T.);
#5920=ORIENTED_EDGE('',*,*,#5910,.T.);
#5930=CARTESIAN_POINT('',(-3.859647,-3.949646,16.));
#5940=DIRECTION('',(0.,0.,-1.));
#5950=VECTOR('',#5940,1.);
#5960=LINE('',#5930,#5950);
#5970=CARTESIAN_POINT('',(-3.859647,-3.949646,16.8));
#5980=VERTEX_POINT('',#5970);
#5990=EDGE_CURVE('',#5980,#5900,#5960,.T.);
#6000=ORIENTED_EDGE('',*,*,#5990,.T.);
#6010=CARTESIAN_POINT('',(-3.859647,0.,16.8));
#6020=DIRECTION('',(0.,1.,0.));
#6030=VECTOR('',#6020,1.);
#6040=LINE('',#6010,#6030);
#6050=CARTESIAN_POINT('',(-3.859647,-2.149646,16.8));
#6060=VERTEX_POINT('',#6050);
#6070=EDGE_CURVE('',#5980,#6060,#6040,.T.);
#6080=ORIENTED_EDGE('',*,*,#6070,.F.);
#6090=CARTESIAN_POINT('',(-3.859647,-2.149646,16.));
#6100=DIRECTION('',(0.,0.,1.));
#6110=VECTOR('',#6100,1.);
#6120=LINE('',#6090,#6110);
#6130=EDGE_CURVE('',#5660,#6060,#6120,.T.);
#6140=ORIENTED_EDGE('',*,*,#6130,.T.);
#6150=EDGE_LOOP('',(#6140,#6080,#6000,#5920,#5840,#5760,#5680));
#6160=FACE_OUTER_BOUND('',#6150,.T.);
#6170=ADVANCED_FACE('',(#6160),#5580,.F.);
#6180=CARTESIAN_POINT('',(-2.659647,-0.049646,17.25));
#6190=DIRECTION('',(0.,-0.316227766016838,0.948683298050514));
#6200=DIRECTION('',(0.,-0.948683298050514,-0.316227766016838));
#6210=AXIS2_PLACEMENT_3D('',#6180,#6190,#6200);
#6220=PLANE('',#6210);
#6230=ORIENTED_EDGE('',*,*,#4750,.T.);
#6240=CARTESIAN_POINT('',(-3.519294,-0.199646,17.2));
#6250=DIRECTION('',(1.,0.,0.));
#6260=VECTOR('',#6250,1.);
#6270=LINE('',#6240,#6260);
#6280=CARTESIAN_POINT('',(-3.359647,-0.199646,17.2));
#6290=VERTEX_POINT('',#6280);
#6300=EDGE_CURVE('',#6290,#4680,#6270,.T.);
#6310=ORIENTED_EDGE('',*,*,#6300,.T.);
#6320=CARTESIAN_POINT('',(-3.359647,0.,17.2665486666667));
#6330=DIRECTION('',(0.,-0.948683298050514,-0.316227766016838));
#6340=VECTOR('',#6330,1.);
#6350=LINE('',#6320,#6340);
#6360=CARTESIAN_POINT('',(-3.359647,0.100354,17.3));
#6370=VERTEX_POINT('',#6360);
#6380=EDGE_CURVE('',#6370,#6290,#6350,.T.);
#6390=ORIENTED_EDGE('',*,*,#6380,.T.);
#6400=CARTESIAN_POINT('',(-3.519294,0.100354,17.3));
#6410=DIRECTION('',(1.,0.,0.));
#6420=VECTOR('',#6410,1.);
#6430=LINE('',#6400,#6420);
#6440=EDGE_CURVE('',#6370,#4180,#6430,.T.);
#6450=ORIENTED_EDGE('',*,*,#6440,.F.);
#6460=EDGE_LOOP('',(#6450,#6390,#6310,#6230));
#6470=FACE_OUTER_BOUND('',#6460,.T.);
#6480=ADVANCED_FACE('',(#6470),#6220,.T.);
#6490=CARTESIAN_POINT('',(-4.259647,-2.149646,17.3));
#6500=DIRECTION('',(0.,0.,1.));
#6510=DIRECTION('',(0.,-1.,0.));
#6520=AXIS2_PLACEMENT_3D('',#6490,#6500,#6510);
#6530=PLANE('',#6520);
#6540=CARTESIAN_POINT('',(-4.259647,0.,17.3));
#6550=DIRECTION('',(0.,1.,0.));
#6560=VECTOR('',#6550,1.);
#6570=LINE('',#6540,#6560);
#6580=CARTESIAN_POINT('',(-4.259647,-2.149646,17.3));
#6590=VERTEX_POINT('',#6580);
#6600=EDGE_CURVE('',#6590,#3250,#6570,.T.);
#6610=ORIENTED_EDGE('',*,*,#6600,.T.);
#6620=CARTESIAN_POINT('',(-4.259647,-2.149646,17.3));
#6630=DIRECTION('',(1.,0.,0.));
#6640=VECTOR('',#6630,1.);
#6650=LINE('',#6620,#6640);
#6660=EDGE_CURVE('',#6590,#1800,#6650,.T.);
#6670=ORIENTED_EDGE('',*,*,#6660,.F.);
#6680=ORIENTED_EDGE('',*,*,#2200,.T.);
#6690=ORIENTED_EDGE('',*,*,#3960,.F.);
#6700=CARTESIAN_POINT('',(-3.359647,0.,17.3));
#6710=DIRECTION('',(0.,1.,0.));
#6720=VECTOR('',#6710,1.);
#6730=LINE('',#6700,#6720);
#6740=EDGE_CURVE('',#3890,#3330,#6730,.T.);
#6750=ORIENTED_EDGE('',*,*,#6740,.F.);
#6760=ORIENTED_EDGE('',*,*,#3340,.T.);
#6770=EDGE_LOOP('',(#6760,#6750,#6690,#6680,#6670,#6610));
#6780=FACE_OUTER_BOUND('',#6770,.T.);
#6790=ADVANCED_FACE('',(#6780),#6530,.F.);
#6800=CARTESIAN_POINT('',(-3.359647,-0.199646,18.));
#6810=DIRECTION('',(-1.,0.,0.));
#6820=DIRECTION('',(0.,-1.,0.));
#6830=AXIS2_PLACEMENT_3D('',#6800,#6810,#6820);
#6840=PLANE('',#6830);
#6850=ORIENTED_EDGE('',*,*,#3900,.T.);
#6860=CARTESIAN_POINT('',(-3.359647,0.,18.7));
#6870=DIRECTION('',(0.,1.,0.));
#6880=VECTOR('',#6870,1.);
#6890=LINE('',#6860,#6880);
#6900=EDGE_CURVE('',#3810,#3170,#6890,.T.);
#6910=ORIENTED_EDGE('',*,*,#6900,.F.);
#6920=ORIENTED_EDGE('',*,*,#3400,.T.);
#6930=ORIENTED_EDGE('',*,*,#6740,.T.);
#6940=EDGE_LOOP('',(#6930,#6920,#6910,#6850));
#6950=FACE_OUTER_BOUND('',#6940,.T.);
#6960=ADVANCED_FACE('',(#6950),#6840,.F.);
#6970=CARTESIAN_POINT('',(-3.519294,0.,17.3));
#6980=DIRECTION('',(0.,0.,-1.));
#6990=DIRECTION('',(-1.,0.,0.));
#7000=AXIS2_PLACEMENT_3D('',#6970,#6980,#6990);
#7010=PLANE('',#7000);
#7020=CARTESIAN_POINT('',(-3.359647,0.,17.3));
#7030=DIRECTION('',(0.,-1.,0.));
#7040=VECTOR('',#7030,1.);
#7050=LINE('',#7020,#7040);
#7060=CARTESIAN_POINT('',(-3.359647,0.700354,17.3));
#7070=VERTEX_POINT('',#7060);
#7080=EDGE_CURVE('',#7070,#6370,#7050,.T.);
#7090=ORIENTED_EDGE('',*,*,#7080,.T.);
#7100=CARTESIAN_POINT('',(-3.359647,0.700354,17.3));
#7110=DIRECTION('',(0.0371835703043849,0.999308451930343,0.));
#7120=VECTOR('',#7110,1.);
#7130=LINE('',#7100,#7120);
#7140=CARTESIAN_POINT('',(-3.279647,2.850354,17.3));
#7150=VERTEX_POINT('',#7140);
#7160=EDGE_CURVE('',#7070,#7150,#7130,.T.);
#7170=ORIENTED_EDGE('',*,*,#7160,.F.);
#7180=CARTESIAN_POINT('',(-4.770781,2.850354,17.3));
#7190=DIRECTION('',(-1.,0.,0.));
#7200=VECTOR('',#7190,1.);
#7210=LINE('',#7180,#7200);
#7220=EDGE_CURVE('',#4200,#7150,#7210,.T.);
#7230=ORIENTED_EDGE('',*,*,#7220,.T.);
#7240=ORIENTED_EDGE('',*,*,#4210,.T.);
#7250=ORIENTED_EDGE('',*,*,#6440,.T.);
#7260=EDGE_LOOP('',(#7250,#7240,#7230,#7170,#7090));
#7270=FACE_OUTER_BOUND('',#7260,.T.);
#7280=ADVANCED_FACE('',(#7270),#7010,.F.);
#7290=CARTESIAN_POINT('',(-3.279647,2.850354,18.));
#7300=DIRECTION('',(-0.999308451930343,0.0371835703043849,0.));
#7310=DIRECTION('',(-0.0371835703043849,-0.999308451930343,0.));
#7320=AXIS2_PLACEMENT_3D('',#7290,#7300,#7310);
#7330=PLANE('',#7320);
#7340=CARTESIAN_POINT('',(-3.359647,0.700354,18.7));
#7350=DIRECTION('',(0.0371835703043849,0.999308451930343,0.));
#7360=VECTOR('',#7350,1.);
#7370=LINE('',#7340,#7360);
#7380=CARTESIAN_POINT('',(-3.359647,0.700354,18.7));
#7390=VERTEX_POINT('',#7380);
#7400=CARTESIAN_POINT('',(-3.279647,2.850354,18.7));
#7410=VERTEX_POINT('',#7400);
#7420=EDGE_CURVE('',#7390,#7410,#7370,.T.);
#7430=ORIENTED_EDGE('',*,*,#7420,.F.);
#7440=CARTESIAN_POINT('',(-3.279647,2.850354,0.));
#7450=DIRECTION('',(0.,0.,-1.));
#7460=VECTOR('',#7450,1.);
#7470=LINE('',#7440,#7460);
#7480=EDGE_CURVE('',#7410,#7150,#7470,.T.);
#7490=ORIENTED_EDGE('',*,*,#7480,.F.);
#7500=ORIENTED_EDGE('',*,*,#7160,.T.);
#7510=CARTESIAN_POINT('',(-3.359647,0.700354,18.));
#7520=DIRECTION('',(0.,0.,-1.));
#7530=VECTOR('',#7520,1.);
#7540=LINE('',#7510,#7530);
#7550=EDGE_CURVE('',#7390,#7070,#7540,.T.);
#7560=ORIENTED_EDGE('',*,*,#7550,.T.);
#7570=EDGE_LOOP('',(#7560,#7500,#7490,#7430));
#7580=FACE_OUTER_BOUND('',#7570,.T.);
#7590=ADVANCED_FACE('',(#7580),#7330,.F.);
#7600=CARTESIAN_POINT('',(-3.559647,-3.949646,17.2));
#7610=DIRECTION('',(0.,0.,-1.));
#7620=DIRECTION('',(0.,-1.,0.));
#7630=AXIS2_PLACEMENT_3D('',#7600,#7610,#7620);
#7640=PLANE('',#7630);
#7650=CARTESIAN_POINT('',(-3.859647,-2.149646,17.2));
#7660=DIRECTION('',(0.,1.,0.));
#7670=VECTOR('',#7660,1.);
#7680=LINE('',#7650,#7670);
#7690=CARTESIAN_POINT('',(-3.859647,-1.699646,17.2));
#7700=VERTEX_POINT('',#7690);
#7710=EDGE_CURVE('',#1820,#7700,#7680,.T.);
#7720=ORIENTED_EDGE('',*,*,#7710,.F.);
#7730=CARTESIAN_POINT('',(-3.859647,-1.699646,17.2));
#7740=DIRECTION('',(0.529998940003179,0.847998304005088,0.));
#7750=VECTOR('',#7740,1.);
#7760=LINE('',#7730,#7750);
#7770=CARTESIAN_POINT('',(-3.359647,-0.899645999999998,17.2));
#7780=VERTEX_POINT('',#7770);
#7790=EDGE_CURVE('',#7700,#7780,#7760,.T.);
#7800=ORIENTED_EDGE('',*,*,#7790,.F.);
#7810=CARTESIAN_POINT('',(-3.359647,0.,17.2));
#7820=DIRECTION('',(0.,-1.,0.));
#7830=VECTOR('',#7820,1.);
#7840=LINE('',#7810,#7830);
#7850=EDGE_CURVE('',#6290,#7780,#7840,.T.);
#7860=ORIENTED_EDGE('',*,*,#7850,.T.);
#7870=ORIENTED_EDGE('',*,*,#6300,.F.);
#7880=ORIENTED_EDGE('',*,*,#4690,.T.);
#7890=CARTESIAN_POINT('',(-3.519294,-3.949646,17.2));
#7900=DIRECTION('',(1.,0.,0.));
#7910=VECTOR('',#7900,1.);
#7920=LINE('',#7890,#7910);
#7930=EDGE_CURVE('',#1900,#4600,#7920,.T.);
#7940=ORIENTED_EDGE('',*,*,#7930,.T.);
#7950=ORIENTED_EDGE('',*,*,#1910,.F.);
#7960=EDGE_LOOP('',(#7950,#7940,#7880,#7870,#7860,#7800,#7720));
#7970=FACE_OUTER_BOUND('',#7960,.T.);
#7980=ADVANCED_FACE('',(#7970),#7640,.F.);
#7990=CARTESIAN_POINT('',(-4.259647,-2.149646,17.));
#8000=DIRECTION('',(0.,1.,0.));
#8010=DIRECTION('',(0.,0.,1.));
#8020=AXIS2_PLACEMENT_3D('',#7990,#8000,#8010);
#8030=PLANE('',#8020);
#8040=CARTESIAN_POINT('',(-3.859647,-2.149646,0.));
#8050=DIRECTION('',(0.,0.,1.));
#8060=VECTOR('',#8050,1.);
#8070=LINE('',#8040,#8060);
#8080=EDGE_CURVE('',#6060,#1820,#8070,.T.);
#8090=ORIENTED_EDGE('',*,*,#8080,.F.);
#8100=ORIENTED_EDGE('',*,*,#1830,.T.);
#8110=ORIENTED_EDGE('',*,*,#6660,.T.);
#8120=CARTESIAN_POINT('',(-4.259647,-2.149646,16.));
#8130=DIRECTION('',(0.,0.,-1.));
#8140=VECTOR('',#8130,1.);
#8150=LINE('',#8120,#8140);
#8160=CARTESIAN_POINT('',(-4.259647,-2.149646,16.7));
#8170=VERTEX_POINT('',#8160);
#8180=EDGE_CURVE('',#6590,#8170,#8150,.T.);
#8190=ORIENTED_EDGE('',*,*,#8180,.F.);
#8200=CARTESIAN_POINT('',(-4.259647,-2.149646,16.7));
#8210=DIRECTION('',(1.,0.,0.));
#8220=VECTOR('',#8210,1.);
#8230=LINE('',#8200,#8220);
#8240=EDGE_CURVE('',#8170,#5660,#8230,.T.);
#8250=ORIENTED_EDGE('',*,*,#8240,.F.);
#8260=ORIENTED_EDGE('',*,*,#6130,.F.);
#8270=EDGE_LOOP('',(#8260,#8250,#8190,#8110,#8100,#8090));
#8280=FACE_OUTER_BOUND('',#8270,.T.);
#8290=ADVANCED_FACE('',(#8280),#8030,.T.);
#8300=CARTESIAN_POINT('',(-3.359647,-0.899646,12.75));
#8310=DIRECTION('',(0.847998304005088,-0.52999894000318,0.));
#8320=DIRECTION('',(0.52999894000318,0.847998304005088,0.));
#8330=AXIS2_PLACEMENT_3D('',#8300,#8310,#8320);
#8340=PLANE('',#8330);
#8350=CARTESIAN_POINT('',(-3.359647,-0.899646,12.75));
#8360=DIRECTION('',(-0.52999894000318,-0.847998304005088,0.));
#8370=VECTOR('',#8360,1.);
#8380=LINE('',#8350,#8370);
#8390=CARTESIAN_POINT('',(-3.359647,-0.899646,12.75));
#8400=VERTEX_POINT('',#8390);
#8410=CARTESIAN_POINT('',(-3.859647,-1.699646,12.75));
#8420=VERTEX_POINT('',#8410);
#8430=EDGE_CURVE('',#8400,#8420,#8380,.T.);
#8440=ORIENTED_EDGE('',*,*,#8430,.T.);
#8450=CARTESIAN_POINT('',(-3.359647,-0.899646,32.));
#8460=DIRECTION('',(0.,0.,-1.));
#8470=VECTOR('',#8460,1.);
#8480=LINE('',#8450,#8470);
#8490=CARTESIAN_POINT('',(-3.359647,-0.899646,13.2));
#8500=VERTEX_POINT('',#8490);
#8510=EDGE_CURVE('',#8500,#8400,#8480,.T.);
#8520=ORIENTED_EDGE('',*,*,#8510,.T.);
#8530=CARTESIAN_POINT('',(-2.79736825,-5.6461209821813E-16,13.2));
#8540=DIRECTION('',(-0.52999894000318,-0.847998304005088,0.));
#8550=VECTOR('',#8540,1.);
#8560=LINE('',#8530,#8550);
#8570=CARTESIAN_POINT('',(-3.859647,-1.699646,13.2));
#8580=VERTEX_POINT('',#8570);
#8590=EDGE_CURVE('',#8500,#8580,#8560,.T.);
#8600=ORIENTED_EDGE('',*,*,#8590,.F.);
#8610=CARTESIAN_POINT('',(-3.859647,-1.699646,12.75));
#8620=DIRECTION('',(0.,0.,1.));
#8630=VECTOR('',#8620,1.);
#8640=LINE('',#8610,#8630);
#8650=EDGE_CURVE('',#8420,#8580,#8640,.T.);
#8660=ORIENTED_EDGE('',*,*,#8650,.T.);
#8670=EDGE_LOOP('',(#8660,#8600,#8520,#8440));
#8680=FACE_OUTER_BOUND('',#8670,.T.);
#8690=ADVANCED_FACE('',(#8680),#8340,.F.);
#8700=CARTESIAN_POINT('',(-3.359647,0.700353999999999,13.));
#8710=DIRECTION('',(-1.,-1.22460635382238E-16,0.));
#8720=DIRECTION('',(1.22460635382238E-16,-1.,0.));
#8730=AXIS2_PLACEMENT_3D('',#8700,#8710,#8720);
#8740=PLANE('',#8730);
#8750=CARTESIAN_POINT('',(-3.359647,-6.3346911120506E-16,13.3));
#8760=DIRECTION('',(1.22460635382238E-16,-1.,0.));
#8770=VECTOR('',#8760,1.);
#8780=LINE('',#8750,#8770);
#8790=CARTESIAN_POINT('',(-3.359647,0.100353999999999,13.3));
#8800=VERTEX_POINT('',#8790);
#8810=EDGE_CURVE('',#1170,#8800,#8780,.T.);
#8820=ORIENTED_EDGE('',*,*,#8810,.F.);
#8830=CARTESIAN_POINT('',(-3.359647,-6.3346911120506E-16,
13.2665486666667));
#8840=DIRECTION('',(1.16176359455783E-16,-0.948683298050514,
-0.316227766016838));
#8850=VECTOR('',#8840,1.);
#8860=LINE('',#8830,#8850);
#8870=CARTESIAN_POINT('',(-3.359647,-0.199646000000001,13.2));
#8880=VERTEX_POINT('',#8870);
#8890=EDGE_CURVE('',#8800,#8880,#8860,.T.);
#8900=ORIENTED_EDGE('',*,*,#8890,.F.);
#8910=CARTESIAN_POINT('',(-3.359647,-6.3346911120506E-16,13.2));
#8920=DIRECTION('',(1.22460635382238E-16,-1.,0.));
#8930=VECTOR('',#8920,1.);
#8940=LINE('',#8910,#8930);
#8950=EDGE_CURVE('',#8880,#8500,#8940,.T.);
#8960=ORIENTED_EDGE('',*,*,#8950,.F.);
#8970=ORIENTED_EDGE('',*,*,#8510,.F.);
#8980=CARTESIAN_POINT('',(-3.359647,-6.3346911120506E-16,12.75));
#8990=DIRECTION('',(-1.22460635382238E-16,1.,0.));
#9000=VECTOR('',#8990,1.);
#9010=LINE('',#8980,#9000);
#9020=CARTESIAN_POINT('',(-3.359647,0.700353999999999,12.75));
#9030=VERTEX_POINT('',#9020);
#9040=EDGE_CURVE('',#8400,#9030,#9010,.T.);
#9050=ORIENTED_EDGE('',*,*,#9040,.F.);
#9060=CARTESIAN_POINT('',(-3.359647,0.700353999999999,13.));
#9070=DIRECTION('',(0.,0.,-1.));
#9080=VECTOR('',#9070,1.);
#9090=LINE('',#9060,#9080);
#9100=EDGE_CURVE('',#1170,#9030,#9090,.T.);
#9110=ORIENTED_EDGE('',*,*,#9100,.T.);
#9120=EDGE_LOOP('',(#9110,#9050,#8970,#8960,#8900,#8820));
#9130=FACE_OUTER_BOUND('',#9120,.T.);
#9140=ADVANCED_FACE('',(#9130),#8740,.T.);
#9150=CARTESIAN_POINT('',(-3.859647,-1.699646,12.75));
#9160=DIRECTION('',(1.,1.22460635382238E-16,0.));
#9170=DIRECTION('',(-1.22460635382238E-16,1.,0.));
#9180=AXIS2_PLACEMENT_3D('',#9150,#9160,#9170);
#9190=PLANE('',#9180);
#9200=CARTESIAN_POINT('',(-3.859647,-1.699646,12.75));
#9210=DIRECTION('',(1.22460635382238E-16,-1.,0.));
#9220=VECTOR('',#9210,1.);
#9230=LINE('',#9200,#9220);
#9240=CARTESIAN_POINT('',(-3.859647,-2.149646,12.75));
#9250=VERTEX_POINT('',#9240);
#9260=EDGE_CURVE('',#8420,#9250,#9230,.T.);
#9270=ORIENTED_EDGE('',*,*,#9260,.T.);
#9280=ORIENTED_EDGE('',*,*,#8650,.F.);
#9290=CARTESIAN_POINT('',(-3.859647,-6.94699428896179E-16,13.2));
#9300=DIRECTION('',(1.22460635382238E-16,-1.,0.));
#9310=VECTOR('',#9300,1.);
#9320=LINE('',#9290,#9310);
#9330=CARTESIAN_POINT('',(-3.859647,-2.149646,13.2));
#9340=VERTEX_POINT('',#9330);
#9350=EDGE_CURVE('',#8580,#9340,#9320,.T.);
#9360=ORIENTED_EDGE('',*,*,#9350,.F.);
#9370=CARTESIAN_POINT('',(-3.859647,-2.149646,32.));
#9380=DIRECTION('',(0.,0.,1.));
#9390=VECTOR('',#9380,1.);
#9400=LINE('',#9370,#9390);
#9410=EDGE_CURVE('',#9250,#9340,#9400,.T.);
#9420=ORIENTED_EDGE('',*,*,#9410,.T.);
#9430=EDGE_LOOP('',(#9420,#9360,#9280,#9270));
#9440=FACE_OUTER_BOUND('',#9430,.T.);
#9450=ADVANCED_FACE('',(#9440),#9190,.F.);
#9460=CARTESIAN_POINT('',(0.0403529999999999,-3.549646,18.2));
#9470=DIRECTION('',(0.,0.447213595499959,-0.894427190999916));
#9480=DIRECTION('',(0.,0.894427190999916,0.447213595499959));
#9490=AXIS2_PLACEMENT_3D('',#9460,#9470,#9480);
#9500=PLANE('',#9490);
#9510=CARTESIAN_POINT('',(0.,-3.549646,18.2));
#9520=DIRECTION('',(-1.,0.,0.));
#9530=VECTOR('',#9520,1.);
#9540=LINE('',#9510,#9530);
#9550=CARTESIAN_POINT('',(0.340353,-3.549646,18.2));
#9560=VERTEX_POINT('',#9550);
#9570=CARTESIAN_POINT('',(0.0403529999999996,-3.549646,18.2));
#9580=VERTEX_POINT('',#9570);
#9590=EDGE_CURVE('',#9560,#9580,#9540,.T.);
#9600=ORIENTED_EDGE('',*,*,#9590,.T.);
#9610=CARTESIAN_POINT('',(0.340353,0.,19.974823));
#9620=DIRECTION('',(0.,0.894427190999916,0.447213595499959));
#9630=VECTOR('',#9620,1.);
#9640=LINE('',#9610,#9630);
#9650=CARTESIAN_POINT('',(0.340353,-3.949646,18.));
#9660=VERTEX_POINT('',#9650);
#9670=EDGE_CURVE('',#9660,#9560,#9640,.T.);
#9680=ORIENTED_EDGE('',*,*,#9670,.T.);
#9690=CARTESIAN_POINT('',(-2.6218815,0.,19.974823));
#9700=DIRECTION('',(-0.557086014531156,0.742781352708207,
0.371390676354104));
#9710=VECTOR('',#9700,1.);
#9720=LINE('',#9690,#9710);
#9730=EDGE_CURVE('',#9660,#9580,#9720,.T.);
#9740=ORIENTED_EDGE('',*,*,#9730,.F.);
#9750=EDGE_LOOP('',(#9740,#9680,#9600));
#9760=FACE_OUTER_BOUND('',#9750,.T.);
#9770=ADVANCED_FACE('',(#9760),#9500,.F.);
#9780=CARTESIAN_POINT('',(-3.359647,-0.899645999999998,17.2));
#9790=DIRECTION('',(-0.847998304005088,0.529998940003179,0.));
#9800=DIRECTION('',(0.529998940003179,0.847998304005088,0.));
#9810=AXIS2_PLACEMENT_3D('',#9780,#9790,#9800);
#9820=PLANE('',#9810);
#9830=CARTESIAN_POINT('',(-3.859647,-1.699646,17.2));
#9840=DIRECTION('',(0.,0.,-1.));
#9850=VECTOR('',#9840,1.);
#9860=LINE('',#9830,#9850);
#9870=CARTESIAN_POINT('',(-3.859647,-1.699646,16.8));
#9880=VERTEX_POINT('',#9870);
#9890=EDGE_CURVE('',#7700,#9880,#9860,.T.);
#9900=ORIENTED_EDGE('',*,*,#9890,.F.);
#9910=CARTESIAN_POINT('',(-2.79736825,0.,16.8));
#9920=DIRECTION('',(-0.529998940003179,-0.847998304005088,0.));
#9930=VECTOR('',#9920,1.);
#9940=LINE('',#9910,#9930);
#9950=CARTESIAN_POINT('',(-3.359647,-0.899645999999998,16.8));
#9960=VERTEX_POINT('',#9950);
#9970=EDGE_CURVE('',#9960,#9880,#9940,.T.);
#9980=ORIENTED_EDGE('',*,*,#9970,.T.);
#9990=CARTESIAN_POINT('',(-3.359647,-0.899645999999998,0.));
#10000=DIRECTION('',(0.,0.,1.));
#10010=VECTOR('',#10000,1.);
#10020=LINE('',#9990,#10010);
#10030=EDGE_CURVE('',#9960,#7780,#10020,.T.);
#10040=ORIENTED_EDGE('',*,*,#10030,.F.);
#10050=ORIENTED_EDGE('',*,*,#7790,.T.);
#10060=EDGE_LOOP('',(#10050,#10040,#9980,#9900));
#10070=FACE_OUTER_BOUND('',#10060,.T.);
#10080=ADVANCED_FACE('',(#10070),#9820,.T.);
#10090=CARTESIAN_POINT('',(-3.859647,-1.699646,17.2));
#10100=DIRECTION('',(-1.,0.,0.));
#10110=DIRECTION('',(0.,1.,0.));
#10120=AXIS2_PLACEMENT_3D('',#10090,#10100,#10110);
#10130=PLANE('',#10120);
#10140=ORIENTED_EDGE('',*,*,#8080,.T.);
#10150=CARTESIAN_POINT('',(-3.859647,0.,16.8));
#10160=DIRECTION('',(0.,-1.,0.));
#10170=VECTOR('',#10160,1.);
#10180=LINE('',#10150,#10170);
#10190=EDGE_CURVE('',#9880,#6060,#10180,.T.);
#10200=ORIENTED_EDGE('',*,*,#10190,.T.);
#10210=ORIENTED_EDGE('',*,*,#9890,.T.);
#10220=ORIENTED_EDGE('',*,*,#7710,.T.);
#10230=EDGE_LOOP('',(#10220,#10210,#10200,#10140));
#10240=FACE_OUTER_BOUND('',#10230,.T.);
#10250=ADVANCED_FACE('',(#10240),#10130,.T.);
#10260=CARTESIAN_POINT('',(0.340353,-1.74548523510262,18.525020716276));
#10270=DIRECTION('',(-1.,0.,0.));
#10280=DIRECTION('',(0.,-1.,0.));
#10290=AXIS2_PLACEMENT_3D('',#10260,#10270,#10280);
#10300=PLANE('',#10290);
#10310=CARTESIAN_POINT('',(0.340353,-2.149646,18.));
#10320=DIRECTION('',(0.,0.,1.));
#10330=VECTOR('',#10320,1.);
#10340=LINE('',#10310,#10330);
#10350=CARTESIAN_POINT('',(0.340353,-2.149646,18.7));
#10360=VERTEX_POINT('',#10350);
#10370=CARTESIAN_POINT('',(0.340353,-2.149646,18.8));
#10380=VERTEX_POINT('',#10370);
#10390=EDGE_CURVE('',#10360,#10380,#10340,.T.);
#10400=ORIENTED_EDGE('',*,*,#10390,.F.);
#10410=CARTESIAN_POINT('',(0.340353,0.,18.8));
#10420=DIRECTION('',(0.,1.,0.));
#10430=VECTOR('',#10420,1.);
#10440=LINE('',#10410,#10430);
#10450=CARTESIAN_POINT('',(0.340353,-3.949646,18.8));
#10460=VERTEX_POINT('',#10450);
#10470=EDGE_CURVE('',#10460,#10380,#10440,.T.);
#10480=ORIENTED_EDGE('',*,*,#10470,.T.);
#10490=CARTESIAN_POINT('',(0.340353,-3.949646,18.));
#10500=DIRECTION('',(0.,0.,-1.));
#10510=VECTOR('',#10500,1.);
#10520=LINE('',#10490,#10510);
#10530=EDGE_CURVE('',#10460,#9660,#10520,.T.);
#10540=ORIENTED_EDGE('',*,*,#10530,.F.);
#10550=ORIENTED_EDGE('',*,*,#9670,.F.);
#10560=CARTESIAN_POINT('',(0.340353,0.,18.2));
#10570=DIRECTION('',(0.,-1.,0.));
#10580=VECTOR('',#10570,1.);
#10590=LINE('',#10560,#10580);
#10600=CARTESIAN_POINT('',(0.340353,-1.699646,18.2));
#10610=VERTEX_POINT('',#10600);
#10620=EDGE_CURVE('',#10610,#9560,#10590,.T.);
#10630=ORIENTED_EDGE('',*,*,#10620,.T.);
#10640=CARTESIAN_POINT('',(0.340353,-1.699646,18.));
#10650=DIRECTION('',(0.,0.,1.));
#10660=VECTOR('',#10650,1.);
#10670=LINE('',#10640,#10660);
#10680=CARTESIAN_POINT('',(0.340353,-1.699646,18.7));
#10690=VERTEX_POINT('',#10680);
#10700=EDGE_CURVE('',#10610,#10690,#10670,.T.);
#10710=ORIENTED_EDGE('',*,*,#10700,.F.);
#10720=CARTESIAN_POINT('',(0.340353,0.,18.7));
#10730=DIRECTION('',(0.,-1.,0.));
#10740=VECTOR('',#10730,1.);
#10750=LINE('',#10720,#10740);
#10760=EDGE_CURVE('',#10690,#10360,#10750,.T.);
#10770=ORIENTED_EDGE('',*,*,#10760,.F.);
#10780=EDGE_LOOP('',(#10770,#10710,#10630,#10550,#10540,#10480,#10400));
#10790=FACE_OUTER_BOUND('',#10780,.T.);
#10800=ADVANCED_FACE('',(#10790),#10300,.T.);
#10810=CARTESIAN_POINT('',(-2.32813632006054,3.350354,22.727867619201));
#10820=DIRECTION('',(-3.67381906146713E-16,1.,0.));
#10830=DIRECTION('',(-1.,-3.67381906146713E-16,0.));
#10840=AXIS2_PLACEMENT_3D('',#10810,#10820,#10830);
#10850=PLANE('',#10840);
#10860=CARTESIAN_POINT('',(0.,3.350354,19.25));
#10870=DIRECTION('',(1.,1.22460635382238E-16,0.));
#10880=VECTOR('',#10870,1.);
#10890=LINE('',#10860,#10880);
#10900=CARTESIAN_POINT('',(0.290353,3.350354,19.25));
#10910=VERTEX_POINT('',#10900);
#10920=EDGE_CURVE('',#2770,#10910,#10890,.T.);
#10930=ORIENTED_EDGE('',*,*,#10920,.T.);
#10940=ORIENTED_EDGE('',*,*,#3000,.T.);
#10950=CARTESIAN_POINT('',(-6.32331084520453E-16,3.350354,12.75));
#10960=DIRECTION('',(1.,2.44921270764475E-16,0.));
#10970=VECTOR('',#10960,1.);
#10980=LINE('',#10950,#10970);
#10990=CARTESIAN_POINT('',(0.290352999999999,3.350354,12.75));
#11000=VERTEX_POINT('',#10990);
#11010=EDGE_CURVE('',#2930,#11000,#10980,.T.);
#11020=ORIENTED_EDGE('',*,*,#11010,.F.);
#11030=CARTESIAN_POINT('',(0.290352999999997,3.350354,10.));
#11040=DIRECTION('',(0.,0.,-1.));
#11050=VECTOR('',#11040,1.);
#11060=LINE('',#11030,#11050);
#11070=EDGE_CURVE('',#10910,#11000,#11060,.T.);
#11080=ORIENTED_EDGE('',*,*,#11070,.T.);
#11090=EDGE_LOOP('',(#11080,#11020,#10940,#10930));
#11100=FACE_OUTER_BOUND('',#11090,.T.);
#11110=CARTESIAN_POINT('',(-3.059647,3.350354,18.));
#11120=DIRECTION('',(0.,0.,1.));
#11130=VECTOR('',#11120,1.);
#11140=LINE('',#11110,#11130);
#11150=CARTESIAN_POINT('',(-3.059647,3.350354,18.3));
#11160=VERTEX_POINT('',#11150);
#11170=EDGE_CURVE('',#2530,#11160,#11140,.T.);
#11180=ORIENTED_EDGE('',*,*,#11170,.F.);
#11190=CARTESIAN_POINT('',(-3.519294,3.350354,18.3));
#11200=DIRECTION('',(-1.,-1.22460635382238E-16,0.));
#11210=VECTOR('',#11200,1.);
#11220=LINE('',#11190,#11210);
#11230=CARTESIAN_POINT('',(-2.459647,3.350354,18.3));
#11240=VERTEX_POINT('',#11230);
#11250=EDGE_CURVE('',#11240,#11160,#11220,.T.);
#11260=ORIENTED_EDGE('',*,*,#11250,.T.);
#11270=CARTESIAN_POINT('',(-2.459647,3.350354,18.));
#11280=DIRECTION('',(0.,0.,-1.));
#11290=VECTOR('',#11280,1.);
#11300=LINE('',#11270,#11290);
#11310=EDGE_CURVE('',#11240,#2350,#11300,.T.);
#11320=ORIENTED_EDGE('',*,*,#11310,.F.);
#11330=ORIENTED_EDGE('',*,*,#2600,.F.);
#11340=EDGE_LOOP('',(#11330,#11320,#11260,#11180));
#11350=FACE_BOUND('',#11340,.T.);
#11360=CARTESIAN_POINT('',(0.,3.350354,17.7));
#11370=DIRECTION('',(1.,1.22460635382238E-16,0.));
#11380=VECTOR('',#11370,1.);
#11390=LINE('',#11360,#11380);
#11400=CARTESIAN_POINT('',(-1.059647,3.350354,17.7));
#11410=VERTEX_POINT('',#11400);
#11420=CARTESIAN_POINT('',(-0.459647,3.350354,17.7));
#11430=VERTEX_POINT('',#11420);
#11440=EDGE_CURVE('',#11410,#11430,#11390,.T.);
#11450=ORIENTED_EDGE('',*,*,#11440,.T.);
#11460=CARTESIAN_POINT('',(-1.059647,3.350354,18.));
#11470=DIRECTION('',(0.,0.,-1.));
#11480=VECTOR('',#11470,1.);
#11490=LINE('',#11460,#11480);
#11500=CARTESIAN_POINT('',(-1.059647,3.350354,18.3));
#11510=VERTEX_POINT('',#11500);
#11520=EDGE_CURVE('',#11510,#11410,#11490,.T.);
#11530=ORIENTED_EDGE('',*,*,#11520,.T.);
#11540=CARTESIAN_POINT('',(0.,3.350354,18.3));
#11550=DIRECTION('',(1.,1.22460635382238E-16,0.));
#11560=VECTOR('',#11550,1.);
#11570=LINE('',#11540,#11560);
#11580=CARTESIAN_POINT('',(-0.459647000000001,3.350354,18.3));
#11590=VERTEX_POINT('',#11580);
#11600=EDGE_CURVE('',#11510,#11590,#11570,.T.);
#11610=ORIENTED_EDGE('',*,*,#11600,.F.);
#11620=CARTESIAN_POINT('',(-0.459647,3.350354,18.));
#11630=DIRECTION('',(0.,0.,1.));
#11640=VECTOR('',#11630,1.);
#11650=LINE('',#11620,#11640);
#11660=EDGE_CURVE('',#11430,#11590,#11650,.T.);
#11670=ORIENTED_EDGE('',*,*,#11660,.T.);
#11680=EDGE_LOOP('',(#11670,#11610,#11530,#11450));
#11690=FACE_BOUND('',#11680,.T.);
#11700=CARTESIAN_POINT('',(-3.519294,3.350354,14.3));
#11710=DIRECTION('',(-1.,-2.44921270764475E-16,0.));
#11720=VECTOR('',#11710,1.);
#11730=LINE('',#11700,#11720);
#11740=CARTESIAN_POINT('',(-2.459647,3.350354,14.3));
#11750=VERTEX_POINT('',#11740);
#11760=CARTESIAN_POINT('',(-3.059647,3.350354,14.3));
#11770=VERTEX_POINT('',#11760);
#11780=EDGE_CURVE('',#11750,#11770,#11730,.T.);
#11790=ORIENTED_EDGE('',*,*,#11780,.T.);
#11800=CARTESIAN_POINT('',(-2.459647,3.350354,14.));
#11810=DIRECTION('',(0.,0.,1.));
#11820=VECTOR('',#11810,1.);
#11830=LINE('',#11800,#11820);
#11840=CARTESIAN_POINT('',(-2.459647,3.350354,13.7));
#11850=VERTEX_POINT('',#11840);
#11860=EDGE_CURVE('',#11850,#11750,#11830,.T.);
#11870=ORIENTED_EDGE('',*,*,#11860,.T.);
#11880=CARTESIAN_POINT('',(-3.519294,3.350354,13.7));
#11890=DIRECTION('',(-1.,-2.44921270764475E-16,0.));
#11900=VECTOR('',#11890,1.);
#11910=LINE('',#11880,#11900);
#11920=CARTESIAN_POINT('',(-3.059647,3.350354,13.7));
#11930=VERTEX_POINT('',#11920);
#11940=EDGE_CURVE('',#11850,#11930,#11910,.T.);
#11950=ORIENTED_EDGE('',*,*,#11940,.F.);
#11960=CARTESIAN_POINT('',(-3.059647,3.350354,14.));
#11970=DIRECTION('',(0.,0.,-1.));
#11980=VECTOR('',#11970,1.);
#11990=LINE('',#11960,#11980);
#12000=EDGE_CURVE('',#11770,#11930,#11990,.T.);
#12010=ORIENTED_EDGE('',*,*,#12000,.T.);
#12020=EDGE_LOOP('',(#12010,#11950,#11870,#11790));
#12030=FACE_BOUND('',#12020,.T.);
#12040=CARTESIAN_POINT('',(-0.459647000000001,3.350354,14.));
#12050=DIRECTION('',(0.,0.,-1.));
#12060=VECTOR('',#12050,1.);
#12070=LINE('',#12040,#12060);
#12080=CARTESIAN_POINT('',(-0.459647000000001,3.350354,14.3));
#12090=VERTEX_POINT('',#12080);
#12100=CARTESIAN_POINT('',(-0.459647000000001,3.350354,13.7));
#12110=VERTEX_POINT('',#12100);
#12120=EDGE_CURVE('',#12090,#12110,#12070,.T.);
#12130=ORIENTED_EDGE('',*,*,#12120,.F.);
#12140=CARTESIAN_POINT('',(-6.32331084520453E-16,3.350354,13.7));
#12150=DIRECTION('',(1.,2.44921270764475E-16,0.));
#12160=VECTOR('',#12150,1.);
#12170=LINE('',#12140,#12160);
#12180=CARTESIAN_POINT('',(-1.059647,3.350354,13.7));
#12190=VERTEX_POINT('',#12180);
#12200=EDGE_CURVE('',#12190,#12110,#12170,.T.);
#12210=ORIENTED_EDGE('',*,*,#12200,.T.);
#12220=CARTESIAN_POINT('',(-1.059647,3.350354,14.));
#12230=DIRECTION('',(0.,0.,1.));
#12240=VECTOR('',#12230,1.);
#12250=LINE('',#12220,#12240);
#12260=CARTESIAN_POINT('',(-1.059647,3.350354,14.3));
#12270=VERTEX_POINT('',#12260);
#12280=EDGE_CURVE('',#12190,#12270,#12250,.T.);
#12290=ORIENTED_EDGE('',*,*,#12280,.F.);
#12300=CARTESIAN_POINT('',(-6.32331084520453E-16,3.350354,14.3));
#12310=DIRECTION('',(1.,2.44921270764475E-16,0.));
#12320=VECTOR('',#12310,1.);
#12330=LINE('',#12300,#12320);
#12340=EDGE_CURVE('',#12270,#12090,#12330,.T.);
#12350=ORIENTED_EDGE('',*,*,#12340,.F.);
#12360=EDGE_LOOP('',(#12350,#12290,#12210,#12130));
#12370=FACE_BOUND('',#12360,.T.);
#12380=CARTESIAN_POINT('',(-3.519294,3.350354,15.7));
#12390=DIRECTION('',(-1.,-2.44921270764475E-16,0.));
#12400=VECTOR('',#12390,1.);
#12410=LINE('',#12380,#12400);
#12420=CARTESIAN_POINT('',(-2.459647,3.350354,15.7));
#12430=VERTEX_POINT('',#12420);
#12440=CARTESIAN_POINT('',(-3.059647,3.350354,15.7));
#12450=VERTEX_POINT('',#12440);
#12460=EDGE_CURVE('',#12430,#12450,#12410,.T.);
#12470=ORIENTED_EDGE('',*,*,#12460,.F.);
#12480=CARTESIAN_POINT('',(-3.059647,3.350354,16.));
#12490=DIRECTION('',(0.,0.,1.));
#12500=VECTOR('',#12490,1.);
#12510=LINE('',#12480,#12500);
#12520=CARTESIAN_POINT('',(-3.059647,3.350354,16.3));
#12530=VERTEX_POINT('',#12520);
#12540=EDGE_CURVE('',#12450,#12530,#12510,.T.);
#12550=ORIENTED_EDGE('',*,*,#12540,.F.);
#12560=CARTESIAN_POINT('',(-3.519294,3.350354,16.3));
#12570=DIRECTION('',(-1.,-1.22460635382238E-16,0.));
#12580=VECTOR('',#12570,1.);
#12590=LINE('',#12560,#12580);
#12600=CARTESIAN_POINT('',(-2.459647,3.350354,16.3));
#12610=VERTEX_POINT('',#12600);
#12620=EDGE_CURVE('',#12610,#12530,#12590,.T.);
#12630=ORIENTED_EDGE('',*,*,#12620,.T.);
#12640=CARTESIAN_POINT('',(-2.459647,3.350354,16.));
#12650=DIRECTION('',(0.,0.,1.));
#12660=VECTOR('',#12650,1.);
#12670=LINE('',#12640,#12660);
#12680=EDGE_CURVE('',#12430,#12610,#12670,.T.);
#12690=ORIENTED_EDGE('',*,*,#12680,.T.);
#12700=EDGE_LOOP('',(#12690,#12630,#12550,#12470));
#12710=FACE_BOUND('',#12700,.T.);
#12720=CARTESIAN_POINT('',(-6.32331084520453E-16,3.350354,15.7));
#12730=DIRECTION('',(1.,2.44921270764475E-16,0.));
#12740=VECTOR('',#12730,1.);
#12750=LINE('',#12720,#12740);
#12760=CARTESIAN_POINT('',(-1.059647,3.350354,15.7));
#12770=VERTEX_POINT('',#12760);
#12780=CARTESIAN_POINT('',(-0.459647000000003,3.350354,15.7));
#12790=VERTEX_POINT('',#12780);
#12800=EDGE_CURVE('',#12770,#12790,#12750,.T.);
#12810=ORIENTED_EDGE('',*,*,#12800,.T.);
#12820=CARTESIAN_POINT('',(-1.059647,3.350354,16.));
#12830=DIRECTION('',(0.,0.,-1.));
#12840=VECTOR('',#12830,1.);
#12850=LINE('',#12820,#12840);
#12860=CARTESIAN_POINT('',(-1.059647,3.350354,16.3));
#12870=VERTEX_POINT('',#12860);
#12880=EDGE_CURVE('',#12870,#12770,#12850,.T.);
#12890=ORIENTED_EDGE('',*,*,#12880,.T.);
#12900=CARTESIAN_POINT('',(0.,3.350354,16.3));
#12910=DIRECTION('',(1.,1.22460635382238E-16,0.));
#12920=VECTOR('',#12910,1.);
#12930=LINE('',#12900,#12920);
#12940=CARTESIAN_POINT('',(-0.459647000000002,3.350354,16.3));
#12950=VERTEX_POINT('',#12940);
#12960=EDGE_CURVE('',#12870,#12950,#12930,.T.);
#12970=ORIENTED_EDGE('',*,*,#12960,.F.);
#12980=CARTESIAN_POINT('',(-0.459647,3.350354,16.));
#12990=DIRECTION('',(0.,0.,-1.));
#13000=VECTOR('',#12990,1.);
#13010=LINE('',#12980,#13000);
#13020=EDGE_CURVE('',#12950,#12790,#13010,.T.);
#13030=ORIENTED_EDGE('',*,*,#13020,.F.);
#13040=EDGE_LOOP('',(#13030,#12970,#12890,#12810));
#13050=FACE_BOUND('',#13040,.T.);
#13060=ADVANCED_FACE('',(#11100,#11350,#11690,#12030,#12370,#12710,
#13050),#10850,.T.);
#13070=CARTESIAN_POINT('',(0.0403529999999999,-1.219646,18.2));
#13080=DIRECTION('',(0.,0.,-1.));
#13090=DIRECTION('',(0.,1.,0.));
#13100=AXIS2_PLACEMENT_3D('',#13070,#13080,#13090);
#13110=PLANE('',#13100);
#13120=CARTESIAN_POINT('',(0.0403529999999999,0.,18.2));
#13130=DIRECTION('',(0.,1.,0.));
#13140=VECTOR('',#13130,1.);
#13150=LINE('',#13120,#13140);
#13160=CARTESIAN_POINT('',(0.0403529999999999,-1.219646,18.2));
#13170=VERTEX_POINT('',#13160);
#13180=EDGE_CURVE('',#9580,#13170,#13150,.T.);
#13190=ORIENTED_EDGE('',*,*,#13180,.F.);
#13200=CARTESIAN_POINT('',(-0.721925750000001,0.,18.2));
#13210=DIRECTION('',(-0.52999894000318,0.847998304005088,0.));
#13220=VECTOR('',#13210,1.);
#13230=LINE('',#13200,#13220);
#13240=EDGE_CURVE('',#10610,#13170,#13230,.T.);
#13250=ORIENTED_EDGE('',*,*,#13240,.T.);
#13260=ORIENTED_EDGE('',*,*,#10620,.F.);
#13270=ORIENTED_EDGE('',*,*,#9590,.F.);
#13280=EDGE_LOOP('',(#13270,#13260,#13250,#13190));
#13290=FACE_OUTER_BOUND('',#13280,.T.);
#13300=ADVANCED_FACE('',(#13290),#13110,.F.);
#13310=CARTESIAN_POINT('',(-1.859647,-2.149646,20.));
#13320=DIRECTION('',(0.,1.,0.));
#13330=DIRECTION('',(0.,0.,-1.));
#13340=AXIS2_PLACEMENT_3D('',#13310,#13320,#13330);
#13350=PLANE('',#13340);
#13360=CARTESIAN_POINT('',(-1.859647,-2.149646,0.));
#13370=DIRECTION('',(0.,0.,1.));
#13380=VECTOR('',#13370,1.);
#13390=LINE('',#13360,#13380);
#13400=CARTESIAN_POINT('',(-1.859647,-2.149646,19.25));
#13410=VERTEX_POINT('',#13400);
#13420=CARTESIAN_POINT('',(-1.859647,-2.149646,20.));
#13430=VERTEX_POINT('',#13420);
#13440=EDGE_CURVE('',#13410,#13430,#13390,.T.);
#13450=ORIENTED_EDGE('',*,*,#13440,.T.);
#13460=CARTESIAN_POINT('',(0.,-2.149646,19.25));
#13470=DIRECTION('',(1.,0.,0.));
#13480=VECTOR('',#13470,1.);
#13490=LINE('',#13460,#13480);
#13500=CARTESIAN_POINT('',(0.340353,-2.149646,19.25));
#13510=VERTEX_POINT('',#13500);
#13520=EDGE_CURVE('',#13410,#13510,#13490,.T.);
#13530=ORIENTED_EDGE('',*,*,#13520,.F.);
#13540=CARTESIAN_POINT('',(0.340353,-2.149646,0.));
#13550=DIRECTION('',(0.,0.,1.));
#13560=VECTOR('',#13550,1.);
#13570=LINE('',#13540,#13560);
#13580=EDGE_CURVE('',#10380,#13510,#13570,.T.);
#13590=ORIENTED_EDGE('',*,*,#13580,.T.);
#13600=ORIENTED_EDGE('',*,*,#10390,.T.);
#13610=CARTESIAN_POINT('',(0.740353,-2.149646,18.7));
#13620=DIRECTION('',(-1.,0.,0.));
#13630=VECTOR('',#13620,1.);
#13640=LINE('',#13610,#13630);
#13650=CARTESIAN_POINT('',(0.740353,-2.149646,18.7));
#13660=VERTEX_POINT('',#13650);
#13670=EDGE_CURVE('',#13660,#10360,#13640,.T.);
#13680=ORIENTED_EDGE('',*,*,#13670,.T.);
#13690=CARTESIAN_POINT('',(0.740352999999999,-2.149646,0.));
#13700=DIRECTION('',(0.,0.,1.));
#13710=VECTOR('',#13700,1.);
#13720=LINE('',#13690,#13710);
#13730=CARTESIAN_POINT('',(0.740352999999999,-2.149646,20.));
#13740=VERTEX_POINT('',#13730);
#13750=EDGE_CURVE('',#13660,#13740,#13720,.T.);
#13760=ORIENTED_EDGE('',*,*,#13750,.F.);
#13770=CARTESIAN_POINT('',(-1.859647,-2.149646,20.));
#13780=DIRECTION('',(1.,0.,0.));
#13790=VECTOR('',#13780,1.);
#13800=LINE('',#13770,#13790);
#13810=EDGE_CURVE('',#13430,#13740,#13800,.T.);
#13820=ORIENTED_EDGE('',*,*,#13810,.T.);
#13830=EDGE_LOOP('',(#13820,#13760,#13680,#13600,#13590,#13530,#13450));
#13840=FACE_OUTER_BOUND('',#13830,.T.);
#13850=ADVANCED_FACE('',(#13840),#13350,.T.);
#13860=CARTESIAN_POINT('',(-0.159647,-1.35181581354619,18.8181650575995)
);
#13870=DIRECTION('',(1.,0.,0.));
#13880=DIRECTION('',(0.,1.,0.));
#13890=AXIS2_PLACEMENT_3D('',#13860,#13870,#13880);
#13900=PLANE('',#13890);
#13910=CARTESIAN_POINT('',(-0.159646999999999,-0.899646000000003,0.));
#13920=DIRECTION('',(0.,0.,1.));
#13930=VECTOR('',#13920,1.);
#13940=LINE('',#13910,#13930);
#13950=CARTESIAN_POINT('',(-0.159646999999999,-0.899646000000003,18.8));
#13960=VERTEX_POINT('',#13950);
#13970=CARTESIAN_POINT('',(-0.159646999999999,-0.899646000000003,19.25))
;
#13980=VERTEX_POINT('',#13970);
#13990=EDGE_CURVE('',#13960,#13980,#13940,.T.);
#14000=ORIENTED_EDGE('',*,*,#13990,.F.);
#14010=CARTESIAN_POINT('',(-0.159647,0.,19.25));
#14020=DIRECTION('',(0.,1.,0.));
#14030=VECTOR('',#14020,1.);
#14040=LINE('',#14010,#14030);
#14050=CARTESIAN_POINT('',(-0.159647,0.700353999999999,19.25));
#14060=VERTEX_POINT('',#14050);
#14070=EDGE_CURVE('',#13980,#14060,#14040,.T.);
#14080=ORIENTED_EDGE('',*,*,#14070,.F.);
#14090=CARTESIAN_POINT('',(-0.159647,0.700354,18.));
#14100=DIRECTION('',(0.,0.,1.));
#14110=VECTOR('',#14100,1.);
#14120=LINE('',#14090,#14110);
#14130=CARTESIAN_POINT('',(-0.159647,0.700354,18.7));
#14140=VERTEX_POINT('',#14130);
#14150=EDGE_CURVE('',#14140,#14060,#14120,.T.);
#14160=ORIENTED_EDGE('',*,*,#14150,.T.);
#14170=CARTESIAN_POINT('',(-0.159647,0.,18.7));
#14180=DIRECTION('',(0.,-1.,0.));
#14190=VECTOR('',#14180,1.);
#14200=LINE('',#14170,#14190);
#14210=CARTESIAN_POINT('',(-0.159647,0.100354,18.7));
#14220=VERTEX_POINT('',#14210);
#14230=EDGE_CURVE('',#14140,#14220,#14200,.T.);
#14240=ORIENTED_EDGE('',*,*,#14230,.F.);
#14250=CARTESIAN_POINT('',(-0.159647,0.,18.7334513333333));
#14260=DIRECTION('',(0.,-0.948683298050514,0.316227766016838));
#14270=VECTOR('',#14260,1.);
#14280=LINE('',#14250,#14270);
#14290=CARTESIAN_POINT('',(-0.159647,-0.199646,18.8));
#14300=VERTEX_POINT('',#14290);
#14310=EDGE_CURVE('',#14220,#14300,#14280,.T.);
#14320=ORIENTED_EDGE('',*,*,#14310,.F.);
#14330=CARTESIAN_POINT('',(-0.159647,0.,18.8));
#14340=DIRECTION('',(0.,-1.,0.));
#14350=VECTOR('',#14340,1.);
#14360=LINE('',#14330,#14350);
#14370=EDGE_CURVE('',#14300,#13960,#14360,.T.);
#14380=ORIENTED_EDGE('',*,*,#14370,.F.);
#14390=EDGE_LOOP('',(#14380,#14320,#14240,#14160,#14080,#14000));
#14400=FACE_OUTER_BOUND('',#14390,.T.);
#14410=ADVANCED_FACE('',(#14400),#13900,.T.);
#14420=CARTESIAN_POINT('',(0.740353,-2.149646,18.7));
#14430=DIRECTION('',(0.,0.,-1.));
#14440=DIRECTION('',(0.,-1.,0.));
#14450=AXIS2_PLACEMENT_3D('',#14420,#14430,#14440);
#14460=PLANE('',#14450);
#14470=CARTESIAN_POINT('',(0.740353,0.,18.7));
#14480=DIRECTION('',(0.,1.,0.));
#14490=VECTOR('',#14480,1.);
#14500=LINE('',#14470,#14490);
#14510=CARTESIAN_POINT('',(0.740353,-0.399646,18.7));
#14520=VERTEX_POINT('',#14510);
#14530=EDGE_CURVE('',#13660,#14520,#14500,.T.);
#14540=ORIENTED_EDGE('',*,*,#14530,.T.);
#14550=ORIENTED_EDGE('',*,*,#13670,.F.);
#14560=ORIENTED_EDGE('',*,*,#10760,.T.);
#14570=CARTESIAN_POINT('',(-0.721925750000001,0.,18.7));
#14580=DIRECTION('',(-0.52999894000318,0.847998304005088,0.));
#14590=VECTOR('',#14580,1.);
#14600=LINE('',#14570,#14590);
#14610=CARTESIAN_POINT('',(-0.159647000000001,-0.899646,18.7));
#14620=VERTEX_POINT('',#14610);
#14630=EDGE_CURVE('',#10690,#14620,#14600,.T.);
#14640=ORIENTED_EDGE('',*,*,#14630,.F.);
#14650=CARTESIAN_POINT('',(-0.159647000000001,0.,18.7));
#14660=DIRECTION('',(0.,1.,0.));
#14670=VECTOR('',#14660,1.);
#14680=LINE('',#14650,#14670);
#14690=CARTESIAN_POINT('',(-0.159647000000001,-0.399646,18.7));
#14700=VERTEX_POINT('',#14690);
#14710=EDGE_CURVE('',#14620,#14700,#14680,.T.);
#14720=ORIENTED_EDGE('',*,*,#14710,.F.);
#14730=CARTESIAN_POINT('',(0.,-0.399646,18.7));
#14740=DIRECTION('',(-1.,0.,0.));
#14750=VECTOR('',#14740,1.);
#14760=LINE('',#14730,#14750);
#14770=EDGE_CURVE('',#14520,#14700,#14760,.T.);
#14780=ORIENTED_EDGE('',*,*,#14770,.T.);
#14790=EDGE_LOOP('',(#14780,#14720,#14640,#14560,#14550,#14540));
#14800=FACE_OUTER_BOUND('',#14790,.T.);
#14810=ADVANCED_FACE('',(#14800),#14460,.F.);
#14820=CARTESIAN_POINT('',(0.,0.,18.7));
#14830=DIRECTION('',(0.,0.,1.));
#14840=DIRECTION('',(1.,0.,0.));
#14850=AXIS2_PLACEMENT_3D('',#14820,#14830,#14840);
#14860=PLANE('',#14850);
#14870=ORIENTED_EDGE('',*,*,#14230,.T.);
#14880=CARTESIAN_POINT('',(-0.159647,0.700354,18.7));
#14890=DIRECTION('',(-0.0371835703043849,0.999308451930343,0.));
#14900=VECTOR('',#14890,1.);
#14910=LINE('',#14880,#14900);
#14920=EDGE_CURVE('',#14140,#630,#14910,.T.);
#14930=ORIENTED_EDGE('',*,*,#14920,.F.);
#14940=ORIENTED_EDGE('',*,*,#640,.T.);
#14950=CARTESIAN_POINT('',(-1.559647,-3.949646,18.7));
#14960=DIRECTION('',(0.,1.,0.));
#14970=VECTOR('',#14960,1.);
#14980=LINE('',#14950,#14970);
#14990=CARTESIAN_POINT('',(-1.559647,0.100354,18.7));
#15000=VERTEX_POINT('',#14990);
#15010=EDGE_CURVE('',#15000,#550,#14980,.T.);
#15020=ORIENTED_EDGE('',*,*,#15010,.T.);
#15030=CARTESIAN_POINT('',(0.,0.100354,18.7));
#15040=DIRECTION('',(-1.,0.,0.));
#15050=VECTOR('',#15040,1.);
#15060=LINE('',#15030,#15050);
#15070=EDGE_CURVE('',#14220,#15000,#15060,.T.);
#15080=ORIENTED_EDGE('',*,*,#15070,.T.);
#15090=EDGE_LOOP('',(#15080,#15020,#14940,#14930,#14870));
#15100=FACE_OUTER_BOUND('',#15090,.T.);
#15110=ADVANCED_FACE('',(#15100),#14860,.F.);
#15120=CARTESIAN_POINT('',(-0.859647,-0.049646,18.75));
#15130=DIRECTION('',(0.,-0.316227766016838,-0.948683298050514));
#15140=DIRECTION('',(0.,-0.948683298050514,0.316227766016838));
#15150=AXIS2_PLACEMENT_3D('',#15120,#15130,#15140);
#15160=PLANE('',#15150);
#15170=CARTESIAN_POINT('',(-1.559647,0.,18.7334513333333));
#15180=DIRECTION('',(0.,0.948683298050514,-0.316227766016838));
#15190=VECTOR('',#15180,1.);
#15200=LINE('',#15170,#15190);
#15210=CARTESIAN_POINT('',(-1.559647,-0.199646,18.8));
#15220=VERTEX_POINT('',#15210);
#15230=EDGE_CURVE('',#15220,#15000,#15200,.T.);
#15240=ORIENTED_EDGE('',*,*,#15230,.T.);
#15250=CARTESIAN_POINT('',(0.,-0.199646,18.8));
#15260=DIRECTION('',(-1.,0.,0.));
#15270=VECTOR('',#15260,1.);
#15280=LINE('',#15250,#15270);
#15290=EDGE_CURVE('',#14300,#15220,#15280,.T.);
#15300=ORIENTED_EDGE('',*,*,#15290,.T.);
#15310=ORIENTED_EDGE('',*,*,#14310,.T.);
#15320=ORIENTED_EDGE('',*,*,#15070,.F.);
#15330=EDGE_LOOP('',(#15320,#15310,#15300,#15240));
#15340=FACE_OUTER_BOUND('',#15330,.T.);
#15350=ADVANCED_FACE('',(#15340),#15160,.T.);
#15360=CARTESIAN_POINT('',(-1.859647,-2.149646,19.25));
#15370=DIRECTION('',(-1.,0.,0.));
#15380=DIRECTION('',(0.,1.,0.));
#15390=AXIS2_PLACEMENT_3D('',#15360,#15370,#15380);
#15400=PLANE('',#15390);
#15410=CARTESIAN_POINT('',(-1.859647,0.,19.25));
#15420=DIRECTION('',(0.,-1.,0.));
#15430=VECTOR('',#15420,1.);
#15440=LINE('',#15410,#15430);
#15450=CARTESIAN_POINT('',(-1.859647,1.450354,19.25));
#15460=VERTEX_POINT('',#15450);
#15470=EDGE_CURVE('',#15460,#13410,#15440,.T.);
#15480=ORIENTED_EDGE('',*,*,#15470,.F.);
#15490=ORIENTED_EDGE('',*,*,#13440,.F.);
#15500=CARTESIAN_POINT('',(-1.859647,0.,20.));
#15510=DIRECTION('',(0.,1.,0.));
#15520=VECTOR('',#15510,1.);
#15530=LINE('',#15500,#15520);
#15540=CARTESIAN_POINT('',(-1.859647,1.450354,20.));
#15550=VERTEX_POINT('',#15540);
#15560=EDGE_CURVE('',#13430,#15550,#15530,.T.);
#15570=ORIENTED_EDGE('',*,*,#15560,.F.);
#15580=CARTESIAN_POINT('',(-1.859647,1.450354,18.));
#15590=DIRECTION('',(0.,0.,1.));
#15600=VECTOR('',#15590,1.);
#15610=LINE('',#15580,#15600);
#15620=EDGE_CURVE('',#15460,#15550,#15610,.T.);
#15630=ORIENTED_EDGE('',*,*,#15620,.T.);
#15640=EDGE_LOOP('',(#15630,#15570,#15490,#15480));
#15650=FACE_OUTER_BOUND('',#15640,.T.);
#15660=ADVANCED_FACE('',(#15650),#15400,.F.);
#15670=CARTESIAN_POINT('',(-3.859647,-1.699646,19.25));
#15680=DIRECTION('',(-1.,0.,0.));
#15690=DIRECTION('',(0.,1.,0.));
#15700=AXIS2_PLACEMENT_3D('',#15670,#15680,#15690);
#15710=PLANE('',#15700);
#15720=CARTESIAN_POINT('',(-3.859647,-2.149646,0.));
#15730=DIRECTION('',(0.,0.,-1.));
#15740=VECTOR('',#15730,1.);
#15750=LINE('',#15720,#15740);
#15760=CARTESIAN_POINT('',(-3.859647,-2.149646,19.25));
#15770=VERTEX_POINT('',#15760);
#15780=CARTESIAN_POINT('',(-3.859647,-2.149646,18.8));
#15790=VERTEX_POINT('',#15780);
#15800=EDGE_CURVE('',#15770,#15790,#15750,.T.);
#15810=ORIENTED_EDGE('',*,*,#15800,.F.);
#15820=CARTESIAN_POINT('',(-3.859647,0.,18.8));
#15830=DIRECTION('',(0.,-1.,0.));
#15840=VECTOR('',#15830,1.);
#15850=LINE('',#15820,#15840);
#15860=CARTESIAN_POINT('',(-3.859647,-1.699646,18.8));
#15870=VERTEX_POINT('',#15860);
#15880=EDGE_CURVE('',#15870,#15790,#15850,.T.);
#15890=ORIENTED_EDGE('',*,*,#15880,.T.);
#15900=CARTESIAN_POINT('',(-3.859647,-1.699646,19.25));
#15910=DIRECTION('',(0.,0.,-1.));
#15920=VECTOR('',#15910,1.);
#15930=LINE('',#15900,#15920);
#15940=CARTESIAN_POINT('',(-3.859647,-1.699646,19.25));
#15950=VERTEX_POINT('',#15940);
#15960=EDGE_CURVE('',#15950,#15870,#15930,.T.);
#15970=ORIENTED_EDGE('',*,*,#15960,.T.);
#15980=CARTESIAN_POINT('',(-3.859647,-1.699646,19.25));
#15990=DIRECTION('',(0.,-1.,0.));
#16000=VECTOR('',#15990,1.);
#16010=LINE('',#15980,#16000);
#16020=EDGE_CURVE('',#15950,#15770,#16010,.T.);
#16030=ORIENTED_EDGE('',*,*,#16020,.F.);
#16040=EDGE_LOOP('',(#16030,#15970,#15890,#15810));
#16050=FACE_OUTER_BOUND('',#16040,.T.);
#16060=ADVANCED_FACE('',(#16050),#15710,.T.);
#16070=CARTESIAN_POINT('',(-2.43678099560294,0.970679525524043,18.8));
#16080=DIRECTION('',(0.,0.,-1.));
#16090=DIRECTION('',(-1.,0.,0.));
#16100=AXIS2_PLACEMENT_3D('',#16070,#16080,#16090);
#16110=PLANE('',#16100);
#16120=ORIENTED_EDGE('',*,*,#14370,.T.);
#16130=ORIENTED_EDGE('',*,*,#15290,.F.);
#16140=CARTESIAN_POINT('',(-1.559647,0.,18.8));
#16150=DIRECTION('',(0.,1.,0.));
#16160=VECTOR('',#16150,1.);
#16170=LINE('',#16140,#16160);
#16180=CARTESIAN_POINT('',(-1.559647,-3.949646,18.8));
#16190=VERTEX_POINT('',#16180);
#16200=EDGE_CURVE('',#16190,#15220,#16170,.T.);
#16210=ORIENTED_EDGE('',*,*,#16200,.T.);
#16220=CARTESIAN_POINT('',(0.,-3.949646,18.8));
#16230=DIRECTION('',(-1.,0.,0.));
#16240=VECTOR('',#16230,1.);
#16250=LINE('',#16220,#16240);
#16260=EDGE_CURVE('',#10460,#16190,#16250,.T.);
#16270=ORIENTED_EDGE('',*,*,#16260,.T.);
#16280=ORIENTED_EDGE('',*,*,#10470,.F.);
#16290=CARTESIAN_POINT('',(0.340353,0.,18.8));
#16300=DIRECTION('',(2.02311344889231E-16,1.,0.));
#16310=VECTOR('',#16300,1.);
#16320=LINE('',#16290,#16310);
#16330=CARTESIAN_POINT('',(0.340353,-1.699646,18.8));
#16340=VERTEX_POINT('',#16330);
#16350=EDGE_CURVE('',#10380,#16340,#16320,.T.);
#16360=ORIENTED_EDGE('',*,*,#16350,.F.);
#16370=CARTESIAN_POINT('',(-0.721925749999999,0.,18.8));
#16380=DIRECTION('',(-0.52999894000318,0.847998304005088,0.));
#16390=VECTOR('',#16380,1.);
#16400=LINE('',#16370,#16390);
#16410=EDGE_CURVE('',#16340,#13960,#16400,.T.);
#16420=ORIENTED_EDGE('',*,*,#16410,.F.);
#16430=EDGE_LOOP('',(#16420,#16360,#16280,#16270,#16210,#16130,#16120));
#16440=FACE_OUTER_BOUND('',#16430,.T.);
#16450=ADVANCED_FACE('',(#16440),#16110,.T.);
#16460=CARTESIAN_POINT('',(-3.359647,-0.899646,16.));
#16470=DIRECTION('',(-0.847998304005088,0.52999894000318,0.));
#16480=DIRECTION('',(-0.52999894000318,-0.847998304005088,0.));
#16490=AXIS2_PLACEMENT_3D('',#16460,#16470,#16480);
#16500=PLANE('',#16490);
#16510=CARTESIAN_POINT('',(-2.79736825,-5.6461209821813E-16,15.3));
#16520=DIRECTION('',(0.52999894000318,0.847998304005088,0.));
#16530=VECTOR('',#16520,1.);
#16540=LINE('',#16510,#16530);
#16550=CARTESIAN_POINT('',(-3.859647,-1.699646,15.3));
#16560=VERTEX_POINT('',#16550);
#16570=CARTESIAN_POINT('',(-3.359647,-0.899646000000001,15.3));
#16580=VERTEX_POINT('',#16570);
#16590=EDGE_CURVE('',#16560,#16580,#16540,.T.);
#16600=ORIENTED_EDGE('',*,*,#16590,.T.);
#16610=CARTESIAN_POINT('',(-3.859647,-1.699646,16.));
#16620=DIRECTION('',(0.,0.,-1.));
#16630=VECTOR('',#16620,1.);
#16640=LINE('',#16610,#16630);
#16650=CARTESIAN_POINT('',(-3.859647,-1.699646,15.8));
#16660=VERTEX_POINT('',#16650);
#16670=EDGE_CURVE('',#16660,#16560,#16640,.T.);
#16680=ORIENTED_EDGE('',*,*,#16670,.T.);
#16690=CARTESIAN_POINT('',(-2.79736825,-5.6461209821813E-16,15.8));
#16700=DIRECTION('',(0.52999894000318,0.847998304005088,0.));
#16710=VECTOR('',#16700,1.);
#16720=LINE('',#16690,#16710);
#16730=CARTESIAN_POINT('',(-3.559647,-1.219646,15.8));
#16740=VERTEX_POINT('',#16730);
#16750=EDGE_CURVE('',#16660,#16740,#16720,.T.);
#16760=ORIENTED_EDGE('',*,*,#16750,.F.);
#16770=CARTESIAN_POINT('',(-3.559647,-1.219646,16.));
#16780=DIRECTION('',(0.,0.,-1.));
#16790=VECTOR('',#16780,1.);
#16800=LINE('',#16770,#16790);
#16810=CARTESIAN_POINT('',(-3.559647,-1.219646,16.2));
#16820=VERTEX_POINT('',#16810);
#16830=EDGE_CURVE('',#16820,#16740,#16800,.T.);
#16840=ORIENTED_EDGE('',*,*,#16830,.T.);
#16850=CARTESIAN_POINT('',(-2.79736825,0.,16.2));
#16860=DIRECTION('',(0.52999894000318,0.847998304005088,0.));
#16870=VECTOR('',#16860,1.);
#16880=LINE('',#16850,#16870);
#16890=EDGE_CURVE('',#5740,#16820,#16880,.T.);
#16900=ORIENTED_EDGE('',*,*,#16890,.T.);
#16910=ORIENTED_EDGE('',*,*,#5750,.F.);
#16920=CARTESIAN_POINT('',(-2.79736825,0.,16.7));
#16930=DIRECTION('',(0.52999894000318,0.847998304005088,0.));
#16940=VECTOR('',#16930,1.);
#16950=LINE('',#16920,#16940);
#16960=CARTESIAN_POINT('',(-3.359647,-0.899646,16.7));
#16970=VERTEX_POINT('',#16960);
#16980=EDGE_CURVE('',#5640,#16970,#16950,.T.);
#16990=ORIENTED_EDGE('',*,*,#16980,.F.);
#17000=CARTESIAN_POINT('',(-3.359647,-0.899646,16.));
#17010=DIRECTION('',(0.,0.,-1.));
#17020=VECTOR('',#17010,1.);
#17030=LINE('',#17000,#17020);
#17040=EDGE_CURVE('',#16970,#16580,#17030,.T.);
#17050=ORIENTED_EDGE('',*,*,#17040,.F.);
#17060=EDGE_LOOP('',(#17050,#16990,#16910,#16900,#16840,#16760,#16680,
#16600));
#17070=FACE_OUTER_BOUND('',#17060,.T.);
#17080=ADVANCED_FACE('',(#17070),#16500,.F.);
#17090=CARTESIAN_POINT('',(-2.43678099560294,0.970679525524043,19.25));
#17100=DIRECTION('',(0.,0.,-1.));
#17110=DIRECTION('',(-1.,0.,0.));
#17120=AXIS2_PLACEMENT_3D('',#17090,#17100,#17110);
#17130=PLANE('',#17120);
#17140=CARTESIAN_POINT('',(0.340353,0.,19.25));
#17150=DIRECTION('',(2.02311344889231E-16,1.,0.));
#17160=VECTOR('',#17150,1.);
#17170=LINE('',#17140,#17160);
#17180=CARTESIAN_POINT('',(0.340353,-1.699646,19.25));
#17190=VERTEX_POINT('',#17180);
#17200=EDGE_CURVE('',#13510,#17190,#17170,.T.);
#17210=ORIENTED_EDGE('',*,*,#17200,.T.);
#17220=ORIENTED_EDGE('',*,*,#13520,.T.);
#17230=ORIENTED_EDGE('',*,*,#15470,.T.);
#17240=CARTESIAN_POINT('',(-2.259647,1.450354,19.25));
#17250=DIRECTION('',(0.,0.,-1.));
#17260=DIRECTION('',(-1.,0.,0.));
#17270=AXIS2_PLACEMENT_3D('',#17240,#17250,#17260);
#17280=CIRCLE('',#17270,0.4);
#17290=CARTESIAN_POINT('',(-2.659647,1.450354,19.25));
#17300=VERTEX_POINT('',#17290);
#17310=EDGE_CURVE('',#17300,#15460,#17280,.T.);
#17320=ORIENTED_EDGE('',*,*,#17310,.T.);
#17330=CARTESIAN_POINT('',(-2.659647,0.,19.25));
#17340=DIRECTION('',(0.,1.,0.));
#17350=VECTOR('',#17340,1.);
#17360=LINE('',#17330,#17350);
#17370=CARTESIAN_POINT('',(-2.659647,-2.149646,19.25));
#17380=VERTEX_POINT('',#17370);
#17390=EDGE_CURVE('',#17380,#17300,#17360,.T.);
#17400=ORIENTED_EDGE('',*,*,#17390,.T.);
#17410=CARTESIAN_POINT('',(0.,-2.149646,19.25));
#17420=DIRECTION('',(1.,0.,0.));
#17430=VECTOR('',#17420,1.);
#17440=LINE('',#17410,#17430);
#17450=EDGE_CURVE('',#15770,#17380,#17440,.T.);
#17460=ORIENTED_EDGE('',*,*,#17450,.T.);
#17470=ORIENTED_EDGE('',*,*,#16020,.T.);
#17480=CARTESIAN_POINT('',(-3.359647,-0.899646,19.25));
#17490=DIRECTION('',(-0.52999894000318,-0.847998304005088,0.));
#17500=VECTOR('',#17490,1.);
#17510=LINE('',#17480,#17500);
#17520=CARTESIAN_POINT('',(-3.359647,-0.899646,19.25));
#17530=VERTEX_POINT('',#17520);
#17540=EDGE_CURVE('',#17530,#15950,#17510,.T.);
#17550=ORIENTED_EDGE('',*,*,#17540,.T.);
#17560=CARTESIAN_POINT('',(-3.359647,0.,19.25));
#17570=DIRECTION('',(0.,1.,0.));
#17580=VECTOR('',#17570,1.);
#17590=LINE('',#17560,#17580);
#17600=CARTESIAN_POINT('',(-3.359647,0.700353999999999,19.25));
#17610=VERTEX_POINT('',#17600);
#17620=EDGE_CURVE('',#17530,#17610,#17590,.T.);
#17630=ORIENTED_EDGE('',*,*,#17620,.F.);
#17640=CARTESIAN_POINT('',(-4.770781,0.700353999999999,19.25));
#17650=DIRECTION('',(-1.,0.,0.));
#17660=VECTOR('',#17650,1.);
#17670=LINE('',#17640,#17660);
#17680=EDGE_CURVE('',#17610,#2750,#17670,.T.);
#17690=ORIENTED_EDGE('',*,*,#17680,.F.);
#17700=ORIENTED_EDGE('',*,*,#2780,.F.);
#17710=ORIENTED_EDGE('',*,*,#10920,.F.);
#17720=CARTESIAN_POINT('',(0.290353,0.,19.25));
#17730=DIRECTION('',(0.,1.,0.));
#17740=VECTOR('',#17730,1.);
#17750=LINE('',#17720,#17740);
#17760=CARTESIAN_POINT('',(0.290353,0.700354,19.25));
#17770=VERTEX_POINT('',#17760);
#17780=EDGE_CURVE('',#17770,#10910,#17750,.T.);
#17790=ORIENTED_EDGE('',*,*,#17780,.T.);
#17800=CARTESIAN_POINT('',(1.251487,0.700353999999999,19.25));
#17810=DIRECTION('',(1.,0.,0.));
#17820=VECTOR('',#17810,1.);
#17830=LINE('',#17800,#17820);
#17840=EDGE_CURVE('',#14060,#17770,#17830,.T.);
#17850=ORIENTED_EDGE('',*,*,#17840,.T.);
#17860=ORIENTED_EDGE('',*,*,#14070,.T.);
#17870=CARTESIAN_POINT('',(-0.721925749999999,0.,19.25));
#17880=DIRECTION('',(-0.52999894000318,0.847998304005088,0.));
#17890=VECTOR('',#17880,1.);
#17900=LINE('',#17870,#17890);
#17910=EDGE_CURVE('',#17190,#13980,#17900,.T.);
#17920=ORIENTED_EDGE('',*,*,#17910,.T.);
#17930=EDGE_LOOP('',(#17920,#17860,#17850,#17790,#17710,#17700,#17690,
#17630,#17550,#17470,#17460,#17400,#17320,#17230,#17220,#17210));
#17940=FACE_OUTER_BOUND('',#17930,.T.);
#17950=ADVANCED_FACE('',(#17940),#17130,.F.);
#17960=CARTESIAN_POINT('',(-2.659647,1.850354,19.25));
#17970=DIRECTION('',(1.,0.,0.));
#17980=DIRECTION('',(0.,-1.,0.));
#17990=AXIS2_PLACEMENT_3D('',#17960,#17970,#17980);
#18000=PLANE('',#17990);
#18010=CARTESIAN_POINT('',(-2.659647,1.450354,18.));
#18020=DIRECTION('',(0.,0.,1.));
#18030=VECTOR('',#18020,1.);
#18040=LINE('',#18010,#18030);
#18050=CARTESIAN_POINT('',(-2.659647,1.450354,20.));
#18060=VERTEX_POINT('',#18050);
#18070=EDGE_CURVE('',#17300,#18060,#18040,.T.);
#18080=ORIENTED_EDGE('',*,*,#18070,.F.);
#18090=CARTESIAN_POINT('',(-2.659647,0.,20.));
#18100=DIRECTION('',(0.,-1.,0.));
#18110=VECTOR('',#18100,1.);
#18120=LINE('',#18090,#18110);
#18130=CARTESIAN_POINT('',(-2.659647,-2.149646,20.));
#18140=VERTEX_POINT('',#18130);
#18150=EDGE_CURVE('',#18060,#18140,#18120,.T.);
#18160=ORIENTED_EDGE('',*,*,#18150,.F.);
#18170=CARTESIAN_POINT('',(-2.659647,-2.149646,0.));
#18180=DIRECTION('',(0.,0.,1.));
#18190=VECTOR('',#18180,1.);
#18200=LINE('',#18170,#18190);
#18210=EDGE_CURVE('',#17380,#18140,#18200,.T.);
#18220=ORIENTED_EDGE('',*,*,#18210,.T.);
#18230=ORIENTED_EDGE('',*,*,#17390,.F.);
#18240=EDGE_LOOP('',(#18230,#18220,#18160,#18080));
#18250=FACE_OUTER_BOUND('',#18240,.T.);
#18260=ADVANCED_FACE('',(#18250),#18000,.F.);
#18270=CARTESIAN_POINT('',(-2.259647,1.450354,18.));
#18280=DIRECTION('',(0.,0.,1.));
#18290=DIRECTION('',(-1.,0.,0.));
#18300=AXIS2_PLACEMENT_3D('',#18270,#18280,#18290);
#18310=CYLINDRICAL_SURFACE('',#18300,0.4);
#18320=ORIENTED_EDGE('',*,*,#17310,.F.);
#18330=ORIENTED_EDGE('',*,*,#15620,.F.);
#18340=CARTESIAN_POINT('',(-2.259647,1.450354,20.));
#18350=DIRECTION('',(0.,0.,-1.));
#18360=DIRECTION('',(-1.,0.,0.));
#18370=AXIS2_PLACEMENT_3D('',#18340,#18350,#18360);
#18380=CIRCLE('',#18370,0.4);
#18390=EDGE_CURVE('',#18060,#15550,#18380,.T.);
#18400=ORIENTED_EDGE('',*,*,#18390,.T.);
#18410=ORIENTED_EDGE('',*,*,#18070,.T.);
#18420=EDGE_LOOP('',(#18410,#18400,#18330,#18320));
#18430=FACE_OUTER_BOUND('',#18420,.T.);
#18440=ADVANCED_FACE('',(#18430),#18310,.T.);
#18450=CARTESIAN_POINT('',(0.340353,-2.149646,20.));
#18460=DIRECTION('',(1.,-2.02311344889231E-16,0.));
#18470=DIRECTION('',(-2.02311344889231E-16,-1.,0.));
#18480=AXIS2_PLACEMENT_3D('',#18450,#18460,#18470);
#18490=PLANE('',#18480);
#18500=ORIENTED_EDGE('',*,*,#16350,.T.);
#18510=ORIENTED_EDGE('',*,*,#13580,.F.);
#18520=ORIENTED_EDGE('',*,*,#17200,.F.);
#18530=CARTESIAN_POINT('',(0.340353,-1.699646,0.));
#18540=DIRECTION('',(0.,0.,-1.));
#18550=VECTOR('',#18540,1.);
#18560=LINE('',#18530,#18550);
#18570=EDGE_CURVE('',#17190,#16340,#18560,.T.);
#18580=ORIENTED_EDGE('',*,*,#18570,.F.);
#18590=EDGE_LOOP('',(#18580,#18520,#18510,#18500));
#18600=FACE_OUTER_BOUND('',#18590,.T.);
#18610=ADVANCED_FACE('',(#18600),#18490,.T.);
#18620=CARTESIAN_POINT('',(-3.359647,-1.35181581354619,16.8181650575995)
);
#18630=DIRECTION('',(1.,0.,0.));
#18640=DIRECTION('',(0.,1.,0.));
#18650=AXIS2_PLACEMENT_3D('',#18620,#18630,#18640);
#18660=PLANE('',#18650);
#18670=CARTESIAN_POINT('',(-3.359647,0.,16.8));
#18680=DIRECTION('',(0.,-1.,0.));
#18690=VECTOR('',#18680,1.);
#18700=LINE('',#18670,#18690);
#18710=EDGE_CURVE('',#5000,#9960,#18700,.T.);
#18720=ORIENTED_EDGE('',*,*,#18710,.T.);
#18730=ORIENTED_EDGE('',*,*,#5010,.T.);
#18740=CARTESIAN_POINT('',(-3.359647,0.,16.7));
#18750=DIRECTION('',(0.,-1.,0.));
#18760=VECTOR('',#18750,1.);
#18770=LINE('',#18740,#18760);
#18780=CARTESIAN_POINT('',(-3.359647,0.700354,16.7));
#18790=VERTEX_POINT('',#18780);
#18800=EDGE_CURVE('',#18790,#4900,#18770,.T.);
#18810=ORIENTED_EDGE('',*,*,#18800,.T.);
#18820=CARTESIAN_POINT('',(-3.359647,0.700354,18.));
#18830=DIRECTION('',(0.,0.,-1.));
#18840=VECTOR('',#18830,1.);
#18850=LINE('',#18820,#18840);
#18860=EDGE_CURVE('',#7070,#18790,#18850,.T.);
#18870=ORIENTED_EDGE('',*,*,#18860,.T.);
#18880=ORIENTED_EDGE('',*,*,#7080,.F.);
#18890=ORIENTED_EDGE('',*,*,#6380,.F.);
#18900=ORIENTED_EDGE('',*,*,#7850,.F.);
#18910=ORIENTED_EDGE('',*,*,#10030,.T.);
#18920=EDGE_LOOP('',(#18910,#18900,#18890,#18880,#18870,#18810,#18730,
#18720));
#18930=FACE_OUTER_BOUND('',#18920,.T.);
#18940=ADVANCED_FACE('',(#18930),#18660,.F.);
#18950=CARTESIAN_POINT('',(-3.519294,0.,16.7));
#18960=DIRECTION('',(0.,0.,-1.));
#18970=DIRECTION('',(-1.,0.,0.));
#18980=AXIS2_PLACEMENT_3D('',#18950,#18960,#18970);
#18990=PLANE('',#18980);
#19000=ORIENTED_EDGE('',*,*,#4930,.F.);
#19010=CARTESIAN_POINT('',(-1.959647,-3.949646,16.7));
#19020=DIRECTION('',(0.,1.,0.));
#19030=VECTOR('',#19020,1.);
#19040=LINE('',#19010,#19030);
#19050=CARTESIAN_POINT('',(-1.959647,2.850354,16.7));
#19060=VERTEX_POINT('',#19050);
#19070=EDGE_CURVE('',#4920,#19060,#19040,.T.);
#19080=ORIENTED_EDGE('',*,*,#19070,.F.);
#19090=CARTESIAN_POINT('',(-4.770781,2.850354,16.7));
#19100=DIRECTION('',(-1.,0.,0.));
#19110=VECTOR('',#19100,1.);
#19120=LINE('',#19090,#19110);
#19130=CARTESIAN_POINT('',(-3.279647,2.850354,16.7));
#19140=VERTEX_POINT('',#19130);
#19150=EDGE_CURVE('',#19060,#19140,#19120,.T.);
#19160=ORIENTED_EDGE('',*,*,#19150,.F.);
#19170=CARTESIAN_POINT('',(-3.359647,0.700354,16.7));
#19180=DIRECTION('',(0.0371835703043849,0.999308451930343,0.));
#19190=VECTOR('',#19180,1.);
#19200=LINE('',#19170,#19190);
#19210=EDGE_CURVE('',#18790,#19140,#19200,.T.);
#19220=ORIENTED_EDGE('',*,*,#19210,.T.);
#19230=ORIENTED_EDGE('',*,*,#18800,.F.);
#19240=EDGE_LOOP('',(#19230,#19220,#19160,#19080,#19000));
#19250=FACE_OUTER_BOUND('',#19240,.T.);
#19260=ADVANCED_FACE('',(#19250),#18990,.T.);
#19270=CARTESIAN_POINT('',(-1.859647,-2.549646,20.));
#19280=DIRECTION('',(0.,0.,1.));
#19290=DIRECTION('',(0.,1.,0.));
#19300=AXIS2_PLACEMENT_3D('',#19270,#19280,#19290);
#19310=PLANE('',#19300);
#19320=ORIENTED_EDGE('',*,*,#18390,.F.);
#19330=ORIENTED_EDGE('',*,*,#15560,.T.);
#19340=ORIENTED_EDGE('',*,*,#13810,.F.);
#19350=CARTESIAN_POINT('',(0.740352999999999,-3.949646,20.));
#19360=DIRECTION('',(-2.44921270764475E-16,1.,0.));
#19370=VECTOR('',#19360,1.);
#19380=LINE('',#19350,#19370);
#19390=CARTESIAN_POINT('',(0.740352999999999,-3.949646,20.));
#19400=VERTEX_POINT('',#19390);
#19410=EDGE_CURVE('',#19400,#13740,#19380,.T.);
#19420=ORIENTED_EDGE('',*,*,#19410,.T.);
#19430=CARTESIAN_POINT('',(0.740352999999999,-3.949646,20.));
#19440=DIRECTION('',(-1.,-2.44921270764475E-16,0.));
#19450=VECTOR('',#19440,1.);
#19460=LINE('',#19430,#19450);
#19470=CARTESIAN_POINT('',(-4.259647,-3.949646,20.));
#19480=VERTEX_POINT('',#19470);
#19490=EDGE_CURVE('',#19400,#19480,#19460,.T.);
#19500=ORIENTED_EDGE('',*,*,#19490,.F.);
#19510=CARTESIAN_POINT('',(-4.259647,-3.949646,20.));
#19520=DIRECTION('',(-2.44921270764475E-16,1.,0.));
#19530=VECTOR('',#19520,1.);
#19540=LINE('',#19510,#19530);
#19550=CARTESIAN_POINT('',(-4.259647,-2.149646,20.));
#19560=VERTEX_POINT('',#19550);
#19570=EDGE_CURVE('',#19480,#19560,#19540,.T.);
#19580=ORIENTED_EDGE('',*,*,#19570,.F.);
#19590=CARTESIAN_POINT('',(0.,-2.149646,20.));
#19600=DIRECTION('',(-1.,0.,0.));
#19610=VECTOR('',#19600,1.);
#19620=LINE('',#19590,#19610);
#19630=EDGE_CURVE('',#18140,#19560,#19620,.T.);
#19640=ORIENTED_EDGE('',*,*,#19630,.T.);
#19650=ORIENTED_EDGE('',*,*,#18150,.T.);
#19660=EDGE_LOOP('',(#19650,#19640,#19580,#19500,#19420,#19340,#19330,
#19320));
#19670=FACE_OUTER_BOUND('',#19660,.T.);
#19680=ADVANCED_FACE('',(#19670),#19310,.T.);
#19690=CARTESIAN_POINT('',(-2.459647,3.350354,15.7));
#19700=DIRECTION('',(0.,0.,-1.));
#19710=DIRECTION('',(1.,2.44921270764475E-16,0.));
#19720=AXIS2_PLACEMENT_3D('',#19690,#19700,#19710);
#19730=PLANE('',#19720);
#19740=ORIENTED_EDGE('',*,*,#12460,.T.);
#19750=CARTESIAN_POINT('',(-2.459647,-5.23254539361046E-16,15.7));
#19760=DIRECTION('',(-2.44921270764475E-16,1.,0.));
#19770=VECTOR('',#19760,1.);
#19780=LINE('',#19750,#19770);
#19790=CARTESIAN_POINT('',(-2.459647,2.850354,15.7));
#19800=VERTEX_POINT('',#19790);
#19810=EDGE_CURVE('',#19800,#12430,#19780,.T.);
#19820=ORIENTED_EDGE('',*,*,#19810,.T.);
#19830=CARTESIAN_POINT('',(-5.71100766829334E-16,2.850354,15.7));
#19840=DIRECTION('',(-1.,-1.22460635382238E-16,0.));
#19850=VECTOR('',#19840,1.);
#19860=LINE('',#19830,#19850);
#19870=CARTESIAN_POINT('',(-3.059647,2.850354,15.7));
#19880=VERTEX_POINT('',#19870);
#19890=EDGE_CURVE('',#19800,#19880,#19860,.T.);
#19900=ORIENTED_EDGE('',*,*,#19890,.F.);
#19910=CARTESIAN_POINT('',(-3.059647,-5.96730920590389E-16,15.7));
#19920=DIRECTION('',(2.44921270764475E-16,-1.,0.));
#19930=VECTOR('',#19920,1.);
#19940=LINE('',#19910,#19930);
#19950=EDGE_CURVE('',#12450,#19880,#19940,.T.);
#19960=ORIENTED_EDGE('',*,*,#19950,.T.);
#19970=EDGE_LOOP('',(#19960,#19900,#19820,#19740));
#19980=FACE_OUTER_BOUND('',#19970,.T.);
#19990=ADVANCED_FACE('',(#19980),#19730,.F.);
#20000=CARTESIAN_POINT('',(-4.259647,-2.149646,16.7));
#20010=DIRECTION('',(0.,0.,1.));
#20020=DIRECTION('',(0.,-1.,0.));
#20030=AXIS2_PLACEMENT_3D('',#20000,#20010,#20020);
#20040=PLANE('',#20030);
#20050=CARTESIAN_POINT('',(-3.519294,-0.399646,16.7));
#20060=DIRECTION('',(1.,0.,0.));
#20070=VECTOR('',#20060,1.);
#20080=LINE('',#20050,#20070);
#20090=CARTESIAN_POINT('',(-4.259647,-0.399646,16.7));
#20100=VERTEX_POINT('',#20090);
#20110=CARTESIAN_POINT('',(-3.359647,-0.399646,16.7));
#20120=VERTEX_POINT('',#20110);
#20130=EDGE_CURVE('',#20100,#20120,#20080,.T.);
#20140=ORIENTED_EDGE('',*,*,#20130,.F.);
#20150=CARTESIAN_POINT('',(-3.359647,0.,16.7));
#20160=DIRECTION('',(0.,1.,0.));
#20170=VECTOR('',#20160,1.);
#20180=LINE('',#20150,#20170);
#20190=EDGE_CURVE('',#16970,#20120,#20180,.T.);
#20200=ORIENTED_EDGE('',*,*,#20190,.T.);
#20210=ORIENTED_EDGE('',*,*,#16980,.T.);
#20220=ORIENTED_EDGE('',*,*,#5670,.F.);
#20230=ORIENTED_EDGE('',*,*,#8240,.T.);
#20240=CARTESIAN_POINT('',(-4.259647,0.,16.7));
#20250=DIRECTION('',(0.,1.,0.));
#20260=VECTOR('',#20250,1.);
#20270=LINE('',#20240,#20260);
#20280=EDGE_CURVE('',#8170,#20100,#20270,.T.);
#20290=ORIENTED_EDGE('',*,*,#20280,.F.);
#20300=EDGE_LOOP('',(#20290,#20230,#20220,#20210,#20200,#20140));
#20310=FACE_OUTER_BOUND('',#20300,.T.);
#20320=ADVANCED_FACE('',(#20310),#20040,.T.);
#20330=CARTESIAN_POINT('',(-3.559647,-1.219646,16.));
#20340=DIRECTION('',(-1.,0.,0.));
#20350=DIRECTION('',(0.,-1.,0.));
#20360=AXIS2_PLACEMENT_3D('',#20330,#20340,#20350);
#20370=PLANE('',#20360);
#20380=CARTESIAN_POINT('',(-3.559647,-6.57961238281508E-16,15.8));
#20390=DIRECTION('',(-1.22460635382238E-16,1.,0.));
#20400=VECTOR('',#20390,1.);
#20410=LINE('',#20380,#20400);
#20420=CARTESIAN_POINT('',(-3.559647,-3.549646,15.8));
#20430=VERTEX_POINT('',#20420);
#20440=EDGE_CURVE('',#20430,#16740,#20410,.T.);
#20450=ORIENTED_EDGE('',*,*,#20440,.T.);
#20460=CARTESIAN_POINT('',(-3.559647,-3.549646,16.));
#20470=DIRECTION('',(0.,0.,-1.));
#20480=VECTOR('',#20470,1.);
#20490=LINE('',#20460,#20480);
#20500=CARTESIAN_POINT('',(-3.559647,-3.549646,16.2));
#20510=VERTEX_POINT('',#20500);
#20520=EDGE_CURVE('',#20510,#20430,#20490,.T.);
#20530=ORIENTED_EDGE('',*,*,#20520,.T.);
#20540=CARTESIAN_POINT('',(-3.559647,0.,16.2));
#20550=DIRECTION('',(0.,1.,0.));
#20560=VECTOR('',#20550,1.);
#20570=LINE('',#20540,#20560);
#20580=EDGE_CURVE('',#20510,#16820,#20570,.T.);
#20590=ORIENTED_EDGE('',*,*,#20580,.F.);
#20600=ORIENTED_EDGE('',*,*,#16830,.F.);
#20610=EDGE_LOOP('',(#20600,#20590,#20530,#20450));
#20620=FACE_OUTER_BOUND('',#20610,.T.);
#20630=ADVANCED_FACE('',(#20620),#20370,.F.);
#20640=CARTESIAN_POINT('',(-3.279647,2.850354,16.));
#20650=DIRECTION('',(-0.999308451930343,0.0371835703043849,0.));
#20660=DIRECTION('',(-0.0371835703043849,-0.999308451930343,0.));
#20670=AXIS2_PLACEMENT_3D('',#20640,#20650,#20660);
#20680=PLANE('',#20670);
#20690=CARTESIAN_POINT('',(-3.359647,0.700353999999999,15.3));
#20700=DIRECTION('',(0.0371835703043847,0.999308451930343,0.));
#20710=VECTOR('',#20700,1.);
#20720=LINE('',#20690,#20710);
#20730=CARTESIAN_POINT('',(-3.359647,0.700353999999999,15.3));
#20740=VERTEX_POINT('',#20730);
#20750=CARTESIAN_POINT('',(-3.279647,2.850354,15.3));
#20760=VERTEX_POINT('',#20750);
#20770=EDGE_CURVE('',#20740,#20760,#20720,.T.);
#20780=ORIENTED_EDGE('',*,*,#20770,.T.);
#20790=CARTESIAN_POINT('',(-3.359647,0.700354,16.));
#20800=DIRECTION('',(0.,0.,-1.));
#20810=VECTOR('',#20800,1.);
#20820=LINE('',#20790,#20810);
#20830=EDGE_CURVE('',#18790,#20740,#20820,.T.);
#20840=ORIENTED_EDGE('',*,*,#20830,.T.);
#20850=ORIENTED_EDGE('',*,*,#19210,.F.);
#20860=CARTESIAN_POINT('',(-3.279647,2.850354,0.));
#20870=DIRECTION('',(0.,0.,-1.));
#20880=VECTOR('',#20870,1.);
#20890=LINE('',#20860,#20880);
#20900=EDGE_CURVE('',#19140,#20760,#20890,.T.);
#20910=ORIENTED_EDGE('',*,*,#20900,.F.);
#20920=EDGE_LOOP('',(#20910,#20850,#20840,#20780));
#20930=FACE_OUTER_BOUND('',#20920,.T.);
#20940=ADVANCED_FACE('',(#20930),#20680,.F.);
#20950=CARTESIAN_POINT('',(-3.559647,-1.219646,16.2));
#20960=DIRECTION('',(0.,0.,1.));
#20970=DIRECTION('',(0.,1.,0.));
#20980=AXIS2_PLACEMENT_3D('',#20950,#20960,#20970);
#20990=PLANE('',#20980);
#21000=CARTESIAN_POINT('',(-3.519294,-3.549646,16.2));
#21010=DIRECTION('',(1.,0.,0.));
#21020=VECTOR('',#21010,1.);
#21030=LINE('',#21000,#21020);
#21040=EDGE_CURVE('',#5820,#20510,#21030,.T.);
#21050=ORIENTED_EDGE('',*,*,#21040,.T.);
#21060=ORIENTED_EDGE('',*,*,#5830,.T.);
#21070=ORIENTED_EDGE('',*,*,#16890,.F.);
#21080=ORIENTED_EDGE('',*,*,#20580,.T.);
#21090=EDGE_LOOP('',(#21080,#21070,#21060,#21050));
#21100=FACE_OUTER_BOUND('',#21090,.T.);
#21110=ADVANCED_FACE('',(#21100),#20990,.T.);
#21120=CARTESIAN_POINT('',(0.740353,-3.949646,15.6));
#21130=DIRECTION('',(1.,4.89842541528951E-16,0.));
#21140=DIRECTION('',(0.,0.,-1.));
#21150=AXIS2_PLACEMENT_3D('',#21120,#21130,#21140);
#21160=PLANE('',#21150);
#21170=CARTESIAN_POINT('',(0.740353,-1.31380506137886E-16,15.3));
#21180=DIRECTION('',(-1.22460635382238E-16,1.,0.));
#21190=VECTOR('',#21180,1.);
#21200=LINE('',#21170,#21190);
#21210=CARTESIAN_POINT('',(0.740353,-2.149646,15.3));
#21220=VERTEX_POINT('',#21210);
#21230=CARTESIAN_POINT('',(0.740353,-0.399646,15.3));
#21240=VERTEX_POINT('',#21230);
#21250=EDGE_CURVE('',#21220,#21240,#21200,.T.);
#21260=ORIENTED_EDGE('',*,*,#21250,.T.);
#21270=CARTESIAN_POINT('',(0.740353,-2.149646,16.));
#21280=DIRECTION('',(0.,0.,1.));
#21290=VECTOR('',#21280,1.);
#21300=LINE('',#21270,#21290);
#21310=CARTESIAN_POINT('',(0.740353,-2.149646,14.7));
#21320=VERTEX_POINT('',#21310);
#21330=EDGE_CURVE('',#21320,#21220,#21300,.T.);
#21340=ORIENTED_EDGE('',*,*,#21330,.T.);
#21350=CARTESIAN_POINT('',(0.740353,-1.31380506137886E-16,14.7));
#21360=DIRECTION('',(-1.22460635382238E-16,1.,0.));
#21370=VECTOR('',#21360,1.);
#21380=LINE('',#21350,#21370);
#21390=CARTESIAN_POINT('',(0.740353,-0.399646,14.7));
#21400=VERTEX_POINT('',#21390);
#21410=EDGE_CURVE('',#21320,#21400,#21380,.T.);
#21420=ORIENTED_EDGE('',*,*,#21410,.F.);
#21430=CARTESIAN_POINT('',(0.740353,-0.399646,14.));
#21440=DIRECTION('',(0.,0.,1.));
#21450=VECTOR('',#21440,1.);
#21460=LINE('',#21430,#21450);
#21470=CARTESIAN_POINT('',(0.740353,-0.399646,13.3));
#21480=VERTEX_POINT('',#21470);
#21490=EDGE_CURVE('',#21480,#21400,#21460,.T.);
#21500=ORIENTED_EDGE('',*,*,#21490,.T.);
#21510=CARTESIAN_POINT('',(0.740353,-1.31380506137886E-16,13.3));
#21520=DIRECTION('',(-1.22460635382238E-16,1.,0.));
#21530=VECTOR('',#21520,1.);
#21540=LINE('',#21510,#21530);
#21550=CARTESIAN_POINT('',(0.740353,-2.149646,13.3));
#21560=VERTEX_POINT('',#21550);
#21570=EDGE_CURVE('',#21560,#21480,#21540,.T.);
#21580=ORIENTED_EDGE('',*,*,#21570,.T.);
#21590=CARTESIAN_POINT('',(0.740352999999999,-2.149646,32.));
#21600=DIRECTION('',(0.,0.,-1.));
#21610=VECTOR('',#21600,1.);
#21620=LINE('',#21590,#21610);
#21630=CARTESIAN_POINT('',(0.740352999999999,-2.149646,12.));
#21640=VERTEX_POINT('',#21630);
#21650=EDGE_CURVE('',#21560,#21640,#21620,.T.);
#21660=ORIENTED_EDGE('',*,*,#21650,.F.);
#21670=CARTESIAN_POINT('',(0.740353,-3.949646,12.));
#21680=DIRECTION('',(-3.67381906146713E-16,1.,0.));
#21690=VECTOR('',#21680,1.);
#21700=LINE('',#21670,#21690);
#21710=CARTESIAN_POINT('',(0.740353,-3.949646,12.));
#21720=VERTEX_POINT('',#21710);
#21730=EDGE_CURVE('',#21720,#21640,#21700,.T.);
#21740=ORIENTED_EDGE('',*,*,#21730,.T.);
#21750=CARTESIAN_POINT('',(0.740353,-3.949646,8.4));
#21760=DIRECTION('',(0.,0.,-1.));
#21770=VECTOR('',#21760,1.);
#21780=LINE('',#21750,#21770);
#21790=EDGE_CURVE('',#19400,#21720,#21780,.T.);
#21800=ORIENTED_EDGE('',*,*,#21790,.T.);
#21810=ORIENTED_EDGE('',*,*,#19410,.F.);
#21820=ORIENTED_EDGE('',*,*,#13750,.T.);
#21830=ORIENTED_EDGE('',*,*,#14530,.F.);
#21840=CARTESIAN_POINT('',(0.740353,-0.399646,18.));
#21850=DIRECTION('',(0.,0.,-1.));
#21860=VECTOR('',#21850,1.);
#21870=LINE('',#21840,#21860);
#21880=CARTESIAN_POINT('',(0.740353,-0.399646,17.3));
#21890=VERTEX_POINT('',#21880);
#21900=EDGE_CURVE('',#14520,#21890,#21870,.T.);
#21910=ORIENTED_EDGE('',*,*,#21900,.F.);
#21920=CARTESIAN_POINT('',(0.740353,0.,17.3));
#21930=DIRECTION('',(0.,1.,0.));
#21940=VECTOR('',#21930,1.);
#21950=LINE('',#21920,#21940);
#21960=CARTESIAN_POINT('',(0.740353,-2.149646,17.3));
#21970=VERTEX_POINT('',#21960);
#21980=EDGE_CURVE('',#21970,#21890,#21950,.T.);
#21990=ORIENTED_EDGE('',*,*,#21980,.T.);
#22000=CARTESIAN_POINT('',(0.740353,-2.149646,16.));
#22010=DIRECTION('',(0.,0.,-1.));
#22020=VECTOR('',#22010,1.);
#22030=LINE('',#22000,#22020);
#22040=CARTESIAN_POINT('',(0.740353,-2.149646,16.7));
#22050=VERTEX_POINT('',#22040);
#22060=EDGE_CURVE('',#21970,#22050,#22030,.T.);
#22070=ORIENTED_EDGE('',*,*,#22060,.F.);
#22080=CARTESIAN_POINT('',(0.740353,0.,16.7));
#22090=DIRECTION('',(0.,1.,0.));
#22100=VECTOR('',#22090,1.);
#22110=LINE('',#22080,#22100);
#22120=CARTESIAN_POINT('',(0.740353,-0.399646,16.7));
#22130=VERTEX_POINT('',#22120);
#22140=EDGE_CURVE('',#22050,#22130,#22110,.T.);
#22150=ORIENTED_EDGE('',*,*,#22140,.F.);
#22160=CARTESIAN_POINT('',(0.740353,-0.399646,16.));
#22170=DIRECTION('',(0.,0.,-1.));
#22180=VECTOR('',#22170,1.);
#22190=LINE('',#22160,#22180);
#22200=EDGE_CURVE('',#22130,#21240,#22190,.T.);
#22210=ORIENTED_EDGE('',*,*,#22200,.F.);
#22220=EDGE_LOOP('',(#22210,#22150,#22070,#21990,#21910,#21830,#21820,
#21810,#21800,#21740,#21660,#21580,#21500,#21420,#21340,#21260));
#22230=FACE_OUTER_BOUND('',#22220,.T.);
#22240=ADVANCED_FACE('',(#22230),#21160,.T.);
#22250=CARTESIAN_POINT('',(-3.559647,-3.549646,16.2));
#22260=DIRECTION('',(0.,-0.447213595499959,0.894427190999916));
#22270=DIRECTION('',(0.,0.894427190999916,0.447213595499959));
#22280=AXIS2_PLACEMENT_3D('',#22250,#22260,#22270);
#22290=PLANE('',#22280);
#22300=CARTESIAN_POINT('',(-0.897412499999999,0.,17.974823));
#22310=DIRECTION('',(0.557086014531156,0.742781352708207,
0.371390676354104));
#22320=VECTOR('',#22310,1.);
#22330=LINE('',#22300,#22320);
#22340=EDGE_CURVE('',#5900,#20510,#22330,.T.);
#22350=ORIENTED_EDGE('',*,*,#22340,.T.);
#22360=ORIENTED_EDGE('',*,*,#5910,.F.);
#22370=ORIENTED_EDGE('',*,*,#21040,.F.);
#22380=EDGE_LOOP('',(#22370,#22360,#22350));
#22390=FACE_OUTER_BOUND('',#22380,.T.);
#22400=ADVANCED_FACE('',(#22390),#22290,.T.);
#22410=CARTESIAN_POINT('',(-3.559647,-3.949646,16.8));
#22420=DIRECTION('',(0.,0.,-1.));
#22430=DIRECTION('',(0.,-1.,0.));
#22440=AXIS2_PLACEMENT_3D('',#22410,#22420,#22430);
#22450=PLANE('',#22440);
#22460=ORIENTED_EDGE('',*,*,#6070,.T.);
#22470=CARTESIAN_POINT('',(-3.519294,-3.949646,16.8));
#22480=DIRECTION('',(1.,0.,0.));
#22490=VECTOR('',#22480,1.);
#22500=LINE('',#22470,#22490);
#22510=CARTESIAN_POINT('',(-1.959647,-3.949646,16.8));
#22520=VERTEX_POINT('',#22510);
#22530=EDGE_CURVE('',#5980,#22520,#22500,.T.);
#22540=ORIENTED_EDGE('',*,*,#22530,.F.);
#22550=CARTESIAN_POINT('',(-1.959647,0.,16.8));
#22560=DIRECTION('',(0.,1.,0.));
#22570=VECTOR('',#22560,1.);
#22580=LINE('',#22550,#22570);
#22590=EDGE_CURVE('',#22520,#5080,#22580,.T.);
#22600=ORIENTED_EDGE('',*,*,#22590,.F.);
#22610=ORIENTED_EDGE('',*,*,#5090,.T.);
#22620=ORIENTED_EDGE('',*,*,#18710,.F.);
#22630=ORIENTED_EDGE('',*,*,#9970,.F.);
#22640=ORIENTED_EDGE('',*,*,#10190,.F.);
#22650=EDGE_LOOP('',(#22640,#22630,#22620,#22610,#22600,#22540,#22460));
#22660=FACE_OUTER_BOUND('',#22650,.T.);
#22670=ADVANCED_FACE('',(#22660),#22450,.T.);
#22680=CARTESIAN_POINT('',(-1.959647,-3.949646,16.));
#22690=DIRECTION('',(1.,0.,0.));
#22700=DIRECTION('',(0.,1.,0.));
#22710=AXIS2_PLACEMENT_3D('',#22680,#22690,#22700);
#22720=PLANE('',#22710);
#22730=CARTESIAN_POINT('',(-1.959647,-4.62024221669927E-16,15.2));
#22740=DIRECTION('',(-1.22460635382238E-16,1.,0.));
#22750=VECTOR('',#22740,1.);
#22760=LINE('',#22730,#22750);
#22770=CARTESIAN_POINT('',(-1.959647,-3.949646,15.2));
#22780=VERTEX_POINT('',#22770);
#22790=CARTESIAN_POINT('',(-1.959647,-0.199646000000001,15.2));
#22800=VERTEX_POINT('',#22790);
#22810=EDGE_CURVE('',#22780,#22800,#22760,.T.);
#22820=ORIENTED_EDGE('',*,*,#22810,.F.);
#22830=CARTESIAN_POINT('',(-1.959647,-4.62024221669927E-16,
15.2665486666667));
#22840=DIRECTION('',(-1.16176359455783E-16,0.948683298050514,
0.316227766016838));
#22850=VECTOR('',#22840,1.);
#22860=LINE('',#22830,#22850);
#22870=CARTESIAN_POINT('',(-1.959647,0.100354,15.3));
#22880=VERTEX_POINT('',#22870);
#22890=EDGE_CURVE('',#22800,#22880,#22860,.T.);
#22900=ORIENTED_EDGE('',*,*,#22890,.F.);
#22910=CARTESIAN_POINT('',(-1.959647,-3.949646,15.3));
#22920=DIRECTION('',(-1.22460635382238E-16,1.,0.));
#22930=VECTOR('',#22920,1.);
#22940=LINE('',#22910,#22930);
#22950=CARTESIAN_POINT('',(-1.959647,2.850354,15.3));
#22960=VERTEX_POINT('',#22950);
#22970=EDGE_CURVE('',#22880,#22960,#22940,.T.);
#22980=ORIENTED_EDGE('',*,*,#22970,.F.);
#22990=CARTESIAN_POINT('',(-1.959647,2.850354,16.));
#23000=DIRECTION('',(0.,0.,-1.));
#23010=VECTOR('',#23000,1.);
#23020=LINE('',#22990,#23010);
#23030=EDGE_CURVE('',#19060,#22960,#23020,.T.);
#23040=ORIENTED_EDGE('',*,*,#23030,.T.);
#23050=ORIENTED_EDGE('',*,*,#19070,.T.);
#23060=ORIENTED_EDGE('',*,*,#5150,.T.);
#23070=ORIENTED_EDGE('',*,*,#22590,.T.);
#23080=CARTESIAN_POINT('',(-1.959647,-3.949646,16.));
#23090=DIRECTION('',(0.,0.,1.));
#23100=VECTOR('',#23090,1.);
#23110=LINE('',#23080,#23100);
#23120=EDGE_CURVE('',#22780,#22520,#23110,.T.);
#23130=ORIENTED_EDGE('',*,*,#23120,.T.);
#23140=EDGE_LOOP('',(#23130,#23070,#23060,#23050,#23040,#22980,#22900,
#22820));
#23150=FACE_OUTER_BOUND('',#23140,.T.);
#23160=ADVANCED_FACE('',(#23150),#22720,.F.);
#23170=CARTESIAN_POINT('',(-3.559647,-3.549646,16.));
#23180=DIRECTION('',(-0.8,0.6,0.));
#23190=DIRECTION('',(-0.6,-0.8,0.));
#23200=AXIS2_PLACEMENT_3D('',#23170,#23180,#23190);
#23210=PLANE('',#23200);
#23220=CARTESIAN_POINT('',(-0.897412499999999,-3.31942309874994E-16,
14.025177));
#23230=DIRECTION('',(0.557086014531155,0.742781352708207,
-0.371390676354104));
#23240=VECTOR('',#23230,1.);
#23250=LINE('',#23220,#23240);
#23260=EDGE_CURVE('',#5900,#20430,#23250,.T.);
#23270=ORIENTED_EDGE('',*,*,#23260,.T.);
#23280=ORIENTED_EDGE('',*,*,#22340,.F.);
#23290=ORIENTED_EDGE('',*,*,#20520,.F.);
#23300=EDGE_LOOP('',(#23290,#23280,#23270));
#23310=FACE_OUTER_BOUND('',#23300,.T.);
#23320=ADVANCED_FACE('',(#23310),#23210,.F.);
#23330=CARTESIAN_POINT('',(-2.659647,-0.0496460000000005,15.25));
#23340=DIRECTION('',(3.87254531519276E-17,-0.316227766016838,
0.948683298050514));
#23350=DIRECTION('',(1.16176359455783E-16,-0.948683298050514,
-0.316227766016838));
#23360=AXIS2_PLACEMENT_3D('',#23330,#23340,#23350);
#23370=PLANE('',#23360);
#23380=ORIENTED_EDGE('',*,*,#22890,.T.);
#23390=CARTESIAN_POINT('',(-3.519294,-0.199646000000001,15.2));
#23400=DIRECTION('',(1.,1.22460635382238E-16,0.));
#23410=VECTOR('',#23400,1.);
#23420=LINE('',#23390,#23410);
#23430=CARTESIAN_POINT('',(-3.359647,-0.199646000000001,15.2));
#23440=VERTEX_POINT('',#23430);
#23450=EDGE_CURVE('',#23440,#22800,#23420,.T.);
#23460=ORIENTED_EDGE('',*,*,#23450,.T.);
#23470=CARTESIAN_POINT('',(-3.359647,-6.3346911120506E-16,
15.2665486666667));
#23480=DIRECTION('',(1.16176359455783E-16,-0.948683298050514,
-0.316227766016838));
#23490=VECTOR('',#23480,1.);
#23500=LINE('',#23470,#23490);
#23510=CARTESIAN_POINT('',(-3.359647,0.100353999999999,15.3));
#23520=VERTEX_POINT('',#23510);
#23530=EDGE_CURVE('',#23520,#23440,#23500,.T.);
#23540=ORIENTED_EDGE('',*,*,#23530,.T.);
#23550=CARTESIAN_POINT('',(-3.519294,0.100353999999999,15.3));
#23560=DIRECTION('',(1.,1.22460635382238E-16,0.));
#23570=VECTOR('',#23560,1.);
#23580=LINE('',#23550,#23570);
#23590=EDGE_CURVE('',#23520,#22880,#23580,.T.);
#23600=ORIENTED_EDGE('',*,*,#23590,.F.);
#23610=EDGE_LOOP('',(#23600,#23540,#23460,#23380));
#23620=FACE_OUTER_BOUND('',#23610,.T.);
#23630=ADVANCED_FACE('',(#23620),#23370,.T.);
#23640=CARTESIAN_POINT('',(-3.359647,-1.35181581354619,15.1818349424005)
);
#23650=DIRECTION('',(-1.,-1.22460635382238E-16,0.));
#23660=DIRECTION('',(-1.22460635382238E-16,1.,0.));
#23670=AXIS2_PLACEMENT_3D('',#23640,#23650,#23660);
#23680=PLANE('',#23670);
#23690=CARTESIAN_POINT('',(-3.359647,-0.899645999999999,32.));
#23700=DIRECTION('',(0.,0.,-1.));
#23710=VECTOR('',#23700,1.);
#23720=LINE('',#23690,#23710);
#23730=CARTESIAN_POINT('',(-3.359647,-0.899645999999999,15.2));
#23740=VERTEX_POINT('',#23730);
#23750=CARTESIAN_POINT('',(-3.359647,-0.899645999999999,14.8));
#23760=VERTEX_POINT('',#23750);
#23770=EDGE_CURVE('',#23740,#23760,#23720,.T.);
#23780=ORIENTED_EDGE('',*,*,#23770,.F.);
#23790=CARTESIAN_POINT('',(-3.359647,-6.3346911120506E-16,14.8));
#23800=DIRECTION('',(1.22460635382238E-16,-1.,0.));
#23810=VECTOR('',#23800,1.);
#23820=LINE('',#23790,#23810);
#23830=CARTESIAN_POINT('',(-3.359647,-0.199646000000001,14.8));
#23840=VERTEX_POINT('',#23830);
#23850=EDGE_CURVE('',#23840,#23760,#23820,.T.);
#23860=ORIENTED_EDGE('',*,*,#23850,.T.);
#23870=CARTESIAN_POINT('',(-3.359647,-6.3346911120506E-16,
14.7334513333333));
#23880=DIRECTION('',(1.16176359455783E-16,-0.948683298050514,
0.316227766016838));
#23890=VECTOR('',#23880,1.);
#23900=LINE('',#23870,#23890);
#23910=CARTESIAN_POINT('',(-3.359647,0.100353999999999,14.7));
#23920=VERTEX_POINT('',#23910);
#23930=EDGE_CURVE('',#23920,#23840,#23900,.T.);
#23940=ORIENTED_EDGE('',*,*,#23930,.T.);
#23950=CARTESIAN_POINT('',(-3.359647,-6.3346911120506E-16,14.7));
#23960=DIRECTION('',(1.22460635382238E-16,-1.,0.));
#23970=VECTOR('',#23960,1.);
#23980=LINE('',#23950,#23970);
#23990=EDGE_CURVE('',#1190,#23920,#23980,.T.);
#24000=ORIENTED_EDGE('',*,*,#23990,.T.);
#24010=CARTESIAN_POINT('',(-3.359647,0.700353999999999,14.));
#24020=DIRECTION('',(0.,0.,1.));
#24030=VECTOR('',#24020,1.);
#24040=LINE('',#24010,#24030);
#24050=EDGE_CURVE('',#1190,#20740,#24040,.T.);
#24060=ORIENTED_EDGE('',*,*,#24050,.F.);
#24070=CARTESIAN_POINT('',(-3.359647,-6.3346911120506E-16,15.3));
#24080=DIRECTION('',(1.22460635382238E-16,-1.,0.));
#24090=VECTOR('',#24080,1.);
#24100=LINE('',#24070,#24090);
#24110=EDGE_CURVE('',#20740,#23520,#24100,.T.);
#24120=ORIENTED_EDGE('',*,*,#24110,.F.);
#24130=ORIENTED_EDGE('',*,*,#23530,.F.);
#24140=CARTESIAN_POINT('',(-3.359647,-6.3346911120506E-16,15.2));
#24150=DIRECTION('',(1.22460635382238E-16,-1.,0.));
#24160=VECTOR('',#24150,1.);
#24170=LINE('',#24140,#24160);
#24180=EDGE_CURVE('',#23440,#23740,#24170,.T.);
#24190=ORIENTED_EDGE('',*,*,#24180,.F.);
#24200=EDGE_LOOP('',(#24190,#24130,#24120,#24060,#24000,#23940,#23860,
#23780));
#24210=FACE_OUTER_BOUND('',#24200,.T.);
#24220=ADVANCED_FACE('',(#24210),#23680,.T.);
#24230=CARTESIAN_POINT('',(-3.359647,-0.899645999999999,14.8));
#24240=DIRECTION('',(0.847998304005089,-0.529998940003179,0.));
#24250=DIRECTION('',(0.529998940003179,0.847998304005089,0.));
#24260=AXIS2_PLACEMENT_3D('',#24230,#24240,#24250);
#24270=PLANE('',#24260);
#24280=CARTESIAN_POINT('',(-3.859647,-1.699646,14.8));
#24290=DIRECTION('',(0.529998940003179,0.847998304005089,0.));
#24300=VECTOR('',#24290,1.);
#24310=LINE('',#24280,#24300);
#24320=CARTESIAN_POINT('',(-3.859647,-1.699646,14.8));
#24330=VERTEX_POINT('',#24320);
#24340=EDGE_CURVE('',#24330,#23760,#24310,.T.);
#24350=ORIENTED_EDGE('',*,*,#24340,.F.);
#24360=ORIENTED_EDGE('',*,*,#23770,.T.);
#24370=CARTESIAN_POINT('',(-2.79736825,-5.6461209821813E-16,15.2));
#24380=DIRECTION('',(-0.529998940003179,-0.847998304005089,0.));
#24390=VECTOR('',#24380,1.);
#24400=LINE('',#24370,#24390);
#24410=CARTESIAN_POINT('',(-3.859647,-1.699646,15.2));
#24420=VERTEX_POINT('',#24410);
#24430=EDGE_CURVE('',#23740,#24420,#24400,.T.);
#24440=ORIENTED_EDGE('',*,*,#24430,.F.);
#24450=CARTESIAN_POINT('',(-3.859647,-1.699646,14.8));
#24460=DIRECTION('',(0.,0.,1.));
#24470=VECTOR('',#24460,1.);
#24480=LINE('',#24450,#24470);
#24490=EDGE_CURVE('',#24330,#24420,#24480,.T.);
#24500=ORIENTED_EDGE('',*,*,#24490,.T.);
#24510=EDGE_LOOP('',(#24500,#24440,#24360,#24350));
#24520=FACE_OUTER_BOUND('',#24510,.T.);
#24530=ADVANCED_FACE('',(#24520),#24270,.F.);
#24540=CARTESIAN_POINT('',(-3.859647,-1.699646,14.8));
#24550=DIRECTION('',(1.,1.22460635382238E-16,0.));
#24560=DIRECTION('',(-1.22460635382238E-16,1.,0.));
#24570=AXIS2_PLACEMENT_3D('',#24540,#24550,#24560);
#24580=PLANE('',#24570);
#24590=CARTESIAN_POINT('',(-3.859647,-2.149646,14.8));
#24600=DIRECTION('',(-1.22460635382238E-16,1.,0.));
#24610=VECTOR('',#24600,1.);
#24620=LINE('',#24590,#24610);
#24630=CARTESIAN_POINT('',(-3.859647,-2.149646,14.8));
#24640=VERTEX_POINT('',#24630);
#24650=EDGE_CURVE('',#24640,#24330,#24620,.T.);
#24660=ORIENTED_EDGE('',*,*,#24650,.F.);
#24670=ORIENTED_EDGE('',*,*,#24490,.F.);
#24680=CARTESIAN_POINT('',(-3.859647,-6.94699428896179E-16,15.2));
#24690=DIRECTION('',(1.22460635382238E-16,-1.,0.));
#24700=VECTOR('',#24690,1.);
#24710=LINE('',#24680,#24700);
#24720=CARTESIAN_POINT('',(-3.859647,-2.149646,15.2));
#24730=VERTEX_POINT('',#24720);
#24740=EDGE_CURVE('',#24420,#24730,#24710,.T.);
#24750=ORIENTED_EDGE('',*,*,#24740,.F.);
#24760=CARTESIAN_POINT('',(-3.859647,-2.149646,32.));
#24770=DIRECTION('',(0.,0.,-1.));
#24780=VECTOR('',#24770,1.);
#24790=LINE('',#24760,#24780);
#24800=EDGE_CURVE('',#24730,#24640,#24790,.T.);
#24810=ORIENTED_EDGE('',*,*,#24800,.F.);
#24820=EDGE_LOOP('',(#24810,#24750,#24670,#24660));
#24830=FACE_OUTER_BOUND('',#24820,.T.);
#24840=ADVANCED_FACE('',(#24830),#24580,.F.);
#24850=CARTESIAN_POINT('',(0.340353,-2.149646,12.));
#24860=DIRECTION('',(-1.,7.98507095069929E-17,0.));
#24870=DIRECTION('',(-7.98507095069929E-17,-1.,0.));
#24880=AXIS2_PLACEMENT_3D('',#24850,#24860,#24870);
#24890=PLANE('',#24880);
#24900=CARTESIAN_POINT('',(0.340353,-1.699646,32.));
#24910=DIRECTION('',(0.,0.,1.));
#24920=VECTOR('',#24910,1.);
#24930=LINE('',#24900,#24920);
#24940=CARTESIAN_POINT('',(0.340353,-1.699646,12.75));
#24950=VERTEX_POINT('',#24940);
#24960=CARTESIAN_POINT('',(0.340353,-1.699646,13.2));
#24970=VERTEX_POINT('',#24960);
#24980=EDGE_CURVE('',#24950,#24970,#24930,.T.);
#24990=ORIENTED_EDGE('',*,*,#24980,.T.);
#25000=CARTESIAN_POINT('',(0.340353,-1.80364760290781E-16,12.75));
#25010=DIRECTION('',(7.98507095069929E-17,1.,0.));
#25020=VECTOR('',#25010,1.);
#25030=LINE('',#25000,#25020);
#25040=CARTESIAN_POINT('',(0.340353,-2.149646,12.75));
#25050=VERTEX_POINT('',#25040);
#25060=EDGE_CURVE('',#25050,#24950,#25030,.T.);
#25070=ORIENTED_EDGE('',*,*,#25060,.T.);
#25080=CARTESIAN_POINT('',(0.340353,-2.149646,32.));
#25090=DIRECTION('',(0.,0.,-1.));
#25100=VECTOR('',#25090,1.);
#25110=LINE('',#25080,#25100);
#25120=CARTESIAN_POINT('',(0.340353,-2.149646,13.2));
#25130=VERTEX_POINT('',#25120);
#25140=EDGE_CURVE('',#25130,#25050,#25110,.T.);
#25150=ORIENTED_EDGE('',*,*,#25140,.T.);
#25160=CARTESIAN_POINT('',(0.340353,-1.80364760290781E-16,13.2));
#25170=DIRECTION('',(7.98507095069929E-17,1.,0.));
#25180=VECTOR('',#25170,1.);
#25190=LINE('',#25160,#25180);
#25200=EDGE_CURVE('',#25130,#24970,#25190,.T.);
#25210=ORIENTED_EDGE('',*,*,#25200,.F.);
#25220=EDGE_LOOP('',(#25210,#25150,#25070,#24990));
#25230=FACE_OUTER_BOUND('',#25220,.T.);
#25240=ADVANCED_FACE('',(#25230),#24890,.F.);
#25250=CARTESIAN_POINT('',(-0.159647,-0.899646,12.75));
#25260=DIRECTION('',(0.847998304005088,0.52999894000318,0.));
#25270=DIRECTION('',(-0.52999894000318,0.847998304005088,0.));
#25280=AXIS2_PLACEMENT_3D('',#25250,#25260,#25270);
#25290=PLANE('',#25280);
#25300=ORIENTED_EDGE('',*,*,#24980,.F.);
#25310=CARTESIAN_POINT('',(-0.721925749999999,-3.1045209096883E-16,13.2)
);
#25320=DIRECTION('',(-0.52999894000318,0.847998304005088,0.));
#25330=VECTOR('',#25320,1.);
#25340=LINE('',#25310,#25330);
#25350=CARTESIAN_POINT('',(-0.159646999999999,-0.899646000000003,13.2));
#25360=VERTEX_POINT('',#25350);
#25370=EDGE_CURVE('',#24970,#25360,#25340,.T.);
#25380=ORIENTED_EDGE('',*,*,#25370,.F.);
#25390=CARTESIAN_POINT('',(-0.159646999999999,-0.899646000000003,32.));
#25400=DIRECTION('',(0.,0.,-1.));
#25410=VECTOR('',#25400,1.);
#25420=LINE('',#25390,#25410);
#25430=CARTESIAN_POINT('',(-0.159646999999999,-0.899646000000003,12.75))
;
#25440=VERTEX_POINT('',#25430);
#25450=EDGE_CURVE('',#25360,#25440,#25420,.T.);
#25460=ORIENTED_EDGE('',*,*,#25450,.F.);
#25470=CARTESIAN_POINT('',(-0.721925749999999,-3.1045209096883E-16,12.75
));
#25480=DIRECTION('',(-0.52999894000318,0.847998304005088,0.));
#25490=VECTOR('',#25480,1.);
#25500=LINE('',#25470,#25490);
#25510=EDGE_CURVE('',#24950,#25440,#25500,.T.);
#25520=ORIENTED_EDGE('',*,*,#25510,.T.);
#25530=EDGE_LOOP('',(#25520,#25460,#25380,#25300));
#25540=FACE_OUTER_BOUND('',#25530,.T.);
#25550=ADVANCED_FACE('',(#25540),#25290,.T.);
#25560=CARTESIAN_POINT('',(-0.859647,-0.0496460000000003,13.25));
#25570=DIRECTION('',(-3.87254531519276E-17,0.316227766016838,
-0.948683298050514));
#25580=DIRECTION('',(1.16176359455783E-16,-0.948683298050514,
-0.316227766016838));
#25590=AXIS2_PLACEMENT_3D('',#25560,#25570,#25580);
#25600=PLANE('',#25590);
#25610=CARTESIAN_POINT('',(-2.3433401952818E-16,0.100354,13.3));
#25620=DIRECTION('',(-1.,-1.22460635382238E-16,0.));
#25630=VECTOR('',#25620,1.);
#25640=LINE('',#25610,#25630);
#25650=CARTESIAN_POINT('',(-0.159647,0.100354,13.3));
#25660=VERTEX_POINT('',#25650);
#25670=CARTESIAN_POINT('',(-1.559647,0.100354,13.3));
#25680=VERTEX_POINT('',#25670);
#25690=EDGE_CURVE('',#25660,#25680,#25640,.T.);
#25700=ORIENTED_EDGE('',*,*,#25690,.T.);
#25710=CARTESIAN_POINT('',(-0.159647,-2.41595077981899E-16,
13.2665486666667));
#25720=DIRECTION('',(1.16176359455783E-16,-0.948683298050514,
-0.316227766016838));
#25730=VECTOR('',#25720,1.);
#25740=LINE('',#25710,#25730);
#25750=CARTESIAN_POINT('',(-0.159647,-0.199646,13.2));
#25760=VERTEX_POINT('',#25750);
#25770=EDGE_CURVE('',#25660,#25760,#25740,.T.);
#25780=ORIENTED_EDGE('',*,*,#25770,.F.);
#25790=CARTESIAN_POINT('',(-1.97595828913509E-16,-0.199646,13.2));
#25800=DIRECTION('',(-1.,-1.22460635382238E-16,0.));
#25810=VECTOR('',#25800,1.);
#25820=LINE('',#25790,#25810);
#25830=CARTESIAN_POINT('',(-1.559647,-0.199646000000001,13.2));
#25840=VERTEX_POINT('',#25830);
#25850=EDGE_CURVE('',#25760,#25840,#25820,.T.);
#25860=ORIENTED_EDGE('',*,*,#25850,.F.);
#25870=CARTESIAN_POINT('',(-1.559647,-4.13039967517032E-16,
13.2665486666667));
#25880=DIRECTION('',(-1.16176359455783E-16,0.948683298050514,
0.316227766016838));
#25890=VECTOR('',#25880,1.);
#25900=LINE('',#25870,#25890);
#25910=EDGE_CURVE('',#25840,#25680,#25900,.T.);
#25920=ORIENTED_EDGE('',*,*,#25910,.F.);
#25930=EDGE_LOOP('',(#25920,#25860,#25780,#25700));
#25940=FACE_OUTER_BOUND('',#25930,.T.);
#25950=ADVANCED_FACE('',(#25940),#25600,.F.);
#25960=CARTESIAN_POINT('',(-3.059647,3.350354,15.7));
#25970=DIRECTION('',(-1.,-2.44921270764475E-16,0.));
#25980=DIRECTION('',(0.,0.,-1.));
#25990=AXIS2_PLACEMENT_3D('',#25960,#25970,#25980);
#26000=PLANE('',#25990);
#26010=CARTESIAN_POINT('',(-3.059647,0.,16.3));
#26020=DIRECTION('',(1.22460635382238E-16,-1.,0.));
#26030=VECTOR('',#26020,1.);
#26040=LINE('',#26010,#26030);
#26050=CARTESIAN_POINT('',(-3.059647,2.850354,16.3));
#26060=VERTEX_POINT('',#26050);
#26070=EDGE_CURVE('',#12530,#26060,#26040,.T.);
#26080=ORIENTED_EDGE('',*,*,#26070,.T.);
#26090=ORIENTED_EDGE('',*,*,#12540,.T.);
#26100=ORIENTED_EDGE('',*,*,#19950,.F.);
#26110=CARTESIAN_POINT('',(-3.059647,2.850354,30.));
#26120=DIRECTION('',(0.,0.,1.));
#26130=VECTOR('',#26120,1.);
#26140=LINE('',#26110,#26130);
#26150=EDGE_CURVE('',#19880,#26060,#26140,.T.);
#26160=ORIENTED_EDGE('',*,*,#26150,.F.);
#26170=EDGE_LOOP('',(#26160,#26100,#26090,#26080));
#26180=FACE_OUTER_BOUND('',#26170,.T.);
#26190=ADVANCED_FACE('',(#26180),#26000,.F.);
#26200=CARTESIAN_POINT('',(-2.459647,3.350354,16.3));
#26210=DIRECTION('',(1.,2.44921270764475E-16,0.));
#26220=DIRECTION('',(0.,0.,1.));
#26230=AXIS2_PLACEMENT_3D('',#26200,#26210,#26220);
#26240=PLANE('',#26230);
#26250=CARTESIAN_POINT('',(-2.459647,0.,16.3));
#26260=DIRECTION('',(-1.22460635382238E-16,1.,0.));
#26270=VECTOR('',#26260,1.);
#26280=LINE('',#26250,#26270);
#26290=CARTESIAN_POINT('',(-2.459647,2.850354,16.3));
#26300=VERTEX_POINT('',#26290);
#26310=EDGE_CURVE('',#26300,#12610,#26280,.T.);
#26320=ORIENTED_EDGE('',*,*,#26310,.T.);
#26330=CARTESIAN_POINT('',(-2.459647,2.850354,0.));
#26340=DIRECTION('',(0.,0.,1.));
#26350=VECTOR('',#26340,1.);
#26360=LINE('',#26330,#26350);
#26370=EDGE_CURVE('',#19800,#26300,#26360,.T.);
#26380=ORIENTED_EDGE('',*,*,#26370,.T.);
#26390=ORIENTED_EDGE('',*,*,#19810,.F.);
#26400=ORIENTED_EDGE('',*,*,#12680,.F.);
#26410=EDGE_LOOP('',(#26400,#26390,#26380,#26320));
#26420=FACE_OUTER_BOUND('',#26410,.T.);
#26430=ADVANCED_FACE('',(#26420),#26240,.F.);
#26440=CARTESIAN_POINT('',(-3.059647,3.350354,13.7));
#26450=DIRECTION('',(-1.,-2.44921270764475E-16,0.));
#26460=DIRECTION('',(0.,0.,-1.));
#26470=AXIS2_PLACEMENT_3D('',#26440,#26450,#26460);
#26480=PLANE('',#26470);
#26490=CARTESIAN_POINT('',(-3.059647,-5.96730920590389E-16,13.7));
#26500=DIRECTION('',(2.44921270764475E-16,-1.,0.));
#26510=VECTOR('',#26500,1.);
#26520=LINE('',#26490,#26510);
#26530=CARTESIAN_POINT('',(-3.059647,2.850354,13.7));
#26540=VERTEX_POINT('',#26530);
#26550=EDGE_CURVE('',#11930,#26540,#26520,.T.);
#26560=ORIENTED_EDGE('',*,*,#26550,.F.);
#26570=CARTESIAN_POINT('',(-3.059647,2.850354,32.));
#26580=DIRECTION('',(0.,0.,1.));
#26590=VECTOR('',#26580,1.);
#26600=LINE('',#26570,#26590);
#26610=CARTESIAN_POINT('',(-3.059647,2.850354,14.3));
#26620=VERTEX_POINT('',#26610);
#26630=EDGE_CURVE('',#26540,#26620,#26600,.T.);
#26640=ORIENTED_EDGE('',*,*,#26630,.F.);
#26650=CARTESIAN_POINT('',(-3.059647,-5.96730920590389E-16,14.3));
#26660=DIRECTION('',(-2.44921270764475E-16,1.,0.));
#26670=VECTOR('',#26660,1.);
#26680=LINE('',#26650,#26670);
#26690=EDGE_CURVE('',#26620,#11770,#26680,.T.);
#26700=ORIENTED_EDGE('',*,*,#26690,.F.);
#26710=ORIENTED_EDGE('',*,*,#12000,.F.);
#26720=EDGE_LOOP('',(#26710,#26700,#26640,#26560));
#26730=FACE_OUTER_BOUND('',#26720,.T.);
#26740=ADVANCED_FACE('',(#26730),#26480,.F.);
#26750=CARTESIAN_POINT('',(-2.28906313620098,2.850354,13.074481924366));
#26760=DIRECTION('',(2.44921270764475E-16,-1.,0.));
#26770=DIRECTION('',(-1.,-2.44921270764475E-16,0.));
#26780=AXIS2_PLACEMENT_3D('',#26750,#26760,#26770);
#26790=PLANE('',#26780);
#26800=ORIENTED_EDGE('',*,*,#1360,.F.);
#26810=CARTESIAN_POINT('',(-4.770781,2.850354,14.7));
#26820=DIRECTION('',(-1.,-1.22460635382238E-16,0.));
#26830=VECTOR('',#26820,1.);
#26840=LINE('',#26810,#26830);
#26850=CARTESIAN_POINT('',(-1.959647,2.850354,14.7));
#26860=VERTEX_POINT('',#26850);
#26870=EDGE_CURVE('',#26860,#1270,#26840,.T.);
#26880=ORIENTED_EDGE('',*,*,#26870,.T.);
#26890=CARTESIAN_POINT('',(-1.959647,2.850354,14.));
#26900=DIRECTION('',(0.,0.,1.));
#26910=VECTOR('',#26900,1.);
#26920=LINE('',#26890,#26910);
#26930=CARTESIAN_POINT('',(-1.959647,2.850354,13.3));
#26940=VERTEX_POINT('',#26930);
#26950=EDGE_CURVE('',#26940,#26860,#26920,.T.);
#26960=ORIENTED_EDGE('',*,*,#26950,.T.);
#26970=CARTESIAN_POINT('',(-4.770781,2.850354,13.3));
#26980=DIRECTION('',(-1.,-1.22460635382238E-16,0.));
#26990=VECTOR('',#26980,1.);
#27000=LINE('',#26970,#26990);
#27010=EDGE_CURVE('',#26940,#1350,#27000,.T.);
#27020=ORIENTED_EDGE('',*,*,#27010,.F.);
#27030=EDGE_LOOP('',(#27020,#26960,#26880,#26800));
#27040=FACE_OUTER_BOUND('',#27030,.T.);
#27050=ORIENTED_EDGE('',*,*,#26630,.T.);
#27060=CARTESIAN_POINT('',(-5.71100766829334E-16,2.850354,13.7));
#27070=DIRECTION('',(-1.,-1.22460635382238E-16,0.));
#27080=VECTOR('',#27070,1.);
#27090=LINE('',#27060,#27080);
#27100=CARTESIAN_POINT('',(-2.459647,2.850354,13.7));
#27110=VERTEX_POINT('',#27100);
#27120=EDGE_CURVE('',#27110,#26540,#27090,.T.);
#27130=ORIENTED_EDGE('',*,*,#27120,.T.);
#27140=CARTESIAN_POINT('',(-2.459647,2.850354,32.));
#27150=DIRECTION('',(0.,0.,-1.));
#27160=VECTOR('',#27150,1.);
#27170=LINE('',#27140,#27160);
#27180=CARTESIAN_POINT('',(-2.459647,2.850354,14.3));
#27190=VERTEX_POINT('',#27180);
#27200=EDGE_CURVE('',#27190,#27110,#27170,.T.);
#27210=ORIENTED_EDGE('',*,*,#27200,.T.);
#27220=CARTESIAN_POINT('',(-5.71100766829334E-16,2.850354,14.3));
#27230=DIRECTION('',(1.,1.22460635382238E-16,0.));
#27240=VECTOR('',#27230,1.);
#27250=LINE('',#27220,#27240);
#27260=EDGE_CURVE('',#26620,#27190,#27250,.T.);
#27270=ORIENTED_EDGE('',*,*,#27260,.T.);
#27280=EDGE_LOOP('',(#27270,#27210,#27130,#27050));
#27290=FACE_BOUND('',#27280,.T.);
#27300=ADVANCED_FACE('',(#27040,#27290),#26790,.T.);
#27310=CARTESIAN_POINT('',(-3.39819102143219,-3.949646,33.526090266364))
;
#27320=DIRECTION('',(2.44921270764475E-16,-1.,0.));
#27330=DIRECTION('',(1.,2.44921270764475E-16,0.));
#27340=AXIS2_PLACEMENT_3D('',#27310,#27320,#27330);
#27350=PLANE('',#27340);
#27360=CARTESIAN_POINT('',(-3.519294,-3.949646,15.2));
#27370=DIRECTION('',(1.,1.22460635382238E-16,0.));
#27380=VECTOR('',#27370,1.);
#27390=LINE('',#27360,#27380);
#27400=CARTESIAN_POINT('',(-3.859647,-3.949646,15.2));
#27410=VERTEX_POINT('',#27400);
#27420=EDGE_CURVE('',#27410,#22780,#27390,.T.);
#27430=ORIENTED_EDGE('',*,*,#27420,.F.);
#27440=ORIENTED_EDGE('',*,*,#23120,.F.);
#27450=ORIENTED_EDGE('',*,*,#22530,.T.);
#27460=ORIENTED_EDGE('',*,*,#5990,.F.);
#27470=CARTESIAN_POINT('',(-3.859647,-3.949646,16.));
#27480=DIRECTION('',(0.,0.,1.));
#27490=VECTOR('',#27480,1.);
#27500=LINE('',#27470,#27490);
#27510=EDGE_CURVE('',#27410,#5900,#27500,.T.);
#27520=ORIENTED_EDGE('',*,*,#27510,.T.);
#27530=EDGE_LOOP('',(#27520,#27460,#27450,#27440,#27430));
#27540=FACE_BOUND('',#27530,.T.);
#27550=CARTESIAN_POINT('',(-1.959647,-3.949646,14.));
#27560=DIRECTION('',(0.,0.,-1.));
#27570=VECTOR('',#27560,1.);
#27580=LINE('',#27550,#27570);
#27590=CARTESIAN_POINT('',(-1.959647,-3.949646,14.8));
#27600=VERTEX_POINT('',#27590);
#27610=CARTESIAN_POINT('',(-1.959647,-3.949646,13.2));
#27620=VERTEX_POINT('',#27610);
#27630=EDGE_CURVE('',#27600,#27620,#27580,.T.);
#27640=ORIENTED_EDGE('',*,*,#27630,.T.);
#27650=CARTESIAN_POINT('',(-3.519294,-3.949646,14.8));
#27660=DIRECTION('',(1.,1.22460635382238E-16,0.));
#27670=VECTOR('',#27660,1.);
#27680=LINE('',#27650,#27670);
#27690=CARTESIAN_POINT('',(-3.859647,-3.949646,14.8));
#27700=VERTEX_POINT('',#27690);
#27710=EDGE_CURVE('',#27700,#27600,#27680,.T.);
#27720=ORIENTED_EDGE('',*,*,#27710,.T.);
#27730=CARTESIAN_POINT('',(-3.859647,-3.949646,14.));
#27740=DIRECTION('',(0.,0.,-1.));
#27750=VECTOR('',#27740,1.);
#27760=LINE('',#27730,#27750);
#27770=CARTESIAN_POINT('',(-3.859647,-3.949646,14.));
#27780=VERTEX_POINT('',#27770);
#27790=EDGE_CURVE('',#27700,#27780,#27760,.T.);
#27800=ORIENTED_EDGE('',*,*,#27790,.F.);
#27810=CARTESIAN_POINT('',(-3.859647,-3.949646,14.));
#27820=DIRECTION('',(0.,0.,1.));
#27830=VECTOR('',#27820,1.);
#27840=LINE('',#27810,#27830);
#27850=CARTESIAN_POINT('',(-3.859647,-3.949646,13.2));
#27860=VERTEX_POINT('',#27850);
#27870=EDGE_CURVE('',#27860,#27780,#27840,.T.);
#27880=ORIENTED_EDGE('',*,*,#27870,.T.);
#27890=CARTESIAN_POINT('',(-3.519294,-3.949646,13.2));
#27900=DIRECTION('',(1.,1.22460635382238E-16,0.));
#27910=VECTOR('',#27900,1.);
#27920=LINE('',#27890,#27910);
#27930=EDGE_CURVE('',#27860,#27620,#27920,.T.);
#27940=ORIENTED_EDGE('',*,*,#27930,.F.);
#27950=EDGE_LOOP('',(#27940,#27880,#27800,#27720,#27640));
#27960=FACE_BOUND('',#27950,.T.);
#27970=CARTESIAN_POINT('',(2.61631553769882E-16,-3.949646,13.2));
#27980=DIRECTION('',(-1.,-1.22460635382238E-16,0.));
#27990=VECTOR('',#27980,1.);
#28000=LINE('',#27970,#27990);
#28010=CARTESIAN_POINT('',(0.340353,-3.949646,13.2));
#28020=VERTEX_POINT('',#28010);
#28030=CARTESIAN_POINT('',(-1.559647,-3.949646,13.2));
#28040=VERTEX_POINT('',#28030);
#28050=EDGE_CURVE('',#28020,#28040,#28000,.T.);
#28060=ORIENTED_EDGE('',*,*,#28050,.T.);
#28070=CARTESIAN_POINT('',(0.340353,-3.949646,14.));
#28080=DIRECTION('',(0.,0.,1.));
#28090=VECTOR('',#28080,1.);
#28100=LINE('',#28070,#28090);
#28110=CARTESIAN_POINT('',(0.340353,-3.949646,14.));
#28120=VERTEX_POINT('',#28110);
#28130=EDGE_CURVE('',#28020,#28120,#28100,.T.);
#28140=ORIENTED_EDGE('',*,*,#28130,.F.);
#28150=CARTESIAN_POINT('',(0.340353,-3.949646,14.));
#28160=DIRECTION('',(0.,0.,-1.));
#28170=VECTOR('',#28160,1.);
#28180=LINE('',#28150,#28170);
#28190=CARTESIAN_POINT('',(0.340353,-3.949646,14.8));
#28200=VERTEX_POINT('',#28190);
#28210=EDGE_CURVE('',#28200,#28120,#28180,.T.);
#28220=ORIENTED_EDGE('',*,*,#28210,.T.);
#28230=CARTESIAN_POINT('',(2.61631553769882E-16,-3.949646,14.8));
#28240=DIRECTION('',(-1.,-1.22460635382238E-16,0.));
#28250=VECTOR('',#28240,1.);
#28260=LINE('',#28230,#28250);
#28270=CARTESIAN_POINT('',(-1.559647,-3.949646,14.8));
#28280=VERTEX_POINT('',#28270);
#28290=EDGE_CURVE('',#28200,#28280,#28260,.T.);
#28300=ORIENTED_EDGE('',*,*,#28290,.F.);
#28310=CARTESIAN_POINT('',(-1.559647,-3.949646,14.));
#28320=DIRECTION('',(0.,0.,-1.));
#28330=VECTOR('',#28320,1.);
#28340=LINE('',#28310,#28330);
#28350=EDGE_CURVE('',#28280,#28040,#28340,.T.);
#28360=ORIENTED_EDGE('',*,*,#28350,.F.);
#28370=EDGE_LOOP('',(#28360,#28300,#28220,#28140,#28060));
#28380=FACE_BOUND('',#28370,.T.);
#28390=CARTESIAN_POINT('',(-3.519294,-3.949646,18.8));
#28400=DIRECTION('',(1.,0.,0.));
#28410=VECTOR('',#28400,1.);
#28420=LINE('',#28390,#28410);
#28430=CARTESIAN_POINT('',(-3.859647,-3.949646,18.8));
#28440=VERTEX_POINT('',#28430);
#28450=EDGE_CURVE('',#28440,#4520,#28420,.T.);
#28460=ORIENTED_EDGE('',*,*,#28450,.T.);
#28470=CARTESIAN_POINT('',(-3.859647,-3.949646,18.));
#28480=DIRECTION('',(0.,0.,-1.));
#28490=VECTOR('',#28480,1.);
#28500=LINE('',#28470,#28490);
#28510=EDGE_CURVE('',#28440,#950,#28500,.T.);
#28520=ORIENTED_EDGE('',*,*,#28510,.F.);
#28530=ORIENTED_EDGE('',*,*,#1970,.T.);
#28540=ORIENTED_EDGE('',*,*,#7930,.F.);
#28550=ORIENTED_EDGE('',*,*,#4610,.F.);
#28560=EDGE_LOOP('',(#28550,#28540,#28530,#28520,#28460));
#28570=FACE_BOUND('',#28560,.T.);
#28580=CARTESIAN_POINT('',(-1.559647,-3.949646,18.));
#28590=DIRECTION('',(0.,0.,1.));
#28600=VECTOR('',#28590,1.);
#28610=LINE('',#28580,#28600);
#28620=CARTESIAN_POINT('',(-1.559647,-3.949646,17.2));
#28630=VERTEX_POINT('',#28620);
#28640=EDGE_CURVE('',#28630,#16190,#28610,.T.);
#28650=ORIENTED_EDGE('',*,*,#28640,.T.);
#28660=CARTESIAN_POINT('',(0.,-3.949646,17.2));
#28670=DIRECTION('',(-1.,0.,0.));
#28680=VECTOR('',#28670,1.);
#28690=LINE('',#28660,#28680);
#28700=CARTESIAN_POINT('',(0.340353,-3.949646,17.2));
#28710=VERTEX_POINT('',#28700);
#28720=EDGE_CURVE('',#28710,#28630,#28690,.T.);
#28730=ORIENTED_EDGE('',*,*,#28720,.T.);
#28740=CARTESIAN_POINT('',(0.340353,-3.949646,18.));
#28750=DIRECTION('',(0.,0.,1.));
#28760=VECTOR('',#28750,1.);
#28770=LINE('',#28740,#28760);
#28780=EDGE_CURVE('',#28710,#9660,#28770,.T.);
#28790=ORIENTED_EDGE('',*,*,#28780,.F.);
#28800=ORIENTED_EDGE('',*,*,#10530,.T.);
#28810=ORIENTED_EDGE('',*,*,#16260,.F.);
#28820=EDGE_LOOP('',(#28810,#28800,#28790,#28730,#28650));
#28830=FACE_BOUND('',#28820,.T.);
#28840=CARTESIAN_POINT('',(0.340353,-3.949646,16.));
#28850=DIRECTION('',(0.,0.,-1.));
#28860=VECTOR('',#28850,1.);
#28870=LINE('',#28840,#28860);
#28880=CARTESIAN_POINT('',(0.340353,-3.949646,16.8));
#28890=VERTEX_POINT('',#28880);
#28900=CARTESIAN_POINT('',(0.340353000000002,-3.949646,16.));
#28910=VERTEX_POINT('',#28900);
#28920=EDGE_CURVE('',#28890,#28910,#28870,.T.);
#28930=ORIENTED_EDGE('',*,*,#28920,.T.);
#28940=CARTESIAN_POINT('',(0.,-3.949646,16.8));
#28950=DIRECTION('',(-1.,0.,0.));
#28960=VECTOR('',#28950,1.);
#28970=LINE('',#28940,#28960);
#28980=CARTESIAN_POINT('',(-1.559647,-3.949646,16.8));
#28990=VERTEX_POINT('',#28980);
#29000=EDGE_CURVE('',#28890,#28990,#28970,.T.);
#29010=ORIENTED_EDGE('',*,*,#29000,.F.);
#29020=CARTESIAN_POINT('',(-1.559647,-3.949646,16.));
#29030=DIRECTION('',(0.,0.,-1.));
#29040=VECTOR('',#29030,1.);
#29050=LINE('',#29020,#29040);
#29060=CARTESIAN_POINT('',(-1.559647,-3.949646,15.2));
#29070=VERTEX_POINT('',#29060);
#29080=EDGE_CURVE('',#28990,#29070,#29050,.T.);
#29090=ORIENTED_EDGE('',*,*,#29080,.F.);
#29100=CARTESIAN_POINT('',(2.61631553769882E-16,-3.949646,15.2));
#29110=DIRECTION('',(-1.,-1.22460635382238E-16,0.));
#29120=VECTOR('',#29110,1.);
#29130=LINE('',#29100,#29120);
#29140=CARTESIAN_POINT('',(0.340353,-3.949646,15.2));
#29150=VERTEX_POINT('',#29140);
#29160=EDGE_CURVE('',#29150,#29070,#29130,.T.);
#29170=ORIENTED_EDGE('',*,*,#29160,.T.);
#29180=CARTESIAN_POINT('',(0.340353,-3.949646,16.));
#29190=DIRECTION('',(0.,0.,1.));
#29200=VECTOR('',#29190,1.);
#29210=LINE('',#29180,#29200);
#29220=EDGE_CURVE('',#29150,#28910,#29210,.T.);
#29230=ORIENTED_EDGE('',*,*,#29220,.F.);
#29240=EDGE_LOOP('',(#29230,#29170,#29090,#29010,#28930));
#29250=FACE_BOUND('',#29240,.T.);
#29260=ORIENTED_EDGE('',*,*,#19490,.T.);
#29270=ORIENTED_EDGE('',*,*,#21790,.F.);
#29280=CARTESIAN_POINT('',(0.740353,-3.949646,12.));
#29290=DIRECTION('',(-1.,-3.67381906146713E-16,0.));
#29300=VECTOR('',#29290,1.);
#29310=LINE('',#29280,#29300);
#29320=CARTESIAN_POINT('',(-4.259647,-3.949646,12.));
#29330=VERTEX_POINT('',#29320);
#29340=EDGE_CURVE('',#21720,#29330,#29310,.T.);
#29350=ORIENTED_EDGE('',*,*,#29340,.F.);
#29360=CARTESIAN_POINT('',(-4.259647,-3.949646,6.));
#29370=DIRECTION('',(0.,0.,1.));
#29380=VECTOR('',#29370,1.);
#29390=LINE('',#29360,#29380);
#29400=EDGE_CURVE('',#29330,#19480,#29390,.T.);
#29410=ORIENTED_EDGE('',*,*,#29400,.F.);
#29420=EDGE_LOOP('',(#29410,#29350,#29270,#29260));
#29430=FACE_OUTER_BOUND('',#29420,.T.);
#29440=ADVANCED_FACE('',(#27540,#27960,#28380,#28570,#28830,#29250,
#29430),#27350,.T.);
#29450=CARTESIAN_POINT('',(-3.859647,-1.74548523510262,15.474979283724))
;
#29460=DIRECTION('',(1.,1.22460635382238E-16,0.));
#29470=DIRECTION('',(1.22460635382238E-16,-1.,0.));
#29480=AXIS2_PLACEMENT_3D('',#29450,#29460,#29470);
#29490=PLANE('',#29480);
#29500=CARTESIAN_POINT('',(-3.859647,-2.149646,16.));
#29510=DIRECTION('',(0.,0.,-1.));
#29520=VECTOR('',#29510,1.);
#29530=LINE('',#29500,#29520);
#29540=CARTESIAN_POINT('',(-3.859647,-2.149646,15.3));
#29550=VERTEX_POINT('',#29540);
#29560=EDGE_CURVE('',#29550,#24730,#29530,.T.);
#29570=ORIENTED_EDGE('',*,*,#29560,.F.);
#29580=CARTESIAN_POINT('',(-3.859647,-6.94699428896179E-16,15.2));
#29590=DIRECTION('',(-1.22460635382238E-16,1.,0.));
#29600=VECTOR('',#29590,1.);
#29610=LINE('',#29580,#29600);
#29620=EDGE_CURVE('',#27410,#24730,#29610,.T.);
#29630=ORIENTED_EDGE('',*,*,#29620,.T.);
#29640=ORIENTED_EDGE('',*,*,#27510,.F.);
#29650=CARTESIAN_POINT('',(-3.859647,-6.94699428896179E-16,14.025177));
#29660=DIRECTION('',(-1.09532122113E-16,0.894427190999916,
-0.447213595499959));
#29670=VECTOR('',#29660,1.);
#29680=LINE('',#29650,#29670);
#29690=CARTESIAN_POINT('',(-3.859647,-3.549646,15.8));
#29700=VERTEX_POINT('',#29690);
#29710=EDGE_CURVE('',#5900,#29700,#29680,.T.);
#29720=ORIENTED_EDGE('',*,*,#29710,.F.);
#29730=CARTESIAN_POINT('',(-3.859647,-6.94699428896179E-16,15.8));
#29740=DIRECTION('',(1.22460635382238E-16,-1.,0.));
#29750=VECTOR('',#29740,1.);
#29760=LINE('',#29730,#29750);
#29770=EDGE_CURVE('',#16660,#29700,#29760,.T.);
#29780=ORIENTED_EDGE('',*,*,#29770,.T.);
#29790=ORIENTED_EDGE('',*,*,#16670,.F.);
#29800=CARTESIAN_POINT('',(-3.859647,-6.94699428896179E-16,15.3));
#29810=DIRECTION('',(1.22460635382238E-16,-1.,0.));
#29820=VECTOR('',#29810,1.);
#29830=LINE('',#29800,#29820);
#29840=EDGE_CURVE('',#16560,#29550,#29830,.T.);
#29850=ORIENTED_EDGE('',*,*,#29840,.F.);
#29860=EDGE_LOOP('',(#29850,#29790,#29780,#29720,#29640,#29630,#29570));
#29870=FACE_OUTER_BOUND('',#29860,.T.);
#29880=ADVANCED_FACE('',(#29870),#29490,.T.);
#29890=CARTESIAN_POINT('',(-3.359647,-0.399646,16.));
#29900=DIRECTION('',(1.22460635382238E-16,-1.,0.));
#29910=DIRECTION('',(-1.,-1.22460635382238E-16,0.));
#29920=AXIS2_PLACEMENT_3D('',#29890,#29900,#29910);
#29930=PLANE('',#29920);
#29940=ORIENTED_EDGE('',*,*,#20130,.T.);
#29950=CARTESIAN_POINT('',(-4.259647,-0.399646,16.));
#29960=DIRECTION('',(0.,0.,-1.));
#29970=VECTOR('',#29960,1.);
#29980=LINE('',#29950,#29970);
#29990=CARTESIAN_POINT('',(-4.259647,-0.399646000000001,15.3));
#30000=VERTEX_POINT('',#29990);
#30010=EDGE_CURVE('',#20100,#30000,#29980,.T.);
#30020=ORIENTED_EDGE('',*,*,#30010,.F.);
#30030=CARTESIAN_POINT('',(-3.519294,-0.399646000000001,15.3));
#30040=DIRECTION('',(1.,1.22460635382238E-16,0.));
#30050=VECTOR('',#30040,1.);
#30060=LINE('',#30030,#30050);
#30070=CARTESIAN_POINT('',(-3.359647,-0.399646000000001,15.3));
#30080=VERTEX_POINT('',#30070);
#30090=EDGE_CURVE('',#30000,#30080,#30060,.T.);
#30100=ORIENTED_EDGE('',*,*,#30090,.F.);
#30110=CARTESIAN_POINT('',(-3.359647,-0.399646000000001,16.));
#30120=DIRECTION('',(0.,0.,1.));
#30130=VECTOR('',#30120,1.);
#30140=LINE('',#30110,#30130);
#30150=EDGE_CURVE('',#30080,#20120,#30140,.T.);
#30160=ORIENTED_EDGE('',*,*,#30150,.F.);
#30170=EDGE_LOOP('',(#30160,#30100,#30020,#29940));
#30180=FACE_OUTER_BOUND('',#30170,.T.);
#30190=ADVANCED_FACE('',(#30180),#29930,.F.);
#30200=CARTESIAN_POINT('',(-4.259647,-2.149646,13.3));
#30210=DIRECTION('',(0.,0.,1.));
#30220=DIRECTION('',(1.22460635382238E-16,-1.,0.));
#30230=AXIS2_PLACEMENT_3D('',#30200,#30210,#30220);
#30240=PLANE('',#30230);
#30250=CARTESIAN_POINT('',(-4.259647,-7.43683683049074E-16,13.3));
#30260=DIRECTION('',(-1.22460635382238E-16,1.,0.));
#30270=VECTOR('',#30260,1.);
#30280=LINE('',#30250,#30270);
#30290=CARTESIAN_POINT('',(-4.259647,-2.149646,13.3));
#30300=VERTEX_POINT('',#30290);
#30310=CARTESIAN_POINT('',(-4.259647,-0.399646000000001,13.3));
#30320=VERTEX_POINT('',#30310);
#30330=EDGE_CURVE('',#30300,#30320,#30280,.T.);
#30340=ORIENTED_EDGE('',*,*,#30330,.T.);
#30350=CARTESIAN_POINT('',(-4.259647,-2.149646,13.3));
#30360=DIRECTION('',(1.,1.22460635382238E-16,0.));
#30370=VECTOR('',#30360,1.);
#30380=LINE('',#30350,#30370);
#30390=CARTESIAN_POINT('',(-3.859647,-2.149646,13.3));
#30400=VERTEX_POINT('',#30390);
#30410=EDGE_CURVE('',#30300,#30400,#30380,.T.);
#30420=ORIENTED_EDGE('',*,*,#30410,.F.);
#30430=CARTESIAN_POINT('',(-3.859647,-6.94699428896179E-16,13.3));
#30440=DIRECTION('',(1.22460635382238E-16,-1.,0.));
#30450=VECTOR('',#30440,1.);
#30460=LINE('',#30430,#30450);
#30470=CARTESIAN_POINT('',(-3.859647,-1.699646,13.3));
#30480=VERTEX_POINT('',#30470);
#30490=EDGE_CURVE('',#30480,#30400,#30460,.T.);
#30500=ORIENTED_EDGE('',*,*,#30490,.T.);
#30510=CARTESIAN_POINT('',(-2.79736825,-5.6461209821813E-16,13.3));
#30520=DIRECTION('',(0.52999894000318,0.847998304005088,0.));
#30530=VECTOR('',#30520,1.);
#30540=LINE('',#30510,#30530);
#30550=CARTESIAN_POINT('',(-3.359647,-0.899646000000001,13.3));
#30560=VERTEX_POINT('',#30550);
#30570=EDGE_CURVE('',#30480,#30560,#30540,.T.);
#30580=ORIENTED_EDGE('',*,*,#30570,.F.);
#30590=CARTESIAN_POINT('',(-3.359647,-6.3346911120506E-16,13.3));
#30600=DIRECTION('',(-1.22460635382238E-16,1.,0.));
#30610=VECTOR('',#30600,1.);
#30620=LINE('',#30590,#30610);
#30630=CARTESIAN_POINT('',(-3.359647,-0.399646000000001,13.3));
#30640=VERTEX_POINT('',#30630);
#30650=EDGE_CURVE('',#30560,#30640,#30620,.T.);
#30660=ORIENTED_EDGE('',*,*,#30650,.F.);
#30670=CARTESIAN_POINT('',(-3.519294,-0.399646000000001,13.3));
#30680=DIRECTION('',(1.,1.22460635382238E-16,0.));
#30690=VECTOR('',#30680,1.);
#30700=LINE('',#30670,#30690);
#30710=EDGE_CURVE('',#30320,#30640,#30700,.T.);
#30720=ORIENTED_EDGE('',*,*,#30710,.T.);
#30730=EDGE_LOOP('',(#30720,#30660,#30580,#30500,#30420,#30340));
#30740=FACE_OUTER_BOUND('',#30730,.T.);
#30750=ADVANCED_FACE('',(#30740),#30240,.F.);
#30760=CARTESIAN_POINT('',(-4.259647,-0.399646,12.));
#30770=DIRECTION('',(1.,2.44921270764475E-16,0.));
#30780=DIRECTION('',(2.44921270764475E-16,-1.,0.));
#30790=AXIS2_PLACEMENT_3D('',#30760,#30770,#30780);
#30800=PLANE('',#30790);
#30810=ORIENTED_EDGE('',*,*,#20280,.T.);
#30820=ORIENTED_EDGE('',*,*,#8180,.T.);
#30830=ORIENTED_EDGE('',*,*,#6600,.F.);
#30840=ORIENTED_EDGE('',*,*,#3260,.T.);
#30850=CARTESIAN_POINT('',(-4.259647,0.,18.7));
#30860=DIRECTION('',(0.,1.,0.));
#30870=VECTOR('',#30860,1.);
#30880=LINE('',#30850,#30870);
#30890=CARTESIAN_POINT('',(-4.259647,-2.149646,18.7));
#30900=VERTEX_POINT('',#30890);
#30910=EDGE_CURVE('',#30900,#3150,#30880,.T.);
#30920=ORIENTED_EDGE('',*,*,#30910,.T.);
#30930=CARTESIAN_POINT('',(-4.259647,-2.149646,19.25));
#30940=DIRECTION('',(0.,0.,1.));
#30950=VECTOR('',#30940,1.);
#30960=LINE('',#30930,#30950);
#30970=EDGE_CURVE('',#30900,#19560,#30960,.T.);
#30980=ORIENTED_EDGE('',*,*,#30970,.F.);
#30990=ORIENTED_EDGE('',*,*,#19570,.T.);
#31000=ORIENTED_EDGE('',*,*,#29400,.T.);
#31010=CARTESIAN_POINT('',(-4.259647,-3.949646,12.));
#31020=DIRECTION('',(-3.67381906146713E-16,1.,0.));
#31030=VECTOR('',#31020,1.);
#31040=LINE('',#31010,#31030);
#31050=CARTESIAN_POINT('',(-4.259647,-2.149646,12.));
#31060=VERTEX_POINT('',#31050);
#31070=EDGE_CURVE('',#29330,#31060,#31040,.T.);
#31080=ORIENTED_EDGE('',*,*,#31070,.F.);
#31090=CARTESIAN_POINT('',(-4.259647,-2.149646,12.75));
#31100=DIRECTION('',(0.,0.,-1.));
#31110=VECTOR('',#31100,1.);
#31120=LINE('',#31090,#31110);
#31130=EDGE_CURVE('',#30300,#31060,#31120,.T.);
#31140=ORIENTED_EDGE('',*,*,#31130,.T.);
#31150=ORIENTED_EDGE('',*,*,#30330,.F.);
#31160=CARTESIAN_POINT('',(-4.259647,-0.399646000000001,14.));
#31170=DIRECTION('',(0.,0.,1.));
#31180=VECTOR('',#31170,1.);
#31190=LINE('',#31160,#31180);
#31200=CARTESIAN_POINT('',(-4.259647,-0.399646000000001,14.7));
#31210=VERTEX_POINT('',#31200);
#31220=EDGE_CURVE('',#30320,#31210,#31190,.T.);
#31230=ORIENTED_EDGE('',*,*,#31220,.F.);
#31240=CARTESIAN_POINT('',(-4.259647,-7.43683683049074E-16,14.7));
#31250=DIRECTION('',(-1.22460635382238E-16,1.,0.));
#31260=VECTOR('',#31250,1.);
#31270=LINE('',#31240,#31260);
#31280=CARTESIAN_POINT('',(-4.259647,-2.149646,14.7));
#31290=VERTEX_POINT('',#31280);
#31300=EDGE_CURVE('',#31290,#31210,#31270,.T.);
#31310=ORIENTED_EDGE('',*,*,#31300,.T.);
#31320=CARTESIAN_POINT('',(-4.259647,-2.149646,16.));
#31330=DIRECTION('',(0.,0.,1.));
#31340=VECTOR('',#31330,1.);
#31350=LINE('',#31320,#31340);
#31360=CARTESIAN_POINT('',(-4.259647,-2.149646,15.3));
#31370=VERTEX_POINT('',#31360);
#31380=EDGE_CURVE('',#31290,#31370,#31350,.T.);
#31390=ORIENTED_EDGE('',*,*,#31380,.F.);
#31400=CARTESIAN_POINT('',(-4.259647,-7.43683683049074E-16,15.3));
#31410=DIRECTION('',(-1.22460635382238E-16,1.,0.));
#31420=VECTOR('',#31410,1.);
#31430=LINE('',#31400,#31420);
#31440=EDGE_CURVE('',#31370,#30000,#31430,.T.);
#31450=ORIENTED_EDGE('',*,*,#31440,.F.);
#31460=ORIENTED_EDGE('',*,*,#30010,.T.);
#31470=EDGE_LOOP('',(#31460,#31450,#31390,#31310,#31230,#31150,#31140,
#31080,#31000,#30990,#30980,#30920,#30840,#30830,#30820,#30810));
#31480=FACE_OUTER_BOUND('',#31470,.T.);
#31490=ADVANCED_FACE('',(#31480),#30800,.F.);
#31500=CARTESIAN_POINT('',(-4.259647,-2.149646,14.7));
#31510=DIRECTION('',(0.,0.,1.));
#31520=DIRECTION('',(1.22460635382238E-16,-1.,0.));
#31530=AXIS2_PLACEMENT_3D('',#31500,#31510,#31520);
#31540=PLANE('',#31530);
#31550=CARTESIAN_POINT('',(-3.519294,-0.399646000000001,14.7));
#31560=DIRECTION('',(1.,1.22460635382238E-16,0.));
#31570=VECTOR('',#31560,1.);
#31580=LINE('',#31550,#31570);
#31590=CARTESIAN_POINT('',(-3.359647,-0.399646000000001,14.7));
#31600=VERTEX_POINT('',#31590);
#31610=EDGE_CURVE('',#31210,#31600,#31580,.T.);
#31620=ORIENTED_EDGE('',*,*,#31610,.F.);
#31630=CARTESIAN_POINT('',(-3.359647,-6.3346911120506E-16,14.7));
#31640=DIRECTION('',(-1.22460635382238E-16,1.,0.));
#31650=VECTOR('',#31640,1.);
#31660=LINE('',#31630,#31650);
#31670=CARTESIAN_POINT('',(-3.359647,-0.899646000000001,14.7));
#31680=VERTEX_POINT('',#31670);
#31690=EDGE_CURVE('',#31680,#31600,#31660,.T.);
#31700=ORIENTED_EDGE('',*,*,#31690,.T.);
#31710=CARTESIAN_POINT('',(-2.79736825,-5.6461209821813E-16,14.7));
#31720=DIRECTION('',(0.52999894000318,0.847998304005088,0.));
#31730=VECTOR('',#31720,1.);
#31740=LINE('',#31710,#31730);
#31750=CARTESIAN_POINT('',(-3.859647,-1.699646,14.7));
#31760=VERTEX_POINT('',#31750);
#31770=EDGE_CURVE('',#31760,#31680,#31740,.T.);
#31780=ORIENTED_EDGE('',*,*,#31770,.T.);
#31790=CARTESIAN_POINT('',(-3.859647,-6.94699428896179E-16,14.7));
#31800=DIRECTION('',(1.22460635382238E-16,-1.,0.));
#31810=VECTOR('',#31800,1.);
#31820=LINE('',#31790,#31810);
#31830=CARTESIAN_POINT('',(-3.859647,-2.149646,14.7));
#31840=VERTEX_POINT('',#31830);
#31850=EDGE_CURVE('',#31760,#31840,#31820,.T.);
#31860=ORIENTED_EDGE('',*,*,#31850,.F.);
#31870=CARTESIAN_POINT('',(-4.259647,-2.149646,14.7));
#31880=DIRECTION('',(1.,1.22460635382238E-16,0.));
#31890=VECTOR('',#31880,1.);
#31900=LINE('',#31870,#31890);
#31910=EDGE_CURVE('',#31290,#31840,#31900,.T.);
#31920=ORIENTED_EDGE('',*,*,#31910,.T.);
#31930=ORIENTED_EDGE('',*,*,#31300,.F.);
#31940=EDGE_LOOP('',(#31930,#31920,#31860,#31780,#31700,#31620));
#31950=FACE_OUTER_BOUND('',#31940,.T.);
#31960=ADVANCED_FACE('',(#31950),#31540,.T.);
#31970=CARTESIAN_POINT('',(-4.259647,-2.149646,15.));
#31980=DIRECTION('',(1.22460635382238E-16,-1.,0.));
#31990=DIRECTION('',(0.,0.,-1.));
#32000=AXIS2_PLACEMENT_3D('',#31970,#31980,#31990);
#32010=PLANE('',#32000);
#32020=ORIENTED_EDGE('',*,*,#29560,.T.);
#32030=CARTESIAN_POINT('',(-4.259647,-2.149646,15.3));
#32040=DIRECTION('',(1.,1.22460635382238E-16,0.));
#32050=VECTOR('',#32040,1.);
#32060=LINE('',#32030,#32050);
#32070=EDGE_CURVE('',#31370,#29550,#32060,.T.);
#32080=ORIENTED_EDGE('',*,*,#32070,.T.);
#32090=ORIENTED_EDGE('',*,*,#31380,.T.);
#32100=ORIENTED_EDGE('',*,*,#31910,.F.);
#32110=CARTESIAN_POINT('',(-3.859647,-2.149646,14.));
#32120=DIRECTION('',(0.,0.,1.));
#32130=VECTOR('',#32120,1.);
#32140=LINE('',#32110,#32130);
#32150=EDGE_CURVE('',#31840,#24640,#32140,.T.);
#32160=ORIENTED_EDGE('',*,*,#32150,.F.);
#32170=ORIENTED_EDGE('',*,*,#24800,.T.);
#32180=EDGE_LOOP('',(#32170,#32160,#32100,#32090,#32080,#32020));
#32190=FACE_OUTER_BOUND('',#32180,.T.);
#32200=ADVANCED_FACE('',(#32190),#32010,.F.);
#32210=CARTESIAN_POINT('',(-4.259647,-2.149646,15.3));
#32220=DIRECTION('',(0.,0.,1.));
#32230=DIRECTION('',(1.22460635382238E-16,-1.,0.));
#32240=AXIS2_PLACEMENT_3D('',#32210,#32220,#32230);
#32250=PLANE('',#32240);
#32260=ORIENTED_EDGE('',*,*,#31440,.T.);
#32270=ORIENTED_EDGE('',*,*,#32070,.F.);
#32280=ORIENTED_EDGE('',*,*,#29840,.T.);
#32290=ORIENTED_EDGE('',*,*,#16590,.F.);
#32300=CARTESIAN_POINT('',(-3.359647,-6.3346911120506E-16,15.3));
#32310=DIRECTION('',(-1.22460635382238E-16,1.,0.));
#32320=VECTOR('',#32310,1.);
#32330=LINE('',#32300,#32320);
#32340=EDGE_CURVE('',#16580,#30080,#32330,.T.);
#32350=ORIENTED_EDGE('',*,*,#32340,.F.);
#32360=ORIENTED_EDGE('',*,*,#30090,.T.);
#32370=EDGE_LOOP('',(#32360,#32350,#32290,#32280,#32270,#32260));
#32380=FACE_OUTER_BOUND('',#32370,.T.);
#32390=ADVANCED_FACE('',(#32380),#32250,.F.);
#32400=CARTESIAN_POINT('',(-3.519294,-6.53019584261928E-16,15.3));
#32410=DIRECTION('',(0.,0.,-1.));
#32420=DIRECTION('',(-1.,-1.22460635382238E-16,0.));
#32430=AXIS2_PLACEMENT_3D('',#32400,#32410,#32420);
#32440=PLANE('',#32430);
#32450=ORIENTED_EDGE('',*,*,#24110,.T.);
#32460=ORIENTED_EDGE('',*,*,#20770,.F.);
#32470=CARTESIAN_POINT('',(-4.770781,2.850354,15.3));
#32480=DIRECTION('',(-1.,-1.22460635382238E-16,0.));
#32490=VECTOR('',#32480,1.);
#32500=LINE('',#32470,#32490);
#32510=EDGE_CURVE('',#22960,#20760,#32500,.T.);
#32520=ORIENTED_EDGE('',*,*,#32510,.T.);
#32530=ORIENTED_EDGE('',*,*,#22970,.T.);
#32540=ORIENTED_EDGE('',*,*,#23590,.T.);
#32550=EDGE_LOOP('',(#32540,#32530,#32520,#32460,#32450));
#32560=FACE_OUTER_BOUND('',#32550,.T.);
#32570=ADVANCED_FACE('',(#32560),#32440,.F.);
#32580=CARTESIAN_POINT('',(-3.559647,-1.219646,15.8));
#32590=DIRECTION('',(0.,0.,1.));
#32600=DIRECTION('',(-1.22460635382238E-16,1.,0.));
#32610=AXIS2_PLACEMENT_3D('',#32580,#32590,#32600);
#32620=PLANE('',#32610);
#32630=ORIENTED_EDGE('',*,*,#20440,.F.);
#32640=ORIENTED_EDGE('',*,*,#16750,.T.);
#32650=ORIENTED_EDGE('',*,*,#29770,.F.);
#32660=CARTESIAN_POINT('',(-3.519294,-3.549646,15.8));
#32670=DIRECTION('',(1.,1.22460635382238E-16,0.));
#32680=VECTOR('',#32670,1.);
#32690=LINE('',#32660,#32680);
#32700=EDGE_CURVE('',#29700,#20430,#32690,.T.);
#32710=ORIENTED_EDGE('',*,*,#32700,.F.);
#32720=EDGE_LOOP('',(#32710,#32650,#32640,#32630));
#32730=FACE_OUTER_BOUND('',#32720,.T.);
#32740=ADVANCED_FACE('',(#32730),#32620,.F.);
#32750=CARTESIAN_POINT('',(-2.43678099560294,0.970679525524042,13.2));
#32760=DIRECTION('',(0.,0.,-1.));
#32770=DIRECTION('',(-1.,-1.22460635382238E-16,0.));
#32780=AXIS2_PLACEMENT_3D('',#32750,#32760,#32770);
#32790=PLANE('',#32780);
#32800=ORIENTED_EDGE('',*,*,#8950,.T.);
#32810=CARTESIAN_POINT('',(-3.519294,-0.199646000000001,13.2));
#32820=DIRECTION('',(1.,1.22460635382238E-16,0.));
#32830=VECTOR('',#32820,1.);
#32840=LINE('',#32810,#32830);
#32850=CARTESIAN_POINT('',(-1.959647,-0.199646000000001,13.2));
#32860=VERTEX_POINT('',#32850);
#32870=EDGE_CURVE('',#8880,#32860,#32840,.T.);
#32880=ORIENTED_EDGE('',*,*,#32870,.F.);
#32890=CARTESIAN_POINT('',(-1.959647,-4.62024221669927E-16,13.2));
#32900=DIRECTION('',(-1.22460635382238E-16,1.,0.));
#32910=VECTOR('',#32900,1.);
#32920=LINE('',#32890,#32910);
#32930=EDGE_CURVE('',#27620,#32860,#32920,.T.);
#32940=ORIENTED_EDGE('',*,*,#32930,.T.);
#32950=ORIENTED_EDGE('',*,*,#27930,.T.);
#32960=CARTESIAN_POINT('',(-3.859647,-6.94699428896179E-16,13.2));
#32970=DIRECTION('',(-1.22460635382238E-16,1.,0.));
#32980=VECTOR('',#32970,1.);
#32990=LINE('',#32960,#32980);
#33000=EDGE_CURVE('',#27860,#9340,#32990,.T.);
#33010=ORIENTED_EDGE('',*,*,#33000,.F.);
#33020=ORIENTED_EDGE('',*,*,#9350,.T.);
#33030=ORIENTED_EDGE('',*,*,#8590,.T.);
#33040=EDGE_LOOP('',(#33030,#33020,#33010,#32950,#32940,#32880,#32800));
#33050=FACE_OUTER_BOUND('',#33040,.T.);
#33060=ADVANCED_FACE('',(#33050),#32790,.F.);
#33070=CARTESIAN_POINT('',(-3.359647,-0.199646,16.));
#33080=DIRECTION('',(-1.,-2.44921270764475E-16,0.));
#33090=DIRECTION('',(2.44921270764475E-16,-1.,0.));
#33100=AXIS2_PLACEMENT_3D('',#33070,#33080,#33090);
#33110=PLANE('',#33100);
#33120=ORIENTED_EDGE('',*,*,#20190,.F.);
#33130=ORIENTED_EDGE('',*,*,#30150,.T.);
#33140=ORIENTED_EDGE('',*,*,#32340,.T.);
#33150=ORIENTED_EDGE('',*,*,#17040,.T.);
#33160=EDGE_LOOP('',(#33150,#33140,#33130,#33120));
#33170=FACE_OUTER_BOUND('',#33160,.T.);
#33180=ADVANCED_FACE('',(#33170),#33110,.F.);
#33190=CARTESIAN_POINT('',(-0.239647000000001,2.850354,16.));
#33200=DIRECTION('',(0.999308451930343,0.037183570304385,0.));
#33210=DIRECTION('',(0.037183570304385,-0.999308451930343,0.));
#33220=AXIS2_PLACEMENT_3D('',#33190,#33200,#33210);
#33230=PLANE('',#33220);
#33240=CARTESIAN_POINT('',(-0.159647,0.700354,15.3));
#33250=DIRECTION('',(-0.037183570304385,0.999308451930343,0.));
#33260=VECTOR('',#33250,1.);
#33270=LINE('',#33240,#33260);
#33280=CARTESIAN_POINT('',(-0.159647,0.700354,15.3));
#33290=VERTEX_POINT('',#33280);
#33300=CARTESIAN_POINT('',(-0.239647000000001,2.850354,15.3));
#33310=VERTEX_POINT('',#33300);
#33320=EDGE_CURVE('',#33290,#33310,#33270,.T.);
#33330=ORIENTED_EDGE('',*,*,#33320,.F.);
#33340=CARTESIAN_POINT('',(-0.239647,2.850354,2.));
#33350=DIRECTION('',(0.,0.,-1.));
#33360=VECTOR('',#33350,1.);
#33370=LINE('',#33340,#33360);
#33380=CARTESIAN_POINT('',(-0.239647,2.850354,16.7));
#33390=VERTEX_POINT('',#33380);
#33400=EDGE_CURVE('',#33390,#33310,#33370,.T.);
#33410=ORIENTED_EDGE('',*,*,#33400,.T.);
#33420=CARTESIAN_POINT('',(-0.159647,0.700354,16.7));
#33430=DIRECTION('',(-0.0371835703043849,0.999308451930343,0.));
#33440=VECTOR('',#33430,1.);
#33450=LINE('',#33420,#33440);
#33460=CARTESIAN_POINT('',(-0.159647,0.700354,16.7));
#33470=VERTEX_POINT('',#33460);
#33480=EDGE_CURVE('',#33470,#33390,#33450,.T.);
#33490=ORIENTED_EDGE('',*,*,#33480,.T.);
#33500=CARTESIAN_POINT('',(-0.159647,0.700354,16.));
#33510=DIRECTION('',(0.,0.,-1.));
#33520=VECTOR('',#33510,1.);
#33530=LINE('',#33500,#33520);
#33540=EDGE_CURVE('',#33470,#33290,#33530,.T.);
#33550=ORIENTED_EDGE('',*,*,#33540,.F.);
#33560=EDGE_LOOP('',(#33550,#33490,#33410,#33330));
#33570=FACE_OUTER_BOUND('',#33560,.T.);
#33580=ADVANCED_FACE('',(#33570),#33230,.F.);
#33590=CARTESIAN_POINT('',(-3.559647,-3.949646,15.2));
#33600=DIRECTION('',(0.,0.,-1.));
#33610=DIRECTION('',(1.22460635382238E-16,-1.,0.));
#33620=AXIS2_PLACEMENT_3D('',#33590,#33600,#33610);
#33630=PLANE('',#33620);
#33640=ORIENTED_EDGE('',*,*,#24740,.T.);
#33650=ORIENTED_EDGE('',*,*,#24430,.T.);
#33660=ORIENTED_EDGE('',*,*,#24180,.T.);
#33670=ORIENTED_EDGE('',*,*,#23450,.F.);
#33680=ORIENTED_EDGE('',*,*,#22810,.T.);
#33690=ORIENTED_EDGE('',*,*,#27420,.T.);
#33700=ORIENTED_EDGE('',*,*,#29620,.F.);
#33710=EDGE_LOOP('',(#33700,#33690,#33680,#33670,#33660,#33650,#33640));
#33720=FACE_OUTER_BOUND('',#33710,.T.);
#33730=ADVANCED_FACE('',(#33720),#33630,.F.);
#33740=CARTESIAN_POINT('',(-3.559647,-3.549646,15.8));
#33750=DIRECTION('',(-5.47660610565E-17,0.447213595499959,
0.894427190999916));
#33760=DIRECTION('',(-1.09532122113E-16,0.894427190999916,
-0.447213595499959));
#33770=AXIS2_PLACEMENT_3D('',#33740,#33750,#33760);
#33780=PLANE('',#33770);
#33790=ORIENTED_EDGE('',*,*,#32700,.T.);
#33800=ORIENTED_EDGE('',*,*,#29710,.T.);
#33810=ORIENTED_EDGE('',*,*,#23260,.F.);
#33820=EDGE_LOOP('',(#33810,#33800,#33790));
#33830=FACE_OUTER_BOUND('',#33820,.T.);
#33840=ADVANCED_FACE('',(#33830),#33780,.F.);
#33850=CARTESIAN_POINT('',(-3.359647,-0.899646000000001,14.));
#33860=DIRECTION('',(0.847998304005088,-0.52999894000318,0.));
#33870=DIRECTION('',(-0.52999894000318,-0.847998304005088,0.));
#33880=AXIS2_PLACEMENT_3D('',#33850,#33860,#33870);
#33890=PLANE('',#33880);
#33900=CARTESIAN_POINT('',(-2.79736825,-5.6461209821813E-16,14.2));
#33910=DIRECTION('',(0.52999894000318,0.847998304005088,0.));
#33920=VECTOR('',#33910,1.);
#33930=LINE('',#33900,#33920);
#33940=CARTESIAN_POINT('',(-3.859647,-1.699646,14.2));
#33950=VERTEX_POINT('',#33940);
#33960=CARTESIAN_POINT('',(-3.559647,-1.219646,14.2));
#33970=VERTEX_POINT('',#33960);
#33980=EDGE_CURVE('',#33950,#33970,#33930,.T.);
#33990=ORIENTED_EDGE('',*,*,#33980,.T.);
#34000=CARTESIAN_POINT('',(-3.859647,-1.699646,14.));
#34010=DIRECTION('',(0.,0.,1.));
#34020=VECTOR('',#34010,1.);
#34030=LINE('',#34000,#34020);
#34040=EDGE_CURVE('',#33950,#31760,#34030,.T.);
#34050=ORIENTED_EDGE('',*,*,#34040,.F.);
#34060=ORIENTED_EDGE('',*,*,#31770,.F.);
#34070=CARTESIAN_POINT('',(-3.359647,-0.899646000000001,14.));
#34080=DIRECTION('',(0.,0.,1.));
#34090=VECTOR('',#34080,1.);
#34100=LINE('',#34070,#34090);
#34110=EDGE_CURVE('',#30560,#31680,#34100,.T.);
#34120=ORIENTED_EDGE('',*,*,#34110,.T.);
#34130=ORIENTED_EDGE('',*,*,#30570,.T.);
#34140=CARTESIAN_POINT('',(-3.859647,-1.699646,14.));
#34150=DIRECTION('',(0.,0.,-1.));
#34160=VECTOR('',#34150,1.);
#34170=LINE('',#34140,#34160);
#34180=CARTESIAN_POINT('',(-3.859647,-1.699646,13.8));
#34190=VERTEX_POINT('',#34180);
#34200=EDGE_CURVE('',#34190,#30480,#34170,.T.);
#34210=ORIENTED_EDGE('',*,*,#34200,.T.);
#34220=CARTESIAN_POINT('',(-2.79736825,-5.6461209821813E-16,13.8));
#34230=DIRECTION('',(0.52999894000318,0.847998304005088,0.));
#34240=VECTOR('',#34230,1.);
#34250=LINE('',#34220,#34240);
#34260=CARTESIAN_POINT('',(-3.559647,-1.219646,13.8));
#34270=VERTEX_POINT('',#34260);
#34280=EDGE_CURVE('',#34190,#34270,#34250,.T.);
#34290=ORIENTED_EDGE('',*,*,#34280,.F.);
#34300=CARTESIAN_POINT('',(-3.559647,-1.219646,14.));
#34310=DIRECTION('',(0.,0.,1.));
#34320=VECTOR('',#34310,1.);
#34330=LINE('',#34300,#34320);
#34340=EDGE_CURVE('',#34270,#33970,#34330,.T.);
#34350=ORIENTED_EDGE('',*,*,#34340,.F.);
#34360=EDGE_LOOP('',(#34350,#34290,#34210,#34130,#34120,#34060,#34050,
#33990));
#34370=FACE_OUTER_BOUND('',#34360,.T.);
#34380=ADVANCED_FACE('',(#34370),#33890,.T.);
#34390=CARTESIAN_POINT('',(-3.559647,-1.219646,14.2));
#34400=DIRECTION('',(0.,0.,1.));
#34410=DIRECTION('',(-1.22460635382238E-16,1.,0.));
#34420=AXIS2_PLACEMENT_3D('',#34390,#34400,#34410);
#34430=PLANE('',#34420);
#34440=CARTESIAN_POINT('',(-3.519294,-3.549646,14.2));
#34450=DIRECTION('',(1.,1.22460635382238E-16,0.));
#34460=VECTOR('',#34450,1.);
#34470=LINE('',#34440,#34460);
#34480=CARTESIAN_POINT('',(-3.859647,-3.549646,14.2));
#34490=VERTEX_POINT('',#34480);
#34500=CARTESIAN_POINT('',(-3.559647,-3.549646,14.2));
#34510=VERTEX_POINT('',#34500);
#34520=EDGE_CURVE('',#34490,#34510,#34470,.T.);
#34530=ORIENTED_EDGE('',*,*,#34520,.T.);
#34540=CARTESIAN_POINT('',(-3.859647,-6.94699428896179E-16,14.2));
#34550=DIRECTION('',(1.22460635382238E-16,-1.,0.));
#34560=VECTOR('',#34550,1.);
#34570=LINE('',#34540,#34560);
#34580=EDGE_CURVE('',#33950,#34490,#34570,.T.);
#34590=ORIENTED_EDGE('',*,*,#34580,.T.);
#34600=ORIENTED_EDGE('',*,*,#33980,.F.);
#34610=CARTESIAN_POINT('',(-3.559647,-6.57961238281508E-16,14.2));
#34620=DIRECTION('',(-1.22460635382238E-16,1.,0.));
#34630=VECTOR('',#34620,1.);
#34640=LINE('',#34610,#34630);
#34650=EDGE_CURVE('',#34510,#33970,#34640,.T.);
#34660=ORIENTED_EDGE('',*,*,#34650,.T.);
#34670=EDGE_LOOP('',(#34660,#34600,#34590,#34530));
#34680=FACE_OUTER_BOUND('',#34670,.T.);
#34690=ADVANCED_FACE('',(#34680),#34430,.T.);
#34700=CARTESIAN_POINT('',(-3.559647,-3.549646,14.));
#34710=DIRECTION('',(0.8,-0.6,0.));
#34720=DIRECTION('',(-0.6,-0.8,0.));
#34730=AXIS2_PLACEMENT_3D('',#34700,#34710,#34720);
#34740=PLANE('',#34730);
#34750=CARTESIAN_POINT('',(-0.897412499999999,-3.31942309874994E-16,
15.974823));
#34760=DIRECTION('',(0.557086014531155,0.742781352708207,
0.371390676354104));
#34770=VECTOR('',#34760,1.);
#34780=LINE('',#34750,#34770);
#34790=EDGE_CURVE('',#27780,#34510,#34780,.T.);
#34800=ORIENTED_EDGE('',*,*,#34790,.F.);
#34810=CARTESIAN_POINT('',(-3.559647,-3.549646,14.));
#34820=DIRECTION('',(0.,0.,1.));
#34830=VECTOR('',#34820,1.);
#34840=LINE('',#34810,#34830);
#34850=CARTESIAN_POINT('',(-3.559647,-3.549646,13.8));
#34860=VERTEX_POINT('',#34850);
#34870=EDGE_CURVE('',#34860,#34510,#34840,.T.);
#34880=ORIENTED_EDGE('',*,*,#34870,.T.);
#34890=CARTESIAN_POINT('',(-0.897412499999999,-3.31942309874994E-16,
12.025177));
#34900=DIRECTION('',(0.557086014531155,0.742781352708207,
-0.371390676354104));
#34910=VECTOR('',#34900,1.);
#34920=LINE('',#34890,#34910);
#34930=EDGE_CURVE('',#27780,#34860,#34920,.T.);
#34940=ORIENTED_EDGE('',*,*,#34930,.T.);
#34950=EDGE_LOOP('',(#34940,#34880,#34800));
#34960=FACE_OUTER_BOUND('',#34950,.T.);
#34970=ADVANCED_FACE('',(#34960),#34740,.T.);
#34980=CARTESIAN_POINT('',(-3.559647,-1.219646,13.8));
#34990=DIRECTION('',(0.,0.,1.));
#35000=DIRECTION('',(-1.22460635382238E-16,1.,0.));
#35010=AXIS2_PLACEMENT_3D('',#34980,#34990,#35000);
#35020=PLANE('',#35010);
#35030=CARTESIAN_POINT('',(-3.559647,-6.57961238281508E-16,13.8));
#35040=DIRECTION('',(-1.22460635382238E-16,1.,0.));
#35050=VECTOR('',#35040,1.);
#35060=LINE('',#35030,#35050);
#35070=EDGE_CURVE('',#34860,#34270,#35060,.T.);
#35080=ORIENTED_EDGE('',*,*,#35070,.F.);
#35090=ORIENTED_EDGE('',*,*,#34280,.T.);
#35100=CARTESIAN_POINT('',(-3.859647,-6.94699428896179E-16,13.8));
#35110=DIRECTION('',(1.22460635382238E-16,-1.,0.));
#35120=VECTOR('',#35110,1.);
#35130=LINE('',#35100,#35120);
#35140=CARTESIAN_POINT('',(-3.859647,-3.549646,13.8));
#35150=VERTEX_POINT('',#35140);
#35160=EDGE_CURVE('',#34190,#35150,#35130,.T.);
#35170=ORIENTED_EDGE('',*,*,#35160,.F.);
#35180=CARTESIAN_POINT('',(-3.519294,-3.549646,13.8));
#35190=DIRECTION('',(1.,1.22460635382238E-16,0.));
#35200=VECTOR('',#35190,1.);
#35210=LINE('',#35180,#35200);
#35220=EDGE_CURVE('',#35150,#34860,#35210,.T.);
#35230=ORIENTED_EDGE('',*,*,#35220,.F.);
#35240=EDGE_LOOP('',(#35230,#35170,#35090,#35080));
#35250=FACE_OUTER_BOUND('',#35240,.T.);
#35260=ADVANCED_FACE('',(#35250),#35020,.F.);
#35270=CARTESIAN_POINT('',(-3.559647,-3.549646,13.8));
#35280=DIRECTION('',(-5.47660610565E-17,0.447213595499959,
0.894427190999916));
#35290=DIRECTION('',(-1.09532122113E-16,0.894427190999916,
-0.447213595499959));
#35300=AXIS2_PLACEMENT_3D('',#35270,#35280,#35290);
#35310=PLANE('',#35300);
#35320=ORIENTED_EDGE('',*,*,#35220,.T.);
#35330=CARTESIAN_POINT('',(-3.859647,-6.94699428896179E-16,12.025177));
#35340=DIRECTION('',(-1.09532122113E-16,0.894427190999916,
-0.447213595499959));
#35350=VECTOR('',#35340,1.);
#35360=LINE('',#35330,#35350);
#35370=EDGE_CURVE('',#27780,#35150,#35360,.T.);
#35380=ORIENTED_EDGE('',*,*,#35370,.T.);
#35390=ORIENTED_EDGE('',*,*,#34930,.F.);
#35400=EDGE_LOOP('',(#35390,#35380,#35320));
#35410=FACE_OUTER_BOUND('',#35400,.T.);
#35420=ADVANCED_FACE('',(#35410),#35310,.F.);
#35430=CARTESIAN_POINT('',(-3.559647,-3.549646,14.2));
#35440=DIRECTION('',(5.47660610565E-17,-0.447213595499959,
0.894427190999916));
#35450=DIRECTION('',(-1.09532122113E-16,0.894427190999916,
0.447213595499959));
#35460=AXIS2_PLACEMENT_3D('',#35430,#35440,#35450);
#35470=PLANE('',#35460);
#35480=ORIENTED_EDGE('',*,*,#34790,.T.);
#35490=CARTESIAN_POINT('',(-3.859647,-6.94699428896179E-16,15.974823));
#35500=DIRECTION('',(-1.09532122113E-16,0.894427190999916,
0.447213595499959));
#35510=VECTOR('',#35500,1.);
#35520=LINE('',#35490,#35510);
#35530=EDGE_CURVE('',#27780,#34490,#35520,.T.);
#35540=ORIENTED_EDGE('',*,*,#35530,.F.);
#35550=ORIENTED_EDGE('',*,*,#34520,.F.);
#35560=EDGE_LOOP('',(#35550,#35540,#35480));
#35570=FACE_OUTER_BOUND('',#35560,.T.);
#35580=ADVANCED_FACE('',(#35570),#35470,.T.);
#35590=CARTESIAN_POINT('',(-3.859647,-1.74548523510262,14.525020716276))
;
#35600=DIRECTION('',(-1.,-1.22460635382238E-16,0.));
#35610=DIRECTION('',(1.22460635382238E-16,-1.,0.));
#35620=AXIS2_PLACEMENT_3D('',#35590,#35600,#35610);
#35630=PLANE('',#35620);
#35640=ORIENTED_EDGE('',*,*,#31850,.T.);
#35650=ORIENTED_EDGE('',*,*,#34040,.T.);
#35660=ORIENTED_EDGE('',*,*,#34580,.F.);
#35670=ORIENTED_EDGE('',*,*,#35530,.T.);
#35680=ORIENTED_EDGE('',*,*,#27790,.T.);
#35690=CARTESIAN_POINT('',(-3.859647,-6.94699428896179E-16,14.8));
#35700=DIRECTION('',(-1.22460635382238E-16,1.,0.));
#35710=VECTOR('',#35700,1.);
#35720=LINE('',#35690,#35710);
#35730=EDGE_CURVE('',#27700,#24640,#35720,.T.);
#35740=ORIENTED_EDGE('',*,*,#35730,.F.);
#35750=ORIENTED_EDGE('',*,*,#32150,.T.);
#35760=EDGE_LOOP('',(#35750,#35740,#35680,#35670,#35660,#35650,#35640));
#35770=FACE_OUTER_BOUND('',#35760,.T.);
#35780=ADVANCED_FACE('',(#35770),#35630,.F.);
#35790=CARTESIAN_POINT('',(-3.359647,-0.199646000000001,14.));
#35800=DIRECTION('',(1.,1.22460635382238E-16,0.));
#35810=DIRECTION('',(1.22460635382238E-16,-1.,0.));
#35820=AXIS2_PLACEMENT_3D('',#35790,#35800,#35810);
#35830=PLANE('',#35820);
#35840=ORIENTED_EDGE('',*,*,#31690,.F.);
#35850=CARTESIAN_POINT('',(-3.359647,-0.399646000000001,14.));
#35860=DIRECTION('',(0.,0.,-1.));
#35870=VECTOR('',#35860,1.);
#35880=LINE('',#35850,#35870);
#35890=EDGE_CURVE('',#31600,#30640,#35880,.T.);
#35900=ORIENTED_EDGE('',*,*,#35890,.F.);
#35910=ORIENTED_EDGE('',*,*,#30650,.T.);
#35920=ORIENTED_EDGE('',*,*,#34110,.F.);
#35930=EDGE_LOOP('',(#35920,#35910,#35900,#35840));
#35940=FACE_OUTER_BOUND('',#35930,.T.);
#35950=ADVANCED_FACE('',(#35940),#35830,.T.);
#35960=CARTESIAN_POINT('',(-3.359647,-0.399646000000001,14.));
#35970=DIRECTION('',(1.22460635382238E-16,-1.,0.));
#35980=DIRECTION('',(-1.,-1.22460635382238E-16,0.));
#35990=AXIS2_PLACEMENT_3D('',#35960,#35970,#35980);
#36000=PLANE('',#35990);
#36010=ORIENTED_EDGE('',*,*,#35890,.T.);
#36020=ORIENTED_EDGE('',*,*,#31610,.T.);
#36030=ORIENTED_EDGE('',*,*,#31220,.T.);
#36040=ORIENTED_EDGE('',*,*,#30710,.F.);
#36050=EDGE_LOOP('',(#36040,#36030,#36020,#36010));
#36060=FACE_OUTER_BOUND('',#36050,.T.);
#36070=ADVANCED_FACE('',(#36060),#36000,.F.);
#36080=CARTESIAN_POINT('',(-3.859647,-1.74548523510262,13.474979283724))
;
#36090=DIRECTION('',(1.,1.22460635382238E-16,0.));
#36100=DIRECTION('',(1.22460635382238E-16,-1.,0.));
#36110=AXIS2_PLACEMENT_3D('',#36080,#36090,#36100);
#36120=PLANE('',#36110);
#36130=CARTESIAN_POINT('',(-3.859647,-2.149646,14.));
#36140=DIRECTION('',(0.,0.,-1.));
#36150=VECTOR('',#36140,1.);
#36160=LINE('',#36130,#36150);
#36170=EDGE_CURVE('',#30400,#9340,#36160,.T.);
#36180=ORIENTED_EDGE('',*,*,#36170,.F.);
#36190=ORIENTED_EDGE('',*,*,#33000,.T.);
#36200=ORIENTED_EDGE('',*,*,#27870,.F.);
#36210=ORIENTED_EDGE('',*,*,#35370,.F.);
#36220=ORIENTED_EDGE('',*,*,#35160,.T.);
#36230=ORIENTED_EDGE('',*,*,#34200,.F.);
#36240=ORIENTED_EDGE('',*,*,#30490,.F.);
#36250=EDGE_LOOP('',(#36240,#36230,#36220,#36210,#36200,#36190,#36180));
#36260=FACE_OUTER_BOUND('',#36250,.T.);
#36270=ADVANCED_FACE('',(#36260),#36120,.T.);
#36280=CARTESIAN_POINT('',(-3.559647,-1.219646,14.));
#36290=DIRECTION('',(1.,1.22460635382238E-16,0.));
#36300=DIRECTION('',(1.22460635382238E-16,-1.,0.));
#36310=AXIS2_PLACEMENT_3D('',#36280,#36290,#36300);
#36320=PLANE('',#36310);
#36330=ORIENTED_EDGE('',*,*,#34650,.F.);
#36340=ORIENTED_EDGE('',*,*,#34340,.T.);
#36350=ORIENTED_EDGE('',*,*,#35070,.T.);
#36360=ORIENTED_EDGE('',*,*,#34870,.F.);
#36370=EDGE_LOOP('',(#36360,#36350,#36340,#36330));
#36380=FACE_OUTER_BOUND('',#36370,.T.);
#36390=ADVANCED_FACE('',(#36380),#36320,.T.);
#36400=CARTESIAN_POINT('',(-3.519294,-6.53019584261928E-16,14.7));
#36410=DIRECTION('',(0.,0.,-1.));
#36420=DIRECTION('',(-1.,-1.22460635382238E-16,0.));
#36430=AXIS2_PLACEMENT_3D('',#36400,#36410,#36420);
#36440=PLANE('',#36430);
#36450=CARTESIAN_POINT('',(-3.519294,0.100353999999999,14.7));
#36460=DIRECTION('',(1.,1.22460635382238E-16,0.));
#36470=VECTOR('',#36460,1.);
#36480=LINE('',#36450,#36470);
#36490=CARTESIAN_POINT('',(-1.959647,0.100354,14.7));
#36500=VERTEX_POINT('',#36490);
#36510=EDGE_CURVE('',#23920,#36500,#36480,.T.);
#36520=ORIENTED_EDGE('',*,*,#36510,.F.);
#36530=CARTESIAN_POINT('',(-1.959647,-3.949646,14.7));
#36540=DIRECTION('',(-1.22460635382238E-16,1.,0.));
#36550=VECTOR('',#36540,1.);
#36560=LINE('',#36530,#36550);
#36570=EDGE_CURVE('',#36500,#26860,#36560,.T.);
#36580=ORIENTED_EDGE('',*,*,#36570,.F.);
#36590=ORIENTED_EDGE('',*,*,#26870,.F.);
#36600=ORIENTED_EDGE('',*,*,#1280,.T.);
#36610=ORIENTED_EDGE('',*,*,#23990,.F.);
#36620=EDGE_LOOP('',(#36610,#36600,#36590,#36580,#36520));
#36630=FACE_OUTER_BOUND('',#36620,.T.);
#36640=ADVANCED_FACE('',(#36630),#36440,.T.);
#36650=CARTESIAN_POINT('',(-1.959647,-3.949646,14.));
#36660=DIRECTION('',(-1.,-1.22460635382238E-16,0.));
#36670=DIRECTION('',(-1.22460635382238E-16,1.,0.));
#36680=AXIS2_PLACEMENT_3D('',#36650,#36660,#36670);
#36690=PLANE('',#36680);
#36700=CARTESIAN_POINT('',(-1.959647,-4.62024221669927E-16,
14.7334513333333));
#36710=DIRECTION('',(-1.16176359455783E-16,0.948683298050514,
-0.316227766016838));
#36720=VECTOR('',#36710,1.);
#36730=LINE('',#36700,#36720);
#36740=CARTESIAN_POINT('',(-1.959647,-0.199646000000001,14.8));
#36750=VERTEX_POINT('',#36740);
#36760=EDGE_CURVE('',#36750,#36500,#36730,.T.);
#36770=ORIENTED_EDGE('',*,*,#36760,.T.);
#36780=CARTESIAN_POINT('',(-1.959647,-4.62024221669927E-16,14.8));
#36790=DIRECTION('',(-1.22460635382238E-16,1.,0.));
#36800=VECTOR('',#36790,1.);
#36810=LINE('',#36780,#36800);
#36820=EDGE_CURVE('',#27600,#36750,#36810,.T.);
#36830=ORIENTED_EDGE('',*,*,#36820,.T.);
#36840=ORIENTED_EDGE('',*,*,#27630,.F.);
#36850=ORIENTED_EDGE('',*,*,#32930,.F.);
#36860=CARTESIAN_POINT('',(-1.959647,-4.62024221669927E-16,
13.2665486666667));
#36870=DIRECTION('',(-1.16176359455783E-16,0.948683298050514,
0.316227766016838));
#36880=VECTOR('',#36870,1.);
#36890=LINE('',#36860,#36880);
#36900=CARTESIAN_POINT('',(-1.959647,0.100354,13.3));
#36910=VERTEX_POINT('',#36900);
#36920=EDGE_CURVE('',#32860,#36910,#36890,.T.);
#36930=ORIENTED_EDGE('',*,*,#36920,.F.);
#36940=CARTESIAN_POINT('',(-1.959647,-3.949646,13.3));
#36950=DIRECTION('',(-1.22460635382238E-16,1.,0.));
#36960=VECTOR('',#36950,1.);
#36970=LINE('',#36940,#36960);
#36980=EDGE_CURVE('',#36910,#26940,#36970,.T.);
#36990=ORIENTED_EDGE('',*,*,#36980,.F.);
#37000=ORIENTED_EDGE('',*,*,#26950,.F.);
#37010=ORIENTED_EDGE('',*,*,#36570,.T.);
#37020=EDGE_LOOP('',(#37010,#37000,#36990,#36930,#36850,#36840,#36830,
#36770));
#37030=FACE_OUTER_BOUND('',#37020,.T.);
#37040=ADVANCED_FACE('',(#37030),#36690,.T.);
#37050=CARTESIAN_POINT('',(-3.059647,3.350354,14.3));
#37060=DIRECTION('',(0.,0.,1.));
#37070=DIRECTION('',(-1.,-2.44921270764475E-16,0.));
#37080=AXIS2_PLACEMENT_3D('',#37050,#37060,#37070);
#37090=PLANE('',#37080);
#37100=ORIENTED_EDGE('',*,*,#11780,.F.);
#37110=ORIENTED_EDGE('',*,*,#26690,.T.);
#37120=ORIENTED_EDGE('',*,*,#27260,.F.);
#37130=CARTESIAN_POINT('',(-2.459647,-5.23254539361046E-16,14.3));
#37140=DIRECTION('',(2.44921270764475E-16,-1.,0.));
#37150=VECTOR('',#37140,1.);
#37160=LINE('',#37130,#37150);
#37170=EDGE_CURVE('',#11750,#27190,#37160,.T.);
#37180=ORIENTED_EDGE('',*,*,#37170,.T.);
#37190=EDGE_LOOP('',(#37180,#37120,#37110,#37100));
#37200=FACE_OUTER_BOUND('',#37190,.T.);
#37210=ADVANCED_FACE('',(#37200),#37090,.F.);
#37220=CARTESIAN_POINT('',(-2.459647,3.350354,13.7));
#37230=DIRECTION('',(0.,0.,-1.));
#37240=DIRECTION('',(1.,2.44921270764475E-16,0.));
#37250=AXIS2_PLACEMENT_3D('',#37220,#37230,#37240);
#37260=PLANE('',#37250);
#37270=ORIENTED_EDGE('',*,*,#11940,.T.);
#37280=CARTESIAN_POINT('',(-2.459647,-5.23254539361046E-16,13.7));
#37290=DIRECTION('',(-2.44921270764475E-16,1.,0.));
#37300=VECTOR('',#37290,1.);
#37310=LINE('',#37280,#37300);
#37320=EDGE_CURVE('',#27110,#11850,#37310,.T.);
#37330=ORIENTED_EDGE('',*,*,#37320,.T.);
#37340=ORIENTED_EDGE('',*,*,#27120,.F.);
#37350=ORIENTED_EDGE('',*,*,#26550,.T.);
#37360=EDGE_LOOP('',(#37350,#37340,#37330,#37270));
#37370=FACE_OUTER_BOUND('',#37360,.T.);
#37380=ADVANCED_FACE('',(#37370),#37260,.F.);
#37390=CARTESIAN_POINT('',(-2.459647,3.350354,14.3));
#37400=DIRECTION('',(1.,2.44921270764475E-16,0.));
#37410=DIRECTION('',(0.,0.,1.));
#37420=AXIS2_PLACEMENT_3D('',#37390,#37400,#37410);
#37430=PLANE('',#37420);
#37440=ORIENTED_EDGE('',*,*,#37170,.F.);
#37450=ORIENTED_EDGE('',*,*,#27200,.F.);
#37460=ORIENTED_EDGE('',*,*,#37320,.F.);
#37470=ORIENTED_EDGE('',*,*,#11860,.F.);
#37480=EDGE_LOOP('',(#37470,#37460,#37450,#37440));
#37490=FACE_OUTER_BOUND('',#37480,.T.);
#37500=ADVANCED_FACE('',(#37490),#37430,.F.);
#37510=CARTESIAN_POINT('',(0.290353,0.700353999999999,-6.2000024));
#37520=DIRECTION('',(-1.,0.,0.));
#37530=DIRECTION('',(0.,1.,0.));
#37540=AXIS2_PLACEMENT_3D('',#37510,#37520,#37530);
#37550=PLANE('',#37540);
#37560=CARTESIAN_POINT('',(0.290353,-1.86487792059892E-16,12.75));
#37570=DIRECTION('',(-1.22460635382238E-16,1.,0.));
#37580=VECTOR('',#37570,1.);
#37590=LINE('',#37560,#37580);
#37600=CARTESIAN_POINT('',(0.290353,0.700354,12.75));
#37610=VERTEX_POINT('',#37600);
#37620=EDGE_CURVE('',#37610,#11000,#37590,.T.);
#37630=ORIENTED_EDGE('',*,*,#37620,.T.);
#37640=CARTESIAN_POINT('',(0.290353,0.700354,6.));
#37650=DIRECTION('',(0.,0.,-1.));
#37660=VECTOR('',#37650,1.);
#37670=LINE('',#37640,#37660);
#37680=EDGE_CURVE('',#17770,#37610,#37670,.T.);
#37690=ORIENTED_EDGE('',*,*,#37680,.T.);
#37700=ORIENTED_EDGE('',*,*,#17780,.F.);
#37710=ORIENTED_EDGE('',*,*,#11070,.F.);
#37720=EDGE_LOOP('',(#37710,#37700,#37690,#37630));
#37730=FACE_OUTER_BOUND('',#37720,.T.);
#37740=ADVANCED_FACE('',(#37730),#37550,.F.);
#37750=CARTESIAN_POINT('',(-2.259647,1.450354,14.));
#37760=DIRECTION('',(0.,0.,-1.));
#37770=DIRECTION('',(-1.,-1.22460635382238E-16,0.));
#37780=AXIS2_PLACEMENT_3D('',#37750,#37760,#37770);
#37790=CYLINDRICAL_SURFACE('',#37780,0.4);
#37800=CARTESIAN_POINT('',(-2.659647,1.450354,14.));
#37810=DIRECTION('',(0.,0.,-1.));
#37820=VECTOR('',#37810,1.);
#37830=LINE('',#37800,#37820);
#37840=CARTESIAN_POINT('',(-2.659647,1.450354,12.75));
#37850=VERTEX_POINT('',#37840);
#37860=CARTESIAN_POINT('',(-2.659647,1.450354,12.));
#37870=VERTEX_POINT('',#37860);
#37880=EDGE_CURVE('',#37850,#37870,#37830,.T.);
#37890=ORIENTED_EDGE('',*,*,#37880,.F.);
#37900=CARTESIAN_POINT('',(-2.259647,1.450354,12.));
#37910=DIRECTION('',(0.,0.,-1.));
#37920=DIRECTION('',(-1.,-1.22460635382238E-16,0.));
#37930=AXIS2_PLACEMENT_3D('',#37900,#37910,#37920);
#37940=CIRCLE('',#37930,0.4);
#37950=CARTESIAN_POINT('',(-1.859647,1.450354,12.));
#37960=VERTEX_POINT('',#37950);
#37970=EDGE_CURVE('',#37870,#37960,#37940,.T.);
#37980=ORIENTED_EDGE('',*,*,#37970,.F.);
#37990=CARTESIAN_POINT('',(-1.859647,1.450354,14.));
#38000=DIRECTION('',(0.,0.,-1.));
#38010=VECTOR('',#38000,1.);
#38020=LINE('',#37990,#38010);
#38030=CARTESIAN_POINT('',(-1.859647,1.450354,12.75));
#38040=VERTEX_POINT('',#38030);
#38050=EDGE_CURVE('',#38040,#37960,#38020,.T.);
#38060=ORIENTED_EDGE('',*,*,#38050,.T.);
#38070=CARTESIAN_POINT('',(-2.259647,1.450354,12.75));
#38080=DIRECTION('',(0.,0.,-1.));
#38090=DIRECTION('',(-1.,-1.22460635382238E-16,0.));
#38100=AXIS2_PLACEMENT_3D('',#38070,#38080,#38090);
#38110=CIRCLE('',#38100,0.4);
#38120=EDGE_CURVE('',#37850,#38040,#38110,.T.);
#38130=ORIENTED_EDGE('',*,*,#38120,.T.);
#38140=EDGE_LOOP('',(#38130,#38060,#37980,#37890));
#38150=FACE_OUTER_BOUND('',#38140,.T.);
#38160=ADVANCED_FACE('',(#38150),#37790,.T.);
#38170=CARTESIAN_POINT('',(-2.43678099560294,0.970679525524042,13.2));
#38180=DIRECTION('',(0.,0.,-1.));
#38190=DIRECTION('',(-1.,-1.22460635382238E-16,0.));
#38200=AXIS2_PLACEMENT_3D('',#38170,#38180,#38190);
#38210=PLANE('',#38200);
#38220=ORIENTED_EDGE('',*,*,#25370,.T.);
#38230=ORIENTED_EDGE('',*,*,#25200,.T.);
#38240=CARTESIAN_POINT('',(0.340353,-1.80364760290781E-16,13.2));
#38250=DIRECTION('',(-1.22460635382238E-16,1.,0.));
#38260=VECTOR('',#38250,1.);
#38270=LINE('',#38240,#38260);
#38280=EDGE_CURVE('',#28020,#25130,#38270,.T.);
#38290=ORIENTED_EDGE('',*,*,#38280,.T.);
#38300=ORIENTED_EDGE('',*,*,#28050,.F.);
#38310=CARTESIAN_POINT('',(-1.559647,-4.13039967517032E-16,13.2));
#38320=DIRECTION('',(-1.22460635382238E-16,1.,0.));
#38330=VECTOR('',#38320,1.);
#38340=LINE('',#38310,#38330);
#38350=EDGE_CURVE('',#28040,#25840,#38340,.T.);
#38360=ORIENTED_EDGE('',*,*,#38350,.F.);
#38370=ORIENTED_EDGE('',*,*,#25850,.T.);
#38380=CARTESIAN_POINT('',(-0.159647,-2.41595077981899E-16,13.2));
#38390=DIRECTION('',(1.22460635382238E-16,-1.,0.));
#38400=VECTOR('',#38390,1.);
#38410=LINE('',#38380,#38400);
#38420=EDGE_CURVE('',#25760,#25360,#38410,.T.);
#38430=ORIENTED_EDGE('',*,*,#38420,.F.);
#38440=EDGE_LOOP('',(#38430,#38370,#38360,#38300,#38290,#38230,#38220));
#38450=FACE_OUTER_BOUND('',#38440,.T.);
#38460=ADVANCED_FACE('',(#38450),#38210,.F.);
#38470=CARTESIAN_POINT('',(-1.859647,-2.149646,12.75));
#38480=DIRECTION('',(1.,1.22460635382238E-16,0.));
#38490=DIRECTION('',(-1.22460635382238E-16,1.,0.));
#38500=AXIS2_PLACEMENT_3D('',#38470,#38480,#38490);
#38510=PLANE('',#38500);
#38520=ORIENTED_EDGE('',*,*,#38050,.F.);
#38530=CARTESIAN_POINT('',(-1.859647,-4.49778158131704E-16,12.));
#38540=DIRECTION('',(-1.22460635382238E-16,1.,0.));
#38550=VECTOR('',#38540,1.);
#38560=LINE('',#38530,#38550);
#38570=CARTESIAN_POINT('',(-1.859647,-2.149646,12.));
#38580=VERTEX_POINT('',#38570);
#38590=EDGE_CURVE('',#38580,#37960,#38560,.T.);
#38600=ORIENTED_EDGE('',*,*,#38590,.T.);
#38610=CARTESIAN_POINT('',(-1.859647,-2.149646,32.));
#38620=DIRECTION('',(0.,0.,-1.));
#38630=VECTOR('',#38620,1.);
#38640=LINE('',#38610,#38630);
#38650=CARTESIAN_POINT('',(-1.859647,-2.149646,12.75));
#38660=VERTEX_POINT('',#38650);
#38670=EDGE_CURVE('',#38660,#38580,#38640,.T.);
#38680=ORIENTED_EDGE('',*,*,#38670,.T.);
#38690=CARTESIAN_POINT('',(-1.859647,-4.49778158131704E-16,12.75));
#38700=DIRECTION('',(1.22460635382238E-16,-1.,0.));
#38710=VECTOR('',#38700,1.);
#38720=LINE('',#38690,#38710);
#38730=EDGE_CURVE('',#38040,#38660,#38720,.T.);
#38740=ORIENTED_EDGE('',*,*,#38730,.T.);
#38750=EDGE_LOOP('',(#38740,#38680,#38600,#38520));
#38760=FACE_OUTER_BOUND('',#38750,.T.);
#38770=ADVANCED_FACE('',(#38760),#38510,.T.);
#38780=CARTESIAN_POINT('',(-2.659647,1.850354,12.75));
#38790=DIRECTION('',(-1.,-1.22460635382238E-16,0.));
#38800=DIRECTION('',(1.22460635382238E-16,-1.,0.));
#38810=AXIS2_PLACEMENT_3D('',#38780,#38790,#38800);
#38820=PLANE('',#38810);
#38830=CARTESIAN_POINT('',(-2.659647,-5.47746666437494E-16,12.75));
#38840=DIRECTION('',(-1.22460635382238E-16,1.,0.));
#38850=VECTOR('',#38840,1.);
#38860=LINE('',#38830,#38850);
#38870=CARTESIAN_POINT('',(-2.659647,-2.149646,12.75));
#38880=VERTEX_POINT('',#38870);
#38890=EDGE_CURVE('',#38880,#37850,#38860,.T.);
#38900=ORIENTED_EDGE('',*,*,#38890,.T.);
#38910=CARTESIAN_POINT('',(-2.659647,-2.149646,32.));
#38920=DIRECTION('',(0.,0.,-1.));
#38930=VECTOR('',#38920,1.);
#38940=LINE('',#38910,#38930);
#38950=CARTESIAN_POINT('',(-2.659647,-2.149646,12.));
#38960=VERTEX_POINT('',#38950);
#38970=EDGE_CURVE('',#38880,#38960,#38940,.T.);
#38980=ORIENTED_EDGE('',*,*,#38970,.F.);
#38990=CARTESIAN_POINT('',(-2.659647,-5.47746666437494E-16,12.));
#39000=DIRECTION('',(1.22460635382238E-16,-1.,0.));
#39010=VECTOR('',#39000,1.);
#39020=LINE('',#38990,#39010);
#39030=EDGE_CURVE('',#37870,#38960,#39020,.T.);
#39040=ORIENTED_EDGE('',*,*,#39030,.T.);
#39050=ORIENTED_EDGE('',*,*,#37880,.T.);
#39060=EDGE_LOOP('',(#39050,#39040,#38980,#38900));
#39070=FACE_OUTER_BOUND('',#39060,.T.);
#39080=ADVANCED_FACE('',(#39070),#38820,.T.);
#39090=CARTESIAN_POINT('',(-3.559647,-3.949646,14.8));
#39100=DIRECTION('',(0.,0.,-1.));
#39110=DIRECTION('',(1.22460635382238E-16,-1.,0.));
#39120=AXIS2_PLACEMENT_3D('',#39090,#39100,#39110);
#39130=PLANE('',#39120);
#39140=ORIENTED_EDGE('',*,*,#35730,.T.);
#39150=ORIENTED_EDGE('',*,*,#27710,.F.);
#39160=ORIENTED_EDGE('',*,*,#36820,.F.);
#39170=CARTESIAN_POINT('',(-3.519294,-0.199646000000001,14.8));
#39180=DIRECTION('',(1.,1.22460635382238E-16,0.));
#39190=VECTOR('',#39180,1.);
#39200=LINE('',#39170,#39190);
#39210=EDGE_CURVE('',#23840,#36750,#39200,.T.);
#39220=ORIENTED_EDGE('',*,*,#39210,.T.);
#39230=ORIENTED_EDGE('',*,*,#23850,.F.);
#39240=ORIENTED_EDGE('',*,*,#24340,.T.);
#39250=ORIENTED_EDGE('',*,*,#24650,.T.);
#39260=EDGE_LOOP('',(#39250,#39240,#39230,#39220,#39160,#39150,#39140));
#39270=FACE_OUTER_BOUND('',#39260,.T.);
#39280=ADVANCED_FACE('',(#39270),#39130,.T.);
#39290=CARTESIAN_POINT('',(-2.659647,-0.0496460000000005,14.75));
#39300=DIRECTION('',(-3.87254531519276E-17,0.316227766016838,
0.948683298050514));
#39310=DIRECTION('',(1.16176359455783E-16,-0.948683298050514,
0.316227766016838));
#39320=AXIS2_PLACEMENT_3D('',#39290,#39300,#39310);
#39330=PLANE('',#39320);
#39340=ORIENTED_EDGE('',*,*,#36510,.T.);
#39350=ORIENTED_EDGE('',*,*,#23930,.F.);
#39360=ORIENTED_EDGE('',*,*,#39210,.F.);
#39370=ORIENTED_EDGE('',*,*,#36760,.F.);
#39380=EDGE_LOOP('',(#39370,#39360,#39350,#39340));
#39390=FACE_OUTER_BOUND('',#39380,.T.);
#39400=ADVANCED_FACE('',(#39390),#39330,.F.);
#39410=CARTESIAN_POINT('',(-3.519294,-6.53019584261928E-16,13.3));
#39420=DIRECTION('',(0.,0.,-1.));
#39430=DIRECTION('',(-1.,-1.22460635382238E-16,0.));
#39440=AXIS2_PLACEMENT_3D('',#39410,#39420,#39430);
#39450=PLANE('',#39440);
#39460=ORIENTED_EDGE('',*,*,#8810,.T.);
#39470=ORIENTED_EDGE('',*,*,#1420,.F.);
#39480=ORIENTED_EDGE('',*,*,#27010,.T.);
#39490=ORIENTED_EDGE('',*,*,#36980,.T.);
#39500=CARTESIAN_POINT('',(-3.519294,0.100353999999999,13.3));
#39510=DIRECTION('',(1.,1.22460635382238E-16,0.));
#39520=VECTOR('',#39510,1.);
#39530=LINE('',#39500,#39520);
#39540=EDGE_CURVE('',#8800,#36910,#39530,.T.);
#39550=ORIENTED_EDGE('',*,*,#39540,.T.);
#39560=EDGE_LOOP('',(#39550,#39490,#39480,#39470,#39460));
#39570=FACE_OUTER_BOUND('',#39560,.T.);
#39580=ADVANCED_FACE('',(#39570),#39450,.F.);
#39590=CARTESIAN_POINT('',(-2.659647,-0.0496460000000005,13.25));
#39600=DIRECTION('',(3.87254531519276E-17,-0.316227766016838,
0.948683298050514));
#39610=DIRECTION('',(1.16176359455783E-16,-0.948683298050514,
-0.316227766016838));
#39620=AXIS2_PLACEMENT_3D('',#39590,#39600,#39610);
#39630=PLANE('',#39620);
#39640=ORIENTED_EDGE('',*,*,#36920,.T.);
#39650=ORIENTED_EDGE('',*,*,#32870,.T.);
#39660=ORIENTED_EDGE('',*,*,#8890,.T.);
#39670=ORIENTED_EDGE('',*,*,#39540,.F.);
#39680=EDGE_LOOP('',(#39670,#39660,#39650,#39640));
#39690=FACE_OUTER_BOUND('',#39680,.T.);
#39700=ADVANCED_FACE('',(#39690),#39630,.T.);
#39710=CARTESIAN_POINT('',(-1.859647,-2.549646,12.));
#39720=DIRECTION('',(0.,0.,1.));
#39730=DIRECTION('',(-1.22460635382238E-16,1.,0.));
#39740=AXIS2_PLACEMENT_3D('',#39710,#39720,#39730);
#39750=PLANE('',#39740);
#39760=ORIENTED_EDGE('',*,*,#39030,.F.);
#39770=CARTESIAN_POINT('',(4.12024100818544E-17,-2.149646,12.));
#39780=DIRECTION('',(-1.,-1.22460635382238E-16,0.));
#39790=VECTOR('',#39780,1.);
#39800=LINE('',#39770,#39790);
#39810=EDGE_CURVE('',#38960,#31060,#39800,.T.);
#39820=ORIENTED_EDGE('',*,*,#39810,.F.);
#39830=ORIENTED_EDGE('',*,*,#31070,.T.);
#39840=ORIENTED_EDGE('',*,*,#29340,.T.);
#39850=ORIENTED_EDGE('',*,*,#21730,.F.);
#39860=CARTESIAN_POINT('',(-1.859647,-2.149646,12.));
#39870=DIRECTION('',(1.,1.22460635382238E-16,0.));
#39880=VECTOR('',#39870,1.);
#39890=LINE('',#39860,#39880);
#39900=EDGE_CURVE('',#38580,#21640,#39890,.T.);
#39910=ORIENTED_EDGE('',*,*,#39900,.T.);
#39920=ORIENTED_EDGE('',*,*,#38590,.F.);
#39930=ORIENTED_EDGE('',*,*,#37970,.T.);
#39940=EDGE_LOOP('',(#39930,#39920,#39910,#39850,#39840,#39830,#39820,
#39760));
#39950=FACE_OUTER_BOUND('',#39940,.T.);
#39960=ADVANCED_FACE('',(#39950),#39750,.F.);
#39970=CARTESIAN_POINT('',(-0.159647,-0.899646,16.8));
#39980=DIRECTION('',(0.847998304005088,0.52999894000318,0.));
#39990=DIRECTION('',(-0.52999894000318,0.847998304005088,0.));
#40000=AXIS2_PLACEMENT_3D('',#39970,#39980,#39990);
#40010=PLANE('',#40000);
#40020=CARTESIAN_POINT('',(0.340353,-1.699646,16.8));
#40030=DIRECTION('',(0.,0.,1.));
#40040=VECTOR('',#40030,1.);
#40050=LINE('',#40020,#40040);
#40060=CARTESIAN_POINT('',(0.340353,-1.699646,16.8));
#40070=VERTEX_POINT('',#40060);
#40080=CARTESIAN_POINT('',(0.340353,-1.699646,17.2));
#40090=VERTEX_POINT('',#40080);
#40100=EDGE_CURVE('',#40070,#40090,#40050,.T.);
#40110=ORIENTED_EDGE('',*,*,#40100,.F.);
#40120=CARTESIAN_POINT('',(-0.72192575,0.,17.2));
#40130=DIRECTION('',(0.52999894000318,-0.847998304005088,0.));
#40140=VECTOR('',#40130,1.);
#40150=LINE('',#40120,#40140);
#40160=CARTESIAN_POINT('',(-0.159647,-0.899646,17.2));
#40170=VERTEX_POINT('',#40160);
#40180=EDGE_CURVE('',#40170,#40090,#40150,.T.);
#40190=ORIENTED_EDGE('',*,*,#40180,.T.);
#40200=CARTESIAN_POINT('',(-0.159647,-0.899646,0.));
#40210=DIRECTION('',(0.,0.,1.));
#40220=VECTOR('',#40210,1.);
#40230=LINE('',#40200,#40220);
#40240=CARTESIAN_POINT('',(-0.159647,-0.899646,16.8));
#40250=VERTEX_POINT('',#40240);
#40260=EDGE_CURVE('',#40250,#40170,#40230,.T.);
#40270=ORIENTED_EDGE('',*,*,#40260,.T.);
#40280=CARTESIAN_POINT('',(-0.159647,-0.899646,16.8));
#40290=DIRECTION('',(0.52999894000318,-0.847998304005088,0.));
#40300=VECTOR('',#40290,1.);
#40310=LINE('',#40280,#40300);
#40320=EDGE_CURVE('',#40250,#40070,#40310,.T.);
#40330=ORIENTED_EDGE('',*,*,#40320,.F.);
#40340=EDGE_LOOP('',(#40330,#40270,#40190,#40110));
#40350=FACE_OUTER_BOUND('',#40340,.T.);
#40360=ADVANCED_FACE('',(#40350),#40010,.T.);
#40370=CARTESIAN_POINT('',(0.,0.,16.7));
#40380=DIRECTION('',(0.,0.,1.));
#40390=DIRECTION('',(1.,0.,0.));
#40400=AXIS2_PLACEMENT_3D('',#40370,#40380,#40390);
#40410=PLANE('',#40400);
#40420=CARTESIAN_POINT('',(-0.159647,0.,16.7));
#40430=DIRECTION('',(0.,-1.,0.));
#40440=VECTOR('',#40430,1.);
#40450=LINE('',#40420,#40440);
#40460=CARTESIAN_POINT('',(-0.159647,0.100354,16.7));
#40470=VERTEX_POINT('',#40460);
#40480=EDGE_CURVE('',#33470,#40470,#40450,.T.);
#40490=ORIENTED_EDGE('',*,*,#40480,.T.);
#40500=ORIENTED_EDGE('',*,*,#33480,.F.);
#40510=CARTESIAN_POINT('',(1.251487,2.850354,16.7));
#40520=DIRECTION('',(1.,0.,0.));
#40530=VECTOR('',#40520,1.);
#40540=LINE('',#40510,#40530);
#40550=CARTESIAN_POINT('',(-1.559647,2.850354,16.7));
#40560=VERTEX_POINT('',#40550);
#40570=EDGE_CURVE('',#40560,#33390,#40540,.T.);
#40580=ORIENTED_EDGE('',*,*,#40570,.T.);
#40590=CARTESIAN_POINT('',(-1.559647,-3.949646,16.7));
#40600=DIRECTION('',(0.,1.,0.));
#40610=VECTOR('',#40600,1.);
#40620=LINE('',#40590,#40610);
#40630=CARTESIAN_POINT('',(-1.559647,0.100354,16.7));
#40640=VERTEX_POINT('',#40630);
#40650=EDGE_CURVE('',#40640,#40560,#40620,.T.);
#40660=ORIENTED_EDGE('',*,*,#40650,.T.);
#40670=CARTESIAN_POINT('',(0.,0.100354,16.7));
#40680=DIRECTION('',(-1.,0.,0.));
#40690=VECTOR('',#40680,1.);
#40700=LINE('',#40670,#40690);
#40710=EDGE_CURVE('',#40470,#40640,#40700,.T.);
#40720=ORIENTED_EDGE('',*,*,#40710,.T.);
#40730=EDGE_LOOP('',(#40720,#40660,#40580,#40500,#40490));
#40740=FACE_OUTER_BOUND('',#40730,.T.);
#40750=ADVANCED_FACE('',(#40740),#40410,.F.);
#40760=CARTESIAN_POINT('',(-0.859647,-0.0496460000000003,14.75));
#40770=DIRECTION('',(3.87254531519276E-17,-0.316227766016838,
-0.948683298050514));
#40780=DIRECTION('',(1.16176359455783E-16,-0.948683298050514,
0.316227766016838));
#40790=AXIS2_PLACEMENT_3D('',#40760,#40770,#40780);
#40800=PLANE('',#40790);
#40810=CARTESIAN_POINT('',(-1.559647,-4.13039967517032E-16,
14.7334513333333));
#40820=DIRECTION('',(-1.16176359455783E-16,0.948683298050514,
-0.316227766016838));
#40830=VECTOR('',#40820,1.);
#40840=LINE('',#40810,#40830);
#40850=CARTESIAN_POINT('',(-1.559647,-0.199646000000001,14.8));
#40860=VERTEX_POINT('',#40850);
#40870=CARTESIAN_POINT('',(-1.559647,0.100354,14.7));
#40880=VERTEX_POINT('',#40870);
#40890=EDGE_CURVE('',#40860,#40880,#40840,.T.);
#40900=ORIENTED_EDGE('',*,*,#40890,.T.);
#40910=CARTESIAN_POINT('',(-1.97595828913509E-16,-0.199646,14.8));
#40920=DIRECTION('',(-1.,-1.22460635382238E-16,0.));
#40930=VECTOR('',#40920,1.);
#40940=LINE('',#40910,#40930);
#40950=CARTESIAN_POINT('',(-0.159647,-0.199646,14.8));
#40960=VERTEX_POINT('',#40950);
#40970=EDGE_CURVE('',#40960,#40860,#40940,.T.);
#40980=ORIENTED_EDGE('',*,*,#40970,.T.);
#40990=CARTESIAN_POINT('',(-0.159647,-2.41595077981899E-16,
14.7334513333333));
#41000=DIRECTION('',(1.16176359455783E-16,-0.948683298050514,
0.316227766016838));
#41010=VECTOR('',#41000,1.);
#41020=LINE('',#40990,#41010);
#41030=CARTESIAN_POINT('',(-0.159647,0.100354,14.7));
#41040=VERTEX_POINT('',#41030);
#41050=EDGE_CURVE('',#41040,#40960,#41020,.T.);
#41060=ORIENTED_EDGE('',*,*,#41050,.T.);
#41070=CARTESIAN_POINT('',(-2.3433401952818E-16,0.100354,14.7));
#41080=DIRECTION('',(-1.,-1.22460635382238E-16,0.));
#41090=VECTOR('',#41080,1.);
#41100=LINE('',#41070,#41090);
#41110=EDGE_CURVE('',#41040,#40880,#41100,.T.);
#41120=ORIENTED_EDGE('',*,*,#41110,.F.);
#41130=EDGE_LOOP('',(#41120,#41060,#40980,#40900));
#41140=FACE_OUTER_BOUND('',#41130,.T.);
#41150=ADVANCED_FACE('',(#41140),#40800,.T.);
#41160=CARTESIAN_POINT('',(-0.973077790068884,-0.552957777610777,17.2));
#41170=DIRECTION('',(0.,0.,1.));
#41180=DIRECTION('',(1.,0.,0.));
#41190=AXIS2_PLACEMENT_3D('',#41160,#41170,#41180);
#41200=PLANE('',#41190);
#41210=CARTESIAN_POINT('',(0.340353,0.,17.2));
#41220=DIRECTION('',(0.,1.,0.));
#41230=VECTOR('',#41220,1.);
#41240=LINE('',#41210,#41230);
#41250=CARTESIAN_POINT('',(0.340353,-2.149646,17.2));
#41260=VERTEX_POINT('',#41250);
#41270=EDGE_CURVE('',#28710,#41260,#41240,.T.);
#41280=ORIENTED_EDGE('',*,*,#41270,.T.);
#41290=ORIENTED_EDGE('',*,*,#28720,.F.);
#41300=CARTESIAN_POINT('',(-1.559647,0.,17.2));
#41310=DIRECTION('',(0.,1.,0.));
#41320=VECTOR('',#41310,1.);
#41330=LINE('',#41300,#41320);
#41340=CARTESIAN_POINT('',(-1.559647,-0.199646,17.2));
#41350=VERTEX_POINT('',#41340);
#41360=EDGE_CURVE('',#28630,#41350,#41330,.T.);
#41370=ORIENTED_EDGE('',*,*,#41360,.F.);
#41380=CARTESIAN_POINT('',(0.,-0.199646,17.2));
#41390=DIRECTION('',(-1.,0.,0.));
#41400=VECTOR('',#41390,1.);
#41410=LINE('',#41380,#41400);
#41420=CARTESIAN_POINT('',(-0.159647,-0.199646,17.2));
#41430=VERTEX_POINT('',#41420);
#41440=EDGE_CURVE('',#41430,#41350,#41410,.T.);
#41450=ORIENTED_EDGE('',*,*,#41440,.T.);
#41460=CARTESIAN_POINT('',(-0.159647,0.,17.2));
#41470=DIRECTION('',(0.,-1.,0.));
#41480=VECTOR('',#41470,1.);
#41490=LINE('',#41460,#41480);
#41500=EDGE_CURVE('',#41430,#40170,#41490,.T.);
#41510=ORIENTED_EDGE('',*,*,#41500,.F.);
#41520=ORIENTED_EDGE('',*,*,#40180,.F.);
#41530=CARTESIAN_POINT('',(0.340352999999999,0.,17.2));
#41540=DIRECTION('',(2.46716227694479E-16,-1.,0.));
#41550=VECTOR('',#41540,1.);
#41560=LINE('',#41530,#41550);
#41570=EDGE_CURVE('',#40090,#41260,#41560,.T.);
#41580=ORIENTED_EDGE('',*,*,#41570,.F.);
#41590=EDGE_LOOP('',(#41580,#41520,#41510,#41450,#41370,#41290,#41280));
#41600=FACE_OUTER_BOUND('',#41590,.T.);
#41610=ADVANCED_FACE('',(#41600),#41200,.T.);
#41620=CARTESIAN_POINT('',(-3.359647,-2.149646,13.));
#41630=DIRECTION('',(-1.22460635382238E-16,1.,0.));
#41640=DIRECTION('',(-1.,-1.22460635382238E-16,0.));
#41650=AXIS2_PLACEMENT_3D('',#41620,#41630,#41640);
#41660=PLANE('',#41650);
#41670=ORIENTED_EDGE('',*,*,#9410,.F.);
#41680=ORIENTED_EDGE('',*,*,#36170,.T.);
#41690=ORIENTED_EDGE('',*,*,#30410,.T.);
#41700=ORIENTED_EDGE('',*,*,#31130,.F.);
#41710=ORIENTED_EDGE('',*,*,#39810,.T.);
#41720=ORIENTED_EDGE('',*,*,#38970,.T.);
#41730=CARTESIAN_POINT('',(4.12024100818544E-17,-2.149646,12.75));
#41740=DIRECTION('',(1.,1.22460635382238E-16,0.));
#41750=VECTOR('',#41740,1.);
#41760=LINE('',#41730,#41750);
#41770=EDGE_CURVE('',#9250,#38880,#41760,.T.);
#41780=ORIENTED_EDGE('',*,*,#41770,.T.);
#41790=EDGE_LOOP('',(#41780,#41720,#41710,#41700,#41690,#41680,#41670));
#41800=FACE_OUTER_BOUND('',#41790,.T.);
#41810=ADVANCED_FACE('',(#41800),#41660,.T.);
#41820=CARTESIAN_POINT('',(-1.66029900325202,2.850354,18.1014062683688))
;
#41830=DIRECTION('',(-1.22460635382238E-16,1.,0.));
#41840=DIRECTION('',(-1.,-1.22460635382238E-16,0.));
#41850=AXIS2_PLACEMENT_3D('',#41820,#41830,#41840);
#41860=PLANE('',#41850);
#41870=CARTESIAN_POINT('',(0.,2.850354,16.3));
#41880=DIRECTION('',(1.,0.,0.));
#41890=VECTOR('',#41880,1.);
#41900=LINE('',#41870,#41890);
#41910=CARTESIAN_POINT('',(-1.059647,2.850354,16.3));
#41920=VERTEX_POINT('',#41910);
#41930=CARTESIAN_POINT('',(-0.459647,2.850354,16.3));
#41940=VERTEX_POINT('',#41930);
#41950=EDGE_CURVE('',#41920,#41940,#41900,.T.);
#41960=ORIENTED_EDGE('',*,*,#41950,.T.);
#41970=CARTESIAN_POINT('',(-1.059647,2.850354,0.));
#41980=DIRECTION('',(0.,0.,-1.));
#41990=VECTOR('',#41980,1.);
#42000=LINE('',#41970,#41990);
#42010=CARTESIAN_POINT('',(-1.059647,2.850354,15.7));
#42020=VERTEX_POINT('',#42010);
#42030=EDGE_CURVE('',#41920,#42020,#42000,.T.);
#42040=ORIENTED_EDGE('',*,*,#42030,.F.);
#42050=CARTESIAN_POINT('',(-5.71100766829334E-16,2.850354,15.7));
#42060=DIRECTION('',(1.,1.22460635382238E-16,0.));
#42070=VECTOR('',#42060,1.);
#42080=LINE('',#42050,#42070);
#42090=CARTESIAN_POINT('',(-0.459647000000001,2.850354,15.7));
#42100=VERTEX_POINT('',#42090);
#42110=EDGE_CURVE('',#42020,#42100,#42080,.T.);
#42120=ORIENTED_EDGE('',*,*,#42110,.F.);
#42130=CARTESIAN_POINT('',(-0.459647000000001,2.850354,30.));
#42140=DIRECTION('',(0.,0.,-1.));
#42150=VECTOR('',#42140,1.);
#42160=LINE('',#42130,#42150);
#42170=EDGE_CURVE('',#41940,#42100,#42160,.T.);
#42180=ORIENTED_EDGE('',*,*,#42170,.T.);
#42190=EDGE_LOOP('',(#42180,#42120,#42040,#41960));
#42200=FACE_BOUND('',#42190,.T.);
#42210=CARTESIAN_POINT('',(1.251487,2.850354,15.3));
#42220=DIRECTION('',(1.,1.22460635382238E-16,0.));
#42230=VECTOR('',#42220,1.);
#42240=LINE('',#42210,#42230);
#42250=CARTESIAN_POINT('',(-1.559647,2.850354,15.3));
#42260=VERTEX_POINT('',#42250);
#42270=EDGE_CURVE('',#42260,#33310,#42240,.T.);
#42280=ORIENTED_EDGE('',*,*,#42270,.T.);
#42290=CARTESIAN_POINT('',(-1.559647,2.850354,16.));
#42300=DIRECTION('',(0.,0.,-1.));
#42310=VECTOR('',#42300,1.);
#42320=LINE('',#42290,#42310);
#42330=EDGE_CURVE('',#40560,#42260,#42320,.T.);
#42340=ORIENTED_EDGE('',*,*,#42330,.T.);
#42350=ORIENTED_EDGE('',*,*,#40570,.F.);
#42360=ORIENTED_EDGE('',*,*,#33400,.F.);
#42370=EDGE_LOOP('',(#42360,#42350,#42340,#42280));
#42380=FACE_OUTER_BOUND('',#42370,.T.);
#42390=ADVANCED_FACE('',(#42200,#42380),#41860,.F.);
#42400=CARTESIAN_POINT('',(-0.973077790068884,-0.552957777610778,14.8));
#42410=DIRECTION('',(0.,0.,1.));
#42420=DIRECTION('',(1.,1.22460635382238E-16,0.));
#42430=AXIS2_PLACEMENT_3D('',#42400,#42410,#42420);
#42440=PLANE('',#42430);
#42450=CARTESIAN_POINT('',(0.340352999999999,-1.80364760290781E-16,14.8)
);
#42460=DIRECTION('',(3.69176863076717E-16,-1.,0.));
#42470=VECTOR('',#42460,1.);
#42480=LINE('',#42450,#42470);
#42490=CARTESIAN_POINT('',(0.340353,-1.699646,14.8));
#42500=VERTEX_POINT('',#42490);
#42510=CARTESIAN_POINT('',(0.340353,-2.149646,14.8));
#42520=VERTEX_POINT('',#42510);
#42530=EDGE_CURVE('',#42500,#42520,#42480,.T.);
#42540=ORIENTED_EDGE('',*,*,#42530,.T.);
#42550=CARTESIAN_POINT('',(-0.72192575,-3.1045209096883E-16,14.8));
#42560=DIRECTION('',(0.52999894000318,-0.847998304005088,0.));
#42570=VECTOR('',#42560,1.);
#42580=LINE('',#42550,#42570);
#42590=CARTESIAN_POINT('',(-0.159647,-0.899646,14.8));
#42600=VERTEX_POINT('',#42590);
#42610=EDGE_CURVE('',#42600,#42500,#42580,.T.);
#42620=ORIENTED_EDGE('',*,*,#42610,.T.);
#42630=CARTESIAN_POINT('',(-0.159647,-2.41595077981899E-16,14.8));
#42640=DIRECTION('',(1.22460635382238E-16,-1.,0.));
#42650=VECTOR('',#42640,1.);
#42660=LINE('',#42630,#42650);
#42670=EDGE_CURVE('',#40960,#42600,#42660,.T.);
#42680=ORIENTED_EDGE('',*,*,#42670,.T.);
#42690=ORIENTED_EDGE('',*,*,#40970,.F.);
#42700=CARTESIAN_POINT('',(-1.559647,-4.13039967517032E-16,14.8));
#42710=DIRECTION('',(-1.22460635382238E-16,1.,0.));
#42720=VECTOR('',#42710,1.);
#42730=LINE('',#42700,#42720);
#42740=EDGE_CURVE('',#28280,#40860,#42730,.T.);
#42750=ORIENTED_EDGE('',*,*,#42740,.T.);
#42760=ORIENTED_EDGE('',*,*,#28290,.T.);
#42770=CARTESIAN_POINT('',(0.340353,-1.80364760290781E-16,14.8));
#42780=DIRECTION('',(-1.22460635382238E-16,1.,0.));
#42790=VECTOR('',#42780,1.);
#42800=LINE('',#42770,#42790);
#42810=EDGE_CURVE('',#28200,#42520,#42800,.T.);
#42820=ORIENTED_EDGE('',*,*,#42810,.F.);
#42830=EDGE_LOOP('',(#42820,#42760,#42750,#42690,#42680,#42620,#42540));
#42840=FACE_OUTER_BOUND('',#42830,.T.);
#42850=ADVANCED_FACE('',(#42840),#42440,.F.);
#42860=CARTESIAN_POINT('',(-2.459647,3.350354,17.7));
#42870=DIRECTION('',(-1.,-1.22460635382238E-16,0.));
#42880=DIRECTION('',(0.,0.,-1.));
#42890=AXIS2_PLACEMENT_3D('',#42860,#42870,#42880);
#42900=PLANE('',#42890);
#42910=ORIENTED_EDGE('',*,*,#11310,.T.);
#42920=CARTESIAN_POINT('',(-2.459647,0.,18.3));
#42930=DIRECTION('',(-1.22460635382238E-16,1.,0.));
#42940=VECTOR('',#42930,1.);
#42950=LINE('',#42920,#42940);
#42960=CARTESIAN_POINT('',(-2.459647,2.850354,18.3));
#42970=VERTEX_POINT('',#42960);
#42980=EDGE_CURVE('',#42970,#11240,#42950,.T.);
#42990=ORIENTED_EDGE('',*,*,#42980,.T.);
#43000=CARTESIAN_POINT('',(-2.459647,2.850354,0.));
#43010=DIRECTION('',(0.,0.,1.));
#43020=VECTOR('',#43010,1.);
#43030=LINE('',#43000,#43020);
#43040=EDGE_CURVE('',#2370,#42970,#43030,.T.);
#43050=ORIENTED_EDGE('',*,*,#43040,.T.);
#43060=ORIENTED_EDGE('',*,*,#2380,.T.);
#43070=EDGE_LOOP('',(#43060,#43050,#42990,#42910));
#43080=FACE_OUTER_BOUND('',#43070,.T.);
#43090=ADVANCED_FACE('',(#43080),#42900,.T.);
#43100=CARTESIAN_POINT('',(-1.859647,-2.149646,12.));
#43110=DIRECTION('',(1.22460635382238E-16,-1.,0.));
#43120=DIRECTION('',(0.,0.,1.));
#43130=AXIS2_PLACEMENT_3D('',#43100,#43110,#43120);
#43140=PLANE('',#43130);
#43150=ORIENTED_EDGE('',*,*,#39900,.F.);
#43160=ORIENTED_EDGE('',*,*,#21650,.T.);
#43170=CARTESIAN_POINT('',(0.740353,-2.149646,13.3));
#43180=DIRECTION('',(-1.,-1.22460635382238E-16,0.));
#43190=VECTOR('',#43180,1.);
#43200=LINE('',#43170,#43190);
#43210=CARTESIAN_POINT('',(0.340353,-2.149646,13.3));
#43220=VERTEX_POINT('',#43210);
#43230=EDGE_CURVE('',#21560,#43220,#43200,.T.);
#43240=ORIENTED_EDGE('',*,*,#43230,.F.);
#43250=CARTESIAN_POINT('',(0.340353,-2.149646,14.));
#43260=DIRECTION('',(0.,0.,-1.));
#43270=VECTOR('',#43260,1.);
#43280=LINE('',#43250,#43270);
#43290=EDGE_CURVE('',#43220,#25130,#43280,.T.);
#43300=ORIENTED_EDGE('',*,*,#43290,.F.);
#43310=ORIENTED_EDGE('',*,*,#25140,.F.);
#43320=CARTESIAN_POINT('',(4.12024100818544E-17,-2.149646,12.75));
#43330=DIRECTION('',(1.,1.22460635382238E-16,0.));
#43340=VECTOR('',#43330,1.);
#43350=LINE('',#43320,#43340);
#43360=EDGE_CURVE('',#38660,#25050,#43350,.T.);
#43370=ORIENTED_EDGE('',*,*,#43360,.T.);
#43380=ORIENTED_EDGE('',*,*,#38670,.F.);
#43390=EDGE_LOOP('',(#43380,#43370,#43310,#43300,#43240,#43160,#43150));
#43400=FACE_OUTER_BOUND('',#43390,.T.);
#43410=ADVANCED_FACE('',(#43400),#43140,.F.);
#43420=CARTESIAN_POINT('',(0.0403529999999998,-1.219646,14.));
#43430=DIRECTION('',(1.,1.22460635382238E-16,0.));
#43440=DIRECTION('',(1.22460635382238E-16,-1.,0.));
#43450=AXIS2_PLACEMENT_3D('',#43420,#43430,#43440);
#43460=PLANE('',#43450);
#43470=CARTESIAN_POINT('',(0.0403530000000001,-3.549646,14.));
#43480=DIRECTION('',(0.,0.,1.));
#43490=VECTOR('',#43480,1.);
#43500=LINE('',#43470,#43490);
#43510=CARTESIAN_POINT('',(0.0403529999999999,-3.549646,13.8));
#43520=VERTEX_POINT('',#43510);
#43530=CARTESIAN_POINT('',(0.0403529999999999,-3.549646,14.2));
#43540=VERTEX_POINT('',#43530);
#43550=EDGE_CURVE('',#43520,#43540,#43500,.T.);
#43560=ORIENTED_EDGE('',*,*,#43550,.T.);
#43570=CARTESIAN_POINT('',(0.0403529999999996,-2.17102950905452E-16,13.8
));
#43580=DIRECTION('',(-1.22460635382238E-16,1.,0.));
#43590=VECTOR('',#43580,1.);
#43600=LINE('',#43570,#43590);
#43610=CARTESIAN_POINT('',(0.0403529999999998,-1.219646,13.8));
#43620=VERTEX_POINT('',#43610);
#43630=EDGE_CURVE('',#43520,#43620,#43600,.T.);
#43640=ORIENTED_EDGE('',*,*,#43630,.F.);
#43650=CARTESIAN_POINT('',(0.0403529999999998,-1.219646,14.));
#43660=DIRECTION('',(0.,0.,1.));
#43670=VECTOR('',#43660,1.);
#43680=LINE('',#43650,#43670);
#43690=CARTESIAN_POINT('',(0.0403529999999998,-1.219646,14.2));
#43700=VERTEX_POINT('',#43690);
#43710=EDGE_CURVE('',#43620,#43700,#43680,.T.);
#43720=ORIENTED_EDGE('',*,*,#43710,.F.);
#43730=CARTESIAN_POINT('',(0.0403529999999996,-2.17102950905452E-16,14.2
));
#43740=DIRECTION('',(-1.22460635382238E-16,1.,0.));
#43750=VECTOR('',#43740,1.);
#43760=LINE('',#43730,#43750);
#43770=EDGE_CURVE('',#43540,#43700,#43760,.T.);
#43780=ORIENTED_EDGE('',*,*,#43770,.T.);
#43790=EDGE_LOOP('',(#43780,#43720,#43640,#43560));
#43800=FACE_OUTER_BOUND('',#43790,.T.);
#43810=ADVANCED_FACE('',(#43800),#43460,.F.);
#43820=CARTESIAN_POINT('',(-0.859647,-0.0496460000000003,15.25));
#43830=DIRECTION('',(-3.87254531519276E-17,0.316227766016838,
-0.948683298050514));
#43840=DIRECTION('',(1.16176359455783E-16,-0.948683298050514,
-0.316227766016838));
#43850=AXIS2_PLACEMENT_3D('',#43820,#43830,#43840);
#43860=PLANE('',#43850);
#43870=CARTESIAN_POINT('',(-2.3433401952818E-16,0.100354,15.3));
#43880=DIRECTION('',(-1.,-1.22460635382238E-16,0.));
#43890=VECTOR('',#43880,1.);
#43900=LINE('',#43870,#43890);
#43910=CARTESIAN_POINT('',(-0.159647,0.100354,15.3));
#43920=VERTEX_POINT('',#43910);
#43930=CARTESIAN_POINT('',(-1.559647,0.100354,15.3));
#43940=VERTEX_POINT('',#43930);
#43950=EDGE_CURVE('',#43920,#43940,#43900,.T.);
#43960=ORIENTED_EDGE('',*,*,#43950,.T.);
#43970=CARTESIAN_POINT('',(-0.159647,-2.41595077981899E-16,
15.2665486666667));
#43980=DIRECTION('',(1.16176359455783E-16,-0.948683298050514,
-0.316227766016838));
#43990=VECTOR('',#43980,1.);
#44000=LINE('',#43970,#43990);
#44010=CARTESIAN_POINT('',(-0.159647,-0.199646,15.2));
#44020=VERTEX_POINT('',#44010);
#44030=EDGE_CURVE('',#43920,#44020,#44000,.T.);
#44040=ORIENTED_EDGE('',*,*,#44030,.F.);
#44050=CARTESIAN_POINT('',(-1.97595828913509E-16,-0.199646,15.2));
#44060=DIRECTION('',(-1.,-1.22460635382238E-16,0.));
#44070=VECTOR('',#44060,1.);
#44080=LINE('',#44050,#44070);
#44090=CARTESIAN_POINT('',(-1.559647,-0.199646000000001,15.2));
#44100=VERTEX_POINT('',#44090);
#44110=EDGE_CURVE('',#44020,#44100,#44080,.T.);
#44120=ORIENTED_EDGE('',*,*,#44110,.F.);
#44130=CARTESIAN_POINT('',(-1.559647,-4.13039967517032E-16,
15.2665486666667));
#44140=DIRECTION('',(-1.16176359455783E-16,0.948683298050514,
0.316227766016838));
#44150=VECTOR('',#44140,1.);
#44160=LINE('',#44130,#44150);
#44170=EDGE_CURVE('',#44100,#43940,#44160,.T.);
#44180=ORIENTED_EDGE('',*,*,#44170,.F.);
#44190=EDGE_LOOP('',(#44180,#44120,#44040,#43960));
#44200=FACE_OUTER_BOUND('',#44190,.T.);
#44210=ADVANCED_FACE('',(#44200),#43860,.F.);
#44220=CARTESIAN_POINT('',(-2.28906313620098,2.850354,18.9255180756341))
;
#44230=DIRECTION('',(-1.22460635382238E-16,1.,0.));
#44240=DIRECTION('',(-1.,-1.22460635382238E-16,0.));
#44250=AXIS2_PLACEMENT_3D('',#44220,#44230,#44240);
#44260=PLANE('',#44250);
#44270=CARTESIAN_POINT('',(0.,2.850354,16.3));
#44280=DIRECTION('',(-1.,0.,0.));
#44290=VECTOR('',#44280,1.);
#44300=LINE('',#44270,#44290);
#44310=EDGE_CURVE('',#26300,#26060,#44300,.T.);
#44320=ORIENTED_EDGE('',*,*,#44310,.F.);
#44330=ORIENTED_EDGE('',*,*,#26150,.T.);
#44340=ORIENTED_EDGE('',*,*,#19890,.T.);
#44350=ORIENTED_EDGE('',*,*,#26370,.F.);
#44360=EDGE_LOOP('',(#44350,#44340,#44330,#44320));
#44370=FACE_BOUND('',#44360,.T.);
#44380=ORIENTED_EDGE('',*,*,#32510,.F.);
#44390=ORIENTED_EDGE('',*,*,#20900,.T.);
#44400=ORIENTED_EDGE('',*,*,#19150,.T.);
#44410=ORIENTED_EDGE('',*,*,#23030,.F.);
#44420=EDGE_LOOP('',(#44410,#44400,#44390,#44380));
#44430=FACE_OUTER_BOUND('',#44420,.T.);
#44440=ADVANCED_FACE('',(#44370,#44430),#44260,.F.);
#44450=CARTESIAN_POINT('',(0.340353,-1.699646,16.8));
#44460=DIRECTION('',(1.,2.46716227694479E-16,0.));
#44470=DIRECTION('',(-2.46716227694479E-16,1.,0.));
#44480=AXIS2_PLACEMENT_3D('',#44450,#44460,#44470);
#44490=PLANE('',#44480);
#44500=CARTESIAN_POINT('',(0.340353,-2.149646,0.));
#44510=DIRECTION('',(0.,0.,1.));
#44520=VECTOR('',#44510,1.);
#44530=LINE('',#44500,#44520);
#44540=CARTESIAN_POINT('',(0.340353,-2.149646,16.8));
#44550=VERTEX_POINT('',#44540);
#44560=EDGE_CURVE('',#44550,#41260,#44530,.T.);
#44570=ORIENTED_EDGE('',*,*,#44560,.F.);
#44580=ORIENTED_EDGE('',*,*,#41570,.T.);
#44590=ORIENTED_EDGE('',*,*,#40100,.T.);
#44600=CARTESIAN_POINT('',(0.340353,-1.699646,16.8));
#44610=DIRECTION('',(2.46716227694479E-16,-1.,0.));
#44620=VECTOR('',#44610,1.);
#44630=LINE('',#44600,#44620);
#44640=EDGE_CURVE('',#40070,#44550,#44630,.T.);
#44650=ORIENTED_EDGE('',*,*,#44640,.F.);
#44660=EDGE_LOOP('',(#44650,#44590,#44580,#44570));
#44670=FACE_OUTER_BOUND('',#44660,.T.);
#44680=ADVANCED_FACE('',(#44670),#44490,.T.);
#44690=CARTESIAN_POINT('',(-0.859647,-0.049646,16.75));
#44700=DIRECTION('',(0.,-0.316227766016838,-0.948683298050514));
#44710=DIRECTION('',(0.,-0.948683298050514,0.316227766016838));
#44720=AXIS2_PLACEMENT_3D('',#44690,#44700,#44710);
#44730=PLANE('',#44720);
#44740=CARTESIAN_POINT('',(-1.559647,0.,16.7334513333333));
#44750=DIRECTION('',(0.,0.948683298050514,-0.316227766016838));
#44760=VECTOR('',#44750,1.);
#44770=LINE('',#44740,#44760);
#44780=CARTESIAN_POINT('',(-1.559647,-0.199646,16.8));
#44790=VERTEX_POINT('',#44780);
#44800=EDGE_CURVE('',#44790,#40640,#44770,.T.);
#44810=ORIENTED_EDGE('',*,*,#44800,.T.);
#44820=CARTESIAN_POINT('',(0.,-0.199646,16.8));
#44830=DIRECTION('',(-1.,0.,0.));
#44840=VECTOR('',#44830,1.);
#44850=LINE('',#44820,#44840);
#44860=CARTESIAN_POINT('',(-0.159647,-0.199646,16.8));
#44870=VERTEX_POINT('',#44860);
#44880=EDGE_CURVE('',#44870,#44790,#44850,.T.);
#44890=ORIENTED_EDGE('',*,*,#44880,.T.);
#44900=CARTESIAN_POINT('',(-0.159647,0.,16.7334513333333));
#44910=DIRECTION('',(0.,-0.948683298050514,0.316227766016838));
#44920=VECTOR('',#44910,1.);
#44930=LINE('',#44900,#44920);
#44940=EDGE_CURVE('',#40470,#44870,#44930,.T.);
#44950=ORIENTED_EDGE('',*,*,#44940,.T.);
#44960=ORIENTED_EDGE('',*,*,#40710,.F.);
#44970=EDGE_LOOP('',(#44960,#44950,#44890,#44810));
#44980=FACE_OUTER_BOUND('',#44970,.T.);
#44990=ADVANCED_FACE('',(#44980),#44730,.T.);
#45000=CARTESIAN_POINT('',(-3.059647,3.350354,18.3));
#45010=DIRECTION('',(1.,1.22460635382238E-16,0.));
#45020=DIRECTION('',(0.,0.,1.));
#45030=AXIS2_PLACEMENT_3D('',#45000,#45010,#45020);
#45040=PLANE('',#45030);
#45050=ORIENTED_EDGE('',*,*,#11170,.T.);
#45060=ORIENTED_EDGE('',*,*,#2540,.T.);
#45070=CARTESIAN_POINT('',(-3.059647,2.850354,0.));
#45080=DIRECTION('',(0.,0.,-1.));
#45090=VECTOR('',#45080,1.);
#45100=LINE('',#45070,#45090);
#45110=CARTESIAN_POINT('',(-3.059647,2.850354,18.3));
#45120=VERTEX_POINT('',#45110);
#45130=EDGE_CURVE('',#45120,#2450,#45100,.T.);
#45140=ORIENTED_EDGE('',*,*,#45130,.T.);
#45150=CARTESIAN_POINT('',(-3.059647,0.,18.3));
#45160=DIRECTION('',(1.22460635382238E-16,-1.,0.));
#45170=VECTOR('',#45160,1.);
#45180=LINE('',#45150,#45170);
#45190=EDGE_CURVE('',#11160,#45120,#45180,.T.);
#45200=ORIENTED_EDGE('',*,*,#45190,.T.);
#45210=EDGE_LOOP('',(#45200,#45140,#45060,#45050));
#45220=FACE_OUTER_BOUND('',#45210,.T.);
#45230=ADVANCED_FACE('',(#45220),#45040,.T.);
#45240=CARTESIAN_POINT('',(-2.459647,3.350354,16.3));
#45250=DIRECTION('',(0.,0.,-1.));
#45260=DIRECTION('',(1.,1.22460635382238E-16,0.));
#45270=AXIS2_PLACEMENT_3D('',#45240,#45250,#45260);
#45280=PLANE('',#45270);
#45290=ORIENTED_EDGE('',*,*,#26070,.F.);
#45300=ORIENTED_EDGE('',*,*,#44310,.T.);
#45310=ORIENTED_EDGE('',*,*,#26310,.F.);
#45320=ORIENTED_EDGE('',*,*,#12620,.F.);
#45330=EDGE_LOOP('',(#45320,#45310,#45300,#45290));
#45340=FACE_OUTER_BOUND('',#45330,.T.);
#45350=ADVANCED_FACE('',(#45340),#45280,.T.);
#45360=CARTESIAN_POINT('',(-0.459647,3.350354,16.3));
#45370=DIRECTION('',(0.,0.,-1.));
#45380=DIRECTION('',(1.,1.22460635382238E-16,0.));
#45390=AXIS2_PLACEMENT_3D('',#45360,#45370,#45380);
#45400=PLANE('',#45390);
#45410=ORIENTED_EDGE('',*,*,#12960,.T.);
#45420=CARTESIAN_POINT('',(-1.059647,0.,16.3));
#45430=DIRECTION('',(1.22460635382238E-16,-1.,0.));
#45440=VECTOR('',#45430,1.);
#45450=LINE('',#45420,#45440);
#45460=EDGE_CURVE('',#12870,#41920,#45450,.T.);
#45470=ORIENTED_EDGE('',*,*,#45460,.F.);
#45480=ORIENTED_EDGE('',*,*,#41950,.F.);
#45490=CARTESIAN_POINT('',(-0.459647,0.,16.3));
#45500=DIRECTION('',(-1.22460635382238E-16,1.,0.));
#45510=VECTOR('',#45500,1.);
#45520=LINE('',#45490,#45510);
#45530=EDGE_CURVE('',#41940,#12950,#45520,.T.);
#45540=ORIENTED_EDGE('',*,*,#45530,.F.);
#45550=EDGE_LOOP('',(#45540,#45480,#45470,#45410));
#45560=FACE_OUTER_BOUND('',#45550,.T.);
#45570=ADVANCED_FACE('',(#45560),#45400,.T.);
#45580=CARTESIAN_POINT('',(-1.559647,-3.949646,14.));
#45590=DIRECTION('',(-1.,-1.22460635382238E-16,0.));
#45600=DIRECTION('',(-1.22460635382238E-16,1.,0.));
#45610=AXIS2_PLACEMENT_3D('',#45580,#45590,#45600);
#45620=PLANE('',#45610);
#45630=CARTESIAN_POINT('',(-1.559647,-3.949646,14.7));
#45640=DIRECTION('',(-1.22460635382238E-16,1.,0.));
#45650=VECTOR('',#45640,1.);
#45660=LINE('',#45630,#45650);
#45670=CARTESIAN_POINT('',(-1.559647,2.850354,14.7));
#45680=VERTEX_POINT('',#45670);
#45690=EDGE_CURVE('',#40880,#45680,#45660,.T.);
#45700=ORIENTED_EDGE('',*,*,#45690,.F.);
#45710=CARTESIAN_POINT('',(-1.559647,2.850354,14.));
#45720=DIRECTION('',(0.,0.,1.));
#45730=VECTOR('',#45720,1.);
#45740=LINE('',#45710,#45730);
#45750=CARTESIAN_POINT('',(-1.559647,2.850354,13.3));
#45760=VERTEX_POINT('',#45750);
#45770=EDGE_CURVE('',#45760,#45680,#45740,.T.);
#45780=ORIENTED_EDGE('',*,*,#45770,.T.);
#45790=CARTESIAN_POINT('',(-1.559647,-3.949646,13.3));
#45800=DIRECTION('',(-1.22460635382238E-16,1.,0.));
#45810=VECTOR('',#45800,1.);
#45820=LINE('',#45790,#45810);
#45830=EDGE_CURVE('',#25680,#45760,#45820,.T.);
#45840=ORIENTED_EDGE('',*,*,#45830,.T.);
#45850=ORIENTED_EDGE('',*,*,#25910,.T.);
#45860=ORIENTED_EDGE('',*,*,#38350,.T.);
#45870=ORIENTED_EDGE('',*,*,#28350,.T.);
#45880=ORIENTED_EDGE('',*,*,#42740,.F.);
#45890=ORIENTED_EDGE('',*,*,#40890,.F.);
#45900=EDGE_LOOP('',(#45890,#45880,#45870,#45860,#45850,#45840,#45780,
#45700));
#45910=FACE_OUTER_BOUND('',#45900,.T.);
#45920=ADVANCED_FACE('',(#45910),#45620,.F.);
#45930=CARTESIAN_POINT('',(-2.28906313620098,2.850354,18.9255180756341))
;
#45940=DIRECTION('',(-1.22460635382238E-16,1.,0.));
#45950=DIRECTION('',(-1.,-1.22460635382238E-16,0.));
#45960=AXIS2_PLACEMENT_3D('',#45930,#45940,#45950);
#45970=PLANE('',#45960);
#45980=CARTESIAN_POINT('',(-4.770781,2.850354,18.7));
#45990=DIRECTION('',(-1.,0.,0.));
#46000=VECTOR('',#45990,1.);
#46010=LINE('',#45980,#46000);
#46020=EDGE_CURVE('',#4280,#7410,#46010,.T.);
#46030=ORIENTED_EDGE('',*,*,#46020,.T.);
#46040=ORIENTED_EDGE('',*,*,#4290,.F.);
#46050=ORIENTED_EDGE('',*,*,#7220,.F.);
#46060=ORIENTED_EDGE('',*,*,#7480,.T.);
#46070=EDGE_LOOP('',(#46060,#46050,#46040,#46030));
#46080=FACE_OUTER_BOUND('',#46070,.T.);
#46090=ORIENTED_EDGE('',*,*,#2460,.F.);
#46100=ORIENTED_EDGE('',*,*,#43040,.F.);
#46110=CARTESIAN_POINT('',(0.,2.850354,18.3));
#46120=DIRECTION('',(-1.,0.,0.));
#46130=VECTOR('',#46120,1.);
#46140=LINE('',#46110,#46130);
#46150=EDGE_CURVE('',#42970,#45120,#46140,.T.);
#46160=ORIENTED_EDGE('',*,*,#46150,.F.);
#46170=ORIENTED_EDGE('',*,*,#45130,.F.);
#46180=EDGE_LOOP('',(#46170,#46160,#46100,#46090));
#46190=FACE_BOUND('',#46180,.T.);
#46200=ADVANCED_FACE('',(#46080,#46190),#45970,.F.);
#46210=CARTESIAN_POINT('',(0.740353,-2.149646,13.3));
#46220=DIRECTION('',(0.,0.,-1.));
#46230=DIRECTION('',(1.22460635382238E-16,-1.,0.));
#46240=AXIS2_PLACEMENT_3D('',#46210,#46220,#46230);
#46250=PLANE('',#46240);
#46260=CARTESIAN_POINT('',(-1.73103701837062E-16,-0.399646,13.3));
#46270=DIRECTION('',(-1.,-1.22460635382238E-16,0.));
#46280=VECTOR('',#46270,1.);
#46290=LINE('',#46260,#46280);
#46300=CARTESIAN_POINT('',(-0.159647000000001,-0.399646,13.3));
#46310=VERTEX_POINT('',#46300);
#46320=EDGE_CURVE('',#21480,#46310,#46290,.T.);
#46330=ORIENTED_EDGE('',*,*,#46320,.F.);
#46340=CARTESIAN_POINT('',(-0.159647000000001,-2.41595077981899E-16,13.3
));
#46350=DIRECTION('',(-1.22460635382238E-16,1.,0.));
#46360=VECTOR('',#46350,1.);
#46370=LINE('',#46340,#46360);
#46380=CARTESIAN_POINT('',(-0.159647000000001,-0.899646000000001,13.3));
#46390=VERTEX_POINT('',#46380);
#46400=EDGE_CURVE('',#46390,#46310,#46370,.T.);
#46410=ORIENTED_EDGE('',*,*,#46400,.T.);
#46420=CARTESIAN_POINT('',(-0.721925750000001,-3.1045209096883E-16,13.3)
);
#46430=DIRECTION('',(-0.52999894000318,0.847998304005088,0.));
#46440=VECTOR('',#46430,1.);
#46450=LINE('',#46420,#46440);
#46460=CARTESIAN_POINT('',(0.340353,-1.699646,13.3));
#46470=VERTEX_POINT('',#46460);
#46480=EDGE_CURVE('',#46470,#46390,#46450,.T.);
#46490=ORIENTED_EDGE('',*,*,#46480,.T.);
#46500=CARTESIAN_POINT('',(0.340353,-1.80364760290781E-16,13.3));
#46510=DIRECTION('',(1.22460635382238E-16,-1.,0.));
#46520=VECTOR('',#46510,1.);
#46530=LINE('',#46500,#46520);
#46540=EDGE_CURVE('',#46470,#43220,#46530,.T.);
#46550=ORIENTED_EDGE('',*,*,#46540,.F.);
#46560=ORIENTED_EDGE('',*,*,#43230,.T.);
#46570=ORIENTED_EDGE('',*,*,#21570,.F.);
#46580=EDGE_LOOP('',(#46570,#46560,#46550,#46490,#46410,#46330));
#46590=FACE_OUTER_BOUND('',#46580,.T.);
#46600=ADVANCED_FACE('',(#46590),#46250,.T.);
#46610=CARTESIAN_POINT('',(-0.159647,-1.35181581354619,16.8181650575995)
);
#46620=DIRECTION('',(1.,0.,0.));
#46630=DIRECTION('',(0.,1.,0.));
#46640=AXIS2_PLACEMENT_3D('',#46610,#46620,#46630);
#46650=PLANE('',#46640);
#46660=ORIENTED_EDGE('',*,*,#41500,.T.);
#46670=CARTESIAN_POINT('',(-0.159647,0.,17.2665486666667));
#46680=DIRECTION('',(0.,-0.948683298050514,-0.316227766016838));
#46690=VECTOR('',#46680,1.);
#46700=LINE('',#46670,#46690);
#46710=CARTESIAN_POINT('',(-0.159647,0.100354,17.3));
#46720=VERTEX_POINT('',#46710);
#46730=EDGE_CURVE('',#46720,#41430,#46700,.T.);
#46740=ORIENTED_EDGE('',*,*,#46730,.T.);
#46750=CARTESIAN_POINT('',(-0.159647,0.,17.3));
#46760=DIRECTION('',(0.,-1.,0.));
#46770=VECTOR('',#46760,1.);
#46780=LINE('',#46750,#46770);
#46790=CARTESIAN_POINT('',(-0.159647,0.700354,17.3));
#46800=VERTEX_POINT('',#46790);
#46810=EDGE_CURVE('',#46800,#46720,#46780,.T.);
#46820=ORIENTED_EDGE('',*,*,#46810,.T.);
#46830=CARTESIAN_POINT('',(-0.159647,0.700354,16.));
#46840=DIRECTION('',(0.,0.,1.));
#46850=VECTOR('',#46840,1.);
#46860=LINE('',#46830,#46850);
#46870=EDGE_CURVE('',#33470,#46800,#46860,.T.);
#46880=ORIENTED_EDGE('',*,*,#46870,.T.);
#46890=ORIENTED_EDGE('',*,*,#40480,.F.);
#46900=ORIENTED_EDGE('',*,*,#44940,.F.);
#46910=CARTESIAN_POINT('',(-0.159647,0.,16.8));
#46920=DIRECTION('',(0.,-1.,0.));
#46930=VECTOR('',#46920,1.);
#46940=LINE('',#46910,#46930);
#46950=EDGE_CURVE('',#44870,#40250,#46940,.T.);
#46960=ORIENTED_EDGE('',*,*,#46950,.F.);
#46970=ORIENTED_EDGE('',*,*,#40260,.F.);
#46980=EDGE_LOOP('',(#46970,#46960,#46900,#46890,#46880,#46820,#46740,
#46660));
#46990=FACE_OUTER_BOUND('',#46980,.T.);
#47000=ADVANCED_FACE('',(#46990),#46650,.T.);
#47010=CARTESIAN_POINT('',(-0.287247370615925,-0.272149875596301,16.8));
#47020=DIRECTION('',(0.,0.,-1.));
#47030=DIRECTION('',(-1.,0.,0.));
#47040=AXIS2_PLACEMENT_3D('',#47010,#47020,#47030);
#47050=PLANE('',#47040);
#47060=ORIENTED_EDGE('',*,*,#44640,.T.);
#47070=ORIENTED_EDGE('',*,*,#40320,.T.);
#47080=ORIENTED_EDGE('',*,*,#46950,.T.);
#47090=ORIENTED_EDGE('',*,*,#44880,.F.);
#47100=CARTESIAN_POINT('',(-1.559647,0.,16.8));
#47110=DIRECTION('',(0.,1.,0.));
#47120=VECTOR('',#47110,1.);
#47130=LINE('',#47100,#47120);
#47140=EDGE_CURVE('',#28990,#44790,#47130,.T.);
#47150=ORIENTED_EDGE('',*,*,#47140,.T.);
#47160=ORIENTED_EDGE('',*,*,#29000,.T.);
#47170=CARTESIAN_POINT('',(0.340353,0.,16.8));
#47180=DIRECTION('',(0.,1.,0.));
#47190=VECTOR('',#47180,1.);
#47200=LINE('',#47170,#47190);
#47210=EDGE_CURVE('',#28890,#44550,#47200,.T.);
#47220=ORIENTED_EDGE('',*,*,#47210,.F.);
#47230=EDGE_LOOP('',(#47220,#47160,#47150,#47090,#47080,#47070,#47060));
#47240=FACE_OUTER_BOUND('',#47230,.T.);
#47250=ADVANCED_FACE('',(#47240),#47050,.T.);
#47260=CARTESIAN_POINT('',(-0.459647,3.350354,16.3));
#47270=DIRECTION('',(1.,2.44921270764475E-16,0.));
#47280=DIRECTION('',(0.,0.,1.));
#47290=AXIS2_PLACEMENT_3D('',#47260,#47270,#47280);
#47300=PLANE('',#47290);
#47310=CARTESIAN_POINT('',(-0.459647000000001,-2.78333268596571E-16,15.7
));
#47320=DIRECTION('',(-2.44921270764475E-16,1.,0.));
#47330=VECTOR('',#47320,1.);
#47340=LINE('',#47310,#47330);
#47350=EDGE_CURVE('',#42100,#12790,#47340,.T.);
#47360=ORIENTED_EDGE('',*,*,#47350,.F.);
#47370=ORIENTED_EDGE('',*,*,#13020,.T.);
#47380=ORIENTED_EDGE('',*,*,#45530,.T.);
#47390=ORIENTED_EDGE('',*,*,#42170,.F.);
#47400=EDGE_LOOP('',(#47390,#47380,#47370,#47360));
#47410=FACE_OUTER_BOUND('',#47400,.T.);
#47420=ADVANCED_FACE('',(#47410),#47300,.F.);
#47430=CARTESIAN_POINT('',(-1.559647,-3.949646,16.));
#47440=DIRECTION('',(-1.,-1.22460635382238E-16,0.));
#47450=DIRECTION('',(-1.22460635382238E-16,1.,0.));
#47460=AXIS2_PLACEMENT_3D('',#47430,#47440,#47450);
#47470=PLANE('',#47460);
#47480=ORIENTED_EDGE('',*,*,#47140,.F.);
#47490=ORIENTED_EDGE('',*,*,#44800,.F.);
#47500=ORIENTED_EDGE('',*,*,#40650,.F.);
#47510=ORIENTED_EDGE('',*,*,#42330,.F.);
#47520=CARTESIAN_POINT('',(-1.559647,-3.949646,15.3));
#47530=DIRECTION('',(-1.22460635382238E-16,1.,0.));
#47540=VECTOR('',#47530,1.);
#47550=LINE('',#47520,#47540);
#47560=EDGE_CURVE('',#43940,#42260,#47550,.T.);
#47570=ORIENTED_EDGE('',*,*,#47560,.T.);
#47580=ORIENTED_EDGE('',*,*,#44170,.T.);
#47590=CARTESIAN_POINT('',(-1.559647,-4.13039967517032E-16,15.2));
#47600=DIRECTION('',(-1.22460635382238E-16,1.,0.));
#47610=VECTOR('',#47600,1.);
#47620=LINE('',#47590,#47610);
#47630=EDGE_CURVE('',#29070,#44100,#47620,.T.);
#47640=ORIENTED_EDGE('',*,*,#47630,.T.);
#47650=ORIENTED_EDGE('',*,*,#29080,.T.);
#47660=EDGE_LOOP('',(#47650,#47640,#47580,#47570,#47510,#47500,#47490,
#47480));
#47670=FACE_OUTER_BOUND('',#47660,.T.);
#47680=ADVANCED_FACE('',(#47670),#47470,.F.);
#47690=CARTESIAN_POINT('',(-0.159647,-0.399646,14.));
#47700=DIRECTION('',(-1.22460635382238E-16,1.,0.));
#47710=DIRECTION('',(1.,1.22460635382238E-16,0.));
#47720=AXIS2_PLACEMENT_3D('',#47690,#47700,#47710);
#47730=PLANE('',#47720);
#47740=ORIENTED_EDGE('',*,*,#46320,.T.);
#47750=ORIENTED_EDGE('',*,*,#21490,.F.);
#47760=CARTESIAN_POINT('',(-1.73103701837062E-16,-0.399646,14.7));
#47770=DIRECTION('',(-1.,-1.22460635382238E-16,0.));
#47780=VECTOR('',#47770,1.);
#47790=LINE('',#47760,#47780);
#47800=CARTESIAN_POINT('',(-0.159647000000001,-0.399646,14.7));
#47810=VERTEX_POINT('',#47800);
#47820=EDGE_CURVE('',#21400,#47810,#47790,.T.);
#47830=ORIENTED_EDGE('',*,*,#47820,.F.);
#47840=CARTESIAN_POINT('',(-0.159647000000001,-0.399646,14.));
#47850=DIRECTION('',(0.,0.,-1.));
#47860=VECTOR('',#47850,1.);
#47870=LINE('',#47840,#47860);
#47880=EDGE_CURVE('',#47810,#46310,#47870,.T.);
#47890=ORIENTED_EDGE('',*,*,#47880,.F.);
#47900=EDGE_LOOP('',(#47890,#47830,#47750,#47740));
#47910=FACE_OUTER_BOUND('',#47900,.T.);
#47920=ADVANCED_FACE('',(#47910),#47730,.T.);
#47930=CARTESIAN_POINT('',(-1.059647,3.350354,15.7));
#47940=DIRECTION('',(-1.,-2.44921270764475E-16,0.));
#47950=DIRECTION('',(0.,0.,-1.));
#47960=AXIS2_PLACEMENT_3D('',#47930,#47940,#47950);
#47970=PLANE('',#47960);
#47980=ORIENTED_EDGE('',*,*,#45460,.T.);
#47990=ORIENTED_EDGE('',*,*,#12880,.F.);
#48000=CARTESIAN_POINT('',(-1.059647,-3.51809649825913E-16,15.7));
#48010=DIRECTION('',(2.44921270764475E-16,-1.,0.));
#48020=VECTOR('',#48010,1.);
#48030=LINE('',#48000,#48020);
#48040=EDGE_CURVE('',#12770,#42020,#48030,.T.);
#48050=ORIENTED_EDGE('',*,*,#48040,.F.);
#48060=ORIENTED_EDGE('',*,*,#42030,.T.);
#48070=EDGE_LOOP('',(#48060,#48050,#47990,#47980));
#48080=FACE_OUTER_BOUND('',#48070,.T.);
#48090=ADVANCED_FACE('',(#48080),#47970,.F.);
#48100=CARTESIAN_POINT('',(-0.459647000000001,3.350354,15.7));
#48110=DIRECTION('',(0.,0.,-1.));
#48120=DIRECTION('',(1.,2.44921270764475E-16,0.));
#48130=AXIS2_PLACEMENT_3D('',#48100,#48110,#48120);
#48140=PLANE('',#48130);
#48150=ORIENTED_EDGE('',*,*,#47350,.T.);
#48160=ORIENTED_EDGE('',*,*,#42110,.T.);
#48170=ORIENTED_EDGE('',*,*,#48040,.T.);
#48180=ORIENTED_EDGE('',*,*,#12800,.F.);
#48190=EDGE_LOOP('',(#48180,#48170,#48160,#48150));
#48200=FACE_OUTER_BOUND('',#48190,.T.);
#48210=ADVANCED_FACE('',(#48200),#48140,.F.);
#48220=CARTESIAN_POINT('',(-2.22044604925031E-16,-2.22044604925031E-16,
15.3));
#48230=DIRECTION('',(0.,0.,1.));
#48240=DIRECTION('',(1.,1.22460635382238E-16,0.));
#48250=AXIS2_PLACEMENT_3D('',#48220,#48230,#48240);
#48260=PLANE('',#48250);
#48270=ORIENTED_EDGE('',*,*,#43950,.F.);
#48280=ORIENTED_EDGE('',*,*,#47560,.F.);
#48290=ORIENTED_EDGE('',*,*,#42270,.F.);
#48300=ORIENTED_EDGE('',*,*,#33320,.T.);
#48310=CARTESIAN_POINT('',(-0.159647,-2.41595077981899E-16,15.3));
#48320=DIRECTION('',(1.22460635382238E-16,-1.,0.));
#48330=VECTOR('',#48320,1.);
#48340=LINE('',#48310,#48330);
#48350=EDGE_CURVE('',#33290,#43920,#48340,.T.);
#48360=ORIENTED_EDGE('',*,*,#48350,.F.);
#48370=EDGE_LOOP('',(#48360,#48300,#48290,#48280,#48270));
#48380=FACE_OUTER_BOUND('',#48370,.T.);
#48390=ADVANCED_FACE('',(#48380),#48260,.T.);
#48400=CARTESIAN_POINT('',(-0.239647000000001,2.850354,14.));
#48410=DIRECTION('',(0.999308451930343,0.037183570304385,0.));
#48420=DIRECTION('',(0.037183570304385,-0.999308451930343,0.));
#48430=AXIS2_PLACEMENT_3D('',#48400,#48410,#48420);
#48440=PLANE('',#48430);
#48450=CARTESIAN_POINT('',(-0.159647,0.700354,13.3));
#48460=DIRECTION('',(-0.037183570304385,0.999308451930343,0.));
#48470=VECTOR('',#48460,1.);
#48480=LINE('',#48450,#48470);
#48490=CARTESIAN_POINT('',(-0.159647,0.700354,13.3));
#48500=VERTEX_POINT('',#48490);
#48510=CARTESIAN_POINT('',(-0.239647000000001,2.850354,13.3));
#48520=VERTEX_POINT('',#48510);
#48530=EDGE_CURVE('',#48500,#48520,#48480,.T.);
#48540=ORIENTED_EDGE('',*,*,#48530,.F.);
#48550=CARTESIAN_POINT('',(-0.239647000000001,2.850354,32.));
#48560=DIRECTION('',(0.,0.,1.));
#48570=VECTOR('',#48560,1.);
#48580=LINE('',#48550,#48570);
#48590=CARTESIAN_POINT('',(-0.239647000000001,2.850354,14.7));
#48600=VERTEX_POINT('',#48590);
#48610=EDGE_CURVE('',#48520,#48600,#48580,.T.);
#48620=ORIENTED_EDGE('',*,*,#48610,.F.);
#48630=CARTESIAN_POINT('',(-0.159647,0.700354,14.7));
#48640=DIRECTION('',(-0.037183570304385,0.999308451930343,0.));
#48650=VECTOR('',#48640,1.);
#48660=LINE('',#48630,#48650);
#48670=CARTESIAN_POINT('',(-0.159647,0.700354,14.7));
#48680=VERTEX_POINT('',#48670);
#48690=EDGE_CURVE('',#48680,#48600,#48660,.T.);
#48700=ORIENTED_EDGE('',*,*,#48690,.T.);
#48710=CARTESIAN_POINT('',(-0.159647,0.700354,14.));
#48720=DIRECTION('',(0.,0.,1.));
#48730=VECTOR('',#48720,1.);
#48740=LINE('',#48710,#48730);
#48750=EDGE_CURVE('',#48500,#48680,#48740,.T.);
#48760=ORIENTED_EDGE('',*,*,#48750,.T.);
#48770=EDGE_LOOP('',(#48760,#48700,#48620,#48540));
#48780=FACE_OUTER_BOUND('',#48770,.T.);
#48790=ADVANCED_FACE('',(#48780),#48440,.F.);
#48800=CARTESIAN_POINT('',(-0.159647,-1.35181581354619,13.1818349424005)
);
#48810=DIRECTION('',(-1.,-1.22460635382238E-16,0.));
#48820=DIRECTION('',(-1.22460635382238E-16,1.,0.));
#48830=AXIS2_PLACEMENT_3D('',#48800,#48810,#48820);
#48840=PLANE('',#48830);
#48850=ORIENTED_EDGE('',*,*,#38420,.T.);
#48860=ORIENTED_EDGE('',*,*,#25770,.T.);
#48870=CARTESIAN_POINT('',(-0.159647,-2.41595077981899E-16,13.3));
#48880=DIRECTION('',(1.22460635382238E-16,-1.,0.));
#48890=VECTOR('',#48880,1.);
#48900=LINE('',#48870,#48890);
#48910=EDGE_CURVE('',#48500,#25660,#48900,.T.);
#48920=ORIENTED_EDGE('',*,*,#48910,.T.);
#48930=CARTESIAN_POINT('',(-0.159647,0.700354,14.));
#48940=DIRECTION('',(0.,0.,-1.));
#48950=VECTOR('',#48940,1.);
#48960=LINE('',#48930,#48950);
#48970=CARTESIAN_POINT('',(-0.159647,0.700353999999999,12.75));
#48980=VERTEX_POINT('',#48970);
#48990=EDGE_CURVE('',#48500,#48980,#48960,.T.);
#49000=ORIENTED_EDGE('',*,*,#48990,.F.);
#49010=CARTESIAN_POINT('',(-0.159647,-2.41595077981899E-16,12.75));
#49020=DIRECTION('',(-1.22460635382238E-16,1.,0.));
#49030=VECTOR('',#49020,1.);
#49040=LINE('',#49010,#49030);
#49050=EDGE_CURVE('',#25440,#48980,#49040,.T.);
#49060=ORIENTED_EDGE('',*,*,#49050,.T.);
#49070=ORIENTED_EDGE('',*,*,#25450,.T.);
#49080=EDGE_LOOP('',(#49070,#49060,#49000,#48920,#48860,#48850));
#49090=FACE_OUTER_BOUND('',#49080,.T.);
#49100=ADVANCED_FACE('',(#49090),#48840,.F.);
#49110=CARTESIAN_POINT('',(-2.22044604925031E-16,-2.22044604925031E-16,
13.3));
#49120=DIRECTION('',(0.,0.,1.));
#49130=DIRECTION('',(1.,1.22460635382238E-16,0.));
#49140=AXIS2_PLACEMENT_3D('',#49110,#49120,#49130);
#49150=PLANE('',#49140);
#49160=ORIENTED_EDGE('',*,*,#25690,.F.);
#49170=ORIENTED_EDGE('',*,*,#45830,.F.);
#49180=CARTESIAN_POINT('',(1.251487,2.850354,13.3));
#49190=DIRECTION('',(1.,1.22460635382238E-16,0.));
#49200=VECTOR('',#49190,1.);
#49210=LINE('',#49180,#49200);
#49220=EDGE_CURVE('',#45760,#48520,#49210,.T.);
#49230=ORIENTED_EDGE('',*,*,#49220,.F.);
#49240=ORIENTED_EDGE('',*,*,#48530,.T.);
#49250=ORIENTED_EDGE('',*,*,#48910,.F.);
#49260=EDGE_LOOP('',(#49250,#49240,#49230,#49170,#49160));
#49270=FACE_OUTER_BOUND('',#49260,.T.);
#49280=ADVANCED_FACE('',(#49270),#49150,.T.);
#49290=CARTESIAN_POINT('',(-2.28906313620098,2.850354,13.074481924366));
#49300=DIRECTION('',(2.44921270764475E-16,-1.,0.));
#49310=DIRECTION('',(-1.,-2.44921270764475E-16,0.));
#49320=AXIS2_PLACEMENT_3D('',#49290,#49300,#49310);
#49330=PLANE('',#49320);
#49340=CARTESIAN_POINT('',(-0.459647000000001,2.850354,32.));
#49350=DIRECTION('',(0.,0.,-1.));
#49360=VECTOR('',#49350,1.);
#49370=LINE('',#49340,#49360);
#49380=CARTESIAN_POINT('',(-0.459647000000001,2.850354,14.3));
#49390=VERTEX_POINT('',#49380);
#49400=CARTESIAN_POINT('',(-0.459647000000001,2.850354,13.7));
#49410=VERTEX_POINT('',#49400);
#49420=EDGE_CURVE('',#49390,#49410,#49370,.T.);
#49430=ORIENTED_EDGE('',*,*,#49420,.T.);
#49440=CARTESIAN_POINT('',(-5.71100766829334E-16,2.850354,14.3));
#49450=DIRECTION('',(-1.,-1.22460635382238E-16,0.));
#49460=VECTOR('',#49450,1.);
#49470=LINE('',#49440,#49460);
#49480=CARTESIAN_POINT('',(-1.059647,2.850354,14.3));
#49490=VERTEX_POINT('',#49480);
#49500=EDGE_CURVE('',#49390,#49490,#49470,.T.);
#49510=ORIENTED_EDGE('',*,*,#49500,.F.);
#49520=CARTESIAN_POINT('',(-1.059647,2.850354,32.));
#49530=DIRECTION('',(0.,0.,1.));
#49540=VECTOR('',#49530,1.);
#49550=LINE('',#49520,#49540);
#49560=CARTESIAN_POINT('',(-1.059647,2.850354,13.7));
#49570=VERTEX_POINT('',#49560);
#49580=EDGE_CURVE('',#49570,#49490,#49550,.T.);
#49590=ORIENTED_EDGE('',*,*,#49580,.T.);
#49600=CARTESIAN_POINT('',(-5.71100766829334E-16,2.850354,13.7));
#49610=DIRECTION('',(1.,1.22460635382238E-16,0.));
#49620=VECTOR('',#49610,1.);
#49630=LINE('',#49600,#49620);
#49640=EDGE_CURVE('',#49570,#49410,#49630,.T.);
#49650=ORIENTED_EDGE('',*,*,#49640,.F.);
#49660=EDGE_LOOP('',(#49650,#49590,#49510,#49430));
#49670=FACE_BOUND('',#49660,.T.);
#49680=ORIENTED_EDGE('',*,*,#48610,.T.);
#49690=ORIENTED_EDGE('',*,*,#49220,.T.);
#49700=ORIENTED_EDGE('',*,*,#45770,.F.);
#49710=CARTESIAN_POINT('',(1.251487,2.850354,14.7));
#49720=DIRECTION('',(1.,1.22460635382238E-16,0.));
#49730=VECTOR('',#49720,1.);
#49740=LINE('',#49710,#49730);
#49750=EDGE_CURVE('',#45680,#48600,#49740,.T.);
#49760=ORIENTED_EDGE('',*,*,#49750,.F.);
#49770=EDGE_LOOP('',(#49760,#49700,#49690,#49680));
#49780=FACE_OUTER_BOUND('',#49770,.T.);
#49790=ADVANCED_FACE('',(#49670,#49780),#49330,.T.);
#49800=CARTESIAN_POINT('',(-0.459647000000001,3.350354,14.3));
#49810=DIRECTION('',(1.,2.44921270764475E-16,0.));
#49820=DIRECTION('',(0.,0.,1.));
#49830=AXIS2_PLACEMENT_3D('',#49800,#49810,#49820);
#49840=PLANE('',#49830);
#49850=ORIENTED_EDGE('',*,*,#12120,.T.);
#49860=CARTESIAN_POINT('',(-0.459647,-2.78333268596571E-16,14.3));
#49870=DIRECTION('',(2.44921270764475E-16,-1.,8.71576399210524E-33));
#49880=VECTOR('',#49870,1.);
#49890=LINE('',#49860,#49880);
#49900=EDGE_CURVE('',#12090,#49390,#49890,.T.);
#49910=ORIENTED_EDGE('',*,*,#49900,.F.);
#49920=ORIENTED_EDGE('',*,*,#49420,.F.);
#49930=CARTESIAN_POINT('',(-0.459647,-2.78333268596571E-16,13.7));
#49940=DIRECTION('',(-1.22460635382238E-16,1.,-1.22460635382238E-16));
#49950=VECTOR('',#49940,1.);
#49960=LINE('',#49930,#49950);
#49970=EDGE_CURVE('',#49410,#12110,#49960,.T.);
#49980=ORIENTED_EDGE('',*,*,#49970,.F.);
#49990=EDGE_LOOP('',(#49980,#49920,#49910,#49850));
#50000=FACE_OUTER_BOUND('',#49990,.T.);
#50010=ADVANCED_FACE('',(#50000),#49840,.F.);
#50020=CARTESIAN_POINT('',(-0.459647000000001,3.350354,13.7));
#50030=DIRECTION('',(0.,0.,-1.));
#50040=DIRECTION('',(1.,2.44921270764475E-16,0.));
#50050=AXIS2_PLACEMENT_3D('',#50020,#50030,#50040);
#50060=PLANE('',#50050);
#50070=ORIENTED_EDGE('',*,*,#49970,.T.);
#50080=ORIENTED_EDGE('',*,*,#49640,.T.);
#50090=CARTESIAN_POINT('',(-1.059647,-3.51809649825913E-16,13.7));
#50100=DIRECTION('',(2.44921270764475E-16,-1.,0.));
#50110=VECTOR('',#50100,1.);
#50120=LINE('',#50090,#50110);
#50130=EDGE_CURVE('',#12190,#49570,#50120,.T.);
#50140=ORIENTED_EDGE('',*,*,#50130,.T.);
#50150=ORIENTED_EDGE('',*,*,#12200,.F.);
#50160=EDGE_LOOP('',(#50150,#50140,#50080,#50070));
#50170=FACE_OUTER_BOUND('',#50160,.T.);
#50180=ADVANCED_FACE('',(#50170),#50060,.F.);
#50190=CARTESIAN_POINT('',(-1.059647,3.350354,14.3));
#50200=DIRECTION('',(0.,0.,1.));
#50210=DIRECTION('',(-1.,-2.44921270764475E-16,0.));
#50220=AXIS2_PLACEMENT_3D('',#50190,#50200,#50210);
#50230=PLANE('',#50220);
#50240=ORIENTED_EDGE('',*,*,#12340,.T.);
#50250=CARTESIAN_POINT('',(-1.059647,-3.51809649825913E-16,14.3));
#50260=DIRECTION('',(-2.44921270764475E-16,1.,0.));
#50270=VECTOR('',#50260,1.);
#50280=LINE('',#50250,#50270);
#50290=EDGE_CURVE('',#49490,#12270,#50280,.T.);
#50300=ORIENTED_EDGE('',*,*,#50290,.T.);
#50310=ORIENTED_EDGE('',*,*,#49500,.T.);
#50320=ORIENTED_EDGE('',*,*,#49900,.T.);
#50330=EDGE_LOOP('',(#50320,#50310,#50300,#50240));
#50340=FACE_OUTER_BOUND('',#50330,.T.);
#50350=ADVANCED_FACE('',(#50340),#50230,.F.);
#50360=CARTESIAN_POINT('',(-1.059647,3.350354,13.7));
#50370=DIRECTION('',(-1.,-2.44921270764475E-16,0.));
#50380=DIRECTION('',(0.,0.,-1.));
#50390=AXIS2_PLACEMENT_3D('',#50360,#50370,#50380);
#50400=PLANE('',#50390);
#50410=ORIENTED_EDGE('',*,*,#12280,.T.);
#50420=ORIENTED_EDGE('',*,*,#50130,.F.);
#50430=ORIENTED_EDGE('',*,*,#49580,.F.);
#50440=ORIENTED_EDGE('',*,*,#50290,.F.);
#50450=EDGE_LOOP('',(#50440,#50430,#50420,#50410));
#50460=FACE_OUTER_BOUND('',#50450,.T.);
#50470=ADVANCED_FACE('',(#50460),#50400,.F.);
#50480=CARTESIAN_POINT('',(-2.22044604925031E-16,-2.22044604925031E-16,
14.7));
#50490=DIRECTION('',(0.,0.,1.));
#50500=DIRECTION('',(1.,1.22460635382238E-16,0.));
#50510=AXIS2_PLACEMENT_3D('',#50480,#50490,#50500);
#50520=PLANE('',#50510);
#50530=CARTESIAN_POINT('',(-0.159647,-2.41595077981899E-16,14.7));
#50540=DIRECTION('',(1.22460635382238E-16,-1.,0.));
#50550=VECTOR('',#50540,1.);
#50560=LINE('',#50530,#50550);
#50570=EDGE_CURVE('',#48680,#41040,#50560,.T.);
#50580=ORIENTED_EDGE('',*,*,#50570,.T.);
#50590=ORIENTED_EDGE('',*,*,#48690,.F.);
#50600=ORIENTED_EDGE('',*,*,#49750,.T.);
#50610=ORIENTED_EDGE('',*,*,#45690,.T.);
#50620=ORIENTED_EDGE('',*,*,#41110,.T.);
#50630=EDGE_LOOP('',(#50620,#50610,#50600,#50590,#50580));
#50640=FACE_OUTER_BOUND('',#50630,.T.);
#50650=ADVANCED_FACE('',(#50640),#50520,.F.);
#50660=CARTESIAN_POINT('',(0.340353,-1.74548523510262,13.474979283724));
#50670=DIRECTION('',(1.,1.22460635382238E-16,0.));
#50680=DIRECTION('',(1.22460635382238E-16,-1.,0.));
#50690=AXIS2_PLACEMENT_3D('',#50660,#50670,#50680);
#50700=PLANE('',#50690);
#50710=ORIENTED_EDGE('',*,*,#46540,.T.);
#50720=CARTESIAN_POINT('',(0.340353,-1.699646,14.));
#50730=DIRECTION('',(0.,0.,-1.));
#50740=VECTOR('',#50730,1.);
#50750=LINE('',#50720,#50740);
#50760=CARTESIAN_POINT('',(0.340353,-1.699646,13.8));
#50770=VERTEX_POINT('',#50760);
#50780=EDGE_CURVE('',#50770,#46470,#50750,.T.);
#50790=ORIENTED_EDGE('',*,*,#50780,.T.);
#50800=CARTESIAN_POINT('',(0.340353,-1.80364760290781E-16,13.8));
#50810=DIRECTION('',(1.22460635382238E-16,-1.,0.));
#50820=VECTOR('',#50810,1.);
#50830=LINE('',#50800,#50820);
#50840=CARTESIAN_POINT('',(0.340353,-3.549646,13.8));
#50850=VERTEX_POINT('',#50840);
#50860=EDGE_CURVE('',#50770,#50850,#50830,.T.);
#50870=ORIENTED_EDGE('',*,*,#50860,.F.);
#50880=CARTESIAN_POINT('',(0.340353,-1.80364760290781E-16,12.025177));
#50890=DIRECTION('',(-1.09532122113E-16,0.894427190999916,
-0.447213595499959));
#50900=VECTOR('',#50890,1.);
#50910=LINE('',#50880,#50900);
#50920=EDGE_CURVE('',#28120,#50850,#50910,.T.);
#50930=ORIENTED_EDGE('',*,*,#50920,.T.);
#50940=ORIENTED_EDGE('',*,*,#28130,.T.);
#50950=ORIENTED_EDGE('',*,*,#38280,.F.);
#50960=ORIENTED_EDGE('',*,*,#43290,.T.);
#50970=EDGE_LOOP('',(#50960,#50950,#50940,#50930,#50870,#50790,#50710));
#50980=FACE_OUTER_BOUND('',#50970,.T.);
#50990=ADVANCED_FACE('',(#50980),#50700,.F.);
#51000=CARTESIAN_POINT('',(-0.159647000000001,-0.899646,14.));
#51010=DIRECTION('',(0.847998304005088,0.52999894000318,0.));
#51020=DIRECTION('',(0.52999894000318,-0.847998304005088,0.));
#51030=AXIS2_PLACEMENT_3D('',#51000,#51010,#51020);
#51040=PLANE('',#51030);
#51050=ORIENTED_EDGE('',*,*,#43710,.T.);
#51060=CARTESIAN_POINT('',(-0.721925750000001,-3.1045209096883E-16,13.8)
);
#51070=DIRECTION('',(-0.52999894000318,0.847998304005088,0.));
#51080=VECTOR('',#51070,1.);
#51090=LINE('',#51060,#51080);
#51100=EDGE_CURVE('',#50770,#43620,#51090,.T.);
#51110=ORIENTED_EDGE('',*,*,#51100,.T.);
#51120=ORIENTED_EDGE('',*,*,#50780,.F.);
#51130=ORIENTED_EDGE('',*,*,#46480,.F.);
#51140=CARTESIAN_POINT('',(-0.159647000000001,-0.899646000000001,14.));
#51150=DIRECTION('',(0.,0.,1.));
#51160=VECTOR('',#51150,1.);
#51170=LINE('',#51140,#51160);
#51180=CARTESIAN_POINT('',(-0.159647000000001,-0.899646000000001,14.7));
#51190=VERTEX_POINT('',#51180);
#51200=EDGE_CURVE('',#46390,#51190,#51170,.T.);
#51210=ORIENTED_EDGE('',*,*,#51200,.F.);
#51220=CARTESIAN_POINT('',(-0.721925750000001,-3.1045209096883E-16,14.7)
);
#51230=DIRECTION('',(-0.52999894000318,0.847998304005088,0.));
#51240=VECTOR('',#51230,1.);
#51250=LINE('',#51220,#51240);
#51260=CARTESIAN_POINT('',(0.340353,-1.699646,14.7));
#51270=VERTEX_POINT('',#51260);
#51280=EDGE_CURVE('',#51270,#51190,#51250,.T.);
#51290=ORIENTED_EDGE('',*,*,#51280,.T.);
#51300=CARTESIAN_POINT('',(0.340353,-1.699646,14.));
#51310=DIRECTION('',(0.,0.,1.));
#51320=VECTOR('',#51310,1.);
#51330=LINE('',#51300,#51320);
#51340=CARTESIAN_POINT('',(0.340353,-1.699646,14.2));
#51350=VERTEX_POINT('',#51340);
#51360=EDGE_CURVE('',#51350,#51270,#51330,.T.);
#51370=ORIENTED_EDGE('',*,*,#51360,.T.);
#51380=CARTESIAN_POINT('',(-0.721925750000001,-3.1045209096883E-16,14.2)
);
#51390=DIRECTION('',(-0.52999894000318,0.847998304005088,0.));
#51400=VECTOR('',#51390,1.);
#51410=LINE('',#51380,#51400);
#51420=EDGE_CURVE('',#51350,#43700,#51410,.T.);
#51430=ORIENTED_EDGE('',*,*,#51420,.F.);
#51440=EDGE_LOOP('',(#51430,#51370,#51290,#51210,#51130,#51120,#51110,
#51050));
#51450=FACE_OUTER_BOUND('',#51440,.T.);
#51460=ADVANCED_FACE('',(#51450),#51040,.F.);
#51470=CARTESIAN_POINT('',(0.0403530000000001,-3.549646,14.2));
#51480=DIRECTION('',(-5.47660610565E-17,0.447213595499959,
-0.894427190999916));
#51490=DIRECTION('',(-1.09532122113E-16,0.894427190999916,
0.447213595499959));
#51500=AXIS2_PLACEMENT_3D('',#51470,#51480,#51490);
#51510=PLANE('',#51500);
#51520=CARTESIAN_POINT('',(2.12647299616987E-16,-3.549646,14.2));
#51530=DIRECTION('',(-1.,-1.22460635382238E-16,0.));
#51540=VECTOR('',#51530,1.);
#51550=LINE('',#51520,#51540);
#51560=CARTESIAN_POINT('',(0.340353,-3.549646,14.2));
#51570=VERTEX_POINT('',#51560);
#51580=EDGE_CURVE('',#51570,#43540,#51550,.T.);
#51590=ORIENTED_EDGE('',*,*,#51580,.T.);
#51600=CARTESIAN_POINT('',(0.340353,-1.80364760290781E-16,15.974823));
#51610=DIRECTION('',(-1.09532122113E-16,0.894427190999916,
0.447213595499959));
#51620=VECTOR('',#51610,1.);
#51630=LINE('',#51600,#51620);
#51640=EDGE_CURVE('',#28120,#51570,#51630,.T.);
#51650=ORIENTED_EDGE('',*,*,#51640,.T.);
#51660=CARTESIAN_POINT('',(-2.6218815,-5.43121879311966E-16,15.974823));
#51670=DIRECTION('',(-0.557086014531156,0.742781352708207,
0.371390676354104));
#51680=VECTOR('',#51670,1.);
#51690=LINE('',#51660,#51680);
#51700=EDGE_CURVE('',#28120,#43540,#51690,.T.);
#51710=ORIENTED_EDGE('',*,*,#51700,.F.);
#51720=EDGE_LOOP('',(#51710,#51650,#51590));
#51730=FACE_OUTER_BOUND('',#51720,.T.);
#51740=ADVANCED_FACE('',(#51730),#51510,.F.);
#51750=CARTESIAN_POINT('',(0.0403529999999998,-1.219646,14.2));
#51760=DIRECTION('',(0.,0.,-1.));
#51770=DIRECTION('',(-1.22460635382238E-16,1.,0.));
#51780=AXIS2_PLACEMENT_3D('',#51750,#51760,#51770);
#51790=PLANE('',#51780);
#51800=ORIENTED_EDGE('',*,*,#43770,.F.);
#51810=ORIENTED_EDGE('',*,*,#51420,.T.);
#51820=CARTESIAN_POINT('',(0.340353,-1.80364760290781E-16,14.2));
#51830=DIRECTION('',(1.22460635382238E-16,-1.,0.));
#51840=VECTOR('',#51830,1.);
#51850=LINE('',#51820,#51840);
#51860=EDGE_CURVE('',#51350,#51570,#51850,.T.);
#51870=ORIENTED_EDGE('',*,*,#51860,.F.);
#51880=ORIENTED_EDGE('',*,*,#51580,.F.);
#51890=EDGE_LOOP('',(#51880,#51870,#51810,#51800));
#51900=FACE_OUTER_BOUND('',#51890,.T.);
#51910=ADVANCED_FACE('',(#51900),#51790,.F.);
#51920=CARTESIAN_POINT('',(0.340353,-1.74548523510262,14.525020716276));
#51930=DIRECTION('',(-1.,-1.22460635382238E-16,0.));
#51940=DIRECTION('',(1.22460635382238E-16,-1.,0.));
#51950=AXIS2_PLACEMENT_3D('',#51920,#51930,#51940);
#51960=PLANE('',#51950);
#51970=CARTESIAN_POINT('',(0.340353,-2.149646,14.));
#51980=DIRECTION('',(0.,0.,1.));
#51990=VECTOR('',#51980,1.);
#52000=LINE('',#51970,#51990);
#52010=CARTESIAN_POINT('',(0.340353,-2.149646,14.7));
#52020=VERTEX_POINT('',#52010);
#52030=EDGE_CURVE('',#52020,#42520,#52000,.T.);
#52040=ORIENTED_EDGE('',*,*,#52030,.F.);
#52050=ORIENTED_EDGE('',*,*,#42810,.T.);
#52060=ORIENTED_EDGE('',*,*,#28210,.F.);
#52070=ORIENTED_EDGE('',*,*,#51640,.F.);
#52080=ORIENTED_EDGE('',*,*,#51860,.T.);
#52090=ORIENTED_EDGE('',*,*,#51360,.F.);
#52100=CARTESIAN_POINT('',(0.340353,-1.80364760290781E-16,14.7));
#52110=DIRECTION('',(1.22460635382238E-16,-1.,0.));
#52120=VECTOR('',#52110,1.);
#52130=LINE('',#52100,#52120);
#52140=EDGE_CURVE('',#51270,#52020,#52130,.T.);
#52150=ORIENTED_EDGE('',*,*,#52140,.F.);
#52160=EDGE_LOOP('',(#52150,#52090,#52080,#52070,#52060,#52050,#52040));
#52170=FACE_OUTER_BOUND('',#52160,.T.);
#52180=ADVANCED_FACE('',(#52170),#51960,.T.);
#52190=CARTESIAN_POINT('',(0.740353,-2.149646,14.7));
#52200=DIRECTION('',(0.,0.,-1.));
#52210=DIRECTION('',(1.22460635382238E-16,-1.,0.));
#52220=AXIS2_PLACEMENT_3D('',#52190,#52200,#52210);
#52230=PLANE('',#52220);
#52240=ORIENTED_EDGE('',*,*,#21410,.T.);
#52250=CARTESIAN_POINT('',(0.740353,-2.149646,14.7));
#52260=DIRECTION('',(-1.,-1.22460635382238E-16,0.));
#52270=VECTOR('',#52260,1.);
#52280=LINE('',#52250,#52270);
#52290=EDGE_CURVE('',#21320,#52020,#52280,.T.);
#52300=ORIENTED_EDGE('',*,*,#52290,.F.);
#52310=ORIENTED_EDGE('',*,*,#52140,.T.);
#52320=ORIENTED_EDGE('',*,*,#51280,.F.);
#52330=CARTESIAN_POINT('',(-0.159647000000001,-2.41595077981899E-16,14.7
));
#52340=DIRECTION('',(-1.22460635382238E-16,1.,0.));
#52350=VECTOR('',#52340,1.);
#52360=LINE('',#52330,#52350);
#52370=EDGE_CURVE('',#51190,#47810,#52360,.T.);
#52380=ORIENTED_EDGE('',*,*,#52370,.F.);
#52390=ORIENTED_EDGE('',*,*,#47820,.T.);
#52400=EDGE_LOOP('',(#52390,#52380,#52320,#52310,#52300,#52240));
#52410=FACE_OUTER_BOUND('',#52400,.T.);
#52420=ADVANCED_FACE('',(#52410),#52230,.F.);
#52430=CARTESIAN_POINT('',(0.740353,-2.149646,15.3));
#52440=DIRECTION('',(0.,0.,-1.));
#52450=DIRECTION('',(1.22460635382238E-16,-1.,0.));
#52460=AXIS2_PLACEMENT_3D('',#52430,#52440,#52450);
#52470=PLANE('',#52460);
#52480=CARTESIAN_POINT('',(-1.73103701837062E-16,-0.399646,15.3));
#52490=DIRECTION('',(-1.,-1.22460635382238E-16,0.));
#52500=VECTOR('',#52490,1.);
#52510=LINE('',#52480,#52500);
#52520=CARTESIAN_POINT('',(-0.159647000000001,-0.399646,15.3));
#52530=VERTEX_POINT('',#52520);
#52540=EDGE_CURVE('',#21240,#52530,#52510,.T.);
#52550=ORIENTED_EDGE('',*,*,#52540,.F.);
#52560=CARTESIAN_POINT('',(-0.159647000000001,-2.41595077981899E-16,15.3
));
#52570=DIRECTION('',(-1.22460635382238E-16,1.,0.));
#52580=VECTOR('',#52570,1.);
#52590=LINE('',#52560,#52580);
#52600=CARTESIAN_POINT('',(-0.159647000000001,-0.899646000000001,15.3));
#52610=VERTEX_POINT('',#52600);
#52620=EDGE_CURVE('',#52610,#52530,#52590,.T.);
#52630=ORIENTED_EDGE('',*,*,#52620,.T.);
#52640=CARTESIAN_POINT('',(-0.721925750000001,-3.1045209096883E-16,15.3)
);
#52650=DIRECTION('',(-0.52999894000318,0.847998304005088,0.));
#52660=VECTOR('',#52650,1.);
#52670=LINE('',#52640,#52660);
#52680=CARTESIAN_POINT('',(0.340353,-1.699646,15.3));
#52690=VERTEX_POINT('',#52680);
#52700=EDGE_CURVE('',#52690,#52610,#52670,.T.);
#52710=ORIENTED_EDGE('',*,*,#52700,.T.);
#52720=CARTESIAN_POINT('',(0.340353,-1.80364760290781E-16,15.3));
#52730=DIRECTION('',(1.22460635382238E-16,-1.,0.));
#52740=VECTOR('',#52730,1.);
#52750=LINE('',#52720,#52740);
#52760=CARTESIAN_POINT('',(0.340353,-2.149646,15.3));
#52770=VERTEX_POINT('',#52760);
#52780=EDGE_CURVE('',#52690,#52770,#52750,.T.);
#52790=ORIENTED_EDGE('',*,*,#52780,.F.);
#52800=CARTESIAN_POINT('',(0.740353,-2.149646,15.3));
#52810=DIRECTION('',(-1.,-1.22460635382238E-16,0.));
#52820=VECTOR('',#52810,1.);
#52830=LINE('',#52800,#52820);
#52840=EDGE_CURVE('',#21220,#52770,#52830,.T.);
#52850=ORIENTED_EDGE('',*,*,#52840,.T.);
#52860=ORIENTED_EDGE('',*,*,#21250,.F.);
#52870=EDGE_LOOP('',(#52860,#52850,#52790,#52710,#52630,#52550));
#52880=FACE_OUTER_BOUND('',#52870,.T.);
#52890=ADVANCED_FACE('',(#52880),#52470,.T.);
#52900=CARTESIAN_POINT('',(-0.159647,-0.399646,16.));
#52910=DIRECTION('',(2.44921270764475E-16,-1.,0.));
#52920=DIRECTION('',(1.,2.44921270764475E-16,0.));
#52930=AXIS2_PLACEMENT_3D('',#52900,#52910,#52920);
#52940=PLANE('',#52930);
#52950=CARTESIAN_POINT('',(0.,-0.399646,16.7));
#52960=DIRECTION('',(-1.,0.,0.));
#52970=VECTOR('',#52960,1.);
#52980=LINE('',#52950,#52970);
#52990=CARTESIAN_POINT('',(-0.159647000000001,-0.399646,16.7));
#53000=VERTEX_POINT('',#52990);
#53010=EDGE_CURVE('',#22130,#53000,#52980,.T.);
#53020=ORIENTED_EDGE('',*,*,#53010,.F.);
#53030=CARTESIAN_POINT('',(-0.159647000000001,-0.399646,16.));
#53040=DIRECTION('',(0.,0.,-1.));
#53050=VECTOR('',#53040,1.);
#53060=LINE('',#53030,#53050);
#53070=EDGE_CURVE('',#53000,#52530,#53060,.T.);
#53080=ORIENTED_EDGE('',*,*,#53070,.F.);
#53090=ORIENTED_EDGE('',*,*,#52540,.T.);
#53100=ORIENTED_EDGE('',*,*,#22200,.T.);
#53110=EDGE_LOOP('',(#53100,#53090,#53080,#53020));
#53120=FACE_OUTER_BOUND('',#53110,.T.);
#53130=ADVANCED_FACE('',(#53120),#52940,.F.);
#53140=CARTESIAN_POINT('',(-0.159647000000001,-0.899646,16.));
#53150=DIRECTION('',(0.847998304005088,0.52999894000318,0.));
#53160=DIRECTION('',(0.52999894000318,-0.847998304005088,0.));
#53170=AXIS2_PLACEMENT_3D('',#53140,#53150,#53160);
#53180=PLANE('',#53170);
#53190=CARTESIAN_POINT('',(-0.721925750000001,0.,16.7));
#53200=DIRECTION('',(-0.52999894000318,0.847998304005088,0.));
#53210=VECTOR('',#53200,1.);
#53220=LINE('',#53190,#53210);
#53230=CARTESIAN_POINT('',(0.340353,-1.699646,16.7));
#53240=VERTEX_POINT('',#53230);
#53250=CARTESIAN_POINT('',(-0.159647000000001,-0.899646,16.7));
#53260=VERTEX_POINT('',#53250);
#53270=EDGE_CURVE('',#53240,#53260,#53220,.T.);
#53280=ORIENTED_EDGE('',*,*,#53270,.T.);
#53290=CARTESIAN_POINT('',(0.340353,-1.699646,16.));
#53300=DIRECTION('',(0.,0.,1.));
#53310=VECTOR('',#53300,1.);
#53320=LINE('',#53290,#53310);
#53330=CARTESIAN_POINT('',(0.340353,-1.699646,16.2));
#53340=VERTEX_POINT('',#53330);
#53350=EDGE_CURVE('',#53340,#53240,#53320,.T.);
#53360=ORIENTED_EDGE('',*,*,#53350,.T.);
#53370=CARTESIAN_POINT('',(-0.721925750000001,0.,16.2));
#53380=DIRECTION('',(-0.52999894000318,0.847998304005088,0.));
#53390=VECTOR('',#53380,1.);
#53400=LINE('',#53370,#53390);
#53410=CARTESIAN_POINT('',(0.0403529999999999,-1.219646,16.2));
#53420=VERTEX_POINT('',#53410);
#53430=EDGE_CURVE('',#53340,#53420,#53400,.T.);
#53440=ORIENTED_EDGE('',*,*,#53430,.F.);
#53450=CARTESIAN_POINT('',(0.0403529999999999,-1.219646,16.));
#53460=DIRECTION('',(0.,0.,-1.));
#53470=VECTOR('',#53460,1.);
#53480=LINE('',#53450,#53470);
#53490=CARTESIAN_POINT('',(0.0403529999999998,-1.219646,15.8));
#53500=VERTEX_POINT('',#53490);
#53510=EDGE_CURVE('',#53420,#53500,#53480,.T.);
#53520=ORIENTED_EDGE('',*,*,#53510,.F.);
#53530=CARTESIAN_POINT('',(-0.721925750000001,-3.1045209096883E-16,15.8)
);
#53540=DIRECTION('',(-0.52999894000318,0.847998304005088,0.));
#53550=VECTOR('',#53540,1.);
#53560=LINE('',#53530,#53550);
#53570=CARTESIAN_POINT('',(0.340353,-1.699646,15.8));
#53580=VERTEX_POINT('',#53570);
#53590=EDGE_CURVE('',#53580,#53500,#53560,.T.);
#53600=ORIENTED_EDGE('',*,*,#53590,.T.);
#53610=CARTESIAN_POINT('',(0.340353,-1.699646,16.));
#53620=DIRECTION('',(0.,0.,-1.));
#53630=VECTOR('',#53620,1.);
#53640=LINE('',#53610,#53630);
#53650=EDGE_CURVE('',#53580,#52690,#53640,.T.);
#53660=ORIENTED_EDGE('',*,*,#53650,.F.);
#53670=ORIENTED_EDGE('',*,*,#52700,.F.);
#53680=CARTESIAN_POINT('',(-0.159647000000001,-0.899646,16.));
#53690=DIRECTION('',(0.,0.,-1.));
#53700=VECTOR('',#53690,1.);
#53710=LINE('',#53680,#53700);
#53720=EDGE_CURVE('',#53260,#52610,#53710,.T.);
#53730=ORIENTED_EDGE('',*,*,#53720,.T.);
#53740=EDGE_LOOP('',(#53730,#53670,#53660,#53600,#53520,#53440,#53360,
#53280));
#53750=FACE_OUTER_BOUND('',#53740,.T.);
#53760=ADVANCED_FACE('',(#53750),#53180,.F.);
#53770=CARTESIAN_POINT('',(0.0403529999999998,-1.219646,15.8));
#53780=DIRECTION('',(0.,0.,-1.));
#53790=DIRECTION('',(-1.22460635382238E-16,1.,0.));
#53800=AXIS2_PLACEMENT_3D('',#53770,#53780,#53790);
#53810=PLANE('',#53800);
#53820=CARTESIAN_POINT('',(2.12647299616987E-16,-3.549646,15.8));
#53830=DIRECTION('',(-1.,-1.22460635382238E-16,0.));
#53840=VECTOR('',#53830,1.);
#53850=LINE('',#53820,#53840);
#53860=CARTESIAN_POINT('',(0.340353,-3.549646,15.8));
#53870=VERTEX_POINT('',#53860);
#53880=CARTESIAN_POINT('',(0.0403529999999999,-3.549646,15.8));
#53890=VERTEX_POINT('',#53880);
#53900=EDGE_CURVE('',#53870,#53890,#53850,.T.);
#53910=ORIENTED_EDGE('',*,*,#53900,.T.);
#53920=CARTESIAN_POINT('',(0.340353,-1.80364760290781E-16,15.8));
#53930=DIRECTION('',(1.22460635382238E-16,-1.,0.));
#53940=VECTOR('',#53930,1.);
#53950=LINE('',#53920,#53940);
#53960=EDGE_CURVE('',#53580,#53870,#53950,.T.);
#53970=ORIENTED_EDGE('',*,*,#53960,.T.);
#53980=ORIENTED_EDGE('',*,*,#53590,.F.);
#53990=CARTESIAN_POINT('',(0.0403529999999996,-2.17102950905452E-16,15.8
));
#54000=DIRECTION('',(-1.22460635382238E-16,1.,0.));
#54010=VECTOR('',#54000,1.);
#54020=LINE('',#53990,#54010);
#54030=EDGE_CURVE('',#53890,#53500,#54020,.T.);
#54040=ORIENTED_EDGE('',*,*,#54030,.T.);
#54050=EDGE_LOOP('',(#54040,#53980,#53970,#53910));
#54060=FACE_OUTER_BOUND('',#54050,.T.);
#54070=ADVANCED_FACE('',(#54060),#53810,.T.);
#54080=CARTESIAN_POINT('',(0.0403530000000012,-3.549646,16.));
#54090=DIRECTION('',(0.8,0.600000000000001,0.));
#54100=DIRECTION('',(0.600000000000001,-0.8,0.));
#54110=AXIS2_PLACEMENT_3D('',#54080,#54090,#54100);
#54120=PLANE('',#54110);
#54130=CARTESIAN_POINT('',(-2.6218815,0.,17.974823));
#54140=DIRECTION('',(-0.557086014531156,0.742781352708207,
0.371390676354104));
#54150=VECTOR('',#54140,1.);
#54160=LINE('',#54130,#54150);
#54170=CARTESIAN_POINT('',(0.0403529999999996,-3.549646,16.2));
#54180=VERTEX_POINT('',#54170);
#54190=EDGE_CURVE('',#28910,#54180,#54160,.T.);
#54200=ORIENTED_EDGE('',*,*,#54190,.T.);
#54210=CARTESIAN_POINT('',(-2.6218815,-5.43121879311966E-16,14.025177));
#54220=DIRECTION('',(-0.557086014531156,0.742781352708207,
-0.371390676354104));
#54230=VECTOR('',#54220,1.);
#54240=LINE('',#54210,#54230);
#54250=EDGE_CURVE('',#28910,#53890,#54240,.T.);
#54260=ORIENTED_EDGE('',*,*,#54250,.F.);
#54270=CARTESIAN_POINT('',(0.0403529999999999,-3.549646,16.));
#54280=DIRECTION('',(0.,0.,-1.));
#54290=VECTOR('',#54280,1.);
#54300=LINE('',#54270,#54290);
#54310=EDGE_CURVE('',#54180,#53890,#54300,.T.);
#54320=ORIENTED_EDGE('',*,*,#54310,.T.);
#54330=EDGE_LOOP('',(#54320,#54260,#54200));
#54340=FACE_OUTER_BOUND('',#54330,.T.);
#54350=ADVANCED_FACE('',(#54340),#54120,.F.);
#54360=CARTESIAN_POINT('',(0.0403530000000001,-3.549646,15.8));
#54370=DIRECTION('',(5.47660610565E-17,-0.447213595499959,
-0.894427190999916));
#54380=DIRECTION('',(-1.09532122113E-16,0.894427190999916,
-0.447213595499959));
#54390=AXIS2_PLACEMENT_3D('',#54360,#54370,#54380);
#54400=PLANE('',#54390);
#54410=ORIENTED_EDGE('',*,*,#54250,.T.);
#54420=CARTESIAN_POINT('',(0.340353,-1.80364760290781E-16,14.025177));
#54430=DIRECTION('',(-1.09532122113E-16,0.894427190999916,
-0.447213595499959));
#54440=VECTOR('',#54430,1.);
#54450=LINE('',#54420,#54440);
#54460=EDGE_CURVE('',#28910,#53870,#54450,.T.);
#54470=ORIENTED_EDGE('',*,*,#54460,.F.);
#54480=ORIENTED_EDGE('',*,*,#53900,.F.);
#54490=EDGE_LOOP('',(#54480,#54470,#54410));
#54500=FACE_OUTER_BOUND('',#54490,.T.);
#54510=ADVANCED_FACE('',(#54500),#54400,.T.);
#54520=CARTESIAN_POINT('',(0.340353,-1.74548523510262,15.474979283724));
#54530=DIRECTION('',(1.,1.22460635382238E-16,0.));
#54540=DIRECTION('',(1.22460635382238E-16,-1.,0.));
#54550=AXIS2_PLACEMENT_3D('',#54520,#54530,#54540);
#54560=PLANE('',#54550);
#54570=ORIENTED_EDGE('',*,*,#52780,.T.);
#54580=ORIENTED_EDGE('',*,*,#53650,.T.);
#54590=ORIENTED_EDGE('',*,*,#53960,.F.);
#54600=ORIENTED_EDGE('',*,*,#54460,.T.);
#54610=ORIENTED_EDGE('',*,*,#29220,.T.);
#54620=CARTESIAN_POINT('',(0.340353,-1.80364760290781E-16,15.2));
#54630=DIRECTION('',(-1.22460635382238E-16,1.,0.));
#54640=VECTOR('',#54630,1.);
#54650=LINE('',#54620,#54640);
#54660=CARTESIAN_POINT('',(0.340353,-2.149646,15.2));
#54670=VERTEX_POINT('',#54660);
#54680=EDGE_CURVE('',#29150,#54670,#54650,.T.);
#54690=ORIENTED_EDGE('',*,*,#54680,.F.);
#54700=CARTESIAN_POINT('',(0.340353,-2.149646,16.));
#54710=DIRECTION('',(0.,0.,-1.));
#54720=VECTOR('',#54710,1.);
#54730=LINE('',#54700,#54720);
#54740=EDGE_CURVE('',#52770,#54670,#54730,.T.);
#54750=ORIENTED_EDGE('',*,*,#54740,.T.);
#54760=EDGE_LOOP('',(#54750,#54690,#54610,#54600,#54590,#54580,#54570));
#54770=FACE_OUTER_BOUND('',#54760,.T.);
#54780=ADVANCED_FACE('',(#54770),#54560,.F.);
#54790=CARTESIAN_POINT('',(-0.287247370615925,-0.272149875596301,15.2));
#54800=DIRECTION('',(0.,0.,-1.));
#54810=DIRECTION('',(-1.,-1.22460635382238E-16,0.));
#54820=AXIS2_PLACEMENT_3D('',#54790,#54800,#54810);
#54830=PLANE('',#54820);
#54840=ORIENTED_EDGE('',*,*,#54680,.T.);
#54850=ORIENTED_EDGE('',*,*,#29160,.F.);
#54860=ORIENTED_EDGE('',*,*,#47630,.F.);
#54870=ORIENTED_EDGE('',*,*,#44110,.T.);
#54880=CARTESIAN_POINT('',(-0.159647,-2.41595077981899E-16,15.2));
#54890=DIRECTION('',(1.22460635382238E-16,-1.,0.));
#54900=VECTOR('',#54890,1.);
#54910=LINE('',#54880,#54900);
#54920=CARTESIAN_POINT('',(-0.159647,-0.899646,15.2));
#54930=VERTEX_POINT('',#54920);
#54940=EDGE_CURVE('',#44020,#54930,#54910,.T.);
#54950=ORIENTED_EDGE('',*,*,#54940,.F.);
#54960=CARTESIAN_POINT('',(-0.159647,-0.899646,15.2));
#54970=DIRECTION('',(0.52999894000318,-0.847998304005088,0.));
#54980=VECTOR('',#54970,1.);
#54990=LINE('',#54960,#54980);
#55000=CARTESIAN_POINT('',(0.340353,-1.699646,15.2));
#55010=VERTEX_POINT('',#55000);
#55020=EDGE_CURVE('',#54930,#55010,#54990,.T.);
#55030=ORIENTED_EDGE('',*,*,#55020,.F.);
#55040=CARTESIAN_POINT('',(0.340353,-1.699646,15.2));
#55050=DIRECTION('',(3.69176863076717E-16,-1.,0.));
#55060=VECTOR('',#55050,1.);
#55070=LINE('',#55040,#55060);
#55080=EDGE_CURVE('',#55010,#54670,#55070,.T.);
#55090=ORIENTED_EDGE('',*,*,#55080,.F.);
#55100=EDGE_LOOP('',(#55090,#55030,#54950,#54870,#54860,#54850,#54840));
#55110=FACE_OUTER_BOUND('',#55100,.T.);
#55120=ADVANCED_FACE('',(#55110),#54830,.F.);
#55130=CARTESIAN_POINT('',(0.340353,-1.699646,15.2));
#55140=DIRECTION('',(-1.,-3.69176863076717E-16,0.));
#55150=DIRECTION('',(-3.69176863076717E-16,1.,0.));
#55160=AXIS2_PLACEMENT_3D('',#55130,#55140,#55150);
#55170=PLANE('',#55160);
#55180=ORIENTED_EDGE('',*,*,#55080,.T.);
#55190=CARTESIAN_POINT('',(0.340353,-1.699646,15.2));
#55200=DIRECTION('',(0.,0.,-1.));
#55210=VECTOR('',#55200,1.);
#55220=LINE('',#55190,#55210);
#55230=EDGE_CURVE('',#55010,#42500,#55220,.T.);
#55240=ORIENTED_EDGE('',*,*,#55230,.F.);
#55250=ORIENTED_EDGE('',*,*,#42530,.F.);
#55260=CARTESIAN_POINT('',(0.340353,-2.149646,32.));
#55270=DIRECTION('',(0.,0.,-1.));
#55280=VECTOR('',#55270,1.);
#55290=LINE('',#55260,#55280);
#55300=EDGE_CURVE('',#54670,#42520,#55290,.T.);
#55310=ORIENTED_EDGE('',*,*,#55300,.T.);
#55320=EDGE_LOOP('',(#55310,#55250,#55240,#55180));
#55330=FACE_OUTER_BOUND('',#55320,.T.);
#55340=ADVANCED_FACE('',(#55330),#55170,.F.);
#55350=CARTESIAN_POINT('',(-0.159647,-1.35181581354619,15.1818349424005)
);
#55360=DIRECTION('',(-1.,-1.22460635382238E-16,0.));
#55370=DIRECTION('',(-1.22460635382238E-16,1.,0.));
#55380=AXIS2_PLACEMENT_3D('',#55350,#55360,#55370);
#55390=PLANE('',#55380);
#55400=CARTESIAN_POINT('',(-0.159647,-0.899646,32.));
#55410=DIRECTION('',(0.,0.,-1.));
#55420=VECTOR('',#55410,1.);
#55430=LINE('',#55400,#55420);
#55440=EDGE_CURVE('',#54930,#42600,#55430,.T.);
#55450=ORIENTED_EDGE('',*,*,#55440,.T.);
#55460=ORIENTED_EDGE('',*,*,#54940,.T.);
#55470=ORIENTED_EDGE('',*,*,#44030,.T.);
#55480=ORIENTED_EDGE('',*,*,#48350,.T.);
#55490=CARTESIAN_POINT('',(-0.159647,0.700354,16.));
#55500=DIRECTION('',(0.,0.,-1.));
#55510=VECTOR('',#55500,1.);
#55520=LINE('',#55490,#55510);
#55530=EDGE_CURVE('',#33290,#48680,#55520,.T.);
#55540=ORIENTED_EDGE('',*,*,#55530,.F.);
#55550=ORIENTED_EDGE('',*,*,#50570,.F.);
#55560=ORIENTED_EDGE('',*,*,#41050,.F.);
#55570=ORIENTED_EDGE('',*,*,#42670,.F.);
#55580=EDGE_LOOP('',(#55570,#55560,#55550,#55540,#55480,#55470,#55460,
#55450));
#55590=FACE_OUTER_BOUND('',#55580,.T.);
#55600=ADVANCED_FACE('',(#55590),#55390,.F.);
#55610=CARTESIAN_POINT('',(-0.159647,-0.899646,15.2));
#55620=DIRECTION('',(-0.847998304005088,-0.52999894000318,0.));
#55630=DIRECTION('',(-0.52999894000318,0.847998304005088,0.));
#55640=AXIS2_PLACEMENT_3D('',#55610,#55620,#55630);
#55650=PLANE('',#55640);
#55660=ORIENTED_EDGE('',*,*,#55020,.T.);
#55670=ORIENTED_EDGE('',*,*,#55440,.F.);
#55680=ORIENTED_EDGE('',*,*,#42610,.F.);
#55690=ORIENTED_EDGE('',*,*,#55230,.T.);
#55700=EDGE_LOOP('',(#55690,#55680,#55670,#55660));
#55710=FACE_OUTER_BOUND('',#55700,.T.);
#55720=ADVANCED_FACE('',(#55710),#55650,.F.);
#55730=CARTESIAN_POINT('',(0.0403530000000005,-1.219646,16.));
#55740=DIRECTION('',(1.,1.22460635382238E-16,0.));
#55750=DIRECTION('',(1.22460635382238E-16,-1.,0.));
#55760=AXIS2_PLACEMENT_3D('',#55730,#55740,#55750);
#55770=PLANE('',#55760);
#55780=CARTESIAN_POINT('',(0.0403529999999999,0.,16.2));
#55790=DIRECTION('',(0.,1.,0.));
#55800=VECTOR('',#55790,1.);
#55810=LINE('',#55780,#55800);
#55820=EDGE_CURVE('',#54180,#53420,#55810,.T.);
#55830=ORIENTED_EDGE('',*,*,#55820,.T.);
#55840=ORIENTED_EDGE('',*,*,#54310,.F.);
#55850=ORIENTED_EDGE('',*,*,#54030,.F.);
#55860=ORIENTED_EDGE('',*,*,#53510,.T.);
#55870=EDGE_LOOP('',(#55860,#55850,#55840,#55830));
#55880=FACE_OUTER_BOUND('',#55870,.T.);
#55890=ADVANCED_FACE('',(#55880),#55770,.F.);
#55900=CARTESIAN_POINT('',(-0.159647,-0.199646,16.));
#55910=DIRECTION('',(1.,1.22460635382238E-16,0.));
#55920=DIRECTION('',(1.22460635382238E-16,-1.,0.));
#55930=AXIS2_PLACEMENT_3D('',#55900,#55910,#55920);
#55940=PLANE('',#55930);
#55950=CARTESIAN_POINT('',(-0.159647000000001,0.,16.7));
#55960=DIRECTION('',(0.,1.,0.));
#55970=VECTOR('',#55960,1.);
#55980=LINE('',#55950,#55970);
#55990=EDGE_CURVE('',#53260,#53000,#55980,.T.);
#56000=ORIENTED_EDGE('',*,*,#55990,.T.);
#56010=ORIENTED_EDGE('',*,*,#53720,.F.);
#56020=ORIENTED_EDGE('',*,*,#52620,.F.);
#56030=ORIENTED_EDGE('',*,*,#53070,.T.);
#56040=EDGE_LOOP('',(#56030,#56020,#56010,#56000));
#56050=FACE_OUTER_BOUND('',#56040,.T.);
#56060=ADVANCED_FACE('',(#56050),#55940,.F.);
#56070=CARTESIAN_POINT('',(0.740353,-2.149646,15.));
#56080=DIRECTION('',(-1.22460635382238E-16,1.,0.));
#56090=DIRECTION('',(0.,0.,-1.));
#56100=AXIS2_PLACEMENT_3D('',#56070,#56080,#56090);
#56110=PLANE('',#56100);
#56120=ORIENTED_EDGE('',*,*,#55300,.F.);
#56130=ORIENTED_EDGE('',*,*,#52030,.T.);
#56140=ORIENTED_EDGE('',*,*,#52290,.T.);
#56150=ORIENTED_EDGE('',*,*,#21330,.F.);
#56160=ORIENTED_EDGE('',*,*,#52840,.F.);
#56170=ORIENTED_EDGE('',*,*,#54740,.F.);
#56180=EDGE_LOOP('',(#56170,#56160,#56150,#56140,#56130,#56120));
#56190=FACE_OUTER_BOUND('',#56180,.T.);
#56200=ADVANCED_FACE('',(#56190),#56110,.T.);
#56210=CARTESIAN_POINT('',(-0.159647000000001,-0.199646,14.));
#56220=DIRECTION('',(1.,1.22460635382238E-16,0.));
#56230=DIRECTION('',(1.22460635382238E-16,-1.,0.));
#56240=AXIS2_PLACEMENT_3D('',#56210,#56220,#56230);
#56250=PLANE('',#56240);
#56260=ORIENTED_EDGE('',*,*,#51200,.T.);
#56270=ORIENTED_EDGE('',*,*,#46400,.F.);
#56280=ORIENTED_EDGE('',*,*,#47880,.T.);
#56290=ORIENTED_EDGE('',*,*,#52370,.T.);
#56300=EDGE_LOOP('',(#56290,#56280,#56270,#56260));
#56310=FACE_OUTER_BOUND('',#56300,.T.);
#56320=ADVANCED_FACE('',(#56310),#56250,.F.);
#56330=CARTESIAN_POINT('',(0.040353,-3.549646,14.));
#56340=DIRECTION('',(0.8,0.6,0.));
#56350=DIRECTION('',(0.6,-0.8,0.));
#56360=AXIS2_PLACEMENT_3D('',#56330,#56340,#56350);
#56370=PLANE('',#56360);
#56380=CARTESIAN_POINT('',(-2.6218815,-5.43121879311966E-16,12.025177));
#56390=DIRECTION('',(-0.557086014531156,0.742781352708207,
-0.371390676354104));
#56400=VECTOR('',#56390,1.);
#56410=LINE('',#56380,#56400);
#56420=EDGE_CURVE('',#28120,#43520,#56410,.T.);
#56430=ORIENTED_EDGE('',*,*,#56420,.F.);
#56440=ORIENTED_EDGE('',*,*,#43550,.F.);
#56450=ORIENTED_EDGE('',*,*,#51700,.T.);
#56460=EDGE_LOOP('',(#56450,#56440,#56430));
#56470=FACE_OUTER_BOUND('',#56460,.T.);
#56480=ADVANCED_FACE('',(#56470),#56370,.F.);
#56490=CARTESIAN_POINT('',(0.0403530000000001,-3.549646,13.8));
#56500=DIRECTION('',(5.47660610565E-17,-0.447213595499959,
-0.894427190999916));
#56510=DIRECTION('',(-1.09532122113E-16,0.894427190999916,
-0.447213595499959));
#56520=AXIS2_PLACEMENT_3D('',#56490,#56500,#56510);
#56530=PLANE('',#56520);
#56540=ORIENTED_EDGE('',*,*,#56420,.T.);
#56550=ORIENTED_EDGE('',*,*,#50920,.F.);
#56560=CARTESIAN_POINT('',(2.12647299616987E-16,-3.549646,13.8));
#56570=DIRECTION('',(-1.,-1.22460635382238E-16,0.));
#56580=VECTOR('',#56570,1.);
#56590=LINE('',#56560,#56580);
#56600=EDGE_CURVE('',#50850,#43520,#56590,.T.);
#56610=ORIENTED_EDGE('',*,*,#56600,.F.);
#56620=EDGE_LOOP('',(#56610,#56550,#56540));
#56630=FACE_OUTER_BOUND('',#56620,.T.);
#56640=ADVANCED_FACE('',(#56630),#56530,.T.);
#56650=CARTESIAN_POINT('',(0.0403529999999998,-1.219646,13.8));
#56660=DIRECTION('',(0.,0.,-1.));
#56670=DIRECTION('',(-1.22460635382238E-16,1.,0.));
#56680=AXIS2_PLACEMENT_3D('',#56650,#56660,#56670);
#56690=PLANE('',#56680);
#56700=ORIENTED_EDGE('',*,*,#56600,.T.);
#56710=ORIENTED_EDGE('',*,*,#50860,.T.);
#56720=ORIENTED_EDGE('',*,*,#51100,.F.);
#56730=ORIENTED_EDGE('',*,*,#43630,.T.);
#56740=EDGE_LOOP('',(#56730,#56720,#56710,#56700));
#56750=FACE_OUTER_BOUND('',#56740,.T.);
#56760=ADVANCED_FACE('',(#56750),#56690,.T.);
#56770=CARTESIAN_POINT('',(0.0403529999999999,-3.549646,17.8));
#56780=DIRECTION('',(0.,-0.447213595499959,-0.894427190999916));
#56790=DIRECTION('',(0.,0.894427190999916,-0.447213595499959));
#56800=AXIS2_PLACEMENT_3D('',#56770,#56780,#56790);
#56810=PLANE('',#56800);
#56820=CARTESIAN_POINT('',(-2.6218815,0.,16.025177));
#56830=DIRECTION('',(-0.557086014531156,0.742781352708207,
-0.371390676354104));
#56840=VECTOR('',#56830,1.);
#56850=LINE('',#56820,#56840);
#56860=CARTESIAN_POINT('',(0.0403529999999996,-3.549646,17.8));
#56870=VERTEX_POINT('',#56860);
#56880=EDGE_CURVE('',#9660,#56870,#56850,.T.);
#56890=ORIENTED_EDGE('',*,*,#56880,.T.);
#56900=CARTESIAN_POINT('',(0.340353,0.,16.025177));
#56910=DIRECTION('',(0.,0.894427190999916,-0.447213595499959));
#56920=VECTOR('',#56910,1.);
#56930=LINE('',#56900,#56920);
#56940=CARTESIAN_POINT('',(0.340353,-3.549646,17.8));
#56950=VERTEX_POINT('',#56940);
#56960=EDGE_CURVE('',#9660,#56950,#56930,.T.);
#56970=ORIENTED_EDGE('',*,*,#56960,.F.);
#56980=CARTESIAN_POINT('',(0.,-3.549646,17.8));
#56990=DIRECTION('',(-1.,0.,0.));
#57000=VECTOR('',#56990,1.);
#57010=LINE('',#56980,#57000);
#57020=EDGE_CURVE('',#56950,#56870,#57010,.T.);
#57030=ORIENTED_EDGE('',*,*,#57020,.F.);
#57040=EDGE_LOOP('',(#57030,#56970,#56890));
#57050=FACE_OUTER_BOUND('',#57040,.T.);
#57060=ADVANCED_FACE('',(#57050),#56810,.T.);
#57070=CARTESIAN_POINT('',(0.740352999999998,0.700354000000001,
7.00000000000001));
#57080=DIRECTION('',(4.89842541528951E-16,-1.,0.));
#57090=DIRECTION('',(-1.,-4.89842541528951E-16,0.));
#57100=AXIS2_PLACEMENT_3D('',#57070,#57080,#57090);
#57110=PLANE('',#57100);
#57120=CARTESIAN_POINT('',(1.251487,0.700353999999999,12.75));
#57130=DIRECTION('',(1.,1.22460635382238E-16,0.));
#57140=VECTOR('',#57130,1.);
#57150=LINE('',#57120,#57140);
#57160=EDGE_CURVE('',#48980,#37610,#57150,.T.);
#57170=ORIENTED_EDGE('',*,*,#57160,.T.);
#57180=ORIENTED_EDGE('',*,*,#48990,.T.);
#57190=ORIENTED_EDGE('',*,*,#48750,.F.);
#57200=ORIENTED_EDGE('',*,*,#55530,.T.);
#57210=ORIENTED_EDGE('',*,*,#33540,.T.);
#57220=ORIENTED_EDGE('',*,*,#46870,.F.);
#57230=CARTESIAN_POINT('',(-0.159647,0.700354,18.));
#57240=DIRECTION('',(0.,0.,-1.));
#57250=VECTOR('',#57240,1.);
#57260=LINE('',#57230,#57250);
#57270=EDGE_CURVE('',#14140,#46800,#57260,.T.);
#57280=ORIENTED_EDGE('',*,*,#57270,.T.);
#57290=ORIENTED_EDGE('',*,*,#14150,.F.);
#57300=ORIENTED_EDGE('',*,*,#17840,.F.);
#57310=ORIENTED_EDGE('',*,*,#37680,.F.);
#57320=EDGE_LOOP('',(#57310,#57300,#57290,#57280,#57220,#57210,#57200,
#57190,#57180,#57170));
#57330=FACE_OUTER_BOUND('',#57320,.T.);
#57340=ADVANCED_FACE('',(#57330),#57110,.T.);
#57350=CARTESIAN_POINT('',(0.0403529999999998,-3.549646,18.));
#57360=DIRECTION('',(-0.8,-0.6,0.));
#57370=DIRECTION('',(0.6,-0.8,0.));
#57380=AXIS2_PLACEMENT_3D('',#57350,#57360,#57370);
#57390=PLANE('',#57380);
#57400=ORIENTED_EDGE('',*,*,#56880,.F.);
#57410=CARTESIAN_POINT('',(0.0403529999999999,-3.549646,18.));
#57420=DIRECTION('',(0.,0.,-1.));
#57430=VECTOR('',#57420,1.);
#57440=LINE('',#57410,#57430);
#57450=EDGE_CURVE('',#9580,#56870,#57440,.T.);
#57460=ORIENTED_EDGE('',*,*,#57450,.T.);
#57470=ORIENTED_EDGE('',*,*,#9730,.T.);
#57480=EDGE_LOOP('',(#57470,#57460,#57400));
#57490=FACE_OUTER_BOUND('',#57480,.T.);
#57500=ADVANCED_FACE('',(#57490),#57390,.T.);
#57510=CARTESIAN_POINT('',(0.340353,-1.74548523510262,17.474979283724));
#57520=DIRECTION('',(1.,0.,0.));
#57530=DIRECTION('',(0.,-1.,0.));
#57540=AXIS2_PLACEMENT_3D('',#57510,#57520,#57530);
#57550=PLANE('',#57540);
#57560=CARTESIAN_POINT('',(0.340353,0.,17.3));
#57570=DIRECTION('',(0.,-1.,0.));
#57580=VECTOR('',#57570,1.);
#57590=LINE('',#57560,#57580);
#57600=CARTESIAN_POINT('',(0.340353,-1.699646,17.3));
#57610=VERTEX_POINT('',#57600);
#57620=CARTESIAN_POINT('',(0.340353,-2.149646,17.3));
#57630=VERTEX_POINT('',#57620);
#57640=EDGE_CURVE('',#57610,#57630,#57590,.T.);
#57650=ORIENTED_EDGE('',*,*,#57640,.T.);
#57660=CARTESIAN_POINT('',(0.340353,-1.699646,18.));
#57670=DIRECTION('',(0.,0.,-1.));
#57680=VECTOR('',#57670,1.);
#57690=LINE('',#57660,#57680);
#57700=CARTESIAN_POINT('',(0.340353,-1.699646,17.8));
#57710=VERTEX_POINT('',#57700);
#57720=EDGE_CURVE('',#57710,#57610,#57690,.T.);
#57730=ORIENTED_EDGE('',*,*,#57720,.T.);
#57740=CARTESIAN_POINT('',(0.340353,0.,17.8));
#57750=DIRECTION('',(0.,-1.,0.));
#57760=VECTOR('',#57750,1.);
#57770=LINE('',#57740,#57760);
#57780=EDGE_CURVE('',#57710,#56950,#57770,.T.);
#57790=ORIENTED_EDGE('',*,*,#57780,.F.);
#57800=ORIENTED_EDGE('',*,*,#56960,.T.);
#57810=ORIENTED_EDGE('',*,*,#28780,.T.);
#57820=ORIENTED_EDGE('',*,*,#41270,.F.);
#57830=CARTESIAN_POINT('',(0.340353,-2.149646,18.));
#57840=DIRECTION('',(0.,0.,-1.));
#57850=VECTOR('',#57840,1.);
#57860=LINE('',#57830,#57850);
#57870=EDGE_CURVE('',#57630,#41260,#57860,.T.);
#57880=ORIENTED_EDGE('',*,*,#57870,.T.);
#57890=EDGE_LOOP('',(#57880,#57820,#57810,#57800,#57790,#57730,#57650));
#57900=FACE_OUTER_BOUND('',#57890,.T.);
#57910=ADVANCED_FACE('',(#57900),#57550,.F.);
#57920=CARTESIAN_POINT('',(-3.359647,0.700353999999999,19.));
#57930=DIRECTION('',(1.,0.,0.));
#57940=DIRECTION('',(0.,-1.,0.));
#57950=AXIS2_PLACEMENT_3D('',#57920,#57930,#57940);
#57960=PLANE('',#57950);
#57970=CARTESIAN_POINT('',(-3.359647,0.700353999999999,19.));
#57980=DIRECTION('',(0.,0.,1.));
#57990=VECTOR('',#57980,1.);
#58000=LINE('',#57970,#57990);
#58010=EDGE_CURVE('',#7390,#17610,#58000,.T.);
#58020=ORIENTED_EDGE('',*,*,#58010,.F.);
#58030=ORIENTED_EDGE('',*,*,#17620,.T.);
#58040=CARTESIAN_POINT('',(-3.359647,-0.899645999999999,0.));
#58050=DIRECTION('',(0.,0.,1.));
#58060=VECTOR('',#58050,1.);
#58070=LINE('',#58040,#58060);
#58080=CARTESIAN_POINT('',(-3.359647,-0.899645999999999,18.8));
#58090=VERTEX_POINT('',#58080);
#58100=EDGE_CURVE('',#58090,#17530,#58070,.T.);
#58110=ORIENTED_EDGE('',*,*,#58100,.T.);
#58120=CARTESIAN_POINT('',(-3.359647,0.,18.8));
#58130=DIRECTION('',(0.,-1.,0.));
#58140=VECTOR('',#58130,1.);
#58150=LINE('',#58120,#58140);
#58160=CARTESIAN_POINT('',(-3.359647,-0.199646,18.8));
#58170=VERTEX_POINT('',#58160);
#58180=EDGE_CURVE('',#58170,#58090,#58150,.T.);
#58190=ORIENTED_EDGE('',*,*,#58180,.T.);
#58200=CARTESIAN_POINT('',(-3.359647,0.,18.7334513333333));
#58210=DIRECTION('',(0.,-0.948683298050514,0.316227766016838));
#58220=VECTOR('',#58210,1.);
#58230=LINE('',#58200,#58220);
#58240=CARTESIAN_POINT('',(-3.359647,0.100354,18.7));
#58250=VERTEX_POINT('',#58240);
#58260=EDGE_CURVE('',#58250,#58170,#58230,.T.);
#58270=ORIENTED_EDGE('',*,*,#58260,.T.);
#58280=CARTESIAN_POINT('',(-3.359647,0.,18.7));
#58290=DIRECTION('',(0.,-1.,0.));
#58300=VECTOR('',#58290,1.);
#58310=LINE('',#58280,#58300);
#58320=EDGE_CURVE('',#7390,#58250,#58310,.T.);
#58330=ORIENTED_EDGE('',*,*,#58320,.T.);
#58340=EDGE_LOOP('',(#58330,#58270,#58190,#58110,#58030,#58020));
#58350=FACE_OUTER_BOUND('',#58340,.T.);
#58360=ADVANCED_FACE('',(#58350),#57960,.F.);
#58370=CARTESIAN_POINT('',(-1.059647,3.350354,18.3));
#58380=DIRECTION('',(1.,1.22460635382238E-16,0.));
#58390=DIRECTION('',(0.,0.,1.));
#58400=AXIS2_PLACEMENT_3D('',#58370,#58380,#58390);
#58410=PLANE('',#58400);
#58420=CARTESIAN_POINT('',(-1.059647,0.,17.7));
#58430=DIRECTION('',(-1.22460635382238E-16,1.,0.));
#58440=VECTOR('',#58430,1.);
#58450=LINE('',#58420,#58440);
#58460=EDGE_CURVE('',#210,#11410,#58450,.T.);
#58470=ORIENTED_EDGE('',*,*,#58460,.T.);
#58480=ORIENTED_EDGE('',*,*,#220,.T.);
#58490=CARTESIAN_POINT('',(-1.059647,0.,18.3));
#58500=DIRECTION('',(1.22460635382238E-16,-1.,0.));
#58510=VECTOR('',#58500,1.);
#58520=LINE('',#58490,#58510);
#58530=EDGE_CURVE('',#11510,#110,#58520,.T.);
#58540=ORIENTED_EDGE('',*,*,#58530,.T.);
#58550=ORIENTED_EDGE('',*,*,#11520,.F.);
#58560=EDGE_LOOP('',(#58550,#58540,#58480,#58470));
#58570=FACE_OUTER_BOUND('',#58560,.T.);
#58580=ADVANCED_FACE('',(#58570),#58410,.T.);
#58590=CARTESIAN_POINT('',(-0.159647,-0.399646,18.));
#58600=DIRECTION('',(0.,-1.,0.));
#58610=DIRECTION('',(1.,0.,0.));
#58620=AXIS2_PLACEMENT_3D('',#58590,#58600,#58610);
#58630=PLANE('',#58620);
#58640=CARTESIAN_POINT('',(-0.159647000000001,-0.399646,18.));
#58650=DIRECTION('',(0.,0.,1.));
#58660=VECTOR('',#58650,1.);
#58670=LINE('',#58640,#58660);
#58680=CARTESIAN_POINT('',(-0.159647000000001,-0.399646,17.3));
#58690=VERTEX_POINT('',#58680);
#58700=EDGE_CURVE('',#58690,#14700,#58670,.T.);
#58710=ORIENTED_EDGE('',*,*,#58700,.T.);
#58720=CARTESIAN_POINT('',(0.,-0.399646,17.3));
#58730=DIRECTION('',(-1.,0.,0.));
#58740=VECTOR('',#58730,1.);
#58750=LINE('',#58720,#58740);
#58760=EDGE_CURVE('',#21890,#58690,#58750,.T.);
#58770=ORIENTED_EDGE('',*,*,#58760,.T.);
#58780=ORIENTED_EDGE('',*,*,#21900,.T.);
#58790=ORIENTED_EDGE('',*,*,#14770,.F.);
#58800=EDGE_LOOP('',(#58790,#58780,#58770,#58710));
#58810=FACE_OUTER_BOUND('',#58800,.T.);
#58820=ADVANCED_FACE('',(#58810),#58630,.F.);
#58830=CARTESIAN_POINT('',(0.0403529999999999,-1.219646,16.2));
#58840=DIRECTION('',(0.,0.,-1.));
#58850=DIRECTION('',(0.,1.,0.));
#58860=AXIS2_PLACEMENT_3D('',#58830,#58840,#58850);
#58870=PLANE('',#58860);
#58880=ORIENTED_EDGE('',*,*,#55820,.F.);
#58890=ORIENTED_EDGE('',*,*,#53430,.T.);
#58900=CARTESIAN_POINT('',(0.340353,0.,16.2));
#58910=DIRECTION('',(0.,-1.,0.));
#58920=VECTOR('',#58910,1.);
#58930=LINE('',#58900,#58920);
#58940=CARTESIAN_POINT('',(0.340353,-3.549646,16.2));
#58950=VERTEX_POINT('',#58940);
#58960=EDGE_CURVE('',#53340,#58950,#58930,.T.);
#58970=ORIENTED_EDGE('',*,*,#58960,.F.);
#58980=CARTESIAN_POINT('',(0.,-3.549646,16.2));
#58990=DIRECTION('',(-1.,0.,0.));
#59000=VECTOR('',#58990,1.);
#59010=LINE('',#58980,#59000);
#59020=EDGE_CURVE('',#58950,#54180,#59010,.T.);
#59030=ORIENTED_EDGE('',*,*,#59020,.F.);
#59040=EDGE_LOOP('',(#59030,#58970,#58890,#58880));
#59050=FACE_OUTER_BOUND('',#59040,.T.);
#59060=ADVANCED_FACE('',(#59050),#58870,.F.);
#59070=CARTESIAN_POINT('',(-3.809647,0.700353999999999,20.));
#59080=DIRECTION('',(6.12303176911189E-16,-1.,0.));
#59090=DIRECTION('',(1.,6.12303176911189E-16,0.));
#59100=AXIS2_PLACEMENT_3D('',#59070,#59080,#59090);
#59110=PLANE('',#59100);
#59120=ORIENTED_EDGE('',*,*,#17680,.T.);
#59130=ORIENTED_EDGE('',*,*,#58010,.T.);
#59140=ORIENTED_EDGE('',*,*,#7550,.F.);
#59150=ORIENTED_EDGE('',*,*,#18860,.F.);
#59160=ORIENTED_EDGE('',*,*,#20830,.F.);
#59170=ORIENTED_EDGE('',*,*,#24050,.T.);
#59180=ORIENTED_EDGE('',*,*,#1200,.T.);
#59190=ORIENTED_EDGE('',*,*,#9100,.F.);
#59200=CARTESIAN_POINT('',(-4.770781,0.700353999999999,12.75));
#59210=DIRECTION('',(-1.,-1.22460635382238E-16,0.));
#59220=VECTOR('',#59210,1.);
#59230=LINE('',#59200,#59220);
#59240=EDGE_CURVE('',#9030,#2850,#59230,.T.);
#59250=ORIENTED_EDGE('',*,*,#59240,.F.);
#59260=ORIENTED_EDGE('',*,*,#2860,.F.);
#59270=EDGE_LOOP('',(#59260,#59250,#59190,#59180,#59170,#59160,#59150,
#59140,#59130,#59120));
#59280=FACE_OUTER_BOUND('',#59270,.T.);
#59290=ADVANCED_FACE('',(#59280),#59110,.T.);
#59300=CARTESIAN_POINT('',(-0.459647,3.350354,17.7));
#59310=DIRECTION('',(-1.,-1.22460635382238E-16,0.));
#59320=DIRECTION('',(0.,0.,-1.));
#59330=AXIS2_PLACEMENT_3D('',#59300,#59310,#59320);
#59340=PLANE('',#59330);
#59350=CARTESIAN_POINT('',(-0.459647,0.,18.3));
#59360=DIRECTION('',(0.,1.,1.22460635382238E-16));
#59370=VECTOR('',#59360,1.);
#59380=LINE('',#59350,#59370);
#59390=EDGE_CURVE('',#130,#11590,#59380,.T.);
#59400=ORIENTED_EDGE('',*,*,#59390,.T.);
#59410=ORIENTED_EDGE('',*,*,#360,.T.);
#59420=CARTESIAN_POINT('',(-0.459647,0.,17.7));
#59430=DIRECTION('',(1.22460635382238E-16,-1.,-8.71576399210524E-33));
#59440=VECTOR('',#59430,1.);
#59450=LINE('',#59420,#59440);
#59460=EDGE_CURVE('',#11430,#290,#59450,.T.);
#59470=ORIENTED_EDGE('',*,*,#59460,.T.);
#59480=ORIENTED_EDGE('',*,*,#11660,.F.);
#59490=EDGE_LOOP('',(#59480,#59470,#59410,#59400));
#59500=FACE_OUTER_BOUND('',#59490,.T.);
#59510=ADVANCED_FACE('',(#59500),#59340,.T.);
#59520=CARTESIAN_POINT('',(0.0403529999999999,-1.219646,18.));
#59530=DIRECTION('',(-1.,0.,0.));
#59540=DIRECTION('',(0.,-1.,0.));
#59550=AXIS2_PLACEMENT_3D('',#59520,#59530,#59540);
#59560=PLANE('',#59550);
#59570=CARTESIAN_POINT('',(0.0403529999999999,0.,17.8));
#59580=DIRECTION('',(0.,1.,0.));
#59590=VECTOR('',#59580,1.);
#59600=LINE('',#59570,#59590);
#59610=CARTESIAN_POINT('',(0.0403529999999999,-1.219646,17.8));
#59620=VERTEX_POINT('',#59610);
#59630=EDGE_CURVE('',#56870,#59620,#59600,.T.);
#59640=ORIENTED_EDGE('',*,*,#59630,.F.);
#59650=CARTESIAN_POINT('',(0.0403529999999999,-1.219646,18.));
#59660=DIRECTION('',(0.,0.,-1.));
#59670=VECTOR('',#59660,1.);
#59680=LINE('',#59650,#59670);
#59690=EDGE_CURVE('',#13170,#59620,#59680,.T.);
#59700=ORIENTED_EDGE('',*,*,#59690,.T.);
#59710=ORIENTED_EDGE('',*,*,#13180,.T.);
#59720=ORIENTED_EDGE('',*,*,#57450,.F.);
#59730=EDGE_LOOP('',(#59720,#59710,#59700,#59640));
#59740=FACE_OUTER_BOUND('',#59730,.T.);
#59750=ADVANCED_FACE('',(#59740),#59560,.T.);
#59760=CARTESIAN_POINT('',(0.0403529999999999,-1.219646,17.8));
#59770=DIRECTION('',(0.,0.,-1.));
#59780=DIRECTION('',(0.,1.,0.));
#59790=AXIS2_PLACEMENT_3D('',#59760,#59770,#59780);
#59800=PLANE('',#59790);
#59810=ORIENTED_EDGE('',*,*,#57020,.T.);
#59820=ORIENTED_EDGE('',*,*,#57780,.T.);
#59830=CARTESIAN_POINT('',(-0.721925750000001,0.,17.8));
#59840=DIRECTION('',(-0.52999894000318,0.847998304005088,0.));
#59850=VECTOR('',#59840,1.);
#59860=LINE('',#59830,#59850);
#59870=EDGE_CURVE('',#57710,#59620,#59860,.T.);
#59880=ORIENTED_EDGE('',*,*,#59870,.F.);
#59890=ORIENTED_EDGE('',*,*,#59630,.T.);
#59900=EDGE_LOOP('',(#59890,#59880,#59820,#59810));
#59910=FACE_OUTER_BOUND('',#59900,.T.);
#59920=ADVANCED_FACE('',(#59910),#59800,.T.);
#59930=CARTESIAN_POINT('',(0.740353,-2.149646,17.));
#59940=DIRECTION('',(0.,-1.,0.));
#59950=DIRECTION('',(0.,0.,1.));
#59960=AXIS2_PLACEMENT_3D('',#59930,#59940,#59950);
#59970=PLANE('',#59960);
#59980=CARTESIAN_POINT('',(0.340353,-2.149646,16.));
#59990=DIRECTION('',(0.,0.,1.));
#60000=VECTOR('',#59990,1.);
#60010=LINE('',#59980,#60000);
#60020=CARTESIAN_POINT('',(0.340353,-2.149646,16.7));
#60030=VERTEX_POINT('',#60020);
#60040=EDGE_CURVE('',#60030,#44550,#60010,.T.);
#60050=ORIENTED_EDGE('',*,*,#60040,.T.);
#60060=CARTESIAN_POINT('',(0.740353,-2.149646,16.7));
#60070=DIRECTION('',(-1.,0.,0.));
#60080=VECTOR('',#60070,1.);
#60090=LINE('',#60060,#60080);
#60100=EDGE_CURVE('',#22050,#60030,#60090,.T.);
#60110=ORIENTED_EDGE('',*,*,#60100,.T.);
#60120=ORIENTED_EDGE('',*,*,#22060,.T.);
#60130=CARTESIAN_POINT('',(0.740353,-2.149646,17.3));
#60140=DIRECTION('',(-1.,0.,0.));
#60150=VECTOR('',#60140,1.);
#60160=LINE('',#60130,#60150);
#60170=EDGE_CURVE('',#21970,#57630,#60160,.T.);
#60180=ORIENTED_EDGE('',*,*,#60170,.F.);
#60190=ORIENTED_EDGE('',*,*,#57870,.F.);
#60200=ORIENTED_EDGE('',*,*,#44560,.T.);
#60210=EDGE_LOOP('',(#60200,#60190,#60180,#60120,#60110,#60050));
#60220=FACE_OUTER_BOUND('',#60210,.T.);
#60230=ADVANCED_FACE('',(#60220),#59970,.F.);
#60240=CARTESIAN_POINT('',(-0.859647,-0.049646,17.25));
#60250=DIRECTION('',(0.,0.316227766016838,-0.948683298050514));
#60260=DIRECTION('',(0.,-0.948683298050514,-0.316227766016838));
#60270=AXIS2_PLACEMENT_3D('',#60240,#60250,#60260);
#60280=PLANE('',#60270);
#60290=CARTESIAN_POINT('',(0.,0.100354,17.3));
#60300=DIRECTION('',(-1.,0.,0.));
#60310=VECTOR('',#60300,1.);
#60320=LINE('',#60290,#60310);
#60330=CARTESIAN_POINT('',(-1.559647,0.100354,17.3));
#60340=VERTEX_POINT('',#60330);
#60350=EDGE_CURVE('',#46720,#60340,#60320,.T.);
#60360=ORIENTED_EDGE('',*,*,#60350,.T.);
#60370=ORIENTED_EDGE('',*,*,#46730,.F.);
#60380=ORIENTED_EDGE('',*,*,#41440,.F.);
#60390=CARTESIAN_POINT('',(-1.559647,0.,17.2665486666667));
#60400=DIRECTION('',(0.,0.948683298050514,0.316227766016838));
#60410=VECTOR('',#60400,1.);
#60420=LINE('',#60390,#60410);
#60430=EDGE_CURVE('',#41350,#60340,#60420,.T.);
#60440=ORIENTED_EDGE('',*,*,#60430,.F.);
#60450=EDGE_LOOP('',(#60440,#60380,#60370,#60360));
#60460=FACE_OUTER_BOUND('',#60450,.T.);
#60470=ADVANCED_FACE('',(#60460),#60280,.F.);
#60480=CARTESIAN_POINT('',(0.740353,-2.149646,17.3));
#60490=DIRECTION('',(0.,0.,-1.));
#60500=DIRECTION('',(0.,-1.,0.));
#60510=AXIS2_PLACEMENT_3D('',#60480,#60490,#60500);
#60520=PLANE('',#60510);
#60530=ORIENTED_EDGE('',*,*,#58760,.F.);
#60540=CARTESIAN_POINT('',(-0.159647000000001,0.,17.3));
#60550=DIRECTION('',(0.,1.,0.));
#60560=VECTOR('',#60550,1.);
#60570=LINE('',#60540,#60560);
#60580=CARTESIAN_POINT('',(-0.159647000000001,-0.899646,17.3));
#60590=VERTEX_POINT('',#60580);
#60600=EDGE_CURVE('',#60590,#58690,#60570,.T.);
#60610=ORIENTED_EDGE('',*,*,#60600,.T.);
#60620=CARTESIAN_POINT('',(-0.721925750000001,0.,17.3));
#60630=DIRECTION('',(-0.52999894000318,0.847998304005088,0.));
#60640=VECTOR('',#60630,1.);
#60650=LINE('',#60620,#60640);
#60660=EDGE_CURVE('',#57610,#60590,#60650,.T.);
#60670=ORIENTED_EDGE('',*,*,#60660,.T.);
#60680=ORIENTED_EDGE('',*,*,#57640,.F.);
#60690=ORIENTED_EDGE('',*,*,#60170,.T.);
#60700=ORIENTED_EDGE('',*,*,#21980,.F.);
#60710=EDGE_LOOP('',(#60700,#60690,#60680,#60670,#60610,#60530));
#60720=FACE_OUTER_BOUND('',#60710,.T.);
#60730=ADVANCED_FACE('',(#60720),#60520,.T.);
#60740=CARTESIAN_POINT('',(-0.159647000000001,-0.199646,18.));
#60750=DIRECTION('',(-1.,0.,0.));
#60760=DIRECTION('',(0.,-1.,0.));
#60770=AXIS2_PLACEMENT_3D('',#60740,#60750,#60760);
#60780=PLANE('',#60770);
#60790=ORIENTED_EDGE('',*,*,#60600,.F.);
#60800=ORIENTED_EDGE('',*,*,#58700,.F.);
#60810=ORIENTED_EDGE('',*,*,#14710,.T.);
#60820=CARTESIAN_POINT('',(-0.159647000000001,-0.899646,18.));
#60830=DIRECTION('',(0.,0.,-1.));
#60840=VECTOR('',#60830,1.);
#60850=LINE('',#60820,#60840);
#60860=EDGE_CURVE('',#14620,#60590,#60850,.T.);
#60870=ORIENTED_EDGE('',*,*,#60860,.F.);
#60880=EDGE_LOOP('',(#60870,#60810,#60800,#60790));
#60890=FACE_OUTER_BOUND('',#60880,.T.);
#60900=ADVANCED_FACE('',(#60890),#60780,.T.);
#60910=CARTESIAN_POINT('',(0.,0.,17.3));
#60920=DIRECTION('',(0.,0.,1.));
#60930=DIRECTION('',(1.,0.,0.));
#60940=AXIS2_PLACEMENT_3D('',#60910,#60920,#60930);
#60950=PLANE('',#60940);
#60960=ORIENTED_EDGE('',*,*,#60350,.F.);
#60970=CARTESIAN_POINT('',(-1.559647,-3.949646,17.3));
#60980=DIRECTION('',(0.,1.,0.));
#60990=VECTOR('',#60980,1.);
#61000=LINE('',#60970,#60990);
#61010=EDGE_CURVE('',#60340,#450,#61000,.T.);
#61020=ORIENTED_EDGE('',*,*,#61010,.F.);
#61030=ORIENTED_EDGE('',*,*,#480,.F.);
#61040=CARTESIAN_POINT('',(-0.159647,0.700354,17.3));
#61050=DIRECTION('',(-0.0371835703043849,0.999308451930343,0.));
#61060=VECTOR('',#61050,1.);
#61070=LINE('',#61040,#61060);
#61080=EDGE_CURVE('',#46800,#470,#61070,.T.);
#61090=ORIENTED_EDGE('',*,*,#61080,.T.);
#61100=ORIENTED_EDGE('',*,*,#46810,.F.);
#61110=EDGE_LOOP('',(#61100,#61090,#61030,#61020,#60960));
#61120=FACE_OUTER_BOUND('',#61110,.T.);
#61130=ADVANCED_FACE('',(#61120),#60950,.T.);
#61140=CARTESIAN_POINT('',(-0.239647,2.850354,18.));
#61150=DIRECTION('',(-0.999308451930343,-0.0371835703043849,0.));
#61160=DIRECTION('',(0.0371835703043849,-0.999308451930343,0.));
#61170=AXIS2_PLACEMENT_3D('',#61140,#61150,#61160);
#61180=PLANE('',#61170);
#61190=ORIENTED_EDGE('',*,*,#57270,.F.);
#61200=ORIENTED_EDGE('',*,*,#61080,.F.);
#61210=ORIENTED_EDGE('',*,*,#700,.T.);
#61220=ORIENTED_EDGE('',*,*,#14920,.T.);
#61230=EDGE_LOOP('',(#61220,#61210,#61200,#61190));
#61240=FACE_OUTER_BOUND('',#61230,.T.);
#61250=ADVANCED_FACE('',(#61240),#61180,.T.);
#61260=CARTESIAN_POINT('',(-3.359647,-0.899646,19.25));
#61270=DIRECTION('',(-0.847998304005088,0.52999894000318,0.));
#61280=DIRECTION('',(0.52999894000318,0.847998304005088,0.));
#61290=AXIS2_PLACEMENT_3D('',#61260,#61270,#61280);
#61300=PLANE('',#61290);
#61310=ORIENTED_EDGE('',*,*,#15960,.F.);
#61320=CARTESIAN_POINT('',(-2.79736825,0.,18.8));
#61330=DIRECTION('',(-0.52999894000318,-0.847998304005088,0.));
#61340=VECTOR('',#61330,1.);
#61350=LINE('',#61320,#61340);
#61360=EDGE_CURVE('',#58090,#15870,#61350,.T.);
#61370=ORIENTED_EDGE('',*,*,#61360,.T.);
#61380=ORIENTED_EDGE('',*,*,#58100,.F.);
#61390=ORIENTED_EDGE('',*,*,#17540,.F.);
#61400=EDGE_LOOP('',(#61390,#61380,#61370,#61310));
#61410=FACE_OUTER_BOUND('',#61400,.T.);
#61420=ADVANCED_FACE('',(#61410),#61300,.T.);
#61430=CARTESIAN_POINT('',(-0.459647,3.350354,18.3));
#61440=DIRECTION('',(0.,0.,-1.));
#61450=DIRECTION('',(1.,1.22460635382238E-16,0.));
#61460=AXIS2_PLACEMENT_3D('',#61430,#61440,#61450);
#61470=PLANE('',#61460);
#61480=ORIENTED_EDGE('',*,*,#11600,.T.);
#61490=ORIENTED_EDGE('',*,*,#58530,.F.);
#61500=ORIENTED_EDGE('',*,*,#140,.F.);
#61510=ORIENTED_EDGE('',*,*,#59390,.F.);
#61520=EDGE_LOOP('',(#61510,#61500,#61490,#61480));
#61530=FACE_OUTER_BOUND('',#61520,.T.);
#61540=ADVANCED_FACE('',(#61530),#61470,.T.);
#61550=CARTESIAN_POINT('',(-0.159647000000001,-0.899646,18.));
#61560=DIRECTION('',(-0.847998304005088,-0.52999894000318,0.));
#61570=DIRECTION('',(0.52999894000318,-0.847998304005088,0.));
#61580=AXIS2_PLACEMENT_3D('',#61550,#61560,#61570);
#61590=PLANE('',#61580);
#61600=ORIENTED_EDGE('',*,*,#59870,.T.);
#61610=ORIENTED_EDGE('',*,*,#57720,.F.);
#61620=ORIENTED_EDGE('',*,*,#60660,.F.);
#61630=ORIENTED_EDGE('',*,*,#60860,.T.);
#61640=ORIENTED_EDGE('',*,*,#14630,.T.);
#61650=ORIENTED_EDGE('',*,*,#10700,.T.);
#61660=ORIENTED_EDGE('',*,*,#13240,.F.);
#61670=ORIENTED_EDGE('',*,*,#59690,.F.);
#61680=EDGE_LOOP('',(#61670,#61660,#61650,#61640,#61630,#61620,#61610,
#61600));
#61690=FACE_OUTER_BOUND('',#61680,.T.);
#61700=ADVANCED_FACE('',(#61690),#61590,.T.);
#61710=CARTESIAN_POINT('',(-1.559647,-3.949646,18.));
#61720=DIRECTION('',(1.,0.,0.));
#61730=DIRECTION('',(0.,1.,0.));
#61740=AXIS2_PLACEMENT_3D('',#61710,#61720,#61730);
#61750=PLANE('',#61740);
#61760=ORIENTED_EDGE('',*,*,#60430,.T.);
#61770=ORIENTED_EDGE('',*,*,#41360,.T.);
#61780=ORIENTED_EDGE('',*,*,#28640,.F.);
#61790=ORIENTED_EDGE('',*,*,#16200,.F.);
#61800=ORIENTED_EDGE('',*,*,#15230,.F.);
#61810=ORIENTED_EDGE('',*,*,#15010,.F.);
#61820=ORIENTED_EDGE('',*,*,#560,.F.);
#61830=ORIENTED_EDGE('',*,*,#61010,.T.);
#61840=EDGE_LOOP('',(#61830,#61820,#61810,#61800,#61790,#61780,#61770,
#61760));
#61850=FACE_OUTER_BOUND('',#61840,.T.);
#61860=ADVANCED_FACE('',(#61850),#61750,.T.);
#61870=CARTESIAN_POINT('',(0.340353,-1.74548523510262,16.525020716276));
#61880=DIRECTION('',(-1.,0.,0.));
#61890=DIRECTION('',(0.,-1.,0.));
#61900=AXIS2_PLACEMENT_3D('',#61870,#61880,#61890);
#61910=PLANE('',#61900);
#61920=ORIENTED_EDGE('',*,*,#60040,.F.);
#61930=ORIENTED_EDGE('',*,*,#47210,.T.);
#61940=ORIENTED_EDGE('',*,*,#28920,.F.);
#61950=CARTESIAN_POINT('',(0.340353,0.,17.974823));
#61960=DIRECTION('',(0.,0.894427190999916,0.447213595499959));
#61970=VECTOR('',#61960,1.);
#61980=LINE('',#61950,#61970);
#61990=EDGE_CURVE('',#28910,#58950,#61980,.T.);
#62000=ORIENTED_EDGE('',*,*,#61990,.F.);
#62010=ORIENTED_EDGE('',*,*,#58960,.T.);
#62020=ORIENTED_EDGE('',*,*,#53350,.F.);
#62030=CARTESIAN_POINT('',(0.340353,0.,16.7));
#62040=DIRECTION('',(0.,-1.,0.));
#62050=VECTOR('',#62040,1.);
#62060=LINE('',#62030,#62050);
#62070=EDGE_CURVE('',#53240,#60030,#62060,.T.);
#62080=ORIENTED_EDGE('',*,*,#62070,.F.);
#62090=EDGE_LOOP('',(#62080,#62020,#62010,#62000,#61940,#61930,#61920));
#62100=FACE_OUTER_BOUND('',#62090,.T.);
#62110=ADVANCED_FACE('',(#62100),#61910,.T.);
#62120=CARTESIAN_POINT('',(-1.059647,3.350354,17.7));
#62130=DIRECTION('',(0.,0.,1.));
#62140=DIRECTION('',(-1.,-1.22460635382238E-16,0.));
#62150=AXIS2_PLACEMENT_3D('',#62120,#62130,#62140);
#62160=PLANE('',#62150);
#62170=ORIENTED_EDGE('',*,*,#59460,.F.);
#62180=ORIENTED_EDGE('',*,*,#300,.F.);
#62190=ORIENTED_EDGE('',*,*,#58460,.F.);
#62200=ORIENTED_EDGE('',*,*,#11440,.F.);
#62210=EDGE_LOOP('',(#62200,#62190,#62180,#62170));
#62220=FACE_OUTER_BOUND('',#62210,.T.);
#62230=ADVANCED_FACE('',(#62220),#62160,.T.);
#62240=CARTESIAN_POINT('',(-2.43678099560294,0.970679525524042,12.75));
#62250=DIRECTION('',(0.,0.,-1.));
#62260=DIRECTION('',(-1.,-1.22460635382238E-16,0.));
#62270=AXIS2_PLACEMENT_3D('',#62240,#62250,#62260);
#62280=PLANE('',#62270);
#62290=ORIENTED_EDGE('',*,*,#25510,.F.);
#62300=ORIENTED_EDGE('',*,*,#49050,.F.);
#62310=ORIENTED_EDGE('',*,*,#57160,.F.);
#62320=ORIENTED_EDGE('',*,*,#37620,.F.);
#62330=ORIENTED_EDGE('',*,*,#11010,.T.);
#62340=ORIENTED_EDGE('',*,*,#2940,.T.);
#62350=ORIENTED_EDGE('',*,*,#59240,.T.);
#62360=ORIENTED_EDGE('',*,*,#9040,.T.);
#62370=ORIENTED_EDGE('',*,*,#8430,.F.);
#62380=ORIENTED_EDGE('',*,*,#9260,.F.);
#62390=ORIENTED_EDGE('',*,*,#41770,.F.);
#62400=ORIENTED_EDGE('',*,*,#38890,.F.);
#62410=ORIENTED_EDGE('',*,*,#38120,.F.);
#62420=ORIENTED_EDGE('',*,*,#38730,.F.);
#62430=ORIENTED_EDGE('',*,*,#43360,.F.);
#62440=ORIENTED_EDGE('',*,*,#25060,.F.);
#62450=EDGE_LOOP('',(#62440,#62430,#62420,#62410,#62400,#62390,#62380,
#62370,#62360,#62350,#62340,#62330,#62320,#62310,#62300,#62290));
#62460=FACE_OUTER_BOUND('',#62450,.T.);
#62470=ADVANCED_FACE('',(#62460),#62280,.T.);
#62480=CARTESIAN_POINT('',(0.740353,-2.149646,16.7));
#62490=DIRECTION('',(0.,0.,-1.));
#62500=DIRECTION('',(0.,-1.,0.));
#62510=AXIS2_PLACEMENT_3D('',#62480,#62490,#62500);
#62520=PLANE('',#62510);
#62530=ORIENTED_EDGE('',*,*,#22140,.T.);
#62540=ORIENTED_EDGE('',*,*,#60100,.F.);
#62550=ORIENTED_EDGE('',*,*,#62070,.T.);
#62560=ORIENTED_EDGE('',*,*,#53270,.F.);
#62570=ORIENTED_EDGE('',*,*,#55990,.F.);
#62580=ORIENTED_EDGE('',*,*,#53010,.T.);
#62590=EDGE_LOOP('',(#62580,#62570,#62560,#62550,#62540,#62530));
#62600=FACE_OUTER_BOUND('',#62590,.T.);
#62610=ADVANCED_FACE('',(#62600),#62520,.F.);
#62620=CARTESIAN_POINT('',(0.0403529999999999,-3.549646,16.2));
#62630=DIRECTION('',(0.,0.447213595499959,-0.894427190999916));
#62640=DIRECTION('',(0.,0.894427190999916,0.447213595499959));
#62650=AXIS2_PLACEMENT_3D('',#62620,#62630,#62640);
#62660=PLANE('',#62650);
#62670=ORIENTED_EDGE('',*,*,#59020,.T.);
#62680=ORIENTED_EDGE('',*,*,#61990,.T.);
#62690=ORIENTED_EDGE('',*,*,#54190,.F.);
#62700=EDGE_LOOP('',(#62690,#62680,#62670));
#62710=FACE_OUTER_BOUND('',#62700,.T.);
#62720=ADVANCED_FACE('',(#62710),#62660,.F.);
#62730=CARTESIAN_POINT('',(-0.159647,-0.899645999999999,19.25));
#62740=DIRECTION('',(-0.847998304005088,-0.52999894000318,0.));
#62750=DIRECTION('',(-0.52999894000318,0.847998304005088,0.));
#62760=AXIS2_PLACEMENT_3D('',#62730,#62740,#62750);
#62770=PLANE('',#62760);
#62780=ORIENTED_EDGE('',*,*,#17910,.F.);
#62790=ORIENTED_EDGE('',*,*,#13990,.T.);
#62800=ORIENTED_EDGE('',*,*,#16410,.T.);
#62810=ORIENTED_EDGE('',*,*,#18570,.T.);
#62820=EDGE_LOOP('',(#62810,#62800,#62790,#62780));
#62830=FACE_OUTER_BOUND('',#62820,.T.);
#62840=ADVANCED_FACE('',(#62830),#62770,.F.);
#62850=CARTESIAN_POINT('',(-2.43678099560294,0.970679525524043,18.8));
#62860=DIRECTION('',(0.,0.,-1.));
#62870=DIRECTION('',(-1.,0.,0.));
#62880=AXIS2_PLACEMENT_3D('',#62850,#62860,#62870);
#62890=PLANE('',#62880);
#62900=ORIENTED_EDGE('',*,*,#61360,.F.);
#62910=ORIENTED_EDGE('',*,*,#15880,.F.);
#62920=CARTESIAN_POINT('',(-3.859647,0.,18.8));
#62930=DIRECTION('',(0.,1.,0.));
#62940=VECTOR('',#62930,1.);
#62950=LINE('',#62920,#62940);
#62960=EDGE_CURVE('',#28440,#15790,#62950,.T.);
#62970=ORIENTED_EDGE('',*,*,#62960,.T.);
#62980=ORIENTED_EDGE('',*,*,#28450,.F.);
#62990=ORIENTED_EDGE('',*,*,#4530,.F.);
#63000=CARTESIAN_POINT('',(-3.519294,-0.199646,18.8));
#63010=DIRECTION('',(1.,0.,0.));
#63020=VECTOR('',#63010,1.);
#63030=LINE('',#63000,#63020);
#63040=EDGE_CURVE('',#58170,#4440,#63030,.T.);
#63050=ORIENTED_EDGE('',*,*,#63040,.T.);
#63060=ORIENTED_EDGE('',*,*,#58180,.F.);
#63070=EDGE_LOOP('',(#63060,#63050,#62990,#62980,#62970,#62910,#62900));
#63080=FACE_OUTER_BOUND('',#63070,.T.);
#63090=ADVANCED_FACE('',(#63080),#62890,.T.);
#63100=CARTESIAN_POINT('',(-3.559647,-3.549646,18.2));
#63110=DIRECTION('',(0.,-0.447213595499959,0.894427190999916));
#63120=DIRECTION('',(0.,0.894427190999916,0.447213595499959));
#63130=AXIS2_PLACEMENT_3D('',#63100,#63110,#63120);
#63140=PLANE('',#63130);
#63150=ORIENTED_EDGE('',*,*,#1580,.T.);
#63160=CARTESIAN_POINT('',(-3.859647,0.,19.974823));
#63170=DIRECTION('',(0.,0.894427190999916,0.447213595499959));
#63180=VECTOR('',#63170,1.);
#63190=LINE('',#63160,#63180);
#63200=CARTESIAN_POINT('',(-3.859647,-3.549646,18.2));
#63210=VERTEX_POINT('',#63200);
#63220=EDGE_CURVE('',#950,#63210,#63190,.T.);
#63230=ORIENTED_EDGE('',*,*,#63220,.F.);
#63240=CARTESIAN_POINT('',(-3.519294,-3.549646,18.2));
#63250=DIRECTION('',(1.,0.,0.));
#63260=VECTOR('',#63250,1.);
#63270=LINE('',#63240,#63260);
#63280=EDGE_CURVE('',#63210,#1570,#63270,.T.);
#63290=ORIENTED_EDGE('',*,*,#63280,.F.);
#63300=EDGE_LOOP('',(#63290,#63230,#63150));
#63310=FACE_OUTER_BOUND('',#63300,.T.);
#63320=ADVANCED_FACE('',(#63310),#63140,.T.);
#63330=CARTESIAN_POINT('',(-2.659647,-0.049646,18.75));
#63340=DIRECTION('',(0.,0.316227766016838,0.948683298050514));
#63350=DIRECTION('',(0.,-0.948683298050514,0.316227766016838));
#63360=AXIS2_PLACEMENT_3D('',#63330,#63340,#63350);
#63370=PLANE('',#63360);
#63380=CARTESIAN_POINT('',(-3.519294,0.100354,18.7));
#63390=DIRECTION('',(1.,0.,0.));
#63400=VECTOR('',#63390,1.);
#63410=LINE('',#63380,#63400);
#63420=EDGE_CURVE('',#58250,#4360,#63410,.T.);
#63430=ORIENTED_EDGE('',*,*,#63420,.T.);
#63440=ORIENTED_EDGE('',*,*,#58260,.F.);
#63450=ORIENTED_EDGE('',*,*,#63040,.F.);
#63460=ORIENTED_EDGE('',*,*,#4450,.F.);
#63470=EDGE_LOOP('',(#63460,#63450,#63440,#63430));
#63480=FACE_OUTER_BOUND('',#63470,.T.);
#63490=ADVANCED_FACE('',(#63480),#63370,.F.);
#63500=CARTESIAN_POINT('',(-2.459647,3.350354,18.3));
#63510=DIRECTION('',(0.,0.,-1.));
#63520=DIRECTION('',(1.,1.22460635382238E-16,0.));
#63530=AXIS2_PLACEMENT_3D('',#63500,#63510,#63520);
#63540=PLANE('',#63530);
#63550=ORIENTED_EDGE('',*,*,#45190,.F.);
#63560=ORIENTED_EDGE('',*,*,#46150,.T.);
#63570=ORIENTED_EDGE('',*,*,#42980,.F.);
#63580=ORIENTED_EDGE('',*,*,#11250,.F.);
#63590=EDGE_LOOP('',(#63580,#63570,#63560,#63550));
#63600=FACE_OUTER_BOUND('',#63590,.T.);
#63610=ADVANCED_FACE('',(#63600),#63540,.T.);
#63620=CARTESIAN_POINT('',(-3.859647,-1.74548523510262,18.525020716276))
;
#63630=DIRECTION('',(-1.,0.,0.));
#63640=DIRECTION('',(0.,-1.,0.));
#63650=AXIS2_PLACEMENT_3D('',#63620,#63630,#63640);
#63660=PLANE('',#63650);
#63670=CARTESIAN_POINT('',(-3.859647,0.,18.7));
#63680=DIRECTION('',(0.,-1.,0.));
#63690=VECTOR('',#63680,1.);
#63700=LINE('',#63670,#63690);
#63710=CARTESIAN_POINT('',(-3.859647,-2.149646,18.7));
#63720=VERTEX_POINT('',#63710);
#63730=EDGE_CURVE('',#3730,#63720,#63700,.T.);
#63740=ORIENTED_EDGE('',*,*,#63730,.T.);
#63750=ORIENTED_EDGE('',*,*,#3740,.T.);
#63760=CARTESIAN_POINT('',(-3.859647,0.,18.2));
#63770=DIRECTION('',(0.,-1.,0.));
#63780=VECTOR('',#63770,1.);
#63790=LINE('',#63760,#63780);
#63800=EDGE_CURVE('',#3650,#63210,#63790,.T.);
#63810=ORIENTED_EDGE('',*,*,#63800,.F.);
#63820=ORIENTED_EDGE('',*,*,#63220,.T.);
#63830=ORIENTED_EDGE('',*,*,#28510,.T.);
#63840=ORIENTED_EDGE('',*,*,#62960,.F.);
#63850=CARTESIAN_POINT('',(-3.859647,-2.149646,18.));
#63860=DIRECTION('',(0.,0.,1.));
#63870=VECTOR('',#63860,1.);
#63880=LINE('',#63850,#63870);
#63890=EDGE_CURVE('',#63720,#15790,#63880,.T.);
#63900=ORIENTED_EDGE('',*,*,#63890,.T.);
#63910=EDGE_LOOP('',(#63900,#63840,#63830,#63820,#63810,#63750,#63740));
#63920=FACE_OUTER_BOUND('',#63910,.T.);
#63930=ADVANCED_FACE('',(#63920),#63660,.F.);
#63940=CARTESIAN_POINT('',(-4.259647,-2.149646,18.7));
#63950=DIRECTION('',(0.,0.,1.));
#63960=DIRECTION('',(0.,-1.,0.));
#63970=AXIS2_PLACEMENT_3D('',#63940,#63950,#63960);
#63980=PLANE('',#63970);
#63990=ORIENTED_EDGE('',*,*,#3180,.F.);
#64000=ORIENTED_EDGE('',*,*,#6900,.T.);
#64010=ORIENTED_EDGE('',*,*,#3820,.T.);
#64020=ORIENTED_EDGE('',*,*,#63730,.F.);
#64030=CARTESIAN_POINT('',(-4.259647,-2.149646,18.7));
#64040=DIRECTION('',(1.,0.,0.));
#64050=VECTOR('',#64040,1.);
#64060=LINE('',#64030,#64050);
#64070=EDGE_CURVE('',#30900,#63720,#64060,.T.);
#64080=ORIENTED_EDGE('',*,*,#64070,.T.);
#64090=ORIENTED_EDGE('',*,*,#30910,.F.);
#64100=EDGE_LOOP('',(#64090,#64080,#64020,#64010,#64000,#63990));
#64110=FACE_OUTER_BOUND('',#64100,.T.);
#64120=ADVANCED_FACE('',(#64110),#63980,.T.);
#64130=CARTESIAN_POINT('',(-3.559647,-1.219646,18.2));
#64140=DIRECTION('',(0.,0.,1.));
#64150=DIRECTION('',(0.,1.,0.));
#64160=AXIS2_PLACEMENT_3D('',#64130,#64140,#64150);
#64170=PLANE('',#64160);
#64180=ORIENTED_EDGE('',*,*,#63280,.T.);
#64190=ORIENTED_EDGE('',*,*,#63800,.T.);
#64200=ORIENTED_EDGE('',*,*,#3660,.F.);
#64210=ORIENTED_EDGE('',*,*,#5300,.T.);
#64220=EDGE_LOOP('',(#64210,#64200,#64190,#64180));
#64230=FACE_OUTER_BOUND('',#64220,.T.);
#64240=ADVANCED_FACE('',(#64230),#64170,.T.);
#64250=CARTESIAN_POINT('',(-3.519294,0.,18.7));
#64260=DIRECTION('',(0.,0.,-1.));
#64270=DIRECTION('',(-1.,0.,0.));
#64280=AXIS2_PLACEMENT_3D('',#64250,#64260,#64270);
#64290=PLANE('',#64280);
#64300=ORIENTED_EDGE('',*,*,#63420,.F.);
#64310=ORIENTED_EDGE('',*,*,#4370,.F.);
#64320=ORIENTED_EDGE('',*,*,#46020,.F.);
#64330=ORIENTED_EDGE('',*,*,#7420,.T.);
#64340=ORIENTED_EDGE('',*,*,#58320,.F.);
#64350=EDGE_LOOP('',(#64340,#64330,#64320,#64310,#64300));
#64360=FACE_OUTER_BOUND('',#64350,.T.);
#64370=ADVANCED_FACE('',(#64360),#64290,.T.);
#64380=CARTESIAN_POINT('',(-3.359647,-2.149646,19.));
#64390=DIRECTION('',(0.,-1.,0.));
#64400=DIRECTION('',(-1.,0.,0.));
#64410=AXIS2_PLACEMENT_3D('',#64380,#64390,#64400);
#64420=PLANE('',#64410);
#64430=ORIENTED_EDGE('',*,*,#17450,.F.);
#64440=ORIENTED_EDGE('',*,*,#18210,.F.);
#64450=ORIENTED_EDGE('',*,*,#19630,.F.);
#64460=ORIENTED_EDGE('',*,*,#30970,.T.);
#64470=ORIENTED_EDGE('',*,*,#64070,.F.);
#64480=ORIENTED_EDGE('',*,*,#63890,.F.);
#64490=ORIENTED_EDGE('',*,*,#15800,.T.);
#64500=EDGE_LOOP('',(#64490,#64480,#64470,#64460,#64450,#64440,#64430));
#64510=FACE_OUTER_BOUND('',#64500,.T.);
#64520=ADVANCED_FACE('',(#64510),#64420,.F.);
#64530=CLOSED_SHELL('',(#1060,#1460,#1690,#2240,#2640,#3040,#3440,#4070,
#4790,#5190,#5410,#5530,#6170,#6480,#6790,#6960,#7280,#7590,#7980,#8290,
#8690,#9140,#9450,#9770,#10080,#10250,#10800,#13060,#13300,#13850,#14410
,#14810,#15110,#15350,#15660,#16060,#16450,#17080,#17950,#18260,#18440,
#18610,#18940,#19260,#19680,#19990,#20320,#20630,#20940,#21110,#22240,
#22400,#22670,#23160,#23320,#23630,#24220,#24530,#24840,#25240,#25550,
#25950,#26190,#26430,#26740,#27300,#29440,#29880,#30190,#30750,#31490,
#31960,#32200,#32390,#32570,#32740,#33060,#33180,#33580,#33730,#33840,
#34380,#34690,#34970,#35260,#35420,#35580,#35780,#35950,#36070,#36270,
#36390,#36640,#37040,#37210,#37380,#37500,#37740,#38160,#38460,#38770,
#39080,#39280,#39400,#39580,#39700,#57060,#57340,#57500,#57910,#58360,
#58580,#58820,#59060,#59290,#59510,#59750,#59920,#60230,#60470,#60730,
#60900,#61130,#61250,#61420,#61540,#61700,#61860,#62110,#62230,#62470,
#62610,#62720,#62840,#63090,#39960,#40360,#40750,#41150,#41610,#41810,
#42390,#42850,#43090,#43410,#43810,#44210,#44440,#44680,#44990,#45230,
#45350,#45570,#45920,#46200,#46600,#47000,#47250,#47420,#47680,#47920,
#48090,#48210,#48390,#48790,#49100,#49280,#49790,#50010,#50180,#50350,
#50470,#50650,#50990,#51460,#51740,#51910,#52180,#52420,#52890,#53130,
#53760,#54070,#54350,#54510,#54780,#55120,#55340,#55600,#55720,#55890,
#56060,#56200,#56320,#56480,#56640,#56760,#63320,#63490,#63610,#63930,
#64120,#64240,#64370,#64520,#740));
#64540=MANIFOLD_SOLID_BREP('',#64530);
#64550=CARTESIAN_POINT('',(0.,0.,0.));
#64560=DIRECTION('',(0.,0.,1.));
#64570=DIRECTION('',(1.,0.,0.));
#64580=AXIS2_PLACEMENT_3D('',#64550,#64560,#64570);
#64590=APPLICATION_CONTEXT(' ');
#64600=APPLICATION_PROTOCOL_DEFINITION(' ','automotive_design',1998,
#64590);
#64610=MECHANICAL_CONTEXT('',#64590,'mechanical');
#64620=PRODUCT_DEFINITION_CONTEXT('part definition',#64590,'design');
#64630=PRODUCT('6DS','6DS','',(#64610));
#64640=PRODUCT_TYPE('part',' ',(#64630));
#64650=PRODUCT_DEFINITION_FORMATION_WITH_SPECIFIED_SOURCE('','',#64630,
.BOUGHT.);
#64660=PRODUCT_DEFINITION('',' ',#64650,#64620);
#64670=PRODUCT_DEFINITION_SHAPE('','',#64660);
#64680=DIMENSIONAL_EXPONENTS(1.,0.,0.,0.,0.,0.,0.);
#64690=DIMENSIONAL_EXPONENTS(0.,0.,0.,0.,0.,0.,0.);
#64700=DIMENSIONAL_EXPONENTS(0.,0.,0.,0.,0.,0.,0.);
#64710=(LENGTH_UNIT() NAMED_UNIT(*) SI_UNIT(.MILLI.,.METRE.));
#64720=(NAMED_UNIT(*) PLANE_ANGLE_UNIT() SI_UNIT($,.RADIAN.));
#64730=(NAMED_UNIT(*) SI_UNIT($,.STERADIAN.) SOLID_ANGLE_UNIT());
#64740=(GEOMETRIC_REPRESENTATION_CONTEXT(3) 
GLOBAL_UNCERTAINTY_ASSIGNED_CONTEXT((#64750)) 
GLOBAL_UNIT_ASSIGNED_CONTEXT((#64710,#64720,#64730)) 
REPRESENTATION_CONTEXT('',''));
#64750=UNCERTAINTY_MEASURE_WITH_UNIT(LENGTH_MEASURE(1.E-6),#64710,
'distance_accuracy_value','maximum gap value');
#64760=ADVANCED_BREP_SHAPE_REPRESENTATION('',(#64580,#64540),#64740);
#64770=SHAPE_DEFINITION_REPRESENTATION(#64670,#64760);
#64780=COLOUR_RGB('',1.,1.,1.);
#64790=FILL_AREA_STYLE_COLOUR('',#64780);
#64800=FILL_AREA_STYLE('',(#64790));
#64810=SURFACE_STYLE_FILL_AREA(#64800);
#64820=SURFACE_SIDE_STYLE('',(#64810));
#64830=SURFACE_STYLE_USAGE(.BOTH.,#64820);
#64840=PRESENTATION_STYLE_ASSIGNMENT((#64830));
#64850=STYLED_ITEM('',(#64840),#64540);
#64860=MECHANICAL_DESIGN_GEOMETRIC_PRESENTATION_REPRESENTATION('',(
#64850),#64740);
#64870=CARTESIAN_POINT('',(150.,0.,-28.));
#64880=DIRECTION('',(0.,0.,1.));
#64890=DIRECTION('',(1.,0.,0.));
#64900=AXIS2_PLACEMENT_3D('',#64870,#64880,#64890);
#64910=ITEM_DEFINED_TRANSFORMATION('6DS','',#64580,#64900);
#64920=APPLICATION_CONTEXT(' ');
#64930=APPLICATION_PROTOCOL_DEFINITION(' ','automotive_design',1998,
#64920);
#64940=MECHANICAL_CONTEXT('',#64920,'mechanical');
#64950=PRODUCT_DEFINITION_CONTEXT('part definition',#64920,'design');
#64960=PRODUCT('6DS','6DS','',(#64940));
#64970=PRODUCT_TYPE('part',' ',(#64960));
#64980=PRODUCT_DEFINITION_FORMATION_WITH_SPECIFIED_SOURCE('','',#64960,
.BOUGHT.);
#64990=PRODUCT_DEFINITION('',' ',#64980,#64950);
#65000=PRODUCT_DEFINITION_SHAPE('','',#64990);
#65010=DIMENSIONAL_EXPONENTS(1.,0.,0.,0.,0.,0.,0.);
#65020=DIMENSIONAL_EXPONENTS(0.,0.,0.,0.,0.,0.,0.);
#65030=DIMENSIONAL_EXPONENTS(0.,0.,0.,0.,0.,0.,0.);
#65040=(LENGTH_UNIT() NAMED_UNIT(*) SI_UNIT(.MILLI.,.METRE.));
#65050=(NAMED_UNIT(*) PLANE_ANGLE_UNIT() SI_UNIT($,.RADIAN.));
#65060=(NAMED_UNIT(*) SI_UNIT($,.STERADIAN.) SOLID_ANGLE_UNIT());
#65070=(GEOMETRIC_REPRESENTATION_CONTEXT(3) 
GLOBAL_UNCERTAINTY_ASSIGNED_CONTEXT((#65080)) 
GLOBAL_UNIT_ASSIGNED_CONTEXT((#65040,#65050,#65060)) 
REPRESENTATION_CONTEXT('',''));
#65080=UNCERTAINTY_MEASURE_WITH_UNIT(LENGTH_MEASURE(1.E-6),#65040,
'distance_accuracy_value','maximum gap value');
#65090=SHAPE_REPRESENTATION('',(#64580,#64900),#65070);
#65100=SHAPE_DEFINITION_REPRESENTATION(#65000,#65090);
#65110=(REPRESENTATION_RELATIONSHIP('','',#64760,#65090) 
REPRESENTATION_RELATIONSHIP_WITH_TRANSFORMATION(#64910) 
SHAPE_REPRESENTATION_RELATIONSHIP());
#65120=NEXT_ASSEMBLY_USAGE_OCCURRENCE('1','','6DS',#64990,#64660,'');
#65130=PRODUCT_DEFINITION_SHAPE('','',#65120);
#65140=CONTEXT_DEPENDENT_SHAPE_REPRESENTATION(#65110,#65130);
ENDSEC;
END-ISO-10303-21;
