ISO-10303-21;
HEADER;
FILE_DESCRIPTION(('OneSpaceDesigner STEP Export'),'2;1');
FILE_NAME('DF13-4S-1.25C.stp','2007-03-23T11:20:22',(''),(''),
'OneSpace Designer STEP processor (Jan. 2003) for AP214(CD)(Solid Model)
','OneSpace Designer 12.00  10-Sep-2003 (C) CoCreate Software GmbH','');
FILE_SCHEMA(('AUTOMOTIVE_DESIGN_CC2 {1 2 10303 214 -1 1 5 1}'));
ENDSEC;
DATA;
#10=CARTESIAN_POINT('',(3.018913,-5.59778542378857,3.05404568246191));
#20=DIRECTION('',(-1.,0.,0.));
#30=DIRECTION('',(0.,-1.,1.22460635382238E-16));
#40=AXIS2_PLACEMENT_3D('',#10,#20,#30);
#50=PLANE('',#40);
#60=CARTESIAN_POINT('',(3.018913,-5.88730099999999,2.7687341129642E-16))
;
#70=DIRECTION('',(0.,2.09798541386807E-15,-1.));
#80=VECTOR('',#70,1.);
#90=LINE('',#60,#80);
#100=CARTESIAN_POINT('',(3.018913,-5.887301,3.625));
#110=VERTEX_POINT('',#100);
#120=CARTESIAN_POINT('',(3.018913,-5.887301,1.425));
#130=VERTEX_POINT('',#120);
#140=EDGE_CURVE('',#110,#130,#90,.T.);
#150=ORIENTED_EDGE('',*,*,#140,.F.);
#160=CARTESIAN_POINT('',(3.018913,-5.887301,2.76873411296421E-16));
#170=DIRECTION('',(0.,-1.22460635382238E-16,-1.));
#180=VECTOR('',#170,1.);
#190=LINE('',#160,#180);
#200=CARTESIAN_POINT('',(3.018913,-5.887301,0.625));
#210=VERTEX_POINT('',#200);
#220=EDGE_CURVE('',#130,#210,#190,.T.);
#230=ORIENTED_EDGE('',*,*,#220,.F.);
#240=CARTESIAN_POINT('',(3.018913,7.65378971138986E-17,0.625));
#250=DIRECTION('',(0.,1.,-1.22460635382238E-16));
#260=VECTOR('',#250,1.);
#270=LINE('',#240,#260);
#280=CARTESIAN_POINT('',(3.018913,-4.387301,0.624999999999998));
#290=VERTEX_POINT('',#280);
#300=EDGE_CURVE('',#210,#290,#270,.T.);
#310=ORIENTED_EDGE('',*,*,#300,.F.);
#320=CARTESIAN_POINT('',(3.018913,-4.387301,9.31824582230644E-17));
#330=DIRECTION('',(0.,1.22460635382238E-16,1.));
#340=VECTOR('',#330,1.);
#350=LINE('',#320,#340);
#360=CARTESIAN_POINT('',(3.018913,-4.387301,4.225));
#370=VERTEX_POINT('',#360);
#380=EDGE_CURVE('',#290,#370,#350,.T.);
#390=ORIENTED_EDGE('',*,*,#380,.F.);
#400=CARTESIAN_POINT('',(3.018913,5.17396184489954E-16,4.225));
#410=DIRECTION('',(0.,-1.,1.22460635382238E-16));
#420=VECTOR('',#410,1.);
#430=LINE('',#400,#420);
#440=CARTESIAN_POINT('',(3.018913,-5.887301,4.225));
#450=VERTEX_POINT('',#440);
#460=EDGE_CURVE('',#370,#450,#430,.T.);
#470=ORIENTED_EDGE('',*,*,#460,.F.);
#480=CARTESIAN_POINT('',(3.018913,-5.887301,2.76873411296421E-16));
#490=DIRECTION('',(0.,-1.22460635382238E-16,-1.));
#500=VECTOR('',#490,1.);
#510=LINE('',#480,#500);
#520=EDGE_CURVE('',#450,#110,#510,.T.);
#530=ORIENTED_EDGE('',*,*,#520,.F.);
#540=EDGE_LOOP('',(#530,#470,#390,#310,#230,#150));
#550=FACE_OUTER_BOUND('',#540,.T.);
#560=ADVANCED_FACE('',(#550),#50,.T.);
#570=CARTESIAN_POINT('',(2.243913,-6.237301,2.425));
#580=DIRECTION('',(0.,-0.81923192051904,0.573462344363329));
#590=DIRECTION('',(0.,-0.573462344363329,-0.81923192051904));
#600=AXIS2_PLACEMENT_3D('',#570,#580,#590);
#610=PLANE('',#600);
#620=CARTESIAN_POINT('',(2.243913,-7.934801,5.27611562241553E-16));
#630=DIRECTION('',(0.,-0.573462344363329,-0.81923192051904));
#640=VECTOR('',#630,1.);
#650=LINE('',#620,#640);
#660=CARTESIAN_POINT('',(2.243913,-5.887301,2.925));
#670=VERTEX_POINT('',#660);
#680=CARTESIAN_POINT('',(2.243913,-6.237301,2.425));
#690=VERTEX_POINT('',#680);
#700=EDGE_CURVE('',#670,#690,#650,.T.);
#710=ORIENTED_EDGE('',*,*,#700,.F.);
#720=CARTESIAN_POINT('',(-12.462174,-6.237301,2.425));
#730=DIRECTION('',(1.,0.,0.));
#740=VECTOR('',#730,1.);
#750=LINE('',#720,#740);
#760=CARTESIAN_POINT('',(2.793913,-6.237301,2.425));
#770=VERTEX_POINT('',#760);
#780=EDGE_CURVE('',#690,#770,#750,.T.);
#790=ORIENTED_EDGE('',*,*,#780,.F.);
#800=CARTESIAN_POINT('',(2.793913,-7.934801,5.27611562241553E-16));
#810=DIRECTION('',(0.,0.573462344363329,0.81923192051904));
#820=VECTOR('',#810,1.);
#830=LINE('',#800,#820);
#840=CARTESIAN_POINT('',(2.793913,-5.887301,2.925));
#850=VERTEX_POINT('',#840);
#860=EDGE_CURVE('',#770,#850,#830,.T.);
#870=ORIENTED_EDGE('',*,*,#860,.F.);
#880=CARTESIAN_POINT('',(-12.462174,-5.887301,2.925));
#890=DIRECTION('',(-1.,0.,0.));
#900=VECTOR('',#890,1.);
#910=LINE('',#880,#900);
#920=EDGE_CURVE('',#850,#670,#910,.T.);
#930=ORIENTED_EDGE('',*,*,#920,.F.);
#940=EDGE_LOOP('',(#930,#870,#790,#710));
#950=FACE_OUTER_BOUND('',#940,.T.);
#960=ADVANCED_FACE('',(#950),#610,.F.);
#970=CARTESIAN_POINT('',(1.7689106,-6.287301,3.625));
#980=DIRECTION('',(0.,1.22460635382238E-16,1.));
#990=DIRECTION('',(0.,1.,-1.22460635382238E-16));
#1000=AXIS2_PLACEMENT_3D('',#970,#980,#990);
#1010=PLANE('',#1000);
#1020=CARTESIAN_POINT('',(-12.462174,-6.287301,3.625));
#1030=DIRECTION('',(-1.,0.,0.));
#1040=VECTOR('',#1030,1.);
#1050=LINE('',#1020,#1040);
#1060=CARTESIAN_POINT('',(2.293913,-6.287301,3.625));
#1070=VERTEX_POINT('',#1060);
#1080=CARTESIAN_POINT('',(1.493913,-6.287301,3.625));
#1090=VERTEX_POINT('',#1080);
#1100=EDGE_CURVE('',#1070,#1090,#1050,.T.);
#1110=ORIENTED_EDGE('',*,*,#1100,.T.);
#1120=CARTESIAN_POINT('',(2.293913,4.43919803260612E-16,3.625));
#1130=DIRECTION('',(0.,1.,-1.22460635382238E-16));
#1140=VECTOR('',#1130,1.);
#1150=LINE('',#1120,#1140);
#1160=CARTESIAN_POINT('',(2.293913,-5.887301,3.625));
#1170=VERTEX_POINT('',#1160);
#1180=EDGE_CURVE('',#1070,#1170,#1150,.T.);
#1190=ORIENTED_EDGE('',*,*,#1180,.F.);
#1200=CARTESIAN_POINT('',(-12.462174,-5.887301,3.625));
#1210=DIRECTION('',(-1.,0.,0.));
#1220=VECTOR('',#1210,1.);
#1230=LINE('',#1200,#1220);
#1240=CARTESIAN_POINT('',(2.018913,-5.887301,3.625));
#1250=VERTEX_POINT('',#1240);
#1260=EDGE_CURVE('',#1170,#1250,#1230,.T.);
#1270=ORIENTED_EDGE('',*,*,#1260,.F.);
#1280=CARTESIAN_POINT('',(-12.462174,-5.887301,3.625));
#1290=DIRECTION('',(1.,0.,0.));
#1300=VECTOR('',#1290,1.);
#1310=LINE('',#1280,#1300);
#1320=CARTESIAN_POINT('',(1.768913,-5.887301,3.625));
#1330=VERTEX_POINT('',#1320);
#1340=EDGE_CURVE('',#1330,#1250,#1310,.T.);
#1350=ORIENTED_EDGE('',*,*,#1340,.T.);
#1360=CARTESIAN_POINT('',(-12.462174,-5.887301,3.625));
#1370=DIRECTION('',(1.,0.,0.));
#1380=VECTOR('',#1370,1.);
#1390=LINE('',#1360,#1380);
#1400=CARTESIAN_POINT('',(1.493913,-5.887301,3.625));
#1410=VERTEX_POINT('',#1400);
#1420=EDGE_CURVE('',#1410,#1330,#1390,.T.);
#1430=ORIENTED_EDGE('',*,*,#1420,.T.);
#1440=CARTESIAN_POINT('',(1.493913,4.43919803260612E-16,3.625));
#1450=DIRECTION('',(0.,1.,-1.22460635382238E-16));
#1460=VECTOR('',#1450,1.);
#1470=LINE('',#1440,#1460);
#1480=EDGE_CURVE('',#1090,#1410,#1470,.T.);
#1490=ORIENTED_EDGE('',*,*,#1480,.T.);
#1500=EDGE_LOOP('',(#1490,#1430,#1350,#1270,#1190,#1110));
#1510=FACE_OUTER_BOUND('',#1500,.T.);
#1520=ADVANCED_FACE('',(#1510),#1010,.F.);
#1530=CARTESIAN_POINT('',(2.518913,-5.887301,4.225));
#1540=DIRECTION('',(0.,-1.,1.22460635382238E-16));
#1550=DIRECTION('',(0.,-1.22460635382238E-16,-1.));
#1560=AXIS2_PLACEMENT_3D('',#1530,#1540,#1550);
#1570=PLANE('',#1560);
#1580=CARTESIAN_POINT('',(2.968913,-5.887301,2.76873411296421E-16));
#1590=DIRECTION('',(0.,1.22460635382238E-16,1.));
#1600=VECTOR('',#1590,1.);
#1610=LINE('',#1580,#1600);
#1620=CARTESIAN_POINT('',(2.968913,-5.887301,1.425));
#1630=VERTEX_POINT('',#1620);
#1640=CARTESIAN_POINT('',(2.968913,-5.887301,1.825));
#1650=VERTEX_POINT('',#1640);
#1660=EDGE_CURVE('',#1630,#1650,#1610,.T.);
#1670=ORIENTED_EDGE('',*,*,#1660,.F.);
#1680=CARTESIAN_POINT('',(3.02594425,-5.887301,2.76873411296421E-16));
#1690=DIRECTION('',(0.0312347523777212,-1.22400883909843E-16,
-0.999512076087079));
#1700=VECTOR('',#1690,1.);
#1710=LINE('',#1680,#1700);
#1720=CARTESIAN_POINT('',(2.918913,-5.887301,3.425));
#1730=VERTEX_POINT('',#1720);
#1740=EDGE_CURVE('',#1730,#1650,#1710,.T.);
#1750=ORIENTED_EDGE('',*,*,#1740,.T.);
#1760=CARTESIAN_POINT('',(-12.462174,-5.887301,3.425));
#1770=DIRECTION('',(1.,0.,0.));
#1780=VECTOR('',#1770,1.);
#1790=LINE('',#1760,#1780);
#1800=CARTESIAN_POINT('',(2.118913,-5.887301,3.425));
#1810=VERTEX_POINT('',#1800);
#1820=EDGE_CURVE('',#1810,#1730,#1790,.T.);
#1830=ORIENTED_EDGE('',*,*,#1820,.T.);
#1840=CARTESIAN_POINT('',(2.01188175,-5.887301,2.76873411296421E-16));
#1850=DIRECTION('',(0.0312347523777212,1.22400883909843E-16,
0.999512076087079));
#1860=VECTOR('',#1850,1.);
#1870=LINE('',#1840,#1860);
#1880=CARTESIAN_POINT('',(2.068913,-5.887301,1.825));
#1890=VERTEX_POINT('',#1880);
#1900=EDGE_CURVE('',#1890,#1810,#1870,.T.);
#1910=ORIENTED_EDGE('',*,*,#1900,.T.);
#1920=CARTESIAN_POINT('',(-12.462174,-5.887301,1.825));
#1930=DIRECTION('',(1.,0.,0.));
#1940=VECTOR('',#1930,1.);
#1950=LINE('',#1920,#1940);
#1960=CARTESIAN_POINT('',(2.018913,-5.887301,1.825));
#1970=VERTEX_POINT('',#1960);
#1980=EDGE_CURVE('',#1970,#1890,#1950,.T.);
#1990=ORIENTED_EDGE('',*,*,#1980,.T.);
#2000=CARTESIAN_POINT('',(2.018913,-5.887301,2.76873411296421E-16));
#2010=DIRECTION('',(0.,-1.22460635382238E-16,-1.));
#2020=VECTOR('',#2010,1.);
#2030=LINE('',#2000,#2020);
#2040=CARTESIAN_POINT('',(2.018913,-5.887301,0.625));
#2050=VERTEX_POINT('',#2040);
#2060=EDGE_CURVE('',#1970,#2050,#2030,.T.);
#2070=ORIENTED_EDGE('',*,*,#2060,.F.);
#2080=CARTESIAN_POINT('',(1.543913,-5.887301,0.625));
#2090=DIRECTION('',(1.,0.,0.));
#2100=VECTOR('',#2090,1.);
#2110=LINE('',#2080,#2100);
#2120=CARTESIAN_POINT('',(2.243913,-5.887301,0.625));
#2130=VERTEX_POINT('',#2120);
#2140=EDGE_CURVE('',#2050,#2130,#2110,.T.);
#2150=ORIENTED_EDGE('',*,*,#2140,.F.);
#2160=CARTESIAN_POINT('',(2.243913,-5.887301,2.76873411296421E-16));
#2170=DIRECTION('',(0.,1.22460635382238E-16,1.));
#2180=VECTOR('',#2170,1.);
#2190=LINE('',#2160,#2180);
#2200=EDGE_CURVE('',#2130,#670,#2190,.T.);
#2210=ORIENTED_EDGE('',*,*,#2200,.F.);
#2220=ORIENTED_EDGE('',*,*,#920,.T.);
#2230=CARTESIAN_POINT('',(2.793913,-5.887301,0.625));
#2240=DIRECTION('',(0.,1.22460635382238E-16,1.));
#2250=VECTOR('',#2240,1.);
#2260=LINE('',#2230,#2250);
#2270=CARTESIAN_POINT('',(2.793913,-5.887301,0.625));
#2280=VERTEX_POINT('',#2270);
#2290=EDGE_CURVE('',#2280,#850,#2260,.T.);
#2300=ORIENTED_EDGE('',*,*,#2290,.T.);
#2310=CARTESIAN_POINT('',(2.793913,-5.887301,0.625));
#2320=DIRECTION('',(1.,0.,0.));
#2330=VECTOR('',#2320,1.);
#2340=LINE('',#2310,#2330);
#2350=EDGE_CURVE('',#2280,#210,#2340,.T.);
#2360=ORIENTED_EDGE('',*,*,#2350,.F.);
#2370=ORIENTED_EDGE('',*,*,#220,.T.);
#2380=CARTESIAN_POINT('',(-12.462174,-5.887301,1.425));
#2390=DIRECTION('',(1.,0.,0.));
#2400=VECTOR('',#2390,1.);
#2410=LINE('',#2380,#2400);
#2420=EDGE_CURVE('',#1630,#130,#2410,.T.);
#2430=ORIENTED_EDGE('',*,*,#2420,.T.);
#2440=EDGE_LOOP('',(#2430,#2370,#2360,#2300,#2220,#2210,#2150,#2070,
#1990,#1910,#1830,#1750,#1670));
#2450=FACE_OUTER_BOUND('',#2440,.T.);
#2460=ADVANCED_FACE('',(#2450),#1570,.F.);
#2470=CARTESIAN_POINT('',(0.993912999999999,-6.237301,0.625));
#2480=DIRECTION('',(0.,1.,-1.22460635382238E-16));
#2490=DIRECTION('',(1.,0.,0.));
#2500=AXIS2_PLACEMENT_3D('',#2470,#2480,#2490);
#2510=PLANE('',#2500);
#2520=CARTESIAN_POINT('',(1.543913,-6.237301,3.19734633680204E-16));
#2530=DIRECTION('',(0.,-1.22460635382238E-16,-1.));
#2540=VECTOR('',#2530,1.);
#2550=LINE('',#2520,#2540);
#2560=CARTESIAN_POINT('',(1.543913,-6.237301,2.425));
#2570=VERTEX_POINT('',#2560);
#2580=CARTESIAN_POINT('',(1.543913,-6.237301,0.625));
#2590=VERTEX_POINT('',#2580);
#2600=EDGE_CURVE('',#2570,#2590,#2550,.T.);
#2610=ORIENTED_EDGE('',*,*,#2600,.T.);
#2620=CARTESIAN_POINT('',(-12.462174,-6.237301,2.425));
#2630=DIRECTION('',(1.,0.,0.));
#2640=VECTOR('',#2630,1.);
#2650=LINE('',#2620,#2640);
#2660=CARTESIAN_POINT('',(0.993912999999999,-6.237301,2.425));
#2670=VERTEX_POINT('',#2660);
#2680=EDGE_CURVE('',#2670,#2570,#2650,.T.);
#2690=ORIENTED_EDGE('',*,*,#2680,.T.);
#2700=CARTESIAN_POINT('',(0.993912999999999,-6.237301,
3.19734633680204E-16));
#2710=DIRECTION('',(0.,-1.22460635382238E-16,-1.));
#2720=VECTOR('',#2710,1.);
#2730=LINE('',#2700,#2720);
#2740=CARTESIAN_POINT('',(0.993912999999999,-6.237301,0.625));
#2750=VERTEX_POINT('',#2740);
#2760=EDGE_CURVE('',#2670,#2750,#2730,.T.);
#2770=ORIENTED_EDGE('',*,*,#2760,.F.);
#2780=CARTESIAN_POINT('',(-12.462174,-6.237301,0.625));
#2790=DIRECTION('',(-1.,0.,0.));
#2800=VECTOR('',#2790,1.);
#2810=LINE('',#2780,#2800);
#2820=EDGE_CURVE('',#2590,#2750,#2810,.T.);
#2830=ORIENTED_EDGE('',*,*,#2820,.T.);
#2840=EDGE_LOOP('',(#2830,#2770,#2690,#2610));
#2850=FACE_OUTER_BOUND('',#2840,.T.);
#2860=ADVANCED_FACE('',(#2850),#2510,.T.);
#2870=CARTESIAN_POINT('',(2.718913,-4.967301,4.625));
#2880=DIRECTION('',(1.,0.,0.));
#2890=DIRECTION('',(0.,-1.,1.22460635382238E-16));
#2900=AXIS2_PLACEMENT_3D('',#2870,#2880,#2890);
#2910=PLANE('',#2900);
#2920=CARTESIAN_POINT('',(2.718913,5.66380438642849E-16,4.625));
#2930=DIRECTION('',(0.,-1.,1.22460635382238E-16));
#2940=VECTOR('',#2930,1.);
#2950=LINE('',#2920,#2940);
#2960=CARTESIAN_POINT('',(2.718913,-4.567301,4.625));
#2970=VERTEX_POINT('',#2960);
#2980=CARTESIAN_POINT('',(2.718913,-4.967301,4.625));
#2990=VERTEX_POINT('',#2980);
#3000=EDGE_CURVE('',#2970,#2990,#2950,.T.);
#3010=ORIENTED_EDGE('',*,*,#3000,.F.);
#3020=CARTESIAN_POINT('',(2.718913,-4.967301,1.64209626744762E-16));
#3030=DIRECTION('',(0.,-1.22460635382238E-16,-1.));
#3040=VECTOR('',#3030,1.);
#3050=LINE('',#3020,#3040);
#3060=CARTESIAN_POINT('',(2.718913,-4.967301,4.225));
#3070=VERTEX_POINT('',#3060);
#3080=EDGE_CURVE('',#2990,#3070,#3050,.T.);
#3090=ORIENTED_EDGE('',*,*,#3080,.F.);
#3100=CARTESIAN_POINT('',(2.718913,5.17396184489954E-16,4.225));
#3110=DIRECTION('',(0.,1.,-1.22460635382238E-16));
#3120=VECTOR('',#3110,1.);
#3130=LINE('',#3100,#3120);
#3140=CARTESIAN_POINT('',(2.718913,-4.567301,4.225));
#3150=VERTEX_POINT('',#3140);
#3160=EDGE_CURVE('',#3070,#3150,#3130,.T.);
#3170=ORIENTED_EDGE('',*,*,#3160,.F.);
#3180=CARTESIAN_POINT('',(2.718913,-4.567301,1.15225372591867E-16));
#3190=DIRECTION('',(0.,1.22460635382238E-16,1.));
#3200=VECTOR('',#3190,1.);
#3210=LINE('',#3180,#3200);
#3220=EDGE_CURVE('',#3150,#2970,#3210,.T.);
#3230=ORIENTED_EDGE('',*,*,#3220,.F.);
#3240=EDGE_LOOP('',(#3230,#3170,#3090,#3010));
#3250=FACE_OUTER_BOUND('',#3240,.T.);
#3260=ADVANCED_FACE('',(#3250),#2910,.F.);
#3270=CARTESIAN_POINT('',(0.0189130000000031,-3.537301,1.425));
#3280=DIRECTION('',(0.,1.,-2.44921270764475E-16));
#3290=DIRECTION('',(0.,2.44921270764475E-16,1.));
#3300=AXIS2_PLACEMENT_3D('',#3270,#3280,#3290);
#3310=PLANE('',#3300);
#3320=CARTESIAN_POINT('',(-2.681087,-3.537301,0.));
#3330=DIRECTION('',(0.,1.22460635382238E-16,1.));
#3340=VECTOR('',#3330,1.);
#3350=LINE('',#3320,#3340);
#3360=CARTESIAN_POINT('',(-2.681087,-3.537301,0.625));
#3370=VERTEX_POINT('',#3360);
#3380=CARTESIAN_POINT('',(-2.681087,-3.537301,1.425));
#3390=VERTEX_POINT('',#3380);
#3400=EDGE_CURVE('',#3370,#3390,#3350,.T.);
#3410=ORIENTED_EDGE('',*,*,#3400,.T.);
#3420=CARTESIAN_POINT('',(1.287826,-3.537301,0.625));
#3430=DIRECTION('',(1.,0.,0.));
#3440=VECTOR('',#3430,1.);
#3450=LINE('',#3420,#3440);
#3460=CARTESIAN_POINT('',(3.968913,-3.537301,0.625));
#3470=VERTEX_POINT('',#3460);
#3480=EDGE_CURVE('',#3370,#3470,#3450,.T.);
#3490=ORIENTED_EDGE('',*,*,#3480,.F.);
#3500=CARTESIAN_POINT('',(3.968913,-3.537301,-1.09090818518377E-17));
#3510=DIRECTION('',(0.,2.44921270764475E-16,1.));
#3520=VECTOR('',#3510,1.);
#3530=LINE('',#3500,#3520);
#3540=CARTESIAN_POINT('',(3.968913,-3.537301,1.425));
#3550=VERTEX_POINT('',#3540);
#3560=EDGE_CURVE('',#3470,#3550,#3530,.T.);
#3570=ORIENTED_EDGE('',*,*,#3560,.F.);
#3580=CARTESIAN_POINT('',(1.287826,-3.537301,1.425));
#3590=DIRECTION('',(-1.,0.,0.));
#3600=VECTOR('',#3590,1.);
#3610=LINE('',#3580,#3600);
#3620=EDGE_CURVE('',#3550,#3390,#3610,.T.);
#3630=ORIENTED_EDGE('',*,*,#3620,.F.);
#3640=EDGE_LOOP('',(#3630,#3570,#3490,#3410));
#3650=FACE_OUTER_BOUND('',#3640,.T.);
#3660=ADVANCED_FACE('',(#3650),#3310,.T.);
#3670=CARTESIAN_POINT('',(3.418913,4.43919803260612E-16,3.625));
#3680=DIRECTION('',(0.,1.,-1.22460635382238E-16));
#3690=VECTOR('',#3680,1.);
#3700=LINE('',#3670,#3690);
#3710=CARTESIAN_POINT('',(3.418913,-6.287301,3.625));
#3720=VERTEX_POINT('',#3710);
#3730=CARTESIAN_POINT('',(3.418913,-5.887301,3.625));
#3740=VERTEX_POINT('',#3730);
#3750=EDGE_CURVE('',#3720,#3740,#3700,.T.);
#3760=ORIENTED_EDGE('',*,*,#3750,.F.);
#3770=CARTESIAN_POINT('',(-12.462174,-5.887301,3.625));
#3780=DIRECTION('',(-1.,0.,0.));
#3790=VECTOR('',#3780,1.);
#3800=LINE('',#3770,#3790);
#3810=EDGE_CURVE('',#3740,#110,#3800,.T.);
#3820=ORIENTED_EDGE('',*,*,#3810,.F.);
#3830=CARTESIAN_POINT('',(-12.462174,-5.887301,3.625));
#3840=DIRECTION('',(-1.,0.,0.));
#3850=VECTOR('',#3840,1.);
#3860=LINE('',#3830,#3850);
#3870=CARTESIAN_POINT('',(2.743913,-5.887301,3.625));
#3880=VERTEX_POINT('',#3870);
#3890=EDGE_CURVE('',#110,#3880,#3860,.T.);
#3900=ORIENTED_EDGE('',*,*,#3890,.F.);
#3910=CARTESIAN_POINT('',(2.743913,4.43919803260612E-16,3.625));
#3920=DIRECTION('',(0.,1.,-1.22460635382238E-16));
#3930=VECTOR('',#3920,1.);
#3940=LINE('',#3910,#3930);
#3950=CARTESIAN_POINT('',(2.743913,-6.287301,3.625));
#3960=VERTEX_POINT('',#3950);
#3970=EDGE_CURVE('',#3960,#3880,#3940,.T.);
#3980=ORIENTED_EDGE('',*,*,#3970,.T.);
#3990=CARTESIAN_POINT('',(-12.462174,-6.287301,3.625));
#4000=DIRECTION('',(-1.,0.,0.));
#4010=VECTOR('',#4000,1.);
#4020=LINE('',#3990,#4010);
#4030=EDGE_CURVE('',#3720,#3960,#4020,.T.);
#4040=ORIENTED_EDGE('',*,*,#4030,.T.);
#4050=EDGE_LOOP('',(#4040,#3980,#3900,#3820,#3760));
#4060=FACE_OUTER_BOUND('',#4050,.T.);
#4070=ADVANCED_FACE('',(#4060),#1010,.F.);
#4080=CARTESIAN_POINT('',(3.418913,-5.537301,1.425));
#4090=DIRECTION('',(0.,-1.,1.79395149465579E-16));
#4100=DIRECTION('',(0.,1.79395149465579E-16,1.));
#4110=AXIS2_PLACEMENT_3D('',#4080,#4090,#4100);
#4120=PLANE('',#4110);
#4130=CARTESIAN_POINT('',(3.418913,-5.537301,2.34012188912638E-16));
#4140=DIRECTION('',(0.,1.79395149465579E-16,1.));
#4150=VECTOR('',#4140,1.);
#4160=LINE('',#4130,#4150);
#4170=CARTESIAN_POINT('',(3.418913,-5.537301,1.425));
#4180=VERTEX_POINT('',#4170);
#4190=CARTESIAN_POINT('',(3.418913,-5.537301,2.625));
#4200=VERTEX_POINT('',#4190);
#4210=EDGE_CURVE('',#4180,#4200,#4160,.T.);
#4220=ORIENTED_EDGE('',*,*,#4210,.F.);
#4230=CARTESIAN_POINT('',(3.968913,-5.537301,2.625));
#4240=DIRECTION('',(-1.,0.,0.));
#4250=VECTOR('',#4240,1.);
#4260=LINE('',#4230,#4250);
#4270=CARTESIAN_POINT('',(3.968913,-5.537301,2.625));
#4280=VERTEX_POINT('',#4270);
#4290=EDGE_CURVE('',#4280,#4200,#4260,.T.);
#4300=ORIENTED_EDGE('',*,*,#4290,.T.);
#4310=CARTESIAN_POINT('',(3.968913,-5.537301,2.34012188912638E-16));
#4320=DIRECTION('',(0.,-1.79395149465579E-16,-1.));
#4330=VECTOR('',#4320,1.);
#4340=LINE('',#4310,#4330);
#4350=CARTESIAN_POINT('',(3.968913,-5.537301,1.425));
#4360=VERTEX_POINT('',#4350);
#4370=EDGE_CURVE('',#4280,#4360,#4340,.T.);
#4380=ORIENTED_EDGE('',*,*,#4370,.F.);
#4390=CARTESIAN_POINT('',(-12.462174,-5.537301,1.425));
#4400=DIRECTION('',(1.,0.,0.));
#4410=VECTOR('',#4400,1.);
#4420=LINE('',#4390,#4410);
#4430=EDGE_CURVE('',#4180,#4360,#4420,.T.);
#4440=ORIENTED_EDGE('',*,*,#4430,.T.);
#4450=EDGE_LOOP('',(#4440,#4380,#4300,#4220));
#4460=FACE_OUTER_BOUND('',#4450,.T.);
#4470=ADVANCED_FACE('',(#4460),#4120,.T.);
#4480=CARTESIAN_POINT('',(1.268913,-6.287301,3.39642857142857));
#4490=DIRECTION('',(0.,0.0712470499879097,-0.997458699830735));
#4500=DIRECTION('',(0.,-0.997458699830735,-0.0712470499879097));
#4510=AXIS2_PLACEMENT_3D('',#4480,#4490,#4500);
#4520=PLANE('',#4510);
#4530=CARTESIAN_POINT('',(1.655771703125,4.70925006266056E-16,3.8455215)
);
#4540=DIRECTION('',(0.00222646479364673,-0.99745622755373,
-0.071246873396695));
#4550=VECTOR('',#4540,1.);
#4560=LINE('',#4530,#4550);
#4570=CARTESIAN_POINT('',(1.668913,-5.887301,3.425));
#4580=VERTEX_POINT('',#4570);
#4590=CARTESIAN_POINT('',(1.6704755,-6.587301,3.375));
#4600=VERTEX_POINT('',#4590);
#4610=EDGE_CURVE('',#4580,#4600,#4560,.T.);
#4620=ORIENTED_EDGE('',*,*,#4610,.F.);
#4630=CARTESIAN_POINT('',(-12.462174,-6.587301,3.375));
#4640=DIRECTION('',(-1.,0.,0.));
#4650=VECTOR('',#4640,1.);
#4660=LINE('',#4630,#4650);
#4670=CARTESIAN_POINT('',(0.867350499999999,-6.587301,3.375));
#4680=VERTEX_POINT('',#4670);
#4690=EDGE_CURVE('',#4600,#4680,#4660,.T.);
#4700=ORIENTED_EDGE('',*,*,#4690,.F.);
#4710=CARTESIAN_POINT('',(0.882054296874998,4.70925006266056E-16,
3.8455215));
#4720=DIRECTION('',(0.00222646479364673,0.99745622755373,
0.071246873396695));
#4730=VECTOR('',#4720,1.);
#4740=LINE('',#4710,#4730);
#4750=CARTESIAN_POINT('',(0.868912999999997,-5.887301,3.425));
#4760=VERTEX_POINT('',#4750);
#4770=EDGE_CURVE('',#4680,#4760,#4740,.T.);
#4780=ORIENTED_EDGE('',*,*,#4770,.F.);
#4790=CARTESIAN_POINT('',(-12.462174,-5.887301,3.425));
#4800=DIRECTION('',(1.,0.,0.));
#4810=VECTOR('',#4800,1.);
#4820=LINE('',#4790,#4810);
#4830=EDGE_CURVE('',#4760,#4580,#4820,.T.);
#4840=ORIENTED_EDGE('',*,*,#4830,.F.);
#4850=EDGE_LOOP('',(#4840,#4780,#4700,#4620));
#4860=FACE_OUTER_BOUND('',#4850,.T.);
#4870=ADVANCED_FACE('',(#4860),#4520,.F.);
#4880=CARTESIAN_POINT('',(-14.9377310791548,-4.19797343888068,4.625));
#4890=DIRECTION('',(0.,0.,1.));
#4900=DIRECTION('',(1.,0.,0.));
#4910=AXIS2_PLACEMENT_3D('',#4880,#4890,#4900);
#4920=PLANE('',#4910);
#4930=CARTESIAN_POINT('',(-2.131087,-3.987301,4.625));
#4940=DIRECTION('',(0.,-1.,6.10692167566667E-16));
#4950=VECTOR('',#4940,1.);
#4960=LINE('',#4930,#4950);
#4970=CARTESIAN_POINT('',(-2.131087,-3.987301,4.625));
#4980=VERTEX_POINT('',#4970);
#4990=CARTESIAN_POINT('',(-2.131087,-6.287301,4.625));
#5000=VERTEX_POINT('',#4990);
#5010=EDGE_CURVE('',#4980,#5000,#4960,.T.);
#5020=ORIENTED_EDGE('',*,*,#5010,.T.);
#5030=CARTESIAN_POINT('',(-6.212174,-3.987301,4.625));
#5040=DIRECTION('',(-1.,0.,0.));
#5050=VECTOR('',#5040,1.);
#5060=LINE('',#5030,#5050);
#5070=CARTESIAN_POINT('',(3.418913,-3.987301,4.625));
#5080=VERTEX_POINT('',#5070);
#5090=EDGE_CURVE('',#5080,#4980,#5060,.T.);
#5100=ORIENTED_EDGE('',*,*,#5090,.T.);
#5110=CARTESIAN_POINT('',(3.418913,-3.987301,4.625));
#5120=DIRECTION('',(0.,-1.,7.33152802948905E-16));
#5130=VECTOR('',#5120,1.);
#5140=LINE('',#5110,#5130);
#5150=CARTESIAN_POINT('',(3.418913,-6.287301,4.625));
#5160=VERTEX_POINT('',#5150);
#5170=EDGE_CURVE('',#5080,#5160,#5140,.T.);
#5180=ORIENTED_EDGE('',*,*,#5170,.F.);
#5190=CARTESIAN_POINT('',(-9.962174,-6.287301,4.625));
#5200=DIRECTION('',(-1.,0.,0.));
#5210=VECTOR('',#5200,1.);
#5220=LINE('',#5190,#5210);
#5230=EDGE_CURVE('',#5160,#5000,#5220,.T.);
#5240=ORIENTED_EDGE('',*,*,#5230,.F.);
#5250=EDGE_LOOP('',(#5240,#5180,#5100,#5020));
#5260=FACE_OUTER_BOUND('',#5250,.T.);
#5270=CARTESIAN_POINT('',(-12.462174,-4.967301,4.625));
#5280=DIRECTION('',(-1.,0.,0.));
#5290=VECTOR('',#5280,1.);
#5300=LINE('',#5270,#5290);
#5310=CARTESIAN_POINT('',(2.318913,-4.967301,4.625));
#5320=VERTEX_POINT('',#5310);
#5330=EDGE_CURVE('',#2990,#5320,#5300,.T.);
#5340=ORIENTED_EDGE('',*,*,#5330,.T.);
#5350=ORIENTED_EDGE('',*,*,#3000,.T.);
#5360=CARTESIAN_POINT('',(-12.462174,-4.567301,4.625));
#5370=DIRECTION('',(-1.,0.,0.));
#5380=VECTOR('',#5370,1.);
#5390=LINE('',#5360,#5380);
#5400=CARTESIAN_POINT('',(2.318913,-4.567301,4.625));
#5410=VERTEX_POINT('',#5400);
#5420=EDGE_CURVE('',#2970,#5410,#5390,.T.);
#5430=ORIENTED_EDGE('',*,*,#5420,.F.);
#5440=CARTESIAN_POINT('',(2.318913,5.66380438642849E-16,4.625));
#5450=DIRECTION('',(0.,-1.,1.22460635382238E-16));
#5460=VECTOR('',#5450,1.);
#5470=LINE('',#5440,#5460);
#5480=EDGE_CURVE('',#5410,#5320,#5470,.T.);
#5490=ORIENTED_EDGE('',*,*,#5480,.F.);
#5500=EDGE_LOOP('',(#5490,#5430,#5350,#5340));
#5510=FACE_BOUND('',#5500,.T.);
#5520=CARTESIAN_POINT('',(1.068913,5.66380438642849E-16,4.625));
#5530=DIRECTION('',(0.,1.,-1.22460635382238E-16));
#5540=VECTOR('',#5530,1.);
#5550=LINE('',#5520,#5540);
#5560=CARTESIAN_POINT('',(1.068913,-4.967301,4.625));
#5570=VERTEX_POINT('',#5560);
#5580=CARTESIAN_POINT('',(1.068913,-4.567301,4.625));
#5590=VERTEX_POINT('',#5580);
#5600=EDGE_CURVE('',#5570,#5590,#5550,.T.);
#5610=ORIENTED_EDGE('',*,*,#5600,.T.);
#5620=CARTESIAN_POINT('',(-12.462174,-4.967301,4.625));
#5630=DIRECTION('',(-1.,0.,0.));
#5640=VECTOR('',#5630,1.);
#5650=LINE('',#5620,#5640);
#5660=CARTESIAN_POINT('',(1.468913,-4.967301,4.625));
#5670=VERTEX_POINT('',#5660);
#5680=EDGE_CURVE('',#5670,#5570,#5650,.T.);
#5690=ORIENTED_EDGE('',*,*,#5680,.T.);
#5700=CARTESIAN_POINT('',(1.468913,5.66380438642849E-16,4.625));
#5710=DIRECTION('',(0.,1.,-1.22460635382238E-16));
#5720=VECTOR('',#5710,1.);
#5730=LINE('',#5700,#5720);
#5740=CARTESIAN_POINT('',(1.468913,-4.567301,4.625));
#5750=VERTEX_POINT('',#5740);
#5760=EDGE_CURVE('',#5670,#5750,#5730,.T.);
#5770=ORIENTED_EDGE('',*,*,#5760,.F.);
#5780=CARTESIAN_POINT('',(-12.462174,-4.567301,4.625));
#5790=DIRECTION('',(-1.,0.,0.));
#5800=VECTOR('',#5790,1.);
#5810=LINE('',#5780,#5800);
#5820=EDGE_CURVE('',#5750,#5590,#5810,.T.);
#5830=ORIENTED_EDGE('',*,*,#5820,.F.);
#5840=EDGE_LOOP('',(#5830,#5770,#5690,#5610));
#5850=FACE_BOUND('',#5840,.T.);
#5860=CARTESIAN_POINT('',(-1.031087,0.,4.625));
#5870=DIRECTION('',(0.,-1.,0.));
#5880=VECTOR('',#5870,1.);
#5890=LINE('',#5860,#5880);
#5900=CARTESIAN_POINT('',(-1.031087,-4.567301,4.625));
#5910=VERTEX_POINT('',#5900);
#5920=CARTESIAN_POINT('',(-1.031087,-4.967301,4.625));
#5930=VERTEX_POINT('',#5920);
#5940=EDGE_CURVE('',#5910,#5930,#5890,.T.);
#5950=ORIENTED_EDGE('',*,*,#5940,.T.);
#5960=CARTESIAN_POINT('',(13.75,-4.567301,4.625));
#5970=DIRECTION('',(1.,0.,0.));
#5980=VECTOR('',#5970,1.);
#5990=LINE('',#5960,#5980);
#6000=CARTESIAN_POINT('',(-1.431087,-4.567301,4.625));
#6010=VERTEX_POINT('',#6000);
#6020=EDGE_CURVE('',#6010,#5910,#5990,.T.);
#6030=ORIENTED_EDGE('',*,*,#6020,.T.);
#6040=CARTESIAN_POINT('',(-1.431087,0.,4.625));
#6050=DIRECTION('',(0.,-1.,0.));
#6060=VECTOR('',#6050,1.);
#6070=LINE('',#6040,#6060);
#6080=CARTESIAN_POINT('',(-1.431087,-4.967301,4.625));
#6090=VERTEX_POINT('',#6080);
#6100=EDGE_CURVE('',#6010,#6090,#6070,.T.);
#6110=ORIENTED_EDGE('',*,*,#6100,.F.);
#6120=CARTESIAN_POINT('',(13.75,-4.967301,4.625));
#6130=DIRECTION('',(1.,0.,0.));
#6140=VECTOR('',#6130,1.);
#6150=LINE('',#6120,#6140);
#6160=EDGE_CURVE('',#6090,#5930,#6150,.T.);
#6170=ORIENTED_EDGE('',*,*,#6160,.F.);
#6180=EDGE_LOOP('',(#6170,#6110,#6030,#5950));
#6190=FACE_BOUND('',#6180,.T.);
#6200=CARTESIAN_POINT('',(13.75,-4.567301,4.625));
#6210=DIRECTION('',(1.,0.,0.));
#6220=VECTOR('',#6210,1.);
#6230=LINE('',#6200,#6220);
#6240=CARTESIAN_POINT('',(-0.181087,-4.567301,4.625));
#6250=VERTEX_POINT('',#6240);
#6260=CARTESIAN_POINT('',(0.218913000000001,-4.567301,4.625));
#6270=VERTEX_POINT('',#6260);
#6280=EDGE_CURVE('',#6250,#6270,#6230,.T.);
#6290=ORIENTED_EDGE('',*,*,#6280,.T.);
#6300=CARTESIAN_POINT('',(-0.181087,0.,4.625));
#6310=DIRECTION('',(0.,1.,0.));
#6320=VECTOR('',#6310,1.);
#6330=LINE('',#6300,#6320);
#6340=CARTESIAN_POINT('',(-0.181087,-4.967301,4.625));
#6350=VERTEX_POINT('',#6340);
#6360=EDGE_CURVE('',#6350,#6250,#6330,.T.);
#6370=ORIENTED_EDGE('',*,*,#6360,.T.);
#6380=CARTESIAN_POINT('',(13.75,-4.967301,4.625));
#6390=DIRECTION('',(1.,0.,0.));
#6400=VECTOR('',#6390,1.);
#6410=LINE('',#6380,#6400);
#6420=CARTESIAN_POINT('',(0.218913000000001,-4.967301,4.625));
#6430=VERTEX_POINT('',#6420);
#6440=EDGE_CURVE('',#6350,#6430,#6410,.T.);
#6450=ORIENTED_EDGE('',*,*,#6440,.F.);
#6460=CARTESIAN_POINT('',(0.218913000000001,0.,4.625));
#6470=DIRECTION('',(0.,1.,0.));
#6480=VECTOR('',#6470,1.);
#6490=LINE('',#6460,#6480);
#6500=EDGE_CURVE('',#6430,#6270,#6490,.T.);
#6510=ORIENTED_EDGE('',*,*,#6500,.F.);
#6520=EDGE_LOOP('',(#6510,#6450,#6370,#6290));
#6530=FACE_BOUND('',#6520,.T.);
#6540=ADVANCED_FACE('',(#5260,#5510,#5850,#6190,#6530),#4920,.T.);
#6550=CARTESIAN_POINT('',(1.7689106,-5.887301,3.625));
#6560=DIRECTION('',(0.,1.,2.09798541386807E-15));
#6570=DIRECTION('',(0.,2.09798541386807E-15,-1.));
#6580=AXIS2_PLACEMENT_3D('',#6550,#6560,#6570);
#6590=PLANE('',#6580);
#6600=ORIENTED_EDGE('',*,*,#3810,.T.);
#6610=CARTESIAN_POINT('',(3.418913,-5.88730099999999,2.7687341129642E-16
));
#6620=DIRECTION('',(0.,-2.09798541386807E-15,1.));
#6630=VECTOR('',#6620,1.);
#6640=LINE('',#6610,#6630);
#6650=CARTESIAN_POINT('',(3.418913,-5.887301,1.425));
#6660=VERTEX_POINT('',#6650);
#6670=EDGE_CURVE('',#6660,#3740,#6640,.T.);
#6680=ORIENTED_EDGE('',*,*,#6670,.T.);
#6690=CARTESIAN_POINT('',(-12.462174,-5.887301,1.425));
#6700=DIRECTION('',(-1.,0.,0.));
#6710=VECTOR('',#6700,1.);
#6720=LINE('',#6690,#6710);
#6730=EDGE_CURVE('',#6660,#130,#6720,.T.);
#6740=ORIENTED_EDGE('',*,*,#6730,.F.);
#6750=ORIENTED_EDGE('',*,*,#140,.T.);
#6760=EDGE_LOOP('',(#6750,#6740,#6680,#6600));
#6770=FACE_OUTER_BOUND('',#6760,.T.);
#6780=ADVANCED_FACE('',(#6770),#6590,.F.);
#6790=CARTESIAN_POINT('',(2.818913,-5.687301,4.225));
#6800=DIRECTION('',(0.,1.22460635382238E-16,1.));
#6810=DIRECTION('',(1.,0.,0.));
#6820=AXIS2_PLACEMENT_3D('',#6790,#6800,#6810);
#6830=PLANE('',#6820);
#6840=CARTESIAN_POINT('',(-12.462174,-5.887301,4.225));
#6850=DIRECTION('',(1.,0.,0.));
#6860=VECTOR('',#6850,1.);
#6870=LINE('',#6840,#6860);
#6880=CARTESIAN_POINT('',(2.018913,-5.887301,4.225));
#6890=VERTEX_POINT('',#6880);
#6900=EDGE_CURVE('',#6890,#450,#6870,.T.);
#6910=ORIENTED_EDGE('',*,*,#6900,.F.);
#6920=ORIENTED_EDGE('',*,*,#460,.T.);
#6930=CARTESIAN_POINT('',(-12.462174,-4.387301,4.225));
#6940=DIRECTION('',(1.,0.,0.));
#6950=VECTOR('',#6940,1.);
#6960=LINE('',#6930,#6950);
#6970=CARTESIAN_POINT('',(2.018913,-4.387301,4.225));
#6980=VERTEX_POINT('',#6970);
#6990=EDGE_CURVE('',#6980,#370,#6960,.T.);
#7000=ORIENTED_EDGE('',*,*,#6990,.T.);
#7010=CARTESIAN_POINT('',(2.018913,5.17396184489954E-16,4.225));
#7020=DIRECTION('',(0.,-1.,1.22460635382238E-16));
#7030=VECTOR('',#7020,1.);
#7040=LINE('',#7010,#7030);
#7050=EDGE_CURVE('',#6980,#6890,#7040,.T.);
#7060=ORIENTED_EDGE('',*,*,#7050,.F.);
#7070=EDGE_LOOP('',(#7060,#7000,#6920,#6910));
#7080=FACE_OUTER_BOUND('',#7070,.T.);
#7090=ORIENTED_EDGE('',*,*,#3160,.T.);
#7100=CARTESIAN_POINT('',(-12.462174,-4.967301,4.225));
#7110=DIRECTION('',(-1.,0.,0.));
#7120=VECTOR('',#7110,1.);
#7130=LINE('',#7100,#7120);
#7140=CARTESIAN_POINT('',(2.318913,-4.967301,4.225));
#7150=VERTEX_POINT('',#7140);
#7160=EDGE_CURVE('',#3070,#7150,#7130,.T.);
#7170=ORIENTED_EDGE('',*,*,#7160,.F.);
#7180=CARTESIAN_POINT('',(2.318913,5.17396184489954E-16,4.225));
#7190=DIRECTION('',(0.,-1.,1.22460635382238E-16));
#7200=VECTOR('',#7190,1.);
#7210=LINE('',#7180,#7200);
#7220=CARTESIAN_POINT('',(2.318913,-4.567301,4.225));
#7230=VERTEX_POINT('',#7220);
#7240=EDGE_CURVE('',#7230,#7150,#7210,.T.);
#7250=ORIENTED_EDGE('',*,*,#7240,.T.);
#7260=CARTESIAN_POINT('',(-12.462174,-4.567301,4.225));
#7270=DIRECTION('',(1.,0.,0.));
#7280=VECTOR('',#7270,1.);
#7290=LINE('',#7260,#7280);
#7300=EDGE_CURVE('',#7230,#3150,#7290,.T.);
#7310=ORIENTED_EDGE('',*,*,#7300,.F.);
#7320=EDGE_LOOP('',(#7310,#7250,#7170,#7090));
#7330=FACE_BOUND('',#7320,.T.);
#7340=ADVANCED_FACE('',(#7080,#7330),#6830,.F.);
#7350=CARTESIAN_POINT('',(1.268913,-6.287301,4.025));
#7360=DIRECTION('',(0.,-1.22460635382238E-16,-1.));
#7370=DIRECTION('',(0.,-1.,1.22460635382238E-16));
#7380=AXIS2_PLACEMENT_3D('',#7350,#7360,#7370);
#7390=PLANE('',#7380);
#7400=CARTESIAN_POINT('',(1.493913,4.92904057413507E-16,4.025));
#7410=DIRECTION('',(0.,-1.,1.22460635382238E-16));
#7420=VECTOR('',#7410,1.);
#7430=LINE('',#7400,#7420);
#7440=CARTESIAN_POINT('',(1.493913,-5.887301,4.025));
#7450=VERTEX_POINT('',#7440);
#7460=CARTESIAN_POINT('',(1.493913,-6.287301,4.025));
#7470=VERTEX_POINT('',#7460);
#7480=EDGE_CURVE('',#7450,#7470,#7430,.T.);
#7490=ORIENTED_EDGE('',*,*,#7480,.T.);
#7500=CARTESIAN_POINT('',(-12.462174,-5.887301,4.025));
#7510=DIRECTION('',(-1.,0.,0.));
#7520=VECTOR('',#7510,1.);
#7530=LINE('',#7500,#7520);
#7540=CARTESIAN_POINT('',(1.043913,-5.887301,4.025));
#7550=VERTEX_POINT('',#7540);
#7560=EDGE_CURVE('',#7450,#7550,#7530,.T.);
#7570=ORIENTED_EDGE('',*,*,#7560,.F.);
#7580=CARTESIAN_POINT('',(1.043913,4.92904057413507E-16,4.025));
#7590=DIRECTION('',(0.,-1.,1.22460635382238E-16));
#7600=VECTOR('',#7590,1.);
#7610=LINE('',#7580,#7600);
#7620=CARTESIAN_POINT('',(1.043913,-6.287301,4.025));
#7630=VERTEX_POINT('',#7620);
#7640=EDGE_CURVE('',#7550,#7630,#7610,.T.);
#7650=ORIENTED_EDGE('',*,*,#7640,.F.);
#7660=CARTESIAN_POINT('',(-12.462174,-6.287301,4.025));
#7670=DIRECTION('',(1.,0.,0.));
#7680=VECTOR('',#7670,1.);
#7690=LINE('',#7660,#7680);
#7700=EDGE_CURVE('',#7630,#7470,#7690,.T.);
#7710=ORIENTED_EDGE('',*,*,#7700,.F.);
#7720=EDGE_LOOP('',(#7710,#7650,#7570,#7490));
#7730=FACE_OUTER_BOUND('',#7720,.T.);
#7740=ADVANCED_FACE('',(#7730),#7390,.T.);
#7750=CARTESIAN_POINT('',(3.968913,-4.837301,2.625));
#7760=DIRECTION('',(0.,-6.77572147694817E-16,-1.));
#7770=DIRECTION('',(0.,-1.,6.77572147694817E-16));
#7780=AXIS2_PLACEMENT_3D('',#7750,#7760,#7770);
#7790=PLANE('',#7780);
#7800=CARTESIAN_POINT('',(3.968913,-5.437301,2.625));
#7810=DIRECTION('',(0.,-1.,-4.32650876930338E-16));
#7820=VECTOR('',#7810,1.);
#7830=LINE('',#7800,#7820);
#7840=CARTESIAN_POINT('',(3.968913,-4.737301,2.625));
#7850=VERTEX_POINT('',#7840);
#7860=EDGE_CURVE('',#7850,#4280,#7830,.T.);
#7870=ORIENTED_EDGE('',*,*,#7860,.F.);
#7880=ORIENTED_EDGE('',*,*,#4290,.F.);
#7890=CARTESIAN_POINT('',(3.418913,3.21459167878374E-16,2.625));
#7900=DIRECTION('',(0.,-1.,-4.32650876930338E-16));
#7910=VECTOR('',#7900,1.);
#7920=LINE('',#7890,#7910);
#7930=CARTESIAN_POINT('',(3.418913,-4.737301,2.625));
#7940=VERTEX_POINT('',#7930);
#7950=EDGE_CURVE('',#7940,#4200,#7920,.T.);
#7960=ORIENTED_EDGE('',*,*,#7950,.T.);
#7970=CARTESIAN_POINT('',(3.968913,-4.737301,2.625));
#7980=DIRECTION('',(-1.,0.,0.));
#7990=VECTOR('',#7980,1.);
#8000=LINE('',#7970,#7990);
#8010=EDGE_CURVE('',#7850,#7940,#8000,.T.);
#8020=ORIENTED_EDGE('',*,*,#8010,.T.);
#8030=EDGE_LOOP('',(#8020,#7960,#7880,#7870));
#8040=FACE_OUTER_BOUND('',#8030,.T.);
#8050=ADVANCED_FACE('',(#8040),#7790,.F.);
#8060=CARTESIAN_POINT('',(-0.181086999999998,-4.567301,4.625));
#8070=DIRECTION('',(0.,-1.,0.));
#8080=DIRECTION('',(-1.,0.,0.));
#8090=AXIS2_PLACEMENT_3D('',#8060,#8070,#8080);
#8100=PLANE('',#8090);
#8110=CARTESIAN_POINT('',(0.218913000000001,-4.567301,0.));
#8120=DIRECTION('',(0.,0.,-1.));
#8130=VECTOR('',#8120,1.);
#8140=LINE('',#8110,#8130);
#8150=CARTESIAN_POINT('',(0.218913000000001,-4.567301,4.225));
#8160=VERTEX_POINT('',#8150);
#8170=EDGE_CURVE('',#6270,#8160,#8140,.T.);
#8180=ORIENTED_EDGE('',*,*,#8170,.F.);
#8190=CARTESIAN_POINT('',(13.75,-4.567301,4.225));
#8200=DIRECTION('',(1.,0.,0.));
#8210=VECTOR('',#8200,1.);
#8220=LINE('',#8190,#8210);
#8230=CARTESIAN_POINT('',(-0.181086999999998,-4.567301,4.225));
#8240=VERTEX_POINT('',#8230);
#8250=EDGE_CURVE('',#8240,#8160,#8220,.T.);
#8260=ORIENTED_EDGE('',*,*,#8250,.T.);
#8270=CARTESIAN_POINT('',(-0.181086999999998,-4.567301,0.));
#8280=DIRECTION('',(0.,0.,-1.));
#8290=VECTOR('',#8280,1.);
#8300=LINE('',#8270,#8290);
#8310=EDGE_CURVE('',#6250,#8240,#8300,.T.);
#8320=ORIENTED_EDGE('',*,*,#8310,.T.);
#8330=ORIENTED_EDGE('',*,*,#6280,.F.);
#8340=EDGE_LOOP('',(#8330,#8320,#8260,#8180));
#8350=FACE_OUTER_BOUND('',#8340,.T.);
#8360=ADVANCED_FACE('',(#8350),#8100,.T.);
#8370=CARTESIAN_POINT('',(1.893913,-5.887301,1.825));
#8380=DIRECTION('',(0.,-6.77572147694818E-16,-1.));
#8390=DIRECTION('',(0.,1.,-6.77572147694818E-16));
#8400=AXIS2_PLACEMENT_3D('',#8370,#8380,#8390);
#8410=PLANE('',#8400);
#8420=CARTESIAN_POINT('',(-12.462174,-5.887301,1.825));
#8430=DIRECTION('',(-1.,0.,0.));
#8440=VECTOR('',#8430,1.);
#8450=LINE('',#8420,#8440);
#8460=CARTESIAN_POINT('',(1.768913,-5.887301,1.825));
#8470=VERTEX_POINT('',#8460);
#8480=EDGE_CURVE('',#1970,#8470,#8450,.T.);
#8490=ORIENTED_EDGE('',*,*,#8480,.T.);
#8500=ORIENTED_EDGE('',*,*,#1980,.F.);
#8510=CARTESIAN_POINT('',(2.068913,2.23490659572583E-16,1.825));
#8520=DIRECTION('',(-1.73472347597681E-17,1.,-6.77572147694818E-16));
#8530=VECTOR('',#8520,1.);
#8540=LINE('',#8510,#8530);
#8550=CARTESIAN_POINT('',(2.068913,-6.737301,1.825));
#8560=VERTEX_POINT('',#8550);
#8570=EDGE_CURVE('',#8560,#1890,#8540,.T.);
#8580=ORIENTED_EDGE('',*,*,#8570,.T.);
#8590=CARTESIAN_POINT('',(-12.462174,-6.737301,1.825));
#8600=DIRECTION('',(-1.,0.,0.));
#8610=VECTOR('',#8600,1.);
#8620=LINE('',#8590,#8610);
#8630=CARTESIAN_POINT('',(1.718913,-6.737301,1.825));
#8640=VERTEX_POINT('',#8630);
#8650=EDGE_CURVE('',#8560,#8640,#8620,.T.);
#8660=ORIENTED_EDGE('',*,*,#8650,.F.);
#8670=CARTESIAN_POINT('',(1.718913,2.23490659572583E-16,1.825));
#8680=DIRECTION('',(1.73472347597681E-17,1.,-6.77572147694818E-16));
#8690=VECTOR('',#8680,1.);
#8700=LINE('',#8670,#8690);
#8710=CARTESIAN_POINT('',(1.718913,-5.887301,1.825));
#8720=VERTEX_POINT('',#8710);
#8730=EDGE_CURVE('',#8640,#8720,#8700,.T.);
#8740=ORIENTED_EDGE('',*,*,#8730,.F.);
#8750=CARTESIAN_POINT('',(-12.462174,-5.887301,1.825));
#8760=DIRECTION('',(-1.,0.,0.));
#8770=VECTOR('',#8760,1.);
#8780=LINE('',#8750,#8770);
#8790=EDGE_CURVE('',#8470,#8720,#8780,.T.);
#8800=ORIENTED_EDGE('',*,*,#8790,.T.);
#8810=EDGE_LOOP('',(#8800,#8740,#8660,#8580,#8500,#8490));
#8820=FACE_OUTER_BOUND('',#8810,.T.);
#8830=ADVANCED_FACE('',(#8820),#8410,.F.);
#8840=CARTESIAN_POINT('',(0.818912999999998,-5.887301,1.825));
#8850=DIRECTION('',(-0.999512076087079,3.8250276221826E-18,
0.0312347523777212));
#8860=DIRECTION('',(0.0312347523777212,1.22400883909843E-16,
0.999512076087079));
#8870=AXIS2_PLACEMENT_3D('',#8840,#8850,#8860);
#8880=PLANE('',#8870);
#8890=ORIENTED_EDGE('',*,*,#4770,.T.);
#8900=CARTESIAN_POINT('',(0.761881749999999,-6.587301,
3.62595856063987E-16));
#8910=DIRECTION('',(0.0312347523777212,1.22400883909843E-16,
0.999512076087079));
#8920=VECTOR('',#8910,1.);
#8930=LINE('',#8900,#8920);
#8940=CARTESIAN_POINT('',(0.843912999999999,-6.587301,2.625));
#8950=VERTEX_POINT('',#8940);
#8960=EDGE_CURVE('',#8950,#4680,#8930,.T.);
#8970=ORIENTED_EDGE('',*,*,#8960,.T.);
#8980=CARTESIAN_POINT('',(0.761881749999999,-7.374801,4.590336064275E-16
));
#8990=DIRECTION('',(0.0299186719123448,0.287219250358511,
0.957397501195035));
#9000=VECTOR('',#8990,1.);
#9010=LINE('',#8980,#9000);
#9020=CARTESIAN_POINT('',(0.828287999999999,-6.737301,2.125));
#9030=VERTEX_POINT('',#9020);
#9040=EDGE_CURVE('',#9030,#8950,#9010,.T.);
#9050=ORIENTED_EDGE('',*,*,#9040,.T.);
#9060=CARTESIAN_POINT('',(0.761881749999999,-6.737301,
3.80964951371323E-16));
#9070=DIRECTION('',(0.0312347523777212,1.22400883909843E-16,
0.999512076087079));
#9080=VECTOR('',#9070,1.);
#9090=LINE('',#9060,#9080);
#9100=CARTESIAN_POINT('',(0.818912999999998,-6.737301,1.825));
#9110=VERTEX_POINT('',#9100);
#9120=EDGE_CURVE('',#9110,#9030,#9090,.T.);
#9130=ORIENTED_EDGE('',*,*,#9120,.T.);
#9140=CARTESIAN_POINT('',(0.818912999999998,2.23490659572584E-16,1.825))
;
#9150=DIRECTION('',(0.,-1.,1.22460635382238E-16));
#9160=VECTOR('',#9150,1.);
#9170=LINE('',#9140,#9160);
#9180=CARTESIAN_POINT('',(0.818912999999998,-5.887301,1.825));
#9190=VERTEX_POINT('',#9180);
#9200=EDGE_CURVE('',#9190,#9110,#9170,.T.);
#9210=ORIENTED_EDGE('',*,*,#9200,.T.);
#9220=CARTESIAN_POINT('',(0.761881749999999,-5.887301,
2.76873411296421E-16));
#9230=DIRECTION('',(0.0312347523777212,1.22400883909843E-16,
0.999512076087079));
#9240=VECTOR('',#9230,1.);
#9250=LINE('',#9220,#9240);
#9260=EDGE_CURVE('',#9190,#4760,#9250,.T.);
#9270=ORIENTED_EDGE('',*,*,#9260,.F.);
#9280=EDGE_LOOP('',(#9270,#9210,#9130,#9050,#8970,#8890));
#9290=FACE_OUTER_BOUND('',#9280,.T.);
#9300=ADVANCED_FACE('',(#9290),#8880,.T.);
#9310=CARTESIAN_POINT('',(3.61350001456606,-6.02621870627953,1.425));
#9320=DIRECTION('',(0.,-1.22460635382238E-16,-1.));
#9330=DIRECTION('',(-1.,0.,0.));
#9340=AXIS2_PLACEMENT_3D('',#9310,#9320,#9330);
#9350=PLANE('',#9340);
#9360=CARTESIAN_POINT('',(3.968913,1.74506405419689E-16,1.425));
#9370=DIRECTION('',(0.,-1.,1.22460635382238E-16));
#9380=VECTOR('',#9370,1.);
#9390=LINE('',#9360,#9380);
#9400=CARTESIAN_POINT('',(3.968913,-6.737301,1.425));
#9410=VERTEX_POINT('',#9400);
#9420=EDGE_CURVE('',#4360,#9410,#9390,.T.);
#9430=ORIENTED_EDGE('',*,*,#9420,.F.);
#9440=CARTESIAN_POINT('',(3.668913,-6.737301,1.425));
#9450=DIRECTION('',(1.,0.,0.));
#9460=VECTOR('',#9450,1.);
#9470=LINE('',#9440,#9460);
#9480=CARTESIAN_POINT('',(2.968913,-6.737301,1.425));
#9490=VERTEX_POINT('',#9480);
#9500=EDGE_CURVE('',#9490,#9410,#9470,.T.);
#9510=ORIENTED_EDGE('',*,*,#9500,.T.);
#9520=CARTESIAN_POINT('',(2.968913,1.74506405419689E-16,1.425));
#9530=DIRECTION('',(0.,1.,-1.22460635382238E-16));
#9540=VECTOR('',#9530,1.);
#9550=LINE('',#9520,#9540);
#9560=EDGE_CURVE('',#9490,#1630,#9550,.T.);
#9570=ORIENTED_EDGE('',*,*,#9560,.F.);
#9580=ORIENTED_EDGE('',*,*,#2420,.F.);
#9590=ORIENTED_EDGE('',*,*,#6730,.T.);
#9600=CARTESIAN_POINT('',(3.418913,-5.887301,1.425));
#9610=DIRECTION('',(0.,1.,2.09798541386807E-15));
#9620=VECTOR('',#9610,1.);
#9630=LINE('',#9600,#9620);
#9640=EDGE_CURVE('',#6660,#4180,#9630,.T.);
#9650=ORIENTED_EDGE('',*,*,#9640,.F.);
#9660=ORIENTED_EDGE('',*,*,#4430,.F.);
#9670=EDGE_LOOP('',(#9660,#9650,#9590,#9580,#9570,#9510,#9430));
#9680=FACE_OUTER_BOUND('',#9670,.T.);
#9690=ADVANCED_FACE('',(#9680),#9350,.F.);
#9700=CARTESIAN_POINT('',(0.643913,-5.887301,3.425));
#9710=DIRECTION('',(0.,1.,-8.00032783077054E-16));
#9720=DIRECTION('',(0.,8.00032783077054E-16,1.));
#9730=AXIS2_PLACEMENT_3D('',#9700,#9710,#9720);
#9740=PLANE('',#9730);
#9750=CARTESIAN_POINT('',(0.518913000000001,-5.887301,0.));
#9760=DIRECTION('',(0.,5.55111512312578E-16,1.));
#9770=VECTOR('',#9760,1.);
#9780=LINE('',#9750,#9770);
#9790=CARTESIAN_POINT('',(0.518913000000001,-5.887301,1.825));
#9800=VERTEX_POINT('',#9790);
#9810=CARTESIAN_POINT('',(0.518913000000001,-5.887301,3.625));
#9820=VERTEX_POINT('',#9810);
#9830=EDGE_CURVE('',#9800,#9820,#9780,.T.);
#9840=ORIENTED_EDGE('',*,*,#9830,.F.);
#9850=CARTESIAN_POINT('',(13.75,-5.887301,3.625));
#9860=DIRECTION('',(-1.,0.,0.));
#9870=VECTOR('',#9860,1.);
#9880=LINE('',#9850,#9870);
#9890=CARTESIAN_POINT('',(0.768913,-5.887301,3.625));
#9900=VERTEX_POINT('',#9890);
#9910=EDGE_CURVE('',#9900,#9820,#9880,.T.);
#9920=ORIENTED_EDGE('',*,*,#9910,.T.);
#9930=CARTESIAN_POINT('',(0.768913,-5.887301,2.76873411296421E-16));
#9940=DIRECTION('',(0.,6.77572147694816E-16,1.));
#9950=VECTOR('',#9940,1.);
#9960=LINE('',#9930,#9950);
#9970=CARTESIAN_POINT('',(0.768913,-5.887301,1.825));
#9980=VERTEX_POINT('',#9970);
#9990=EDGE_CURVE('',#9980,#9900,#9960,.T.);
#10000=ORIENTED_EDGE('',*,*,#9990,.T.);
#10010=CARTESIAN_POINT('',(-12.462174,-5.887301,1.825));
#10020=DIRECTION('',(1.,0.,0.));
#10030=VECTOR('',#10020,1.);
#10040=LINE('',#10010,#10030);
#10050=EDGE_CURVE('',#9800,#9980,#10040,.T.);
#10060=ORIENTED_EDGE('',*,*,#10050,.T.);
#10070=EDGE_LOOP('',(#10060,#10000,#9920,#9840));
#10080=FACE_OUTER_BOUND('',#10070,.T.);
#10090=ADVANCED_FACE('',(#10080),#9740,.F.);
#10100=CARTESIAN_POINT('',(2.318913,-4.567301,4.625));
#10110=DIRECTION('',(-1.,0.,0.));
#10120=DIRECTION('',(0.,1.,-1.22460635382238E-16));
#10130=AXIS2_PLACEMENT_3D('',#10100,#10110,#10120);
#10140=PLANE('',#10130);
#10150=ORIENTED_EDGE('',*,*,#5480,.T.);
#10160=CARTESIAN_POINT('',(2.318913,-4.567301,1.15225372591867E-16));
#10170=DIRECTION('',(0.,-1.22460635382238E-16,-1.));
#10180=VECTOR('',#10170,1.);
#10190=LINE('',#10160,#10180);
#10200=EDGE_CURVE('',#5410,#7230,#10190,.T.);
#10210=ORIENTED_EDGE('',*,*,#10200,.F.);
#10220=ORIENTED_EDGE('',*,*,#7240,.F.);
#10230=CARTESIAN_POINT('',(2.318913,-4.967301,1.64209626744762E-16));
#10240=DIRECTION('',(0.,1.22460635382238E-16,1.));
#10250=VECTOR('',#10240,1.);
#10260=LINE('',#10230,#10250);
#10270=EDGE_CURVE('',#7150,#5320,#10260,.T.);
#10280=ORIENTED_EDGE('',*,*,#10270,.F.);
#10290=EDGE_LOOP('',(#10280,#10220,#10210,#10150));
#10300=FACE_OUTER_BOUND('',#10290,.T.);
#10310=ADVANCED_FACE('',(#10300),#10140,.F.);
#10320=CARTESIAN_POINT('',(2.518913,-6.587301,2.625));
#10330=DIRECTION('',(0.,-1.,1.22460635382238E-16));
#10340=DIRECTION('',(0.,-1.22460635382238E-16,-1.));
#10350=AXIS2_PLACEMENT_3D('',#10320,#10330,#10340);
#10360=PLANE('',#10350);
#10370=CARTESIAN_POINT('',(-12.462174,-6.587301,3.375));
#10380=DIRECTION('',(-1.,0.,0.));
#10390=VECTOR('',#10380,1.);
#10400=LINE('',#10370,#10390);
#10410=CARTESIAN_POINT('',(2.9204755,-6.587301,3.375));
#10420=VERTEX_POINT('',#10410);
#10430=CARTESIAN_POINT('',(2.1173505,-6.587301,3.375));
#10440=VERTEX_POINT('',#10430);
#10450=EDGE_CURVE('',#10420,#10440,#10400,.T.);
#10460=ORIENTED_EDGE('',*,*,#10450,.T.);
#10470=CARTESIAN_POINT('',(3.02594425,-6.587301,3.62595856063987E-16));
#10480=DIRECTION('',(0.0312347523777212,-1.22400883909843E-16,
-0.999512076087079));
#10490=VECTOR('',#10480,1.);
#10500=LINE('',#10470,#10490);
#10510=CARTESIAN_POINT('',(2.943913,-6.587301,2.625));
#10520=VERTEX_POINT('',#10510);
#10530=EDGE_CURVE('',#10420,#10520,#10500,.T.);
#10540=ORIENTED_EDGE('',*,*,#10530,.F.);
#10550=CARTESIAN_POINT('',(-12.462174,-6.587301,2.625));
#10560=DIRECTION('',(-1.,0.,0.));
#10570=VECTOR('',#10560,1.);
#10580=LINE('',#10550,#10570);
#10590=CARTESIAN_POINT('',(2.093913,-6.587301,2.625));
#10600=VERTEX_POINT('',#10590);
#10610=EDGE_CURVE('',#10520,#10600,#10580,.T.);
#10620=ORIENTED_EDGE('',*,*,#10610,.F.);
#10630=CARTESIAN_POINT('',(2.01188175,-6.587301,3.62595856063987E-16));
#10640=DIRECTION('',(0.0312347523777212,1.22400883909843E-16,
0.999512076087079));
#10650=VECTOR('',#10640,1.);
#10660=LINE('',#10630,#10650);
#10670=EDGE_CURVE('',#10600,#10440,#10660,.T.);
#10680=ORIENTED_EDGE('',*,*,#10670,.F.);
#10690=EDGE_LOOP('',(#10680,#10620,#10540,#10460));
#10700=FACE_OUTER_BOUND('',#10690,.T.);
#10710=ADVANCED_FACE('',(#10700),#10360,.T.);
#10720=CARTESIAN_POINT('',(0.993912999999999,-6.11797896575164,
2.20695639006852));
#10730=DIRECTION('',(-1.,0.,0.));
#10740=DIRECTION('',(0.,-1.,1.22460635382238E-16));
#10750=AXIS2_PLACEMENT_3D('',#10720,#10730,#10740);
#10760=PLANE('',#10750);
#10770=CARTESIAN_POINT('',(0.993912999999999,-5.887301,
2.76873411296421E-16));
#10780=DIRECTION('',(0.,1.22460635382238E-16,1.));
#10790=VECTOR('',#10780,1.);
#10800=LINE('',#10770,#10790);
#10810=CARTESIAN_POINT('',(0.993912999999999,-5.887301,0.625));
#10820=VERTEX_POINT('',#10810);
#10830=CARTESIAN_POINT('',(0.993912999999999,-5.887301,2.925));
#10840=VERTEX_POINT('',#10830);
#10850=EDGE_CURVE('',#10820,#10840,#10800,.T.);
#10860=ORIENTED_EDGE('',*,*,#10850,.T.);
#10870=CARTESIAN_POINT('',(0.993912999999999,7.65378971138982E-17,
0.624999999999996));
#10880=DIRECTION('',(0.,1.,-6.77572147694818E-16));
#10890=VECTOR('',#10880,1.);
#10900=LINE('',#10870,#10890);
#10910=EDGE_CURVE('',#2750,#10820,#10900,.T.);
#10920=ORIENTED_EDGE('',*,*,#10910,.T.);
#10930=ORIENTED_EDGE('',*,*,#2760,.T.);
#10940=CARTESIAN_POINT('',(0.993912999999999,-7.934801,
5.27611562241553E-16));
#10950=DIRECTION('',(0.,-0.573462344363329,-0.81923192051904));
#10960=VECTOR('',#10950,1.);
#10970=LINE('',#10940,#10960);
#10980=EDGE_CURVE('',#10840,#2670,#10970,.T.);
#10990=ORIENTED_EDGE('',*,*,#10980,.T.);
#11000=EDGE_LOOP('',(#10990,#10930,#10920,#10860));
#11010=FACE_OUTER_BOUND('',#11000,.T.);
#11020=ADVANCED_FACE('',(#11010),#10760,.F.);
#11030=CARTESIAN_POINT('',(1.543913,-6.04344747196877,0.928426167468854)
);
#11040=DIRECTION('',(1.,0.,0.));
#11050=DIRECTION('',(0.,1.,-1.22460635382238E-16));
#11060=AXIS2_PLACEMENT_3D('',#11030,#11040,#11050);
#11070=PLANE('',#11060);
#11080=CARTESIAN_POINT('',(1.543913,7.65378971138986E-17,0.625));
#11090=DIRECTION('',(0.,-1.,1.22460635382238E-16));
#11100=VECTOR('',#11090,1.);
#11110=LINE('',#11080,#11100);
#11120=CARTESIAN_POINT('',(1.543913,-5.887301,0.625));
#11130=VERTEX_POINT('',#11120);
#11140=EDGE_CURVE('',#11130,#2590,#11110,.T.);
#11150=ORIENTED_EDGE('',*,*,#11140,.T.);
#11160=CARTESIAN_POINT('',(1.543913,-5.887301,2.76873411296421E-16));
#11170=DIRECTION('',(0.,1.22460635382238E-16,1.));
#11180=VECTOR('',#11170,1.);
#11190=LINE('',#11160,#11180);
#11200=CARTESIAN_POINT('',(1.543913,-5.887301,2.925));
#11210=VERTEX_POINT('',#11200);
#11220=EDGE_CURVE('',#11130,#11210,#11190,.T.);
#11230=ORIENTED_EDGE('',*,*,#11220,.F.);
#11240=CARTESIAN_POINT('',(1.543913,-7.934801,5.27611562241553E-16));
#11250=DIRECTION('',(0.,0.573462344363329,0.81923192051904));
#11260=VECTOR('',#11250,1.);
#11270=LINE('',#11240,#11260);
#11280=EDGE_CURVE('',#2570,#11210,#11270,.T.);
#11290=ORIENTED_EDGE('',*,*,#11280,.T.);
#11300=ORIENTED_EDGE('',*,*,#2600,.F.);
#11310=EDGE_LOOP('',(#11300,#11290,#11230,#11150));
#11320=FACE_OUTER_BOUND('',#11310,.T.);
#11330=ADVANCED_FACE('',(#11320),#11070,.F.);
#11340=CARTESIAN_POINT('',(1.268913,-6.587301,2.625));
#11350=DIRECTION('',(0.,1.,-1.22460635382238E-16));
#11360=DIRECTION('',(0.,-1.22460635382238E-16,-1.));
#11370=AXIS2_PLACEMENT_3D('',#11340,#11350,#11360);
#11380=PLANE('',#11370);
#11390=CARTESIAN_POINT('',(1.77594425,-6.587301,3.62595856063987E-16));
#11400=DIRECTION('',(0.0312347523777212,-1.22400883909843E-16,
-0.999512076087079));
#11410=VECTOR('',#11400,1.);
#11420=LINE('',#11390,#11410);
#11430=CARTESIAN_POINT('',(1.693913,-6.587301,2.625));
#11440=VERTEX_POINT('',#11430);
#11450=EDGE_CURVE('',#4600,#11440,#11420,.T.);
#11460=ORIENTED_EDGE('',*,*,#11450,.F.);
#11470=CARTESIAN_POINT('',(-12.462174,-6.587301,2.625));
#11480=DIRECTION('',(-1.,0.,0.));
#11490=VECTOR('',#11480,1.);
#11500=LINE('',#11470,#11490);
#11510=EDGE_CURVE('',#11440,#8950,#11500,.T.);
#11520=ORIENTED_EDGE('',*,*,#11510,.F.);
#11530=ORIENTED_EDGE('',*,*,#8960,.F.);
#11540=ORIENTED_EDGE('',*,*,#4690,.T.);
#11550=EDGE_LOOP('',(#11540,#11530,#11520,#11460));
#11560=FACE_OUTER_BOUND('',#11550,.T.);
#11570=ADVANCED_FACE('',(#11560),#11380,.F.);
#11580=CARTESIAN_POINT('',(-13.106087,-3.987301,4.525));
#11590=DIRECTION('',(0.,-1.,-4.3184314631184E-15));
#11600=DIRECTION('',(0.,4.3184314631184E-15,-1.));
#11610=AXIS2_PLACEMENT_3D('',#11580,#11590,#11600);
#11620=PLANE('',#11610);
#11630=CARTESIAN_POINT('',(-2.131087,-3.98730099999998,0.));
#11640=DIRECTION('',(0.,4.44089209850064E-15,-1.));
#11650=VECTOR('',#11640,1.);
#11660=LINE('',#11630,#11650);
#11670=CARTESIAN_POINT('',(-2.131087,-3.98730099999999,1.425));
#11680=VERTEX_POINT('',#11670);
#11690=EDGE_CURVE('',#4980,#11680,#11660,.T.);
#11700=ORIENTED_EDGE('',*,*,#11690,.F.);
#11710=CARTESIAN_POINT('',(0.,-3.98730099999999,1.425));
#11720=DIRECTION('',(-1.,0.,0.));
#11730=VECTOR('',#11720,1.);
#11740=LINE('',#11710,#11730);
#11750=CARTESIAN_POINT('',(3.418913,-3.98730099999999,1.425));
#11760=VERTEX_POINT('',#11750);
#11770=EDGE_CURVE('',#11760,#11680,#11740,.T.);
#11780=ORIENTED_EDGE('',*,*,#11770,.T.);
#11790=CARTESIAN_POINT('',(3.418913,-3.98730099999998,
4.41982040701668E-17));
#11800=DIRECTION('',(0.,4.3184314631184E-15,-1.));
#11810=VECTOR('',#11800,1.);
#11820=LINE('',#11790,#11810);
#11830=EDGE_CURVE('',#5080,#11760,#11820,.T.);
#11840=ORIENTED_EDGE('',*,*,#11830,.T.);
#11850=ORIENTED_EDGE('',*,*,#5090,.F.);
#11860=EDGE_LOOP('',(#11850,#11840,#11780,#11700));
#11870=FACE_OUTER_BOUND('',#11860,.T.);
#11880=ADVANCED_FACE('',(#11870),#11620,.F.);
#11890=CARTESIAN_POINT('',(-15.481087,-4.387301,0.625));
#11900=DIRECTION('',(0.,-1.,0.));
#11910=DIRECTION('',(0.,0.,1.));
#11920=AXIS2_PLACEMENT_3D('',#11890,#11900,#11910);
#11930=PLANE('',#11920);
#11940=ORIENTED_EDGE('',*,*,#6990,.F.);
#11950=ORIENTED_EDGE('',*,*,#380,.T.);
#11960=CARTESIAN_POINT('',(-15.481087,-4.387301,0.625));
#11970=DIRECTION('',(1.,0.,0.));
#11980=VECTOR('',#11970,1.);
#11990=LINE('',#11960,#11980);
#12000=CARTESIAN_POINT('',(2.018913,-4.387301,0.624999999999998));
#12010=VERTEX_POINT('',#12000);
#12020=EDGE_CURVE('',#12010,#290,#11990,.T.);
#12030=ORIENTED_EDGE('',*,*,#12020,.T.);
#12040=CARTESIAN_POINT('',(2.018913,-4.387301,0.));
#12050=DIRECTION('',(0.,0.,1.));
#12060=VECTOR('',#12050,1.);
#12070=LINE('',#12040,#12060);
#12080=EDGE_CURVE('',#12010,#6980,#12070,.T.);
#12090=ORIENTED_EDGE('',*,*,#12080,.F.);
#12100=EDGE_LOOP('',(#12090,#12030,#11950,#11940));
#12110=FACE_OUTER_BOUND('',#12100,.T.);
#12120=ADVANCED_FACE('',(#12110),#11930,.T.);
#12130=CARTESIAN_POINT('',(0.218913000000002,-4.967301,4.625));
#12140=DIRECTION('',(0.,1.,0.));
#12150=DIRECTION('',(1.,0.,0.));
#12160=AXIS2_PLACEMENT_3D('',#12130,#12140,#12150);
#12170=PLANE('',#12160);
#12180=CARTESIAN_POINT('',(-0.181087000000002,-4.967301,0.));
#12190=DIRECTION('',(0.,0.,-1.));
#12200=VECTOR('',#12190,1.);
#12210=LINE('',#12180,#12200);
#12220=CARTESIAN_POINT('',(-0.181087,-4.967301,4.225));
#12230=VERTEX_POINT('',#12220);
#12240=EDGE_CURVE('',#6350,#12230,#12210,.T.);
#12250=ORIENTED_EDGE('',*,*,#12240,.F.);
#12260=CARTESIAN_POINT('',(13.75,-4.967301,4.225));
#12270=DIRECTION('',(-1.,0.,0.));
#12280=VECTOR('',#12270,1.);
#12290=LINE('',#12260,#12280);
#12300=CARTESIAN_POINT('',(0.218913000000001,-4.967301,4.225));
#12310=VERTEX_POINT('',#12300);
#12320=EDGE_CURVE('',#12310,#12230,#12290,.T.);
#12330=ORIENTED_EDGE('',*,*,#12320,.T.);
#12340=CARTESIAN_POINT('',(0.218913000000001,-4.967301,0.));
#12350=DIRECTION('',(0.,0.,1.));
#12360=VECTOR('',#12350,1.);
#12370=LINE('',#12340,#12360);
#12380=EDGE_CURVE('',#12310,#6430,#12370,.T.);
#12390=ORIENTED_EDGE('',*,*,#12380,.F.);
#12400=ORIENTED_EDGE('',*,*,#6440,.T.);
#12410=EDGE_LOOP('',(#12400,#12390,#12330,#12250));
#12420=FACE_OUTER_BOUND('',#12410,.T.);
#12430=ADVANCED_FACE('',(#12420),#12170,.T.);
#12440=CARTESIAN_POINT('',(2.243913,-6.11797896575164,2.20695639006852))
;
#12450=DIRECTION('',(-1.,0.,0.));
#12460=DIRECTION('',(0.,-1.,1.22460635382238E-16));
#12470=AXIS2_PLACEMENT_3D('',#12440,#12450,#12460);
#12480=PLANE('',#12470);
#12490=CARTESIAN_POINT('',(2.243913,7.65378971138986E-17,0.625));
#12500=DIRECTION('',(0.,1.,-1.22460635382238E-16));
#12510=VECTOR('',#12500,1.);
#12520=LINE('',#12490,#12510);
#12530=CARTESIAN_POINT('',(2.243913,-6.237301,0.625));
#12540=VERTEX_POINT('',#12530);
#12550=EDGE_CURVE('',#12540,#2130,#12520,.T.);
#12560=ORIENTED_EDGE('',*,*,#12550,.T.);
#12570=CARTESIAN_POINT('',(2.243913,-6.237301,3.19734633680204E-16));
#12580=DIRECTION('',(0.,1.22460635382238E-16,1.));
#12590=VECTOR('',#12580,1.);
#12600=LINE('',#12570,#12590);
#12610=EDGE_CURVE('',#12540,#690,#12600,.T.);
#12620=ORIENTED_EDGE('',*,*,#12610,.F.);
#12630=ORIENTED_EDGE('',*,*,#700,.T.);
#12640=ORIENTED_EDGE('',*,*,#2200,.T.);
#12650=EDGE_LOOP('',(#12640,#12630,#12620,#12560));
#12660=FACE_OUTER_BOUND('',#12650,.T.);
#12670=ADVANCED_FACE('',(#12660),#12480,.F.);
#12680=CARTESIAN_POINT('',(3.418913,-4.737301,2.625));
#12690=DIRECTION('',(0.,1.,-1.79395149465579E-16));
#12700=DIRECTION('',(0.,-1.79395149465579E-16,-1.));
#12710=AXIS2_PLACEMENT_3D('',#12680,#12690,#12700);
#12720=PLANE('',#12710);
#12730=CARTESIAN_POINT('',(-12.462174,-4.737301,1.425));
#12740=DIRECTION('',(1.,0.,0.));
#12750=VECTOR('',#12740,1.);
#12760=LINE('',#12730,#12750);
#12770=CARTESIAN_POINT('',(3.418913,-4.737301,1.425));
#12780=VERTEX_POINT('',#12770);
#12790=CARTESIAN_POINT('',(3.968913,-4.737301,1.425));
#12800=VERTEX_POINT('',#12790);
#12810=EDGE_CURVE('',#12780,#12800,#12760,.T.);
#12820=ORIENTED_EDGE('',*,*,#12810,.F.);
#12830=CARTESIAN_POINT('',(3.968913,-4.737301,2.525));
#12840=DIRECTION('',(0.,1.2326836600074E-15,1.));
#12850=VECTOR('',#12840,1.);
#12860=LINE('',#12830,#12850);
#12870=EDGE_CURVE('',#12800,#7850,#12860,.T.);
#12880=ORIENTED_EDGE('',*,*,#12870,.F.);
#12890=ORIENTED_EDGE('',*,*,#8010,.F.);
#12900=CARTESIAN_POINT('',(3.418913,-4.737301,1.36043680606848E-16));
#12910=DIRECTION('',(0.,1.2326836600074E-15,1.));
#12920=VECTOR('',#12910,1.);
#12930=LINE('',#12900,#12920);
#12940=EDGE_CURVE('',#12780,#7940,#12930,.T.);
#12950=ORIENTED_EDGE('',*,*,#12940,.T.);
#12960=EDGE_LOOP('',(#12950,#12890,#12880,#12820));
#12970=FACE_OUTER_BOUND('',#12960,.T.);
#12980=ADVANCED_FACE('',(#12970),#12720,.T.);
#12990=CARTESIAN_POINT('',(-15.481087,-4.287301,0.625));
#13000=DIRECTION('',(0.,3.33066907387548E-15,-1.));
#13010=DIRECTION('',(0.,-1.,-3.33066907387548E-15));
#13020=AXIS2_PLACEMENT_3D('',#12990,#13000,#13010);
#13030=PLANE('',#13020);
#13040=CARTESIAN_POINT('',(0.768913,-4.387301,0.624999999999998));
#13050=VERTEX_POINT('',#13040);
#13060=CARTESIAN_POINT('',(1.768913,-4.387301,0.624999999999998));
#13070=VERTEX_POINT('',#13060);
#13080=EDGE_CURVE('',#13050,#13070,#11990,.T.);
#13090=ORIENTED_EDGE('',*,*,#13080,.F.);
#13100=CARTESIAN_POINT('',(1.768913,7.65378971138986E-17,0.625));
#13110=DIRECTION('',(0.,-1.,1.22460635382238E-16));
#13120=VECTOR('',#13110,1.);
#13130=LINE('',#13100,#13120);
#13140=CARTESIAN_POINT('',(1.768913,-5.887301,0.625));
#13150=VERTEX_POINT('',#13140);
#13160=EDGE_CURVE('',#13070,#13150,#13130,.T.);
#13170=ORIENTED_EDGE('',*,*,#13160,.F.);
#13180=EDGE_CURVE('',#11130,#13150,#2110,.T.);
#13190=ORIENTED_EDGE('',*,*,#13180,.T.);
#13200=ORIENTED_EDGE('',*,*,#11140,.F.);
#13210=ORIENTED_EDGE('',*,*,#2820,.F.);
#13220=ORIENTED_EDGE('',*,*,#10910,.F.);
#13230=CARTESIAN_POINT('',(0.768913,-5.887301,0.625));
#13240=DIRECTION('',(1.,0.,0.));
#13250=VECTOR('',#13240,1.);
#13260=LINE('',#13230,#13250);
#13270=CARTESIAN_POINT('',(0.768913,-5.887301,0.625));
#13280=VERTEX_POINT('',#13270);
#13290=EDGE_CURVE('',#13280,#10820,#13260,.T.);
#13300=ORIENTED_EDGE('',*,*,#13290,.T.);
#13310=CARTESIAN_POINT('',(0.768913,7.65378971138986E-17,0.625));
#13320=DIRECTION('',(0.,-1.,1.22460635382238E-16));
#13330=VECTOR('',#13320,1.);
#13340=LINE('',#13310,#13330);
#13350=EDGE_CURVE('',#13050,#13280,#13340,.T.);
#13360=ORIENTED_EDGE('',*,*,#13350,.T.);
#13370=EDGE_LOOP('',(#13360,#13300,#13220,#13210,#13200,#13190,#13170,
#13090));
#13380=FACE_BOUND('',#13370,.T.);
#13390=ORIENTED_EDGE('',*,*,#12020,.F.);
#13400=ORIENTED_EDGE('',*,*,#300,.T.);
#13410=ORIENTED_EDGE('',*,*,#2350,.T.);
#13420=CARTESIAN_POINT('',(2.793913,-5.987301,0.625));
#13430=DIRECTION('',(0.,1.,-1.22460635382238E-16));
#13440=VECTOR('',#13430,1.);
#13450=LINE('',#13420,#13440);
#13460=CARTESIAN_POINT('',(2.793913,-6.237301,0.625));
#13470=VERTEX_POINT('',#13460);
#13480=EDGE_CURVE('',#13470,#2280,#13450,.T.);
#13490=ORIENTED_EDGE('',*,*,#13480,.T.);
#13500=CARTESIAN_POINT('',(-12.462174,-6.237301,0.625));
#13510=DIRECTION('',(-1.,0.,0.));
#13520=VECTOR('',#13510,1.);
#13530=LINE('',#13500,#13520);
#13540=EDGE_CURVE('',#13470,#12540,#13530,.T.);
#13550=ORIENTED_EDGE('',*,*,#13540,.F.);
#13560=ORIENTED_EDGE('',*,*,#12550,.F.);
#13570=ORIENTED_EDGE('',*,*,#2140,.T.);
#13580=CARTESIAN_POINT('',(2.018913,7.65378971138986E-17,0.625));
#13590=DIRECTION('',(0.,1.,-1.22460635382238E-16));
#13600=VECTOR('',#13590,1.);
#13610=LINE('',#13580,#13600);
#13620=EDGE_CURVE('',#2050,#12010,#13610,.T.);
#13630=ORIENTED_EDGE('',*,*,#13620,.F.);
#13640=EDGE_LOOP('',(#13630,#13570,#13560,#13550,#13490,#13410,#13400,
#13390));
#13650=FACE_BOUND('',#13640,.T.);
#13660=CARTESIAN_POINT('',(-2.681087,0.,0.625));
#13670=DIRECTION('',(0.,-1.,0.));
#13680=VECTOR('',#13670,1.);
#13690=LINE('',#13660,#13680);
#13700=CARTESIAN_POINT('',(-2.681087,-6.737301,0.625));
#13710=VERTEX_POINT('',#13700);
#13720=EDGE_CURVE('',#3370,#13710,#13690,.T.);
#13730=ORIENTED_EDGE('',*,*,#13720,.F.);
#13740=CARTESIAN_POINT('',(0.,-6.737301,0.625));
#13750=DIRECTION('',(1.,0.,0.));
#13760=VECTOR('',#13750,1.);
#13770=LINE('',#13740,#13760);
#13780=CARTESIAN_POINT('',(3.968913,-6.737301,0.625));
#13790=VERTEX_POINT('',#13780);
#13800=EDGE_CURVE('',#13710,#13790,#13770,.T.);
#13810=ORIENTED_EDGE('',*,*,#13800,.F.);
#13820=CARTESIAN_POINT('',(3.968913,7.65378971138986E-17,0.625));
#13830=DIRECTION('',(0.,-1.,1.22460635382238E-16));
#13840=VECTOR('',#13830,1.);
#13850=LINE('',#13820,#13840);
#13860=EDGE_CURVE('',#3470,#13790,#13850,.T.);
#13870=ORIENTED_EDGE('',*,*,#13860,.T.);
#13880=ORIENTED_EDGE('',*,*,#3480,.T.);
#13890=EDGE_LOOP('',(#13880,#13870,#13810,#13730));
#13900=FACE_OUTER_BOUND('',#13890,.T.);
#13910=CARTESIAN_POINT('',(0.518913000000001,-5.887301,0.625));
#13920=DIRECTION('',(-1.,0.,0.));
#13930=VECTOR('',#13920,1.);
#13940=LINE('',#13910,#13930);
#13950=CARTESIAN_POINT('',(0.518913000000001,-5.887301,0.625));
#13960=VERTEX_POINT('',#13950);
#13970=CARTESIAN_POINT('',(0.293913000000002,-5.887301,0.625));
#13980=VERTEX_POINT('',#13970);
#13990=EDGE_CURVE('',#13960,#13980,#13940,.T.);
#14000=ORIENTED_EDGE('',*,*,#13990,.F.);
#14010=CARTESIAN_POINT('',(0.293913000000002,0.,0.624999999999997));
#14020=DIRECTION('',(0.,1.,-5.55111512312581E-16));
#14030=VECTOR('',#14020,1.);
#14040=LINE('',#14010,#14030);
#14050=CARTESIAN_POINT('',(0.293913000000002,-6.237301,0.625));
#14060=VERTEX_POINT('',#14050);
#14070=EDGE_CURVE('',#14060,#13980,#14040,.T.);
#14080=ORIENTED_EDGE('',*,*,#14070,.T.);
#14090=CARTESIAN_POINT('',(13.75,-6.237301,0.625));
#14100=DIRECTION('',(1.,0.,0.));
#14110=VECTOR('',#14100,1.);
#14120=LINE('',#14090,#14110);
#14130=CARTESIAN_POINT('',(-0.256086999999999,-6.237301,0.625));
#14140=VERTEX_POINT('',#14130);
#14150=EDGE_CURVE('',#14140,#14060,#14120,.T.);
#14160=ORIENTED_EDGE('',*,*,#14150,.T.);
#14170=CARTESIAN_POINT('',(-0.256086999999999,0.,0.625));
#14180=DIRECTION('',(0.,-1.,0.));
#14190=VECTOR('',#14180,1.);
#14200=LINE('',#14170,#14190);
#14210=CARTESIAN_POINT('',(-0.256086999999999,-5.887301,0.625));
#14220=VERTEX_POINT('',#14210);
#14230=EDGE_CURVE('',#14220,#14140,#14200,.T.);
#14240=ORIENTED_EDGE('',*,*,#14230,.T.);
#14250=CARTESIAN_POINT('',(-0.256086999999999,-5.887301,0.625));
#14260=DIRECTION('',(-1.,0.,0.));
#14270=VECTOR('',#14260,1.);
#14280=LINE('',#14250,#14270);
#14290=CARTESIAN_POINT('',(-0.481086999999999,-5.887301,0.625));
#14300=VERTEX_POINT('',#14290);
#14310=EDGE_CURVE('',#14220,#14300,#14280,.T.);
#14320=ORIENTED_EDGE('',*,*,#14310,.F.);
#14330=CARTESIAN_POINT('',(-0.481086999999999,0.,0.625));
#14340=DIRECTION('',(0.,-1.,0.));
#14350=VECTOR('',#14340,1.);
#14360=LINE('',#14330,#14350);
#14370=CARTESIAN_POINT('',(-0.481086999999999,-4.387301,0.625));
#14380=VERTEX_POINT('',#14370);
#14390=EDGE_CURVE('',#14380,#14300,#14360,.T.);
#14400=ORIENTED_EDGE('',*,*,#14390,.T.);
#14410=CARTESIAN_POINT('',(-1.731087,-4.387301,0.625));
#14420=DIRECTION('',(1.,0.,0.));
#14430=VECTOR('',#14420,1.);
#14440=LINE('',#14410,#14430);
#14450=CARTESIAN_POINT('',(0.518913000000001,-4.387301,0.625));
#14460=VERTEX_POINT('',#14450);
#14470=EDGE_CURVE('',#14380,#14460,#14440,.T.);
#14480=ORIENTED_EDGE('',*,*,#14470,.F.);
#14490=CARTESIAN_POINT('',(0.518913000000001,0.,0.625));
#14500=DIRECTION('',(0.,-1.,0.));
#14510=VECTOR('',#14500,1.);
#14520=LINE('',#14490,#14510);
#14530=EDGE_CURVE('',#14460,#13960,#14520,.T.);
#14540=ORIENTED_EDGE('',*,*,#14530,.F.);
#14550=EDGE_LOOP('',(#14540,#14480,#14400,#14320,#14240,#14160,#14080,
#14000));
#14560=FACE_BOUND('',#14550,.T.);
#14570=CARTESIAN_POINT('',(-0.731086999999999,0.,0.625));
#14580=DIRECTION('',(0.,1.,0.));
#14590=VECTOR('',#14580,1.);
#14600=LINE('',#14570,#14590);
#14610=CARTESIAN_POINT('',(-0.731086999999999,-5.887301,0.625));
#14620=VERTEX_POINT('',#14610);
#14630=CARTESIAN_POINT('',(-0.731086999999999,-4.387301,0.625));
#14640=VERTEX_POINT('',#14630);
#14650=EDGE_CURVE('',#14620,#14640,#14600,.T.);
#14660=ORIENTED_EDGE('',*,*,#14650,.T.);
#14670=CARTESIAN_POINT('',(-0.956086999999998,-5.887301,0.625));
#14680=VERTEX_POINT('',#14670);
#14690=EDGE_CURVE('',#14620,#14680,#14280,.T.);
#14700=ORIENTED_EDGE('',*,*,#14690,.F.);
#14710=CARTESIAN_POINT('',(-0.956086999999998,0.,0.625));
#14720=DIRECTION('',(0.,1.,0.));
#14730=VECTOR('',#14720,1.);
#14740=LINE('',#14710,#14730);
#14750=CARTESIAN_POINT('',(-0.956086999999998,-6.237301,0.625));
#14760=VERTEX_POINT('',#14750);
#14770=EDGE_CURVE('',#14760,#14680,#14740,.T.);
#14780=ORIENTED_EDGE('',*,*,#14770,.T.);
#14790=CARTESIAN_POINT('',(13.75,-6.237301,0.625));
#14800=DIRECTION('',(1.,0.,0.));
#14810=VECTOR('',#14800,1.);
#14820=LINE('',#14790,#14810);
#14830=CARTESIAN_POINT('',(-1.506087,-6.237301,0.625));
#14840=VERTEX_POINT('',#14830);
#14850=EDGE_CURVE('',#14840,#14760,#14820,.T.);
#14860=ORIENTED_EDGE('',*,*,#14850,.T.);
#14870=CARTESIAN_POINT('',(-1.506087,-5.987301,0.625));
#14880=DIRECTION('',(0.,1.,0.));
#14890=VECTOR('',#14880,1.);
#14900=LINE('',#14870,#14890);
#14910=CARTESIAN_POINT('',(-1.506087,-5.887301,0.625));
#14920=VERTEX_POINT('',#14910);
#14930=EDGE_CURVE('',#14840,#14920,#14900,.T.);
#14940=ORIENTED_EDGE('',*,*,#14930,.F.);
#14950=CARTESIAN_POINT('',(-1.506087,-5.887301,0.625));
#14960=DIRECTION('',(-1.,0.,0.));
#14970=VECTOR('',#14960,1.);
#14980=LINE('',#14950,#14970);
#14990=CARTESIAN_POINT('',(-1.731087,-5.887301,0.625));
#15000=VERTEX_POINT('',#14990);
#15010=EDGE_CURVE('',#14920,#15000,#14980,.T.);
#15020=ORIENTED_EDGE('',*,*,#15010,.F.);
#15030=CARTESIAN_POINT('',(-1.731087,0.,0.625));
#15040=DIRECTION('',(0.,1.,0.));
#15050=VECTOR('',#15040,1.);
#15060=LINE('',#15030,#15050);
#15070=CARTESIAN_POINT('',(-1.731087,-4.387301,0.625));
#15080=VERTEX_POINT('',#15070);
#15090=EDGE_CURVE('',#15000,#15080,#15060,.T.);
#15100=ORIENTED_EDGE('',*,*,#15090,.F.);
#15110=EDGE_CURVE('',#15080,#14640,#14440,.T.);
#15120=ORIENTED_EDGE('',*,*,#15110,.F.);
#15130=EDGE_LOOP('',(#15120,#15100,#15020,#14940,#14860,#14780,#14700,
#14660));
#15140=FACE_BOUND('',#15130,.T.);
#15150=ADVANCED_FACE('',(#13380,#13650,#13900,#14560,#15140),#13030,.T.)
;
#15160=CARTESIAN_POINT('',(-0.481084599999999,-6.287301,3.625));
#15170=DIRECTION('',(0.,0.,-1.));
#15180=DIRECTION('',(0.,1.,0.));
#15190=AXIS2_PLACEMENT_3D('',#15160,#15170,#15180);
#15200=PLANE('',#15190);
#15210=CARTESIAN_POINT('',(13.75,-6.287301,3.625));
#15220=DIRECTION('',(1.,0.,0.));
#15230=VECTOR('',#15220,1.);
#15240=LINE('',#15210,#15230);
#15250=CARTESIAN_POINT('',(-2.131087,-6.287301,3.625));
#15260=VERTEX_POINT('',#15250);
#15270=CARTESIAN_POINT('',(-1.456087,-6.287301,3.625));
#15280=VERTEX_POINT('',#15270);
#15290=EDGE_CURVE('',#15260,#15280,#15240,.T.);
#15300=ORIENTED_EDGE('',*,*,#15290,.F.);
#15310=CARTESIAN_POINT('',(-1.456087,0.,3.625));
#15320=DIRECTION('',(0.,1.,0.));
#15330=VECTOR('',#15320,1.);
#15340=LINE('',#15310,#15330);
#15350=CARTESIAN_POINT('',(-1.456087,-5.887301,3.625));
#15360=VERTEX_POINT('',#15350);
#15370=EDGE_CURVE('',#15280,#15360,#15340,.T.);
#15380=ORIENTED_EDGE('',*,*,#15370,.F.);
#15390=CARTESIAN_POINT('',(13.75,-5.887301,3.625));
#15400=DIRECTION('',(1.,0.,0.));
#15410=VECTOR('',#15400,1.);
#15420=LINE('',#15390,#15410);
#15430=CARTESIAN_POINT('',(-1.731087,-5.887301,3.625));
#15440=VERTEX_POINT('',#15430);
#15450=EDGE_CURVE('',#15440,#15360,#15420,.T.);
#15460=ORIENTED_EDGE('',*,*,#15450,.T.);
#15470=CARTESIAN_POINT('',(13.75,-5.887301,3.625));
#15480=DIRECTION('',(1.,0.,0.));
#15490=VECTOR('',#15480,1.);
#15500=LINE('',#15470,#15490);
#15510=CARTESIAN_POINT('',(-2.131087,-5.887301,3.625));
#15520=VERTEX_POINT('',#15510);
#15530=EDGE_CURVE('',#15520,#15440,#15500,.T.);
#15540=ORIENTED_EDGE('',*,*,#15530,.T.);
#15550=CARTESIAN_POINT('',(-2.131087,0.,3.625));
#15560=DIRECTION('',(0.,1.,0.));
#15570=VECTOR('',#15560,1.);
#15580=LINE('',#15550,#15570);
#15590=EDGE_CURVE('',#15260,#15520,#15580,.T.);
#15600=ORIENTED_EDGE('',*,*,#15590,.T.);
#15610=EDGE_LOOP('',(#15600,#15540,#15460,#15380,#15300));
#15620=FACE_OUTER_BOUND('',#15610,.T.);
#15630=ADVANCED_FACE('',(#15620),#15200,.T.);
#15640=CARTESIAN_POINT('',(0.0189130000000013,-6.287301,4.025));
#15650=DIRECTION('',(0.,0.,1.));
#15660=DIRECTION('',(0.,-1.,0.));
#15670=AXIS2_PLACEMENT_3D('',#15640,#15650,#15660);
#15680=PLANE('',#15670);
#15690=CARTESIAN_POINT('',(13.75,-6.287301,4.025));
#15700=DIRECTION('',(-1.,0.,0.));
#15710=VECTOR('',#15700,1.);
#15720=LINE('',#15690,#15710);
#15730=CARTESIAN_POINT('',(0.243913000000001,-6.287301,4.025));
#15740=VERTEX_POINT('',#15730);
#15750=CARTESIAN_POINT('',(-0.206086999999998,-6.287301,4.025));
#15760=VERTEX_POINT('',#15750);
#15770=EDGE_CURVE('',#15740,#15760,#15720,.T.);
#15780=ORIENTED_EDGE('',*,*,#15770,.T.);
#15790=CARTESIAN_POINT('',(0.243913000000001,0.,4.025));
#15800=DIRECTION('',(0.,-1.,0.));
#15810=VECTOR('',#15800,1.);
#15820=LINE('',#15790,#15810);
#15830=CARTESIAN_POINT('',(0.243913000000001,-5.887301,4.025));
#15840=VERTEX_POINT('',#15830);
#15850=EDGE_CURVE('',#15840,#15740,#15820,.T.);
#15860=ORIENTED_EDGE('',*,*,#15850,.T.);
#15870=CARTESIAN_POINT('',(13.75,-5.887301,4.025));
#15880=DIRECTION('',(1.,0.,0.));
#15890=VECTOR('',#15880,1.);
#15900=LINE('',#15870,#15890);
#15910=CARTESIAN_POINT('',(-0.206086999999998,-5.887301,4.025));
#15920=VERTEX_POINT('',#15910);
#15930=EDGE_CURVE('',#15920,#15840,#15900,.T.);
#15940=ORIENTED_EDGE('',*,*,#15930,.T.);
#15950=CARTESIAN_POINT('',(-0.206086999999998,0.,4.025));
#15960=DIRECTION('',(0.,-1.,0.));
#15970=VECTOR('',#15960,1.);
#15980=LINE('',#15950,#15970);
#15990=EDGE_CURVE('',#15920,#15760,#15980,.T.);
#16000=ORIENTED_EDGE('',*,*,#15990,.F.);
#16010=EDGE_LOOP('',(#16000,#15940,#15860,#15780));
#16020=FACE_OUTER_BOUND('',#16010,.T.);
#16030=ADVANCED_FACE('',(#16020),#15680,.F.);
#16040=CARTESIAN_POINT('',(2.743913,-5.59778542378857,3.05404568246191))
;
#16050=DIRECTION('',(-1.,0.,0.));
#16060=DIRECTION('',(0.,-1.,1.22460635382238E-16));
#16070=AXIS2_PLACEMENT_3D('',#16040,#16050,#16060);
#16080=PLANE('',#16070);
#16090=ORIENTED_EDGE('',*,*,#3970,.F.);
#16100=CARTESIAN_POINT('',(2.743913,-5.887301,2.76873411296421E-16));
#16110=DIRECTION('',(0.,-1.22460635382238E-16,-1.));
#16120=VECTOR('',#16110,1.);
#16130=LINE('',#16100,#16120);
#16140=CARTESIAN_POINT('',(2.743913,-5.887301,4.025));
#16150=VERTEX_POINT('',#16140);
#16160=EDGE_CURVE('',#16150,#3880,#16130,.T.);
#16170=ORIENTED_EDGE('',*,*,#16160,.T.);
#16180=CARTESIAN_POINT('',(2.743913,4.92904057413507E-16,4.025));
#16190=DIRECTION('',(0.,1.,-1.22460635382238E-16));
#16200=VECTOR('',#16190,1.);
#16210=LINE('',#16180,#16200);
#16220=CARTESIAN_POINT('',(2.743913,-6.287301,4.025));
#16230=VERTEX_POINT('',#16220);
#16240=EDGE_CURVE('',#16230,#16150,#16210,.T.);
#16250=ORIENTED_EDGE('',*,*,#16240,.T.);
#16260=CARTESIAN_POINT('',(2.743913,-6.287301,3.25857665449316E-16));
#16270=DIRECTION('',(0.,-1.22460635382238E-16,-1.));
#16280=VECTOR('',#16270,1.);
#16290=LINE('',#16260,#16280);
#16300=EDGE_CURVE('',#16230,#3960,#16290,.T.);
#16310=ORIENTED_EDGE('',*,*,#16300,.F.);
#16320=EDGE_LOOP('',(#16310,#16250,#16170,#16090));
#16330=FACE_OUTER_BOUND('',#16320,.T.);
#16340=ADVANCED_FACE('',(#16330),#16080,.T.);
#16350=CARTESIAN_POINT('',(2.968913,-5.887301,1.825));
#16360=DIRECTION('',(-0.999512076087079,-3.8250276221826E-18,
-0.0312347523777212));
#16370=DIRECTION('',(-0.0312347523777212,1.22400883909843E-16,
0.999512076087079));
#16380=AXIS2_PLACEMENT_3D('',#16350,#16360,#16370);
#16390=PLANE('',#16380);
#16400=ORIENTED_EDGE('',*,*,#1740,.F.);
#16410=CARTESIAN_POINT('',(2.968913,2.23490659572584E-16,1.825));
#16420=DIRECTION('',(0.,-1.,1.22460635382238E-16));
#16430=VECTOR('',#16420,1.);
#16440=LINE('',#16410,#16430);
#16450=CARTESIAN_POINT('',(2.968913,-6.737301,1.825));
#16460=VERTEX_POINT('',#16450);
#16470=EDGE_CURVE('',#1650,#16460,#16440,.T.);
#16480=ORIENTED_EDGE('',*,*,#16470,.F.);
#16490=CARTESIAN_POINT('',(3.02594425,-6.737301,3.80964951371323E-16));
#16500=DIRECTION('',(-0.0312347523777212,1.22400883909843E-16,
0.999512076087079));
#16510=VECTOR('',#16500,1.);
#16520=LINE('',#16490,#16510);
#16530=CARTESIAN_POINT('',(2.959538,-6.737301,2.125));
#16540=VERTEX_POINT('',#16530);
#16550=EDGE_CURVE('',#16460,#16540,#16520,.T.);
#16560=ORIENTED_EDGE('',*,*,#16550,.F.);
#16570=CARTESIAN_POINT('',(3.02594425,-7.374801,4.590336064275E-16));
#16580=DIRECTION('',(0.0299186719123448,-0.287219250358511,
-0.957397501195035));
#16590=VECTOR('',#16580,1.);
#16600=LINE('',#16570,#16590);
#16610=EDGE_CURVE('',#10520,#16540,#16600,.T.);
#16620=ORIENTED_EDGE('',*,*,#16610,.T.);
#16630=ORIENTED_EDGE('',*,*,#10530,.T.);
#16640=CARTESIAN_POINT('',(2.905771703125,4.70925006266056E-16,3.8455215
));
#16650=DIRECTION('',(0.00222646479364673,-0.99745622755373,
-0.071246873396695));
#16660=VECTOR('',#16650,1.);
#16670=LINE('',#16640,#16660);
#16680=EDGE_CURVE('',#1730,#10420,#16670,.T.);
#16690=ORIENTED_EDGE('',*,*,#16680,.T.);
#16700=EDGE_LOOP('',(#16690,#16630,#16620,#16560,#16480,#16400));
#16710=FACE_OUTER_BOUND('',#16700,.T.);
#16720=ADVANCED_FACE('',(#16710),#16390,.F.);
#16730=CARTESIAN_POINT('',(3.418913,-3.98730099999999,1.725));
#16740=DIRECTION('',(1.,0.,0.));
#16750=DIRECTION('',(0.,-4.3184314631184E-15,1.));
#16760=AXIS2_PLACEMENT_3D('',#16730,#16740,#16750);
#16770=PLANE('',#16760);
#16780=CARTESIAN_POINT('',(3.418913,-3.98730099999999,1.425));
#16790=DIRECTION('',(0.,-1.,-4.3184314631184E-15));
#16800=VECTOR('',#16790,1.);
#16810=LINE('',#16780,#16800);
#16820=EDGE_CURVE('',#11760,#12780,#16810,.T.);
#16830=ORIENTED_EDGE('',*,*,#16820,.F.);
#16840=ORIENTED_EDGE('',*,*,#12940,.F.);
#16850=ORIENTED_EDGE('',*,*,#7950,.F.);
#16860=ORIENTED_EDGE('',*,*,#4210,.T.);
#16870=ORIENTED_EDGE('',*,*,#9640,.T.);
#16880=ORIENTED_EDGE('',*,*,#6670,.F.);
#16890=ORIENTED_EDGE('',*,*,#3750,.T.);
#16900=CARTESIAN_POINT('',(3.418913,-6.287301,3.25857665449316E-16));
#16910=DIRECTION('',(0.,-1.22460635382238E-16,-1.));
#16920=VECTOR('',#16910,1.);
#16930=LINE('',#16900,#16920);
#16940=EDGE_CURVE('',#5160,#3720,#16930,.T.);
#16950=ORIENTED_EDGE('',*,*,#16940,.T.);
#16960=ORIENTED_EDGE('',*,*,#5170,.T.);
#16970=ORIENTED_EDGE('',*,*,#11830,.F.);
#16980=EDGE_LOOP('',(#16970,#16960,#16950,#16890,#16880,#16870,#16860,
#16850,#16840,#16830));
#16990=FACE_OUTER_BOUND('',#16980,.T.);
#17000=ADVANCED_FACE('',(#16990),#16770,.T.);
#17010=CARTESIAN_POINT('',(1.043913,-5.59778542378857,3.05404568246191))
;
#17020=DIRECTION('',(-1.,0.,0.));
#17030=DIRECTION('',(0.,-1.,1.22460635382238E-16));
#17040=AXIS2_PLACEMENT_3D('',#17010,#17020,#17030);
#17050=PLANE('',#17040);
#17060=CARTESIAN_POINT('',(1.043913,-6.287301,3.25857665449316E-16));
#17070=DIRECTION('',(0.,-1.22460635382238E-16,-1.));
#17080=VECTOR('',#17070,1.);
#17090=LINE('',#17060,#17080);
#17100=CARTESIAN_POINT('',(1.043913,-6.287301,3.625));
#17110=VERTEX_POINT('',#17100);
#17120=EDGE_CURVE('',#7630,#17110,#17090,.T.);
#17130=ORIENTED_EDGE('',*,*,#17120,.T.);
#17140=ORIENTED_EDGE('',*,*,#7640,.T.);
#17150=CARTESIAN_POINT('',(1.043913,-5.887301,2.76873411296421E-16));
#17160=DIRECTION('',(0.,1.22460635382238E-16,1.));
#17170=VECTOR('',#17160,1.);
#17180=LINE('',#17150,#17170);
#17190=CARTESIAN_POINT('',(1.043913,-5.887301,3.625));
#17200=VERTEX_POINT('',#17190);
#17210=EDGE_CURVE('',#17200,#7550,#17180,.T.);
#17220=ORIENTED_EDGE('',*,*,#17210,.T.);
#17230=CARTESIAN_POINT('',(1.043913,4.43919803260612E-16,3.625));
#17240=DIRECTION('',(0.,-1.,1.22460635382238E-16));
#17250=VECTOR('',#17240,1.);
#17260=LINE('',#17230,#17250);
#17270=EDGE_CURVE('',#17200,#17110,#17260,.T.);
#17280=ORIENTED_EDGE('',*,*,#17270,.F.);
#17290=EDGE_LOOP('',(#17280,#17220,#17140,#17130));
#17300=FACE_OUTER_BOUND('',#17290,.T.);
#17310=ADVANCED_FACE('',(#17300),#17050,.F.);
#17320=CARTESIAN_POINT('',(3.968913,-3.80868013349354,1.425));
#17330=DIRECTION('',(-1.,0.,0.));
#17340=DIRECTION('',(0.,-1.22460635382238E-16,-1.));
#17350=AXIS2_PLACEMENT_3D('',#17320,#17330,#17340);
#17360=PLANE('',#17350);
#17370=CARTESIAN_POINT('',(3.968913,1.74506405419689E-16,1.425));
#17380=DIRECTION('',(0.,1.,-1.22460635382238E-16));
#17390=VECTOR('',#17380,1.);
#17400=LINE('',#17370,#17390);
#17410=EDGE_CURVE('',#12800,#3550,#17400,.T.);
#17420=ORIENTED_EDGE('',*,*,#17410,.F.);
#17430=ORIENTED_EDGE('',*,*,#3560,.T.);
#17440=ORIENTED_EDGE('',*,*,#13860,.F.);
#17450=CARTESIAN_POINT('',(3.968913,-6.737301,1.425));
#17460=DIRECTION('',(0.,-1.22460635382238E-16,-1.));
#17470=VECTOR('',#17460,1.);
#17480=LINE('',#17450,#17470);
#17490=EDGE_CURVE('',#9410,#13790,#17480,.T.);
#17500=ORIENTED_EDGE('',*,*,#17490,.T.);
#17510=ORIENTED_EDGE('',*,*,#9420,.T.);
#17520=ORIENTED_EDGE('',*,*,#4370,.T.);
#17530=ORIENTED_EDGE('',*,*,#7860,.T.);
#17540=ORIENTED_EDGE('',*,*,#12870,.T.);
#17550=EDGE_LOOP('',(#17540,#17530,#17520,#17510,#17500,#17440,#17430,
#17420));
#17560=FACE_OUTER_BOUND('',#17550,.T.);
#17570=ADVANCED_FACE('',(#17560),#17360,.F.);
#17580=ORIENTED_EDGE('',*,*,#6900,.T.);
#17590=CARTESIAN_POINT('',(2.018913,-5.887301,2.76873411296421E-16));
#17600=DIRECTION('',(0.,-1.22460635382238E-16,-1.));
#17610=VECTOR('',#17600,1.);
#17620=LINE('',#17590,#17610);
#17630=EDGE_CURVE('',#6890,#1250,#17620,.T.);
#17640=ORIENTED_EDGE('',*,*,#17630,.F.);
#17650=ORIENTED_EDGE('',*,*,#1260,.T.);
#17660=CARTESIAN_POINT('',(2.293913,-5.887301,2.76873411296421E-16));
#17670=DIRECTION('',(0.,-1.22460635382238E-16,-1.));
#17680=VECTOR('',#17670,1.);
#17690=LINE('',#17660,#17680);
#17700=CARTESIAN_POINT('',(2.293913,-5.887301,4.025));
#17710=VERTEX_POINT('',#17700);
#17720=EDGE_CURVE('',#17710,#1170,#17690,.T.);
#17730=ORIENTED_EDGE('',*,*,#17720,.T.);
#17740=CARTESIAN_POINT('',(-12.462174,-5.887301,4.025));
#17750=DIRECTION('',(-1.,0.,0.));
#17760=VECTOR('',#17750,1.);
#17770=LINE('',#17740,#17760);
#17780=EDGE_CURVE('',#16150,#17710,#17770,.T.);
#17790=ORIENTED_EDGE('',*,*,#17780,.T.);
#17800=ORIENTED_EDGE('',*,*,#16160,.F.);
#17810=ORIENTED_EDGE('',*,*,#3890,.T.);
#17820=ORIENTED_EDGE('',*,*,#520,.T.);
#17830=EDGE_LOOP('',(#17820,#17810,#17800,#17790,#17730,#17650,#17640,
#17580));
#17840=FACE_OUTER_BOUND('',#17830,.T.);
#17850=ADVANCED_FACE('',(#17840),#1570,.F.);
#17860=CARTESIAN_POINT('',(1.468913,-4.967301,4.625));
#17870=DIRECTION('',(1.,0.,0.));
#17880=DIRECTION('',(0.,-1.,1.22460635382238E-16));
#17890=AXIS2_PLACEMENT_3D('',#17860,#17870,#17880);
#17900=PLANE('',#17890);
#17910=ORIENTED_EDGE('',*,*,#5760,.T.);
#17920=CARTESIAN_POINT('',(1.468913,-4.967301,1.64209626744763E-16));
#17930=DIRECTION('',(0.,-1.22460635382238E-16,-1.));
#17940=VECTOR('',#17930,1.);
#17950=LINE('',#17920,#17940);
#17960=CARTESIAN_POINT('',(1.468913,-4.967301,4.225));
#17970=VERTEX_POINT('',#17960);
#17980=EDGE_CURVE('',#5670,#17970,#17950,.T.);
#17990=ORIENTED_EDGE('',*,*,#17980,.F.);
#18000=CARTESIAN_POINT('',(1.468913,5.17396184489954E-16,4.225));
#18010=DIRECTION('',(0.,1.,-1.22460635382238E-16));
#18020=VECTOR('',#18010,1.);
#18030=LINE('',#18000,#18020);
#18040=CARTESIAN_POINT('',(1.468913,-4.567301,4.225));
#18050=VERTEX_POINT('',#18040);
#18060=EDGE_CURVE('',#17970,#18050,#18030,.T.);
#18070=ORIENTED_EDGE('',*,*,#18060,.F.);
#18080=CARTESIAN_POINT('',(1.468913,-4.567301,1.15225372591867E-16));
#18090=DIRECTION('',(0.,-1.22460635382238E-16,-1.));
#18100=VECTOR('',#18090,1.);
#18110=LINE('',#18080,#18100);
#18120=EDGE_CURVE('',#5750,#18050,#18110,.T.);
#18130=ORIENTED_EDGE('',*,*,#18120,.T.);
#18140=EDGE_LOOP('',(#18130,#18070,#17990,#17910));
#18150=FACE_OUTER_BOUND('',#18140,.T.);
#18160=ADVANCED_FACE('',(#18150),#17900,.F.);
#18170=CARTESIAN_POINT('',(1.893913,-5.887301,3.425));
#18180=DIRECTION('',(0.,1.,-6.77572147694816E-16));
#18190=DIRECTION('',(0.,6.77572147694816E-16,1.));
#18200=AXIS2_PLACEMENT_3D('',#18170,#18180,#18190);
#18210=PLANE('',#18200);
#18220=ORIENTED_EDGE('',*,*,#1340,.F.);
#18230=CARTESIAN_POINT('',(2.018913,-5.887301,2.76873411296421E-16));
#18240=DIRECTION('',(0.,6.77572147694816E-16,1.));
#18250=VECTOR('',#18240,1.);
#18260=LINE('',#18230,#18250);
#18270=EDGE_CURVE('',#1970,#1250,#18260,.T.);
#18280=ORIENTED_EDGE('',*,*,#18270,.T.);
#18290=ORIENTED_EDGE('',*,*,#8480,.F.);
#18300=CARTESIAN_POINT('',(1.768913,-5.887301,2.76873411296421E-16));
#18310=DIRECTION('',(0.,-6.77572147694816E-16,-1.));
#18320=VECTOR('',#18310,1.);
#18330=LINE('',#18300,#18320);
#18340=EDGE_CURVE('',#1330,#8470,#18330,.T.);
#18350=ORIENTED_EDGE('',*,*,#18340,.T.);
#18360=EDGE_LOOP('',(#18350,#18290,#18280,#18220));
#18370=FACE_OUTER_BOUND('',#18360,.T.);
#18380=ADVANCED_FACE('',(#18370),#18210,.F.);
#18390=CARTESIAN_POINT('',(1.068913,-4.967301,4.625));
#18400=DIRECTION('',(0.,-1.,1.22460635382238E-16));
#18410=DIRECTION('',(-1.,0.,0.));
#18420=AXIS2_PLACEMENT_3D('',#18390,#18400,#18410);
#18430=PLANE('',#18420);
#18440=ORIENTED_EDGE('',*,*,#5680,.F.);
#18450=CARTESIAN_POINT('',(1.068913,-4.967301,1.64209626744762E-16));
#18460=DIRECTION('',(0.,1.22460635382238E-16,1.));
#18470=VECTOR('',#18460,1.);
#18480=LINE('',#18450,#18470);
#18490=CARTESIAN_POINT('',(1.068913,-4.967301,4.225));
#18500=VERTEX_POINT('',#18490);
#18510=EDGE_CURVE('',#18500,#5570,#18480,.T.);
#18520=ORIENTED_EDGE('',*,*,#18510,.T.);
#18530=CARTESIAN_POINT('',(-12.462174,-4.967301,4.225));
#18540=DIRECTION('',(1.,0.,0.));
#18550=VECTOR('',#18540,1.);
#18560=LINE('',#18530,#18550);
#18570=EDGE_CURVE('',#18500,#17970,#18560,.T.);
#18580=ORIENTED_EDGE('',*,*,#18570,.F.);
#18590=ORIENTED_EDGE('',*,*,#17980,.T.);
#18600=EDGE_LOOP('',(#18590,#18580,#18520,#18440));
#18610=FACE_OUTER_BOUND('',#18600,.T.);
#18620=ADVANCED_FACE('',(#18610),#18430,.F.);
#18630=CARTESIAN_POINT('',(2.518913,-6.587301,2.625));
#18640=DIRECTION('',(0.,-0.957826285221151,0.287347885566346));
#18650=DIRECTION('',(0.,-0.287347885566346,-0.957826285221151));
#18660=AXIS2_PLACEMENT_3D('',#18630,#18640,#18650);
#18670=PLANE('',#18660);
#18680=CARTESIAN_POINT('',(-12.462174,-6.737301,2.125));
#18690=DIRECTION('',(1.,0.,0.));
#18700=VECTOR('',#18690,1.);
#18710=LINE('',#18680,#18700);
#18720=CARTESIAN_POINT('',(2.078288,-6.737301,2.125));
#18730=VERTEX_POINT('',#18720);
#18740=EDGE_CURVE('',#18730,#16540,#18710,.T.);
#18750=ORIENTED_EDGE('',*,*,#18740,.T.);
#18760=CARTESIAN_POINT('',(2.01188175,-7.374801,4.590336064275E-16));
#18770=DIRECTION('',(0.0299186719123448,0.287219250358511,
0.957397501195035));
#18780=VECTOR('',#18770,1.);
#18790=LINE('',#18760,#18780);
#18800=EDGE_CURVE('',#18730,#10600,#18790,.T.);
#18810=ORIENTED_EDGE('',*,*,#18800,.F.);
#18820=ORIENTED_EDGE('',*,*,#10610,.T.);
#18830=ORIENTED_EDGE('',*,*,#16610,.F.);
#18840=EDGE_LOOP('',(#18830,#18820,#18810,#18750));
#18850=FACE_OUTER_BOUND('',#18840,.T.);
#18860=ADVANCED_FACE('',(#18850),#18670,.T.);
#18870=CARTESIAN_POINT('',(0.768913,-5.59778542378857,3.05404568246191))
;
#18880=DIRECTION('',(-1.,0.,0.));
#18890=DIRECTION('',(0.,-1.,1.22460635382238E-16));
#18900=AXIS2_PLACEMENT_3D('',#18870,#18880,#18890);
#18910=PLANE('',#18900);
#18920=CARTESIAN_POINT('',(0.768913,-5.887301,2.76873411296421E-16));
#18930=DIRECTION('',(0.,1.22460635382238E-16,1.));
#18940=VECTOR('',#18930,1.);
#18950=LINE('',#18920,#18940);
#18960=CARTESIAN_POINT('',(0.768913,-5.887301,4.225));
#18970=VERTEX_POINT('',#18960);
#18980=EDGE_CURVE('',#9900,#18970,#18950,.T.);
#18990=ORIENTED_EDGE('',*,*,#18980,.F.);
#19000=CARTESIAN_POINT('',(0.768913,5.17396184489954E-16,4.225));
#19010=DIRECTION('',(0.,1.,-1.22460635382238E-16));
#19020=VECTOR('',#19010,1.);
#19030=LINE('',#19000,#19020);
#19040=CARTESIAN_POINT('',(0.768913,-4.387301,4.225));
#19050=VERTEX_POINT('',#19040);
#19060=EDGE_CURVE('',#18970,#19050,#19030,.T.);
#19070=ORIENTED_EDGE('',*,*,#19060,.F.);
#19080=CARTESIAN_POINT('',(0.768913,-4.387301,0.));
#19090=DIRECTION('',(0.,0.,1.));
#19100=VECTOR('',#19090,1.);
#19110=LINE('',#19080,#19100);
#19120=EDGE_CURVE('',#13050,#19050,#19110,.T.);
#19130=ORIENTED_EDGE('',*,*,#19120,.T.);
#19140=ORIENTED_EDGE('',*,*,#13350,.F.);
#19150=CARTESIAN_POINT('',(0.768913,-5.887301,2.76873411296421E-16));
#19160=DIRECTION('',(0.,-1.22460635382238E-16,-1.));
#19170=VECTOR('',#19160,1.);
#19180=LINE('',#19150,#19170);
#19190=EDGE_CURVE('',#9980,#13280,#19180,.T.);
#19200=ORIENTED_EDGE('',*,*,#19190,.T.);
#19210=ORIENTED_EDGE('',*,*,#9990,.F.);
#19220=EDGE_LOOP('',(#19210,#19200,#19140,#19130,#19070,#18990));
#19230=FACE_OUTER_BOUND('',#19220,.T.);
#19240=ADVANCED_FACE('',(#19230),#18910,.F.);
#19250=CARTESIAN_POINT('',(2.518913,-6.287301,3.39642857142857));
#19260=DIRECTION('',(0.,-0.0712470499879097,0.997458699830735));
#19270=DIRECTION('',(0.,-0.997458699830735,-0.0712470499879097));
#19280=AXIS2_PLACEMENT_3D('',#19250,#19260,#19270);
#19290=PLANE('',#19280);
#19300=ORIENTED_EDGE('',*,*,#1820,.F.);
#19310=ORIENTED_EDGE('',*,*,#16680,.F.);
#19320=ORIENTED_EDGE('',*,*,#10450,.F.);
#19330=CARTESIAN_POINT('',(2.132054296875,4.70925006266056E-16,3.8455215
));
#19340=DIRECTION('',(0.00222646479364673,0.99745622755373,
0.071246873396695));
#19350=VECTOR('',#19340,1.);
#19360=LINE('',#19330,#19350);
#19370=EDGE_CURVE('',#10440,#1810,#19360,.T.);
#19380=ORIENTED_EDGE('',*,*,#19370,.F.);
#19390=EDGE_LOOP('',(#19380,#19320,#19310,#19300));
#19400=FACE_OUTER_BOUND('',#19390,.T.);
#19410=ADVANCED_FACE('',(#19400),#19290,.T.);
#19420=CARTESIAN_POINT('',(1.668913,-5.887301,3.425));
#19430=DIRECTION('',(0.999512076087079,3.8250276221826E-18,
0.0312347523777212));
#19440=DIRECTION('',(0.0312347523777212,-1.22400883909843E-16,
-0.999512076087079));
#19450=AXIS2_PLACEMENT_3D('',#19420,#19430,#19440);
#19460=PLANE('',#19450);
#19470=ORIENTED_EDGE('',*,*,#8730,.T.);
#19480=CARTESIAN_POINT('',(1.77594425,-6.737301,3.80964951371323E-16));
#19490=DIRECTION('',(0.0312347523777212,-1.22400883909843E-16,
-0.999512076087079));
#19500=VECTOR('',#19490,1.);
#19510=LINE('',#19480,#19500);
#19520=CARTESIAN_POINT('',(1.709538,-6.737301,2.125));
#19530=VERTEX_POINT('',#19520);
#19540=EDGE_CURVE('',#19530,#8640,#19510,.T.);
#19550=ORIENTED_EDGE('',*,*,#19540,.T.);
#19560=CARTESIAN_POINT('',(1.77594425,-7.374801,4.590336064275E-16));
#19570=DIRECTION('',(0.0299186719123448,-0.287219250358511,
-0.957397501195035));
#19580=VECTOR('',#19570,1.);
#19590=LINE('',#19560,#19580);
#19600=EDGE_CURVE('',#11440,#19530,#19590,.T.);
#19610=ORIENTED_EDGE('',*,*,#19600,.T.);
#19620=ORIENTED_EDGE('',*,*,#11450,.T.);
#19630=ORIENTED_EDGE('',*,*,#4610,.T.);
#19640=CARTESIAN_POINT('',(1.77594425,-5.887301,2.76873411296421E-16));
#19650=DIRECTION('',(0.0312347523777212,-1.22400883909843E-16,
-0.999512076087079));
#19660=VECTOR('',#19650,1.);
#19670=LINE('',#19640,#19660);
#19680=EDGE_CURVE('',#4580,#8720,#19670,.T.);
#19690=ORIENTED_EDGE('',*,*,#19680,.F.);
#19700=EDGE_LOOP('',(#19690,#19630,#19620,#19610,#19550,#19470));
#19710=FACE_OUTER_BOUND('',#19700,.T.);
#19720=ADVANCED_FACE('',(#19710),#19460,.T.);
#19730=CARTESIAN_POINT('',(2.968913,-5.02665015825376,3.65875049669771))
;
#19740=DIRECTION('',(1.,0.,0.));
#19750=DIRECTION('',(0.,1.,-1.22460635382238E-16));
#19760=AXIS2_PLACEMENT_3D('',#19730,#19740,#19750);
#19770=PLANE('',#19760);
#19780=ORIENTED_EDGE('',*,*,#9560,.T.);
#19790=CARTESIAN_POINT('',(2.968913,-6.737301,3.80964951371323E-16));
#19800=DIRECTION('',(0.,-1.22460635382238E-16,-1.));
#19810=VECTOR('',#19800,1.);
#19820=LINE('',#19790,#19810);
#19830=EDGE_CURVE('',#16460,#9490,#19820,.T.);
#19840=ORIENTED_EDGE('',*,*,#19830,.T.);
#19850=ORIENTED_EDGE('',*,*,#16470,.T.);
#19860=ORIENTED_EDGE('',*,*,#1660,.T.);
#19870=EDGE_LOOP('',(#19860,#19850,#19840,#19780));
#19880=FACE_OUTER_BOUND('',#19870,.T.);
#19890=ADVANCED_FACE('',(#19880),#19770,.T.);
#19900=CARTESIAN_POINT('',(1.543913,-6.237301,2.425));
#19910=DIRECTION('',(0.,0.81923192051904,-0.573462344363329));
#19920=DIRECTION('',(0.,-0.573462344363329,-0.81923192051904));
#19930=AXIS2_PLACEMENT_3D('',#19900,#19910,#19920);
#19940=PLANE('',#19930);
#19950=CARTESIAN_POINT('',(-12.462174,-5.887301,2.925));
#19960=DIRECTION('',(-1.,0.,0.));
#19970=VECTOR('',#19960,1.);
#19980=LINE('',#19950,#19970);
#19990=EDGE_CURVE('',#11210,#10840,#19980,.T.);
#20000=ORIENTED_EDGE('',*,*,#19990,.F.);
#20010=ORIENTED_EDGE('',*,*,#10980,.F.);
#20020=ORIENTED_EDGE('',*,*,#2680,.F.);
#20030=ORIENTED_EDGE('',*,*,#11280,.F.);
#20040=EDGE_LOOP('',(#20030,#20020,#20010,#20000));
#20050=FACE_OUTER_BOUND('',#20040,.T.);
#20060=ADVANCED_FACE('',(#20050),#19940,.T.);
#20070=CARTESIAN_POINT('',(2.293913,-5.59778542378857,3.05404568246191))
;
#20080=DIRECTION('',(-1.,0.,0.));
#20090=DIRECTION('',(0.,-1.,1.22460635382238E-16));
#20100=AXIS2_PLACEMENT_3D('',#20070,#20080,#20090);
#20110=PLANE('',#20100);
#20120=CARTESIAN_POINT('',(2.293913,-6.287301,3.25857665449316E-16));
#20130=DIRECTION('',(0.,-1.22460635382238E-16,-1.));
#20140=VECTOR('',#20130,1.);
#20150=LINE('',#20120,#20140);
#20160=CARTESIAN_POINT('',(2.293913,-6.287301,4.025));
#20170=VERTEX_POINT('',#20160);
#20180=EDGE_CURVE('',#20170,#1070,#20150,.T.);
#20190=ORIENTED_EDGE('',*,*,#20180,.T.);
#20200=CARTESIAN_POINT('',(2.293913,4.92904057413507E-16,4.025));
#20210=DIRECTION('',(0.,1.,-1.22460635382238E-16));
#20220=VECTOR('',#20210,1.);
#20230=LINE('',#20200,#20220);
#20240=EDGE_CURVE('',#20170,#17710,#20230,.T.);
#20250=ORIENTED_EDGE('',*,*,#20240,.F.);
#20260=ORIENTED_EDGE('',*,*,#17720,.F.);
#20270=ORIENTED_EDGE('',*,*,#1180,.T.);
#20280=EDGE_LOOP('',(#20270,#20260,#20250,#20190));
#20290=FACE_OUTER_BOUND('',#20280,.T.);
#20300=ADVANCED_FACE('',(#20290),#20110,.F.);
#20310=CARTESIAN_POINT('',(2.793913,-6.11797896575164,2.20695639006852))
;
#20320=DIRECTION('',(-1.,0.,0.));
#20330=DIRECTION('',(0.,-1.,1.22460635382238E-16));
#20340=AXIS2_PLACEMENT_3D('',#20310,#20320,#20330);
#20350=PLANE('',#20340);
#20360=ORIENTED_EDGE('',*,*,#860,.T.);
#20370=CARTESIAN_POINT('',(2.793913,-6.237301,3.19734633680204E-16));
#20380=DIRECTION('',(0.,1.22460635382238E-16,1.));
#20390=VECTOR('',#20380,1.);
#20400=LINE('',#20370,#20390);
#20410=EDGE_CURVE('',#13470,#770,#20400,.T.);
#20420=ORIENTED_EDGE('',*,*,#20410,.T.);
#20430=ORIENTED_EDGE('',*,*,#13480,.F.);
#20440=ORIENTED_EDGE('',*,*,#2290,.F.);
#20450=EDGE_LOOP('',(#20440,#20430,#20420,#20360));
#20460=FACE_OUTER_BOUND('',#20450,.T.);
#20470=ADVANCED_FACE('',(#20460),#20350,.T.);
#20480=CARTESIAN_POINT('',(1.768913,-5.59778542378857,3.05404568246191))
;
#20490=DIRECTION('',(-1.,0.,0.));
#20500=DIRECTION('',(0.,-1.,1.22460635382238E-16));
#20510=AXIS2_PLACEMENT_3D('',#20480,#20490,#20500);
#20520=PLANE('',#20510);
#20530=ORIENTED_EDGE('',*,*,#18340,.F.);
#20540=CARTESIAN_POINT('',(1.768913,-5.887301,2.76873411296421E-16));
#20550=DIRECTION('',(0.,-1.22460635382238E-16,-1.));
#20560=VECTOR('',#20550,1.);
#20570=LINE('',#20540,#20560);
#20580=EDGE_CURVE('',#8470,#13150,#20570,.T.);
#20590=ORIENTED_EDGE('',*,*,#20580,.F.);
#20600=ORIENTED_EDGE('',*,*,#13160,.T.);
#20610=CARTESIAN_POINT('',(1.768913,-4.387301,0.));
#20620=DIRECTION('',(0.,0.,1.));
#20630=VECTOR('',#20620,1.);
#20640=LINE('',#20610,#20630);
#20650=CARTESIAN_POINT('',(1.768913,-4.387301,4.225));
#20660=VERTEX_POINT('',#20650);
#20670=EDGE_CURVE('',#13070,#20660,#20640,.T.);
#20680=ORIENTED_EDGE('',*,*,#20670,.F.);
#20690=CARTESIAN_POINT('',(1.768913,5.17396184489954E-16,4.225));
#20700=DIRECTION('',(0.,1.,-1.22460635382238E-16));
#20710=VECTOR('',#20700,1.);
#20720=LINE('',#20690,#20710);
#20730=CARTESIAN_POINT('',(1.768913,-5.887301,4.225));
#20740=VERTEX_POINT('',#20730);
#20750=EDGE_CURVE('',#20740,#20660,#20720,.T.);
#20760=ORIENTED_EDGE('',*,*,#20750,.T.);
#20770=CARTESIAN_POINT('',(1.768913,-5.887301,2.76873411296421E-16));
#20780=DIRECTION('',(0.,1.22460635382238E-16,1.));
#20790=VECTOR('',#20780,1.);
#20800=LINE('',#20770,#20790);
#20810=EDGE_CURVE('',#1330,#20740,#20800,.T.);
#20820=ORIENTED_EDGE('',*,*,#20810,.T.);
#20830=EDGE_LOOP('',(#20820,#20760,#20680,#20600,#20590,#20530));
#20840=FACE_OUTER_BOUND('',#20830,.T.);
#20850=ADVANCED_FACE('',(#20840),#20520,.T.);
#20860=CARTESIAN_POINT('',(2.793913,-6.237301,0.625));
#20870=DIRECTION('',(0.,-1.,1.22460635382238E-16));
#20880=DIRECTION('',(-1.,0.,0.));
#20890=AXIS2_PLACEMENT_3D('',#20860,#20870,#20880);
#20900=PLANE('',#20890);
#20910=ORIENTED_EDGE('',*,*,#13540,.T.);
#20920=ORIENTED_EDGE('',*,*,#20410,.F.);
#20930=ORIENTED_EDGE('',*,*,#780,.T.);
#20940=ORIENTED_EDGE('',*,*,#12610,.T.);
#20950=EDGE_LOOP('',(#20940,#20930,#20920,#20910));
#20960=FACE_OUTER_BOUND('',#20950,.T.);
#20970=ADVANCED_FACE('',(#20960),#20900,.F.);
#20980=CARTESIAN_POINT('',(1.543913,-5.887301,0.625));
#20990=DIRECTION('',(0.,-1.,1.22460635382238E-16));
#21000=DIRECTION('',(0.,-1.22460635382238E-16,-1.));
#21010=AXIS2_PLACEMENT_3D('',#20980,#20990,#21000);
#21020=PLANE('',#21010);
#21030=ORIENTED_EDGE('',*,*,#11220,.T.);
#21040=ORIENTED_EDGE('',*,*,#13180,.F.);
#21050=ORIENTED_EDGE('',*,*,#20580,.T.);
#21060=ORIENTED_EDGE('',*,*,#8790,.F.);
#21070=ORIENTED_EDGE('',*,*,#19680,.T.);
#21080=ORIENTED_EDGE('',*,*,#4830,.T.);
#21090=ORIENTED_EDGE('',*,*,#9260,.T.);
#21100=CARTESIAN_POINT('',(-12.462174,-5.887301,1.825));
#21110=DIRECTION('',(-1.,0.,0.));
#21120=VECTOR('',#21110,1.);
#21130=LINE('',#21100,#21120);
#21140=EDGE_CURVE('',#9190,#9980,#21130,.T.);
#21150=ORIENTED_EDGE('',*,*,#21140,.F.);
#21160=ORIENTED_EDGE('',*,*,#19190,.F.);
#21170=ORIENTED_EDGE('',*,*,#13290,.F.);
#21180=ORIENTED_EDGE('',*,*,#10850,.F.);
#21190=ORIENTED_EDGE('',*,*,#19990,.T.);
#21200=EDGE_LOOP('',(#21190,#21180,#21170,#21160,#21150,#21090,#21080,
#21070,#21060,#21050,#21040,#21030));
#21210=FACE_OUTER_BOUND('',#21200,.T.);
#21220=ADVANCED_FACE('',(#21210),#21020,.F.);
#21230=CARTESIAN_POINT('',(2.718913,-4.567301,4.625));
#21240=DIRECTION('',(0.,1.,-1.22460635382238E-16));
#21250=DIRECTION('',(1.,0.,0.));
#21260=AXIS2_PLACEMENT_3D('',#21230,#21240,#21250);
#21270=PLANE('',#21260);
#21280=ORIENTED_EDGE('',*,*,#3220,.T.);
#21290=ORIENTED_EDGE('',*,*,#7300,.T.);
#21300=ORIENTED_EDGE('',*,*,#10200,.T.);
#21310=ORIENTED_EDGE('',*,*,#5420,.T.);
#21320=EDGE_LOOP('',(#21310,#21300,#21290,#21280));
#21330=FACE_OUTER_BOUND('',#21320,.T.);
#21340=ADVANCED_FACE('',(#21330),#21270,.F.);
#21350=CARTESIAN_POINT('',(2.318913,-4.967301,4.625));
#21360=DIRECTION('',(0.,-1.,1.22460635382238E-16));
#21370=DIRECTION('',(-1.,0.,0.));
#21380=AXIS2_PLACEMENT_3D('',#21350,#21360,#21370);
#21390=PLANE('',#21380);
#21400=ORIENTED_EDGE('',*,*,#10270,.T.);
#21410=ORIENTED_EDGE('',*,*,#7160,.T.);
#21420=ORIENTED_EDGE('',*,*,#3080,.T.);
#21430=ORIENTED_EDGE('',*,*,#5330,.F.);
#21440=EDGE_LOOP('',(#21430,#21420,#21410,#21400));
#21450=FACE_OUTER_BOUND('',#21440,.T.);
#21460=ADVANCED_FACE('',(#21450),#21390,.F.);
#21470=CARTESIAN_POINT('',(1.268913,-5.887301,4.225));
#21480=DIRECTION('',(0.,1.,-1.22460635382238E-16));
#21490=DIRECTION('',(0.,-1.22460635382238E-16,-1.));
#21500=AXIS2_PLACEMENT_3D('',#21470,#21480,#21490);
#21510=PLANE('',#21500);
#21520=CARTESIAN_POINT('',(-12.462174,-5.887301,4.225));
#21530=DIRECTION('',(-1.,0.,0.));
#21540=VECTOR('',#21530,1.);
#21550=LINE('',#21520,#21540);
#21560=EDGE_CURVE('',#20740,#18970,#21550,.T.);
#21570=ORIENTED_EDGE('',*,*,#21560,.F.);
#21580=ORIENTED_EDGE('',*,*,#18980,.T.);
#21590=CARTESIAN_POINT('',(-12.462174,-5.887301,3.625));
#21600=DIRECTION('',(-1.,0.,0.));
#21610=VECTOR('',#21600,1.);
#21620=LINE('',#21590,#21610);
#21630=EDGE_CURVE('',#17200,#9900,#21620,.T.);
#21640=ORIENTED_EDGE('',*,*,#21630,.T.);
#21650=ORIENTED_EDGE('',*,*,#17210,.F.);
#21660=ORIENTED_EDGE('',*,*,#7560,.T.);
#21670=CARTESIAN_POINT('',(1.493913,-5.887301,2.76873411296421E-16));
#21680=DIRECTION('',(0.,1.22460635382238E-16,1.));
#21690=VECTOR('',#21680,1.);
#21700=LINE('',#21670,#21690);
#21710=EDGE_CURVE('',#1410,#7450,#21700,.T.);
#21720=ORIENTED_EDGE('',*,*,#21710,.T.);
#21730=ORIENTED_EDGE('',*,*,#1420,.F.);
#21740=ORIENTED_EDGE('',*,*,#20810,.F.);
#21750=EDGE_LOOP('',(#21740,#21730,#21720,#21660,#21650,#21640,#21580,
#21570));
#21760=FACE_OUTER_BOUND('',#21750,.T.);
#21770=ADVANCED_FACE('',(#21760),#21510,.T.);
#21780=CARTESIAN_POINT('',(1.268913,-6.587301,2.625));
#21790=DIRECTION('',(0.,0.957826285221151,-0.287347885566346));
#21800=DIRECTION('',(0.,-0.287347885566346,-0.957826285221151));
#21810=AXIS2_PLACEMENT_3D('',#21780,#21790,#21800);
#21820=PLANE('',#21810);
#21830=ORIENTED_EDGE('',*,*,#9040,.F.);
#21840=ORIENTED_EDGE('',*,*,#11510,.T.);
#21850=ORIENTED_EDGE('',*,*,#19600,.F.);
#21860=CARTESIAN_POINT('',(-12.462174,-6.737301,2.125));
#21870=DIRECTION('',(-1.,0.,0.));
#21880=VECTOR('',#21870,1.);
#21890=LINE('',#21860,#21880);
#21900=EDGE_CURVE('',#19530,#9030,#21890,.T.);
#21910=ORIENTED_EDGE('',*,*,#21900,.F.);
#21920=EDGE_LOOP('',(#21910,#21850,#21840,#21830));
#21930=FACE_OUTER_BOUND('',#21920,.T.);
#21940=ADVANCED_FACE('',(#21930),#21820,.F.);
#21950=CARTESIAN_POINT('',(-1.49539552316615,-6.737301,1.3644205246241))
;
#21960=DIRECTION('',(0.,-1.,2.44921270764475E-16));
#21970=DIRECTION('',(1.,0.,0.));
#21980=AXIS2_PLACEMENT_3D('',#21950,#21960,#21970);
#21990=PLANE('',#21980);
#22000=CARTESIAN_POINT('',(-2.681087,-6.737301,1.425));
#22010=DIRECTION('',(0.,0.,-1.));
#22020=VECTOR('',#22010,1.);
#22030=LINE('',#22000,#22020);
#22040=CARTESIAN_POINT('',(-2.681087,-6.737301,1.425));
#22050=VERTEX_POINT('',#22040);
#22060=EDGE_CURVE('',#22050,#13710,#22030,.T.);
#22070=ORIENTED_EDGE('',*,*,#22060,.T.);
#22080=CARTESIAN_POINT('',(-2.381087,-6.737301,1.425));
#22090=DIRECTION('',(-1.,0.,0.));
#22100=VECTOR('',#22090,1.);
#22110=LINE('',#22080,#22100);
#22120=CARTESIAN_POINT('',(-1.681087,-6.737301,1.425));
#22130=VERTEX_POINT('',#22120);
#22140=EDGE_CURVE('',#22130,#22050,#22110,.T.);
#22150=ORIENTED_EDGE('',*,*,#22140,.T.);
#22160=CARTESIAN_POINT('',(-1.681087,-6.737301,0.));
#22170=DIRECTION('',(0.,0.,-1.));
#22180=VECTOR('',#22170,1.);
#22190=LINE('',#22160,#22180);
#22200=CARTESIAN_POINT('',(-1.681087,-6.737301,1.825));
#22210=VERTEX_POINT('',#22200);
#22220=EDGE_CURVE('',#22210,#22130,#22190,.T.);
#22230=ORIENTED_EDGE('',*,*,#22220,.T.);
#22240=CARTESIAN_POINT('',(-1.73811825,-6.737301,0.));
#22250=DIRECTION('',(0.0312347523777212,0.,0.999512076087079));
#22260=VECTOR('',#22250,1.);
#22270=LINE('',#22240,#22260);
#22280=CARTESIAN_POINT('',(-1.671712,-6.737301,2.125));
#22290=VERTEX_POINT('',#22280);
#22300=EDGE_CURVE('',#22210,#22290,#22270,.T.);
#22310=ORIENTED_EDGE('',*,*,#22300,.F.);
#22320=CARTESIAN_POINT('',(13.75,-6.737301,2.125));
#22330=DIRECTION('',(-1.,0.,0.));
#22340=VECTOR('',#22330,1.);
#22350=LINE('',#22320,#22340);
#22360=CARTESIAN_POINT('',(-0.790461999999998,-6.737301,2.125));
#22370=VERTEX_POINT('',#22360);
#22380=EDGE_CURVE('',#22370,#22290,#22350,.T.);
#22390=ORIENTED_EDGE('',*,*,#22380,.T.);
#22400=CARTESIAN_POINT('',(-0.724055749999998,-6.737301,0.));
#22410=DIRECTION('',(0.0312347523777212,0.,-0.999512076087079));
#22420=VECTOR('',#22410,1.);
#22430=LINE('',#22400,#22420);
#22440=CARTESIAN_POINT('',(-0.781086999999998,-6.737301,1.825));
#22450=VERTEX_POINT('',#22440);
#22460=EDGE_CURVE('',#22370,#22450,#22430,.T.);
#22470=ORIENTED_EDGE('',*,*,#22460,.F.);
#22480=CARTESIAN_POINT('',(13.75,-6.737301,1.825));
#22490=DIRECTION('',(1.,0.,0.));
#22500=VECTOR('',#22490,1.);
#22510=LINE('',#22480,#22500);
#22520=CARTESIAN_POINT('',(-0.431087,-6.737301,1.825));
#22530=VERTEX_POINT('',#22520);
#22540=EDGE_CURVE('',#22450,#22530,#22510,.T.);
#22550=ORIENTED_EDGE('',*,*,#22540,.F.);
#22560=CARTESIAN_POINT('',(-0.488118249999999,-6.737301,0.));
#22570=DIRECTION('',(-0.0312347523777212,0.,-0.999512076087079));
#22580=VECTOR('',#22570,1.);
#22590=LINE('',#22560,#22580);
#22600=CARTESIAN_POINT('',(-0.421711999999999,-6.737301,2.125));
#22610=VERTEX_POINT('',#22600);
#22620=EDGE_CURVE('',#22610,#22530,#22590,.T.);
#22630=ORIENTED_EDGE('',*,*,#22620,.T.);
#22640=CARTESIAN_POINT('',(13.75,-6.737301,2.125));
#22650=DIRECTION('',(1.,0.,0.));
#22660=VECTOR('',#22650,1.);
#22670=LINE('',#22640,#22660);
#22680=CARTESIAN_POINT('',(0.459538000000002,-6.737301,2.125));
#22690=VERTEX_POINT('',#22680);
#22700=EDGE_CURVE('',#22610,#22690,#22670,.T.);
#22710=ORIENTED_EDGE('',*,*,#22700,.F.);
#22720=CARTESIAN_POINT('',(0.525944250000002,-6.737301,0.));
#22730=DIRECTION('',(-0.0312347523777212,0.,0.999512076087079));
#22740=VECTOR('',#22730,1.);
#22750=LINE('',#22720,#22740);
#22760=CARTESIAN_POINT('',(0.468913000000002,-6.737301,1.825));
#22770=VERTEX_POINT('',#22760);
#22780=EDGE_CURVE('',#22770,#22690,#22750,.T.);
#22790=ORIENTED_EDGE('',*,*,#22780,.T.);
#22800=CARTESIAN_POINT('',(13.75,-6.737301,1.825));
#22810=DIRECTION('',(-1.,0.,0.));
#22820=VECTOR('',#22810,1.);
#22830=LINE('',#22800,#22820);
#22840=EDGE_CURVE('',#9110,#22770,#22830,.T.);
#22850=ORIENTED_EDGE('',*,*,#22840,.T.);
#22860=ORIENTED_EDGE('',*,*,#9120,.F.);
#22870=ORIENTED_EDGE('',*,*,#21900,.T.);
#22880=ORIENTED_EDGE('',*,*,#19540,.F.);
#22890=ORIENTED_EDGE('',*,*,#8650,.T.);
#22900=CARTESIAN_POINT('',(2.01188175,-6.737301,3.80964951371323E-16));
#22910=DIRECTION('',(-0.0312347523777212,-1.22400883909843E-16,
-0.999512076087079));
#22920=VECTOR('',#22910,1.);
#22930=LINE('',#22900,#22920);
#22940=EDGE_CURVE('',#18730,#8560,#22930,.T.);
#22950=ORIENTED_EDGE('',*,*,#22940,.T.);
#22960=ORIENTED_EDGE('',*,*,#18740,.F.);
#22970=ORIENTED_EDGE('',*,*,#16550,.T.);
#22980=ORIENTED_EDGE('',*,*,#19830,.F.);
#22990=ORIENTED_EDGE('',*,*,#9500,.F.);
#23000=ORIENTED_EDGE('',*,*,#17490,.F.);
#23010=ORIENTED_EDGE('',*,*,#13800,.T.);
#23020=EDGE_LOOP('',(#23010,#23000,#22990,#22980,#22970,#22960,#22950,
#22890,#22880,#22870,#22860,#22850,#22790,#22710,#22630,#22550,#22470,
#22390,#22310,#22230,#22150,#22070));
#23030=FACE_OUTER_BOUND('',#23020,.T.);
#23040=ADVANCED_FACE('',(#23030),#21990,.T.);
#23050=CARTESIAN_POINT('',(1.068913,-4.567301,4.625));
#23060=DIRECTION('',(-1.,0.,0.));
#23070=DIRECTION('',(0.,1.,-1.22460635382238E-16));
#23080=AXIS2_PLACEMENT_3D('',#23050,#23060,#23070);
#23090=PLANE('',#23080);
#23100=ORIENTED_EDGE('',*,*,#5600,.F.);
#23110=CARTESIAN_POINT('',(1.068913,-4.567301,1.15225372591868E-16));
#23120=DIRECTION('',(0.,-1.22460635382238E-16,-1.));
#23130=VECTOR('',#23120,1.);
#23140=LINE('',#23110,#23130);
#23150=CARTESIAN_POINT('',(1.068913,-4.567301,4.225));
#23160=VERTEX_POINT('',#23150);
#23170=EDGE_CURVE('',#5590,#23160,#23140,.T.);
#23180=ORIENTED_EDGE('',*,*,#23170,.F.);
#23190=CARTESIAN_POINT('',(1.068913,5.17396184489954E-16,4.225));
#23200=DIRECTION('',(0.,-1.,1.22460635382238E-16));
#23210=VECTOR('',#23200,1.);
#23220=LINE('',#23190,#23210);
#23230=EDGE_CURVE('',#23160,#18500,#23220,.T.);
#23240=ORIENTED_EDGE('',*,*,#23230,.F.);
#23250=ORIENTED_EDGE('',*,*,#18510,.F.);
#23260=EDGE_LOOP('',(#23250,#23240,#23180,#23100));
#23270=FACE_OUTER_BOUND('',#23260,.T.);
#23280=ADVANCED_FACE('',(#23270),#23090,.F.);
#23290=CARTESIAN_POINT('',(1.468913,-4.567301,4.625));
#23300=DIRECTION('',(0.,1.,-1.22460635382238E-16));
#23310=DIRECTION('',(1.,0.,0.));
#23320=AXIS2_PLACEMENT_3D('',#23290,#23300,#23310);
#23330=PLANE('',#23320);
#23340=ORIENTED_EDGE('',*,*,#5820,.T.);
#23350=ORIENTED_EDGE('',*,*,#18120,.F.);
#23360=CARTESIAN_POINT('',(-12.462174,-4.567301,4.225));
#23370=DIRECTION('',(-1.,0.,0.));
#23380=VECTOR('',#23370,1.);
#23390=LINE('',#23360,#23380);
#23400=EDGE_CURVE('',#18050,#23160,#23390,.T.);
#23410=ORIENTED_EDGE('',*,*,#23400,.F.);
#23420=ORIENTED_EDGE('',*,*,#23170,.T.);
#23430=EDGE_LOOP('',(#23420,#23410,#23350,#23340));
#23440=FACE_OUTER_BOUND('',#23430,.T.);
#23450=ADVANCED_FACE('',(#23440),#23330,.F.);
#23460=CARTESIAN_POINT('',(1.493913,-5.59778542378857,3.05404568246191))
;
#23470=DIRECTION('',(-1.,0.,0.));
#23480=DIRECTION('',(0.,-1.,1.22460635382238E-16));
#23490=AXIS2_PLACEMENT_3D('',#23460,#23470,#23480);
#23500=PLANE('',#23490);
#23510=ORIENTED_EDGE('',*,*,#1480,.F.);
#23520=ORIENTED_EDGE('',*,*,#21710,.F.);
#23530=ORIENTED_EDGE('',*,*,#7480,.F.);
#23540=CARTESIAN_POINT('',(1.493913,-6.287301,3.25857665449316E-16));
#23550=DIRECTION('',(0.,-1.22460635382238E-16,-1.));
#23560=VECTOR('',#23550,1.);
#23570=LINE('',#23540,#23560);
#23580=EDGE_CURVE('',#7470,#1090,#23570,.T.);
#23590=ORIENTED_EDGE('',*,*,#23580,.F.);
#23600=EDGE_LOOP('',(#23590,#23530,#23520,#23510));
#23610=FACE_OUTER_BOUND('',#23600,.T.);
#23620=ADVANCED_FACE('',(#23610),#23500,.T.);
#23630=CARTESIAN_POINT('',(1.768913,-4.387301,0.625));
#23640=DIRECTION('',(0.,-1.,1.22460635382238E-16));
#23650=DIRECTION('',(-1.,0.,0.));
#23660=AXIS2_PLACEMENT_3D('',#23630,#23640,#23650);
#23670=PLANE('',#23660);
#23680=ORIENTED_EDGE('',*,*,#13080,.T.);
#23690=ORIENTED_EDGE('',*,*,#19120,.F.);
#23700=CARTESIAN_POINT('',(-12.462174,-4.387301,4.225));
#23710=DIRECTION('',(-1.,0.,0.));
#23720=VECTOR('',#23710,1.);
#23730=LINE('',#23700,#23720);
#23740=EDGE_CURVE('',#20660,#19050,#23730,.T.);
#23750=ORIENTED_EDGE('',*,*,#23740,.T.);
#23760=ORIENTED_EDGE('',*,*,#20670,.T.);
#23770=EDGE_LOOP('',(#23760,#23750,#23690,#23680));
#23780=FACE_OUTER_BOUND('',#23770,.T.);
#23790=ADVANCED_FACE('',(#23780),#23670,.T.);
#23800=CARTESIAN_POINT('',(2.518913,-6.287301,4.025));
#23810=DIRECTION('',(0.,1.22460635382238E-16,1.));
#23820=DIRECTION('',(0.,-1.,1.22460635382238E-16));
#23830=AXIS2_PLACEMENT_3D('',#23800,#23810,#23820);
#23840=PLANE('',#23830);
#23850=CARTESIAN_POINT('',(-12.462174,-6.287301,4.025));
#23860=DIRECTION('',(-1.,0.,0.));
#23870=VECTOR('',#23860,1.);
#23880=LINE('',#23850,#23870);
#23890=EDGE_CURVE('',#16230,#20170,#23880,.T.);
#23900=ORIENTED_EDGE('',*,*,#23890,.T.);
#23910=ORIENTED_EDGE('',*,*,#16240,.F.);
#23920=ORIENTED_EDGE('',*,*,#17780,.F.);
#23930=ORIENTED_EDGE('',*,*,#20240,.T.);
#23940=EDGE_LOOP('',(#23930,#23920,#23910,#23900));
#23950=FACE_OUTER_BOUND('',#23940,.T.);
#23960=ADVANCED_FACE('',(#23950),#23840,.F.);
#23970=CARTESIAN_POINT('',(2.118913,-5.887301,3.425));
#23980=DIRECTION('',(0.999512076087079,-3.8250276221826E-18,
-0.0312347523777212));
#23990=DIRECTION('',(-0.0312347523777212,-1.22400883909843E-16,
-0.999512076087079));
#24000=AXIS2_PLACEMENT_3D('',#23970,#23980,#23990);
#24010=PLANE('',#24000);
#24020=ORIENTED_EDGE('',*,*,#1900,.F.);
#24030=ORIENTED_EDGE('',*,*,#19370,.T.);
#24040=ORIENTED_EDGE('',*,*,#10670,.T.);
#24050=ORIENTED_EDGE('',*,*,#18800,.T.);
#24060=ORIENTED_EDGE('',*,*,#22940,.F.);
#24070=ORIENTED_EDGE('',*,*,#8570,.F.);
#24080=EDGE_LOOP('',(#24070,#24060,#24050,#24040,#24030,#24020));
#24090=FACE_OUTER_BOUND('',#24080,.T.);
#24100=ADVANCED_FACE('',(#24090),#24010,.F.);
#24110=ORIENTED_EDGE('',*,*,#21560,.T.);
#24120=ORIENTED_EDGE('',*,*,#20750,.F.);
#24130=ORIENTED_EDGE('',*,*,#23740,.F.);
#24140=ORIENTED_EDGE('',*,*,#19060,.T.);
#24150=EDGE_LOOP('',(#24140,#24130,#24120,#24110));
#24160=FACE_OUTER_BOUND('',#24150,.T.);
#24170=ORIENTED_EDGE('',*,*,#18570,.T.);
#24180=ORIENTED_EDGE('',*,*,#23230,.T.);
#24190=ORIENTED_EDGE('',*,*,#23400,.T.);
#24200=ORIENTED_EDGE('',*,*,#18060,.T.);
#24210=EDGE_LOOP('',(#24200,#24190,#24180,#24170));
#24220=FACE_BOUND('',#24210,.T.);
#24230=ADVANCED_FACE('',(#24160,#24220),#6830,.F.);
#24240=CARTESIAN_POINT('',(2.018913,-5.59778542378857,3.05404568246191))
;
#24250=DIRECTION('',(-1.,0.,0.));
#24260=DIRECTION('',(0.,-1.,1.22460635382238E-16));
#24270=AXIS2_PLACEMENT_3D('',#24240,#24250,#24260);
#24280=PLANE('',#24270);
#24290=ORIENTED_EDGE('',*,*,#17630,.T.);
#24300=ORIENTED_EDGE('',*,*,#7050,.T.);
#24310=ORIENTED_EDGE('',*,*,#12080,.T.);
#24320=ORIENTED_EDGE('',*,*,#13620,.T.);
#24330=ORIENTED_EDGE('',*,*,#2060,.T.);
#24340=ORIENTED_EDGE('',*,*,#18270,.F.);
#24350=EDGE_LOOP('',(#24340,#24330,#24320,#24310,#24300,#24290));
#24360=FACE_OUTER_BOUND('',#24350,.T.);
#24370=ADVANCED_FACE('',(#24360),#24280,.F.);
#24380=CARTESIAN_POINT('',(0.218913000000001,-4.567301,4.625));
#24390=DIRECTION('',(-1.,0.,0.));
#24400=DIRECTION('',(0.,1.,0.));
#24410=AXIS2_PLACEMENT_3D('',#24380,#24390,#24400);
#24420=PLANE('',#24410);
#24430=ORIENTED_EDGE('',*,*,#12380,.T.);
#24440=CARTESIAN_POINT('',(0.218913000000001,0.,4.225));
#24450=DIRECTION('',(0.,-1.,0.));
#24460=VECTOR('',#24450,1.);
#24470=LINE('',#24440,#24460);
#24480=EDGE_CURVE('',#8160,#12310,#24470,.T.);
#24490=ORIENTED_EDGE('',*,*,#24480,.T.);
#24500=ORIENTED_EDGE('',*,*,#8170,.T.);
#24510=ORIENTED_EDGE('',*,*,#6500,.T.);
#24520=EDGE_LOOP('',(#24510,#24500,#24490,#24430));
#24530=FACE_OUTER_BOUND('',#24520,.T.);
#24540=ADVANCED_FACE('',(#24530),#24420,.T.);
#24550=CARTESIAN_POINT('',(-1.031087,-4.567301,4.625));
#24560=DIRECTION('',(-1.,0.,0.));
#24570=DIRECTION('',(0.,1.,0.));
#24580=AXIS2_PLACEMENT_3D('',#24550,#24560,#24570);
#24590=PLANE('',#24580);
#24600=CARTESIAN_POINT('',(-1.031087,-4.967301,0.));
#24610=DIRECTION('',(0.,0.,1.));
#24620=VECTOR('',#24610,1.);
#24630=LINE('',#24600,#24620);
#24640=CARTESIAN_POINT('',(-1.031087,-4.967301,4.225));
#24650=VERTEX_POINT('',#24640);
#24660=EDGE_CURVE('',#24650,#5930,#24630,.T.);
#24670=ORIENTED_EDGE('',*,*,#24660,.T.);
#24680=CARTESIAN_POINT('',(-1.031087,0.,4.225));
#24690=DIRECTION('',(0.,-1.,0.));
#24700=VECTOR('',#24690,1.);
#24710=LINE('',#24680,#24700);
#24720=CARTESIAN_POINT('',(-1.031087,-4.567301,4.225));
#24730=VERTEX_POINT('',#24720);
#24740=EDGE_CURVE('',#24730,#24650,#24710,.T.);
#24750=ORIENTED_EDGE('',*,*,#24740,.T.);
#24760=CARTESIAN_POINT('',(-1.031087,-4.567301,0.));
#24770=DIRECTION('',(0.,0.,-1.));
#24780=VECTOR('',#24770,1.);
#24790=LINE('',#24760,#24780);
#24800=EDGE_CURVE('',#5910,#24730,#24790,.T.);
#24810=ORIENTED_EDGE('',*,*,#24800,.T.);
#24820=ORIENTED_EDGE('',*,*,#5940,.F.);
#24830=EDGE_LOOP('',(#24820,#24810,#24750,#24670));
#24840=FACE_OUTER_BOUND('',#24830,.T.);
#24850=ADVANCED_FACE('',(#24840),#24590,.T.);
#24860=CARTESIAN_POINT('',(-1.031087,-4.967301,4.625));
#24870=DIRECTION('',(0.,1.,0.));
#24880=DIRECTION('',(1.,0.,0.));
#24890=AXIS2_PLACEMENT_3D('',#24860,#24870,#24880);
#24900=PLANE('',#24890);
#24910=ORIENTED_EDGE('',*,*,#6160,.T.);
#24920=CARTESIAN_POINT('',(-1.431087,-4.967301,0.));
#24930=DIRECTION('',(0.,0.,-1.));
#24940=VECTOR('',#24930,1.);
#24950=LINE('',#24920,#24940);
#24960=CARTESIAN_POINT('',(-1.431087,-4.967301,4.225));
#24970=VERTEX_POINT('',#24960);
#24980=EDGE_CURVE('',#6090,#24970,#24950,.T.);
#24990=ORIENTED_EDGE('',*,*,#24980,.F.);
#25000=CARTESIAN_POINT('',(13.75,-4.967301,4.225));
#25010=DIRECTION('',(1.,0.,0.));
#25020=VECTOR('',#25010,1.);
#25030=LINE('',#25000,#25020);
#25040=EDGE_CURVE('',#24970,#24650,#25030,.T.);
#25050=ORIENTED_EDGE('',*,*,#25040,.F.);
#25060=ORIENTED_EDGE('',*,*,#24660,.F.);
#25070=EDGE_LOOP('',(#25060,#25050,#24990,#24910));
#25080=FACE_OUTER_BOUND('',#25070,.T.);
#25090=ADVANCED_FACE('',(#25080),#24900,.T.);
#25100=CARTESIAN_POINT('',(-1.531087,-5.687301,4.225));
#25110=DIRECTION('',(0.,0.,-1.));
#25120=DIRECTION('',(-1.,0.,0.));
#25130=AXIS2_PLACEMENT_3D('',#25100,#25110,#25120);
#25140=PLANE('',#25130);
#25150=CARTESIAN_POINT('',(-0.731086999999999,0.,4.225));
#25160=DIRECTION('',(0.,-1.,0.));
#25170=VECTOR('',#25160,1.);
#25180=LINE('',#25150,#25170);
#25190=CARTESIAN_POINT('',(-0.731086999999999,-4.387301,4.225));
#25200=VERTEX_POINT('',#25190);
#25210=CARTESIAN_POINT('',(-0.731086999999999,-5.887301,4.225));
#25220=VERTEX_POINT('',#25210);
#25230=EDGE_CURVE('',#25200,#25220,#25180,.T.);
#25240=ORIENTED_EDGE('',*,*,#25230,.T.);
#25250=CARTESIAN_POINT('',(13.75,-4.387301,4.225));
#25260=DIRECTION('',(-1.,0.,0.));
#25270=VECTOR('',#25260,1.);
#25280=LINE('',#25250,#25270);
#25290=CARTESIAN_POINT('',(-1.731087,-4.387301,4.225));
#25300=VERTEX_POINT('',#25290);
#25310=EDGE_CURVE('',#25200,#25300,#25280,.T.);
#25320=ORIENTED_EDGE('',*,*,#25310,.F.);
#25330=CARTESIAN_POINT('',(-1.731087,0.,4.225));
#25340=DIRECTION('',(0.,-1.,0.));
#25350=VECTOR('',#25340,1.);
#25360=LINE('',#25330,#25350);
#25370=CARTESIAN_POINT('',(-1.731087,-5.887301,4.225));
#25380=VERTEX_POINT('',#25370);
#25390=EDGE_CURVE('',#25300,#25380,#25360,.T.);
#25400=ORIENTED_EDGE('',*,*,#25390,.F.);
#25410=CARTESIAN_POINT('',(13.75,-5.887301,4.225));
#25420=DIRECTION('',(-1.,0.,0.));
#25430=VECTOR('',#25420,1.);
#25440=LINE('',#25410,#25430);
#25450=EDGE_CURVE('',#25220,#25380,#25440,.T.);
#25460=ORIENTED_EDGE('',*,*,#25450,.T.);
#25470=EDGE_LOOP('',(#25460,#25400,#25320,#25240));
#25480=FACE_OUTER_BOUND('',#25470,.T.);
#25490=CARTESIAN_POINT('',(13.75,-4.567301,4.225));
#25500=DIRECTION('',(-1.,0.,0.));
#25510=VECTOR('',#25500,1.);
#25520=LINE('',#25490,#25510);
#25530=CARTESIAN_POINT('',(-1.431087,-4.567301,4.225));
#25540=VERTEX_POINT('',#25530);
#25550=EDGE_CURVE('',#24730,#25540,#25520,.T.);
#25560=ORIENTED_EDGE('',*,*,#25550,.T.);
#25570=ORIENTED_EDGE('',*,*,#24740,.F.);
#25580=ORIENTED_EDGE('',*,*,#25040,.T.);
#25590=CARTESIAN_POINT('',(-1.431087,0.,4.225));
#25600=DIRECTION('',(0.,1.,0.));
#25610=VECTOR('',#25600,1.);
#25620=LINE('',#25590,#25610);
#25630=EDGE_CURVE('',#24970,#25540,#25620,.T.);
#25640=ORIENTED_EDGE('',*,*,#25630,.F.);
#25650=EDGE_LOOP('',(#25640,#25580,#25570,#25560));
#25660=FACE_BOUND('',#25650,.T.);
#25670=ADVANCED_FACE('',(#25480,#25660),#25140,.T.);
#25680=CARTESIAN_POINT('',(-0.606086999999999,-5.887301,3.425));
#25690=DIRECTION('',(0.,-1.,5.55111512312578E-16));
#25700=DIRECTION('',(0.,5.55111512312578E-16,1.));
#25710=AXIS2_PLACEMENT_3D('',#25680,#25690,#25700);
#25720=PLANE('',#25710);
#25730=CARTESIAN_POINT('',(-0.481086999999999,-5.887301,0.));
#25740=DIRECTION('',(0.,-5.55111512312578E-16,-1.));
#25750=VECTOR('',#25740,1.);
#25760=LINE('',#25730,#25750);
#25770=CARTESIAN_POINT('',(-0.481086999999999,-5.887301,3.625));
#25780=VERTEX_POINT('',#25770);
#25790=CARTESIAN_POINT('',(-0.481086999999999,-5.887301,1.825));
#25800=VERTEX_POINT('',#25790);
#25810=EDGE_CURVE('',#25780,#25800,#25760,.T.);
#25820=ORIENTED_EDGE('',*,*,#25810,.F.);
#25830=CARTESIAN_POINT('',(13.75,-5.887301,1.825));
#25840=DIRECTION('',(1.,0.,0.));
#25850=VECTOR('',#25840,1.);
#25860=LINE('',#25830,#25850);
#25870=CARTESIAN_POINT('',(-0.731086999999999,-5.887301,1.825));
#25880=VERTEX_POINT('',#25870);
#25890=EDGE_CURVE('',#25880,#25800,#25860,.T.);
#25900=ORIENTED_EDGE('',*,*,#25890,.T.);
#25910=CARTESIAN_POINT('',(-0.731086999999999,-5.887301,0.));
#25920=DIRECTION('',(0.,5.55111512312578E-16,1.));
#25930=VECTOR('',#25920,1.);
#25940=LINE('',#25910,#25930);
#25950=CARTESIAN_POINT('',(-0.731086999999999,-5.887301,3.625));
#25960=VERTEX_POINT('',#25950);
#25970=EDGE_CURVE('',#25880,#25960,#25940,.T.);
#25980=ORIENTED_EDGE('',*,*,#25970,.F.);
#25990=CARTESIAN_POINT('',(13.75,-5.887301,3.625));
#26000=DIRECTION('',(-1.,0.,0.));
#26010=VECTOR('',#26000,1.);
#26020=LINE('',#25990,#26010);
#26030=EDGE_CURVE('',#25780,#25960,#26020,.T.);
#26040=ORIENTED_EDGE('',*,*,#26030,.T.);
#26050=EDGE_LOOP('',(#26040,#25980,#25900,#25820));
#26060=FACE_OUTER_BOUND('',#26050,.T.);
#26070=ADVANCED_FACE('',(#26060),#25720,.T.);
#26080=CARTESIAN_POINT('',(-0.256086999999999,-6.04344747196877,
0.928426167468854));
#26090=DIRECTION('',(1.,0.,0.));
#26100=DIRECTION('',(0.,1.,0.));
#26110=AXIS2_PLACEMENT_3D('',#26080,#26090,#26100);
#26120=PLANE('',#26110);
#26130=CARTESIAN_POINT('',(-0.256086999999999,-6.237301,0.));
#26140=DIRECTION('',(0.,0.,-1.));
#26150=VECTOR('',#26140,1.);
#26160=LINE('',#26130,#26150);
#26170=CARTESIAN_POINT('',(-0.256086999999999,-6.237301,2.425));
#26180=VERTEX_POINT('',#26170);
#26190=EDGE_CURVE('',#26180,#14140,#26160,.T.);
#26200=ORIENTED_EDGE('',*,*,#26190,.T.);
#26210=CARTESIAN_POINT('',(-0.256086999999999,-7.934801,0.));
#26220=DIRECTION('',(0.,0.573462344363328,0.81923192051904));
#26230=VECTOR('',#26220,1.);
#26240=LINE('',#26210,#26230);
#26250=CARTESIAN_POINT('',(-0.256086999999999,-5.887301,2.925));
#26260=VERTEX_POINT('',#26250);
#26270=EDGE_CURVE('',#26180,#26260,#26240,.T.);
#26280=ORIENTED_EDGE('',*,*,#26270,.F.);
#26290=CARTESIAN_POINT('',(-0.256086999999999,-5.887301,0.));
#26300=DIRECTION('',(0.,0.,1.));
#26310=VECTOR('',#26300,1.);
#26320=LINE('',#26290,#26310);
#26330=EDGE_CURVE('',#14220,#26260,#26320,.T.);
#26340=ORIENTED_EDGE('',*,*,#26330,.T.);
#26350=ORIENTED_EDGE('',*,*,#14230,.F.);
#26360=EDGE_LOOP('',(#26350,#26340,#26280,#26200));
#26370=FACE_OUTER_BOUND('',#26360,.T.);
#26380=ADVANCED_FACE('',(#26370),#26120,.T.);
#26390=CARTESIAN_POINT('',(0.293913000000002,-6.237301,0.625));
#26400=DIRECTION('',(0.,-1.,0.));
#26410=DIRECTION('',(-1.,0.,0.));
#26420=AXIS2_PLACEMENT_3D('',#26390,#26400,#26410);
#26430=PLANE('',#26420);
#26440=ORIENTED_EDGE('',*,*,#14150,.F.);
#26450=CARTESIAN_POINT('',(0.293913000000002,-6.237301,0.));
#26460=DIRECTION('',(0.,0.,-1.));
#26470=VECTOR('',#26460,1.);
#26480=LINE('',#26450,#26470);
#26490=CARTESIAN_POINT('',(0.293913000000002,-6.237301,2.425));
#26500=VERTEX_POINT('',#26490);
#26510=EDGE_CURVE('',#26500,#14060,#26480,.T.);
#26520=ORIENTED_EDGE('',*,*,#26510,.T.);
#26530=CARTESIAN_POINT('',(13.75,-6.237301,2.425));
#26540=DIRECTION('',(-1.,0.,0.));
#26550=VECTOR('',#26540,1.);
#26560=LINE('',#26530,#26550);
#26570=EDGE_CURVE('',#26500,#26180,#26560,.T.);
#26580=ORIENTED_EDGE('',*,*,#26570,.F.);
#26590=ORIENTED_EDGE('',*,*,#26190,.F.);
#26600=EDGE_LOOP('',(#26590,#26580,#26520,#26440));
#26610=FACE_OUTER_BOUND('',#26600,.T.);
#26620=ADVANCED_FACE('',(#26610),#26430,.F.);
#26630=CARTESIAN_POINT('',(-0.256086999999999,-6.237301,2.425));
#26640=DIRECTION('',(0.,-0.81923192051904,0.573462344363328));
#26650=DIRECTION('',(0.,-0.573462344363328,-0.81923192051904));
#26660=AXIS2_PLACEMENT_3D('',#26630,#26640,#26650);
#26670=PLANE('',#26660);
#26680=ORIENTED_EDGE('',*,*,#26270,.T.);
#26690=ORIENTED_EDGE('',*,*,#26570,.T.);
#26700=CARTESIAN_POINT('',(0.293913000000002,-7.934801,0.));
#26710=DIRECTION('',(0.,-0.573462344363328,-0.81923192051904));
#26720=VECTOR('',#26710,1.);
#26730=LINE('',#26700,#26720);
#26740=CARTESIAN_POINT('',(0.293913000000002,-5.887301,2.925));
#26750=VERTEX_POINT('',#26740);
#26760=EDGE_CURVE('',#26750,#26500,#26730,.T.);
#26770=ORIENTED_EDGE('',*,*,#26760,.T.);
#26780=CARTESIAN_POINT('',(13.75,-5.887301,2.925));
#26790=DIRECTION('',(1.,0.,0.));
#26800=VECTOR('',#26790,1.);
#26810=LINE('',#26780,#26800);
#26820=EDGE_CURVE('',#26260,#26750,#26810,.T.);
#26830=ORIENTED_EDGE('',*,*,#26820,.T.);
#26840=EDGE_LOOP('',(#26830,#26770,#26690,#26680));
#26850=FACE_OUTER_BOUND('',#26840,.T.);
#26860=ADVANCED_FACE('',(#26850),#26670,.F.);
#26870=CARTESIAN_POINT('',(-0.481084599999999,-5.887301,3.625));
#26880=DIRECTION('',(0.,-1.,-2.22044604925031E-15));
#26890=DIRECTION('',(0.,2.22044604925031E-15,-1.));
#26900=AXIS2_PLACEMENT_3D('',#26870,#26880,#26890);
#26910=PLANE('',#26900);
#26920=CARTESIAN_POINT('',(-1.731087,-5.88730099999999,0.));
#26930=DIRECTION('',(0.,2.22044604925031E-15,-1.));
#26940=VECTOR('',#26930,1.);
#26950=LINE('',#26920,#26940);
#26960=CARTESIAN_POINT('',(-1.731087,-5.887301,1.425));
#26970=VERTEX_POINT('',#26960);
#26980=EDGE_CURVE('',#15440,#26970,#26950,.T.);
#26990=ORIENTED_EDGE('',*,*,#26980,.F.);
#27000=CARTESIAN_POINT('',(13.75,-5.887301,1.425));
#27010=DIRECTION('',(1.,0.,0.));
#27020=VECTOR('',#27010,1.);
#27030=LINE('',#27000,#27020);
#27040=CARTESIAN_POINT('',(-2.131087,-5.887301,1.425));
#27050=VERTEX_POINT('',#27040);
#27060=EDGE_CURVE('',#27050,#26970,#27030,.T.);
#27070=ORIENTED_EDGE('',*,*,#27060,.T.);
#27080=CARTESIAN_POINT('',(-2.131087,-5.88730099999999,0.));
#27090=DIRECTION('',(0.,-2.22044604925031E-15,1.));
#27100=VECTOR('',#27090,1.);
#27110=LINE('',#27080,#27100);
#27120=EDGE_CURVE('',#27050,#15520,#27110,.T.);
#27130=ORIENTED_EDGE('',*,*,#27120,.F.);
#27140=ORIENTED_EDGE('',*,*,#15530,.F.);
#27150=EDGE_LOOP('',(#27140,#27130,#27070,#26990));
#27160=FACE_OUTER_BOUND('',#27150,.T.);
#27170=ADVANCED_FACE('',(#27160),#26910,.T.);
#27180=CARTESIAN_POINT('',(-1.731087,-5.59778542378857,3.05404568246191)
);
#27190=DIRECTION('',(-1.,0.,0.));
#27200=DIRECTION('',(0.,-1.,0.));
#27210=AXIS2_PLACEMENT_3D('',#27180,#27190,#27200);
#27220=PLANE('',#27210);
#27230=CARTESIAN_POINT('',(-1.731087,-5.887301,0.));
#27240=DIRECTION('',(0.,0.,-1.));
#27250=VECTOR('',#27240,1.);
#27260=LINE('',#27230,#27250);
#27270=EDGE_CURVE('',#25380,#15440,#27260,.T.);
#27280=ORIENTED_EDGE('',*,*,#27270,.T.);
#27290=ORIENTED_EDGE('',*,*,#25390,.T.);
#27300=CARTESIAN_POINT('',(-1.731087,-4.387301,0.));
#27310=DIRECTION('',(0.,0.,1.));
#27320=VECTOR('',#27310,1.);
#27330=LINE('',#27300,#27320);
#27340=EDGE_CURVE('',#15080,#25300,#27330,.T.);
#27350=ORIENTED_EDGE('',*,*,#27340,.T.);
#27360=ORIENTED_EDGE('',*,*,#15090,.T.);
#27370=CARTESIAN_POINT('',(-1.731087,-5.887301,0.));
#27380=DIRECTION('',(0.,0.,-1.));
#27390=VECTOR('',#27380,1.);
#27400=LINE('',#27370,#27390);
#27410=EDGE_CURVE('',#26970,#15000,#27400,.T.);
#27420=ORIENTED_EDGE('',*,*,#27410,.T.);
#27430=ORIENTED_EDGE('',*,*,#26980,.T.);
#27440=EDGE_LOOP('',(#27430,#27420,#27360,#27350,#27290,#27280));
#27450=FACE_OUTER_BOUND('',#27440,.T.);
#27460=ADVANCED_FACE('',(#27450),#27220,.F.);
#27470=CARTESIAN_POINT('',(-0.731086999999999,-4.387301,0.625));
#27480=DIRECTION('',(0.,-1.,0.));
#27490=DIRECTION('',(-1.,0.,0.));
#27500=AXIS2_PLACEMENT_3D('',#27470,#27480,#27490);
#27510=PLANE('',#27500);
#27520=ORIENTED_EDGE('',*,*,#15110,.T.);
#27530=ORIENTED_EDGE('',*,*,#27340,.F.);
#27540=ORIENTED_EDGE('',*,*,#25310,.T.);
#27550=CARTESIAN_POINT('',(-0.731086999999999,-4.387301,0.));
#27560=DIRECTION('',(0.,0.,1.));
#27570=VECTOR('',#27560,1.);
#27580=LINE('',#27550,#27570);
#27590=EDGE_CURVE('',#14640,#25200,#27580,.T.);
#27600=ORIENTED_EDGE('',*,*,#27590,.T.);
#27610=EDGE_LOOP('',(#27600,#27540,#27530,#27520));
#27620=FACE_OUTER_BOUND('',#27610,.T.);
#27630=ADVANCED_FACE('',(#27620),#27510,.T.);
#27640=CARTESIAN_POINT('',(-0.731086999999999,-5.59778542378857,
3.05404568246191));
#27650=DIRECTION('',(-1.,0.,0.));
#27660=DIRECTION('',(0.,-1.,0.));
#27670=AXIS2_PLACEMENT_3D('',#27640,#27650,#27660);
#27680=PLANE('',#27670);
#27690=ORIENTED_EDGE('',*,*,#25970,.T.);
#27700=CARTESIAN_POINT('',(-0.731086999999999,-5.887301,0.));
#27710=DIRECTION('',(0.,0.,-1.));
#27720=VECTOR('',#27710,1.);
#27730=LINE('',#27700,#27720);
#27740=EDGE_CURVE('',#25880,#14620,#27730,.T.);
#27750=ORIENTED_EDGE('',*,*,#27740,.F.);
#27760=ORIENTED_EDGE('',*,*,#14650,.F.);
#27770=ORIENTED_EDGE('',*,*,#27590,.F.);
#27780=ORIENTED_EDGE('',*,*,#25230,.F.);
#27790=CARTESIAN_POINT('',(-0.731086999999999,-5.887301,0.));
#27800=DIRECTION('',(0.,0.,-1.));
#27810=VECTOR('',#27800,1.);
#27820=LINE('',#27790,#27810);
#27830=EDGE_CURVE('',#25220,#25960,#27820,.T.);
#27840=ORIENTED_EDGE('',*,*,#27830,.F.);
#27850=EDGE_LOOP('',(#27840,#27780,#27770,#27760,#27750,#27690));
#27860=FACE_OUTER_BOUND('',#27850,.T.);
#27870=ADVANCED_FACE('',(#27860),#27680,.T.);
#27880=CARTESIAN_POINT('',(-1.231087,-5.887301,4.225));
#27890=DIRECTION('',(0.,1.,0.));
#27900=DIRECTION('',(0.,0.,-1.));
#27910=AXIS2_PLACEMENT_3D('',#27880,#27890,#27900);
#27920=PLANE('',#27910);
#27930=ORIENTED_EDGE('',*,*,#27270,.F.);
#27940=ORIENTED_EDGE('',*,*,#15450,.F.);
#27950=CARTESIAN_POINT('',(-1.456087,-5.887301,0.));
#27960=DIRECTION('',(0.,0.,-1.));
#27970=VECTOR('',#27960,1.);
#27980=LINE('',#27950,#27970);
#27990=CARTESIAN_POINT('',(-1.456087,-5.887301,4.025));
#28000=VERTEX_POINT('',#27990);
#28010=EDGE_CURVE('',#28000,#15360,#27980,.T.);
#28020=ORIENTED_EDGE('',*,*,#28010,.T.);
#28030=CARTESIAN_POINT('',(13.75,-5.887301,4.025));
#28040=DIRECTION('',(1.,0.,0.));
#28050=VECTOR('',#28040,1.);
#28060=LINE('',#28030,#28050);
#28070=CARTESIAN_POINT('',(-1.006087,-5.887301,4.025));
#28080=VERTEX_POINT('',#28070);
#28090=EDGE_CURVE('',#28000,#28080,#28060,.T.);
#28100=ORIENTED_EDGE('',*,*,#28090,.F.);
#28110=CARTESIAN_POINT('',(-1.006087,-5.887301,0.));
#28120=DIRECTION('',(0.,0.,-1.));
#28130=VECTOR('',#28120,1.);
#28140=LINE('',#28110,#28130);
#28150=CARTESIAN_POINT('',(-1.006087,-5.887301,3.625));
#28160=VERTEX_POINT('',#28150);
#28170=EDGE_CURVE('',#28080,#28160,#28140,.T.);
#28180=ORIENTED_EDGE('',*,*,#28170,.F.);
#28190=CARTESIAN_POINT('',(13.75,-5.887301,3.625));
#28200=DIRECTION('',(1.,0.,0.));
#28210=VECTOR('',#28200,1.);
#28220=LINE('',#28190,#28210);
#28230=EDGE_CURVE('',#28160,#25960,#28220,.T.);
#28240=ORIENTED_EDGE('',*,*,#28230,.F.);
#28250=ORIENTED_EDGE('',*,*,#27830,.T.);
#28260=ORIENTED_EDGE('',*,*,#25450,.F.);
#28270=EDGE_LOOP('',(#28260,#28250,#28240,#28180,#28100,#28020,#27940,
#27930));
#28280=FACE_OUTER_BOUND('',#28270,.T.);
#28290=ADVANCED_FACE('',(#28280),#27920,.T.);
#28300=CARTESIAN_POINT('',(-2.32567401456606,-6.02621870627953,1.425));
#28310=DIRECTION('',(0.,0.,1.));
#28320=DIRECTION('',(1.,0.,0.));
#28330=AXIS2_PLACEMENT_3D('',#28300,#28310,#28320);
#28340=PLANE('',#28330);
#28350=CARTESIAN_POINT('',(13.75,-5.537301,1.425));
#28360=DIRECTION('',(-1.,0.,0.));
#28370=VECTOR('',#28360,1.);
#28380=LINE('',#28350,#28370);
#28390=CARTESIAN_POINT('',(-2.131087,-5.537301,1.425));
#28400=VERTEX_POINT('',#28390);
#28410=CARTESIAN_POINT('',(-2.681087,-5.537301,1.425));
#28420=VERTEX_POINT('',#28410);
#28430=EDGE_CURVE('',#28400,#28420,#28380,.T.);
#28440=ORIENTED_EDGE('',*,*,#28430,.T.);
#28450=CARTESIAN_POINT('',(-2.131087,-5.887301,1.425));
#28460=DIRECTION('',(0.,1.,2.22044604925031E-15));
#28470=VECTOR('',#28460,1.);
#28480=LINE('',#28450,#28470);
#28490=EDGE_CURVE('',#27050,#28400,#28480,.T.);
#28500=ORIENTED_EDGE('',*,*,#28490,.T.);
#28510=ORIENTED_EDGE('',*,*,#27060,.F.);
#28520=CARTESIAN_POINT('',(13.75,-5.887301,1.425));
#28530=DIRECTION('',(-1.,0.,0.));
#28540=VECTOR('',#28530,1.);
#28550=LINE('',#28520,#28540);
#28560=CARTESIAN_POINT('',(-1.681087,-5.887301,1.425));
#28570=VERTEX_POINT('',#28560);
#28580=EDGE_CURVE('',#28570,#26970,#28550,.T.);
#28590=ORIENTED_EDGE('',*,*,#28580,.T.);
#28600=CARTESIAN_POINT('',(-1.681087,0.,1.425));
#28610=DIRECTION('',(0.,1.,0.));
#28620=VECTOR('',#28610,1.);
#28630=LINE('',#28600,#28620);
#28640=EDGE_CURVE('',#22130,#28570,#28630,.T.);
#28650=ORIENTED_EDGE('',*,*,#28640,.T.);
#28660=ORIENTED_EDGE('',*,*,#22140,.F.);
#28670=CARTESIAN_POINT('',(-2.681087,0.,1.425));
#28680=DIRECTION('',(0.,-1.,0.));
#28690=VECTOR('',#28680,1.);
#28700=LINE('',#28670,#28690);
#28710=EDGE_CURVE('',#28420,#22050,#28700,.T.);
#28720=ORIENTED_EDGE('',*,*,#28710,.T.);
#28730=EDGE_LOOP('',(#28720,#28660,#28650,#28590,#28510,#28500,#28440));
#28740=FACE_OUTER_BOUND('',#28730,.T.);
#28750=ADVANCED_FACE('',(#28740),#28340,.T.);
#28760=CARTESIAN_POINT('',(17.168913,-3.80868013349354,1.425));
#28770=DIRECTION('',(0.,-1.22460635382238E-16,-1.));
#28780=DIRECTION('',(1.,0.,0.));
#28790=AXIS2_PLACEMENT_3D('',#28760,#28770,#28780);
#28800=PLANE('',#28790);
#28810=ORIENTED_EDGE('',*,*,#17410,.T.);
#28820=ORIENTED_EDGE('',*,*,#12810,.T.);
#28830=ORIENTED_EDGE('',*,*,#16820,.T.);
#28840=ORIENTED_EDGE('',*,*,#11770,.F.);
#28850=CARTESIAN_POINT('',(-2.131087,-3.98730099999999,1.425));
#28860=DIRECTION('',(0.,-1.,-4.44089209850064E-15));
#28870=VECTOR('',#28860,1.);
#28880=LINE('',#28850,#28870);
#28890=CARTESIAN_POINT('',(-2.131087,-4.737301,1.425));
#28900=VERTEX_POINT('',#28890);
#28910=EDGE_CURVE('',#11680,#28900,#28880,.T.);
#28920=ORIENTED_EDGE('',*,*,#28910,.F.);
#28930=CARTESIAN_POINT('',(13.75,-4.737301,1.425));
#28940=DIRECTION('',(-1.,0.,0.));
#28950=VECTOR('',#28940,1.);
#28960=LINE('',#28930,#28950);
#28970=CARTESIAN_POINT('',(-2.681087,-4.737301,1.425));
#28980=VERTEX_POINT('',#28970);
#28990=EDGE_CURVE('',#28900,#28980,#28960,.T.);
#29000=ORIENTED_EDGE('',*,*,#28990,.F.);
#29010=CARTESIAN_POINT('',(-2.681087,0.,1.425));
#29020=DIRECTION('',(0.,1.,0.));
#29030=VECTOR('',#29020,1.);
#29040=LINE('',#29010,#29030);
#29050=EDGE_CURVE('',#28980,#3390,#29040,.T.);
#29060=ORIENTED_EDGE('',*,*,#29050,.F.);
#29070=ORIENTED_EDGE('',*,*,#3620,.T.);
#29080=EDGE_LOOP('',(#29070,#29060,#29000,#28920,#28840,#28830,#28820,
#28810));
#29090=FACE_OUTER_BOUND('',#29080,.T.);
#29100=ADVANCED_FACE('',(#29090),#28800,.F.);
#29110=CARTESIAN_POINT('',(-2.131087,-4.737301,2.625));
#29120=DIRECTION('',(0.,-1.,5.69345140833414E-17));
#29130=DIRECTION('',(0.,-5.69345140833414E-17,-1.));
#29140=AXIS2_PLACEMENT_3D('',#29110,#29120,#29130);
#29150=PLANE('',#29140);
#29160=CARTESIAN_POINT('',(-2.131087,-4.737301,0.));
#29170=DIRECTION('',(0.,1.11022302462516E-15,1.));
#29180=VECTOR('',#29170,1.);
#29190=LINE('',#29160,#29180);
#29200=CARTESIAN_POINT('',(-2.131087,-4.737301,2.625));
#29210=VERTEX_POINT('',#29200);
#29220=EDGE_CURVE('',#28900,#29210,#29190,.T.);
#29230=ORIENTED_EDGE('',*,*,#29220,.F.);
#29240=CARTESIAN_POINT('',(-2.681087,-4.737301,2.625));
#29250=DIRECTION('',(1.,0.,0.));
#29260=VECTOR('',#29250,1.);
#29270=LINE('',#29240,#29260);
#29280=CARTESIAN_POINT('',(-2.681087,-4.737301,2.625));
#29290=VERTEX_POINT('',#29280);
#29300=EDGE_CURVE('',#29290,#29210,#29270,.T.);
#29310=ORIENTED_EDGE('',*,*,#29300,.T.);
#29320=CARTESIAN_POINT('',(-2.681087,-4.737301,2.525));
#29330=DIRECTION('',(0.,1.11022302462516E-15,1.));
#29340=VECTOR('',#29330,1.);
#29350=LINE('',#29320,#29340);
#29360=EDGE_CURVE('',#28980,#29290,#29350,.T.);
#29370=ORIENTED_EDGE('',*,*,#29360,.T.);
#29380=ORIENTED_EDGE('',*,*,#28990,.T.);
#29390=EDGE_LOOP('',(#29380,#29370,#29310,#29230));
#29400=FACE_OUTER_BOUND('',#29390,.T.);
#29410=ADVANCED_FACE('',(#29400),#29150,.F.);
#29420=CARTESIAN_POINT('',(-2.681087,-4.837301,2.625));
#29430=DIRECTION('',(0.,5.5511151231258E-16,1.));
#29440=DIRECTION('',(0.,-1.,5.5511151231258E-16));
#29450=AXIS2_PLACEMENT_3D('',#29420,#29430,#29440);
#29460=PLANE('',#29450);
#29470=ORIENTED_EDGE('',*,*,#29300,.F.);
#29480=CARTESIAN_POINT('',(-2.131087,0.,2.625));
#29490=DIRECTION('',(0.,-1.,-5.55111512312576E-16));
#29500=VECTOR('',#29490,1.);
#29510=LINE('',#29480,#29500);
#29520=CARTESIAN_POINT('',(-2.131087,-5.537301,2.625));
#29530=VERTEX_POINT('',#29520);
#29540=EDGE_CURVE('',#29210,#29530,#29510,.T.);
#29550=ORIENTED_EDGE('',*,*,#29540,.F.);
#29560=CARTESIAN_POINT('',(-2.681087,-5.537301,2.625));
#29570=DIRECTION('',(1.,0.,0.));
#29580=VECTOR('',#29570,1.);
#29590=LINE('',#29560,#29580);
#29600=CARTESIAN_POINT('',(-2.681087,-5.537301,2.625));
#29610=VERTEX_POINT('',#29600);
#29620=EDGE_CURVE('',#29610,#29530,#29590,.T.);
#29630=ORIENTED_EDGE('',*,*,#29620,.T.);
#29640=CARTESIAN_POINT('',(-2.681087,-5.437301,2.625));
#29650=DIRECTION('',(0.,-1.,-5.55111512312576E-16));
#29660=VECTOR('',#29650,1.);
#29670=LINE('',#29640,#29660);
#29680=EDGE_CURVE('',#29290,#29610,#29670,.T.);
#29690=ORIENTED_EDGE('',*,*,#29680,.T.);
#29700=EDGE_LOOP('',(#29690,#29630,#29550,#29470));
#29710=FACE_OUTER_BOUND('',#29700,.T.);
#29720=ADVANCED_FACE('',(#29710),#29460,.T.);
#29730=CARTESIAN_POINT('',(-2.131087,-5.537301,1.425));
#29740=DIRECTION('',(0.,1.,-5.69345140833414E-17));
#29750=DIRECTION('',(0.,5.69345140833414E-17,1.));
#29760=AXIS2_PLACEMENT_3D('',#29730,#29740,#29750);
#29770=PLANE('',#29760);
#29780=ORIENTED_EDGE('',*,*,#28430,.F.);
#29790=CARTESIAN_POINT('',(-2.681087,-5.537301,0.));
#29800=DIRECTION('',(0.,-5.69345140833414E-17,-1.));
#29810=VECTOR('',#29800,1.);
#29820=LINE('',#29790,#29810);
#29830=EDGE_CURVE('',#29610,#28420,#29820,.T.);
#29840=ORIENTED_EDGE('',*,*,#29830,.T.);
#29850=ORIENTED_EDGE('',*,*,#29620,.F.);
#29860=CARTESIAN_POINT('',(-2.131087,-5.537301,0.));
#29870=DIRECTION('',(0.,5.69345140833414E-17,1.));
#29880=VECTOR('',#29870,1.);
#29890=LINE('',#29860,#29880);
#29900=EDGE_CURVE('',#28400,#29530,#29890,.T.);
#29910=ORIENTED_EDGE('',*,*,#29900,.T.);
#29920=EDGE_LOOP('',(#29910,#29850,#29840,#29780));
#29930=FACE_OUTER_BOUND('',#29920,.T.);
#29940=ADVANCED_FACE('',(#29930),#29770,.F.);
#29950=CARTESIAN_POINT('',(-2.681087,-3.80868013349354,1.425));
#29960=DIRECTION('',(-1.,0.,0.));
#29970=DIRECTION('',(0.,0.,-1.));
#29980=AXIS2_PLACEMENT_3D('',#29950,#29960,#29970);
#29990=PLANE('',#29980);
#30000=ORIENTED_EDGE('',*,*,#29360,.F.);
#30010=ORIENTED_EDGE('',*,*,#29680,.F.);
#30020=ORIENTED_EDGE('',*,*,#29830,.F.);
#30030=ORIENTED_EDGE('',*,*,#28710,.F.);
#30040=ORIENTED_EDGE('',*,*,#22060,.F.);
#30050=ORIENTED_EDGE('',*,*,#13720,.T.);
#30060=ORIENTED_EDGE('',*,*,#3400,.F.);
#30070=ORIENTED_EDGE('',*,*,#29050,.T.);
#30080=EDGE_LOOP('',(#30070,#30060,#30050,#30040,#30030,#30020,#30010,
#30000));
#30090=FACE_OUTER_BOUND('',#30080,.T.);
#30100=ADVANCED_FACE('',(#30090),#29990,.T.);
#30110=CARTESIAN_POINT('',(0.518913000000001,0.,4.225));
#30120=DIRECTION('',(0.,1.,0.));
#30130=VECTOR('',#30120,1.);
#30140=LINE('',#30110,#30130);
#30150=CARTESIAN_POINT('',(0.518913000000001,-5.887301,4.225));
#30160=VERTEX_POINT('',#30150);
#30170=CARTESIAN_POINT('',(0.518913000000001,-4.387301,4.225));
#30180=VERTEX_POINT('',#30170);
#30190=EDGE_CURVE('',#30160,#30180,#30140,.T.);
#30200=ORIENTED_EDGE('',*,*,#30190,.F.);
#30210=CARTESIAN_POINT('',(13.75,-4.387301,4.225));
#30220=DIRECTION('',(1.,0.,0.));
#30230=VECTOR('',#30220,1.);
#30240=LINE('',#30210,#30230);
#30250=CARTESIAN_POINT('',(-0.481086999999999,-4.387301,4.225));
#30260=VERTEX_POINT('',#30250);
#30270=EDGE_CURVE('',#30260,#30180,#30240,.T.);
#30280=ORIENTED_EDGE('',*,*,#30270,.T.);
#30290=CARTESIAN_POINT('',(-0.481086999999999,0.,4.225));
#30300=DIRECTION('',(0.,1.,0.));
#30310=VECTOR('',#30300,1.);
#30320=LINE('',#30290,#30310);
#30330=CARTESIAN_POINT('',(-0.481086999999999,-5.887301,4.225));
#30340=VERTEX_POINT('',#30330);
#30350=EDGE_CURVE('',#30340,#30260,#30320,.T.);
#30360=ORIENTED_EDGE('',*,*,#30350,.T.);
#30370=CARTESIAN_POINT('',(13.75,-5.887301,4.225));
#30380=DIRECTION('',(1.,0.,0.));
#30390=VECTOR('',#30380,1.);
#30400=LINE('',#30370,#30390);
#30410=EDGE_CURVE('',#30340,#30160,#30400,.T.);
#30420=ORIENTED_EDGE('',*,*,#30410,.F.);
#30430=EDGE_LOOP('',(#30420,#30360,#30280,#30200));
#30440=FACE_OUTER_BOUND('',#30430,.T.);
#30450=CARTESIAN_POINT('',(-0.181087,0.,4.225));
#30460=DIRECTION('',(0.,1.,0.));
#30470=VECTOR('',#30460,1.);
#30480=LINE('',#30450,#30470);
#30490=EDGE_CURVE('',#12230,#8240,#30480,.T.);
#30500=ORIENTED_EDGE('',*,*,#30490,.F.);
#30510=ORIENTED_EDGE('',*,*,#8250,.F.);
#30520=ORIENTED_EDGE('',*,*,#24480,.F.);
#30530=ORIENTED_EDGE('',*,*,#12320,.F.);
#30540=EDGE_LOOP('',(#30530,#30520,#30510,#30500));
#30550=FACE_BOUND('',#30540,.T.);
#30560=ADVANCED_FACE('',(#30440,#30550),#25140,.T.);
#30570=CARTESIAN_POINT('',(-0.181087,-4.967301,4.625));
#30580=DIRECTION('',(1.,0.,0.));
#30590=DIRECTION('',(0.,-1.,0.));
#30600=AXIS2_PLACEMENT_3D('',#30570,#30580,#30590);
#30610=PLANE('',#30600);
#30620=ORIENTED_EDGE('',*,*,#8310,.F.);
#30630=ORIENTED_EDGE('',*,*,#30490,.T.);
#30640=ORIENTED_EDGE('',*,*,#12240,.T.);
#30650=ORIENTED_EDGE('',*,*,#6360,.F.);
#30660=EDGE_LOOP('',(#30650,#30640,#30630,#30620));
#30670=FACE_OUTER_BOUND('',#30660,.T.);
#30680=ADVANCED_FACE('',(#30670),#30610,.T.);
#30690=CARTESIAN_POINT('',(0.643913000000001,-5.887301,1.825));
#30700=DIRECTION('',(0.,-5.5511151231258E-16,-1.));
#30710=DIRECTION('',(0.,1.,-5.5511151231258E-16));
#30720=AXIS2_PLACEMENT_3D('',#30690,#30700,#30710);
#30730=PLANE('',#30720);
#30740=ORIENTED_EDGE('',*,*,#21140,.T.);
#30750=ORIENTED_EDGE('',*,*,#9200,.F.);
#30760=ORIENTED_EDGE('',*,*,#22840,.F.);
#30770=CARTESIAN_POINT('',(0.468913000000002,0.,1.825));
#30780=DIRECTION('',(0.,-1.,0.));
#30790=VECTOR('',#30780,1.);
#30800=LINE('',#30770,#30790);
#30810=CARTESIAN_POINT('',(0.468913000000002,-5.887301,1.825));
#30820=VERTEX_POINT('',#30810);
#30830=EDGE_CURVE('',#30820,#22770,#30800,.T.);
#30840=ORIENTED_EDGE('',*,*,#30830,.T.);
#30850=CARTESIAN_POINT('',(13.75,-5.887301,1.825));
#30860=DIRECTION('',(1.,0.,0.));
#30870=VECTOR('',#30860,1.);
#30880=LINE('',#30850,#30870);
#30890=EDGE_CURVE('',#30820,#9800,#30880,.T.);
#30900=ORIENTED_EDGE('',*,*,#30890,.F.);
#30910=ORIENTED_EDGE('',*,*,#10050,.F.);
#30920=EDGE_LOOP('',(#30910,#30900,#30840,#30760,#30750,#30740));
#30930=FACE_OUTER_BOUND('',#30920,.T.);
#30940=ADVANCED_FACE('',(#30930),#30730,.F.);
#30950=CARTESIAN_POINT('',(0.243913000000001,-5.59778542378857,
3.05404568246191));
#30960=DIRECTION('',(-1.,0.,0.));
#30970=DIRECTION('',(0.,-1.,0.));
#30980=AXIS2_PLACEMENT_3D('',#30950,#30960,#30970);
#30990=PLANE('',#30980);
#31000=CARTESIAN_POINT('',(0.243913000000001,0.,3.625));
#31010=DIRECTION('',(0.,-1.,0.));
#31020=VECTOR('',#31010,1.);
#31030=LINE('',#31000,#31020);
#31040=CARTESIAN_POINT('',(0.243913000000001,-5.887301,3.625));
#31050=VERTEX_POINT('',#31040);
#31060=CARTESIAN_POINT('',(0.243913000000001,-6.287301,3.625));
#31070=VERTEX_POINT('',#31060);
#31080=EDGE_CURVE('',#31050,#31070,#31030,.T.);
#31090=ORIENTED_EDGE('',*,*,#31080,.T.);
#31100=CARTESIAN_POINT('',(0.243913000000001,-5.887301,0.));
#31110=DIRECTION('',(0.,0.,1.));
#31120=VECTOR('',#31110,1.);
#31130=LINE('',#31100,#31120);
#31140=EDGE_CURVE('',#31050,#15840,#31130,.T.);
#31150=ORIENTED_EDGE('',*,*,#31140,.F.);
#31160=ORIENTED_EDGE('',*,*,#15850,.F.);
#31170=CARTESIAN_POINT('',(0.243913000000001,-6.287301,0.));
#31180=DIRECTION('',(0.,0.,-1.));
#31190=VECTOR('',#31180,1.);
#31200=LINE('',#31170,#31190);
#31210=EDGE_CURVE('',#15740,#31070,#31200,.T.);
#31220=ORIENTED_EDGE('',*,*,#31210,.F.);
#31230=EDGE_LOOP('',(#31220,#31160,#31150,#31090));
#31240=FACE_OUTER_BOUND('',#31230,.T.);
#31250=ADVANCED_FACE('',(#31240),#30990,.T.);
#31260=CARTESIAN_POINT('',(-1.231087,-6.587301,2.625));
#31270=DIRECTION('',(0.,1.,0.));
#31280=DIRECTION('',(0.,0.,-1.));
#31290=AXIS2_PLACEMENT_3D('',#31260,#31270,#31280);
#31300=PLANE('',#31290);
#31310=CARTESIAN_POINT('',(-0.724055749999998,-6.587301,0.));
#31320=DIRECTION('',(-0.0312347523777212,0.,0.999512076087079));
#31330=VECTOR('',#31320,1.);
#31340=LINE('',#31310,#31330);
#31350=CARTESIAN_POINT('',(-0.806087,-6.587301,2.625));
#31360=VERTEX_POINT('',#31350);
#31370=CARTESIAN_POINT('',(-0.8295245,-6.587301,3.375));
#31380=VERTEX_POINT('',#31370);
#31390=EDGE_CURVE('',#31360,#31380,#31340,.T.);
#31400=ORIENTED_EDGE('',*,*,#31390,.T.);
#31410=CARTESIAN_POINT('',(13.75,-6.587301,2.625));
#31420=DIRECTION('',(1.,0.,0.));
#31430=VECTOR('',#31420,1.);
#31440=LINE('',#31410,#31430);
#31450=CARTESIAN_POINT('',(-1.656087,-6.587301,2.625));
#31460=VERTEX_POINT('',#31450);
#31470=EDGE_CURVE('',#31460,#31360,#31440,.T.);
#31480=ORIENTED_EDGE('',*,*,#31470,.T.);
#31490=CARTESIAN_POINT('',(-1.73811825,-6.587301,0.));
#31500=DIRECTION('',(-0.0312347523777212,0.,-0.999512076087079));
#31510=VECTOR('',#31500,1.);
#31520=LINE('',#31490,#31510);
#31530=CARTESIAN_POINT('',(-1.6326495,-6.587301,3.375));
#31540=VERTEX_POINT('',#31530);
#31550=EDGE_CURVE('',#31540,#31460,#31520,.T.);
#31560=ORIENTED_EDGE('',*,*,#31550,.T.);
#31570=CARTESIAN_POINT('',(13.75,-6.587301,3.375));
#31580=DIRECTION('',(1.,0.,0.));
#31590=VECTOR('',#31580,1.);
#31600=LINE('',#31570,#31590);
#31610=EDGE_CURVE('',#31540,#31380,#31600,.T.);
#31620=ORIENTED_EDGE('',*,*,#31610,.F.);
#31630=EDGE_LOOP('',(#31620,#31560,#31480,#31400));
#31640=FACE_OUTER_BOUND('',#31630,.T.);
#31650=ADVANCED_FACE('',(#31640),#31300,.F.);
#31660=CARTESIAN_POINT('',(-1.231087,-6.287301,3.39642857142857));
#31670=DIRECTION('',(0.,0.0712470499879098,-0.997458699830735));
#31680=DIRECTION('',(0.,-0.997458699830735,-0.0712470499879098));
#31690=AXIS2_PLACEMENT_3D('',#31660,#31670,#31680);
#31700=PLANE('',#31690);
#31710=CARTESIAN_POINT('',(-0.844228296874999,0.,3.8455215));
#31720=DIRECTION('',(-0.00222646479364673,0.99745622755373,
0.0712468733966951));
#31730=VECTOR('',#31720,1.);
#31740=LINE('',#31710,#31730);
#31750=CARTESIAN_POINT('',(-0.831086999999998,-5.887301,3.425));
#31760=VERTEX_POINT('',#31750);
#31770=EDGE_CURVE('',#31380,#31760,#31740,.T.);
#31780=ORIENTED_EDGE('',*,*,#31770,.T.);
#31790=ORIENTED_EDGE('',*,*,#31610,.T.);
#31800=CARTESIAN_POINT('',(-1.617945703125,0.,3.8455215));
#31810=DIRECTION('',(-0.00222646479364673,-0.99745622755373,
-0.0712468733966951));
#31820=VECTOR('',#31810,1.);
#31830=LINE('',#31800,#31820);
#31840=CARTESIAN_POINT('',(-1.631087,-5.887301,3.425));
#31850=VERTEX_POINT('',#31840);
#31860=EDGE_CURVE('',#31850,#31540,#31830,.T.);
#31870=ORIENTED_EDGE('',*,*,#31860,.T.);
#31880=CARTESIAN_POINT('',(13.75,-5.887301,3.425));
#31890=DIRECTION('',(-1.,0.,0.));
#31900=VECTOR('',#31890,1.);
#31910=LINE('',#31880,#31900);
#31920=EDGE_CURVE('',#31760,#31850,#31910,.T.);
#31930=ORIENTED_EDGE('',*,*,#31920,.T.);
#31940=EDGE_LOOP('',(#31930,#31870,#31790,#31780));
#31950=FACE_OUTER_BOUND('',#31940,.T.);
#31960=ADVANCED_FACE('',(#31950),#31700,.F.);
#31970=CARTESIAN_POINT('',(-0.606086999999999,-5.887301,1.825));
#31980=DIRECTION('',(0.,5.5511151231258E-16,1.));
#31990=DIRECTION('',(0.,1.,-5.5511151231258E-16));
#32000=AXIS2_PLACEMENT_3D('',#31970,#31980,#31990);
#32010=PLANE('',#32000);
#32020=CARTESIAN_POINT('',(13.75,-5.887301,1.825));
#32030=DIRECTION('',(1.,0.,0.));
#32040=VECTOR('',#32030,1.);
#32050=LINE('',#32020,#32040);
#32060=CARTESIAN_POINT('',(-0.431087,-5.887301,1.825));
#32070=VERTEX_POINT('',#32060);
#32080=EDGE_CURVE('',#25800,#32070,#32050,.T.);
#32090=ORIENTED_EDGE('',*,*,#32080,.F.);
#32100=CARTESIAN_POINT('',(-0.431087,0.,1.825));
#32110=DIRECTION('',(-1.73472347597681E-17,1.,-5.5511151231258E-16));
#32120=VECTOR('',#32110,1.);
#32130=LINE('',#32100,#32120);
#32140=EDGE_CURVE('',#22530,#32070,#32130,.T.);
#32150=ORIENTED_EDGE('',*,*,#32140,.T.);
#32160=ORIENTED_EDGE('',*,*,#22540,.T.);
#32170=CARTESIAN_POINT('',(-0.781086999999998,0.,1.825));
#32180=DIRECTION('',(1.73472347597681E-17,1.,-5.5511151231258E-16));
#32190=VECTOR('',#32180,1.);
#32200=LINE('',#32170,#32190);
#32210=CARTESIAN_POINT('',(-0.781086999999998,-5.887301,1.825));
#32220=VERTEX_POINT('',#32210);
#32230=EDGE_CURVE('',#22450,#32220,#32200,.T.);
#32240=ORIENTED_EDGE('',*,*,#32230,.F.);
#32250=CARTESIAN_POINT('',(13.75,-5.887301,1.825));
#32260=DIRECTION('',(-1.,0.,0.));
#32270=VECTOR('',#32260,1.);
#32280=LINE('',#32250,#32270);
#32290=EDGE_CURVE('',#25880,#32220,#32280,.T.);
#32300=ORIENTED_EDGE('',*,*,#32290,.T.);
#32310=ORIENTED_EDGE('',*,*,#25890,.F.);
#32320=EDGE_LOOP('',(#32310,#32300,#32240,#32160,#32150,#32090));
#32330=FACE_OUTER_BOUND('',#32320,.T.);
#32340=ADVANCED_FACE('',(#32330),#32010,.T.);
#32350=CARTESIAN_POINT('',(-0.831086999999998,-5.887301,3.425));
#32360=DIRECTION('',(0.999512076087079,0.,0.0312347523777212));
#32370=DIRECTION('',(0.0312347523777212,0.,-0.999512076087079));
#32380=AXIS2_PLACEMENT_3D('',#32350,#32360,#32370);
#32390=PLANE('',#32380);
#32400=ORIENTED_EDGE('',*,*,#32230,.T.);
#32410=ORIENTED_EDGE('',*,*,#22460,.T.);
#32420=CARTESIAN_POINT('',(-0.724055749999998,-7.374801,0.));
#32430=DIRECTION('',(-0.0299186719123448,0.287219250358511,
0.957397501195035));
#32440=VECTOR('',#32430,1.);
#32450=LINE('',#32420,#32440);
#32460=EDGE_CURVE('',#22370,#31360,#32450,.T.);
#32470=ORIENTED_EDGE('',*,*,#32460,.F.);
#32480=ORIENTED_EDGE('',*,*,#31390,.F.);
#32490=ORIENTED_EDGE('',*,*,#31770,.F.);
#32500=CARTESIAN_POINT('',(-0.724055749999998,-5.887301,0.));
#32510=DIRECTION('',(-0.0312347523777212,0.,0.999512076087079));
#32520=VECTOR('',#32510,1.);
#32530=LINE('',#32500,#32520);
#32540=EDGE_CURVE('',#32220,#31760,#32530,.T.);
#32550=ORIENTED_EDGE('',*,*,#32540,.T.);
#32560=EDGE_LOOP('',(#32550,#32490,#32480,#32470,#32410,#32400));
#32570=FACE_OUTER_BOUND('',#32560,.T.);
#32580=ADVANCED_FACE('',(#32570),#32390,.T.);
#32590=CARTESIAN_POINT('',(-1.231087,-6.587301,2.625));
#32600=DIRECTION('',(0.,0.957826285221151,-0.287347885566346));
#32610=DIRECTION('',(0.,-0.287347885566346,-0.957826285221151));
#32620=AXIS2_PLACEMENT_3D('',#32590,#32600,#32610);
#32630=PLANE('',#32620);
#32640=CARTESIAN_POINT('',(-1.73811825,-7.374801,0.));
#32650=DIRECTION('',(-0.0299186719123448,-0.287219250358511,
-0.957397501195035));
#32660=VECTOR('',#32650,1.);
#32670=LINE('',#32640,#32660);
#32680=EDGE_CURVE('',#31460,#22290,#32670,.T.);
#32690=ORIENTED_EDGE('',*,*,#32680,.T.);
#32700=ORIENTED_EDGE('',*,*,#31470,.F.);
#32710=ORIENTED_EDGE('',*,*,#32460,.T.);
#32720=ORIENTED_EDGE('',*,*,#22380,.F.);
#32730=EDGE_LOOP('',(#32720,#32710,#32700,#32690));
#32740=FACE_OUTER_BOUND('',#32730,.T.);
#32750=ADVANCED_FACE('',(#32740),#32630,.F.);
#32760=CARTESIAN_POINT('',(-1.681087,-5.887301,1.825));
#32770=DIRECTION('',(-0.999512076087079,0.,0.0312347523777212));
#32780=DIRECTION('',(0.0312347523777212,0.,0.999512076087079));
#32790=AXIS2_PLACEMENT_3D('',#32760,#32770,#32780);
#32800=PLANE('',#32790);
#32810=ORIENTED_EDGE('',*,*,#31860,.F.);
#32820=ORIENTED_EDGE('',*,*,#31550,.F.);
#32830=ORIENTED_EDGE('',*,*,#32680,.F.);
#32840=ORIENTED_EDGE('',*,*,#22300,.T.);
#32850=CARTESIAN_POINT('',(-1.681087,0.,1.825));
#32860=DIRECTION('',(0.,-1.,0.));
#32870=VECTOR('',#32860,1.);
#32880=LINE('',#32850,#32870);
#32890=CARTESIAN_POINT('',(-1.681087,-5.887301,1.825));
#32900=VERTEX_POINT('',#32890);
#32910=EDGE_CURVE('',#32900,#22210,#32880,.T.);
#32920=ORIENTED_EDGE('',*,*,#32910,.T.);
#32930=CARTESIAN_POINT('',(-1.73811825,-5.887301,0.));
#32940=DIRECTION('',(-0.0312347523777212,0.,-0.999512076087079));
#32950=VECTOR('',#32940,1.);
#32960=LINE('',#32930,#32950);
#32970=EDGE_CURVE('',#31850,#32900,#32960,.T.);
#32980=ORIENTED_EDGE('',*,*,#32970,.T.);
#32990=EDGE_LOOP('',(#32980,#32920,#32840,#32830,#32820,#32810));
#33000=FACE_OUTER_BOUND('',#32990,.T.);
#33010=ADVANCED_FACE('',(#33000),#32800,.T.);
#33020=CARTESIAN_POINT('',(-1.681087,-5.02665015825376,3.65875049669771)
);
#33030=DIRECTION('',(1.,0.,0.));
#33040=DIRECTION('',(0.,1.,0.));
#33050=AXIS2_PLACEMENT_3D('',#33020,#33030,#33040);
#33060=PLANE('',#33050);
#33070=CARTESIAN_POINT('',(-1.681087,-5.887301,0.));
#33080=DIRECTION('',(0.,0.,1.));
#33090=VECTOR('',#33080,1.);
#33100=LINE('',#33070,#33090);
#33110=EDGE_CURVE('',#28570,#32900,#33100,.T.);
#33120=ORIENTED_EDGE('',*,*,#33110,.F.);
#33130=ORIENTED_EDGE('',*,*,#32910,.F.);
#33140=ORIENTED_EDGE('',*,*,#22220,.F.);
#33150=ORIENTED_EDGE('',*,*,#28640,.F.);
#33160=EDGE_LOOP('',(#33150,#33140,#33130,#33120));
#33170=FACE_OUTER_BOUND('',#33160,.T.);
#33180=ADVANCED_FACE('',(#33170),#33060,.F.);
#33190=ORIENTED_EDGE('',*,*,#28580,.F.);
#33200=ORIENTED_EDGE('',*,*,#27410,.F.);
#33210=ORIENTED_EDGE('',*,*,#15010,.T.);
#33220=CARTESIAN_POINT('',(-1.506087,-5.887301,0.625));
#33230=DIRECTION('',(0.,0.,1.));
#33240=VECTOR('',#33230,1.);
#33250=LINE('',#33220,#33240);
#33260=CARTESIAN_POINT('',(-1.506087,-5.887301,2.925));
#33270=VERTEX_POINT('',#33260);
#33280=EDGE_CURVE('',#14920,#33270,#33250,.T.);
#33290=ORIENTED_EDGE('',*,*,#33280,.F.);
#33300=CARTESIAN_POINT('',(13.75,-5.887301,2.925));
#33310=DIRECTION('',(1.,0.,0.));
#33320=VECTOR('',#33310,1.);
#33330=LINE('',#33300,#33320);
#33340=CARTESIAN_POINT('',(-0.956086999999998,-5.887301,2.925));
#33350=VERTEX_POINT('',#33340);
#33360=EDGE_CURVE('',#33270,#33350,#33330,.T.);
#33370=ORIENTED_EDGE('',*,*,#33360,.F.);
#33380=CARTESIAN_POINT('',(-0.956086999999998,-5.887301,0.));
#33390=DIRECTION('',(0.,0.,1.));
#33400=VECTOR('',#33390,1.);
#33410=LINE('',#33380,#33400);
#33420=EDGE_CURVE('',#14680,#33350,#33410,.T.);
#33430=ORIENTED_EDGE('',*,*,#33420,.T.);
#33440=ORIENTED_EDGE('',*,*,#14690,.T.);
#33450=ORIENTED_EDGE('',*,*,#27740,.T.);
#33460=ORIENTED_EDGE('',*,*,#32290,.F.);
#33470=ORIENTED_EDGE('',*,*,#32540,.F.);
#33480=ORIENTED_EDGE('',*,*,#31920,.F.);
#33490=ORIENTED_EDGE('',*,*,#32970,.F.);
#33500=ORIENTED_EDGE('',*,*,#33110,.T.);
#33510=EDGE_LOOP('',(#33500,#33490,#33480,#33470,#33460,#33450,#33440,
#33430,#33370,#33290,#33210,#33200,#33190));
#33520=FACE_OUTER_BOUND('',#33510,.T.);
#33530=ADVANCED_FACE('',(#33520),#27920,.T.);
#33540=CARTESIAN_POINT('',(-0.956086999999998,-6.11797896575164,
2.20695639006852));
#33550=DIRECTION('',(-1.,0.,0.));
#33560=DIRECTION('',(0.,-1.,0.));
#33570=AXIS2_PLACEMENT_3D('',#33540,#33550,#33560);
#33580=PLANE('',#33570);
#33590=ORIENTED_EDGE('',*,*,#33420,.F.);
#33600=CARTESIAN_POINT('',(-0.956086999999997,-7.934801,0.));
#33610=DIRECTION('',(0.,-0.573462344363328,-0.81923192051904));
#33620=VECTOR('',#33610,1.);
#33630=LINE('',#33600,#33620);
#33640=CARTESIAN_POINT('',(-0.956086999999997,-6.237301,2.425));
#33650=VERTEX_POINT('',#33640);
#33660=EDGE_CURVE('',#33350,#33650,#33630,.T.);
#33670=ORIENTED_EDGE('',*,*,#33660,.F.);
#33680=CARTESIAN_POINT('',(-0.956086999999998,-6.237301,0.));
#33690=DIRECTION('',(0.,0.,1.));
#33700=VECTOR('',#33690,1.);
#33710=LINE('',#33680,#33700);
#33720=EDGE_CURVE('',#14760,#33650,#33710,.T.);
#33730=ORIENTED_EDGE('',*,*,#33720,.T.);
#33740=ORIENTED_EDGE('',*,*,#14770,.F.);
#33750=EDGE_LOOP('',(#33740,#33730,#33670,#33590));
#33760=FACE_OUTER_BOUND('',#33750,.T.);
#33770=ADVANCED_FACE('',(#33760),#33580,.T.);
#33780=CARTESIAN_POINT('',(-1.506087,-6.237301,0.625));
#33790=DIRECTION('',(0.,1.,0.));
#33800=DIRECTION('',(1.,0.,0.));
#33810=AXIS2_PLACEMENT_3D('',#33780,#33790,#33800);
#33820=PLANE('',#33810);
#33830=ORIENTED_EDGE('',*,*,#33720,.F.);
#33840=CARTESIAN_POINT('',(13.75,-6.237301,2.425));
#33850=DIRECTION('',(-1.,0.,0.));
#33860=VECTOR('',#33850,1.);
#33870=LINE('',#33840,#33860);
#33880=CARTESIAN_POINT('',(-1.506087,-6.237301,2.425));
#33890=VERTEX_POINT('',#33880);
#33900=EDGE_CURVE('',#33650,#33890,#33870,.T.);
#33910=ORIENTED_EDGE('',*,*,#33900,.F.);
#33920=CARTESIAN_POINT('',(-1.506087,-6.237301,0.));
#33930=DIRECTION('',(0.,0.,1.));
#33940=VECTOR('',#33930,1.);
#33950=LINE('',#33920,#33940);
#33960=EDGE_CURVE('',#14840,#33890,#33950,.T.);
#33970=ORIENTED_EDGE('',*,*,#33960,.T.);
#33980=ORIENTED_EDGE('',*,*,#14850,.F.);
#33990=EDGE_LOOP('',(#33980,#33970,#33910,#33830));
#34000=FACE_OUTER_BOUND('',#33990,.T.);
#34010=ADVANCED_FACE('',(#34000),#33820,.T.);
#34020=CARTESIAN_POINT('',(-1.506087,-6.11797896575164,2.20695639006852)
);
#34030=DIRECTION('',(-1.,0.,0.));
#34040=DIRECTION('',(0.,-1.,0.));
#34050=AXIS2_PLACEMENT_3D('',#34020,#34030,#34040);
#34060=PLANE('',#34050);
#34070=ORIENTED_EDGE('',*,*,#33280,.T.);
#34080=ORIENTED_EDGE('',*,*,#14930,.T.);
#34090=ORIENTED_EDGE('',*,*,#33960,.F.);
#34100=CARTESIAN_POINT('',(-1.506087,-7.934801,0.));
#34110=DIRECTION('',(0.,0.573462344363328,0.81923192051904));
#34120=VECTOR('',#34110,1.);
#34130=LINE('',#34100,#34120);
#34140=EDGE_CURVE('',#33890,#33270,#34130,.T.);
#34150=ORIENTED_EDGE('',*,*,#34140,.F.);
#34160=EDGE_LOOP('',(#34150,#34090,#34080,#34070));
#34170=FACE_OUTER_BOUND('',#34160,.T.);
#34180=ADVANCED_FACE('',(#34170),#34060,.F.);
#34190=CARTESIAN_POINT('',(-0.956086999999998,-6.237301,2.425));
#34200=DIRECTION('',(0.,0.81923192051904,-0.573462344363328));
#34210=DIRECTION('',(0.,-0.573462344363328,-0.81923192051904));
#34220=AXIS2_PLACEMENT_3D('',#34190,#34200,#34210);
#34230=PLANE('',#34220);
#34240=ORIENTED_EDGE('',*,*,#33360,.T.);
#34250=ORIENTED_EDGE('',*,*,#34140,.T.);
#34260=ORIENTED_EDGE('',*,*,#33900,.T.);
#34270=ORIENTED_EDGE('',*,*,#33660,.T.);
#34280=EDGE_LOOP('',(#34270,#34260,#34250,#34240));
#34290=FACE_OUTER_BOUND('',#34280,.T.);
#34300=ADVANCED_FACE('',(#34290),#34230,.T.);
#34310=CARTESIAN_POINT('',(0.0189130000000013,-6.587301,2.625));
#34320=DIRECTION('',(0.,-0.957826285221151,0.287347885566346));
#34330=DIRECTION('',(0.,-0.287347885566346,-0.957826285221151));
#34340=AXIS2_PLACEMENT_3D('',#34310,#34320,#34330);
#34350=PLANE('',#34340);
#34360=ORIENTED_EDGE('',*,*,#22700,.T.);
#34370=CARTESIAN_POINT('',(-0.488118249999999,-7.374801,0.));
#34380=DIRECTION('',(-0.0299186719123448,-0.287219250358511,
-0.957397501195035));
#34390=VECTOR('',#34380,1.);
#34400=LINE('',#34370,#34390);
#34410=CARTESIAN_POINT('',(-0.406086999999999,-6.587301,2.625));
#34420=VERTEX_POINT('',#34410);
#34430=EDGE_CURVE('',#34420,#22610,#34400,.T.);
#34440=ORIENTED_EDGE('',*,*,#34430,.T.);
#34450=CARTESIAN_POINT('',(13.75,-6.587301,2.625));
#34460=DIRECTION('',(1.,0.,0.));
#34470=VECTOR('',#34460,1.);
#34480=LINE('',#34450,#34470);
#34490=CARTESIAN_POINT('',(0.443913000000002,-6.587301,2.625));
#34500=VERTEX_POINT('',#34490);
#34510=EDGE_CURVE('',#34420,#34500,#34480,.T.);
#34520=ORIENTED_EDGE('',*,*,#34510,.F.);
#34530=CARTESIAN_POINT('',(0.525944250000002,-7.374801,0.));
#34540=DIRECTION('',(-0.0299186719123448,0.287219250358511,
0.957397501195035));
#34550=VECTOR('',#34540,1.);
#34560=LINE('',#34530,#34550);
#34570=EDGE_CURVE('',#22690,#34500,#34560,.T.);
#34580=ORIENTED_EDGE('',*,*,#34570,.T.);
#34590=EDGE_LOOP('',(#34580,#34520,#34440,#34360));
#34600=FACE_OUTER_BOUND('',#34590,.T.);
#34610=ADVANCED_FACE('',(#34600),#34350,.T.);
#34620=CARTESIAN_POINT('',(0.0189130000000013,-6.287301,3.39642857142857
));
#34630=DIRECTION('',(0.,-0.0712470499879098,0.997458699830735));
#34640=DIRECTION('',(0.,-0.997458699830735,-0.0712470499879098));
#34650=AXIS2_PLACEMENT_3D('',#34620,#34630,#34640);
#34660=PLANE('',#34650);
#34670=CARTESIAN_POINT('',(13.75,-5.887301,3.425));
#34680=DIRECTION('',(-1.,0.,0.));
#34690=VECTOR('',#34680,1.);
#34700=LINE('',#34670,#34690);
#34710=CARTESIAN_POINT('',(0.418913000000003,-5.887301,3.425));
#34720=VERTEX_POINT('',#34710);
#34730=CARTESIAN_POINT('',(-0.381086999999999,-5.887301,3.425));
#34740=VERTEX_POINT('',#34730);
#34750=EDGE_CURVE('',#34720,#34740,#34700,.T.);
#34760=ORIENTED_EDGE('',*,*,#34750,.T.);
#34770=CARTESIAN_POINT('',(0.405771703125003,0.,3.8455215));
#34780=DIRECTION('',(-0.00222646479364673,0.99745622755373,
0.0712468733966951));
#34790=VECTOR('',#34780,1.);
#34800=LINE('',#34770,#34790);
#34810=CARTESIAN_POINT('',(0.420475500000002,-6.587301,3.375));
#34820=VERTEX_POINT('',#34810);
#34830=EDGE_CURVE('',#34820,#34720,#34800,.T.);
#34840=ORIENTED_EDGE('',*,*,#34830,.T.);
#34850=CARTESIAN_POINT('',(13.75,-6.587301,3.375));
#34860=DIRECTION('',(1.,0.,0.));
#34870=VECTOR('',#34860,1.);
#34880=LINE('',#34850,#34870);
#34890=CARTESIAN_POINT('',(-0.382649499999999,-6.587301,3.375));
#34900=VERTEX_POINT('',#34890);
#34910=EDGE_CURVE('',#34900,#34820,#34880,.T.);
#34920=ORIENTED_EDGE('',*,*,#34910,.T.);
#34930=CARTESIAN_POINT('',(-0.367945703124999,0.,3.8455215));
#34940=DIRECTION('',(-0.00222646479364673,-0.99745622755373,
-0.0712468733966951));
#34950=VECTOR('',#34940,1.);
#34960=LINE('',#34930,#34950);
#34970=EDGE_CURVE('',#34740,#34900,#34960,.T.);
#34980=ORIENTED_EDGE('',*,*,#34970,.T.);
#34990=EDGE_LOOP('',(#34980,#34920,#34840,#34760));
#35000=FACE_OUTER_BOUND('',#34990,.T.);
#35010=ADVANCED_FACE('',(#35000),#34660,.T.);
#35020=CARTESIAN_POINT('',(0.468913000000002,-5.887301,1.825));
#35030=DIRECTION('',(-0.999512076087079,0.,-0.0312347523777212));
#35040=DIRECTION('',(-0.0312347523777212,0.,0.999512076087079));
#35050=AXIS2_PLACEMENT_3D('',#35020,#35030,#35040);
#35060=PLANE('',#35050);
#35070=CARTESIAN_POINT('',(0.525944250000002,-5.887301,0.));
#35080=DIRECTION('',(-0.0312347523777212,0.,0.999512076087079));
#35090=VECTOR('',#35080,1.);
#35100=LINE('',#35070,#35090);
#35110=EDGE_CURVE('',#30820,#34720,#35100,.T.);
#35120=ORIENTED_EDGE('',*,*,#35110,.T.);
#35130=ORIENTED_EDGE('',*,*,#30830,.F.);
#35140=ORIENTED_EDGE('',*,*,#22780,.F.);
#35150=ORIENTED_EDGE('',*,*,#34570,.F.);
#35160=CARTESIAN_POINT('',(0.525944250000002,-6.587301,0.));
#35170=DIRECTION('',(-0.0312347523777212,0.,0.999512076087079));
#35180=VECTOR('',#35170,1.);
#35190=LINE('',#35160,#35180);
#35200=EDGE_CURVE('',#34500,#34820,#35190,.T.);
#35210=ORIENTED_EDGE('',*,*,#35200,.F.);
#35220=ORIENTED_EDGE('',*,*,#34830,.F.);
#35230=EDGE_LOOP('',(#35220,#35210,#35150,#35140,#35130,#35120));
#35240=FACE_OUTER_BOUND('',#35230,.T.);
#35250=ADVANCED_FACE('',(#35240),#35060,.F.);
#35260=CARTESIAN_POINT('',(-0.256086999999999,-5.887301,0.625));
#35270=DIRECTION('',(0.,1.,0.));
#35280=DIRECTION('',(0.,0.,-1.));
#35290=AXIS2_PLACEMENT_3D('',#35260,#35270,#35280);
#35300=PLANE('',#35290);
#35310=ORIENTED_EDGE('',*,*,#26820,.F.);
#35320=CARTESIAN_POINT('',(0.293913000000002,-5.887301,0.));
#35330=DIRECTION('',(0.,0.,1.));
#35340=VECTOR('',#35330,1.);
#35350=LINE('',#35320,#35340);
#35360=EDGE_CURVE('',#13980,#26750,#35350,.T.);
#35370=ORIENTED_EDGE('',*,*,#35360,.T.);
#35380=ORIENTED_EDGE('',*,*,#13990,.T.);
#35390=CARTESIAN_POINT('',(0.518913000000001,-5.887301,0.));
#35400=DIRECTION('',(0.,0.,-1.));
#35410=VECTOR('',#35400,1.);
#35420=LINE('',#35390,#35410);
#35430=EDGE_CURVE('',#9800,#13960,#35420,.T.);
#35440=ORIENTED_EDGE('',*,*,#35430,.T.);
#35450=ORIENTED_EDGE('',*,*,#30890,.T.);
#35460=ORIENTED_EDGE('',*,*,#35110,.F.);
#35470=ORIENTED_EDGE('',*,*,#34750,.F.);
#35480=CARTESIAN_POINT('',(-0.488118249999999,-5.887301,0.));
#35490=DIRECTION('',(-0.0312347523777212,0.,-0.999512076087079));
#35500=VECTOR('',#35490,1.);
#35510=LINE('',#35480,#35500);
#35520=EDGE_CURVE('',#34740,#32070,#35510,.T.);
#35530=ORIENTED_EDGE('',*,*,#35520,.F.);
#35540=ORIENTED_EDGE('',*,*,#32080,.T.);
#35550=CARTESIAN_POINT('',(-0.481086999999999,-5.887301,0.));
#35560=DIRECTION('',(0.,0.,-1.));
#35570=VECTOR('',#35560,1.);
#35580=LINE('',#35550,#35570);
#35590=EDGE_CURVE('',#25800,#14300,#35580,.T.);
#35600=ORIENTED_EDGE('',*,*,#35590,.F.);
#35610=ORIENTED_EDGE('',*,*,#14310,.T.);
#35620=ORIENTED_EDGE('',*,*,#26330,.F.);
#35630=EDGE_LOOP('',(#35620,#35610,#35600,#35540,#35530,#35470,#35460,
#35450,#35440,#35380,#35370,#35310));
#35640=FACE_OUTER_BOUND('',#35630,.T.);
#35650=ADVANCED_FACE('',(#35640),#35300,.T.);
#35660=CARTESIAN_POINT('',(0.0189130000000013,-5.887301,4.225));
#35670=DIRECTION('',(0.,-1.,0.));
#35680=DIRECTION('',(0.,0.,-1.));
#35690=AXIS2_PLACEMENT_3D('',#35660,#35670,#35680);
#35700=PLANE('',#35690);
#35710=CARTESIAN_POINT('',(-0.481086999999999,-5.887301,0.));
#35720=DIRECTION('',(0.,0.,1.));
#35730=VECTOR('',#35720,1.);
#35740=LINE('',#35710,#35730);
#35750=EDGE_CURVE('',#25780,#30340,#35740,.T.);
#35760=ORIENTED_EDGE('',*,*,#35750,.T.);
#35770=CARTESIAN_POINT('',(13.75,-5.887301,3.625));
#35780=DIRECTION('',(-1.,0.,0.));
#35790=VECTOR('',#35780,1.);
#35800=LINE('',#35770,#35790);
#35810=CARTESIAN_POINT('',(-0.206086999999998,-5.887301,3.625));
#35820=VERTEX_POINT('',#35810);
#35830=EDGE_CURVE('',#35820,#25780,#35800,.T.);
#35840=ORIENTED_EDGE('',*,*,#35830,.T.);
#35850=CARTESIAN_POINT('',(-0.206086999999998,-5.887301,0.));
#35860=DIRECTION('',(0.,0.,1.));
#35870=VECTOR('',#35860,1.);
#35880=LINE('',#35850,#35870);
#35890=EDGE_CURVE('',#35820,#15920,#35880,.T.);
#35900=ORIENTED_EDGE('',*,*,#35890,.F.);
#35910=ORIENTED_EDGE('',*,*,#15930,.F.);
#35920=ORIENTED_EDGE('',*,*,#31140,.T.);
#35930=CARTESIAN_POINT('',(13.75,-5.887301,3.625));
#35940=DIRECTION('',(1.,0.,0.));
#35950=VECTOR('',#35940,1.);
#35960=LINE('',#35930,#35950);
#35970=EDGE_CURVE('',#31050,#9820,#35960,.T.);
#35980=ORIENTED_EDGE('',*,*,#35970,.F.);
#35990=CARTESIAN_POINT('',(0.518913000000001,-5.887301,0.));
#36000=DIRECTION('',(0.,0.,1.));
#36010=VECTOR('',#36000,1.);
#36020=LINE('',#35990,#36010);
#36030=EDGE_CURVE('',#9820,#30160,#36020,.T.);
#36040=ORIENTED_EDGE('',*,*,#36030,.F.);
#36050=ORIENTED_EDGE('',*,*,#30410,.T.);
#36060=EDGE_LOOP('',(#36050,#36040,#35980,#35920,#35910,#35900,#35840,
#35760));
#36070=FACE_OUTER_BOUND('',#36060,.T.);
#36080=ADVANCED_FACE('',(#36070),#35700,.F.);
#36090=CARTESIAN_POINT('',(-0.731089399999998,-6.287301,3.625));
#36100=DIRECTION('',(0.,0.,1.));
#36110=DIRECTION('',(0.,1.,0.));
#36120=AXIS2_PLACEMENT_3D('',#36090,#36100,#36110);
#36130=PLANE('',#36120);
#36140=ORIENTED_EDGE('',*,*,#35970,.T.);
#36150=ORIENTED_EDGE('',*,*,#31080,.F.);
#36160=CARTESIAN_POINT('',(13.75,-6.287301,3.625));
#36170=DIRECTION('',(-1.,0.,0.));
#36180=VECTOR('',#36170,1.);
#36190=LINE('',#36160,#36180);
#36200=EDGE_CURVE('',#17110,#31070,#36190,.T.);
#36210=ORIENTED_EDGE('',*,*,#36200,.T.);
#36220=ORIENTED_EDGE('',*,*,#17270,.T.);
#36230=ORIENTED_EDGE('',*,*,#21630,.F.);
#36240=ORIENTED_EDGE('',*,*,#9910,.F.);
#36250=EDGE_LOOP('',(#36240,#36230,#36220,#36210,#36150,#36140));
#36260=FACE_OUTER_BOUND('',#36250,.T.);
#36270=ADVANCED_FACE('',(#36260),#36130,.F.);
#36280=CARTESIAN_POINT('',(0.518913000000001,-5.59778542378857,
3.05404568246191));
#36290=DIRECTION('',(-1.,0.,0.));
#36300=DIRECTION('',(0.,-1.,0.));
#36310=AXIS2_PLACEMENT_3D('',#36280,#36290,#36300);
#36320=PLANE('',#36310);
#36330=ORIENTED_EDGE('',*,*,#9830,.T.);
#36340=ORIENTED_EDGE('',*,*,#35430,.F.);
#36350=ORIENTED_EDGE('',*,*,#14530,.T.);
#36360=CARTESIAN_POINT('',(0.518913000000001,-4.387301,0.));
#36370=DIRECTION('',(0.,0.,-1.));
#36380=VECTOR('',#36370,1.);
#36390=LINE('',#36360,#36380);
#36400=EDGE_CURVE('',#30180,#14460,#36390,.T.);
#36410=ORIENTED_EDGE('',*,*,#36400,.T.);
#36420=ORIENTED_EDGE('',*,*,#30190,.T.);
#36430=ORIENTED_EDGE('',*,*,#36030,.T.);
#36440=EDGE_LOOP('',(#36430,#36420,#36410,#36350,#36340,#36330));
#36450=FACE_OUTER_BOUND('',#36440,.T.);
#36460=ADVANCED_FACE('',(#36450),#36320,.T.);
#36470=CARTESIAN_POINT('',(-2.131087,-3.98730099999999,1.725));
#36480=DIRECTION('',(1.,0.,0.));
#36490=DIRECTION('',(0.,-4.44089209850064E-15,1.));
#36500=AXIS2_PLACEMENT_3D('',#36470,#36480,#36490);
#36510=PLANE('',#36500);
#36520=ORIENTED_EDGE('',*,*,#11690,.T.);
#36530=ORIENTED_EDGE('',*,*,#5010,.F.);
#36540=CARTESIAN_POINT('',(-2.131087,-6.287301,0.));
#36550=DIRECTION('',(0.,0.,-1.));
#36560=VECTOR('',#36550,1.);
#36570=LINE('',#36540,#36560);
#36580=EDGE_CURVE('',#5000,#15260,#36570,.T.);
#36590=ORIENTED_EDGE('',*,*,#36580,.F.);
#36600=ORIENTED_EDGE('',*,*,#15590,.F.);
#36610=ORIENTED_EDGE('',*,*,#27120,.T.);
#36620=ORIENTED_EDGE('',*,*,#28490,.F.);
#36630=ORIENTED_EDGE('',*,*,#29900,.F.);
#36640=ORIENTED_EDGE('',*,*,#29540,.T.);
#36650=ORIENTED_EDGE('',*,*,#29220,.T.);
#36660=ORIENTED_EDGE('',*,*,#28910,.T.);
#36670=EDGE_LOOP('',(#36660,#36650,#36640,#36630,#36620,#36610,#36600,
#36590,#36530,#36520));
#36680=FACE_OUTER_BOUND('',#36670,.T.);
#36690=ADVANCED_FACE('',(#36680),#36510,.F.);
#36700=CARTESIAN_POINT('',(-0.381086999999999,-5.887301,3.425));
#36710=DIRECTION('',(0.999512076087079,0.,-0.0312347523777212));
#36720=DIRECTION('',(-0.0312347523777212,0.,-0.999512076087079));
#36730=AXIS2_PLACEMENT_3D('',#36700,#36710,#36720);
#36740=PLANE('',#36730);
#36750=ORIENTED_EDGE('',*,*,#35520,.T.);
#36760=ORIENTED_EDGE('',*,*,#34970,.F.);
#36770=CARTESIAN_POINT('',(-0.488118249999999,-6.587301,0.));
#36780=DIRECTION('',(-0.0312347523777212,0.,-0.999512076087079));
#36790=VECTOR('',#36780,1.);
#36800=LINE('',#36770,#36790);
#36810=EDGE_CURVE('',#34900,#34420,#36800,.T.);
#36820=ORIENTED_EDGE('',*,*,#36810,.F.);
#36830=ORIENTED_EDGE('',*,*,#34430,.F.);
#36840=ORIENTED_EDGE('',*,*,#22620,.F.);
#36850=ORIENTED_EDGE('',*,*,#32140,.F.);
#36860=EDGE_LOOP('',(#36850,#36840,#36830,#36820,#36760,#36750));
#36870=FACE_OUTER_BOUND('',#36860,.T.);
#36880=ADVANCED_FACE('',(#36870),#36740,.F.);
#36890=CARTESIAN_POINT('',(0.0189130000000013,-6.587301,2.625));
#36900=DIRECTION('',(0.,-1.,0.));
#36910=DIRECTION('',(0.,0.,-1.));
#36920=AXIS2_PLACEMENT_3D('',#36890,#36900,#36910);
#36930=PLANE('',#36920);
#36940=ORIENTED_EDGE('',*,*,#34910,.F.);
#36950=ORIENTED_EDGE('',*,*,#35200,.T.);
#36960=ORIENTED_EDGE('',*,*,#34510,.T.);
#36970=ORIENTED_EDGE('',*,*,#36810,.T.);
#36980=EDGE_LOOP('',(#36970,#36960,#36950,#36940));
#36990=FACE_OUTER_BOUND('',#36980,.T.);
#37000=ADVANCED_FACE('',(#36990),#36930,.T.);
#37010=CARTESIAN_POINT('',(0.293913000000002,-6.11797896575164,
2.20695639006852));
#37020=DIRECTION('',(-1.,0.,0.));
#37030=DIRECTION('',(0.,-1.,0.));
#37040=AXIS2_PLACEMENT_3D('',#37010,#37020,#37030);
#37050=PLANE('',#37040);
#37060=ORIENTED_EDGE('',*,*,#26760,.F.);
#37070=ORIENTED_EDGE('',*,*,#26510,.F.);
#37080=ORIENTED_EDGE('',*,*,#14070,.F.);
#37090=ORIENTED_EDGE('',*,*,#35360,.F.);
#37100=EDGE_LOOP('',(#37090,#37080,#37070,#37060));
#37110=FACE_OUTER_BOUND('',#37100,.T.);
#37120=ADVANCED_FACE('',(#37110),#37050,.T.);
#37130=CARTESIAN_POINT('',(-0.481086999999999,-5.59778542378857,
3.05404568246191));
#37140=DIRECTION('',(-1.,0.,0.));
#37150=DIRECTION('',(0.,-1.,0.));
#37160=AXIS2_PLACEMENT_3D('',#37130,#37140,#37150);
#37170=PLANE('',#37160);
#37180=ORIENTED_EDGE('',*,*,#35750,.F.);
#37190=ORIENTED_EDGE('',*,*,#30350,.F.);
#37200=CARTESIAN_POINT('',(-0.481086999999999,-4.387301,0.));
#37210=DIRECTION('',(0.,0.,1.));
#37220=VECTOR('',#37210,1.);
#37230=LINE('',#37200,#37220);
#37240=EDGE_CURVE('',#14380,#30260,#37230,.T.);
#37250=ORIENTED_EDGE('',*,*,#37240,.T.);
#37260=ORIENTED_EDGE('',*,*,#14390,.F.);
#37270=ORIENTED_EDGE('',*,*,#35590,.T.);
#37280=ORIENTED_EDGE('',*,*,#25810,.T.);
#37290=EDGE_LOOP('',(#37280,#37270,#37260,#37250,#37190,#37180));
#37300=FACE_OUTER_BOUND('',#37290,.T.);
#37310=ADVANCED_FACE('',(#37300),#37170,.F.);
#37320=CARTESIAN_POINT('',(-1.731087,-4.387301,0.625));
#37330=DIRECTION('',(0.,-1.,0.));
#37340=DIRECTION('',(0.,0.,1.));
#37350=AXIS2_PLACEMENT_3D('',#37320,#37330,#37340);
#37360=PLANE('',#37350);
#37370=ORIENTED_EDGE('',*,*,#14470,.T.);
#37380=ORIENTED_EDGE('',*,*,#37240,.F.);
#37390=ORIENTED_EDGE('',*,*,#30270,.F.);
#37400=ORIENTED_EDGE('',*,*,#36400,.F.);
#37410=EDGE_LOOP('',(#37400,#37390,#37380,#37370));
#37420=FACE_OUTER_BOUND('',#37410,.T.);
#37430=ADVANCED_FACE('',(#37420),#37360,.T.);
#37440=CARTESIAN_POINT('',(-1.456087,-5.59778542378857,3.05404568246191)
);
#37450=DIRECTION('',(-1.,0.,0.));
#37460=DIRECTION('',(0.,-1.,0.));
#37470=AXIS2_PLACEMENT_3D('',#37440,#37450,#37460);
#37480=PLANE('',#37470);
#37490=CARTESIAN_POINT('',(-1.456087,-6.287301,0.));
#37500=DIRECTION('',(0.,0.,-1.));
#37510=VECTOR('',#37500,1.);
#37520=LINE('',#37490,#37510);
#37530=CARTESIAN_POINT('',(-1.456087,-6.287301,4.025));
#37540=VERTEX_POINT('',#37530);
#37550=EDGE_CURVE('',#37540,#15280,#37520,.T.);
#37560=ORIENTED_EDGE('',*,*,#37550,.T.);
#37570=CARTESIAN_POINT('',(-1.456087,0.,4.025));
#37580=DIRECTION('',(0.,1.,0.));
#37590=VECTOR('',#37580,1.);
#37600=LINE('',#37570,#37590);
#37610=EDGE_CURVE('',#37540,#28000,#37600,.T.);
#37620=ORIENTED_EDGE('',*,*,#37610,.F.);
#37630=ORIENTED_EDGE('',*,*,#28010,.F.);
#37640=ORIENTED_EDGE('',*,*,#15370,.T.);
#37650=EDGE_LOOP('',(#37640,#37630,#37620,#37560));
#37660=FACE_OUTER_BOUND('',#37650,.T.);
#37670=ADVANCED_FACE('',(#37660),#37480,.F.);
#37680=CARTESIAN_POINT('',(-1.231087,-6.287301,4.025));
#37690=DIRECTION('',(0.,0.,-1.));
#37700=DIRECTION('',(0.,-1.,0.));
#37710=AXIS2_PLACEMENT_3D('',#37680,#37690,#37700);
#37720=PLANE('',#37710);
#37730=CARTESIAN_POINT('',(-1.006087,0.,4.025));
#37740=DIRECTION('',(0.,1.,0.));
#37750=VECTOR('',#37740,1.);
#37760=LINE('',#37730,#37750);
#37770=CARTESIAN_POINT('',(-1.006087,-6.287301,4.025));
#37780=VERTEX_POINT('',#37770);
#37790=EDGE_CURVE('',#37780,#28080,#37760,.T.);
#37800=ORIENTED_EDGE('',*,*,#37790,.F.);
#37810=ORIENTED_EDGE('',*,*,#28090,.T.);
#37820=ORIENTED_EDGE('',*,*,#37610,.T.);
#37830=CARTESIAN_POINT('',(13.75,-6.287301,4.025));
#37840=DIRECTION('',(1.,0.,0.));
#37850=VECTOR('',#37840,1.);
#37860=LINE('',#37830,#37850);
#37870=EDGE_CURVE('',#37540,#37780,#37860,.T.);
#37880=ORIENTED_EDGE('',*,*,#37870,.F.);
#37890=EDGE_LOOP('',(#37880,#37820,#37810,#37800));
#37900=FACE_OUTER_BOUND('',#37890,.T.);
#37910=ADVANCED_FACE('',(#37900),#37720,.T.);
#37920=CARTESIAN_POINT('',(-1.006087,-5.59778542378857,3.05404568246191)
);
#37930=DIRECTION('',(-1.,0.,0.));
#37940=DIRECTION('',(0.,-1.,0.));
#37950=AXIS2_PLACEMENT_3D('',#37920,#37930,#37940);
#37960=PLANE('',#37950);
#37970=CARTESIAN_POINT('',(-1.006087,0.,3.625));
#37980=DIRECTION('',(0.,1.,0.));
#37990=VECTOR('',#37980,1.);
#38000=LINE('',#37970,#37990);
#38010=CARTESIAN_POINT('',(-1.006087,-6.287301,3.625));
#38020=VERTEX_POINT('',#38010);
#38030=EDGE_CURVE('',#38020,#28160,#38000,.T.);
#38040=ORIENTED_EDGE('',*,*,#38030,.F.);
#38050=ORIENTED_EDGE('',*,*,#28170,.T.);
#38060=ORIENTED_EDGE('',*,*,#37790,.T.);
#38070=CARTESIAN_POINT('',(-1.006087,-6.287301,0.));
#38080=DIRECTION('',(0.,0.,-1.));
#38090=VECTOR('',#38080,1.);
#38100=LINE('',#38070,#38090);
#38110=EDGE_CURVE('',#37780,#38020,#38100,.T.);
#38120=ORIENTED_EDGE('',*,*,#38110,.F.);
#38130=EDGE_LOOP('',(#38120,#38060,#38050,#38040));
#38140=FACE_OUTER_BOUND('',#38130,.T.);
#38150=ADVANCED_FACE('',(#38140),#37960,.T.);
#38160=CARTESIAN_POINT('',(-0.206086999999998,0.,3.625));
#38170=DIRECTION('',(0.,1.,0.));
#38180=VECTOR('',#38170,1.);
#38190=LINE('',#38160,#38180);
#38200=CARTESIAN_POINT('',(-0.206086999999998,-6.287301,3.625));
#38210=VERTEX_POINT('',#38200);
#38220=EDGE_CURVE('',#38210,#35820,#38190,.T.);
#38230=ORIENTED_EDGE('',*,*,#38220,.F.);
#38240=ORIENTED_EDGE('',*,*,#35830,.F.);
#38250=ORIENTED_EDGE('',*,*,#26030,.F.);
#38260=ORIENTED_EDGE('',*,*,#28230,.T.);
#38270=ORIENTED_EDGE('',*,*,#38030,.T.);
#38280=CARTESIAN_POINT('',(13.75,-6.287301,3.625));
#38290=DIRECTION('',(1.,0.,0.));
#38300=VECTOR('',#38290,1.);
#38310=LINE('',#38280,#38300);
#38320=EDGE_CURVE('',#38020,#38210,#38310,.T.);
#38330=ORIENTED_EDGE('',*,*,#38320,.F.);
#38340=EDGE_LOOP('',(#38330,#38270,#38260,#38250,#38240,#38230));
#38350=FACE_OUTER_BOUND('',#38340,.T.);
#38360=ADVANCED_FACE('',(#38350),#15200,.T.);
#38370=CARTESIAN_POINT('',(8.4764154,-6.287301,3.625));
#38380=DIRECTION('',(0.,1.,-2.44921270764475E-16));
#38390=DIRECTION('',(0.,2.44921270764475E-16,1.));
#38400=AXIS2_PLACEMENT_3D('',#38370,#38380,#38390);
#38410=PLANE('',#38400);
#38420=ORIENTED_EDGE('',*,*,#16940,.F.);
#38430=ORIENTED_EDGE('',*,*,#4030,.F.);
#38440=ORIENTED_EDGE('',*,*,#16300,.T.);
#38450=ORIENTED_EDGE('',*,*,#23890,.F.);
#38460=ORIENTED_EDGE('',*,*,#20180,.F.);
#38470=ORIENTED_EDGE('',*,*,#1100,.F.);
#38480=ORIENTED_EDGE('',*,*,#23580,.T.);
#38490=ORIENTED_EDGE('',*,*,#7700,.T.);
#38500=ORIENTED_EDGE('',*,*,#17120,.F.);
#38510=ORIENTED_EDGE('',*,*,#36200,.F.);
#38520=ORIENTED_EDGE('',*,*,#31210,.T.);
#38530=ORIENTED_EDGE('',*,*,#15770,.F.);
#38540=CARTESIAN_POINT('',(-0.206086999999998,-6.287301,0.));
#38550=DIRECTION('',(0.,0.,-1.));
#38560=VECTOR('',#38550,1.);
#38570=LINE('',#38540,#38560);
#38580=EDGE_CURVE('',#15760,#38210,#38570,.T.);
#38590=ORIENTED_EDGE('',*,*,#38580,.F.);
#38600=ORIENTED_EDGE('',*,*,#38320,.T.);
#38610=ORIENTED_EDGE('',*,*,#38110,.T.);
#38620=ORIENTED_EDGE('',*,*,#37870,.T.);
#38630=ORIENTED_EDGE('',*,*,#37550,.F.);
#38640=ORIENTED_EDGE('',*,*,#15290,.T.);
#38650=ORIENTED_EDGE('',*,*,#36580,.T.);
#38660=ORIENTED_EDGE('',*,*,#5230,.T.);
#38670=EDGE_LOOP('',(#38660,#38650,#38640,#38630,#38620,#38610,#38600,
#38590,#38530,#38520,#38510,#38500,#38490,#38480,#38470,#38460,#38450,
#38440,#38430,#38420));
#38680=FACE_OUTER_BOUND('',#38670,.T.);
#38690=ADVANCED_FACE('',(#38680),#38410,.F.);
#38700=CARTESIAN_POINT('',(-0.206086999999998,-5.59778542378857,
3.05404568246191));
#38710=DIRECTION('',(-1.,0.,0.));
#38720=DIRECTION('',(0.,-1.,0.));
#38730=AXIS2_PLACEMENT_3D('',#38700,#38710,#38720);
#38740=PLANE('',#38730);
#38750=ORIENTED_EDGE('',*,*,#38580,.T.);
#38760=ORIENTED_EDGE('',*,*,#15990,.T.);
#38770=ORIENTED_EDGE('',*,*,#35890,.T.);
#38780=ORIENTED_EDGE('',*,*,#38220,.T.);
#38790=EDGE_LOOP('',(#38780,#38770,#38760,#38750));
#38800=FACE_OUTER_BOUND('',#38790,.T.);
#38810=ADVANCED_FACE('',(#38800),#38740,.F.);
#38820=CARTESIAN_POINT('',(-1.431087,-4.567301,4.625));
#38830=DIRECTION('',(0.,-1.,0.));
#38840=DIRECTION('',(-1.,0.,0.));
#38850=AXIS2_PLACEMENT_3D('',#38820,#38830,#38840);
#38860=PLANE('',#38850);
#38870=ORIENTED_EDGE('',*,*,#6020,.F.);
#38880=ORIENTED_EDGE('',*,*,#24800,.F.);
#38890=ORIENTED_EDGE('',*,*,#25550,.F.);
#38900=CARTESIAN_POINT('',(-1.431087,-4.567301,0.));
#38910=DIRECTION('',(0.,0.,1.));
#38920=VECTOR('',#38910,1.);
#38930=LINE('',#38900,#38920);
#38940=EDGE_CURVE('',#25540,#6010,#38930,.T.);
#38950=ORIENTED_EDGE('',*,*,#38940,.F.);
#38960=EDGE_LOOP('',(#38950,#38890,#38880,#38870));
#38970=FACE_OUTER_BOUND('',#38960,.T.);
#38980=ADVANCED_FACE('',(#38970),#38860,.T.);
#38990=CARTESIAN_POINT('',(-1.431087,-4.967301,4.625));
#39000=DIRECTION('',(1.,0.,0.));
#39010=DIRECTION('',(0.,-1.,0.));
#39020=AXIS2_PLACEMENT_3D('',#38990,#39000,#39010);
#39030=PLANE('',#39020);
#39040=ORIENTED_EDGE('',*,*,#38940,.T.);
#39050=ORIENTED_EDGE('',*,*,#25630,.T.);
#39060=ORIENTED_EDGE('',*,*,#24980,.T.);
#39070=ORIENTED_EDGE('',*,*,#6100,.T.);
#39080=EDGE_LOOP('',(#39070,#39060,#39050,#39040));
#39090=FACE_OUTER_BOUND('',#39080,.T.);
#39100=ADVANCED_FACE('',(#39090),#39030,.T.);
#39110=CLOSED_SHELL('',(#960,#1520,#2460,#2860,#3260,#3660,#4070,#4470,
#4870,#6540,#6780,#7340,#7740,#8050,#8360,#8830,#9300,#9690,#10090,
#10310,#10710,#11020,#11330,#11570,#11880,#12120,#12430,#12670,#12980,
#15150,#15630,#16030,#16340,#16720,#17000,#17310,#17570,#17850,#18160,
#18380,#18620,#18860,#19240,#19410,#19720,#19890,#20060,#20300,#20470,
#20850,#20970,#21220,#21340,#21460,#21770,#21940,#23040,#23280,#23450,
#23620,#23790,#23960,#24100,#24230,#24370,#24540,#24850,#25090,#25670,
#26070,#26380,#26620,#26860,#27170,#27460,#27630,#27870,#28290,#28750,
#29100,#29410,#29720,#29940,#30100,#30560,#30680,#30940,#31250,#31650,
#31960,#32340,#32580,#32750,#33010,#33180,#33530,#33770,#34010,#34180,
#34300,#34610,#35010,#35250,#35650,#36080,#36270,#36460,#36690,#36880,
#37000,#37120,#37310,#37430,#37670,#37910,#38150,#38360,#38690,#38810,
#38980,#39100,#560));
#39120=MANIFOLD_SOLID_BREP('',#39110);
#39130=CARTESIAN_POINT('',(0.,0.,0.));
#39140=DIRECTION('',(0.,0.,1.));
#39150=DIRECTION('',(1.,0.,0.));
#39160=AXIS2_PLACEMENT_3D('',#39130,#39140,#39150);
#39170=APPLICATION_CONTEXT(' ');
#39180=APPLICATION_PROTOCOL_DEFINITION(' ','automotive_design',1998,
#39170);
#39190=MECHANICAL_CONTEXT('',#39170,'mechanical');
#39200=PRODUCT_DEFINITION_CONTEXT('part definition',#39170,'design');
#39210=PRODUCT('\X\88\S\3\X\92\X\85\X\83P\X\81[\X\83X',
'\X\88\S\3\X\92\X\85\X\83P\X\81[\X\83X','',(#39190));
#39220=PRODUCT_TYPE('part',' ',(#39210));
#39230=PRODUCT_DEFINITION_FORMATION_WITH_SPECIFIED_SOURCE('','',#39210,
.BOUGHT.);
#39240=PRODUCT_DEFINITION('',' ',#39230,#39200);
#39250=PRODUCT_DEFINITION_SHAPE('','',#39240);
#39260=DIMENSIONAL_EXPONENTS(1.,0.,0.,0.,0.,0.,0.);
#39270=DIMENSIONAL_EXPONENTS(0.,0.,0.,0.,0.,0.,0.);
#39280=DIMENSIONAL_EXPONENTS(0.,0.,0.,0.,0.,0.,0.);
#39290=(LENGTH_UNIT() NAMED_UNIT(*) SI_UNIT(.MILLI.,.METRE.));
#39300=(NAMED_UNIT(*) PLANE_ANGLE_UNIT() SI_UNIT($,.RADIAN.));
#39310=(NAMED_UNIT(*) SI_UNIT($,.STERADIAN.) SOLID_ANGLE_UNIT());
#39320=(GEOMETRIC_REPRESENTATION_CONTEXT(3) 
GLOBAL_UNCERTAINTY_ASSIGNED_CONTEXT((#39330)) 
GLOBAL_UNIT_ASSIGNED_CONTEXT((#39290,#39300,#39310)) 
REPRESENTATION_CONTEXT('',''));
#39330=UNCERTAINTY_MEASURE_WITH_UNIT(LENGTH_MEASURE(1.E-6),#39290,
'distance_accuracy_value','maximum gap value');
#39340=ADVANCED_BREP_SHAPE_REPRESENTATION('',(#39160,#39120),#39320);
#39350=SHAPE_DEFINITION_REPRESENTATION(#39250,#39340);
#39360=COLOUR_RGB('',0.600000023841858,0.600000023841858,
0.600000023841858);
#39370=FILL_AREA_STYLE_COLOUR('',#39360);
#39380=FILL_AREA_STYLE('',(#39370));
#39390=SURFACE_STYLE_FILL_AREA(#39380);
#39400=SURFACE_SIDE_STYLE('',(#39390));
#39410=SURFACE_STYLE_USAGE(.BOTH.,#39400);
#39420=PRESENTATION_STYLE_ASSIGNMENT((#39410));
#39430=STYLED_ITEM('',(#39420),#39120);
#39440=MECHANICAL_DESIGN_GEOMETRIC_PRESENTATION_REPRESENTATION('',(
#39430),#39320);
#39450=CARTESIAN_POINT('',(0.,0.,-0.625));
#39460=DIRECTION('',(0.,0.,1.));
#39470=DIRECTION('',(1.,0.,0.));
#39480=AXIS2_PLACEMENT_3D('',#39450,#39460,#39470);
#39490=ITEM_DEFINED_TRANSFORMATION(
'\X\88\S\3\X\92\X\85\X\83P\X\81[\X\83X','',#39160,#39480);
#39500=APPLICATION_CONTEXT(' ');
#39510=APPLICATION_PROTOCOL_DEFINITION(' ','automotive_design',1998,
#39500);
#39520=MECHANICAL_CONTEXT('',#39500,'mechanical');
#39530=PRODUCT_DEFINITION_CONTEXT('part definition',#39500,'design');
#39540=PRODUCT('\X\88\S\3\X\92\X\85\X\83P\X\81[\X\83X',
'\X\88\S\3\X\92\X\85\X\83P\X\81[\X\83X','',(#39520));
#39550=PRODUCT_TYPE('part',' ',(#39540));
#39560=PRODUCT_DEFINITION_FORMATION_WITH_SPECIFIED_SOURCE('','',#39540,
.BOUGHT.);
#39570=PRODUCT_DEFINITION('',' ',#39560,#39530);
#39580=PRODUCT_DEFINITION_SHAPE('','',#39570);
#39590=DIMENSIONAL_EXPONENTS(1.,0.,0.,0.,0.,0.,0.);
#39600=DIMENSIONAL_EXPONENTS(0.,0.,0.,0.,0.,0.,0.);
#39610=DIMENSIONAL_EXPONENTS(0.,0.,0.,0.,0.,0.,0.);
#39620=(LENGTH_UNIT() NAMED_UNIT(*) SI_UNIT(.MILLI.,.METRE.));
#39630=(NAMED_UNIT(*) PLANE_ANGLE_UNIT() SI_UNIT($,.RADIAN.));
#39640=(NAMED_UNIT(*) SI_UNIT($,.STERADIAN.) SOLID_ANGLE_UNIT());
#39650=(GEOMETRIC_REPRESENTATION_CONTEXT(3) 
GLOBAL_UNCERTAINTY_ASSIGNED_CONTEXT((#39660)) 
GLOBAL_UNIT_ASSIGNED_CONTEXT((#39620,#39630,#39640)) 
REPRESENTATION_CONTEXT('',''));
#39660=UNCERTAINTY_MEASURE_WITH_UNIT(LENGTH_MEASURE(1.E-6),#39620,
'distance_accuracy_value','maximum gap value');
#39670=SHAPE_REPRESENTATION('',(#39160,#39480),#39650);
#39680=SHAPE_DEFINITION_REPRESENTATION(#39580,#39670);
#39690=(REPRESENTATION_RELATIONSHIP('','',#39340,#39670) 
REPRESENTATION_RELATIONSHIP_WITH_TRANSFORMATION(#39490) 
SHAPE_REPRESENTATION_RELATIONSHIP());
#39700=NEXT_ASSEMBLY_USAGE_OCCURRENCE('1','',
'\X\88\S\3\X\92\X\85\X\83P\X\81[\X\83X',#39570,#39240,'');
#39710=PRODUCT_DEFINITION_SHAPE('','',#39700);
#39720=CONTEXT_DEPENDENT_SHAPE_REPRESENTATION(#39690,#39710);
ENDSEC;
END-ISO-10303-21;
