ISO-10303-21;
HEADER;
FILE_DESCRIPTION(('CoCreate Modeling STEP Export'),'2;1');
FILE_NAME('DF62C-4S-2.2C.stp','2013-11-05T18:53:33',(''),(''),
'CoCreate Modeling STEP processor for AP214 (Solid Model)',
'CoCreate Modeling 17.0  01-Apr-2010 (C) Parametric Technology GmbH','')
;
FILE_SCHEMA(('AUTOMOTIVE_DESIGN { 1 0 10303 214 1 1 1 1 }'));
ENDSEC;
DATA;
#10=CARTESIAN_POINT('',(-36.397828542971,-4.73225500000002,57.025));
#20=DIRECTION('',(6.16297582203915E-33,-5.55111512312578E-16,-1.));
#30=DIRECTION('',(-1.,5.39260384428426E-33,-6.16297582203915E-33));
#40=AXIS2_PLACEMENT_3D('',#10,#20,#30);
#50=PLANE('',#40);
#60=CARTESIAN_POINT('',(-36.122828542971,-5.45813999999999,57.025));
#70=DIRECTION('',(-3.46667389989702E-33,1.,-5.55111512312578E-16));
#80=VECTOR('',#70,1.);
#90=LINE('',#60,#80);
#100=CARTESIAN_POINT('',(-36.122828542971,-9.43225500000001,57.025));
#110=VERTEX_POINT('',#100);
#120=CARTESIAN_POINT('',(-36.122828542971,-0.0322550000000086,57.025));
#130=VERTEX_POINT('',#120);
#140=EDGE_CURVE('',#110,#130,#90,.T.);
#150=ORIENTED_EDGE('',*,*,#140,.T.);
#160=CARTESIAN_POINT('',(-34.462828542971,-9.43225500000002,57.025));
#170=DIRECTION('',(-1.,-1.30963236218332E-32,-4.78959436048522E-48));
#180=VECTOR('',#170,1.);
#190=LINE('',#160,#180);
#200=CARTESIAN_POINT('',(-35.972828542971,-9.43225499999997,57.025));
#210=VERTEX_POINT('',#200);
#220=EDGE_CURVE('',#210,#110,#190,.T.);
#230=ORIENTED_EDGE('',*,*,#220,.T.);
#240=CARTESIAN_POINT('',(-36.072828542971,-9.33225499999997,57.025));
#250=CARTESIAN_POINT('',(-36.072828542971,-9.39083364376267,57.025));
#260=CARTESIAN_POINT('',(-36.0314071867337,-9.43225499999997,57.025));
#270=CARTESIAN_POINT('',(-35.972828542971,-9.43225499999997,57.025));
#280=(BOUNDED_CURVE() B_SPLINE_CURVE(3,(#240,#250,#260,#270),
.UNSPECIFIED.,.F.,.F.) B_SPLINE_CURVE_WITH_KNOTS((4,4),(0.,1.),
.UNSPECIFIED.) CURVE() GEOMETRIC_REPRESENTATION_ITEM() 
RATIONAL_B_SPLINE_CURVE((1.,0.804737854124364,0.804737854124364,1.)) 
REPRESENTATION_ITEM(''));
#290=CARTESIAN_POINT('',(-36.072828542971,-9.33225499999997,57.025));
#300=VERTEX_POINT('',#290);
#310=EDGE_CURVE('',#300,#210,#280,.T.);
#320=ORIENTED_EDGE('',*,*,#310,.T.);
#330=CARTESIAN_POINT('',(-36.072828542971,-5.45813999999999,57.025));
#340=DIRECTION('',(-3.46667389989702E-33,1.,-5.55111512312578E-16));
#350=VECTOR('',#340,1.);
#360=LINE('',#330,#350);
#370=CARTESIAN_POINT('',(-36.072828542971,-7.03225499999995,57.025));
#380=VERTEX_POINT('',#370);
#390=EDGE_CURVE('',#300,#380,#360,.T.);
#400=ORIENTED_EDGE('',*,*,#390,.F.);
#410=CARTESIAN_POINT('',(-34.462828542971,-7.03225499999995,57.025));
#420=DIRECTION('',(-1.,-3.46667389989703E-33,-6.16297582203915E-33));
#430=VECTOR('',#420,1.);
#440=LINE('',#410,#430);
#450=CARTESIAN_POINT('',(-35.872828542971,-7.03225499999995,57.025));
#460=VERTEX_POINT('',#450);
#470=EDGE_CURVE('',#460,#380,#440,.T.);
#480=ORIENTED_EDGE('',*,*,#470,.T.);
#490=CARTESIAN_POINT('',(-35.872828542971,-5.45813999999999,57.025));
#500=DIRECTION('',(3.46667389989702E-33,-1.,5.55111512312578E-16));
#510=VECTOR('',#500,1.);
#520=LINE('',#490,#510);
#530=CARTESIAN_POINT('',(-35.872828542971,-0.0322550000000081,57.025));
#540=VERTEX_POINT('',#530);
#550=EDGE_CURVE('',#540,#460,#520,.T.);
#560=ORIENTED_EDGE('',*,*,#550,.T.);
#570=CARTESIAN_POINT('',(-35.922828542971,-0.0322550000000081,57.025));
#580=DIRECTION('',(1.,6.93334779979405E-33,6.16297582203915E-33));
#590=VECTOR('',#580,1.);
#600=LINE('',#570,#590);
#610=EDGE_CURVE('',#130,#540,#600,.T.);
#620=ORIENTED_EDGE('',*,*,#610,.T.);
#630=EDGE_LOOP('',(#620,#560,#480,#400,#320,#230,#150));
#640=FACE_OUTER_BOUND('',#630,.T.);
#650=ADVANCED_FACE('',(#640),#50,.T.);
#660=CARTESIAN_POINT('',(-33.872828542971,0.042744999999992,61.4));
#670=DIRECTION('',(-3.92523114670944E-17,0.707106781186548,
0.707106781186548));
#680=DIRECTION('',(-2.4513086227796E-33,0.707106781186548,
-0.707106781186548));
#690=AXIS2_PLACEMENT_3D('',#660,#670,#680);
#700=PLANE('',#690);
#710=CARTESIAN_POINT('',(-35.822828542971,-0.0322550000000081,61.475));
#720=DIRECTION('',(0.,-0.707106781186549,0.707106781186546));
#730=VECTOR('',#720,0.707106781186549);
#740=LINE('',#710,#730);
#750=CARTESIAN_POINT('',(-35.822828542971,0.117744999999992,61.325));
#760=VERTEX_POINT('',#750);
#770=CARTESIAN_POINT('',(-35.822828542971,-0.0322549999999984,61.475));
#780=VERTEX_POINT('',#770);
#790=EDGE_CURVE('',#760,#780,#740,.T.);
#800=ORIENTED_EDGE('',*,*,#790,.T.);
#810=CARTESIAN_POINT('',(-33.872828542971,0.117744999999992,61.325));
#820=DIRECTION('',(-1.,-6.5481618109166E-33,-5.55111512312578E-17));
#830=VECTOR('',#820,1.);
#840=LINE('',#810,#830);
#850=CARTESIAN_POINT('',(-31.922828542971,0.117744999999992,61.325));
#860=VERTEX_POINT('',#850);
#870=EDGE_CURVE('',#860,#760,#840,.T.);
#880=ORIENTED_EDGE('',*,*,#870,.T.);
#890=CARTESIAN_POINT('',(-31.922828542971,-0.0322550000000081,61.475));
#900=DIRECTION('',(0.,-0.707106781186549,0.707106781186546));
#910=VECTOR('',#900,0.707106781186549);
#920=LINE('',#890,#910);
#930=CARTESIAN_POINT('',(-31.922828542971,-0.0322549999999984,61.475));
#940=VERTEX_POINT('',#930);
#950=EDGE_CURVE('',#860,#940,#920,.T.);
#960=ORIENTED_EDGE('',*,*,#950,.F.);
#970=CARTESIAN_POINT('',(-33.872828542971,-0.0322550000000081,61.475));
#980=DIRECTION('',(-1.,-6.5481618109166E-33,-5.55111512312578E-17));
#990=VECTOR('',#980,1.);
#1000=LINE('',#970,#990);
#1010=EDGE_CURVE('',#940,#780,#1000,.T.);
#1020=ORIENTED_EDGE('',*,*,#1010,.F.);
#1030=EDGE_LOOP('',(#1020,#960,#880,#800));
#1040=FACE_OUTER_BOUND('',#1030,.T.);
#1050=ADVANCED_FACE('',(#1040),#700,.T.);
#1060=CARTESIAN_POINT('',(-33.542828542971,-10.332255,61.05));
#1070=DIRECTION('',(3.84878118253276E-48,-5.55111512312578E-16,-1.));
#1080=DIRECTION('',(-1.,-6.93334779979405E-33,0.));
#1090=AXIS2_PLACEMENT_3D('',#1060,#1070,#1080);
#1100=PLANE('',#1090);
#1110=CARTESIAN_POINT('',(-34.462828542971,-9.43225499999998,61.05));
#1120=DIRECTION('',(1.,1.30963236218332E-32,-3.42113882891801E-48));
#1130=VECTOR('',#1120,1.);
#1140=LINE('',#1110,#1130);
#1150=CARTESIAN_POINT('',(-33.722828542971,-9.43225500000001,61.05));
#1160=VERTEX_POINT('',#1150);
#1170=CARTESIAN_POINT('',(-31.822828542971,-9.43225500000001,61.05));
#1180=VERTEX_POINT('',#1170);
#1190=EDGE_CURVE('',#1160,#1180,#1140,.T.);
#1200=ORIENTED_EDGE('',*,*,#1190,.F.);
#1210=CARTESIAN_POINT('',(-31.822828542971,-5.75814000000002,61.05));
#1220=DIRECTION('',(0.,-1.,0.));
#1230=VECTOR('',#1220,1.);
#1240=LINE('',#1210,#1230);
#1250=CARTESIAN_POINT('',(-31.822828542971,-0.282255000000015,61.05));
#1260=VERTEX_POINT('',#1250);
#1270=EDGE_CURVE('',#1260,#1180,#1240,.T.);
#1280=ORIENTED_EDGE('',*,*,#1270,.T.);
#1290=CARTESIAN_POINT('',(-34.462828542971,-0.282255000000015,61.05));
#1300=DIRECTION('',(1.,6.93334779979405E-33,-0.));
#1310=VECTOR('',#1300,1.);
#1320=LINE('',#1290,#1310);
#1330=CARTESIAN_POINT('',(-33.722828542971,-0.282255000000015,61.05));
#1340=VERTEX_POINT('',#1330);
#1350=EDGE_CURVE('',#1340,#1260,#1320,.T.);
#1360=ORIENTED_EDGE('',*,*,#1350,.T.);
#1370=CARTESIAN_POINT('',(-33.722828542971,-5.45814000000001,61.05));
#1380=DIRECTION('',(0.,1.,-0.));
#1390=VECTOR('',#1380,1.);
#1400=LINE('',#1370,#1390);
#1410=EDGE_CURVE('',#1160,#1340,#1400,.T.);
#1420=ORIENTED_EDGE('',*,*,#1410,.T.);
#1430=EDGE_LOOP('',(#1420,#1360,#1280,#1200));
#1440=FACE_OUTER_BOUND('',#1430,.T.);
#1450=ADVANCED_FACE('',(#1440),#1100,.T.);
#1460=CARTESIAN_POINT('',(-32.0228285429711,-9.08225499999997,54.425));
#1470=CARTESIAN_POINT('',(-32.0366706667438,-9.09215047867394,54.425));
#1480=CARTESIAN_POINT('',(-32.0505125955267,-9.10202932325403,
54.425820649165));
#1490=CARTESIAN_POINT('',(-32.0781064252605,-9.1217392016353,
54.429112937918));
#1500=CARTESIAN_POINT('',(-32.0918457310378,-9.13155299147626,
54.4315863860128));
#1510=CARTESIAN_POINT('',(-32.1191301883182,-9.15104188953367,
54.4382153438596));
#1520=CARTESIAN_POINT('',(-32.1326574173416,-9.16070419598331,
54.4423736628962));
#1530=CARTESIAN_POINT('',(-32.1594045069414,-9.17980925998318,
54.4524281486396));
#1540=CARTESIAN_POINT('',(-32.1726034417113,-9.18923707052869,
54.4583298506346));
#1550=CARTESIAN_POINT('',(-32.1962284856309,-9.20611210189989,
54.4707320404307));
#1560=CARTESIAN_POINT('',(-32.2067328539818,-9.21361522215552,
54.4769550375458));
#1570=CARTESIAN_POINT('',(-32.2273281857875,-9.22832617344532,
54.4906856360817));
#1580=CARTESIAN_POINT('',(-32.2374017426629,-9.23552157120844,
54.4981979785137));
#1590=CARTESIAN_POINT('',(-32.256991474293,-9.24951423665847,
54.5145535643444));
#1600=CARTESIAN_POINT('',(-32.2664870431114,-9.25629678582732,
54.5233998588164));
#1610=CARTESIAN_POINT('',(-32.2847724706452,-9.26935780549432,
54.542486287862));
#1620=CARTESIAN_POINT('',(-32.293535239136,-9.27561692583301,
54.5527303332085));
#1630=CARTESIAN_POINT('',(-32.3135373458857,-9.28990414493992,
54.5791227988793));
#1640=CARTESIAN_POINT('',(-32.3241915367947,-9.29751428130259,
54.5958729781877));
#1650=CARTESIAN_POINT('',(-32.3429851357572,-9.31093828056149,
54.632080996517));
#1660=CARTESIAN_POINT('',(-32.3510090217319,-9.31666962768628,
54.6515101218885));
#1670=CARTESIAN_POINT('',(-32.3599539669677,-9.3230588742833,
54.6805070896668));
#1680=CARTESIAN_POINT('',(-32.3623058407429,-9.32473878412273,
54.6893307478559));
#1690=CARTESIAN_POINT('',(-32.3663405675185,-9.32762073181962,
54.7072887110613));
#1700=CARTESIAN_POINT('',(-32.3680158926879,-9.32881739266175,
54.7164147070277));
#1710=CARTESIAN_POINT('',(-32.3706467076629,-9.33069654621534,
54.734876839216));
#1720=CARTESIAN_POINT('',(-32.3715972208505,-9.3313754841996,
54.7442027359048));
#1730=CARTESIAN_POINT('',(-32.3723208864004,-9.33189238816382,
54.7559992406214));
#1740=CARTESIAN_POINT('',(-32.3724446049335,-9.33198075854487,
54.7584311721103));
#1750=CARTESIAN_POINT('',(-32.3727332222871,-9.33218691379861,
54.7655726848276));
#1760=CARTESIAN_POINT('',(-32.3728285429711,-9.33225496748181,
54.770285977654));
#1770=CARTESIAN_POINT('',(-32.3728285429711,-9.33225498878146,54.775));
#1780=CARTESIAN_POINT('',(-32.0228285429711,-9.08225499999997,54.425));
#1790=CARTESIAN_POINT('',(-32.0353644133875,-9.09347532013934,
54.4249997537359));
#1800=CARTESIAN_POINT('',(-32.0478665807334,-9.10465642337567,
54.4256622170462));
#1810=CARTESIAN_POINT('',(-32.0729165837562,-9.127059870569,
54.428335503601));
#1820=CARTESIAN_POINT('',(-32.0853931477733,-9.13820928138069,
54.4303408408994));
#1830=CARTESIAN_POINT('',(-32.1103624422071,-9.16050561550552,
54.4357609266892));
#1840=CARTESIAN_POINT('',(-32.1227786453102,-9.17157750535481,
54.4391628357759));
#1850=CARTESIAN_POINT('',(-32.147601482792,-9.19368524081563,
54.4474842208518));
#1860=CARTESIAN_POINT('',(-32.159933580451,-9.20464808531411,
54.4523878668264));
#1870=CARTESIAN_POINT('',(-32.1823043637817,-9.22449737038523,
54.4628330257983));
#1880=CARTESIAN_POINT('',(-32.1923428506321,-9.23338738946968,
54.4681082317084));
#1890=CARTESIAN_POINT('',(-32.2123126863283,-9.25104091849905,
54.4799199153707));
#1900=CARTESIAN_POINT('',(-32.2221905586247,-9.25975213891282,
54.4864343792926));
#1910=CARTESIAN_POINT('',(-32.2417559452765,-9.27697319818601,
54.5008858161538));
#1920=CARTESIAN_POINT('',(-32.251381668478,-9.28542266692983,
54.5087897351154));
#1930=CARTESIAN_POINT('',(-32.2703275800976,-9.30201883248779,
54.5262328200496));
#1940=CARTESIAN_POINT('',(-32.2795582016374,-9.31007820280999,
54.5357035698487));
#1950=CARTESIAN_POINT('',(-32.3012803626389,-9.32902025548115,
54.5609216580811));
#1960=CARTESIAN_POINT('',(-32.3132186429196,-9.33938096854753,
54.5772945731585));
#1970=CARTESIAN_POINT('',(-32.3350719544054,-9.35830863320322,
54.6142067558348));
#1980=CARTESIAN_POINT('',(-32.3449202353555,-9.3668177629601,
54.6349566968753));
#1990=CARTESIAN_POINT('',(-32.3560572177246,-9.3764020668467,
54.6665165209233));
#2000=CARTESIAN_POINT('',(-32.359083201723,-9.37901161205074,
54.6764307048506));
#2010=CARTESIAN_POINT('',(-32.3642752699507,-9.38347916317137,
54.696642937147));
#2020=CARTESIAN_POINT('',(-32.3664689696012,-9.38536673221487,
54.7070761526074));
#2030=CARTESIAN_POINT('',(-32.369923138292,-9.38833645402208,
54.7282743111247));
#2040=CARTESIAN_POINT('',(-32.3711897249917,-9.38942561277335,
54.7391225721848));
#2050=CARTESIAN_POINT('',(-32.3721513509374,-9.39025160616415,
54.7528301390185));
#2060=CARTESIAN_POINT('',(-32.3723159531585,-9.39039315667734,
54.7556629172897));
#2070=CARTESIAN_POINT('',(-32.3726988681071,-9.39072227026463,
54.7639773703147));
#2080=CARTESIAN_POINT('',(-32.3728277109944,-9.39083280085948,
54.7693934604372));
#2090=CARTESIAN_POINT('',(-32.3728285429711,-9.3908336391158,54.775));
#2100=CARTESIAN_POINT('',(-32.0228285429711,-9.08225499999997,54.425));
#2110=CARTESIAN_POINT('',(-32.0340488631104,-9.09479087041645,
54.4249997537359));
#2120=CARTESIAN_POINT('',(-32.0452299663468,-9.10729303776236,
54.4256622170462));
#2130=CARTESIAN_POINT('',(-32.0676334135401,-9.13234304078507,
54.428335503601));
#2140=CARTESIAN_POINT('',(-32.0787828243518,-9.14481960480217,
54.4303408408994));
#2150=CARTESIAN_POINT('',(-32.1010791584766,-9.16978889923601,
54.4357609266892));
#2160=CARTESIAN_POINT('',(-32.1121510483259,-9.18220510233909,
54.4391628357759));
#2170=CARTESIAN_POINT('',(-32.1342587837867,-9.20702793982095,
54.4474842208518));
#2180=CARTESIAN_POINT('',(-32.1452216282852,-9.21936003747996,
54.4523878668264));
#2190=CARTESIAN_POINT('',(-32.1650709133563,-9.24173082081062,
54.4628330257983));
#2200=CARTESIAN_POINT('',(-32.1739609324408,-9.25176930766099,
54.4681082317084));
#2210=CARTESIAN_POINT('',(-32.1916144614701,-9.27173914335719,
54.4799199153707));
#2220=CARTESIAN_POINT('',(-32.2003256818839,-9.28161701565361,
54.4864343792926));
#2230=CARTESIAN_POINT('',(-32.2175467411571,-9.30118240230539,
54.5008858161538));
#2240=CARTESIAN_POINT('',(-32.2259962099009,-9.31080812550696,
54.5087897351154));
#2250=CARTESIAN_POINT('',(-32.2425923754589,-9.32975403712653,
54.5262328200496));
#2260=CARTESIAN_POINT('',(-32.2506517457811,-9.33898465866633,
54.5357035698487));
#2270=CARTESIAN_POINT('',(-32.2695937984522,-9.36070681966782,
54.5609216580811));
#2280=CARTESIAN_POINT('',(-32.2799545115186,-9.37264509994852,
54.5772945731585));
#2290=CARTESIAN_POINT('',(-32.2988821761743,-9.39449841143434,
54.6142067558348));
#2300=CARTESIAN_POINT('',(-32.3073913059312,-9.40434669238441,
54.6349566968753));
#2310=CARTESIAN_POINT('',(-32.3169756098178,-9.41548367475353,
54.6665165209233));
#2320=CARTESIAN_POINT('',(-32.3195851550218,-9.41850965875194,
54.6764307048506));
#2330=CARTESIAN_POINT('',(-32.3240527061425,-9.42370172697964,
54.696642937147));
#2340=CARTESIAN_POINT('',(-32.325940275186,-9.42589542663013,
54.7070761526074));
#2350=CARTESIAN_POINT('',(-32.3289099969932,-9.42934959532093,
54.7282743111247));
#2360=CARTESIAN_POINT('',(-32.3299991557444,-9.43061618202058,
54.7391225721848));
#2370=CARTESIAN_POINT('',(-32.3308251491352,-9.43157780796635,
54.7528301390185));
#2380=CARTESIAN_POINT('',(-32.3309666996484,-9.43174241018741,
54.7556629172897));
#2390=CARTESIAN_POINT('',(-32.3312958132357,-9.43212532513605,
54.7639773703147));
#2400=CARTESIAN_POINT('',(-32.3314063438306,-9.43225416802332,
54.7693934604372));
#2410=CARTESIAN_POINT('',(-32.3314071820869,-9.43225499999997,54.775));
#2420=CARTESIAN_POINT('',(-32.0228285429711,-9.08225499999997,54.425));
#2430=CARTESIAN_POINT('',(-32.032724021645,-9.09609712377276,54.425));
#2440=CARTESIAN_POINT('',(-32.0426028662251,-9.10993905255565,
54.425820649165));
#2450=CARTESIAN_POINT('',(-32.0623127446064,-9.13753288228943,
54.429112937918));
#2460=CARTESIAN_POINT('',(-32.0721265344473,-9.15127218806675,
54.4315863860128));
#2470=CARTESIAN_POINT('',(-32.0916154325047,-9.17855664534713,
54.4382153438596));
#2480=CARTESIAN_POINT('',(-32.1012777389544,-9.19208387437054,
54.4423736628962));
#2490=CARTESIAN_POINT('',(-32.1203828029543,-9.21883096397036,
54.4524281486396));
#2500=CARTESIAN_POINT('',(-32.1298106134998,-9.23202989874017,
54.4583298506346));
#2510=CARTESIAN_POINT('',(-32.146685644871,-9.25565494265986,
54.4707320404307));
#2520=CARTESIAN_POINT('',(-32.1541887651266,-9.26615931101074,
54.4769550375458));
#2530=CARTESIAN_POINT('',(-32.1688997164164,-9.28675464281647,
54.4906856360817));
#2540=CARTESIAN_POINT('',(-32.1760951141795,-9.29682819969182,
54.4981979785137));
#2550=CARTESIAN_POINT('',(-32.1900877796296,-9.31641793132187,
54.5145535643444));
#2560=CARTESIAN_POINT('',(-32.1968703287984,-9.32591350014032,
54.5233998588164));
#2570=CARTESIAN_POINT('',(-32.2099313484654,-9.34419892767411,
54.542486287862));
#2580=CARTESIAN_POINT('',(-32.2161904688041,-9.3529616961649,
54.5527303332085));
#2590=CARTESIAN_POINT('',(-32.230477687911,-9.37296380291458,
54.5791227988793));
#2600=CARTESIAN_POINT('',(-32.2380878242737,-9.38361799382364,
54.5958729781877));
#2610=CARTESIAN_POINT('',(-32.2515118235326,-9.40241159278609,
54.632080996517));
#2620=CARTESIAN_POINT('',(-32.2572431706574,-9.4104354787608,
54.6515101218885));
#2630=CARTESIAN_POINT('',(-32.2636324172544,-9.41938042399664,
54.6805070896668));
#2640=CARTESIAN_POINT('',(-32.2653123270938,-9.4217322977718,
54.6893307478559));
#2650=CARTESIAN_POINT('',(-32.2681942747907,-9.42576702454745,
54.7072887110613));
#2660=CARTESIAN_POINT('',(-32.2693909356328,-9.42744234971679,
54.7164147070277));
#2670=CARTESIAN_POINT('',(-32.2712700891864,-9.43007316469183,
54.734876839216));
#2680=CARTESIAN_POINT('',(-32.2719490271707,-9.43102367787944,
54.7442027359048));
#2690=CARTESIAN_POINT('',(-32.2724659311349,-9.43174734342935,
54.7559992406214));
#2700=CARTESIAN_POINT('',(-32.2725543015159,-9.43187106196242,
54.7584311721103));
#2710=CARTESIAN_POINT('',(-32.2727604567697,-9.43215967931599,
54.7655726848276));
#2720=CARTESIAN_POINT('',(-32.2728285104529,-9.43225499999997,
54.770285977654));
#2730=CARTESIAN_POINT('',(-32.2728285317525,-9.43225499999997,54.775));
#2740=(BOUNDED_SURFACE() B_SPLINE_SURFACE(3,3,((#1460,#1780,#2100,#2420)
,(#1470,#1790,#2110,#2430),(#1480,#1800,#2120,#2440),(#1490,#1810,#2130,
#2450),(#1500,#1820,#2140,#2460),(#1510,#1830,#2150,#2470),(#1520,#1840,
#2160,#2480),(#1530,#1850,#2170,#2490),(#1540,#1860,#2180,#2500),(#1550,
#1870,#2190,#2510),(#1560,#1880,#2200,#2520),(#1570,#1890,#2210,#2530),(
#1580,#1900,#2220,#2540),(#1590,#1910,#2230,#2550),(#1600,#1920,#2240,
#2560),(#1610,#1930,#2250,#2570),(#1620,#1940,#2260,#2580),(#1630,#1950,
#2270,#2590),(#1640,#1960,#2280,#2600),(#1650,#1970,#2290,#2610),(#1660,
#1980,#2300,#2620),(#1670,#1990,#2310,#2630),(#1680,#2000,#2320,#2640),(
#1690,#2010,#2330,#2650),(#1700,#2020,#2340,#2660),(#1710,#2030,#2350,
#2670),(#1720,#2040,#2360,#2680),(#1730,#2050,#2370,#2690),(#1740,#2060,
#2380,#2700),(#1750,#2070,#2390,#2710),(#1760,#2080,#2400,#2720),(#1770,
#2090,#2410,#2730)),.UNSPECIFIED.,.F.,.F.,.F.) 
B_SPLINE_SURFACE_WITH_KNOTS((4,2,2,2,2,2,2,2,2,2,2,2,2,2,2,4),(4,4),(0.,
0.0510363307348895,0.102188865107432,0.153553223439859,0.205287733318802
,0.248247533261429,0.291653639993563,0.335543248411969,0.380084950358955
,0.443720748074742,0.508900069525776,0.536734457465601,0.564778855189773
,0.592952698618951,0.600261866375959,0.614404494444597),(0.,1.),
.UNSPECIFIED.) GEOMETRIC_REPRESENTATION_ITEM() RATIONAL_B_SPLINE_SURFACE
(((1.,1.,1.,1.),(1.,0.999988479679201,0.999988479679201,1.),(1.,
0.999208200453381,0.999208200453381,1.),(1.,0.996082544323174,
0.996082544323174,1.),(1.,0.993739261558536,0.993739261558536,1.),(1.,
0.987515872660827,0.987515872660827,1.),(1.,0.983634193876627,
0.983634193876627,1.),(1.,0.974381627664684,0.974381627664684,1.),(1.,
0.969004130844607,0.969004130844607,1.),(1.,0.957934236187037,
0.957934236187037,1.),(1.,0.952452884421615,0.952452884421615,1.),(1.,
0.940621642434899,0.940621642434899,1.),(1.,0.93427251340896,
0.93427251340896,1.),(1.,0.92085733363407,0.92085733363407,1.),(1.,
0.913793856943153,0.913793856943153,1.),(1.,0.899153832595533,
0.899153832595533,1.),(1.,0.891596434571708,0.891596434571708,1.),(1.,
0.873189207842907,0.873189207842907,1.),(1.,0.862381087327866,
0.862381087327866,1.),(1.,0.84210405960607,0.84210405960607,1.),(1.,
0.832596996415117,0.832596996415117,1.),(1.,0.821503042757904,
0.821503042757904,1.),(1.,0.818527407302388,0.818527407302388,1.),(1.,
0.813336971476201,0.813336971476201,1.),(1.,0.811143229451338,
0.811143229451338,1.),(1.,0.807671302695711,0.807671302695711,1.),(1.,
0.806398181598281,0.806398181598281,1.),(1.,0.805420730471933,
0.805420730471933,1.),(1.,0.805256751005808,0.805256751005808,1.),(1.,
0.80487412475609,0.80487412475609,1.),(1.,0.80473793810025,
0.80473793810025,1.),(1.,0.804737854124364,0.804737854124364,1.))) 
REPRESENTATION_ITEM('') SURFACE());
#2750=CARTESIAN_POINT('',(-32.2728285317525,-9.43225499999997,54.775));
#2760=CARTESIAN_POINT('',(-32.3314071820869,-9.43225499999997,54.775));
#2770=CARTESIAN_POINT('',(-32.3728285429711,-9.3908336391158,54.775));
#2780=CARTESIAN_POINT('',(-32.3728285429711,-9.33225498878146,54.775));
#2790=(BOUNDED_CURVE() B_SPLINE_CURVE(3,(#2750,#2760,#2770,#2780),
.UNSPECIFIED.,.F.,.F.) B_SPLINE_CURVE_WITH_KNOTS((4,4),(0.,1.),
.UNSPECIFIED.) CURVE() GEOMETRIC_REPRESENTATION_ITEM() 
RATIONAL_B_SPLINE_CURVE((1.,0.804737854124366,0.804737854124366,1.)) 
REPRESENTATION_ITEM(''));
#2800=CARTESIAN_POINT('',(-32.2728285317525,-9.43225499999997,54.775));
#2810=VERTEX_POINT('',#2800);
#2820=CARTESIAN_POINT('',(-32.3728285429711,-9.33225498878146,54.775));
#2830=VERTEX_POINT('',#2820);
#2840=EDGE_CURVE('',#2810,#2830,#2790,.T.);
#2850=ORIENTED_EDGE('',*,*,#2840,.T.);
#2860=CARTESIAN_POINT('',(-32.0228285429711,-9.08225499999997,54.425));
#2870=CARTESIAN_POINT('',(-32.032724021645,-9.09609712377276,54.425));
#2880=CARTESIAN_POINT('',(-32.0426028662251,-9.10993905255565,
54.425820649165));
#2890=CARTESIAN_POINT('',(-32.0623127446064,-9.13753288228943,
54.429112937918));
#2900=CARTESIAN_POINT('',(-32.0721265344473,-9.15127218806675,
54.4315863860128));
#2910=CARTESIAN_POINT('',(-32.0916154325047,-9.17855664534713,
54.4382153438596));
#2920=CARTESIAN_POINT('',(-32.1012777389544,-9.19208387437054,
54.4423736628962));
#2930=CARTESIAN_POINT('',(-32.1203828029543,-9.21883096397036,
54.4524281486396));
#2940=CARTESIAN_POINT('',(-32.1298106134998,-9.23202989874017,
54.4583298506346));
#2950=CARTESIAN_POINT('',(-32.146685644871,-9.25565494265986,
54.4707320404307));
#2960=CARTESIAN_POINT('',(-32.1541887651266,-9.26615931101074,
54.4769550375458));
#2970=CARTESIAN_POINT('',(-32.1688997164164,-9.28675464281647,
54.4906856360817));
#2980=CARTESIAN_POINT('',(-32.1760951141795,-9.29682819969182,
54.4981979785137));
#2990=CARTESIAN_POINT('',(-32.1900877796296,-9.31641793132187,
54.5145535643444));
#3000=CARTESIAN_POINT('',(-32.1968703287984,-9.32591350014032,
54.5233998588164));
#3010=CARTESIAN_POINT('',(-32.2099313484654,-9.34419892767411,
54.542486287862));
#3020=CARTESIAN_POINT('',(-32.2161904688041,-9.3529616961649,
54.5527303332085));
#3030=CARTESIAN_POINT('',(-32.230477687911,-9.37296380291458,
54.5791227988793));
#3040=CARTESIAN_POINT('',(-32.2380878242737,-9.38361799382364,
54.5958729781877));
#3050=CARTESIAN_POINT('',(-32.2515118235326,-9.40241159278609,
54.632080996517));
#3060=CARTESIAN_POINT('',(-32.2572431706574,-9.4104354787608,
54.6515101218885));
#3070=CARTESIAN_POINT('',(-32.2636324172544,-9.41938042399664,
54.6805070896668));
#3080=CARTESIAN_POINT('',(-32.2653123270938,-9.4217322977718,
54.6893307478559));
#3090=CARTESIAN_POINT('',(-32.2681942747907,-9.42576702454745,
54.7072887110613));
#3100=CARTESIAN_POINT('',(-32.2693909356328,-9.42744234971679,
54.7164147070277));
#3110=CARTESIAN_POINT('',(-32.2712700891864,-9.43007316469183,
54.734876839216));
#3120=CARTESIAN_POINT('',(-32.2719490271707,-9.43102367787944,
54.7442027359048));
#3130=CARTESIAN_POINT('',(-32.2724659311349,-9.43174734342935,
54.7559992406214));
#3140=CARTESIAN_POINT('',(-32.2725543015159,-9.43187106196242,
54.7584311721103));
#3150=CARTESIAN_POINT('',(-32.2727604567697,-9.43215967931599,
54.7655726848276));
#3160=CARTESIAN_POINT('',(-32.2728285104529,-9.43225499999997,
54.770285977654));
#3170=CARTESIAN_POINT('',(-32.2728285317525,-9.43225499999997,54.775));
#3180=B_SPLINE_CURVE_WITH_KNOTS('',3,(#2860,#2870,#2880,#2890,#2900,
#2910,#2920,#2930,#2940,#2950,#2960,#2970,#2980,#2990,#3000,#3010,#3020,
#3030,#3040,#3050,#3060,#3070,#3080,#3090,#3100,#3110,#3120,#3130,#3140,
#3150,#3160,#3170),.UNSPECIFIED.,.F.,.F.,(4,2,2,2,2,2,2,2,2,2,2,2,2,2,2,
4),(0.,0.0510363307348895,0.102188865107432,0.153553223439859,
0.205287733318802,0.248247533261429,0.291653639993563,0.335543248411969,
0.380084950358955,0.443720748074742,0.508900069525776,0.536734457465601,
0.564778855189773,0.592952698618951,0.600261866375959,0.614404494444597)
,.UNSPECIFIED.);
#3190=CARTESIAN_POINT('',(-32.0228285429711,-9.08225499999997,54.425));
#3200=VERTEX_POINT('',#3190);
#3210=EDGE_CURVE('',#3200,#2810,#3180,.T.);
#3220=ORIENTED_EDGE('',*,*,#3210,.T.);
#3230=CARTESIAN_POINT('',(-32.0228285429711,-9.08225499999997,54.425));
#3240=CARTESIAN_POINT('',(-32.0366706667438,-9.09215047867394,54.425));
#3250=CARTESIAN_POINT('',(-32.0505125955267,-9.10202932325403,
54.425820649165));
#3260=CARTESIAN_POINT('',(-32.0781064252605,-9.1217392016353,
54.429112937918));
#3270=CARTESIAN_POINT('',(-32.0918457310378,-9.13155299147626,
54.4315863860128));
#3280=CARTESIAN_POINT('',(-32.1191301883182,-9.15104188953367,
54.4382153438596));
#3290=CARTESIAN_POINT('',(-32.1326574173416,-9.16070419598331,
54.4423736628962));
#3300=CARTESIAN_POINT('',(-32.1594045069414,-9.17980925998318,
54.4524281486396));
#3310=CARTESIAN_POINT('',(-32.1726034417113,-9.18923707052869,
54.4583298506346));
#3320=CARTESIAN_POINT('',(-32.1962284856309,-9.20611210189989,
54.4707320404307));
#3330=CARTESIAN_POINT('',(-32.2067328539818,-9.21361522215552,
54.4769550375458));
#3340=CARTESIAN_POINT('',(-32.2273281857875,-9.22832617344532,
54.4906856360817));
#3350=CARTESIAN_POINT('',(-32.2374017426629,-9.23552157120844,
54.4981979785137));
#3360=CARTESIAN_POINT('',(-32.256991474293,-9.24951423665847,
54.5145535643444));
#3370=CARTESIAN_POINT('',(-32.2664870431114,-9.25629678582732,
54.5233998588164));
#3380=CARTESIAN_POINT('',(-32.2847724706452,-9.26935780549432,
54.542486287862));
#3390=CARTESIAN_POINT('',(-32.293535239136,-9.27561692583301,
54.5527303332085));
#3400=CARTESIAN_POINT('',(-32.3135373458857,-9.28990414493992,
54.5791227988793));
#3410=CARTESIAN_POINT('',(-32.3241915367947,-9.29751428130259,
54.5958729781877));
#3420=CARTESIAN_POINT('',(-32.3429851357572,-9.31093828056149,
54.632080996517));
#3430=CARTESIAN_POINT('',(-32.3510090217319,-9.31666962768628,
54.6515101218885));
#3440=CARTESIAN_POINT('',(-32.3599539669677,-9.3230588742833,
54.6805070896668));
#3450=CARTESIAN_POINT('',(-32.3623058407429,-9.32473878412273,
54.6893307478559));
#3460=CARTESIAN_POINT('',(-32.3663405675185,-9.32762073181962,
54.7072887110613));
#3470=CARTESIAN_POINT('',(-32.3680158926879,-9.32881739266175,
54.7164147070277));
#3480=CARTESIAN_POINT('',(-32.3706467076629,-9.33069654621534,
54.734876839216));
#3490=CARTESIAN_POINT('',(-32.3715972208505,-9.3313754841996,
54.7442027359048));
#3500=CARTESIAN_POINT('',(-32.3723208864004,-9.33189238816382,
54.7559992406214));
#3510=CARTESIAN_POINT('',(-32.3724446049335,-9.33198075854487,
54.7584311721103));
#3520=CARTESIAN_POINT('',(-32.3727332222871,-9.33218691379861,
54.7655726848276));
#3530=CARTESIAN_POINT('',(-32.3728285429711,-9.33225496748181,
54.770285977654));
#3540=CARTESIAN_POINT('',(-32.3728285429711,-9.33225498878146,54.775));
#3550=B_SPLINE_CURVE_WITH_KNOTS('',3,(#3230,#3240,#3250,#3260,#3270,
#3280,#3290,#3300,#3310,#3320,#3330,#3340,#3350,#3360,#3370,#3380,#3390,
#3400,#3410,#3420,#3430,#3440,#3450,#3460,#3470,#3480,#3490,#3500,#3510,
#3520,#3530,#3540),.UNSPECIFIED.,.F.,.F.,(4,2,2,2,2,2,2,2,2,2,2,2,2,2,2,
4),(0.,0.0510363307348895,0.102188865107432,0.153553223439859,
0.205287733318802,0.248247533261429,0.291653639993563,0.335543248411969,
0.380084950358955,0.443720748074742,0.508900069525776,0.536734457465601,
0.564778855189773,0.592952698618951,0.600261866375959,0.614404494444597)
,.UNSPECIFIED.);
#3560=EDGE_CURVE('',#3200,#2830,#3550,.T.);
#3570=ORIENTED_EDGE('',*,*,#3560,.F.);
#3580=EDGE_LOOP('',(#3570,#3220,#2850));
#3590=FACE_OUTER_BOUND('',#3580,.T.);
#3600=ADVANCED_FACE('',(#3590),#2740,.F.);
#3610=CARTESIAN_POINT('',(-33.542828542971,-10.332255,59.45));
#3620=DIRECTION('',(-1.92439059126638E-48,5.55111512312578E-16,-1.));
#3630=DIRECTION('',(-1.,-3.46667389989702E-33,0.));
#3640=AXIS2_PLACEMENT_3D('',#3610,#3620,#3630);
#3650=PLANE('',#3640);
#3660=CARTESIAN_POINT('',(-34.462828542971,-9.43225499999997,59.45));
#3670=DIRECTION('',(1.,1.30963236218332E-32,4.78959436048522E-48));
#3680=VECTOR('',#3670,1.);
#3690=LINE('',#3660,#3680);
#3700=CARTESIAN_POINT('',(-33.722828542971,-9.43225500000001,59.45));
#3710=VERTEX_POINT('',#3700);
#3720=CARTESIAN_POINT('',(-31.822828542971,-9.43225500000001,59.45));
#3730=VERTEX_POINT('',#3720);
#3740=EDGE_CURVE('',#3710,#3730,#3690,.T.);
#3750=ORIENTED_EDGE('',*,*,#3740,.T.);
#3760=CARTESIAN_POINT('',(-33.722828542971,-5.45813999999999,59.45));
#3770=DIRECTION('',(-5.27704804762103E-32,1.,5.55111512312578E-16));
#3780=VECTOR('',#3770,1.);
#3790=LINE('',#3760,#3780);
#3800=CARTESIAN_POINT('',(-33.722828542971,-0.282255000000015,59.45));
#3810=VERTEX_POINT('',#3800);
#3820=EDGE_CURVE('',#3710,#3810,#3790,.T.);
#3830=ORIENTED_EDGE('',*,*,#3820,.F.);
#3840=CARTESIAN_POINT('',(-34.462828542971,-0.282255000000015,59.45));
#3850=DIRECTION('',(1.,3.46667389989702E-33,0.));
#3860=VECTOR('',#3850,1.);
#3870=LINE('',#3840,#3860);
#3880=CARTESIAN_POINT('',(-31.822828542971,-0.282255000000015,59.45));
#3890=VERTEX_POINT('',#3880);
#3900=EDGE_CURVE('',#3810,#3890,#3870,.T.);
#3910=ORIENTED_EDGE('',*,*,#3900,.F.);
#3920=CARTESIAN_POINT('',(-31.822828542971,-5.75814000000002,59.45));
#3930=DIRECTION('',(3.46667389989702E-33,-1.,0.));
#3940=VECTOR('',#3930,1.);
#3950=LINE('',#3920,#3940);
#3960=EDGE_CURVE('',#3890,#3730,#3950,.T.);
#3970=ORIENTED_EDGE('',*,*,#3960,.F.);
#3980=EDGE_LOOP('',(#3970,#3910,#3830,#3750));
#3990=FACE_OUTER_BOUND('',#3980,.T.);
#4000=ADVANCED_FACE('',(#3990),#3650,.F.);
#4010=CARTESIAN_POINT('',(-34.462828542971,-0.832255000000007,
56.6613416727438));
#4020=DIRECTION('',(-1.,3.207243534033E-34,-5.1356945012471E-18));
#4030=DIRECTION('',(5.13569450124711E-18,1.23259516440783E-32,-1.));
#4040=AXIS2_PLACEMENT_3D('',#4010,#4020,#4030);
#4050=CYLINDRICAL_SURFACE('',#4040,0.3);
#4060=CARTESIAN_POINT('',(-34.462828542971,-0.532255000000007,
56.6613416727438));
#4070=DIRECTION('',(-1.,3.207243534033E-34,-5.1356945012471E-18));
#4080=VECTOR('',#4070,1.);
#4090=LINE('',#4060,#4080);
#4100=CARTESIAN_POINT('',(-32.672828542971,-0.532255000000007,
56.6613416727438));
#4110=VERTEX_POINT('',#4100);
#4120=CARTESIAN_POINT('',(-35.072828542971,-0.532255000000007,
56.6613416727438));
#4130=VERTEX_POINT('',#4120);
#4140=EDGE_CURVE('',#4110,#4130,#4090,.T.);
#4150=ORIENTED_EDGE('',*,*,#4140,.T.);
#4160=CARTESIAN_POINT('',(-32.672828542971,-0.832255000000007,
56.6613416727438));
#4170=DIRECTION('',(-1.,1.2490009027033E-16,5.1356945012471E-18));
#4180=DIRECTION('',(-5.1356945012471E-18,1.23259516440783E-32,-1.));
#4190=AXIS2_PLACEMENT_3D('',#4160,#4170,#4180);
#4200=CIRCLE('',#4190,0.3);
#4210=CARTESIAN_POINT('',(-32.672828542971,-0.807666950507275,
56.3623509909122));
#4220=VERTEX_POINT('',#4210);
#4230=EDGE_CURVE('',#4110,#4220,#4200,.T.);
#4240=ORIENTED_EDGE('',*,*,#4230,.F.);
#4250=CARTESIAN_POINT('',(-34.462828542971,-0.807666950507275,
56.3623509909122));
#4260=DIRECTION('',(-1.,3.207243534033E-34,-5.1356945012471E-18));
#4270=VECTOR('',#4260,1.);
#4280=LINE('',#4250,#4270);
#4290=CARTESIAN_POINT('',(-35.072828542971,-0.807666950507275,
56.3623509909122));
#4300=VERTEX_POINT('',#4290);
#4310=EDGE_CURVE('',#4220,#4300,#4280,.T.);
#4320=ORIENTED_EDGE('',*,*,#4310,.F.);
#4330=CARTESIAN_POINT('',(-35.072828542971,-0.832255000000007,
56.6613416727438));
#4340=DIRECTION('',(-1.,3.207243534033E-34,-5.1356945012471E-18));
#4350=DIRECTION('',(5.13569450124711E-18,1.23259516440783E-32,-1.));
#4360=AXIS2_PLACEMENT_3D('',#4330,#4340,#4350);
#4370=CIRCLE('',#4360,0.3);
#4380=EDGE_CURVE('',#4130,#4300,#4370,.T.);
#4390=ORIENTED_EDGE('',*,*,#4380,.T.);
#4400=EDGE_LOOP('',(#4390,#4320,#4240,#4150));
#4410=FACE_OUTER_BOUND('',#4400,.T.);
#4420=ADVANCED_FACE('',(#4410),#4050,.F.);
#4430=CARTESIAN_POINT('',(-31.922828542971,-5.45813999999999,60.975));
#4440=DIRECTION('',(-3.46667389989702E-33,1.,5.55111512312578E-16));
#4450=DIRECTION('',(1.92439059126638E-48,-5.55111512312578E-16,1.));
#4460=AXIS2_PLACEMENT_3D('',#4430,#4440,#4450);
#4470=CYLINDRICAL_SURFACE('',#4460,0.5);
#4480=CARTESIAN_POINT('',(-31.422828542971,-5.45813999999999,60.975));
#4490=DIRECTION('',(-3.46667389989702E-33,1.,5.55111512312578E-16));
#4500=VECTOR('',#4490,1.);
#4510=LINE('',#4480,#4500);
#4520=CARTESIAN_POINT('',(-31.422828542971,-9.43225500000001,60.975));
#4530=VERTEX_POINT('',#4520);
#4540=CARTESIAN_POINT('',(-31.422828542971,-0.0322550000000117,60.975));
#4550=VERTEX_POINT('',#4540);
#4560=EDGE_CURVE('',#4530,#4550,#4510,.T.);
#4570=ORIENTED_EDGE('',*,*,#4560,.T.);
#4580=CARTESIAN_POINT('',(-31.922828542971,-9.43225500000002,60.975));
#4590=DIRECTION('',(-3.46667389989702E-33,1.,5.55111512312578E-16));
#4600=DIRECTION('',(1.92439059126638E-48,-5.55111512312578E-16,1.));
#4610=AXIS2_PLACEMENT_3D('',#4580,#4590,#4600);
#4620=CIRCLE('',#4610,0.5);
#4630=CARTESIAN_POINT('',(-31.922828542971,-9.43225500000002,61.475));
#4640=VERTEX_POINT('',#4630);
#4650=EDGE_CURVE('',#4640,#4530,#4620,.T.);
#4660=ORIENTED_EDGE('',*,*,#4650,.T.);
#4670=CARTESIAN_POINT('',(-31.922828542971,-5.45813999999999,61.475));
#4680=DIRECTION('',(-3.46667389989702E-33,1.,5.55111512312578E-16));
#4690=VECTOR('',#4680,1.);
#4700=LINE('',#4670,#4690);
#4710=EDGE_CURVE('',#4640,#940,#4700,.T.);
#4720=ORIENTED_EDGE('',*,*,#4710,.F.);
#4730=CARTESIAN_POINT('',(-31.922828542971,-0.0322550000000081,60.975));
#4740=DIRECTION('',(-3.46667389989702E-33,1.,5.55111512312578E-16));
#4750=DIRECTION('',(1.92439059126638E-48,-5.55111512312578E-16,1.));
#4760=AXIS2_PLACEMENT_3D('',#4730,#4740,#4750);
#4770=CIRCLE('',#4760,0.5);
#4780=EDGE_CURVE('',#940,#4550,#4770,.T.);
#4790=ORIENTED_EDGE('',*,*,#4780,.F.);
#4800=EDGE_LOOP('',(#4790,#4720,#4660,#4570));
#4810=FACE_OUTER_BOUND('',#4800,.T.);
#4820=ADVANCED_FACE('',(#4810),#4470,.T.);
#4830=CARTESIAN_POINT('',(-35.722828542971,-9.08225499999997,54.425));
#4840=CARTESIAN_POINT('',(-35.7129330642971,-9.09609712377276,54.425));
#4850=CARTESIAN_POINT('',(-35.703054219717,-9.10993905255565,
54.425820649165));
#4860=CARTESIAN_POINT('',(-35.6833443413357,-9.13753288228944,
54.429112937918));
#4870=CARTESIAN_POINT('',(-35.6735305514948,-9.15127218806675,
54.4315863860128));
#4880=CARTESIAN_POINT('',(-35.6540416534373,-9.17855664534713,
54.4382153438596));
#4890=CARTESIAN_POINT('',(-35.6443793469877,-9.19208387437055,
54.4423736628962));
#4900=CARTESIAN_POINT('',(-35.6252742829878,-9.21883096397037,
54.4524281486396));
#4910=CARTESIAN_POINT('',(-35.6158464724423,-9.23202989874018,
54.4583298506346));
#4920=CARTESIAN_POINT('',(-35.5989714410711,-9.25565494265987,
54.4707320404307));
#4930=CARTESIAN_POINT('',(-35.5914683208155,-9.26615931101076,
54.4769550375458));
#4940=CARTESIAN_POINT('',(-35.5767573695257,-9.28675464281648,
54.4906856360817));
#4950=CARTESIAN_POINT('',(-35.5695619717626,-9.29682819969183,
54.4981979785137));
#4960=CARTESIAN_POINT('',(-35.5555693063125,-9.31641793132188,
54.5145535643444));
#4970=CARTESIAN_POINT('',(-35.5487867571437,-9.32591350014032,
54.5233998588164));
#4980=CARTESIAN_POINT('',(-35.5357257374767,-9.34419892767411,
54.542486287862));
#4990=CARTESIAN_POINT('',(-35.529466617138,-9.35296169616491,
54.5527303332085));
#5000=CARTESIAN_POINT('',(-35.5151793980311,-9.37296380291459,
54.5791227988793));
#5010=CARTESIAN_POINT('',(-35.5075692616684,-9.38361799382366,
54.5958729781877));
#5020=CARTESIAN_POINT('',(-35.4941452624095,-9.40241159278612,
54.632080996517));
#5030=CARTESIAN_POINT('',(-35.4884139152847,-9.41043547876083,
54.6515101218886));
#5040=CARTESIAN_POINT('',(-35.4820246686877,-9.41938042399666,
54.6805070896669));
#5050=CARTESIAN_POINT('',(-35.4803447588483,-9.42173229777182,
54.689330747856));
#5060=CARTESIAN_POINT('',(-35.4774628111514,-9.42576702454747,
54.7072887110614));
#5070=CARTESIAN_POINT('',(-35.4762661503092,-9.42744234971681,
54.7164147070278));
#5080=CARTESIAN_POINT('',(-35.4743869967557,-9.43007316469184,
54.7348768392161));
#5090=CARTESIAN_POINT('',(-35.4737080587714,-9.43102367787944,
54.7442027359049));
#5100=CARTESIAN_POINT('',(-35.4731911548072,-9.43174734342925,
54.7559992406198));
#5110=CARTESIAN_POINT('',(-35.4731027844263,-9.43187106196226,
54.7584311721071));
#5120=CARTESIAN_POINT('',(-35.4728966291724,-9.43215967931592,
54.7655726848243));
#5130=CARTESIAN_POINT('',(-35.4728285754892,-9.43225499999997,
54.7702859776524));
#5140=CARTESIAN_POINT('',(-35.4728285541895,-9.43225499999997,54.775));
#5150=CARTESIAN_POINT('',(-35.722828542971,-9.08225499999997,54.425));
#5160=CARTESIAN_POINT('',(-35.7116082228317,-9.09479087041645,
54.4249997537359));
#5170=CARTESIAN_POINT('',(-35.7004271195953,-9.10729303776236,
54.4256622170462));
#5180=CARTESIAN_POINT('',(-35.678023672402,-9.13234304078507,
54.428335503601));
#5190=CARTESIAN_POINT('',(-35.6668742615903,-9.14481960480217,
54.4303408408994));
#5200=CARTESIAN_POINT('',(-35.6445779274655,-9.16978889923602,
54.4357609266892));
#5210=CARTESIAN_POINT('',(-35.6335060376162,-9.1822051023391,
54.4391628357759));
#5220=CARTESIAN_POINT('',(-35.6113983021554,-9.20702793982096,
54.4474842208518));
#5230=CARTESIAN_POINT('',(-35.6004354576569,-9.21936003747997,
54.4523878668264));
#5240=CARTESIAN_POINT('',(-35.5805861725858,-9.24173082081063,
54.4628330257983));
#5250=CARTESIAN_POINT('',(-35.5716961535013,-9.251769307661,
54.4681082317084));
#5260=CARTESIAN_POINT('',(-35.5540426244719,-9.2717391433572,
54.4799199153707));
#5270=CARTESIAN_POINT('',(-35.5453314040582,-9.28161701565362,
54.4864343792926));
#5280=CARTESIAN_POINT('',(-35.528110344785,-9.3011824023054,
54.5008858161538));
#5290=CARTESIAN_POINT('',(-35.5196608760412,-9.31080812550696,
54.5087897351154));
#5300=CARTESIAN_POINT('',(-35.5030647104832,-9.32975403712653,
54.5262328200496));
#5310=CARTESIAN_POINT('',(-35.495005340161,-9.33898465866633,
54.5357035698487));
#5320=CARTESIAN_POINT('',(-35.4760632874898,-9.36070681966783,
54.5609216580811));
#5330=CARTESIAN_POINT('',(-35.4657025744235,-9.37264509994854,
54.5772945731585));
#5340=CARTESIAN_POINT('',(-35.4467749097678,-9.39449841143436,
54.6142067558348));
#5350=CARTESIAN_POINT('',(-35.4382657800109,-9.40434669238444,
54.6349566968754));
#5360=CARTESIAN_POINT('',(-35.4286814761243,-9.41548367475356,
54.6665165209234));
#5370=CARTESIAN_POINT('',(-35.4260719309202,-9.41850965875197,
54.6764307048507));
#5380=CARTESIAN_POINT('',(-35.4216043797996,-9.42370172697965,
54.6966429371471));
#5390=CARTESIAN_POINT('',(-35.4197168107561,-9.42589542663015,
54.7070761526075));
#5400=CARTESIAN_POINT('',(-35.4167470889489,-9.42934959532094,
54.7282743111248));
#5410=CARTESIAN_POINT('',(-35.4156579301976,-9.43061618202059,
54.7391225721849));
#5420=CARTESIAN_POINT('',(-35.414831936807,-9.43157780796622,
54.7528301390167));
#5430=CARTESIAN_POINT('',(-35.4146903862938,-9.43174241018719,
54.7556629172859));
#5440=CARTESIAN_POINT('',(-35.4143612727064,-9.43212532513596,
54.763977370311));
#5450=CARTESIAN_POINT('',(-35.4142507421115,-9.43225416802333,
54.7693934604353));
#5460=CARTESIAN_POINT('',(-35.4142499038552,-9.43225499999997,54.775));
#5470=CARTESIAN_POINT('',(-35.722828542971,-9.08225499999997,54.425));
#5480=CARTESIAN_POINT('',(-35.7102926725546,-9.09347532013934,
54.4249997537359));
#5490=CARTESIAN_POINT('',(-35.6977905052086,-9.10465642337567,
54.4256622170462));
#5500=CARTESIAN_POINT('',(-35.6727405021859,-9.127059870569,
54.428335503601));
#5510=CARTESIAN_POINT('',(-35.6602639381688,-9.1382092813807,
54.4303408408994));
#5520=CARTESIAN_POINT('',(-35.635294643735,-9.16050561550552,
54.4357609266892));
#5530=CARTESIAN_POINT('',(-35.6228784406319,-9.17157750535481,
54.4391628357759));
#5540=CARTESIAN_POINT('',(-35.59805560315,-9.19368524081564,
54.4474842208518));
#5550=CARTESIAN_POINT('',(-35.585723505491,-9.20464808531412,
54.4523878668264));
#5560=CARTESIAN_POINT('',(-35.5633527221604,-9.22449737038524,
54.4628330257983));
#5570=CARTESIAN_POINT('',(-35.55331423531,-9.23338738946969,
54.4681082317084));
#5580=CARTESIAN_POINT('',(-35.5333443996138,-9.25104091849906,
54.4799199153707));
#5590=CARTESIAN_POINT('',(-35.5234665273174,-9.25975213891282,
54.4864343792926));
#5600=CARTESIAN_POINT('',(-35.5039011406656,-9.27697319818602,
54.5008858161538));
#5610=CARTESIAN_POINT('',(-35.494275417464,-9.28542266692983,
54.5087897351154));
#5620=CARTESIAN_POINT('',(-35.4753295058445,-9.30201883248779,
54.5262328200496));
#5630=CARTESIAN_POINT('',(-35.4660988843047,-9.31007820280999,
54.5357035698487));
#5640=CARTESIAN_POINT('',(-35.4443767233032,-9.32902025548116,
54.5609216580811));
#5650=CARTESIAN_POINT('',(-35.4324384430225,-9.33938096854754,
54.5772945731585));
#5660=CARTESIAN_POINT('',(-35.4105851315366,-9.35830863320324,
54.6142067558348));
#5670=CARTESIAN_POINT('',(-35.4007368505866,-9.36681776296013,
54.6349566968754));
#5680=CARTESIAN_POINT('',(-35.3895998682174,-9.37640206684673,
54.6665165209234));
#5690=CARTESIAN_POINT('',(-35.386573884219,-9.37901161205076,
54.6764307048507));
#5700=CARTESIAN_POINT('',(-35.3813818159913,-9.38347916317139,
54.6966429371471));
#5710=CARTESIAN_POINT('',(-35.3791881163409,-9.38536673221489,
54.7070761526075));
#5720=CARTESIAN_POINT('',(-35.3757339476501,-9.38833645402209,
54.7282743111248));
#5730=CARTESIAN_POINT('',(-35.3744673609504,-9.38942561277336,
54.7391225721849));
#5740=CARTESIAN_POINT('',(-35.3735057350048,-9.39025160616404,
54.7528301390167));
#5750=CARTESIAN_POINT('',(-35.3733411327838,-9.39039315667716,
54.7556629172859));
#5760=CARTESIAN_POINT('',(-35.372958217835,-9.39072227026455,
54.763977370311));
#5770=CARTESIAN_POINT('',(-35.3728293749477,-9.39083280085944,
54.7693934604353));
#5780=CARTESIAN_POINT('',(-35.372828542971,-9.3908336391158,54.775));
#5790=CARTESIAN_POINT('',(-35.722828542971,-9.08225499999997,54.425));
#5800=CARTESIAN_POINT('',(-35.7089864191982,-9.09215047867394,54.425));
#5810=CARTESIAN_POINT('',(-35.6951444904154,-9.10202932325403,
54.425820649165));
#5820=CARTESIAN_POINT('',(-35.6675506606816,-9.1217392016353,
54.429112937918));
#5830=CARTESIAN_POINT('',(-35.6538113549042,-9.13155299147626,
54.4315863860128));
#5840=CARTESIAN_POINT('',(-35.6265268976239,-9.15104188953367,
54.4382153438596));
#5850=CARTESIAN_POINT('',(-35.6129996686005,-9.16070419598332,
54.4423736628962));
#5860=CARTESIAN_POINT('',(-35.5862525790006,-9.17980925998319,
54.4524281486396));
#5870=CARTESIAN_POINT('',(-35.5730536442308,-9.18923707052869,
54.4583298506346));
#5880=CARTESIAN_POINT('',(-35.5494286003111,-9.2061121018999,
54.4707320404307));
#5890=CARTESIAN_POINT('',(-35.5389242319602,-9.21361522215553,
54.4769550375458));
#5900=CARTESIAN_POINT('',(-35.5183289001545,-9.22832617344533,
54.4906856360817));
#5910=CARTESIAN_POINT('',(-35.5082553432792,-9.23552157120844,
54.4981979785137));
#5920=CARTESIAN_POINT('',(-35.4886656116491,-9.24951423665848,
54.5145535643444));
#5930=CARTESIAN_POINT('',(-35.4791700428307,-9.25629678582733,
54.5233998588164));
#5940=CARTESIAN_POINT('',(-35.4608846152969,-9.26935780549432,
54.542486287862));
#5950=CARTESIAN_POINT('',(-35.4521218468061,-9.27561692583301,
54.5527303332085));
#5960=CARTESIAN_POINT('',(-35.4321197400564,-9.28990414493993,
54.5791227988793));
#5970=CARTESIAN_POINT('',(-35.4214655491473,-9.29751428130261,
54.5958729781877));
#5980=CARTESIAN_POINT('',(-35.4026719501849,-9.31093828056151,
54.632080996517));
#5990=CARTESIAN_POINT('',(-35.3946480642102,-9.3166696276863,
54.6515101218886));
#6000=CARTESIAN_POINT('',(-35.3857031189743,-9.32305887428332,
54.6805070896669));
#6010=CARTESIAN_POINT('',(-35.3833512451992,-9.32473878412274,
54.689330747856));
#6020=CARTESIAN_POINT('',(-35.3793165184235,-9.32762073181963,
54.7072887110614));
#6030=CARTESIAN_POINT('',(-35.3776411932542,-9.32881739266176,
54.7164147070278));
#6040=CARTESIAN_POINT('',(-35.3750103782792,-9.33069654621535,
54.7348768392161));
#6050=CARTESIAN_POINT('',(-35.3740598650916,-9.33137548419961,
54.7442027359049));
#6060=CARTESIAN_POINT('',(-35.3733361995418,-9.33189238816375,
54.7559992406198));
#6070=CARTESIAN_POINT('',(-35.3732124810087,-9.33198075854475,
54.7584311721071));
#6080=CARTESIAN_POINT('',(-35.3729238636551,-9.33218691379857,
54.7655726848243));
#6090=CARTESIAN_POINT('',(-35.372828542971,-9.33225496748176,
54.7702859776524));
#6100=CARTESIAN_POINT('',(-35.372828542971,-9.33225498878146,54.775));
#6110=(BOUNDED_SURFACE() B_SPLINE_SURFACE(3,3,((#4830,#5150,#5470,#5790)
,(#4840,#5160,#5480,#5800),(#4850,#5170,#5490,#5810),(#4860,#5180,#5500,
#5820),(#4870,#5190,#5510,#5830),(#4880,#5200,#5520,#5840),(#4890,#5210,
#5530,#5850),(#4900,#5220,#5540,#5860),(#4910,#5230,#5550,#5870),(#4920,
#5240,#5560,#5880),(#4930,#5250,#5570,#5890),(#4940,#5260,#5580,#5900),(
#4950,#5270,#5590,#5910),(#4960,#5280,#5600,#5920),(#4970,#5290,#5610,
#5930),(#4980,#5300,#5620,#5940),(#4990,#5310,#5630,#5950),(#5000,#5320,
#5640,#5960),(#5010,#5330,#5650,#5970),(#5020,#5340,#5660,#5980),(#5030,
#5350,#5670,#5990),(#5040,#5360,#5680,#6000),(#5050,#5370,#5690,#6010),(
#5060,#5380,#5700,#6020),(#5070,#5390,#5710,#6030),(#5080,#5400,#5720,
#6040),(#5090,#5410,#5730,#6050),(#5100,#5420,#5740,#6060),(#5110,#5430,
#5750,#6070),(#5120,#5440,#5760,#6080),(#5130,#5450,#5770,#6090),(#5140,
#5460,#5780,#6100)),.UNSPECIFIED.,.F.,.F.,.F.) 
B_SPLINE_SURFACE_WITH_KNOTS((4,2,2,2,2,2,2,2,2,2,2,2,2,2,2,4),(4,4),(0.,
0.0510363307348949,0.102188865107443,0.153553223439875,0.205287733318824
,0.248247533261446,0.291653639993576,0.335543248411976,0.380084950358956
,0.443720748074787,0.508900069525862,0.536734457465684,0.564778855189852
,0.592952698619028,0.600261866371101,0.614404494444593),(0.,1.),
.UNSPECIFIED.) GEOMETRIC_REPRESENTATION_ITEM() RATIONAL_B_SPLINE_SURFACE
(((1.,1.,1.,1.),(1.,0.999988479679201,0.999988479679201,1.),(1.,
0.999208200453382,0.999208200453382,1.),(1.,0.996082544323175,
0.996082544323175,1.),(1.,0.993739261558535,0.993739261558535,1.),(1.,
0.987515872660826,0.987515872660826,1.),(1.,0.983634193876626,
0.983634193876626,1.),(1.,0.97438162766468,0.97438162766468,1.),(1.,
0.969004130844603,0.969004130844603,1.),(1.,0.957934236187032,
0.957934236187032,1.),(1.,0.952452884421609,0.952452884421609,1.),(1.,
0.940621642434894,0.940621642434894,1.),(1.,0.934272513408955,
0.934272513408955,1.),(1.,0.920857333634065,0.920857333634065,1.),(1.,
0.91379385694315,0.91379385694315,1.),(1.,0.899153832595531,
0.899153832595531,1.),(1.,0.891596434571707,0.891596434571707,1.),(1.,
0.873189207842898,0.873189207842898,1.),(1.,0.862381087327854,
0.862381087327854,1.),(1.,0.842104059606046,0.842104059606046,1.),(1.,
0.832596996415086,0.832596996415086,1.),(1.,0.821503042757882,
0.821503042757882,1.),(1.,0.818527407302356,0.818527407302356,1.),(1.,
0.813336971476176,0.813336971476176,1.),(1.,0.811143229451323,
0.811143229451323,1.),(1.,0.807671302695698,0.807671302695698,1.),(1.,
0.806398181598267,0.806398181598267,1.),(1.,0.805420730472063,
0.805420730472063,1.),(1.,0.805256751006022,0.805256751006022,1.),(1.,
0.804874124756182,0.804874124756182,1.),(1.,0.804737938100247,
0.804737938100247,1.),(1.,0.804737854124364,0.804737854124364,1.))) 
REPRESENTATION_ITEM('') SURFACE());
#6120=CARTESIAN_POINT('',(-35.372828542971,-9.33225498878146,54.775));
#6130=CARTESIAN_POINT('',(-35.372828542971,-9.3908336391158,54.775));
#6140=CARTESIAN_POINT('',(-35.4142499038552,-9.43225499999997,54.775));
#6150=CARTESIAN_POINT('',(-35.4728285541895,-9.43225499999997,54.775));
#6160=(BOUNDED_CURVE() B_SPLINE_CURVE(3,(#6120,#6130,#6140,#6150),
.UNSPECIFIED.,.F.,.F.) B_SPLINE_CURVE_WITH_KNOTS((4,4),(0.,1.),
.UNSPECIFIED.) CURVE() GEOMETRIC_REPRESENTATION_ITEM() 
RATIONAL_B_SPLINE_CURVE((1.,0.804737854124365,0.804737854124365,1.)) 
REPRESENTATION_ITEM(''));
#6170=CARTESIAN_POINT('',(-35.372828542971,-9.33225498878146,54.775));
#6180=VERTEX_POINT('',#6170);
#6190=CARTESIAN_POINT('',(-35.4728285541895,-9.43225499999997,54.775));
#6200=VERTEX_POINT('',#6190);
#6210=EDGE_CURVE('',#6180,#6200,#6160,.T.);
#6220=ORIENTED_EDGE('',*,*,#6210,.T.);
#6230=CARTESIAN_POINT('',(-35.722828542971,-9.08225499999997,54.425));
#6240=CARTESIAN_POINT('',(-35.7089864191982,-9.09215047867394,54.425));
#6250=CARTESIAN_POINT('',(-35.6951444904154,-9.10202932325403,
54.425820649165));
#6260=CARTESIAN_POINT('',(-35.6675506606816,-9.1217392016353,
54.429112937918));
#6270=CARTESIAN_POINT('',(-35.6538113549042,-9.13155299147626,
54.4315863860128));
#6280=CARTESIAN_POINT('',(-35.6265268976239,-9.15104188953367,
54.4382153438596));
#6290=CARTESIAN_POINT('',(-35.6129996686005,-9.16070419598332,
54.4423736628962));
#6300=CARTESIAN_POINT('',(-35.5862525790006,-9.17980925998319,
54.4524281486396));
#6310=CARTESIAN_POINT('',(-35.5730536442308,-9.18923707052869,
54.4583298506346));
#6320=CARTESIAN_POINT('',(-35.5494286003111,-9.2061121018999,
54.4707320404307));
#6330=CARTESIAN_POINT('',(-35.5389242319602,-9.21361522215553,
54.4769550375458));
#6340=CARTESIAN_POINT('',(-35.5183289001545,-9.22832617344533,
54.4906856360817));
#6350=CARTESIAN_POINT('',(-35.5082553432792,-9.23552157120844,
54.4981979785137));
#6360=CARTESIAN_POINT('',(-35.4886656116491,-9.24951423665848,
54.5145535643444));
#6370=CARTESIAN_POINT('',(-35.4791700428307,-9.25629678582733,
54.5233998588164));
#6380=CARTESIAN_POINT('',(-35.4608846152969,-9.26935780549432,
54.542486287862));
#6390=CARTESIAN_POINT('',(-35.4521218468061,-9.27561692583301,
54.5527303332085));
#6400=CARTESIAN_POINT('',(-35.4321197400564,-9.28990414493993,
54.5791227988793));
#6410=CARTESIAN_POINT('',(-35.4214655491473,-9.29751428130261,
54.5958729781877));
#6420=CARTESIAN_POINT('',(-35.4026719501849,-9.31093828056151,
54.632080996517));
#6430=CARTESIAN_POINT('',(-35.3946480642102,-9.3166696276863,
54.6515101218886));
#6440=CARTESIAN_POINT('',(-35.3857031189743,-9.32305887428332,
54.6805070896669));
#6450=CARTESIAN_POINT('',(-35.3833512451992,-9.32473878412274,
54.689330747856));
#6460=CARTESIAN_POINT('',(-35.3793165184235,-9.32762073181963,
54.7072887110614));
#6470=CARTESIAN_POINT('',(-35.3776411932542,-9.32881739266176,
54.7164147070278));
#6480=CARTESIAN_POINT('',(-35.3750103782792,-9.33069654621535,
54.7348768392161));
#6490=CARTESIAN_POINT('',(-35.3740598650916,-9.33137548419961,
54.7442027359049));
#6500=CARTESIAN_POINT('',(-35.3733361995418,-9.33189238816375,
54.7559992406198));
#6510=CARTESIAN_POINT('',(-35.3732124810087,-9.33198075854475,
54.7584311721071));
#6520=CARTESIAN_POINT('',(-35.3729238636551,-9.33218691379857,
54.7655726848243));
#6530=CARTESIAN_POINT('',(-35.372828542971,-9.33225496748176,
54.7702859776524));
#6540=CARTESIAN_POINT('',(-35.372828542971,-9.33225498878146,54.775));
#6550=B_SPLINE_CURVE_WITH_KNOTS('',3,(#6230,#6240,#6250,#6260,#6270,
#6280,#6290,#6300,#6310,#6320,#6330,#6340,#6350,#6360,#6370,#6380,#6390,
#6400,#6410,#6420,#6430,#6440,#6450,#6460,#6470,#6480,#6490,#6500,#6510,
#6520,#6530,#6540),.UNSPECIFIED.,.F.,.F.,(4,2,2,2,2,2,2,2,2,2,2,2,2,2,2,
4),(0.,0.0510363307348949,0.102188865107443,0.153553223439875,
0.205287733318824,0.248247533261446,0.291653639993576,0.335543248411976,
0.380084950358956,0.443720748074787,0.508900069525862,0.536734457465684,
0.564778855189852,0.592952698619028,0.600261866371101,0.614404494444593)
,.UNSPECIFIED.);
#6560=CARTESIAN_POINT('',(-35.722828542971,-9.08225499999997,54.425));
#6570=VERTEX_POINT('',#6560);
#6580=EDGE_CURVE('',#6570,#6180,#6550,.T.);
#6590=ORIENTED_EDGE('',*,*,#6580,.T.);
#6600=CARTESIAN_POINT('',(-35.722828542971,-9.08225499999997,54.425));
#6610=CARTESIAN_POINT('',(-35.7129330642971,-9.09609712377276,54.425));
#6620=CARTESIAN_POINT('',(-35.703054219717,-9.10993905255565,
54.425820649165));
#6630=CARTESIAN_POINT('',(-35.6833443413357,-9.13753288228944,
54.429112937918));
#6640=CARTESIAN_POINT('',(-35.6735305514948,-9.15127218806675,
54.4315863860128));
#6650=CARTESIAN_POINT('',(-35.6540416534373,-9.17855664534713,
54.4382153438596));
#6660=CARTESIAN_POINT('',(-35.6443793469877,-9.19208387437055,
54.4423736628962));
#6670=CARTESIAN_POINT('',(-35.6252742829878,-9.21883096397037,
54.4524281486396));
#6680=CARTESIAN_POINT('',(-35.6158464724423,-9.23202989874018,
54.4583298506346));
#6690=CARTESIAN_POINT('',(-35.5989714410711,-9.25565494265987,
54.4707320404307));
#6700=CARTESIAN_POINT('',(-35.5914683208155,-9.26615931101076,
54.4769550375458));
#6710=CARTESIAN_POINT('',(-35.5767573695257,-9.28675464281648,
54.4906856360817));
#6720=CARTESIAN_POINT('',(-35.5695619717626,-9.29682819969183,
54.4981979785137));
#6730=CARTESIAN_POINT('',(-35.5555693063125,-9.31641793132188,
54.5145535643444));
#6740=CARTESIAN_POINT('',(-35.5487867571437,-9.32591350014032,
54.5233998588164));
#6750=CARTESIAN_POINT('',(-35.5357257374767,-9.34419892767411,
54.542486287862));
#6760=CARTESIAN_POINT('',(-35.529466617138,-9.35296169616491,
54.5527303332085));
#6770=CARTESIAN_POINT('',(-35.5151793980311,-9.37296380291459,
54.5791227988793));
#6780=CARTESIAN_POINT('',(-35.5075692616684,-9.38361799382366,
54.5958729781877));
#6790=CARTESIAN_POINT('',(-35.4941452624095,-9.40241159278612,
54.632080996517));
#6800=CARTESIAN_POINT('',(-35.4884139152847,-9.41043547876083,
54.6515101218886));
#6810=CARTESIAN_POINT('',(-35.4820246686877,-9.41938042399666,
54.6805070896669));
#6820=CARTESIAN_POINT('',(-35.4803447588483,-9.42173229777182,
54.689330747856));
#6830=CARTESIAN_POINT('',(-35.4774628111514,-9.42576702454747,
54.7072887110614));
#6840=CARTESIAN_POINT('',(-35.4762661503092,-9.42744234971681,
54.7164147070278));
#6850=CARTESIAN_POINT('',(-35.4743869967557,-9.43007316469184,
54.7348768392161));
#6860=CARTESIAN_POINT('',(-35.4737080587714,-9.43102367787944,
54.7442027359049));
#6870=CARTESIAN_POINT('',(-35.4731911548072,-9.43174734342925,
54.7559992406198));
#6880=CARTESIAN_POINT('',(-35.4731027844263,-9.43187106196226,
54.7584311721071));
#6890=CARTESIAN_POINT('',(-35.4728966291724,-9.43215967931592,
54.7655726848243));
#6900=CARTESIAN_POINT('',(-35.4728285754892,-9.43225499999997,
54.7702859776524));
#6910=CARTESIAN_POINT('',(-35.4728285541895,-9.43225499999997,54.775));
#6920=B_SPLINE_CURVE_WITH_KNOTS('',3,(#6600,#6610,#6620,#6630,#6640,
#6650,#6660,#6670,#6680,#6690,#6700,#6710,#6720,#6730,#6740,#6750,#6760,
#6770,#6780,#6790,#6800,#6810,#6820,#6830,#6840,#6850,#6860,#6870,#6880,
#6890,#6900,#6910),.UNSPECIFIED.,.F.,.F.,(4,2,2,2,2,2,2,2,2,2,2,2,2,2,2,
4),(0.,0.0510363307348949,0.102188865107443,0.153553223439875,
0.205287733318824,0.248247533261446,0.291653639993576,0.335543248411976,
0.380084950358956,0.443720748074787,0.508900069525862,0.536734457465684,
0.564778855189852,0.592952698619028,0.600261866371101,0.614404494444593)
,.UNSPECIFIED.);
#6930=EDGE_CURVE('',#6570,#6200,#6920,.T.);
#6940=ORIENTED_EDGE('',*,*,#6930,.F.);
#6950=EDGE_LOOP('',(#6940,#6590,#6220));
#6960=FACE_OUTER_BOUND('',#6950,.T.);
#6970=ADVANCED_FACE('',(#6960),#6110,.F.);
#6980=CARTESIAN_POINT('',(-35.822828542971,-5.45813999999999,60.975));
#6990=DIRECTION('',(3.46667389989702E-33,-1.,-5.55111512312578E-16));
#7000=DIRECTION('',(-1.92439059126638E-48,5.55111512312578E-16,-1.));
#7010=AXIS2_PLACEMENT_3D('',#6980,#6990,#7000);
#7020=CYLINDRICAL_SURFACE('',#7010,0.5);
#7030=CARTESIAN_POINT('',(-35.822828542971,-5.45813999999999,61.475));
#7040=DIRECTION('',(3.46667389989702E-33,-1.,-5.55111512312578E-16));
#7050=VECTOR('',#7040,1.);
#7060=LINE('',#7030,#7050);
#7070=CARTESIAN_POINT('',(-35.822828542971,-9.43225500000002,61.475));
#7080=VERTEX_POINT('',#7070);
#7090=EDGE_CURVE('',#780,#7080,#7060,.T.);
#7100=ORIENTED_EDGE('',*,*,#7090,.F.);
#7110=CARTESIAN_POINT('',(-35.822828542971,-9.43225500000002,60.975));
#7120=DIRECTION('',(3.46667389989702E-33,-1.,-5.55111512312578E-16));
#7130=DIRECTION('',(-1.92439059126638E-48,5.55111512312578E-16,-1.));
#7140=AXIS2_PLACEMENT_3D('',#7110,#7120,#7130);
#7150=CIRCLE('',#7140,0.5);
#7160=CARTESIAN_POINT('',(-36.322828542971,-9.43225500000001,60.975));
#7170=VERTEX_POINT('',#7160);
#7180=EDGE_CURVE('',#7080,#7170,#7150,.T.);
#7190=ORIENTED_EDGE('',*,*,#7180,.F.);
#7200=CARTESIAN_POINT('',(-36.322828542971,-5.45813999999999,60.975));
#7210=DIRECTION('',(3.46667389989702E-33,-1.,-5.55111512312578E-16));
#7220=VECTOR('',#7210,1.);
#7230=LINE('',#7200,#7220);
#7240=CARTESIAN_POINT('',(-36.322828542971,-0.0322550000000099,60.975));
#7250=VERTEX_POINT('',#7240);
#7260=EDGE_CURVE('',#7250,#7170,#7230,.T.);
#7270=ORIENTED_EDGE('',*,*,#7260,.T.);
#7280=CARTESIAN_POINT('',(-35.822828542971,-0.0322550000000081,60.975));
#7290=DIRECTION('',(3.46667389989702E-33,-1.,-5.55111512312578E-16));
#7300=DIRECTION('',(-1.92439059126638E-48,5.55111512312578E-16,-1.));
#7310=AXIS2_PLACEMENT_3D('',#7280,#7290,#7300);
#7320=CIRCLE('',#7310,0.5);
#7330=EDGE_CURVE('',#780,#7250,#7320,.T.);
#7340=ORIENTED_EDGE('',*,*,#7330,.T.);
#7350=EDGE_LOOP('',(#7340,#7270,#7190,#7100));
#7360=FACE_OUTER_BOUND('',#7350,.T.);
#7370=ADVANCED_FACE('',(#7360),#7020,.T.);
#7380=CARTESIAN_POINT('',(-32.442826142971,-5.36225500000001,55.425));
#7390=DIRECTION('',(-6.21401174397816E-17,-0.995037190209989,
0.0995037190209989));
#7400=DIRECTION('',(-6.21401174397817E-18,-0.0995037190209989,
-0.995037190209989));
#7410=AXIS2_PLACEMENT_3D('',#7380,#7390,#7400);
#7420=PLANE('',#7410);
#7430=CARTESIAN_POINT('',(-33.422828542971,-5.31394750000001,55.908075))
;
#7440=DIRECTION('',(1.24280234879563E-17,0.0995037190209989,
0.995037190209989));
#7450=VECTOR('',#7440,1.);
#7460=LINE('',#7430,#7450);
#7470=CARTESIAN_POINT('',(-33.422828542971,-5.40225500000001,55.025));
#7480=VERTEX_POINT('',#7470);
#7490=CARTESIAN_POINT('',(-33.422828542971,-5.36225499999996,55.425));
#7500=VERTEX_POINT('',#7490);
#7510=EDGE_CURVE('',#7480,#7500,#7460,.T.);
#7520=ORIENTED_EDGE('',*,*,#7510,.T.);
#7530=CARTESIAN_POINT('',(-34.462828542971,-5.40225500000001,55.025));
#7540=DIRECTION('',(-1.,6.2450045135165E-17,1.23259516440783E-32));
#7550=VECTOR('',#7540,1.);
#7560=LINE('',#7530,#7550);
#7570=CARTESIAN_POINT('',(-34.322828542971,-5.40225500000001,55.025));
#7580=VERTEX_POINT('',#7570);
#7590=EDGE_CURVE('',#7480,#7580,#7560,.T.);
#7600=ORIENTED_EDGE('',*,*,#7590,.F.);
#7610=CARTESIAN_POINT('',(-34.322828542971,-5.31394750000001,55.908075))
;
#7620=DIRECTION('',(-6.50792276771194E-33,0.0995037190209989,
0.995037190209989));
#7630=VECTOR('',#7620,1.);
#7640=LINE('',#7610,#7630);
#7650=CARTESIAN_POINT('',(-34.322828542971,-5.36225499999996,55.425));
#7660=VERTEX_POINT('',#7650);
#7670=EDGE_CURVE('',#7580,#7660,#7640,.T.);
#7680=ORIENTED_EDGE('',*,*,#7670,.F.);
#7690=CARTESIAN_POINT('',(-34.462828542971,-5.362255,55.425));
#7700=DIRECTION('',(1.,-6.2450045135165E-17,6.19371404674688E-33));
#7710=VECTOR('',#7700,1.);
#7720=LINE('',#7690,#7710);
#7730=EDGE_CURVE('',#7660,#7500,#7720,.T.);
#7740=ORIENTED_EDGE('',*,*,#7730,.F.);
#7750=EDGE_LOOP('',(#7740,#7680,#7600,#7520));
#7760=FACE_OUTER_BOUND('',#7750,.T.);
#7770=ADVANCED_FACE('',(#7760),#7420,.T.);
#7780=CARTESIAN_POINT('',(-32.727828542971,-2.53225499999999,55.675));
#7790=DIRECTION('',(-1.92439059126638E-48,5.55111512312578E-16,1.));
#7800=DIRECTION('',(-1.,-3.46667389989702E-33,0.));
#7810=AXIS2_PLACEMENT_3D('',#7780,#7790,#7800);
#7820=PLANE('',#7810);
#7830=CARTESIAN_POINT('',(-32.197828542971,-0.0322549999999886,55.675));
#7840=DIRECTION('',(1.,-6.2450045135165E-17,5.55111512312578E-17));
#7850=VECTOR('',#7840,1.);
#7860=LINE('',#7830,#7850);
#7870=CARTESIAN_POINT('',(-32.3728285429711,-0.0322549999999877,55.675))
;
#7880=VERTEX_POINT('',#7870);
#7890=CARTESIAN_POINT('',(-32.022828542971,-0.0322549999999886,55.675));
#7900=VERTEX_POINT('',#7890);
#7910=EDGE_CURVE('',#7880,#7900,#7860,.T.);
#7920=ORIENTED_EDGE('',*,*,#7910,.T.);
#7930=CARTESIAN_POINT('',(-32.3728285429711,-5.45813999999999,55.675));
#7940=DIRECTION('',(-6.24500451351651E-17,-1.,5.55111512312578E-16));
#7950=VECTOR('',#7940,1.);
#7960=LINE('',#7930,#7950);
#7970=CARTESIAN_POINT('',(-32.3728285429711,-7.52722974683056,55.675));
#7980=VERTEX_POINT('',#7970);
#7990=EDGE_CURVE('',#7880,#7980,#7960,.T.);
#8000=ORIENTED_EDGE('',*,*,#7990,.F.);
#8010=CARTESIAN_POINT('',(-32.0228285429711,-7.52722974683056,55.675));
#8020=DIRECTION('',(-1.92439059126638E-48,5.55111512312578E-16,1.));
#8030=DIRECTION('',(-1.57009245868377E-16,-1.,5.55111512312578E-16));
#8040=AXIS2_PLACEMENT_3D('',#8010,#8020,#8030);
#8050=ELLIPSE('',#8040,0.494974746830583,0.35);
#8060=CARTESIAN_POINT('',(-32.0228285429711,-7.03225499999998,55.675));
#8070=VERTEX_POINT('',#8060);
#8080=EDGE_CURVE('',#8070,#7980,#8050,.T.);
#8090=ORIENTED_EDGE('',*,*,#8080,.T.);
#8100=CARTESIAN_POINT('',(-32.022828542971,-3.53225499999999,55.675));
#8110=DIRECTION('',(-3.46667389989702E-33,1.,-5.55111512312578E-16));
#8120=VECTOR('',#8110,1.);
#8130=LINE('',#8100,#8120);
#8140=EDGE_CURVE('',#8070,#7900,#8130,.T.);
#8150=ORIENTED_EDGE('',*,*,#8140,.F.);
#8160=EDGE_LOOP('',(#8150,#8090,#8000,#7920));
#8170=FACE_OUTER_BOUND('',#8160,.T.);
#8180=ADVANCED_FACE('',(#8170),#7820,.F.);
#8190=CARTESIAN_POINT('',(-31.947828542971,-3.53225499999999,55.75));
#8200=DIRECTION('',(-0.707106781186548,3.92523114670944E-16,
0.707106781186547));
#8210=DIRECTION('',(0.707106781186547,2.4513086227796E-33,
0.707106781186548));
#8220=AXIS2_PLACEMENT_3D('',#8190,#8200,#8210);
#8230=PLANE('',#8220);
#8240=CARTESIAN_POINT('',(-26.4469435429711,-5.45813999999999,61.250885)
);
#8250=DIRECTION('',(0.577350269189625,-0.577350269189627,
0.577350269189626));
#8260=VECTOR('',#8250,1.);
#8270=LINE('',#8240,#8260);
#8280=CARTESIAN_POINT('',(-31.947828542971,0.0427449999999947,55.75));
#8290=VERTEX_POINT('',#8280);
#8300=CARTESIAN_POINT('',(-31.872828542971,-0.0322550000000046,55.825));
#8310=VERTEX_POINT('',#8300);
#8320=EDGE_CURVE('',#8290,#8310,#8270,.T.);
#8330=ORIENTED_EDGE('',*,*,#8320,.T.);
#8340=CARTESIAN_POINT('',(-34.462828542971,-2.47225499999949,53.235));
#8350=DIRECTION('',(0.577350269189664,0.577350269189549,
0.577350269189664));
#8360=VECTOR('',#8350,1.);
#8370=LINE('',#8340,#8360);
#8380=EDGE_CURVE('',#7900,#8290,#8370,.T.);
#8390=ORIENTED_EDGE('',*,*,#8380,.T.);
#8400=ORIENTED_EDGE('',*,*,#8140,.T.);
#8410=CARTESIAN_POINT('',(-31.7897535429711,-7.03225499999996,55.908075)
);
#8420=DIRECTION('',(0.707106781186547,3.60822483003176E-16,
0.707106781186548));
#8430=VECTOR('',#8420,1.);
#8440=LINE('',#8410,#8430);
#8450=CARTESIAN_POINT('',(-31.872828542971,-7.03225499999996,55.825));
#8460=VERTEX_POINT('',#8450);
#8470=EDGE_CURVE('',#8070,#8460,#8440,.T.);
#8480=ORIENTED_EDGE('',*,*,#8470,.F.);
#8490=CARTESIAN_POINT('',(-31.872828542971,-3.53225499999999,55.825));
#8500=DIRECTION('',(-3.46667389989702E-33,1.,-5.55111512312578E-16));
#8510=VECTOR('',#8500,1.);
#8520=LINE('',#8490,#8510);
#8530=EDGE_CURVE('',#8460,#8310,#8520,.T.);
#8540=ORIENTED_EDGE('',*,*,#8530,.F.);
#8550=EDGE_LOOP('',(#8540,#8480,#8400,#8390,#8330));
#8560=FACE_OUTER_BOUND('',#8550,.T.);
#8570=ADVANCED_FACE('',(#8560),#8230,.F.);
#8580=CARTESIAN_POINT('',(-36.122828542971,-0.0322550000000081,57.225));
#8590=DIRECTION('',(0.,-1.,0.));
#8600=DIRECTION('',(0.,-0.,-1.));
#8610=AXIS2_PLACEMENT_3D('',#8580,#8590,#8600);
#8620=CONICAL_SURFACE('',#8610,0.2,0.785398163397448);
#8630=CARTESIAN_POINT('',(-36.122828542971,-0.0322550000000081,57.025));
#8640=DIRECTION('',(0.,-0.707106781186543,-0.707106781186552));
#8650=VECTOR('',#8640,0.282842712474621);
#8660=LINE('',#8630,#8650);
#8670=CARTESIAN_POINT('',(-36.122828542971,0.11774499999999,57.175));
#8680=VERTEX_POINT('',#8670);
#8690=EDGE_CURVE('',#8680,#130,#8660,.T.);
#8700=ORIENTED_EDGE('',*,*,#8690,.T.);
#8710=CARTESIAN_POINT('',(-36.122828542971,0.117744999999992,57.225));
#8720=DIRECTION('',(-3.46667389989702E-33,1.,-5.55111512312578E-16));
#8730=DIRECTION('',(-1.92439059126638E-48,5.55111512312578E-16,1.));
#8740=AXIS2_PLACEMENT_3D('',#8710,#8720,#8730);
#8750=CIRCLE('',#8740,0.0499999999999999);
#8760=CARTESIAN_POINT('',(-36.172828542971,0.117744999999992,57.225));
#8770=VERTEX_POINT('',#8760);
#8780=EDGE_CURVE('',#8680,#8770,#8750,.T.);
#8790=ORIENTED_EDGE('',*,*,#8780,.F.);
#8800=CARTESIAN_POINT('',(-36.172828542971,0.117744999999992,57.225));
#8810=DIRECTION('',(-0.707106781186546,-0.707106781186549,0.));
#8820=VECTOR('',#8810,1.);
#8830=LINE('',#8800,#8820);
#8840=CARTESIAN_POINT('',(-36.322828542971,-0.0322549999999913,57.225));
#8850=VERTEX_POINT('',#8840);
#8860=EDGE_CURVE('',#8770,#8850,#8830,.T.);
#8870=ORIENTED_EDGE('',*,*,#8860,.F.);
#8880=CARTESIAN_POINT('',(-36.122828542971,-0.0322550000000081,57.225));
#8890=DIRECTION('',(-3.46667389989702E-33,1.,-5.55111512312578E-16));
#8900=DIRECTION('',(-1.92439059126638E-48,5.55111512312578E-16,1.));
#8910=AXIS2_PLACEMENT_3D('',#8880,#8890,#8900);
#8920=CIRCLE('',#8910,0.2);
#8930=EDGE_CURVE('',#130,#8850,#8920,.T.);
#8940=ORIENTED_EDGE('',*,*,#8930,.T.);
#8950=EDGE_LOOP('',(#8940,#8870,#8790,#8700));
#8960=FACE_OUTER_BOUND('',#8950,.T.);
#8970=ADVANCED_FACE('',(#8960),#8620,.T.);
#8980=CARTESIAN_POINT('',(-32.672828542971,-5.45813999999999,
55.5194070554703));
#8990=DIRECTION('',(6.22241950242213E-17,0.998191753821356,
0.0601100873651547));
#9000=DIRECTION('',(-7.50775533806525E-18,-0.0601100873651547,
0.998191753821356));
#9010=AXIS2_PLACEMENT_3D('',#8980,#8990,#9000);
#9020=CYLINDRICAL_SURFACE('',#9010,0.1);
#9030=CARTESIAN_POINT('',(-32.6728285429711,-7.00440321164981,
55.4262926649877));
#9040=DIRECTION('',(-3.34391884807604E-33,0.964589962781147,
-0.263754059119222));
#9050=DIRECTION('',(1.943917548557E-16,0.263754059119222,
0.964589962781147));
#9060=AXIS2_PLACEMENT_3D('',#9030,#9040,#9050);
#9070=ELLIPSE('',#9060,0.105597572386815,0.1);
#9080=CARTESIAN_POINT('',(-32.572828542971,-7.00440321164981,
55.4262926649877));
#9090=VERTEX_POINT('',#9080);
#9100=CARTESIAN_POINT('',(-32.672828542971,-7.03225499999996,
55.3244343065693));
#9110=VERTEX_POINT('',#9100);
#9120=EDGE_CURVE('',#9090,#9110,#9070,.T.);
#9130=ORIENTED_EDGE('',*,*,#9120,.T.);
#9140=CARTESIAN_POINT('',(-32.572828542971,-5.45813999999999,
55.5194070554703));
#9150=DIRECTION('',(6.22241950242213E-17,0.998191753821356,
0.0601100873651547));
#9160=VECTOR('',#9150,1.);
#9170=LINE('',#9140,#9160);
#9180=CARTESIAN_POINT('',(-32.572828542971,-0.54618894758091,
55.8151997283349));
#9190=VERTEX_POINT('',#9180);
#9200=EDGE_CURVE('',#9090,#9190,#9170,.T.);
#9210=ORIENTED_EDGE('',*,*,#9200,.F.);
#9220=CARTESIAN_POINT('',(-32.672828542971,-0.54618894758091,
55.8151997283349));
#9230=DIRECTION('',(-6.22241950242213E-17,-0.998191753821356,
-0.0601100873651547));
#9240=DIRECTION('',(-7.50775533806525E-18,-0.0601100873651547,
0.998191753821356));
#9250=AXIS2_PLACEMENT_3D('',#9220,#9230,#9240);
#9260=CIRCLE('',#9250,0.1);
#9270=CARTESIAN_POINT('',(-32.672828542971,-0.540177938844396,
55.7153805529528));
#9280=VERTEX_POINT('',#9270);
#9290=EDGE_CURVE('',#9280,#9190,#9260,.T.);
#9300=ORIENTED_EDGE('',*,*,#9290,.T.);
#9310=CARTESIAN_POINT('',(-32.672828542971,-5.45212899126348,
55.4195878800881));
#9320=DIRECTION('',(6.22241950242213E-17,0.998191753821356,
0.0601100873651547));
#9330=VECTOR('',#9320,1.);
#9340=LINE('',#9310,#9330);
#9350=EDGE_CURVE('',#9110,#9280,#9340,.T.);
#9360=ORIENTED_EDGE('',*,*,#9350,.T.);
#9370=EDGE_LOOP('',(#9360,#9300,#9210,#9130));
#9380=FACE_OUTER_BOUND('',#9370,.T.);
#9390=ADVANCED_FACE('',(#9380),#9020,.T.);
#9400=CARTESIAN_POINT('',(-35.6228285429711,-3.65725499999994,55.675));
#9410=DIRECTION('',(5.55111512312578E-17,6.2450045135165E-17,-1.));
#9420=DIRECTION('',(1.,-6.2450045135165E-17,5.55111512312578E-17));
#9430=AXIS2_PLACEMENT_3D('',#9400,#9410,#9420);
#9440=PLANE('',#9430);
#9450=CARTESIAN_POINT('',(-35.372828542971,-5.45813999999999,55.675));
#9460=DIRECTION('',(3.46667389989702E-33,-1.,-6.2450045135165E-17));
#9470=VECTOR('',#9460,1.);
#9480=LINE('',#9450,#9470);
#9490=CARTESIAN_POINT('',(-35.372828542971,-0.0322549999999886,55.675));
#9500=VERTEX_POINT('',#9490);
#9510=CARTESIAN_POINT('',(-35.372828542971,-7.52722974683053,55.675));
#9520=VERTEX_POINT('',#9510);
#9530=EDGE_CURVE('',#9500,#9520,#9480,.T.);
#9540=ORIENTED_EDGE('',*,*,#9530,.T.);
#9550=CARTESIAN_POINT('',(-35.547828542971,-0.0322549999999886,55.675));
#9560=DIRECTION('',(1.,-6.2450045135165E-17,5.55111512312578E-17));
#9570=VECTOR('',#9560,1.);
#9580=LINE('',#9550,#9570);
#9590=CARTESIAN_POINT('',(-35.7228285429711,-0.032254999999962,55.675));
#9600=VERTEX_POINT('',#9590);
#9610=EDGE_CURVE('',#9600,#9500,#9580,.T.);
#9620=ORIENTED_EDGE('',*,*,#9610,.T.);
#9630=CARTESIAN_POINT('',(-35.722828542971,-3.53225499999999,55.675));
#9640=DIRECTION('',(6.2450045135165E-17,1.,6.2450045135165E-17));
#9650=VECTOR('',#9640,1.);
#9660=LINE('',#9630,#9650);
#9670=CARTESIAN_POINT('',(-35.722828542971,-7.03225499999995,55.675));
#9680=VERTEX_POINT('',#9670);
#9690=EDGE_CURVE('',#9680,#9600,#9660,.T.);
#9700=ORIENTED_EDGE('',*,*,#9690,.T.);
#9710=CARTESIAN_POINT('',(-35.722828542971,-7.52722974683053,55.675));
#9720=DIRECTION('',(5.55111512312578E-17,6.2450045135165E-17,-1.));
#9730=DIRECTION('',(-5.55111512312587E-17,-1.,-6.2450045135165E-17));
#9740=AXIS2_PLACEMENT_3D('',#9710,#9720,#9730);
#9750=ELLIPSE('',#9740,0.494974746830579,0.35);
#9760=EDGE_CURVE('',#9680,#9520,#9750,.T.);
#9770=ORIENTED_EDGE('',*,*,#9760,.F.);
#9780=EDGE_LOOP('',(#9770,#9700,#9620,#9540));
#9790=FACE_OUTER_BOUND('',#9780,.T.);
#9800=ADVANCED_FACE('',(#9790),#9440,.T.);
#9810=CARTESIAN_POINT('',(-34.462828542971,-0.73225499999999,56.825));
#9820=DIRECTION('',(1.,3.46667389989702E-33,0.));
#9830=DIRECTION('',(0.,-0.,-1.));
#9840=AXIS2_PLACEMENT_3D('',#9810,#9820,#9830);
#9850=CYLINDRICAL_SURFACE('',#9840,0.2);
#9860=CARTESIAN_POINT('',(-34.462828542971,-0.73225499999999,57.025));
#9870=DIRECTION('',(1.,3.46667389989702E-33,0.));
#9880=VECTOR('',#9870,1.);
#9890=LINE('',#9860,#9880);
#9900=CARTESIAN_POINT('',(-35.072828542971,-0.73225499999999,57.025));
#9910=VERTEX_POINT('',#9900);
#9920=CARTESIAN_POINT('',(-32.672828542971,-0.73225499999999,57.025));
#9930=VERTEX_POINT('',#9920);
#9940=EDGE_CURVE('',#9910,#9930,#9890,.T.);
#9950=ORIENTED_EDGE('',*,*,#9940,.F.);
#9960=CARTESIAN_POINT('',(-32.672828542971,-0.73225499999999,56.825));
#9970=DIRECTION('',(1.,3.46667389989702E-33,0.));
#9980=DIRECTION('',(0.,0.,1.));
#9990=AXIS2_PLACEMENT_3D('',#9960,#9970,#9980);
#10000=CIRCLE('',#9990,0.200000000000003);
#10010=CARTESIAN_POINT('',(-32.672828542971,-0.532255000000007,56.825));
#10020=VERTEX_POINT('',#10010);
#10030=EDGE_CURVE('',#10020,#9930,#10000,.T.);
#10040=ORIENTED_EDGE('',*,*,#10030,.T.);
#10050=CARTESIAN_POINT('',(-34.462828542971,-0.532255000000005,56.825));
#10060=DIRECTION('',(1.,-9.6296497219362E-34,-2.76631147494542E-49));
#10070=VECTOR('',#10060,1.);
#10080=LINE('',#10050,#10070);
#10090=CARTESIAN_POINT('',(-35.072828542971,-0.532254999999987,56.825));
#10100=VERTEX_POINT('',#10090);
#10110=EDGE_CURVE('',#10100,#10020,#10080,.T.);
#10120=ORIENTED_EDGE('',*,*,#10110,.T.);
#10130=CARTESIAN_POINT('',(-35.072828542971,-0.73225499999999,56.825));
#10140=DIRECTION('',(1.,3.46667389989702E-33,0.));
#10150=DIRECTION('',(0.,0.,1.));
#10160=AXIS2_PLACEMENT_3D('',#10130,#10140,#10150);
#10170=CIRCLE('',#10160,0.200000000000003);
#10180=EDGE_CURVE('',#10100,#9910,#10170,.T.);
#10190=ORIENTED_EDGE('',*,*,#10180,.F.);
#10200=EDGE_LOOP('',(#10190,#10120,#10040,#9950));
#10210=FACE_OUTER_BOUND('',#10200,.T.);
#10220=ADVANCED_FACE('',(#10210),#9850,.F.);
#10230=CARTESIAN_POINT('',(-36.812830942971,-10.914003,57.025));
#10240=DIRECTION('',(1.92439059126638E-48,-5.55111512312578E-16,1.));
#10250=DIRECTION('',(-3.46667389989702E-33,1.,5.55111512312578E-16));
#10260=AXIS2_PLACEMENT_3D('',#10230,#10240,#10250);
#10270=PLANE('',#10260);
#10280=CARTESIAN_POINT('',(-31.772828542971,-9.43225499999997,57.025));
#10290=CARTESIAN_POINT('',(-31.7142498992083,-9.43225499999997,57.025));
#10300=CARTESIAN_POINT('',(-31.672828542971,-9.39083364376267,57.025));
#10310=CARTESIAN_POINT('',(-31.672828542971,-9.33225499999997,57.025));
#10320=(BOUNDED_CURVE() B_SPLINE_CURVE(3,(#10280,#10290,#10300,#10310),
.UNSPECIFIED.,.F.,.F.) B_SPLINE_CURVE_WITH_KNOTS((4,4),(0.,1.),
.UNSPECIFIED.) CURVE() GEOMETRIC_REPRESENTATION_ITEM() 
RATIONAL_B_SPLINE_CURVE((1.,0.804737854124363,0.804737854124363,1.)) 
REPRESENTATION_ITEM(''));
#10330=CARTESIAN_POINT('',(-31.772828542971,-9.43225500000001,57.025));
#10340=VERTEX_POINT('',#10330);
#10350=CARTESIAN_POINT('',(-31.672828542971,-9.33225499999997,57.025));
#10360=VERTEX_POINT('',#10350);
#10370=EDGE_CURVE('',#10340,#10360,#10320,.T.);
#10380=ORIENTED_EDGE('',*,*,#10370,.T.);
#10390=CARTESIAN_POINT('',(-31.622828542971,-9.43225500000001,57.025));
#10400=VERTEX_POINT('',#10390);
#10410=EDGE_CURVE('',#10400,#10340,#190,.T.);
#10420=ORIENTED_EDGE('',*,*,#10410,.T.);
#10430=CARTESIAN_POINT('',(-31.622828542971,-5.45813999999999,57.025));
#10440=DIRECTION('',(3.46667389989702E-33,-1.,-5.55111512312578E-16));
#10450=VECTOR('',#10440,1.);
#10460=LINE('',#10430,#10450);
#10470=CARTESIAN_POINT('',(-31.622828542971,-0.0322549999999868,57.025))
;
#10480=VERTEX_POINT('',#10470);
#10490=EDGE_CURVE('',#10480,#10400,#10460,.T.);
#10500=ORIENTED_EDGE('',*,*,#10490,.T.);
#10510=CARTESIAN_POINT('',(-31.822828542971,-0.0322550000000081,57.025))
;
#10520=DIRECTION('',(1.,6.5481618109166E-33,5.55111512312578E-17));
#10530=VECTOR('',#10520,1.);
#10540=LINE('',#10510,#10530);
#10550=CARTESIAN_POINT('',(-31.872828542971,-0.0322550000000073,57.025))
;
#10560=VERTEX_POINT('',#10550);
#10570=EDGE_CURVE('',#10560,#10480,#10540,.T.);
#10580=ORIENTED_EDGE('',*,*,#10570,.T.);
#10590=CARTESIAN_POINT('',(-31.872828542971,-5.45813999999999,57.025));
#10600=DIRECTION('',(-6.24500451351651E-17,-1.,-5.55111512312578E-16));
#10610=VECTOR('',#10600,1.);
#10620=LINE('',#10590,#10610);
#10630=CARTESIAN_POINT('',(-31.872828542971,-7.03225499999996,57.025));
#10640=VERTEX_POINT('',#10630);
#10650=EDGE_CURVE('',#10560,#10640,#10620,.T.);
#10660=ORIENTED_EDGE('',*,*,#10650,.F.);
#10670=CARTESIAN_POINT('',(-34.462828542971,-7.03225499999996,57.025));
#10680=DIRECTION('',(1.,3.46667389989702E-33,0.));
#10690=VECTOR('',#10680,1.);
#10700=LINE('',#10670,#10690);
#10710=CARTESIAN_POINT('',(-31.672828542971,-7.03225499999996,57.025));
#10720=VERTEX_POINT('',#10710);
#10730=EDGE_CURVE('',#10640,#10720,#10700,.T.);
#10740=ORIENTED_EDGE('',*,*,#10730,.F.);
#10750=CARTESIAN_POINT('',(-31.672828542971,-5.45813999999999,57.025));
#10760=DIRECTION('',(3.46667389989702E-33,-1.,-5.55111512312578E-16));
#10770=VECTOR('',#10760,1.);
#10780=LINE('',#10750,#10770);
#10790=EDGE_CURVE('',#10720,#10360,#10780,.T.);
#10800=ORIENTED_EDGE('',*,*,#10790,.F.);
#10810=EDGE_LOOP('',(#10800,#10740,#10660,#10580,#10500,#10420,#10380));
#10820=FACE_OUTER_BOUND('',#10810,.T.);
#10830=ADVANCED_FACE('',(#10820),#10270,.F.);
#10840=CARTESIAN_POINT('',(-33.872828542971,-1.90725500000002,57.075));
#10850=DIRECTION('',(5.55111512312578E-17,6.2450045135165E-17,-1.));
#10860=DIRECTION('',(1.,-6.2450045135165E-17,5.55111512312578E-17));
#10870=AXIS2_PLACEMENT_3D('',#10840,#10850,#10860);
#10880=PLANE('',#10870);
#10890=CARTESIAN_POINT('',(-35.372828542971,-0.73225499999999,57.075));
#10900=DIRECTION('',(6.2450045135165E-17,1.,6.2450045135165E-17));
#10910=VECTOR('',#10900,1.);
#10920=LINE('',#10890,#10910);
#10930=CARTESIAN_POINT('',(-35.372828542971,-0.73225499999999,57.075));
#10940=VERTEX_POINT('',#10930);
#10950=CARTESIAN_POINT('',(-35.372828542971,0.117744999999992,57.075));
#10960=VERTEX_POINT('',#10950);
#10970=EDGE_CURVE('',#10940,#10960,#10920,.T.);
#10980=ORIENTED_EDGE('',*,*,#10970,.T.);
#10990=CARTESIAN_POINT('',(-35.172828542971,-0.73225499999999,57.075));
#11000=DIRECTION('',(-1.,6.2450045135165E-17,-5.55111512312578E-17));
#11010=VECTOR('',#11000,1.);
#11020=LINE('',#10990,#11010);
#11030=CARTESIAN_POINT('',(-35.172828542971,-0.732254999999994,57.075));
#11040=VERTEX_POINT('',#11030);
#11050=EDGE_CURVE('',#11040,#10940,#11020,.T.);
#11060=ORIENTED_EDGE('',*,*,#11050,.T.);
#11070=CARTESIAN_POINT('',(-35.172828542971,-5.45813999999999,57.075));
#11080=DIRECTION('',(6.2450045135165E-17,1.,6.2450045135165E-17));
#11090=VECTOR('',#11080,1.);
#11100=LINE('',#11070,#11090);
#11110=CARTESIAN_POINT('',(-35.172828542971,0.0177449999999837,57.075));
#11120=VERTEX_POINT('',#11110);
#11130=EDGE_CURVE('',#11040,#11120,#11100,.T.);
#11140=ORIENTED_EDGE('',*,*,#11130,.F.);
#11150=CARTESIAN_POINT('',(-35.072828542971,0.0177449999999926,57.075));
#11160=DIRECTION('',(4.27300548559191E-65,-1.23259516440783E-32,1.));
#11170=DIRECTION('',(3.46667389989702E-33,-1.,-1.23259516440783E-32));
#11180=AXIS2_PLACEMENT_3D('',#11150,#11160,#11170);
#11190=CIRCLE('',#11180,0.1);
#11200=CARTESIAN_POINT('',(-35.072828542971,0.117744999999993,57.075));
#11210=VERTEX_POINT('',#11200);
#11220=EDGE_CURVE('',#11210,#11120,#11190,.T.);
#11230=ORIENTED_EDGE('',*,*,#11220,.T.);
#11240=CARTESIAN_POINT('',(-34.462828542971,0.117744999999992,57.075));
#11250=DIRECTION('',(-1.,-6.5481618109166E-33,-5.55111512312578E-17));
#11260=VECTOR('',#11250,1.);
#11270=LINE('',#11240,#11260);
#11280=EDGE_CURVE('',#11210,#10960,#11270,.T.);
#11290=ORIENTED_EDGE('',*,*,#11280,.F.);
#11300=EDGE_LOOP('',(#11290,#11230,#11140,#11060,#10980));
#11310=FACE_OUTER_BOUND('',#11300,.T.);
#11320=ADVANCED_FACE('',(#11310),#10880,.T.);
#11330=CARTESIAN_POINT('',(-35.922828542971,0.042744999999992,57.1));
#11340=DIRECTION('',(-5.44735249506567E-34,0.707106781186546,
-0.707106781186549));
#11350=DIRECTION('',(-2.4513086227796E-33,0.707106781186549,
0.707106781186546));
#11360=AXIS2_PLACEMENT_3D('',#11330,#11340,#11350);
#11370=PLANE('',#11360);
#11380=CARTESIAN_POINT('',(-41.298713542971,-5.45813999999999,51.599115)
);
#11390=DIRECTION('',(0.577350269189625,0.577350269189627,
0.577350269189625));
#11400=VECTOR('',#11390,1.);
#11410=LINE('',#11380,#11400);
#11420=CARTESIAN_POINT('',(-35.722828542971,0.117744999999992,57.175));
#11430=VERTEX_POINT('',#11420);
#11440=EDGE_CURVE('',#540,#11430,#11410,.T.);
#11450=ORIENTED_EDGE('',*,*,#11440,.F.);
#11460=CARTESIAN_POINT('',(-35.922828542971,0.117744999999992,57.175));
#11470=DIRECTION('',(1.,6.93334779979405E-33,6.16297582203915E-33));
#11480=VECTOR('',#11470,1.);
#11490=LINE('',#11460,#11480);
#11500=EDGE_CURVE('',#8680,#11430,#11490,.T.);
#11510=ORIENTED_EDGE('',*,*,#11500,.T.);
#11520=ORIENTED_EDGE('',*,*,#8690,.F.);
#11530=ORIENTED_EDGE('',*,*,#610,.F.);
#11540=EDGE_LOOP('',(#11530,#11520,#11510,#11450));
#11550=FACE_OUTER_BOUND('',#11540,.T.);
#11560=ADVANCED_FACE('',(#11550),#11370,.T.);
#11570=CARTESIAN_POINT('',(-33.872828542971,-1.90725500000002,57.075));
#11580=DIRECTION('',(5.55111512312578E-17,6.2450045135165E-17,-1.));
#11590=DIRECTION('',(1.,-6.2450045135165E-17,5.55111512312578E-17));
#11600=AXIS2_PLACEMENT_3D('',#11570,#11580,#11590);
#11610=PLANE('',#11600);
#11620=CARTESIAN_POINT('',(-32.672828542971,0.0177449999999926,57.075));
#11630=DIRECTION('',(-4.27300548559191E-65,1.23259516440783E-32,-1.));
#11640=DIRECTION('',(-3.46667389989702E-33,1.,1.23259516440783E-32));
#11650=AXIS2_PLACEMENT_3D('',#11620,#11630,#11640);
#11660=CIRCLE('',#11650,0.1);
#11670=CARTESIAN_POINT('',(-32.672828542971,0.117744999999993,57.075));
#11680=VERTEX_POINT('',#11670);
#11690=CARTESIAN_POINT('',(-32.572828542971,0.0177449999999837,57.075));
#11700=VERTEX_POINT('',#11690);
#11710=EDGE_CURVE('',#11680,#11700,#11660,.T.);
#11720=ORIENTED_EDGE('',*,*,#11710,.F.);
#11730=CARTESIAN_POINT('',(-32.572828542971,-5.45813999999999,57.075));
#11740=DIRECTION('',(-6.2450045135165E-17,-1.,-6.2450045135165E-17));
#11750=VECTOR('',#11740,1.);
#11760=LINE('',#11730,#11750);
#11770=CARTESIAN_POINT('',(-32.572828542971,-0.732254999999994,57.075));
#11780=VERTEX_POINT('',#11770);
#11790=EDGE_CURVE('',#11700,#11780,#11760,.T.);
#11800=ORIENTED_EDGE('',*,*,#11790,.F.);
#11810=CARTESIAN_POINT('',(-32.572828542971,-0.732255000000006,57.075));
#11820=DIRECTION('',(1.,-6.2450045135165E-17,5.55111512312578E-17));
#11830=VECTOR('',#11820,1.);
#11840=LINE('',#11810,#11830);
#11850=CARTESIAN_POINT('',(-32.3728285429711,-0.732255000000005,57.075))
;
#11860=VERTEX_POINT('',#11850);
#11870=EDGE_CURVE('',#11780,#11860,#11840,.T.);
#11880=ORIENTED_EDGE('',*,*,#11870,.F.);
#11890=CARTESIAN_POINT('',(-32.372828542971,-0.732255000000006,57.075));
#11900=DIRECTION('',(6.2450045135165E-17,1.,6.2450045135165E-17));
#11910=VECTOR('',#11900,1.);
#11920=LINE('',#11890,#11910);
#11930=CARTESIAN_POINT('',(-32.3728285429711,0.117744999999992,57.075));
#11940=VERTEX_POINT('',#11930);
#11950=EDGE_CURVE('',#11860,#11940,#11920,.T.);
#11960=ORIENTED_EDGE('',*,*,#11950,.F.);
#11970=CARTESIAN_POINT('',(-34.462828542971,0.117744999999992,57.075));
#11980=DIRECTION('',(-1.,-6.5481618109166E-33,-5.55111512312578E-17));
#11990=VECTOR('',#11980,1.);
#12000=LINE('',#11970,#11990);
#12010=EDGE_CURVE('',#11940,#11680,#12000,.T.);
#12020=ORIENTED_EDGE('',*,*,#12010,.F.);
#12030=EDGE_LOOP('',(#12020,#11960,#11880,#11800,#11720));
#12040=FACE_OUTER_BOUND('',#12030,.T.);
#12050=ADVANCED_FACE('',(#12040),#11610,.T.);
#12060=CARTESIAN_POINT('',(-33.722828542971,-3.10225500000002,59.75));
#12070=DIRECTION('',(1.,-2.26489361459938E-32,3.71125140161025E-47));
#12080=DIRECTION('',(2.26489361459938E-32,1.,-1.4210854715202E-15));
#12090=AXIS2_PLACEMENT_3D('',#12060,#12070,#12080);
#12100=PLANE('',#12090);
#12110=ORIENTED_EDGE('',*,*,#3820,.T.);
#12120=CARTESIAN_POINT('',(-33.722828542971,-9.43225500000001,55.908075)
);
#12130=DIRECTION('',(-9.86076131526265E-32,-5.55111512312578E-16,1.));
#12140=VECTOR('',#12130,1.);
#12150=LINE('',#12120,#12140);
#12160=EDGE_CURVE('',#3710,#1160,#12150,.T.);
#12170=ORIENTED_EDGE('',*,*,#12160,.F.);
#12180=ORIENTED_EDGE('',*,*,#1410,.F.);
#12190=CARTESIAN_POINT('',(-33.722828542971,-0.282255000000015,55.908075
));
#12200=DIRECTION('',(-3.71125140161025E-47,-1.28656983699185E-79,1.));
#12210=VECTOR('',#12200,1.);
#12220=LINE('',#12190,#12210);
#12230=EDGE_CURVE('',#3810,#1340,#12220,.T.);
#12240=ORIENTED_EDGE('',*,*,#12230,.T.);
#12250=EDGE_LOOP('',(#12240,#12180,#12170,#12110));
#12260=FACE_OUTER_BOUND('',#12250,.T.);
#12270=ADVANCED_FACE('',(#12260),#12100,.T.);
#12280=CARTESIAN_POINT('',(-29.312826142971,0.667745000000004,57.025));
#12290=DIRECTION('',(-1.92439059126638E-48,5.55111512312578E-16,1.));
#12300=DIRECTION('',(3.46667389989702E-33,-1.,5.55111512312578E-16));
#12310=AXIS2_PLACEMENT_3D('',#12280,#12290,#12300);
#12320=PLANE('',#12310);
#12330=CARTESIAN_POINT('',(-32.3728285429711,-5.45813999999999,57.025));
#12340=DIRECTION('',(6.24500451351651E-17,1.,-5.55111512312578E-16));
#12350=VECTOR('',#12340,1.);
#12360=LINE('',#12330,#12350);
#12370=CARTESIAN_POINT('',(-32.3728285429711,-9.43225500000001,57.025));
#12380=VERTEX_POINT('',#12370);
#12390=CARTESIAN_POINT('',(-32.3728285429711,-0.732255000000005,57.025))
;
#12400=VERTEX_POINT('',#12390);
#12410=EDGE_CURVE('',#12380,#12400,#12360,.T.);
#12420=ORIENTED_EDGE('',*,*,#12410,.F.);
#12430=CARTESIAN_POINT('',(-34.462828542971,-0.732255000000006,57.025));
#12440=DIRECTION('',(-1.,6.2450045135165E-17,-5.55111512312578E-17));
#12450=VECTOR('',#12440,1.);
#12460=LINE('',#12430,#12450);
#12470=CARTESIAN_POINT('',(-32.5728285429711,-0.732254999999994,57.025))
;
#12480=VERTEX_POINT('',#12470);
#12490=EDGE_CURVE('',#12400,#12480,#12460,.T.);
#12500=ORIENTED_EDGE('',*,*,#12490,.F.);
#12510=CARTESIAN_POINT('',(-32.572828542971,-5.45813999999999,57.025));
#12520=DIRECTION('',(6.2450045135165E-17,1.,1.23259516440783E-32));
#12530=VECTOR('',#12520,1.);
#12540=LINE('',#12510,#12530);
#12550=CARTESIAN_POINT('',(-32.5728285429711,-0.508648202250011,57.025))
;
#12560=VERTEX_POINT('',#12550);
#12570=EDGE_CURVE('',#12480,#12560,#12540,.T.);
#12580=ORIENTED_EDGE('',*,*,#12570,.F.);
#12590=CARTESIAN_POINT('',(-32.672828542971,-0.73225499999999,56.825));
#12600=DIRECTION('',(1.,3.46667389989702E-33,0.));
#12610=DIRECTION('',(0.,0.,1.));
#12620=AXIS2_PLACEMENT_3D('',#12590,#12600,#12610);
#12630=TOROIDAL_SURFACE('',#12620,0.300000000000004,0.1);
#12640=CARTESIAN_POINT('',(-32.672828542971,-0.73225499999999,57.025));
#12650=CARTESIAN_POINT('',(-32.660860496705,-0.715329626655328,57.025));
#12660=CARTESIAN_POINT('',(-32.6488794363005,-0.698388752548214,57.025))
;
#12670=CARTESIAN_POINT('',(-32.6375010566809,-0.681061305665525,57.025))
;
#12680=CARTESIAN_POINT('',(-32.6318115000514,-0.672397023616724,57.025))
;
#12690=CARTESIAN_POINT('',(-32.6262740406943,-0.663638168431226,57.025))
;
#12700=CARTESIAN_POINT('',(-32.6209653166537,-0.654728481966199,57.025))
;
#12710=CARTESIAN_POINT('',(-32.6156570300777,-0.645819529702425,57.025))
;
#12720=CARTESIAN_POINT('',(-32.6105815392846,-0.636765736138343,57.025))
;
#12730=CARTESIAN_POINT('',(-32.6058413117443,-0.62754525034451,57.025));
#12740=CARTESIAN_POINT('',(-32.5963737307052,-0.609129320786209,57.025))
;
#12750=CARTESIAN_POINT('',(-32.5881742418014,-0.589906485182072,57.025))
;
#12760=CARTESIAN_POINT('',(-32.5822974930342,-0.570023359501992,57.025))
;
#12770=CARTESIAN_POINT('',(-32.5793587264349,-0.560080469657305,57.025))
;
#12780=CARTESIAN_POINT('',(-32.5769889743274,-0.549923561952266,57.025))
;
#12790=CARTESIAN_POINT('',(-32.5753574202571,-0.539664008661174,57.025))
;
#12800=CARTESIAN_POINT('',(-32.5745416884524,-0.534534516434216,57.025))
;
#12810=CARTESIAN_POINT('',(-32.5739101875698,-0.529379973742423,57.025))
;
#12820=CARTESIAN_POINT('',(-32.5734823107854,-0.524214865920517,57.025))
;
#12830=CARTESIAN_POINT('',(-32.5730545588156,-0.519051264796442,57.025))
;
#12840=CARTESIAN_POINT('',(-32.572828542971,-0.513851848662169,57.025));
#12850=CARTESIAN_POINT('',(-32.572828542971,-0.508648202250048,57.025));
#12860=B_SPLINE_CURVE_WITH_KNOTS('',3,(#12640,#12650,#12660,#12670,
#12680,#12690,#12700,#12710,#12720,#12730,#12740,#12750,#12760,#12770,
#12780,#12790,#12800,#12810,#12820,#12830,#12840,#12850),.UNSPECIFIED.,
.F.,.F.,(4,3,3,3,3,3,3,4),(0.,0.0622029570126742,0.09329961518022,
0.124411969229636,0.186656762834234,0.217821085481805,0.233387259585199,
0.248972081245995),.UNSPECIFIED.);
#12870=SURFACE_CURVE('',#12860,(#12320,#12630),.CURVE_3D.);
#12880=EDGE_CURVE('',#9930,#12560,#12870,.T.);
#12890=ORIENTED_EDGE('',*,*,#12880,.T.);
#12900=ORIENTED_EDGE('',*,*,#9940,.T.);
#12910=CARTESIAN_POINT('',(-35.072828542971,-0.73225499999999,56.825));
#12920=DIRECTION('',(1.,3.46667389989702E-33,0.));
#12930=DIRECTION('',(0.,0.,1.));
#12940=AXIS2_PLACEMENT_3D('',#12910,#12920,#12930);
#12950=TOROIDAL_SURFACE('',#12940,0.300000000000004,0.1);
#12960=CARTESIAN_POINT('',(-35.172828542971,-0.508648202250034,57.025));
#12970=CARTESIAN_POINT('',(-35.172828542971,-0.513852882800692,57.025));
#12980=CARTESIAN_POINT('',(-35.1726031021182,-0.519041110895831,57.025))
;
#12990=CARTESIAN_POINT('',(-35.1721756098216,-0.524204787143571,57.025))
;
#13000=CARTESIAN_POINT('',(-35.1717477769975,-0.529372576620509,57.025))
;
#13010=CARTESIAN_POINT('',(-35.1711160562987,-0.534530023627868,57.025))
;
#13020=CARTESIAN_POINT('',(-35.1703000274878,-0.539661733491386,57.025))
;
#13030=CARTESIAN_POINT('',(-35.1686678410351,-0.54992596339067,57.025));
#13040=CARTESIAN_POINT('',(-35.1662972524606,-0.560083700965854,57.025))
;
#13050=CARTESIAN_POINT('',(-35.1633606565276,-0.570019760806128,57.025))
;
#13060=CARTESIAN_POINT('',(-35.1574827309069,-0.589907897287241,57.025))
;
#13070=CARTESIAN_POINT('',(-35.149282138804,-0.609131724083877,57.025));
#13080=CARTESIAN_POINT('',(-35.1398156128103,-0.627545564268166,57.025))
;
#13090=CARTESIAN_POINT('',(-35.1350751925331,-0.636766406364616,57.025))
;
#13100=CARTESIAN_POINT('',(-35.1299993932597,-0.645820685150659,57.025))
;
#13110=CARTESIAN_POINT('',(-35.1246911246239,-0.654729563910621,57.025))
;
#13120=CARTESIAN_POINT('',(-35.1193825098784,-0.663639023547217,57.025))
;
#13130=CARTESIAN_POINT('',(-35.1138452454037,-0.67239755416221,57.025));
#13140=CARTESIAN_POINT('',(-35.1081557152933,-0.68106178378799,57.025));
#13150=CARTESIAN_POINT('',(-35.0967774639043,-0.698389011319841,57.025))
;
#13160=CARTESIAN_POINT('',(-35.0847963890941,-0.715329909700433,57.025))
;
#13170=CARTESIAN_POINT('',(-35.072828542971,-0.73225499999999,57.025));
#13180=B_SPLINE_CURVE_WITH_KNOTS('',3,(#12960,#12970,#12980,#12990,
#13000,#13010,#13020,#13030,#13040,#13050,#13060,#13070,#13080,#13090,
#13100,#13110,#13120,#13130,#13140,#13150,#13160,#13170),.UNSPECIFIED.,
.F.,.F.,(4,3,3,3,3,3,3,4),(0.,0.0155747083809065,0.031148692006269,
0.0623115658253283,0.124560464983318,0.155673725496069,0.186769696215299
,0.248972081243172),.UNSPECIFIED.);
#13190=SURFACE_CURVE('',#13180,(#12320,#12950),.CURVE_3D.);
#13200=CARTESIAN_POINT('',(-35.172828542971,-0.508648202250011,57.025));
#13210=VERTEX_POINT('',#13200);
#13220=EDGE_CURVE('',#13210,#9910,#13190,.T.);
#13230=ORIENTED_EDGE('',*,*,#13220,.T.);
#13240=CARTESIAN_POINT('',(-35.172828542971,-5.45813999999999,57.025));
#13250=DIRECTION('',(3.46667389989702E-33,-1.,-1.23259516440783E-32));
#13260=VECTOR('',#13250,1.);
#13270=LINE('',#13240,#13260);
#13280=CARTESIAN_POINT('',(-35.172828542971,-0.73225499999999,57.025));
#13290=VERTEX_POINT('',#13280);
#13300=EDGE_CURVE('',#13210,#13290,#13270,.T.);
#13310=ORIENTED_EDGE('',*,*,#13300,.F.);
#13320=CARTESIAN_POINT('',(-34.462828542971,-0.73225499999999,57.025));
#13330=DIRECTION('',(-1.,6.2450045135165E-17,-5.55111512312578E-17));
#13340=VECTOR('',#13330,1.);
#13350=LINE('',#13320,#13340);
#13360=CARTESIAN_POINT('',(-35.372828542971,-0.732254999999989,57.025));
#13370=VERTEX_POINT('',#13360);
#13380=EDGE_CURVE('',#13290,#13370,#13350,.T.);
#13390=ORIENTED_EDGE('',*,*,#13380,.F.);
#13400=CARTESIAN_POINT('',(-35.372828542971,-5.45813999999999,57.025));
#13410=DIRECTION('',(3.46667389989702E-33,-1.,5.55111512312578E-16));
#13420=VECTOR('',#13410,1.);
#13430=LINE('',#13400,#13420);
#13440=CARTESIAN_POINT('',(-35.372828542971,-9.43225500000001,57.025));
#13450=VERTEX_POINT('',#13440);
#13460=EDGE_CURVE('',#13370,#13450,#13430,.T.);
#13470=ORIENTED_EDGE('',*,*,#13460,.F.);
#13480=CARTESIAN_POINT('',(-34.462828542971,-9.43225500000001,57.025));
#13490=DIRECTION('',(1.,2.19556013660145E-32,-9.57918872097043E-48));
#13500=VECTOR('',#13490,1.);
#13510=LINE('',#13480,#13500);
#13520=EDGE_CURVE('',#13450,#12380,#13510,.T.);
#13530=ORIENTED_EDGE('',*,*,#13520,.F.);
#13540=EDGE_LOOP('',(#13530,#13470,#13390,#13310,#13230,#12900,#12890,
#12580,#12500,#12420));
#13550=FACE_OUTER_BOUND('',#13540,.T.);
#13560=ADVANCED_FACE('',(#13550),#12320,.F.);
#13570=CARTESIAN_POINT('',(-35.722828542971,-5.45813999999999,54.775));
#13580=DIRECTION('',(-3.46667389989702E-33,1.,-5.55111512312578E-16));
#13590=DIRECTION('',(-1.92439059126638E-48,5.55111512312578E-16,1.));
#13600=AXIS2_PLACEMENT_3D('',#13570,#13580,#13590);
#13610=CYLINDRICAL_SURFACE('',#13600,0.35);
#13620=CARTESIAN_POINT('',(-35.722828542971,-5.45813999999999,54.425));
#13630=DIRECTION('',(-3.46667389989702E-33,1.,-5.55111512312578E-16));
#13640=VECTOR('',#13630,1.);
#13650=LINE('',#13620,#13640);
#13660=CARTESIAN_POINT('',(-35.722828542971,-8.48936178118649,54.425));
#13670=VERTEX_POINT('',#13660);
#13680=EDGE_CURVE('',#6570,#13670,#13650,.T.);
#13690=ORIENTED_EDGE('',*,*,#13680,.F.);
#13700=CARTESIAN_POINT('',(-35.722828542971,-8.48936178118649,54.775));
#13710=DIRECTION('',(3.46667389989702E-33,-1.,0.));
#13720=DIRECTION('',(0.,0.,-1.));
#13730=AXIS2_PLACEMENT_3D('',#13700,#13710,#13720);
#13740=CIRCLE('',#13730,0.35);
#13750=CARTESIAN_POINT('',(-36.072828542971,-8.48936178118649,54.775));
#13760=VERTEX_POINT('',#13750);
#13770=EDGE_CURVE('',#13760,#13670,#13740,.T.);
#13780=ORIENTED_EDGE('',*,*,#13770,.T.);
#13790=CARTESIAN_POINT('',(-36.072828542971,-5.45813999999999,54.775));
#13800=DIRECTION('',(3.46667389989702E-33,-1.,5.55111512312578E-16));
#13810=VECTOR('',#13800,1.);
#13820=LINE('',#13790,#13810);
#13830=CARTESIAN_POINT('',(-36.072828542971,-9.33225498878146,54.775));
#13840=VERTEX_POINT('',#13830);
#13850=EDGE_CURVE('',#13760,#13840,#13820,.T.);
#13860=ORIENTED_EDGE('',*,*,#13850,.F.);
#13870=CARTESIAN_POINT('',(-35.722828542971,-9.08225499999997,54.425));
#13880=CARTESIAN_POINT('',(-35.7366706667439,-9.09215047867397,54.425));
#13890=CARTESIAN_POINT('',(-35.7505125955268,-9.1020293232541,
54.425820649165));
#13900=CARTESIAN_POINT('',(-35.7781064252607,-9.12173920163545,
54.4291129379181));
#13910=CARTESIAN_POINT('',(-35.7918457310381,-9.13155299147643,
54.4315863860129));
#13920=CARTESIAN_POINT('',(-35.8191301883185,-9.15104188953391,
54.4382153438597));
#13930=CARTESIAN_POINT('',(-35.832657417342,-9.16070419598359,
54.4423736628963));
#13940=CARTESIAN_POINT('',(-35.8594045069419,-9.17980925998353,
54.4524281486398));
#13950=CARTESIAN_POINT('',(-35.8726034417118,-9.18923707052906,
54.4583298506348));
#13960=CARTESIAN_POINT('',(-35.8962284856314,-9.20611210190026,
54.470732040431));
#13970=CARTESIAN_POINT('',(-35.9067328539823,-9.21361522215585,
54.4769550375461));
#13980=CARTESIAN_POINT('',(-35.9273281857879,-9.22832617344558,
54.4906856360819));
#13990=CARTESIAN_POINT('',(-35.9374017426632,-9.23552157120865,
54.4981979785139));
#14000=CARTESIAN_POINT('',(-35.9569914742932,-9.24951423665862,
54.5145535643446));
#14010=CARTESIAN_POINT('',(-35.9664870431116,-9.25629678582744,
54.5233998588166));
#14020=CARTESIAN_POINT('',(-35.9847724706453,-9.26935780549437,
54.5424862878621));
#14030=CARTESIAN_POINT('',(-35.993535239136,-9.27561692583304,
54.5527303332085));
#14040=CARTESIAN_POINT('',(-36.0135373458857,-9.28990414493996,
54.5791227988793));
#14050=CARTESIAN_POINT('',(-36.0241915367948,-9.29751428130265,
54.5958729781878));
#14060=CARTESIAN_POINT('',(-36.0429851357573,-9.31093828056158,
54.6320809965173));
#14070=CARTESIAN_POINT('',(-36.051009021732,-9.31666962768638,
54.6515101218889));
#14080=CARTESIAN_POINT('',(-36.0599539669678,-9.32305887428339,
54.6805070896673));
#14090=CARTESIAN_POINT('',(-36.062305840743,-9.32473878412281,
54.6893307478563));
#14100=CARTESIAN_POINT('',(-36.0663405675186,-9.32762073181968,
54.7072887110617));
#14110=CARTESIAN_POINT('',(-36.0680158926879,-9.3288173926618,
54.7164147070281));
#14120=CARTESIAN_POINT('',(-36.070646707663,-9.33069654621538,
54.7348768392164));
#14130=CARTESIAN_POINT('',(-36.0715972208505,-9.33137548419963,
54.7442027359053));
#14140=CARTESIAN_POINT('',(-36.0723208864003,-9.33189238816376,
54.75599924062));
#14150=CARTESIAN_POINT('',(-36.0724446049333,-9.33198075854475,
54.7584311721072));
#14160=CARTESIAN_POINT('',(-36.072733222287,-9.33218691379856,
54.7655726848243));
#14170=CARTESIAN_POINT('',(-36.072828542971,-9.33225496748181,
54.7702859776524));
#14180=CARTESIAN_POINT('',(-36.072828542971,-9.33225498878146,54.775));
#14190=B_SPLINE_CURVE_WITH_KNOTS('',3,(#13870,#13880,#13890,#13900,
#13910,#13920,#13930,#13940,#13950,#13960,#13970,#13980,#13990,#14000,
#14010,#14020,#14030,#14040,#14050,#14060,#14070,#14080,#14090,#14100,
#14110,#14120,#14130,#14140,#14150,#14160,#14170,#14180),.UNSPECIFIED.,
.F.,.F.,(4,2,2,2,2,2,2,2,2,2,2,2,2,2,2,4),(0.,0.0510363307350751,
0.102188865107801,0.153553223440416,0.20528773331955,0.248247533261993,
0.291653639993941,0.335543248412157,0.380084950358948,0.44372074807497,
0.508900069526246,0.536734457466058,0.564778855190215,0.592952698619376,
0.600261866371095,0.614404494444588),.UNSPECIFIED.);
#14200=EDGE_CURVE('',#6570,#13840,#14190,.T.);
#14210=ORIENTED_EDGE('',*,*,#14200,.T.);
#14220=EDGE_LOOP('',(#14210,#13860,#13780,#13690));
#14230=FACE_OUTER_BOUND('',#14220,.T.);
#14240=ADVANCED_FACE('',(#14230),#13610,.T.);
#14250=CARTESIAN_POINT('',(-33.872828542971,-9.43225500000002,62.325));
#14260=DIRECTION('',(2.19556013660145E-32,-1.,-5.55111512312578E-16));
#14270=DIRECTION('',(-1.,8.85927774418129E-33,-5.55111512312578E-17));
#14280=AXIS2_PLACEMENT_3D('',#14250,#14260,#14270);
#14290=PLANE('',#14280);
#14300=CARTESIAN_POINT('',(-31.822828542971,-9.43225499999997,55.908075)
);
#14310=DIRECTION('',(1.92439059126638E-48,-5.55111512312578E-16,1.));
#14320=VECTOR('',#14310,1.);
#14330=LINE('',#14300,#14320);
#14340=EDGE_CURVE('',#3730,#1180,#14330,.T.);
#14350=ORIENTED_EDGE('',*,*,#14340,.F.);
#14360=ORIENTED_EDGE('',*,*,#1190,.T.);
#14370=ORIENTED_EDGE('',*,*,#12160,.T.);
#14380=ORIENTED_EDGE('',*,*,#3740,.F.);
#14390=EDGE_LOOP('',(#14380,#14370,#14360,#14350));
#14400=FACE_BOUND('',#14390,.T.);
#14410=CARTESIAN_POINT('',(-35.922828542971,-9.43225499999997,55.908075)
);
#14420=DIRECTION('',(9.86076131526265E-32,5.55111512312578E-16,-1.));
#14430=VECTOR('',#14420,1.);
#14440=LINE('',#14410,#14430);
#14450=CARTESIAN_POINT('',(-35.922828542971,-9.43225500000002,61.05));
#14460=VERTEX_POINT('',#14450);
#14470=CARTESIAN_POINT('',(-35.922828542971,-9.43225500000001,59.45));
#14480=VERTEX_POINT('',#14470);
#14490=EDGE_CURVE('',#14460,#14480,#14440,.T.);
#14500=ORIENTED_EDGE('',*,*,#14490,.F.);
#14510=CARTESIAN_POINT('',(-34.462828542971,-9.43225499999997,59.45));
#14520=DIRECTION('',(-1.,1.50222535662204E-32,-5.55111512312579E-17));
#14530=VECTOR('',#14520,1.);
#14540=LINE('',#14510,#14530);
#14550=CARTESIAN_POINT('',(-34.022828542971,-9.43225500000001,59.45));
#14560=VERTEX_POINT('',#14550);
#14570=EDGE_CURVE('',#14560,#14480,#14540,.T.);
#14580=ORIENTED_EDGE('',*,*,#14570,.T.);
#14590=CARTESIAN_POINT('',(-34.022828542971,-9.43225499999997,55.908075)
);
#14600=DIRECTION('',(1.92439059126638E-48,-5.55111512312578E-16,1.));
#14610=VECTOR('',#14600,1.);
#14620=LINE('',#14590,#14610);
#14630=CARTESIAN_POINT('',(-34.022828542971,-9.43225500000001,61.05));
#14640=VERTEX_POINT('',#14630);
#14650=EDGE_CURVE('',#14560,#14640,#14620,.T.);
#14660=ORIENTED_EDGE('',*,*,#14650,.F.);
#14670=CARTESIAN_POINT('',(-34.462828542971,-9.43225499999998,61.05));
#14680=DIRECTION('',(-1.,-1.30963236218332E-32,3.42113882891801E-48));
#14690=VECTOR('',#14680,1.);
#14700=LINE('',#14670,#14690);
#14710=EDGE_CURVE('',#14640,#14460,#14700,.T.);
#14720=ORIENTED_EDGE('',*,*,#14710,.F.);
#14730=EDGE_LOOP('',(#14720,#14660,#14580,#14500));
#14740=FACE_BOUND('',#14730,.T.);
#14750=CARTESIAN_POINT('',(-35.922828542971,-9.43225499999997,55.908075)
);
#14760=DIRECTION('',(5.55111512312578E-17,5.55111512312578E-16,-1.));
#14770=VECTOR('',#14760,1.);
#14780=LINE('',#14750,#14770);
#14790=CARTESIAN_POINT('',(-35.922828542971,-9.43225500000001,59.05));
#14800=VERTEX_POINT('',#14790);
#14810=CARTESIAN_POINT('',(-35.922828542971,-9.43225500000001,57.45));
#14820=VERTEX_POINT('',#14810);
#14830=EDGE_CURVE('',#14800,#14820,#14780,.T.);
#14840=ORIENTED_EDGE('',*,*,#14830,.F.);
#14850=CARTESIAN_POINT('',(-34.462828542971,-9.43225499999997,57.45));
#14860=DIRECTION('',(1.,-1.50222535662204E-32,5.55111512312579E-17));
#14870=VECTOR('',#14860,1.);
#14880=LINE('',#14850,#14870);
#14890=CARTESIAN_POINT('',(-34.022828542971,-9.43225500000001,57.45));
#14900=VERTEX_POINT('',#14890);
#14910=EDGE_CURVE('',#14820,#14900,#14880,.T.);
#14920=ORIENTED_EDGE('',*,*,#14910,.F.);
#14930=CARTESIAN_POINT('',(-34.022828542971,-9.43225499999997,55.908075)
);
#14940=DIRECTION('',(-1.92439059126638E-48,5.55111512312578E-16,-1.));
#14950=VECTOR('',#14940,1.);
#14960=LINE('',#14930,#14950);
#14970=CARTESIAN_POINT('',(-34.022828542971,-9.43225500000001,59.05));
#14980=VERTEX_POINT('',#14970);
#14990=EDGE_CURVE('',#14980,#14900,#14960,.T.);
#15000=ORIENTED_EDGE('',*,*,#14990,.T.);
#15010=CARTESIAN_POINT('',(-34.462828542971,-9.43225499999997,59.05));
#15020=DIRECTION('',(-1.,-1.30963236218332E-32,3.42113882891801E-48));
#15030=VECTOR('',#15020,1.);
#15040=LINE('',#15010,#15030);
#15050=EDGE_CURVE('',#14980,#14800,#15040,.T.);
#15060=ORIENTED_EDGE('',*,*,#15050,.F.);
#15070=EDGE_LOOP('',(#15060,#15000,#14920,#14840));
#15080=FACE_BOUND('',#15070,.T.);
#15090=CARTESIAN_POINT('',(-33.722828542971,-9.43225500000001,55.908075)
);
#15100=DIRECTION('',(-9.86076131526265E-32,-5.55111512312578E-16,1.));
#15110=VECTOR('',#15100,1.);
#15120=LINE('',#15090,#15110);
#15130=CARTESIAN_POINT('',(-33.722828542971,-9.43225500000001,57.45));
#15140=VERTEX_POINT('',#15130);
#15150=CARTESIAN_POINT('',(-33.722828542971,-9.43225500000001,59.05));
#15160=VERTEX_POINT('',#15150);
#15170=EDGE_CURVE('',#15140,#15160,#15120,.T.);
#15180=ORIENTED_EDGE('',*,*,#15170,.T.);
#15190=CARTESIAN_POINT('',(-34.462828542971,-9.43225499999997,57.45));
#15200=DIRECTION('',(-1.,1.50222535662204E-32,-5.55111512312579E-17));
#15210=VECTOR('',#15200,1.);
#15220=LINE('',#15190,#15210);
#15230=CARTESIAN_POINT('',(-31.822828542971,-9.43225500000001,57.45));
#15240=VERTEX_POINT('',#15230);
#15250=EDGE_CURVE('',#15240,#15140,#15220,.T.);
#15260=ORIENTED_EDGE('',*,*,#15250,.T.);
#15270=CARTESIAN_POINT('',(-31.822828542971,-9.43225499999997,55.908075)
);
#15280=DIRECTION('',(1.92439059126638E-48,-5.55111512312578E-16,1.));
#15290=VECTOR('',#15280,1.);
#15300=LINE('',#15270,#15290);
#15310=CARTESIAN_POINT('',(-31.822828542971,-9.43225500000001,59.05));
#15320=VERTEX_POINT('',#15310);
#15330=EDGE_CURVE('',#15240,#15320,#15300,.T.);
#15340=ORIENTED_EDGE('',*,*,#15330,.F.);
#15350=CARTESIAN_POINT('',(-34.462828542971,-9.43225499999997,59.05));
#15360=DIRECTION('',(1.,1.30963236218332E-32,-3.42113882891801E-48));
#15370=VECTOR('',#15360,1.);
#15380=LINE('',#15350,#15370);
#15390=EDGE_CURVE('',#15160,#15320,#15380,.T.);
#15400=ORIENTED_EDGE('',*,*,#15390,.T.);
#15410=EDGE_LOOP('',(#15400,#15340,#15260,#15180));
#15420=FACE_BOUND('',#15410,.T.);
#15430=ORIENTED_EDGE('',*,*,#4650,.F.);
#15440=CARTESIAN_POINT('',(-31.422828542971,-9.43225500000002,57.25));
#15450=DIRECTION('',(-5.55111512312578E-17,-5.55111512312578E-16,1.));
#15460=VECTOR('',#15450,1.);
#15470=LINE('',#15440,#15460);
#15480=CARTESIAN_POINT('',(-31.422828542971,-9.43225500000001,57.225));
#15490=VERTEX_POINT('',#15480);
#15500=EDGE_CURVE('',#15490,#4530,#15470,.T.);
#15510=ORIENTED_EDGE('',*,*,#15500,.T.);
#15520=CARTESIAN_POINT('',(-31.622828542971,-9.43225500000002,57.225));
#15530=DIRECTION('',(3.46667389989702E-33,-1.,-5.55111512312578E-16));
#15540=DIRECTION('',(-1.92439059126638E-48,5.55111512312578E-16,-1.));
#15550=AXIS2_PLACEMENT_3D('',#15520,#15530,#15540);
#15560=CIRCLE('',#15550,0.2);
#15570=EDGE_CURVE('',#10400,#15490,#15560,.T.);
#15580=ORIENTED_EDGE('',*,*,#15570,.T.);
#15590=ORIENTED_EDGE('',*,*,#10410,.F.);
#15600=CARTESIAN_POINT('',(-31.772828542971,-9.43225499999997,55.908075)
);
#15610=DIRECTION('',(1.92439059126638E-48,-5.55111512312578E-16,1.));
#15620=VECTOR('',#15610,1.);
#15630=LINE('',#15600,#15620);
#15640=CARTESIAN_POINT('',(-31.7728285541895,-9.43225499999997,54.775));
#15650=VERTEX_POINT('',#15640);
#15660=EDGE_CURVE('',#15650,#10340,#15630,.T.);
#15670=ORIENTED_EDGE('',*,*,#15660,.T.);
#15680=CARTESIAN_POINT('',(-34.462828542971,-9.43225499999997,54.775));
#15690=DIRECTION('',(-1.,-1.30963236218332E-32,4.78959436048522E-48));
#15700=VECTOR('',#15690,1.);
#15710=LINE('',#15680,#15700);
#15720=EDGE_CURVE('',#15650,#2810,#15710,.T.);
#15730=ORIENTED_EDGE('',*,*,#15720,.F.);
#15740=CARTESIAN_POINT('',(-32.2728285429711,-9.43225499999997,55.908075
));
#15750=DIRECTION('',(-5.55111512312579E-17,-5.55111512312578E-16,1.));
#15760=VECTOR('',#15750,1.);
#15770=LINE('',#15740,#15760);
#15780=CARTESIAN_POINT('',(-32.2728285429711,-9.43225500000001,
56.9549640035993));
#15790=VERTEX_POINT('',#15780);
#15800=EDGE_CURVE('',#2810,#15790,#15770,.T.);
#15810=ORIENTED_EDGE('',*,*,#15800,.F.);
#15820=CARTESIAN_POINT('',(-34.462828542971,-9.43225500000001,
56.9549640035993));
#15830=DIRECTION('',(-1.,-2.19556013660145E-32,3.00445071324419E-34));
#15840=VECTOR('',#15830,1.);
#15850=LINE('',#15820,#15840);
#15860=CARTESIAN_POINT('',(-32.3728285429711,-9.43225500000001,
56.9549640035993));
#15870=VERTEX_POINT('',#15860);
#15880=EDGE_CURVE('',#15790,#15870,#15850,.T.);
#15890=ORIENTED_EDGE('',*,*,#15880,.F.);
#15900=CARTESIAN_POINT('',(-32.3728285429711,-9.43225500000001,55.908075
));
#15910=DIRECTION('',(-5.55111512312579E-17,-5.55111512312578E-16,1.));
#15920=VECTOR('',#15910,1.);
#15930=LINE('',#15900,#15920);
#15940=EDGE_CURVE('',#15870,#12380,#15930,.T.);
#15950=ORIENTED_EDGE('',*,*,#15940,.F.);
#15960=ORIENTED_EDGE('',*,*,#13520,.T.);
#15970=CARTESIAN_POINT('',(-35.372828542971,-9.43225500000001,55.908075)
);
#15980=DIRECTION('',(1.92439059126638E-48,-5.55111512312578E-16,1.));
#15990=VECTOR('',#15980,1.);
#16000=LINE('',#15970,#15990);
#16010=CARTESIAN_POINT('',(-35.372828542971,-9.43225500000001,
56.9549640035993));
#16020=VERTEX_POINT('',#16010);
#16030=EDGE_CURVE('',#16020,#13450,#16000,.T.);
#16040=ORIENTED_EDGE('',*,*,#16030,.T.);
#16050=CARTESIAN_POINT('',(-35.472828542971,-9.43225500000001,
56.9549640035993));
#16060=VERTEX_POINT('',#16050);
#16070=EDGE_CURVE('',#16020,#16060,#15850,.T.);
#16080=ORIENTED_EDGE('',*,*,#16070,.F.);
#16090=CARTESIAN_POINT('',(-35.472828542971,-9.43225499999997,55.908075)
);
#16100=DIRECTION('',(-1.92439059126638E-48,5.55111512312578E-16,-1.));
#16110=VECTOR('',#16100,1.);
#16120=LINE('',#16090,#16110);
#16130=EDGE_CURVE('',#16060,#6200,#16120,.T.);
#16140=ORIENTED_EDGE('',*,*,#16130,.F.);
#16150=CARTESIAN_POINT('',(-34.462828542971,-9.43225499999997,54.775));
#16160=DIRECTION('',(1.,1.30963236218332E-32,-4.78959436048522E-48));
#16170=VECTOR('',#16160,1.);
#16180=LINE('',#16150,#16170);
#16190=CARTESIAN_POINT('',(-35.9728285317525,-9.43225499999997,54.775));
#16200=VERTEX_POINT('',#16190);
#16210=EDGE_CURVE('',#16200,#6200,#16180,.T.);
#16220=ORIENTED_EDGE('',*,*,#16210,.T.);
#16230=CARTESIAN_POINT('',(-35.972828542971,-9.43225499999997,55.908075)
);
#16240=DIRECTION('',(1.92439059126638E-48,-5.55111512312578E-16,1.));
#16250=VECTOR('',#16240,1.);
#16260=LINE('',#16230,#16250);
#16270=EDGE_CURVE('',#16200,#210,#16260,.T.);
#16280=ORIENTED_EDGE('',*,*,#16270,.F.);
#16290=ORIENTED_EDGE('',*,*,#220,.F.);
#16300=CARTESIAN_POINT('',(-36.122828542971,-9.43225500000002,57.225));
#16310=DIRECTION('',(-3.46667389989702E-33,1.,-5.55111512312578E-16));
#16320=DIRECTION('',(-1.92439059126638E-48,5.55111512312578E-16,1.));
#16330=AXIS2_PLACEMENT_3D('',#16300,#16310,#16320);
#16340=CIRCLE('',#16330,0.2);
#16350=CARTESIAN_POINT('',(-36.322828542971,-9.43225500000001,57.225));
#16360=VERTEX_POINT('',#16350);
#16370=EDGE_CURVE('',#110,#16360,#16340,.T.);
#16380=ORIENTED_EDGE('',*,*,#16370,.F.);
#16390=CARTESIAN_POINT('',(-36.322828542971,-9.43225500000002,57.25));
#16400=DIRECTION('',(-5.55111512312578E-17,-5.55111512312578E-16,1.));
#16410=VECTOR('',#16400,1.);
#16420=LINE('',#16390,#16410);
#16430=EDGE_CURVE('',#16360,#7170,#16420,.T.);
#16440=ORIENTED_EDGE('',*,*,#16430,.F.);
#16450=ORIENTED_EDGE('',*,*,#7180,.T.);
#16460=CARTESIAN_POINT('',(-30.3449799041861,-9.43225500000002,61.475));
#16470=DIRECTION('',(-1.,-1.26101684160927E-16,-5.55111512312579E-17));
#16480=VECTOR('',#16470,1.);
#16490=LINE('',#16460,#16480);
#16500=EDGE_CURVE('',#4640,#7080,#16490,.T.);
#16510=ORIENTED_EDGE('',*,*,#16500,.T.);
#16520=EDGE_LOOP('',(#16510,#16450,#16440,#16380,#16290,#16280,#16220,
#16140,#16080,#16040,#15960,#15950,#15890,#15810,#15730,#15670,#15590,
#15580,#15510,#15430));
#16530=FACE_OUTER_BOUND('',#16520,.T.);
#16540=ADVANCED_FACE('',(#14400,#14740,#15080,#15420,#16530),#14290,.T.)
;
#16550=CARTESIAN_POINT('',(-35.797828542971,-3.53225499999995,55.75));
#16560=DIRECTION('',(-0.707106781186548,8.83177008009623E-17,
-0.707106781186548));
#16570=DIRECTION('',(-0.707106781186547,-2.4513086227796E-33,
0.707106781186547));
#16580=AXIS2_PLACEMENT_3D('',#16550,#16560,#16570);
#16590=PLANE('',#16580);
#16600=CARTESIAN_POINT('',(-35.955903542971,0.200819999999954,55.908075)
);
#16610=DIRECTION('',(-0.57735026918965,0.577350269189577,
0.57735026918965));
#16620=VECTOR('',#16610,1.);
#16630=LINE('',#16600,#16620);
#16640=CARTESIAN_POINT('',(-35.797828542971,0.0427450000000027,55.75));
#16650=VERTEX_POINT('',#16640);
#16660=EDGE_CURVE('',#9600,#16650,#16630,.T.);
#16670=ORIENTED_EDGE('',*,*,#16660,.F.);
#16680=CARTESIAN_POINT('',(-41.298713542971,-5.45813999999999,61.250885)
);
#16690=DIRECTION('',(-0.577350269189625,-0.577350269189627,
0.577350269189625));
#16700=VECTOR('',#16690,1.);
#16710=LINE('',#16680,#16700);
#16720=CARTESIAN_POINT('',(-35.872828542971,-0.0322550000000073,55.825))
;
#16730=VERTEX_POINT('',#16720);
#16740=EDGE_CURVE('',#16650,#16730,#16710,.T.);
#16750=ORIENTED_EDGE('',*,*,#16740,.F.);
#16760=CARTESIAN_POINT('',(-35.872828542971,-3.53225499999999,55.825));
#16770=DIRECTION('',(6.2450045135165E-17,1.,6.2450045135165E-17));
#16780=VECTOR('',#16770,1.);
#16790=LINE('',#16760,#16780);
#16800=CARTESIAN_POINT('',(-35.872828542971,-7.03225499999996,55.825));
#16810=VERTEX_POINT('',#16800);
#16820=EDGE_CURVE('',#16810,#16730,#16790,.T.);
#16830=ORIENTED_EDGE('',*,*,#16820,.T.);
#16840=CARTESIAN_POINT('',(-34.462828542971,-7.03225499999996,54.415));
#16850=DIRECTION('',(-0.707106781186548,3.88578058618805E-16,
0.707106781186548));
#16860=VECTOR('',#16850,1.);
#16870=LINE('',#16840,#16860);
#16880=EDGE_CURVE('',#9680,#16810,#16870,.T.);
#16890=ORIENTED_EDGE('',*,*,#16880,.T.);
#16900=ORIENTED_EDGE('',*,*,#9690,.F.);
#16910=EDGE_LOOP('',(#16900,#16890,#16830,#16750,#16670));
#16920=FACE_OUTER_BOUND('',#16910,.T.);
#16930=ADVANCED_FACE('',(#16920),#16590,.T.);
#16940=CARTESIAN_POINT('',(-35.302830942971,-4.26720834910829,
55.4909425902909));
#16950=DIRECTION('',(-3.75387766903263E-18,-0.0601100873651547,
0.998191753821356));
#16960=DIRECTION('',(6.23371200796932E-17,0.998191753821356,
0.0601100873651547));
#16970=AXIS2_PLACEMENT_3D('',#16940,#16950,#16960);
#16980=PLANE('',#16970);
#16990=CARTESIAN_POINT('',(-38.132830942971,-4.27225500000001,
55.4906386861314));
#17000=DIRECTION('',(1.,-2.11852293882596E-32,5.55111512312578E-17));
#17010=VECTOR('',#17000,1.);
#17020=LINE('',#16990,#17010);
#17030=CARTESIAN_POINT('',(-34.322828542971,-4.27225500000001,
55.4906386861314));
#17040=VERTEX_POINT('',#17030);
#17050=CARTESIAN_POINT('',(-33.422828542971,-4.27225500000001,
55.4906386861314));
#17060=VERTEX_POINT('',#17050);
#17070=EDGE_CURVE('',#17040,#17060,#17020,.T.);
#17080=ORIENTED_EDGE('',*,*,#17070,.F.);
#17090=CARTESIAN_POINT('',(-33.422828542971,-5.45813999999999,
55.4192259032846));
#17100=DIRECTION('',(1.24674240159386E-16,0.998191753821356,
0.0601100873651546));
#17110=VECTOR('',#17100,1.);
#17120=LINE('',#17090,#17110);
#17130=EDGE_CURVE('',#7500,#17060,#17120,.T.);
#17140=ORIENTED_EDGE('',*,*,#17130,.T.);
#17150=ORIENTED_EDGE('',*,*,#7730,.T.);
#17160=CARTESIAN_POINT('',(-34.322828542971,-5.45813999999999,
55.4192259032846));
#17170=DIRECTION('',(9.25073233289083E-33,0.998191753821356,
0.0601100873651546));
#17180=VECTOR('',#17170,1.);
#17190=LINE('',#17160,#17180);
#17200=EDGE_CURVE('',#7660,#17040,#17190,.T.);
#17210=ORIENTED_EDGE('',*,*,#17200,.F.);
#17220=EDGE_LOOP('',(#17210,#17150,#17140,#17080));
#17230=FACE_BOUND('',#17220,.T.);
#17240=ORIENTED_EDGE('',*,*,#9350,.F.);
#17250=CARTESIAN_POINT('',(-35.346830942971,-0.540177938844398,
55.7153805529528));
#17260=DIRECTION('',(1.,-6.2450045135165E-17,6.16297582203915E-33));
#17270=VECTOR('',#17260,1.);
#17280=LINE('',#17250,#17270);
#17290=CARTESIAN_POINT('',(-35.072828542971,-0.540177938844396,
55.7153805529528));
#17300=VERTEX_POINT('',#17290);
#17310=EDGE_CURVE('',#17300,#9280,#17280,.T.);
#17320=ORIENTED_EDGE('',*,*,#17310,.T.);
#17330=CARTESIAN_POINT('',(-35.072828542971,-5.45212899126348,
55.4195878800881));
#17340=DIRECTION('',(6.24500451351651E-17,0.998191753821356,
0.0601100873651547));
#17350=VECTOR('',#17340,1.);
#17360=LINE('',#17330,#17350);
#17370=CARTESIAN_POINT('',(-35.072828542971,-7.03225499999996,
55.3244343065693));
#17380=VERTEX_POINT('',#17370);
#17390=EDGE_CURVE('',#17380,#17300,#17360,.T.);
#17400=ORIENTED_EDGE('',*,*,#17390,.T.);
#17410=CARTESIAN_POINT('',(-33.440328542971,-7.03225499999994,
55.3244343065694));
#17420=DIRECTION('',(1.,1.76889788998326E-15,6.46913702697309E-15));
#17430=VECTOR('',#17420,1.);
#17440=LINE('',#17410,#17430);
#17450=EDGE_CURVE('',#17380,#9110,#17440,.T.);
#17460=ORIENTED_EDGE('',*,*,#17450,.F.);
#17470=EDGE_LOOP('',(#17460,#17400,#17320,#17240));
#17480=FACE_OUTER_BOUND('',#17470,.T.);
#17490=ADVANCED_FACE('',(#17230,#17480),#16980,.F.);
#17500=CARTESIAN_POINT('',(-31.622828542971,-5.45813999999999,57.225));
#17510=DIRECTION('',(3.46667389989702E-33,-1.,-5.55111512312578E-16));
#17520=DIRECTION('',(-1.92439059126638E-48,5.55111512312578E-16,-1.));
#17530=AXIS2_PLACEMENT_3D('',#17500,#17510,#17520);
#17540=CYLINDRICAL_SURFACE('',#17530,0.2);
#17550=ORIENTED_EDGE('',*,*,#10490,.F.);
#17560=ORIENTED_EDGE('',*,*,#15570,.F.);
#17570=CARTESIAN_POINT('',(-31.422828542971,-5.45813999999999,57.225));
#17580=DIRECTION('',(3.46667389989702E-33,-1.,-5.55111512312578E-16));
#17590=VECTOR('',#17580,1.);
#17600=LINE('',#17570,#17590);
#17610=CARTESIAN_POINT('',(-31.422828542971,-0.0322550000000081,57.225))
;
#17620=VERTEX_POINT('',#17610);
#17630=EDGE_CURVE('',#17620,#15490,#17600,.T.);
#17640=ORIENTED_EDGE('',*,*,#17630,.T.);
#17650=CARTESIAN_POINT('',(-31.622828542971,-0.0322550000000081,57.225))
;
#17660=DIRECTION('',(3.46667389989702E-33,-1.,-5.55111512312578E-16));
#17670=DIRECTION('',(-1.92439059126638E-48,5.55111512312578E-16,-1.));
#17680=AXIS2_PLACEMENT_3D('',#17650,#17660,#17670);
#17690=CIRCLE('',#17680,0.2);
#17700=EDGE_CURVE('',#10480,#17620,#17690,.T.);
#17710=ORIENTED_EDGE('',*,*,#17700,.T.);
#17720=EDGE_LOOP('',(#17710,#17640,#17560,#17550));
#17730=FACE_OUTER_BOUND('',#17720,.T.);
#17740=ADVANCED_FACE('',(#17730),#17540,.T.);
#17750=CARTESIAN_POINT('',(-34.972828542971,0.117744999999992,
56.1481183303594));
#17760=DIRECTION('',(-6.93334779979405E-33,1.,1.23259516440783E-32));
#17770=DIRECTION('',(-4.27300548559191E-65,1.23259516440783E-32,-1.));
#17780=AXIS2_PLACEMENT_3D('',#17750,#17760,#17770);
#17790=PLANE('',#17780);
#17800=CARTESIAN_POINT('',(-34.462828542971,0.117744999999992,59.83));
#17810=DIRECTION('',(1.,6.93334779979405E-33,4.10536659470161E-48));
#17820=VECTOR('',#17810,1.);
#17830=LINE('',#17800,#17820);
#17840=CARTESIAN_POINT('',(-32.9178285429711,0.117744999999992,59.83));
#17850=VERTEX_POINT('',#17840);
#17860=CARTESIAN_POINT('',(-32.117828542971,0.117744999999992,59.83));
#17870=VERTEX_POINT('',#17860);
#17880=EDGE_CURVE('',#17850,#17870,#17830,.T.);
#17890=ORIENTED_EDGE('',*,*,#17880,.T.);
#17900=CARTESIAN_POINT('',(-32.9178285429711,0.117744999999992,55.908075
));
#17910=DIRECTION('',(4.27300548559191E-65,-1.23259516440783E-32,1.));
#17920=VECTOR('',#17910,1.);
#17930=LINE('',#17900,#17920);
#17940=CARTESIAN_POINT('',(-32.9178285429711,0.117744999999992,60.67));
#17950=VERTEX_POINT('',#17940);
#17960=EDGE_CURVE('',#17850,#17950,#17930,.T.);
#17970=ORIENTED_EDGE('',*,*,#17960,.F.);
#17980=CARTESIAN_POINT('',(-34.462828542971,0.117744999999992,60.67));
#17990=DIRECTION('',(-1.,-6.93334779979405E-33,0.));
#18000=VECTOR('',#17990,1.);
#18010=LINE('',#17980,#18000);
#18020=CARTESIAN_POINT('',(-32.117828542971,0.117744999999992,60.67));
#18030=VERTEX_POINT('',#18020);
#18040=EDGE_CURVE('',#18030,#17950,#18010,.T.);
#18050=ORIENTED_EDGE('',*,*,#18040,.T.);
#18060=CARTESIAN_POINT('',(-32.117828542971,0.117744999999992,55.908075)
);
#18070=DIRECTION('',(4.27300548559191E-65,-1.23259516440783E-32,1.));
#18080=VECTOR('',#18070,1.);
#18090=LINE('',#18060,#18080);
#18100=EDGE_CURVE('',#17870,#18030,#18090,.T.);
#18110=ORIENTED_EDGE('',*,*,#18100,.T.);
#18120=EDGE_LOOP('',(#18110,#18050,#17970,#17890));
#18130=FACE_BOUND('',#18120,.T.);
#18140=CARTESIAN_POINT('',(-34.462828542971,0.117744999999992,58.67));
#18150=DIRECTION('',(-1.,-6.93334779979405E-33,0.));
#18160=VECTOR('',#18150,1.);
#18170=LINE('',#18140,#18160);
#18180=CARTESIAN_POINT('',(-34.317828542971,0.117744999999992,58.67));
#18190=VERTEX_POINT('',#18180);
#18200=CARTESIAN_POINT('',(-35.117828542971,0.117744999999992,58.67));
#18210=VERTEX_POINT('',#18200);
#18220=EDGE_CURVE('',#18190,#18210,#18170,.T.);
#18230=ORIENTED_EDGE('',*,*,#18220,.T.);
#18240=CARTESIAN_POINT('',(-34.317828542971,0.117744999999992,55.908075)
);
#18250=DIRECTION('',(-4.27300548559191E-65,1.23259516440783E-32,-1.));
#18260=VECTOR('',#18250,1.);
#18270=LINE('',#18240,#18260);
#18280=CARTESIAN_POINT('',(-34.317828542971,0.117744999999992,57.83));
#18290=VERTEX_POINT('',#18280);
#18300=EDGE_CURVE('',#18190,#18290,#18270,.T.);
#18310=ORIENTED_EDGE('',*,*,#18300,.F.);
#18320=CARTESIAN_POINT('',(-34.462828542971,0.117744999999992,57.83));
#18330=DIRECTION('',(-1.,-6.93334779979405E-33,-4.10536659470161E-48));
#18340=VECTOR('',#18330,1.);
#18350=LINE('',#18320,#18340);
#18360=CARTESIAN_POINT('',(-35.117828542971,0.117744999999992,57.83));
#18370=VERTEX_POINT('',#18360);
#18380=EDGE_CURVE('',#18290,#18370,#18350,.T.);
#18390=ORIENTED_EDGE('',*,*,#18380,.F.);
#18400=CARTESIAN_POINT('',(-35.117828542971,0.117744999999992,55.908075)
);
#18410=DIRECTION('',(4.27300548559191E-65,-1.23259516440783E-32,1.));
#18420=VECTOR('',#18410,1.);
#18430=LINE('',#18400,#18420);
#18440=EDGE_CURVE('',#18370,#18210,#18430,.T.);
#18450=ORIENTED_EDGE('',*,*,#18440,.F.);
#18460=EDGE_LOOP('',(#18450,#18390,#18310,#18230));
#18470=FACE_BOUND('',#18460,.T.);
#18480=CARTESIAN_POINT('',(-32.117828542971,0.117744999999992,55.908075)
);
#18490=DIRECTION('',(-4.27300548559191E-65,1.23259516440783E-32,-1.));
#18500=VECTOR('',#18490,1.);
#18510=LINE('',#18480,#18500);
#18520=CARTESIAN_POINT('',(-32.117828542971,0.117744999999992,58.67));
#18530=VERTEX_POINT('',#18520);
#18540=CARTESIAN_POINT('',(-32.117828542971,0.117744999999992,57.83));
#18550=VERTEX_POINT('',#18540);
#18560=EDGE_CURVE('',#18530,#18550,#18510,.T.);
#18570=ORIENTED_EDGE('',*,*,#18560,.F.);
#18580=CARTESIAN_POINT('',(-34.462828542971,0.117744999999992,57.83));
#18590=DIRECTION('',(-1.,-6.93334779979405E-33,-4.10536659470161E-48));
#18600=VECTOR('',#18590,1.);
#18610=LINE('',#18580,#18600);
#18620=CARTESIAN_POINT('',(-32.9178285429711,0.117744999999992,57.83));
#18630=VERTEX_POINT('',#18620);
#18640=EDGE_CURVE('',#18550,#18630,#18610,.T.);
#18650=ORIENTED_EDGE('',*,*,#18640,.F.);
#18660=CARTESIAN_POINT('',(-32.9178285429711,0.117744999999992,55.908075
));
#18670=DIRECTION('',(4.27300548559191E-65,-1.23259516440783E-32,1.));
#18680=VECTOR('',#18670,1.);
#18690=LINE('',#18660,#18680);
#18700=CARTESIAN_POINT('',(-32.9178285429711,0.117744999999992,58.67));
#18710=VERTEX_POINT('',#18700);
#18720=EDGE_CURVE('',#18630,#18710,#18690,.T.);
#18730=ORIENTED_EDGE('',*,*,#18720,.F.);
#18740=CARTESIAN_POINT('',(-34.462828542971,0.117744999999992,58.67));
#18750=DIRECTION('',(-1.,-6.93334779979405E-33,0.));
#18760=VECTOR('',#18750,1.);
#18770=LINE('',#18740,#18760);
#18780=EDGE_CURVE('',#18530,#18710,#18770,.T.);
#18790=ORIENTED_EDGE('',*,*,#18780,.T.);
#18800=EDGE_LOOP('',(#18790,#18730,#18650,#18570));
#18810=FACE_BOUND('',#18800,.T.);
#18820=CARTESIAN_POINT('',(-34.317828542971,0.117744999999992,55.908075)
);
#18830=DIRECTION('',(-4.27300548559191E-65,1.23259516440783E-32,-1.));
#18840=VECTOR('',#18830,1.);
#18850=LINE('',#18820,#18840);
#18860=CARTESIAN_POINT('',(-34.317828542971,0.117744999999992,60.67));
#18870=VERTEX_POINT('',#18860);
#18880=CARTESIAN_POINT('',(-34.317828542971,0.117744999999992,59.83));
#18890=VERTEX_POINT('',#18880);
#18900=EDGE_CURVE('',#18870,#18890,#18850,.T.);
#18910=ORIENTED_EDGE('',*,*,#18900,.F.);
#18920=CARTESIAN_POINT('',(-34.462828542971,0.117744999999992,59.83));
#18930=DIRECTION('',(1.,6.93334779979405E-33,4.10536659470161E-48));
#18940=VECTOR('',#18930,1.);
#18950=LINE('',#18920,#18940);
#18960=CARTESIAN_POINT('',(-35.117828542971,0.117744999999992,59.83));
#18970=VERTEX_POINT('',#18960);
#18980=EDGE_CURVE('',#18970,#18890,#18950,.T.);
#18990=ORIENTED_EDGE('',*,*,#18980,.T.);
#19000=CARTESIAN_POINT('',(-35.117828542971,0.117744999999992,55.908075)
);
#19010=DIRECTION('',(4.27300548559191E-65,-1.23259516440783E-32,1.));
#19020=VECTOR('',#19010,1.);
#19030=LINE('',#19000,#19020);
#19040=CARTESIAN_POINT('',(-35.117828542971,0.117744999999992,60.67));
#19050=VERTEX_POINT('',#19040);
#19060=EDGE_CURVE('',#18970,#19050,#19030,.T.);
#19070=ORIENTED_EDGE('',*,*,#19060,.F.);
#19080=CARTESIAN_POINT('',(-34.462828542971,0.117744999999992,60.67));
#19090=DIRECTION('',(-1.,-6.93334779979405E-33,0.));
#19100=VECTOR('',#19090,1.);
#19110=LINE('',#19080,#19100);
#19120=EDGE_CURVE('',#18870,#19050,#19110,.T.);
#19130=ORIENTED_EDGE('',*,*,#19120,.T.);
#19140=EDGE_LOOP('',(#19130,#19070,#18990,#18910));
#19150=FACE_BOUND('',#19140,.T.);
#19160=CARTESIAN_POINT('',(-35.822828542971,0.117744999999992,60.975));
#19170=DIRECTION('',(3.46667389989702E-33,-1.,-5.55111512312578E-16));
#19180=DIRECTION('',(-1.92439059126638E-48,5.55111512312578E-16,-1.));
#19190=AXIS2_PLACEMENT_3D('',#19160,#19170,#19180);
#19200=CIRCLE('',#19190,0.35);
#19210=CARTESIAN_POINT('',(-36.172828542971,0.117744999999992,60.975));
#19220=VERTEX_POINT('',#19210);
#19230=EDGE_CURVE('',#760,#19220,#19200,.T.);
#19240=ORIENTED_EDGE('',*,*,#19230,.F.);
#19250=CARTESIAN_POINT('',(-36.172828542971,0.117744999999992,59.1));
#19260=DIRECTION('',(-4.27300548559191E-65,1.23259516440783E-32,-1.));
#19270=VECTOR('',#19260,1.);
#19280=LINE('',#19250,#19270);
#19290=EDGE_CURVE('',#19220,#8770,#19280,.T.);
#19300=ORIENTED_EDGE('',*,*,#19290,.F.);
#19310=ORIENTED_EDGE('',*,*,#8780,.T.);
#19320=ORIENTED_EDGE('',*,*,#11500,.F.);
#19330=CARTESIAN_POINT('',(-35.722828542971,0.117744999999992,55.908075)
);
#19340=DIRECTION('',(-4.27300548559191E-65,1.23259516440783E-32,-1.));
#19350=VECTOR('',#19340,1.);
#19360=LINE('',#19330,#19350);
#19370=CARTESIAN_POINT('',(-35.722828542971,0.117744999999992,55.825));
#19380=VERTEX_POINT('',#19370);
#19390=EDGE_CURVE('',#11430,#19380,#19360,.T.);
#19400=ORIENTED_EDGE('',*,*,#19390,.F.);
#19410=CARTESIAN_POINT('',(-34.462828542971,0.117744999999993,55.825));
#19420=DIRECTION('',(1.,3.46667389989702E-33,1.17961196366431E-16));
#19430=VECTOR('',#19420,1.);
#19440=LINE('',#19410,#19430);
#19450=CARTESIAN_POINT('',(-35.372828542971,0.117744999999992,55.825));
#19460=VERTEX_POINT('',#19450);
#19470=EDGE_CURVE('',#19380,#19460,#19440,.T.);
#19480=ORIENTED_EDGE('',*,*,#19470,.F.);
#19490=CARTESIAN_POINT('',(-35.372828542971,0.117745000000012,55.675));
#19500=DIRECTION('',(-5.55111512312578E-17,-6.2450045135165E-17,1.));
#19510=VECTOR('',#19500,1.);
#19520=LINE('',#19490,#19510);
#19530=EDGE_CURVE('',#19460,#10960,#19520,.T.);
#19540=ORIENTED_EDGE('',*,*,#19530,.F.);
#19550=ORIENTED_EDGE('',*,*,#11280,.T.);
#19560=CARTESIAN_POINT('',(-35.072828542971,0.117744999999993,55.908075)
);
#19570=DIRECTION('',(4.27300548559191E-65,-1.23259516440783E-32,1.));
#19580=VECTOR('',#19570,1.);
#19590=LINE('',#19560,#19580);
#19600=CARTESIAN_POINT('',(-35.072828542971,0.117744999999993,
56.4141147806277));
#19610=VERTEX_POINT('',#19600);
#19620=EDGE_CURVE('',#19610,#11210,#19590,.T.);
#19630=ORIENTED_EDGE('',*,*,#19620,.T.);
#19640=CARTESIAN_POINT('',(-32.398826142971,0.117744999999994,
56.4141147806277));
#19650=DIRECTION('',(-1.,6.2450045135165E-17,6.16297582203915E-33));
#19660=VECTOR('',#19650,1.);
#19670=LINE('',#19640,#19660);
#19680=CARTESIAN_POINT('',(-32.672828542971,0.117744999999993,
56.4141147806277));
#19690=VERTEX_POINT('',#19680);
#19700=EDGE_CURVE('',#19690,#19610,#19670,.T.);
#19710=ORIENTED_EDGE('',*,*,#19700,.T.);
#19720=CARTESIAN_POINT('',(-32.672828542971,0.117744999999993,55.908075)
);
#19730=DIRECTION('',(-6.16297582203915E-33,-2.46519032881566E-32,1.));
#19740=VECTOR('',#19730,1.);
#19750=LINE('',#19720,#19740);
#19760=EDGE_CURVE('',#19690,#11680,#19750,.T.);
#19770=ORIENTED_EDGE('',*,*,#19760,.F.);
#19780=ORIENTED_EDGE('',*,*,#12010,.T.);
#19790=CARTESIAN_POINT('',(-32.372828542971,0.117744999999994,55.675));
#19800=DIRECTION('',(-5.55111512312578E-17,-6.2450045135165E-17,1.));
#19810=VECTOR('',#19800,1.);
#19820=LINE('',#19790,#19810);
#19830=CARTESIAN_POINT('',(-32.3728285429711,0.117744999999993,55.825));
#19840=VERTEX_POINT('',#19830);
#19850=EDGE_CURVE('',#19840,#11940,#19820,.T.);
#19860=ORIENTED_EDGE('',*,*,#19850,.T.);
#19870=CARTESIAN_POINT('',(-34.462828542971,0.117744999999993,55.825));
#19880=DIRECTION('',(1.,3.46667389989702E-33,1.17961196366435E-16));
#19890=VECTOR('',#19880,1.);
#19900=LINE('',#19870,#19890);
#19910=CARTESIAN_POINT('',(-32.022828542971,0.117744999999992,55.825));
#19920=VERTEX_POINT('',#19910);
#19930=EDGE_CURVE('',#19840,#19920,#19900,.T.);
#19940=ORIENTED_EDGE('',*,*,#19930,.F.);
#19950=CARTESIAN_POINT('',(-32.022828542971,0.117744999999992,55.908075)
);
#19960=DIRECTION('',(-5.55111512312578E-17,-1.30736459881579E-32,1.));
#19970=VECTOR('',#19960,1.);
#19980=LINE('',#19950,#19970);
#19990=CARTESIAN_POINT('',(-32.022828542971,0.117744999999992,57.175));
#20000=VERTEX_POINT('',#19990);
#20010=EDGE_CURVE('',#19920,#20000,#19980,.T.);
#20020=ORIENTED_EDGE('',*,*,#20010,.F.);
#20030=CARTESIAN_POINT('',(-31.822828542971,0.117744999999992,57.175));
#20040=DIRECTION('',(1.,6.5481618109166E-33,5.55111512312578E-17));
#20050=VECTOR('',#20040,1.);
#20060=LINE('',#20030,#20050);
#20070=CARTESIAN_POINT('',(-31.622828542971,0.117744999999994,57.175));
#20080=VERTEX_POINT('',#20070);
#20090=EDGE_CURVE('',#20000,#20080,#20060,.T.);
#20100=ORIENTED_EDGE('',*,*,#20090,.F.);
#20110=CARTESIAN_POINT('',(-31.622828542971,0.117744999999992,57.225));
#20120=DIRECTION('',(3.46667389989702E-33,-1.,-5.55111512312578E-16));
#20130=DIRECTION('',(-1.92439059126638E-48,5.55111512312578E-16,-1.));
#20140=AXIS2_PLACEMENT_3D('',#20110,#20120,#20130);
#20150=CIRCLE('',#20140,0.0500000000000002);
#20160=CARTESIAN_POINT('',(-31.572828542971,0.117744999999992,57.225));
#20170=VERTEX_POINT('',#20160);
#20180=EDGE_CURVE('',#20080,#20170,#20150,.T.);
#20190=ORIENTED_EDGE('',*,*,#20180,.F.);
#20200=CARTESIAN_POINT('',(-31.572828542971,0.117744999999992,59.1));
#20210=DIRECTION('',(5.55111512312578E-17,1.23259516440783E-32,-1.));
#20220=VECTOR('',#20210,1.);
#20230=LINE('',#20200,#20220);
#20240=CARTESIAN_POINT('',(-31.572828542971,0.117744999999992,60.975));
#20250=VERTEX_POINT('',#20240);
#20260=EDGE_CURVE('',#20250,#20170,#20230,.T.);
#20270=ORIENTED_EDGE('',*,*,#20260,.T.);
#20280=CARTESIAN_POINT('',(-31.922828542971,0.117744999999992,60.975));
#20290=DIRECTION('',(-3.46667389989702E-33,1.,5.55111512312578E-16));
#20300=DIRECTION('',(1.92439059126638E-48,-5.55111512312578E-16,1.));
#20310=AXIS2_PLACEMENT_3D('',#20280,#20290,#20300);
#20320=CIRCLE('',#20310,0.35);
#20330=EDGE_CURVE('',#860,#20250,#20320,.T.);
#20340=ORIENTED_EDGE('',*,*,#20330,.T.);
#20350=ORIENTED_EDGE('',*,*,#870,.F.);
#20360=EDGE_LOOP('',(#20350,#20340,#20270,#20190,#20100,#20020,#19940,
#19860,#19780,#19770,#19710,#19630,#19550,#19540,#19480,#19400,#19320,
#19310,#19300,#19240));
#20370=FACE_OUTER_BOUND('',#20360,.T.);
#20380=ADVANCED_FACE('',(#18130,#18470,#18810,#19150,#20370),#17790,.T.)
;
#20390=CARTESIAN_POINT('',(-31.622828542971,-0.0322550000000081,57.225))
;
#20400=DIRECTION('',(0.,-1.,0.));
#20410=DIRECTION('',(0.,-0.,-1.));
#20420=AXIS2_PLACEMENT_3D('',#20390,#20400,#20410);
#20430=CONICAL_SURFACE('',#20420,0.2,0.785398163397446);
#20440=CARTESIAN_POINT('',(-31.572828542971,0.117744999999992,57.225));
#20450=DIRECTION('',(0.707106781186546,-0.707106781186549,0.));
#20460=VECTOR('',#20450,1.);
#20470=LINE('',#20440,#20460);
#20480=EDGE_CURVE('',#20170,#17620,#20470,.T.);
#20490=ORIENTED_EDGE('',*,*,#20480,.T.);
#20500=ORIENTED_EDGE('',*,*,#20180,.T.);
#20510=CARTESIAN_POINT('',(-31.622828542971,-0.0322550000000081,57.025))
;
#20520=DIRECTION('',(0.,-0.707106781186544,-0.707106781186551));
#20530=VECTOR('',#20520,0.282842712474622);
#20540=LINE('',#20510,#20530);
#20550=EDGE_CURVE('',#20080,#10480,#20540,.T.);
#20560=ORIENTED_EDGE('',*,*,#20550,.F.);
#20570=ORIENTED_EDGE('',*,*,#17700,.F.);
#20580=EDGE_LOOP('',(#20570,#20560,#20500,#20490));
#20590=FACE_OUTER_BOUND('',#20580,.T.);
#20600=ADVANCED_FACE('',(#20590),#20430,.T.);
#20610=CARTESIAN_POINT('',(-35.072828542971,-0.582255000000006,
56.4141147806277));
#20620=DIRECTION('',(1.,-6.2450045135165E-17,6.16297582203915E-33));
#20630=DIRECTION('',(6.93889390390723E-17,1.,1.02716263700654E-33));
#20640=AXIS2_PLACEMENT_3D('',#20610,#20620,#20630);
#20650=TOROIDAL_SURFACE('',#20640,0.6,0.1);
#20660=CARTESIAN_POINT('',(-35.072828542971,0.0177449999999935,
56.4141147806277));
#20670=DIRECTION('',(-6.16297582203915E-33,-1.23259516440783E-32,1.));
#20680=DIRECTION('',(-1.,-1.23259516440783E-32,-6.16297582203915E-33));
#20690=AXIS2_PLACEMENT_3D('',#20660,#20670,#20680);
#20700=CIRCLE('',#20690,0.1);
#20710=CARTESIAN_POINT('',(-35.172828542971,0.0177449999999935,
56.4141147806277));
#20720=VERTEX_POINT('',#20710);
#20730=EDGE_CURVE('',#19610,#20720,#20700,.T.);
#20740=ORIENTED_EDGE('',*,*,#20730,.F.);
#20750=CARTESIAN_POINT('',(-35.172828542971,-0.582255000000006,
56.4141147806277));
#20760=DIRECTION('',(1.,-6.2450045135165E-17,6.16297582203915E-33));
#20770=DIRECTION('',(6.2450045135165E-17,1.,3.84878118253276E-49));
#20780=AXIS2_PLACEMENT_3D('',#20750,#20760,#20770);
#20790=CIRCLE('',#20780,0.6);
#20800=CARTESIAN_POINT('',(-35.172828542971,-0.54618894758091,
55.8151997283349));
#20810=VERTEX_POINT('',#20800);
#20820=EDGE_CURVE('',#20810,#20720,#20790,.T.);
#20830=ORIENTED_EDGE('',*,*,#20820,.T.);
#20840=CARTESIAN_POINT('',(-35.072828542971,-0.54618894758091,
55.8151997283349));
#20850=DIRECTION('',(6.24500451351651E-17,0.998191753821356,
0.0601100873651547));
#20860=DIRECTION('',(2.08382070989312E-34,-0.0601100873651547,
0.998191753821356));
#20870=AXIS2_PLACEMENT_3D('',#20840,#20850,#20860);
#20880=CIRCLE('',#20870,0.1);
#20890=EDGE_CURVE('',#17300,#20810,#20880,.T.);
#20900=ORIENTED_EDGE('',*,*,#20890,.T.);
#20910=CARTESIAN_POINT('',(-35.072828542971,-0.582255000000006,
56.4141147806277));
#20920=DIRECTION('',(1.,-6.2450045135165E-17,6.16297582203915E-33));
#20930=DIRECTION('',(6.24500451351651E-17,1.,-1.23259516440783E-32));
#20940=AXIS2_PLACEMENT_3D('',#20910,#20920,#20930);
#20950=CIRCLE('',#20940,0.7);
#20960=EDGE_CURVE('',#17300,#19610,#20950,.T.);
#20970=ORIENTED_EDGE('',*,*,#20960,.F.);
#20980=EDGE_LOOP('',(#20970,#20900,#20830,#20740));
#20990=FACE_OUTER_BOUND('',#20980,.T.);
#21000=ADVANCED_FACE('',(#20990),#20650,.T.);
#21010=CARTESIAN_POINT('',(-31.922828542971,-0.0322550000000081,60.975))
;
#21020=DIRECTION('',(0.,-1.,0.));
#21030=DIRECTION('',(0.,-0.,-1.));
#21040=AXIS2_PLACEMENT_3D('',#21010,#21020,#21030);
#21050=CONICAL_SURFACE('',#21040,0.5,0.785398163397447);
#21060=ORIENTED_EDGE('',*,*,#950,.T.);
#21070=ORIENTED_EDGE('',*,*,#20330,.F.);
#21080=CARTESIAN_POINT('',(-31.572828542971,0.117744999999992,60.975));
#21090=DIRECTION('',(0.707106781186546,-0.707106781186549,0.));
#21100=VECTOR('',#21090,1.);
#21110=LINE('',#21080,#21100);
#21120=EDGE_CURVE('',#20250,#4550,#21110,.T.);
#21130=ORIENTED_EDGE('',*,*,#21120,.F.);
#21140=ORIENTED_EDGE('',*,*,#4780,.T.);
#21150=EDGE_LOOP('',(#21140,#21130,#21070,#21060));
#21160=FACE_OUTER_BOUND('',#21150,.T.);
#21170=ADVANCED_FACE('',(#21160),#21050,.T.);
#21180=CARTESIAN_POINT('',(-31.497828542971,0.042744999999992,59.1));
#21190=DIRECTION('',(0.707106781186549,0.707106781186546,
3.92523114670944E-17));
#21200=DIRECTION('',(0.707106781186546,-0.707106781186549,0.));
#21210=AXIS2_PLACEMENT_3D('',#21180,#21190,#21200);
#21220=PLANE('',#21210);
#21230=ORIENTED_EDGE('',*,*,#20480,.F.);
#21240=CARTESIAN_POINT('',(-31.422828542971,-0.0322550000000081,59.1));
#21250=DIRECTION('',(5.55111512312578E-17,1.23259516440783E-32,-1.));
#21260=VECTOR('',#21250,1.);
#21270=LINE('',#21240,#21260);
#21280=EDGE_CURVE('',#4550,#17620,#21270,.T.);
#21290=ORIENTED_EDGE('',*,*,#21280,.T.);
#21300=ORIENTED_EDGE('',*,*,#21120,.T.);
#21310=ORIENTED_EDGE('',*,*,#20260,.F.);
#21320=EDGE_LOOP('',(#21310,#21300,#21290,#21230));
#21330=FACE_OUTER_BOUND('',#21320,.T.);
#21340=ADVANCED_FACE('',(#21330),#21220,.T.);
#21350=CARTESIAN_POINT('',(-36.122828542971,-5.45813999999999,57.225));
#21360=DIRECTION('',(-3.46667389989702E-33,1.,-5.55111512312578E-16));
#21370=DIRECTION('',(-1.92439059126638E-48,5.55111512312578E-16,1.));
#21380=AXIS2_PLACEMENT_3D('',#21350,#21360,#21370);
#21390=CYLINDRICAL_SURFACE('',#21380,0.2);
#21400=CARTESIAN_POINT('',(-36.322828542971,-5.45813999999999,57.225));
#21410=DIRECTION('',(-3.46667389989702E-33,1.,-5.55111512312578E-16));
#21420=VECTOR('',#21410,1.);
#21430=LINE('',#21400,#21420);
#21440=EDGE_CURVE('',#16360,#8850,#21430,.T.);
#21450=ORIENTED_EDGE('',*,*,#21440,.T.);
#21460=ORIENTED_EDGE('',*,*,#16370,.T.);
#21470=ORIENTED_EDGE('',*,*,#140,.F.);
#21480=ORIENTED_EDGE('',*,*,#8930,.F.);
#21490=EDGE_LOOP('',(#21480,#21470,#21460,#21450));
#21500=FACE_OUTER_BOUND('',#21490,.T.);
#21510=ADVANCED_FACE('',(#21500),#21390,.T.);
#21520=CARTESIAN_POINT('',(-34.462828542971,-9.08225499999997,54.775));
#21530=DIRECTION('',(1.,1.30963236218332E-32,-4.78959436048522E-48));
#21540=DIRECTION('',(-1.30963236218332E-32,1.,0.));
#21550=AXIS2_PLACEMENT_3D('',#21520,#21530,#21540);
#21560=CYLINDRICAL_SURFACE('',#21550,0.35);
#21570=CARTESIAN_POINT('',(-35.722828542971,-9.08225499999997,54.425));
#21580=CARTESIAN_POINT('',(-35.732724021645,-9.09609712377281,54.425));
#21590=CARTESIAN_POINT('',(-35.7426028662252,-9.10993905255575,
54.425820649165));
#21600=CARTESIAN_POINT('',(-35.7623127446065,-9.13753288228963,
54.4291129379181));
#21610=CARTESIAN_POINT('',(-35.7721265344475,-9.151272188067,
54.4315863860129));
#21620=CARTESIAN_POINT('',(-35.791615432505,-9.17855664534747,
54.4382153438597));
#21630=CARTESIAN_POINT('',(-35.8012777389547,-9.19208387437093,
54.4423736628963));
#21640=CARTESIAN_POINT('',(-35.8203828029546,-9.21883096397084,
54.4524281486398));
#21650=CARTESIAN_POINT('',(-35.8298106135001,-9.23202989874069,
54.4583298506348));
#21660=CARTESIAN_POINT('',(-35.8466856448713,-9.25565494266037,
54.470732040431));
#21670=CARTESIAN_POINT('',(-35.8541887651269,-9.2661593110112,
54.4769550375461));
#21680=CARTESIAN_POINT('',(-35.8688997164166,-9.28675464281682,
54.4906856360819));
#21690=CARTESIAN_POINT('',(-35.8760951141797,-9.29682819969213,
54.4981979785139));
#21700=CARTESIAN_POINT('',(-35.8900877796297,-9.31641793132208,
54.5145535643446));
#21710=CARTESIAN_POINT('',(-35.8968703287985,-9.32591350014048,
54.5233998588166));
#21720=CARTESIAN_POINT('',(-35.9099313484654,-9.34419892767418,
54.5424862878621));
#21730=CARTESIAN_POINT('',(-35.9161904688041,-9.35296169616494,
54.5527303332085));
#21740=CARTESIAN_POINT('',(-35.930477687911,-9.37296380291463,
54.5791227988793));
#21750=CARTESIAN_POINT('',(-35.9380878242737,-9.38361799382372,
54.5958729781878));
#21760=CARTESIAN_POINT('',(-35.9515118235326,-9.40241159278622,
54.6320809965173));
#21770=CARTESIAN_POINT('',(-35.9572431706575,-9.41043547876095,
54.6515101218889));
#21780=CARTESIAN_POINT('',(-35.9636324172545,-9.41938042399676,
54.6805070896673));
#21790=CARTESIAN_POINT('',(-35.9653123270939,-9.42173229777191,
54.6893307478563));
#21800=CARTESIAN_POINT('',(-35.9681942747908,-9.42576702454754,
54.7072887110617));
#21810=CARTESIAN_POINT('',(-35.9693909356329,-9.42744234971687,
54.7164147070281));
#21820=CARTESIAN_POINT('',(-35.9712700891865,-9.43007316469188,
54.7348768392164));
#21830=CARTESIAN_POINT('',(-35.9719490271707,-9.43102367787948,
54.7442027359053));
#21840=CARTESIAN_POINT('',(-35.9724659311348,-9.43174734342926,
54.75599924062));
#21850=CARTESIAN_POINT('',(-35.9725543015158,-9.43187106196226,
54.7584311721072));
#21860=CARTESIAN_POINT('',(-35.9727604567696,-9.43215967931592,
54.7655726848243));
#21870=CARTESIAN_POINT('',(-35.9728285104528,-9.43225499999997,
54.7702859776524));
#21880=CARTESIAN_POINT('',(-35.9728285317525,-9.43225499999997,54.775));
#21890=B_SPLINE_CURVE_WITH_KNOTS('',3,(#21570,#21580,#21590,#21600,
#21610,#21620,#21630,#21640,#21650,#21660,#21670,#21680,#21690,#21700,
#21710,#21720,#21730,#21740,#21750,#21760,#21770,#21780,#21790,#21800,
#21810,#21820,#21830,#21840,#21850,#21860,#21870,#21880),.UNSPECIFIED.,
.F.,.F.,(4,2,2,2,2,2,2,2,2,2,2,2,2,2,2,4),(0.,0.0510363307350751,
0.102188865107801,0.153553223440416,0.20528773331955,0.248247533261993,
0.291653639993941,0.335543248412157,0.380084950358948,0.44372074807497,
0.508900069526246,0.536734457466058,0.564778855190215,0.592952698619376,
0.600261866371095,0.614404494444588),.UNSPECIFIED.);
#21900=EDGE_CURVE('',#6570,#16200,#21890,.T.);
#21910=ORIENTED_EDGE('',*,*,#21900,.F.);
#21920=ORIENTED_EDGE('',*,*,#16210,.F.);
#21930=ORIENTED_EDGE('',*,*,#6930,.T.);
#21940=EDGE_LOOP('',(#21930,#21920,#21910));
#21950=FACE_OUTER_BOUND('',#21940,.T.);
#21960=ADVANCED_FACE('',(#21950),#21560,.T.);
#21970=CARTESIAN_POINT('',(-32.572828542971,-0.732255000000006,57.025));
#21980=DIRECTION('',(6.2450045135165E-17,1.,6.2450045135165E-17));
#21990=DIRECTION('',(-1.,6.2450045135165E-17,-5.55111512312578E-17));
#22000=AXIS2_PLACEMENT_3D('',#21970,#21980,#21990);
#22010=PLANE('',#22000);
#22020=ORIENTED_EDGE('',*,*,#12490,.T.);
#22030=CARTESIAN_POINT('',(-32.372828542971,-0.732255000000006,57.025));
#22040=DIRECTION('',(-5.55111512312578E-17,-6.2450045135165E-17,1.));
#22050=VECTOR('',#22040,1.);
#22060=LINE('',#22030,#22050);
#22070=EDGE_CURVE('',#12400,#11860,#22060,.T.);
#22080=ORIENTED_EDGE('',*,*,#22070,.F.);
#22090=ORIENTED_EDGE('',*,*,#11870,.T.);
#22100=CARTESIAN_POINT('',(-32.572828542971,-0.732255000000005,55.908075
));
#22110=DIRECTION('',(6.16297582203916E-33,6.2450045135165E-17,-1.));
#22120=VECTOR('',#22110,1.);
#22130=LINE('',#22100,#22120);
#22140=EDGE_CURVE('',#11780,#12480,#22130,.T.);
#22150=ORIENTED_EDGE('',*,*,#22140,.F.);
#22160=EDGE_LOOP('',(#22150,#22090,#22080,#22020));
#22170=FACE_OUTER_BOUND('',#22160,.T.);
#22180=ADVANCED_FACE('',(#22170),#22010,.T.);
#22190=CARTESIAN_POINT('',(-35.372828542971,-9.33225499999997,55.908075)
);
#22200=CARTESIAN_POINT('',(-35.372828542971,-9.39083364376267,55.908075)
);
#22210=CARTESIAN_POINT('',(-35.4142498992083,-9.43225499999997,55.908075
));
#22220=CARTESIAN_POINT('',(-35.472828542971,-9.43225499999997,55.908075)
);
#22230=(BOUNDED_CURVE() B_SPLINE_CURVE(3,(#22190,#22200,#22210,#22220),
.UNSPECIFIED.,.F.,.F.) B_SPLINE_CURVE_WITH_KNOTS((4,4),(0.,1.),
.UNSPECIFIED.) CURVE() GEOMETRIC_REPRESENTATION_ITEM() 
RATIONAL_B_SPLINE_CURVE((1.,0.804737854124364,0.804737854124364,1.)) 
REPRESENTATION_ITEM(''));
#22240=DIRECTION('',(-1.92439059126638E-48,5.55111512312578E-16,-1.));
#22250=VECTOR('',#22240,1.);
#22260=SURFACE_OF_LINEAR_EXTRUSION('',#22230,#22250);
#22270=CARTESIAN_POINT('',(-35.372828542971,-9.33225499999997,55.908075)
);
#22280=DIRECTION('',(-1.92439059126638E-48,5.55111512312578E-16,-1.));
#22290=VECTOR('',#22280,1.);
#22300=LINE('',#22270,#22290);
#22310=CARTESIAN_POINT('',(-35.372828542971,-9.33225499999997,
56.9529640035993));
#22320=VERTEX_POINT('',#22310);
#22330=EDGE_CURVE('',#22320,#6180,#22300,.T.);
#22340=ORIENTED_EDGE('',*,*,#22330,.F.);
#22350=ORIENTED_EDGE('',*,*,#6210,.F.);
#22360=ORIENTED_EDGE('',*,*,#16130,.T.);
#22370=CARTESIAN_POINT('',(-35.372828542971,-9.33225499999997,
56.9529640035993));
#22380=CARTESIAN_POINT('',(-35.372828542971,-9.39083364376267,
56.9541355764745));
#22390=CARTESIAN_POINT('',(-35.4142498992083,-9.43225499999997,
56.9549640035993));
#22400=CARTESIAN_POINT('',(-35.472828542971,-9.43225499999997,
56.9549640035993));
#22410=(BOUNDED_CURVE() B_SPLINE_CURVE(3,(#22370,#22380,#22390,#22400),
.UNSPECIFIED.,.F.,.F.) B_SPLINE_CURVE_WITH_KNOTS((4,4),(0.,1.),
.UNSPECIFIED.) CURVE() GEOMETRIC_REPRESENTATION_ITEM() 
RATIONAL_B_SPLINE_CURVE((1.,0.804737854124364,0.804737854124364,1.)) 
REPRESENTATION_ITEM(''));
#22420=EDGE_CURVE('',#22320,#16060,#22410,.T.);
#22430=ORIENTED_EDGE('',*,*,#22420,.T.);
#22440=EDGE_LOOP('',(#22430,#22360,#22350,#22340));
#22450=FACE_OUTER_BOUND('',#22440,.T.);
#22460=ADVANCED_FACE('',(#22450),#22260,.T.);
#22470=CARTESIAN_POINT('',(-32.197828542971,0.0427450000000018,55.75));
#22480=DIRECTION('',(8.3411161867576E-17,0.707106781186618,
-0.707106781186477));
#22490=DIRECTION('',(-2.45130862277936E-33,0.707106781186477,
0.707106781186618));
#22500=AXIS2_PLACEMENT_3D('',#22470,#22480,#22490);
#22510=PLANE('',#22500);
#22520=ORIENTED_EDGE('',*,*,#8380,.F.);
#22530=CARTESIAN_POINT('',(-32.105903542971,0.200819999999945,55.908075)
);
#22540=DIRECTION('',(-0.577350269189586,0.577350269189588,
0.577350269189703));
#22550=VECTOR('',#22540,1.);
#22560=LINE('',#22530,#22550);
#22570=EDGE_CURVE('',#8290,#19920,#22560,.T.);
#22580=ORIENTED_EDGE('',*,*,#22570,.F.);
#22590=ORIENTED_EDGE('',*,*,#19930,.T.);
#22600=CARTESIAN_POINT('',(-32.372828542971,0.200819999999946,55.908075)
);
#22610=DIRECTION('',(-1.11022302462516E-16,0.707106781186477,
0.707106781186618));
#22620=VECTOR('',#22610,1.);
#22630=LINE('',#22600,#22620);
#22640=EDGE_CURVE('',#7880,#19840,#22630,.T.);
#22650=ORIENTED_EDGE('',*,*,#22640,.T.);
#22660=ORIENTED_EDGE('',*,*,#7910,.F.);
#22670=EDGE_LOOP('',(#22660,#22650,#22590,#22580,#22520));
#22680=FACE_OUTER_BOUND('',#22670,.T.);
#22690=ADVANCED_FACE('',(#22680),#22510,.T.);
#22700=CARTESIAN_POINT('',(-35.922828542971,-3.10225500000002,57.75));
#22710=DIRECTION('',(1.,-2.26489361459938E-32,3.71125140161025E-47));
#22720=DIRECTION('',(2.26489361459938E-32,1.,-1.4210854715202E-15));
#22730=AXIS2_PLACEMENT_3D('',#22700,#22710,#22720);
#22740=PLANE('',#22730);
#22750=CARTESIAN_POINT('',(-35.922828542971,-5.45813999999999,57.45));
#22760=DIRECTION('',(-5.27704804762103E-32,1.,5.55111512312578E-16));
#22770=VECTOR('',#22760,1.);
#22780=LINE('',#22750,#22770);
#22790=CARTESIAN_POINT('',(-35.922828542971,-0.282255000000015,57.45));
#22800=VERTEX_POINT('',#22790);
#22810=EDGE_CURVE('',#14820,#22800,#22780,.T.);
#22820=ORIENTED_EDGE('',*,*,#22810,.T.);
#22830=ORIENTED_EDGE('',*,*,#14830,.T.);
#22840=CARTESIAN_POINT('',(-35.922828542971,-5.75814000000002,59.05));
#22850=DIRECTION('',(0.,1.,-0.));
#22860=VECTOR('',#22850,1.);
#22870=LINE('',#22840,#22860);
#22880=CARTESIAN_POINT('',(-35.922828542971,-0.282255000000015,59.05));
#22890=VERTEX_POINT('',#22880);
#22900=EDGE_CURVE('',#14800,#22890,#22870,.T.);
#22910=ORIENTED_EDGE('',*,*,#22900,.F.);
#22920=CARTESIAN_POINT('',(-35.922828542971,-0.282255000000015,
55.9080749999999));
#22930=DIRECTION('',(0.,-0.,-1.));
#22940=VECTOR('',#22930,1.);
#22950=LINE('',#22920,#22940);
#22960=EDGE_CURVE('',#22890,#22800,#22950,.T.);
#22970=ORIENTED_EDGE('',*,*,#22960,.F.);
#22980=EDGE_LOOP('',(#22970,#22910,#22830,#22820));
#22990=FACE_OUTER_BOUND('',#22980,.T.);
#23000=ADVANCED_FACE('',(#22990),#22740,.T.);
#23010=CARTESIAN_POINT('',(-34.4813034796202,-0.282255000000015,
58.3278062006965));
#23020=DIRECTION('',(6.93334779979405E-33,-1.,0.));
#23030=DIRECTION('',(0.,-0.,-1.));
#23040=AXIS2_PLACEMENT_3D('',#23010,#23020,#23030);
#23050=PLANE('',#23040);
#23060=CARTESIAN_POINT('',(-35.562828542971,-0.282255000000015,57.83));
#23070=DIRECTION('',(1.,3.46667389989702E-33,0.));
#23080=VECTOR('',#23070,1.);
#23090=LINE('',#23060,#23080);
#23100=CARTESIAN_POINT('',(-35.117828542971,-0.282255000000015,57.83));
#23110=VERTEX_POINT('',#23100);
#23120=CARTESIAN_POINT('',(-34.317828542971,-0.282255000000015,57.83));
#23130=VERTEX_POINT('',#23120);
#23140=EDGE_CURVE('',#23110,#23130,#23090,.T.);
#23150=ORIENTED_EDGE('',*,*,#23140,.F.);
#23160=CARTESIAN_POINT('',(-34.317828542971,-0.282255000000015,53.908075
));
#23170=DIRECTION('',(0.,0.,1.));
#23180=VECTOR('',#23170,1.);
#23190=LINE('',#23160,#23180);
#23200=CARTESIAN_POINT('',(-34.317828542971,-0.282255000000015,58.67));
#23210=VERTEX_POINT('',#23200);
#23220=EDGE_CURVE('',#23130,#23210,#23190,.T.);
#23230=ORIENTED_EDGE('',*,*,#23220,.F.);
#23240=CARTESIAN_POINT('',(-35.562828542971,-0.282255000000015,58.67));
#23250=DIRECTION('',(1.,6.93334779979405E-33,-0.));
#23260=VECTOR('',#23250,1.);
#23270=LINE('',#23240,#23260);
#23280=CARTESIAN_POINT('',(-35.117828542971,-0.282255000000015,58.67));
#23290=VERTEX_POINT('',#23280);
#23300=EDGE_CURVE('',#23290,#23210,#23270,.T.);
#23310=ORIENTED_EDGE('',*,*,#23300,.T.);
#23320=CARTESIAN_POINT('',(-35.117828542971,-0.282255000000015,62.591925
));
#23330=DIRECTION('',(0.,0.,1.));
#23340=VECTOR('',#23330,1.);
#23350=LINE('',#23320,#23340);
#23360=EDGE_CURVE('',#23110,#23290,#23350,.T.);
#23370=ORIENTED_EDGE('',*,*,#23360,.T.);
#23380=EDGE_LOOP('',(#23370,#23310,#23230,#23150));
#23390=FACE_BOUND('',#23380,.T.);
#23400=CARTESIAN_POINT('',(-36.662828542971,-0.282255000000015,59.05));
#23410=DIRECTION('',(1.,6.93334779979405E-33,-0.));
#23420=VECTOR('',#23410,1.);
#23430=LINE('',#23400,#23420);
#23440=CARTESIAN_POINT('',(-34.022828542971,-0.282255000000015,59.05));
#23450=VERTEX_POINT('',#23440);
#23460=EDGE_CURVE('',#22890,#23450,#23430,.T.);
#23470=ORIENTED_EDGE('',*,*,#23460,.F.);
#23480=CARTESIAN_POINT('',(-34.022828542971,-0.282255000000015,53.908075
));
#23490=DIRECTION('',(0.,0.,1.));
#23500=VECTOR('',#23490,1.);
#23510=LINE('',#23480,#23500);
#23520=CARTESIAN_POINT('',(-34.022828542971,-0.282255000000015,57.45));
#23530=VERTEX_POINT('',#23520);
#23540=EDGE_CURVE('',#23530,#23450,#23510,.T.);
#23550=ORIENTED_EDGE('',*,*,#23540,.T.);
#23560=CARTESIAN_POINT('',(-36.662828542971,-0.282255000000015,57.45));
#23570=DIRECTION('',(1.,3.46667389989702E-33,0.));
#23580=VECTOR('',#23570,1.);
#23590=LINE('',#23560,#23580);
#23600=EDGE_CURVE('',#22800,#23530,#23590,.T.);
#23610=ORIENTED_EDGE('',*,*,#23600,.T.);
#23620=ORIENTED_EDGE('',*,*,#22960,.T.);
#23630=EDGE_LOOP('',(#23620,#23610,#23550,#23470));
#23640=FACE_OUTER_BOUND('',#23630,.T.);
#23650=ADVANCED_FACE('',(#23390,#23640),#23050,.T.);
#23660=CARTESIAN_POINT('',(-36.322828542971,-4.73225500000002,59.1));
#23670=DIRECTION('',(-1.,-3.46667389989702E-33,1.23259516440783E-32));
#23680=DIRECTION('',(-3.46667389989702E-33,1.,6.2450045135165E-17));
#23690=AXIS2_PLACEMENT_3D('',#23660,#23670,#23680);
#23700=PLANE('',#23690);
#23710=ORIENTED_EDGE('',*,*,#21440,.F.);
#23720=CARTESIAN_POINT('',(-36.322828542971,-0.0322550000000081,59.1));
#23730=DIRECTION('',(-4.27300548559191E-65,1.23259516440783E-32,-1.));
#23740=VECTOR('',#23730,1.);
#23750=LINE('',#23720,#23740);
#23760=EDGE_CURVE('',#7250,#8850,#23750,.T.);
#23770=ORIENTED_EDGE('',*,*,#23760,.T.);
#23780=ORIENTED_EDGE('',*,*,#7260,.F.);
#23790=ORIENTED_EDGE('',*,*,#16430,.T.);
#23800=EDGE_LOOP('',(#23790,#23780,#23770,#23710));
#23810=FACE_OUTER_BOUND('',#23800,.T.);
#23820=ADVANCED_FACE('',(#23810),#23700,.T.);
#23830=CARTESIAN_POINT('',(-31.772828542971,-9.43225499999997,55.908075)
);
#23840=CARTESIAN_POINT('',(-31.7142498992083,-9.43225499999997,55.908075
));
#23850=CARTESIAN_POINT('',(-31.672828542971,-9.39083364376266,55.908075)
);
#23860=CARTESIAN_POINT('',(-31.672828542971,-9.33225499999997,55.908075)
);
#23870=(BOUNDED_CURVE() B_SPLINE_CURVE(3,(#23830,#23840,#23850,#23860),
.UNSPECIFIED.,.F.,.F.) B_SPLINE_CURVE_WITH_KNOTS((4,4),(0.,1.),
.UNSPECIFIED.) CURVE() GEOMETRIC_REPRESENTATION_ITEM() 
RATIONAL_B_SPLINE_CURVE((1.,0.804737854124363,0.804737854124363,1.)) 
REPRESENTATION_ITEM(''));
#23880=DIRECTION('',(1.92439059126638E-48,-5.55111512312578E-16,1.));
#23890=VECTOR('',#23880,1.);
#23900=SURFACE_OF_LINEAR_EXTRUSION('',#23870,#23890);
#23910=ORIENTED_EDGE('',*,*,#10370,.F.);
#23920=CARTESIAN_POINT('',(-31.672828542971,-9.33225499999997,55.908075)
);
#23930=DIRECTION('',(1.92439059126638E-48,-5.55111512312578E-16,1.));
#23940=VECTOR('',#23930,1.);
#23950=LINE('',#23920,#23940);
#23960=CARTESIAN_POINT('',(-31.672828542971,-9.33225498878146,54.775));
#23970=VERTEX_POINT('',#23960);
#23980=EDGE_CURVE('',#23970,#10360,#23950,.T.);
#23990=ORIENTED_EDGE('',*,*,#23980,.T.);
#24000=CARTESIAN_POINT('',(-31.672828542971,-9.33225498878146,54.775));
#24010=CARTESIAN_POINT('',(-31.672828542971,-9.3908336391158,54.775));
#24020=CARTESIAN_POINT('',(-31.7142499038552,-9.43225499999997,54.775));
#24030=CARTESIAN_POINT('',(-31.7728285541895,-9.43225499999997,54.775));
#24040=(BOUNDED_CURVE() B_SPLINE_CURVE(3,(#24000,#24010,#24020,#24030),
.UNSPECIFIED.,.F.,.F.) B_SPLINE_CURVE_WITH_KNOTS((4,4),(0.,1.),
.UNSPECIFIED.) CURVE() GEOMETRIC_REPRESENTATION_ITEM() 
RATIONAL_B_SPLINE_CURVE((1.,0.804737854124365,0.804737854124365,1.)) 
REPRESENTATION_ITEM(''));
#24050=EDGE_CURVE('',#23970,#15650,#24040,.T.);
#24060=ORIENTED_EDGE('',*,*,#24050,.F.);
#24070=ORIENTED_EDGE('',*,*,#15660,.F.);
#24080=EDGE_LOOP('',(#24070,#24060,#23990,#23910));
#24090=FACE_OUTER_BOUND('',#24080,.T.);
#24100=ADVANCED_FACE('',(#24090),#23900,.T.);
#24110=CARTESIAN_POINT('',(-32.0228285429711,-8.4893617811865,54.925));
#24120=DIRECTION('',(1.,3.46667389989702E-33,0.));
#24130=DIRECTION('',(0.,0.,1.));
#24140=AXIS2_PLACEMENT_3D('',#24110,#24120,#24130);
#24150=DEGENERATE_TOROIDAL_SURFACE('',#24140,0.149999999999999,0.35,.T.)
;
#24160=CARTESIAN_POINT('',(-32.0228285429711,-8.38329576400852,
54.818933982822));
#24170=DIRECTION('',(-2.4513086227796E-33,0.707106781186549,
0.707106781186546));
#24180=DIRECTION('',(2.45130862277959E-33,-0.707106781186546,
0.707106781186549));
#24190=AXIS2_PLACEMENT_3D('',#24160,#24170,#24180);
#24200=CIRCLE('',#24190,0.35);
#24210=CARTESIAN_POINT('',(-32.0228285429711,-8.13580839059323,
54.5714466094067));
#24220=VERTEX_POINT('',#24210);
#24230=CARTESIAN_POINT('',(-32.3728285429711,-8.38329576400852,
54.818933982822));
#24240=VERTEX_POINT('',#24230);
#24250=EDGE_CURVE('',#24220,#24240,#24200,.T.);
#24260=ORIENTED_EDGE('',*,*,#24250,.F.);
#24270=CARTESIAN_POINT('',(-32.3728285429711,-8.4893617811865,54.925));
#24280=DIRECTION('',(1.,3.46667389989702E-33,0.));
#24290=DIRECTION('',(0.,0.,1.));
#24300=AXIS2_PLACEMENT_3D('',#24270,#24280,#24290);
#24310=CIRCLE('',#24300,0.15);
#24320=CARTESIAN_POINT('',(-32.3728285429711,-8.4893617811865,54.775));
#24330=VERTEX_POINT('',#24320);
#24340=EDGE_CURVE('',#24330,#24240,#24310,.T.);
#24350=ORIENTED_EDGE('',*,*,#24340,.T.);
#24360=CARTESIAN_POINT('',(-32.0228285429711,-8.4893617811865,54.775));
#24370=DIRECTION('',(-3.46667389989702E-33,1.,0.));
#24380=DIRECTION('',(0.,0.,1.));
#24390=AXIS2_PLACEMENT_3D('',#24360,#24370,#24380);
#24400=CIRCLE('',#24390,0.35);
#24410=CARTESIAN_POINT('',(-32.0228285429711,-8.4893617811865,54.425));
#24420=VERTEX_POINT('',#24410);
#24430=EDGE_CURVE('',#24420,#24330,#24400,.T.);
#24440=ORIENTED_EDGE('',*,*,#24430,.T.);
#24450=CARTESIAN_POINT('',(-32.0228285429711,-8.4893617811865,54.925));
#24460=DIRECTION('',(1.,3.46667389989702E-33,0.));
#24470=DIRECTION('',(0.,0.,1.));
#24480=AXIS2_PLACEMENT_3D('',#24450,#24460,#24470);
#24490=CIRCLE('',#24480,0.5);
#24500=EDGE_CURVE('',#24420,#24220,#24490,.T.);
#24510=ORIENTED_EDGE('',*,*,#24500,.F.);
#24520=EDGE_LOOP('',(#24510,#24440,#24350,#24260));
#24530=FACE_OUTER_BOUND('',#24520,.T.);
#24540=ADVANCED_FACE('',(#24530),#24150,.T.);
#24550=CARTESIAN_POINT('',(-35.722828542971,-9.08225499999997,54.425));
#24560=CARTESIAN_POINT('',(-35.7366706667439,-9.09215047867397,54.425));
#24570=CARTESIAN_POINT('',(-35.7505125955268,-9.1020293232541,
54.425820649165));
#24580=CARTESIAN_POINT('',(-35.7781064252607,-9.12173920163545,
54.4291129379181));
#24590=CARTESIAN_POINT('',(-35.7918457310381,-9.13155299147643,
54.4315863860129));
#24600=CARTESIAN_POINT('',(-35.8191301883185,-9.15104188953391,
54.4382153438597));
#24610=CARTESIAN_POINT('',(-35.832657417342,-9.16070419598359,
54.4423736628963));
#24620=CARTESIAN_POINT('',(-35.8594045069419,-9.17980925998353,
54.4524281486398));
#24630=CARTESIAN_POINT('',(-35.8726034417118,-9.18923707052906,
54.4583298506348));
#24640=CARTESIAN_POINT('',(-35.8962284856314,-9.20611210190026,
54.470732040431));
#24650=CARTESIAN_POINT('',(-35.9067328539823,-9.21361522215585,
54.4769550375461));
#24660=CARTESIAN_POINT('',(-35.9273281857879,-9.22832617344558,
54.4906856360819));
#24670=CARTESIAN_POINT('',(-35.9374017426632,-9.23552157120865,
54.4981979785139));
#24680=CARTESIAN_POINT('',(-35.9569914742932,-9.24951423665862,
54.5145535643446));
#24690=CARTESIAN_POINT('',(-35.9664870431116,-9.25629678582744,
54.5233998588166));
#24700=CARTESIAN_POINT('',(-35.9847724706453,-9.26935780549437,
54.5424862878621));
#24710=CARTESIAN_POINT('',(-35.993535239136,-9.27561692583304,
54.5527303332085));
#24720=CARTESIAN_POINT('',(-36.0135373458857,-9.28990414493996,
54.5791227988793));
#24730=CARTESIAN_POINT('',(-36.0241915367948,-9.29751428130265,
54.5958729781878));
#24740=CARTESIAN_POINT('',(-36.0429851357573,-9.31093828056158,
54.6320809965173));
#24750=CARTESIAN_POINT('',(-36.051009021732,-9.31666962768638,
54.6515101218889));
#24760=CARTESIAN_POINT('',(-36.0599539669678,-9.32305887428339,
54.6805070896673));
#24770=CARTESIAN_POINT('',(-36.062305840743,-9.32473878412281,
54.6893307478563));
#24780=CARTESIAN_POINT('',(-36.0663405675186,-9.32762073181968,
54.7072887110617));
#24790=CARTESIAN_POINT('',(-36.0680158926879,-9.3288173926618,
54.7164147070281));
#24800=CARTESIAN_POINT('',(-36.070646707663,-9.33069654621538,
54.7348768392164));
#24810=CARTESIAN_POINT('',(-36.0715972208505,-9.33137548419963,
54.7442027359053));
#24820=CARTESIAN_POINT('',(-36.0723208864003,-9.33189238816376,
54.75599924062));
#24830=CARTESIAN_POINT('',(-36.0724446049333,-9.33198075854475,
54.7584311721072));
#24840=CARTESIAN_POINT('',(-36.072733222287,-9.33218691379856,
54.7655726848243));
#24850=CARTESIAN_POINT('',(-36.072828542971,-9.33225496748181,
54.7702859776524));
#24860=CARTESIAN_POINT('',(-36.072828542971,-9.33225498878146,54.775));
#24870=CARTESIAN_POINT('',(-35.722828542971,-9.08225499999997,54.425));
#24880=CARTESIAN_POINT('',(-35.7353644133876,-9.09347532013938,
54.4249997537359));
#24890=CARTESIAN_POINT('',(-35.7478665807335,-9.10465642337575,
54.4256622170463));
#24900=CARTESIAN_POINT('',(-35.7729165837563,-9.12705987056916,
54.4283355036011));
#24910=CARTESIAN_POINT('',(-35.7853931477735,-9.1382092813809,
54.4303408408994));
#24920=CARTESIAN_POINT('',(-35.8103624422074,-9.1605056155058,
54.4357609266893));
#24930=CARTESIAN_POINT('',(-35.8227786453105,-9.17157750535513,
54.439162835776));
#24940=CARTESIAN_POINT('',(-35.8476014827925,-9.19368524081603,
54.447484220852));
#24950=CARTESIAN_POINT('',(-35.8599335804515,-9.20464808531455,
54.4523878668266));
#24960=CARTESIAN_POINT('',(-35.8823043637822,-9.22449737038566,
54.4628330257985));
#24970=CARTESIAN_POINT('',(-35.8923428506325,-9.23338738947007,
54.4681082317086));
#24980=CARTESIAN_POINT('',(-35.9123126863286,-9.25104091849936,
54.479919915371));
#24990=CARTESIAN_POINT('',(-35.922190558625,-9.25975213891308,
54.4864343792928));
#25000=CARTESIAN_POINT('',(-35.9417559452767,-9.2769731981862,
54.5008858161539));
#25010=CARTESIAN_POINT('',(-35.9513816684782,-9.28542266692997,
54.5087897351155));
#25020=CARTESIAN_POINT('',(-35.9703275800977,-9.30201883248786,
54.5262328200497));
#25030=CARTESIAN_POINT('',(-35.9795582016374,-9.31007820281002,
54.5357035698487));
#25040=CARTESIAN_POINT('',(-36.0012803626389,-9.32902025548119,
54.5609216580812));
#25050=CARTESIAN_POINT('',(-36.0132186429197,-9.3393809685476,
54.5772945731586));
#25060=CARTESIAN_POINT('',(-36.0350719544056,-9.35830863320334,
54.614206755835));
#25070=CARTESIAN_POINT('',(-36.0449202353557,-9.36681776296025,
54.6349566968757));
#25080=CARTESIAN_POINT('',(-36.0560572177248,-9.37640206684684,
54.6665165209238));
#25090=CARTESIAN_POINT('',(-36.0590832017232,-9.37901161205086,
54.6764307048511));
#25100=CARTESIAN_POINT('',(-36.0642752699508,-9.38347916317147,
54.6966429371475));
#25110=CARTESIAN_POINT('',(-36.0664689696013,-9.38536673221496,
54.7070761526079));
#25120=CARTESIAN_POINT('',(-36.0699231382921,-9.38833645402214,
54.7282743111252));
#25130=CARTESIAN_POINT('',(-36.0711897249917,-9.38942561277339,
54.7391225721853));
#25140=CARTESIAN_POINT('',(-36.0721513509373,-9.39025160616405,
54.7528301390169));
#25150=CARTESIAN_POINT('',(-36.0723159531583,-9.39039315667716,
54.7556629172861));
#25160=CARTESIAN_POINT('',(-36.072698868107,-9.39072227026455,
54.763977370311));
#25170=CARTESIAN_POINT('',(-36.0728277109944,-9.39083280085949,
54.7693934604353));
#25180=CARTESIAN_POINT('',(-36.072828542971,-9.3908336391158,54.775));
#25190=CARTESIAN_POINT('',(-35.722828542971,-9.08225499999997,54.425));
#25200=CARTESIAN_POINT('',(-35.7340488631105,-9.0947908704165,
54.4249997537359));
#25210=CARTESIAN_POINT('',(-35.7452299663468,-9.10729303776245,
54.4256622170463));
#25220=CARTESIAN_POINT('',(-35.7676334135402,-9.13234304078525,
54.4283355036011));
#25230=CARTESIAN_POINT('',(-35.778782824352,-9.1448196048024,
54.4303408408994));
#25240=CARTESIAN_POINT('',(-35.8010791584769,-9.16978889923633,
54.4357609266893));
#25250=CARTESIAN_POINT('',(-35.8121510483262,-9.18220510233945,
54.439162835776));
#25260=CARTESIAN_POINT('',(-35.8342587837871,-9.20702793982139,
54.447484220852));
#25270=CARTESIAN_POINT('',(-35.8452216282856,-9.21936003748045,
54.4523878668266));
#25280=CARTESIAN_POINT('',(-35.8650709133567,-9.24173082081111,
54.4628330257985));
#25290=CARTESIAN_POINT('',(-35.8739609324411,-9.25176930766143,
54.4681082317086));
#25300=CARTESIAN_POINT('',(-35.8916144614704,-9.27173914335754,
54.479919915371));
#25310=CARTESIAN_POINT('',(-35.9003256818842,-9.28161701565391,
54.4864343792928));
#25320=CARTESIAN_POINT('',(-35.9175467411573,-9.3011824023056,
54.5008858161539));
#25330=CARTESIAN_POINT('',(-35.925996209901,-9.31080812550712,
54.5087897351155));
#25340=CARTESIAN_POINT('',(-35.9425923754589,-9.32975403712661,
54.5262328200497));
#25350=CARTESIAN_POINT('',(-35.9506517457811,-9.33898465866637,
54.5357035698487));
#25360=CARTESIAN_POINT('',(-35.9695937984523,-9.36070681966786,
54.5609216580812));
#25370=CARTESIAN_POINT('',(-35.9799545115187,-9.37264509994861,
54.5772945731586));
#25380=CARTESIAN_POINT('',(-35.9988821761744,-9.39449841143449,
54.614206755835));
#25390=CARTESIAN_POINT('',(-36.0073913059313,-9.40434669238458,
54.6349566968757));
#25400=CARTESIAN_POINT('',(-36.0169756098179,-9.41548367475369,
54.6665165209238));
#25410=CARTESIAN_POINT('',(-36.0195851550219,-9.41850965875208,
54.6764307048511));
#25420=CARTESIAN_POINT('',(-36.0240527061425,-9.42370172697975,
54.6966429371475));
#25430=CARTESIAN_POINT('',(-36.025940275186,-9.42589542663023,
54.7070761526079));
#25440=CARTESIAN_POINT('',(-36.0289099969932,-9.429349595321,
54.7282743111252));
#25450=CARTESIAN_POINT('',(-36.0299991557445,-9.43061618202063,
54.7391225721853));
#25460=CARTESIAN_POINT('',(-36.0308251491351,-9.43157780796624,
54.7528301390169));
#25470=CARTESIAN_POINT('',(-36.0309666996482,-9.4317424101872,
54.7556629172861));
#25480=CARTESIAN_POINT('',(-36.0312958132356,-9.43212532513596,
54.763977370311));
#25490=CARTESIAN_POINT('',(-36.0314063438305,-9.43225416802332,
54.7693934604353));
#25500=CARTESIAN_POINT('',(-36.0314071820869,-9.43225499999997,54.775));
#25510=CARTESIAN_POINT('',(-35.722828542971,-9.08225499999997,54.425));
#25520=CARTESIAN_POINT('',(-35.732724021645,-9.09609712377281,54.425));
#25530=CARTESIAN_POINT('',(-35.7426028662252,-9.10993905255575,
54.425820649165));
#25540=CARTESIAN_POINT('',(-35.7623127446065,-9.13753288228963,
54.4291129379181));
#25550=CARTESIAN_POINT('',(-35.7721265344475,-9.151272188067,
54.4315863860129));
#25560=CARTESIAN_POINT('',(-35.791615432505,-9.17855664534747,
54.4382153438597));
#25570=CARTESIAN_POINT('',(-35.8012777389547,-9.19208387437093,
54.4423736628963));
#25580=CARTESIAN_POINT('',(-35.8203828029546,-9.21883096397084,
54.4524281486398));
#25590=CARTESIAN_POINT('',(-35.8298106135001,-9.23202989874069,
54.4583298506348));
#25600=CARTESIAN_POINT('',(-35.8466856448713,-9.25565494266037,
54.470732040431));
#25610=CARTESIAN_POINT('',(-35.8541887651269,-9.2661593110112,
54.4769550375461));
#25620=CARTESIAN_POINT('',(-35.8688997164166,-9.28675464281682,
54.4906856360819));
#25630=CARTESIAN_POINT('',(-35.8760951141797,-9.29682819969213,
54.4981979785139));
#25640=CARTESIAN_POINT('',(-35.8900877796297,-9.31641793132208,
54.5145535643446));
#25650=CARTESIAN_POINT('',(-35.8968703287985,-9.32591350014048,
54.5233998588166));
#25660=CARTESIAN_POINT('',(-35.9099313484654,-9.34419892767418,
54.5424862878621));
#25670=CARTESIAN_POINT('',(-35.9161904688041,-9.35296169616494,
54.5527303332085));
#25680=CARTESIAN_POINT('',(-35.930477687911,-9.37296380291463,
54.5791227988793));
#25690=CARTESIAN_POINT('',(-35.9380878242737,-9.38361799382372,
54.5958729781878));
#25700=CARTESIAN_POINT('',(-35.9515118235326,-9.40241159278622,
54.6320809965173));
#25710=CARTESIAN_POINT('',(-35.9572431706575,-9.41043547876095,
54.6515101218889));
#25720=CARTESIAN_POINT('',(-35.9636324172545,-9.41938042399676,
54.6805070896673));
#25730=CARTESIAN_POINT('',(-35.9653123270939,-9.42173229777191,
54.6893307478563));
#25740=CARTESIAN_POINT('',(-35.9681942747908,-9.42576702454754,
54.7072887110617));
#25750=CARTESIAN_POINT('',(-35.9693909356329,-9.42744234971687,
54.7164147070281));
#25760=CARTESIAN_POINT('',(-35.9712700891865,-9.43007316469188,
54.7348768392164));
#25770=CARTESIAN_POINT('',(-35.9719490271707,-9.43102367787948,
54.7442027359053));
#25780=CARTESIAN_POINT('',(-35.9724659311348,-9.43174734342926,
54.75599924062));
#25790=CARTESIAN_POINT('',(-35.9725543015158,-9.43187106196226,
54.7584311721072));
#25800=CARTESIAN_POINT('',(-35.9727604567696,-9.43215967931592,
54.7655726848243));
#25810=CARTESIAN_POINT('',(-35.9728285104528,-9.43225499999997,
54.7702859776524));
#25820=CARTESIAN_POINT('',(-35.9728285317525,-9.43225499999997,54.775));
#25830=(BOUNDED_SURFACE() B_SPLINE_SURFACE(3,3,((#24550,#24870,#25190,
#25510),(#24560,#24880,#25200,#25520),(#24570,#24890,#25210,#25530),(
#24580,#24900,#25220,#25540),(#24590,#24910,#25230,#25550),(#24600,
#24920,#25240,#25560),(#24610,#24930,#25250,#25570),(#24620,#24940,
#25260,#25580),(#24630,#24950,#25270,#25590),(#24640,#24960,#25280,
#25600),(#24650,#24970,#25290,#25610),(#24660,#24980,#25300,#25620),(
#24670,#24990,#25310,#25630),(#24680,#25000,#25320,#25640),(#24690,
#25010,#25330,#25650),(#24700,#25020,#25340,#25660),(#24710,#25030,
#25350,#25670),(#24720,#25040,#25360,#25680),(#24730,#25050,#25370,
#25690),(#24740,#25060,#25380,#25700),(#24750,#25070,#25390,#25710),(
#24760,#25080,#25400,#25720),(#24770,#25090,#25410,#25730),(#24780,
#25100,#25420,#25740),(#24790,#25110,#25430,#25750),(#24800,#25120,
#25440,#25760),(#24810,#25130,#25450,#25770),(#24820,#25140,#25460,
#25780),(#24830,#25150,#25470,#25790),(#24840,#25160,#25480,#25800),(
#24850,#25170,#25490,#25810),(#24860,#25180,#25500,#25820)),
.UNSPECIFIED.,.F.,.F.,.F.) B_SPLINE_SURFACE_WITH_KNOTS((4,2,2,2,2,2,2,2,
2,2,2,2,2,2,2,4),(4,4),(0.,0.0510363307350751,0.102188865107801,
0.153553223440416,0.20528773331955,0.248247533261993,0.291653639993941,
0.335543248412157,0.380084950358948,0.44372074807497,0.508900069526246,
0.536734457466058,0.564778855190215,0.592952698619376,0.600261866371095,
0.614404494444588),(0.,1.),.UNSPECIFIED.) GEOMETRIC_REPRESENTATION_ITEM(
) RATIONAL_B_SPLINE_SURFACE(((1.,1.,1.,1.),(1.,0.999988479679201,
0.999988479679201,1.),(1.,0.999208200453375,0.999208200453375,1.),(1.,
0.996082544323146,0.996082544323146,1.),(1.,0.99373926155849,
0.99373926155849,1.),(1.,0.987515872660736,0.987515872660736,1.),(1.,
0.98363419387651,0.98363419387651,1.),(1.,0.9743816276645,
0.9743816276645,1.),(1.,0.969004130844386,0.969004130844386,1.),(1.,
0.957934236186779,0.957934236186779,1.),(1.,0.952452884421368,
0.952452884421368,1.),(1.,0.940621642434681,0.940621642434681,1.),(1.,
0.934272513408759,0.934272513408759,1.),(1.,0.920857333633916,
0.920857333633916,1.),(1.,0.913793856943026,0.913793856943026,1.),(1.,
0.899153832595466,0.899153832595466,1.),(1.,0.891596434571674,
0.891596434571674,1.),(1.,0.873189207842866,0.873189207842866,1.),(1.,
0.862381087327785,0.862381087327785,1.),(1.,0.842104059605929,
0.842104059605929,1.),(1.,0.832596996414951,0.832596996414951,1.),(1.,
0.821503042757754,0.821503042757754,1.),(1.,0.818527407302237,
0.818527407302237,1.),(1.,0.813336971476082,0.813336971476082,1.),(1.,
0.811143229451241,0.811143229451241,1.),(1.,0.807671302695645,
0.807671302695645,1.),(1.,0.806398181598222,0.806398181598222,1.),(1.,
0.80542073047204,0.80542073047204,1.),(1.,0.805256751006019,
0.805256751006019,1.),(1.,0.804874124756179,0.804874124756179,1.),(1.,
0.804737938100247,0.804737938100247,1.),(1.,0.804737854124364,
0.804737854124364,1.))) REPRESENTATION_ITEM('') SURFACE());
#25840=CARTESIAN_POINT('',(-35.9728285317525,-9.43225499999997,54.775));
#25850=CARTESIAN_POINT('',(-36.0314071820869,-9.43225499999997,54.775));
#25860=CARTESIAN_POINT('',(-36.072828542971,-9.3908336391158,54.775));
#25870=CARTESIAN_POINT('',(-36.072828542971,-9.33225498878146,54.775));
#25880=(BOUNDED_CURVE() B_SPLINE_CURVE(3,(#25840,#25850,#25860,#25870),
.UNSPECIFIED.,.F.,.F.) B_SPLINE_CURVE_WITH_KNOTS((4,4),(0.,1.),
.UNSPECIFIED.) CURVE() GEOMETRIC_REPRESENTATION_ITEM() 
RATIONAL_B_SPLINE_CURVE((1.,0.804737854124365,0.804737854124365,1.)) 
REPRESENTATION_ITEM(''));
#25890=EDGE_CURVE('',#16200,#13840,#25880,.T.);
#25900=ORIENTED_EDGE('',*,*,#25890,.T.);
#25910=ORIENTED_EDGE('',*,*,#21900,.T.);
#25920=ORIENTED_EDGE('',*,*,#14200,.F.);
#25930=EDGE_LOOP('',(#25920,#25910,#25900));
#25940=FACE_OUTER_BOUND('',#25930,.T.);
#25950=ADVANCED_FACE('',(#25940),#25830,.F.);
#25960=CARTESIAN_POINT('',(-34.317828542971,-0.244755000000013,58.25));
#25970=DIRECTION('',(1.,0.,-0.));
#25980=DIRECTION('',(0.,0.,1.));
#25990=AXIS2_PLACEMENT_3D('',#25960,#25970,#25980);
#26000=PLANE('',#25990);
#26010=ORIENTED_EDGE('',*,*,#18300,.T.);
#26020=CARTESIAN_POINT('',(-34.317828542971,-5.45813999999999,58.67));
#26030=DIRECTION('',(3.46667389989702E-33,-1.,1.11022302462516E-15));
#26040=VECTOR('',#26030,1.);
#26050=LINE('',#26020,#26040);
#26060=EDGE_CURVE('',#18190,#23210,#26050,.T.);
#26070=ORIENTED_EDGE('',*,*,#26060,.F.);
#26080=ORIENTED_EDGE('',*,*,#23220,.T.);
#26090=CARTESIAN_POINT('',(-34.317828542971,-5.45813999999999,57.83));
#26100=DIRECTION('',(3.46667389989702E-33,-1.,-1.11022302462516E-15));
#26110=VECTOR('',#26100,1.);
#26120=LINE('',#26090,#26110);
#26130=EDGE_CURVE('',#18290,#23130,#26120,.T.);
#26140=ORIENTED_EDGE('',*,*,#26130,.T.);
#26150=EDGE_LOOP('',(#26140,#26080,#26070,#26010));
#26160=FACE_OUTER_BOUND('',#26150,.T.);
#26170=ADVANCED_FACE('',(#26160),#26000,.F.);
#26180=CARTESIAN_POINT('',(-33.872828542971,-6.612255,55.885));
#26190=DIRECTION('',(5.11841600202274E-18,0.0819601649757752,
-0.996635606105433));
#26200=DIRECTION('',(-6.22399385845969E-17,-0.996635606105433,
-0.0819601649757752));
#26210=AXIS2_PLACEMENT_3D('',#26180,#26190,#26200);
#26220=PLANE('',#26210);
#26230=CARTESIAN_POINT('',(-33.282828542971,-6.61225499999996,55.885));
#26240=DIRECTION('',(-1.,6.2450045135165E-17,6.16297582203915E-33));
#26250=VECTOR('',#26240,1.);
#26260=LINE('',#26230,#26250);
#26270=CARTESIAN_POINT('',(-32.672828542971,-6.61225499999996,55.885));
#26280=VERTEX_POINT('',#26270);
#26290=CARTESIAN_POINT('',(-35.072828542971,-6.61225499999996,55.885));
#26300=VERTEX_POINT('',#26290);
#26310=EDGE_CURVE('',#26280,#26300,#26260,.T.);
#26320=ORIENTED_EDGE('',*,*,#26310,.F.);
#26330=CARTESIAN_POINT('',(-35.072828542971,-5.46633601649757,
55.9792367585117));
#26340=DIRECTION('',(-5.55111512312578E-17,-0.996635606105433,
-0.0819601649757752));
#26350=VECTOR('',#26340,1.);
#26360=LINE('',#26330,#26350);
#26370=EDGE_CURVE('',#4300,#26300,#26360,.T.);
#26380=ORIENTED_EDGE('',*,*,#26370,.T.);
#26390=ORIENTED_EDGE('',*,*,#4310,.T.);
#26400=CARTESIAN_POINT('',(-32.672828542971,-5.46633601649757,
55.9792367585117));
#26410=DIRECTION('',(-6.89687259379359E-17,-0.996635606105433,
-0.0819601649757752));
#26420=VECTOR('',#26410,1.);
#26430=LINE('',#26400,#26420);
#26440=EDGE_CURVE('',#4220,#26280,#26430,.T.);
#26450=ORIENTED_EDGE('',*,*,#26440,.F.);
#26460=EDGE_LOOP('',(#26450,#26390,#26380,#26320));
#26470=FACE_OUTER_BOUND('',#26460,.T.);
#26480=ADVANCED_FACE('',(#26470),#26220,.F.);
#26490=CARTESIAN_POINT('',(-32.3267045230236,-0.0371462696496767,57.83))
;
#26500=DIRECTION('',(-3.84878118253276E-48,1.11022302462516E-15,-1.));
#26510=DIRECTION('',(-3.46667389989702E-33,1.,1.11022302462516E-15));
#26520=AXIS2_PLACEMENT_3D('',#26490,#26500,#26510);
#26530=PLANE('',#26520);
#26540=ORIENTED_EDGE('',*,*,#18640,.T.);
#26550=CARTESIAN_POINT('',(-32.117828542971,-5.45813999999999,
57.8299999999999));
#26560=DIRECTION('',(3.46667389989702E-33,-1.,-1.11022302462516E-15));
#26570=VECTOR('',#26560,1.);
#26580=LINE('',#26550,#26570);
#26590=CARTESIAN_POINT('',(-32.117828542971,-0.282255000000015,57.83));
#26600=VERTEX_POINT('',#26590);
#26610=EDGE_CURVE('',#18550,#26600,#26580,.T.);
#26620=ORIENTED_EDGE('',*,*,#26610,.F.);
#26630=CARTESIAN_POINT('',(-33.362828542971,-0.282255000000015,57.83));
#26640=DIRECTION('',(1.,3.46667389989702E-33,0.));
#26650=VECTOR('',#26640,1.);
#26660=LINE('',#26630,#26650);
#26670=CARTESIAN_POINT('',(-32.9178285429711,-0.282255000000015,57.83));
#26680=VERTEX_POINT('',#26670);
#26690=EDGE_CURVE('',#26680,#26600,#26660,.T.);
#26700=ORIENTED_EDGE('',*,*,#26690,.T.);
#26710=CARTESIAN_POINT('',(-32.9178285429711,-5.45813999999999,
57.8299999999999));
#26720=DIRECTION('',(3.46667389989702E-33,-1.,-1.11022302462516E-15));
#26730=VECTOR('',#26720,1.);
#26740=LINE('',#26710,#26730);
#26750=EDGE_CURVE('',#18630,#26680,#26740,.T.);
#26760=ORIENTED_EDGE('',*,*,#26750,.T.);
#26770=EDGE_LOOP('',(#26760,#26700,#26620,#26540));
#26780=FACE_OUTER_BOUND('',#26770,.T.);
#26790=ADVANCED_FACE('',(#26780),#26530,.F.);
#26800=CARTESIAN_POINT('',(-31.422828542971,-4.73225500000002,59.1));
#26810=DIRECTION('',(1.,-2.46519032881566E-32,5.55111512312578E-17));
#26820=DIRECTION('',(-6.16297582203914E-33,1.,5.55111512312578E-16));
#26830=AXIS2_PLACEMENT_3D('',#26800,#26810,#26820);
#26840=PLANE('',#26830);
#26850=ORIENTED_EDGE('',*,*,#4560,.F.);
#26860=ORIENTED_EDGE('',*,*,#21280,.F.);
#26870=ORIENTED_EDGE('',*,*,#17630,.F.);
#26880=ORIENTED_EDGE('',*,*,#15500,.F.);
#26890=EDGE_LOOP('',(#26880,#26870,#26860,#26850));
#26900=FACE_OUTER_BOUND('',#26890,.T.);
#26910=ADVANCED_FACE('',(#26900),#26840,.T.);
#26920=CARTESIAN_POINT('',(-35.797828542971,0.042744999999992,56.425));
#26930=DIRECTION('',(-0.707106781186549,0.707106781186546,
8.71576399210523E-33));
#26940=DIRECTION('',(0.707106781186546,0.707106781186549,-0.));
#26950=AXIS2_PLACEMENT_3D('',#26920,#26930,#26940);
#26960=PLANE('',#26950);
#26970=ORIENTED_EDGE('',*,*,#16740,.T.);
#26980=CARTESIAN_POINT('',(-35.6397535429711,0.200819999999954,55.908075
));
#26990=DIRECTION('',(-0.5773502691896,-0.577350269189602,
-0.577350269189676));
#27000=VECTOR('',#26990,1.);
#27010=LINE('',#26980,#27000);
#27020=EDGE_CURVE('',#19380,#16650,#27010,.T.);
#27030=ORIENTED_EDGE('',*,*,#27020,.T.);
#27040=ORIENTED_EDGE('',*,*,#19390,.T.);
#27050=ORIENTED_EDGE('',*,*,#11440,.T.);
#27060=CARTESIAN_POINT('',(-35.872828542971,-0.0322550000000081,56.425))
;
#27070=DIRECTION('',(-4.27300548559191E-65,1.23259516440783E-32,-1.));
#27080=VECTOR('',#27070,1.);
#27090=LINE('',#27060,#27080);
#27100=EDGE_CURVE('',#540,#16730,#27090,.T.);
#27110=ORIENTED_EDGE('',*,*,#27100,.F.);
#27120=EDGE_LOOP('',(#27110,#27050,#27040,#27030,#26970));
#27130=FACE_OUTER_BOUND('',#27120,.T.);
#27140=ADVANCED_FACE('',(#27130),#26960,.T.);
#27150=CARTESIAN_POINT('',(-35.742828542971,-10.332255,59.05));
#27160=DIRECTION('',(3.84878118253276E-48,-5.55111512312578E-16,-1.));
#27170=DIRECTION('',(-1.,-6.93334779979405E-33,0.));
#27180=AXIS2_PLACEMENT_3D('',#27150,#27160,#27170);
#27190=PLANE('',#27180);
#27200=ORIENTED_EDGE('',*,*,#15050,.T.);
#27210=CARTESIAN_POINT('',(-34.022828542971,-5.75814000000002,59.05));
#27220=DIRECTION('',(0.,-1.,0.));
#27230=VECTOR('',#27220,1.);
#27240=LINE('',#27210,#27230);
#27250=EDGE_CURVE('',#23450,#14980,#27240,.T.);
#27260=ORIENTED_EDGE('',*,*,#27250,.T.);
#27270=ORIENTED_EDGE('',*,*,#23460,.T.);
#27280=ORIENTED_EDGE('',*,*,#22900,.T.);
#27290=EDGE_LOOP('',(#27280,#27270,#27260,#27200));
#27300=FACE_OUTER_BOUND('',#27290,.T.);
#27310=ADVANCED_FACE('',(#27300),#27190,.T.);
#27320=CARTESIAN_POINT('',(-35.822828542971,-0.0322550000000081,60.975))
;
#27330=DIRECTION('',(0.,-1.,0.));
#27340=DIRECTION('',(0.,-0.,-1.));
#27350=AXIS2_PLACEMENT_3D('',#27320,#27330,#27340);
#27360=CONICAL_SURFACE('',#27350,0.5,0.785398163397447);
#27370=CARTESIAN_POINT('',(-36.322828542971,-0.0322550000000081,60.975))
;
#27380=DIRECTION('',(0.707106781186546,0.707106781186549,-0.));
#27390=VECTOR('',#27380,1.);
#27400=LINE('',#27370,#27390);
#27410=EDGE_CURVE('',#7250,#19220,#27400,.T.);
#27420=ORIENTED_EDGE('',*,*,#27410,.F.);
#27430=ORIENTED_EDGE('',*,*,#19230,.T.);
#27440=ORIENTED_EDGE('',*,*,#790,.F.);
#27450=ORIENTED_EDGE('',*,*,#7330,.F.);
#27460=EDGE_LOOP('',(#27450,#27440,#27430,#27420));
#27470=FACE_OUTER_BOUND('',#27460,.T.);
#27480=ADVANCED_FACE('',(#27470),#27360,.T.);
#27490=CARTESIAN_POINT('',(-35.072828542971,0.0177449999999926,55.908075
));
#27500=DIRECTION('',(4.27300548559191E-65,-1.23259516440783E-32,1.));
#27510=DIRECTION('',(3.46667389989702E-33,-1.,-1.23259516440783E-32));
#27520=AXIS2_PLACEMENT_3D('',#27490,#27500,#27510);
#27530=CYLINDRICAL_SURFACE('',#27520,0.1);
#27540=ORIENTED_EDGE('',*,*,#20730,.T.);
#27550=ORIENTED_EDGE('',*,*,#19620,.F.);
#27560=ORIENTED_EDGE('',*,*,#11220,.F.);
#27570=CARTESIAN_POINT('',(-35.172828542971,0.0177449999999935,55.908075
));
#27580=DIRECTION('',(-6.16297582203915E-33,2.46519032881566E-32,-1.));
#27590=VECTOR('',#27580,1.);
#27600=LINE('',#27570,#27590);
#27610=EDGE_CURVE('',#11120,#20720,#27600,.T.);
#27620=ORIENTED_EDGE('',*,*,#27610,.F.);
#27630=EDGE_LOOP('',(#27620,#27560,#27550,#27540));
#27640=FACE_OUTER_BOUND('',#27630,.T.);
#27650=ADVANCED_FACE('',(#27640),#27530,.T.);
#27660=CARTESIAN_POINT('',(-31.822828542971,-2.68225500000002,58.25));
#27670=DIRECTION('',(1.,3.46667389989702E-33,0.));
#27680=DIRECTION('',(0.,-0.,-1.));
#27690=AXIS2_PLACEMENT_3D('',#27660,#27670,#27680);
#27700=PLANE('',#27690);
#27710=ORIENTED_EDGE('',*,*,#15330,.T.);
#27720=CARTESIAN_POINT('',(-31.822828542971,-5.45814000000001,57.45));
#27730=DIRECTION('',(3.46667389989702E-33,-1.,0.));
#27740=VECTOR('',#27730,1.);
#27750=LINE('',#27720,#27740);
#27760=CARTESIAN_POINT('',(-31.822828542971,-0.282255000000015,57.45));
#27770=VERTEX_POINT('',#27760);
#27780=EDGE_CURVE('',#27770,#15240,#27750,.T.);
#27790=ORIENTED_EDGE('',*,*,#27780,.T.);
#27800=CARTESIAN_POINT('',(-31.822828542971,-0.282255000000015,53.908075
));
#27810=DIRECTION('',(0.,0.,1.));
#27820=VECTOR('',#27810,1.);
#27830=LINE('',#27800,#27820);
#27840=CARTESIAN_POINT('',(-31.822828542971,-0.282255000000015,59.05));
#27850=VERTEX_POINT('',#27840);
#27860=EDGE_CURVE('',#27770,#27850,#27830,.T.);
#27870=ORIENTED_EDGE('',*,*,#27860,.F.);
#27880=CARTESIAN_POINT('',(-31.822828542971,-5.45814000000001,59.05));
#27890=DIRECTION('',(0.,-1.,0.));
#27900=VECTOR('',#27890,1.);
#27910=LINE('',#27880,#27900);
#27920=EDGE_CURVE('',#27850,#15320,#27910,.T.);
#27930=ORIENTED_EDGE('',*,*,#27920,.F.);
#27940=EDGE_LOOP('',(#27930,#27870,#27790,#27710));
#27950=FACE_OUTER_BOUND('',#27940,.T.);
#27960=ADVANCED_FACE('',(#27950),#27700,.F.);
#27970=CARTESIAN_POINT('',(-33.542828542971,-10.332255,59.05));
#27980=DIRECTION('',(3.84878118253276E-48,-5.55111512312578E-16,-1.));
#27990=DIRECTION('',(-1.,-6.93334779979405E-33,0.));
#28000=AXIS2_PLACEMENT_3D('',#27970,#27980,#27990);
#28010=PLANE('',#28000);
#28020=ORIENTED_EDGE('',*,*,#15390,.F.);
#28030=ORIENTED_EDGE('',*,*,#27920,.T.);
#28040=CARTESIAN_POINT('',(-34.462828542971,-0.282255000000015,59.05));
#28050=DIRECTION('',(1.,6.93334779979405E-33,-0.));
#28060=VECTOR('',#28050,1.);
#28070=LINE('',#28040,#28060);
#28080=CARTESIAN_POINT('',(-33.722828542971,-0.282255000000015,59.05));
#28090=VERTEX_POINT('',#28080);
#28100=EDGE_CURVE('',#28090,#27850,#28070,.T.);
#28110=ORIENTED_EDGE('',*,*,#28100,.T.);
#28120=CARTESIAN_POINT('',(-33.722828542971,-5.45814000000001,59.05));
#28130=DIRECTION('',(0.,1.,-0.));
#28140=VECTOR('',#28130,1.);
#28150=LINE('',#28120,#28140);
#28160=EDGE_CURVE('',#15160,#28090,#28150,.T.);
#28170=ORIENTED_EDGE('',*,*,#28160,.T.);
#28180=EDGE_LOOP('',(#28170,#28110,#28030,#28020));
#28190=FACE_OUTER_BOUND('',#28180,.T.);
#28200=ADVANCED_FACE('',(#28190),#28010,.T.);
#28210=CARTESIAN_POINT('',(-33.722828542971,-3.10225500000002,58.75));
#28220=DIRECTION('',(-1.,2.00296714216291E-33,-8.62816615085482E-32));
#28230=DIRECTION('',(2.00296714216279E-33,1.,1.4210854715202E-15));
#28240=AXIS2_PLACEMENT_3D('',#28210,#28220,#28230);
#28250=PLANE('',#28240);
#28260=ORIENTED_EDGE('',*,*,#28160,.F.);
#28270=CARTESIAN_POINT('',(-33.722828542971,-0.282255000000015,55.908075
));
#28280=DIRECTION('',(-3.71125140161025E-47,-1.28656983699185E-79,1.));
#28290=VECTOR('',#28280,1.);
#28300=LINE('',#28270,#28290);
#28310=CARTESIAN_POINT('',(-33.722828542971,-0.282255000000015,57.45));
#28320=VERTEX_POINT('',#28310);
#28330=EDGE_CURVE('',#28320,#28090,#28300,.T.);
#28340=ORIENTED_EDGE('',*,*,#28330,.T.);
#28350=CARTESIAN_POINT('',(-33.722828542971,-5.45813999999999,57.45));
#28360=DIRECTION('',(-5.27704804762103E-32,1.,5.55111512312578E-16));
#28370=VECTOR('',#28360,1.);
#28380=LINE('',#28350,#28370);
#28390=EDGE_CURVE('',#15140,#28320,#28380,.T.);
#28400=ORIENTED_EDGE('',*,*,#28390,.T.);
#28410=ORIENTED_EDGE('',*,*,#15170,.F.);
#28420=EDGE_LOOP('',(#28410,#28400,#28340,#28260));
#28430=FACE_OUTER_BOUND('',#28420,.T.);
#28440=ADVANCED_FACE('',(#28430),#28250,.F.);
#28450=CARTESIAN_POINT('',(-32.022828542971,-8.4893617811865,54.925));
#28460=DIRECTION('',(1.,3.46667389989702E-33,0.));
#28470=DIRECTION('',(0.,0.,1.));
#28480=AXIS2_PLACEMENT_3D('',#28450,#28460,#28470);
#28490=DEGENERATE_TOROIDAL_SURFACE('',#28480,0.149999999999999,0.35,.T.)
;
#28500=CARTESIAN_POINT('',(-32.022828542971,-8.4893617811865,54.775));
#28510=DIRECTION('',(-3.46667389989702E-33,1.,0.));
#28520=DIRECTION('',(0.,0.,1.));
#28530=AXIS2_PLACEMENT_3D('',#28500,#28510,#28520);
#28540=CIRCLE('',#28530,0.35);
#28550=CARTESIAN_POINT('',(-31.672828542971,-8.4893617811865,54.775));
#28560=VERTEX_POINT('',#28550);
#28570=EDGE_CURVE('',#28560,#24420,#28540,.T.);
#28580=ORIENTED_EDGE('',*,*,#28570,.T.);
#28590=CARTESIAN_POINT('',(-31.672828542971,-8.4893617811865,54.925));
#28600=DIRECTION('',(1.,3.46667389989702E-33,0.));
#28610=DIRECTION('',(0.,0.,1.));
#28620=AXIS2_PLACEMENT_3D('',#28590,#28600,#28610);
#28630=CIRCLE('',#28620,0.15);
#28640=CARTESIAN_POINT('',(-31.672828542971,-8.38329576400852,
54.818933982822));
#28650=VERTEX_POINT('',#28640);
#28660=EDGE_CURVE('',#28560,#28650,#28630,.T.);
#28670=ORIENTED_EDGE('',*,*,#28660,.F.);
#28680=CARTESIAN_POINT('',(-32.022828542971,-8.38329576400852,
54.818933982822));
#28690=DIRECTION('',(-2.4513086227796E-33,0.707106781186549,
0.707106781186546));
#28700=DIRECTION('',(2.4513086227796E-33,-0.707106781186546,
0.707106781186549));
#28710=AXIS2_PLACEMENT_3D('',#28680,#28690,#28700);
#28720=CIRCLE('',#28710,0.35);
#28730=EDGE_CURVE('',#28650,#24220,#28720,.T.);
#28740=ORIENTED_EDGE('',*,*,#28730,.F.);
#28750=ORIENTED_EDGE('',*,*,#24500,.T.);
#28760=EDGE_LOOP('',(#28750,#28740,#28670,#28580));
#28770=FACE_OUTER_BOUND('',#28760,.T.);
#28780=ADVANCED_FACE('',(#28770),#28490,.T.);
#28790=CARTESIAN_POINT('',(-31.947828542971,0.042744999999992,56.425));
#28800=DIRECTION('',(0.707106781186549,0.707106781186546,
3.92523114670944E-17));
#28810=DIRECTION('',(-0.707106781186546,0.707106781186549,0.));
#28820=AXIS2_PLACEMENT_3D('',#28790,#28800,#28810);
#28830=PLANE('',#28820);
#28840=CARTESIAN_POINT('',(-26.4469435429711,-5.45813999999999,51.599115
));
#28850=DIRECTION('',(0.577350269189625,-0.577350269189627,
-0.577350269189626));
#28860=VECTOR('',#28850,1.);
#28870=LINE('',#28840,#28860);
#28880=EDGE_CURVE('',#20000,#10560,#28870,.T.);
#28890=ORIENTED_EDGE('',*,*,#28880,.T.);
#28900=ORIENTED_EDGE('',*,*,#20010,.T.);
#28910=ORIENTED_EDGE('',*,*,#22570,.T.);
#28920=ORIENTED_EDGE('',*,*,#8320,.F.);
#28930=CARTESIAN_POINT('',(-31.872828542971,-0.0322550000000081,56.425))
;
#28940=DIRECTION('',(-5.55111512312578E-17,-9.24446373305873E-33,1.));
#28950=VECTOR('',#28940,1.);
#28960=LINE('',#28930,#28950);
#28970=EDGE_CURVE('',#8310,#10560,#28960,.T.);
#28980=ORIENTED_EDGE('',*,*,#28970,.F.);
#28990=EDGE_LOOP('',(#28980,#28920,#28910,#28900,#28890));
#29000=FACE_OUTER_BOUND('',#28990,.T.);
#29010=ADVANCED_FACE('',(#29000),#28830,.T.);
#29020=CARTESIAN_POINT('',(-31.672828542971,-8.23225499999998,
55.760584455398));
#29030=DIRECTION('',(1.,3.46667389989702E-33,0.));
#29040=DIRECTION('',(3.46667389989702E-33,-1.,-5.55111512312578E-16));
#29050=AXIS2_PLACEMENT_3D('',#29020,#29030,#29040);
#29060=PLANE('',#29050);
#29070=ORIENTED_EDGE('',*,*,#28660,.T.);
#29080=CARTESIAN_POINT('',(-31.672828542971,-5.45813999999999,54.775));
#29090=DIRECTION('',(3.46667389989702E-33,-1.,5.55111512312578E-16));
#29100=VECTOR('',#29090,1.);
#29110=LINE('',#29080,#29100);
#29120=EDGE_CURVE('',#28560,#23970,#29110,.T.);
#29130=ORIENTED_EDGE('',*,*,#29120,.F.);
#29140=ORIENTED_EDGE('',*,*,#23980,.F.);
#29150=ORIENTED_EDGE('',*,*,#10790,.T.);
#29160=CARTESIAN_POINT('',(-31.672828542971,-7.03225499999996,55.908075)
);
#29170=DIRECTION('',(-1.92439059126638E-48,5.55111512312578E-16,1.));
#29180=VECTOR('',#29170,1.);
#29190=LINE('',#29160,#29180);
#29200=CARTESIAN_POINT('',(-31.672828542971,-7.03225499999996,
56.1699747468306));
#29210=VERTEX_POINT('',#29200);
#29220=EDGE_CURVE('',#29210,#10720,#29190,.T.);
#29230=ORIENTED_EDGE('',*,*,#29220,.T.);
#29240=CARTESIAN_POINT('',(-31.672828542971,-5.45813999999999,
57.7440897468306));
#29250=DIRECTION('',(2.4513086227796E-33,-0.707106781186548,
-0.707106781186547));
#29260=VECTOR('',#29250,1.);
#29270=LINE('',#29240,#29260);
#29280=EDGE_CURVE('',#29210,#28650,#29270,.T.);
#29290=ORIENTED_EDGE('',*,*,#29280,.F.);
#29300=EDGE_LOOP('',(#29290,#29230,#29150,#29140,#29130,#29070));
#29310=FACE_OUTER_BOUND('',#29300,.T.);
#29320=ADVANCED_FACE('',(#29310),#29060,.T.);
#29330=CARTESIAN_POINT('',(-35.072828542971,-0.43225499999999,56.825));
#29340=DIRECTION('',(0.,0.,1.));
#29350=DIRECTION('',(3.46667389989702E-33,-1.,0.));
#29360=AXIS2_PLACEMENT_3D('',#29330,#29340,#29350);
#29370=CIRCLE('',#29360,0.1);
#29380=CARTESIAN_POINT('',(-35.172828542971,-0.43225499999999,56.825));
#29390=VERTEX_POINT('',#29380);
#29400=EDGE_CURVE('',#29390,#10100,#29370,.T.);
#29410=ORIENTED_EDGE('',*,*,#29400,.T.);
#29420=CARTESIAN_POINT('',(-35.172828542971,-0.73225499999999,56.825));
#29430=DIRECTION('',(1.,3.46667389989702E-33,0.));
#29440=DIRECTION('',(0.,0.,1.));
#29450=AXIS2_PLACEMENT_3D('',#29420,#29430,#29440);
#29460=CIRCLE('',#29450,0.3);
#29470=EDGE_CURVE('',#29390,#13210,#29460,.T.);
#29480=ORIENTED_EDGE('',*,*,#29470,.F.);
#29490=ORIENTED_EDGE('',*,*,#13220,.F.);
#29500=ORIENTED_EDGE('',*,*,#10180,.T.);
#29510=EDGE_LOOP('',(#29500,#29490,#29480,#29410));
#29520=FACE_OUTER_BOUND('',#29510,.T.);
#29530=ADVANCED_FACE('',(#29520),#12950,.T.);
#29540=CARTESIAN_POINT('',(-32.117828542971,0.117744999999992,58.51));
#29550=DIRECTION('',(1.,-3.46667389989702E-33,-8.54601097118381E-65));
#29560=DIRECTION('',(3.46667389989702E-33,1.,1.23259516440783E-32));
#29570=AXIS2_PLACEMENT_3D('',#29540,#29550,#29560);
#29580=PLANE('',#29570);
#29590=ORIENTED_EDGE('',*,*,#18560,.T.);
#29600=CARTESIAN_POINT('',(-32.117828542971,-5.45813999999999,58.67));
#29610=DIRECTION('',(3.46667389989702E-33,-1.,1.11022302462516E-15));
#29620=VECTOR('',#29610,1.);
#29630=LINE('',#29600,#29620);
#29640=CARTESIAN_POINT('',(-32.117828542971,-0.282255000000015,58.67));
#29650=VERTEX_POINT('',#29640);
#29660=EDGE_CURVE('',#18530,#29650,#29630,.T.);
#29670=ORIENTED_EDGE('',*,*,#29660,.F.);
#29680=CARTESIAN_POINT('',(-32.117828542971,-0.282255000000015,53.908075
));
#29690=DIRECTION('',(0.,0.,1.));
#29700=VECTOR('',#29690,1.);
#29710=LINE('',#29680,#29700);
#29720=EDGE_CURVE('',#26600,#29650,#29710,.T.);
#29730=ORIENTED_EDGE('',*,*,#29720,.T.);
#29740=ORIENTED_EDGE('',*,*,#26610,.T.);
#29750=EDGE_LOOP('',(#29740,#29730,#29670,#29590));
#29760=FACE_OUTER_BOUND('',#29750,.T.);
#29770=ADVANCED_FACE('',(#29760),#29580,.F.);
#29780=CARTESIAN_POINT('',(-32.3267045230236,-0.0371462696496767,60.67))
;
#29790=DIRECTION('',(7.69756236506552E-48,-1.11022302462516E-15,-1.));
#29800=DIRECTION('',(0.,1.,-1.11022302462516E-15));
#29810=AXIS2_PLACEMENT_3D('',#29780,#29790,#29800);
#29820=PLANE('',#29810);
#29830=ORIENTED_EDGE('',*,*,#18040,.F.);
#29840=CARTESIAN_POINT('',(-32.9178285429711,-5.45813999999999,60.67));
#29850=DIRECTION('',(3.46667389989702E-33,-1.,1.11022302462516E-15));
#29860=VECTOR('',#29850,1.);
#29870=LINE('',#29840,#29860);
#29880=CARTESIAN_POINT('',(-32.9178285429711,-0.282255000000015,60.67));
#29890=VERTEX_POINT('',#29880);
#29900=EDGE_CURVE('',#17950,#29890,#29870,.T.);
#29910=ORIENTED_EDGE('',*,*,#29900,.F.);
#29920=CARTESIAN_POINT('',(-33.362828542971,-0.282255000000015,60.67));
#29930=DIRECTION('',(1.,6.93334779979405E-33,-0.));
#29940=VECTOR('',#29930,1.);
#29950=LINE('',#29920,#29940);
#29960=CARTESIAN_POINT('',(-32.117828542971,-0.282255000000015,60.67));
#29970=VERTEX_POINT('',#29960);
#29980=EDGE_CURVE('',#29890,#29970,#29950,.T.);
#29990=ORIENTED_EDGE('',*,*,#29980,.F.);
#30000=CARTESIAN_POINT('',(-32.117828542971,-5.45813999999999,60.67));
#30010=DIRECTION('',(3.46667389989702E-33,-1.,1.11022302462516E-15));
#30020=VECTOR('',#30010,1.);
#30030=LINE('',#30000,#30020);
#30040=EDGE_CURVE('',#18030,#29970,#30030,.T.);
#30050=ORIENTED_EDGE('',*,*,#30040,.T.);
#30060=EDGE_LOOP('',(#30050,#29990,#29910,#29830));
#30070=FACE_OUTER_BOUND('',#30060,.T.);
#30080=ADVANCED_FACE('',(#30070),#29820,.T.);
#30090=CARTESIAN_POINT('',(-36.072828542971,-9.33225499999997,55.908075)
);
#30100=CARTESIAN_POINT('',(-36.072828542971,-9.39083364376267,55.908075)
);
#30110=CARTESIAN_POINT('',(-36.0314071867337,-9.43225499999997,55.908075
));
#30120=CARTESIAN_POINT('',(-35.972828542971,-9.43225499999997,55.908075)
);
#30130=(BOUNDED_CURVE() B_SPLINE_CURVE(3,(#30090,#30100,#30110,#30120),
.UNSPECIFIED.,.F.,.F.) B_SPLINE_CURVE_WITH_KNOTS((4,4),(0.,1.),
.UNSPECIFIED.) CURVE() GEOMETRIC_REPRESENTATION_ITEM() 
RATIONAL_B_SPLINE_CURVE((1.,0.804737854124364,0.804737854124364,1.)) 
REPRESENTATION_ITEM(''));
#30140=DIRECTION('',(1.92439059126638E-48,-5.55111512312578E-16,1.));
#30150=VECTOR('',#30140,1.);
#30160=SURFACE_OF_LINEAR_EXTRUSION('',#30130,#30150);
#30170=ORIENTED_EDGE('',*,*,#310,.F.);
#30180=ORIENTED_EDGE('',*,*,#16270,.T.);
#30190=ORIENTED_EDGE('',*,*,#25890,.F.);
#30200=CARTESIAN_POINT('',(-36.072828542971,-9.33225499999997,55.908075)
);
#30210=DIRECTION('',(1.92439059126638E-48,-5.55111512312578E-16,1.));
#30220=VECTOR('',#30210,1.);
#30230=LINE('',#30200,#30220);
#30240=EDGE_CURVE('',#13840,#300,#30230,.T.);
#30250=ORIENTED_EDGE('',*,*,#30240,.F.);
#30260=EDGE_LOOP('',(#30250,#30190,#30180,#30170));
#30270=FACE_OUTER_BOUND('',#30260,.T.);
#30280=ADVANCED_FACE('',(#30270),#30160,.T.);
#30290=CARTESIAN_POINT('',(-32.0228285429711,-5.45813999999999,
57.7440897468306));
#30300=DIRECTION('',(1.11022302462516E-16,0.707106781186548,
0.707106781186547));
#30310=DIRECTION('',(2.4513086227796E-33,-0.707106781186547,
0.707106781186548));
#30320=AXIS2_PLACEMENT_3D('',#30290,#30300,#30310);
#30330=CYLINDRICAL_SURFACE('',#30320,0.35);
#30340=ORIENTED_EDGE('',*,*,#8080,.F.);
#30350=CARTESIAN_POINT('',(-32.3728285429711,-5.45813999999999,
57.7440897468306));
#30360=DIRECTION('',(1.11022302462516E-16,0.707106781186548,
0.707106781186547));
#30370=VECTOR('',#30360,1.);
#30380=LINE('',#30350,#30370);
#30390=EDGE_CURVE('',#24240,#7980,#30380,.T.);
#30400=ORIENTED_EDGE('',*,*,#30390,.T.);
#30410=ORIENTED_EDGE('',*,*,#24250,.T.);
#30420=CARTESIAN_POINT('',(-32.0228285429711,-5.2106526265847,
57.4966023734153));
#30430=DIRECTION('',(1.11022302462516E-16,0.707106781186548,
0.707106781186547));
#30440=VECTOR('',#30430,1.);
#30450=LINE('',#30420,#30440);
#30460=EDGE_CURVE('',#24220,#8070,#30450,.T.);
#30470=ORIENTED_EDGE('',*,*,#30460,.F.);
#30480=EDGE_LOOP('',(#30470,#30410,#30400,#30340));
#30490=FACE_OUTER_BOUND('',#30480,.T.);
#30500=ADVANCED_FACE('',(#30490),#30330,.T.);
#30510=CARTESIAN_POINT('',(-32.672828542971,-0.832255000000007,
56.6613416727438));
#30520=DIRECTION('',(-1.,1.2490009027033E-16,5.1356945012471E-18));
#30530=DIRECTION('',(0.,-3.12250225675831E-17,-1.));
#30540=AXIS2_PLACEMENT_3D('',#30510,#30520,#30530);
#30550=TOROIDAL_SURFACE('',#30540,0.399999999999999,0.1);
#30560=ORIENTED_EDGE('',*,*,#4230,.T.);
#30570=CARTESIAN_POINT('',(-32.672828542971,-0.432255000000007,
56.6613416727438));
#30580=DIRECTION('',(-6.16297582203915E-33,-6.2450045135165E-17,1.));
#30590=DIRECTION('',(1.2490009027033E-16,1.,6.2450045135165E-17));
#30600=AXIS2_PLACEMENT_3D('',#30570,#30580,#30590);
#30610=CIRCLE('',#30600,0.1);
#30620=CARTESIAN_POINT('',(-32.572828542971,-0.432255000000008,
56.6613416727438));
#30630=VERTEX_POINT('',#30620);
#30640=EDGE_CURVE('',#4110,#30630,#30610,.T.);
#30650=ORIENTED_EDGE('',*,*,#30640,.F.);
#30660=CARTESIAN_POINT('',(-32.572828542971,-0.832255000000007,
56.6613416727438));
#30670=DIRECTION('',(-1.,1.2490009027033E-16,5.1356945012471E-18));
#30680=DIRECTION('',(-5.1356945012471E-18,6.414487068066E-34,-1.));
#30690=AXIS2_PLACEMENT_3D('',#30660,#30670,#30680);
#30700=CIRCLE('',#30690,0.399999999999999);
#30710=CARTESIAN_POINT('',(-32.572828542971,-0.799470934009698,
56.2626874303017));
#30720=VERTEX_POINT('',#30710);
#30730=EDGE_CURVE('',#30630,#30720,#30700,.T.);
#30740=ORIENTED_EDGE('',*,*,#30730,.F.);
#30750=CARTESIAN_POINT('',(-32.672828542971,-0.799470934009697,
56.2626874303017));
#30760=DIRECTION('',(6.89687259379359E-17,0.996635606105433,
0.0819601649757752));
#30770=DIRECTION('',(1.02368320040455E-17,0.0819601649757752,
-0.996635606105433));
#30780=AXIS2_PLACEMENT_3D('',#30750,#30760,#30770);
#30790=CIRCLE('',#30780,0.1);
#30800=EDGE_CURVE('',#4220,#30720,#30790,.T.);
#30810=ORIENTED_EDGE('',*,*,#30800,.T.);
#30820=EDGE_LOOP('',(#30810,#30740,#30650,#30560));
#30830=FACE_OUTER_BOUND('',#30820,.T.);
#30840=ADVANCED_FACE('',(#30830),#30550,.T.);
#30850=CARTESIAN_POINT('',(-35.722828542971,-8.48936178118649,54.925));
#30860=DIRECTION('',(-1.,-3.46667389989702E-33,0.));
#30870=DIRECTION('',(0.,0.,-1.));
#30880=AXIS2_PLACEMENT_3D('',#30850,#30860,#30870);
#30890=DEGENERATE_TOROIDAL_SURFACE('',#30880,0.149999999999999,0.35,.T.)
;
#30900=ORIENTED_EDGE('',*,*,#13770,.F.);
#30910=CARTESIAN_POINT('',(-35.722828542971,-8.48936178118649,54.925));
#30920=DIRECTION('',(-1.,-3.46667389989702E-33,0.));
#30930=DIRECTION('',(0.,0.,-1.));
#30940=AXIS2_PLACEMENT_3D('',#30910,#30920,#30930);
#30950=CIRCLE('',#30940,0.5);
#30960=CARTESIAN_POINT('',(-35.722828542971,-8.13580839059321,
54.5714466094067));
#30970=VERTEX_POINT('',#30960);
#30980=EDGE_CURVE('',#30970,#13670,#30950,.T.);
#30990=ORIENTED_EDGE('',*,*,#30980,.T.);
#31000=CARTESIAN_POINT('',(-35.722828542971,-8.38329576400851,
54.818933982822));
#31010=DIRECTION('',(-2.45130862277958E-33,0.707106781186542,
0.707106781186553));
#31020=DIRECTION('',(2.45130862277962E-33,-0.707106781186553,
0.707106781186542));
#31030=AXIS2_PLACEMENT_3D('',#31000,#31010,#31020);
#31040=CIRCLE('',#31030,0.35);
#31050=CARTESIAN_POINT('',(-36.072828542971,-8.3832957640085,
54.818933982822));
#31060=VERTEX_POINT('',#31050);
#31070=EDGE_CURVE('',#30970,#31060,#31040,.T.);
#31080=ORIENTED_EDGE('',*,*,#31070,.F.);
#31090=CARTESIAN_POINT('',(-36.072828542971,-8.48936178118649,54.925));
#31100=DIRECTION('',(-1.,-3.46667389989702E-33,0.));
#31110=DIRECTION('',(0.,-0.,-1.));
#31120=AXIS2_PLACEMENT_3D('',#31090,#31100,#31110);
#31130=CIRCLE('',#31120,0.15);
#31140=EDGE_CURVE('',#31060,#13760,#31130,.T.);
#31150=ORIENTED_EDGE('',*,*,#31140,.F.);
#31160=EDGE_LOOP('',(#31150,#31080,#30990,#30900));
#31170=FACE_OUTER_BOUND('',#31160,.T.);
#31180=ADVANCED_FACE('',(#31170),#30890,.T.);
#31190=CARTESIAN_POINT('',(-32.0228285429711,-5.45813999999999,54.775));
#31200=DIRECTION('',(6.24500451351651E-17,1.,-5.55111512312578E-16));
#31210=DIRECTION('',(-1.92439059126638E-48,5.55111512312578E-16,1.));
#31220=AXIS2_PLACEMENT_3D('',#31190,#31200,#31210);
#31230=CYLINDRICAL_SURFACE('',#31220,0.35);
#31240=CARTESIAN_POINT('',(-32.0228285429711,-5.45813999999999,54.425));
#31250=DIRECTION('',(6.24500451351651E-17,1.,-5.55111512312578E-16));
#31260=VECTOR('',#31250,1.);
#31270=LINE('',#31240,#31260);
#31280=EDGE_CURVE('',#3200,#24420,#31270,.T.);
#31290=ORIENTED_EDGE('',*,*,#31280,.F.);
#31300=ORIENTED_EDGE('',*,*,#24430,.F.);
#31310=CARTESIAN_POINT('',(-32.3728285429711,-5.45813999999999,54.775));
#31320=DIRECTION('',(-6.24500451351651E-17,-1.,5.55111512312578E-16));
#31330=VECTOR('',#31320,1.);
#31340=LINE('',#31310,#31330);
#31350=EDGE_CURVE('',#24330,#2830,#31340,.T.);
#31360=ORIENTED_EDGE('',*,*,#31350,.F.);
#31370=ORIENTED_EDGE('',*,*,#3560,.T.);
#31380=EDGE_LOOP('',(#31370,#31360,#31300,#31290));
#31390=FACE_OUTER_BOUND('',#31380,.T.);
#31400=ADVANCED_FACE('',(#31390),#31230,.T.);
#31410=CARTESIAN_POINT('',(-33.405328542971,-8.36225499999997,53.825));
#31420=DIRECTION('',(-1.92439059126638E-48,5.55111512312578E-16,-1.));
#31430=DIRECTION('',(-3.46667389989702E-33,1.,5.55111512312578E-16));
#31440=AXIS2_PLACEMENT_3D('',#31410,#31420,#31430);
#31450=PLANE('',#31440);
#31460=CARTESIAN_POINT('',(-33.5728285429711,-8.1694007191668,53.825));
#31470=DIRECTION('',(6.2450045135165E-17,1.,5.55111512312578E-16));
#31480=VECTOR('',#31470,1.);
#31490=LINE('',#31460,#31480);
#31500=CARTESIAN_POINT('',(-33.5728285429711,-8.36225499999997,53.825));
#31510=VERTEX_POINT('',#31500);
#31520=CARTESIAN_POINT('',(-33.5728285429711,-7.97654643833363,53.825));
#31530=VERTEX_POINT('',#31520);
#31540=EDGE_CURVE('',#31510,#31530,#31490,.T.);
#31550=ORIENTED_EDGE('',*,*,#31540,.F.);
#31560=CARTESIAN_POINT('',(-31.672828542971,-7.97654643833363,53.825));
#31570=DIRECTION('',(-1.,-3.46667389989702E-33,0.));
#31580=VECTOR('',#31570,1.);
#31590=LINE('',#31560,#31580);
#31600=CARTESIAN_POINT('',(-34.172828542971,-7.97654643833363,53.825));
#31610=VERTEX_POINT('',#31600);
#31620=EDGE_CURVE('',#31530,#31610,#31590,.T.);
#31630=ORIENTED_EDGE('',*,*,#31620,.F.);
#31640=CARTESIAN_POINT('',(-34.172828542971,-8.1694007191668,53.825));
#31650=DIRECTION('',(3.46667389989702E-33,-1.,-5.55111512312578E-16));
#31660=VECTOR('',#31650,1.);
#31670=LINE('',#31640,#31660);
#31680=CARTESIAN_POINT('',(-34.172828542971,-8.36225499999997,53.825));
#31690=VERTEX_POINT('',#31680);
#31700=EDGE_CURVE('',#31610,#31690,#31670,.T.);
#31710=ORIENTED_EDGE('',*,*,#31700,.F.);
#31720=CARTESIAN_POINT('',(-33.440328542971,-8.36225499999997,53.825));
#31730=DIRECTION('',(-1.,-3.46667389989702E-33,0.));
#31740=VECTOR('',#31730,1.);
#31750=LINE('',#31720,#31740);
#31760=EDGE_CURVE('',#31510,#31690,#31750,.T.);
#31770=ORIENTED_EDGE('',*,*,#31760,.T.);
#31780=EDGE_LOOP('',(#31770,#31710,#31630,#31550));
#31790=FACE_OUTER_BOUND('',#31780,.T.);
#31800=ADVANCED_FACE('',(#31790),#31450,.T.);
#31810=CARTESIAN_POINT('',(-34.462828542971,-9.08225499999997,54.775));
#31820=DIRECTION('',(-1.,-1.30963236218332E-32,4.78959436048522E-48));
#31830=DIRECTION('',(1.30963236218332E-32,-1.,0.));
#31840=AXIS2_PLACEMENT_3D('',#31810,#31820,#31830);
#31850=CYLINDRICAL_SURFACE('',#31840,0.35);
#31860=ORIENTED_EDGE('',*,*,#3210,.F.);
#31870=ORIENTED_EDGE('',*,*,#15720,.T.);
#31880=CARTESIAN_POINT('',(-32.022828542971,-9.08225499999997,54.425));
#31890=CARTESIAN_POINT('',(-32.0129330642971,-9.09609712377279,54.425));
#31900=CARTESIAN_POINT('',(-32.0030542197169,-9.1099390525557,
54.425820649165));
#31910=CARTESIAN_POINT('',(-31.9833443413356,-9.13753288228954,
54.429112937918));
#31920=CARTESIAN_POINT('',(-31.9735305514947,-9.15127218806688,
54.4315863860129));
#31930=CARTESIAN_POINT('',(-31.9540416534372,-9.17855664534731,
54.4382153438597));
#31940=CARTESIAN_POINT('',(-31.9443793469875,-9.19208387437075,
54.4423736628962));
#31950=CARTESIAN_POINT('',(-31.9252742829876,-9.21883096397062,
54.4524281486397));
#31960=CARTESIAN_POINT('',(-31.9158464724421,-9.23202989874045,
54.4583298506347));
#31970=CARTESIAN_POINT('',(-31.8989714410709,-9.25565494266014,
54.4707320404309));
#31980=CARTESIAN_POINT('',(-31.8914683208153,-9.26615931101099,
54.476955037546));
#31990=CARTESIAN_POINT('',(-31.8767573695255,-9.28675464281666,
54.4906856360818));
#32000=CARTESIAN_POINT('',(-31.8695619717625,-9.29682819969199,
54.4981979785138));
#32010=CARTESIAN_POINT('',(-31.8555693063125,-9.31641793132198,
54.5145535643445));
#32020=CARTESIAN_POINT('',(-31.8487867571436,-9.32591350014041,
54.5233998588165));
#32030=CARTESIAN_POINT('',(-31.8357257374767,-9.34419892767415,
54.5424862878621));
#32040=CARTESIAN_POINT('',(-31.829466617138,-9.35296169616493,
54.5527303332085));
#32050=CARTESIAN_POINT('',(-31.8151793980311,-9.3729638029146,
54.5791227988793));
#32060=CARTESIAN_POINT('',(-31.8075692616684,-9.38361799382367,
54.5958729781877));
#32070=CARTESIAN_POINT('',(-31.7941452624095,-9.40241159278614,
54.6320809965171));
#32080=CARTESIAN_POINT('',(-31.7884139152847,-9.41043547876085,
54.6515101218887));
#32090=CARTESIAN_POINT('',(-31.7820246686877,-9.41938042399668,
54.680507089667));
#32100=CARTESIAN_POINT('',(-31.7803447588482,-9.42173229777184,
54.689330747856));
#32110=CARTESIAN_POINT('',(-31.7774628111514,-9.42576702454748,
54.7072887110614));
#32120=CARTESIAN_POINT('',(-31.7762661503092,-9.42744234971682,
54.7164147070278));
#32130=CARTESIAN_POINT('',(-31.7743869967556,-9.43007316469184,
54.7348768392161));
#32140=CARTESIAN_POINT('',(-31.7737080587714,-9.43102367787945,
54.744202735905));
#32150=CARTESIAN_POINT('',(-31.7731911548073,-9.43174734342925,
54.7559992406199));
#32160=CARTESIAN_POINT('',(-31.7731027844263,-9.43187106196226,
54.7584311721071));
#32170=CARTESIAN_POINT('',(-31.7728966291724,-9.43215967931592,
54.7655726848243));
#32180=CARTESIAN_POINT('',(-31.7728285754892,-9.43225499999997,
54.7702859776524));
#32190=CARTESIAN_POINT('',(-31.7728285541895,-9.43225499999997,54.775));
#32200=B_SPLINE_CURVE_WITH_KNOTS('',3,(#31880,#31890,#31900,#31910,
#31920,#31930,#31940,#31950,#31960,#31970,#31980,#31990,#32000,#32010,
#32020,#32030,#32040,#32050,#32060,#32070,#32080,#32090,#32100,#32110,
#32120,#32130,#32140,#32150,#32160,#32170,#32180,#32190),.UNSPECIFIED.,
.F.,.F.,(4,2,2,2,2,2,2,2,2,2,2,2,2,2,2,4),(0.,0.0510363307349916,
0.102188865107635,0.153553223440165,0.205287733319214,0.24824753326174,
0.291653639993774,0.335543248412077,0.380084950358956,0.443720748074828,
0.508900069525947,0.536734457465768,0.564778855189933,0.592952698619107,
0.600261866371101,0.614404494444595),.UNSPECIFIED.);
#32210=EDGE_CURVE('',#3200,#15650,#32200,.T.);
#32220=ORIENTED_EDGE('',*,*,#32210,.T.);
#32230=EDGE_LOOP('',(#32220,#31870,#31860));
#32240=FACE_OUTER_BOUND('',#32230,.T.);
#32250=ADVANCED_FACE('',(#32240),#31850,.T.);
#32260=CARTESIAN_POINT('',(-33.422828542971,-4.93939356013441,
55.3577090605705));
#32270=DIRECTION('',(-1.,1.26729280449082E-16,3.01457040547671E-20));
#32280=DIRECTION('',(-1.26661452614958E-16,-0.999456943273809,
-0.0329517608296599));
#32290=AXIS2_PLACEMENT_3D('',#32260,#32270,#32280);
#32300=PLANE('',#32290);
#32310=CARTESIAN_POINT('',(-33.422828542971,-5.45813999999999,
55.0232352105263));
#32320=DIRECTION('',(-1.24837859756741E-16,-0.999501757657226,
-0.031563213399702));
#32330=VECTOR('',#32320,1.);
#32340=LINE('',#32310,#32330);
#32350=CARTESIAN_POINT('',(-33.422828542971,-4.45225500000001,55.055));
#32360=VERTEX_POINT('',#32350);
#32370=EDGE_CURVE('',#32360,#7480,#32340,.T.);
#32380=ORIENTED_EDGE('',*,*,#32370,.F.);
#32390=ORIENTED_EDGE('',*,*,#7510,.F.);
#32400=ORIENTED_EDGE('',*,*,#17130,.F.);
#32410=CARTESIAN_POINT('',(-33.422828542971,-4.0997759734847,55.908075))
;
#32420=DIRECTION('',(2.77555756156289E-17,0.381873026477747,
0.924214797354341));
#32430=VECTOR('',#32420,1.);
#32440=LINE('',#32410,#32430);
#32450=EDGE_CURVE('',#32360,#17060,#32440,.T.);
#32460=ORIENTED_EDGE('',*,*,#32450,.T.);
#32470=EDGE_LOOP('',(#32460,#32400,#32390,#32380));
#32480=FACE_OUTER_BOUND('',#32470,.T.);
#32490=ADVANCED_FACE('',(#32480),#32300,.F.);
#32500=CARTESIAN_POINT('',(-35.922828542971,-9.43225500000002,57.45));
#32510=DIRECTION('',(-5.55111512312579E-17,-5.55111512312578E-16,1.));
#32520=DIRECTION('',(1.,-8.85927774418129E-33,5.55111512312579E-17));
#32530=AXIS2_PLACEMENT_3D('',#32500,#32510,#32520);
#32540=PLANE('',#32530);
#32550=ORIENTED_EDGE('',*,*,#14910,.T.);
#32560=ORIENTED_EDGE('',*,*,#22810,.F.);
#32570=ORIENTED_EDGE('',*,*,#23600,.F.);
#32580=CARTESIAN_POINT('',(-34.022828542971,-5.45814000000001,57.45));
#32590=DIRECTION('',(3.46667389989702E-33,-1.,0.));
#32600=VECTOR('',#32590,1.);
#32610=LINE('',#32580,#32600);
#32620=EDGE_CURVE('',#23530,#14900,#32610,.T.);
#32630=ORIENTED_EDGE('',*,*,#32620,.F.);
#32640=EDGE_LOOP('',(#32630,#32570,#32560,#32550));
#32650=FACE_OUTER_BOUND('',#32640,.T.);
#32660=ADVANCED_FACE('',(#32650),#32540,.T.);
#32670=CARTESIAN_POINT('',(-32.9178285429711,0.117744999999992,57.99));
#32680=DIRECTION('',(-1.,3.46667389989702E-33,8.54601097118381E-65));
#32690=DIRECTION('',(-3.46667389989702E-33,-1.,-1.23259516440783E-32));
#32700=AXIS2_PLACEMENT_3D('',#32670,#32680,#32690);
#32710=PLANE('',#32700);
#32720=ORIENTED_EDGE('',*,*,#18720,.T.);
#32730=ORIENTED_EDGE('',*,*,#26750,.F.);
#32740=CARTESIAN_POINT('',(-32.917828542971,-0.282255000000015,62.591925
));
#32750=DIRECTION('',(0.,0.,1.));
#32760=VECTOR('',#32750,1.);
#32770=LINE('',#32740,#32760);
#32780=CARTESIAN_POINT('',(-32.9178285429711,-0.282255000000015,58.67));
#32790=VERTEX_POINT('',#32780);
#32800=EDGE_CURVE('',#26680,#32790,#32770,.T.);
#32810=ORIENTED_EDGE('',*,*,#32800,.F.);
#32820=CARTESIAN_POINT('',(-32.9178285429711,-5.45813999999999,58.67));
#32830=DIRECTION('',(3.46667389989702E-33,-1.,1.11022302462516E-15));
#32840=VECTOR('',#32830,1.);
#32850=LINE('',#32820,#32840);
#32860=EDGE_CURVE('',#18710,#32790,#32850,.T.);
#32870=ORIENTED_EDGE('',*,*,#32860,.T.);
#32880=EDGE_LOOP('',(#32870,#32810,#32730,#32720));
#32890=FACE_OUTER_BOUND('',#32880,.T.);
#32900=ADVANCED_FACE('',(#32890),#32710,.F.);
#32910=CARTESIAN_POINT('',(-32.442826142971,-5.40225500000001,55.025));
#32920=DIRECTION('',(1.97112410142223E-18,0.031563213399702,
-0.999501757657226));
#32930=DIRECTION('',(6.24189298783706E-17,0.999501757657226,
0.031563213399702));
#32940=AXIS2_PLACEMENT_3D('',#32910,#32920,#32930);
#32950=PLANE('',#32940);
#32960=CARTESIAN_POINT('',(-34.322828542971,-5.45813999999999,
55.0232352105263));
#32970=DIRECTION('',(-9.6313769656617E-33,-0.999501757657226,
-0.031563213399702));
#32980=VECTOR('',#32970,1.);
#32990=LINE('',#32960,#32980);
#33000=CARTESIAN_POINT('',(-34.322828542971,-4.45225500000001,55.055));
#33010=VERTEX_POINT('',#33000);
#33020=EDGE_CURVE('',#33010,#7580,#32990,.T.);
#33030=ORIENTED_EDGE('',*,*,#33020,.F.);
#33040=ORIENTED_EDGE('',*,*,#7590,.T.);
#33050=ORIENTED_EDGE('',*,*,#32370,.T.);
#33060=CARTESIAN_POINT('',(-34.462828542971,-4.45225500000001,55.055));
#33070=DIRECTION('',(-1.,2.2414066056966E-17,-1.26429407615365E-18));
#33080=VECTOR('',#33070,1.);
#33090=LINE('',#33060,#33080);
#33100=EDGE_CURVE('',#32360,#33010,#33090,.T.);
#33110=ORIENTED_EDGE('',*,*,#33100,.F.);
#33120=EDGE_LOOP('',(#33110,#33050,#33040,#33030));
#33130=FACE_OUTER_BOUND('',#33120,.T.);
#33140=ADVANCED_FACE('',(#33130),#32950,.T.);
#33150=CARTESIAN_POINT('',(-35.072828542971,-5.45813999999999,
55.5194070554703));
#33160=DIRECTION('',(6.24500451351651E-17,0.998191753821356,
0.0601100873651547));
#33170=DIRECTION('',(2.08382070989312E-34,-0.0601100873651547,
0.998191753821356));
#33180=AXIS2_PLACEMENT_3D('',#33150,#33160,#33170);
#33190=CYLINDRICAL_SURFACE('',#33180,0.1);
#33200=ORIENTED_EDGE('',*,*,#20890,.F.);
#33210=CARTESIAN_POINT('',(-35.172828542971,-5.45813999999999,
55.5194070554703));
#33220=DIRECTION('',(6.24500451351651E-17,0.998191753821356,
0.0601100873651547));
#33230=VECTOR('',#33220,1.);
#33240=LINE('',#33210,#33230);
#33250=CARTESIAN_POINT('',(-35.172828542971,-7.00440321164981,
55.4262926649877));
#33260=VERTEX_POINT('',#33250);
#33270=EDGE_CURVE('',#33260,#20810,#33240,.T.);
#33280=ORIENTED_EDGE('',*,*,#33270,.T.);
#33290=CARTESIAN_POINT('',(-35.072828542971,-7.00440321164981,
55.4262926649877));
#33300=DIRECTION('',(-3.34391884807604E-33,0.964589962781147,
-0.263754059119222));
#33310=DIRECTION('',(1.943917548557E-16,0.263754059119222,
0.964589962781147));
#33320=AXIS2_PLACEMENT_3D('',#33290,#33300,#33310);
#33330=ELLIPSE('',#33320,0.105597572386815,0.1);
#33340=EDGE_CURVE('',#17380,#33260,#33330,.T.);
#33350=ORIENTED_EDGE('',*,*,#33340,.T.);
#33360=ORIENTED_EDGE('',*,*,#17390,.F.);
#33370=EDGE_LOOP('',(#33360,#33350,#33280,#33200));
#33380=FACE_OUTER_BOUND('',#33370,.T.);
#33390=ADVANCED_FACE('',(#33380),#33190,.T.);
#33400=CARTESIAN_POINT('',(-35.172828542971,-3.73909833752067,
55.8219338716854));
#33410=DIRECTION('',(-1.,6.2450045135165E-17,3.90000813738415E-33));
#33420=DIRECTION('',(6.2450045135165E-17,1.,6.2450045135165E-17));
#33430=AXIS2_PLACEMENT_3D('',#33400,#33410,#33420);
#33440=PLANE('',#33430);
#33450=ORIENTED_EDGE('',*,*,#20820,.F.);
#33460=ORIENTED_EDGE('',*,*,#27610,.T.);
#33470=ORIENTED_EDGE('',*,*,#11130,.T.);
#33480=CARTESIAN_POINT('',(-35.172828542971,-0.732254999999989,55.908075
));
#33490=DIRECTION('',(-6.16297582203916E-33,-6.2450045135165E-17,1.));
#33500=VECTOR('',#33490,1.);
#33510=LINE('',#33480,#33500);
#33520=EDGE_CURVE('',#13290,#11040,#33510,.T.);
#33530=ORIENTED_EDGE('',*,*,#33520,.T.);
#33540=ORIENTED_EDGE('',*,*,#13300,.T.);
#33550=ORIENTED_EDGE('',*,*,#29470,.T.);
#33560=CARTESIAN_POINT('',(-35.172828542971,-0.432255000000005,55.908075
));
#33570=DIRECTION('',(-2.16493941517468E-49,6.2450045135165E-17,-1.));
#33580=VECTOR('',#33570,1.);
#33590=LINE('',#33560,#33580);
#33600=CARTESIAN_POINT('',(-35.172828542971,-0.432255000000008,
56.6613416727438));
#33610=VERTEX_POINT('',#33600);
#33620=EDGE_CURVE('',#29390,#33610,#33590,.T.);
#33630=ORIENTED_EDGE('',*,*,#33620,.F.);
#33640=CARTESIAN_POINT('',(-35.172828542971,-0.832255000000007,
56.6613416727438));
#33650=DIRECTION('',(-1.,3.207243534033E-34,-5.1356945012471E-18));
#33660=DIRECTION('',(5.1356945012471E-18,-1.64714229818936E-51,-1.));
#33670=AXIS2_PLACEMENT_3D('',#33640,#33650,#33660);
#33680=CIRCLE('',#33670,0.399999999999999);
#33690=CARTESIAN_POINT('',(-35.172828542971,-0.799470934009698,
56.2626874303017));
#33700=VERTEX_POINT('',#33690);
#33710=EDGE_CURVE('',#33610,#33700,#33680,.T.);
#33720=ORIENTED_EDGE('',*,*,#33710,.F.);
#33730=CARTESIAN_POINT('',(-35.172828542971,-5.45813999999999,
55.8795731979011));
#33740=DIRECTION('',(-5.55111512312578E-17,-0.996635606105433,
-0.0819601649757752));
#33750=VECTOR('',#33740,1.);
#33760=LINE('',#33730,#33750);
#33770=CARTESIAN_POINT('',(-35.172828542971,-6.59502416584989,
55.7860794342622));
#33780=VERTEX_POINT('',#33770);
#33790=EDGE_CURVE('',#33700,#33780,#33760,.T.);
#33800=ORIENTED_EDGE('',*,*,#33790,.F.);
#33810=CARTESIAN_POINT('',(-35.172828542971,-5.45813999999995,
56.0920046279818));
#33820=DIRECTION('',(-5.55111512312578E-17,-0.965649653996315,
-0.25984754325719));
#33830=VECTOR('',#33820,1.);
#33840=LINE('',#33810,#33830);
#33850=CARTESIAN_POINT('',(-35.172828542971,-9.36225499999997,
55.0414427734364));
#33860=VERTEX_POINT('',#33850);
#33870=EDGE_CURVE('',#33780,#33860,#33840,.T.);
#33880=ORIENTED_EDGE('',*,*,#33870,.F.);
#33890=CARTESIAN_POINT('',(-35.172828542971,-9.36225499999997,55.908075)
);
#33900=DIRECTION('',(9.86076131526265E-32,1.35862590051207E-15,1.));
#33910=VECTOR('',#33900,1.);
#33920=LINE('',#33890,#33910);
#33930=CARTESIAN_POINT('',(-35.172828542971,-9.36225499999997,
54.6485601121442));
#33940=VERTEX_POINT('',#33930);
#33950=EDGE_CURVE('',#33940,#33860,#33920,.T.);
#33960=ORIENTED_EDGE('',*,*,#33950,.T.);
#33970=CARTESIAN_POINT('',(-35.172828542971,-8.86225499999997,
54.6485601121442));
#33980=DIRECTION('',(1.,3.46667389989702E-33,0.));
#33990=DIRECTION('',(3.46667389989702E-33,-1.,-5.55111512312578E-16));
#34000=AXIS2_PLACEMENT_3D('',#33970,#33980,#33990);
#34010=CIRCLE('',#34000,0.5);
#34020=CARTESIAN_POINT('',(-35.172828542971,-9.36204345297337,
54.634016994375));
#34030=VERTEX_POINT('',#34020);
#34040=EDGE_CURVE('',#33940,#34030,#34010,.T.);
#34050=ORIENTED_EDGE('',*,*,#34040,.F.);
#34060=CARTESIAN_POINT('',(-35.172828542971,-8.23225499999996,
54.634016994375));
#34070=DIRECTION('',(3.46667389989702E-33,-1.,-5.55111512312578E-16));
#34080=VECTOR('',#34070,1.);
#34090=LINE('',#34060,#34080);
#34100=CARTESIAN_POINT('',(-35.172828542971,-7.22104026172134,
54.634016994375));
#34110=VERTEX_POINT('',#34100);
#34120=EDGE_CURVE('',#34110,#34030,#34090,.T.);
#34130=ORIENTED_EDGE('',*,*,#34120,.T.);
#34140=CARTESIAN_POINT('',(-35.172828542971,-7.03225499999996,
55.3244343065693));
#34150=DIRECTION('',(9.14349312740502E-34,-0.263754059119222,
-0.964589962781147));
#34160=VECTOR('',#34150,1.);
#34170=LINE('',#34140,#34160);
#34180=EDGE_CURVE('',#33260,#34110,#34170,.T.);
#34190=ORIENTED_EDGE('',*,*,#34180,.T.);
#34200=ORIENTED_EDGE('',*,*,#33270,.F.);
#34210=EDGE_LOOP('',(#34200,#34190,#34130,#34050,#33960,#33880,#33800,
#33720,#33630,#33550,#33540,#33530,#33470,#33460,#33450));
#34220=FACE_OUTER_BOUND('',#34210,.T.);
#34230=ADVANCED_FACE('',(#34220),#33440,.T.);
#34240=CARTESIAN_POINT('',(-33.722828542971,-9.43225500000002,57.45));
#34250=DIRECTION('',(-5.55111512312579E-17,-5.55111512312578E-16,1.));
#34260=DIRECTION('',(1.,-8.85927774418129E-33,5.55111512312579E-17));
#34270=AXIS2_PLACEMENT_3D('',#34240,#34250,#34260);
#34280=PLANE('',#34270);
#34290=ORIENTED_EDGE('',*,*,#15250,.F.);
#34300=ORIENTED_EDGE('',*,*,#28390,.F.);
#34310=CARTESIAN_POINT('',(-34.462828542971,-0.282255000000015,57.45));
#34320=DIRECTION('',(1.,3.46667389989702E-33,0.));
#34330=VECTOR('',#34320,1.);
#34340=LINE('',#34310,#34330);
#34350=EDGE_CURVE('',#28320,#27770,#34340,.T.);
#34360=ORIENTED_EDGE('',*,*,#34350,.F.);
#34370=ORIENTED_EDGE('',*,*,#27780,.F.);
#34380=EDGE_LOOP('',(#34370,#34360,#34300,#34290));
#34390=FACE_OUTER_BOUND('',#34380,.T.);
#34400=ADVANCED_FACE('',(#34390),#34280,.T.);
#34410=CARTESIAN_POINT('',(-35.072828542971,-0.832255000000007,
56.6613416727438));
#34420=DIRECTION('',(-1.,3.207243534033E-34,-5.1356945012471E-18));
#34430=DIRECTION('',(0.,8.01810883508264E-35,-1.));
#34440=AXIS2_PLACEMENT_3D('',#34410,#34420,#34430);
#34450=TOROIDAL_SURFACE('',#34440,0.399999999999999,0.1);
#34460=CARTESIAN_POINT('',(-35.072828542971,-0.799470934009697,
56.2626874303017));
#34470=DIRECTION('',(-5.55111512312578E-17,-0.996635606105433,
-0.0819601649757752));
#34480=DIRECTION('',(5.87884665728638E-33,0.0819601649757752,
-0.996635606105433));
#34490=AXIS2_PLACEMENT_3D('',#34460,#34470,#34480);
#34500=CIRCLE('',#34490,0.1);
#34510=EDGE_CURVE('',#4300,#33700,#34500,.T.);
#34520=ORIENTED_EDGE('',*,*,#34510,.F.);
#34530=ORIENTED_EDGE('',*,*,#33710,.T.);
#34540=CARTESIAN_POINT('',(-35.072828542971,-0.432255000000007,
56.6613416727438));
#34550=DIRECTION('',(6.16297582203915E-33,6.2450045135165E-17,-1.));
#34560=DIRECTION('',(8.85927774418129E-33,1.,6.2450045135165E-17));
#34570=AXIS2_PLACEMENT_3D('',#34540,#34550,#34560);
#34580=CIRCLE('',#34570,0.1);
#34590=EDGE_CURVE('',#4130,#33610,#34580,.T.);
#34600=ORIENTED_EDGE('',*,*,#34590,.T.);
#34610=ORIENTED_EDGE('',*,*,#4380,.F.);
#34620=EDGE_LOOP('',(#34610,#34600,#34530,#34520));
#34630=FACE_OUTER_BOUND('',#34620,.T.);
#34640=ADVANCED_FACE('',(#34630),#34450,.T.);
#34650=CARTESIAN_POINT('',(-35.072828542971,-5.45813999999995,
56.0920046279818));
#34660=DIRECTION('',(-5.55111512312578E-17,-0.965649653996315,
-0.25984754325719));
#34670=DIRECTION('',(-9.00806696162062E-34,0.25984754325719,
-0.965649653996315));
#34680=AXIS2_PLACEMENT_3D('',#34650,#34660,#34670);
#34690=CYLINDRICAL_SURFACE('',#34680,0.1);
#34700=ORIENTED_EDGE('',*,*,#33870,.T.);
#34710=CARTESIAN_POINT('',(-35.072828542971,-6.59502416584989,
55.7860794342622));
#34720=DIRECTION('',(-5.57387797664936E-17,-0.985165894832492,
-0.171604660947467));
#34730=DIRECTION('',(-5.56807842283189E-33,-0.171604660947467,
0.985165894832492));
#34740=AXIS2_PLACEMENT_3D('',#34710,#34720,#34730);
#34750=ELLIPSE('',#34740,0.100410059114587,0.1);
#34760=EDGE_CURVE('',#26300,#33780,#34750,.T.);
#34770=ORIENTED_EDGE('',*,*,#34760,.T.);
#34780=CARTESIAN_POINT('',(-35.072828542971,-5.48412475432567,
56.1885695933814));
#34790=DIRECTION('',(-5.55111512312578E-17,-0.965649653996315,
-0.25984754325719));
#34800=VECTOR('',#34790,1.);
#34810=LINE('',#34780,#34800);
#34820=CARTESIAN_POINT('',(-35.072828542971,-9.36225499999997,55.145));
#34830=VERTEX_POINT('',#34820);
#34840=EDGE_CURVE('',#26300,#34830,#34810,.T.);
#34850=ORIENTED_EDGE('',*,*,#34840,.F.);
#34860=CARTESIAN_POINT('',(-35.072828542971,-9.36225499999997,
55.0414427734364));
#34870=DIRECTION('',(6.2450045135165E-17,1.,-1.35862590051207E-15));
#34880=DIRECTION('',(1.84481761323555E-17,-1.35862590051207E-15,-1.));
#34890=AXIS2_PLACEMENT_3D('',#34860,#34870,#34880);
#34900=ELLIPSE('',#34890,0.103557226563643,0.1);
#34910=EDGE_CURVE('',#33860,#34830,#34900,.T.);
#34920=ORIENTED_EDGE('',*,*,#34910,.T.);
#34930=EDGE_LOOP('',(#34920,#34850,#34770,#34700));
#34940=FACE_OUTER_BOUND('',#34930,.T.);
#34950=ADVANCED_FACE('',(#34940),#34690,.T.);
#34960=CARTESIAN_POINT('',(-32.372828542971,-8.93585428021592,
56.9450359892036));
#34970=DIRECTION('',(1.38639230921931E-34,-0.0199960011996008,
-0.999800059980007));
#34980=DIRECTION('',(-3.46598077304817E-33,0.999800059980007,
-0.0199960011996008));
#34990=AXIS2_PLACEMENT_3D('',#34960,#34970,#34980);
#35000=PLANE('',#34990);
#35010=CARTESIAN_POINT('',(-35.372828542971,-5.45813999999999,
56.8754817035993));
#35020=DIRECTION('',(-3.46598077304817E-33,0.999800059980007,
-0.0199960011996008));
#35030=VECTOR('',#35020,1.);
#35040=LINE('',#35010,#35030);
#35050=EDGE_CURVE('',#16020,#22320,#35040,.T.);
#35060=ORIENTED_EDGE('',*,*,#35050,.F.);
#35070=ORIENTED_EDGE('',*,*,#22420,.F.);
#35080=ORIENTED_EDGE('',*,*,#16070,.T.);
#35090=EDGE_LOOP('',(#35080,#35070,#35060));
#35100=FACE_OUTER_BOUND('',#35090,.T.);
#35110=ADVANCED_FACE('',(#35100),#35000,.T.);
#35120=CARTESIAN_POINT('',(-36.072828542971,-8.23225499999998,
55.760584455398));
#35130=DIRECTION('',(1.,3.46667389989702E-33,0.));
#35140=DIRECTION('',(3.46667389989702E-33,-1.,-5.55111512312578E-16));
#35150=AXIS2_PLACEMENT_3D('',#35120,#35130,#35140);
#35160=PLANE('',#35150);
#35170=ORIENTED_EDGE('',*,*,#13850,.T.);
#35180=ORIENTED_EDGE('',*,*,#31140,.T.);
#35190=CARTESIAN_POINT('',(-36.072828542971,-7.29415474683059,55.908075)
);
#35200=DIRECTION('',(2.45130862277958E-33,-0.707106781186542,
-0.707106781186553));
#35210=VECTOR('',#35200,1.);
#35220=LINE('',#35190,#35210);
#35230=CARTESIAN_POINT('',(-36.072828542971,-7.03225499999995,
56.1699747468306));
#35240=VERTEX_POINT('',#35230);
#35250=EDGE_CURVE('',#35240,#31060,#35220,.T.);
#35260=ORIENTED_EDGE('',*,*,#35250,.T.);
#35270=CARTESIAN_POINT('',(-36.072828542971,-7.03225499999996,55.908075)
);
#35280=DIRECTION('',(1.92439059126638E-48,-5.55111512312578E-16,-1.));
#35290=VECTOR('',#35280,1.);
#35300=LINE('',#35270,#35290);
#35310=EDGE_CURVE('',#380,#35240,#35300,.T.);
#35320=ORIENTED_EDGE('',*,*,#35310,.T.);
#35330=ORIENTED_EDGE('',*,*,#390,.T.);
#35340=ORIENTED_EDGE('',*,*,#30240,.T.);
#35350=EDGE_LOOP('',(#35340,#35330,#35320,#35260,#35180,#35170));
#35360=FACE_OUTER_BOUND('',#35350,.T.);
#35370=ADVANCED_FACE('',(#35360),#35160,.F.);
#35380=CARTESIAN_POINT('',(-35.372828542971,-0.73225499999999,57.025));
#35390=DIRECTION('',(6.2450045135165E-17,1.,6.2450045135165E-17));
#35400=DIRECTION('',(-1.,6.2450045135165E-17,-5.55111512312578E-17));
#35410=AXIS2_PLACEMENT_3D('',#35380,#35390,#35400);
#35420=PLANE('',#35410);
#35430=ORIENTED_EDGE('',*,*,#33520,.F.);
#35440=ORIENTED_EDGE('',*,*,#11050,.F.);
#35450=CARTESIAN_POINT('',(-35.372828542971,-0.73225499999999,57.025));
#35460=DIRECTION('',(-5.55111512312578E-17,-6.2450045135165E-17,1.));
#35470=VECTOR('',#35460,1.);
#35480=LINE('',#35450,#35470);
#35490=EDGE_CURVE('',#13370,#10940,#35480,.T.);
#35500=ORIENTED_EDGE('',*,*,#35490,.T.);
#35510=ORIENTED_EDGE('',*,*,#13380,.T.);
#35520=EDGE_LOOP('',(#35510,#35500,#35440,#35430));
#35530=FACE_OUTER_BOUND('',#35520,.T.);
#35540=ADVANCED_FACE('',(#35530),#35420,.T.);
#35550=CARTESIAN_POINT('',(-31.672828542971,-8.36225499999997,53.825));
#35560=DIRECTION('',(-1.59935949076285E-33,0.461352736641989,
0.887216801234595));
#35570=DIRECTION('',(-3.0756913283901E-33,0.887216801234595,
-0.461352736641989));
#35580=AXIS2_PLACEMENT_3D('',#35550,#35560,#35570);
#35590=PLANE('',#35580);
#35600=CARTESIAN_POINT('',(-33.0728285429711,-9.91805691225948,
54.634016994375));
#35610=DIRECTION('',(-1.59935949076285E-33,0.461352736641989,
0.887216801234595));
#35620=DIRECTION('',(7.03887088795698E-17,0.887216801234595,
-0.461352736641989));
#35630=AXIS2_PLACEMENT_3D('',#35600,#35610,#35620);
#35640=ELLIPSE('',#35630,1.08376944643118,0.5);
#35650=CARTESIAN_POINT('',(-32.8161127798116,-9.09293136832096,
54.2049517115269));
#35660=VERTEX_POINT('',#35650);
#35670=CARTESIAN_POINT('',(-32.8492217452211,-9.05803076706725,
54.186803398875));
#35680=VERTEX_POINT('',#35670);
#35690=EDGE_CURVE('',#35660,#35680,#35640,.T.);
#35700=ORIENTED_EDGE('',*,*,#35690,.F.);
#35710=CARTESIAN_POINT('',(-33.440328542971,-8.48965884615387,53.89125))
;
#35720=DIRECTION('',(0.678132690244495,-0.652050663696624,
0.339066345122244));
#35730=VECTOR('',#35720,1.);
#35740=LINE('',#35710,#35730);
#35750=EDGE_CURVE('',#31510,#35680,#35740,.T.);
#35760=ORIENTED_EDGE('',*,*,#35750,.T.);
#35770=ORIENTED_EDGE('',*,*,#31760,.F.);
#35780=CARTESIAN_POINT('',(-33.440328542971,-7.65792807692304,53.45875))
;
#35790=DIRECTION('',(0.678132690244495,0.652050663696624,
-0.339066345122244));
#35800=VECTOR('',#35790,1.);
#35810=LINE('',#35780,#35800);
#35820=CARTESIAN_POINT('',(-34.896435340721,-9.05803076706725,
54.186803398875));
#35830=VERTEX_POINT('',#35820);
#35840=EDGE_CURVE('',#35830,#31690,#35810,.T.);
#35850=ORIENTED_EDGE('',*,*,#35840,.T.);
#35860=CARTESIAN_POINT('',(-34.672828542971,-9.91805691225948,
54.634016994375));
#35870=DIRECTION('',(-1.59935949076285E-33,0.461352736641989,
0.887216801234595));
#35880=DIRECTION('',(-3.0756913283901E-33,0.887216801234595,
-0.461352736641989));
#35890=AXIS2_PLACEMENT_3D('',#35860,#35870,#35880);
#35900=ELLIPSE('',#35890,1.08376944643118,0.5);
#35910=CARTESIAN_POINT('',(-34.9295443061305,-9.09293136832096,
54.2049517115269));
#35920=VERTEX_POINT('',#35910);
#35930=EDGE_CURVE('',#35830,#35920,#35900,.T.);
#35940=ORIENTED_EDGE('',*,*,#35930,.F.);
#35950=CARTESIAN_POINT('',(-33.440328542971,-9.09293136832096,
54.2049517115269));
#35960=DIRECTION('',(-1.,-3.46667389989702E-33,0.));
#35970=VECTOR('',#35960,1.);
#35980=LINE('',#35950,#35970);
#35990=EDGE_CURVE('',#35660,#35920,#35980,.T.);
#36000=ORIENTED_EDGE('',*,*,#35990,.T.);
#36010=EDGE_LOOP('',(#36000,#35940,#35850,#35770,#35760,#35700));
#36020=FACE_OUTER_BOUND('',#36010,.T.);
#36030=ADVANCED_FACE('',(#36020),#35590,.F.);
#36040=CARTESIAN_POINT('',(-32.672828542971,-5.45813999999999,
55.8795731979011));
#36050=DIRECTION('',(-6.89687259379359E-17,-0.996635606105433,
-0.0819601649757752));
#36060=DIRECTION('',(1.02368320040455E-17,0.0819601649757752,
-0.996635606105433));
#36070=AXIS2_PLACEMENT_3D('',#36040,#36050,#36060);
#36080=CYLINDRICAL_SURFACE('',#36070,0.1);
#36090=CARTESIAN_POINT('',(-32.672828542971,-6.59502416584989,
55.7860794342622));
#36100=DIRECTION('',(6.73085294293353E-17,0.985165894832492,
0.171604660947467));
#36110=DIRECTION('',(-2.1433437643148E-17,-0.171604660947467,
0.985165894832492));
#36120=AXIS2_PLACEMENT_3D('',#36090,#36100,#36110);
#36130=ELLIPSE('',#36120,0.100410059114587,0.1);
#36140=CARTESIAN_POINT('',(-32.572828542971,-6.59502416584989,
55.7860794342622));
#36150=VERTEX_POINT('',#36140);
#36160=EDGE_CURVE('',#26280,#36150,#36130,.T.);
#36170=ORIENTED_EDGE('',*,*,#36160,.T.);
#36180=ORIENTED_EDGE('',*,*,#26440,.T.);
#36190=ORIENTED_EDGE('',*,*,#30800,.F.);
#36200=CARTESIAN_POINT('',(-32.572828542971,-5.45813999999999,
55.8795731979012));
#36210=DIRECTION('',(-6.89687259379359E-17,-0.996635606105433,
-0.0819601649757752));
#36220=VECTOR('',#36210,1.);
#36230=LINE('',#36200,#36220);
#36240=EDGE_CURVE('',#30720,#36150,#36230,.T.);
#36250=ORIENTED_EDGE('',*,*,#36240,.F.);
#36260=EDGE_LOOP('',(#36250,#36190,#36180,#36170));
#36270=FACE_OUTER_BOUND('',#36260,.T.);
#36280=ADVANCED_FACE('',(#36270),#36080,.T.);
#36290=CARTESIAN_POINT('',(-34.022828542971,-2.38225500000002,58.25));
#36300=DIRECTION('',(1.,3.46667389989702E-33,0.));
#36310=DIRECTION('',(0.,-0.,-1.));
#36320=AXIS2_PLACEMENT_3D('',#36290,#36300,#36310);
#36330=PLANE('',#36320);
#36340=ORIENTED_EDGE('',*,*,#14990,.F.);
#36350=ORIENTED_EDGE('',*,*,#32620,.T.);
#36360=ORIENTED_EDGE('',*,*,#23540,.F.);
#36370=ORIENTED_EDGE('',*,*,#27250,.F.);
#36380=EDGE_LOOP('',(#36370,#36360,#36350,#36340));
#36390=FACE_OUTER_BOUND('',#36380,.T.);
#36400=ADVANCED_FACE('',(#36390),#36330,.F.);
#36410=CARTESIAN_POINT('',(-32.672828542971,-0.582255000000006,
56.4141147806277));
#36420=DIRECTION('',(1.,-6.2450045135165E-17,-6.16297582203915E-33));
#36430=DIRECTION('',(6.93889390390723E-17,1.,1.02716263700654E-33));
#36440=AXIS2_PLACEMENT_3D('',#36410,#36420,#36430);
#36450=TOROIDAL_SURFACE('',#36440,0.6,0.1);
#36460=CARTESIAN_POINT('',(-32.672828542971,-0.582255000000006,
56.4141147806277));
#36470=DIRECTION('',(1.,-6.2450045135165E-17,-6.16297582203915E-33));
#36480=DIRECTION('',(6.2450045135165E-17,1.,-0.));
#36490=AXIS2_PLACEMENT_3D('',#36460,#36470,#36480);
#36500=CIRCLE('',#36490,0.7);
#36510=EDGE_CURVE('',#9280,#19690,#36500,.T.);
#36520=ORIENTED_EDGE('',*,*,#36510,.T.);
#36530=ORIENTED_EDGE('',*,*,#9290,.F.);
#36540=CARTESIAN_POINT('',(-32.572828542971,-0.582255000000006,
56.4141147806277));
#36550=DIRECTION('',(1.,-6.2450045135165E-17,-6.16297582203915E-33));
#36560=DIRECTION('',(6.2450045135165E-17,1.,-3.84878118253276E-49));
#36570=AXIS2_PLACEMENT_3D('',#36540,#36550,#36560);
#36580=CIRCLE('',#36570,0.6);
#36590=CARTESIAN_POINT('',(-32.572828542971,0.0177449999999935,
56.4141147806277));
#36600=VERTEX_POINT('',#36590);
#36610=EDGE_CURVE('',#9190,#36600,#36580,.T.);
#36620=ORIENTED_EDGE('',*,*,#36610,.F.);
#36630=CARTESIAN_POINT('',(-32.672828542971,0.0177449999999935,
56.4141147806277));
#36640=DIRECTION('',(-6.16297582203915E-33,1.23259516440783E-32,-1.));
#36650=DIRECTION('',(1.,-1.2490009027033E-16,-6.16297582203916E-33));
#36660=AXIS2_PLACEMENT_3D('',#36630,#36640,#36650);
#36670=CIRCLE('',#36660,0.1);
#36680=EDGE_CURVE('',#19690,#36600,#36670,.T.);
#36690=ORIENTED_EDGE('',*,*,#36680,.T.);
#36700=EDGE_LOOP('',(#36690,#36620,#36530,#36520));
#36710=FACE_OUTER_BOUND('',#36700,.T.);
#36720=ADVANCED_FACE('',(#36710),#36450,.T.);
#36730=CARTESIAN_POINT('',(-31.822828542971,-2.68225500000002,60.25));
#36740=DIRECTION('',(1.,3.46667389989702E-33,0.));
#36750=DIRECTION('',(0.,-0.,-1.));
#36760=AXIS2_PLACEMENT_3D('',#36730,#36740,#36750);
#36770=PLANE('',#36760);
#36780=ORIENTED_EDGE('',*,*,#14340,.T.);
#36790=ORIENTED_EDGE('',*,*,#3960,.T.);
#36800=CARTESIAN_POINT('',(-31.822828542971,-0.282255000000015,55.908075
));
#36810=DIRECTION('',(0.,0.,1.));
#36820=VECTOR('',#36810,1.);
#36830=LINE('',#36800,#36820);
#36840=EDGE_CURVE('',#3890,#1260,#36830,.T.);
#36850=ORIENTED_EDGE('',*,*,#36840,.F.);
#36860=ORIENTED_EDGE('',*,*,#1270,.F.);
#36870=EDGE_LOOP('',(#36860,#36850,#36790,#36780));
#36880=FACE_OUTER_BOUND('',#36870,.T.);
#36890=ADVANCED_FACE('',(#36880),#36770,.F.);
#36900=CARTESIAN_POINT('',(-35.547828542971,0.0427450000000018,55.75));
#36910=DIRECTION('',(8.34111618675758E-17,0.707106781186593,
-0.707106781186502));
#36920=DIRECTION('',(-2.45130862277944E-33,0.707106781186502,
0.707106781186593));
#36930=AXIS2_PLACEMENT_3D('',#36900,#36910,#36920);
#36940=PLANE('',#36930);
#36950=ORIENTED_EDGE('',*,*,#27020,.F.);
#36960=ORIENTED_EDGE('',*,*,#16660,.T.);
#36970=ORIENTED_EDGE('',*,*,#9610,.F.);
#36980=CARTESIAN_POINT('',(-35.372828542971,0.200819999999953,55.908075)
);
#36990=DIRECTION('',(1.11022302462516E-16,-0.707106781186502,
-0.707106781186593));
#37000=VECTOR('',#36990,1.);
#37010=LINE('',#36980,#37000);
#37020=EDGE_CURVE('',#19460,#9500,#37010,.T.);
#37030=ORIENTED_EDGE('',*,*,#37020,.T.);
#37040=ORIENTED_EDGE('',*,*,#19470,.T.);
#37050=EDGE_LOOP('',(#37040,#37030,#36970,#36960,#36950));
#37060=FACE_OUTER_BOUND('',#37050,.T.);
#37070=ADVANCED_FACE('',(#37060),#36940,.T.);
#37080=CARTESIAN_POINT('',(-34.5267045230236,-0.0371462696496767,57.83))
;
#37090=DIRECTION('',(-3.84878118253276E-48,1.11022302462516E-15,-1.));
#37100=DIRECTION('',(-3.46667389989702E-33,1.,1.11022302462516E-15));
#37110=AXIS2_PLACEMENT_3D('',#37080,#37090,#37100);
#37120=PLANE('',#37110);
#37130=ORIENTED_EDGE('',*,*,#18380,.T.);
#37140=ORIENTED_EDGE('',*,*,#26130,.F.);
#37150=ORIENTED_EDGE('',*,*,#23140,.T.);
#37160=CARTESIAN_POINT('',(-35.117828542971,-5.45813999999999,57.83));
#37170=DIRECTION('',(3.46667389989702E-33,-1.,-1.11022302462516E-15));
#37180=VECTOR('',#37170,1.);
#37190=LINE('',#37160,#37180);
#37200=EDGE_CURVE('',#18370,#23110,#37190,.T.);
#37210=ORIENTED_EDGE('',*,*,#37200,.T.);
#37220=EDGE_LOOP('',(#37210,#37150,#37140,#37130));
#37230=FACE_OUTER_BOUND('',#37220,.T.);
#37240=ADVANCED_FACE('',(#37230),#37120,.F.);
#37250=CARTESIAN_POINT('',(-35.072828542971,-0.432255000000007,55.908075
));
#37260=DIRECTION('',(6.16297582203915E-33,6.2450045135165E-17,-1.));
#37270=DIRECTION('',(8.85927774418129E-33,1.,6.2450045135165E-17));
#37280=AXIS2_PLACEMENT_3D('',#37250,#37260,#37270);
#37290=CYLINDRICAL_SURFACE('',#37280,0.1);
#37300=ORIENTED_EDGE('',*,*,#34590,.F.);
#37310=ORIENTED_EDGE('',*,*,#33620,.T.);
#37320=ORIENTED_EDGE('',*,*,#29400,.F.);
#37330=CARTESIAN_POINT('',(-35.072828542971,-0.532255000000007,55.908075
));
#37340=DIRECTION('',(6.16297582203915E-33,6.2450045135165E-17,-1.));
#37350=VECTOR('',#37340,1.);
#37360=LINE('',#37330,#37350);
#37370=EDGE_CURVE('',#10100,#4130,#37360,.T.);
#37380=ORIENTED_EDGE('',*,*,#37370,.F.);
#37390=EDGE_LOOP('',(#37380,#37320,#37310,#37300));
#37400=FACE_OUTER_BOUND('',#37390,.T.);
#37410=ADVANCED_FACE('',(#37400),#37290,.T.);
#37420=CARTESIAN_POINT('',(-32.672828542971,-0.432255000000007,55.908075
));
#37430=DIRECTION('',(6.16297582203915E-33,6.2450045135165E-17,-1.));
#37440=DIRECTION('',(1.2490009027033E-16,1.,6.2450045135165E-17));
#37450=AXIS2_PLACEMENT_3D('',#37420,#37430,#37440);
#37460=CYLINDRICAL_SURFACE('',#37450,0.1);
#37470=CARTESIAN_POINT('',(-32.672828542971,-0.532255000000007,55.908075
));
#37480=DIRECTION('',(6.16297582203915E-33,6.2450045135165E-17,-1.));
#37490=VECTOR('',#37480,1.);
#37500=LINE('',#37470,#37490);
#37510=EDGE_CURVE('',#10020,#4110,#37500,.T.);
#37520=ORIENTED_EDGE('',*,*,#37510,.T.);
#37530=CARTESIAN_POINT('',(-32.672828542971,-0.43225499999999,56.825));
#37540=DIRECTION('',(0.,0.,1.));
#37550=DIRECTION('',(3.46667389989702E-33,-1.,0.));
#37560=AXIS2_PLACEMENT_3D('',#37530,#37540,#37550);
#37570=CIRCLE('',#37560,0.1);
#37580=CARTESIAN_POINT('',(-32.572828542971,-0.43225499999999,56.825));
#37590=VERTEX_POINT('',#37580);
#37600=EDGE_CURVE('',#10020,#37590,#37570,.T.);
#37610=ORIENTED_EDGE('',*,*,#37600,.F.);
#37620=CARTESIAN_POINT('',(-32.572828542971,-0.432255000000007,55.908075
));
#37630=DIRECTION('',(6.16297582203915E-33,6.2450045135165E-17,-1.));
#37640=VECTOR('',#37630,1.);
#37650=LINE('',#37620,#37640);
#37660=EDGE_CURVE('',#37590,#30630,#37650,.T.);
#37670=ORIENTED_EDGE('',*,*,#37660,.F.);
#37680=ORIENTED_EDGE('',*,*,#30640,.T.);
#37690=EDGE_LOOP('',(#37680,#37670,#37610,#37520));
#37700=FACE_OUTER_BOUND('',#37690,.T.);
#37710=ADVANCED_FACE('',(#37700),#37460,.T.);
#37720=CARTESIAN_POINT('',(-35.722828542971,-7.29415474683059,55.908075)
);
#37730=DIRECTION('',(-2.45130862277958E-33,0.707106781186542,
0.707106781186553));
#37740=DIRECTION('',(2.45130862277962E-33,-0.707106781186553,
0.707106781186542));
#37750=AXIS2_PLACEMENT_3D('',#37720,#37730,#37740);
#37760=CYLINDRICAL_SURFACE('',#37750,0.35);
#37770=ORIENTED_EDGE('',*,*,#31070,.T.);
#37780=CARTESIAN_POINT('',(-35.722828542971,-7.04666737341529,
55.6605876265847));
#37790=DIRECTION('',(-2.45130862277958E-33,0.707106781186542,
0.707106781186553));
#37800=VECTOR('',#37790,1.);
#37810=LINE('',#37780,#37800);
#37820=EDGE_CURVE('',#30970,#9680,#37810,.T.);
#37830=ORIENTED_EDGE('',*,*,#37820,.F.);
#37840=CARTESIAN_POINT('',(-35.722828542971,-7.03225499999995,
56.1699747468306));
#37850=DIRECTION('',(3.46667389989702E-33,-1.,5.55111512312578E-16));
#37860=DIRECTION('',(1.92439059126638E-48,-5.55111512312578E-16,-1.));
#37870=AXIS2_PLACEMENT_3D('',#37840,#37850,#37860);
#37880=ELLIPSE('',#37870,0.494974746830588,0.35);
#37890=EDGE_CURVE('',#35240,#9680,#37880,.T.);
#37900=ORIENTED_EDGE('',*,*,#37890,.T.);
#37910=ORIENTED_EDGE('',*,*,#35250,.F.);
#37920=EDGE_LOOP('',(#37910,#37900,#37830,#37770));
#37930=FACE_OUTER_BOUND('',#37920,.T.);
#37940=ADVANCED_FACE('',(#37930),#37760,.T.);
#37950=CARTESIAN_POINT('',(-31.822828542971,0.042744999999992,57.1));
#37960=DIRECTION('',(3.92523114670944E-17,0.707106781186547,
-0.707106781186548));
#37970=DIRECTION('',(-2.4513086227796E-33,0.707106781186548,
0.707106781186547));
#37980=AXIS2_PLACEMENT_3D('',#37950,#37960,#37970);
#37990=PLANE('',#37980);
#38000=ORIENTED_EDGE('',*,*,#20550,.T.);
#38010=ORIENTED_EDGE('',*,*,#20090,.T.);
#38020=ORIENTED_EDGE('',*,*,#28880,.F.);
#38030=ORIENTED_EDGE('',*,*,#10570,.F.);
#38040=EDGE_LOOP('',(#38030,#38020,#38010,#38000));
#38050=FACE_OUTER_BOUND('',#38040,.T.);
#38060=ADVANCED_FACE('',(#38050),#37990,.T.);
#38070=CARTESIAN_POINT('',(-36.247828542971,0.042744999999992,59.1));
#38080=DIRECTION('',(-0.707106781186549,0.707106781186546,
8.71576399210523E-33));
#38090=DIRECTION('',(0.707106781186546,0.707106781186549,-0.));
#38100=AXIS2_PLACEMENT_3D('',#38070,#38080,#38090);
#38110=PLANE('',#38100);
#38120=ORIENTED_EDGE('',*,*,#8860,.T.);
#38130=ORIENTED_EDGE('',*,*,#19290,.T.);
#38140=ORIENTED_EDGE('',*,*,#27410,.T.);
#38150=ORIENTED_EDGE('',*,*,#23760,.F.);
#38160=EDGE_LOOP('',(#38150,#38140,#38130,#38120));
#38170=FACE_OUTER_BOUND('',#38160,.T.);
#38180=ADVANCED_FACE('',(#38170),#38110,.T.);
#38190=CARTESIAN_POINT('',(-31.872828542971,-0.282254999999983,55.675));
#38200=DIRECTION('',(-1.,6.2450045135165E-17,-5.55111512312578E-17));
#38210=DIRECTION('',(-6.2450045135165E-17,-1.,-6.2450045135165E-17));
#38220=AXIS2_PLACEMENT_3D('',#38190,#38200,#38210);
#38230=PLANE('',#38220);
#38240=ORIENTED_EDGE('',*,*,#8530,.T.);
#38250=CARTESIAN_POINT('',(-31.8728285429711,-7.03225499999995,64.566925
));
#38260=DIRECTION('',(-1.92439059126638E-48,5.55111512312578E-16,1.));
#38270=VECTOR('',#38260,1.);
#38280=LINE('',#38250,#38270);
#38290=EDGE_CURVE('',#8460,#10640,#38280,.T.);
#38300=ORIENTED_EDGE('',*,*,#38290,.F.);
#38310=ORIENTED_EDGE('',*,*,#10650,.T.);
#38320=ORIENTED_EDGE('',*,*,#28970,.T.);
#38330=EDGE_LOOP('',(#38320,#38310,#38300,#38240));
#38340=FACE_OUTER_BOUND('',#38330,.T.);
#38350=ADVANCED_FACE('',(#38340),#38230,.F.);
#38360=CARTESIAN_POINT('',(-35.722828542971,-7.29415474683059,55.908075)
);
#38370=DIRECTION('',(2.45130862277958E-33,-0.707106781186542,
-0.707106781186553));
#38380=DIRECTION('',(-2.45130862277962E-33,0.707106781186553,
-0.707106781186542));
#38390=AXIS2_PLACEMENT_3D('',#38360,#38370,#38380);
#38400=CYLINDRICAL_SURFACE('',#38390,0.35);
#38410=ORIENTED_EDGE('',*,*,#9760,.T.);
#38420=ORIENTED_EDGE('',*,*,#37820,.T.);
#38430=CARTESIAN_POINT('',(-35.722828542971,-8.3832957640085,
54.818933982822));
#38440=DIRECTION('',(2.45130862277958E-33,-0.707106781186541,
-0.707106781186554));
#38450=DIRECTION('',(-2.45130862277962E-33,0.707106781186554,
-0.707106781186541));
#38460=AXIS2_PLACEMENT_3D('',#38430,#38440,#38450);
#38470=CIRCLE('',#38460,0.35);
#38480=CARTESIAN_POINT('',(-35.372828542971,-8.38329576400851,
54.818933982822));
#38490=VERTEX_POINT('',#38480);
#38500=EDGE_CURVE('',#30970,#38490,#38470,.T.);
#38510=ORIENTED_EDGE('',*,*,#38500,.F.);
#38520=CARTESIAN_POINT('',(-35.372828542971,-7.29415474683059,55.908075)
);
#38530=DIRECTION('',(2.45130862277958E-33,-0.707106781186542,
-0.707106781186553));
#38540=VECTOR('',#38530,1.);
#38550=LINE('',#38520,#38540);
#38560=EDGE_CURVE('',#9520,#38490,#38550,.T.);
#38570=ORIENTED_EDGE('',*,*,#38560,.T.);
#38580=EDGE_LOOP('',(#38570,#38510,#38420,#38410));
#38590=FACE_OUTER_BOUND('',#38580,.T.);
#38600=ADVANCED_FACE('',(#38590),#38400,.T.);
#38610=ORIENTED_EDGE('',*,*,#12880,.F.);
#38620=CARTESIAN_POINT('',(-32.572828542971,-0.73225499999999,56.825));
#38630=DIRECTION('',(1.,3.46667389989702E-33,0.));
#38640=DIRECTION('',(0.,0.,1.));
#38650=AXIS2_PLACEMENT_3D('',#38620,#38630,#38640);
#38660=CIRCLE('',#38650,0.3);
#38670=EDGE_CURVE('',#37590,#12560,#38660,.T.);
#38680=ORIENTED_EDGE('',*,*,#38670,.T.);
#38690=ORIENTED_EDGE('',*,*,#37600,.T.);
#38700=ORIENTED_EDGE('',*,*,#10030,.F.);
#38710=EDGE_LOOP('',(#38700,#38690,#38680,#38610));
#38720=FACE_OUTER_BOUND('',#38710,.T.);
#38730=ADVANCED_FACE('',(#38720),#12630,.T.);
#38740=CARTESIAN_POINT('',(-32.672828542971,0.0177449999999935,55.908075
));
#38750=DIRECTION('',(-6.16297582203915E-33,-2.46519032881566E-32,1.));
#38760=DIRECTION('',(-1.2490009027033E-16,-1.,-1.23259516440783E-32));
#38770=AXIS2_PLACEMENT_3D('',#38740,#38750,#38760);
#38780=CYLINDRICAL_SURFACE('',#38770,0.1);
#38790=CARTESIAN_POINT('',(-32.572828542971,0.0177449999999926,55.908075
));
#38800=DIRECTION('',(4.27300548559191E-65,-1.23259516440783E-32,1.));
#38810=VECTOR('',#38800,1.);
#38820=LINE('',#38790,#38810);
#38830=EDGE_CURVE('',#36600,#11700,#38820,.T.);
#38840=ORIENTED_EDGE('',*,*,#38830,.F.);
#38850=ORIENTED_EDGE('',*,*,#11710,.T.);
#38860=ORIENTED_EDGE('',*,*,#19760,.T.);
#38870=ORIENTED_EDGE('',*,*,#36680,.F.);
#38880=EDGE_LOOP('',(#38870,#38860,#38850,#38840));
#38890=FACE_OUTER_BOUND('',#38880,.T.);
#38900=ADVANCED_FACE('',(#38890),#38780,.T.);
#38910=CARTESIAN_POINT('',(-38.132830942971,-4.45225500000001,55.055));
#38920=DIRECTION('',(-2.11982113239444E-17,-0.924214797354341,
0.381873026477747));
#38930=DIRECTION('',(-5.13042273861031E-17,0.381873026477747,
0.924214797354341));
#38940=AXIS2_PLACEMENT_3D('',#38910,#38920,#38930);
#38950=PLANE('',#38940);
#38960=ORIENTED_EDGE('',*,*,#17070,.T.);
#38970=CARTESIAN_POINT('',(-34.322828542971,-4.0997759734847,55.908075))
;
#38980=DIRECTION('',(-1.32382925396509E-33,0.381873026477747,
0.924214797354341));
#38990=VECTOR('',#38980,1.);
#39000=LINE('',#38970,#38990);
#39010=EDGE_CURVE('',#33010,#17040,#39000,.T.);
#39020=ORIENTED_EDGE('',*,*,#39010,.T.);
#39030=ORIENTED_EDGE('',*,*,#33100,.T.);
#39040=ORIENTED_EDGE('',*,*,#32450,.F.);
#39050=EDGE_LOOP('',(#39040,#39030,#39020,#38960));
#39060=FACE_OUTER_BOUND('',#39050,.T.);
#39070=ADVANCED_FACE('',(#39060),#38950,.F.);
#39080=CARTESIAN_POINT('',(-33.872828542971,-7.03225499999995,62.4));
#39090=DIRECTION('',(3.46667389989702E-33,-1.,5.55111512312578E-16));
#39100=DIRECTION('',(-1.,-3.46667389989702E-33,0.));
#39110=AXIS2_PLACEMENT_3D('',#39080,#39090,#39100);
#39120=PLANE('',#39110);
#39130=ORIENTED_EDGE('',*,*,#29220,.F.);
#39140=ORIENTED_EDGE('',*,*,#10730,.T.);
#39150=ORIENTED_EDGE('',*,*,#38290,.T.);
#39160=ORIENTED_EDGE('',*,*,#8470,.T.);
#39170=CARTESIAN_POINT('',(-32.022828542971,-7.03225499999996,
56.1699747468306));
#39180=DIRECTION('',(3.46667389989702E-33,-1.,5.55111512312578E-16));
#39190=DIRECTION('',(1.92439059126638E-48,-5.55111512312578E-16,-1.));
#39200=AXIS2_PLACEMENT_3D('',#39170,#39180,#39190);
#39210=ELLIPSE('',#39200,0.494974746830583,0.35);
#39220=EDGE_CURVE('',#8070,#29210,#39210,.T.);
#39230=ORIENTED_EDGE('',*,*,#39220,.F.);
#39240=EDGE_LOOP('',(#39230,#39160,#39150,#39140,#39130));
#39250=FACE_OUTER_BOUND('',#39240,.T.);
#39260=ADVANCED_FACE('',(#39250),#39120,.F.);
#39270=CARTESIAN_POINT('',(-33.8728285429711,-9.36225499999997,55.145));
#39280=DIRECTION('',(1.62274908046733E-17,0.25984754325719,
-0.965649653996315));
#39290=DIRECTION('',(-6.03048644768264E-17,-0.965649653996315,
-0.25984754325719));
#39300=AXIS2_PLACEMENT_3D('',#39270,#39280,#39290);
#39310=PLANE('',#39300);
#39320=ORIENTED_EDGE('',*,*,#34840,.T.);
#39330=ORIENTED_EDGE('',*,*,#26310,.T.);
#39340=CARTESIAN_POINT('',(-32.672828542971,-5.48412475432567,
56.1885695933814));
#39350=DIRECTION('',(-6.50985777223949E-17,-0.965649653996315,
-0.25984754325719));
#39360=VECTOR('',#39350,1.);
#39370=LINE('',#39340,#39360);
#39380=CARTESIAN_POINT('',(-32.672828542971,-9.36225499999997,55.145));
#39390=VERTEX_POINT('',#39380);
#39400=EDGE_CURVE('',#26280,#39390,#39370,.T.);
#39410=ORIENTED_EDGE('',*,*,#39400,.F.);
#39420=CARTESIAN_POINT('',(-33.282828542971,-9.36225499999997,55.145));
#39430=DIRECTION('',(-1.,6.2450045135165E-17,6.16297582203915E-33));
#39440=VECTOR('',#39430,1.);
#39450=LINE('',#39420,#39440);
#39460=EDGE_CURVE('',#39390,#34830,#39450,.T.);
#39470=ORIENTED_EDGE('',*,*,#39460,.F.);
#39480=EDGE_LOOP('',(#39470,#39410,#39330,#39320));
#39490=FACE_OUTER_BOUND('',#39480,.T.);
#39500=ADVANCED_FACE('',(#39490),#39310,.F.);
#39510=CARTESIAN_POINT('',(-35.117828542971,-0.282255000000015,60.425));
#39520=DIRECTION('',(-1.,-3.46667389989702E-33,0.));
#39530=DIRECTION('',(0.,0.,1.));
#39540=AXIS2_PLACEMENT_3D('',#39510,#39520,#39530);
#39550=PLANE('',#39540);
#39560=ORIENTED_EDGE('',*,*,#19060,.T.);
#39570=CARTESIAN_POINT('',(-35.117828542971,-5.45813999999999,59.83));
#39580=DIRECTION('',(3.46667389989702E-33,-1.,-1.11022302462516E-15));
#39590=VECTOR('',#39580,1.);
#39600=LINE('',#39570,#39590);
#39610=CARTESIAN_POINT('',(-35.117828542971,-0.282255000000015,59.83));
#39620=VERTEX_POINT('',#39610);
#39630=EDGE_CURVE('',#18970,#39620,#39600,.T.);
#39640=ORIENTED_EDGE('',*,*,#39630,.F.);
#39650=CARTESIAN_POINT('',(-35.117828542971,-0.282255000000015,64.591925
));
#39660=DIRECTION('',(0.,0.,1.));
#39670=VECTOR('',#39660,1.);
#39680=LINE('',#39650,#39670);
#39690=CARTESIAN_POINT('',(-35.117828542971,-0.282255000000015,60.67));
#39700=VERTEX_POINT('',#39690);
#39710=EDGE_CURVE('',#39620,#39700,#39680,.T.);
#39720=ORIENTED_EDGE('',*,*,#39710,.F.);
#39730=CARTESIAN_POINT('',(-35.117828542971,-5.45813999999999,60.67));
#39740=DIRECTION('',(3.46667389989702E-33,-1.,1.11022302462516E-15));
#39750=VECTOR('',#39740,1.);
#39760=LINE('',#39730,#39750);
#39770=EDGE_CURVE('',#19050,#39700,#39760,.T.);
#39780=ORIENTED_EDGE('',*,*,#39770,.T.);
#39790=EDGE_LOOP('',(#39780,#39720,#39640,#39560));
#39800=FACE_OUTER_BOUND('',#39790,.T.);
#39810=ADVANCED_FACE('',(#39800),#39550,.F.);
#39820=CARTESIAN_POINT('',(-34.5267045230236,-0.0371462696496767,60.67))
;
#39830=DIRECTION('',(7.69756236506552E-48,-1.11022302462516E-15,-1.));
#39840=DIRECTION('',(0.,1.,-1.11022302462516E-15));
#39850=AXIS2_PLACEMENT_3D('',#39820,#39830,#39840);
#39860=PLANE('',#39850);
#39870=ORIENTED_EDGE('',*,*,#19120,.F.);
#39880=ORIENTED_EDGE('',*,*,#39770,.F.);
#39890=CARTESIAN_POINT('',(-35.562828542971,-0.282255000000015,60.67));
#39900=DIRECTION('',(1.,6.93334779979405E-33,-0.));
#39910=VECTOR('',#39900,1.);
#39920=LINE('',#39890,#39910);
#39930=CARTESIAN_POINT('',(-34.317828542971,-0.282255000000015,60.67));
#39940=VERTEX_POINT('',#39930);
#39950=EDGE_CURVE('',#39700,#39940,#39920,.T.);
#39960=ORIENTED_EDGE('',*,*,#39950,.F.);
#39970=CARTESIAN_POINT('',(-34.317828542971,-5.45813999999999,60.67));
#39980=DIRECTION('',(3.46667389989702E-33,-1.,1.11022302462516E-15));
#39990=VECTOR('',#39980,1.);
#40000=LINE('',#39970,#39990);
#40010=EDGE_CURVE('',#18870,#39940,#40000,.T.);
#40020=ORIENTED_EDGE('',*,*,#40010,.T.);
#40030=EDGE_LOOP('',(#40020,#39960,#39880,#39870));
#40040=FACE_OUTER_BOUND('',#40030,.T.);
#40050=ADVANCED_FACE('',(#40040),#39860,.T.);
#40060=CARTESIAN_POINT('',(-34.4813034796202,-0.282255000000015,
60.3278062006965));
#40070=DIRECTION('',(6.93334779979405E-33,-1.,0.));
#40080=DIRECTION('',(0.,-0.,-1.));
#40090=AXIS2_PLACEMENT_3D('',#40060,#40070,#40080);
#40100=PLANE('',#40090);
#40110=CARTESIAN_POINT('',(-35.562828542971,-0.282255000000015,59.83));
#40120=DIRECTION('',(1.,3.46667389989702E-33,0.));
#40130=VECTOR('',#40120,1.);
#40140=LINE('',#40110,#40130);
#40150=CARTESIAN_POINT('',(-34.317828542971,-0.282255000000015,59.83));
#40160=VERTEX_POINT('',#40150);
#40170=EDGE_CURVE('',#39620,#40160,#40140,.T.);
#40180=ORIENTED_EDGE('',*,*,#40170,.F.);
#40190=CARTESIAN_POINT('',(-34.317828542971,-0.282255000000015,55.908075
));
#40200=DIRECTION('',(0.,0.,1.));
#40210=VECTOR('',#40200,1.);
#40220=LINE('',#40190,#40210);
#40230=EDGE_CURVE('',#40160,#39940,#40220,.T.);
#40240=ORIENTED_EDGE('',*,*,#40230,.F.);
#40250=ORIENTED_EDGE('',*,*,#39950,.T.);
#40260=ORIENTED_EDGE('',*,*,#39710,.T.);
#40270=EDGE_LOOP('',(#40260,#40250,#40240,#40180));
#40280=FACE_BOUND('',#40270,.T.);
#40290=CARTESIAN_POINT('',(-36.662828542971,-0.282255000000015,61.05));
#40300=DIRECTION('',(1.,6.93334779979405E-33,-0.));
#40310=VECTOR('',#40300,1.);
#40320=LINE('',#40290,#40310);
#40330=CARTESIAN_POINT('',(-35.922828542971,-0.282255000000015,61.05));
#40340=VERTEX_POINT('',#40330);
#40350=CARTESIAN_POINT('',(-34.022828542971,-0.282255000000015,61.05));
#40360=VERTEX_POINT('',#40350);
#40370=EDGE_CURVE('',#40340,#40360,#40320,.T.);
#40380=ORIENTED_EDGE('',*,*,#40370,.F.);
#40390=CARTESIAN_POINT('',(-34.022828542971,-0.282255000000015,55.908075
));
#40400=DIRECTION('',(0.,0.,1.));
#40410=VECTOR('',#40400,1.);
#40420=LINE('',#40390,#40410);
#40430=CARTESIAN_POINT('',(-34.022828542971,-0.282255000000015,59.45));
#40440=VERTEX_POINT('',#40430);
#40450=EDGE_CURVE('',#40440,#40360,#40420,.T.);
#40460=ORIENTED_EDGE('',*,*,#40450,.T.);
#40470=CARTESIAN_POINT('',(-36.662828542971,-0.282255000000015,59.45));
#40480=DIRECTION('',(1.,3.46667389989702E-33,0.));
#40490=VECTOR('',#40480,1.);
#40500=LINE('',#40470,#40490);
#40510=CARTESIAN_POINT('',(-35.922828542971,-0.282255000000015,59.45));
#40520=VERTEX_POINT('',#40510);
#40530=EDGE_CURVE('',#40520,#40440,#40500,.T.);
#40540=ORIENTED_EDGE('',*,*,#40530,.T.);
#40550=CARTESIAN_POINT('',(-35.922828542971,-0.282255000000015,57.908075
));
#40560=DIRECTION('',(0.,-0.,-1.));
#40570=VECTOR('',#40560,1.);
#40580=LINE('',#40550,#40570);
#40590=EDGE_CURVE('',#40340,#40520,#40580,.T.);
#40600=ORIENTED_EDGE('',*,*,#40590,.T.);
#40610=EDGE_LOOP('',(#40600,#40540,#40460,#40380));
#40620=FACE_OUTER_BOUND('',#40610,.T.);
#40630=ADVANCED_FACE('',(#40280,#40620),#40100,.T.);
#40640=CARTESIAN_POINT('',(-35.117828542971,-0.282255000000015,58.425));
#40650=DIRECTION('',(-1.,-3.46667389989702E-33,0.));
#40660=DIRECTION('',(0.,0.,1.));
#40670=AXIS2_PLACEMENT_3D('',#40640,#40650,#40660);
#40680=PLANE('',#40670);
#40690=ORIENTED_EDGE('',*,*,#18440,.T.);
#40700=ORIENTED_EDGE('',*,*,#37200,.F.);
#40710=ORIENTED_EDGE('',*,*,#23360,.F.);
#40720=CARTESIAN_POINT('',(-35.117828542971,-5.45813999999999,58.67));
#40730=DIRECTION('',(3.46667389989702E-33,-1.,1.11022302462516E-15));
#40740=VECTOR('',#40730,1.);
#40750=LINE('',#40720,#40740);
#40760=EDGE_CURVE('',#18210,#23290,#40750,.T.);
#40770=ORIENTED_EDGE('',*,*,#40760,.T.);
#40780=EDGE_LOOP('',(#40770,#40710,#40700,#40690));
#40790=FACE_OUTER_BOUND('',#40780,.T.);
#40800=ADVANCED_FACE('',(#40790),#40680,.F.);
#40810=CARTESIAN_POINT('',(-35.372828542971,-1.53225499999999,55.825));
#40820=DIRECTION('',(-1.,-3.46667389989702E-33,0.));
#40830=DIRECTION('',(1.92439059126638E-48,-5.55111512312578E-16,-1.));
#40840=AXIS2_PLACEMENT_3D('',#40810,#40820,#40830);
#40850=PLANE('',#40840);
#40860=ORIENTED_EDGE('',*,*,#37020,.F.);
#40870=ORIENTED_EDGE('',*,*,#9530,.F.);
#40880=ORIENTED_EDGE('',*,*,#38560,.F.);
#40890=CARTESIAN_POINT('',(-35.372828542971,-8.48936178118649,54.925));
#40900=DIRECTION('',(-1.,-3.46667389989702E-33,0.));
#40910=DIRECTION('',(0.,-0.,-1.));
#40920=AXIS2_PLACEMENT_3D('',#40890,#40900,#40910);
#40930=CIRCLE('',#40920,0.15);
#40940=CARTESIAN_POINT('',(-35.372828542971,-8.48936178118649,54.775));
#40950=VERTEX_POINT('',#40940);
#40960=EDGE_CURVE('',#38490,#40950,#40930,.T.);
#40970=ORIENTED_EDGE('',*,*,#40960,.F.);
#40980=CARTESIAN_POINT('',(-35.372828542971,-5.45813999999999,54.775));
#40990=DIRECTION('',(-3.46667389989702E-33,1.,-5.55111512312578E-16));
#41000=VECTOR('',#40990,1.);
#41010=LINE('',#40980,#41000);
#41020=EDGE_CURVE('',#6180,#40950,#41010,.T.);
#41030=ORIENTED_EDGE('',*,*,#41020,.T.);
#41040=ORIENTED_EDGE('',*,*,#22330,.T.);
#41050=ORIENTED_EDGE('',*,*,#35050,.T.);
#41060=ORIENTED_EDGE('',*,*,#16030,.F.);
#41070=ORIENTED_EDGE('',*,*,#13460,.T.);
#41080=ORIENTED_EDGE('',*,*,#35490,.F.);
#41090=ORIENTED_EDGE('',*,*,#10970,.F.);
#41100=ORIENTED_EDGE('',*,*,#19530,.T.);
#41110=EDGE_LOOP('',(#41100,#41090,#41080,#41070,#41060,#41050,#41040,
#41030,#40970,#40880,#40870,#40860));
#41120=FACE_OUTER_BOUND('',#41110,.T.);
#41130=ADVANCED_FACE('',(#41120),#40850,.F.);
#41140=CARTESIAN_POINT('',(-32.2813034796202,-0.282255000000015,
58.3278062006965));
#41150=DIRECTION('',(6.93334779979405E-33,-1.,0.));
#41160=DIRECTION('',(0.,-0.,-1.));
#41170=AXIS2_PLACEMENT_3D('',#41140,#41150,#41160);
#41180=PLANE('',#41170);
#41190=ORIENTED_EDGE('',*,*,#26690,.F.);
#41200=ORIENTED_EDGE('',*,*,#29720,.F.);
#41210=CARTESIAN_POINT('',(-33.362828542971,-0.282255000000015,58.67));
#41220=DIRECTION('',(1.,6.93334779979405E-33,-0.));
#41230=VECTOR('',#41220,1.);
#41240=LINE('',#41210,#41230);
#41250=EDGE_CURVE('',#32790,#29650,#41240,.T.);
#41260=ORIENTED_EDGE('',*,*,#41250,.T.);
#41270=ORIENTED_EDGE('',*,*,#32800,.T.);
#41280=EDGE_LOOP('',(#41270,#41260,#41200,#41190));
#41290=FACE_BOUND('',#41280,.T.);
#41300=ORIENTED_EDGE('',*,*,#34350,.T.);
#41310=ORIENTED_EDGE('',*,*,#28330,.F.);
#41320=ORIENTED_EDGE('',*,*,#28100,.F.);
#41330=ORIENTED_EDGE('',*,*,#27860,.T.);
#41340=EDGE_LOOP('',(#41330,#41320,#41310,#41300));
#41350=FACE_OUTER_BOUND('',#41340,.T.);
#41360=ADVANCED_FACE('',(#41290,#41350),#41180,.T.);
#41370=CARTESIAN_POINT('',(-36.072828542971,-7.03225499999996,55.425));
#41380=DIRECTION('',(3.46667389989702E-33,-1.,5.55111512312578E-16));
#41390=DIRECTION('',(1.92439059126638E-48,-5.55111512312578E-16,-1.));
#41400=AXIS2_PLACEMENT_3D('',#41370,#41380,#41390);
#41410=PLANE('',#41400);
#41420=CARTESIAN_POINT('',(-35.8728285429711,-7.03225499999995,64.466925
));
#41430=DIRECTION('',(-1.92439059126638E-48,5.55111512312578E-16,1.));
#41440=VECTOR('',#41430,1.);
#41450=LINE('',#41420,#41440);
#41460=EDGE_CURVE('',#16810,#460,#41450,.T.);
#41470=ORIENTED_EDGE('',*,*,#41460,.F.);
#41480=ORIENTED_EDGE('',*,*,#470,.F.);
#41490=ORIENTED_EDGE('',*,*,#35310,.F.);
#41500=ORIENTED_EDGE('',*,*,#37890,.F.);
#41510=ORIENTED_EDGE('',*,*,#16880,.F.);
#41520=EDGE_LOOP('',(#41510,#41500,#41490,#41480,#41470));
#41530=FACE_OUTER_BOUND('',#41520,.T.);
#41540=ADVANCED_FACE('',(#41530),#41410,.F.);
#41550=CARTESIAN_POINT('',(-35.872828542971,-2.38225499999999,57.025));
#41560=DIRECTION('',(1.,3.46667389989702E-33,0.));
#41570=DIRECTION('',(-1.92439059126638E-48,5.55111512312578E-16,1.));
#41580=AXIS2_PLACEMENT_3D('',#41550,#41560,#41570);
#41590=PLANE('',#41580);
#41600=ORIENTED_EDGE('',*,*,#27100,.T.);
#41610=ORIENTED_EDGE('',*,*,#550,.F.);
#41620=ORIENTED_EDGE('',*,*,#41460,.T.);
#41630=ORIENTED_EDGE('',*,*,#16820,.F.);
#41640=EDGE_LOOP('',(#41630,#41620,#41610,#41600));
#41650=FACE_OUTER_BOUND('',#41640,.T.);
#41660=ADVANCED_FACE('',(#41650),#41590,.F.);
#41670=CARTESIAN_POINT('',(-34.022828542971,-2.68225500000002,60.25));
#41680=DIRECTION('',(1.,3.46667389989702E-33,0.));
#41690=DIRECTION('',(0.,-0.,-1.));
#41700=AXIS2_PLACEMENT_3D('',#41670,#41680,#41690);
#41710=PLANE('',#41700);
#41720=ORIENTED_EDGE('',*,*,#14650,.T.);
#41730=CARTESIAN_POINT('',(-34.022828542971,-5.75814000000002,59.45));
#41740=DIRECTION('',(3.46667389989702E-33,-1.,0.));
#41750=VECTOR('',#41740,1.);
#41760=LINE('',#41730,#41750);
#41770=EDGE_CURVE('',#40440,#14560,#41760,.T.);
#41780=ORIENTED_EDGE('',*,*,#41770,.T.);
#41790=ORIENTED_EDGE('',*,*,#40450,.F.);
#41800=CARTESIAN_POINT('',(-34.022828542971,-5.45814000000001,61.05));
#41810=DIRECTION('',(0.,-1.,0.));
#41820=VECTOR('',#41810,1.);
#41830=LINE('',#41800,#41820);
#41840=EDGE_CURVE('',#40360,#14640,#41830,.T.);
#41850=ORIENTED_EDGE('',*,*,#41840,.F.);
#41860=EDGE_LOOP('',(#41850,#41790,#41780,#41720));
#41870=FACE_OUTER_BOUND('',#41860,.T.);
#41880=ADVANCED_FACE('',(#41870),#41710,.F.);
#41890=CARTESIAN_POINT('',(-35.742828542971,-10.332255,61.05));
#41900=DIRECTION('',(3.84878118253276E-48,-5.55111512312578E-16,-1.));
#41910=DIRECTION('',(-1.,-6.93334779979405E-33,0.));
#41920=AXIS2_PLACEMENT_3D('',#41890,#41900,#41910);
#41930=PLANE('',#41920);
#41940=ORIENTED_EDGE('',*,*,#14710,.T.);
#41950=ORIENTED_EDGE('',*,*,#41840,.T.);
#41960=ORIENTED_EDGE('',*,*,#40370,.T.);
#41970=CARTESIAN_POINT('',(-35.922828542971,-5.45814000000001,61.05));
#41980=DIRECTION('',(0.,1.,-0.));
#41990=VECTOR('',#41980,1.);
#42000=LINE('',#41970,#41990);
#42010=EDGE_CURVE('',#14460,#40340,#42000,.T.);
#42020=ORIENTED_EDGE('',*,*,#42010,.T.);
#42030=EDGE_LOOP('',(#42020,#41960,#41950,#41940));
#42040=FACE_OUTER_BOUND('',#42030,.T.);
#42050=ADVANCED_FACE('',(#42040),#41930,.T.);
#42060=CARTESIAN_POINT('',(-35.922828542971,-9.43225500000003,59.45));
#42070=DIRECTION('',(-5.55111512312579E-17,-5.55111512312578E-16,1.));
#42080=DIRECTION('',(1.,-8.85927774418129E-33,5.55111512312579E-17));
#42090=AXIS2_PLACEMENT_3D('',#42060,#42070,#42080);
#42100=PLANE('',#42090);
#42110=ORIENTED_EDGE('',*,*,#14570,.F.);
#42120=CARTESIAN_POINT('',(-35.922828542971,-5.45813999999999,59.45));
#42130=DIRECTION('',(-5.27704804762103E-32,1.,5.55111512312578E-16));
#42140=VECTOR('',#42130,1.);
#42150=LINE('',#42120,#42140);
#42160=EDGE_CURVE('',#14480,#40520,#42150,.T.);
#42170=ORIENTED_EDGE('',*,*,#42160,.F.);
#42180=ORIENTED_EDGE('',*,*,#40530,.F.);
#42190=ORIENTED_EDGE('',*,*,#41770,.F.);
#42200=EDGE_LOOP('',(#42190,#42180,#42170,#42110));
#42210=FACE_OUTER_BOUND('',#42200,.T.);
#42220=ADVANCED_FACE('',(#42210),#42100,.T.);
#42230=CARTESIAN_POINT('',(-34.672828542971,-8.1694007191668,54.075));
#42240=DIRECTION('',(-0.447213595499954,4.96506830649455E-16,
-0.894427190999918));
#42250=DIRECTION('',(0.894427190999918,2.48253415324725E-16,
-0.447213595499954));
#42260=AXIS2_PLACEMENT_3D('',#42230,#42240,#42250);
#42270=PLANE('',#42260);
#42280=ORIENTED_EDGE('',*,*,#35840,.F.);
#42290=ORIENTED_EDGE('',*,*,#31700,.T.);
#42300=CARTESIAN_POINT('',(-35.572828542971,-7.97654643833363,54.525));
#42310=DIRECTION('',(-0.447213595499954,4.96506830649455E-16,
-0.894427190999918));
#42320=DIRECTION('',(0.894427190999918,2.48253415324725E-16,
-0.447213595499954));
#42330=AXIS2_PLACEMENT_3D('',#42300,#42310,#42320);
#42340=ELLIPSE('',#42330,1.56524758424987,0.7);
#42350=CARTESIAN_POINT('',(-34.8964353407108,-7.36366548821029,
54.186803398881));
#42360=VERTEX_POINT('',#42350);
#42370=EDGE_CURVE('',#42360,#31610,#42340,.T.);
#42380=ORIENTED_EDGE('',*,*,#42370,.T.);
#42390=CARTESIAN_POINT('',(-34.896435340721,-8.23225499999996,
54.186803398875));
#42400=DIRECTION('',(3.46667389989702E-33,-1.,-5.55111512312578E-16));
#42410=VECTOR('',#42400,1.);
#42420=LINE('',#42390,#42410);
#42430=EDGE_CURVE('',#42360,#35830,#42420,.T.);
#42440=ORIENTED_EDGE('',*,*,#42430,.F.);
#42450=EDGE_LOOP('',(#42440,#42380,#42290,#42280));
#42460=FACE_OUTER_BOUND('',#42450,.T.);
#42470=ADVANCED_FACE('',(#42460),#42270,.T.);
#42480=CARTESIAN_POINT('',(-34.5267045230236,-0.0371462696496767,58.67))
;
#42490=DIRECTION('',(7.69756236506552E-48,-1.11022302462516E-15,-1.));
#42500=DIRECTION('',(0.,1.,-1.11022302462516E-15));
#42510=AXIS2_PLACEMENT_3D('',#42480,#42490,#42500);
#42520=PLANE('',#42510);
#42530=ORIENTED_EDGE('',*,*,#18220,.F.);
#42540=ORIENTED_EDGE('',*,*,#40760,.F.);
#42550=ORIENTED_EDGE('',*,*,#23300,.F.);
#42560=ORIENTED_EDGE('',*,*,#26060,.T.);
#42570=EDGE_LOOP('',(#42560,#42550,#42540,#42530));
#42580=FACE_OUTER_BOUND('',#42570,.T.);
#42590=ADVANCED_FACE('',(#42580),#42520,.T.);
#42600=CARTESIAN_POINT('',(-34.672828542971,-8.23225499999996,
54.634016994375));
#42610=DIRECTION('',(-3.46667389989702E-33,1.,5.55111512312578E-16));
#42620=DIRECTION('',(-1.92439059126638E-48,5.55111512312578E-16,-1.));
#42630=AXIS2_PLACEMENT_3D('',#42600,#42610,#42620);
#42640=CYLINDRICAL_SURFACE('',#42630,0.5);
#42650=CARTESIAN_POINT('',(-33.440328542971,-8.86225499999997,
54.6485601121442));
#42660=DIRECTION('',(1.,3.46667389989702E-33,0.));
#42670=DIRECTION('',(3.46667389989702E-33,-1.,-5.55111512312578E-16));
#42680=AXIS2_PLACEMENT_3D('',#42650,#42660,#42670);
#42690=CYLINDRICAL_SURFACE('',#42680,0.5);
#42700=CARTESIAN_POINT('',(-34.9295443061301,-9.09293136832132,
54.2049517115268));
#42710=CARTESIAN_POINT('',(-34.9371060327048,-9.10163191991758,
54.2094759983569));
#42720=CARTESIAN_POINT('',(-34.9446673224478,-9.11022954930974,
54.2142718111955));
#42730=CARTESIAN_POINT('',(-34.952193000828,-9.11871485703305,
54.2193418206728));
#42740=CARTESIAN_POINT('',(-34.9597186831664,-9.12720016921921,
54.2244118328167));
#42750=CARTESIAN_POINT('',(-34.9672088917382,-9.13557307545056,
54.2297560472796));
#42760=CARTESIAN_POINT('',(-34.9746327330302,-9.14382082894397,
54.2353765161751));
#42770=CARTESIAN_POINT('',(-34.9894804348823,-9.16031635733734,
54.2466174685538));
#42780=CARTESIAN_POINT('',(-35.0040609824072,-9.17631247626638,
54.2589636506874));
#42790=CARTESIAN_POINT('',(-35.0181572743426,-9.19168345779238,
54.2724259722416));
#42800=CARTESIAN_POINT('',(-35.0322534442132,-9.2070543062156,
54.2858881772207));
#42810=CARTESIAN_POINT('',(-35.0458668424307,-9.22179968264801,
54.3004659355748));
#42820=CARTESIAN_POINT('',(-35.0587994377644,-9.2357748360852,
54.3161703829845));
#42830=CARTESIAN_POINT('',(-35.0652600998014,-9.24275632285896,
54.3240157631711));
#42840=CARTESIAN_POINT('',(-35.0715704787984,-9.24956634248984,
54.3321648428449));
#42850=CARTESIAN_POINT('',(-35.0777200303908,-9.25620009484529,
54.3406522326618));
#42860=CARTESIAN_POINT('',(-35.0838667952191,-9.26283084101363,
54.3491357762872));
#42870=CARTESIAN_POINT('',(-35.0898400252029,-9.26927159460927,
54.3579416577088));
#42880=CARTESIAN_POINT('',(-35.0955947230195,-9.27547990064824,
54.3670549052925));
#42890=CARTESIAN_POINT('',(-35.1013494046822,-9.28168818925995,
54.3761681272946));
#42900=CARTESIAN_POINT('',(-35.106885257814,-9.287663712126,
54.3855882919543));
#42910=CARTESIAN_POINT('',(-35.1121599092293,-9.29336639809469,
54.3952955026283));
#42920=CARTESIAN_POINT('',(-35.1174345684855,-9.29906909254061,
54.4050027277325));
#42930=CARTESIAN_POINT('',(-35.1224477358239,-9.30449863628883,
54.4149964577269));
#42940=CARTESIAN_POINT('',(-35.1271606953942,-9.30961844442376,
54.42525326363));
#42950=CARTESIAN_POINT('',(-35.1318736863065,-9.31473828660633,
54.4355101377426));
#42960=CARTESIAN_POINT('',(-35.136286232222,-9.31954813196707,
54.4460294572875));
#42970=CARTESIAN_POINT('',(-35.1403639773402,-9.32401566822247,
54.4567865861228));
#42980=CARTESIAN_POINT('',(-35.1444363376367,-9.32847730492178,
54.4675295097493));
#42990=CARTESIAN_POINT('',(-35.148198805422,-9.33262382011286,
54.4785724293878));
#43000=CARTESIAN_POINT('',(-35.151608047318,-9.33641366797317,
54.4898983411158));
#43010=CARTESIAN_POINT('',(-35.1550163129789,-9.34020243061195,
54.5012210096731));
#43020=CARTESIAN_POINT('',(-35.1580657935838,-9.34362843846236,
54.5128115135117));
#43030=CARTESIAN_POINT('',(-35.1607095942613,-9.34664522421244,
54.5245999948185));
#43040=CARTESIAN_POINT('',(-35.1633533935209,-9.34966200834471,
54.5363884698035));
#43050=CARTESIAN_POINT('',(-35.1655907003147,-9.35226867202061,
54.5483718550871));
#43060=CARTESIAN_POINT('',(-35.1673899933797,-9.3544341930289,
54.5604712822656));
#43070=CARTESIAN_POINT('',(-35.1691893235266,-9.35659975866672,
54.5725709588028));
#43080=CARTESIAN_POINT('',(-35.1705502098802,-9.35832365749036,
54.5847831402006));
#43090=CARTESIAN_POINT('',(-35.1714586867037,-9.35959264017663,
54.5970307839562));
#43100=CARTESIAN_POINT('',(-35.17236585994,-9.36085980198034,
54.6092608533815));
#43110=CARTESIAN_POINT('',(-35.1728285429711,-9.36168226575889,
54.621604442813));
#43120=CARTESIAN_POINT('',(-35.172828542971,-9.36204345297343,
54.6340169943769));
#43130=B_SPLINE_CURVE_WITH_KNOTS('',3,(#42700,#42710,#42720,#42730,
#42740,#42750,#42760,#42770,#42780,#42790,#42800,#42810,#42820,#42830,
#42840,#42850,#42860,#42870,#42880,#42890,#42900,#42910,#42920,#42930,
#42940,#42950,#42960,#42970,#42980,#42990,#43000,#43010,#43020,#43030,
#43040,#43050,#43060,#43070,#43080,#43090,#43100,#43110,#43120),
.UNSPECIFIED.,.F.,.F.,(4,3,3,3,3,3,3,3,3,3,3,3,3,3,4),(0.,
0.0372167288103399,0.0745160606992932,0.149101293493061,
0.223368692876012,0.260449805250126,0.297717250768734,0.335033375452257,
0.372280353577966,0.409385134761767,0.446499072485101,0.48381898840402,
0.521144538038373,0.55830597344072,0.595415468196898),.UNSPECIFIED.);
#43140=SURFACE_CURVE('',#43130,(#42640,#42690),.CURVE_3D.);
#43150=EDGE_CURVE('',#35920,#34030,#43140,.T.);
#43160=ORIENTED_EDGE('',*,*,#43150,.T.);
#43170=ORIENTED_EDGE('',*,*,#35930,.T.);
#43180=ORIENTED_EDGE('',*,*,#42430,.T.);
#43190=CARTESIAN_POINT('',(-33.440328542971,-7.97654643833363,54.525));
#43200=DIRECTION('',(1.,3.46667389989702E-33,0.));
#43210=DIRECTION('',(3.46667389989702E-33,-1.,-5.55111512312578E-16));
#43220=AXIS2_PLACEMENT_3D('',#43190,#43200,#43210);
#43230=CYLINDRICAL_SURFACE('',#43220,0.7);
#43240=CARTESIAN_POINT('',(-35.0775169545082,-7.30133346438685,
54.3403721586165));
#43250=CARTESIAN_POINT('',(-35.0715864941543,-7.30356828784517,
54.3321990587079));
#43260=CARTESIAN_POINT('',(-35.065422153776,-7.30590837336555,
54.3242249555599));
#43270=CARTESIAN_POINT('',(-35.0590442189151,-7.30832914785024,
54.3164678617118));
#43280=CARTESIAN_POINT('',(-35.052666263779,-7.31074993003047,
54.3087107432043));
#43290=CARTESIAN_POINT('',(-35.046074900952,-7.3132512999714,
54.3011708341428));
#43300=CARTESIAN_POINT('',(-35.0392919197872,-7.31580761948328,
54.2938632152507));
#43310=CARTESIAN_POINT('',(-35.0325040842586,-7.31836576847168,
54.2865503665284));
#43320=CARTESIAN_POINT('',(-35.02554741428,-7.32097039102179,
54.2794921802044));
#43330=CARTESIAN_POINT('',(-35.0183761542573,-7.3236207343831,
54.2726351349322));
#43340=CARTESIAN_POINT('',(-35.0112027265838,-7.32627187886148,
54.2657760169866));
#43350=CARTESIAN_POINT('',(-35.0038138171205,-7.32896893874509,
54.2591199237181));
#43360=CARTESIAN_POINT('',(-34.9962228513454,-7.33168746915079,
54.252682336481));
#43370=CARTESIAN_POINT('',(-34.9810406326209,-7.33712463280708,
54.239806918466));
#43380=CARTESIAN_POINT('',(-34.9650505107259,-7.34264785986513,
54.2278080515374));
#43390=CARTESIAN_POINT('',(-34.9483744813778,-7.34804862744339,
54.2167947085036));
#43400=CARTESIAN_POINT('',(-34.9316984417688,-7.35344939834482,
54.2057813586932));
#43410=CARTESIAN_POINT('',(-34.914339998828,-7.35872546317066,
54.1957557279285));
#43420=CARTESIAN_POINT('',(-34.896435340721,-7.36366548824012,
54.186803398875));
#43430=B_SPLINE_CURVE_WITH_KNOTS('',3,(#43240,#43250,#43260,#43270,
#43280,#43290,#43300,#43310,#43320,#43330,#43340,#43350,#43360,#43370,
#43380,#43390,#43400,#43410,#43420),.UNSPECIFIED.,.F.,.F.,(4,3,3,3,3,3,4
),(0.,0.0310145598700465,0.0619554451754997,0.092768047463383,
0.12365851929784,0.185701695343724,0.247713945378315),.UNSPECIFIED.);
#43440=SURFACE_CURVE('',#43430,(#42640,#43230),.CURVE_3D.);
#43450=CARTESIAN_POINT('',(-35.0775169545081,-7.30133346438682,
54.3403721586166));
#43460=VERTEX_POINT('',#43450);
#43470=EDGE_CURVE('',#43460,#42360,#43440,.T.);
#43480=ORIENTED_EDGE('',*,*,#43470,.T.);
#43490=CARTESIAN_POINT('',(-34.672828542971,-7.22104026172134,
54.634016994375));
#43500=DIRECTION('',(3.34391884807604E-33,-0.964589962781147,
0.263754059119222));
#43510=DIRECTION('',(-9.14349312740502E-34,0.263754059119222,
0.964589962781147));
#43520=AXIS2_PLACEMENT_3D('',#43490,#43500,#43510);
#43530=ELLIPSE('',#43520,0.518354968735502,0.5);
#43540=EDGE_CURVE('',#34110,#43460,#43530,.T.);
#43550=ORIENTED_EDGE('',*,*,#43540,.T.);
#43560=ORIENTED_EDGE('',*,*,#34120,.F.);
#43570=EDGE_LOOP('',(#43560,#43550,#43480,#43180,#43170,#43160));
#43580=FACE_OUTER_BOUND('',#43570,.T.);
#43590=ADVANCED_FACE('',(#43580),#42640,.T.);
#43600=CARTESIAN_POINT('',(-33.0728285429711,-8.1694007191668,54.075));
#43610=DIRECTION('',(0.447213595499954,4.68578321425424E-16,
-0.894427190999918));
#43620=DIRECTION('',(-0.894427190999918,-2.56689862936669E-30,
-0.447213595499954));
#43630=AXIS2_PLACEMENT_3D('',#43600,#43610,#43620);
#43640=PLANE('',#43630);
#43650=CARTESIAN_POINT('',(-32.172828542971,-7.97654643833363,54.525));
#43660=DIRECTION('',(0.447213595499954,4.68578321425424E-16,
-0.894427190999918));
#43670=DIRECTION('',(-0.894427190999918,2.3428916071271E-16,
-0.447213595499954));
#43680=AXIS2_PLACEMENT_3D('',#43650,#43660,#43670);
#43690=ELLIPSE('',#43680,1.56524758424987,0.7);
#43700=CARTESIAN_POINT('',(-32.8492217452313,-7.36366548821021,
54.186803398881));
#43710=VERTEX_POINT('',#43700);
#43720=EDGE_CURVE('',#31530,#43710,#43690,.T.);
#43730=ORIENTED_EDGE('',*,*,#43720,.T.);
#43740=ORIENTED_EDGE('',*,*,#31540,.T.);
#43750=ORIENTED_EDGE('',*,*,#35750,.F.);
#43760=CARTESIAN_POINT('',(-32.8492217452211,-8.23225499999996,
54.186803398875));
#43770=DIRECTION('',(6.2450045135165E-17,1.,5.55111512312578E-16));
#43780=VECTOR('',#43770,1.);
#43790=LINE('',#43760,#43780);
#43800=EDGE_CURVE('',#35680,#43710,#43790,.T.);
#43810=ORIENTED_EDGE('',*,*,#43800,.F.);
#43820=EDGE_LOOP('',(#43810,#43750,#43740,#43730));
#43830=FACE_OUTER_BOUND('',#43820,.T.);
#43840=ADVANCED_FACE('',(#43830),#43640,.T.);
#43850=CARTESIAN_POINT('',(-32.5728285429711,-0.732254999999952,57.025))
;
#43860=DIRECTION('',(1.,-6.2450045135165E-17,-3.90000813738415E-33));
#43870=DIRECTION('',(2.16493941517468E-49,-6.2450045135165E-17,1.));
#43880=AXIS2_PLACEMENT_3D('',#43850,#43860,#43870);
#43890=PLANE('',#43880);
#43900=ORIENTED_EDGE('',*,*,#30730,.T.);
#43910=ORIENTED_EDGE('',*,*,#37660,.T.);
#43920=ORIENTED_EDGE('',*,*,#38670,.F.);
#43930=ORIENTED_EDGE('',*,*,#12570,.T.);
#43940=ORIENTED_EDGE('',*,*,#22140,.T.);
#43950=ORIENTED_EDGE('',*,*,#11790,.T.);
#43960=ORIENTED_EDGE('',*,*,#38830,.T.);
#43970=ORIENTED_EDGE('',*,*,#36610,.T.);
#43980=ORIENTED_EDGE('',*,*,#9200,.T.);
#43990=CARTESIAN_POINT('',(-32.5728285429711,-6.8612025349584,55.95));
#44000=DIRECTION('',(2.77555756156289E-17,0.263754059119222,
0.964589962781147));
#44010=VECTOR('',#44000,1.);
#44020=LINE('',#43990,#44010);
#44030=CARTESIAN_POINT('',(-32.5728285429711,-7.22104026172134,
54.634016994375));
#44040=VERTEX_POINT('',#44030);
#44050=EDGE_CURVE('',#44040,#9090,#44020,.T.);
#44060=ORIENTED_EDGE('',*,*,#44050,.T.);
#44070=CARTESIAN_POINT('',(-32.5728285429711,-8.23225499999996,
54.634016994375));
#44080=DIRECTION('',(6.2450045135165E-17,1.,5.55111512312578E-16));
#44090=VECTOR('',#44080,1.);
#44100=LINE('',#44070,#44090);
#44110=CARTESIAN_POINT('',(-32.5728285429711,-9.36204345297337,
54.634016994375));
#44120=VERTEX_POINT('',#44110);
#44130=EDGE_CURVE('',#44120,#44040,#44100,.T.);
#44140=ORIENTED_EDGE('',*,*,#44130,.T.);
#44150=CARTESIAN_POINT('',(-32.5728285429711,-8.86225499999997,
54.6485601121442));
#44160=DIRECTION('',(1.,3.46667389989702E-33,0.));
#44170=DIRECTION('',(3.46667389989702E-33,-1.,-5.55111512312578E-16));
#44180=AXIS2_PLACEMENT_3D('',#44150,#44160,#44170);
#44190=CIRCLE('',#44180,0.5);
#44200=CARTESIAN_POINT('',(-32.5728285429711,-9.36225499999997,
54.6485601121442));
#44210=VERTEX_POINT('',#44200);
#44220=EDGE_CURVE('',#44210,#44120,#44190,.T.);
#44230=ORIENTED_EDGE('',*,*,#44220,.T.);
#44240=CARTESIAN_POINT('',(-32.5728285429711,-9.36225499999997,55.908075
));
#44250=DIRECTION('',(-9.86076131526265E-32,-1.35862590051207E-15,-1.));
#44260=VECTOR('',#44250,1.);
#44270=LINE('',#44240,#44260);
#44280=CARTESIAN_POINT('',(-32.572828542971,-9.36225499999997,
55.0414427734364));
#44290=VERTEX_POINT('',#44280);
#44300=EDGE_CURVE('',#44290,#44210,#44270,.T.);
#44310=ORIENTED_EDGE('',*,*,#44300,.T.);
#44320=CARTESIAN_POINT('',(-32.572828542971,-5.45813999999995,
56.0920046279818));
#44330=DIRECTION('',(-6.50985777223949E-17,-0.965649653996315,
-0.25984754325719));
#44340=VECTOR('',#44330,1.);
#44350=LINE('',#44320,#44340);
#44360=EDGE_CURVE('',#36150,#44290,#44350,.T.);
#44370=ORIENTED_EDGE('',*,*,#44360,.T.);
#44380=ORIENTED_EDGE('',*,*,#36240,.T.);
#44390=EDGE_LOOP('',(#44380,#44370,#44310,#44230,#44140,#44060,#43980,
#43970,#43960,#43950,#43940,#43930,#43920,#43910,#43900));
#44400=FACE_OUTER_BOUND('',#44390,.T.);
#44410=ADVANCED_FACE('',(#44400),#43890,.T.);
#44420=CARTESIAN_POINT('',(-35.922828542971,-3.10225500000002,60.75));
#44430=DIRECTION('',(-1.,-4.93038065763114E-33,-8.62816615085482E-32));
#44440=DIRECTION('',(-4.93038065763126E-33,1.,1.4210854715202E-15));
#44450=AXIS2_PLACEMENT_3D('',#44420,#44430,#44440);
#44460=PLANE('',#44450);
#44470=ORIENTED_EDGE('',*,*,#42160,.T.);
#44480=ORIENTED_EDGE('',*,*,#14490,.T.);
#44490=ORIENTED_EDGE('',*,*,#42010,.F.);
#44500=ORIENTED_EDGE('',*,*,#40590,.F.);
#44510=EDGE_LOOP('',(#44500,#44490,#44480,#44470));
#44520=FACE_OUTER_BOUND('',#44510,.T.);
#44530=ADVANCED_FACE('',(#44520),#44460,.F.);
#44540=CARTESIAN_POINT('',(-33.405328542971,-7.15466356094143,54.876767)
);
#44550=DIRECTION('',(-3.34391884807604E-33,0.964589962781147,
-0.263754059119222));
#44560=DIRECTION('',(-9.14349312740502E-34,0.263754059119222,
0.964589962781147));
#44570=AXIS2_PLACEMENT_3D('',#44540,#44550,#44560);
#44580=PLANE('',#44570);
#44590=ORIENTED_EDGE('',*,*,#33340,.F.);
#44600=ORIENTED_EDGE('',*,*,#34180,.F.);
#44610=ORIENTED_EDGE('',*,*,#43540,.F.);
#44620=CARTESIAN_POINT('',(-33.440328542971,-7.30133346438682,
54.3403721586166));
#44630=DIRECTION('',(-1.,-3.46667389989702E-33,0.));
#44640=VECTOR('',#44630,1.);
#44650=LINE('',#44620,#44640);
#44660=CARTESIAN_POINT('',(-32.668140131434,-7.30133346438682,
54.3403721586166));
#44670=VERTEX_POINT('',#44660);
#44680=EDGE_CURVE('',#44670,#43460,#44650,.T.);
#44690=ORIENTED_EDGE('',*,*,#44680,.T.);
#44700=CARTESIAN_POINT('',(-33.0728285429711,-7.22104026172134,
54.634016994375));
#44710=DIRECTION('',(3.34391884807604E-33,-0.964589962781147,
0.263754059119222));
#44720=DIRECTION('',(2.36773778358938E-16,0.263754059119222,
0.964589962781147));
#44730=AXIS2_PLACEMENT_3D('',#44700,#44710,#44720);
#44740=ELLIPSE('',#44730,0.518354968735502,0.5);
#44750=EDGE_CURVE('',#44670,#44040,#44740,.T.);
#44760=ORIENTED_EDGE('',*,*,#44750,.F.);
#44770=ORIENTED_EDGE('',*,*,#44050,.F.);
#44780=ORIENTED_EDGE('',*,*,#9120,.F.);
#44790=ORIENTED_EDGE('',*,*,#17450,.T.);
#44800=EDGE_LOOP('',(#44790,#44780,#44770,#44760,#44690,#44610,#44600,
#44590));
#44810=FACE_OUTER_BOUND('',#44800,.T.);
#44820=ADVANCED_FACE('',(#44810),#44580,.T.);
#44830=CARTESIAN_POINT('',(-32.672828542971,-5.45813999999995,
56.0920046279818));
#44840=DIRECTION('',(-6.50985777223949E-17,-0.965649653996315,
-0.25984754325719));
#44850=DIRECTION('',(3.24549816093465E-17,0.25984754325719,
-0.965649653996315));
#44860=AXIS2_PLACEMENT_3D('',#44830,#44840,#44850);
#44870=CYLINDRICAL_SURFACE('',#44860,0.1);
#44880=ORIENTED_EDGE('',*,*,#39400,.T.);
#44890=ORIENTED_EDGE('',*,*,#36160,.F.);
#44900=ORIENTED_EDGE('',*,*,#44360,.F.);
#44910=CARTESIAN_POINT('',(-32.672828542971,-9.36225499999997,
55.0414427734364));
#44920=DIRECTION('',(6.2450045135165E-17,1.,-1.35862590051207E-15));
#44930=DIRECTION('',(-1.8448176132356E-17,-1.35862590051207E-15,-1.));
#44940=AXIS2_PLACEMENT_3D('',#44910,#44920,#44930);
#44950=ELLIPSE('',#44940,0.103557226563643,0.1);
#44960=EDGE_CURVE('',#39390,#44290,#44950,.T.);
#44970=ORIENTED_EDGE('',*,*,#44960,.T.);
#44980=EDGE_LOOP('',(#44970,#44900,#44890,#44880));
#44990=FACE_OUTER_BOUND('',#44980,.T.);
#45000=ADVANCED_FACE('',(#44990),#44870,.T.);
#45010=CARTESIAN_POINT('',(-33.872828542971,-9.36225499999997,54.445));
#45020=DIRECTION('',(-6.2450045135165E-17,-1.,1.35862590051207E-15));
#45030=DIRECTION('',(-9.24446373305873E-32,-1.35862590051207E-15,-1.));
#45040=AXIS2_PLACEMENT_3D('',#45010,#45020,#45030);
#45050=PLANE('',#45040);
#45060=ORIENTED_EDGE('',*,*,#44960,.F.);
#45070=ORIENTED_EDGE('',*,*,#44300,.F.);
#45080=CARTESIAN_POINT('',(-33.440328542971,-9.36225499999997,
54.6485601121442));
#45090=DIRECTION('',(1.,3.46667389989702E-33,0.));
#45100=VECTOR('',#45090,1.);
#45110=LINE('',#45080,#45100);
#45120=EDGE_CURVE('',#33940,#44210,#45110,.T.);
#45130=ORIENTED_EDGE('',*,*,#45120,.T.);
#45140=ORIENTED_EDGE('',*,*,#33950,.F.);
#45150=ORIENTED_EDGE('',*,*,#34910,.F.);
#45160=ORIENTED_EDGE('',*,*,#39460,.T.);
#45170=EDGE_LOOP('',(#45160,#45150,#45140,#45130,#45070,#45060));
#45180=FACE_OUTER_BOUND('',#45170,.T.);
#45190=ADVANCED_FACE('',(#45180),#45050,.T.);
#45200=CARTESIAN_POINT('',(-35.722828542971,-8.48936178118649,54.925));
#45210=DIRECTION('',(-1.,-3.46667389989702E-33,0.));
#45220=DIRECTION('',(0.,0.,-1.));
#45230=AXIS2_PLACEMENT_3D('',#45200,#45210,#45220);
#45240=DEGENERATE_TOROIDAL_SURFACE('',#45230,0.149999999999999,0.35,.T.)
;
#45250=CARTESIAN_POINT('',(-35.722828542971,-8.48936178118649,54.775));
#45260=DIRECTION('',(3.46667389989702E-33,-1.,0.));
#45270=DIRECTION('',(0.,0.,-1.));
#45280=AXIS2_PLACEMENT_3D('',#45250,#45260,#45270);
#45290=CIRCLE('',#45280,0.35);
#45300=EDGE_CURVE('',#13670,#40950,#45290,.T.);
#45310=ORIENTED_EDGE('',*,*,#45300,.F.);
#45320=ORIENTED_EDGE('',*,*,#40960,.T.);
#45330=ORIENTED_EDGE('',*,*,#38500,.T.);
#45340=ORIENTED_EDGE('',*,*,#30980,.F.);
#45350=EDGE_LOOP('',(#45340,#45330,#45320,#45310));
#45360=FACE_OUTER_BOUND('',#45350,.T.);
#45370=ADVANCED_FACE('',(#45360),#45240,.T.);
#45380=CARTESIAN_POINT('',(-35.722828542971,-5.45813999999999,54.775));
#45390=DIRECTION('',(3.46667389989702E-33,-1.,5.55111512312578E-16));
#45400=DIRECTION('',(1.92439059126638E-48,-5.55111512312578E-16,-1.));
#45410=AXIS2_PLACEMENT_3D('',#45380,#45390,#45400);
#45420=CYLINDRICAL_SURFACE('',#45410,0.35);
#45430=ORIENTED_EDGE('',*,*,#45300,.T.);
#45440=ORIENTED_EDGE('',*,*,#13680,.T.);
#45450=ORIENTED_EDGE('',*,*,#6580,.F.);
#45460=ORIENTED_EDGE('',*,*,#41020,.F.);
#45470=EDGE_LOOP('',(#45460,#45450,#45440,#45430));
#45480=FACE_OUTER_BOUND('',#45470,.T.);
#45490=ADVANCED_FACE('',(#45480),#45420,.T.);
#45500=CARTESIAN_POINT('',(-32.022828542971,-9.08225499999997,54.425));
#45510=CARTESIAN_POINT('',(-32.0129330642971,-9.09609712377279,54.425));
#45520=CARTESIAN_POINT('',(-32.0030542197169,-9.1099390525557,
54.425820649165));
#45530=CARTESIAN_POINT('',(-31.9833443413356,-9.13753288228954,
54.429112937918));
#45540=CARTESIAN_POINT('',(-31.9735305514947,-9.15127218806688,
54.4315863860129));
#45550=CARTESIAN_POINT('',(-31.9540416534372,-9.17855664534731,
54.4382153438597));
#45560=CARTESIAN_POINT('',(-31.9443793469875,-9.19208387437075,
54.4423736628962));
#45570=CARTESIAN_POINT('',(-31.9252742829876,-9.21883096397062,
54.4524281486397));
#45580=CARTESIAN_POINT('',(-31.9158464724421,-9.23202989874045,
54.4583298506347));
#45590=CARTESIAN_POINT('',(-31.8989714410709,-9.25565494266014,
54.4707320404309));
#45600=CARTESIAN_POINT('',(-31.8914683208153,-9.26615931101099,
54.476955037546));
#45610=CARTESIAN_POINT('',(-31.8767573695255,-9.28675464281666,
54.4906856360818));
#45620=CARTESIAN_POINT('',(-31.8695619717625,-9.29682819969199,
54.4981979785138));
#45630=CARTESIAN_POINT('',(-31.8555693063125,-9.31641793132198,
54.5145535643445));
#45640=CARTESIAN_POINT('',(-31.8487867571436,-9.32591350014041,
54.5233998588165));
#45650=CARTESIAN_POINT('',(-31.8357257374767,-9.34419892767415,
54.5424862878621));
#45660=CARTESIAN_POINT('',(-31.829466617138,-9.35296169616493,
54.5527303332085));
#45670=CARTESIAN_POINT('',(-31.8151793980311,-9.3729638029146,
54.5791227988793));
#45680=CARTESIAN_POINT('',(-31.8075692616684,-9.38361799382367,
54.5958729781877));
#45690=CARTESIAN_POINT('',(-31.7941452624095,-9.40241159278614,
54.6320809965171));
#45700=CARTESIAN_POINT('',(-31.7884139152847,-9.41043547876085,
54.6515101218887));
#45710=CARTESIAN_POINT('',(-31.7820246686877,-9.41938042399668,
54.680507089667));
#45720=CARTESIAN_POINT('',(-31.7803447588482,-9.42173229777184,
54.689330747856));
#45730=CARTESIAN_POINT('',(-31.7774628111514,-9.42576702454748,
54.7072887110614));
#45740=CARTESIAN_POINT('',(-31.7762661503092,-9.42744234971682,
54.7164147070278));
#45750=CARTESIAN_POINT('',(-31.7743869967556,-9.43007316469184,
54.7348768392161));
#45760=CARTESIAN_POINT('',(-31.7737080587714,-9.43102367787945,
54.744202735905));
#45770=CARTESIAN_POINT('',(-31.7731911548073,-9.43174734342925,
54.7559992406199));
#45780=CARTESIAN_POINT('',(-31.7731027844263,-9.43187106196226,
54.7584311721071));
#45790=CARTESIAN_POINT('',(-31.7728966291724,-9.43215967931592,
54.7655726848243));
#45800=CARTESIAN_POINT('',(-31.7728285754892,-9.43225499999997,
54.7702859776524));
#45810=CARTESIAN_POINT('',(-31.7728285541895,-9.43225499999997,54.775));
#45820=CARTESIAN_POINT('',(-32.022828542971,-9.08225499999997,54.425));
#45830=CARTESIAN_POINT('',(-32.0116082228317,-9.09479087041647,
54.4249997537359));
#45840=CARTESIAN_POINT('',(-32.0004271195953,-9.10729303776241,
54.4256622170463));
#45850=CARTESIAN_POINT('',(-31.9780236724019,-9.13234304078517,
54.4283355036011));
#45860=CARTESIAN_POINT('',(-31.9668742615902,-9.14481960480229,
54.4303408408994));
#45870=CARTESIAN_POINT('',(-31.9445779274653,-9.16978889923618,
54.4357609266892));
#45880=CARTESIAN_POINT('',(-31.933506037616,-9.18220510233928,
54.439162835776));
#45890=CARTESIAN_POINT('',(-31.9113983021552,-9.20702793982119,
54.4474842208519));
#45900=CARTESIAN_POINT('',(-31.9004354576567,-9.21936003748022,
54.4523878668266));
#45910=CARTESIAN_POINT('',(-31.8805861725855,-9.24173082081088,
54.4628330257984));
#45920=CARTESIAN_POINT('',(-31.8716961535011,-9.25176930766123,
54.4681082317085));
#45930=CARTESIAN_POINT('',(-31.8540426244718,-9.27173914335738,
54.4799199153709));
#45940=CARTESIAN_POINT('',(-31.845331404058,-9.28161701565377,
54.4864343792927));
#45950=CARTESIAN_POINT('',(-31.8281103447849,-9.30118240230551,
54.5008858161539));
#45960=CARTESIAN_POINT('',(-31.8196608760411,-9.31080812550705,
54.5087897351155));
#45970=CARTESIAN_POINT('',(-31.8030647104832,-9.32975403712657,
54.5262328200497));
#45980=CARTESIAN_POINT('',(-31.795005340161,-9.33898465866635,
54.5357035698487));
#45990=CARTESIAN_POINT('',(-31.7760632874898,-9.36070681966783,
54.5609216580811));
#46000=CARTESIAN_POINT('',(-31.7657025744235,-9.37264509994855,
54.5772945731585));
#46010=CARTESIAN_POINT('',(-31.7467749097677,-9.39449841143439,
54.6142067558349));
#46020=CARTESIAN_POINT('',(-31.7382657800108,-9.40434669238447,
54.6349566968754));
#46030=CARTESIAN_POINT('',(-31.7286814761243,-9.41548367475359,
54.6665165209234));
#46040=CARTESIAN_POINT('',(-31.7260719309202,-9.41850965875199,
54.6764307048508));
#46050=CARTESIAN_POINT('',(-31.7216043797996,-9.42370172697968,
54.6966429371472));
#46060=CARTESIAN_POINT('',(-31.7197168107561,-9.42589542663016,
54.7070761526076));
#46070=CARTESIAN_POINT('',(-31.7167470889489,-9.42934959532096,
54.7282743111249));
#46080=CARTESIAN_POINT('',(-31.7156579301976,-9.4306161820206,
54.739122572185));
#46090=CARTESIAN_POINT('',(-31.714831936807,-9.43157780796622,
54.7528301390167));
#46100=CARTESIAN_POINT('',(-31.7146903862938,-9.43174241018719,
54.755662917286));
#46110=CARTESIAN_POINT('',(-31.7143612727064,-9.43212532513596,
54.763977370311));
#46120=CARTESIAN_POINT('',(-31.7142507421115,-9.43225416802333,
54.7693934604353));
#46130=CARTESIAN_POINT('',(-31.7142499038552,-9.43225499999997,54.775));
#46140=CARTESIAN_POINT('',(-32.022828542971,-9.08225499999997,54.425));
#46150=CARTESIAN_POINT('',(-32.0102926725545,-9.09347532013936,
54.4249997537359));
#46160=CARTESIAN_POINT('',(-31.9977905052086,-9.10465642337571,
54.4256622170463));
#46170=CARTESIAN_POINT('',(-31.9727405021858,-9.12705987056908,
54.4283355036011));
#46180=CARTESIAN_POINT('',(-31.9602639381687,-9.1382092813808,
54.4303408408994));
#46190=CARTESIAN_POINT('',(-31.9352946437348,-9.16050561550567,
54.4357609266892));
#46200=CARTESIAN_POINT('',(-31.9228784406317,-9.17157750535498,
54.439162835776));
#46210=CARTESIAN_POINT('',(-31.8980556031498,-9.19368524081584,
54.4474842208519));
#46220=CARTESIAN_POINT('',(-31.8857235054908,-9.20464808531434,
54.4523878668266));
#46230=CARTESIAN_POINT('',(-31.8633527221601,-9.22449737038547,
54.4628330257984));
#46240=CARTESIAN_POINT('',(-31.8533142353098,-9.23338738946989,
54.4681082317085));
#46250=CARTESIAN_POINT('',(-31.8333443996136,-9.25104091849922,
54.4799199153709));
#46260=CARTESIAN_POINT('',(-31.8234665273172,-9.25975213891296,
54.4864343792927));
#46270=CARTESIAN_POINT('',(-31.8039011406655,-9.27697319818611,
54.5008858161539));
#46280=CARTESIAN_POINT('',(-31.794275417464,-9.28542266692991,
54.5087897351155));
#46290=CARTESIAN_POINT('',(-31.7753295058444,-9.30201883248783,
54.5262328200497));
#46300=CARTESIAN_POINT('',(-31.7660988843047,-9.31007820281,
54.5357035698487));
#46310=CARTESIAN_POINT('',(-31.7443767233032,-9.32902025548117,
54.5609216580811));
#46320=CARTESIAN_POINT('',(-31.7324384430225,-9.33938096854755,
54.5772945731585));
#46330=CARTESIAN_POINT('',(-31.7105851315366,-9.35830863320326,
54.6142067558349));
#46340=CARTESIAN_POINT('',(-31.7007368505865,-9.36681776296016,
54.6349566968754));
#46350=CARTESIAN_POINT('',(-31.6895998682174,-9.37640206684675,
54.6665165209234));
#46360=CARTESIAN_POINT('',(-31.686573884219,-9.37901161205079,
54.6764307048508));
#46370=CARTESIAN_POINT('',(-31.6813818159913,-9.3834791631714,
54.6966429371472));
#46380=CARTESIAN_POINT('',(-31.6791881163408,-9.3853667322149,
54.7070761526076));
#46390=CARTESIAN_POINT('',(-31.67573394765,-9.3883364540221,
54.7282743111249));
#46400=CARTESIAN_POINT('',(-31.6744673609504,-9.38942561277336,
54.739122572185));
#46410=CARTESIAN_POINT('',(-31.6735057350048,-9.39025160616404,
54.7528301390167));
#46420=CARTESIAN_POINT('',(-31.6733411327838,-9.39039315667716,
54.755662917286));
#46430=CARTESIAN_POINT('',(-31.672958217835,-9.39072227026455,
54.763977370311));
#46440=CARTESIAN_POINT('',(-31.6728293749477,-9.39083280085945,
54.7693934604353));
#46450=CARTESIAN_POINT('',(-31.672828542971,-9.3908336391158,54.775));
#46460=CARTESIAN_POINT('',(-32.022828542971,-9.08225499999997,54.425));
#46470=CARTESIAN_POINT('',(-32.0089864191982,-9.09215047867396,54.425));
#46480=CARTESIAN_POINT('',(-31.9951444904153,-9.10202932325407,
54.425820649165));
#46490=CARTESIAN_POINT('',(-31.9675506606815,-9.12173920163538,
54.429112937918));
#46500=CARTESIAN_POINT('',(-31.9538113549041,-9.13155299147635,
54.4315863860129));
#46510=CARTESIAN_POINT('',(-31.9265268976237,-9.1510418895338,
54.4382153438597));
#46520=CARTESIAN_POINT('',(-31.9129996686003,-9.16070419598346,
54.4423736628962));
#46530=CARTESIAN_POINT('',(-31.8862525790004,-9.17980925998337,
54.4524281486397));
#46540=CARTESIAN_POINT('',(-31.8730536442306,-9.18923707052889,
54.4583298506347));
#46550=CARTESIAN_POINT('',(-31.8494286003109,-9.20611210190009,
54.4707320404309));
#46560=CARTESIAN_POINT('',(-31.83892423196,-9.2136152221557,
54.476955037546));
#46570=CARTESIAN_POINT('',(-31.8183289001543,-9.22832617344546,
54.4906856360818));
#46580=CARTESIAN_POINT('',(-31.808255343279,-9.23552157120855,
54.4981979785138));
#46590=CARTESIAN_POINT('',(-31.788665611649,-9.24951423665855,
54.5145535643445));
#46600=CARTESIAN_POINT('',(-31.7791700428306,-9.25629678582739,
54.5233998588165));
#46610=CARTESIAN_POINT('',(-31.7608846152969,-9.26935780549435,
54.5424862878621));
#46620=CARTESIAN_POINT('',(-31.7521218468061,-9.27561692583303,
54.5527303332085));
#46630=CARTESIAN_POINT('',(-31.7321197400564,-9.28990414493994,
54.5791227988793));
#46640=CARTESIAN_POINT('',(-31.7214655491473,-9.29751428130261,
54.5958729781877));
#46650=CARTESIAN_POINT('',(-31.7026719501849,-9.31093828056152,
54.6320809965171));
#46660=CARTESIAN_POINT('',(-31.6946480642101,-9.31666962768632,
54.6515101218887));
#46670=CARTESIAN_POINT('',(-31.6857031189743,-9.32305887428334,
54.680507089667));
#46680=CARTESIAN_POINT('',(-31.6833512451992,-9.32473878412276,
54.689330747856));
#46690=CARTESIAN_POINT('',(-31.6793165184235,-9.32762073181964,
54.7072887110614));
#46700=CARTESIAN_POINT('',(-31.6776411932542,-9.32881739266177,
54.7164147070278));
#46710=CARTESIAN_POINT('',(-31.6750103782792,-9.33069654621536,
54.7348768392161));
#46720=CARTESIAN_POINT('',(-31.6740598650916,-9.33137548419961,
54.744202735905));
#46730=CARTESIAN_POINT('',(-31.6733361995418,-9.33189238816376,
54.7559992406199));
#46740=CARTESIAN_POINT('',(-31.6732124810087,-9.33198075854475,
54.7584311721071));
#46750=CARTESIAN_POINT('',(-31.6729238636551,-9.33218691379857,
54.7655726848243));
#46760=CARTESIAN_POINT('',(-31.672828542971,-9.33225496748176,
54.7702859776524));
#46770=CARTESIAN_POINT('',(-31.672828542971,-9.33225498878146,54.775));
#46780=(BOUNDED_SURFACE() B_SPLINE_SURFACE(3,3,((#45500,#45820,#46140,
#46460),(#45510,#45830,#46150,#46470),(#45520,#45840,#46160,#46480),(
#45530,#45850,#46170,#46490),(#45540,#45860,#46180,#46500),(#45550,
#45870,#46190,#46510),(#45560,#45880,#46200,#46520),(#45570,#45890,
#46210,#46530),(#45580,#45900,#46220,#46540),(#45590,#45910,#46230,
#46550),(#45600,#45920,#46240,#46560),(#45610,#45930,#46250,#46570),(
#45620,#45940,#46260,#46580),(#45630,#45950,#46270,#46590),(#45640,
#45960,#46280,#46600),(#45650,#45970,#46290,#46610),(#45660,#45980,
#46300,#46620),(#45670,#45990,#46310,#46630),(#45680,#46000,#46320,
#46640),(#45690,#46010,#46330,#46650),(#45700,#46020,#46340,#46660),(
#45710,#46030,#46350,#46670),(#45720,#46040,#46360,#46680),(#45730,
#46050,#46370,#46690),(#45740,#46060,#46380,#46700),(#45750,#46070,
#46390,#46710),(#45760,#46080,#46400,#46720),(#45770,#46090,#46410,
#46730),(#45780,#46100,#46420,#46740),(#45790,#46110,#46430,#46750),(
#45800,#46120,#46440,#46760),(#45810,#46130,#46450,#46770)),
.UNSPECIFIED.,.F.,.F.,.F.) B_SPLINE_SURFACE_WITH_KNOTS((4,2,2,2,2,2,2,2,
2,2,2,2,2,2,2,4),(4,4),(0.,0.0510363307349916,0.102188865107635,
0.153553223440165,0.205287733319214,0.24824753326174,0.291653639993774,
0.335543248412077,0.380084950358956,0.443720748074828,0.508900069525947,
0.536734457465768,0.564778855189933,0.592952698619107,0.600261866371101,
0.614404494444595),(0.,1.),.UNSPECIFIED.) GEOMETRIC_REPRESENTATION_ITEM(
) RATIONAL_B_SPLINE_SURFACE(((1.,1.,1.,1.),(1.,0.999988479679201,
0.999988479679201,1.),(1.,0.999208200453379,0.999208200453379,1.),(1.,
0.996082544323161,0.996082544323161,1.),(1.,0.99373926155851,
0.99373926155851,1.),(1.,0.987515872660779,0.987515872660779,1.),(1.,
0.983634193876564,0.983634193876564,1.),(1.,0.974381627664585,
0.974381627664585,1.),(1.,0.969004130844489,0.969004130844489,1.),(1.,
0.9579342361869,0.9579342361869,1.),(1.,0.952452884421481,
0.952452884421481,1.),(1.,0.94062164243478,0.94062164243478,1.),(1.,
0.934272513408853,0.934272513408853,1.),(1.,0.920857333633986,
0.920857333633986,1.),(1.,0.913793856943086,0.913793856943086,1.),(1.,
0.899153832595496,0.899153832595496,1.),(1.,0.891596434571693,
0.891596434571693,1.),(1.,0.873189207842892,0.873189207842892,1.),(1.,
0.862381087327838,0.862381087327838,1.),(1.,0.842104059606018,
0.842104059606018,1.),(1.,0.832596996415059,0.832596996415059,1.),(1.,
0.821503042757853,0.821503042757853,1.),(1.,0.818527407302328,
0.818527407302328,1.),(1.,0.81333697147615,0.81333697147615,1.),(1.,
0.811143229451306,0.811143229451306,1.),(1.,0.807671302695685,
0.807671302695685,1.),(1.,0.806398181598259,0.806398181598259,1.),(1.,
0.805420730472058,0.805420730472058,1.),(1.,0.805256751006027,
0.805256751006027,1.),(1.,0.804874124756185,0.804874124756185,1.),(1.,
0.804737938100247,0.804737938100247,1.),(1.,0.804737854124363,
0.804737854124363,1.))) REPRESENTATION_ITEM('') SURFACE());
#46790=ORIENTED_EDGE('',*,*,#24050,.T.);
#46800=CARTESIAN_POINT('',(-32.022828542971,-9.08225499999997,54.425));
#46810=CARTESIAN_POINT('',(-32.0089864191982,-9.09215047867396,54.425));
#46820=CARTESIAN_POINT('',(-31.9951444904153,-9.10202932325407,
54.425820649165));
#46830=CARTESIAN_POINT('',(-31.9675506606815,-9.12173920163538,
54.429112937918));
#46840=CARTESIAN_POINT('',(-31.9538113549041,-9.13155299147635,
54.4315863860129));
#46850=CARTESIAN_POINT('',(-31.9265268976237,-9.1510418895338,
54.4382153438597));
#46860=CARTESIAN_POINT('',(-31.9129996686003,-9.16070419598346,
54.4423736628962));
#46870=CARTESIAN_POINT('',(-31.8862525790004,-9.17980925998337,
54.4524281486397));
#46880=CARTESIAN_POINT('',(-31.8730536442306,-9.18923707052889,
54.4583298506347));
#46890=CARTESIAN_POINT('',(-31.8494286003109,-9.20611210190009,
54.4707320404309));
#46900=CARTESIAN_POINT('',(-31.83892423196,-9.2136152221557,
54.476955037546));
#46910=CARTESIAN_POINT('',(-31.8183289001543,-9.22832617344546,
54.4906856360818));
#46920=CARTESIAN_POINT('',(-31.808255343279,-9.23552157120855,
54.4981979785138));
#46930=CARTESIAN_POINT('',(-31.788665611649,-9.24951423665855,
54.5145535643445));
#46940=CARTESIAN_POINT('',(-31.7791700428306,-9.25629678582739,
54.5233998588165));
#46950=CARTESIAN_POINT('',(-31.7608846152969,-9.26935780549435,
54.5424862878621));
#46960=CARTESIAN_POINT('',(-31.7521218468061,-9.27561692583303,
54.5527303332085));
#46970=CARTESIAN_POINT('',(-31.7321197400564,-9.28990414493994,
54.5791227988793));
#46980=CARTESIAN_POINT('',(-31.7214655491473,-9.29751428130261,
54.5958729781877));
#46990=CARTESIAN_POINT('',(-31.7026719501849,-9.31093828056152,
54.6320809965171));
#47000=CARTESIAN_POINT('',(-31.6946480642101,-9.31666962768632,
54.6515101218887));
#47010=CARTESIAN_POINT('',(-31.6857031189743,-9.32305887428334,
54.680507089667));
#47020=CARTESIAN_POINT('',(-31.6833512451992,-9.32473878412276,
54.689330747856));
#47030=CARTESIAN_POINT('',(-31.6793165184235,-9.32762073181964,
54.7072887110614));
#47040=CARTESIAN_POINT('',(-31.6776411932542,-9.32881739266177,
54.7164147070278));
#47050=CARTESIAN_POINT('',(-31.6750103782792,-9.33069654621536,
54.7348768392161));
#47060=CARTESIAN_POINT('',(-31.6740598650916,-9.33137548419961,
54.744202735905));
#47070=CARTESIAN_POINT('',(-31.6733361995418,-9.33189238816376,
54.7559992406199));
#47080=CARTESIAN_POINT('',(-31.6732124810087,-9.33198075854475,
54.7584311721071));
#47090=CARTESIAN_POINT('',(-31.6729238636551,-9.33218691379857,
54.7655726848243));
#47100=CARTESIAN_POINT('',(-31.672828542971,-9.33225496748176,
54.7702859776524));
#47110=CARTESIAN_POINT('',(-31.672828542971,-9.33225498878146,54.775));
#47120=B_SPLINE_CURVE_WITH_KNOTS('',3,(#46800,#46810,#46820,#46830,
#46840,#46850,#46860,#46870,#46880,#46890,#46900,#46910,#46920,#46930,
#46940,#46950,#46960,#46970,#46980,#46990,#47000,#47010,#47020,#47030,
#47040,#47050,#47060,#47070,#47080,#47090,#47100,#47110),.UNSPECIFIED.,
.F.,.F.,(4,2,2,2,2,2,2,2,2,2,2,2,2,2,2,4),(0.,0.0510363307349916,
0.102188865107635,0.153553223440165,0.205287733319214,0.24824753326174,
0.291653639993774,0.335543248412077,0.380084950358956,0.443720748074828,
0.508900069525947,0.536734457465768,0.564778855189933,0.592952698619107,
0.600261866371101,0.614404494444595),.UNSPECIFIED.);
#47130=EDGE_CURVE('',#3200,#23970,#47120,.T.);
#47140=ORIENTED_EDGE('',*,*,#47130,.T.);
#47150=ORIENTED_EDGE('',*,*,#32210,.F.);
#47160=EDGE_LOOP('',(#47150,#47140,#46790));
#47170=FACE_OUTER_BOUND('',#47160,.T.);
#47180=ADVANCED_FACE('',(#47170),#46780,.F.);
#47190=CARTESIAN_POINT('',(-32.022828542971,-5.45813999999999,54.775));
#47200=DIRECTION('',(3.46667389989702E-33,-1.,5.55111512312578E-16));
#47210=DIRECTION('',(1.92439059126638E-48,-5.55111512312578E-16,-1.));
#47220=AXIS2_PLACEMENT_3D('',#47190,#47200,#47210);
#47230=CYLINDRICAL_SURFACE('',#47220,0.35);
#47240=ORIENTED_EDGE('',*,*,#28570,.F.);
#47250=ORIENTED_EDGE('',*,*,#31280,.T.);
#47260=ORIENTED_EDGE('',*,*,#47130,.F.);
#47270=ORIENTED_EDGE('',*,*,#29120,.T.);
#47280=EDGE_LOOP('',(#47270,#47260,#47250,#47240));
#47290=FACE_OUTER_BOUND('',#47280,.T.);
#47300=ADVANCED_FACE('',(#47290),#47230,.T.);
#47310=CARTESIAN_POINT('',(-32.3728285429711,-9.33225499999997,55.908075
));
#47320=CARTESIAN_POINT('',(-32.3728285429711,-9.39083364376266,55.908075
));
#47330=CARTESIAN_POINT('',(-32.3314071867337,-9.43225499999997,55.908075
));
#47340=CARTESIAN_POINT('',(-32.2728285429711,-9.43225499999997,55.908075
));
#47350=(BOUNDED_CURVE() B_SPLINE_CURVE(3,(#47310,#47320,#47330,#47340),
.UNSPECIFIED.,.F.,.F.) B_SPLINE_CURVE_WITH_KNOTS((4,4),(0.,1.),
.UNSPECIFIED.) CURVE() GEOMETRIC_REPRESENTATION_ITEM() 
RATIONAL_B_SPLINE_CURVE((1.,0.804737854124363,0.804737854124363,1.)) 
REPRESENTATION_ITEM(''));
#47360=DIRECTION('',(-5.55111512312579E-17,-5.55111512312578E-16,1.));
#47370=VECTOR('',#47360,1.);
#47380=SURFACE_OF_LINEAR_EXTRUSION('',#47350,#47370);
#47390=CARTESIAN_POINT('',(-32.3728285429711,-9.33225499999997,
56.9529640035993));
#47400=CARTESIAN_POINT('',(-32.3728285429711,-9.39083364376267,
56.9541355764745));
#47410=CARTESIAN_POINT('',(-32.3314071867337,-9.43225499999997,
56.9549640035993));
#47420=CARTESIAN_POINT('',(-32.2728285429711,-9.43225499999997,
56.9549640035993));
#47430=(BOUNDED_CURVE() B_SPLINE_CURVE(3,(#47390,#47400,#47410,#47420),
.UNSPECIFIED.,.F.,.F.) B_SPLINE_CURVE_WITH_KNOTS((4,4),(0.,1.),
.UNSPECIFIED.) CURVE() GEOMETRIC_REPRESENTATION_ITEM() 
RATIONAL_B_SPLINE_CURVE((1.,0.804737854124363,0.804737854124363,1.)) 
REPRESENTATION_ITEM(''));
#47440=CARTESIAN_POINT('',(-32.3728285429711,-9.33225499999997,
56.9529640035993));
#47450=VERTEX_POINT('',#47440);
#47460=EDGE_CURVE('',#47450,#15790,#47430,.T.);
#47470=ORIENTED_EDGE('',*,*,#47460,.F.);
#47480=ORIENTED_EDGE('',*,*,#15800,.T.);
#47490=ORIENTED_EDGE('',*,*,#2840,.F.);
#47500=CARTESIAN_POINT('',(-32.3728285429711,-9.33225499999997,55.908075
));
#47510=DIRECTION('',(-5.55111512312579E-17,-5.55111512312578E-16,1.));
#47520=VECTOR('',#47510,1.);
#47530=LINE('',#47500,#47520);
#47540=EDGE_CURVE('',#2830,#47450,#47530,.T.);
#47550=ORIENTED_EDGE('',*,*,#47540,.F.);
#47560=EDGE_LOOP('',(#47550,#47490,#47480,#47470));
#47570=FACE_OUTER_BOUND('',#47560,.T.);
#47580=ADVANCED_FACE('',(#47570),#47380,.T.);
#47590=CARTESIAN_POINT('',(-32.022828542971,-5.45813999999999,
57.7440897468306));
#47600=DIRECTION('',(-2.4513086227796E-33,0.707106781186548,
0.707106781186547));
#47610=DIRECTION('',(2.4513086227796E-33,-0.707106781186547,
0.707106781186548));
#47620=AXIS2_PLACEMENT_3D('',#47590,#47600,#47610);
#47630=CYLINDRICAL_SURFACE('',#47620,0.35);
#47640=ORIENTED_EDGE('',*,*,#39220,.T.);
#47650=ORIENTED_EDGE('',*,*,#30460,.T.);
#47660=ORIENTED_EDGE('',*,*,#28730,.T.);
#47670=ORIENTED_EDGE('',*,*,#29280,.T.);
#47680=EDGE_LOOP('',(#47670,#47660,#47650,#47640));
#47690=FACE_OUTER_BOUND('',#47680,.T.);
#47700=ADVANCED_FACE('',(#47690),#47630,.T.);
#47710=CARTESIAN_POINT('',(-32.3267045230236,-0.0371462696496767,58.67))
;
#47720=DIRECTION('',(7.69756236506552E-48,-1.11022302462516E-15,-1.));
#47730=DIRECTION('',(0.,1.,-1.11022302462516E-15));
#47740=AXIS2_PLACEMENT_3D('',#47710,#47720,#47730);
#47750=PLANE('',#47740);
#47760=ORIENTED_EDGE('',*,*,#18780,.F.);
#47770=ORIENTED_EDGE('',*,*,#32860,.F.);
#47780=ORIENTED_EDGE('',*,*,#41250,.F.);
#47790=ORIENTED_EDGE('',*,*,#29660,.T.);
#47800=EDGE_LOOP('',(#47790,#47780,#47770,#47760));
#47810=FACE_OUTER_BOUND('',#47800,.T.);
#47820=ADVANCED_FACE('',(#47810),#47750,.T.);
#47830=ORIENTED_EDGE('',*,*,#44220,.F.);
#47840=CARTESIAN_POINT('',(-33.0728285429711,-8.23225499999996,
54.634016994375));
#47850=DIRECTION('',(6.2450045135165E-17,1.,5.55111512312578E-16));
#47860=DIRECTION('',(1.,-6.2450045135165E-17,-3.46667389989702E-32));
#47870=AXIS2_PLACEMENT_3D('',#47840,#47850,#47860);
#47880=CYLINDRICAL_SURFACE('',#47870,0.5);
#47890=CARTESIAN_POINT('',(-32.5728285429711,-9.36204345297337,
54.6340169943749));
#47900=CARTESIAN_POINT('',(-32.5728285429711,-9.36168259705309,
54.6216158280634));
#47910=CARTESIAN_POINT('',(-32.573291647336,-9.36085729800027,
54.6091887879225));
#47920=CARTESIAN_POINT('',(-32.5742132155142,-9.35957196000423,
54.5968315775418));
#47930=CARTESIAN_POINT('',(-32.5751347770669,-9.3582866312488,
54.5844744560001));
#47940=CARTESIAN_POINT('',(-32.576514452246,-9.35654173279075,
54.5721917498202));
#47950=CARTESIAN_POINT('',(-32.5783258204828,-9.354363541918,
54.5600774416867));
#47960=CARTESIAN_POINT('',(-32.5801372215821,-9.35218531152776,
54.5479629137711));
#47970=CARTESIAN_POINT('',(-32.5823794495539,-9.34957476225708,
54.5360207232541));
#47980=CARTESIAN_POINT('',(-32.585008116896,-9.34657605540456,
54.524330022022));
#47990=CARTESIAN_POINT('',(-32.5876336621601,-9.3435809101274,
54.5126532058795));
#48000=CARTESIAN_POINT('',(-32.5906609414816,-9.34017990315371,
54.5011496647172));
#48010=CARTESIAN_POINT('',(-32.5940643591984,-9.33639663726022,
54.489847454123));
#48020=CARTESIAN_POINT('',(-32.5974672974175,-9.33261390438001,
54.4785468358641));
#48030=CARTESIAN_POINT('',(-32.6012443767705,-9.32845116620552,
54.4674556498119));
#48040=CARTESIAN_POINT('',(-32.6053561098701,-9.32394664661473,
54.4566204772425));
#48050=CARTESIAN_POINT('',(-32.6094678292497,-9.31944214205467,
54.4457853408279));
#48060=CARTESIAN_POINT('',(-32.6139136326198,-9.31459647074563,
54.4352076200936));
#48070=CARTESIAN_POINT('',(-32.6186459234768,-9.30945600846291,
54.4249281420912));
#48080=CARTESIAN_POINT('',(-32.6233782447385,-9.3043155131529,
54.4146485980435));
#48090=CARTESIAN_POINT('',(-32.6283964608783,-9.29888085701731,
54.4046683448229));
#48100=CARTESIAN_POINT('',(-32.6336474256219,-9.29320395915175,
54.3950191990631));
#48110=CARTESIAN_POINT('',(-32.6388952062246,-9.28753050370918,
54.385375904464));
#48120=CARTESIAN_POINT('',(-32.6443800333075,-9.28161011769514,
54.3760502643373));
#48130=CARTESIAN_POINT('',(-32.6501062060235,-9.27543260172223,
54.3669854871599));
#48140=CARTESIAN_POINT('',(-32.6615527429982,-9.26308383606251,
54.348865127842));
#48150=CARTESIAN_POINT('',(-32.6739160626116,-9.24975986278629,
54.3318773175477));
#48160=CARTESIAN_POINT('',(-32.6869410856117,-9.23568467185545,
54.3160690894402));
#48170=CARTESIAN_POINT('',(-32.6999661982369,-9.2216093840732,
54.3002607525562));
#48180=CARTESIAN_POINT('',(-32.7136507460007,-9.20678589907075,
54.2856360376825));
#48190=CARTESIAN_POINT('',(-32.7277187817111,-9.19144467862744,
54.2722169768472));
#48200=CARTESIAN_POINT('',(-32.7347574571651,-9.18376898928516,
54.2655030036912));
#48210=CARTESIAN_POINT('',(-32.7418688192506,-9.1759890145907,
54.2591098738931));
#48220=CARTESIAN_POINT('',(-32.7490859727538,-9.16805682847288,
54.2529779567041));
#48230=CARTESIAN_POINT('',(-32.7563042898861,-9.1601233634405,
54.2468450508597));
#48240=CARTESIAN_POINT('',(-32.7636255085361,-9.15204080998822,
54.2409780685574));
#48250=CARTESIAN_POINT('',(-32.7710240704574,-9.14382114273113,
54.2353767300133));
#48260=CARTESIAN_POINT('',(-32.7784226320067,-9.13560147588724,
54.2297753917508));
#48270=CARTESIAN_POINT('',(-32.7858985657305,-9.12724482252518,
54.2244397468345));
#48280=CARTESIAN_POINT('',(-32.7934234137572,-9.11876071385437,
54.2193692236493));
#48290=CARTESIAN_POINT('',(-32.8009482796317,-9.11027658506048,
54.2142986884376));
#48300=CARTESIAN_POINT('',(-32.8085221807155,-9.10166514077434,
54.2094932731905));
#48310=CARTESIAN_POINT('',(-32.8161127798221,-9.09293136833317,
54.204951711521));
#48320=B_SPLINE_CURVE_WITH_KNOTS('',3,(#47890,#47900,#47910,#47920,
#47930,#47940,#47950,#47960,#47970,#47980,#47990,#48000,#48010,#48020,
#48030,#48040,#48050,#48060,#48070,#48080,#48090,#48100,#48110,#48120,
#48130,#48140,#48150,#48160,#48170,#48180,#48190,#48200,#48210,#48220,
#48230,#48240,#48250,#48260,#48270,#48280,#48290,#48300,#48310),
.UNSPECIFIED.,.F.,.F.,(4,3,3,3,3,3,3,3,3,3,3,3,3,3,4),(0.,
0.03731031878008,0.074675344056963,0.111881690002737,0.148972200980918,
0.186220925175689,0.223528115084724,0.260736076695723,0.297792970964643,
0.372206026953963,0.446699746183871,0.483767437492109,0.5208989378328,
0.558131601844852,0.595415471787934),.UNSPECIFIED.);
#48330=SURFACE_CURVE('',#48320,(#47880,#42690),.CURVE_3D.);
#48340=EDGE_CURVE('',#44120,#35660,#48330,.T.);
#48350=ORIENTED_EDGE('',*,*,#48340,.F.);
#48360=ORIENTED_EDGE('',*,*,#35990,.F.);
#48370=ORIENTED_EDGE('',*,*,#43150,.F.);
#48380=ORIENTED_EDGE('',*,*,#34040,.T.);
#48390=ORIENTED_EDGE('',*,*,#45120,.F.);
#48400=EDGE_LOOP('',(#48390,#48380,#48370,#48360,#48350,#47830));
#48410=FACE_OUTER_BOUND('',#48400,.T.);
#48420=ADVANCED_FACE('',(#48410),#42690,.T.);
#48430=ORIENTED_EDGE('',*,*,#43720,.F.);
#48440=CARTESIAN_POINT('',(-32.8492217452211,-7.36366548824014,
54.186803398875));
#48450=CARTESIAN_POINT('',(-32.8402720521458,-7.36119620299093,
54.1912782454126));
#48460=CARTESIAN_POINT('',(-32.8314976430615,-7.35865410362868,
54.1960007821364));
#48470=CARTESIAN_POINT('',(-32.8228885816099,-7.35605927298004,
54.2009696347077));
#48480=CARTESIAN_POINT('',(-32.8142723773414,-7.35346228943698,
54.2059426098659));
#48490=CARTESIAN_POINT('',(-32.8057956178471,-7.35080434128539,
54.211178057844));
#48500=CARTESIAN_POINT('',(-32.797475820616,-7.34811118774566,
54.2166671671416));
#48510=CARTESIAN_POINT('',(-32.7808359330635,-7.34272478579165,
54.2276455791076));
#48520=CARTESIAN_POINT('',(-32.7648259849211,-7.33719836060177,
54.2396392355013));
#48530=CARTESIAN_POINT('',(-32.7495792724296,-7.33173940492116,
54.2525593832376));
#48540=CARTESIAN_POINT('',(-32.7343325030194,-7.3262804288613,
54.2654795792071));
#48550=CARTESIAN_POINT('',(-32.7198523035167,-7.32089091879213,
54.2793235590865));
#48560=CARTESIAN_POINT('',(-32.7062566355643,-7.31576671580837,
54.2939801776915));
#48570=CARTESIAN_POINT('',(-32.6994589372741,-7.3132046654565,
54.3013083407196));
#48580=CARTESIAN_POINT('',(-32.6928824228279,-7.31070878962344,
54.3088389865511));
#48590=CARTESIAN_POINT('',(-32.686539855477,-7.30830143596274,
54.31655668203));
#48600=CARTESIAN_POINT('',(-32.6802023490566,-7.30589600320392,
54.3242682193212));
#48610=CARTESIAN_POINT('',(-32.6740624168828,-7.30356520722938,
54.332210325003));
#48620=CARTESIAN_POINT('',(-32.668140131434,-7.30133346438683,
54.3403721586165));
#48630=B_SPLINE_CURVE_WITH_KNOTS('',3,(#48440,#48450,#48460,#48470,
#48480,#48490,#48500,#48510,#48520,#48530,#48540,#48550,#48560,#48570,
#48580,#48590,#48600,#48610,#48620),.UNSPECIFIED.,.F.,.F.,(4,3,3,3,3,3,4
),(0.,0.0308585995855508,0.0617724209653819,0.123858309753488,
0.185923218045481,0.21681765430338,0.247713944631769),.UNSPECIFIED.);
#48640=SURFACE_CURVE('',#48630,(#47880,#43230),.CURVE_3D.);
#48650=EDGE_CURVE('',#43710,#44670,#48640,.T.);
#48660=ORIENTED_EDGE('',*,*,#48650,.F.);
#48670=ORIENTED_EDGE('',*,*,#44680,.F.);
#48680=ORIENTED_EDGE('',*,*,#43470,.F.);
#48690=ORIENTED_EDGE('',*,*,#42370,.F.);
#48700=ORIENTED_EDGE('',*,*,#31620,.T.);
#48710=EDGE_LOOP('',(#48700,#48690,#48680,#48670,#48660,#48430));
#48720=FACE_OUTER_BOUND('',#48710,.T.);
#48730=ADVANCED_FACE('',(#48720),#43230,.T.);
#48740=ORIENTED_EDGE('',*,*,#44750,.T.);
#48750=ORIENTED_EDGE('',*,*,#48650,.T.);
#48760=ORIENTED_EDGE('',*,*,#43800,.T.);
#48770=ORIENTED_EDGE('',*,*,#35690,.T.);
#48780=ORIENTED_EDGE('',*,*,#48340,.T.);
#48790=ORIENTED_EDGE('',*,*,#44130,.F.);
#48800=EDGE_LOOP('',(#48790,#48780,#48770,#48760,#48750,#48740));
#48810=FACE_OUTER_BOUND('',#48800,.T.);
#48820=ADVANCED_FACE('',(#48810),#47880,.T.);
#48830=CARTESIAN_POINT('',(-35.072828542971,-5.45813999999999,
55.8795731979011));
#48840=DIRECTION('',(-5.55111512312578E-17,-0.996635606105433,
-0.0819601649757752));
#48850=DIRECTION('',(5.87884665728638E-33,0.0819601649757752,
-0.996635606105433));
#48860=AXIS2_PLACEMENT_3D('',#48830,#48840,#48850);
#48870=CYLINDRICAL_SURFACE('',#48860,0.1);
#48880=ORIENTED_EDGE('',*,*,#34760,.F.);
#48890=ORIENTED_EDGE('',*,*,#33790,.T.);
#48900=ORIENTED_EDGE('',*,*,#34510,.T.);
#48910=ORIENTED_EDGE('',*,*,#26370,.F.);
#48920=EDGE_LOOP('',(#48910,#48900,#48890,#48880));
#48930=FACE_OUTER_BOUND('',#48920,.T.);
#48940=ADVANCED_FACE('',(#48930),#48870,.T.);
#48950=CARTESIAN_POINT('',(-34.317828542971,-0.244755000000013,60.25));
#48960=DIRECTION('',(1.,0.,-0.));
#48970=DIRECTION('',(0.,0.,1.));
#48980=AXIS2_PLACEMENT_3D('',#48950,#48960,#48970);
#48990=PLANE('',#48980);
#49000=ORIENTED_EDGE('',*,*,#18900,.T.);
#49010=ORIENTED_EDGE('',*,*,#40010,.F.);
#49020=ORIENTED_EDGE('',*,*,#40230,.T.);
#49030=CARTESIAN_POINT('',(-34.317828542971,-5.45813999999999,59.83));
#49040=DIRECTION('',(3.46667389989702E-33,-1.,-1.11022302462516E-15));
#49050=VECTOR('',#49040,1.);
#49060=LINE('',#49030,#49050);
#49070=EDGE_CURVE('',#18890,#40160,#49060,.T.);
#49080=ORIENTED_EDGE('',*,*,#49070,.T.);
#49090=EDGE_LOOP('',(#49080,#49020,#49010,#49000));
#49100=FACE_OUTER_BOUND('',#49090,.T.);
#49110=ADVANCED_FACE('',(#49100),#48990,.F.);
#49120=CARTESIAN_POINT('',(-34.5267045230236,-0.0371462696496767,59.83))
;
#49130=DIRECTION('',(-3.84878118253276E-48,1.11022302462516E-15,-1.));
#49140=DIRECTION('',(-3.46667389989702E-33,1.,1.11022302462516E-15));
#49150=AXIS2_PLACEMENT_3D('',#49120,#49130,#49140);
#49160=PLANE('',#49150);
#49170=ORIENTED_EDGE('',*,*,#18980,.F.);
#49180=ORIENTED_EDGE('',*,*,#49070,.F.);
#49190=ORIENTED_EDGE('',*,*,#40170,.T.);
#49200=ORIENTED_EDGE('',*,*,#39630,.T.);
#49210=EDGE_LOOP('',(#49200,#49190,#49180,#49170));
#49220=FACE_OUTER_BOUND('',#49210,.T.);
#49230=ADVANCED_FACE('',(#49220),#49160,.F.);
#49240=CARTESIAN_POINT('',(-35.346830942971,-0.582255000000006,
56.4141147806277));
#49250=DIRECTION('',(1.,-6.2450045135165E-17,6.16297582203915E-33));
#49260=DIRECTION('',(-1.23259516440783E-32,-6.2450045135165E-17,1.));
#49270=AXIS2_PLACEMENT_3D('',#49240,#49250,#49260);
#49280=CYLINDRICAL_SURFACE('',#49270,0.7);
#49290=ORIENTED_EDGE('',*,*,#17310,.F.);
#49300=ORIENTED_EDGE('',*,*,#36510,.F.);
#49310=ORIENTED_EDGE('',*,*,#19700,.F.);
#49320=ORIENTED_EDGE('',*,*,#20960,.T.);
#49330=EDGE_LOOP('',(#49320,#49310,#49300,#49290));
#49340=FACE_OUTER_BOUND('',#49330,.T.);
#49350=ADVANCED_FACE('',(#49340),#49280,.T.);
#49360=CARTESIAN_POINT('',(-34.322828542971,-4.93939356013441,
55.3577090605705));
#49370=DIRECTION('',(-1.,-1.82919017875148E-18,-3.01457040547672E-20));
#49380=DIRECTION('',(1.82919017875148E-18,-0.999456943273809,
-0.0329517608296599));
#49390=AXIS2_PLACEMENT_3D('',#49360,#49370,#49380);
#49400=PLANE('',#49390);
#49410=ORIENTED_EDGE('',*,*,#17200,.T.);
#49420=ORIENTED_EDGE('',*,*,#7670,.T.);
#49430=ORIENTED_EDGE('',*,*,#33020,.T.);
#49440=ORIENTED_EDGE('',*,*,#39010,.F.);
#49450=EDGE_LOOP('',(#49440,#49430,#49420,#49410));
#49460=FACE_OUTER_BOUND('',#49450,.T.);
#49470=ADVANCED_FACE('',(#49460),#49400,.T.);
#49480=CARTESIAN_POINT('',(-32.3728285429711,-5.45813999999999,
56.8754817035993));
#49490=DIRECTION('',(-6.24500451351651E-17,-0.999800059980007,
0.0199960011996008));
#49500=VECTOR('',#49490,1.);
#49510=LINE('',#49480,#49500);
#49520=EDGE_CURVE('',#47450,#15870,#49510,.T.);
#49530=ORIENTED_EDGE('',*,*,#49520,.F.);
#49540=ORIENTED_EDGE('',*,*,#15880,.T.);
#49550=ORIENTED_EDGE('',*,*,#47460,.T.);
#49560=EDGE_LOOP('',(#49550,#49540,#49530));
#49570=FACE_OUTER_BOUND('',#49560,.T.);
#49580=ADVANCED_FACE('',(#49570),#35000,.T.);
#49590=CARTESIAN_POINT('',(-32.072826142971,-0.532255000000005,56.375));
#49600=DIRECTION('',(5.39260384428426E-33,1.,6.2450045135165E-17));
#49610=DIRECTION('',(-5.55111512312578E-17,-6.2450045135165E-17,1.));
#49620=AXIS2_PLACEMENT_3D('',#49590,#49600,#49610);
#49630=PLANE('',#49620);
#49640=ORIENTED_EDGE('',*,*,#4140,.F.);
#49650=ORIENTED_EDGE('',*,*,#37370,.T.);
#49660=ORIENTED_EDGE('',*,*,#10110,.F.);
#49670=ORIENTED_EDGE('',*,*,#37510,.F.);
#49680=EDGE_LOOP('',(#49670,#49660,#49650,#49640));
#49690=FACE_OUTER_BOUND('',#49680,.T.);
#49700=ADVANCED_FACE('',(#49690),#49630,.F.);
#49710=CARTESIAN_POINT('',(-32.9178285429711,0.117744999999992,59.99));
#49720=DIRECTION('',(-1.,3.46667389989702E-33,8.54601097118381E-65));
#49730=DIRECTION('',(-3.46667389989702E-33,-1.,-1.23259516440783E-32));
#49740=AXIS2_PLACEMENT_3D('',#49710,#49720,#49730);
#49750=PLANE('',#49740);
#49760=ORIENTED_EDGE('',*,*,#17960,.T.);
#49770=CARTESIAN_POINT('',(-32.9178285429711,-5.45813999999999,59.83));
#49780=DIRECTION('',(3.46667389989702E-33,-1.,-1.11022302462516E-15));
#49790=VECTOR('',#49780,1.);
#49800=LINE('',#49770,#49790);
#49810=CARTESIAN_POINT('',(-32.9178285429711,-0.282255000000015,59.83));
#49820=VERTEX_POINT('',#49810);
#49830=EDGE_CURVE('',#17850,#49820,#49800,.T.);
#49840=ORIENTED_EDGE('',*,*,#49830,.F.);
#49850=CARTESIAN_POINT('',(-32.917828542971,-0.282255000000015,64.591925
));
#49860=DIRECTION('',(0.,0.,1.));
#49870=VECTOR('',#49860,1.);
#49880=LINE('',#49850,#49870);
#49890=EDGE_CURVE('',#49820,#29890,#49880,.T.);
#49900=ORIENTED_EDGE('',*,*,#49890,.F.);
#49910=ORIENTED_EDGE('',*,*,#29900,.T.);
#49920=EDGE_LOOP('',(#49910,#49900,#49840,#49760));
#49930=FACE_OUTER_BOUND('',#49920,.T.);
#49940=ADVANCED_FACE('',(#49930),#49750,.F.);
#49950=CARTESIAN_POINT('',(-32.117828542971,0.117744999999992,60.51));
#49960=DIRECTION('',(1.,-3.46667389989702E-33,-8.54601097118381E-65));
#49970=DIRECTION('',(3.46667389989702E-33,1.,1.23259516440783E-32));
#49980=AXIS2_PLACEMENT_3D('',#49950,#49960,#49970);
#49990=PLANE('',#49980);
#50000=ORIENTED_EDGE('',*,*,#18100,.F.);
#50010=ORIENTED_EDGE('',*,*,#30040,.F.);
#50020=CARTESIAN_POINT('',(-32.117828542971,-0.282255000000015,55.908075
));
#50030=DIRECTION('',(0.,0.,1.));
#50040=VECTOR('',#50030,1.);
#50050=LINE('',#50020,#50040);
#50060=CARTESIAN_POINT('',(-32.117828542971,-0.282255000000015,59.83));
#50070=VERTEX_POINT('',#50060);
#50080=EDGE_CURVE('',#50070,#29970,#50050,.T.);
#50090=ORIENTED_EDGE('',*,*,#50080,.T.);
#50100=CARTESIAN_POINT('',(-32.117828542971,-5.45813999999999,59.83));
#50110=DIRECTION('',(3.46667389989702E-33,-1.,-1.11022302462516E-15));
#50120=VECTOR('',#50110,1.);
#50130=LINE('',#50100,#50120);
#50140=EDGE_CURVE('',#17870,#50070,#50130,.T.);
#50150=ORIENTED_EDGE('',*,*,#50140,.T.);
#50160=EDGE_LOOP('',(#50150,#50090,#50010,#50000));
#50170=FACE_OUTER_BOUND('',#50160,.T.);
#50180=ADVANCED_FACE('',(#50170),#49990,.F.);
#50190=CARTESIAN_POINT('',(-32.2813034796202,-0.282255000000015,
60.3278062006965));
#50200=DIRECTION('',(6.93334779979405E-33,-1.,0.));
#50210=DIRECTION('',(0.,-0.,-1.));
#50220=AXIS2_PLACEMENT_3D('',#50190,#50200,#50210);
#50230=PLANE('',#50220);
#50240=CARTESIAN_POINT('',(-33.362828542971,-0.282255000000015,59.83));
#50250=DIRECTION('',(1.,3.46667389989702E-33,0.));
#50260=VECTOR('',#50250,1.);
#50270=LINE('',#50240,#50260);
#50280=EDGE_CURVE('',#49820,#50070,#50270,.T.);
#50290=ORIENTED_EDGE('',*,*,#50280,.F.);
#50300=ORIENTED_EDGE('',*,*,#50080,.F.);
#50310=ORIENTED_EDGE('',*,*,#29980,.T.);
#50320=ORIENTED_EDGE('',*,*,#49890,.T.);
#50330=EDGE_LOOP('',(#50320,#50310,#50300,#50290));
#50340=FACE_BOUND('',#50330,.T.);
#50350=ORIENTED_EDGE('',*,*,#1350,.F.);
#50360=ORIENTED_EDGE('',*,*,#36840,.T.);
#50370=ORIENTED_EDGE('',*,*,#3900,.T.);
#50380=ORIENTED_EDGE('',*,*,#12230,.F.);
#50390=EDGE_LOOP('',(#50380,#50370,#50360,#50350));
#50400=FACE_OUTER_BOUND('',#50390,.T.);
#50410=ADVANCED_FACE('',(#50340,#50400),#50230,.T.);
#50420=CARTESIAN_POINT('',(-32.3267045230236,-0.0371462696496767,59.83))
;
#50430=DIRECTION('',(-3.84878118253276E-48,1.11022302462516E-15,-1.));
#50440=DIRECTION('',(-3.46667389989702E-33,1.,1.11022302462516E-15));
#50450=AXIS2_PLACEMENT_3D('',#50420,#50430,#50440);
#50460=PLANE('',#50450);
#50470=ORIENTED_EDGE('',*,*,#17880,.F.);
#50480=ORIENTED_EDGE('',*,*,#50140,.F.);
#50490=ORIENTED_EDGE('',*,*,#50280,.T.);
#50500=ORIENTED_EDGE('',*,*,#49830,.T.);
#50510=EDGE_LOOP('',(#50500,#50490,#50480,#50470));
#50520=FACE_OUTER_BOUND('',#50510,.T.);
#50530=ADVANCED_FACE('',(#50520),#50460,.F.);
#50540=CARTESIAN_POINT('',(-33.872828542971,-4.73225500000001,61.475));
#50550=DIRECTION('',(-5.55111512312578E-17,-5.55111512312578E-16,1.));
#50560=DIRECTION('',(-1.,6.2450045135165E-17,-5.55111512312578E-17));
#50570=AXIS2_PLACEMENT_3D('',#50540,#50550,#50560);
#50580=PLANE('',#50570);
#50590=ORIENTED_EDGE('',*,*,#7090,.T.);
#50600=ORIENTED_EDGE('',*,*,#1010,.T.);
#50610=ORIENTED_EDGE('',*,*,#4710,.T.);
#50620=ORIENTED_EDGE('',*,*,#16500,.F.);
#50630=EDGE_LOOP('',(#50620,#50610,#50600,#50590));
#50640=FACE_OUTER_BOUND('',#50630,.T.);
#50650=ADVANCED_FACE('',(#50640),#50580,.T.);
#50660=CARTESIAN_POINT('',(-32.3728285429711,-0.732254999999963,57.025))
;
#50670=DIRECTION('',(-1.,6.2450045135165E-17,-5.55111512312578E-17));
#50680=DIRECTION('',(-6.2450045135165E-17,-1.,-6.2450045135165E-17));
#50690=AXIS2_PLACEMENT_3D('',#50660,#50670,#50680);
#50700=PLANE('',#50690);
#50710=ORIENTED_EDGE('',*,*,#15940,.T.);
#50720=ORIENTED_EDGE('',*,*,#49520,.T.);
#50730=ORIENTED_EDGE('',*,*,#47540,.T.);
#50740=ORIENTED_EDGE('',*,*,#31350,.T.);
#50750=ORIENTED_EDGE('',*,*,#24340,.F.);
#50760=ORIENTED_EDGE('',*,*,#30390,.F.);
#50770=ORIENTED_EDGE('',*,*,#7990,.T.);
#50780=ORIENTED_EDGE('',*,*,#22640,.F.);
#50790=ORIENTED_EDGE('',*,*,#19850,.F.);
#50800=ORIENTED_EDGE('',*,*,#11950,.T.);
#50810=ORIENTED_EDGE('',*,*,#22070,.T.);
#50820=ORIENTED_EDGE('',*,*,#12410,.T.);
#50830=EDGE_LOOP('',(#50820,#50810,#50800,#50790,#50780,#50770,#50760,
#50750,#50740,#50730,#50720,#50710));
#50840=FACE_OUTER_BOUND('',#50830,.T.);
#50850=ADVANCED_FACE('',(#50840),#50700,.T.);
#50860=CLOSED_SHELL('',(#650,#1050,#1450,#3600,#4000,#4420,#4820,#6970,
#7370,#7770,#8180,#8570,#8970,#9390,#9800,#10220,#10830,#11320,#11560,
#12050,#12270,#13560,#14240,#16540,#16930,#17490,#17740,#20380,#20600,
#21000,#21170,#21340,#21510,#21960,#22180,#22460,#22690,#23000,#23650,
#23820,#24100,#24540,#25950,#26170,#26480,#26790,#26910,#27140,#27310,
#27480,#27650,#27960,#28200,#28440,#28780,#29010,#29320,#29530,#29770,
#30080,#30280,#30500,#30840,#31180,#31400,#31800,#32250,#32490,#32660,
#32900,#33140,#33390,#34230,#34400,#34640,#34950,#35110,#35370,#35540,
#36030,#36280,#36400,#36720,#36890,#37070,#37240,#37410,#37710,#37940,
#38060,#38180,#38350,#38600,#38730,#38900,#39070,#39260,#39500,#39810,
#40050,#40630,#40800,#41130,#41360,#41540,#41660,#41880,#42050,#42220,
#42470,#42590,#43590,#43840,#44410,#44530,#44820,#45000,#45190,#45370,
#45490,#47180,#47300,#47580,#47700,#47820,#48420,#48730,#48820,#48940,
#49110,#49230,#49350,#49470,#49580,#49700,#49940,#50180,#50410,#50530,
#50650,#50850));
#50870=MANIFOLD_SOLID_BREP('',#50860);
#50880=CARTESIAN_POINT('',(0.,0.,0.));
#50890=DIRECTION('',(0.,0.,1.));
#50900=DIRECTION('',(1.,0.,0.));
#50910=AXIS2_PLACEMENT_3D('',#50880,#50890,#50900);
#50920=APPLICATION_CONTEXT(' ');
#50930=APPLICATION_PROTOCOL_DEFINITION(' ','automotive_design',1998,
#50920);
#50940=PRODUCT_CONTEXT('',#50920,'mechanical');
#50950=PRODUCT_DEFINITION_CONTEXT('part definition',#50920,'design');
#50960=PRODUCT('DF62C-4S-2.2C','DF62C-4S-2.2C','',(#50940));
#50970=PRODUCT_RELATED_PRODUCT_CATEGORY('part',' ',(#50960));
#50980=PRODUCT_DEFINITION_FORMATION_WITH_SPECIFIED_SOURCE('','',#50960,
.BOUGHT.);
#50990=PRODUCT_DEFINITION('',' ',#50980,#50950);
#51000=PRODUCT_DEFINITION_SHAPE('','',#50990);
#51010=DIMENSIONAL_EXPONENTS(1.,0.,0.,0.,0.,0.,0.);
#51020=DIMENSIONAL_EXPONENTS(0.,0.,0.,0.,0.,0.,0.);
#51030=DIMENSIONAL_EXPONENTS(0.,0.,0.,0.,0.,0.,0.);
#51040=(LENGTH_UNIT() NAMED_UNIT(*) SI_UNIT(.MILLI.,.METRE.));
#51050=(NAMED_UNIT(*) PLANE_ANGLE_UNIT() SI_UNIT($,.RADIAN.));
#51060=(NAMED_UNIT(*) SI_UNIT($,.STERADIAN.) SOLID_ANGLE_UNIT());
#51070=(GEOMETRIC_REPRESENTATION_CONTEXT(3) 
GLOBAL_UNCERTAINTY_ASSIGNED_CONTEXT((#51080)) 
GLOBAL_UNIT_ASSIGNED_CONTEXT((#51040,#51050,#51060)) 
REPRESENTATION_CONTEXT('',''));
#51080=UNCERTAINTY_MEASURE_WITH_UNIT(LENGTH_MEASURE(1.E-6),#51040,
'distance_accuracy_value','maximum gap value');
#51090=ADVANCED_BREP_SHAPE_REPRESENTATION('',(#50910,#50870),#51070);
#51100=SHAPE_DEFINITION_REPRESENTATION(#51000,#51090);
#51110=COLOUR_RGB('',0.929411828517914,0.933333396911621,
0.74117648601532);
#51120=FILL_AREA_STYLE_COLOUR('',#51110);
#51130=FILL_AREA_STYLE('',(#51120));
#51140=SURFACE_STYLE_FILL_AREA(#51130);
#51150=SURFACE_SIDE_STYLE('',(#51140));
#51160=SURFACE_STYLE_USAGE(.BOTH.,#51150);
#51170=PRESENTATION_STYLE_ASSIGNMENT((#51160));
#51180=STYLED_ITEM('',(#51170),#50870);
#51190=DRAUGHTING_MODEL('',(#51180),#51070);
ENDSEC;
END-ISO-10303-21;
