ISO-10303-21;
HEADER;
FILE_DESCRIPTION(('Creo Elements/Direct Modeling STEP Export'),'2;1');
FILE_NAME('GT17HS2-4S-ASSY.stp','2018-09-12T 8:38:57',(''),(''),
'Creo Elements/Direct Modeling STEP processor for AP214 (Solid Model)',
'Creo Elements/Direct Modeling 19.0F  14-Feb-2017 (C) Parametric Technol
ogy GmbH','');
FILE_SCHEMA(('AUTOMOTIVE_DESIGN { 1 0 10303 214 1 1 1 1 }'));
ENDSEC;
DATA;
#10=CARTESIAN_POINT('',(-1.4210854715202E-14,-10.5945961199944,
7.08701305915477));
#20=DIRECTION('',(-0.943800951583229,0.330514392713223,0.));
#30=DIRECTION('',(0.330514392713223,0.943800951583229,0.));
#40=AXIS2_PLACEMENT_3D('',#10,#20,#30);
#50=CYLINDRICAL_SURFACE('',#40,0.8);
#60=CARTESIAN_POINT('',(-3.40888091854692,-9.400823,7.08701305915477));
#70=DIRECTION('',(-0.985850128463558,0.167629126968989,0.));
#80=DIRECTION('',(0.167629126968989,0.985850128463558,0.));
#90=AXIS2_PLACEMENT_3D('',#60,#70,#80);
#100=ELLIPSE('',#90,0.811482371308097,0.8);
#110=CARTESIAN_POINT('',(-3.54490900000001,-10.200823,7.08701305915477))
;
#120=VERTEX_POINT('',#110);
#130=CARTESIAN_POINT('',(-3.40888091854692,-9.400823,7.88701305915477));
#140=VERTEX_POINT('',#130);
#150=EDGE_CURVE('',#120,#140,#100,.T.);
#160=ORIENTED_EDGE('',*,*,#150,.T.);
#170=CARTESIAN_POINT('',(-0.264411514170593,-11.349636881261,
7.08701305915477));
#180=DIRECTION('',(-0.943800951583229,0.330514392713223,0.));
#190=VECTOR('',#180,1.);
#200=LINE('',#170,#190);
#210=CARTESIAN_POINT('',(-9.51016619635663,-8.11181963936065,
7.08701305915477));
#220=VERTEX_POINT('',#210);
#230=EDGE_CURVE('',#120,#220,#200,.T.);
#240=ORIENTED_EDGE('',*,*,#230,.F.);
#250=CARTESIAN_POINT('',(-9.34490900000002,-7.63991916356903,
7.38701305915477));
#260=DIRECTION('',(0.,0.,-1.));
#270=DIRECTION('',(-1.,0.,0.));
#280=AXIS2_PLACEMENT_3D('',#250,#260,#270);
#290=CYLINDRICAL_SURFACE('',#280,0.5);
#300=CARTESIAN_POINT('',(-9.80735197681253,-7.8300414747187,
7.57713537030445));
#310=CARTESIAN_POINT('',(-9.79249841400765,-7.86617045799372,
7.53947981141992));
#320=CARTESIAN_POINT('',(-9.7742016360466,-7.89881321167167,
7.50067631517382));
#330=CARTESIAN_POINT('',(-9.75324836234893,-7.92846545995235,
7.46082797943335));
#340=CARTESIAN_POINT('',(-9.73228290243098,-7.95813495369234,
7.42095646828821));
#350=CARTESIAN_POINT('',(-9.70862754968799,-7.98475413356183,
7.38004928678059));
#360=CARTESIAN_POINT('',(-9.68308698118839,-8.00820662336015,
7.33874351295734));
#370=CARTESIAN_POINT('',(-9.65756594116438,-8.03164118124067,
7.29746932178256));
#380=CARTESIAN_POINT('',(-9.6301515932647,-8.05196118174176,
7.25576085722306));
#390=CARTESIAN_POINT('',(-9.60114354189121,-8.06927259930391,
7.21364931191121));
#400=CARTESIAN_POINT('',(-9.57215534124287,-8.08657217035532,
7.1715665842783));
#410=CARTESIAN_POINT('',(-9.54165335514181,-8.10079299317355,
7.12921311781821));
#420=CARTESIAN_POINT('',(-9.51016619635663,-8.11181963936065,
7.08701305915477));
#430=B_SPLINE_CURVE_WITH_KNOTS('',3,(#300,#310,#320,#330,#340,#350,#360,
#370,#380,#390,#400,#410,#420),.UNSPECIFIED.,.F.,.F.,(4,3,3,3,4),(0.,
0.161878273007057,0.323842029623437,0.485489959003159,0.647224722788369)
,.UNSPECIFIED.);
#440=SURFACE_CURVE('',#430,(#50,#290),.CURVE_3D.);
#450=CARTESIAN_POINT('',(-9.80735197681265,-7.83004147471811,
7.57713537030385));
#460=VERTEX_POINT('',#450);
#470=EDGE_CURVE('',#460,#220,#440,.T.);
#480=ORIENTED_EDGE('',*,*,#470,.T.);
#490=CARTESIAN_POINT('',(-9.34490900000002,-7.37270868834332,
7.38701305915477));
#500=DIRECTION('',(0.,-1.,0.));
#510=DIRECTION('',(-1.,0.,0.));
#520=AXIS2_PLACEMENT_3D('',#490,#500,#510);
#530=CYLINDRICAL_SURFACE('',#520,0.5);
#540=CARTESIAN_POINT('',(-9.34490900000002,-7.3220555298264,
7.88701305915477));
#550=CARTESIAN_POINT('',(-9.39088803507425,-7.36757641773541,
7.88701305915477));
#560=CARTESIAN_POINT('',(-9.43725899062484,-7.41347220025691,
7.8805810720865));
#570=CARTESIAN_POINT('',(-9.48224816977596,-7.45869639159384,
7.86774668470599));
#580=CARTESIAN_POINT('',(-9.52730044002783,-7.5039840036036,
7.85489429887247));
#590=CARTESIAN_POINT('',(-9.57063514784947,-7.54822792913267,
7.83579640647188));
#600=CARTESIAN_POINT('',(-9.61171026687644,-7.59175866747883,
7.80988075003907));
#610=CARTESIAN_POINT('',(-9.65277871616718,-7.63528233734779,
7.78396930176432));
#620=CARTESIAN_POINT('',(-9.69114999042683,-7.67765795108349,
7.75133727441177));
#630=CARTESIAN_POINT('',(-9.72444079462771,-7.71758079656158,
7.71252130308522));
#640=CARTESIAN_POINT('',(-9.75760545943113,-7.75735237373016,
7.67385240610405));
#650=CARTESIAN_POINT('',(-9.78632927975492,-7.79540567414281,
7.62826981396429));
#660=CARTESIAN_POINT('',(-9.80735197681271,-7.83004147471812,
7.57713537030392));
#670=B_SPLINE_CURVE_WITH_KNOTS('',3,(#540,#550,#560,#570,#580,#590,#600,
#610,#620,#630,#640,#650,#660),.UNSPECIFIED.,.F.,.F.,(4,3,3,3,4),(0.,
0.195010018607738,0.389832663311723,0.585278949587318,0.780470121228945)
,.UNSPECIFIED.);
#680=SURFACE_CURVE('',#670,(#50,#530),.CURVE_3D.);
#690=CARTESIAN_POINT('',(-9.34490900000002,-7.3220555298264,
7.88701305915477));
#700=VERTEX_POINT('',#690);
#710=EDGE_CURVE('',#700,#460,#680,.T.);
#720=ORIENTED_EDGE('',*,*,#710,.T.);
#730=CARTESIAN_POINT('',(-1.4210854715202E-14,-10.5945961199944,
7.88701305915477));
#740=DIRECTION('',(-0.943800951583229,0.330514392713223,0.));
#750=VECTOR('',#740,1.);
#760=LINE('',#730,#750);
#770=EDGE_CURVE('',#140,#700,#760,.T.);
#780=ORIENTED_EDGE('',*,*,#770,.T.);
#790=EDGE_LOOP('',(#780,#720,#480,#240,#160));
#800=FACE_OUTER_BOUND('',#790,.T.);
#810=ADVANCED_FACE('',(#800),#50,.T.);
#820=CARTESIAN_POINT('',(0.,3.099177,-0.0129869408452293));
#830=DIRECTION('',(1.,0.,0.));
#840=DIRECTION('',(0.,-1.,0.));
#850=AXIS2_PLACEMENT_3D('',#820,#830,#840);
#860=CYLINDRICAL_SURFACE('',#850,0.4);
#870=CARTESIAN_POINT('',(-3.54490900000002,3.099177,-0.0129869408452293)
);
#880=DIRECTION('',(0.707106781186548,-0.707106781186548,0.));
#890=DIRECTION('',(-0.707106781186548,-0.707106781186548,0.));
#900=AXIS2_PLACEMENT_3D('',#870,#880,#890);
#910=ELLIPSE('',#900,0.565685424949238,0.4);
#920=CARTESIAN_POINT('',(-3.54490900000002,3.099177,-0.412986940845229))
;
#930=VERTEX_POINT('',#920);
#940=CARTESIAN_POINT('',(-3.14490900000002,3.499177,-0.0129869408452294)
);
#950=VERTEX_POINT('',#940);
#960=EDGE_CURVE('',#930,#950,#910,.T.);
#970=ORIENTED_EDGE('',*,*,#960,.T.);
#980=CARTESIAN_POINT('',(0.,3.099177,-0.412986940845229));
#990=DIRECTION('',(-1.,0.,0.));
#1000=VECTOR('',#990,1.);
#1010=LINE('',#980,#1000);
#1020=CARTESIAN_POINT('',(1.45509099999999,3.099177,-0.412986940845229))
;
#1030=VERTEX_POINT('',#1020);
#1040=EDGE_CURVE('',#1030,#930,#1010,.T.);
#1050=ORIENTED_EDGE('',*,*,#1040,.T.);
#1060=CARTESIAN_POINT('',(1.45509099999999,3.099177,-0.0129869408452293)
);
#1070=DIRECTION('',(1.,0.,0.));
#1080=DIRECTION('',(0.,-1.,0.));
#1090=AXIS2_PLACEMENT_3D('',#1060,#1070,#1080);
#1100=CIRCLE('',#1090,0.4);
#1110=CARTESIAN_POINT('',(1.45509099999999,3.499177,-0.0129869408452293)
);
#1120=VERTEX_POINT('',#1110);
#1130=EDGE_CURVE('',#1030,#1120,#1100,.T.);
#1140=ORIENTED_EDGE('',*,*,#1130,.F.);
#1150=CARTESIAN_POINT('',(0.,3.499177,-0.0129869408452293));
#1160=DIRECTION('',(-1.,0.,0.));
#1170=VECTOR('',#1160,1.);
#1180=LINE('',#1150,#1170);
#1190=EDGE_CURVE('',#1120,#950,#1180,.T.);
#1200=ORIENTED_EDGE('',*,*,#1190,.F.);
#1210=EDGE_LOOP('',(#1200,#1140,#1050,#970));
#1220=FACE_OUTER_BOUND('',#1210,.T.);
#1230=ADVANCED_FACE('',(#1220),#860,.T.);
#1240=CARTESIAN_POINT('',(-9.64490900000001,0.,-0.112986940845231));
#1250=DIRECTION('',(0.,1.,0.));
#1260=DIRECTION('',(1.,0.,0.));
#1270=AXIS2_PLACEMENT_3D('',#1240,#1250,#1260);
#1280=CYLINDRICAL_SURFACE('',#1270,0.3);
#1290=CARTESIAN_POINT('',(0.,-4.250823,-0.0129869408452308));
#1300=DIRECTION('',(1.,0.,0.));
#1310=DIRECTION('',(0.,-1.,0.));
#1320=AXIS2_PLACEMENT_3D('',#1290,#1300,#1310);
#1330=CYLINDRICAL_SURFACE('',#1320,0.4);
#1340=CARTESIAN_POINT('',(-9.64490900000001,-4.250823,-0.412986940845231
));
#1350=CARTESIAN_POINT('',(-9.61123891596306,-4.28970186416475,
-0.412986940845231));
#1360=CARTESIAN_POINT('',(-9.5774921420757,-4.32866238454188,
-0.407352457291954));
#1370=CARTESIAN_POINT('',(-9.54488644976484,-4.36674350209223,
-0.395821679596415));
#1380=CARTESIAN_POINT('',(-9.51228880499467,-4.40481522069039,
-0.384293747858014));
#1390=CARTESIAN_POINT('',(-9.48068779765346,-4.44214725533013,
-0.366886950720367));
#1400=CARTESIAN_POINT('',(-9.45171849195841,-4.4775815610541,
-0.342502577789122));
#1410=CARTESIAN_POINT('',(-9.42286311780582,-4.5128765094476,
-0.318214104609471));
#1420=CARTESIAN_POINT('',(-9.39682310962306,-4.54598385701375,
-0.287183327883164));
#1430=CARTESIAN_POINT('',(-9.37719792089934,-4.57422828917958,
-0.248378144867806));
#1440=CARTESIAN_POINT('',(-9.35762021724134,-4.60240438117623,
-0.209666854792358));
#1450=CARTESIAN_POINT('',(-9.34490899998108,-4.62509253461546,
-0.163447266292713));
#1460=CARTESIAN_POINT('',(-9.34490899998096,-4.63812133462219,
-0.1129869408456));
#1470=B_SPLINE_CURVE_WITH_KNOTS('',3,(#1340,#1350,#1360,#1370,#1380,
#1390,#1400,#1410,#1420,#1430,#1440,#1450,#1460),.UNSPECIFIED.,.F.,.F.,(
4,3,3,3,4),(0.,0.154396038563174,0.309145341293494,0.464107290633861,
0.619094646217496),.UNSPECIFIED.);
#1480=SURFACE_CURVE('',#1470,(#1330,#1280),.CURVE_3D.);
#1490=CARTESIAN_POINT('',(-9.64490900000001,-4.250823,-0.412986940845231
));
#1500=VERTEX_POINT('',#1490);
#1510=CARTESIAN_POINT('',(-9.34490900000001,-4.63812133462075,
-0.112986940845231));
#1520=VERTEX_POINT('',#1510);
#1530=EDGE_CURVE('',#1500,#1520,#1480,.T.);
#1540=ORIENTED_EDGE('',*,*,#1530,.T.);
#1550=CARTESIAN_POINT('',(-9.64490900000001,0.,-0.412986940845231));
#1560=DIRECTION('',(0.,1.,0.));
#1570=VECTOR('',#1560,1.);
#1580=LINE('',#1550,#1570);
#1590=CARTESIAN_POINT('',(-9.64490900000001,-4.900823,-0.41298694084523)
);
#1600=VERTEX_POINT('',#1590);
#1610=EDGE_CURVE('',#1600,#1500,#1580,.T.);
#1620=ORIENTED_EDGE('',*,*,#1610,.T.);
#1630=CARTESIAN_POINT('',(-9.64490900000001,-4.900823,-0.112986940845231
));
#1640=DIRECTION('',(0.,-1.,0.));
#1650=DIRECTION('',(-1.,0.,0.));
#1660=AXIS2_PLACEMENT_3D('',#1630,#1640,#1650);
#1670=CIRCLE('',#1660,0.3);
#1680=CARTESIAN_POINT('',(-9.34490900000001,-4.900823,-0.112986940845231
));
#1690=VERTEX_POINT('',#1680);
#1700=EDGE_CURVE('',#1600,#1690,#1670,.T.);
#1710=ORIENTED_EDGE('',*,*,#1700,.F.);
#1720=CARTESIAN_POINT('',(-9.34490900000001,0.,-0.112986940845231));
#1730=DIRECTION('',(0.,1.,0.));
#1740=VECTOR('',#1730,1.);
#1750=LINE('',#1720,#1740);
#1760=EDGE_CURVE('',#1690,#1520,#1750,.T.);
#1770=ORIENTED_EDGE('',*,*,#1760,.F.);
#1780=EDGE_LOOP('',(#1770,#1710,#1620,#1540));
#1790=FACE_OUTER_BOUND('',#1780,.T.);
#1800=ADVANCED_FACE('',(#1790),#1280,.T.);
#1810=CARTESIAN_POINT('',(-6.09490900000002,5.999177,7.88701305915477));
#1820=DIRECTION('',(-0.453246676376341,-0.891385130206804,-0.));
#1830=DIRECTION('',(-0.891385130206804,0.453246676376341,0.));
#1840=AXIS2_PLACEMENT_3D('',#1810,#1820,#1830);
#1850=PLANE('',#1840);
#1860=CARTESIAN_POINT('',(-5.8812997560734,5.8905621302068,0.));
#1870=DIRECTION('',(0.,0.,-1.));
#1880=VECTOR('',#1870,1.);
#1890=LINE('',#1860,#1880);
#1900=CARTESIAN_POINT('',(-5.8812997560734,5.8905621302068,
7.88701305915477));
#1910=VERTEX_POINT('',#1900);
#1920=CARTESIAN_POINT('',(-5.8812997560734,5.8905621302068,
7.43701305915477));
#1930=VERTEX_POINT('',#1920);
#1940=EDGE_CURVE('',#1910,#1930,#1890,.T.);
#1950=ORIENTED_EDGE('',*,*,#1940,.F.);
#1960=CARTESIAN_POINT('',(0.181298670550536,2.80788496412684,
7.43701305915477));
#1970=DIRECTION('',(0.891385130206804,-0.453246676376341,0.));
#1980=VECTOR('',#1970,1.);
#1990=LINE('',#1960,#1980);
#2000=CARTESIAN_POINT('',(-3.41828566181184,4.6381820822772,
7.43701305915477));
#2010=VERTEX_POINT('',#2000);
#2020=EDGE_CURVE('',#1930,#2010,#1990,.T.);
#2030=ORIENTED_EDGE('',*,*,#2020,.F.);
#2040=CARTESIAN_POINT('',(-3.41828566181184,4.6381820822772,0.));
#2050=DIRECTION('',(0.,0.,1.));
#2060=VECTOR('',#2050,1.);
#2070=LINE('',#2040,#2060);
#2080=CARTESIAN_POINT('',(-3.41828566181184,4.6381820822772,
7.88701305915477));
#2090=VERTEX_POINT('',#2080);
#2100=EDGE_CURVE('',#2010,#2090,#2070,.T.);
#2110=ORIENTED_EDGE('',*,*,#2100,.F.);
#2120=CARTESIAN_POINT('',(0.181298670550536,2.80788496412684,
7.88701305915477));
#2130=DIRECTION('',(0.891385130206804,-0.453246676376341,
2.77555756156289E-17));
#2140=VECTOR('',#2130,1.);
#2150=LINE('',#2120,#2140);
#2160=EDGE_CURVE('',#1910,#2090,#2150,.T.);
#2170=ORIENTED_EDGE('',*,*,#2160,.T.);
#2180=EDGE_LOOP('',(#2170,#2110,#2030,#1950));
#2190=FACE_OUTER_BOUND('',#2180,.T.);
#2200=ADVANCED_FACE('',(#2190),#1850,.F.);
#2210=CARTESIAN_POINT('',(0.,-4.250823,7.88701305915477));
#2220=DIRECTION('',(1.,0.,1.22460635382238E-16));
#2230=DIRECTION('',(1.22460635382238E-16,0.,-1.));
#2240=AXIS2_PLACEMENT_3D('',#2210,#2220,#2230);
#2250=CYLINDRICAL_SURFACE('',#2240,0.4);
#2260=CARTESIAN_POINT('',(-9.34490900000002,-4.250823,7.88701305915477))
;
#2270=DIRECTION('',(1.,0.,1.22460635382238E-16));
#2280=DIRECTION('',(1.22460635382238E-16,0.,-1.));
#2290=AXIS2_PLACEMENT_3D('',#2260,#2270,#2280);
#2300=CIRCLE('',#2290,0.4);
#2310=CARTESIAN_POINT('',(-9.34490900000002,-4.63812133462074,
7.98701305915477));
#2320=VERTEX_POINT('',#2310);
#2330=CARTESIAN_POINT('',(-9.34490900000002,-4.650823,7.88701305915477))
;
#2340=VERTEX_POINT('',#2330);
#2350=EDGE_CURVE('',#2320,#2340,#2300,.T.);
#2360=ORIENTED_EDGE('',*,*,#2350,.T.);
#2370=CARTESIAN_POINT('',(-9.64490900000002,0.,7.98701305915477));
#2380=DIRECTION('',(0.,1.,1.22460635382238E-16));
#2390=DIRECTION('',(0.,1.22460635382238E-16,-1.));
#2400=AXIS2_PLACEMENT_3D('',#2370,#2380,#2390);
#2410=CYLINDRICAL_SURFACE('',#2400,0.3);
#2420=CARTESIAN_POINT('',(-9.34490899998096,-4.63812133462218,
7.98701305915514));
#2430=CARTESIAN_POINT('',(-9.34490899998108,-4.62509253457783,
8.03747338474797));
#2440=CARTESIAN_POINT('',(-9.35762021734232,-4.6024043810309,
8.08369297330157));
#2450=CARTESIAN_POINT('',(-9.37719792089934,-4.57422828917958,
8.12240426317734));
#2460=CARTESIAN_POINT('',(-9.39682310965355,-4.54598385696987,
8.16120944625299));
#2470=CARTESIAN_POINT('',(-9.42286311780818,-4.5128765094447,
8.192240222921));
#2480=CARTESIAN_POINT('',(-9.45171849195841,-4.4775815610541,
8.21652869609866));
#2490=CARTESIAN_POINT('',(-9.48068779764988,-4.44214725533451,
8.24091306902689));
#2500=CARTESIAN_POINT('',(-9.51228880499807,-4.40481522068642,
8.25831986616875));
#2510=CARTESIAN_POINT('',(-9.54488644976484,-4.36674350209223,
8.26984779790595));
#2520=CARTESIAN_POINT('',(-9.5774921420757,-4.32866238454187,
8.28137857560149));
#2530=CARTESIAN_POINT('',(-9.61123891596306,-4.28970186416475,
8.28701305915477));
#2540=CARTESIAN_POINT('',(-9.64490900000002,-4.250823,8.28701305915477))
;
#2550=B_SPLINE_CURVE_WITH_KNOTS('',3,(#2420,#2430,#2440,#2450,#2460,
#2470,#2480,#2490,#2500,#2510,#2520,#2530,#2540),.UNSPECIFIED.,.F.,.F.,(
4,3,3,3,4),(0.,0.154987355583637,0.309949304923999,0.464698607654321,
0.619094646217494),.UNSPECIFIED.);
#2560=SURFACE_CURVE('',#2550,(#2250,#2410),.CURVE_3D.);
#2570=CARTESIAN_POINT('',(-9.64490900000002,-4.250823,8.28701305915477))
;
#2580=VERTEX_POINT('',#2570);
#2590=EDGE_CURVE('',#2320,#2580,#2560,.T.);
#2600=ORIENTED_EDGE('',*,*,#2590,.F.);
#2610=CARTESIAN_POINT('',(-4.89842541528951E-17,-4.250823,
8.28701305915477));
#2620=DIRECTION('',(1.,0.,1.22460635382238E-16));
#2630=VECTOR('',#2620,1.);
#2640=LINE('',#2610,#2630);
#2650=CARTESIAN_POINT('',(1.45509099999999,-4.250823,8.28701305915477));
#2660=VERTEX_POINT('',#2650);
#2670=EDGE_CURVE('',#2580,#2660,#2640,.T.);
#2680=ORIENTED_EDGE('',*,*,#2670,.F.);
#2690=CARTESIAN_POINT('',(1.45509099999999,-4.250823,7.88701305915477));
#2700=DIRECTION('',(1.,0.,1.22460635382238E-16));
#2710=DIRECTION('',(1.22460635382238E-16,0.,-1.));
#2720=AXIS2_PLACEMENT_3D('',#2690,#2700,#2710);
#2730=CIRCLE('',#2720,0.4);
#2740=CARTESIAN_POINT('',(1.45509099999999,-4.650823,7.88701305915477));
#2750=VERTEX_POINT('',#2740);
#2760=EDGE_CURVE('',#2660,#2750,#2730,.T.);
#2770=ORIENTED_EDGE('',*,*,#2760,.F.);
#2780=CARTESIAN_POINT('',(0.,-4.650823,7.88701305915477));
#2790=DIRECTION('',(-1.,0.,0.));
#2800=VECTOR('',#2790,1.);
#2810=LINE('',#2780,#2800);
#2820=EDGE_CURVE('',#2750,#2340,#2810,.T.);
#2830=ORIENTED_EDGE('',*,*,#2820,.F.);
#2840=EDGE_LOOP('',(#2830,#2770,#2680,#2600,#2360));
#2850=FACE_OUTER_BOUND('',#2840,.T.);
#2860=ADVANCED_FACE('',(#2850),#2250,.T.);
#2870=CARTESIAN_POINT('',(1.45509099999999,-4.250823,0.));
#2880=DIRECTION('',(0.,0.,-1.));
#2890=DIRECTION('',(-1.,0.,0.));
#2900=AXIS2_PLACEMENT_3D('',#2870,#2880,#2890);
#2910=CYLINDRICAL_SURFACE('',#2900,0.4);
#2920=CARTESIAN_POINT('',(1.45509099999999,-4.250823,7.48701305915477));
#2930=DIRECTION('',(0.,-0.707106781186548,-0.707106781186548));
#2940=DIRECTION('',(0.,-0.707106781186548,0.707106781186548));
#2950=AXIS2_PLACEMENT_3D('',#2920,#2930,#2940);
#2960=ELLIPSE('',#2950,0.565685424949238,0.4);
#2970=CARTESIAN_POINT('',(1.85509099999999,-4.250823,7.48701305915477));
#2980=VERTEX_POINT('',#2970);
#2990=EDGE_CURVE('',#2980,#2750,#2960,.T.);
#3000=ORIENTED_EDGE('',*,*,#2990,.F.);
#3010=CARTESIAN_POINT('',(1.45509099999999,-4.250823,7.88701305915477));
#3020=DIRECTION('',(0.,0.,-1.));
#3030=DIRECTION('',(1.,-0.,0.));
#3040=AXIS2_PLACEMENT_3D('',#3010,#3020,#3030);
#3050=CIRCLE('',#3040,0.4);
#3060=CARTESIAN_POINT('',(1.85509099999999,-4.250823,7.88701305915477));
#3070=VERTEX_POINT('',#3060);
#3080=EDGE_CURVE('',#3070,#2750,#3050,.T.);
#3090=ORIENTED_EDGE('',*,*,#3080,.T.);
#3100=CARTESIAN_POINT('',(1.85509099999999,-4.250823,0.));
#3110=DIRECTION('',(0.,0.,-1.));
#3120=VECTOR('',#3110,1.);
#3130=LINE('',#3100,#3120);
#3140=EDGE_CURVE('',#3070,#2980,#3130,.T.);
#3150=ORIENTED_EDGE('',*,*,#3140,.F.);
#3160=EDGE_LOOP('',(#3150,#3090,#3000));
#3170=FACE_OUTER_BOUND('',#3160,.T.);
#3180=ADVANCED_FACE('',(#3170),#2910,.T.);
#3190=CARTESIAN_POINT('',(-9.31116311705324,2.799177,7.87675701573201));
#3200=DIRECTION('',(0.,1.,1.22460635382238E-16));
#3210=DIRECTION('',(1.,-1.49966072182214E-32,1.22460635382238E-16));
#3220=AXIS2_PLACEMENT_3D('',#3190,#3200,#3210);
#3230=PLANE('',#3220);
#3240=CARTESIAN_POINT('',(0.,2.799177,0.787013059154771));
#3250=DIRECTION('',(-1.,0.,0.));
#3260=VECTOR('',#3250,1.);
#3270=LINE('',#3240,#3260);
#3280=CARTESIAN_POINT('',(-9.84490900000002,2.799177,0.787013059154771))
;
#3290=VERTEX_POINT('',#3280);
#3300=CARTESIAN_POINT('',(-18.344909,2.799177,0.787013059154771));
#3310=VERTEX_POINT('',#3300);
#3320=EDGE_CURVE('',#3290,#3310,#3270,.T.);
#3330=ORIENTED_EDGE('',*,*,#3320,.T.);
#3340=CARTESIAN_POINT('',(-9.84490900000002,2.799177,0.));
#3350=DIRECTION('',(0.,-1.22460635382238E-16,1.));
#3360=VECTOR('',#3350,1.);
#3370=LINE('',#3340,#3360);
#3380=CARTESIAN_POINT('',(-9.84490900000002,2.799177,7.08701305915477));
#3390=VERTEX_POINT('',#3380);
#3400=EDGE_CURVE('',#3290,#3390,#3370,.T.);
#3410=ORIENTED_EDGE('',*,*,#3400,.F.);
#3420=CARTESIAN_POINT('',(0.,2.799177,7.08701305915477));
#3430=DIRECTION('',(1.,-2.46519032881566E-32,1.22460635382238E-16));
#3440=VECTOR('',#3430,1.);
#3450=LINE('',#3420,#3440);
#3460=CARTESIAN_POINT('',(-18.344909,2.799177,7.08701305915477));
#3470=VERTEX_POINT('',#3460);
#3480=EDGE_CURVE('',#3470,#3390,#3450,.T.);
#3490=ORIENTED_EDGE('',*,*,#3480,.T.);
#3500=CARTESIAN_POINT('',(-18.344909,2.799177,6.12303176911189E-17));
#3510=DIRECTION('',(0.,-1.22460635382238E-16,1.));
#3520=VECTOR('',#3510,1.);
#3530=LINE('',#3500,#3520);
#3540=EDGE_CURVE('',#3310,#3470,#3530,.T.);
#3550=ORIENTED_EDGE('',*,*,#3540,.T.);
#3560=EDGE_LOOP('',(#3550,#3490,#3410,#3330));
#3570=FACE_OUTER_BOUND('',#3560,.T.);
#3580=ADVANCED_FACE('',(#3570),#3230,.T.);
#3590=CARTESIAN_POINT('',(0.,3.099177,7.88701305915477));
#3600=DIRECTION('',(-1.,0.,-1.22460635382238E-16));
#3610=DIRECTION('',(-1.22460635382238E-16,0.,1.));
#3620=AXIS2_PLACEMENT_3D('',#3590,#3600,#3610);
#3630=CYLINDRICAL_SURFACE('',#3620,0.4);
#3640=CARTESIAN_POINT('',(-4.89842541528951E-17,3.099177,
8.28701305915477));
#3650=DIRECTION('',(-1.,0.,-1.22460635382238E-16));
#3660=VECTOR('',#3650,1.);
#3670=LINE('',#3640,#3660);
#3680=CARTESIAN_POINT('',(1.45509099999999,3.099177,8.28701305915477));
#3690=VERTEX_POINT('',#3680);
#3700=CARTESIAN_POINT('',(-3.54490900000002,3.099177,8.28701305915477));
#3710=VERTEX_POINT('',#3700);
#3720=EDGE_CURVE('',#3690,#3710,#3670,.T.);
#3730=ORIENTED_EDGE('',*,*,#3720,.F.);
#3740=CARTESIAN_POINT('',(-3.54490900000002,3.099177,7.88701305915477));
#3750=DIRECTION('',(0.707106781186548,-0.707106781186548,
3.4863055968421E-32));
#3760=DIRECTION('',(-0.707106781186548,-0.707106781186548,
-1.73185491414387E-16));
#3770=AXIS2_PLACEMENT_3D('',#3740,#3750,#3760);
#3780=ELLIPSE('',#3770,0.565685424949238,0.4);
#3790=CARTESIAN_POINT('',(-3.14490900000002,3.499177,7.88701305915477));
#3800=VERTEX_POINT('',#3790);
#3810=EDGE_CURVE('',#3800,#3710,#3780,.T.);
#3820=ORIENTED_EDGE('',*,*,#3810,.T.);
#3830=CARTESIAN_POINT('',(0.,3.499177,7.88701305915477));
#3840=DIRECTION('',(-1.,0.,-1.22460635382238E-16));
#3850=VECTOR('',#3840,1.);
#3860=LINE('',#3830,#3850);
#3870=CARTESIAN_POINT('',(1.45509099999999,3.499177,7.88701305915477));
#3880=VERTEX_POINT('',#3870);
#3890=EDGE_CURVE('',#3880,#3800,#3860,.T.);
#3900=ORIENTED_EDGE('',*,*,#3890,.T.);
#3910=CARTESIAN_POINT('',(1.45509099999999,3.099177,7.88701305915477));
#3920=DIRECTION('',(-1.,0.,-1.22460635382238E-16));
#3930=DIRECTION('',(-1.22460635382238E-16,0.,1.));
#3940=AXIS2_PLACEMENT_3D('',#3910,#3920,#3930);
#3950=CIRCLE('',#3940,0.4);
#3960=EDGE_CURVE('',#3690,#3880,#3950,.T.);
#3970=ORIENTED_EDGE('',*,*,#3960,.T.);
#3980=EDGE_LOOP('',(#3970,#3900,#3820,#3730));
#3990=FACE_OUTER_BOUND('',#3980,.T.);
#4000=ADVANCED_FACE('',(#3990),#3630,.T.);
#4010=CARTESIAN_POINT('',(2.15509099999999,0.,1.03701305915477));
#4020=DIRECTION('',(0.,1.,0.));
#4030=DIRECTION('',(1.,0.,0.));
#4040=AXIS2_PLACEMENT_3D('',#4010,#4020,#4030);
#4050=CYLINDRICAL_SURFACE('',#4040,0.3);
#4060=CARTESIAN_POINT('',(2.15509099999999,1.499177,1.03701305915477));
#4070=DIRECTION('',(0.,-1.,0.));
#4080=DIRECTION('',(-1.,0.,0.));
#4090=AXIS2_PLACEMENT_3D('',#4060,#4070,#4080);
#4100=CIRCLE('',#4090,0.3);
#4110=CARTESIAN_POINT('',(2.15509099999999,1.499177,1.33701305915477));
#4120=VERTEX_POINT('',#4110);
#4130=CARTESIAN_POINT('',(1.85509099999999,1.499177,1.03701305915477));
#4140=VERTEX_POINT('',#4130);
#4150=EDGE_CURVE('',#4120,#4140,#4100,.T.);
#4160=ORIENTED_EDGE('',*,*,#4150,.T.);
#4170=CARTESIAN_POINT('',(2.15509099999999,0.,1.33701305915477));
#4180=DIRECTION('',(0.,1.,0.));
#4190=VECTOR('',#4180,1.);
#4200=LINE('',#4170,#4190);
#4210=CARTESIAN_POINT('',(2.15509099999999,3.099177,1.33701305915477));
#4220=VERTEX_POINT('',#4210);
#4230=EDGE_CURVE('',#4120,#4220,#4200,.T.);
#4240=ORIENTED_EDGE('',*,*,#4230,.F.);
#4250=CARTESIAN_POINT('',(2.15509099999999,3.099177,1.33701305915477));
#4260=CARTESIAN_POINT('',(2.07655118366024,3.099177,1.33701305915477));
#4270=CARTESIAN_POINT('',(1.99801857145376,3.09917700000002,
1.31234506998467));
#4280=CARTESIAN_POINT('',(1.92913378060964,3.09917699999992,
1.2629702785449));
#4290=CARTESIAN_POINT('',(1.87975898917021,3.09917700000006,
1.19408548770112));
#4300=CARTESIAN_POINT('',(1.85509099999999,3.099177,1.11555287549451));
#4310=CARTESIAN_POINT('',(1.85509099999999,3.099177,1.03701305915477));
#4320=B_SPLINE_CURVE_WITH_KNOTS('',6,(#4250,#4260,#4270,#4280,#4290,
#4300,#4310),.UNSPECIFIED.,.F.,.F.,(7,7),(0.,1.),.UNSPECIFIED.);
#4330=CARTESIAN_POINT('',(1.9429589706799,3.09917699999999,
1.24914508847485));
#4340=VERTEX_POINT('',#4330);
#4350=EDGE_CURVE('',#4220,#4340,#4320,.T.);
#4360=ORIENTED_EDGE('',*,*,#4350,.F.);
#4370=CARTESIAN_POINT('',(1.85509099999999,3.099177,1.03701305915477));
#4380=VERTEX_POINT('',#4370);
#4390=EDGE_CURVE('',#4340,#4380,#4320,.T.);
#4400=ORIENTED_EDGE('',*,*,#4390,.F.);
#4410=CARTESIAN_POINT('',(1.85509099999999,0.,1.03701305915477));
#4420=DIRECTION('',(0.,1.,0.));
#4430=VECTOR('',#4420,1.);
#4440=LINE('',#4410,#4430);
#4450=EDGE_CURVE('',#4140,#4380,#4440,.T.);
#4460=ORIENTED_EDGE('',*,*,#4450,.T.);
#4470=EDGE_LOOP('',(#4460,#4400,#4360,#4240,#4160));
#4480=FACE_OUTER_BOUND('',#4470,.T.);
#4490=ADVANCED_FACE('',(#4480),#4050,.F.);
#4500=CARTESIAN_POINT('',(-6.33454643244974,4.999177,7.43701305915477));
#4510=DIRECTION('',(0.,0.,1.));
#4520=DIRECTION('',(1.,0.,0.));
#4530=AXIS2_PLACEMENT_3D('',#4500,#4510,#4520);
#4540=TOROIDAL_SURFACE('',#4530,0.6,0.4);
#4550=CARTESIAN_POINT('',(-6.33454643244974,5.599177,7.43701305915477));
#4560=DIRECTION('',(-1.,0.,0.));
#4570=DIRECTION('',(0.,1.,0.));
#4580=AXIS2_PLACEMENT_3D('',#4550,#4560,#4570);
#4590=CIRCLE('',#4580,0.4);
#4600=CARTESIAN_POINT('',(-6.33454643244974,5.999177,7.43701305915477));
#4610=VERTEX_POINT('',#4600);
#4620=CARTESIAN_POINT('',(-6.33454643244974,5.599177,7.03701305915477));
#4630=VERTEX_POINT('',#4620);
#4640=EDGE_CURVE('',#4610,#4630,#4590,.T.);
#4650=ORIENTED_EDGE('',*,*,#4640,.F.);
#4660=CARTESIAN_POINT('',(-6.33454643244974,4.999177,7.03701305915477));
#4670=DIRECTION('',(0.,0.,1.));
#4680=DIRECTION('',(1.,0.,0.));
#4690=AXIS2_PLACEMENT_3D('',#4660,#4670,#4680);
#4700=CIRCLE('',#4690,0.6);
#4710=CARTESIAN_POINT('',(-6.06259842662393,5.53400807812408,
7.03701305915477));
#4720=VERTEX_POINT('',#4710);
#4730=EDGE_CURVE('',#4720,#4630,#4700,.T.);
#4740=ORIENTED_EDGE('',*,*,#4730,.T.);
#4750=CARTESIAN_POINT('',(-6.06259842662393,5.53400807812408,
7.43701305915477));
#4760=DIRECTION('',(-0.891385130206804,0.453246676376341,0.));
#4770=DIRECTION('',(0.453246676376341,0.891385130206804,0.));
#4780=AXIS2_PLACEMENT_3D('',#4750,#4760,#4770);
#4790=CIRCLE('',#4780,0.4);
#4800=EDGE_CURVE('',#1930,#4720,#4790,.T.);
#4810=ORIENTED_EDGE('',*,*,#4800,.T.);
#4820=CARTESIAN_POINT('',(-6.33454643244974,4.999177,7.43701305915477));
#4830=DIRECTION('',(0.,0.,1.));
#4840=DIRECTION('',(1.,0.,0.));
#4850=AXIS2_PLACEMENT_3D('',#4820,#4830,#4840);
#4860=CIRCLE('',#4850,1.);
#4870=EDGE_CURVE('',#1930,#4610,#4860,.T.);
#4880=ORIENTED_EDGE('',*,*,#4870,.F.);
#4890=EDGE_LOOP('',(#4880,#4810,#4740,#4650));
#4900=FACE_OUTER_BOUND('',#4890,.T.);
#4910=ADVANCED_FACE('',(#4900),#4540,.T.);
#4920=CARTESIAN_POINT('',(-6.33454643244974,4.999177,-0.0129869408452293
));
#4930=DIRECTION('',(0.,0.,1.));
#4940=DIRECTION('',(1.,0.,0.));
#4950=AXIS2_PLACEMENT_3D('',#4920,#4930,#4940);
#4960=TOROIDAL_SURFACE('',#4950,0.6,0.4);
#4970=CARTESIAN_POINT('',(-6.33454643244974,5.599177,-0.0129869408452293
));
#4980=DIRECTION('',(-1.,0.,0.));
#4990=DIRECTION('',(0.,1.,0.));
#5000=AXIS2_PLACEMENT_3D('',#4970,#4980,#4990);
#5010=CIRCLE('',#5000,0.4);
#5020=CARTESIAN_POINT('',(-6.33454643244974,5.999177,-0.0129869408452293
));
#5030=VERTEX_POINT('',#5020);
#5040=CARTESIAN_POINT('',(-6.33454643244974,5.599177,-0.412986940845229)
);
#5050=VERTEX_POINT('',#5040);
#5060=EDGE_CURVE('',#5030,#5050,#5010,.T.);
#5070=ORIENTED_EDGE('',*,*,#5060,.F.);
#5080=CARTESIAN_POINT('',(-6.33454643244974,4.999177,-0.412986940845229)
);
#5090=DIRECTION('',(0.,0.,1.));
#5100=DIRECTION('',(1.,0.,0.));
#5110=AXIS2_PLACEMENT_3D('',#5080,#5090,#5100);
#5120=CIRCLE('',#5110,0.6);
#5130=CARTESIAN_POINT('',(-6.06259842662393,5.53400807812408,
-0.412986940845229));
#5140=VERTEX_POINT('',#5130);
#5150=EDGE_CURVE('',#5140,#5050,#5120,.T.);
#5160=ORIENTED_EDGE('',*,*,#5150,.T.);
#5170=CARTESIAN_POINT('',(-6.06259842662393,5.53400807812408,
-0.0129869408452293));
#5180=DIRECTION('',(-0.891385130206804,0.453246676376341,0.));
#5190=DIRECTION('',(0.453246676376341,0.891385130206804,0.));
#5200=AXIS2_PLACEMENT_3D('',#5170,#5180,#5190);
#5210=CIRCLE('',#5200,0.4);
#5220=CARTESIAN_POINT('',(-5.8812997560734,5.8905621302068,
-0.0129869408452293));
#5230=VERTEX_POINT('',#5220);
#5240=EDGE_CURVE('',#5230,#5140,#5210,.T.);
#5250=ORIENTED_EDGE('',*,*,#5240,.T.);
#5260=CARTESIAN_POINT('',(-6.33454643244974,4.999177,-0.0129869408452293
));
#5270=DIRECTION('',(0.,0.,1.));
#5280=DIRECTION('',(1.,0.,0.));
#5290=AXIS2_PLACEMENT_3D('',#5260,#5270,#5280);
#5300=CIRCLE('',#5290,1.);
#5310=EDGE_CURVE('',#5230,#5030,#5300,.T.);
#5320=ORIENTED_EDGE('',*,*,#5310,.F.);
#5330=EDGE_LOOP('',(#5320,#5250,#5160,#5070));
#5340=FACE_OUTER_BOUND('',#5330,.T.);
#5350=ADVANCED_FACE('',(#5340),#4960,.T.);
#5360=CARTESIAN_POINT('',(1.84692777493467,3.36239378601382,
1.23838462909587));
#5370=CARTESIAN_POINT('',(1.80932414426534,3.36631941180166,
1.21692323119324));
#5380=CARTESIAN_POINT('',(1.77585431722562,3.36912936129329,
1.1910735835251));
#5390=CARTESIAN_POINT('',(1.75244264878594,3.37280866038065,
1.17225542629224));
#5400=CARTESIAN_POINT('',(1.74075573131598,3.37754945439727,
1.15621021702489));
#5410=CARTESIAN_POINT('',(1.73820239458465,3.38175100811821,
1.1230011305827));
#5420=CARTESIAN_POINT('',(1.73793370576009,3.38201970576009,
1.03701305915477));
#5430=CARTESIAN_POINT('',(1.84747696884104,3.39001466420942,
1.25873247640901));
#5440=CARTESIAN_POINT('',(1.80519215733926,3.39157676704232,
1.23897054290731));
#5450=CARTESIAN_POINT('',(1.7565622694922,3.39524693856999,
1.20537536176666));
#5460=CARTESIAN_POINT('',(1.71613013434619,3.40111768419263,
1.17485833625912));
#5470=CARTESIAN_POINT('',(1.70327365920129,3.41220246473338,
1.17441756723145));
#5480=CARTESIAN_POINT('',(1.70116916670599,3.41885454067294,
1.12468063908298));
#5490=CARTESIAN_POINT('',(1.7009099839672,3.41904342755299,
1.03701305915477));
#5500=CARTESIAN_POINT('',(1.84876560931346,3.41798829180557,
1.27905517097149));
#5510=CARTESIAN_POINT('',(1.79455327553673,3.41829256488992,
1.26392540993051));
#5520=CARTESIAN_POINT('',(1.73420393558032,3.42263638787086,
1.23005036870831));
#5530=CARTESIAN_POINT('',(1.68308427608363,3.42980300954706,
1.1932549753871));
#5540=CARTESIAN_POINT('',(1.66406618263105,3.4427979774483,
1.18773950820716));
#5550=CARTESIAN_POINT('',(1.6582827442651,3.45015175091655,
1.12633093873978));
#5560=CARTESIAN_POINT('',(1.65807056041894,3.45025144759052,
1.03701305915477));
#5570=CARTESIAN_POINT('',(1.85082289700019,3.44357100814226,
1.29726877360397));
#5580=CARTESIAN_POINT('',(1.7815279883105,3.44340665037674,
1.28806759261349));
#5590=CARTESIAN_POINT('',(1.71150534083302,3.44813002997094,
1.25843242751716));
#5600=CARTESIAN_POINT('',(1.65278282540799,3.4557550384025,
1.21925732268728));
#5610=CARTESIAN_POINT('',(1.62344298834483,3.46764157925359,
1.19678566338212));
#5620=CARTESIAN_POINT('',(1.61069005480618,3.47447252802094,
1.12779868312481));
#5630=CARTESIAN_POINT('',(1.61055665900805,3.47450254197998,
1.03701305915478));
#5640=CARTESIAN_POINT('',(1.85322418922755,3.46539514702644,
1.31252917319555));
#5650=CARTESIAN_POINT('',(1.7697829417914,3.46523486300203,
1.3089166793754));
#5660=CARTESIAN_POINT('',(1.69089770509827,3.4697246104195,
1.28484722381509));
#5670=CARTESIAN_POINT('',(1.6246451601893,3.47671027815819,
1.24529727120495));
#5680=CARTESIAN_POINT('',(1.58188757192815,3.48556471337909,
1.2024136218001));
#5690=CARTESIAN_POINT('',(1.55985812383689,3.49095525921696,
1.12893052580979));
#5700=CARTESIAN_POINT('',(1.55980835374193,3.49095433694331,
1.03701305915478));
#5710=CARTESIAN_POINT('',(1.85509099999999,3.48346903673205,
1.32523208670381));
#5720=CARTESIAN_POINT('',(1.76253093878835,3.48346903673205,
1.32523208670381));
#5730=CARTESIAN_POINT('',(1.67449090205808,3.48661062938572,
1.30461230567873));
#5740=CARTESIAN_POINT('',(1.5979668836893,3.49132301836591,
1.26442662801964));
#5750=CARTESIAN_POINT('',(1.53995487756326,3.49603540734645,
1.2057289381186));
#5760=CARTESIAN_POINT('',(1.50745087755982,3.499177,1.1295731203664));
#5770=CARTESIAN_POINT('',(1.50745087755982,3.499177,1.03701305915477));
#5780=CARTESIAN_POINT('',(1.85509099999999,3.499177,1.33701305915477));
#5790=CARTESIAN_POINT('',(1.76253093878835,3.499177,1.33701305915477));
#5800=CARTESIAN_POINT('',(1.66401892654611,3.49917700000008,
1.3140370836395));
#5810=CARTESIAN_POINT('',(1.57178694490938,3.49917699999988,
1.27031711424512));
#5820=CARTESIAN_POINT('',(1.4980669755154,3.49917700000004,
1.20808513260879));
#5830=CARTESIAN_POINT('',(1.45509099999999,3.499177,1.1295731203664));
#5840=CARTESIAN_POINT('',(1.45509099999999,3.499177,1.03701305915477));
#5850=B_SPLINE_SURFACE_WITH_KNOTS('',6,6,((#5360,#5430,#5500,#5570,#5640
,#5710,#5780),(#5370,#5440,#5510,#5580,#5650,#5720,#5790),(#5380,#5450,
#5520,#5590,#5660,#5730,#5800),(#5390,#5460,#5530,#5600,#5670,#5740,
#5810),(#5400,#5470,#5540,#5610,#5680,#5750,#5820),(#5410,#5480,#5550,
#5620,#5690,#5760,#5830),(#5420,#5490,#5560,#5630,#5700,#5770,#5840)),
.UNSPECIFIED.,.F.,.F.,.F.,(7,7),(7,7),(0.,1.),(0.,1.),.UNSPECIFIED.);
#5860=CARTESIAN_POINT('',(1.84692777493467,3.36239378601382,
1.23838462909587));
#5870=CARTESIAN_POINT('',(1.80932414426534,3.36631941180166,
1.21692323119324));
#5880=CARTESIAN_POINT('',(1.77585431722562,3.36912936129329,
1.1910735835251));
#5890=CARTESIAN_POINT('',(1.75244264878594,3.37280866038065,
1.17225542629224));
#5900=CARTESIAN_POINT('',(1.74075573131598,3.37754945439727,
1.15621021702489));
#5910=CARTESIAN_POINT('',(1.73820239458465,3.38175100811821,
1.1230011305827));
#5920=CARTESIAN_POINT('',(1.73793370576009,3.38201970576009,
1.03701305915477));
#5930=B_SPLINE_CURVE_WITH_KNOTS('',6,(#5860,#5870,#5880,#5890,#5900,
#5910,#5920),.UNSPECIFIED.,.F.,.F.,(7,7),(0.,1.),.UNSPECIFIED.);
#5940=CARTESIAN_POINT('',(1.84692777493467,3.36239378601382,
1.23838462909587));
#5950=VERTEX_POINT('',#5940);
#5960=CARTESIAN_POINT('',(1.73793370576009,3.38201970576009,
1.03701305915477));
#5970=VERTEX_POINT('',#5960);
#5980=EDGE_CURVE('',#5950,#5970,#5930,.T.);
#5990=ORIENTED_EDGE('',*,*,#5980,.T.);
#6000=CARTESIAN_POINT('',(1.84692777493467,3.36239378601382,
1.23838462909587));
#6010=CARTESIAN_POINT('',(1.84747696884104,3.39001466420942,
1.25873247640901));
#6020=CARTESIAN_POINT('',(1.84876560931346,3.41798829180557,
1.27905517097149));
#6030=CARTESIAN_POINT('',(1.85082289700019,3.44357100814226,
1.29726877360397));
#6040=CARTESIAN_POINT('',(1.85322418922755,3.46539514702644,
1.31252917319555));
#6050=CARTESIAN_POINT('',(1.85509099999999,3.48346903673205,
1.32523208670381));
#6060=CARTESIAN_POINT('',(1.85509099999999,3.499177,1.33701305915477));
#6070=B_SPLINE_CURVE_WITH_KNOTS('',6,(#6000,#6010,#6020,#6030,#6040,
#6050,#6060),.UNSPECIFIED.,.F.,.F.,(7,7),(0.,1.),.UNSPECIFIED.);
#6080=CARTESIAN_POINT('',(1.85509099999999,3.499177,1.33701305915477));
#6090=VERTEX_POINT('',#6080);
#6100=EDGE_CURVE('',#5950,#6090,#6070,.T.);
#6110=ORIENTED_EDGE('',*,*,#6100,.F.);
#6120=CARTESIAN_POINT('',(1.45509099999999,3.499177,1.03701305915477));
#6130=CARTESIAN_POINT('',(1.45509099999999,3.499177,1.1295731203664));
#6140=CARTESIAN_POINT('',(1.4980669755154,3.49917700000004,
1.20808513260879));
#6150=CARTESIAN_POINT('',(1.57178694490938,3.49917699999988,
1.27031711424512));
#6160=CARTESIAN_POINT('',(1.66401892654611,3.49917700000008,
1.3140370836395));
#6170=CARTESIAN_POINT('',(1.76253093878835,3.499177,1.33701305915477));
#6180=CARTESIAN_POINT('',(1.85509099999999,3.499177,1.33701305915477));
#6190=CARTESIAN_POINT('',(1.94765106121162,3.499177,1.33701305915477));
#6200=CARTESIAN_POINT('',(2.026163073454,3.45620102448478,
1.33701305915482));
#6210=CARTESIAN_POINT('',(2.08839505509035,3.38248105509021,
1.33701305915467));
#6220=CARTESIAN_POINT('',(2.13211502448471,3.29024907345412,
1.33701305915483));
#6230=CARTESIAN_POINT('',(2.15509099999999,3.19173706121163,
1.33701305915477));
#6240=CARTESIAN_POINT('',(2.15509099999999,3.09917699999999,
1.33701305915477));
#6250=B_SPLINE_CURVE_WITH_KNOTS('',6,(#6120,#6130,#6140,#6150,#6160,
#6170,#6180,#6190,#6200,#6210,#6220,#6230,#6240),.UNSPECIFIED.,.F.,.F.,(
7,6,7),(0.,0.5,1.),.UNSPECIFIED.);
#6260=CARTESIAN_POINT('',(1.45509099999999,3.499177,1.03701305915477));
#6270=VERTEX_POINT('',#6260);
#6280=EDGE_CURVE('',#6270,#6090,#6250,.T.);
#6290=ORIENTED_EDGE('',*,*,#6280,.T.);
#6300=CARTESIAN_POINT('',(1.85509099999999,3.099177,1.03701305915477));
#6310=CARTESIAN_POINT('',(1.85509099999999,3.20389675511965,
1.03701305915477));
#6320=CARTESIAN_POINT('',(1.82220034777316,3.30860690472849,
1.0370130591548));
#6330=CARTESIAN_POINT('',(1.7563672925202,3.4004532925201,
1.0370130591547));
#6340=CARTESIAN_POINT('',(1.66452090472843,3.46628634777326,
1.03701305915481));
#6350=CARTESIAN_POINT('',(1.55981075511965,3.499177,1.03701305915477));
#6360=CARTESIAN_POINT('',(1.45509099999999,3.499177,1.03701305915477));
#6370=B_SPLINE_CURVE_WITH_KNOTS('',6,(#6300,#6310,#6320,#6330,#6340,
#6350,#6360),.UNSPECIFIED.,.F.,.F.,(7,7),(0.,1.),.UNSPECIFIED.);
#6380=EDGE_CURVE('',#5970,#6270,#6370,.T.);
#6390=ORIENTED_EDGE('',*,*,#6380,.T.);
#6400=EDGE_LOOP('',(#6390,#6290,#6110,#5990));
#6410=FACE_OUTER_BOUND('',#6400,.T.);
#6420=ADVANCED_FACE('',(#6410),#5850,.T.);
#6430=CARTESIAN_POINT('',(-6.33454643244974,4.999177,0.));
#6440=DIRECTION('',(0.,0.,1.));
#6450=DIRECTION('',(1.,0.,0.));
#6460=AXIS2_PLACEMENT_3D('',#6430,#6440,#6450);
#6470=CYLINDRICAL_SURFACE('',#6460,1.);
#6480=CARTESIAN_POINT('',(-5.8812997560734,5.8905621302068,0.));
#6490=DIRECTION('',(0.,0.,1.));
#6500=VECTOR('',#6490,1.);
#6510=LINE('',#6480,#6500);
#6520=CARTESIAN_POINT('',(-5.8812997560734,5.8905621302068,
0.43701305915477));
#6530=VERTEX_POINT('',#6520);
#6540=EDGE_CURVE('',#5230,#6530,#6510,.T.);
#6550=ORIENTED_EDGE('',*,*,#6540,.F.);
#6560=CARTESIAN_POINT('',(-6.33454643244974,4.999177,0.43701305915477));
#6570=DIRECTION('',(0.,0.,1.));
#6580=DIRECTION('',(1.,0.,0.));
#6590=AXIS2_PLACEMENT_3D('',#6560,#6570,#6580);
#6600=CIRCLE('',#6590,1.);
#6610=CARTESIAN_POINT('',(-6.33454643244974,5.999177,0.43701305915477));
#6620=VERTEX_POINT('',#6610);
#6630=EDGE_CURVE('',#6530,#6620,#6600,.T.);
#6640=ORIENTED_EDGE('',*,*,#6630,.F.);
#6650=CARTESIAN_POINT('',(-6.33454643244974,5.999177,0.));
#6660=DIRECTION('',(0.,0.,1.));
#6670=VECTOR('',#6660,1.);
#6680=LINE('',#6650,#6670);
#6690=EDGE_CURVE('',#5030,#6620,#6680,.T.);
#6700=ORIENTED_EDGE('',*,*,#6690,.T.);
#6710=ORIENTED_EDGE('',*,*,#5310,.T.);
#6720=EDGE_LOOP('',(#6710,#6700,#6640,#6550));
#6730=FACE_OUTER_BOUND('',#6720,.T.);
#6740=ADVANCED_FACE('',(#6730),#6470,.T.);
#6750=CARTESIAN_POINT('',(-1.4210854715202E-14,-9.400823,
7.08701305915477));
#6760=DIRECTION('',(1.,0.,0.));
#6770=DIRECTION('',(0.,-1.,0.));
#6780=AXIS2_PLACEMENT_3D('',#6750,#6760,#6770);
#6790=CYLINDRICAL_SURFACE('',#6780,0.8);
#6800=CARTESIAN_POINT('',(-1.4210854715202E-14,-10.200823,
7.08701305915477));
#6810=DIRECTION('',(1.,0.,0.));
#6820=VECTOR('',#6810,1.);
#6830=LINE('',#6800,#6820);
#6840=CARTESIAN_POINT('',(1.45509099999999,-10.200823,7.08701305915477))
;
#6850=VERTEX_POINT('',#6840);
#6860=EDGE_CURVE('',#120,#6850,#6830,.T.);
#6870=ORIENTED_EDGE('',*,*,#6860,.T.);
#6880=ORIENTED_EDGE('',*,*,#150,.F.);
#6890=CARTESIAN_POINT('',(-1.4210854715202E-14,-9.400823,
7.88701305915477));
#6900=DIRECTION('',(1.,0.,0.));
#6910=VECTOR('',#6900,1.);
#6920=LINE('',#6890,#6910);
#6930=CARTESIAN_POINT('',(1.45509099999999,-9.400823,7.88701305915477));
#6940=VERTEX_POINT('',#6930);
#6950=EDGE_CURVE('',#140,#6940,#6920,.T.);
#6960=ORIENTED_EDGE('',*,*,#6950,.F.);
#6970=CARTESIAN_POINT('',(1.45509099999999,-9.400823,7.08701305915477));
#6980=DIRECTION('',(-1.,0.,0.));
#6990=DIRECTION('',(0.,-1.,0.));
#7000=AXIS2_PLACEMENT_3D('',#6970,#6980,#6990);
#7010=CIRCLE('',#7000,0.800000000000001);
#7020=EDGE_CURVE('',#6850,#6940,#7010,.T.);
#7030=ORIENTED_EDGE('',*,*,#7020,.T.);
#7040=EDGE_LOOP('',(#7030,#6960,#6880,#6870));
#7050=FACE_OUTER_BOUND('',#7040,.T.);
#7060=ADVANCED_FACE('',(#7050),#6790,.T.);
#7070=ORIENTED_EDGE('',*,*,#1530,.F.);
#7080=CARTESIAN_POINT('',(-9.34490900000001,-4.250823,
-0.0129869408452308));
#7090=DIRECTION('',(1.,0.,0.));
#7100=DIRECTION('',(0.,-1.,0.));
#7110=AXIS2_PLACEMENT_3D('',#7080,#7090,#7100);
#7120=CIRCLE('',#7110,0.4);
#7130=CARTESIAN_POINT('',(-9.34490900000001,-4.650823,
-0.0129869408452308));
#7140=VERTEX_POINT('',#7130);
#7150=EDGE_CURVE('',#7140,#1520,#7120,.T.);
#7160=ORIENTED_EDGE('',*,*,#7150,.T.);
#7170=CARTESIAN_POINT('',(0.,-4.650823,-0.0129869408452308));
#7180=DIRECTION('',(1.,0.,0.));
#7190=VECTOR('',#7180,1.);
#7200=LINE('',#7170,#7190);
#7210=CARTESIAN_POINT('',(1.45509099999999,-4.650823,-0.0129869408452308
));
#7220=VERTEX_POINT('',#7210);
#7230=EDGE_CURVE('',#7140,#7220,#7200,.T.);
#7240=ORIENTED_EDGE('',*,*,#7230,.F.);
#7250=CARTESIAN_POINT('',(1.45509099999999,-4.250823,-0.0129869408452308
));
#7260=DIRECTION('',(1.,0.,0.));
#7270=DIRECTION('',(0.,-1.,0.));
#7280=AXIS2_PLACEMENT_3D('',#7250,#7260,#7270);
#7290=CIRCLE('',#7280,0.4);
#7300=CARTESIAN_POINT('',(1.45509099999999,-4.250823,-0.412986940845231)
);
#7310=VERTEX_POINT('',#7300);
#7320=EDGE_CURVE('',#7220,#7310,#7290,.T.);
#7330=ORIENTED_EDGE('',*,*,#7320,.F.);
#7340=CARTESIAN_POINT('',(0.,-4.250823,-0.412986940845231));
#7350=DIRECTION('',(1.,0.,0.));
#7360=VECTOR('',#7350,1.);
#7370=LINE('',#7340,#7360);
#7380=EDGE_CURVE('',#1500,#7310,#7370,.T.);
#7390=ORIENTED_EDGE('',*,*,#7380,.T.);
#7400=EDGE_LOOP('',(#7390,#7330,#7240,#7160,#7070));
#7410=FACE_OUTER_BOUND('',#7400,.T.);
#7420=ADVANCED_FACE('',(#7410),#1330,.T.);
#7430=CARTESIAN_POINT('',(0.,3.299177,7.23701305915477));
#7440=DIRECTION('',(1.,0.,0.));
#7450=DIRECTION('',(0.,-1.,0.));
#7460=AXIS2_PLACEMENT_3D('',#7430,#7440,#7450);
#7470=CYLINDRICAL_SURFACE('',#7460,0.2);
#7480=CARTESIAN_POINT('',(-3.54490900000002,0.,7.43701305915477));
#7490=DIRECTION('',(0.,-1.,0.));
#7500=DIRECTION('',(-1.,0.,0.));
#7510=AXIS2_PLACEMENT_3D('',#7480,#7490,#7500);
#7520=CYLINDRICAL_SURFACE('',#7510,0.4);
#7530=CARTESIAN_POINT('',(-3.54490900000002,3.299177,7.03701305915477));
#7540=CARTESIAN_POINT('',(-3.51296322720833,3.32176607257124,
7.03701305915477));
#7550=CARTESIAN_POINT('',(-3.48082980827198,3.34449629721781,
7.0408417317629));
#7560=CARTESIAN_POINT('',(-3.44924912732674,3.36631933093686,
7.04861996502275));
#7570=CARTESIAN_POINT('',(-3.41774317272606,3.38809072689863,
7.05637979339324));
#7580=CARTESIAN_POINT('',(-3.38634476645432,3.40928944668468,
7.06818872993844));
#7590=CARTESIAN_POINT('',(-3.35613665906405,3.42839266161117,
7.08435883289684));
#7600=CARTESIAN_POINT('',(-3.32608482904668,3.44739704875596,
7.10044528211363));
#7610=CARTESIAN_POINT('',(-3.29664411193157,3.4647235307939,
7.12118730115426));
#7620=CARTESIAN_POINT('',(-3.26967484495523,3.47765555970423,
7.14676116872652));
#7630=CARTESIAN_POINT('',(-3.24287152599319,3.49050801490865,
7.17217767449338));
#7640=CARTESIAN_POINT('',(-3.21819147810672,3.49917699999923,
7.20290440679799));
#7650=CARTESIAN_POINT('',(-3.19849883848885,3.499177,7.23701305915025));
#7660=B_SPLINE_CURVE_WITH_KNOTS('',3,(#7530,#7540,#7550,#7560,#7570,
#7580,#7590,#7600,#7610,#7620,#7630,#7640,#7650),.UNSPECIFIED.,.F.,.F.,(
4,3,3,3,4),(0.,0.117642637833329,0.235372695139923,0.353270010059398,
0.471149813634119),.UNSPECIFIED.);
#7670=SURFACE_CURVE('',#7660,(#7520,#7470),.CURVE_3D.);
#7680=CARTESIAN_POINT('',(-3.54490900000002,3.299177,7.03701305915477));
#7690=VERTEX_POINT('',#7680);
#7700=CARTESIAN_POINT('',(-3.19849883848885,3.499177,7.23701305915025));
#7710=VERTEX_POINT('',#7700);
#7720=EDGE_CURVE('',#7690,#7710,#7670,.T.);
#7730=ORIENTED_EDGE('',*,*,#7720,.T.);
#7740=CARTESIAN_POINT('',(0.,3.299177,7.03701305915477));
#7750=DIRECTION('',(1.,0.,0.));
#7760=VECTOR('',#7750,1.);
#7770=LINE('',#7740,#7760);
#7780=CARTESIAN_POINT('',(-0.394909000000015,3.299177,7.03701305915477))
;
#7790=VERTEX_POINT('',#7780);
#7800=EDGE_CURVE('',#7690,#7790,#7770,.T.);
#7810=ORIENTED_EDGE('',*,*,#7800,.F.);
#7820=CARTESIAN_POINT('',(-0.394909000000015,3.299177,7.23701305915477))
;
#7830=DIRECTION('',(1.,0.,0.));
#7840=DIRECTION('',(0.,-1.,0.));
#7850=AXIS2_PLACEMENT_3D('',#7820,#7830,#7840);
#7860=CIRCLE('',#7850,0.2);
#7870=CARTESIAN_POINT('',(-0.394909000000015,3.499177,7.23701305915477))
;
#7880=VERTEX_POINT('',#7870);
#7890=EDGE_CURVE('',#7790,#7880,#7860,.T.);
#7900=ORIENTED_EDGE('',*,*,#7890,.F.);
#7910=CARTESIAN_POINT('',(0.,3.499177,7.23701305915477));
#7920=DIRECTION('',(1.,0.,0.));
#7930=VECTOR('',#7920,1.);
#7940=LINE('',#7910,#7930);
#7950=EDGE_CURVE('',#7710,#7880,#7940,.T.);
#7960=ORIENTED_EDGE('',*,*,#7950,.T.);
#7970=EDGE_LOOP('',(#7960,#7900,#7810,#7730));
#7980=FACE_OUTER_BOUND('',#7970,.T.);
#7990=ADVANCED_FACE('',(#7980),#7470,.T.);
#8000=CARTESIAN_POINT('',(0.,2.45133091204411,-0.0129869408452293));
#8010=DIRECTION('',(0.891385130206804,-0.453246676376341,0.));
#8020=DIRECTION('',(-0.453246676376341,-0.891385130206804,0.));
#8030=AXIS2_PLACEMENT_3D('',#8000,#8010,#8020);
#8040=CYLINDRICAL_SURFACE('',#8030,0.4);
#8050=ORIENTED_EDGE('',*,*,#5240,.F.);
#8060=CARTESIAN_POINT('',(0.,2.45133091204411,-0.412986940845229));
#8070=DIRECTION('',(-0.891385130206804,0.453246676376341,0.));
#8080=VECTOR('',#8070,1.);
#8090=LINE('',#8060,#8080);
#8100=CARTESIAN_POINT('',(-3.59958433236238,4.28162803019448,
-0.412986940845229));
#8110=VERTEX_POINT('',#8100);
#8120=EDGE_CURVE('',#8110,#5140,#8090,.T.);
#8130=ORIENTED_EDGE('',*,*,#8120,.T.);
#8140=CARTESIAN_POINT('',(-3.59958433236238,4.28162803019448,
-0.0129869408452293));
#8150=DIRECTION('',(0.891385130206804,-0.453246676376341,0.));
#8160=DIRECTION('',(-0.453246676376341,-0.891385130206804,0.));
#8170=AXIS2_PLACEMENT_3D('',#8140,#8150,#8160);
#8180=CIRCLE('',#8170,0.4);
#8190=CARTESIAN_POINT('',(-3.41828566181184,4.6381820822772,
-0.0129869408452292));
#8200=VERTEX_POINT('',#8190);
#8210=EDGE_CURVE('',#8110,#8200,#8180,.T.);
#8220=ORIENTED_EDGE('',*,*,#8210,.F.);
#8230=CARTESIAN_POINT('',(0.181298670550536,2.80788496412684,
-0.0129869408452293));
#8240=DIRECTION('',(-0.891385130206804,0.453246676376341,0.));
#8250=VECTOR('',#8240,1.);
#8260=LINE('',#8230,#8250);
#8270=EDGE_CURVE('',#8200,#5230,#8260,.T.);
#8280=ORIENTED_EDGE('',*,*,#8270,.F.);
#8290=EDGE_LOOP('',(#8280,#8220,#8130,#8050));
#8300=FACE_OUTER_BOUND('',#8290,.T.);
#8310=ADVANCED_FACE('',(#8300),#8040,.T.);
#8320=CARTESIAN_POINT('',(-3.64490900000002,4.1924895171738,
-0.0129869408452293));
#8330=DIRECTION('',(0.,0.,1.));
#8340=DIRECTION('',(1.,0.,0.));
#8350=AXIS2_PLACEMENT_3D('',#8320,#8330,#8340);
#8360=DEGENERATE_TOROIDAL_SURFACE('',#8350,0.100000000000001,0.4,.T.);
#8370=CARTESIAN_POINT('',(-3.64490900000002,4.1924895171738,
-0.0129869408452293));
#8380=DIRECTION('',(0.,0.,1.));
#8390=DIRECTION('',(1.,0.,0.));
#8400=AXIS2_PLACEMENT_3D('',#8370,#8380,#8390);
#8410=CIRCLE('',#8400,0.5);
#8420=CARTESIAN_POINT('',(-3.14490900000001,4.1924895171738,
-0.0129869408452292));
#8430=VERTEX_POINT('',#8420);
#8440=EDGE_CURVE('',#8430,#8200,#8410,.T.);
#8450=ORIENTED_EDGE('',*,*,#8440,.F.);
#8460=ORIENTED_EDGE('',*,*,#8210,.T.);
#8470=CARTESIAN_POINT('',(-3.64490900000002,4.1924895171738,
-0.412986940845229));
#8480=DIRECTION('',(0.,0.,1.));
#8490=DIRECTION('',(1.,0.,0.));
#8500=AXIS2_PLACEMENT_3D('',#8470,#8480,#8490);
#8510=CIRCLE('',#8500,0.100000000000001);
#8520=CARTESIAN_POINT('',(-3.54490900000002,4.1924895171738,
-0.412986940845229));
#8530=VERTEX_POINT('',#8520);
#8540=EDGE_CURVE('',#8530,#8110,#8510,.T.);
#8550=ORIENTED_EDGE('',*,*,#8540,.T.);
#8560=CARTESIAN_POINT('',(-3.54490900000002,4.1924895171738,
-0.0129869408452293));
#8570=DIRECTION('',(0.,-1.,0.));
#8580=DIRECTION('',(-1.,0.,0.));
#8590=AXIS2_PLACEMENT_3D('',#8560,#8570,#8580);
#8600=CIRCLE('',#8590,0.4);
#8610=EDGE_CURVE('',#8530,#8430,#8600,.T.);
#8620=ORIENTED_EDGE('',*,*,#8610,.F.);
#8630=EDGE_LOOP('',(#8620,#8550,#8460,#8450));
#8640=FACE_OUTER_BOUND('',#8630,.T.);
#8650=ADVANCED_FACE('',(#8640),#8360,.T.);
#8660=CARTESIAN_POINT('',(3.85509099999999,2.46972911890927,
6.37058383314608));
#8670=DIRECTION('',(1.,0.,0.));
#8680=DIRECTION('',(0.,1.,0.));
#8690=AXIS2_PLACEMENT_3D('',#8660,#8670,#8680);
#8700=PLANE('',#8690);
#8710=CARTESIAN_POINT('',(3.85509099999999,-3.5527136788005E-15,
6.53701305915477));
#8720=DIRECTION('',(0.,1.,0.));
#8730=VECTOR('',#8720,1.);
#8740=LINE('',#8710,#8730);
#8750=CARTESIAN_POINT('',(3.85509099999999,1.999177,6.53701305915477));
#8760=VERTEX_POINT('',#8750);
#8770=CARTESIAN_POINT('',(3.85509099999999,3.499177,6.53701305915477));
#8780=VERTEX_POINT('',#8770);
#8790=EDGE_CURVE('',#8760,#8780,#8740,.T.);
#8800=ORIENTED_EDGE('',*,*,#8790,.F.);
#8810=CARTESIAN_POINT('',(3.85509099999999,3.499177,-0.0129869408452308)
);
#8820=DIRECTION('',(0.,0.,-1.));
#8830=VECTOR('',#8820,1.);
#8840=LINE('',#8810,#8830);
#8850=CARTESIAN_POINT('',(3.85509099999999,3.499177,5.63701305915477));
#8860=VERTEX_POINT('',#8850);
#8870=EDGE_CURVE('',#8780,#8860,#8840,.T.);
#8880=ORIENTED_EDGE('',*,*,#8870,.F.);
#8890=CARTESIAN_POINT('',(3.85509099999999,-3.5527136788005E-15,
5.63701305915477));
#8900=DIRECTION('',(0.,1.,0.));
#8910=VECTOR('',#8900,1.);
#8920=LINE('',#8890,#8910);
#8930=CARTESIAN_POINT('',(3.85509099999999,1.999177,5.63701305915477));
#8940=VERTEX_POINT('',#8930);
#8950=EDGE_CURVE('',#8940,#8860,#8920,.T.);
#8960=ORIENTED_EDGE('',*,*,#8950,.T.);
#8970=CARTESIAN_POINT('',(3.85509099999999,1.999177,-0.0129869408452308)
);
#8980=DIRECTION('',(0.,0.,1.));
#8990=VECTOR('',#8980,1.);
#9000=LINE('',#8970,#8990);
#9010=EDGE_CURVE('',#8940,#8760,#9000,.T.);
#9020=ORIENTED_EDGE('',*,*,#9010,.F.);
#9030=EDGE_LOOP('',(#9020,#8960,#8880,#8800));
#9040=FACE_OUTER_BOUND('',#9030,.T.);
#9050=ADVANCED_FACE('',(#9040),#8700,.T.);
#9060=CARTESIAN_POINT('',(1.85509099999998,1.499177,5.63701305915477));
#9070=DIRECTION('',(0.,-0.,1.));
#9080=DIRECTION('',(0.,1.,0.));
#9090=AXIS2_PLACEMENT_3D('',#9060,#9070,#9080);
#9100=PLANE('',#9090);
#9110=CARTESIAN_POINT('',(-0.094909000000017,0.,5.63701305915477));
#9120=DIRECTION('',(0.,1.,0.));
#9130=VECTOR('',#9120,1.);
#9140=LINE('',#9110,#9130);
#9150=CARTESIAN_POINT('',(-0.094909000000017,1.499177,5.63701305915477))
;
#9160=VERTEX_POINT('',#9150);
#9170=CARTESIAN_POINT('',(-0.094909000000017,1.999177,5.63701305915477))
;
#9180=VERTEX_POINT('',#9170);
#9190=EDGE_CURVE('',#9160,#9180,#9140,.T.);
#9200=ORIENTED_EDGE('',*,*,#9190,.T.);
#9210=CARTESIAN_POINT('',(0.,1.499177,5.63701305915477));
#9220=DIRECTION('',(-1.,9.65529606993524E-33,0.));
#9230=VECTOR('',#9220,1.);
#9240=LINE('',#9210,#9230);
#9250=CARTESIAN_POINT('',(1.55509099999999,1.499177,5.63701305915477));
#9260=VERTEX_POINT('',#9250);
#9270=EDGE_CURVE('',#9260,#9160,#9240,.T.);
#9280=ORIENTED_EDGE('',*,*,#9270,.T.);
#9290=CARTESIAN_POINT('',(-1.4210854715202E-14,1.499177,5.63701305915477
));
#9300=DIRECTION('',(-1.,0.,0.));
#9310=VECTOR('',#9300,1.);
#9320=LINE('',#9290,#9310);
#9330=CARTESIAN_POINT('',(3.35509099999999,1.499177,5.63701305915477));
#9340=VERTEX_POINT('',#9330);
#9350=EDGE_CURVE('',#9340,#9260,#9320,.T.);
#9360=ORIENTED_EDGE('',*,*,#9350,.T.);
#9370=CARTESIAN_POINT('',(1.85591399999999,-3.5527136788005E-15,
5.63701305915477));
#9380=DIRECTION('',(0.707106781186548,0.707106781186548,0.));
#9390=VECTOR('',#9380,1.);
#9400=LINE('',#9370,#9390);
#9410=EDGE_CURVE('',#9340,#8940,#9400,.T.);
#9420=ORIENTED_EDGE('',*,*,#9410,.F.);
#9430=ORIENTED_EDGE('',*,*,#8950,.F.);
#9440=CARTESIAN_POINT('',(-1.4210854715202E-14,3.499177,5.63701305915477
));
#9450=DIRECTION('',(-1.,0.,0.));
#9460=VECTOR('',#9450,1.);
#9470=LINE('',#9440,#9460);
#9480=CARTESIAN_POINT('',(0.105090999999985,3.499177,5.63701305915477));
#9490=VERTEX_POINT('',#9480);
#9500=EDGE_CURVE('',#8860,#9490,#9470,.T.);
#9510=ORIENTED_EDGE('',*,*,#9500,.F.);
#9520=CARTESIAN_POINT('',(0.105090999999985,0.,5.63701305915477));
#9530=DIRECTION('',(0.,1.,0.));
#9540=VECTOR('',#9530,1.);
#9550=LINE('',#9520,#9540);
#9560=CARTESIAN_POINT('',(0.105090999999985,1.999177,5.63701305915477));
#9570=VERTEX_POINT('',#9560);
#9580=EDGE_CURVE('',#9570,#9490,#9550,.T.);
#9590=ORIENTED_EDGE('',*,*,#9580,.T.);
#9600=CARTESIAN_POINT('',(0.,1.999177,5.63701305915477));
#9610=DIRECTION('',(-1.,0.,0.));
#9620=VECTOR('',#9610,1.);
#9630=LINE('',#9600,#9620);
#9640=EDGE_CURVE('',#9570,#9180,#9630,.T.);
#9650=ORIENTED_EDGE('',*,*,#9640,.F.);
#9660=EDGE_LOOP('',(#9650,#9590,#9510,#9430,#9420,#9360,#9280,#9200));
#9670=FACE_OUTER_BOUND('',#9660,.T.);
#9680=ADVANCED_FACE('',(#9670),#9100,.F.);
#9690=CARTESIAN_POINT('',(-0.094909000000017,-0.405776213962085,
0.639578049438422));
#9700=DIRECTION('',(1.,0.,0.));
#9710=DIRECTION('',(0.,1.,0.));
#9720=AXIS2_PLACEMENT_3D('',#9690,#9700,#9710);
#9730=PLANE('',#9720);
#9740=CARTESIAN_POINT('',(-0.094909000000017,0.,2.23701305915477));
#9750=DIRECTION('',(0.,-1.,0.));
#9760=VECTOR('',#9750,1.);
#9770=LINE('',#9740,#9760);
#9780=CARTESIAN_POINT('',(-0.094909000000017,1.999177,2.23701305915477))
;
#9790=VERTEX_POINT('',#9780);
#9800=CARTESIAN_POINT('',(-0.0949090000000155,1.499177,2.23701305915477)
);
#9810=VERTEX_POINT('',#9800);
#9820=EDGE_CURVE('',#9790,#9810,#9770,.T.);
#9830=ORIENTED_EDGE('',*,*,#9820,.F.);
#9840=CARTESIAN_POINT('',(-0.094909000000017,1.499177,0.));
#9850=DIRECTION('',(0.,-1.22460635382238E-16,1.));
#9860=VECTOR('',#9850,1.);
#9870=LINE('',#9840,#9860);
#9880=EDGE_CURVE('',#9810,#9160,#9870,.T.);
#9890=ORIENTED_EDGE('',*,*,#9880,.F.);
#9900=ORIENTED_EDGE('',*,*,#9190,.F.);
#9910=CARTESIAN_POINT('',(-0.094909000000017,1.999177,0.));
#9920=DIRECTION('',(0.,0.,1.));
#9930=VECTOR('',#9920,1.);
#9940=LINE('',#9910,#9930);
#9950=EDGE_CURVE('',#9790,#9180,#9940,.T.);
#9960=ORIENTED_EDGE('',*,*,#9950,.T.);
#9970=EDGE_LOOP('',(#9960,#9900,#9890,#9830));
#9980=FACE_OUTER_BOUND('',#9970,.T.);
#9990=ADVANCED_FACE('',(#9980),#9730,.T.);
#10000=CARTESIAN_POINT('',(3.60509099999999,1.749177,6.09951305915477));
#10010=DIRECTION('',(0.707106781186548,-0.707106781186548,0.));
#10020=DIRECTION('',(-0.707106781186547,-0.707106781186547,0.));
#10030=AXIS2_PLACEMENT_3D('',#10000,#10010,#10020);
#10040=PLANE('',#10030);
#10050=ORIENTED_EDGE('',*,*,#9410,.T.);
#10060=CARTESIAN_POINT('',(3.35509099999999,1.499177,-0.0129869408452308
));
#10070=DIRECTION('',(0.,0.,1.));
#10080=VECTOR('',#10070,1.);
#10090=LINE('',#10060,#10080);
#10100=CARTESIAN_POINT('',(3.35509099999999,1.499177,6.53701305915477));
#10110=VERTEX_POINT('',#10100);
#10120=EDGE_CURVE('',#9340,#10110,#10090,.T.);
#10130=ORIENTED_EDGE('',*,*,#10120,.F.);
#10140=CARTESIAN_POINT('',(1.85591399999999,-3.5527136788005E-15,
6.53701305915477));
#10150=DIRECTION('',(0.707106781186548,0.707106781186548,0.));
#10160=VECTOR('',#10150,1.);
#10170=LINE('',#10140,#10160);
#10180=EDGE_CURVE('',#10110,#8760,#10170,.T.);
#10190=ORIENTED_EDGE('',*,*,#10180,.F.);
#10200=ORIENTED_EDGE('',*,*,#9010,.T.);
#10210=EDGE_LOOP('',(#10200,#10190,#10130,#10050));
#10220=FACE_OUTER_BOUND('',#10210,.T.);
#10230=ADVANCED_FACE('',(#10220),#10040,.T.);
#10240=CARTESIAN_POINT('',(1.85509099999999,1.499177,6.53701305915477));
#10250=DIRECTION('',(0.,-0.,1.));
#10260=DIRECTION('',(0.,1.,0.));
#10270=AXIS2_PLACEMENT_3D('',#10240,#10250,#10260);
#10280=PLANE('',#10270);
#10290=CARTESIAN_POINT('',(2.15509099999999,3.099177,6.53701305915477));
#10300=CARTESIAN_POINT('',(2.15509099999999,3.19173706121163,
6.53701305915477));
#10310=CARTESIAN_POINT('',(2.13211502448468,3.29024907345418,
6.537013059155));
#10320=CARTESIAN_POINT('',(2.08839505509037,3.38248105509007,
6.53701305915431));
#10330=CARTESIAN_POINT('',(2.026163073454,3.45620102448488,
6.53701305915506));
#10340=CARTESIAN_POINT('',(1.94765106121162,3.499177,6.53701305915477));
#10350=CARTESIAN_POINT('',(1.85509099999999,3.499177,6.53701305915477));
#10360=CARTESIAN_POINT('',(1.76253093878835,3.499177,6.53701305915477));
#10370=CARTESIAN_POINT('',(1.66401892654609,3.49917700000004,
6.55998903467038));
#10380=CARTESIAN_POINT('',(1.57178694490939,3.49917699999988,
6.6037090040638));
#10390=CARTESIAN_POINT('',(1.49806697551541,3.49917700000008,
6.66594098570112));
#10400=CARTESIAN_POINT('',(1.45509099999998,3.49917699999999,
6.74445299794313));
#10410=CARTESIAN_POINT('',(1.45509099999998,3.49917699999999,
6.83701305915477));
#10420=B_SPLINE_CURVE_WITH_KNOTS('',6,(#10290,#10300,#10310,#10320,
#10330,#10340,#10350,#10360,#10370,#10380,#10390,#10400,#10410),
.UNSPECIFIED.,.F.,.F.,(7,6,7),(0.,0.5,1.),.UNSPECIFIED.);
#10430=CARTESIAN_POINT('',(2.15509099999999,3.099177,6.53701305915477));
#10440=VERTEX_POINT('',#10430);
#10450=CARTESIAN_POINT('',(1.85509099999999,3.499177,6.53701305915477));
#10460=VERTEX_POINT('',#10450);
#10470=EDGE_CURVE('',#10440,#10460,#10420,.T.);
#10480=ORIENTED_EDGE('',*,*,#10470,.F.);
#10490=CARTESIAN_POINT('',(-1.4210854715202E-14,3.499177,
6.53701305915477));
#10500=DIRECTION('',(1.,0.,0.));
#10510=VECTOR('',#10500,1.);
#10520=LINE('',#10490,#10510);
#10530=EDGE_CURVE('',#10460,#8780,#10520,.T.);
#10540=ORIENTED_EDGE('',*,*,#10530,.F.);
#10550=ORIENTED_EDGE('',*,*,#8790,.T.);
#10560=ORIENTED_EDGE('',*,*,#10180,.T.);
#10570=CARTESIAN_POINT('',(-1.4210854715202E-14,1.499177,
6.53701305915477));
#10580=DIRECTION('',(1.,0.,0.));
#10590=VECTOR('',#10580,1.);
#10600=LINE('',#10570,#10590);
#10610=CARTESIAN_POINT('',(2.15509099999999,1.499177,6.53701305915477));
#10620=VERTEX_POINT('',#10610);
#10630=EDGE_CURVE('',#10620,#10110,#10600,.T.);
#10640=ORIENTED_EDGE('',*,*,#10630,.T.);
#10650=CARTESIAN_POINT('',(2.15509099999999,0.,6.53701305915477));
#10660=DIRECTION('',(0.,-1.,0.));
#10670=VECTOR('',#10660,1.);
#10680=LINE('',#10650,#10670);
#10690=EDGE_CURVE('',#10440,#10620,#10680,.T.);
#10700=ORIENTED_EDGE('',*,*,#10690,.T.);
#10710=EDGE_LOOP('',(#10700,#10640,#10560,#10550,#10540,#10480));
#10720=FACE_OUTER_BOUND('',#10710,.T.);
#10730=ADVANCED_FACE('',(#10720),#10280,.T.);
#10740=CARTESIAN_POINT('',(-18.644909,-4.575823,3.93701305915477));
#10750=DIRECTION('',(1.,-9.65529606993524E-33,-1.18239369152789E-48));
#10760=DIRECTION('',(0.,-1.22460635382238E-16,1.));
#10770=AXIS2_PLACEMENT_3D('',#10740,#10750,#10760);
#10780=PLANE('',#10770);
#10790=CARTESIAN_POINT('',(-18.644909,-1.650823,3.93701305915477));
#10800=DIRECTION('',(-1.,0.,0.));
#10810=DIRECTION('',(0.,1.,0.));
#10820=AXIS2_PLACEMENT_3D('',#10790,#10800,#10810);
#10830=CIRCLE('',#10820,2.7);
#10840=CARTESIAN_POINT('',(-18.644909,1.049177,3.93701305915477));
#10850=VERTEX_POINT('',#10840);
#10860=CARTESIAN_POINT('',(-18.644909,-4.350823,3.93701305915477));
#10870=VERTEX_POINT('',#10860);
#10880=EDGE_CURVE('',#10850,#10870,#10830,.T.);
#10890=ORIENTED_EDGE('',*,*,#10880,.T.);
#10900=EDGE_CURVE('',#10870,#10850,#10830,.T.);
#10910=ORIENTED_EDGE('',*,*,#10900,.T.);
#10920=EDGE_LOOP('',(#10910,#10890));
#10930=FACE_OUTER_BOUND('',#10920,.T.);
#10940=CARTESIAN_POINT('',(-18.644909,-1.650823,3.93701305915477));
#10950=DIRECTION('',(-1.,9.65529606993524E-33,0.));
#10960=DIRECTION('',(-1.18239369152789E-48,-1.22460635382238E-16,1.));
#10970=AXIS2_PLACEMENT_3D('',#10940,#10950,#10960);
#10980=CIRCLE('',#10970,2.2);
#10990=CARTESIAN_POINT('',(-18.644909,-1.650823,6.13701305915477));
#11000=VERTEX_POINT('',#10990);
#11010=CARTESIAN_POINT('',(-18.644909,-1.650823,1.73701305915477));
#11020=VERTEX_POINT('',#11010);
#11030=EDGE_CURVE('',#11000,#11020,#10980,.T.);
#11040=ORIENTED_EDGE('',*,*,#11030,.F.);
#11050=EDGE_CURVE('',#11020,#11000,#10980,.T.);
#11060=ORIENTED_EDGE('',*,*,#11050,.F.);
#11070=EDGE_LOOP('',(#11060,#11040));
#11080=FACE_BOUND('',#11070,.T.);
#11090=ADVANCED_FACE('',(#10930,#11080),#10780,.F.);
#11100=CARTESIAN_POINT('',(-8.59490900000001,3.499177,0.83701305915477))
;
#11110=DIRECTION('',(0.,0.,-1.));
#11120=DIRECTION('',(0.,1.,0.));
#11130=AXIS2_PLACEMENT_3D('',#11100,#11110,#11120);
#11140=PLANE('',#11130);
#11150=CARTESIAN_POINT('',(0.,3.299177,0.83701305915477));
#11160=DIRECTION('',(-1.,0.,0.));
#11170=VECTOR('',#11160,1.);
#11180=LINE('',#11150,#11170);
#11190=CARTESIAN_POINT('',(-0.394909000000015,3.299177,0.83701305915477)
);
#11200=VERTEX_POINT('',#11190);
#11210=CARTESIAN_POINT('',(-3.54490900000002,3.299177,0.83701305915477))
;
#11220=VERTEX_POINT('',#11210);
#11230=EDGE_CURVE('',#11200,#11220,#11180,.T.);
#11240=ORIENTED_EDGE('',*,*,#11230,.T.);
#11250=CARTESIAN_POINT('',(-0.394909000000015,-3.5527136788005E-15,
0.83701305915477));
#11260=DIRECTION('',(0.,1.,0.));
#11270=VECTOR('',#11260,1.);
#11280=LINE('',#11250,#11270);
#11290=CARTESIAN_POINT('',(-0.394909000000015,2.299177,0.83701305915477)
);
#11300=VERTEX_POINT('',#11290);
#11310=EDGE_CURVE('',#11300,#11200,#11280,.T.);
#11320=ORIENTED_EDGE('',*,*,#11310,.T.);
#11330=CARTESIAN_POINT('',(0.,2.299177,0.83701305915477));
#11340=DIRECTION('',(-1.,0.,0.));
#11350=VECTOR('',#11340,1.);
#11360=LINE('',#11330,#11350);
#11370=CARTESIAN_POINT('',(-6.19490900000002,2.299177,0.83701305915477))
;
#11380=VERTEX_POINT('',#11370);
#11390=EDGE_CURVE('',#11300,#11380,#11360,.T.);
#11400=ORIENTED_EDGE('',*,*,#11390,.F.);
#11410=CARTESIAN_POINT('',(-6.19490900000002,-3.5527136788005E-15,
0.83701305915477));
#11420=DIRECTION('',(0.,-1.,0.));
#11430=VECTOR('',#11420,1.);
#11440=LINE('',#11410,#11430);
#11450=CARTESIAN_POINT('',(-6.19490900000002,2.499177,0.83701305915477))
;
#11460=VERTEX_POINT('',#11450);
#11470=EDGE_CURVE('',#11460,#11380,#11440,.T.);
#11480=ORIENTED_EDGE('',*,*,#11470,.T.);
#11490=CARTESIAN_POINT('',(-6.49490900000001,2.499177,0.83701305915477))
;
#11500=DIRECTION('',(0.,1.22460635382238E-16,-1.));
#11510=DIRECTION('',(0.,-1.,-1.22460635382238E-16));
#11520=AXIS2_PLACEMENT_3D('',#11490,#11500,#11510);
#11530=CIRCLE('',#11520,0.3);
#11540=CARTESIAN_POINT('',(-6.49490900000001,2.799177,0.83701305915477))
;
#11550=VERTEX_POINT('',#11540);
#11560=EDGE_CURVE('',#11550,#11460,#11530,.T.);
#11570=ORIENTED_EDGE('',*,*,#11560,.T.);
#11580=CARTESIAN_POINT('',(0.,2.799177,0.83701305915477));
#11590=DIRECTION('',(-1.,0.,0.));
#11600=VECTOR('',#11590,1.);
#11610=LINE('',#11580,#11600);
#11620=CARTESIAN_POINT('',(-7.04490900000002,2.799177,0.83701305915477))
;
#11630=VERTEX_POINT('',#11620);
#11640=EDGE_CURVE('',#11550,#11630,#11610,.T.);
#11650=ORIENTED_EDGE('',*,*,#11640,.F.);
#11660=CARTESIAN_POINT('',(-7.04490900000002,3.099177,0.83701305915477))
;
#11670=DIRECTION('',(0.,1.22460635382238E-16,-1.));
#11680=DIRECTION('',(0.,-1.,-1.22460635382238E-16));
#11690=AXIS2_PLACEMENT_3D('',#11660,#11670,#11680);
#11700=CIRCLE('',#11690,0.3);
#11710=CARTESIAN_POINT('',(-7.34490900000002,3.099177,0.83701305915477))
;
#11720=VERTEX_POINT('',#11710);
#11730=EDGE_CURVE('',#11630,#11720,#11700,.T.);
#11740=ORIENTED_EDGE('',*,*,#11730,.F.);
#11750=CARTESIAN_POINT('',(-7.34490900000002,0.,0.83701305915477));
#11760=DIRECTION('',(0.,1.,0.));
#11770=VECTOR('',#11760,1.);
#11780=LINE('',#11750,#11770);
#11790=CARTESIAN_POINT('',(-7.34490900000002,5.199177,0.83701305915477))
;
#11800=VERTEX_POINT('',#11790);
#11810=EDGE_CURVE('',#11720,#11800,#11780,.T.);
#11820=ORIENTED_EDGE('',*,*,#11810,.F.);
#11830=CARTESIAN_POINT('',(-8.14490900000002,5.199177,0.83701305915477))
;
#11840=DIRECTION('',(0.,0.,1.));
#11850=DIRECTION('',(1.,0.,0.));
#11860=AXIS2_PLACEMENT_3D('',#11830,#11840,#11850);
#11870=CIRCLE('',#11860,0.8);
#11880=CARTESIAN_POINT('',(-7.45208867697246,5.599177,0.83701305915477))
;
#11890=VERTEX_POINT('',#11880);
#11900=EDGE_CURVE('',#11800,#11890,#11870,.T.);
#11910=ORIENTED_EDGE('',*,*,#11900,.F.);
#11920=CARTESIAN_POINT('',(0.,5.599177,0.83701305915477));
#11930=DIRECTION('',(-1.,0.,0.));
#11940=VECTOR('',#11930,1.);
#11950=LINE('',#11920,#11940);
#11960=CARTESIAN_POINT('',(-6.33454643244974,5.599177,0.83701305915477))
;
#11970=VERTEX_POINT('',#11960);
#11980=EDGE_CURVE('',#11970,#11890,#11950,.T.);
#11990=ORIENTED_EDGE('',*,*,#11980,.T.);
#12000=CARTESIAN_POINT('',(-6.33454643244974,4.999177,0.83701305915477))
;
#12010=DIRECTION('',(0.,0.,1.));
#12020=DIRECTION('',(1.,0.,0.));
#12030=AXIS2_PLACEMENT_3D('',#12000,#12010,#12020);
#12040=CIRCLE('',#12030,0.6);
#12050=CARTESIAN_POINT('',(-6.06259842662393,5.53400807812408,
0.83701305915477));
#12060=VERTEX_POINT('',#12050);
#12070=EDGE_CURVE('',#12060,#11970,#12040,.T.);
#12080=ORIENTED_EDGE('',*,*,#12070,.T.);
#12090=CARTESIAN_POINT('',(0.,2.45133091204411,0.83701305915477));
#12100=DIRECTION('',(0.891385130206804,-0.453246676376341,0.));
#12110=VECTOR('',#12100,1.);
#12120=LINE('',#12090,#12110);
#12130=CARTESIAN_POINT('',(-3.59958433236238,4.28162803019448,
0.83701305915477));
#12140=VERTEX_POINT('',#12130);
#12150=EDGE_CURVE('',#12060,#12140,#12120,.T.);
#12160=ORIENTED_EDGE('',*,*,#12150,.F.);
#12170=CARTESIAN_POINT('',(-3.64490900000002,4.1924895171738,
0.83701305915477));
#12180=DIRECTION('',(0.,0.,1.));
#12190=DIRECTION('',(1.,0.,0.));
#12200=AXIS2_PLACEMENT_3D('',#12170,#12180,#12190);
#12210=CIRCLE('',#12200,0.100000000000001);
#12220=CARTESIAN_POINT('',(-3.54490900000001,4.1924895171738,
0.83701305915477));
#12230=VERTEX_POINT('',#12220);
#12240=EDGE_CURVE('',#12230,#12140,#12210,.T.);
#12250=ORIENTED_EDGE('',*,*,#12240,.T.);
#12260=CARTESIAN_POINT('',(-3.54490900000002,0.,0.83701305915477));
#12270=DIRECTION('',(0.,1.,0.));
#12280=VECTOR('',#12270,1.);
#12290=LINE('',#12260,#12280);
#12300=EDGE_CURVE('',#11220,#12230,#12290,.T.);
#12310=ORIENTED_EDGE('',*,*,#12300,.T.);
#12320=EDGE_LOOP('',(#12310,#12250,#12160,#12080,#11990,#11910,#11820,
#11740,#11650,#11570,#11480,#11400,#11320,#11240));
#12330=FACE_OUTER_BOUND('',#12320,.T.);
#12340=ADVANCED_FACE('',(#12330),#11140,.F.);
#12350=CARTESIAN_POINT('',(1.55509099999999,-8.15082300000001,
2.01201305915477));
#12360=DIRECTION('',(1.,0.,0.));
#12370=DIRECTION('',(0.,-1.,0.));
#12380=AXIS2_PLACEMENT_3D('',#12350,#12360,#12370);
#12390=CONICAL_SURFACE('',#12380,0.7,0.785398163397448);
#12400=CARTESIAN_POINT('',(1.55509099999999,-8.15082300000001,
1.31201305915477));
#12410=DIRECTION('',(0.707106781186547,0.,-0.707106781186548));
#12420=VECTOR('',#12410,1.);
#12430=LINE('',#12400,#12420);
#12440=CARTESIAN_POINT('',(1.55509099999999,-8.15082300000001,
1.31201305915477));
#12450=VERTEX_POINT('',#12440);
#12460=CARTESIAN_POINT('',(1.85509099999999,-8.15082300000001,
1.01201305915477));
#12470=VERTEX_POINT('',#12460);
#12480=EDGE_CURVE('',#12450,#12470,#12430,.T.);
#12490=ORIENTED_EDGE('',*,*,#12480,.F.);
#12500=CARTESIAN_POINT('',(1.85509099999999,-8.15082300000001,
2.01201305915477));
#12510=DIRECTION('',(1.,1.0289117828006E-16,1.84889274661175E-32));
#12520=DIRECTION('',(1.0289117828006E-16,-1.,0.));
#12530=AXIS2_PLACEMENT_3D('',#12500,#12510,#12520);
#12540=CIRCLE('',#12530,1.);
#12550=CARTESIAN_POINT('',(1.85509099999999,-9.15082300000001,
2.01201305915477));
#12560=VERTEX_POINT('',#12550);
#12570=EDGE_CURVE('',#12560,#12470,#12540,.T.);
#12580=ORIENTED_EDGE('',*,*,#12570,.T.);
#12590=CARTESIAN_POINT('',(1.85509099999999,-9.15082300000001,
2.01201305915477));
#12600=DIRECTION('',(-0.707106781186546,0.707106781186549,
-1.04672830578918E-15));
#12610=VECTOR('',#12600,1.);
#12620=LINE('',#12590,#12610);
#12630=CARTESIAN_POINT('',(1.55509099999999,-8.85082300000001,
2.01201305915477));
#12640=VERTEX_POINT('',#12630);
#12650=EDGE_CURVE('',#12560,#12640,#12620,.T.);
#12660=ORIENTED_EDGE('',*,*,#12650,.F.);
#12670=CARTESIAN_POINT('',(1.55509099999999,-8.15082300000001,
2.01201305915477));
#12680=DIRECTION('',(1.,1.0289117828006E-16,1.84889274661175E-32));
#12690=DIRECTION('',(1.0289117828006E-16,-1.,0.));
#12700=AXIS2_PLACEMENT_3D('',#12670,#12680,#12690);
#12710=CIRCLE('',#12700,0.7);
#12720=EDGE_CURVE('',#12640,#12450,#12710,.T.);
#12730=ORIENTED_EDGE('',*,*,#12720,.F.);
#12740=EDGE_LOOP('',(#12730,#12660,#12580,#12490));
#12750=FACE_OUTER_BOUND('',#12740,.T.);
#12760=ADVANCED_FACE('',(#12750),#12390,.F.);
#12770=CARTESIAN_POINT('',(-6.19490900000002,3.499177,0.837013059154769)
);
#12780=DIRECTION('',(-1.,-0.,-0.));
#12790=DIRECTION('',(0.,0.,-1.));
#12800=AXIS2_PLACEMENT_3D('',#12770,#12780,#12790);
#12810=PLANE('',#12800);
#12820=ORIENTED_EDGE('',*,*,#11470,.F.);
#12830=CARTESIAN_POINT('',(-6.19490900000002,2.299177,1.13701305915477))
;
#12840=DIRECTION('',(-1.,0.,0.));
#12850=DIRECTION('',(0.,1.,0.));
#12860=AXIS2_PLACEMENT_3D('',#12830,#12840,#12850);
#12870=CIRCLE('',#12860,0.3);
#12880=CARTESIAN_POINT('',(-6.19490900000002,1.999177,1.13701305915477))
;
#12890=VERTEX_POINT('',#12880);
#12900=EDGE_CURVE('',#11380,#12890,#12870,.T.);
#12910=ORIENTED_EDGE('',*,*,#12900,.F.);
#12920=CARTESIAN_POINT('',(-6.19490900000002,1.999177,0.));
#12930=DIRECTION('',(0.,1.22460635382238E-16,-1.));
#12940=VECTOR('',#12930,1.);
#12950=LINE('',#12920,#12940);
#12960=CARTESIAN_POINT('',(-6.19490900000002,1.999177,6.73701305915477))
;
#12970=VERTEX_POINT('',#12960);
#12980=EDGE_CURVE('',#12970,#12890,#12950,.T.);
#12990=ORIENTED_EDGE('',*,*,#12980,.T.);
#13000=CARTESIAN_POINT('',(-6.19490900000002,2.299177,6.73701305915477))
;
#13010=DIRECTION('',(1.,0.,0.));
#13020=DIRECTION('',(0.,-1.,0.));
#13030=AXIS2_PLACEMENT_3D('',#13000,#13010,#13020);
#13040=CIRCLE('',#13030,0.3);
#13050=CARTESIAN_POINT('',(-6.19490900000002,2.299177,7.03701305915477))
;
#13060=VERTEX_POINT('',#13050);
#13070=EDGE_CURVE('',#13060,#12970,#13040,.T.);
#13080=ORIENTED_EDGE('',*,*,#13070,.T.);
#13090=CARTESIAN_POINT('',(-6.19490900000002,-3.5527136788005E-15,
7.03701305915477));
#13100=DIRECTION('',(0.,1.,0.));
#13110=VECTOR('',#13100,1.);
#13120=LINE('',#13090,#13110);
#13130=CARTESIAN_POINT('',(-6.19490900000002,2.499177,7.03701305915477))
;
#13140=VERTEX_POINT('',#13130);
#13150=EDGE_CURVE('',#13060,#13140,#13120,.T.);
#13160=ORIENTED_EDGE('',*,*,#13150,.F.);
#13170=CARTESIAN_POINT('',(-6.19490900000002,2.499177,0.));
#13180=DIRECTION('',(0.,1.22460635382238E-16,-1.));
#13190=VECTOR('',#13180,1.);
#13200=LINE('',#13170,#13190);
#13210=EDGE_CURVE('',#13140,#11460,#13200,.T.);
#13220=ORIENTED_EDGE('',*,*,#13210,.F.);
#13230=EDGE_LOOP('',(#13220,#13160,#13080,#12990,#12910,#12820));
#13240=FACE_OUTER_BOUND('',#13230,.T.);
#13250=ADVANCED_FACE('',(#13240),#12810,.F.);
#13260=CARTESIAN_POINT('',(-0.394909000000015,3.299177,1.13701305915477)
);
#13270=DIRECTION('',(0.,1.,0.));
#13280=DIRECTION('',(1.,0.,0.));
#13290=AXIS2_PLACEMENT_3D('',#13260,#13270,#13280);
#13300=TOROIDAL_SURFACE('',#13290,0.5,0.2);
#13310=CARTESIAN_POINT('',(-0.394909000000015,3.299177,0.63701305915477)
);
#13320=DIRECTION('',(-1.,0.,-1.11022302462516E-16));
#13330=DIRECTION('',(-1.11022302462516E-16,0.,1.));
#13340=AXIS2_PLACEMENT_3D('',#13310,#13320,#13330);
#13350=CIRCLE('',#13340,0.2);
#13360=CARTESIAN_POINT('',(-0.394909000000015,3.499177,0.63701305915477)
);
#13370=VERTEX_POINT('',#13360);
#13380=EDGE_CURVE('',#11200,#13370,#13350,.T.);
#13390=ORIENTED_EDGE('',*,*,#13380,.F.);
#13400=CARTESIAN_POINT('',(-0.394909000000015,3.499177,1.13701305915477)
);
#13410=DIRECTION('',(0.,1.,0.));
#13420=DIRECTION('',(1.,0.,0.));
#13430=AXIS2_PLACEMENT_3D('',#13400,#13410,#13420);
#13440=CIRCLE('',#13430,0.5);
#13450=CARTESIAN_POINT('',(0.105090999999985,3.499177,1.13701305915477))
;
#13460=VERTEX_POINT('',#13450);
#13470=EDGE_CURVE('',#13460,#13370,#13440,.T.);
#13480=ORIENTED_EDGE('',*,*,#13470,.T.);
#13490=CARTESIAN_POINT('',(0.105090999999985,3.299177,1.13701305915477))
;
#13500=DIRECTION('',(0.,0.,-1.));
#13510=DIRECTION('',(-1.,0.,0.));
#13520=AXIS2_PLACEMENT_3D('',#13490,#13500,#13510);
#13530=CIRCLE('',#13520,0.2);
#13540=CARTESIAN_POINT('',(-0.0949090000000155,3.299177,1.13701305915477
));
#13550=VERTEX_POINT('',#13540);
#13560=EDGE_CURVE('',#13550,#13460,#13530,.T.);
#13570=ORIENTED_EDGE('',*,*,#13560,.T.);
#13580=CARTESIAN_POINT('',(-0.394909000000015,3.299177,1.13701305915477)
);
#13590=DIRECTION('',(0.,1.,0.));
#13600=DIRECTION('',(1.,0.,0.));
#13610=AXIS2_PLACEMENT_3D('',#13580,#13590,#13600);
#13620=CIRCLE('',#13610,0.3);
#13630=EDGE_CURVE('',#13550,#11200,#13620,.T.);
#13640=ORIENTED_EDGE('',*,*,#13630,.F.);
#13650=EDGE_LOOP('',(#13640,#13570,#13480,#13390));
#13660=FACE_OUTER_BOUND('',#13650,.T.);
#13670=ADVANCED_FACE('',(#13660),#13300,.T.);
#13680=CARTESIAN_POINT('',(1.45509099999999,0.,-0.0129869408452308));
#13690=DIRECTION('',(0.,1.,0.));
#13700=DIRECTION('',(1.,0.,0.));
#13710=AXIS2_PLACEMENT_3D('',#13680,#13690,#13700);
#13720=CYLINDRICAL_SURFACE('',#13710,0.4);
#13730=CARTESIAN_POINT('',(1.85509099999999,0.,-0.0129869408452308));
#13740=DIRECTION('',(0.,1.,0.));
#13750=VECTOR('',#13740,1.);
#13760=LINE('',#13730,#13750);
#13770=CARTESIAN_POINT('',(1.85509099999999,-4.250823,
-0.0129869408452308));
#13780=VERTEX_POINT('',#13770);
#13790=CARTESIAN_POINT('',(1.85509099999999,3.099177,-0.0129869408452293
));
#13800=VERTEX_POINT('',#13790);
#13810=EDGE_CURVE('',#13780,#13800,#13760,.T.);
#13820=ORIENTED_EDGE('',*,*,#13810,.F.);
#13830=CARTESIAN_POINT('',(1.45509099999999,3.099177,-0.0129869408452293
));
#13840=DIRECTION('',(0.,-1.,0.));
#13850=DIRECTION('',(-1.,0.,0.));
#13860=AXIS2_PLACEMENT_3D('',#13830,#13840,#13850);
#13870=CIRCLE('',#13860,0.4);
#13880=EDGE_CURVE('',#1030,#13800,#13870,.T.);
#13890=ORIENTED_EDGE('',*,*,#13880,.T.);
#13900=CARTESIAN_POINT('',(1.45509099999999,0.,-0.412986940845231));
#13910=DIRECTION('',(0.,1.,0.));
#13920=VECTOR('',#13910,1.);
#13930=LINE('',#13900,#13920);
#13940=EDGE_CURVE('',#7310,#1030,#13930,.T.);
#13950=ORIENTED_EDGE('',*,*,#13940,.T.);
#13960=CARTESIAN_POINT('',(1.45509099999999,-4.250823,
-0.0129869408452308));
#13970=DIRECTION('',(0.,1.,0.));
#13980=DIRECTION('',(1.,0.,0.));
#13990=AXIS2_PLACEMENT_3D('',#13960,#13970,#13980);
#14000=CIRCLE('',#13990,0.4);
#14010=EDGE_CURVE('',#13780,#7310,#14000,.T.);
#14020=ORIENTED_EDGE('',*,*,#14010,.T.);
#14030=EDGE_LOOP('',(#14020,#13950,#13890,#13820));
#14040=FACE_OUTER_BOUND('',#14030,.T.);
#14050=ADVANCED_FACE('',(#14040),#13720,.T.);
#14060=CARTESIAN_POINT('',(-1.4210854715202E-14,-10.5945961199944,
0.787013059154769));
#14070=DIRECTION('',(0.943800951583229,-0.330514392713223,0.));
#14080=DIRECTION('',(-0.330514392713223,-0.943800951583229,0.));
#14090=AXIS2_PLACEMENT_3D('',#14060,#14070,#14080);
#14100=CYLINDRICAL_SURFACE('',#14090,0.8);
#14110=CARTESIAN_POINT('',(-9.34490900000002,-3.5527136788005E-15,
0.487013059154769));
#14120=DIRECTION('',(0.,1.,0.));
#14130=DIRECTION('',(1.,0.,0.));
#14140=AXIS2_PLACEMENT_3D('',#14110,#14120,#14130);
#14150=CYLINDRICAL_SURFACE('',#14140,0.5);
#14160=CARTESIAN_POINT('',(-9.34490900000002,-7.3220555298264,
-0.0129869408452308));
#14170=CARTESIAN_POINT('',(-9.39094247419792,-7.36763031441338,
-0.0129869408452311));
#14180=CARTESIAN_POINT('',(-9.43730179106342,-7.41351949744199,
-0.00656619985393913));
#14190=CARTESIAN_POINT('',(-9.48223955227625,-7.45869141053656,
0.0062546386086324));
#14200=CARTESIAN_POINT('',(-9.52711865556755,-7.50380436006771,
0.0190587418419405));
#14210=CARTESIAN_POINT('',(-9.5706899120158,-7.54828382002166,
0.0382538744614556));
#14220=CARTESIAN_POINT('',(-9.61178679242422,-7.59183977000373,
0.0641936604618716));
#14230=CARTESIAN_POINT('',(-9.65287189535481,-7.63538323779177,
0.0901260126801716));
#14240=CARTESIAN_POINT('',(-9.69086338961865,-7.67732514778267,
0.122390554040248));
#14250=CARTESIAN_POINT('',(-9.7242929455442,-7.71740351770432,
0.161332507289138));
#14260=CARTESIAN_POINT('',(-9.75780117046291,-7.75757620311782,
0.200366101727055));
#14270=CARTESIAN_POINT('',(-9.78645797227935,-7.79561770063035,
0.246069328912246));
#14280=CARTESIAN_POINT('',(-9.80735197681268,-7.83004147471828,
0.296890748005754));
#14290=B_SPLINE_CURVE_WITH_KNOTS('',3,(#14160,#14170,#14180,#14190,
#14200,#14210,#14220,#14230,#14240,#14250,#14260,#14270,#14280),
.UNSPECIFIED.,.F.,.F.,(4,3,3,3,4),(0.,0.194998029463957,
0.389958687865393,0.584995394522468,0.780474625558651),.UNSPECIFIED.);
#14300=SURFACE_CURVE('',#14290,(#14150,#14100),.CURVE_3D.);
#14310=CARTESIAN_POINT('',(-9.34490900000002,-7.3220555298264,
-0.0129869408452308));
#14320=VERTEX_POINT('',#14310);
#14330=CARTESIAN_POINT('',(-9.80735197681256,-7.83004147471836,
0.296890748005751));
#14340=VERTEX_POINT('',#14330);
#14350=EDGE_CURVE('',#14320,#14340,#14300,.T.);
#14360=ORIENTED_EDGE('',*,*,#14350,.F.);
#14370=CARTESIAN_POINT('',(-9.34490900000002,-7.63991916356903,
-0.0129869408452308));
#14380=DIRECTION('',(0.,0.,-1.));
#14390=DIRECTION('',(-1.,0.,0.));
#14400=AXIS2_PLACEMENT_3D('',#14370,#14380,#14390);
#14410=CYLINDRICAL_SURFACE('',#14400,0.5);
#14420=CARTESIAN_POINT('',(-9.51016619635663,-8.11181963936065,
0.787013059154769));
#14430=CARTESIAN_POINT('',(-9.5416533551418,-8.10079299317356,
0.744813000491348));
#14440=CARTESIAN_POINT('',(-9.57215534124285,-8.08657217035534,
0.702459534031271));
#14450=CARTESIAN_POINT('',(-9.60114354189118,-8.06927259930393,
0.660376806398377));
#14460=CARTESIAN_POINT('',(-9.63015159326466,-8.05196118174179,
0.618265261086535));
#14470=CARTESIAN_POINT('',(-9.65756594116433,-8.03164118124071,
0.576556796527054));
#14480=CARTESIAN_POINT('',(-9.68308698118833,-8.0082066233602,
0.535282605352281));
#14490=CARTESIAN_POINT('',(-9.70862754968793,-7.98475413356189,
0.493976831529051));
#14500=CARTESIAN_POINT('',(-9.73228290243092,-7.95813495369242,
0.453069650021445));
#14510=CARTESIAN_POINT('',(-9.75324836234886,-7.92846545995244,
0.413198138876315));
#14520=CARTESIAN_POINT('',(-9.77420163604338,-7.89881321167625,
0.373349803141854));
#14530=CARTESIAN_POINT('',(-9.79249841400538,-7.8661704579992,
0.334546306895342));
#14540=CARTESIAN_POINT('',(-9.80735197681247,-7.83004147471885,
0.296890748005243));
#14550=B_SPLINE_CURVE_WITH_KNOTS('',3,(#14420,#14430,#14440,#14450,
#14460,#14470,#14480,#14490,#14500,#14510,#14520,#14530,#14540),
.UNSPECIFIED.,.F.,.F.,(4,3,3,3,4),(0.,0.161734763785153,
0.323382693164821,0.485346449781142,0.647224722788143),.UNSPECIFIED.);
#14560=SURFACE_CURVE('',#14550,(#14100,#14410),.CURVE_3D.);
#14570=CARTESIAN_POINT('',(-9.51016619635663,-8.11181963936065,
0.787013059154769));
#14580=VERTEX_POINT('',#14570);
#14590=EDGE_CURVE('',#14580,#14340,#14560,.T.);
#14600=ORIENTED_EDGE('',*,*,#14590,.T.);
#14610=CARTESIAN_POINT('',(-0.264411514170593,-11.349636881261,
0.787013059154769));
#14620=DIRECTION('',(0.943800951583229,-0.330514392713223,0.));
#14630=VECTOR('',#14620,1.);
#14640=LINE('',#14610,#14630);
#14650=CARTESIAN_POINT('',(-3.54490900000002,-10.200823,
0.787013059154769));
#14660=VERTEX_POINT('',#14650);
#14670=EDGE_CURVE('',#14580,#14660,#14640,.T.);
#14680=ORIENTED_EDGE('',*,*,#14670,.F.);
#14690=CARTESIAN_POINT('',(-3.40888091854692,-9.400823,0.787013059154769
));
#14700=DIRECTION('',(0.985850128463558,-0.167629126968989,0.));
#14710=DIRECTION('',(-0.167629126968989,-0.985850128463558,0.));
#14720=AXIS2_PLACEMENT_3D('',#14690,#14700,#14710);
#14730=ELLIPSE('',#14720,0.811482371308097,0.8);
#14740=CARTESIAN_POINT('',(-3.40888091854692,-9.400823,
-0.0129869408452308));
#14750=VERTEX_POINT('',#14740);
#14760=EDGE_CURVE('',#14660,#14750,#14730,.T.);
#14770=ORIENTED_EDGE('',*,*,#14760,.F.);
#14780=CARTESIAN_POINT('',(-1.4210854715202E-14,-10.5945961199944,
-0.0129869408452308));
#14790=DIRECTION('',(0.943800951583229,-0.330514392713223,0.));
#14800=VECTOR('',#14790,1.);
#14810=LINE('',#14780,#14800);
#14820=EDGE_CURVE('',#14320,#14750,#14810,.T.);
#14830=ORIENTED_EDGE('',*,*,#14820,.T.);
#14840=EDGE_LOOP('',(#14830,#14770,#14680,#14600,#14360));
#14850=FACE_OUTER_BOUND('',#14840,.T.);
#14860=ADVANCED_FACE('',(#14850),#14100,.T.);
#14870=CARTESIAN_POINT('',(-9.64490900000001,-4.900823,0.787013059154769
));
#14880=DIRECTION('',(-1.,0.,0.));
#14890=DIRECTION('',(0.,1.,0.));
#14900=AXIS2_PLACEMENT_3D('',#14870,#14880,#14890);
#14910=TOROIDAL_SURFACE('',#14900,0.9,0.3);
#14920=CARTESIAN_POINT('',(-9.64490900000002,-5.8755024344809,
0.0870130591547722));
#14930=CARTESIAN_POINT('',(-9.60235499675383,-5.8525812042652,
0.0550975567201285));
#14940=CARTESIAN_POINT('',(-9.55737553904834,-5.82220310436093,
0.0323395578672243));
#14950=CARTESIAN_POINT('',(-9.51676644382875,-5.78380201913117,
0.0174760329250584));
#14960=CARTESIAN_POINT('',(-9.47607082272322,-5.74531911262708,
0.00258083823854494));
#14970=CARTESIAN_POINT('',(-9.44043499891768,-5.69912195282806,
-0.00451668081925291));
#14980=CARTESIAN_POINT('',(-9.41373420363101,-5.64802745694245,
-0.00822737875913729));
#14990=CARTESIAN_POINT('',(-9.38704814290269,-5.59696115702715,
-0.0119360289886534));
#15000=CARTESIAN_POINT('',(-9.36929708945551,-5.54140826125415,
-0.0125013141592804));
#15010=CARTESIAN_POINT('',(-9.35884227678544,-5.48488929503535,
-0.0127927669416477));
#15020=CARTESIAN_POINT('',(-9.3483661906831,-5.42825532413524,
-0.0130848127715635));
#15030=CARTESIAN_POINT('',(-9.34490900000001,-5.37050432244643,
-0.0129869408452308));
#15040=CARTESIAN_POINT('',(-9.34490900000001,-5.31313356256177,
-0.0129869408452308));
#15050=B_SPLINE_CURVE_WITH_KNOTS('',3,(#14920,#14930,#14940,#14950,
#14960,#14970,#14980,#14990,#15000,#15010,#15020,#15030,#15040),
.UNSPECIFIED.,.F.,.F.,(4,3,3,3,4),(0.,0.173400386567677,
0.346815830020395,0.519667667199149,0.692228369956344),.UNSPECIFIED.);
#15060=SURFACE_CURVE('',#15050,(#14910,#14150),.CURVE_3D.);
#15070=CARTESIAN_POINT('',(-9.64490900000003,-5.8755024344809,
0.0870130591547706));
#15080=VERTEX_POINT('',#15070);
#15090=CARTESIAN_POINT('',(-9.34490900000001,-5.31313356256177,
-0.0129869408452308));
#15100=VERTEX_POINT('',#15090);
#15110=EDGE_CURVE('',#15080,#15100,#15060,.T.);
#15120=ORIENTED_EDGE('',*,*,#15110,.T.);
#15130=CARTESIAN_POINT('',(0.,-4.900823,0.787013059154769));
#15140=DIRECTION('',(-1.,0.,0.));
#15150=DIRECTION('',(0.,1.,0.));
#15160=AXIS2_PLACEMENT_3D('',#15130,#15140,#15150);
#15170=CYLINDRICAL_SURFACE('',#15160,1.2);
#15180=CARTESIAN_POINT('',(-9.84490900000002,-6.06271800386223,
0.487013059154769));
#15190=CARTESIAN_POINT('',(-9.84490900000002,-6.05232030670649,
0.446742951231681));
#15200=CARTESIAN_POINT('',(-9.84002966749093,-6.03978099955163,
0.406954683797742));
#15210=CARTESIAN_POINT('',(-9.83069878663898,-6.02553530133436,
0.368656465771598));
#15220=CARTESIAN_POINT('',(-9.82136044906225,-6.01127821874163,
0.330327641924178));
#15230=CARTESIAN_POINT('',(-9.80777839979219,-5.99557324215828,
0.29410302943939));
#15240=CARTESIAN_POINT('',(-9.79041834012047,-5.978917884381,
0.260029738478004));
#15250=CARTESIAN_POINT('',(-9.7730311765514,-5.96223652294268,
0.225903249601519));
#15260=CARTESIAN_POINT('',(-9.75179688557379,-5.94458477584488,
0.193960164439391));
#15270=CARTESIAN_POINT('',(-9.7273735587691,-5.92700271084678,
0.164955826220031));
#15280=CARTESIAN_POINT('',(-9.70297417264689,-5.90943788046372,
0.135979919166403));
#15290=CARTESIAN_POINT('',(-9.67546681110761,-5.89196205213974,
0.109931417485465));
#15300=CARTESIAN_POINT('',(-9.64490900000002,-5.8755024344809,
0.0870130591547722));
#15310=B_SPLINE_CURVE_WITH_KNOTS('',3,(#15180,#15190,#15200,#15210,
#15220,#15230,#15240,#15250,#15260,#15270,#15280,#15290,#15300),
.UNSPECIFIED.,.F.,.F.,(4,3,3,3,4),(0.,0.125188520640785,
0.250333984497778,0.375899157151442,0.500737359482524),.UNSPECIFIED.);
#15320=SURFACE_CURVE('',#15310,(#15170,#14150),.CURVE_3D.);
#15330=CARTESIAN_POINT('',(-9.84490900000002,-6.06271800386223,
0.487013059154769));
#15340=VERTEX_POINT('',#15330);
#15350=EDGE_CURVE('',#15340,#15080,#15320,.T.);
#15360=ORIENTED_EDGE('',*,*,#15350,.T.);
#15370=CARTESIAN_POINT('',(-9.84490900000002,-3.5527136788005E-15,
0.487013059154769));
#15380=DIRECTION('',(0.,1.,0.));
#15390=VECTOR('',#15380,1.);
#15400=LINE('',#15370,#15390);
#15410=CARTESIAN_POINT('',(-9.84490900000002,-7.63991916356903,
0.487013059154769));
#15420=VERTEX_POINT('',#15410);
#15430=EDGE_CURVE('',#15420,#15340,#15400,.T.);
#15440=ORIENTED_EDGE('',*,*,#15430,.T.);
#15450=CARTESIAN_POINT('',(-9.34490900000002,-7.63991916356903,
0.487013059154769));
#15460=DIRECTION('',(0.,0.707106781186548,-0.707106781186548));
#15470=DIRECTION('',(0.,0.707106781186548,0.707106781186548));
#15480=AXIS2_PLACEMENT_3D('',#15450,#15460,#15470);
#15490=ELLIPSE('',#15480,0.707106781186548,0.5);
#15500=EDGE_CURVE('',#14340,#15420,#15490,.T.);
#15510=ORIENTED_EDGE('',*,*,#15500,.T.);
#15520=ORIENTED_EDGE('',*,*,#14350,.T.);
#15530=CARTESIAN_POINT('',(-9.34490900000001,-3.5527136788005E-15,
-0.0129869408452308));
#15540=DIRECTION('',(0.,1.,0.));
#15550=VECTOR('',#15540,1.);
#15560=LINE('',#15530,#15550);
#15570=EDGE_CURVE('',#14320,#15100,#15560,.T.);
#15580=ORIENTED_EDGE('',*,*,#15570,.F.);
#15590=EDGE_LOOP('',(#15580,#15520,#15510,#15440,#15360,#15120));
#15600=FACE_OUTER_BOUND('',#15590,.T.);
#15610=ADVANCED_FACE('',(#15600),#14150,.T.);
#15620=CARTESIAN_POINT('',(0.,5.599177,7.43701305915477));
#15630=DIRECTION('',(1.,0.,0.));
#15640=DIRECTION('',(0.,-1.,0.));
#15650=AXIS2_PLACEMENT_3D('',#15620,#15630,#15640);
#15660=CYLINDRICAL_SURFACE('',#15650,0.4);
#15670=ORIENTED_EDGE('',*,*,#4640,.T.);
#15680=CARTESIAN_POINT('',(0.,5.999177,7.43701305915477));
#15690=DIRECTION('',(-1.,0.,0.));
#15700=VECTOR('',#15690,1.);
#15710=LINE('',#15680,#15700);
#15720=CARTESIAN_POINT('',(-8.14490900000002,5.999177,7.43701305915477))
;
#15730=VERTEX_POINT('',#15720);
#15740=EDGE_CURVE('',#4610,#15730,#15710,.T.);
#15750=ORIENTED_EDGE('',*,*,#15740,.F.);
#15760=CARTESIAN_POINT('',(-8.14490900000002,5.199177,0.));
#15770=DIRECTION('',(0.,0.,1.));
#15780=DIRECTION('',(1.,0.,0.));
#15790=AXIS2_PLACEMENT_3D('',#15760,#15770,#15780);
#15800=CYLINDRICAL_SURFACE('',#15790,0.8);
#15810=CARTESIAN_POINT('',(-8.14490900000002,5.999177,7.43701305915477))
;
#15820=CARTESIAN_POINT('',(-8.08099083567584,5.999177,7.39181609172015))
;
#15830=CARTESIAN_POINT('',(-8.01688457769401,5.99153585012773,
7.3464734824731));
#15840=CARTESIAN_POINT('',(-7.95378325568802,5.97601092682166,
7.30286317433864));
#15850=CARTESIAN_POINT('',(-7.89053936116308,5.96045092616138,
7.25915433211194));
#15860=CARTESIAN_POINT('',(-7.82828033772028,5.93706307586641,
7.2171125102995));
#15870=CARTESIAN_POINT('',(-7.76763610630653,5.90463087069821,
7.17875362974783));
#15880=CARTESIAN_POINT('',(-7.70696849848834,5.87218616395605,
7.14037996307908));
#15890=CARTESIAN_POINT('',(-7.64834873721324,5.83076405159853,
7.10592177137839));
#15900=CARTESIAN_POINT('',(-7.59464276535844,5.77987233407248,
7.08015286770092));
#15910=CARTESIAN_POINT('',(-7.54060354919695,5.72866483462244,
7.05422406857527));
#15920=CARTESIAN_POINT('',(-7.49159280124168,5.66760015034279,
7.03701305915477));
#15930=CARTESIAN_POINT('',(-7.45208867697246,5.59917699999999,
7.03701305915477));
#15940=B_SPLINE_CURVE_WITH_KNOTS('',3,(#15810,#15820,#15830,#15840,
#15850,#15860,#15870,#15880,#15890,#15900,#15910,#15920,#15930),
.UNSPECIFIED.,.F.,.F.,(4,3,3,3,4),(0.,0.235044227423759,
0.470392429071283,0.706245169841977,0.942299612751826),.UNSPECIFIED.);
#15950=SURFACE_CURVE('',#15940,(#15660,#15800),.CURVE_3D.);
#15960=CARTESIAN_POINT('',(-7.45208867697247,5.599177,7.03701305915477))
;
#15970=VERTEX_POINT('',#15960);
#15980=EDGE_CURVE('',#15730,#15970,#15950,.T.);
#15990=ORIENTED_EDGE('',*,*,#15980,.F.);
#16000=CARTESIAN_POINT('',(0.,5.599177,7.03701305915477));
#16010=DIRECTION('',(-1.,0.,0.));
#16020=VECTOR('',#16010,1.);
#16030=LINE('',#16000,#16020);
#16040=EDGE_CURVE('',#4630,#15970,#16030,.T.);
#16050=ORIENTED_EDGE('',*,*,#16040,.T.);
#16060=EDGE_LOOP('',(#16050,#15990,#15750,#15670));
#16070=FACE_OUTER_BOUND('',#16060,.T.);
#16080=ADVANCED_FACE('',(#16070),#15660,.T.);
#16090=CARTESIAN_POINT('',(-7.04490900000002,3.099177,0.));
#16100=DIRECTION('',(0.,1.22460635382238E-16,-1.));
#16110=DIRECTION('',(0.,-1.,-1.22460635382238E-16));
#16120=AXIS2_PLACEMENT_3D('',#16090,#16100,#16110);
#16130=CYLINDRICAL_SURFACE('',#16120,0.3);
#16140=ORIENTED_EDGE('',*,*,#11730,.T.);
#16150=CARTESIAN_POINT('',(-7.04490900000002,2.799177,
-3.67381906146713E-17));
#16160=DIRECTION('',(0.,-1.22460635382238E-16,1.));
#16170=VECTOR('',#16160,1.);
#16180=LINE('',#16150,#16170);
#16190=CARTESIAN_POINT('',(-7.04490900000002,2.799177,7.03701305915477))
;
#16200=VERTEX_POINT('',#16190);
#16210=EDGE_CURVE('',#11630,#16200,#16180,.T.);
#16220=ORIENTED_EDGE('',*,*,#16210,.F.);
#16230=CARTESIAN_POINT('',(-7.04490900000002,3.099177,7.03701305915477))
;
#16240=DIRECTION('',(0.,1.22460635382238E-16,-1.));
#16250=DIRECTION('',(0.,-1.,-1.22460635382238E-16));
#16260=AXIS2_PLACEMENT_3D('',#16230,#16240,#16250);
#16270=CIRCLE('',#16260,0.3);
#16280=CARTESIAN_POINT('',(-7.34490900000002,3.099177,7.03701305915477))
;
#16290=VERTEX_POINT('',#16280);
#16300=EDGE_CURVE('',#16200,#16290,#16270,.T.);
#16310=ORIENTED_EDGE('',*,*,#16300,.F.);
#16320=CARTESIAN_POINT('',(-7.34490900000002,3.099177,0.));
#16330=DIRECTION('',(0.,-1.22460635382238E-16,1.));
#16340=VECTOR('',#16330,1.);
#16350=LINE('',#16320,#16340);
#16360=EDGE_CURVE('',#11720,#16290,#16350,.T.);
#16370=ORIENTED_EDGE('',*,*,#16360,.T.);
#16380=EDGE_LOOP('',(#16370,#16310,#16220,#16140));
#16390=FACE_OUTER_BOUND('',#16380,.T.);
#16400=ADVANCED_FACE('',(#16390),#16130,.F.);
#16410=CARTESIAN_POINT('',(0.,2.45133091204411,7.43701305915477));
#16420=DIRECTION('',(0.891385130206804,-0.453246676376341,0.));
#16430=DIRECTION('',(-0.453246676376341,-0.891385130206804,0.));
#16440=AXIS2_PLACEMENT_3D('',#16410,#16420,#16430);
#16450=CYLINDRICAL_SURFACE('',#16440,0.4);
#16460=CARTESIAN_POINT('',(-3.59958433236238,4.28162803019448,
7.43701305915477));
#16470=DIRECTION('',(0.891385130206804,-0.453246676376341,0.));
#16480=DIRECTION('',(-0.453246676376341,-0.891385130206804,0.));
#16490=AXIS2_PLACEMENT_3D('',#16460,#16470,#16480);
#16500=CIRCLE('',#16490,0.4);
#16510=CARTESIAN_POINT('',(-3.59958433236238,4.28162803019448,
7.03701305915477));
#16520=VERTEX_POINT('',#16510);
#16530=EDGE_CURVE('',#16520,#2010,#16500,.T.);
#16540=ORIENTED_EDGE('',*,*,#16530,.F.);
#16550=ORIENTED_EDGE('',*,*,#2020,.T.);
#16560=ORIENTED_EDGE('',*,*,#4800,.F.);
#16570=CARTESIAN_POINT('',(0.,2.45133091204411,7.03701305915477));
#16580=DIRECTION('',(0.891385130206804,-0.453246676376341,0.));
#16590=VECTOR('',#16580,1.);
#16600=LINE('',#16570,#16590);
#16610=EDGE_CURVE('',#4720,#16520,#16600,.T.);
#16620=ORIENTED_EDGE('',*,*,#16610,.F.);
#16630=EDGE_LOOP('',(#16620,#16560,#16550,#16540));
#16640=FACE_OUTER_BOUND('',#16630,.T.);
#16650=ADVANCED_FACE('',(#16640),#16450,.T.);
#16660=CARTESIAN_POINT('',(-18.344909,0.,7.78701305915477));
#16670=DIRECTION('',(0.,-1.,-1.22460635382238E-16));
#16680=DIRECTION('',(0.,-1.22460635382238E-16,1.));
#16690=AXIS2_PLACEMENT_3D('',#16660,#16670,#16680);
#16700=CYLINDRICAL_SURFACE('',#16690,0.5);
#16710=CARTESIAN_POINT('',(-18.344909,1.599177,7.78701305915477));
#16720=DIRECTION('',(0.,-1.,-1.22460635382238E-16));
#16730=DIRECTION('',(0.,-1.22460635382238E-16,1.));
#16740=AXIS2_PLACEMENT_3D('',#16710,#16720,#16730);
#16750=CIRCLE('',#16740,0.5);
#16760=CARTESIAN_POINT('',(-18.344909,1.599177,8.28701305915477));
#16770=VERTEX_POINT('',#16760);
#16780=CARTESIAN_POINT('',(-18.844909,1.599177,7.78701305915477));
#16790=VERTEX_POINT('',#16780);
#16800=EDGE_CURVE('',#16770,#16790,#16750,.T.);
#16810=ORIENTED_EDGE('',*,*,#16800,.T.);
#16820=CARTESIAN_POINT('',(-18.344909,-6.12303176911189E-17,
8.28701305915477));
#16830=DIRECTION('',(0.,-1.,-1.22460635382238E-16));
#16840=VECTOR('',#16830,1.);
#16850=LINE('',#16820,#16840);
#16860=CARTESIAN_POINT('',(-18.344909,-4.900823,8.28701305915477));
#16870=VERTEX_POINT('',#16860);
#16880=EDGE_CURVE('',#16770,#16870,#16850,.T.);
#16890=ORIENTED_EDGE('',*,*,#16880,.F.);
#16900=CARTESIAN_POINT('',(-18.344909,-4.900823,7.78701305915477));
#16910=DIRECTION('',(0.,1.,0.));
#16920=DIRECTION('',(1.,0.,0.));
#16930=AXIS2_PLACEMENT_3D('',#16900,#16910,#16920);
#16940=CIRCLE('',#16930,0.5);
#16950=CARTESIAN_POINT('',(-18.844909,-4.900823,7.78701305915477));
#16960=VERTEX_POINT('',#16950);
#16970=EDGE_CURVE('',#16960,#16870,#16940,.T.);
#16980=ORIENTED_EDGE('',*,*,#16970,.T.);
#16990=CARTESIAN_POINT('',(-18.844909,0.,7.78701305915477));
#17000=DIRECTION('',(0.,-1.,-1.22460635382238E-16));
#17010=VECTOR('',#17000,1.);
#17020=LINE('',#16990,#17010);
#17030=EDGE_CURVE('',#16790,#16960,#17020,.T.);
#17040=ORIENTED_EDGE('',*,*,#17030,.T.);
#17050=EDGE_LOOP('',(#17040,#16980,#16890,#16810));
#17060=FACE_OUTER_BOUND('',#17050,.T.);
#17070=ADVANCED_FACE('',(#17060),#16700,.T.);
#17080=ORIENTED_EDGE('',*,*,#7720,.F.);
#17090=CARTESIAN_POINT('',(-3.54490900000002,3.499177,7.43701305915477))
;
#17100=DIRECTION('',(0.,-1.,0.));
#17110=DIRECTION('',(-1.,0.,0.));
#17120=AXIS2_PLACEMENT_3D('',#17090,#17100,#17110);
#17130=CIRCLE('',#17120,0.4);
#17140=CARTESIAN_POINT('',(-3.14490900000002,3.499177,7.43701305915477))
;
#17150=VERTEX_POINT('',#17140);
#17160=EDGE_CURVE('',#7710,#17150,#17130,.T.);
#17170=ORIENTED_EDGE('',*,*,#17160,.F.);
#17180=CARTESIAN_POINT('',(-3.14490900000002,0.,7.43701305915477));
#17190=DIRECTION('',(0.,1.,0.));
#17200=VECTOR('',#17190,1.);
#17210=LINE('',#17180,#17200);
#17220=CARTESIAN_POINT('',(-3.14490900000002,4.1924895171738,
7.43701305915477));
#17230=VERTEX_POINT('',#17220);
#17240=EDGE_CURVE('',#17150,#17230,#17210,.T.);
#17250=ORIENTED_EDGE('',*,*,#17240,.F.);
#17260=CARTESIAN_POINT('',(-3.54490900000002,4.1924895171738,
7.43701305915477));
#17270=DIRECTION('',(0.,-1.,0.));
#17280=DIRECTION('',(-1.,0.,0.));
#17290=AXIS2_PLACEMENT_3D('',#17260,#17270,#17280);
#17300=CIRCLE('',#17290,0.4);
#17310=CARTESIAN_POINT('',(-3.54490900000002,4.1924895171738,
7.03701305915477));
#17320=VERTEX_POINT('',#17310);
#17330=EDGE_CURVE('',#17320,#17230,#17300,.T.);
#17340=ORIENTED_EDGE('',*,*,#17330,.T.);
#17350=CARTESIAN_POINT('',(-3.54490900000002,0.,7.03701305915477));
#17360=DIRECTION('',(0.,1.,0.));
#17370=VECTOR('',#17360,1.);
#17380=LINE('',#17350,#17370);
#17390=EDGE_CURVE('',#7690,#17320,#17380,.T.);
#17400=ORIENTED_EDGE('',*,*,#17390,.T.);
#17410=EDGE_LOOP('',(#17400,#17340,#17250,#17170,#17080));
#17420=FACE_OUTER_BOUND('',#17410,.T.);
#17430=ADVANCED_FACE('',(#17420),#7520,.T.);
#17440=CARTESIAN_POINT('',(1.45509099999999,0.,7.48701305915477));
#17450=DIRECTION('',(0.,-1.,0.));
#17460=DIRECTION('',(-1.,0.,0.));
#17470=AXIS2_PLACEMENT_3D('',#17440,#17450,#17460);
#17480=CYLINDRICAL_SURFACE('',#17470,0.4);
#17490=CARTESIAN_POINT('',(1.45509099999999,-9.400823,7.48701305915477))
;
#17500=DIRECTION('',(0.,-1.,0.));
#17510=DIRECTION('',(-1.,0.,0.));
#17520=AXIS2_PLACEMENT_3D('',#17490,#17500,#17510);
#17530=CIRCLE('',#17520,0.4);
#17540=CARTESIAN_POINT('',(1.85509099999999,-9.400823,7.48701305915477))
;
#17550=VERTEX_POINT('',#17540);
#17560=EDGE_CURVE('',#17550,#6940,#17530,.T.);
#17570=ORIENTED_EDGE('',*,*,#17560,.F.);
#17580=CARTESIAN_POINT('',(1.45509099999999,0.,7.88701305915477));
#17590=DIRECTION('',(0.,-1.,0.));
#17600=VECTOR('',#17590,1.);
#17610=LINE('',#17580,#17600);
#17620=EDGE_CURVE('',#2750,#6940,#17610,.T.);
#17630=ORIENTED_EDGE('',*,*,#17620,.T.);
#17640=ORIENTED_EDGE('',*,*,#2990,.T.);
#17650=CARTESIAN_POINT('',(1.85509099999999,0.,7.48701305915477));
#17660=DIRECTION('',(0.,-1.,0.));
#17670=VECTOR('',#17660,1.);
#17680=LINE('',#17650,#17670);
#17690=EDGE_CURVE('',#2980,#17550,#17680,.T.);
#17700=ORIENTED_EDGE('',*,*,#17690,.F.);
#17710=EDGE_LOOP('',(#17700,#17640,#17630,#17570));
#17720=FACE_OUTER_BOUND('',#17710,.T.);
#17730=ADVANCED_FACE('',(#17720),#17480,.T.);
#17740=CARTESIAN_POINT('',(-7.34490900000002,4.55051976603141,
7.30496853138997));
#17750=DIRECTION('',(-1.,0.,0.));
#17760=DIRECTION('',(0.,1.,1.22460635382238E-16));
#17770=AXIS2_PLACEMENT_3D('',#17740,#17750,#17760);
#17780=PLANE('',#17770);
#17790=ORIENTED_EDGE('',*,*,#11810,.T.);
#17800=ORIENTED_EDGE('',*,*,#16360,.F.);
#17810=CARTESIAN_POINT('',(-7.34490900000002,0.,7.03701305915477));
#17820=DIRECTION('',(0.,-1.,0.));
#17830=VECTOR('',#17820,1.);
#17840=LINE('',#17810,#17830);
#17850=CARTESIAN_POINT('',(-7.34490900000002,5.199177,7.03701305915477))
;
#17860=VERTEX_POINT('',#17850);
#17870=EDGE_CURVE('',#17860,#16290,#17840,.T.);
#17880=ORIENTED_EDGE('',*,*,#17870,.T.);
#17890=CARTESIAN_POINT('',(-7.34490900000002,5.199177,0.));
#17900=DIRECTION('',(0.,0.,-1.));
#17910=VECTOR('',#17900,1.);
#17920=LINE('',#17890,#17910);
#17930=EDGE_CURVE('',#17860,#11800,#17920,.T.);
#17940=ORIENTED_EDGE('',*,*,#17930,.F.);
#17950=EDGE_LOOP('',(#17940,#17880,#17800,#17790));
#17960=FACE_OUTER_BOUND('',#17950,.T.);
#17970=ADVANCED_FACE('',(#17960),#17780,.F.);
#17980=CARTESIAN_POINT('',(-0.394909000000015,3.299177,6.73701305915477)
);
#17990=DIRECTION('',(0.,-1.,0.));
#18000=DIRECTION('',(-1.,0.,0.));
#18010=AXIS2_PLACEMENT_3D('',#17980,#17990,#18000);
#18020=TOROIDAL_SURFACE('',#18010,0.5,0.2);
#18030=CARTESIAN_POINT('',(0.105090999999985,3.299177,6.73701305915477))
;
#18040=DIRECTION('',(0.,0.,1.));
#18050=DIRECTION('',(1.,0.,0.));
#18060=AXIS2_PLACEMENT_3D('',#18030,#18040,#18050);
#18070=CIRCLE('',#18060,0.2);
#18080=CARTESIAN_POINT('',(0.105090999999985,3.499177,6.73701305915477))
;
#18090=VERTEX_POINT('',#18080);
#18100=CARTESIAN_POINT('',(-0.0949090000000155,3.299177,6.73701305915477
));
#18110=VERTEX_POINT('',#18100);
#18120=EDGE_CURVE('',#18090,#18110,#18070,.T.);
#18130=ORIENTED_EDGE('',*,*,#18120,.T.);
#18140=CARTESIAN_POINT('',(-0.394909000000015,3.499177,6.73701305915477)
);
#18150=DIRECTION('',(0.,-1.,0.));
#18160=DIRECTION('',(-1.,0.,0.));
#18170=AXIS2_PLACEMENT_3D('',#18140,#18150,#18160);
#18180=CIRCLE('',#18170,0.5);
#18190=EDGE_CURVE('',#18090,#7880,#18180,.T.);
#18200=ORIENTED_EDGE('',*,*,#18190,.F.);
#18210=ORIENTED_EDGE('',*,*,#7890,.T.);
#18220=CARTESIAN_POINT('',(-0.394909000000015,3.299177,6.73701305915477)
);
#18230=DIRECTION('',(0.,-1.,0.));
#18240=DIRECTION('',(-1.,0.,0.));
#18250=AXIS2_PLACEMENT_3D('',#18220,#18230,#18240);
#18260=CIRCLE('',#18250,0.3);
#18270=EDGE_CURVE('',#18110,#7790,#18260,.T.);
#18280=ORIENTED_EDGE('',*,*,#18270,.T.);
#18290=EDGE_LOOP('',(#18280,#18210,#18200,#18130));
#18300=FACE_OUTER_BOUND('',#18290,.T.);
#18310=ADVANCED_FACE('',(#18300),#18020,.T.);
#18320=CARTESIAN_POINT('',(1.84692777493467,3.36254390569169,
6.63546839977082));
#18330=CARTESIAN_POINT('',(1.88398221169764,3.33084172204232,
6.63412085789744));
#18340=CARTESIAN_POINT('',(1.9146750646584,3.29259629263689,
6.63316698260295));
#18350=CARTESIAN_POINT('',(1.93449889582793,3.2629590455749,
6.6310186444226));
#18360=CARTESIAN_POINT('',(1.94289807334926,3.23854583032619,
6.6276447453527));
#18370=CARTESIAN_POINT('',(1.94326877149752,3.19743691773101,
6.62457121885059));
#18380=CARTESIAN_POINT('',(1.9429589706799,3.09917699999999,
6.62488102983467));
#18390=CARTESIAN_POINT('',(1.84747696884104,3.3901175239887,
6.6151750435786));
#18400=CARTESIAN_POINT('',(1.88859638096474,3.36052428870928,
6.6155150873341));
#18410=CARTESIAN_POINT('',(1.93278757876921,3.31086448508974,
6.61423695975808));
#18420=CARTESIAN_POINT('',(1.96570655844425,3.26284112012882,
6.61059379466362));
#18430=CARTESIAN_POINT('',(1.97218730220183,3.25428664223195,
6.60195705400941));
#18440=CARTESIAN_POINT('',(1.97102560223321,3.19598028773162,
6.59689545008749));
#18450=CARTESIAN_POINT('',(1.97072676202457,3.099177,6.59711323849001));
#18460=CARTESIAN_POINT('',(1.84876560931346,3.41800608376739,
6.59495043303377));
#18470=CARTESIAN_POINT('',(1.90179914139904,3.39517507489184,
6.59589750228972));
#18480=CARTESIAN_POINT('',(1.95517851424133,3.34327684375601,
6.59399348921175));
#18490=CARTESIAN_POINT('',(1.99458416881931,3.28424554557145,
6.58935106416761));
#18500=CARTESIAN_POINT('',(2.00312940688583,3.26678489669023,
6.57920207871621));
#18510=CARTESIAN_POINT('',(2.0031009797159,3.19454899042787,
6.57359227223099));
#18520=CARTESIAN_POINT('',(2.00285632968577,3.099177,6.57370722346188));
#18530=CARTESIAN_POINT('',(1.85082289700018,3.44353514621921,
6.57679869385032));
#18540=CARTESIAN_POINT('',(1.91928862381214,3.42958210792748,
6.57764374997962));
#18550=CARTESIAN_POINT('',(1.9790743797231,3.3811267812933,
6.57503815387735));
#18560=CARTESIAN_POINT('',(2.02143926212741,3.31654313588405,
6.56985964558309));
#18570=CARTESIAN_POINT('',(2.03532183338689,3.27613586998659,
6.56066964788498));
#18580=CARTESIAN_POINT('',(2.03864556239146,3.19327602247188,
6.55548429628431));
#18590=CARTESIAN_POINT('',(2.03849175574396,3.09917700000001,
6.55551890266984));
#18600=CARTESIAN_POINT('',(1.85322418922755,3.46536067510041,
6.56153669157868));
#18610=CARTESIAN_POINT('',(1.93630911569375,3.45986381771852,
6.56194221745556));
#18620=CARTESIAN_POINT('',(2.0013035812783,3.41677203241104,
6.55898235068952));
#18630=CARTESIAN_POINT('',(2.04626243216685,3.34976990633025,
6.55399304443959));
#18640=CARTESIAN_POINT('',(2.06812134772807,3.28270091891955,
6.54724617683391));
#18650=CARTESIAN_POINT('',(2.0766103700952,3.19229438051576,
6.54318111983783));
#18660=CARTESIAN_POINT('',(2.07655298469355,3.09917700000001,
6.54318005644737));
#18670=CARTESIAN_POINT('',(1.85509099999999,3.48346903673205,
6.54879403160573));
#18680=CARTESIAN_POINT('',(1.94765106121162,3.48346903673205,
6.54879403160573));
#18690=CARTESIAN_POINT('',(2.01830909182003,3.44363465387052,
6.54643783711583));
#18700=CARTESIAN_POINT('',(2.06876010100543,3.37462707345609,
6.54290354537978));
#18710=CARTESIAN_POINT('',(2.10069909794878,3.28710748080059,
6.53936925364519));
#18720=CARTESIAN_POINT('',(2.11582109183011,3.19173706121163,
6.53701305915477));
#18730=CARTESIAN_POINT('',(2.11582109183011,3.099177,6.53701305915477));
#18740=CARTESIAN_POINT('',(1.85509099999999,3.499177,6.53701305915477));
#18750=CARTESIAN_POINT('',(1.94765106121162,3.499177,6.53701305915477));
#18760=CARTESIAN_POINT('',(2.026163073454,3.45620102448488,
6.53701305915506));
#18770=CARTESIAN_POINT('',(2.08839505509037,3.38248105509007,
6.5370130591543));
#18780=CARTESIAN_POINT('',(2.13211502448468,3.29024907345418,
6.537013059155));
#18790=CARTESIAN_POINT('',(2.15509099999999,3.19173706121163,
6.53701305915477));
#18800=CARTESIAN_POINT('',(2.15509099999999,3.099177,6.53701305915477));
#18810=B_SPLINE_SURFACE_WITH_KNOTS('',6,6,((#18320,#18390,#18460,#18530,
#18600,#18670,#18740),(#18330,#18400,#18470,#18540,#18610,#18680,#18750)
,(#18340,#18410,#18480,#18550,#18620,#18690,#18760),(#18350,#18420,
#18490,#18560,#18630,#18700,#18770),(#18360,#18430,#18500,#18570,#18640,
#18710,#18780),(#18370,#18440,#18510,#18580,#18650,#18720,#18790),(
#18380,#18450,#18520,#18590,#18660,#18730,#18800)),.UNSPECIFIED.,.F.,.F.
,.F.,(7,7),(7,7),(0.,1.),(0.,1.),.UNSPECIFIED.);
#18820=CARTESIAN_POINT('',(1.84692777493467,3.36254390569169,
6.63546839977082));
#18830=CARTESIAN_POINT('',(1.88398221169764,3.33084172204232,
6.63412085789744));
#18840=CARTESIAN_POINT('',(1.9146750646584,3.29259629263689,
6.63316698260295));
#18850=CARTESIAN_POINT('',(1.93449889582793,3.2629590455749,
6.6310186444226));
#18860=CARTESIAN_POINT('',(1.94289807334926,3.23854583032619,
6.6276447453527));
#18870=CARTESIAN_POINT('',(1.94326877149752,3.19743691773101,
6.62457121885059));
#18880=CARTESIAN_POINT('',(1.9429589706799,3.09917699999999,
6.62488102983467));
#18890=B_SPLINE_CURVE_WITH_KNOTS('',6,(#18820,#18830,#18840,#18850,
#18860,#18870,#18880),.UNSPECIFIED.,.F.,.F.,(7,7),(0.,1.),.UNSPECIFIED.)
;
#18900=CARTESIAN_POINT('',(1.84692777493467,3.36254390569169,
6.63546839977082));
#18910=VERTEX_POINT('',#18900);
#18920=CARTESIAN_POINT('',(1.9429589706799,3.09917699999999,
6.62488102983467));
#18930=VERTEX_POINT('',#18920);
#18940=EDGE_CURVE('',#18910,#18930,#18890,.T.);
#18950=ORIENTED_EDGE('',*,*,#18940,.T.);
#18960=CARTESIAN_POINT('',(1.84692777493467,3.36254390569169,
6.63546839977082));
#18970=CARTESIAN_POINT('',(1.84747696884104,3.3901175239887,
6.6151750435786));
#18980=CARTESIAN_POINT('',(1.84876560931346,3.41800608376739,
6.59495043303377));
#18990=CARTESIAN_POINT('',(1.85082289700018,3.44353514621921,
6.57679869385032));
#19000=CARTESIAN_POINT('',(1.85322418922755,3.46536067510041,
6.56153669157868));
#19010=CARTESIAN_POINT('',(1.85509099999999,3.48346903673205,
6.54879403160573));
#19020=CARTESIAN_POINT('',(1.85509099999999,3.499177,6.53701305915477));
#19030=B_SPLINE_CURVE_WITH_KNOTS('',6,(#18960,#18970,#18980,#18990,
#19000,#19010,#19020),.UNSPECIFIED.,.F.,.F.,(7,7),(0.,1.),.UNSPECIFIED.)
;
#19040=EDGE_CURVE('',#18910,#10460,#19030,.T.);
#19050=ORIENTED_EDGE('',*,*,#19040,.F.);
#19060=ORIENTED_EDGE('',*,*,#10470,.T.);
#19070=CARTESIAN_POINT('',(1.85509099999999,3.099177,6.83701305915477));
#19080=CARTESIAN_POINT('',(1.85509099999999,3.099177,6.75847324281503));
#19090=CARTESIAN_POINT('',(1.87975898917018,3.09917700000002,
6.67994063060866));
#19100=CARTESIAN_POINT('',(1.92913378060967,3.09917699999992,
6.61105583976416));
#19110=CARTESIAN_POINT('',(1.99801857145375,3.09917700000006,
6.56168104832517));
#19120=CARTESIAN_POINT('',(2.07655118366024,3.099177,6.53701305915477));
#19130=CARTESIAN_POINT('',(2.15509099999999,3.099177,6.53701305915477));
#19140=B_SPLINE_CURVE_WITH_KNOTS('',6,(#19070,#19080,#19090,#19100,
#19110,#19120,#19130),.UNSPECIFIED.,.F.,.F.,(7,7),(0.,1.),.UNSPECIFIED.)
;
#19150=EDGE_CURVE('',#18930,#10440,#19140,.T.);
#19160=ORIENTED_EDGE('',*,*,#19150,.T.);
#19170=EDGE_LOOP('',(#19160,#19060,#19050,#18950));
#19180=FACE_OUTER_BOUND('',#19170,.T.);
#19190=ADVANCED_FACE('',(#19180),#18810,.T.);
#19200=CARTESIAN_POINT('',(0.,-9.700823,1.48701305915477));
#19210=DIRECTION('',(1.,6.12323399573677E-17,0.));
#19220=DIRECTION('',(6.12323399573677E-17,-1.,0.));
#19230=AXIS2_PLACEMENT_3D('',#19200,#19210,#19220);
#19240=CYLINDRICAL_SURFACE('',#19230,0.5);
#19250=CARTESIAN_POINT('',(-8.34490900000002,-9.700823,1.48701305915477)
);
#19260=DIRECTION('',(-1.,0.,0.));
#19270=DIRECTION('',(0.,1.,0.));
#19280=AXIS2_PLACEMENT_3D('',#19250,#19260,#19270);
#19290=CIRCLE('',#19280,0.5);
#19300=CARTESIAN_POINT('',(-8.34490900000002,-9.700823,0.987013059154769
));
#19310=VERTEX_POINT('',#19300);
#19320=CARTESIAN_POINT('',(-8.34490900000002,-10.200823,1.48701305915477
));
#19330=VERTEX_POINT('',#19320);
#19340=EDGE_CURVE('',#19310,#19330,#19290,.T.);
#19350=ORIENTED_EDGE('',*,*,#19340,.F.);
#19360=CARTESIAN_POINT('',(3.06161699786838E-17,-10.200823,
1.48701305915477));
#19370=DIRECTION('',(1.,6.12323399573677E-17,0.));
#19380=VECTOR('',#19370,1.);
#19390=LINE('',#19360,#19380);
#19400=CARTESIAN_POINT('',(-7.79490900000001,-10.200823,1.48701305915477
));
#19410=VERTEX_POINT('',#19400);
#19420=EDGE_CURVE('',#19330,#19410,#19390,.T.);
#19430=ORIENTED_EDGE('',*,*,#19420,.F.);
#19440=CARTESIAN_POINT('',(-7.79490900000001,-10.000823,
-0.0129869408452308));
#19450=DIRECTION('',(0.,0.,1.));
#19460=DIRECTION('',(1.,0.,0.));
#19470=AXIS2_PLACEMENT_3D('',#19440,#19450,#19460);
#19480=CYLINDRICAL_SURFACE('',#19470,0.2);
#19490=CARTESIAN_POINT('',(-7.60221225805567,-10.0543763905933,
1.13345966856149));
#19500=CARTESIAN_POINT('',(-7.60927054007075,-10.0797736237649,
1.15885690173313));
#19510=CARTESIAN_POINT('',(-7.62081382339528,-10.1019200297607,
1.18656053108372));
#19520=CARTESIAN_POINT('',(-7.63457153901074,-10.1203717289916,
1.21502250049234));
#19530=CARTESIAN_POINT('',(-7.64829672698854,-10.1387798025071,
1.24341717670677));
#19540=CARTESIAN_POINT('',(-7.66444546097145,-10.1538660699929,
1.27300621761152));
#19550=CARTESIAN_POINT('',(-7.68180227931182,-10.1657680506597,
1.3030943274712));
#19560=CARTESIAN_POINT('',(-7.69918129857815,-10.1776852550263,
1.3332209227195));
#19570=CARTESIAN_POINT('',(-7.71763945637214,-10.1863665742973,
1.36361757311984));
#19580=CARTESIAN_POINT('',(-7.73669344456708,-10.1921638828653,
1.39436348978464));
#19590=CARTESIAN_POINT('',(-7.75574972725634,-10.1979618895492,
1.42511310889383));
#19600=CARTESIAN_POINT('',(-7.77538369448511,-10.200823,1.4561408404359)
);
#19610=CARTESIAN_POINT('',(-7.79490900000001,-10.200823,1.48701305915477
));
#19620=B_SPLINE_CURVE_WITH_KNOTS('',3,(#19490,#19500,#19510,#19520,
#19530,#19540,#19550,#19560,#19570,#19580,#19590,#19600,#19610),
.UNSPECIFIED.,.F.,.F.,(4,3,3,3,4),(0.,0.110148359459299,
0.220112716885879,0.329977297817364,0.439856534299457),.UNSPECIFIED.);
#19630=SURFACE_CURVE('',#19620,(#19240,#19480),.CURVE_3D.);
#19640=CARTESIAN_POINT('',(-7.60221225805567,-10.0543763905933,
1.13345966856149));
#19650=VERTEX_POINT('',#19640);
#19660=EDGE_CURVE('',#19650,#19410,#19630,.T.);
#19670=ORIENTED_EDGE('',*,*,#19660,.T.);
#19680=CARTESIAN_POINT('',(-7.79490900000001,-3.5527136788005E-15,
1.18701305915477));
#19690=DIRECTION('',(0.,-1.,0.));
#19700=DIRECTION('',(-1.,0.,0.));
#19710=AXIS2_PLACEMENT_3D('',#19680,#19690,#19700);
#19720=CYLINDRICAL_SURFACE('',#19710,0.2);
#19730=CARTESIAN_POINT('',(-7.79490900000001,-9.700823,0.987013059154769
));
#19740=CARTESIAN_POINT('',(-7.77538369448511,-9.73169521871888,
0.987013059154769));
#19750=CARTESIAN_POINT('',(-7.75574972725634,-9.76272295026094,
0.989874169605534));
#19760=CARTESIAN_POINT('',(-7.73669344456707,-9.79347256937013,
0.995672176289442));
#19770=CARTESIAN_POINT('',(-7.71763945637214,-9.82421848603494,
1.00146948485748));
#19780=CARTESIAN_POINT('',(-7.69918129857815,-9.85461513643527,
1.0101508041285));
#19790=CARTESIAN_POINT('',(-7.68180227931182,-9.88474173168358,
1.0220680084951));
#19800=CARTESIAN_POINT('',(-7.66444546097146,-9.91482984154324,
1.03396998916192));
#19810=CARTESIAN_POINT('',(-7.64829672698853,-9.94441888244801,
1.04905625664766));
#19820=CARTESIAN_POINT('',(-7.63457153901074,-9.97281355866243,
1.06746433016313));
#19830=CARTESIAN_POINT('',(-7.62081382339527,-10.0012755280711,
1.08591602939409));
#19840=CARTESIAN_POINT('',(-7.60927054007075,-10.0289791574216,
1.10806243538984));
#19850=CARTESIAN_POINT('',(-7.60221225805567,-10.0543763905933,
1.13345966856149));
#19860=B_SPLINE_CURVE_WITH_KNOTS('',3,(#19730,#19740,#19750,#19760,
#19770,#19780,#19790,#19800,#19810,#19820,#19830,#19840,#19850),
.UNSPECIFIED.,.F.,.F.,(4,3,3,3,4),(0.,0.109879236482094,
0.219743817413579,0.329708174840159,0.439856534299461),.UNSPECIFIED.);
#19870=SURFACE_CURVE('',#19860,(#19240,#19720),.CURVE_3D.);
#19880=CARTESIAN_POINT('',(-7.79490900000001,-9.700823,0.987013059154769
));
#19890=VERTEX_POINT('',#19880);
#19900=EDGE_CURVE('',#19890,#19650,#19870,.T.);
#19910=ORIENTED_EDGE('',*,*,#19900,.T.);
#19920=CARTESIAN_POINT('',(0.,-9.700823,0.987013059154769));
#19930=DIRECTION('',(1.,6.12323399573677E-17,0.));
#19940=VECTOR('',#19930,1.);
#19950=LINE('',#19920,#19940);
#19960=EDGE_CURVE('',#19310,#19890,#19950,.T.);
#19970=ORIENTED_EDGE('',*,*,#19960,.T.);
#19980=EDGE_LOOP('',(#19970,#19910,#19670,#19430,#19350));
#19990=FACE_OUTER_BOUND('',#19980,.T.);
#20000=ADVANCED_FACE('',(#19990),#19240,.T.);
#20010=CARTESIAN_POINT('',(-9.34490900000002,0.,1.48701305915477));
#20020=DIRECTION('',(0.,1.,0.));
#20030=DIRECTION('',(1.,0.,0.));
#20040=AXIS2_PLACEMENT_3D('',#20010,#20020,#20030);
#20050=CYLINDRICAL_SURFACE('',#20040,0.5);
#20060=CARTESIAN_POINT('',(-9.34490900000002,-8.16969188647342,
1.48701305915477));
#20070=DIRECTION('',(0.330514392713223,0.943800951583229,0.));
#20080=DIRECTION('',(0.943800951583229,-0.330514392713223,0.));
#20090=AXIS2_PLACEMENT_3D('',#20060,#20070,#20080);
#20100=ELLIPSE('',#20090,0.529772722904388,0.5);
#20110=CARTESIAN_POINT('',(-9.34490900000002,-8.16969188647342,
0.987013059154769));
#20120=VERTEX_POINT('',#20110);
#20130=CARTESIAN_POINT('',(-9.51016619635663,-8.11181963936065,
1.01511258336315));
#20140=VERTEX_POINT('',#20130);
#20150=EDGE_CURVE('',#20120,#20140,#20100,.T.);
#20160=ORIENTED_EDGE('',*,*,#20150,.F.);
#20170=CARTESIAN_POINT('',(-9.34490900000002,-7.63991916356903,
1.48701305915477));
#20180=DIRECTION('',(0.,0.707106781186548,-0.707106781186548));
#20190=DIRECTION('',(0.,0.707106781186548,0.707106781186548));
#20200=AXIS2_PLACEMENT_3D('',#20170,#20180,#20190);
#20210=ELLIPSE('',#20200,0.707106781186548,0.5);
#20220=CARTESIAN_POINT('',(-9.84490900000002,-7.63991916356903,
1.48701305915477));
#20230=VERTEX_POINT('',#20220);
#20240=EDGE_CURVE('',#20140,#20230,#20210,.T.);
#20250=ORIENTED_EDGE('',*,*,#20240,.F.);
#20260=CARTESIAN_POINT('',(-9.84490900000002,0.,1.48701305915477));
#20270=DIRECTION('',(0.,1.,0.));
#20280=VECTOR('',#20270,1.);
#20290=LINE('',#20260,#20280);
#20300=CARTESIAN_POINT('',(-9.84490900000002,-8.700823,1.48701305915477)
);
#20310=VERTEX_POINT('',#20300);
#20320=EDGE_CURVE('',#20310,#20230,#20290,.T.);
#20330=ORIENTED_EDGE('',*,*,#20320,.T.);
#20340=CARTESIAN_POINT('',(-9.34490900000002,-8.700823,1.48701305915477)
);
#20350=DIRECTION('',(0.,1.,0.));
#20360=DIRECTION('',(1.,0.,0.));
#20370=AXIS2_PLACEMENT_3D('',#20340,#20350,#20360);
#20380=CIRCLE('',#20370,0.5);
#20390=CARTESIAN_POINT('',(-9.34490900000002,-8.700823,0.987013059154769
));
#20400=VERTEX_POINT('',#20390);
#20410=EDGE_CURVE('',#20400,#20310,#20380,.T.);
#20420=ORIENTED_EDGE('',*,*,#20410,.T.);
#20430=CARTESIAN_POINT('',(-9.34490900000002,0.,0.987013059154769));
#20440=DIRECTION('',(0.,1.,0.));
#20450=VECTOR('',#20440,1.);
#20460=LINE('',#20430,#20450);
#20470=EDGE_CURVE('',#20400,#20120,#20460,.T.);
#20480=ORIENTED_EDGE('',*,*,#20470,.F.);
#20490=EDGE_LOOP('',(#20480,#20420,#20330,#20250,#20160));
#20500=FACE_OUTER_BOUND('',#20490,.T.);
#20510=ADVANCED_FACE('',(#20500),#20050,.T.);
#20520=CARTESIAN_POINT('',(-8.34490900000002,-8.700823,1.48701305915477)
);
#20530=DIRECTION('',(0.,0.,-1.));
#20540=DIRECTION('',(-1.,0.,0.));
#20550=AXIS2_PLACEMENT_3D('',#20520,#20530,#20540);
#20560=TOROIDAL_SURFACE('',#20550,1.,0.5);
#20570=ORIENTED_EDGE('',*,*,#19340,.T.);
#20580=CARTESIAN_POINT('',(-8.34490900000002,-8.700823,0.987013059154769
));
#20590=DIRECTION('',(0.,0.,-1.));
#20600=DIRECTION('',(-1.,0.,0.));
#20610=AXIS2_PLACEMENT_3D('',#20580,#20590,#20600);
#20620=CIRCLE('',#20610,1.);
#20630=EDGE_CURVE('',#19310,#20400,#20620,.T.);
#20640=ORIENTED_EDGE('',*,*,#20630,.F.);
#20650=ORIENTED_EDGE('',*,*,#20410,.F.);
#20660=CARTESIAN_POINT('',(-8.34490900000002,-8.700823,1.48701305915477)
);
#20670=DIRECTION('',(0.,0.,-1.));
#20680=DIRECTION('',(-1.,0.,0.));
#20690=AXIS2_PLACEMENT_3D('',#20660,#20670,#20680);
#20700=CIRCLE('',#20690,1.5);
#20710=EDGE_CURVE('',#19330,#20310,#20700,.T.);
#20720=ORIENTED_EDGE('',*,*,#20710,.T.);
#20730=EDGE_LOOP('',(#20720,#20650,#20640,#20570));
#20740=FACE_OUTER_BOUND('',#20730,.T.);
#20750=ADVANCED_FACE('',(#20740),#20560,.T.);
#20760=CARTESIAN_POINT('',(0.105090999999985,3.299177,0.));
#20770=DIRECTION('',(0.,0.,-1.));
#20780=DIRECTION('',(-1.,0.,0.));
#20790=AXIS2_PLACEMENT_3D('',#20760,#20770,#20780);
#20800=CYLINDRICAL_SURFACE('',#20790,0.2);
#20810=ORIENTED_EDGE('',*,*,#18120,.F.);
#20820=CARTESIAN_POINT('',(-0.0949090000000155,3.299177,0.));
#20830=DIRECTION('',(0.,0.,-1.));
#20840=VECTOR('',#20830,1.);
#20850=LINE('',#20820,#20840);
#20860=CARTESIAN_POINT('',(-0.0949090000000155,3.299177,5.83701305915477
));
#20870=VERTEX_POINT('',#20860);
#20880=EDGE_CURVE('',#18110,#20870,#20850,.T.);
#20890=ORIENTED_EDGE('',*,*,#20880,.F.);
#20900=CARTESIAN_POINT('',(0.105090999999985,3.299177,5.83701305915477))
;
#20910=DIRECTION('',(0.,-0.707106781186548,-0.707106781186548));
#20920=DIRECTION('',(0.,0.707106781186548,-0.707106781186548));
#20930=AXIS2_PLACEMENT_3D('',#20900,#20910,#20920);
#20940=ELLIPSE('',#20930,0.282842712474619,0.2);
#20950=EDGE_CURVE('',#20870,#9490,#20940,.T.);
#20960=ORIENTED_EDGE('',*,*,#20950,.F.);
#20970=CARTESIAN_POINT('',(0.105090999999985,3.499177,0.));
#20980=DIRECTION('',(0.,0.,-1.));
#20990=VECTOR('',#20980,1.);
#21000=LINE('',#20970,#20990);
#21010=EDGE_CURVE('',#18090,#9490,#21000,.T.);
#21020=ORIENTED_EDGE('',*,*,#21010,.T.);
#21030=EDGE_LOOP('',(#21020,#20960,#20890,#20810));
#21040=FACE_OUTER_BOUND('',#21030,.T.);
#21050=ADVANCED_FACE('',(#21040),#20800,.T.);
#21060=CARTESIAN_POINT('',(0.,-4.900823,-0.412986940845231));
#21070=DIRECTION('',(-1.,0.,0.));
#21080=VECTOR('',#21070,1.);
#21090=LINE('',#21060,#21080);
#21100=CARTESIAN_POINT('',(-18.344909,-4.900823,-0.412986940845229));
#21110=VERTEX_POINT('',#21100);
#21120=EDGE_CURVE('',#1600,#21110,#21090,.T.);
#21130=ORIENTED_EDGE('',*,*,#21120,.F.);
#21140=CARTESIAN_POINT('',(-18.344909,-4.900823,0.787013059154769));
#21150=DIRECTION('',(-1.,0.,0.));
#21160=DIRECTION('',(0.,1.,0.));
#21170=AXIS2_PLACEMENT_3D('',#21140,#21150,#21160);
#21180=CIRCLE('',#21170,1.2);
#21190=CARTESIAN_POINT('',(-18.344909,-6.100823,0.787013059154769));
#21200=VERTEX_POINT('',#21190);
#21210=EDGE_CURVE('',#21110,#21200,#21180,.T.);
#21220=ORIENTED_EDGE('',*,*,#21210,.F.);
#21230=CARTESIAN_POINT('',(0.,-6.100823,0.787013059154769));
#21240=DIRECTION('',(-1.,0.,0.));
#21250=VECTOR('',#21240,1.);
#21260=LINE('',#21230,#21250);
#21270=CARTESIAN_POINT('',(-9.84490900000002,-6.100823,0.787013059154769
));
#21280=VERTEX_POINT('',#21270);
#21290=EDGE_CURVE('',#21280,#21200,#21260,.T.);
#21300=ORIENTED_EDGE('',*,*,#21290,.T.);
#21310=CARTESIAN_POINT('',(-9.84490900000002,-4.900823,0.787013059154769
));
#21320=DIRECTION('',(-1.,0.,0.));
#21330=DIRECTION('',(0.,1.,0.));
#21340=AXIS2_PLACEMENT_3D('',#21310,#21320,#21330);
#21350=CIRCLE('',#21340,1.2);
#21360=EDGE_CURVE('',#15340,#21280,#21350,.T.);
#21370=ORIENTED_EDGE('',*,*,#21360,.T.);
#21380=ORIENTED_EDGE('',*,*,#15350,.F.);
#21390=CARTESIAN_POINT('',(-9.64490900000001,-4.900823,0.787013059154769
));
#21400=DIRECTION('',(-1.,0.,0.));
#21410=DIRECTION('',(0.,1.,0.));
#21420=AXIS2_PLACEMENT_3D('',#21390,#21400,#21410);
#21430=CIRCLE('',#21420,1.2);
#21440=EDGE_CURVE('',#1600,#15080,#21430,.T.);
#21450=ORIENTED_EDGE('',*,*,#21440,.T.);
#21460=EDGE_LOOP('',(#21450,#21380,#21370,#21300,#21220,#21130));
#21470=FACE_OUTER_BOUND('',#21460,.T.);
#21480=ADVANCED_FACE('',(#21470),#15170,.T.);
#21490=CARTESIAN_POINT('',(-8.34490900000002,-8.700823,6.38701305915477)
);
#21500=DIRECTION('',(0.,0.,-1.));
#21510=DIRECTION('',(-1.,0.,0.));
#21520=AXIS2_PLACEMENT_3D('',#21490,#21500,#21510);
#21530=TOROIDAL_SURFACE('',#21520,1.,0.5);
#21540=CARTESIAN_POINT('',(-9.34490900000002,-8.700823,6.38701305915477)
);
#21550=DIRECTION('',(0.,1.,0.));
#21560=DIRECTION('',(1.,0.,0.));
#21570=AXIS2_PLACEMENT_3D('',#21540,#21550,#21560);
#21580=CIRCLE('',#21570,0.5);
#21590=CARTESIAN_POINT('',(-9.84490900000002,-8.700823,6.38701305915477)
);
#21600=VERTEX_POINT('',#21590);
#21610=CARTESIAN_POINT('',(-9.34490900000002,-8.700823,6.88701305915477)
);
#21620=VERTEX_POINT('',#21610);
#21630=EDGE_CURVE('',#21600,#21620,#21580,.T.);
#21640=ORIENTED_EDGE('',*,*,#21630,.F.);
#21650=CARTESIAN_POINT('',(-8.34490900000002,-8.700823,6.88701305915477)
);
#21660=DIRECTION('',(0.,0.,-1.));
#21670=DIRECTION('',(-1.,0.,0.));
#21680=AXIS2_PLACEMENT_3D('',#21650,#21660,#21670);
#21690=CIRCLE('',#21680,1.);
#21700=CARTESIAN_POINT('',(-8.34490900000002,-9.700823,6.88701305915477)
);
#21710=VERTEX_POINT('',#21700);
#21720=EDGE_CURVE('',#21710,#21620,#21690,.T.);
#21730=ORIENTED_EDGE('',*,*,#21720,.T.);
#21740=CARTESIAN_POINT('',(-8.34490900000002,-9.700823,6.38701305915477)
);
#21750=DIRECTION('',(1.,6.12323399573677E-17,0.));
#21760=DIRECTION('',(6.12323399573677E-17,-1.,0.));
#21770=AXIS2_PLACEMENT_3D('',#21740,#21750,#21760);
#21780=CIRCLE('',#21770,0.5);
#21790=CARTESIAN_POINT('',(-8.34490900000002,-10.200823,6.38701305915477
));
#21800=VERTEX_POINT('',#21790);
#21810=EDGE_CURVE('',#21710,#21800,#21780,.T.);
#21820=ORIENTED_EDGE('',*,*,#21810,.F.);
#21830=CARTESIAN_POINT('',(-8.34490900000002,-8.700823,6.38701305915477)
);
#21840=DIRECTION('',(0.,0.,-1.));
#21850=DIRECTION('',(-1.,0.,0.));
#21860=AXIS2_PLACEMENT_3D('',#21830,#21840,#21850);
#21870=CIRCLE('',#21860,1.5);
#21880=EDGE_CURVE('',#21800,#21600,#21870,.T.);
#21890=ORIENTED_EDGE('',*,*,#21880,.F.);
#21900=EDGE_LOOP('',(#21890,#21820,#21730,#21640));
#21910=FACE_OUTER_BOUND('',#21900,.T.);
#21920=ADVANCED_FACE('',(#21910),#21530,.T.);
#21930=CARTESIAN_POINT('',(-0.160821546855233,1.999177,3.62488735555563)
);
#21940=DIRECTION('',(0.,1.,-0.));
#21950=DIRECTION('',(-1.,0.,0.));
#21960=AXIS2_PLACEMENT_3D('',#21930,#21940,#21950);
#21970=PLANE('',#21960);
#21980=ORIENTED_EDGE('',*,*,#9640,.T.);
#21990=CARTESIAN_POINT('',(0.105090999999985,1.999177,5.83701305915477))
;
#22000=DIRECTION('',(0.,1.,0.));
#22010=DIRECTION('',(1.,0.,0.));
#22020=AXIS2_PLACEMENT_3D('',#21990,#22000,#22010);
#22030=CIRCLE('',#22020,0.2);
#22040=CARTESIAN_POINT('',(-0.0949090000000155,1.999177,5.83701305915477
));
#22050=VERTEX_POINT('',#22040);
#22060=EDGE_CURVE('',#9570,#22050,#22030,.T.);
#22070=ORIENTED_EDGE('',*,*,#22060,.F.);
#22080=CARTESIAN_POINT('',(-0.0949090000000155,1.999177,0.));
#22090=DIRECTION('',(0.,-1.22460635382238E-16,1.));
#22100=VECTOR('',#22090,1.);
#22110=LINE('',#22080,#22100);
#22120=CARTESIAN_POINT('',(-0.0949090000000154,1.999177,6.73701305915477
));
#22130=VERTEX_POINT('',#22120);
#22140=EDGE_CURVE('',#22050,#22130,#22110,.T.);
#22150=ORIENTED_EDGE('',*,*,#22140,.F.);
#22160=CARTESIAN_POINT('',(0.,1.999177,6.73701305915477));
#22170=DIRECTION('',(1.,0.,0.));
#22180=VECTOR('',#22170,1.);
#22190=LINE('',#22160,#22180);
#22200=EDGE_CURVE('',#12970,#22130,#22190,.T.);
#22210=ORIENTED_EDGE('',*,*,#22200,.T.);
#22220=ORIENTED_EDGE('',*,*,#12980,.F.);
#22230=CARTESIAN_POINT('',(0.,1.999177,1.13701305915477));
#22240=DIRECTION('',(-1.,0.,0.));
#22250=VECTOR('',#22240,1.);
#22260=LINE('',#22230,#22250);
#22270=CARTESIAN_POINT('',(-0.0949090000000155,1.999177,1.13701305915477
));
#22280=VERTEX_POINT('',#22270);
#22290=EDGE_CURVE('',#22280,#12890,#22260,.T.);
#22300=ORIENTED_EDGE('',*,*,#22290,.T.);
#22310=CARTESIAN_POINT('',(-0.0949090000000155,1.999177,0.));
#22320=DIRECTION('',(0.,0.,1.));
#22330=VECTOR('',#22320,1.);
#22340=LINE('',#22310,#22330);
#22350=CARTESIAN_POINT('',(-0.0949090000000155,1.999177,2.03701305915477
));
#22360=VERTEX_POINT('',#22350);
#22370=EDGE_CURVE('',#22280,#22360,#22340,.T.);
#22380=ORIENTED_EDGE('',*,*,#22370,.F.);
#22390=CARTESIAN_POINT('',(0.105090999999985,1.999177,2.03701305915477))
;
#22400=DIRECTION('',(0.,1.,0.));
#22410=DIRECTION('',(-1.,0.,0.));
#22420=AXIS2_PLACEMENT_3D('',#22390,#22400,#22410);
#22430=CIRCLE('',#22420,0.2);
#22440=CARTESIAN_POINT('',(0.105090999999985,1.999177,2.23701305915477))
;
#22450=VERTEX_POINT('',#22440);
#22460=EDGE_CURVE('',#22360,#22450,#22430,.T.);
#22470=ORIENTED_EDGE('',*,*,#22460,.F.);
#22480=CARTESIAN_POINT('',(0.,1.999177,2.23701305915477));
#22490=DIRECTION('',(-1.,0.,0.));
#22500=VECTOR('',#22490,1.);
#22510=LINE('',#22480,#22500);
#22520=EDGE_CURVE('',#22450,#9790,#22510,.T.);
#22530=ORIENTED_EDGE('',*,*,#22520,.F.);
#22540=ORIENTED_EDGE('',*,*,#9950,.F.);
#22550=EDGE_LOOP('',(#22540,#22530,#22470,#22380,#22300,#22220,#22210,
#22150,#22070,#21980));
#22560=FACE_OUTER_BOUND('',#22550,.T.);
#22570=ADVANCED_FACE('',(#22560),#21970,.T.);
#22580=CARTESIAN_POINT('',(0.,-9.250823,6.53701305915477));
#22590=DIRECTION('',(-1.,0.,0.));
#22600=DIRECTION('',(0.,1.,0.));
#22610=AXIS2_PLACEMENT_3D('',#22580,#22590,#22600);
#22620=CYLINDRICAL_SURFACE('',#22610,0.35);
#22630=CARTESIAN_POINT('',(-6.2576831598292,-9.250823,6.53701305915477))
;
#22640=DIRECTION('',(0.330514392713223,0.943800951583229,0.));
#22650=DIRECTION('',(0.943800951583229,-0.330514392713223,0.));
#22660=AXIS2_PLACEMENT_3D('',#22630,#22640,#22650);
#22670=ELLIPSE('',#22660,1.05895539715175,0.35);
#22680=CARTESIAN_POINT('',(-6.2576831598292,-9.250823,6.88701305915477))
;
#22690=VERTEX_POINT('',#22680);
#22700=CARTESIAN_POINT('',(-5.25824004831318,-9.600823,6.53701305915477)
);
#22710=VERTEX_POINT('',#22700);
#22720=EDGE_CURVE('',#22690,#22710,#22670,.T.);
#22730=ORIENTED_EDGE('',*,*,#22720,.F.);
#22740=CARTESIAN_POINT('',(0.,-9.600823,6.53701305915477));
#22750=DIRECTION('',(-1.,0.,0.));
#22760=VECTOR('',#22750,1.);
#22770=LINE('',#22740,#22760);
#22780=CARTESIAN_POINT('',(-6.09490900000001,-9.600823,6.53701305915477)
);
#22790=VERTEX_POINT('',#22780);
#22800=EDGE_CURVE('',#22710,#22790,#22770,.T.);
#22810=ORIENTED_EDGE('',*,*,#22800,.F.);
#22820=CARTESIAN_POINT('',(-6.09490900000001,-9.250823,6.53701305915477)
);
#22830=DIRECTION('',(-1.,0.,0.));
#22840=DIRECTION('',(0.,1.,0.));
#22850=AXIS2_PLACEMENT_3D('',#22820,#22830,#22840);
#22860=CIRCLE('',#22850,0.35);
#22870=CARTESIAN_POINT('',(-6.09490900000001,-9.567050766016,
6.68701305915655));
#22880=VERTEX_POINT('',#22870);
#22890=EDGE_CURVE('',#22790,#22880,#22860,.T.);
#22900=ORIENTED_EDGE('',*,*,#22890,.F.);
#22910=CARTESIAN_POINT('',(-6.29490900000001,-3.5527136788005E-15,
6.68701305915477));
#22920=DIRECTION('',(0.,-1.,0.));
#22930=DIRECTION('',(-1.,0.,0.));
#22940=AXIS2_PLACEMENT_3D('',#22910,#22920,#22930);
#22950=CYLINDRICAL_SURFACE('',#22940,0.2);
#22960=CARTESIAN_POINT('',(-6.09490900000001,-9.56705076601684,
6.68701305915477));
#22970=CARTESIAN_POINT('',(-6.09490900000001,-9.55091755566257,
6.72102485294818));
#22980=CARTESIAN_POINT('',(-6.10355088372926,-9.52937388425157,
6.75181655662416));
#22990=CARTESIAN_POINT('',(-6.11646140990213,-9.50528244633057,
6.77732616777249));
#23000=CARTESIAN_POINT('',(-6.12945364138822,-9.48103854378847,
6.80299721856635));
#23010=CARTESIAN_POINT('',(-6.14678904851568,-9.45415020447691,
6.82369564450817));
#23020=CARTESIAN_POINT('',(-6.16583448666676,-9.42640247713203,
6.83978664982983));
#23030=CARTESIAN_POINT('',(-6.18498248667991,-9.39850532510277,
6.85596430705498));
#23040=CARTESIAN_POINT('',(-6.20618529222959,-9.36932778712143,
6.86773236520944));
#23050=CARTESIAN_POINT('',(-6.22790825299995,-9.34001913773287,
6.87545665844449));
#23060=CARTESIAN_POINT('',(-6.24970137933277,-9.31061582086823,
6.88320590128863));
#23070=CARTESIAN_POINT('',(-6.27238488157339,-9.28061960792891,
6.88701305915477));
#23080=CARTESIAN_POINT('',(-6.29490900000001,-9.250823,6.88701305915477)
);
#23090=B_SPLINE_CURVE_WITH_KNOTS('',3,(#22960,#22970,#22980,#22990,
#23000,#23010,#23020,#23030,#23040,#23050,#23060,#23070,#23080),
.UNSPECIFIED.,.F.,.F.,(4,3,3,3,4),(0.,0.112540850503901,
0.225090129840031,0.337553791823769,0.449912272909594),.UNSPECIFIED.);
#23100=SURFACE_CURVE('',#23090,(#22620,#22950),.CURVE_3D.);
#23110=CARTESIAN_POINT('',(-6.29490900000001,-9.250823,6.88701305915477)
);
#23120=VERTEX_POINT('',#23110);
#23130=EDGE_CURVE('',#22880,#23120,#23100,.T.);
#23140=ORIENTED_EDGE('',*,*,#23130,.F.);
#23150=CARTESIAN_POINT('',(0.,-9.250823,6.88701305915477));
#23160=DIRECTION('',(-1.,0.,0.));
#23170=VECTOR('',#23160,1.);
#23180=LINE('',#23150,#23170);
#23190=EDGE_CURVE('',#22690,#23120,#23180,.T.);
#23200=ORIENTED_EDGE('',*,*,#23190,.T.);
#23210=EDGE_LOOP('',(#23200,#23140,#22900,#22810,#22730));
#23220=FACE_OUTER_BOUND('',#23210,.T.);
#23230=ADVANCED_FACE('',(#23220),#22620,.T.);
#23240=CARTESIAN_POINT('',(0.105090999999985,3.299177,0.));
#23250=DIRECTION('',(0.,0.,-1.));
#23260=DIRECTION('',(-1.,0.,0.));
#23270=AXIS2_PLACEMENT_3D('',#23240,#23250,#23260);
#23280=CYLINDRICAL_SURFACE('',#23270,0.2);
#23290=CARTESIAN_POINT('',(0.105090999999985,3.299177,2.03701305915477))
;
#23300=DIRECTION('',(0.,0.707106781186548,-0.707106781186548));
#23310=DIRECTION('',(0.,-0.707106781186548,-0.707106781186548));
#23320=AXIS2_PLACEMENT_3D('',#23290,#23300,#23310);
#23330=ELLIPSE('',#23320,0.282842712474619,0.2);
#23340=CARTESIAN_POINT('',(-0.0949090000000155,3.299177,2.03701305915477
));
#23350=VERTEX_POINT('',#23340);
#23360=CARTESIAN_POINT('',(0.105090999999985,3.499177,2.23701305915477))
;
#23370=VERTEX_POINT('',#23360);
#23380=EDGE_CURVE('',#23350,#23370,#23330,.T.);
#23390=ORIENTED_EDGE('',*,*,#23380,.T.);
#23400=CARTESIAN_POINT('',(-0.0949090000000155,3.299177,0.));
#23410=DIRECTION('',(0.,0.,-1.));
#23420=VECTOR('',#23410,1.);
#23430=LINE('',#23400,#23420);
#23440=EDGE_CURVE('',#23350,#13550,#23430,.T.);
#23450=ORIENTED_EDGE('',*,*,#23440,.F.);
#23460=ORIENTED_EDGE('',*,*,#13560,.F.);
#23470=CARTESIAN_POINT('',(0.105090999999985,3.499177,0.));
#23480=DIRECTION('',(0.,0.,-1.));
#23490=VECTOR('',#23480,1.);
#23500=LINE('',#23470,#23490);
#23510=EDGE_CURVE('',#23370,#13460,#23500,.T.);
#23520=ORIENTED_EDGE('',*,*,#23510,.T.);
#23530=EDGE_LOOP('',(#23520,#23460,#23450,#23390));
#23540=FACE_OUTER_BOUND('',#23530,.T.);
#23550=ADVANCED_FACE('',(#23540),#23280,.T.);
#23560=CARTESIAN_POINT('',(0.,-9.400823,1.48701305915477));
#23570=DIRECTION('',(-1.,0.,0.));
#23580=DIRECTION('',(0.,1.,0.));
#23590=AXIS2_PLACEMENT_3D('',#23560,#23570,#23580);
#23600=CYLINDRICAL_SURFACE('',#23590,0.5);
#23610=CARTESIAN_POINT('',(-7.79490900000001,-9.400823,0.987013059154769
));
#23620=CARTESIAN_POINT('',(-7.77221746526269,-9.43670146668739,
0.987013059154769));
#23630=CARTESIAN_POINT('',(-7.74937917021717,-9.47278997156623,
0.990877322257401));
#23640=CARTESIAN_POINT('',(-7.72747142653251,-9.50840788216266,
0.998724804321034));
#23650=CARTESIAN_POINT('',(-7.70562052015554,-9.54393338588354,
1.00655192692825));
#23660=CARTESIAN_POINT('',(-7.68447051277228,-9.57928876566071,
1.018389237321));
#23670=CARTESIAN_POINT('',(-7.66534025294381,-9.61383771639333,
1.03465840780473));
#23680=CARTESIAN_POINT('',(-7.64625471311458,-9.64830590350515,
1.05088954653677));
#23690=CARTESIAN_POINT('',(-7.62921286377656,-9.68179296537827,
1.07141371240472));
#23700=CARTESIAN_POINT('',(-7.61633130680914,-9.71364346685919,
1.09695747912148));
#23710=CARTESIAN_POINT('',(-7.6034976356999,-9.74537556738901,
1.12240628952252));
#23720=CARTESIAN_POINT('',(-7.59490900000001,-9.77509250247835,
1.1527057291259));
#23730=CARTESIAN_POINT('',(-7.59490900000001,-9.80082300000001,
1.18701305915478));
#23740=B_SPLINE_CURVE_WITH_KNOTS('',3,(#23610,#23620,#23630,#23640,
#23650,#23660,#23670,#23680,#23690,#23700,#23710,#23720,#23730),
.UNSPECIFIED.,.F.,.F.,(4,3,3,3,4),(0.,0.127696584895577,0.25547295748563
,0.3833133395275,0.511294250632943),.UNSPECIFIED.);
#23750=SURFACE_CURVE('',#23740,(#23600,#19720),.CURVE_3D.);
#23760=CARTESIAN_POINT('',(-7.79490900000001,-9.400823,0.987013059154769
));
#23770=VERTEX_POINT('',#23760);
#23780=CARTESIAN_POINT('',(-7.59490900000001,-9.80082300000001,
1.18701305915477));
#23790=VERTEX_POINT('',#23780);
#23800=EDGE_CURVE('',#23770,#23790,#23750,.T.);
#23810=ORIENTED_EDGE('',*,*,#23800,.F.);
#23820=CARTESIAN_POINT('',(-7.59490900000001,-9.400823,1.48701305915477)
);
#23830=DIRECTION('',(-1.,0.,0.));
#23840=DIRECTION('',(0.,1.,0.));
#23850=AXIS2_PLACEMENT_3D('',#23820,#23830,#23840);
#23860=CIRCLE('',#23850,0.5);
#23870=CARTESIAN_POINT('',(-7.59490900000001,-9.900823,1.48701305915477)
);
#23880=VERTEX_POINT('',#23870);
#23890=EDGE_CURVE('',#23790,#23880,#23860,.T.);
#23900=ORIENTED_EDGE('',*,*,#23890,.F.);
#23910=CARTESIAN_POINT('',(0.,-9.900823,1.48701305915477));
#23920=DIRECTION('',(-1.,0.,0.));
#23930=VECTOR('',#23920,1.);
#23940=LINE('',#23910,#23930);
#23950=CARTESIAN_POINT('',(-6.29490900000001,-9.900823,1.48701305915477)
);
#23960=VERTEX_POINT('',#23950);
#23970=EDGE_CURVE('',#23960,#23880,#23940,.T.);
#23980=ORIENTED_EDGE('',*,*,#23970,.T.);
#23990=CARTESIAN_POINT('',(-6.29490900000001,-9.700823,
-0.0129869408452308));
#24000=DIRECTION('',(0.,0.,-1.));
#24010=DIRECTION('',(-1.,0.,0.));
#24020=AXIS2_PLACEMENT_3D('',#23990,#24000,#24010);
#24030=CYLINDRICAL_SURFACE('',#24020,0.2);
#24040=CARTESIAN_POINT('',(-6.10221225805567,-9.75437639059329,
1.13345966856149));
#24050=CARTESIAN_POINT('',(-6.10927054007075,-9.77977362376493,
1.15885690173313));
#24060=CARTESIAN_POINT('',(-6.12081382339528,-9.80192002976069,
1.18656053108372));
#24070=CARTESIAN_POINT('',(-6.13457153901074,-9.82037172899164,
1.21502250049234));
#24080=CARTESIAN_POINT('',(-6.14829672698853,-9.83877980250711,
1.24341717670677));
#24090=CARTESIAN_POINT('',(-6.16444546097146,-9.85386606999285,
1.27300621761152));
#24100=CARTESIAN_POINT('',(-6.18180227931182,-9.86576805065967,
1.3030943274712));
#24110=CARTESIAN_POINT('',(-6.19918129857907,-9.8776852550269,
1.33322092272109));
#24120=CARTESIAN_POINT('',(-6.21763945637031,-9.88636657429674,
1.36361757311688));
#24130=CARTESIAN_POINT('',(-6.23669344456707,-9.89216388286533,
1.39436348978464));
#24140=CARTESIAN_POINT('',(-6.25574972725634,-9.89796188954924,
1.42511310889383));
#24150=CARTESIAN_POINT('',(-6.27538369448511,-9.900823,1.4561408404359))
;
#24160=CARTESIAN_POINT('',(-6.29490900000001,-9.900823,1.48701305915477)
);
#24170=B_SPLINE_CURVE_WITH_KNOTS('',3,(#24040,#24050,#24060,#24070,
#24080,#24090,#24100,#24110,#24120,#24130,#24140,#24150,#24160),
.UNSPECIFIED.,.F.,.F.,(4,3,3,3,4),(0.,0.1101483594593,0.22011271688588,
0.329977297817362,0.439856534299455),.UNSPECIFIED.);
#24180=SURFACE_CURVE('',#24170,(#23600,#24030),.CURVE_3D.);
#24190=CARTESIAN_POINT('',(-6.10221225805567,-9.75437639059328,
1.1334596685615));
#24200=VERTEX_POINT('',#24190);
#24210=EDGE_CURVE('',#24200,#23960,#24180,.T.);
#24220=ORIENTED_EDGE('',*,*,#24210,.T.);
#24230=CARTESIAN_POINT('',(-6.29490900000001,-3.5527136788005E-15,
1.18701305915477));
#24240=DIRECTION('',(0.,-1.,0.));
#24250=DIRECTION('',(-1.,0.,0.));
#24260=AXIS2_PLACEMENT_3D('',#24230,#24240,#24250);
#24270=CYLINDRICAL_SURFACE('',#24260,0.2);
#24280=CARTESIAN_POINT('',(-6.29490900000001,-9.400823,0.987013059154769
));
#24290=CARTESIAN_POINT('',(-6.2753836944851,-9.43169521871889,
0.987013059154769));
#24300=CARTESIAN_POINT('',(-6.25574972725634,-9.46272295026094,
0.989874169605532));
#24310=CARTESIAN_POINT('',(-6.23669344456707,-9.49347256937013,
0.995672176289442));
#24320=CARTESIAN_POINT('',(-6.21763945637262,-9.52421848603417,
1.00146948485733));
#24330=CARTESIAN_POINT('',(-6.19918129857858,-9.55461513643453,
1.01015080412821));
#24340=CARTESIAN_POINT('',(-6.18180227931182,-9.58474173168358,
1.0220680084951));
#24350=CARTESIAN_POINT('',(-6.16444546097146,-9.61482984154324,
1.03396998916192));
#24360=CARTESIAN_POINT('',(-6.14829672698853,-9.64441888244801,
1.04905625664766));
#24370=CARTESIAN_POINT('',(-6.13457153901074,-9.67281355866243,
1.06746433016313));
#24380=CARTESIAN_POINT('',(-6.12081382339528,-9.70127552807105,
1.08591602939408));
#24390=CARTESIAN_POINT('',(-6.10927054007075,-9.72897915742164,
1.10806243538984));
#24400=CARTESIAN_POINT('',(-6.10221225805567,-9.75437639059328,
1.13345966856149));
#24410=B_SPLINE_CURVE_WITH_KNOTS('',3,(#24280,#24290,#24300,#24310,
#24320,#24330,#24340,#24350,#24360,#24370,#24380,#24390,#24400),
.UNSPECIFIED.,.F.,.F.,(4,3,3,3,4),(0.,0.109879236482095,0.21974381741358
,0.32970817484016,0.43985653429946),.UNSPECIFIED.);
#24420=SURFACE_CURVE('',#24410,(#23600,#24270),.CURVE_3D.);
#24430=CARTESIAN_POINT('',(-6.29490900000001,-9.400823,0.987013059154769
));
#24440=VERTEX_POINT('',#24430);
#24450=EDGE_CURVE('',#24440,#24200,#24420,.T.);
#24460=ORIENTED_EDGE('',*,*,#24450,.T.);
#24470=CARTESIAN_POINT('',(0.,-9.400823,0.987013059154769));
#24480=DIRECTION('',(-1.,0.,0.));
#24490=VECTOR('',#24480,1.);
#24500=LINE('',#24470,#24490);
#24510=EDGE_CURVE('',#24440,#23770,#24500,.T.);
#24520=ORIENTED_EDGE('',*,*,#24510,.F.);
#24530=EDGE_LOOP('',(#24520,#24460,#24220,#23980,#23900,#23810));
#24540=FACE_OUTER_BOUND('',#24530,.T.);
#24550=ADVANCED_FACE('',(#24540),#23600,.T.);
#24560=CARTESIAN_POINT('',(0.,-9.400823,6.38701305915477));
#24570=DIRECTION('',(1.,0.,0.));
#24580=DIRECTION('',(0.,-1.,0.));
#24590=AXIS2_PLACEMENT_3D('',#24560,#24570,#24580);
#24600=CYLINDRICAL_SURFACE('',#24590,0.5);
#24610=CARTESIAN_POINT('',(-6.10221225805567,-9.75437639059329,
6.74056644974805));
#24620=CARTESIAN_POINT('',(-6.10927054007075,-9.72897915742164,
6.7659636829197));
#24630=CARTESIAN_POINT('',(-6.12081382339528,-9.70127552807105,
6.78811008891545));
#24640=CARTESIAN_POINT('',(-6.13457153901074,-9.67281355866243,
6.80656178814641));
#24650=CARTESIAN_POINT('',(-6.14829672698853,-9.64441888244801,
6.82496986166188));
#24660=CARTESIAN_POINT('',(-6.16444546097146,-9.61482984154325,
6.84005612914762));
#24670=CARTESIAN_POINT('',(-6.18180227931182,-9.58474173168358,
6.85195810981444));
#24680=CARTESIAN_POINT('',(-6.19918129857949,-9.55461513643294,
6.86387531418196));
#24690=CARTESIAN_POINT('',(-6.21763945637078,-9.52421848603713,
6.87255663345165));
#24700=CARTESIAN_POINT('',(-6.23669344456707,-9.49347256937013,
6.8783539420201));
#24710=CARTESIAN_POINT('',(-6.25574972725634,-9.46272295026094,
6.88415194870401));
#24720=CARTESIAN_POINT('',(-6.27538369448511,-9.43169521871888,
6.88701305915477));
#24730=CARTESIAN_POINT('',(-6.29490900000001,-9.400823,6.88701305915477)
);
#24740=B_SPLINE_CURVE_WITH_KNOTS('',3,(#24610,#24620,#24630,#24640,
#24650,#24660,#24670,#24680,#24690,#24700,#24710,#24720,#24730),
.UNSPECIFIED.,.F.,.F.,(4,3,3,3,4),(0.,0.110148359459301,
0.220112716885882,0.329977297817367,0.439856534299461),.UNSPECIFIED.);
#24750=SURFACE_CURVE('',#24740,(#24600,#22950),.CURVE_3D.);
#24760=CARTESIAN_POINT('',(-6.10221225805567,-9.75437639059328,
6.74056644974804));
#24770=VERTEX_POINT('',#24760);
#24780=CARTESIAN_POINT('',(-6.29490900000001,-9.400823,6.88701305915477)
);
#24790=VERTEX_POINT('',#24780);
#24800=EDGE_CURVE('',#24770,#24790,#24750,.T.);
#24810=ORIENTED_EDGE('',*,*,#24800,.T.);
#24820=CARTESIAN_POINT('',(-6.29490900000001,-9.900823,6.38701305915477)
);
#24830=CARTESIAN_POINT('',(-6.27538369448511,-9.900823,6.41788527787364)
);
#24840=CARTESIAN_POINT('',(-6.25574972725634,-9.89796188954924,
6.44891300941571));
#24850=CARTESIAN_POINT('',(-6.23669344456707,-9.89216388286533,
6.47966262852489));
#24860=CARTESIAN_POINT('',(-6.21763945637031,-9.88636657429674,
6.51040854519265));
#24870=CARTESIAN_POINT('',(-6.19918129857907,-9.8776852550269,
6.54080519558845));
#24880=CARTESIAN_POINT('',(-6.18180227931182,-9.86576805065967,
6.57093179083834));
#24890=CARTESIAN_POINT('',(-6.16444546097145,-9.85386606999285,
6.60101990069802));
#24900=CARTESIAN_POINT('',(-6.14829672698854,-9.83877980250712,
6.63060894160277));
#24910=CARTESIAN_POINT('',(-6.13457153901075,-9.82037172899164,
6.6590036178172));
#24920=CARTESIAN_POINT('',(-6.12081382339528,-9.80192002976069,
6.68746558722582));
#24930=CARTESIAN_POINT('',(-6.10927054007075,-9.77977362376493,
6.71516921657641));
#24940=CARTESIAN_POINT('',(-6.10221225805567,-9.75437639059329,
6.74056644974805));
#24950=B_SPLINE_CURVE_WITH_KNOTS('',3,(#24820,#24830,#24840,#24850,
#24860,#24870,#24880,#24890,#24900,#24910,#24920,#24930,#24940),
.UNSPECIFIED.,.F.,.F.,(4,3,3,3,4),(0.,0.109879236482094,
0.219743817413576,0.329708174840156,0.439856534299456),.UNSPECIFIED.);
#24960=SURFACE_CURVE('',#24950,(#24600,#24030),.CURVE_3D.);
#24970=CARTESIAN_POINT('',(-6.29490900000001,-9.900823,6.38701305915477)
);
#24980=VERTEX_POINT('',#24970);
#24990=EDGE_CURVE('',#24980,#24770,#24960,.T.);
#25000=ORIENTED_EDGE('',*,*,#24990,.T.);
#25010=CARTESIAN_POINT('',(0.,-9.900823,6.38701305915477));
#25020=DIRECTION('',(1.,0.,0.));
#25030=VECTOR('',#25020,1.);
#25040=LINE('',#25010,#25030);
#25050=CARTESIAN_POINT('',(-7.59490900000001,-9.900823,6.38701305915477)
);
#25060=VERTEX_POINT('',#25050);
#25070=EDGE_CURVE('',#25060,#24980,#25040,.T.);
#25080=ORIENTED_EDGE('',*,*,#25070,.T.);
#25090=CARTESIAN_POINT('',(-7.59490900000001,-9.400823,6.38701305915477)
);
#25100=DIRECTION('',(1.,0.,0.));
#25110=DIRECTION('',(0.,-1.,0.));
#25120=AXIS2_PLACEMENT_3D('',#25090,#25100,#25110);
#25130=CIRCLE('',#25120,0.5);
#25140=CARTESIAN_POINT('',(-7.59490900000001,-9.80082300000001,
6.68701305915476));
#25150=VERTEX_POINT('',#25140);
#25160=EDGE_CURVE('',#25150,#25060,#25130,.T.);
#25170=ORIENTED_EDGE('',*,*,#25160,.T.);
#25180=CARTESIAN_POINT('',(-7.79490900000001,-3.5527136788005E-15,
6.68701305915477));
#25190=DIRECTION('',(0.,-1.,0.));
#25200=DIRECTION('',(-1.,0.,0.));
#25210=AXIS2_PLACEMENT_3D('',#25180,#25190,#25200);
#25220=CYLINDRICAL_SURFACE('',#25210,0.2);
#25230=CARTESIAN_POINT('',(-7.59490900000001,-9.80082300000001,
6.68701305915476));
#25240=CARTESIAN_POINT('',(-7.59490900000001,-9.77509250247475,
6.72132038918845));
#25250=CARTESIAN_POINT('',(-7.60349763569913,-9.7453755673909,
6.7516198287855));
#25260=CARTESIAN_POINT('',(-7.61633130680914,-9.7136434668592,
6.77706863918806));
#25270=CARTESIAN_POINT('',(-7.6292128637741,-9.68179296538435,
6.80261240589994));
#25280=CARTESIAN_POINT('',(-7.64625471312181,-9.6483059034921,
6.82313657177891));
#25290=CARTESIAN_POINT('',(-7.66534025294381,-9.61383771639333,
6.8393677105048));
#25300=CARTESIAN_POINT('',(-7.68447051276904,-9.57928876566656,
6.85563688098579));
#25310=CARTESIAN_POINT('',(-7.70562052015177,-9.54393338588968,
6.86747419137994));
#25320=CARTESIAN_POINT('',(-7.72747142653251,-9.50840788216266,
6.8753013139885));
#25330=CARTESIAN_POINT('',(-7.74937917021717,-9.47278997156623,
6.88314879605214));
#25340=CARTESIAN_POINT('',(-7.77221746526269,-9.43670146668739,
6.88701305915477));
#25350=CARTESIAN_POINT('',(-7.79490900000001,-9.400823,6.88701305915477)
);
#25360=B_SPLINE_CURVE_WITH_KNOTS('',3,(#25230,#25240,#25250,#25260,
#25270,#25280,#25290,#25300,#25310,#25320,#25330,#25340,#25350),
.UNSPECIFIED.,.F.,.F.,(4,3,3,3,4),(0.,0.12798091110544,0.255821293147311
,0.383597665737364,0.511294250632942),.UNSPECIFIED.);
#25370=SURFACE_CURVE('',#25360,(#24600,#25220),.CURVE_3D.);
#25380=CARTESIAN_POINT('',(-7.79490900000001,-9.400823,6.88701305915477)
);
#25390=VERTEX_POINT('',#25380);
#25400=EDGE_CURVE('',#25150,#25390,#25370,.T.);
#25410=ORIENTED_EDGE('',*,*,#25400,.F.);
#25420=CARTESIAN_POINT('',(0.,-9.400823,6.88701305915477));
#25430=DIRECTION('',(1.,0.,0.));
#25440=VECTOR('',#25430,1.);
#25450=LINE('',#25420,#25440);
#25460=EDGE_CURVE('',#25390,#24790,#25450,.T.);
#25470=ORIENTED_EDGE('',*,*,#25460,.F.);
#25480=EDGE_LOOP('',(#25470,#25410,#25170,#25080,#25000,#24810));
#25490=FACE_OUTER_BOUND('',#25480,.T.);
#25500=ADVANCED_FACE('',(#25490),#24600,.T.);
#25510=CARTESIAN_POINT('',(1.45509099999999,-4.250823,
-0.0129869408452308));
#25520=DIRECTION('',(0.,0.,-1.));
#25530=DIRECTION('',(-1.,0.,0.));
#25540=AXIS2_PLACEMENT_3D('',#25510,#25520,#25530);
#25550=SPHERICAL_SURFACE('',#25540,0.4);
#25560=ORIENTED_EDGE('',*,*,#7320,.T.);
#25570=CARTESIAN_POINT('',(1.45509099999999,-4.250823,
-0.0129869408452308));
#25580=DIRECTION('',(0.,-2.2168165810152E-18,-1.));
#25590=DIRECTION('',(0.,-1.,2.2168165810152E-18));
#25600=AXIS2_PLACEMENT_3D('',#25570,#25580,#25590);
#25610=CIRCLE('',#25600,0.4);
#25620=EDGE_CURVE('',#13780,#7220,#25610,.T.);
#25630=ORIENTED_EDGE('',*,*,#25620,.T.);
#25640=ORIENTED_EDGE('',*,*,#14010,.F.);
#25650=EDGE_LOOP('',(#25640,#25630,#25560));
#25660=FACE_OUTER_BOUND('',#25650,.T.);
#25670=ADVANCED_FACE('',(#25660),#25550,.T.);
#25680=ORIENTED_EDGE('',*,*,#11640,.T.);
#25690=CARTESIAN_POINT('',(-6.49490900000001,2.799177,
3.67381906146713E-17));
#25700=DIRECTION('',(0.,1.22460635382238E-16,-1.));
#25710=VECTOR('',#25700,1.);
#25720=LINE('',#25690,#25710);
#25730=CARTESIAN_POINT('',(-6.49490900000001,2.799177,7.03701305915477))
;
#25740=VERTEX_POINT('',#25730);
#25750=EDGE_CURVE('',#25740,#11550,#25720,.T.);
#25760=ORIENTED_EDGE('',*,*,#25750,.T.);
#25770=CARTESIAN_POINT('',(0.,2.799177,7.03701305915477));
#25780=DIRECTION('',(1.,0.,0.));
#25790=VECTOR('',#25780,1.);
#25800=LINE('',#25770,#25790);
#25810=EDGE_CURVE('',#16200,#25740,#25800,.T.);
#25820=ORIENTED_EDGE('',*,*,#25810,.T.);
#25830=ORIENTED_EDGE('',*,*,#16210,.T.);
#25840=EDGE_LOOP('',(#25830,#25820,#25760,#25680));
#25850=FACE_OUTER_BOUND('',#25840,.T.);
#25860=ADVANCED_FACE('',(#25850),#3230,.T.);
#25870=CARTESIAN_POINT('',(2.15509099999999,0.,6.83701305915477));
#25880=DIRECTION('',(0.,-1.,0.));
#25890=DIRECTION('',(-1.,0.,0.));
#25900=AXIS2_PLACEMENT_3D('',#25870,#25880,#25890);
#25910=CYLINDRICAL_SURFACE('',#25900,0.3);
#25920=CARTESIAN_POINT('',(1.85509099999999,0.,6.83701305915477));
#25930=DIRECTION('',(0.,-1.,0.));
#25940=VECTOR('',#25930,1.);
#25950=LINE('',#25920,#25940);
#25960=CARTESIAN_POINT('',(1.85509099999999,3.099177,6.83701305915477));
#25970=VERTEX_POINT('',#25960);
#25980=CARTESIAN_POINT('',(1.85509099999999,1.499177,6.83701305915477));
#25990=VERTEX_POINT('',#25980);
#26000=EDGE_CURVE('',#25970,#25990,#25950,.T.);
#26010=ORIENTED_EDGE('',*,*,#26000,.T.);
#26020=EDGE_CURVE('',#25970,#18930,#19140,.T.);
#26030=ORIENTED_EDGE('',*,*,#26020,.F.);
#26040=ORIENTED_EDGE('',*,*,#19150,.F.);
#26050=ORIENTED_EDGE('',*,*,#10690,.F.);
#26060=CARTESIAN_POINT('',(2.15509099999999,1.499177,6.83701305915477));
#26070=DIRECTION('',(0.,1.,0.));
#26080=DIRECTION('',(1.,0.,0.));
#26090=AXIS2_PLACEMENT_3D('',#26060,#26070,#26080);
#26100=CIRCLE('',#26090,0.3);
#26110=EDGE_CURVE('',#10620,#25990,#26100,.T.);
#26120=ORIENTED_EDGE('',*,*,#26110,.F.);
#26130=EDGE_LOOP('',(#26120,#26050,#26040,#26030,#26010));
#26140=FACE_OUTER_BOUND('',#26130,.T.);
#26150=ADVANCED_FACE('',(#26140),#25910,.F.);
#26160=CARTESIAN_POINT('',(1.70509099999999,-6.62582300000001,
6.71201305915477));
#26170=DIRECTION('',(0.707106781186547,8.65927457071936E-17,
-0.707106781186548));
#26180=DIRECTION('',(-0.707106781186548,2.09345661157837E-15,
-0.707106781186547));
#26190=AXIS2_PLACEMENT_3D('',#26160,#26170,#26180);
#26200=PLANE('',#26190);
#26210=CARTESIAN_POINT('',(-3.24573199999999,0.,1.76119005915479));
#26220=DIRECTION('',(-0.577350269189625,0.577350269189628,
-0.577350269189625));
#26230=VECTOR('',#26220,1.);
#26240=LINE('',#26210,#26230);
#26250=CARTESIAN_POINT('',(1.85509099999999,-5.100823,6.86201305915477))
;
#26260=VERTEX_POINT('',#26250);
#26270=CARTESIAN_POINT('',(1.55509099999999,-4.800823,6.56201305915477))
;
#26280=VERTEX_POINT('',#26270);
#26290=EDGE_CURVE('',#26260,#26280,#26240,.T.);
#26300=ORIENTED_EDGE('',*,*,#26290,.F.);
#26310=CARTESIAN_POINT('',(1.55509099999999,0.,6.56201305915477));
#26320=DIRECTION('',(0.,1.,1.22460635382238E-16));
#26330=VECTOR('',#26320,1.);
#26340=LINE('',#26310,#26330);
#26350=CARTESIAN_POINT('',(1.55509099999999,-8.15082300000001,
6.56201305915477));
#26360=VERTEX_POINT('',#26350);
#26370=EDGE_CURVE('',#26360,#26280,#26340,.T.);
#26380=ORIENTED_EDGE('',*,*,#26370,.T.);
#26390=CARTESIAN_POINT('',(1.85509099999999,-8.15082300000001,
6.86201305915477));
#26400=DIRECTION('',(-0.707106781186548,0.,-0.707106781186547));
#26410=VECTOR('',#26400,1.);
#26420=LINE('',#26390,#26410);
#26430=CARTESIAN_POINT('',(1.85509099999999,-8.15082300000001,
6.86201305915477));
#26440=VERTEX_POINT('',#26430);
#26450=EDGE_CURVE('',#26440,#26360,#26420,.T.);
#26460=ORIENTED_EDGE('',*,*,#26450,.T.);
#26470=CARTESIAN_POINT('',(1.85509099999999,-6.62582300000001,
6.86201305915477));
#26480=DIRECTION('',(0.,1.,1.22460635382238E-16));
#26490=VECTOR('',#26480,1.);
#26500=LINE('',#26470,#26490);
#26510=EDGE_CURVE('',#26440,#26260,#26500,.T.);
#26520=ORIENTED_EDGE('',*,*,#26510,.F.);
#26530=EDGE_LOOP('',(#26520,#26460,#26380,#26300));
#26540=FACE_OUTER_BOUND('',#26530,.T.);
#26550=ADVANCED_FACE('',(#26540),#26200,.T.);
#26560=CARTESIAN_POINT('',(-6.09490900000002,5.999177,
-0.0129869408452317));
#26570=DIRECTION('',(0.453246676376341,0.891385130206804,0.));
#26580=DIRECTION('',(0.891385130206804,-0.453246676376341,0.));
#26590=AXIS2_PLACEMENT_3D('',#26560,#26570,#26580);
#26600=PLANE('',#26590);
#26610=CARTESIAN_POINT('',(-3.41828566181184,4.6381820822772,0.));
#26620=DIRECTION('',(0.,0.,1.));
#26630=VECTOR('',#26620,1.);
#26640=LINE('',#26610,#26630);
#26650=CARTESIAN_POINT('',(-3.41828566181185,4.6381820822772,
0.43701305915477));
#26660=VERTEX_POINT('',#26650);
#26670=EDGE_CURVE('',#8200,#26660,#26640,.T.);
#26680=ORIENTED_EDGE('',*,*,#26670,.F.);
#26690=CARTESIAN_POINT('',(0.181298670550536,2.80788496412684,
0.43701305915477));
#26700=DIRECTION('',(0.891385130206804,-0.453246676376341,0.));
#26710=VECTOR('',#26700,1.);
#26720=LINE('',#26690,#26710);
#26730=EDGE_CURVE('',#6530,#26660,#26720,.T.);
#26740=ORIENTED_EDGE('',*,*,#26730,.T.);
#26750=ORIENTED_EDGE('',*,*,#6540,.T.);
#26760=ORIENTED_EDGE('',*,*,#8270,.T.);
#26770=EDGE_LOOP('',(#26760,#26750,#26740,#26680));
#26780=FACE_OUTER_BOUND('',#26770,.T.);
#26790=ADVANCED_FACE('',(#26780),#26600,.T.);
#26800=CARTESIAN_POINT('',(1.70509099999999,-9.00082300000001,
3.93701305915477));
#26810=DIRECTION('',(0.707106781186549,0.707106781186546,
-1.78216217210298E-16));
#26820=DIRECTION('',(-0.707106781186546,0.707106781186549,0.));
#26830=AXIS2_PLACEMENT_3D('',#26800,#26810,#26820);
#26840=PLANE('',#26830);
#26850=CARTESIAN_POINT('',(1.55509099999999,-8.85082300000001,
5.86201305915477));
#26860=DIRECTION('',(0.707106781186546,-0.707106781186549,0.));
#26870=VECTOR('',#26860,1.);
#26880=LINE('',#26850,#26870);
#26890=CARTESIAN_POINT('',(1.55509099999999,-8.85082300000001,
5.86201305915477));
#26900=VERTEX_POINT('',#26890);
#26910=CARTESIAN_POINT('',(1.85509099999999,-9.15082300000001,
5.86201305915477));
#26920=VERTEX_POINT('',#26910);
#26930=EDGE_CURVE('',#26900,#26920,#26880,.T.);
#26940=ORIENTED_EDGE('',*,*,#26930,.T.);
#26950=CARTESIAN_POINT('',(1.55509099999999,-8.85082300000001,0.));
#26960=DIRECTION('',(-4.93038065763132E-32,-2.52035791413633E-16,-1.));
#26970=VECTOR('',#26960,1.);
#26980=LINE('',#26950,#26970);
#26990=EDGE_CURVE('',#26900,#12640,#26980,.T.);
#27000=ORIENTED_EDGE('',*,*,#26990,.F.);
#27010=ORIENTED_EDGE('',*,*,#12650,.T.);
#27020=CARTESIAN_POINT('',(1.85509099999999,-9.15082300000001,
3.93701305915477));
#27030=DIRECTION('',(0.,2.52035791413633E-16,1.));
#27040=VECTOR('',#27030,1.);
#27050=LINE('',#27020,#27040);
#27060=EDGE_CURVE('',#12560,#26920,#27050,.T.);
#27070=ORIENTED_EDGE('',*,*,#27060,.F.);
#27080=EDGE_LOOP('',(#27070,#27010,#27000,#26940));
#27090=FACE_OUTER_BOUND('',#27080,.T.);
#27100=ADVANCED_FACE('',(#27090),#26840,.T.);
#27110=CARTESIAN_POINT('',(-18.344909,-5.600823,0.));
#27120=DIRECTION('',(0.,1.22460635382238E-16,-1.));
#27130=DIRECTION('',(0.,-1.,-1.22460635382238E-16));
#27140=AXIS2_PLACEMENT_3D('',#27110,#27120,#27130);
#27150=CYLINDRICAL_SURFACE('',#27140,0.5);
#27160=CARTESIAN_POINT('',(-18.344909,-5.600823,0.787013059154769));
#27170=DIRECTION('',(0.,1.22460635382238E-16,-1.));
#27180=DIRECTION('',(0.,-1.,-1.22460635382238E-16));
#27190=AXIS2_PLACEMENT_3D('',#27160,#27170,#27180);
#27200=CIRCLE('',#27190,0.5);
#27210=CARTESIAN_POINT('',(-18.844909,-5.600823,0.787013059154769));
#27220=VERTEX_POINT('',#27210);
#27230=EDGE_CURVE('',#21200,#27220,#27200,.T.);
#27240=ORIENTED_EDGE('',*,*,#27230,.F.);
#27250=CARTESIAN_POINT('',(-18.844909,-5.600823,0.));
#27260=DIRECTION('',(0.,1.22460635382238E-16,-1.));
#27270=VECTOR('',#27260,1.);
#27280=LINE('',#27250,#27270);
#27290=CARTESIAN_POINT('',(-18.844909,-5.600823,7.08701305915477));
#27300=VERTEX_POINT('',#27290);
#27310=EDGE_CURVE('',#27300,#27220,#27280,.T.);
#27320=ORIENTED_EDGE('',*,*,#27310,.T.);
#27330=CARTESIAN_POINT('',(-18.344909,-5.600823,7.08701305915477));
#27340=DIRECTION('',(0.,1.22460635382238E-16,-1.));
#27350=DIRECTION('',(0.,-1.,-1.22460635382238E-16));
#27360=AXIS2_PLACEMENT_3D('',#27330,#27340,#27350);
#27370=CIRCLE('',#27360,0.5);
#27380=CARTESIAN_POINT('',(-18.344909,-6.100823,7.08701305915477));
#27390=VERTEX_POINT('',#27380);
#27400=EDGE_CURVE('',#27390,#27300,#27370,.T.);
#27410=ORIENTED_EDGE('',*,*,#27400,.T.);
#27420=CARTESIAN_POINT('',(-18.344909,-6.100823,-6.12303176911189E-17));
#27430=DIRECTION('',(0.,1.22460635382238E-16,-1.));
#27440=VECTOR('',#27430,1.);
#27450=LINE('',#27420,#27440);
#27460=EDGE_CURVE('',#27390,#21200,#27450,.T.);
#27470=ORIENTED_EDGE('',*,*,#27460,.F.);
#27480=EDGE_LOOP('',(#27470,#27410,#27320,#27240));
#27490=FACE_OUTER_BOUND('',#27480,.T.);
#27500=ADVANCED_FACE('',(#27490),#27150,.T.);
#27510=CARTESIAN_POINT('',(1.45509099999999,-9.400823,7.08701305915477))
;
#27520=DIRECTION('',(1.,0.,0.));
#27530=DIRECTION('',(0.,-1.,0.));
#27540=AXIS2_PLACEMENT_3D('',#27510,#27520,#27530);
#27550=TOROIDAL_SURFACE('',#27540,0.4,0.4);
#27560=ORIENTED_EDGE('',*,*,#17560,.T.);
#27570=CARTESIAN_POINT('',(1.85509099999999,-9.400823,7.08701305915477))
;
#27580=DIRECTION('',(-1.,0.,0.));
#27590=DIRECTION('',(0.,-1.,0.));
#27600=AXIS2_PLACEMENT_3D('',#27570,#27580,#27590);
#27610=CIRCLE('',#27600,0.4);
#27620=CARTESIAN_POINT('',(1.85509099999999,-9.800823,7.08701305915477))
;
#27630=VERTEX_POINT('',#27620);
#27640=EDGE_CURVE('',#27630,#17550,#27610,.T.);
#27650=ORIENTED_EDGE('',*,*,#27640,.T.);
#27660=CARTESIAN_POINT('',(1.45509099999999,-9.800823,7.08701305915477))
;
#27670=DIRECTION('',(0.,0.,-1.));
#27680=DIRECTION('',(-1.,0.,0.));
#27690=AXIS2_PLACEMENT_3D('',#27660,#27670,#27680);
#27700=CIRCLE('',#27690,0.4);
#27710=EDGE_CURVE('',#27630,#6850,#27700,.T.);
#27720=ORIENTED_EDGE('',*,*,#27710,.F.);
#27730=ORIENTED_EDGE('',*,*,#7020,.F.);
#27740=EDGE_LOOP('',(#27730,#27720,#27650,#27560));
#27750=FACE_OUTER_BOUND('',#27740,.T.);
#27760=ADVANCED_FACE('',(#27750),#27550,.T.);
#27770=CARTESIAN_POINT('',(-9.84490900000002,1.499177,7.08701305915477))
;
#27780=DIRECTION('',(0.,-1.,-1.22460635382238E-16));
#27790=DIRECTION('',(0.,1.22460635382238E-16,-1.));
#27800=AXIS2_PLACEMENT_3D('',#27770,#27780,#27790);
#27810=PLANE('',#27800);
#27820=CARTESIAN_POINT('',(-5.53192205915475,1.499177,0.));
#27830=DIRECTION('',(0.707106781186546,-1.11022302462516E-16,
0.707106781186549));
#27840=VECTOR('',#27830,1.);
#27850=LINE('',#27820,#27840);
#27860=CARTESIAN_POINT('',(1.55509099999999,1.499177,7.08701305915477));
#27870=VERTEX_POINT('',#27860);
#27880=CARTESIAN_POINT('',(1.85509099999999,1.499177,7.38701305915477));
#27890=VERTEX_POINT('',#27880);
#27900=EDGE_CURVE('',#27870,#27890,#27850,.T.);
#27910=ORIENTED_EDGE('',*,*,#27900,.F.);
#27920=CARTESIAN_POINT('',(1.85509099999999,1.499177,0.));
#27930=DIRECTION('',(0.,-1.22460635382238E-16,1.));
#27940=VECTOR('',#27930,1.);
#27950=LINE('',#27920,#27940);
#27960=EDGE_CURVE('',#25990,#27890,#27950,.T.);
#27970=ORIENTED_EDGE('',*,*,#27960,.T.);
#27980=ORIENTED_EDGE('',*,*,#26110,.T.);
#27990=ORIENTED_EDGE('',*,*,#10630,.F.);
#28000=ORIENTED_EDGE('',*,*,#10120,.T.);
#28010=ORIENTED_EDGE('',*,*,#9350,.F.);
#28020=CARTESIAN_POINT('',(1.55509099999999,1.499177,0.));
#28030=DIRECTION('',(0.,-1.22460635382238E-16,1.));
#28040=VECTOR('',#28030,1.);
#28050=LINE('',#28020,#28040);
#28060=EDGE_CURVE('',#9260,#27870,#28050,.T.);
#28070=ORIENTED_EDGE('',*,*,#28060,.F.);
#28080=EDGE_LOOP('',(#28070,#28010,#28000,#27990,#27980,#27970,#27910));
#28090=FACE_OUTER_BOUND('',#28080,.T.);
#28100=ADVANCED_FACE('',(#28090),#27810,.T.);
#28110=CARTESIAN_POINT('',(1.45509099999999,-9.800823,0.));
#28120=DIRECTION('',(0.,0.,-1.));
#28130=DIRECTION('',(-1.,0.,0.));
#28140=AXIS2_PLACEMENT_3D('',#28110,#28120,#28130);
#28150=CYLINDRICAL_SURFACE('',#28140,0.4);
#28160=CARTESIAN_POINT('',(1.45509099999999,-9.800823,0.787013059154769)
);
#28170=DIRECTION('',(0.,2.77555756156289E-16,-1.));
#28180=DIRECTION('',(0.,-1.,-2.77555756156289E-16));
#28190=AXIS2_PLACEMENT_3D('',#28160,#28170,#28180);
#28200=CIRCLE('',#28190,0.4);
#28210=CARTESIAN_POINT('',(1.85509099999999,-9.800823,0.787013059154769)
);
#28220=VERTEX_POINT('',#28210);
#28230=CARTESIAN_POINT('',(1.45509099999999,-10.200823,0.787013059154769
));
#28240=VERTEX_POINT('',#28230);
#28250=EDGE_CURVE('',#28220,#28240,#28200,.T.);
#28260=ORIENTED_EDGE('',*,*,#28250,.F.);
#28270=CARTESIAN_POINT('',(1.45509099999999,-10.200823,0.));
#28280=DIRECTION('',(0.,0.,-1.));
#28290=VECTOR('',#28280,1.);
#28300=LINE('',#28270,#28290);
#28310=EDGE_CURVE('',#6850,#28240,#28300,.T.);
#28320=ORIENTED_EDGE('',*,*,#28310,.T.);
#28330=ORIENTED_EDGE('',*,*,#27710,.T.);
#28340=CARTESIAN_POINT('',(1.85509099999999,-9.800823,0.));
#28350=DIRECTION('',(0.,0.,-1.));
#28360=VECTOR('',#28350,1.);
#28370=LINE('',#28340,#28360);
#28380=EDGE_CURVE('',#27630,#28220,#28370,.T.);
#28390=ORIENTED_EDGE('',*,*,#28380,.F.);
#28400=EDGE_LOOP('',(#28390,#28330,#28320,#28260));
#28410=FACE_OUTER_BOUND('',#28400,.T.);
#28420=ADVANCED_FACE('',(#28410),#28150,.T.);
#28430=CARTESIAN_POINT('',(-6.33454643244974,4.999177,0.43701305915477))
;
#28440=DIRECTION('',(0.,0.,1.));
#28450=DIRECTION('',(1.,0.,0.));
#28460=AXIS2_PLACEMENT_3D('',#28430,#28440,#28450);
#28470=TOROIDAL_SURFACE('',#28460,0.6,0.4);
#28480=CARTESIAN_POINT('',(-6.06259842662393,5.53400807812408,
0.43701305915477));
#28490=DIRECTION('',(-0.891385130206804,0.45324667637634,0.));
#28500=DIRECTION('',(0.45324667637634,0.891385130206804,0.));
#28510=AXIS2_PLACEMENT_3D('',#28480,#28490,#28500);
#28520=CIRCLE('',#28510,0.4);
#28530=EDGE_CURVE('',#12060,#6530,#28520,.T.);
#28540=ORIENTED_EDGE('',*,*,#28530,.T.);
#28550=ORIENTED_EDGE('',*,*,#12070,.F.);
#28560=CARTESIAN_POINT('',(-6.33454643244974,5.599177,0.43701305915477))
;
#28570=DIRECTION('',(-1.,0.,0.));
#28580=DIRECTION('',(0.,1.,0.));
#28590=AXIS2_PLACEMENT_3D('',#28560,#28570,#28580);
#28600=CIRCLE('',#28590,0.4);
#28610=EDGE_CURVE('',#11970,#6620,#28600,.T.);
#28620=ORIENTED_EDGE('',*,*,#28610,.F.);
#28630=ORIENTED_EDGE('',*,*,#6630,.T.);
#28640=EDGE_LOOP('',(#28630,#28620,#28550,#28540));
#28650=FACE_OUTER_BOUND('',#28640,.T.);
#28660=ADVANCED_FACE('',(#28650),#28470,.T.);
#28670=CARTESIAN_POINT('',(1.85509099999999,3.499177,2.23701305915477));
#28680=DIRECTION('',(0.,1.,0.));
#28690=DIRECTION('',(0.,0.,-1.));
#28700=AXIS2_PLACEMENT_3D('',#28670,#28680,#28690);
#28710=PLANE('',#28700);
#28720=CARTESIAN_POINT('',(-3.54490900000002,3.499177,0.43701305915477))
;
#28730=DIRECTION('',(0.,-1.,0.));
#28740=DIRECTION('',(-1.,0.,0.));
#28750=AXIS2_PLACEMENT_3D('',#28720,#28730,#28740);
#28760=CIRCLE('',#28750,0.4);
#28770=CARTESIAN_POINT('',(-3.14490900000002,3.499177,0.43701305915477))
;
#28780=VERTEX_POINT('',#28770);
#28790=CARTESIAN_POINT('',(-3.19849883848624,3.499177,0.63701305915477))
;
#28800=VERTEX_POINT('',#28790);
#28810=EDGE_CURVE('',#28780,#28800,#28760,.T.);
#28820=ORIENTED_EDGE('',*,*,#28810,.T.);
#28830=CARTESIAN_POINT('',(-3.14490900000002,3.499177,0.));
#28840=DIRECTION('',(0.,0.,-1.));
#28850=VECTOR('',#28840,1.);
#28860=LINE('',#28830,#28850);
#28870=EDGE_CURVE('',#28780,#950,#28860,.T.);
#28880=ORIENTED_EDGE('',*,*,#28870,.F.);
#28890=ORIENTED_EDGE('',*,*,#1190,.T.);
#28900=CARTESIAN_POINT('',(1.45509099999999,3.499177,0.));
#28910=DIRECTION('',(0.,0.,1.));
#28920=VECTOR('',#28910,1.);
#28930=LINE('',#28900,#28920);
#28940=EDGE_CURVE('',#1120,#6270,#28930,.T.);
#28950=ORIENTED_EDGE('',*,*,#28940,.F.);
#28960=ORIENTED_EDGE('',*,*,#6280,.F.);
#28970=CARTESIAN_POINT('',(-1.4210854715202E-14,3.499177,
1.33701305915477));
#28980=DIRECTION('',(-1.,0.,0.));
#28990=VECTOR('',#28980,1.);
#29000=LINE('',#28970,#28990);
#29010=CARTESIAN_POINT('',(3.85509099999999,3.499177,1.33701305915477));
#29020=VERTEX_POINT('',#29010);
#29030=EDGE_CURVE('',#29020,#6090,#29000,.T.);
#29040=ORIENTED_EDGE('',*,*,#29030,.T.);
#29050=CARTESIAN_POINT('',(3.85509099999999,3.499177,-0.0129869408452308
));
#29060=DIRECTION('',(0.,0.,-1.));
#29070=VECTOR('',#29060,1.);
#29080=LINE('',#29050,#29070);
#29090=CARTESIAN_POINT('',(3.85509099999999,3.499177,2.23701305915477));
#29100=VERTEX_POINT('',#29090);
#29110=EDGE_CURVE('',#29100,#29020,#29080,.T.);
#29120=ORIENTED_EDGE('',*,*,#29110,.T.);
#29130=CARTESIAN_POINT('',(-1.4210854715202E-14,3.499177,
2.23701305915477));
#29140=DIRECTION('',(1.,0.,0.));
#29150=VECTOR('',#29140,1.);
#29160=LINE('',#29130,#29150);
#29170=EDGE_CURVE('',#23370,#29100,#29160,.T.);
#29180=ORIENTED_EDGE('',*,*,#29170,.T.);
#29190=ORIENTED_EDGE('',*,*,#23510,.F.);
#29200=ORIENTED_EDGE('',*,*,#13470,.F.);
#29210=CARTESIAN_POINT('',(0.,3.499177,0.63701305915477));
#29220=DIRECTION('',(-1.,0.,0.));
#29230=VECTOR('',#29220,1.);
#29240=LINE('',#29210,#29230);
#29250=EDGE_CURVE('',#13370,#28800,#29240,.T.);
#29260=ORIENTED_EDGE('',*,*,#29250,.F.);
#29270=EDGE_LOOP('',(#29260,#29200,#29190,#29180,#29120,#29040,#28960,
#28950,#28890,#28880,#28820));
#29280=FACE_OUTER_BOUND('',#29270,.T.);
#29290=ADVANCED_FACE('',(#29280),#28710,.T.);
#29300=CARTESIAN_POINT('',(-18.644909,-1.650823,3.93701305915477));
#29310=DIRECTION('',(-1.,0.,0.));
#29320=DIRECTION('',(0.,1.,0.));
#29330=AXIS2_PLACEMENT_3D('',#29300,#29310,#29320);
#29340=TOROIDAL_SURFACE('',#29330,2.9,0.2);
#29350=CARTESIAN_POINT('',(-18.644909,-4.550823,3.93701305915477));
#29360=DIRECTION('',(0.,0.,1.));
#29370=DIRECTION('',(-1.,0.,0.));
#29380=AXIS2_PLACEMENT_3D('',#29350,#29360,#29370);
#29390=CIRCLE('',#29380,0.2);
#29400=CARTESIAN_POINT('',(-18.844909,-4.550823,3.93701305915477));
#29410=VERTEX_POINT('',#29400);
#29420=EDGE_CURVE('',#10870,#29410,#29390,.T.);
#29430=ORIENTED_EDGE('',*,*,#29420,.T.);
#29440=ORIENTED_EDGE('',*,*,#10900,.F.);
#29450=CARTESIAN_POINT('',(-18.644909,1.249177,3.93701305915477));
#29460=DIRECTION('',(0.,0.,-1.));
#29470=DIRECTION('',(-1.,0.,0.));
#29480=AXIS2_PLACEMENT_3D('',#29450,#29460,#29470);
#29490=CIRCLE('',#29480,0.2);
#29500=CARTESIAN_POINT('',(-18.844909,1.249177,3.93701305915477));
#29510=VERTEX_POINT('',#29500);
#29520=EDGE_CURVE('',#10850,#29510,#29490,.T.);
#29530=ORIENTED_EDGE('',*,*,#29520,.F.);
#29540=CARTESIAN_POINT('',(-18.844909,-1.650823,3.93701305915477));
#29550=DIRECTION('',(-1.,0.,0.));
#29560=DIRECTION('',(0.,1.,0.));
#29570=AXIS2_PLACEMENT_3D('',#29540,#29550,#29560);
#29580=CIRCLE('',#29570,2.9);
#29590=EDGE_CURVE('',#29410,#29510,#29580,.T.);
#29600=ORIENTED_EDGE('',*,*,#29590,.T.);
#29610=EDGE_LOOP('',(#29600,#29530,#29440,#29430));
#29620=FACE_OUTER_BOUND('',#29610,.T.);
#29630=ADVANCED_FACE('',(#29620),#29340,.T.);
#29640=CARTESIAN_POINT('',(0.105090999999985,0.,5.83701305915477));
#29650=DIRECTION('',(0.,1.,0.));
#29660=DIRECTION('',(1.,0.,0.));
#29670=AXIS2_PLACEMENT_3D('',#29640,#29650,#29660);
#29680=CYLINDRICAL_SURFACE('',#29670,0.2);
#29690=ORIENTED_EDGE('',*,*,#9580,.F.);
#29700=ORIENTED_EDGE('',*,*,#20950,.T.);
#29710=CARTESIAN_POINT('',(-0.0949090000000155,0.,5.83701305915477));
#29720=DIRECTION('',(0.,1.,0.));
#29730=VECTOR('',#29720,1.);
#29740=LINE('',#29710,#29730);
#29750=EDGE_CURVE('',#22050,#20870,#29740,.T.);
#29760=ORIENTED_EDGE('',*,*,#29750,.T.);
#29770=ORIENTED_EDGE('',*,*,#22060,.T.);
#29780=EDGE_LOOP('',(#29770,#29760,#29700,#29690));
#29790=FACE_OUTER_BOUND('',#29780,.T.);
#29800=ADVANCED_FACE('',(#29790),#29680,.T.);
#29810=CARTESIAN_POINT('',(-18.344909,0.,0.0870130591547706));
#29820=DIRECTION('',(0.,-1.,0.));
#29830=DIRECTION('',(-1.,0.,0.));
#29840=AXIS2_PLACEMENT_3D('',#29810,#29820,#29830);
#29850=CYLINDRICAL_SURFACE('',#29840,0.5);
#29860=CARTESIAN_POINT('',(-18.344909,1.599177,0.0870130591547706));
#29870=DIRECTION('',(0.,-1.,0.));
#29880=DIRECTION('',(-1.,0.,0.));
#29890=AXIS2_PLACEMENT_3D('',#29860,#29870,#29880);
#29900=CIRCLE('',#29890,0.5);
#29910=CARTESIAN_POINT('',(-18.844909,1.599177,0.0870130591547706));
#29920=VERTEX_POINT('',#29910);
#29930=CARTESIAN_POINT('',(-18.344909,1.599177,-0.412986940845229));
#29940=VERTEX_POINT('',#29930);
#29950=EDGE_CURVE('',#29920,#29940,#29900,.T.);
#29960=ORIENTED_EDGE('',*,*,#29950,.T.);
#29970=CARTESIAN_POINT('',(-18.844909,0.,0.0870130591547706));
#29980=DIRECTION('',(0.,-1.,0.));
#29990=VECTOR('',#29980,1.);
#30000=LINE('',#29970,#29990);
#30010=CARTESIAN_POINT('',(-18.844909,-4.900823,0.087013059154769));
#30020=VERTEX_POINT('',#30010);
#30030=EDGE_CURVE('',#29920,#30020,#30000,.T.);
#30040=ORIENTED_EDGE('',*,*,#30030,.F.);
#30050=CARTESIAN_POINT('',(-18.344909,-4.900823,0.087013059154769));
#30060=DIRECTION('',(0.,-1.,0.));
#30070=DIRECTION('',(-1.,0.,0.));
#30080=AXIS2_PLACEMENT_3D('',#30050,#30060,#30070);
#30090=CIRCLE('',#30080,0.5);
#30100=EDGE_CURVE('',#30020,#21110,#30090,.T.);
#30110=ORIENTED_EDGE('',*,*,#30100,.F.);
#30120=CARTESIAN_POINT('',(-18.344909,0.,-0.412986940845229));
#30130=DIRECTION('',(0.,-1.,0.));
#30140=VECTOR('',#30130,1.);
#30150=LINE('',#30120,#30140);
#30160=EDGE_CURVE('',#29940,#21110,#30150,.T.);
#30170=ORIENTED_EDGE('',*,*,#30160,.T.);
#30180=EDGE_LOOP('',(#30170,#30110,#30040,#29960));
#30190=FACE_OUTER_BOUND('',#30180,.T.);
#30200=ADVANCED_FACE('',(#30190),#29850,.T.);
#30210=CARTESIAN_POINT('',(0.105090999999985,0.,2.03701305915477));
#30220=DIRECTION('',(0.,-1.,0.));
#30230=DIRECTION('',(-1.,0.,0.));
#30240=AXIS2_PLACEMENT_3D('',#30210,#30220,#30230);
#30250=CYLINDRICAL_SURFACE('',#30240,0.2);
#30260=CARTESIAN_POINT('',(-0.0949090000000155,0.,2.03701305915477));
#30270=DIRECTION('',(0.,-1.,0.));
#30280=VECTOR('',#30270,1.);
#30290=LINE('',#30260,#30280);
#30300=EDGE_CURVE('',#23350,#22360,#30290,.T.);
#30310=ORIENTED_EDGE('',*,*,#30300,.T.);
#30320=ORIENTED_EDGE('',*,*,#23380,.F.);
#30330=CARTESIAN_POINT('',(0.105090999999985,0.,2.23701305915477));
#30340=DIRECTION('',(0.,-1.,0.));
#30350=VECTOR('',#30340,1.);
#30360=LINE('',#30330,#30350);
#30370=EDGE_CURVE('',#23370,#22450,#30360,.T.);
#30380=ORIENTED_EDGE('',*,*,#30370,.F.);
#30390=ORIENTED_EDGE('',*,*,#22460,.T.);
#30400=EDGE_LOOP('',(#30390,#30380,#30320,#30310));
#30410=FACE_OUTER_BOUND('',#30400,.T.);
#30420=ADVANCED_FACE('',(#30410),#30250,.T.);
#30430=CARTESIAN_POINT('',(-18.344909,-4.900823,0.787013059154769));
#30440=DIRECTION('',(-1.,0.,0.));
#30450=DIRECTION('',(0.,1.,0.));
#30460=AXIS2_PLACEMENT_3D('',#30430,#30440,#30450);
#30470=TOROIDAL_SURFACE('',#30460,0.7,0.5);
#30480=ORIENTED_EDGE('',*,*,#27230,.T.);
#30490=ORIENTED_EDGE('',*,*,#21210,.T.);
#30500=ORIENTED_EDGE('',*,*,#30100,.T.);
#30510=CARTESIAN_POINT('',(-18.844909,-4.900823,0.787013059154769));
#30520=DIRECTION('',(-1.,0.,0.));
#30530=DIRECTION('',(0.,1.,0.));
#30540=AXIS2_PLACEMENT_3D('',#30510,#30520,#30530);
#30550=CIRCLE('',#30540,0.7);
#30560=EDGE_CURVE('',#30020,#27220,#30550,.T.);
#30570=ORIENTED_EDGE('',*,*,#30560,.F.);
#30580=EDGE_LOOP('',(#30570,#30500,#30490,#30480));
#30590=FACE_OUTER_BOUND('',#30580,.T.);
#30600=ADVANCED_FACE('',(#30590),#30470,.T.);
#30610=CARTESIAN_POINT('',(-3.14490900000002,4.499177,
-0.0129869408452317));
#30620=DIRECTION('',(1.,0.,0.));
#30630=DIRECTION('',(0.,-1.,0.));
#30640=AXIS2_PLACEMENT_3D('',#30610,#30620,#30630);
#30650=PLANE('',#30640);
#30660=CARTESIAN_POINT('',(-3.14490900000002,0.,-0.0129869408452293));
#30670=DIRECTION('',(0.,1.,0.));
#30680=VECTOR('',#30670,1.);
#30690=LINE('',#30660,#30680);
#30700=EDGE_CURVE('',#950,#8430,#30690,.T.);
#30710=ORIENTED_EDGE('',*,*,#30700,.T.);
#30720=ORIENTED_EDGE('',*,*,#28870,.T.);
#30730=CARTESIAN_POINT('',(-3.14490900000002,0.,0.43701305915477));
#30740=DIRECTION('',(0.,1.,0.));
#30750=VECTOR('',#30740,1.);
#30760=LINE('',#30730,#30750);
#30770=CARTESIAN_POINT('',(-3.14490900000001,4.1924895171738,
0.43701305915477));
#30780=VERTEX_POINT('',#30770);
#30790=EDGE_CURVE('',#28780,#30780,#30760,.T.);
#30800=ORIENTED_EDGE('',*,*,#30790,.F.);
#30810=CARTESIAN_POINT('',(-3.14490900000002,4.1924895171738,0.));
#30820=DIRECTION('',(0.,0.,1.));
#30830=VECTOR('',#30820,1.);
#30840=LINE('',#30810,#30830);
#30850=EDGE_CURVE('',#8430,#30780,#30840,.T.);
#30860=ORIENTED_EDGE('',*,*,#30850,.T.);
#30870=EDGE_LOOP('',(#30860,#30800,#30720,#30710));
#30880=FACE_OUTER_BOUND('',#30870,.T.);
#30890=ADVANCED_FACE('',(#30880),#30650,.T.);
#30900=ORIENTED_EDGE('',*,*,#710,.F.);
#30910=CARTESIAN_POINT('',(-9.34490900000002,-7.63991916356903,
7.38701305915477));
#30920=DIRECTION('',(0.,-0.707106781186548,-0.707106781186548));
#30930=DIRECTION('',(0.,0.707106781186548,-0.707106781186548));
#30940=AXIS2_PLACEMENT_3D('',#30910,#30920,#30930);
#30950=ELLIPSE('',#30940,0.707106781186548,0.5);
#30960=CARTESIAN_POINT('',(-9.84490900000002,-7.63991916356903,
7.38701305915477));
#30970=VERTEX_POINT('',#30960);
#30980=EDGE_CURVE('',#460,#30970,#30950,.T.);
#30990=ORIENTED_EDGE('',*,*,#30980,.F.);
#31000=CARTESIAN_POINT('',(-9.84490900000002,-7.37270868834332,
7.38701305915477));
#31010=DIRECTION('',(0.,-1.,0.));
#31020=VECTOR('',#31010,1.);
#31030=LINE('',#31000,#31020);
#31040=CARTESIAN_POINT('',(-9.84490900000002,-6.06271800386223,
7.38701305915477));
#31050=VERTEX_POINT('',#31040);
#31060=EDGE_CURVE('',#31050,#30970,#31030,.T.);
#31070=ORIENTED_EDGE('',*,*,#31060,.T.);
#31080=CARTESIAN_POINT('',(-9.84490900000002,-4.900823,7.08701305915477)
);
#31090=DIRECTION('',(-1.,0.,0.));
#31100=DIRECTION('',(0.,1.,0.));
#31110=AXIS2_PLACEMENT_3D('',#31080,#31090,#31100);
#31120=CYLINDRICAL_SURFACE('',#31110,1.2);
#31130=CARTESIAN_POINT('',(-9.84490900000002,-6.06271800386223,
7.38701305915477));
#31140=CARTESIAN_POINT('',(-9.84490900000002,-6.05226699678446,
7.42748963551805));
#31150=CARTESIAN_POINT('',(-9.84004178077416,-6.03980508337544,
7.46700012285701));
#31160=CARTESIAN_POINT('',(-9.83071411437226,-6.02555870717102,
7.50530672276266));
#31170=CARTESIAN_POINT('',(-9.82139533226587,-6.01132590017146,
7.5435768368916));
#31180=CARTESIAN_POINT('',(-9.80766968898365,-5.99546651383979,
7.58014508681833));
#31190=CARTESIAN_POINT('',(-9.79039495667689,-5.97889545179449,
7.6140422696183));
#31200=CARTESIAN_POINT('',(-9.77307498102553,-5.96228098935045,
7.64802823075041));
#31210=CARTESIAN_POINT('',(-9.75191638300208,-5.944680724289,
7.67989608598785));
#31220=CARTESIAN_POINT('',(-9.72752610645313,-5.9271125590571,
7.7088890443563));
#31230=CARTESIAN_POINT('',(-9.70315395118516,-5.90955744647174,
7.73786046178223));
#31240=CARTESIAN_POINT('',(-9.67570609566373,-5.8920909400464,
7.76391523740698));
#31250=CARTESIAN_POINT('',(-9.64490900000002,-5.87550243448091,
7.78701305915477));
#31260=B_SPLINE_CURVE_WITH_KNOTS('',3,(#31130,#31140,#31150,#31160,
#31170,#31180,#31190,#31200,#31210,#31220,#31230,#31240,#31250),
.UNSPECIFIED.,.F.,.F.,(4,3,3,3,4),(0.,0.125119652329801,
0.250390163133196,0.375638024179481,0.5007373615556),.UNSPECIFIED.);
#31270=SURFACE_CURVE('',#31260,(#530,#31120),.CURVE_3D.);
#31280=CARTESIAN_POINT('',(-9.64490900000002,-5.8755024344809,
7.78701305915476));
#31290=VERTEX_POINT('',#31280);
#31300=EDGE_CURVE('',#31050,#31290,#31270,.T.);
#31310=ORIENTED_EDGE('',*,*,#31300,.F.);
#31320=CARTESIAN_POINT('',(-9.64490900000002,-4.900823,7.08701305915477)
);
#31330=DIRECTION('',(-1.,0.,0.));
#31340=DIRECTION('',(0.,1.,0.));
#31350=AXIS2_PLACEMENT_3D('',#31320,#31330,#31340);
#31360=TOROIDAL_SURFACE('',#31350,0.899999999999999,0.3);
#31370=CARTESIAN_POINT('',(-9.34490899999994,-5.31313356256171,
7.8870130591548));
#31380=CARTESIAN_POINT('',(-9.34490899999994,-5.37057707451701,
7.8870130591548));
#31390=CARTESIAN_POINT('',(-9.34839452057132,-5.42844778749136,
7.88711047380747));
#31400=CARTESIAN_POINT('',(-9.35885815825337,-5.48497512076177,
7.88681844226306));
#31410=CARTESIAN_POINT('',(-9.3693480953771,-5.5416445305595,
7.88652567672281));
#31420=CARTESIAN_POINT('',(-9.38711689918185,-5.59711510577909,
7.88595494511248));
#31430=CARTESIAN_POINT('',(-9.41377712041466,-5.64810956423721,
7.8822475308856));
#31440=CARTESIAN_POINT('',(-9.44063731662769,-5.69948652574104,
7.87851230780897));
#31450=CARTESIAN_POINT('',(-9.47610475836591,-5.74534241504623,
7.87142842786141));
#31460=CARTESIAN_POINT('',(-9.51672129193875,-5.78375931738119,
7.85656660917571));
#31470=CARTESIAN_POINT('',(-9.55767415387863,-5.82249433386555,
7.84158172604382));
#31480=CARTESIAN_POINT('',(-9.60240304373047,-5.85260708422194,
7.81889252635828));
#31490=CARTESIAN_POINT('',(-9.64490900000095,-5.87550243448006,
7.78701305915538));
#31500=B_SPLINE_CURVE_WITH_KNOTS('',3,(#31370,#31380,#31390,#31400,
#31410,#31420,#31430,#31440,#31450,#31460,#31470,#31480,#31490),
.UNSPECIFIED.,.F.,.F.,(4,3,3,3,4),(0.,0.172647982050255,
0.345505367649682,0.518763741678273,0.692228399819341),.UNSPECIFIED.);
#31510=SURFACE_CURVE('',#31500,(#31360,#530),.CURVE_3D.);
#31520=CARTESIAN_POINT('',(-9.34490900000002,-5.31313356256176,
7.88701305915477));
#31530=VERTEX_POINT('',#31520);
#31540=EDGE_CURVE('',#31530,#31290,#31510,.T.);
#31550=ORIENTED_EDGE('',*,*,#31540,.T.);
#31560=CARTESIAN_POINT('',(-9.34490900000002,-7.37270868834332,
7.88701305915477));
#31570=DIRECTION('',(0.,-1.,0.));
#31580=VECTOR('',#31570,1.);
#31590=LINE('',#31560,#31580);
#31600=EDGE_CURVE('',#31530,#700,#31590,.T.);
#31610=ORIENTED_EDGE('',*,*,#31600,.F.);
#31620=EDGE_LOOP('',(#31610,#31550,#31310,#31070,#30990,#30900));
#31630=FACE_OUTER_BOUND('',#31620,.T.);
#31640=ADVANCED_FACE('',(#31630),#530,.T.);
#31650=CARTESIAN_POINT('',(0.,-4.900823,7.08701305915477));
#31660=DIRECTION('',(-1.,0.,0.));
#31670=DIRECTION('',(0.,1.,0.));
#31680=AXIS2_PLACEMENT_3D('',#31650,#31660,#31670);
#31690=CYLINDRICAL_SURFACE('',#31680,1.2);
#31700=CARTESIAN_POINT('',(-18.344909,-4.900823,7.08701305915477));
#31710=DIRECTION('',(-1.,0.,0.));
#31720=DIRECTION('',(0.,1.,0.));
#31730=AXIS2_PLACEMENT_3D('',#31700,#31710,#31720);
#31740=CIRCLE('',#31730,1.2);
#31750=EDGE_CURVE('',#27390,#16870,#31740,.T.);
#31760=ORIENTED_EDGE('',*,*,#31750,.F.);
#31770=CARTESIAN_POINT('',(-9.84490900000002,-4.900823,8.28701305915477)
);
#31780=DIRECTION('',(1.,0.,0.));
#31790=VECTOR('',#31780,1.);
#31800=LINE('',#31770,#31790);
#31810=CARTESIAN_POINT('',(-9.64490900000002,-4.900823,8.28701305915477)
);
#31820=VERTEX_POINT('',#31810);
#31830=EDGE_CURVE('',#16870,#31820,#31800,.T.);
#31840=ORIENTED_EDGE('',*,*,#31830,.F.);
#31850=CARTESIAN_POINT('',(-9.64490900000002,-4.900823,7.08701305915477)
);
#31860=DIRECTION('',(-1.,0.,0.));
#31870=DIRECTION('',(0.,1.,0.));
#31880=AXIS2_PLACEMENT_3D('',#31850,#31860,#31870);
#31890=CIRCLE('',#31880,1.2);
#31900=EDGE_CURVE('',#31290,#31820,#31890,.T.);
#31910=ORIENTED_EDGE('',*,*,#31900,.T.);
#31920=ORIENTED_EDGE('',*,*,#31300,.T.);
#31930=CARTESIAN_POINT('',(-9.84490900000002,-4.900823,7.08701305915477)
);
#31940=DIRECTION('',(-1.,0.,0.));
#31950=DIRECTION('',(0.,1.,0.));
#31960=AXIS2_PLACEMENT_3D('',#31930,#31940,#31950);
#31970=CIRCLE('',#31960,1.2);
#31980=CARTESIAN_POINT('',(-9.84490900000002,-6.100823,7.08701305915477)
);
#31990=VERTEX_POINT('',#31980);
#32000=EDGE_CURVE('',#31990,#31050,#31970,.T.);
#32010=ORIENTED_EDGE('',*,*,#32000,.T.);
#32020=CARTESIAN_POINT('',(0.,-6.100823,7.08701305915477));
#32030=DIRECTION('',(-1.,0.,0.));
#32040=VECTOR('',#32030,1.);
#32050=LINE('',#32020,#32040);
#32060=EDGE_CURVE('',#31990,#27390,#32050,.T.);
#32070=ORIENTED_EDGE('',*,*,#32060,.F.);
#32080=EDGE_LOOP('',(#32070,#32010,#31920,#31910,#31840,#31760));
#32090=FACE_OUTER_BOUND('',#32080,.T.);
#32100=ADVANCED_FACE('',(#32090),#31690,.T.);
#32110=CARTESIAN_POINT('',(-3.14490900000002,4.499177,7.88701305915477))
;
#32120=DIRECTION('',(-1.,0.,0.));
#32130=DIRECTION('',(0.,1.,0.));
#32140=AXIS2_PLACEMENT_3D('',#32110,#32120,#32130);
#32150=PLANE('',#32140);
#32160=ORIENTED_EDGE('',*,*,#17240,.T.);
#32170=CARTESIAN_POINT('',(-3.14490900000002,3.499177,0.));
#32180=DIRECTION('',(0.,0.,1.));
#32190=VECTOR('',#32180,1.);
#32200=LINE('',#32170,#32190);
#32210=EDGE_CURVE('',#17150,#3800,#32200,.T.);
#32220=ORIENTED_EDGE('',*,*,#32210,.F.);
#32230=CARTESIAN_POINT('',(-3.14490900000002,0.,7.88701305915477));
#32240=DIRECTION('',(0.,-1.,-1.22460635382238E-16));
#32250=VECTOR('',#32240,1.);
#32260=LINE('',#32230,#32250);
#32270=CARTESIAN_POINT('',(-3.14490900000001,4.1924895171738,
7.88701305915477));
#32280=VERTEX_POINT('',#32270);
#32290=EDGE_CURVE('',#32280,#3800,#32260,.T.);
#32300=ORIENTED_EDGE('',*,*,#32290,.T.);
#32310=CARTESIAN_POINT('',(-3.14490900000002,4.1924895171738,0.));
#32320=DIRECTION('',(0.,0.,1.));
#32330=VECTOR('',#32320,1.);
#32340=LINE('',#32310,#32330);
#32350=EDGE_CURVE('',#17230,#32280,#32340,.T.);
#32360=ORIENTED_EDGE('',*,*,#32350,.T.);
#32370=EDGE_LOOP('',(#32360,#32300,#32220,#32160));
#32380=FACE_OUTER_BOUND('',#32370,.T.);
#32390=ADVANCED_FACE('',(#32380),#32150,.F.);
#32400=CARTESIAN_POINT('',(-3.54490900000002,0.,0.43701305915477));
#32410=DIRECTION('',(0.,-1.,0.));
#32420=DIRECTION('',(-1.,0.,0.));
#32430=AXIS2_PLACEMENT_3D('',#32400,#32410,#32420);
#32440=CYLINDRICAL_SURFACE('',#32430,0.4);
#32450=CARTESIAN_POINT('',(-3.54490900000002,4.1924895171738,
0.43701305915477));
#32460=DIRECTION('',(0.,-1.,0.));
#32470=DIRECTION('',(-1.,0.,0.));
#32480=AXIS2_PLACEMENT_3D('',#32450,#32460,#32470);
#32490=CIRCLE('',#32480,0.4);
#32500=EDGE_CURVE('',#30780,#12230,#32490,.T.);
#32510=ORIENTED_EDGE('',*,*,#32500,.T.);
#32520=ORIENTED_EDGE('',*,*,#30790,.T.);
#32530=ORIENTED_EDGE('',*,*,#28810,.F.);
#32540=CARTESIAN_POINT('',(0.,3.299177,0.63701305915477));
#32550=DIRECTION('',(-1.,0.,0.));
#32560=DIRECTION('',(0.,1.,0.));
#32570=AXIS2_PLACEMENT_3D('',#32540,#32550,#32560);
#32580=CYLINDRICAL_SURFACE('',#32570,0.2);
#32590=CARTESIAN_POINT('',(-3.54490900000002,3.299177,0.83701305915477))
;
#32600=CARTESIAN_POINT('',(-3.51296322720798,3.32176607257149,
0.83701305915477));
#32610=CARTESIAN_POINT('',(-3.48082980827129,3.34449629721835,
0.833184386546548));
#32620=CARTESIAN_POINT('',(-3.4492491273257,3.36631933093763,
0.825406153286523));
#32630=CARTESIAN_POINT('',(-3.4177431727247,3.38809072689961,
0.817646324915862));
#32640=CARTESIAN_POINT('',(-3.38634476645259,3.40928944668583,
0.805837388370401));
#32650=CARTESIAN_POINT('',(-3.35613665906201,3.42839266161245,
0.789667285411615));
#32660=CARTESIAN_POINT('',(-3.32608482900649,3.44739704878132,
0.773580836174172));
#32670=CARTESIAN_POINT('',(-3.29664411193624,3.46472353079188,
0.75283881716019));
#32680=CARTESIAN_POINT('',(-3.26967484495254,3.47765555970552,
0.727264949580472));
#32690=CARTESIAN_POINT('',(-3.24287152597211,3.49050801491854,
0.701848443795708));
#32700=CARTESIAN_POINT('',(-3.21819147809977,3.499177,0.671121711500544)
);
#32710=CARTESIAN_POINT('',(-3.19849883848624,3.499177,0.63701305915477))
;
#32720=B_SPLINE_CURVE_WITH_KNOTS('',3,(#32590,#32600,#32610,#32620,
#32630,#32640,#32650,#32660,#32670,#32680,#32690,#32700,#32710),
.UNSPECIFIED.,.F.,.F.,(4,3,3,3,4),(0.,0.117642637834643,
0.235372695142564,0.353270010063321,0.47114981363934),.UNSPECIFIED.);
#32730=SURFACE_CURVE('',#32720,(#32580,#32440),.CURVE_3D.);
#32740=EDGE_CURVE('',#11220,#28800,#32730,.T.);
#32750=ORIENTED_EDGE('',*,*,#32740,.T.);
#32760=ORIENTED_EDGE('',*,*,#12300,.F.);
#32770=EDGE_LOOP('',(#32760,#32750,#32530,#32520,#32510));
#32780=FACE_OUTER_BOUND('',#32770,.T.);
#32790=ADVANCED_FACE('',(#32780),#32440,.T.);
#32800=ORIENTED_EDGE('',*,*,#19900,.F.);
#32810=CARTESIAN_POINT('',(-7.79490900000001,-10.000823,1.18701305915477
));
#32820=DIRECTION('',(0.,-0.707106781186548,0.707106781186548));
#32830=DIRECTION('',(0.,0.707106781186548,0.707106781186548));
#32840=AXIS2_PLACEMENT_3D('',#32810,#32820,#32830);
#32850=ELLIPSE('',#32840,0.282842712474619,0.2);
#32860=CARTESIAN_POINT('',(-7.59490900000001,-10.000823,1.18701305915477
));
#32870=VERTEX_POINT('',#32860);
#32880=EDGE_CURVE('',#19650,#32870,#32850,.T.);
#32890=ORIENTED_EDGE('',*,*,#32880,.F.);
#32900=CARTESIAN_POINT('',(-7.59490900000001,-3.5527136788005E-15,
1.18701305915477));
#32910=DIRECTION('',(0.,-1.,0.));
#32920=VECTOR('',#32910,1.);
#32930=LINE('',#32900,#32920);
#32940=EDGE_CURVE('',#23790,#32870,#32930,.T.);
#32950=ORIENTED_EDGE('',*,*,#32940,.T.);
#32960=ORIENTED_EDGE('',*,*,#23800,.T.);
#32970=CARTESIAN_POINT('',(-7.79490900000001,-3.5527136788005E-15,
0.987013059154769));
#32980=DIRECTION('',(0.,-1.,0.));
#32990=VECTOR('',#32980,1.);
#33000=LINE('',#32970,#32990);
#33010=EDGE_CURVE('',#23770,#19890,#33000,.T.);
#33020=ORIENTED_EDGE('',*,*,#33010,.F.);
#33030=EDGE_LOOP('',(#33020,#32960,#32950,#32890,#32800));
#33040=FACE_OUTER_BOUND('',#33030,.T.);
#33050=ADVANCED_FACE('',(#33040),#19720,.T.);
#33060=CARTESIAN_POINT('',(0.,-9.700823,6.38701305915477));
#33070=DIRECTION('',(1.,6.12323399573677E-17,0.));
#33080=DIRECTION('',(6.12323399573677E-17,-1.,0.));
#33090=AXIS2_PLACEMENT_3D('',#33060,#33070,#33080);
#33100=CYLINDRICAL_SURFACE('',#33090,0.5);
#33110=CARTESIAN_POINT('',(-7.79490900000001,-10.200823,6.38701305915477
));
#33120=CARTESIAN_POINT('',(-7.77538369448511,-10.200823,6.41788527787364
));
#33130=CARTESIAN_POINT('',(-7.75574972725634,-10.1979618895492,
6.44891300941571));
#33140=CARTESIAN_POINT('',(-7.73669344456707,-10.1921638828653,
6.47966262852489));
#33150=CARTESIAN_POINT('',(-7.71763945637261,-10.1863665742974,
6.51040854518894));
#33160=CARTESIAN_POINT('',(-7.69918129857858,-10.1776852550266,
6.5408051955893));
#33170=CARTESIAN_POINT('',(-7.68180227931182,-10.1657680506597,
6.57093179083834));
#33180=CARTESIAN_POINT('',(-7.66444546097145,-10.1538660699929,
6.60101990069802));
#33190=CARTESIAN_POINT('',(-7.64829672698854,-10.1387798025071,
6.63060894160277));
#33200=CARTESIAN_POINT('',(-7.63457153901074,-10.1203717289916,
6.6590036178172));
#33210=CARTESIAN_POINT('',(-7.62081382339527,-10.1019200297607,
6.68746558722582));
#33220=CARTESIAN_POINT('',(-7.60927054007075,-10.0797736237649,
6.71516921657641));
#33230=CARTESIAN_POINT('',(-7.60221225805567,-10.0543763905933,
6.74056644974805));
#33240=B_SPLINE_CURVE_WITH_KNOTS('',3,(#33110,#33120,#33130,#33140,
#33150,#33160,#33170,#33180,#33190,#33200,#33210,#33220,#33230),
.UNSPECIFIED.,.F.,.F.,(4,3,3,3,4),(0.,0.109879236482095,
0.219743817413579,0.32970817484016,0.439856534299461),.UNSPECIFIED.);
#33250=SURFACE_CURVE('',#33240,(#33100,#19480),.CURVE_3D.);
#33260=CARTESIAN_POINT('',(-7.79490900000001,-10.200823,6.38701305915477
));
#33270=VERTEX_POINT('',#33260);
#33280=CARTESIAN_POINT('',(-7.60221225805567,-10.0543763905933,
6.74056644974804));
#33290=VERTEX_POINT('',#33280);
#33300=EDGE_CURVE('',#33270,#33290,#33250,.T.);
#33310=ORIENTED_EDGE('',*,*,#33300,.F.);
#33320=CARTESIAN_POINT('',(-7.79490900000001,-10.000823,6.68701305915477
));
#33330=DIRECTION('',(0.,-0.707106781186548,-0.707106781186548));
#33340=DIRECTION('',(0.,-0.707106781186548,0.707106781186548));
#33350=AXIS2_PLACEMENT_3D('',#33320,#33330,#33340);
#33360=ELLIPSE('',#33350,0.282842712474619,0.2);
#33370=CARTESIAN_POINT('',(-7.59490900000001,-10.000823,6.68701305915477
));
#33380=VERTEX_POINT('',#33370);
#33390=EDGE_CURVE('',#33380,#33290,#33360,.T.);
#33400=ORIENTED_EDGE('',*,*,#33390,.T.);
#33410=CARTESIAN_POINT('',(-7.59490900000001,-10.000823,
-0.0129869408452308));
#33420=DIRECTION('',(0.,0.,1.));
#33430=VECTOR('',#33420,1.);
#33440=LINE('',#33410,#33430);
#33450=EDGE_CURVE('',#32870,#33380,#33440,.T.);
#33460=ORIENTED_EDGE('',*,*,#33450,.T.);
#33470=ORIENTED_EDGE('',*,*,#32880,.T.);
#33480=ORIENTED_EDGE('',*,*,#19660,.F.);
#33490=CARTESIAN_POINT('',(-7.79490900000001,-10.200823,
-0.0129869408452308));
#33500=DIRECTION('',(0.,0.,1.));
#33510=VECTOR('',#33500,1.);
#33520=LINE('',#33490,#33510);
#33530=EDGE_CURVE('',#19410,#33270,#33520,.T.);
#33540=ORIENTED_EDGE('',*,*,#33530,.F.);
#33550=EDGE_LOOP('',(#33540,#33480,#33470,#33460,#33400,#33310));
#33560=FACE_OUTER_BOUND('',#33550,.T.);
#33570=ADVANCED_FACE('',(#33560),#19480,.T.);
#33580=ORIENTED_EDGE('',*,*,#25400,.T.);
#33590=CARTESIAN_POINT('',(-7.59490900000001,-3.5527136788005E-15,
6.68701305915477));
#33600=DIRECTION('',(0.,-1.,0.));
#33610=VECTOR('',#33600,1.);
#33620=LINE('',#33590,#33610);
#33630=EDGE_CURVE('',#25150,#33380,#33620,.T.);
#33640=ORIENTED_EDGE('',*,*,#33630,.F.);
#33650=ORIENTED_EDGE('',*,*,#33390,.F.);
#33660=CARTESIAN_POINT('',(-7.60221225805567,-10.0543763905933,
6.74056644974805));
#33670=CARTESIAN_POINT('',(-7.60927054007075,-10.0289791574216,
6.76596368291969));
#33680=CARTESIAN_POINT('',(-7.62081382339528,-10.001275528071,
6.78811008891546));
#33690=CARTESIAN_POINT('',(-7.63457153901074,-9.97281355866243,
6.80656178814641));
#33700=CARTESIAN_POINT('',(-7.64829672698854,-9.944418882448,
6.82496986166188));
#33710=CARTESIAN_POINT('',(-7.66444546097146,-9.91482984154325,
6.84005612914762));
#33720=CARTESIAN_POINT('',(-7.68180227931182,-9.88474173168358,
6.85195810981444));
#33730=CARTESIAN_POINT('',(-7.69918129857949,-9.85461513643295,
6.86387531418196));
#33740=CARTESIAN_POINT('',(-7.71763945637078,-9.82421848603713,
6.87255663345165));
#33750=CARTESIAN_POINT('',(-7.73669344456707,-9.79347256937013,
6.8783539420201));
#33760=CARTESIAN_POINT('',(-7.75574972725634,-9.76272295026094,
6.88415194870401));
#33770=CARTESIAN_POINT('',(-7.77538369448511,-9.73169521871888,
6.88701305915477));
#33780=CARTESIAN_POINT('',(-7.79490900000001,-9.700823,6.88701305915477)
);
#33790=B_SPLINE_CURVE_WITH_KNOTS('',3,(#33660,#33670,#33680,#33690,
#33700,#33710,#33720,#33730,#33740,#33750,#33760,#33770,#33780),
.UNSPECIFIED.,.F.,.F.,(4,3,3,3,4),(0.,0.110148359459297,
0.220112716885877,0.329977297817361,0.439856534299455),.UNSPECIFIED.);
#33800=SURFACE_CURVE('',#33790,(#33100,#25220),.CURVE_3D.);
#33810=CARTESIAN_POINT('',(-7.79490900000001,-9.700823,6.88701305915477)
);
#33820=VERTEX_POINT('',#33810);
#33830=EDGE_CURVE('',#33290,#33820,#33800,.T.);
#33840=ORIENTED_EDGE('',*,*,#33830,.F.);
#33850=CARTESIAN_POINT('',(-7.79490900000001,-3.5527136788005E-15,
6.88701305915477));
#33860=DIRECTION('',(0.,1.,0.));
#33870=VECTOR('',#33860,1.);
#33880=LINE('',#33850,#33870);
#33890=EDGE_CURVE('',#33820,#25390,#33880,.T.);
#33900=ORIENTED_EDGE('',*,*,#33890,.F.);
#33910=EDGE_LOOP('',(#33900,#33840,#33650,#33640,#33580));
#33920=FACE_OUTER_BOUND('',#33910,.T.);
#33930=ADVANCED_FACE('',(#33920),#25220,.T.);
#33940=CARTESIAN_POINT('',(-7.59490900000001,-9.900823,-1.04298934084523
));
#33950=DIRECTION('',(-0.,1.,0.));
#33960=DIRECTION('',(1.,0.,0.));
#33970=AXIS2_PLACEMENT_3D('',#33940,#33950,#33960);
#33980=PLANE('',#33970);
#33990=CARTESIAN_POINT('',(-7.59490900000001,-9.900823,
-0.0129869408452308));
#34000=DIRECTION('',(0.,0.,1.));
#34010=VECTOR('',#34000,1.);
#34020=LINE('',#33990,#34010);
#34030=EDGE_CURVE('',#23880,#25060,#34020,.T.);
#34040=ORIENTED_EDGE('',*,*,#34030,.F.);
#34050=ORIENTED_EDGE('',*,*,#25070,.F.);
#34060=CARTESIAN_POINT('',(-6.29490900000001,-9.900823,
-0.0129869408452308));
#34070=DIRECTION('',(0.,0.,-1.));
#34080=VECTOR('',#34070,1.);
#34090=LINE('',#34060,#34080);
#34100=EDGE_CURVE('',#24980,#23960,#34090,.T.);
#34110=ORIENTED_EDGE('',*,*,#34100,.F.);
#34120=ORIENTED_EDGE('',*,*,#23970,.F.);
#34130=EDGE_LOOP('',(#34120,#34110,#34050,#34040));
#34140=FACE_OUTER_BOUND('',#34130,.T.);
#34150=ADVANCED_FACE('',(#34140),#33980,.F.);
#34160=ORIENTED_EDGE('',*,*,#24450,.F.);
#34170=CARTESIAN_POINT('',(-6.29490900000001,-9.700823,1.18701305915477)
);
#34180=DIRECTION('',(0.,0.707106781186548,-0.707106781186548));
#34190=DIRECTION('',(0.,-0.707106781186548,-0.707106781186548));
#34200=AXIS2_PLACEMENT_3D('',#34170,#34180,#34190);
#34210=ELLIPSE('',#34200,0.282842712474619,0.2);
#34220=CARTESIAN_POINT('',(-6.09490900000001,-9.700823,1.18701305915477)
);
#34230=VERTEX_POINT('',#34220);
#34240=EDGE_CURVE('',#34230,#24200,#34210,.T.);
#34250=ORIENTED_EDGE('',*,*,#34240,.T.);
#34260=CARTESIAN_POINT('',(-6.09490900000001,-3.5527136788005E-15,
1.18701305915477));
#34270=DIRECTION('',(0.,-1.,0.));
#34280=VECTOR('',#34270,1.);
#34290=LINE('',#34260,#34280);
#34300=CARTESIAN_POINT('',(-6.09490900000001,-9.56705076601684,
1.18701305915477));
#34310=VERTEX_POINT('',#34300);
#34320=EDGE_CURVE('',#34310,#34230,#34290,.T.);
#34330=ORIENTED_EDGE('',*,*,#34320,.T.);
#34340=CARTESIAN_POINT('',(0.,-9.250823,1.33701305915477));
#34350=DIRECTION('',(1.,0.,0.));
#34360=DIRECTION('',(0.,-1.,0.));
#34370=AXIS2_PLACEMENT_3D('',#34340,#34350,#34360);
#34380=CYLINDRICAL_SURFACE('',#34370,0.35);
#34390=CARTESIAN_POINT('',(-6.29490900000001,-9.250823,0.987013059154769
));
#34400=CARTESIAN_POINT('',(-6.27238488157339,-9.28061960792891,
0.987013059154769));
#34410=CARTESIAN_POINT('',(-6.24970137933277,-9.31061582086823,
0.990820217020907));
#34420=CARTESIAN_POINT('',(-6.22790825299995,-9.34001913773287,
0.998569459865045));
#34430=CARTESIAN_POINT('',(-6.20618529222958,-9.36932778712144,
1.0062937531001));
#34440=CARTESIAN_POINT('',(-6.18498248667991,-9.39850532510277,
1.01806181125456));
#34450=CARTESIAN_POINT('',(-6.16583448666676,-9.42640247713203,
1.03423946847971));
#34460=CARTESIAN_POINT('',(-6.14678904852093,-9.45415020446925,
1.05033047379693));
#34470=CARTESIAN_POINT('',(-6.12945364138079,-9.48103854380233,
1.07102889975787));
#34480=CARTESIAN_POINT('',(-6.11646140990213,-9.50528244633057,
1.09669995053705));
#34490=CARTESIAN_POINT('',(-6.10355088375584,-9.52937388420198,
1.12220956163287));
#34500=CARTESIAN_POINT('',(-6.09490900000001,-9.55091755570376,
1.15300126544819));
#34510=CARTESIAN_POINT('',(-6.09490900000001,-9.56705076601684,
1.18701305915477));
#34520=B_SPLINE_CURVE_WITH_KNOTS('',3,(#34390,#34400,#34410,#34420,
#34430,#34440,#34450,#34460,#34470,#34480,#34490,#34500,#34510),
.UNSPECIFIED.,.F.,.F.,(4,3,3,3,4),(0.,0.112358481085823,
0.224822143069564,0.337371422405693,0.449912272909594),.UNSPECIFIED.);
#34530=SURFACE_CURVE('',#34520,(#34380,#24270),.CURVE_3D.);
#34540=CARTESIAN_POINT('',(-6.29490900000001,-9.250823,0.987013059154769
));
#34550=VERTEX_POINT('',#34540);
#34560=EDGE_CURVE('',#34550,#34310,#34530,.T.);
#34570=ORIENTED_EDGE('',*,*,#34560,.T.);
#34580=CARTESIAN_POINT('',(-6.29490900000001,-3.5527136788005E-15,
0.987013059154769));
#34590=DIRECTION('',(0.,-1.,0.));
#34600=VECTOR('',#34590,1.);
#34610=LINE('',#34580,#34600);
#34620=EDGE_CURVE('',#34550,#24440,#34610,.T.);
#34630=ORIENTED_EDGE('',*,*,#34620,.F.);
#34640=EDGE_LOOP('',(#34630,#34570,#34330,#34250,#34160));
#34650=FACE_OUTER_BOUND('',#34640,.T.);
#34660=ADVANCED_FACE('',(#34650),#24270,.T.);
#34670=ORIENTED_EDGE('',*,*,#24800,.F.);
#34680=CARTESIAN_POINT('',(-6.29490900000001,-3.5527136788005E-15,
6.88701305915477));
#34690=DIRECTION('',(0.,-1.,0.));
#34700=VECTOR('',#34690,1.);
#34710=LINE('',#34680,#34700);
#34720=EDGE_CURVE('',#23120,#24790,#34710,.T.);
#34730=ORIENTED_EDGE('',*,*,#34720,.T.);
#34740=ORIENTED_EDGE('',*,*,#23130,.T.);
#34750=CARTESIAN_POINT('',(-6.09490900000001,-3.5527136788005E-15,
6.68701305915477));
#34760=DIRECTION('',(0.,-1.,0.));
#34770=VECTOR('',#34760,1.);
#34780=LINE('',#34750,#34770);
#34790=CARTESIAN_POINT('',(-6.09490900000001,-9.700823,6.68701305915477)
);
#34800=VERTEX_POINT('',#34790);
#34810=EDGE_CURVE('',#22880,#34800,#34780,.T.);
#34820=ORIENTED_EDGE('',*,*,#34810,.F.);
#34830=CARTESIAN_POINT('',(-6.29490900000001,-9.700823,6.68701305915477)
);
#34840=DIRECTION('',(0.,-0.707106781186548,-0.707106781186548));
#34850=DIRECTION('',(0.,-0.707106781186548,0.707106781186548));
#34860=AXIS2_PLACEMENT_3D('',#34830,#34840,#34850);
#34870=ELLIPSE('',#34860,0.282842712474619,0.2);
#34880=EDGE_CURVE('',#34800,#24770,#34870,.T.);
#34890=ORIENTED_EDGE('',*,*,#34880,.F.);
#34900=EDGE_LOOP('',(#34890,#34820,#34740,#34730,#34670));
#34910=FACE_OUTER_BOUND('',#34900,.T.);
#34920=ADVANCED_FACE('',(#34910),#22950,.T.);
#34930=CARTESIAN_POINT('',(-6.09490900000001,-9.600823,-1.04298934084523
));
#34940=DIRECTION('',(-0.,1.,0.));
#34950=DIRECTION('',(1.,0.,0.));
#34960=AXIS2_PLACEMENT_3D('',#34930,#34940,#34950);
#34970=PLANE('',#34960);
#34980=CARTESIAN_POINT('',(-6.09490900000001,-9.600823,
-0.0129869408452308));
#34990=DIRECTION('',(0.,0.,1.));
#35000=VECTOR('',#34990,1.);
#35010=LINE('',#34980,#35000);
#35020=CARTESIAN_POINT('',(-6.09490900000001,-9.600823,1.33701305915477)
);
#35030=VERTEX_POINT('',#35020);
#35040=EDGE_CURVE('',#35030,#22790,#35010,.T.);
#35050=ORIENTED_EDGE('',*,*,#35040,.F.);
#35060=ORIENTED_EDGE('',*,*,#22800,.T.);
#35070=CARTESIAN_POINT('',(-5.25824004831319,-9.600823,
-0.0129869408452308));
#35080=DIRECTION('',(0.,0.,-1.));
#35090=VECTOR('',#35080,1.);
#35100=LINE('',#35070,#35090);
#35110=CARTESIAN_POINT('',(-5.25824004831318,-9.600823,1.33701305915477)
);
#35120=VERTEX_POINT('',#35110);
#35130=EDGE_CURVE('',#22710,#35120,#35100,.T.);
#35140=ORIENTED_EDGE('',*,*,#35130,.F.);
#35150=CARTESIAN_POINT('',(0.,-9.600823,1.33701305915477));
#35160=DIRECTION('',(1.,0.,0.));
#35170=VECTOR('',#35160,1.);
#35180=LINE('',#35150,#35170);
#35190=EDGE_CURVE('',#35030,#35120,#35180,.T.);
#35200=ORIENTED_EDGE('',*,*,#35190,.T.);
#35210=EDGE_LOOP('',(#35200,#35140,#35060,#35050));
#35220=FACE_OUTER_BOUND('',#35210,.T.);
#35230=ADVANCED_FACE('',(#35220),#34970,.F.);
#35240=ORIENTED_EDGE('',*,*,#24210,.F.);
#35250=ORIENTED_EDGE('',*,*,#34100,.T.);
#35260=ORIENTED_EDGE('',*,*,#24990,.F.);
#35270=ORIENTED_EDGE('',*,*,#34880,.T.);
#35280=CARTESIAN_POINT('',(-6.09490900000001,-9.700823,
-0.0129869408452308));
#35290=DIRECTION('',(0.,0.,-1.));
#35300=VECTOR('',#35290,1.);
#35310=LINE('',#35280,#35300);
#35320=EDGE_CURVE('',#34800,#34230,#35310,.T.);
#35330=ORIENTED_EDGE('',*,*,#35320,.F.);
#35340=ORIENTED_EDGE('',*,*,#34240,.F.);
#35350=EDGE_LOOP('',(#35340,#35330,#35270,#35260,#35250,#35240));
#35360=FACE_OUTER_BOUND('',#35350,.T.);
#35370=ADVANCED_FACE('',(#35360),#24030,.T.);
#35380=CARTESIAN_POINT('',(-6.09490900000001,-9.900823,-1.04298934084523
));
#35390=DIRECTION('',(-1.,0.,0.));
#35400=DIRECTION('',(0.,1.,0.));
#35410=AXIS2_PLACEMENT_3D('',#35380,#35390,#35400);
#35420=PLANE('',#35410);
#35430=ORIENTED_EDGE('',*,*,#35320,.T.);
#35440=ORIENTED_EDGE('',*,*,#34810,.T.);
#35450=ORIENTED_EDGE('',*,*,#22890,.T.);
#35460=ORIENTED_EDGE('',*,*,#35040,.T.);
#35470=CARTESIAN_POINT('',(-6.09490900000001,-9.250823,1.33701305915477)
);
#35480=DIRECTION('',(1.,0.,0.));
#35490=DIRECTION('',(0.,-1.,0.));
#35500=AXIS2_PLACEMENT_3D('',#35470,#35480,#35490);
#35510=CIRCLE('',#35500,0.35);
#35520=EDGE_CURVE('',#35030,#34310,#35510,.T.);
#35530=ORIENTED_EDGE('',*,*,#35520,.F.);
#35540=ORIENTED_EDGE('',*,*,#34320,.F.);
#35550=EDGE_LOOP('',(#35540,#35530,#35460,#35450,#35440,#35430));
#35560=FACE_OUTER_BOUND('',#35550,.T.);
#35570=ADVANCED_FACE('',(#35560),#35420,.F.);
#35580=CARTESIAN_POINT('',(-8.34490900000002,-8.700823,
-0.0129869408452308));
#35590=DIRECTION('',(0.,0.,-1.));
#35600=DIRECTION('',(-1.,0.,0.));
#35610=AXIS2_PLACEMENT_3D('',#35580,#35590,#35600);
#35620=CYLINDRICAL_SURFACE('',#35610,1.5);
#35630=CARTESIAN_POINT('',(-9.84490900000002,-8.700823,
-0.0129869408452308));
#35640=DIRECTION('',(0.,0.,-1.));
#35650=VECTOR('',#35640,1.);
#35660=LINE('',#35630,#35650);
#35670=EDGE_CURVE('',#21600,#20310,#35660,.T.);
#35680=ORIENTED_EDGE('',*,*,#35670,.T.);
#35690=ORIENTED_EDGE('',*,*,#21880,.T.);
#35700=CARTESIAN_POINT('',(-8.34490900000002,-10.200823,
-0.0129869408452308));
#35710=DIRECTION('',(0.,0.,-1.));
#35720=VECTOR('',#35710,1.);
#35730=LINE('',#35700,#35720);
#35740=EDGE_CURVE('',#21800,#19330,#35730,.T.);
#35750=ORIENTED_EDGE('',*,*,#35740,.F.);
#35760=ORIENTED_EDGE('',*,*,#20710,.F.);
#35770=EDGE_LOOP('',(#35760,#35750,#35690,#35680));
#35780=FACE_OUTER_BOUND('',#35770,.T.);
#35790=ADVANCED_FACE('',(#35780),#35620,.T.);
#35800=CARTESIAN_POINT('',(1.45509099999999,0.,0.387013059154769));
#35810=DIRECTION('',(0.,1.,0.));
#35820=DIRECTION('',(1.,0.,0.));
#35830=AXIS2_PLACEMENT_3D('',#35800,#35810,#35820);
#35840=CYLINDRICAL_SURFACE('',#35830,0.4);
#35850=CARTESIAN_POINT('',(1.45509099999999,-4.250823,0.387013059154769)
);
#35860=DIRECTION('',(0.,0.707106781186548,-0.707106781186548));
#35870=DIRECTION('',(0.,-0.707106781186548,-0.707106781186548));
#35880=AXIS2_PLACEMENT_3D('',#35850,#35860,#35870);
#35890=ELLIPSE('',#35880,0.565685424949238,0.4);
#35900=CARTESIAN_POINT('',(1.85509099999999,-4.250823,0.387013059154769)
);
#35910=VERTEX_POINT('',#35900);
#35920=EDGE_CURVE('',#35910,#7220,#35890,.T.);
#35930=ORIENTED_EDGE('',*,*,#35920,.F.);
#35940=CARTESIAN_POINT('',(1.45509099999999,0.,-0.0129869408452308));
#35950=DIRECTION('',(0.,1.,0.));
#35960=VECTOR('',#35950,1.);
#35970=LINE('',#35940,#35960);
#35980=CARTESIAN_POINT('',(1.45509099999999,-9.400823,
-0.0129869408452311));
#35990=VERTEX_POINT('',#35980);
#36000=EDGE_CURVE('',#35990,#7220,#35970,.T.);
#36010=ORIENTED_EDGE('',*,*,#36000,.T.);
#36020=CARTESIAN_POINT('',(1.45509099999999,-9.400823,0.387013059154769)
);
#36030=DIRECTION('',(0.,1.,0.));
#36040=DIRECTION('',(1.,0.,0.));
#36050=AXIS2_PLACEMENT_3D('',#36020,#36030,#36040);
#36060=CIRCLE('',#36050,0.4);
#36070=CARTESIAN_POINT('',(1.85509099999999,-9.400823,0.387013059154769)
);
#36080=VERTEX_POINT('',#36070);
#36090=EDGE_CURVE('',#36080,#35990,#36060,.T.);
#36100=ORIENTED_EDGE('',*,*,#36090,.T.);
#36110=CARTESIAN_POINT('',(1.85509099999999,0.,0.387013059154769));
#36120=DIRECTION('',(0.,1.,0.));
#36130=VECTOR('',#36120,1.);
#36140=LINE('',#36110,#36130);
#36150=EDGE_CURVE('',#36080,#35910,#36140,.T.);
#36160=ORIENTED_EDGE('',*,*,#36150,.F.);
#36170=EDGE_LOOP('',(#36160,#36100,#36010,#35930));
#36180=FACE_OUTER_BOUND('',#36170,.T.);
#36190=ADVANCED_FACE('',(#36180),#35840,.T.);
#36200=ORIENTED_EDGE('',*,*,#30980,.T.);
#36210=ORIENTED_EDGE('',*,*,#470,.F.);
#36220=CARTESIAN_POINT('',(-9.51016619635663,-8.11181963936065,
7.38701305915477));
#36230=DIRECTION('',(0.,0.,-1.));
#36240=VECTOR('',#36230,1.);
#36250=LINE('',#36220,#36240);
#36260=CARTESIAN_POINT('',(-9.51016619635663,-8.11181963936065,
6.85891353494638));
#36270=VERTEX_POINT('',#36260);
#36280=EDGE_CURVE('',#220,#36270,#36250,.T.);
#36290=ORIENTED_EDGE('',*,*,#36280,.F.);
#36300=CARTESIAN_POINT('',(-9.34490900000002,-7.63991916356903,
6.38701305915477));
#36310=DIRECTION('',(0.,-0.707106781186548,-0.707106781186548));
#36320=DIRECTION('',(0.,-0.707106781186548,0.707106781186548));
#36330=AXIS2_PLACEMENT_3D('',#36300,#36310,#36320);
#36340=ELLIPSE('',#36330,0.707106781186548,0.5);
#36350=CARTESIAN_POINT('',(-9.84490900000002,-7.63991916356903,
6.38701305915477));
#36360=VERTEX_POINT('',#36350);
#36370=EDGE_CURVE('',#36270,#36360,#36340,.T.);
#36380=ORIENTED_EDGE('',*,*,#36370,.F.);
#36390=CARTESIAN_POINT('',(-9.84490900000002,-7.63991916356903,
7.38701305915477));
#36400=DIRECTION('',(0.,0.,-1.));
#36410=VECTOR('',#36400,1.);
#36420=LINE('',#36390,#36410);
#36430=EDGE_CURVE('',#30970,#36360,#36420,.T.);
#36440=ORIENTED_EDGE('',*,*,#36430,.T.);
#36450=EDGE_LOOP('',(#36440,#36380,#36290,#36210,#36200));
#36460=FACE_OUTER_BOUND('',#36450,.T.);
#36470=ADVANCED_FACE('',(#36460),#290,.T.);
#36480=CARTESIAN_POINT('',(-3.54490900000002,0.,7.88701305915477));
#36490=DIRECTION('',(0.,-1.,-1.22460635382238E-16));
#36500=DIRECTION('',(0.,-1.22460635382238E-16,1.));
#36510=AXIS2_PLACEMENT_3D('',#36480,#36490,#36500);
#36520=CYLINDRICAL_SURFACE('',#36510,0.4);
#36530=ORIENTED_EDGE('',*,*,#3810,.F.);
#36540=CARTESIAN_POINT('',(-3.54490900000002,-4.89842541528951E-17,
8.28701305915477));
#36550=DIRECTION('',(0.,-1.,-1.22460635382238E-16));
#36560=VECTOR('',#36550,1.);
#36570=LINE('',#36540,#36560);
#36580=CARTESIAN_POINT('',(-3.54490900000002,4.1924895171738,
8.28701305915477));
#36590=VERTEX_POINT('',#36580);
#36600=EDGE_CURVE('',#36590,#3710,#36570,.T.);
#36610=ORIENTED_EDGE('',*,*,#36600,.T.);
#36620=CARTESIAN_POINT('',(-3.54490900000002,4.1924895171738,
7.88701305915477));
#36630=DIRECTION('',(0.,-1.,-1.22460635382238E-16));
#36640=DIRECTION('',(0.,-1.22460635382238E-16,1.));
#36650=AXIS2_PLACEMENT_3D('',#36620,#36630,#36640);
#36660=CIRCLE('',#36650,0.4);
#36670=EDGE_CURVE('',#32280,#36590,#36660,.T.);
#36680=ORIENTED_EDGE('',*,*,#36670,.T.);
#36690=ORIENTED_EDGE('',*,*,#32290,.F.);
#36700=EDGE_LOOP('',(#36690,#36680,#36610,#36530));
#36710=FACE_OUTER_BOUND('',#36700,.T.);
#36720=ADVANCED_FACE('',(#36710),#36520,.T.);
#36730=CARTESIAN_POINT('',(-5.77364081700408,-6.14800887970157,
0.987013059154769));
#36740=DIRECTION('',(0.,0.,-1.));
#36750=DIRECTION('',(-1.,0.,0.));
#36760=AXIS2_PLACEMENT_3D('',#36730,#36740,#36750);
#36770=PLANE('',#36760);
#36780=ORIENTED_EDGE('',*,*,#33010,.T.);
#36790=ORIENTED_EDGE('',*,*,#24510,.T.);
#36800=ORIENTED_EDGE('',*,*,#34620,.T.);
#36810=CARTESIAN_POINT('',(0.,-9.250823,0.987013059154769));
#36820=DIRECTION('',(1.,0.,0.));
#36830=VECTOR('',#36820,1.);
#36840=LINE('',#36810,#36830);
#36850=CARTESIAN_POINT('',(-6.2576831598292,-9.250823,0.987013059154769)
);
#36860=VERTEX_POINT('',#36850);
#36870=EDGE_CURVE('',#34550,#36860,#36840,.T.);
#36880=ORIENTED_EDGE('',*,*,#36870,.F.);
#36890=CARTESIAN_POINT('',(0.,-11.4422324766415,0.987013059154769));
#36900=DIRECTION('',(-0.943800951583229,0.330514392713223,0.));
#36910=VECTOR('',#36900,1.);
#36920=LINE('',#36890,#36910);
#36930=EDGE_CURVE('',#36860,#20120,#36920,.T.);
#36940=ORIENTED_EDGE('',*,*,#36930,.F.);
#36950=ORIENTED_EDGE('',*,*,#20470,.T.);
#36960=ORIENTED_EDGE('',*,*,#20630,.T.);
#36970=ORIENTED_EDGE('',*,*,#19960,.F.);
#36980=EDGE_LOOP('',(#36970,#36960,#36950,#36940,#36880,#36800,#36790,
#36780));
#36990=FACE_OUTER_BOUND('',#36980,.T.);
#37000=ADVANCED_FACE('',(#36990),#36770,.T.);
#37010=CARTESIAN_POINT('',(-3.64490900000002,4.1924895171738,
7.88701305915477));
#37020=DIRECTION('',(0.,0.,1.));
#37030=DIRECTION('',(1.,0.,0.));
#37040=AXIS2_PLACEMENT_3D('',#37010,#37020,#37030);
#37050=DEGENERATE_TOROIDAL_SURFACE('',#37040,0.100000000000001,0.4,.T.);
#37060=CARTESIAN_POINT('',(-3.64490900000002,4.1924895171738,
7.88701305915477));
#37070=DIRECTION('',(0.,0.,1.));
#37080=DIRECTION('',(1.,0.,0.));
#37090=AXIS2_PLACEMENT_3D('',#37060,#37070,#37080);
#37100=CIRCLE('',#37090,0.5);
#37110=EDGE_CURVE('',#32280,#2090,#37100,.T.);
#37120=ORIENTED_EDGE('',*,*,#37110,.T.);
#37130=ORIENTED_EDGE('',*,*,#36670,.F.);
#37140=CARTESIAN_POINT('',(-3.64490900000002,4.1924895171738,
8.28701305915477));
#37150=DIRECTION('',(0.,0.,1.));
#37160=DIRECTION('',(1.,0.,0.));
#37170=AXIS2_PLACEMENT_3D('',#37140,#37150,#37160);
#37180=CIRCLE('',#37170,0.100000000000001);
#37190=CARTESIAN_POINT('',(-3.59958433236238,4.28162803019448,
8.28701305915477));
#37200=VERTEX_POINT('',#37190);
#37210=EDGE_CURVE('',#36590,#37200,#37180,.T.);
#37220=ORIENTED_EDGE('',*,*,#37210,.F.);
#37230=CARTESIAN_POINT('',(-3.59958433236238,4.28162803019448,
7.88701305915477));
#37240=DIRECTION('',(0.891385130206804,-0.453246676376341,
2.77555756156289E-17));
#37250=DIRECTION('',(-0.453246676376341,-0.891385130206804,0.));
#37260=AXIS2_PLACEMENT_3D('',#37230,#37240,#37250);
#37270=CIRCLE('',#37260,0.4);
#37280=EDGE_CURVE('',#2090,#37200,#37270,.T.);
#37290=ORIENTED_EDGE('',*,*,#37280,.T.);
#37300=EDGE_LOOP('',(#37290,#37220,#37130,#37120));
#37310=FACE_OUTER_BOUND('',#37300,.T.);
#37320=ADVANCED_FACE('',(#37310),#37050,.T.);
#37330=CARTESIAN_POINT('',(-18.344909,1.599177,0.787013059154771));
#37340=DIRECTION('',(1.,0.,0.));
#37350=DIRECTION('',(0.,-1.,0.));
#37360=AXIS2_PLACEMENT_3D('',#37330,#37340,#37350);
#37370=TOROIDAL_SURFACE('',#37360,0.7,0.5);
#37380=CARTESIAN_POINT('',(-18.344909,1.599177,0.787013059154771));
#37390=DIRECTION('',(1.,0.,0.));
#37400=DIRECTION('',(0.,-1.,0.));
#37410=AXIS2_PLACEMENT_3D('',#37380,#37390,#37400);
#37420=CIRCLE('',#37410,1.2);
#37430=EDGE_CURVE('',#29940,#3310,#37420,.T.);
#37440=ORIENTED_EDGE('',*,*,#37430,.F.);
#37450=CARTESIAN_POINT('',(-18.344909,2.299177,0.787013059154771));
#37460=DIRECTION('',(0.,-1.22460635382238E-16,1.));
#37470=DIRECTION('',(0.,1.,1.22460635382238E-16));
#37480=AXIS2_PLACEMENT_3D('',#37450,#37460,#37470);
#37490=CIRCLE('',#37480,0.5);
#37500=CARTESIAN_POINT('',(-18.844909,2.299177,0.78701305915477));
#37510=VERTEX_POINT('',#37500);
#37520=EDGE_CURVE('',#3310,#37510,#37490,.T.);
#37530=ORIENTED_EDGE('',*,*,#37520,.F.);
#37540=CARTESIAN_POINT('',(-18.844909,1.599177,0.787013059154771));
#37550=DIRECTION('',(1.,0.,0.));
#37560=DIRECTION('',(0.,-1.,0.));
#37570=AXIS2_PLACEMENT_3D('',#37540,#37550,#37560);
#37580=CIRCLE('',#37570,0.7);
#37590=EDGE_CURVE('',#29920,#37510,#37580,.T.);
#37600=ORIENTED_EDGE('',*,*,#37590,.T.);
#37610=ORIENTED_EDGE('',*,*,#29950,.F.);
#37620=EDGE_LOOP('',(#37610,#37600,#37530,#37440));
#37630=FACE_OUTER_BOUND('',#37620,.T.);
#37640=ADVANCED_FACE('',(#37630),#37370,.T.);
#37650=CARTESIAN_POINT('',(-6.49490900000001,2.499177,0.));
#37660=DIRECTION('',(0.,1.22460635382238E-16,-1.));
#37670=DIRECTION('',(0.,-1.,-1.22460635382238E-16));
#37680=AXIS2_PLACEMENT_3D('',#37650,#37660,#37670);
#37690=CYLINDRICAL_SURFACE('',#37680,0.3);
#37700=CARTESIAN_POINT('',(-6.49490900000001,2.499177,7.03701305915477))
;
#37710=DIRECTION('',(0.,1.22460635382238E-16,-1.));
#37720=DIRECTION('',(0.,-1.,-1.22460635382238E-16));
#37730=AXIS2_PLACEMENT_3D('',#37700,#37710,#37720);
#37740=CIRCLE('',#37730,0.3);
#37750=EDGE_CURVE('',#25740,#13140,#37740,.T.);
#37760=ORIENTED_EDGE('',*,*,#37750,.T.);
#37770=ORIENTED_EDGE('',*,*,#25750,.F.);
#37780=ORIENTED_EDGE('',*,*,#11560,.F.);
#37790=ORIENTED_EDGE('',*,*,#13210,.T.);
#37800=EDGE_LOOP('',(#37790,#37780,#37770,#37760));
#37810=FACE_OUTER_BOUND('',#37800,.T.);
#37820=ADVANCED_FACE('',(#37810),#37690,.T.);
#37830=CARTESIAN_POINT('',(1.70509099999999,-4.950823,7.12451305915477))
;
#37840=DIRECTION('',(-0.707106781186549,-0.707106781186546,
-8.65927457071933E-17));
#37850=DIRECTION('',(-0.707106781186546,0.707106781186549,
2.09345661157837E-15));
#37860=AXIS2_PLACEMENT_3D('',#37830,#37840,#37850);
#37870=PLANE('',#37860);
#37880=CARTESIAN_POINT('',(1.85509099999999,-5.100823,0.));
#37890=DIRECTION('',(-2.61472919763158E-32,1.22460635382238E-16,-1.));
#37900=VECTOR('',#37890,1.);
#37910=LINE('',#37880,#37900);
#37920=CARTESIAN_POINT('',(1.85509099999999,-5.100823,7.38701305915477))
;
#37930=VERTEX_POINT('',#37920);
#37940=EDGE_CURVE('',#37930,#26260,#37910,.T.);
#37950=ORIENTED_EDGE('',*,*,#37940,.T.);
#37960=CARTESIAN_POINT('',(-5.53192205915475,2.28619005915476,0.));
#37970=DIRECTION('',(-0.577350269189624,0.577350269189627,
-0.577350269189627));
#37980=VECTOR('',#37970,1.);
#37990=LINE('',#37960,#37980);
#38000=CARTESIAN_POINT('',(1.55509099999999,-4.80082300000001,
7.08701305915477));
#38010=VERTEX_POINT('',#38000);
#38020=EDGE_CURVE('',#37930,#38010,#37990,.T.);
#38030=ORIENTED_EDGE('',*,*,#38020,.F.);
#38040=CARTESIAN_POINT('',(1.55509099999999,-4.800823,0.));
#38050=DIRECTION('',(0.,1.22460635382238E-16,-1.));
#38060=VECTOR('',#38050,1.);
#38070=LINE('',#38040,#38060);
#38080=EDGE_CURVE('',#38010,#26280,#38070,.T.);
#38090=ORIENTED_EDGE('',*,*,#38080,.F.);
#38100=ORIENTED_EDGE('',*,*,#26290,.T.);
#38110=EDGE_LOOP('',(#38100,#38090,#38030,#37950));
#38120=FACE_OUTER_BOUND('',#38110,.T.);
#38130=ADVANCED_FACE('',(#38120),#37870,.F.);
#38140=CARTESIAN_POINT('',(-6.33454643244974,4.999177,0.));
#38150=DIRECTION('',(0.,0.,1.));
#38160=DIRECTION('',(1.,0.,0.));
#38170=AXIS2_PLACEMENT_3D('',#38140,#38150,#38160);
#38180=CYLINDRICAL_SURFACE('',#38170,1.);
#38190=CARTESIAN_POINT('',(-6.33454643244974,5.999177,0.));
#38200=DIRECTION('',(0.,0.,-1.));
#38210=VECTOR('',#38200,1.);
#38220=LINE('',#38190,#38210);
#38230=CARTESIAN_POINT('',(-6.33454643244974,5.999177,7.88701305915477))
;
#38240=VERTEX_POINT('',#38230);
#38250=EDGE_CURVE('',#38240,#4610,#38220,.T.);
#38260=ORIENTED_EDGE('',*,*,#38250,.F.);
#38270=ORIENTED_EDGE('',*,*,#4870,.T.);
#38280=ORIENTED_EDGE('',*,*,#1940,.T.);
#38290=CARTESIAN_POINT('',(-6.33454643244974,4.999177,7.88701305915477))
;
#38300=DIRECTION('',(0.,0.,1.));
#38310=DIRECTION('',(1.,0.,0.));
#38320=AXIS2_PLACEMENT_3D('',#38290,#38300,#38310);
#38330=CIRCLE('',#38320,1.);
#38340=EDGE_CURVE('',#1910,#38240,#38330,.T.);
#38350=ORIENTED_EDGE('',*,*,#38340,.F.);
#38360=EDGE_LOOP('',(#38350,#38280,#38270,#38260));
#38370=FACE_OUTER_BOUND('',#38360,.T.);
#38380=ADVANCED_FACE('',(#38370),#38180,.T.);
#38390=CARTESIAN_POINT('',(-8.59492586535216,2.799177,8.28701305915477))
;
#38400=DIRECTION('',(1.22460635382238E-16,1.22460635382238E-16,-1.));
#38410=DIRECTION('',(1.,-1.49966072182214E-32,1.22460635382238E-16));
#38420=AXIS2_PLACEMENT_3D('',#38390,#38400,#38410);
#38430=PLANE('',#38420);
#38440=CARTESIAN_POINT('',(-9.44490900000002,-4.89842541528951E-17,
8.28701305915477));
#38450=DIRECTION('',(0.,-1.,-1.22460635382238E-16));
#38460=VECTOR('',#38450,1.);
#38470=LINE('',#38440,#38460);
#38480=CARTESIAN_POINT('',(-9.44490900000002,5.199177,8.28701305915477))
;
#38490=VERTEX_POINT('',#38480);
#38500=CARTESIAN_POINT('',(-9.44490900000002,1.599177,8.28701305915477))
;
#38510=VERTEX_POINT('',#38500);
#38520=EDGE_CURVE('',#38490,#38510,#38470,.T.);
#38530=ORIENTED_EDGE('',*,*,#38520,.T.);
#38540=CARTESIAN_POINT('',(-9.04490900000001,5.199177,8.28701305915477))
;
#38550=DIRECTION('',(0.,0.,-1.));
#38560=DIRECTION('',(-1.,0.,0.));
#38570=AXIS2_PLACEMENT_3D('',#38540,#38550,#38560);
#38580=CIRCLE('',#38570,0.4);
#38590=CARTESIAN_POINT('',(-9.04490900000001,5.599177,8.28701305915477))
;
#38600=VERTEX_POINT('',#38590);
#38610=EDGE_CURVE('',#38490,#38600,#38580,.T.);
#38620=ORIENTED_EDGE('',*,*,#38610,.F.);
#38630=CARTESIAN_POINT('',(-4.89842541528951E-17,5.599177,
8.28701305915477));
#38640=DIRECTION('',(1.,0.,1.22460635382238E-16));
#38650=VECTOR('',#38640,1.);
#38660=LINE('',#38630,#38650);
#38670=CARTESIAN_POINT('',(-6.33454643244974,5.599177,8.28701305915477))
;
#38680=VERTEX_POINT('',#38670);
#38690=EDGE_CURVE('',#38600,#38680,#38660,.T.);
#38700=ORIENTED_EDGE('',*,*,#38690,.F.);
#38710=CARTESIAN_POINT('',(-6.33454643244974,4.999177,8.28701305915477))
;
#38720=DIRECTION('',(0.,0.,1.));
#38730=DIRECTION('',(1.,0.,0.));
#38740=AXIS2_PLACEMENT_3D('',#38710,#38720,#38730);
#38750=CIRCLE('',#38740,0.6);
#38760=CARTESIAN_POINT('',(-6.06259842662393,5.53400807812408,
8.28701305915477));
#38770=VERTEX_POINT('',#38760);
#38780=EDGE_CURVE('',#38770,#38680,#38750,.T.);
#38790=ORIENTED_EDGE('',*,*,#38780,.T.);
#38800=CARTESIAN_POINT('',(-4.89842541528951E-17,2.45133091204411,
8.28701305915477));
#38810=DIRECTION('',(0.891385130206804,-0.453246676376341,
2.77555756156289E-17));
#38820=VECTOR('',#38810,1.);
#38830=LINE('',#38800,#38820);
#38840=EDGE_CURVE('',#38770,#37200,#38830,.T.);
#38850=ORIENTED_EDGE('',*,*,#38840,.F.);
#38860=ORIENTED_EDGE('',*,*,#37210,.T.);
#38870=ORIENTED_EDGE('',*,*,#36600,.F.);
#38880=ORIENTED_EDGE('',*,*,#3720,.T.);
#38890=CARTESIAN_POINT('',(1.45509099999999,-4.89842541528951E-17,
8.28701305915477));
#38900=DIRECTION('',(0.,1.,1.22460635382238E-16));
#38910=VECTOR('',#38900,1.);
#38920=LINE('',#38890,#38910);
#38930=EDGE_CURVE('',#2660,#3690,#38920,.T.);
#38940=ORIENTED_EDGE('',*,*,#38930,.T.);
#38950=ORIENTED_EDGE('',*,*,#2670,.T.);
#38960=CARTESIAN_POINT('',(-9.64490900000002,-3.67381906146713E-17,
8.28701305915477));
#38970=DIRECTION('',(0.,1.,1.22460635382238E-16));
#38980=VECTOR('',#38970,1.);
#38990=LINE('',#38960,#38980);
#39000=EDGE_CURVE('',#31820,#2580,#38990,.T.);
#39010=ORIENTED_EDGE('',*,*,#39000,.T.);
#39020=ORIENTED_EDGE('',*,*,#31830,.T.);
#39030=ORIENTED_EDGE('',*,*,#16880,.T.);
#39040=CARTESIAN_POINT('',(-1.46952762458685E-16,1.599177,
8.28701305915477));
#39050=DIRECTION('',(1.,-2.46519032881566E-32,1.22460635382238E-16));
#39060=VECTOR('',#39050,1.);
#39070=LINE('',#39040,#39060);
#39080=EDGE_CURVE('',#16770,#38510,#39070,.T.);
#39090=ORIENTED_EDGE('',*,*,#39080,.F.);
#39100=EDGE_LOOP('',(#39090,#39030,#39020,#39010,#38950,#38940,#38880,
#38870,#38860,#38850,#38790,#38700,#38620,#38530));
#39110=FACE_OUTER_BOUND('',#39100,.T.);
#39120=ADVANCED_FACE('',(#39110),#38430,.F.);
#39130=CARTESIAN_POINT('',(0.,2.299177,6.73701305915477));
#39140=DIRECTION('',(1.,0.,0.));
#39150=DIRECTION('',(0.,-1.,0.));
#39160=AXIS2_PLACEMENT_3D('',#39130,#39140,#39150);
#39170=CYLINDRICAL_SURFACE('',#39160,0.3);
#39180=CARTESIAN_POINT('',(-0.394909000000015,2.299177,6.73701305915477)
);
#39190=DIRECTION('',(0.707106781186548,0.707106781186548,0.));
#39200=DIRECTION('',(0.707106781186548,-0.707106781186548,0.));
#39210=AXIS2_PLACEMENT_3D('',#39180,#39190,#39200);
#39220=ELLIPSE('',#39210,0.424264068711929,0.3);
#39230=CARTESIAN_POINT('',(-0.394909000000015,2.299177,7.03701305915477)
);
#39240=VERTEX_POINT('',#39230);
#39250=EDGE_CURVE('',#39240,#22130,#39220,.T.);
#39260=ORIENTED_EDGE('',*,*,#39250,.T.);
#39270=CARTESIAN_POINT('',(0.,2.299177,7.03701305915477));
#39280=DIRECTION('',(1.,0.,0.));
#39290=VECTOR('',#39280,1.);
#39300=LINE('',#39270,#39290);
#39310=EDGE_CURVE('',#13060,#39240,#39300,.T.);
#39320=ORIENTED_EDGE('',*,*,#39310,.T.);
#39330=ORIENTED_EDGE('',*,*,#13070,.F.);
#39340=ORIENTED_EDGE('',*,*,#22200,.F.);
#39350=EDGE_LOOP('',(#39340,#39330,#39320,#39260));
#39360=FACE_OUTER_BOUND('',#39350,.T.);
#39370=ADVANCED_FACE('',(#39360),#39170,.F.);
#39380=CARTESIAN_POINT('',(-8.59490900000001,3.499177,
-0.0129869408452308));
#39390=DIRECTION('',(0.,0.,-1.));
#39400=DIRECTION('',(1.,0.,0.));
#39410=AXIS2_PLACEMENT_3D('',#39380,#39390,#39400);
#39420=PLANE('',#39410);
#39430=ORIENTED_EDGE('',*,*,#14820,.F.);
#39440=CARTESIAN_POINT('',(-1.4210854715202E-14,-9.400823,
-0.0129869408452308));
#39450=DIRECTION('',(1.,0.,0.));
#39460=VECTOR('',#39450,1.);
#39470=LINE('',#39440,#39460);
#39480=EDGE_CURVE('',#14750,#35990,#39470,.T.);
#39490=ORIENTED_EDGE('',*,*,#39480,.F.);
#39500=ORIENTED_EDGE('',*,*,#36000,.F.);
#39510=ORIENTED_EDGE('',*,*,#7230,.T.);
#39520=CARTESIAN_POINT('',(-9.34490900000001,0.,-0.0129869408452308));
#39530=DIRECTION('',(0.,1.,0.));
#39540=VECTOR('',#39530,1.);
#39550=LINE('',#39520,#39540);
#39560=EDGE_CURVE('',#15100,#7140,#39550,.T.);
#39570=ORIENTED_EDGE('',*,*,#39560,.T.);
#39580=ORIENTED_EDGE('',*,*,#15570,.T.);
#39590=EDGE_LOOP('',(#39580,#39570,#39510,#39500,#39490,#39430));
#39600=FACE_OUTER_BOUND('',#39590,.T.);
#39610=ADVANCED_FACE('',(#39600),#39420,.T.);
#39620=CARTESIAN_POINT('',(-9.84490900000002,-6.100823,8.28701305915477)
);
#39630=DIRECTION('',(0.,-1.,-1.22460635382238E-16));
#39640=DIRECTION('',(0.,1.22460635382238E-16,-1.));
#39650=AXIS2_PLACEMENT_3D('',#39620,#39630,#39640);
#39660=PLANE('',#39650);
#39670=ORIENTED_EDGE('',*,*,#32060,.T.);
#39680=CARTESIAN_POINT('',(-9.84490900000002,-6.100823,0.));
#39690=DIRECTION('',(0.,-1.22460635382238E-16,1.));
#39700=VECTOR('',#39690,1.);
#39710=LINE('',#39680,#39700);
#39720=EDGE_CURVE('',#21280,#31990,#39710,.T.);
#39730=ORIENTED_EDGE('',*,*,#39720,.T.);
#39740=ORIENTED_EDGE('',*,*,#21290,.F.);
#39750=ORIENTED_EDGE('',*,*,#27460,.T.);
#39760=EDGE_LOOP('',(#39750,#39740,#39730,#39670));
#39770=FACE_OUTER_BOUND('',#39760,.T.);
#39780=ADVANCED_FACE('',(#39770),#39660,.T.);
#39790=CARTESIAN_POINT('',(0.,1.599177,7.08701305915477));
#39800=DIRECTION('',(1.,-2.46519032881566E-32,1.22460635382238E-16));
#39810=DIRECTION('',(1.22460635382238E-16,0.,-1.));
#39820=AXIS2_PLACEMENT_3D('',#39790,#39800,#39810);
#39830=CYLINDRICAL_SURFACE('',#39820,1.2);
#39840=CARTESIAN_POINT('',(-18.344909,1.599177,7.08701305915477));
#39850=DIRECTION('',(1.,-2.46519032881566E-32,1.22460635382238E-16));
#39860=DIRECTION('',(1.22460635382238E-16,0.,-1.));
#39870=AXIS2_PLACEMENT_3D('',#39840,#39850,#39860);
#39880=CIRCLE('',#39870,1.2);
#39890=EDGE_CURVE('',#3470,#16770,#39880,.T.);
#39900=ORIENTED_EDGE('',*,*,#39890,.T.);
#39910=ORIENTED_EDGE('',*,*,#3480,.F.);
#39920=CARTESIAN_POINT('',(-9.84490900000002,1.599177,7.08701305915477))
;
#39930=DIRECTION('',(1.,-2.46519032881566E-32,1.22460635382238E-16));
#39940=DIRECTION('',(1.22460635382238E-16,0.,-1.));
#39950=AXIS2_PLACEMENT_3D('',#39920,#39930,#39940);
#39960=CIRCLE('',#39950,1.2);
#39970=CARTESIAN_POINT('',(-9.84490900000002,2.49360419099991,
7.88701305915477));
#39980=VERTEX_POINT('',#39970);
#39990=EDGE_CURVE('',#3390,#39980,#39960,.T.);
#40000=ORIENTED_EDGE('',*,*,#39990,.F.);
#40010=CARTESIAN_POINT('',(-9.44490900000002,0.,7.88701305915477));
#40020=DIRECTION('',(0.,-1.,-1.22460635382238E-16));
#40030=DIRECTION('',(0.,-1.22460635382238E-16,1.));
#40040=AXIS2_PLACEMENT_3D('',#40010,#40020,#40030);
#40050=CYLINDRICAL_SURFACE('',#40040,0.4);
#40060=CARTESIAN_POINT('',(-9.84490900000002,2.49360419099991,
7.88701305915477));
#40070=CARTESIAN_POINT('',(-9.84490900000002,2.43231656336273,
7.95553470994299));
#40080=CARTESIAN_POINT('',(-9.82778900069058,2.36390089898461,
8.01593744435936));
#40090=CARTESIAN_POINT('',(-9.80231382307355,2.29225211844187,
8.0666287389992));
#40100=CARTESIAN_POINT('',(-9.77669160348418,2.22018978325529,
8.11761262229361));
#40110=CARTESIAN_POINT('',(-9.74255545638058,2.14507504530692,
8.158860377541));
#40120=CARTESIAN_POINT('',(-9.70456477749484,2.06884995773459,
8.19128083137853));
#40130=CARTESIAN_POINT('',(-9.66644057804602,1.99235697243282,
8.22381522888274));
#40140=CARTESIAN_POINT('',(-9.62403417152687,1.9141800624563,
8.24768046078388));
#40150=CARTESIAN_POINT('',(-9.58022208111063,1.83590358236387,
8.26343151462752));
#40160=CARTESIAN_POINT('',(-9.53631144004203,1.75745102762846,
8.27921799879682));
#40170=CARTESIAN_POINT('',(-9.49049236617121,1.67812970618853,
8.28701305915477));
#40180=CARTESIAN_POINT('',(-9.44490900000002,1.599177,8.28701305915477))
;
#40190=B_SPLINE_CURVE_WITH_KNOTS('',3,(#40060,#40070,#40080,#40090,
#40100,#40110,#40120,#40130,#40140,#40150,#40160,#40170,#40180),
.UNSPECIFIED.,.F.,.F.,(4,3,3,3,4),(0.,0.274640672062802,
0.549210257865673,0.823381313313529,1.09741629689414),.UNSPECIFIED.);
#40200=SURFACE_CURVE('',#40190,(#39830,#40050),.CURVE_3D.);
#40210=EDGE_CURVE('',#39980,#38510,#40200,.T.);
#40220=ORIENTED_EDGE('',*,*,#40210,.F.);
#40230=ORIENTED_EDGE('',*,*,#39080,.T.);
#40240=EDGE_LOOP('',(#40230,#40220,#40000,#39910,#39900));
#40250=FACE_OUTER_BOUND('',#40240,.T.);
#40260=ADVANCED_FACE('',(#40250),#39830,.T.);
#40270=CARTESIAN_POINT('',(-0.394909000000015,-3.5527136788005E-15,
1.13701305915477));
#40280=DIRECTION('',(0.,1.,0.));
#40290=DIRECTION('',(1.,0.,0.));
#40300=AXIS2_PLACEMENT_3D('',#40270,#40280,#40290);
#40310=CYLINDRICAL_SURFACE('',#40300,0.3);
#40320=CARTESIAN_POINT('',(-0.0949090000000155,-3.5527136788005E-15,
1.13701305915477));
#40330=DIRECTION('',(0.,1.,0.));
#40340=VECTOR('',#40330,1.);
#40350=LINE('',#40320,#40340);
#40360=EDGE_CURVE('',#22280,#13550,#40350,.T.);
#40370=ORIENTED_EDGE('',*,*,#40360,.T.);
#40380=CARTESIAN_POINT('',(-0.394909000000015,2.299177,1.13701305915477)
);
#40390=DIRECTION('',(-0.707106781186548,-0.707106781186548,0.));
#40400=DIRECTION('',(-0.707106781186548,0.707106781186548,0.));
#40410=AXIS2_PLACEMENT_3D('',#40380,#40390,#40400);
#40420=ELLIPSE('',#40410,0.424264068711929,0.3);
#40430=EDGE_CURVE('',#11300,#22280,#40420,.T.);
#40440=ORIENTED_EDGE('',*,*,#40430,.T.);
#40450=ORIENTED_EDGE('',*,*,#11310,.F.);
#40460=ORIENTED_EDGE('',*,*,#13630,.T.);
#40470=EDGE_LOOP('',(#40460,#40450,#40440,#40370));
#40480=FACE_OUTER_BOUND('',#40470,.T.);
#40490=ADVANCED_FACE('',(#40480),#40310,.F.);
#40500=CARTESIAN_POINT('',(-9.34490900000001,0.,-0.0129869408452308));
#40510=DIRECTION('',(-1.,0.,0.));
#40520=DIRECTION('',(0.,1.,0.));
#40530=AXIS2_PLACEMENT_3D('',#40500,#40510,#40520);
#40540=PLANE('',#40530);
#40550=ORIENTED_EDGE('',*,*,#1760,.T.);
#40560=CARTESIAN_POINT('',(-9.34490900000001,-4.900823,0.787013059154769
));
#40570=DIRECTION('',(-1.,0.,0.));
#40580=DIRECTION('',(0.,1.,0.));
#40590=AXIS2_PLACEMENT_3D('',#40560,#40570,#40580);
#40600=CIRCLE('',#40590,0.9);
#40610=EDGE_CURVE('',#1690,#15100,#40600,.T.);
#40620=ORIENTED_EDGE('',*,*,#40610,.F.);
#40630=ORIENTED_EDGE('',*,*,#39560,.F.);
#40640=ORIENTED_EDGE('',*,*,#7150,.F.);
#40650=EDGE_LOOP('',(#40640,#40630,#40620,#40550));
#40660=FACE_OUTER_BOUND('',#40650,.T.);
#40670=ADVANCED_FACE('',(#40660),#40540,.F.);
#40680=CARTESIAN_POINT('',(1.55509099999999,-8.15082300000001,
5.86201305915477));
#40690=DIRECTION('',(1.,0.,0.));
#40700=DIRECTION('',(0.,-1.,0.));
#40710=AXIS2_PLACEMENT_3D('',#40680,#40690,#40700);
#40720=CONICAL_SURFACE('',#40710,0.7,0.785398163397447);
#40730=ORIENTED_EDGE('',*,*,#26930,.F.);
#40740=CARTESIAN_POINT('',(1.85509099999999,-8.15082300000001,
5.86201305915477));
#40750=DIRECTION('',(1.,1.0289117828006E-16,1.84889274661175E-32));
#40760=DIRECTION('',(1.0289117828006E-16,-1.,0.));
#40770=AXIS2_PLACEMENT_3D('',#40740,#40750,#40760);
#40780=CIRCLE('',#40770,0.999999999999999);
#40790=EDGE_CURVE('',#26440,#26920,#40780,.T.);
#40800=ORIENTED_EDGE('',*,*,#40790,.T.);
#40810=ORIENTED_EDGE('',*,*,#26450,.F.);
#40820=CARTESIAN_POINT('',(1.55509099999999,-8.15082300000001,
5.86201305915477));
#40830=DIRECTION('',(1.,1.0289117828006E-16,1.84889274661175E-32));
#40840=DIRECTION('',(1.0289117828006E-16,-1.,0.));
#40850=AXIS2_PLACEMENT_3D('',#40820,#40830,#40840);
#40860=CIRCLE('',#40850,0.7);
#40870=EDGE_CURVE('',#26360,#26900,#40860,.T.);
#40880=ORIENTED_EDGE('',*,*,#40870,.F.);
#40890=EDGE_LOOP('',(#40880,#40810,#40800,#40730));
#40900=FACE_OUTER_BOUND('',#40890,.T.);
#40910=ADVANCED_FACE('',(#40900),#40720,.F.);
#40920=CARTESIAN_POINT('',(-9.84490900000002,-2.19172650030549,
2.7526888014612));
#40930=DIRECTION('',(-1.,0.,0.));
#40940=DIRECTION('',(0.,-1.,0.));
#40950=AXIS2_PLACEMENT_3D('',#40920,#40930,#40940);
#40960=PLANE('',#40950);
#40970=ORIENTED_EDGE('',*,*,#21360,.F.);
#40980=ORIENTED_EDGE('',*,*,#39720,.F.);
#40990=ORIENTED_EDGE('',*,*,#32000,.F.);
#41000=ORIENTED_EDGE('',*,*,#31060,.F.);
#41010=ORIENTED_EDGE('',*,*,#36430,.F.);
#41020=CARTESIAN_POINT('',(-9.84490900000002,0.,6.38701305915477));
#41030=DIRECTION('',(0.,-1.,0.));
#41040=VECTOR('',#41030,1.);
#41050=LINE('',#41020,#41040);
#41060=EDGE_CURVE('',#36360,#21600,#41050,.T.);
#41070=ORIENTED_EDGE('',*,*,#41060,.F.);
#41080=ORIENTED_EDGE('',*,*,#35670,.F.);
#41090=ORIENTED_EDGE('',*,*,#20320,.F.);
#41100=CARTESIAN_POINT('',(-9.84490900000002,-7.63991916356903,
-0.0129869408452308));
#41110=DIRECTION('',(0.,0.,-1.));
#41120=VECTOR('',#41110,1.);
#41130=LINE('',#41100,#41120);
#41140=EDGE_CURVE('',#20230,#15420,#41130,.T.);
#41150=ORIENTED_EDGE('',*,*,#41140,.F.);
#41160=ORIENTED_EDGE('',*,*,#15430,.F.);
#41170=EDGE_LOOP('',(#41160,#41150,#41090,#41080,#41070,#41010,#41000,
#40990,#40980,#40970));
#41180=FACE_OUTER_BOUND('',#41170,.T.);
#41190=ADVANCED_FACE('',(#41180),#40960,.T.);
#41200=CARTESIAN_POINT('',(-9.04490900000001,5.199177,0.));
#41210=DIRECTION('',(0.,0.,-1.));
#41220=DIRECTION('',(-1.,0.,0.));
#41230=AXIS2_PLACEMENT_3D('',#41200,#41210,#41220);
#41240=CYLINDRICAL_SURFACE('',#41230,0.8);
#41250=CARTESIAN_POINT('',(-9.04490900000001,5.999177,0.));
#41260=DIRECTION('',(0.,0.,1.));
#41270=VECTOR('',#41260,1.);
#41280=LINE('',#41250,#41270);
#41290=CARTESIAN_POINT('',(-9.04490900000001,5.999177,
-0.0129869408452293));
#41300=VERTEX_POINT('',#41290);
#41310=CARTESIAN_POINT('',(-9.04490900000001,5.999177,7.88701305915477))
;
#41320=VERTEX_POINT('',#41310);
#41330=EDGE_CURVE('',#41300,#41320,#41280,.T.);
#41340=ORIENTED_EDGE('',*,*,#41330,.F.);
#41350=CARTESIAN_POINT('',(-9.04490900000001,5.199177,7.88701305915477))
;
#41360=DIRECTION('',(0.,0.,-1.));
#41370=DIRECTION('',(-1.,0.,0.));
#41380=AXIS2_PLACEMENT_3D('',#41350,#41360,#41370);
#41390=CIRCLE('',#41380,0.800000000000001);
#41400=CARTESIAN_POINT('',(-9.84490900000002,5.199177,7.88701305915477))
;
#41410=VERTEX_POINT('',#41400);
#41420=EDGE_CURVE('',#41410,#41320,#41390,.T.);
#41430=ORIENTED_EDGE('',*,*,#41420,.T.);
#41440=CARTESIAN_POINT('',(-9.84490900000002,5.199177,0.));
#41450=DIRECTION('',(0.,0.,1.));
#41460=VECTOR('',#41450,1.);
#41470=LINE('',#41440,#41460);
#41480=CARTESIAN_POINT('',(-9.84490900000002,5.199177,
-0.0129869408452293));
#41490=VERTEX_POINT('',#41480);
#41500=EDGE_CURVE('',#41490,#41410,#41470,.T.);
#41510=ORIENTED_EDGE('',*,*,#41500,.T.);
#41520=CARTESIAN_POINT('',(-9.04490900000001,5.199177,
-0.0129869408452293));
#41530=DIRECTION('',(0.,0.,-1.));
#41540=DIRECTION('',(-1.,0.,0.));
#41550=AXIS2_PLACEMENT_3D('',#41520,#41530,#41540);
#41560=CIRCLE('',#41550,0.800000000000001);
#41570=EDGE_CURVE('',#41490,#41300,#41560,.T.);
#41580=ORIENTED_EDGE('',*,*,#41570,.F.);
#41590=EDGE_LOOP('',(#41580,#41510,#41430,#41340));
#41600=FACE_OUTER_BOUND('',#41590,.T.);
#41610=ADVANCED_FACE('',(#41600),#41240,.T.);
#41620=CARTESIAN_POINT('',(1.45509099999999,0.,7.88701305915477));
#41630=DIRECTION('',(0.,1.,1.22460635382238E-16));
#41640=DIRECTION('',(0.,1.22460635382238E-16,-1.));
#41650=AXIS2_PLACEMENT_3D('',#41620,#41630,#41640);
#41660=CYLINDRICAL_SURFACE('',#41650,0.4);
#41670=CARTESIAN_POINT('',(1.45509099999999,-4.250823,7.88701305915477))
;
#41680=DIRECTION('',(0.,1.,1.22460635382238E-16));
#41690=DIRECTION('',(0.,1.22460635382238E-16,-1.));
#41700=AXIS2_PLACEMENT_3D('',#41670,#41680,#41690);
#41710=CIRCLE('',#41700,0.4);
#41720=EDGE_CURVE('',#2660,#3070,#41710,.T.);
#41730=ORIENTED_EDGE('',*,*,#41720,.T.);
#41740=ORIENTED_EDGE('',*,*,#38930,.F.);
#41750=CARTESIAN_POINT('',(1.45509099999999,3.099177,7.88701305915477));
#41760=DIRECTION('',(0.,1.,1.22460635382238E-16));
#41770=DIRECTION('',(0.,1.22460635382238E-16,-1.));
#41780=AXIS2_PLACEMENT_3D('',#41750,#41760,#41770);
#41790=CIRCLE('',#41780,0.4);
#41800=CARTESIAN_POINT('',(1.85509099999999,3.099177,7.88701305915477));
#41810=VERTEX_POINT('',#41800);
#41820=EDGE_CURVE('',#3690,#41810,#41790,.T.);
#41830=ORIENTED_EDGE('',*,*,#41820,.F.);
#41840=CARTESIAN_POINT('',(1.85509099999999,0.,7.88701305915477));
#41850=DIRECTION('',(0.,1.,1.22460635382238E-16));
#41860=VECTOR('',#41850,1.);
#41870=LINE('',#41840,#41860);
#41880=EDGE_CURVE('',#3070,#41810,#41870,.T.);
#41890=ORIENTED_EDGE('',*,*,#41880,.T.);
#41900=EDGE_LOOP('',(#41890,#41830,#41740,#41730));
#41910=FACE_OUTER_BOUND('',#41900,.T.);
#41920=ADVANCED_FACE('',(#41910),#41660,.T.);
#41930=CARTESIAN_POINT('',(-9.84490900000002,5.999177,7.88701305915477))
;
#41940=DIRECTION('',(-0.,-1.,-0.));
#41950=DIRECTION('',(-1.,0.,0.));
#41960=AXIS2_PLACEMENT_3D('',#41930,#41940,#41950);
#41970=PLANE('',#41960);
#41980=ORIENTED_EDGE('',*,*,#6690,.F.);
#41990=CARTESIAN_POINT('',(0.,5.999177,0.43701305915477));
#42000=DIRECTION('',(-1.,0.,0.));
#42010=VECTOR('',#42000,1.);
#42020=LINE('',#41990,#42010);
#42030=CARTESIAN_POINT('',(-8.14490900000002,5.999177,0.43701305915477))
;
#42040=VERTEX_POINT('',#42030);
#42050=EDGE_CURVE('',#6620,#42040,#42020,.T.);
#42060=ORIENTED_EDGE('',*,*,#42050,.F.);
#42070=CARTESIAN_POINT('',(-8.14490900000002,5.999177,0.));
#42080=DIRECTION('',(0.,0.,-1.));
#42090=VECTOR('',#42080,1.);
#42100=LINE('',#42070,#42090);
#42110=EDGE_CURVE('',#15730,#42040,#42100,.T.);
#42120=ORIENTED_EDGE('',*,*,#42110,.T.);
#42130=ORIENTED_EDGE('',*,*,#15740,.T.);
#42140=ORIENTED_EDGE('',*,*,#38250,.T.);
#42150=CARTESIAN_POINT('',(0.,5.999177,7.88701305915477));
#42160=DIRECTION('',(1.,0.,1.22460635382238E-16));
#42170=VECTOR('',#42160,1.);
#42180=LINE('',#42150,#42170);
#42190=EDGE_CURVE('',#41320,#38240,#42180,.T.);
#42200=ORIENTED_EDGE('',*,*,#42190,.T.);
#42210=ORIENTED_EDGE('',*,*,#41330,.T.);
#42220=CARTESIAN_POINT('',(0.,5.999177,-0.0129869408452293));
#42230=DIRECTION('',(1.,0.,0.));
#42240=VECTOR('',#42230,1.);
#42250=LINE('',#42220,#42240);
#42260=EDGE_CURVE('',#41300,#5030,#42250,.T.);
#42270=ORIENTED_EDGE('',*,*,#42260,.F.);
#42280=EDGE_LOOP('',(#42270,#42210,#42200,#42140,#42130,#42120,#42060,
#41980));
#42290=FACE_OUTER_BOUND('',#42280,.T.);
#42300=ADVANCED_FACE('',(#42290),#41970,.F.);
#42310=ORIENTED_EDGE('',*,*,#13380,.T.);
#42320=ORIENTED_EDGE('',*,*,#11230,.F.);
#42330=ORIENTED_EDGE('',*,*,#32740,.F.);
#42340=ORIENTED_EDGE('',*,*,#29250,.T.);
#42350=EDGE_LOOP('',(#42340,#42330,#42320,#42310));
#42360=FACE_OUTER_BOUND('',#42350,.T.);
#42370=ADVANCED_FACE('',(#42360),#32580,.T.);
#42380=CARTESIAN_POINT('',(1.45509099999999,-4.250823,0.));
#42390=DIRECTION('',(0.,-2.2168165810152E-18,-1.));
#42400=DIRECTION('',(0.,-1.,2.2168165810152E-18));
#42410=AXIS2_PLACEMENT_3D('',#42380,#42390,#42400);
#42420=CYLINDRICAL_SURFACE('',#42410,0.4);
#42430=CARTESIAN_POINT('',(1.85509099999999,-4.250823,0.));
#42440=DIRECTION('',(0.,2.2168165810152E-18,1.));
#42450=VECTOR('',#42440,1.);
#42460=LINE('',#42430,#42450);
#42470=EDGE_CURVE('',#13780,#35910,#42460,.T.);
#42480=ORIENTED_EDGE('',*,*,#42470,.T.);
#42490=ORIENTED_EDGE('',*,*,#25620,.F.);
#42500=ORIENTED_EDGE('',*,*,#35920,.T.);
#42510=EDGE_LOOP('',(#42500,#42490,#42480));
#42520=FACE_OUTER_BOUND('',#42510,.T.);
#42530=ADVANCED_FACE('',(#42520),#42420,.T.);
#42540=ORIENTED_EDGE('',*,*,#15110,.F.);
#42550=ORIENTED_EDGE('',*,*,#40610,.T.);
#42560=ORIENTED_EDGE('',*,*,#1700,.T.);
#42570=ORIENTED_EDGE('',*,*,#21440,.F.);
#42580=EDGE_LOOP('',(#42570,#42560,#42550,#42540));
#42590=FACE_OUTER_BOUND('',#42580,.T.);
#42600=ADVANCED_FACE('',(#42590),#14910,.T.);
#42610=CARTESIAN_POINT('',(-18.844909,-5.88517454511511,5.71797732823892
));
#42620=DIRECTION('',(-1.,0.,0.));
#42630=DIRECTION('',(0.,1.,1.22460635382238E-16));
#42640=AXIS2_PLACEMENT_3D('',#42610,#42620,#42630);
#42650=PLANE('',#42640);
#42660=EDGE_CURVE('',#29510,#29410,#29580,.T.);
#42670=ORIENTED_EDGE('',*,*,#42660,.F.);
#42680=ORIENTED_EDGE('',*,*,#29590,.F.);
#42690=EDGE_LOOP('',(#42680,#42670));
#42700=FACE_BOUND('',#42690,.T.);
#42710=CARTESIAN_POINT('',(-18.844909,-4.900823,7.08701305915477));
#42720=DIRECTION('',(-1.,0.,0.));
#42730=DIRECTION('',(0.,1.,0.));
#42740=AXIS2_PLACEMENT_3D('',#42710,#42720,#42730);
#42750=CIRCLE('',#42740,0.7);
#42760=EDGE_CURVE('',#27300,#16960,#42750,.T.);
#42770=ORIENTED_EDGE('',*,*,#42760,.T.);
#42780=ORIENTED_EDGE('',*,*,#27310,.F.);
#42790=ORIENTED_EDGE('',*,*,#30560,.T.);
#42800=ORIENTED_EDGE('',*,*,#30030,.T.);
#42810=ORIENTED_EDGE('',*,*,#37590,.F.);
#42820=CARTESIAN_POINT('',(-18.844909,2.299177,0.));
#42830=DIRECTION('',(0.,-1.22460635382238E-16,1.));
#42840=VECTOR('',#42830,1.);
#42850=LINE('',#42820,#42840);
#42860=CARTESIAN_POINT('',(-18.844909,2.299177,7.08701305915477));
#42870=VERTEX_POINT('',#42860);
#42880=EDGE_CURVE('',#37510,#42870,#42850,.T.);
#42890=ORIENTED_EDGE('',*,*,#42880,.F.);
#42900=CARTESIAN_POINT('',(-18.844909,1.599177,7.08701305915477));
#42910=DIRECTION('',(1.,-2.46519032881566E-32,1.22460635382238E-16));
#42920=DIRECTION('',(1.22460635382238E-16,-3.01888774004914E-48,-1.));
#42930=AXIS2_PLACEMENT_3D('',#42900,#42910,#42920);
#42940=CIRCLE('',#42930,0.7);
#42950=EDGE_CURVE('',#42870,#16790,#42940,.T.);
#42960=ORIENTED_EDGE('',*,*,#42950,.F.);
#42970=ORIENTED_EDGE('',*,*,#17030,.F.);
#42980=EDGE_LOOP('',(#42970,#42960,#42890,#42810,#42800,#42790,#42780,
#42770));
#42990=FACE_OUTER_BOUND('',#42980,.T.);
#43000=ADVANCED_FACE('',(#42700,#42990),#42650,.T.);
#43010=CARTESIAN_POINT('',(-3.54490900000001,-10.200823,7.88701305915477
));
#43020=DIRECTION('',(0.330514392713223,0.943800951583229,0.));
#43030=DIRECTION('',(0.943800951583229,-0.330514392713223,0.));
#43040=AXIS2_PLACEMENT_3D('',#43010,#43020,#43030);
#43050=PLANE('',#43040);
#43060=ORIENTED_EDGE('',*,*,#20150,.T.);
#43070=ORIENTED_EDGE('',*,*,#36930,.T.);
#43080=CARTESIAN_POINT('',(-6.2576831598292,-9.250823,1.33701305915477))
;
#43090=DIRECTION('',(0.330514392713223,0.943800951583229,0.));
#43100=DIRECTION('',(0.943800951583229,-0.330514392713223,0.));
#43110=AXIS2_PLACEMENT_3D('',#43080,#43090,#43100);
#43120=ELLIPSE('',#43110,1.05895539715175,0.35);
#43130=EDGE_CURVE('',#35120,#36860,#43120,.T.);
#43140=ORIENTED_EDGE('',*,*,#43130,.T.);
#43150=ORIENTED_EDGE('',*,*,#35130,.T.);
#43160=ORIENTED_EDGE('',*,*,#22720,.T.);
#43170=CARTESIAN_POINT('',(0.,-11.4422324766415,6.88701305915477));
#43180=DIRECTION('',(0.943800951583229,-0.330514392713223,0.));
#43190=VECTOR('',#43180,1.);
#43200=LINE('',#43170,#43190);
#43210=CARTESIAN_POINT('',(-9.34490900000002,-8.16969188647342,
6.88701305915477));
#43220=VERTEX_POINT('',#43210);
#43230=EDGE_CURVE('',#43220,#22690,#43200,.T.);
#43240=ORIENTED_EDGE('',*,*,#43230,.T.);
#43250=CARTESIAN_POINT('',(-9.34490900000002,-8.16969188647342,
6.38701305915477));
#43260=DIRECTION('',(0.330514392713223,0.943800951583229,0.));
#43270=DIRECTION('',(0.943800951583229,-0.330514392713223,0.));
#43280=AXIS2_PLACEMENT_3D('',#43250,#43260,#43270);
#43290=ELLIPSE('',#43280,0.529772722904388,0.5);
#43300=EDGE_CURVE('',#36270,#43220,#43290,.T.);
#43310=ORIENTED_EDGE('',*,*,#43300,.T.);
#43320=ORIENTED_EDGE('',*,*,#36280,.T.);
#43330=ORIENTED_EDGE('',*,*,#230,.T.);
#43340=CARTESIAN_POINT('',(-3.54490900000001,-10.200823,0.));
#43350=DIRECTION('',(0.,0.,1.));
#43360=VECTOR('',#43350,1.);
#43370=LINE('',#43340,#43360);
#43380=EDGE_CURVE('',#14660,#120,#43370,.T.);
#43390=ORIENTED_EDGE('',*,*,#43380,.T.);
#43400=ORIENTED_EDGE('',*,*,#14670,.T.);
#43410=CARTESIAN_POINT('',(-9.51016619635663,-8.11181963936065,
-0.0129869408452308));
#43420=DIRECTION('',(0.,0.,-1.));
#43430=VECTOR('',#43420,1.);
#43440=LINE('',#43410,#43430);
#43450=EDGE_CURVE('',#20140,#14580,#43440,.T.);
#43460=ORIENTED_EDGE('',*,*,#43450,.T.);
#43470=EDGE_LOOP('',(#43460,#43400,#43390,#43330,#43320,#43310,#43240,
#43160,#43150,#43140,#43070,#43060));
#43480=FACE_OUTER_BOUND('',#43470,.T.);
#43490=ADVANCED_FACE('',(#43480),#43050,.F.);
#43500=ORIENTED_EDGE('',*,*,#15500,.F.);
#43510=ORIENTED_EDGE('',*,*,#41140,.T.);
#43520=ORIENTED_EDGE('',*,*,#20240,.T.);
#43530=ORIENTED_EDGE('',*,*,#43450,.F.);
#43540=ORIENTED_EDGE('',*,*,#14590,.F.);
#43550=EDGE_LOOP('',(#43540,#43530,#43520,#43510,#43500));
#43560=FACE_OUTER_BOUND('',#43550,.T.);
#43570=ADVANCED_FACE('',(#43560),#14410,.T.);
#43580=CARTESIAN_POINT('',(-1.4210854715202E-14,-9.400823,
0.787013059154769));
#43590=DIRECTION('',(1.,0.,0.));
#43600=DIRECTION('',(0.,-1.,0.));
#43610=AXIS2_PLACEMENT_3D('',#43580,#43590,#43600);
#43620=CYLINDRICAL_SURFACE('',#43610,0.8);
#43630=ORIENTED_EDGE('',*,*,#39480,.T.);
#43640=ORIENTED_EDGE('',*,*,#14760,.T.);
#43650=CARTESIAN_POINT('',(-1.4210854715202E-14,-10.200823,
0.787013059154769));
#43660=DIRECTION('',(1.,0.,0.));
#43670=VECTOR('',#43660,1.);
#43680=LINE('',#43650,#43670);
#43690=EDGE_CURVE('',#14660,#28240,#43680,.T.);
#43700=ORIENTED_EDGE('',*,*,#43690,.F.);
#43710=CARTESIAN_POINT('',(1.45509099999999,-9.400823,0.787013059154769)
);
#43720=DIRECTION('',(-1.,0.,0.));
#43730=DIRECTION('',(0.,-1.,0.));
#43740=AXIS2_PLACEMENT_3D('',#43710,#43720,#43730);
#43750=CIRCLE('',#43740,0.800000000000001);
#43760=EDGE_CURVE('',#35990,#28240,#43750,.T.);
#43770=ORIENTED_EDGE('',*,*,#43760,.T.);
#43780=EDGE_LOOP('',(#43770,#43700,#43640,#43630));
#43790=FACE_OUTER_BOUND('',#43780,.T.);
#43800=ADVANCED_FACE('',(#43790),#43620,.T.);
#43810=CARTESIAN_POINT('',(-18.344909,-4.900823,7.08701305915477));
#43820=DIRECTION('',(-1.,0.,0.));
#43830=DIRECTION('',(0.,1.,0.));
#43840=AXIS2_PLACEMENT_3D('',#43810,#43820,#43830);
#43850=TOROIDAL_SURFACE('',#43840,0.7,0.5);
#43860=ORIENTED_EDGE('',*,*,#16970,.F.);
#43870=ORIENTED_EDGE('',*,*,#31750,.T.);
#43880=ORIENTED_EDGE('',*,*,#27400,.F.);
#43890=ORIENTED_EDGE('',*,*,#42760,.F.);
#43900=EDGE_LOOP('',(#43890,#43880,#43870,#43860));
#43910=FACE_OUTER_BOUND('',#43900,.T.);
#43920=ADVANCED_FACE('',(#43910),#43850,.T.);
#43930=CARTESIAN_POINT('',(-9.34490900000002,0.,6.38701305915477));
#43940=DIRECTION('',(0.,-1.,0.));
#43950=DIRECTION('',(-1.,0.,0.));
#43960=AXIS2_PLACEMENT_3D('',#43930,#43940,#43950);
#43970=CYLINDRICAL_SURFACE('',#43960,0.5);
#43980=ORIENTED_EDGE('',*,*,#21630,.T.);
#43990=ORIENTED_EDGE('',*,*,#41060,.T.);
#44000=ORIENTED_EDGE('',*,*,#36370,.T.);
#44010=ORIENTED_EDGE('',*,*,#43300,.F.);
#44020=CARTESIAN_POINT('',(-9.34490900000002,0.,6.88701305915477));
#44030=DIRECTION('',(0.,-1.,0.));
#44040=VECTOR('',#44030,1.);
#44050=LINE('',#44020,#44040);
#44060=EDGE_CURVE('',#43220,#21620,#44050,.T.);
#44070=ORIENTED_EDGE('',*,*,#44060,.F.);
#44080=EDGE_LOOP('',(#44070,#44010,#44000,#43990,#43980));
#44090=FACE_OUTER_BOUND('',#44080,.T.);
#44100=ADVANCED_FACE('',(#44090),#43970,.T.);
#44110=CARTESIAN_POINT('',(-6.24536987459933,2.99290049387561,
-0.412986940845229));
#44120=DIRECTION('',(-0.,0.,1.));
#44130=DIRECTION('',(0.,-1.,0.));
#44140=AXIS2_PLACEMENT_3D('',#44110,#44120,#44130);
#44150=PLANE('',#44140);
#44160=ORIENTED_EDGE('',*,*,#21120,.T.);
#44170=ORIENTED_EDGE('',*,*,#1610,.F.);
#44180=ORIENTED_EDGE('',*,*,#7380,.F.);
#44190=ORIENTED_EDGE('',*,*,#13940,.F.);
#44200=ORIENTED_EDGE('',*,*,#1040,.F.);
#44210=CARTESIAN_POINT('',(-3.54490900000002,0.,-0.412986940845229));
#44220=DIRECTION('',(0.,1.,0.));
#44230=VECTOR('',#44220,1.);
#44240=LINE('',#44210,#44230);
#44250=EDGE_CURVE('',#930,#8530,#44240,.T.);
#44260=ORIENTED_EDGE('',*,*,#44250,.F.);
#44270=ORIENTED_EDGE('',*,*,#8540,.F.);
#44280=ORIENTED_EDGE('',*,*,#8120,.F.);
#44290=ORIENTED_EDGE('',*,*,#5150,.F.);
#44300=CARTESIAN_POINT('',(0.,5.599177,-0.412986940845229));
#44310=DIRECTION('',(1.,0.,0.));
#44320=VECTOR('',#44310,1.);
#44330=LINE('',#44300,#44320);
#44340=CARTESIAN_POINT('',(-9.04490900000001,5.599177,-0.412986940845229
));
#44350=VERTEX_POINT('',#44340);
#44360=EDGE_CURVE('',#44350,#5050,#44330,.T.);
#44370=ORIENTED_EDGE('',*,*,#44360,.T.);
#44380=CARTESIAN_POINT('',(-9.04490900000001,5.199177,-0.412986940845229
));
#44390=DIRECTION('',(0.,0.,-1.));
#44400=DIRECTION('',(-1.,0.,0.));
#44410=AXIS2_PLACEMENT_3D('',#44380,#44390,#44400);
#44420=CIRCLE('',#44410,0.4);
#44430=CARTESIAN_POINT('',(-9.44490900000002,5.199177,-0.412986940845229
));
#44440=VERTEX_POINT('',#44430);
#44450=EDGE_CURVE('',#44440,#44350,#44420,.T.);
#44460=ORIENTED_EDGE('',*,*,#44450,.T.);
#44470=CARTESIAN_POINT('',(-9.44490900000002,0.,-0.412986940845229));
#44480=DIRECTION('',(0.,-1.,0.));
#44490=VECTOR('',#44480,1.);
#44500=LINE('',#44470,#44490);
#44510=CARTESIAN_POINT('',(-9.44490900000002,1.599177,-0.412986940845229
));
#44520=VERTEX_POINT('',#44510);
#44530=EDGE_CURVE('',#44440,#44520,#44500,.T.);
#44540=ORIENTED_EDGE('',*,*,#44530,.F.);
#44550=CARTESIAN_POINT('',(0.,1.599177,-0.412986940845229));
#44560=DIRECTION('',(-1.,0.,0.));
#44570=VECTOR('',#44560,1.);
#44580=LINE('',#44550,#44570);
#44590=EDGE_CURVE('',#44520,#29940,#44580,.T.);
#44600=ORIENTED_EDGE('',*,*,#44590,.F.);
#44610=ORIENTED_EDGE('',*,*,#30160,.F.);
#44620=EDGE_LOOP('',(#44610,#44600,#44540,#44460,#44370,#44290,#44280,
#44270,#44260,#44200,#44190,#44180,#44170,#44160));
#44630=FACE_OUTER_BOUND('',#44620,.T.);
#44640=ADVANCED_FACE('',(#44630),#44150,.F.);
#44650=CARTESIAN_POINT('',(0.,5.599177,-0.0129869408452293));
#44660=DIRECTION('',(-1.,0.,0.));
#44670=DIRECTION('',(0.,1.,0.));
#44680=AXIS2_PLACEMENT_3D('',#44650,#44660,#44670);
#44690=CYLINDRICAL_SURFACE('',#44680,0.4);
#44700=CARTESIAN_POINT('',(-9.04490900000001,5.599177,
-0.0129869408452293));
#44710=DIRECTION('',(1.,0.,0.));
#44720=DIRECTION('',(0.,-1.,0.));
#44730=AXIS2_PLACEMENT_3D('',#44700,#44710,#44720);
#44740=CIRCLE('',#44730,0.4);
#44750=EDGE_CURVE('',#44350,#41300,#44740,.T.);
#44760=ORIENTED_EDGE('',*,*,#44750,.T.);
#44770=ORIENTED_EDGE('',*,*,#44360,.F.);
#44780=ORIENTED_EDGE('',*,*,#5060,.T.);
#44790=ORIENTED_EDGE('',*,*,#42260,.T.);
#44800=EDGE_LOOP('',(#44790,#44780,#44770,#44760));
#44810=FACE_OUTER_BOUND('',#44800,.T.);
#44820=ADVANCED_FACE('',(#44810),#44690,.T.);
#44830=CARTESIAN_POINT('',(1.55509099999999,1.499177,0.78701305915477));
#44840=DIRECTION('',(1.,-9.65529606993524E-33,-1.18239369152789E-48));
#44850=DIRECTION('',(0.,-1.22460635382238E-16,1.));
#44860=AXIS2_PLACEMENT_3D('',#44830,#44840,#44850);
#44870=PLANE('',#44860);
#44880=CARTESIAN_POINT('',(1.55509099999999,0.,1.33701305915477));
#44890=DIRECTION('',(0.,1.,1.22460635382238E-16));
#44900=VECTOR('',#44890,1.);
#44910=LINE('',#44880,#44900);
#44920=CARTESIAN_POINT('',(1.55509099999999,-8.125823,1.33701305915477))
;
#44930=VERTEX_POINT('',#44920);
#44940=CARTESIAN_POINT('',(1.55509099999999,0.774176999999998,
1.33701305915477));
#44950=VERTEX_POINT('',#44940);
#44960=EDGE_CURVE('',#44930,#44950,#44910,.T.);
#44970=ORIENTED_EDGE('',*,*,#44960,.F.);
#44980=CARTESIAN_POINT('',(1.55509099999999,0.774176999999998,
2.03701305915477));
#44990=DIRECTION('',(1.,0.,0.));
#45000=DIRECTION('',(0.,-1.,-1.22460635382238E-16));
#45010=AXIS2_PLACEMENT_3D('',#44980,#44990,#45000);
#45020=CIRCLE('',#45010,0.7);
#45030=CARTESIAN_POINT('',(1.55509099999999,1.474177,2.03701305915477));
#45040=VERTEX_POINT('',#45030);
#45050=EDGE_CURVE('',#44950,#45040,#45020,.T.);
#45060=ORIENTED_EDGE('',*,*,#45050,.F.);
#45070=CARTESIAN_POINT('',(1.55509099999999,1.474177,0.));
#45080=DIRECTION('',(0.,-1.22460635382238E-16,1.));
#45090=VECTOR('',#45080,1.);
#45100=LINE('',#45070,#45090);
#45110=CARTESIAN_POINT('',(1.55509099999999,1.474177,5.83701305915477));
#45120=VERTEX_POINT('',#45110);
#45130=EDGE_CURVE('',#45040,#45120,#45100,.T.);
#45140=ORIENTED_EDGE('',*,*,#45130,.F.);
#45150=CARTESIAN_POINT('',(1.55509099999999,0.774176999999998,
5.83701305915477));
#45160=DIRECTION('',(1.,0.,0.));
#45170=DIRECTION('',(0.,-1.,-1.22460635382238E-16));
#45180=AXIS2_PLACEMENT_3D('',#45150,#45160,#45170);
#45190=CIRCLE('',#45180,0.7);
#45200=CARTESIAN_POINT('',(1.55509099999999,0.774176999999998,
6.53701305915477));
#45210=VERTEX_POINT('',#45200);
#45220=EDGE_CURVE('',#45120,#45210,#45190,.T.);
#45230=ORIENTED_EDGE('',*,*,#45220,.F.);
#45240=CARTESIAN_POINT('',(1.55509099999999,0.,6.53701305915477));
#45250=DIRECTION('',(0.,-1.,-1.22460635382238E-16));
#45260=VECTOR('',#45250,1.);
#45270=LINE('',#45240,#45260);
#45280=CARTESIAN_POINT('',(1.55509099999999,-8.125823,6.53701305915477))
;
#45290=VERTEX_POINT('',#45280);
#45300=EDGE_CURVE('',#45210,#45290,#45270,.T.);
#45310=ORIENTED_EDGE('',*,*,#45300,.F.);
#45320=CARTESIAN_POINT('',(1.55509099999999,-8.125823,5.83701305915477))
;
#45330=DIRECTION('',(1.,0.,0.));
#45340=DIRECTION('',(0.,-1.,-1.22460635382238E-16));
#45350=AXIS2_PLACEMENT_3D('',#45320,#45330,#45340);
#45360=CIRCLE('',#45350,0.7);
#45370=CARTESIAN_POINT('',(1.55509099999999,-8.825823,5.83701305915477))
;
#45380=VERTEX_POINT('',#45370);
#45390=EDGE_CURVE('',#45290,#45380,#45360,.T.);
#45400=ORIENTED_EDGE('',*,*,#45390,.F.);
#45410=CARTESIAN_POINT('',(1.55509099999999,-8.825823,0.));
#45420=DIRECTION('',(0.,-1.22460635382238E-16,1.));
#45430=VECTOR('',#45420,1.);
#45440=LINE('',#45410,#45430);
#45450=CARTESIAN_POINT('',(1.55509099999999,-8.825823,4.93701305915477))
;
#45460=VERTEX_POINT('',#45450);
#45470=EDGE_CURVE('',#45460,#45380,#45440,.T.);
#45480=ORIENTED_EDGE('',*,*,#45470,.T.);
#45490=CARTESIAN_POINT('',(1.55509099999999,0.,4.93701305915477));
#45500=DIRECTION('',(0.,-1.,-1.22460635382238E-16));
#45510=VECTOR('',#45500,1.);
#45520=LINE('',#45490,#45510);
#45530=CARTESIAN_POINT('',(1.55509099999999,-8.425823,4.93701305915477))
;
#45540=VERTEX_POINT('',#45530);
#45550=EDGE_CURVE('',#45540,#45460,#45520,.T.);
#45560=ORIENTED_EDGE('',*,*,#45550,.T.);
#45570=CARTESIAN_POINT('',(1.55509099999999,-8.425823,0.));
#45580=DIRECTION('',(0.,1.22460635382238E-16,-1.));
#45590=VECTOR('',#45580,1.);
#45600=LINE('',#45570,#45590);
#45610=CARTESIAN_POINT('',(1.55509099999999,-8.425823,3.93701305915477))
;
#45620=VERTEX_POINT('',#45610);
#45630=EDGE_CURVE('',#45540,#45620,#45600,.T.);
#45640=ORIENTED_EDGE('',*,*,#45630,.F.);
#45650=CARTESIAN_POINT('',(1.55509099999999,0.,3.93701305915477));
#45660=DIRECTION('',(-1.23259516440783E-32,-1.,4.40728183115358E-17));
#45670=VECTOR('',#45660,1.);
#45680=LINE('',#45650,#45670);
#45690=CARTESIAN_POINT('',(1.55509099999999,-8.825823,3.93701305915477))
;
#45700=VERTEX_POINT('',#45690);
#45710=EDGE_CURVE('',#45620,#45700,#45680,.T.);
#45720=ORIENTED_EDGE('',*,*,#45710,.F.);
#45730=CARTESIAN_POINT('',(1.55509099999999,-8.825823,0.));
#45740=DIRECTION('',(0.,-1.22460635382238E-16,1.));
#45750=VECTOR('',#45740,1.);
#45760=LINE('',#45730,#45750);
#45770=CARTESIAN_POINT('',(1.55509099999999,-8.825823,2.03701305915477))
;
#45780=VERTEX_POINT('',#45770);
#45790=EDGE_CURVE('',#45780,#45700,#45760,.T.);
#45800=ORIENTED_EDGE('',*,*,#45790,.T.);
#45810=CARTESIAN_POINT('',(1.55509099999999,-8.125823,2.03701305915477))
;
#45820=DIRECTION('',(1.,0.,0.));
#45830=DIRECTION('',(0.,-1.,-1.22460635382238E-16));
#45840=AXIS2_PLACEMENT_3D('',#45810,#45820,#45830);
#45850=CIRCLE('',#45840,0.7);
#45860=EDGE_CURVE('',#45780,#44930,#45850,.T.);
#45870=ORIENTED_EDGE('',*,*,#45860,.F.);
#45880=EDGE_LOOP('',(#45870,#45800,#45720,#45640,#45560,#45480,#45400,
#45310,#45230,#45140,#45060,#44970));
#45890=FACE_BOUND('',#45880,.T.);
#45900=CARTESIAN_POINT('',(1.55509099999999,0.,1.31201305915477));
#45910=DIRECTION('',(0.,1.,1.22460635382238E-16));
#45920=VECTOR('',#45910,1.);
#45930=LINE('',#45900,#45920);
#45940=CARTESIAN_POINT('',(1.55509099999999,-4.800823,1.31201305915477))
;
#45950=VERTEX_POINT('',#45940);
#45960=EDGE_CURVE('',#12450,#45950,#45930,.T.);
#45970=ORIENTED_EDGE('',*,*,#45960,.T.);
#45980=ORIENTED_EDGE('',*,*,#12720,.T.);
#45990=ORIENTED_EDGE('',*,*,#26990,.T.);
#46000=ORIENTED_EDGE('',*,*,#40870,.T.);
#46010=ORIENTED_EDGE('',*,*,#26370,.F.);
#46020=ORIENTED_EDGE('',*,*,#38080,.T.);
#46030=CARTESIAN_POINT('',(1.55509099999999,0.,7.08701305915477));
#46040=DIRECTION('',(1.74315279842105E-32,1.,1.22460635382238E-16));
#46050=VECTOR('',#46040,1.);
#46060=LINE('',#46030,#46050);
#46070=EDGE_CURVE('',#38010,#27870,#46060,.T.);
#46080=ORIENTED_EDGE('',*,*,#46070,.F.);
#46090=ORIENTED_EDGE('',*,*,#28060,.T.);
#46100=CARTESIAN_POINT('',(1.55509099999999,1.499177,7.08701305915477));
#46110=DIRECTION('',(0.,1.22460635382238E-16,-1.));
#46120=VECTOR('',#46110,1.);
#46130=LINE('',#46100,#46120);
#46140=CARTESIAN_POINT('',(1.55509099999999,1.499177,2.23701305915477));
#46150=VERTEX_POINT('',#46140);
#46160=EDGE_CURVE('',#9260,#46150,#46130,.T.);
#46170=ORIENTED_EDGE('',*,*,#46160,.F.);
#46180=CARTESIAN_POINT('',(1.55509099999999,1.499177,0.787013059154767))
;
#46190=VERTEX_POINT('',#46180);
#46200=EDGE_CURVE('',#46190,#46150,#28050,.T.);
#46210=ORIENTED_EDGE('',*,*,#46200,.T.);
#46220=CARTESIAN_POINT('',(1.55509099999999,0.,0.787013059154766));
#46230=DIRECTION('',(-8.71576399210526E-33,-1.,-1.22460635382238E-16));
#46240=VECTOR('',#46230,1.);
#46250=LINE('',#46220,#46240);
#46260=CARTESIAN_POINT('',(1.55509099999999,-4.80082300000001,
0.787013059154766));
#46270=VERTEX_POINT('',#46260);
#46280=EDGE_CURVE('',#46190,#46270,#46250,.T.);
#46290=ORIENTED_EDGE('',*,*,#46280,.F.);
#46300=CARTESIAN_POINT('',(1.55509099999999,-4.80082300000001,0.));
#46310=DIRECTION('',(0.,1.22460635382238E-16,-1.));
#46320=VECTOR('',#46310,1.);
#46330=LINE('',#46300,#46320);
#46340=EDGE_CURVE('',#45950,#46270,#46330,.T.);
#46350=ORIENTED_EDGE('',*,*,#46340,.T.);
#46360=EDGE_LOOP('',(#46350,#46290,#46210,#46170,#46090,#46080,#46020,
#46010,#46000,#45990,#45980,#45970));
#46370=FACE_OUTER_BOUND('',#46360,.T.);
#46380=ADVANCED_FACE('',(#45890,#46370),#44870,.T.);
#46390=CARTESIAN_POINT('',(-9.84490900000002,4.55051976603141,
7.30496853138997));
#46400=DIRECTION('',(-1.,0.,0.));
#46410=DIRECTION('',(0.,1.,1.22460635382238E-16));
#46420=AXIS2_PLACEMENT_3D('',#46390,#46400,#46410);
#46430=PLANE('',#46420);
#46440=ORIENTED_EDGE('',*,*,#41500,.F.);
#46450=CARTESIAN_POINT('',(-9.84490900000002,0.,7.88701305915477));
#46460=DIRECTION('',(0.,-1.,-1.22460635382238E-16));
#46470=VECTOR('',#46460,1.);
#46480=LINE('',#46450,#46470);
#46490=EDGE_CURVE('',#41410,#39980,#46480,.T.);
#46500=ORIENTED_EDGE('',*,*,#46490,.F.);
#46510=ORIENTED_EDGE('',*,*,#39990,.T.);
#46520=ORIENTED_EDGE('',*,*,#3400,.T.);
#46530=CARTESIAN_POINT('',(-9.84490900000002,1.599177,0.787013059154771)
);
#46540=DIRECTION('',(1.,0.,0.));
#46550=DIRECTION('',(0.,-1.,0.));
#46560=AXIS2_PLACEMENT_3D('',#46530,#46540,#46550);
#46570=CIRCLE('',#46560,1.2);
#46580=CARTESIAN_POINT('',(-9.84490900000002,2.49360419099991,
-0.0129869408452292));
#46590=VERTEX_POINT('',#46580);
#46600=EDGE_CURVE('',#46590,#3290,#46570,.T.);
#46610=ORIENTED_EDGE('',*,*,#46600,.T.);
#46620=CARTESIAN_POINT('',(-9.84490900000002,0.,-0.0129869408452293));
#46630=DIRECTION('',(0.,-1.,0.));
#46640=VECTOR('',#46630,1.);
#46650=LINE('',#46620,#46640);
#46660=EDGE_CURVE('',#41490,#46590,#46650,.T.);
#46670=ORIENTED_EDGE('',*,*,#46660,.T.);
#46680=EDGE_LOOP('',(#46670,#46610,#46520,#46510,#46500,#46440));
#46690=FACE_OUTER_BOUND('',#46680,.T.);
#46700=ADVANCED_FACE('',(#46690),#46430,.T.);
#46710=CARTESIAN_POINT('',(-3.64490900000002,4.1924895171738,
7.43701305915477));
#46720=DIRECTION('',(0.,0.,1.));
#46730=DIRECTION('',(1.,0.,0.));
#46740=AXIS2_PLACEMENT_3D('',#46710,#46720,#46730);
#46750=DEGENERATE_TOROIDAL_SURFACE('',#46740,0.1,0.4,.T.);
#46760=ORIENTED_EDGE('',*,*,#16530,.T.);
#46770=CARTESIAN_POINT('',(-3.64490900000002,4.1924895171738,
7.03701305915477));
#46780=DIRECTION('',(0.,0.,1.));
#46790=DIRECTION('',(1.,0.,0.));
#46800=AXIS2_PLACEMENT_3D('',#46770,#46780,#46790);
#46810=CIRCLE('',#46800,0.1);
#46820=EDGE_CURVE('',#17320,#16520,#46810,.T.);
#46830=ORIENTED_EDGE('',*,*,#46820,.T.);
#46840=ORIENTED_EDGE('',*,*,#17330,.F.);
#46850=CARTESIAN_POINT('',(-3.64490900000002,4.1924895171738,
7.43701305915477));
#46860=DIRECTION('',(0.,0.,1.));
#46870=DIRECTION('',(1.,0.,0.));
#46880=AXIS2_PLACEMENT_3D('',#46850,#46860,#46870);
#46890=CIRCLE('',#46880,0.5);
#46900=EDGE_CURVE('',#17230,#2010,#46890,.T.);
#46910=ORIENTED_EDGE('',*,*,#46900,.F.);
#46920=EDGE_LOOP('',(#46910,#46840,#46830,#46760));
#46930=FACE_OUTER_BOUND('',#46920,.T.);
#46940=ADVANCED_FACE('',(#46930),#46750,.T.);
#46950=ORIENTED_EDGE('',*,*,#31540,.F.);
#46960=ORIENTED_EDGE('',*,*,#31900,.F.);
#46970=CARTESIAN_POINT('',(-9.64490900000002,-4.900823,7.98701305915477)
);
#46980=DIRECTION('',(0.,1.,1.22460635382238E-16));
#46990=DIRECTION('',(0.,1.22460635382238E-16,-1.));
#47000=AXIS2_PLACEMENT_3D('',#46970,#46980,#46990);
#47010=CIRCLE('',#47000,0.3);
#47020=CARTESIAN_POINT('',(-9.34490900000002,-4.900823,7.98701305915477)
);
#47030=VERTEX_POINT('',#47020);
#47040=EDGE_CURVE('',#31820,#47030,#47010,.T.);
#47050=ORIENTED_EDGE('',*,*,#47040,.F.);
#47060=CARTESIAN_POINT('',(-9.34490900000002,-4.900823,7.08701305915477)
);
#47070=DIRECTION('',(-1.,0.,0.));
#47080=DIRECTION('',(0.,1.,0.));
#47090=AXIS2_PLACEMENT_3D('',#47060,#47070,#47080);
#47100=CIRCLE('',#47090,0.899999999999999);
#47110=EDGE_CURVE('',#31530,#47030,#47100,.T.);
#47120=ORIENTED_EDGE('',*,*,#47110,.T.);
#47130=EDGE_LOOP('',(#47120,#47050,#46960,#46950));
#47140=FACE_OUTER_BOUND('',#47130,.T.);
#47150=ADVANCED_FACE('',(#47140),#31360,.T.);
#47160=CARTESIAN_POINT('',(1.84692777493467,3.36239378601382,
1.23838462909587));
#47170=CARTESIAN_POINT('',(1.84747696884104,3.39001466420942,
1.25873247640901));
#47180=CARTESIAN_POINT('',(1.84876560931346,3.41798829180557,
1.27905517097149));
#47190=CARTESIAN_POINT('',(1.85082289700019,3.44357100814226,
1.29726877360397));
#47200=CARTESIAN_POINT('',(1.85322418922755,3.46539514702644,
1.31252917319555));
#47210=CARTESIAN_POINT('',(1.85509099999999,3.48346903673205,
1.32523208670381));
#47220=CARTESIAN_POINT('',(1.85509099999999,3.499177,1.33701305915477));
#47230=CARTESIAN_POINT('',(1.88398221169764,3.33084728203039,
1.23949817968537));
#47240=CARTESIAN_POINT('',(1.88859638096474,3.36053772534712,
1.25816752322312));
#47250=CARTESIAN_POINT('',(1.90128670992283,3.39682850760383,
1.27933786819929));
#47260=CARTESIAN_POINT('',(1.91871769761054,3.43410693944556,
1.29988801257599));
#47270=CARTESIAN_POINT('',(1.9366654366637,3.46241383839726,
1.31378547252551));
#47280=CARTESIAN_POINT('',(1.94765106121162,3.48346903673205,
1.32523208670381));
#47290=CARTESIAN_POINT('',(1.94765106121162,3.499177,1.33701305915477));
#47300=CARTESIAN_POINT('',(1.9146750646584,3.29286539605947,
1.24027704232096));
#47310=CARTESIAN_POINT('',(1.92554156424171,3.31719224980489,
1.26005786487731));
#47320=CARTESIAN_POINT('',(1.94586837903689,3.3527927872005,
1.28231724191106));
#47330=CARTESIAN_POINT('',(1.97186785520643,3.39228712348227,
1.30381345945592));
#47340=CARTESIAN_POINT('',(1.99883276063125,3.42252918435526,
1.31735571201835));
#47350=CARTESIAN_POINT('',(2.01830909182002,3.44383731543555,
1.32758828119405));
#47360=CARTESIAN_POINT('',(2.026163073454,3.45620102448478,
1.33701305915482));
#47370=CARTESIAN_POINT('',(1.93449889582793,3.24864568368946,
1.24246608857397));
#47380=CARTESIAN_POINT('',(1.95230600173002,3.26374874574434,
1.26493043418162));
#47390=CARTESIAN_POINT('',(1.97804231243364,3.29269977917966,
1.28798108002029));
#47400=CARTESIAN_POINT('',(2.00886492750315,3.32753184450568,
1.3089865576298));
#47410=CARTESIAN_POINT('',(2.04122289835411,3.35581576063774,
1.32230137074885));
#47420=CARTESIAN_POINT('',(2.06876010100541,3.37508306197778,
1.33112257292919));
#47430=CARTESIAN_POINT('',(2.08839505509035,3.38248105509021,
1.33701305915467));
#47440=CARTESIAN_POINT('',(1.94289807334926,3.19962849090418,
1.246090326264));
#47450=CARTESIAN_POINT('',(1.96683498261978,3.20522051172249,
1.27159230019434));
#47460=CARTESIAN_POINT('',(1.99650165079689,3.22436236444212,
1.29494127943925));
#47470=CARTESIAN_POINT('',(2.03027637528241,3.24988278196776,
1.3144888186082));
#47480=CARTESIAN_POINT('',(2.06612294828326,3.27259670106265,
1.32733995504204));
#47490=CARTESIAN_POINT('',(2.10069909794881,3.28771546549593,
1.33465686466464));
#47500=CARTESIAN_POINT('',(2.13211502448471,3.29024907345412,
1.33701305915483));
#47510=CARTESIAN_POINT('',(1.94326877149752,3.14849695408282,
1.24945489945893));
#47520=CARTESIAN_POINT('',(1.9710256022332,3.14786363669177,
1.27713066822204));
#47530=CARTESIAN_POINT('',(2.0031009797159,3.15658765620446,
1.30043384607856));
#47540=CARTESIAN_POINT('',(2.03864556239145,3.17000301051683,
1.31854182202528));
#47550=CARTESIAN_POINT('',(2.0766103700952,3.18344369752485,
1.33084499847179));
#47560=CARTESIAN_POINT('',(2.11582109183011,3.19224371512446,
1.33701305915477));
#47570=CARTESIAN_POINT('',(2.15509099999999,3.19173706121163,
1.33701305915477));
#47580=CARTESIAN_POINT('',(1.9429589706799,3.09917699999999,
1.24914508847485));
#47590=CARTESIAN_POINT('',(1.97072676202457,3.09917699999999,
1.27691287981951));
#47600=CARTESIAN_POINT('',(2.00285632968577,3.09917699999999,
1.30031889484766));
#47610=CARTESIAN_POINT('',(2.03849175574395,3.09917699999999,
1.31850721563975));
#47620=CARTESIAN_POINT('',(2.07655298469356,3.099177,1.33084606186224));
#47630=CARTESIAN_POINT('',(2.11582109183011,3.09917699999999,
1.33701305915477));
#47640=CARTESIAN_POINT('',(2.15509099999999,3.09917699999999,
1.33701305915477));
#47650=B_SPLINE_SURFACE_WITH_KNOTS('',6,6,((#47160,#47230,#47300,#47370,
#47440,#47510,#47580),(#47170,#47240,#47310,#47380,#47450,#47520,#47590)
,(#47180,#47250,#47320,#47390,#47460,#47530,#47600),(#47190,#47260,
#47330,#47400,#47470,#47540,#47610),(#47200,#47270,#47340,#47410,#47480,
#47550,#47620),(#47210,#47280,#47350,#47420,#47490,#47560,#47630),(
#47220,#47290,#47360,#47430,#47500,#47570,#47640)),.UNSPECIFIED.,.F.,.F.
,.F.,(7,7),(7,7),(0.,1.),(0.,1.),.UNSPECIFIED.);
#47660=ORIENTED_EDGE('',*,*,#6100,.T.);
#47670=CARTESIAN_POINT('',(1.84692777493467,3.36239378601382,
1.23838462909587));
#47680=CARTESIAN_POINT('',(1.88398221169764,3.33084728203039,
1.23949817968537));
#47690=CARTESIAN_POINT('',(1.9146750646584,3.29286539605947,
1.24027704232096));
#47700=CARTESIAN_POINT('',(1.93449889582793,3.24864568368946,
1.24246608857397));
#47710=CARTESIAN_POINT('',(1.94289807334926,3.19962849090418,
1.246090326264));
#47720=CARTESIAN_POINT('',(1.94326877149752,3.14849695408282,
1.24945489945893));
#47730=CARTESIAN_POINT('',(1.9429589706799,3.09917699999999,
1.24914508847485));
#47740=B_SPLINE_CURVE_WITH_KNOTS('',6,(#47670,#47680,#47690,#47700,
#47710,#47720,#47730),.UNSPECIFIED.,.F.,.F.,(7,7),(0.,1.),.UNSPECIFIED.)
;
#47750=EDGE_CURVE('',#5950,#4340,#47740,.T.);
#47760=ORIENTED_EDGE('',*,*,#47750,.F.);
#47770=ORIENTED_EDGE('',*,*,#4350,.T.);
#47780=EDGE_CURVE('',#6090,#4220,#6250,.T.);
#47790=ORIENTED_EDGE('',*,*,#47780,.T.);
#47800=EDGE_LOOP('',(#47790,#47770,#47760,#47660));
#47810=FACE_OUTER_BOUND('',#47800,.T.);
#47820=ADVANCED_FACE('',(#47810),#47650,.T.);
#47830=CARTESIAN_POINT('',(1.45509099999999,-9.400823,0.787013059154769)
);
#47840=DIRECTION('',(1.,0.,0.));
#47850=DIRECTION('',(0.,-1.,0.));
#47860=AXIS2_PLACEMENT_3D('',#47830,#47840,#47850);
#47870=TOROIDAL_SURFACE('',#47860,0.4,0.4);
#47880=ORIENTED_EDGE('',*,*,#28250,.T.);
#47890=CARTESIAN_POINT('',(1.85509099999999,-9.400823,0.787013059154769)
);
#47900=DIRECTION('',(-1.,0.,0.));
#47910=DIRECTION('',(0.,-1.,0.));
#47920=AXIS2_PLACEMENT_3D('',#47890,#47900,#47910);
#47930=CIRCLE('',#47920,0.4);
#47940=EDGE_CURVE('',#36080,#28220,#47930,.T.);
#47950=ORIENTED_EDGE('',*,*,#47940,.T.);
#47960=ORIENTED_EDGE('',*,*,#36090,.F.);
#47970=ORIENTED_EDGE('',*,*,#43760,.F.);
#47980=EDGE_LOOP('',(#47970,#47960,#47950,#47880));
#47990=FACE_OUTER_BOUND('',#47980,.T.);
#48000=ADVANCED_FACE('',(#47990),#47870,.T.);
#48010=CARTESIAN_POINT('',(-3.64490900000002,4.1924895171738,0.));
#48020=DIRECTION('',(0.,0.,1.));
#48030=DIRECTION('',(1.,0.,0.));
#48040=AXIS2_PLACEMENT_3D('',#48010,#48020,#48030);
#48050=CYLINDRICAL_SURFACE('',#48040,0.5);
#48060=ORIENTED_EDGE('',*,*,#32350,.F.);
#48070=ORIENTED_EDGE('',*,*,#37110,.F.);
#48080=ORIENTED_EDGE('',*,*,#2100,.T.);
#48090=ORIENTED_EDGE('',*,*,#46900,.T.);
#48100=EDGE_LOOP('',(#48090,#48080,#48070,#48060));
#48110=FACE_OUTER_BOUND('',#48100,.T.);
#48120=ADVANCED_FACE('',(#48110),#48050,.T.);
#48130=CARTESIAN_POINT('',(1.85509099999999,-0.575823000000003,
0.237013059154771));
#48140=DIRECTION('',(1.,-9.65529606993524E-33,-2.46519032881566E-32));
#48150=DIRECTION('',(-2.46519032881566E-32,0.,-1.));
#48160=AXIS2_PLACEMENT_3D('',#48130,#48140,#48150);
#48170=PLANE('',#48160);
#48180=ORIENTED_EDGE('',*,*,#40790,.F.);
#48190=ORIENTED_EDGE('',*,*,#27060,.T.);
#48200=ORIENTED_EDGE('',*,*,#12570,.F.);
#48210=CARTESIAN_POINT('',(1.85509099999999,-6.62582300000001,
1.01201305915477));
#48220=DIRECTION('',(0.,-1.,-1.22460635382238E-16));
#48230=VECTOR('',#48220,1.);
#48240=LINE('',#48210,#48230);
#48250=CARTESIAN_POINT('',(1.85509099999999,-5.100823,1.01201305915477))
;
#48260=VERTEX_POINT('',#48250);
#48270=EDGE_CURVE('',#48260,#12470,#48240,.T.);
#48280=ORIENTED_EDGE('',*,*,#48270,.T.);
#48290=CARTESIAN_POINT('',(1.85509099999999,-5.100823,0.));
#48300=DIRECTION('',(-2.61472919763158E-32,1.22460635382238E-16,-1.));
#48310=VECTOR('',#48300,1.);
#48320=LINE('',#48290,#48310);
#48330=CARTESIAN_POINT('',(1.85509099999999,-5.100823,0.487013059154769)
);
#48340=VERTEX_POINT('',#48330);
#48350=EDGE_CURVE('',#48260,#48340,#48320,.T.);
#48360=ORIENTED_EDGE('',*,*,#48350,.F.);
#48370=CARTESIAN_POINT('',(1.85509099999999,-1.650823,0.48701305915477))
;
#48380=DIRECTION('',(0.,1.,1.22460635382238E-16));
#48390=VECTOR('',#48380,1.);
#48400=LINE('',#48370,#48390);
#48410=CARTESIAN_POINT('',(1.85509099999999,1.499177,0.487013059154769))
;
#48420=VERTEX_POINT('',#48410);
#48430=EDGE_CURVE('',#48340,#48420,#48400,.T.);
#48440=ORIENTED_EDGE('',*,*,#48430,.F.);
#48450=EDGE_CURVE('',#48420,#4140,#27950,.T.);
#48460=ORIENTED_EDGE('',*,*,#48450,.F.);
#48470=ORIENTED_EDGE('',*,*,#4450,.F.);
#48480=CARTESIAN_POINT('',(1.85509099999999,3.099177,0.));
#48490=DIRECTION('',(0.,0.,1.));
#48500=VECTOR('',#48490,1.);
#48510=LINE('',#48480,#48500);
#48520=EDGE_CURVE('',#13800,#4380,#48510,.T.);
#48530=ORIENTED_EDGE('',*,*,#48520,.T.);
#48540=ORIENTED_EDGE('',*,*,#13810,.T.);
#48550=ORIENTED_EDGE('',*,*,#42470,.F.);
#48560=ORIENTED_EDGE('',*,*,#36150,.T.);
#48570=ORIENTED_EDGE('',*,*,#47940,.F.);
#48580=ORIENTED_EDGE('',*,*,#28380,.T.);
#48590=ORIENTED_EDGE('',*,*,#27640,.F.);
#48600=ORIENTED_EDGE('',*,*,#17690,.T.);
#48610=ORIENTED_EDGE('',*,*,#3140,.T.);
#48620=ORIENTED_EDGE('',*,*,#41880,.F.);
#48630=CARTESIAN_POINT('',(1.85509099999999,3.099177,0.));
#48640=DIRECTION('',(0.,0.,1.));
#48650=VECTOR('',#48640,1.);
#48660=LINE('',#48630,#48650);
#48670=EDGE_CURVE('',#25970,#41810,#48660,.T.);
#48680=ORIENTED_EDGE('',*,*,#48670,.T.);
#48690=ORIENTED_EDGE('',*,*,#26000,.F.);
#48700=ORIENTED_EDGE('',*,*,#27960,.F.);
#48710=CARTESIAN_POINT('',(1.85509099999999,-1.650823,7.38701305915477))
;
#48720=DIRECTION('',(0.,-1.,-1.22460635382238E-16));
#48730=VECTOR('',#48720,1.);
#48740=LINE('',#48710,#48730);
#48750=EDGE_CURVE('',#27890,#37930,#48740,.T.);
#48760=ORIENTED_EDGE('',*,*,#48750,.F.);
#48770=ORIENTED_EDGE('',*,*,#37940,.F.);
#48780=ORIENTED_EDGE('',*,*,#26510,.T.);
#48790=EDGE_LOOP('',(#48780,#48770,#48760,#48700,#48690,#48680,#48620,
#48610,#48600,#48590,#48580,#48570,#48560,#48550,#48540,#48530,#48470,
#48460,#48440,#48360,#48280,#48200,#48190,#48180));
#48800=FACE_OUTER_BOUND('',#48790,.T.);
#48810=ADVANCED_FACE('',(#48800),#48170,.T.);
#48820=CARTESIAN_POINT('',(-7.59490900000001,-10.200823,
-1.04298934084523));
#48830=DIRECTION('',(-1.,0.,0.));
#48840=DIRECTION('',(0.,1.,0.));
#48850=AXIS2_PLACEMENT_3D('',#48820,#48830,#48840);
#48860=PLANE('',#48850);
#48870=ORIENTED_EDGE('',*,*,#33450,.F.);
#48880=ORIENTED_EDGE('',*,*,#33630,.T.);
#48890=ORIENTED_EDGE('',*,*,#25160,.F.);
#48900=ORIENTED_EDGE('',*,*,#34030,.T.);
#48910=ORIENTED_EDGE('',*,*,#23890,.T.);
#48920=ORIENTED_EDGE('',*,*,#32940,.F.);
#48930=EDGE_LOOP('',(#48920,#48910,#48900,#48890,#48880,#48870));
#48940=FACE_OUTER_BOUND('',#48930,.T.);
#48950=ADVANCED_FACE('',(#48940),#48860,.F.);
#48960=CARTESIAN_POINT('',(-7.79490900000001,-10.200823,
-0.0129869408452308));
#48970=DIRECTION('',(-6.12323399573677E-17,1.,0.));
#48980=DIRECTION('',(1.,6.12323399573677E-17,0.));
#48990=AXIS2_PLACEMENT_3D('',#48960,#48970,#48980);
#49000=PLANE('',#48990);
#49010=ORIENTED_EDGE('',*,*,#33530,.T.);
#49020=ORIENTED_EDGE('',*,*,#19420,.T.);
#49030=ORIENTED_EDGE('',*,*,#35740,.T.);
#49040=CARTESIAN_POINT('',(3.06161699786838E-17,-10.200823,
6.38701305915477));
#49050=DIRECTION('',(1.,6.12323399573677E-17,0.));
#49060=VECTOR('',#49050,1.);
#49070=LINE('',#49040,#49060);
#49080=EDGE_CURVE('',#21800,#33270,#49070,.T.);
#49090=ORIENTED_EDGE('',*,*,#49080,.F.);
#49100=EDGE_LOOP('',(#49090,#49030,#49020,#49010));
#49110=FACE_OUTER_BOUND('',#49100,.T.);
#49120=ADVANCED_FACE('',(#49110),#49000,.F.);
#49130=CARTESIAN_POINT('',(-7.65314022354326,-4.10681300879462,
6.88701305915477));
#49140=DIRECTION('',(0.,0.,1.));
#49150=DIRECTION('',(1.,0.,0.));
#49160=AXIS2_PLACEMENT_3D('',#49130,#49140,#49150);
#49170=PLANE('',#49160);
#49180=ORIENTED_EDGE('',*,*,#43230,.F.);
#49190=ORIENTED_EDGE('',*,*,#23190,.F.);
#49200=ORIENTED_EDGE('',*,*,#34720,.F.);
#49210=ORIENTED_EDGE('',*,*,#25460,.T.);
#49220=ORIENTED_EDGE('',*,*,#33890,.T.);
#49230=CARTESIAN_POINT('',(0.,-9.700823,6.88701305915477));
#49240=DIRECTION('',(1.,6.12323399573677E-17,0.));
#49250=VECTOR('',#49240,1.);
#49260=LINE('',#49230,#49250);
#49270=EDGE_CURVE('',#21710,#33820,#49260,.T.);
#49280=ORIENTED_EDGE('',*,*,#49270,.T.);
#49290=ORIENTED_EDGE('',*,*,#21720,.F.);
#49300=ORIENTED_EDGE('',*,*,#44060,.T.);
#49310=EDGE_LOOP('',(#49300,#49290,#49280,#49220,#49210,#49200,#49190,
#49180));
#49320=FACE_OUTER_BOUND('',#49310,.T.);
#49330=ADVANCED_FACE('',(#49320),#49170,.T.);
#49340=CARTESIAN_POINT('',(1.84692777493467,3.36239378601382,
1.23838462909587));
#49350=CARTESIAN_POINT('',(1.88398221169764,3.33084728203039,
1.23949817968537));
#49360=CARTESIAN_POINT('',(1.9146750646584,3.29286539605947,
1.24027704232096));
#49370=CARTESIAN_POINT('',(1.93449889582793,3.24864568368946,
1.24246608857397));
#49380=CARTESIAN_POINT('',(1.94289807334926,3.19962849090418,
1.246090326264));
#49390=CARTESIAN_POINT('',(1.94326877149752,3.14849695408282,
1.24945489945893));
#49400=CARTESIAN_POINT('',(1.9429589706799,3.09917699999999,
1.24914508847485));
#49410=CARTESIAN_POINT('',(1.80932414426534,3.36631941180166,
1.21692323119324));
#49420=CARTESIAN_POINT('',(1.8476149255177,3.33806616105984,
1.21999419221007));
#49430=CARTESIAN_POINT('',(1.88777261401236,3.30436967846882,
1.21899994486372));
#49440=CARTESIAN_POINT('',(1.91633631612369,3.25956128576575,
1.21740086034542));
#49450=CARTESIAN_POINT('',(1.91902312424824,3.20390046091836,
1.22065031453995));
#49460=CARTESIAN_POINT('',(1.91551194076183,3.14913027147386,
1.22177913069581));
#49470=CARTESIAN_POINT('',(1.91519117933523,3.099177,1.22137729713018));
#49480=CARTESIAN_POINT('',(1.77585431722562,3.36912936129329,
1.1910735835251));
#49490=CARTESIAN_POINT('',(1.81439002681615,3.34040739333316,
1.19364151310938));
#49500=CARTESIAN_POINT('',(1.85733930077249,3.3069268874873,
1.19147910694254));
#49510=CARTESIAN_POINT('',(1.88971537597826,3.26186691910178,
1.18808854604675));
#49520=CARTESIAN_POINT('',(1.89403261925331,3.20508686404183,
1.19005156257718));
#49530=CARTESIAN_POINT('',(1.89207365677316,3.14976358886491,
1.18973077102612));
#49540=CARTESIAN_POINT('',(1.89178516430709,3.099177,1.18924772946899));
#49550=CARTESIAN_POINT('',(1.75244264878594,3.37280866038065,
1.17225542629224));
#49560=CARTESIAN_POINT('',(1.79060299358152,3.34141564572428,
1.17306231332134));
#49570=CARTESIAN_POINT('',(1.83125315791496,3.3053363299883,
1.16799707532144));
#49580=CARTESIAN_POINT('',(1.86289812027339,3.25971755860521,
1.16077266962032));
#49590=CARTESIAN_POINT('',(1.87189087223231,3.20470250966404,
1.15758370327063));
#49600=CARTESIAN_POINT('',(1.87380326108564,3.1503589072125,
1.15413243145306));
#49610=CARTESIAN_POINT('',(1.87359684351503,3.09917700000001,
1.15361230341082));
#49620=CARTESIAN_POINT('',(1.74075573131598,3.37754945439727,
1.15621021702489));
#49630=CARTESIAN_POINT('',(1.77829154120157,3.34284270454871,
1.15520048111339));
#49640=CARTESIAN_POINT('',(1.81395098040834,3.30296300839845,
1.14633414847593));
#49650=CARTESIAN_POINT('',(1.84192769287543,3.25637173890446,
1.13395967071032));
#49660=CARTESIAN_POINT('',(1.85556073323471,3.2039036310627,
1.1235666740421));
#49670=CARTESIAN_POINT('',(1.86135045664293,3.15087822747316,
1.11601973639266));
#49680=CARTESIAN_POINT('',(1.86125799729254,3.09917700000001,
1.11555107446123));
#49690=CARTESIAN_POINT('',(1.73820239458465,3.38175100811821,
1.1230011305827));
#49700=CARTESIAN_POINT('',(1.77523562246331,3.34464747556348,
1.12132162208242));
#49710=CARTESIAN_POINT('',(1.80641565577975,3.30173762069763,
1.11175892310469));
#49720=CARTESIAN_POINT('',(1.83059556698978,3.25419155434874,
1.09839337089477));
#49730=CARTESIAN_POINT('',(1.84694852651271,3.20348788540387,
1.08530530269795));
#49740=CARTESIAN_POINT('',(1.85509099999999,3.15128355060341,
1.07657505575947));
#49750=CARTESIAN_POINT('',(1.85509099999999,3.099177,1.07628296732464));
#49760=CARTESIAN_POINT('',(1.73793370576009,3.38201970576009,
1.03701305915477));
#49770=CARTESIAN_POINT('',(1.77495742755298,3.3449959839672,
1.03701305915477));
#49780=CARTESIAN_POINT('',(1.80616544759051,3.30215656041895,
1.03701305915477));
#49790=CARTESIAN_POINT('',(1.83041654197995,3.25464265900807,
1.03701305915477));
#49800=CARTESIAN_POINT('',(1.84686833694328,3.20389435374195,
1.03701305915478));
#49810=CARTESIAN_POINT('',(1.85509099999999,3.15153687755982,
1.03701305915477));
#49820=CARTESIAN_POINT('',(1.85509099999999,3.099177,1.03701305915477));
#49830=B_SPLINE_SURFACE_WITH_KNOTS('',6,6,((#49340,#49410,#49480,#49550,
#49620,#49690,#49760),(#49350,#49420,#49490,#49560,#49630,#49700,#49770)
,(#49360,#49430,#49500,#49570,#49640,#49710,#49780),(#49370,#49440,
#49510,#49580,#49650,#49720,#49790),(#49380,#49450,#49520,#49590,#49660,
#49730,#49800),(#49390,#49460,#49530,#49600,#49670,#49740,#49810),(
#49400,#49470,#49540,#49610,#49680,#49750,#49820)),.UNSPECIFIED.,.F.,.F.
,.F.,(7,7),(7,7),(0.,1.),(0.,1.),.UNSPECIFIED.);
#49840=ORIENTED_EDGE('',*,*,#47750,.T.);
#49850=ORIENTED_EDGE('',*,*,#5980,.F.);
#49860=EDGE_CURVE('',#4380,#5970,#6370,.T.);
#49870=ORIENTED_EDGE('',*,*,#49860,.T.);
#49880=ORIENTED_EDGE('',*,*,#4390,.T.);
#49890=EDGE_LOOP('',(#49880,#49870,#49850,#49840));
#49900=FACE_OUTER_BOUND('',#49890,.T.);
#49910=ADVANCED_FACE('',(#49900),#49830,.T.);
#49920=CARTESIAN_POINT('',(1.85509099999999,3.499177,1.33701305915477));
#49930=DIRECTION('',(-0.,-0.,-1.));
#49940=DIRECTION('',(0.,-1.,0.));
#49950=AXIS2_PLACEMENT_3D('',#49920,#49930,#49940);
#49960=PLANE('',#49950);
#49970=ORIENTED_EDGE('',*,*,#4230,.T.);
#49980=CARTESIAN_POINT('',(-1.4210854715202E-14,1.499177,
1.33701305915477));
#49990=DIRECTION('',(-1.,0.,0.));
#50000=VECTOR('',#49990,1.);
#50010=LINE('',#49980,#50000);
#50020=CARTESIAN_POINT('',(3.35509099999999,1.499177,1.33701305915477));
#50030=VERTEX_POINT('',#50020);
#50040=EDGE_CURVE('',#50030,#4120,#50010,.T.);
#50050=ORIENTED_EDGE('',*,*,#50040,.T.);
#50060=CARTESIAN_POINT('',(1.85591399999999,-3.5527136788005E-15,
1.33701305915477));
#50070=DIRECTION('',(-0.707106781186548,-0.707106781186548,0.));
#50080=VECTOR('',#50070,1.);
#50090=LINE('',#50060,#50080);
#50100=CARTESIAN_POINT('',(3.85509099999999,1.999177,1.33701305915477));
#50110=VERTEX_POINT('',#50100);
#50120=EDGE_CURVE('',#50110,#50030,#50090,.T.);
#50130=ORIENTED_EDGE('',*,*,#50120,.T.);
#50140=CARTESIAN_POINT('',(3.85509099999999,-3.5527136788005E-15,
1.33701305915477));
#50150=DIRECTION('',(0.,-1.,0.));
#50160=VECTOR('',#50150,1.);
#50170=LINE('',#50140,#50160);
#50180=EDGE_CURVE('',#29020,#50110,#50170,.T.);
#50190=ORIENTED_EDGE('',*,*,#50180,.T.);
#50200=ORIENTED_EDGE('',*,*,#29030,.F.);
#50210=ORIENTED_EDGE('',*,*,#47780,.F.);
#50220=EDGE_LOOP('',(#50210,#50200,#50190,#50130,#50050,#49970));
#50230=FACE_OUTER_BOUND('',#50220,.T.);
#50240=ADVANCED_FACE('',(#50230),#49960,.T.);
#50250=CARTESIAN_POINT('',(3.60509099999999,1.749177,1.77451305915477));
#50260=DIRECTION('',(0.707106781186548,-0.707106781186548,0.));
#50270=DIRECTION('',(-0.707106781186547,-0.707106781186547,0.));
#50280=AXIS2_PLACEMENT_3D('',#50250,#50260,#50270);
#50290=PLANE('',#50280);
#50300=ORIENTED_EDGE('',*,*,#50120,.F.);
#50310=CARTESIAN_POINT('',(3.35509099999999,1.499177,-0.0129869408452308
));
#50320=DIRECTION('',(0.,0.,1.));
#50330=VECTOR('',#50320,1.);
#50340=LINE('',#50310,#50330);
#50350=CARTESIAN_POINT('',(3.35509099999999,1.499177,2.23701305915477));
#50360=VERTEX_POINT('',#50350);
#50370=EDGE_CURVE('',#50030,#50360,#50340,.T.);
#50380=ORIENTED_EDGE('',*,*,#50370,.F.);
#50390=CARTESIAN_POINT('',(1.85591399999999,-3.5527136788005E-15,
2.23701305915477));
#50400=DIRECTION('',(0.707106781186548,0.707106781186548,0.));
#50410=VECTOR('',#50400,1.);
#50420=LINE('',#50390,#50410);
#50430=CARTESIAN_POINT('',(3.85509099999999,1.999177,2.23701305915477));
#50440=VERTEX_POINT('',#50430);
#50450=EDGE_CURVE('',#50360,#50440,#50420,.T.);
#50460=ORIENTED_EDGE('',*,*,#50450,.F.);
#50470=CARTESIAN_POINT('',(3.85509099999999,1.999177,-0.0129869408452308
));
#50480=DIRECTION('',(0.,0.,1.));
#50490=VECTOR('',#50480,1.);
#50500=LINE('',#50470,#50490);
#50510=EDGE_CURVE('',#50110,#50440,#50500,.T.);
#50520=ORIENTED_EDGE('',*,*,#50510,.T.);
#50530=EDGE_LOOP('',(#50520,#50460,#50380,#50300));
#50540=FACE_OUTER_BOUND('',#50530,.T.);
#50550=ADVANCED_FACE('',(#50540),#50290,.T.);
#50560=CARTESIAN_POINT('',(-3.54490900000002,0.,-0.0129869408452293));
#50570=DIRECTION('',(0.,-1.,0.));
#50580=DIRECTION('',(-1.,0.,0.));
#50590=AXIS2_PLACEMENT_3D('',#50560,#50570,#50580);
#50600=CYLINDRICAL_SURFACE('',#50590,0.4);
#50610=ORIENTED_EDGE('',*,*,#44250,.T.);
#50620=ORIENTED_EDGE('',*,*,#960,.F.);
#50630=ORIENTED_EDGE('',*,*,#30700,.F.);
#50640=ORIENTED_EDGE('',*,*,#8610,.T.);
#50650=EDGE_LOOP('',(#50640,#50630,#50620,#50610));
#50660=FACE_OUTER_BOUND('',#50650,.T.);
#50670=ADVANCED_FACE('',(#50660),#50600,.T.);
#50680=CARTESIAN_POINT('',(1.85509099999998,1.54448371147938,
2.23701305915477));
#50690=DIRECTION('',(-0.,-0.,-1.));
#50700=DIRECTION('',(0.,-1.,0.));
#50710=AXIS2_PLACEMENT_3D('',#50680,#50690,#50700);
#50720=PLANE('',#50710);
#50730=ORIENTED_EDGE('',*,*,#30370,.T.);
#50740=ORIENTED_EDGE('',*,*,#29170,.F.);
#50750=CARTESIAN_POINT('',(3.85509099999999,-3.5527136788005E-15,
2.23701305915477));
#50760=DIRECTION('',(0.,-1.,0.));
#50770=VECTOR('',#50760,1.);
#50780=LINE('',#50750,#50770);
#50790=EDGE_CURVE('',#29100,#50440,#50780,.T.);
#50800=ORIENTED_EDGE('',*,*,#50790,.F.);
#50810=ORIENTED_EDGE('',*,*,#50450,.T.);
#50820=CARTESIAN_POINT('',(12.142591,1.499177,2.23701305915477));
#50830=DIRECTION('',(-1.,0.,0.));
#50840=VECTOR('',#50830,1.);
#50850=LINE('',#50820,#50840);
#50860=EDGE_CURVE('',#50360,#46150,#50850,.T.);
#50870=ORIENTED_EDGE('',*,*,#50860,.F.);
#50880=CARTESIAN_POINT('',(0.,1.499177,2.23701305915477));
#50890=DIRECTION('',(1.,-9.65529606993524E-33,0.));
#50900=VECTOR('',#50890,1.);
#50910=LINE('',#50880,#50900);
#50920=EDGE_CURVE('',#9810,#46150,#50910,.T.);
#50930=ORIENTED_EDGE('',*,*,#50920,.T.);
#50940=ORIENTED_EDGE('',*,*,#9820,.T.);
#50950=ORIENTED_EDGE('',*,*,#22520,.T.);
#50960=EDGE_LOOP('',(#50950,#50940,#50930,#50870,#50810,#50800,#50740,
#50730));
#50970=FACE_OUTER_BOUND('',#50960,.T.);
#50980=ADVANCED_FACE('',(#50970),#50720,.F.);
#50990=CARTESIAN_POINT('',(3.85509099999999,2.46972911890927,
6.37058383314608));
#51000=DIRECTION('',(1.,0.,0.));
#51010=DIRECTION('',(0.,1.,0.));
#51020=AXIS2_PLACEMENT_3D('',#50990,#51000,#51010);
#51030=PLANE('',#51020);
#51040=ORIENTED_EDGE('',*,*,#50790,.T.);
#51050=ORIENTED_EDGE('',*,*,#29110,.F.);
#51060=ORIENTED_EDGE('',*,*,#50180,.F.);
#51070=ORIENTED_EDGE('',*,*,#50510,.F.);
#51080=EDGE_LOOP('',(#51070,#51060,#51050,#51040));
#51090=FACE_OUTER_BOUND('',#51080,.T.);
#51100=ADVANCED_FACE('',(#51090),#51030,.T.);
#51110=CARTESIAN_POINT('',(-0.0949090000000155,3.499177,7.03701305915477
));
#51120=DIRECTION('',(1.,0.,-0.));
#51130=DIRECTION('',(0.,0.,1.));
#51140=AXIS2_PLACEMENT_3D('',#51110,#51120,#51130);
#51150=PLANE('',#51140);
#51160=ORIENTED_EDGE('',*,*,#20880,.T.);
#51170=CARTESIAN_POINT('',(-0.0949090000000155,-3.5527136788005E-15,
6.73701305915477));
#51180=DIRECTION('',(0.,-1.,0.));
#51190=VECTOR('',#51180,1.);
#51200=LINE('',#51170,#51190);
#51210=EDGE_CURVE('',#18110,#22130,#51200,.T.);
#51220=ORIENTED_EDGE('',*,*,#51210,.F.);
#51230=ORIENTED_EDGE('',*,*,#22140,.T.);
#51240=ORIENTED_EDGE('',*,*,#29750,.F.);
#51250=EDGE_LOOP('',(#51240,#51230,#51220,#51160));
#51260=FACE_OUTER_BOUND('',#51250,.T.);
#51270=ADVANCED_FACE('',(#51260),#51150,.F.);
#51280=ORIENTED_EDGE('',*,*,#47040,.T.);
#51290=ORIENTED_EDGE('',*,*,#39000,.F.);
#51300=ORIENTED_EDGE('',*,*,#2590,.T.);
#51310=CARTESIAN_POINT('',(-9.34490900000002,0.,7.98701305915477));
#51320=DIRECTION('',(0.,1.,1.22460635382238E-16));
#51330=VECTOR('',#51320,1.);
#51340=LINE('',#51310,#51330);
#51350=EDGE_CURVE('',#47030,#2320,#51340,.T.);
#51360=ORIENTED_EDGE('',*,*,#51350,.T.);
#51370=EDGE_LOOP('',(#51360,#51300,#51290,#51280));
#51380=FACE_OUTER_BOUND('',#51370,.T.);
#51390=ADVANCED_FACE('',(#51380),#2410,.T.);
#51400=CARTESIAN_POINT('',(1.45509099999999,3.099177,0.));
#51410=DIRECTION('',(0.,0.,1.));
#51420=DIRECTION('',(1.,0.,0.));
#51430=AXIS2_PLACEMENT_3D('',#51400,#51410,#51420);
#51440=CYLINDRICAL_SURFACE('',#51430,0.4);
#51450=CARTESIAN_POINT('',(1.45509099999999,3.099177,7.88701305915477));
#51460=DIRECTION('',(0.,0.,-1.));
#51470=DIRECTION('',(1.,-0.,0.));
#51480=AXIS2_PLACEMENT_3D('',#51450,#51460,#51470);
#51490=CIRCLE('',#51480,0.4);
#51500=EDGE_CURVE('',#3880,#41810,#51490,.T.);
#51510=ORIENTED_EDGE('',*,*,#51500,.T.);
#51520=CARTESIAN_POINT('',(1.45509099999999,3.499177,0.));
#51530=DIRECTION('',(0.,0.,1.));
#51540=VECTOR('',#51530,1.);
#51550=LINE('',#51520,#51540);
#51560=CARTESIAN_POINT('',(1.45509099999998,3.49917699999999,
6.83701305915477));
#51570=VERTEX_POINT('',#51560);
#51580=EDGE_CURVE('',#51570,#3880,#51550,.T.);
#51590=ORIENTED_EDGE('',*,*,#51580,.T.);
#51600=CARTESIAN_POINT('',(1.45509099999999,3.499177,6.83701305915477));
#51610=CARTESIAN_POINT('',(1.55981075511965,3.499177,6.83701305915477));
#51620=CARTESIAN_POINT('',(1.66452090472842,3.46628634777311,
6.83701305915502));
#51630=CARTESIAN_POINT('',(1.75636729252017,3.4004532925203,
6.8370130591543));
#51640=CARTESIAN_POINT('',(1.8222003477732,3.3086069047284,
6.83701305915506));
#51650=CARTESIAN_POINT('',(1.85509099999999,3.20389675511965,
6.83701305915477));
#51660=CARTESIAN_POINT('',(1.85509099999999,3.099177,6.83701305915477));
#51670=B_SPLINE_CURVE_WITH_KNOTS('',6,(#51600,#51610,#51620,#51630,
#51640,#51650,#51660),.UNSPECIFIED.,.F.,.F.,(7,7),(0.,1.),.UNSPECIFIED.)
;
#51680=CARTESIAN_POINT('',(1.73793370576009,3.3820197057601,
6.83701305915475));
#51690=VERTEX_POINT('',#51680);
#51700=EDGE_CURVE('',#51570,#51690,#51670,.T.);
#51710=ORIENTED_EDGE('',*,*,#51700,.F.);
#51720=EDGE_CURVE('',#51690,#25970,#51670,.T.);
#51730=ORIENTED_EDGE('',*,*,#51720,.F.);
#51740=ORIENTED_EDGE('',*,*,#48670,.F.);
#51750=EDGE_LOOP('',(#51740,#51730,#51710,#51590,#51510));
#51760=FACE_OUTER_BOUND('',#51750,.T.);
#51770=ADVANCED_FACE('',(#51760),#51440,.T.);
#51780=ORIENTED_EDGE('',*,*,#21810,.T.);
#51790=ORIENTED_EDGE('',*,*,#49270,.F.);
#51800=ORIENTED_EDGE('',*,*,#33830,.T.);
#51810=ORIENTED_EDGE('',*,*,#33300,.T.);
#51820=ORIENTED_EDGE('',*,*,#49080,.T.);
#51830=EDGE_LOOP('',(#51820,#51810,#51800,#51790,#51780));
#51840=FACE_OUTER_BOUND('',#51830,.T.);
#51850=ADVANCED_FACE('',(#51840),#33100,.T.);
#51860=ORIENTED_EDGE('',*,*,#34560,.F.);
#51870=ORIENTED_EDGE('',*,*,#35520,.T.);
#51880=ORIENTED_EDGE('',*,*,#35190,.F.);
#51890=ORIENTED_EDGE('',*,*,#43130,.F.);
#51900=ORIENTED_EDGE('',*,*,#36870,.T.);
#51910=EDGE_LOOP('',(#51900,#51890,#51880,#51870,#51860));
#51920=FACE_OUTER_BOUND('',#51910,.T.);
#51930=ADVANCED_FACE('',(#51920),#34380,.T.);
#51940=CARTESIAN_POINT('',(1.70509099999999,-4.950823,0.749513059154769)
);
#51950=DIRECTION('',(-0.707106781186549,-0.707106781186546,
-8.65927457071933E-17));
#51960=DIRECTION('',(-0.707106781186546,0.707106781186549,0.));
#51970=AXIS2_PLACEMENT_3D('',#51940,#51950,#51960);
#51980=PLANE('',#51970);
#51990=CARTESIAN_POINT('',(-3.245732,0.,5.58783605915477));
#52000=DIRECTION('',(0.577350269189624,-0.577350269189627,
-0.577350269189626));
#52010=VECTOR('',#52000,1.);
#52020=LINE('',#51990,#52010);
#52030=EDGE_CURVE('',#46270,#48340,#52020,.T.);
#52040=ORIENTED_EDGE('',*,*,#52030,.F.);
#52050=ORIENTED_EDGE('',*,*,#48350,.T.);
#52060=CARTESIAN_POINT('',(-3.245732,0.,6.11283605915476));
#52070=DIRECTION('',(0.577350269189625,-0.577350269189627,
-0.577350269189625));
#52080=VECTOR('',#52070,1.);
#52090=LINE('',#52060,#52080);
#52100=EDGE_CURVE('',#45950,#48260,#52090,.T.);
#52110=ORIENTED_EDGE('',*,*,#52100,.T.);
#52120=ORIENTED_EDGE('',*,*,#46340,.F.);
#52130=EDGE_LOOP('',(#52120,#52110,#52050,#52040));
#52140=FACE_OUTER_BOUND('',#52130,.T.);
#52150=ADVANCED_FACE('',(#52140),#51980,.F.);
#52160=CARTESIAN_POINT('',(-0.689138490494329,1.4909245166016,
7.88701305915477));
#52170=DIRECTION('',(-0.,0.,1.));
#52180=DIRECTION('',(0.,-1.,0.));
#52190=AXIS2_PLACEMENT_3D('',#52160,#52170,#52180);
#52200=PLANE('',#52190);
#52210=ORIENTED_EDGE('',*,*,#17620,.F.);
#52220=ORIENTED_EDGE('',*,*,#6950,.T.);
#52230=ORIENTED_EDGE('',*,*,#770,.F.);
#52240=ORIENTED_EDGE('',*,*,#31600,.T.);
#52250=CARTESIAN_POINT('',(-9.34490900000002,0.,7.88701305915477));
#52260=DIRECTION('',(0.,-1.,0.));
#52270=VECTOR('',#52260,1.);
#52280=LINE('',#52250,#52270);
#52290=EDGE_CURVE('',#2340,#31530,#52280,.T.);
#52300=ORIENTED_EDGE('',*,*,#52290,.T.);
#52310=ORIENTED_EDGE('',*,*,#2820,.T.);
#52320=EDGE_LOOP('',(#52310,#52300,#52240,#52230,#52220,#52210));
#52330=FACE_OUTER_BOUND('',#52320,.T.);
#52340=ADVANCED_FACE('',(#52330),#52200,.T.);
#52350=CARTESIAN_POINT('',(1.45509099999999,-4.250823,7.88701305915477))
;
#52360=DIRECTION('',(1.,0.,0.));
#52370=DIRECTION('',(0.,-1.,0.));
#52380=AXIS2_PLACEMENT_3D('',#52350,#52360,#52370);
#52390=SPHERICAL_SURFACE('',#52380,0.4);
#52400=ORIENTED_EDGE('',*,*,#3080,.F.);
#52410=ORIENTED_EDGE('',*,*,#2760,.T.);
#52420=ORIENTED_EDGE('',*,*,#41720,.F.);
#52430=EDGE_LOOP('',(#52420,#52410,#52400));
#52440=FACE_OUTER_BOUND('',#52430,.T.);
#52450=ADVANCED_FACE('',(#52440),#52390,.T.);
#52460=CARTESIAN_POINT('',(0.,2.45133091204411,7.88701305915477));
#52470=DIRECTION('',(0.891385130206804,-0.453246676376341,
2.77555756156289E-17));
#52480=DIRECTION('',(-0.453246676376341,-0.891385130206804,0.));
#52490=AXIS2_PLACEMENT_3D('',#52460,#52470,#52480);
#52500=CYLINDRICAL_SURFACE('',#52490,0.4);
#52510=ORIENTED_EDGE('',*,*,#38840,.T.);
#52520=CARTESIAN_POINT('',(-6.06259842662393,5.53400807812408,
7.88701305915477));
#52530=DIRECTION('',(-0.891385130206804,0.45324667637634,0.));
#52540=DIRECTION('',(0.45324667637634,0.891385130206804,0.));
#52550=AXIS2_PLACEMENT_3D('',#52520,#52530,#52540);
#52560=CIRCLE('',#52550,0.4);
#52570=EDGE_CURVE('',#38770,#1910,#52560,.T.);
#52580=ORIENTED_EDGE('',*,*,#52570,.F.);
#52590=ORIENTED_EDGE('',*,*,#2160,.F.);
#52600=ORIENTED_EDGE('',*,*,#37280,.F.);
#52610=EDGE_LOOP('',(#52600,#52590,#52580,#52510));
#52620=FACE_OUTER_BOUND('',#52610,.T.);
#52630=ADVANCED_FACE('',(#52620),#52500,.T.);
#52640=CARTESIAN_POINT('',(-8.59490900000001,2.799177,7.03701305915477))
;
#52650=DIRECTION('',(-0.,0.,1.));
#52660=DIRECTION('',(0.,-1.,0.));
#52670=AXIS2_PLACEMENT_3D('',#52640,#52650,#52660);
#52680=PLANE('',#52670);
#52690=ORIENTED_EDGE('',*,*,#46820,.F.);
#52700=ORIENTED_EDGE('',*,*,#16610,.T.);
#52710=ORIENTED_EDGE('',*,*,#4730,.F.);
#52720=ORIENTED_EDGE('',*,*,#16040,.F.);
#52730=CARTESIAN_POINT('',(-8.14490900000002,5.199177,7.03701305915477))
;
#52740=DIRECTION('',(0.,0.,1.));
#52750=DIRECTION('',(1.,0.,0.));
#52760=AXIS2_PLACEMENT_3D('',#52730,#52740,#52750);
#52770=CIRCLE('',#52760,0.8);
#52780=EDGE_CURVE('',#17860,#15970,#52770,.T.);
#52790=ORIENTED_EDGE('',*,*,#52780,.T.);
#52800=ORIENTED_EDGE('',*,*,#17870,.F.);
#52810=ORIENTED_EDGE('',*,*,#16300,.T.);
#52820=ORIENTED_EDGE('',*,*,#25810,.F.);
#52830=ORIENTED_EDGE('',*,*,#37750,.F.);
#52840=ORIENTED_EDGE('',*,*,#13150,.T.);
#52850=ORIENTED_EDGE('',*,*,#39310,.F.);
#52860=CARTESIAN_POINT('',(-0.394909000000015,-3.5527136788005E-15,
7.03701305915477));
#52870=DIRECTION('',(0.,-1.,0.));
#52880=VECTOR('',#52870,1.);
#52890=LINE('',#52860,#52880);
#52900=EDGE_CURVE('',#7790,#39240,#52890,.T.);
#52910=ORIENTED_EDGE('',*,*,#52900,.T.);
#52920=ORIENTED_EDGE('',*,*,#7800,.T.);
#52930=ORIENTED_EDGE('',*,*,#17390,.F.);
#52940=EDGE_LOOP('',(#52930,#52920,#52910,#52850,#52840,#52830,#52820,
#52810,#52800,#52790,#52720,#52710,#52700,#52690));
#52950=FACE_OUTER_BOUND('',#52940,.T.);
#52960=ADVANCED_FACE('',(#52950),#52680,.F.);
#52970=ORIENTED_EDGE('',*,*,#50860,.T.);
#52980=ORIENTED_EDGE('',*,*,#50370,.T.);
#52990=ORIENTED_EDGE('',*,*,#50040,.F.);
#53000=ORIENTED_EDGE('',*,*,#4150,.F.);
#53010=ORIENTED_EDGE('',*,*,#48450,.T.);
#53020=CARTESIAN_POINT('',(2.34210405915475,1.499177,0.));
#53030=DIRECTION('',(-0.707106781186546,-5.55111512312578E-17,
0.707106781186549));
#53040=VECTOR('',#53030,1.);
#53050=LINE('',#53020,#53040);
#53060=EDGE_CURVE('',#48420,#46190,#53050,.T.);
#53070=ORIENTED_EDGE('',*,*,#53060,.F.);
#53080=ORIENTED_EDGE('',*,*,#46200,.F.);
#53090=EDGE_LOOP('',(#53080,#53070,#53010,#53000,#52990,#52980,#52970));
#53100=FACE_OUTER_BOUND('',#53090,.T.);
#53110=ADVANCED_FACE('',(#53100),#27810,.T.);
#53120=CARTESIAN_POINT('',(-9.34490900000002,-4.9222750841472,
7.81674604573474));
#53130=DIRECTION('',(1.,0.,0.));
#53140=DIRECTION('',(0.,-1.,-1.22460635382238E-16));
#53150=AXIS2_PLACEMENT_3D('',#53120,#53130,#53140);
#53160=PLANE('',#53150);
#53170=ORIENTED_EDGE('',*,*,#47110,.F.);
#53180=ORIENTED_EDGE('',*,*,#51350,.F.);
#53190=ORIENTED_EDGE('',*,*,#2350,.F.);
#53200=ORIENTED_EDGE('',*,*,#52290,.F.);
#53210=EDGE_LOOP('',(#53200,#53190,#53180,#53170));
#53220=FACE_OUTER_BOUND('',#53210,.T.);
#53230=ADVANCED_FACE('',(#53220),#53160,.T.);
#53240=CARTESIAN_POINT('',(0.,1.599177,0.787013059154771));
#53250=DIRECTION('',(1.,0.,0.));
#53260=DIRECTION('',(0.,-1.,0.));
#53270=AXIS2_PLACEMENT_3D('',#53240,#53250,#53260);
#53280=CYLINDRICAL_SURFACE('',#53270,1.2);
#53290=ORIENTED_EDGE('',*,*,#37430,.T.);
#53300=ORIENTED_EDGE('',*,*,#44590,.T.);
#53310=CARTESIAN_POINT('',(-9.44490900000002,0.,-0.0129869408452293));
#53320=DIRECTION('',(0.,1.,0.));
#53330=DIRECTION('',(1.,0.,0.));
#53340=AXIS2_PLACEMENT_3D('',#53310,#53320,#53330);
#53350=CYLINDRICAL_SURFACE('',#53340,0.4);
#53360=CARTESIAN_POINT('',(-9.44490900000002,1.599177,-0.412986940845229
));
#53370=CARTESIAN_POINT('',(-9.49049236617121,1.67812970618853,
-0.412986940845229));
#53380=CARTESIAN_POINT('',(-9.53631144004203,1.75745102762846,
-0.405191880487285));
#53390=CARTESIAN_POINT('',(-9.58022208111063,1.83590358236387,
-0.389405396317981));
#53400=CARTESIAN_POINT('',(-9.62403417152452,1.91418006245211,
-0.373654342475193));
#53410=CARTESIAN_POINT('',(-9.66644057804655,1.9923569724339,
-0.349789110572747));
#53420=CARTESIAN_POINT('',(-9.70456477749484,2.06884995773459,
-0.317254713068997));
#53430=CARTESIAN_POINT('',(-9.74255545635519,2.14507504525596,
-0.284834259253136));
#53440=CARTESIAN_POINT('',(-9.7766916034677,2.22018978320893,
-0.243586504016875));
#53450=CARTESIAN_POINT('',(-9.80231382307355,2.29225211844187,
-0.192602620689664));
#53460=CARTESIAN_POINT('',(-9.82778900065899,2.36390089889573,
-0.141911326112704));
#53470=CARTESIAN_POINT('',(-9.84490900000002,2.43231656338313,
-0.0815085916106395));
#53480=CARTESIAN_POINT('',(-9.84490900000002,2.49360419099991,
-0.0129869408452289));
#53490=B_SPLINE_CURVE_WITH_KNOTS('',3,(#53360,#53370,#53380,#53390,
#53400,#53410,#53420,#53430,#53440,#53450,#53460,#53470,#53480),
.UNSPECIFIED.,.F.,.F.,(4,3,3,3,4),(0.,0.274034983580609,
0.548206039028464,0.822775624831335,1.09741629689414),.UNSPECIFIED.);
#53500=SURFACE_CURVE('',#53490,(#53280,#53350),.CURVE_3D.);
#53510=EDGE_CURVE('',#44520,#46590,#53500,.T.);
#53520=ORIENTED_EDGE('',*,*,#53510,.F.);
#53530=ORIENTED_EDGE('',*,*,#46600,.F.);
#53540=ORIENTED_EDGE('',*,*,#3320,.F.);
#53550=EDGE_LOOP('',(#53540,#53530,#53520,#53300,#53290));
#53560=FACE_OUTER_BOUND('',#53550,.T.);
#53570=ADVANCED_FACE('',(#53560),#53280,.T.);
#53580=ORIENTED_EDGE('',*,*,#22370,.T.);
#53590=ORIENTED_EDGE('',*,*,#40360,.F.);
#53600=ORIENTED_EDGE('',*,*,#23440,.T.);
#53610=ORIENTED_EDGE('',*,*,#30300,.F.);
#53620=EDGE_LOOP('',(#53610,#53600,#53590,#53580));
#53630=FACE_OUTER_BOUND('',#53620,.T.);
#53640=ADVANCED_FACE('',(#53630),#51150,.F.);
#53650=CARTESIAN_POINT('',(0.,5.599177,7.88701305915477));
#53660=DIRECTION('',(1.,0.,1.22460635382238E-16));
#53670=DIRECTION('',(1.22460635382238E-16,0.,-1.));
#53680=AXIS2_PLACEMENT_3D('',#53650,#53660,#53670);
#53690=CYLINDRICAL_SURFACE('',#53680,0.4);
#53700=CARTESIAN_POINT('',(-6.33454643244974,5.599177,7.88701305915477))
;
#53710=DIRECTION('',(1.,0.,1.22460635382238E-16));
#53720=DIRECTION('',(1.22460635382238E-16,0.,-1.));
#53730=AXIS2_PLACEMENT_3D('',#53700,#53710,#53720);
#53740=CIRCLE('',#53730,0.4);
#53750=EDGE_CURVE('',#38240,#38680,#53740,.T.);
#53760=ORIENTED_EDGE('',*,*,#53750,.F.);
#53770=ORIENTED_EDGE('',*,*,#38690,.T.);
#53780=CARTESIAN_POINT('',(-9.04490900000001,5.599177,7.88701305915477))
;
#53790=DIRECTION('',(1.,0.,0.));
#53800=DIRECTION('',(0.,-1.,0.));
#53810=AXIS2_PLACEMENT_3D('',#53780,#53790,#53800);
#53820=CIRCLE('',#53810,0.4);
#53830=EDGE_CURVE('',#41320,#38600,#53820,.T.);
#53840=ORIENTED_EDGE('',*,*,#53830,.T.);
#53850=ORIENTED_EDGE('',*,*,#42190,.F.);
#53860=EDGE_LOOP('',(#53850,#53840,#53770,#53760));
#53870=FACE_OUTER_BOUND('',#53860,.T.);
#53880=ADVANCED_FACE('',(#53870),#53690,.T.);
#53890=CARTESIAN_POINT('',(0.,5.599177,0.43701305915477));
#53900=DIRECTION('',(-1.,0.,0.));
#53910=DIRECTION('',(0.,1.,0.));
#53920=AXIS2_PLACEMENT_3D('',#53890,#53900,#53910);
#53930=CYLINDRICAL_SURFACE('',#53920,0.4);
#53940=CARTESIAN_POINT('',(-7.45208867697246,5.59917699999999,
0.83701305915477));
#53950=CARTESIAN_POINT('',(-7.49159280119818,5.66760015026745,
0.83701305915477));
#53960=CARTESIAN_POINT('',(-7.54060354927284,5.72866483469434,
0.819802049697856));
#53970=CARTESIAN_POINT('',(-7.59464276535844,5.77987233407248,
0.793873250608616));
#53980=CARTESIAN_POINT('',(-7.6483487372271,5.83076405161165,
0.768104346924503));
#53990=CARTESIAN_POINT('',(-7.70696849848073,5.87218616395197,
0.733646155235271));
#54000=CARTESIAN_POINT('',(-7.76763610630653,5.90463087069821,
0.69527248856171));
#54010=CARTESIAN_POINT('',(-7.82828033778339,5.93706307590016,
0.656913607970121));
#54020=CARTESIAN_POINT('',(-7.89053936112821,5.9604509261528,
0.614871786221706));
#54030=CARTESIAN_POINT('',(-7.95378325568802,5.97601092682166,
0.571162943970902));
#54040=CARTESIAN_POINT('',(-8.01688457769401,5.99153585012773,
0.527552635836437));
#54050=CARTESIAN_POINT('',(-8.08099083567584,5.999177,0.482210026589389)
);
#54060=CARTESIAN_POINT('',(-8.14490900000002,5.999177,0.43701305915477))
;
#54070=B_SPLINE_CURVE_WITH_KNOTS('',3,(#53940,#53950,#53960,#53970,
#53980,#53990,#54000,#54010,#54020,#54030,#54040,#54050,#54060),
.UNSPECIFIED.,.F.,.F.,(4,3,3,3,4),(0.,0.236054442909848,0.47190718368054
,0.707255385328067,0.942299612751827),.UNSPECIFIED.);
#54080=SURFACE_CURVE('',#54070,(#53930,#15800),.CURVE_3D.);
#54090=EDGE_CURVE('',#11890,#42040,#54080,.T.);
#54100=ORIENTED_EDGE('',*,*,#54090,.F.);
#54110=ORIENTED_EDGE('',*,*,#42050,.T.);
#54120=ORIENTED_EDGE('',*,*,#28610,.T.);
#54130=ORIENTED_EDGE('',*,*,#11980,.F.);
#54140=EDGE_LOOP('',(#54130,#54120,#54110,#54100));
#54150=FACE_OUTER_BOUND('',#54140,.T.);
#54160=ADVANCED_FACE('',(#54150),#53930,.T.);
#54170=CARTESIAN_POINT('',(1.70509099999999,-1.650823,0.63701305915477))
;
#54180=DIRECTION('',(-0.707106781186549,8.65927457071934E-17,
-0.707106781186546));
#54190=DIRECTION('',(-0.707106781186546,0.,0.707106781186549));
#54200=AXIS2_PLACEMENT_3D('',#54170,#54180,#54190);
#54210=PLANE('',#54200);
#54220=ORIENTED_EDGE('',*,*,#52030,.T.);
#54230=ORIENTED_EDGE('',*,*,#46280,.T.);
#54240=ORIENTED_EDGE('',*,*,#53060,.T.);
#54250=ORIENTED_EDGE('',*,*,#48430,.T.);
#54260=EDGE_LOOP('',(#54250,#54240,#54230,#54220));
#54270=FACE_OUTER_BOUND('',#54260,.T.);
#54280=ADVANCED_FACE('',(#54270),#54210,.F.);
#54290=CARTESIAN_POINT('',(1.45509099999999,3.099177,7.88701305915477));
#54300=DIRECTION('',(0.,1.,0.));
#54310=DIRECTION('',(1.,0.,0.));
#54320=AXIS2_PLACEMENT_3D('',#54290,#54300,#54310);
#54330=SPHERICAL_SURFACE('',#54320,0.4);
#54340=ORIENTED_EDGE('',*,*,#51500,.F.);
#54350=ORIENTED_EDGE('',*,*,#41820,.T.);
#54360=ORIENTED_EDGE('',*,*,#3960,.F.);
#54370=EDGE_LOOP('',(#54360,#54350,#54340));
#54380=FACE_OUTER_BOUND('',#54370,.T.);
#54390=ADVANCED_FACE('',(#54380),#54330,.T.);
#54400=ORIENTED_EDGE('',*,*,#53510,.T.);
#54410=ORIENTED_EDGE('',*,*,#44530,.T.);
#54420=CARTESIAN_POINT('',(-9.44490900000002,5.199177,
-0.0129869408452293));
#54430=DIRECTION('',(0.,1.,0.));
#54440=DIRECTION('',(1.,0.,0.));
#54450=AXIS2_PLACEMENT_3D('',#54420,#54430,#54440);
#54460=CIRCLE('',#54450,0.4);
#54470=EDGE_CURVE('',#44440,#41490,#54460,.T.);
#54480=ORIENTED_EDGE('',*,*,#54470,.F.);
#54490=ORIENTED_EDGE('',*,*,#46660,.F.);
#54500=EDGE_LOOP('',(#54490,#54480,#54410,#54400));
#54510=FACE_OUTER_BOUND('',#54500,.T.);
#54520=ADVANCED_FACE('',(#54510),#53350,.T.);
#54530=CARTESIAN_POINT('',(1.45509099999999,3.099177,-0.0129869408452293
));
#54540=DIRECTION('',(1.,0.,0.));
#54550=DIRECTION('',(0.,-1.,0.));
#54560=AXIS2_PLACEMENT_3D('',#54530,#54540,#54550);
#54570=SPHERICAL_SURFACE('',#54560,0.4);
#54580=CARTESIAN_POINT('',(1.45509099999999,3.099177,-0.0129869408452293
));
#54590=DIRECTION('',(0.,0.,-1.));
#54600=DIRECTION('',(1.,-0.,0.));
#54610=AXIS2_PLACEMENT_3D('',#54580,#54590,#54600);
#54620=CIRCLE('',#54610,0.4);
#54630=EDGE_CURVE('',#1120,#13800,#54620,.T.);
#54640=ORIENTED_EDGE('',*,*,#54630,.T.);
#54650=ORIENTED_EDGE('',*,*,#1130,.T.);
#54660=ORIENTED_EDGE('',*,*,#13880,.F.);
#54670=EDGE_LOOP('',(#54660,#54650,#54640));
#54680=FACE_OUTER_BOUND('',#54670,.T.);
#54690=ADVANCED_FACE('',(#54680),#54570,.T.);
#54700=CARTESIAN_POINT('',(1.70509099999999,-6.62582300000001,
1.16201305915477));
#54710=DIRECTION('',(0.707106781186548,-8.65927457071935E-17,
0.707106781186547));
#54720=DIRECTION('',(-0.707106781186547,0.,0.707106781186548));
#54730=AXIS2_PLACEMENT_3D('',#54700,#54710,#54720);
#54740=PLANE('',#54730);
#54750=ORIENTED_EDGE('',*,*,#12480,.T.);
#54760=ORIENTED_EDGE('',*,*,#45960,.F.);
#54770=ORIENTED_EDGE('',*,*,#52100,.F.);
#54780=ORIENTED_EDGE('',*,*,#48270,.F.);
#54790=EDGE_LOOP('',(#54780,#54770,#54760,#54750));
#54800=FACE_OUTER_BOUND('',#54790,.T.);
#54810=ADVANCED_FACE('',(#54800),#54740,.T.);
#54820=CARTESIAN_POINT('',(0.,2.45133091204411,0.43701305915477));
#54830=DIRECTION('',(0.891385130206804,-0.453246676376341,0.));
#54840=DIRECTION('',(-0.453246676376341,-0.891385130206804,0.));
#54850=AXIS2_PLACEMENT_3D('',#54820,#54830,#54840);
#54860=CYLINDRICAL_SURFACE('',#54850,0.4);
#54870=CARTESIAN_POINT('',(-3.59958433236238,4.28162803019448,
0.43701305915477));
#54880=DIRECTION('',(0.891385130206804,-0.453246676376341,0.));
#54890=DIRECTION('',(-0.453246676376341,-0.891385130206804,0.));
#54900=AXIS2_PLACEMENT_3D('',#54870,#54880,#54890);
#54910=CIRCLE('',#54900,0.4);
#54920=EDGE_CURVE('',#26660,#12140,#54910,.T.);
#54930=ORIENTED_EDGE('',*,*,#54920,.F.);
#54940=ORIENTED_EDGE('',*,*,#12150,.T.);
#54950=ORIENTED_EDGE('',*,*,#28530,.F.);
#54960=ORIENTED_EDGE('',*,*,#26730,.F.);
#54970=EDGE_LOOP('',(#54960,#54950,#54940,#54930));
#54980=FACE_OUTER_BOUND('',#54970,.T.);
#54990=ADVANCED_FACE('',(#54980),#54860,.T.);
#55000=CARTESIAN_POINT('',(-18.344909,1.599177,7.08701305915477));
#55010=DIRECTION('',(1.,-2.46519032881566E-32,1.22460635382238E-16));
#55020=DIRECTION('',(1.58603289232165E-16,1.76085023486833E-32,-1.));
#55030=AXIS2_PLACEMENT_3D('',#55000,#55010,#55020);
#55040=TOROIDAL_SURFACE('',#55030,0.7,0.5);
#55050=ORIENTED_EDGE('',*,*,#42950,.T.);
#55060=CARTESIAN_POINT('',(-18.344909,2.299177,7.08701305915477));
#55070=DIRECTION('',(0.,-1.22460635382238E-16,1.));
#55080=DIRECTION('',(0.,1.,1.22460635382238E-16));
#55090=AXIS2_PLACEMENT_3D('',#55060,#55070,#55080);
#55100=CIRCLE('',#55090,0.5);
#55110=EDGE_CURVE('',#3470,#42870,#55100,.T.);
#55120=ORIENTED_EDGE('',*,*,#55110,.T.);
#55130=ORIENTED_EDGE('',*,*,#39890,.F.);
#55140=ORIENTED_EDGE('',*,*,#16800,.F.);
#55150=EDGE_LOOP('',(#55140,#55130,#55120,#55050));
#55160=FACE_OUTER_BOUND('',#55150,.T.);
#55170=ADVANCED_FACE('',(#55160),#55040,.T.);
#55180=CARTESIAN_POINT('',(1.45509099999999,3.099177,0.));
#55190=DIRECTION('',(0.,0.,1.));
#55200=DIRECTION('',(1.,0.,0.));
#55210=AXIS2_PLACEMENT_3D('',#55180,#55190,#55200);
#55220=CYLINDRICAL_SURFACE('',#55210,0.4);
#55230=ORIENTED_EDGE('',*,*,#54630,.F.);
#55240=ORIENTED_EDGE('',*,*,#48520,.F.);
#55250=ORIENTED_EDGE('',*,*,#49860,.F.);
#55260=ORIENTED_EDGE('',*,*,#6380,.F.);
#55270=ORIENTED_EDGE('',*,*,#28940,.T.);
#55280=EDGE_LOOP('',(#55270,#55260,#55250,#55240,#55230));
#55290=FACE_OUTER_BOUND('',#55280,.T.);
#55300=ADVANCED_FACE('',(#55290),#55220,.T.);
#55310=CARTESIAN_POINT('',(1.85509099999999,3.499177,6.56201305915477));
#55320=DIRECTION('',(0.,1.,0.));
#55330=DIRECTION('',(0.,0.,-1.));
#55340=AXIS2_PLACEMENT_3D('',#55310,#55320,#55330);
#55350=PLANE('',#55340);
#55360=ORIENTED_EDGE('',*,*,#9500,.T.);
#55370=ORIENTED_EDGE('',*,*,#8870,.T.);
#55380=ORIENTED_EDGE('',*,*,#10530,.T.);
#55390=EDGE_CURVE('',#10460,#51570,#10420,.T.);
#55400=ORIENTED_EDGE('',*,*,#55390,.F.);
#55410=ORIENTED_EDGE('',*,*,#51580,.F.);
#55420=ORIENTED_EDGE('',*,*,#3890,.F.);
#55430=ORIENTED_EDGE('',*,*,#32210,.T.);
#55440=ORIENTED_EDGE('',*,*,#17160,.T.);
#55450=ORIENTED_EDGE('',*,*,#7950,.F.);
#55460=ORIENTED_EDGE('',*,*,#18190,.T.);
#55470=ORIENTED_EDGE('',*,*,#21010,.F.);
#55480=EDGE_LOOP('',(#55470,#55460,#55450,#55440,#55430,#55420,#55410,
#55400,#55380,#55370,#55360));
#55490=FACE_OUTER_BOUND('',#55480,.T.);
#55500=ADVANCED_FACE('',(#55490),#55350,.T.);
#55510=CARTESIAN_POINT('',(1.85509099999999,-10.200823,
-0.0129869408452308));
#55520=DIRECTION('',(-0.,-1.,-0.));
#55530=DIRECTION('',(-1.,0.,0.));
#55540=AXIS2_PLACEMENT_3D('',#55510,#55520,#55530);
#55550=PLANE('',#55540);
#55560=ORIENTED_EDGE('',*,*,#28310,.F.);
#55570=ORIENTED_EDGE('',*,*,#43690,.T.);
#55580=ORIENTED_EDGE('',*,*,#43380,.F.);
#55590=ORIENTED_EDGE('',*,*,#6860,.F.);
#55600=EDGE_LOOP('',(#55590,#55580,#55570,#55560));
#55610=FACE_OUTER_BOUND('',#55600,.T.);
#55620=ADVANCED_FACE('',(#55610),#55550,.T.);
#55630=CARTESIAN_POINT('',(-3.64490900000002,4.1924895171738,
0.43701305915477));
#55640=DIRECTION('',(0.,0.,1.));
#55650=DIRECTION('',(1.,0.,0.));
#55660=AXIS2_PLACEMENT_3D('',#55630,#55640,#55650);
#55670=DEGENERATE_TOROIDAL_SURFACE('',#55660,0.100000000000001,0.4,.T.);
#55680=ORIENTED_EDGE('',*,*,#32500,.F.);
#55690=ORIENTED_EDGE('',*,*,#12240,.F.);
#55700=ORIENTED_EDGE('',*,*,#54920,.T.);
#55710=CARTESIAN_POINT('',(-3.64490900000002,4.1924895171738,
0.43701305915477));
#55720=DIRECTION('',(0.,0.,1.));
#55730=DIRECTION('',(1.,0.,0.));
#55740=AXIS2_PLACEMENT_3D('',#55710,#55720,#55730);
#55750=CIRCLE('',#55740,0.5);
#55760=EDGE_CURVE('',#30780,#26660,#55750,.T.);
#55770=ORIENTED_EDGE('',*,*,#55760,.T.);
#55780=EDGE_LOOP('',(#55770,#55700,#55690,#55680));
#55790=FACE_OUTER_BOUND('',#55780,.T.);
#55800=ADVANCED_FACE('',(#55790),#55670,.T.);
#55810=CARTESIAN_POINT('',(-18.344909,2.299177,0.));
#55820=DIRECTION('',(0.,-1.22460635382238E-16,1.));
#55830=DIRECTION('',(0.,1.,1.22460635382238E-16));
#55840=AXIS2_PLACEMENT_3D('',#55810,#55820,#55830);
#55850=CYLINDRICAL_SURFACE('',#55840,0.5);
#55860=ORIENTED_EDGE('',*,*,#55110,.F.);
#55870=ORIENTED_EDGE('',*,*,#42880,.T.);
#55880=ORIENTED_EDGE('',*,*,#37520,.T.);
#55890=ORIENTED_EDGE('',*,*,#3540,.F.);
#55900=EDGE_LOOP('',(#55890,#55880,#55870,#55860));
#55910=FACE_OUTER_BOUND('',#55900,.T.);
#55920=ADVANCED_FACE('',(#55910),#55850,.T.);
#55930=ORIENTED_EDGE('',*,*,#52780,.F.);
#55940=ORIENTED_EDGE('',*,*,#15980,.T.);
#55950=ORIENTED_EDGE('',*,*,#42110,.F.);
#55960=ORIENTED_EDGE('',*,*,#54090,.T.);
#55970=ORIENTED_EDGE('',*,*,#11900,.T.);
#55980=ORIENTED_EDGE('',*,*,#17930,.T.);
#55990=EDGE_LOOP('',(#55980,#55970,#55960,#55950,#55940,#55930));
#56000=FACE_OUTER_BOUND('',#55990,.T.);
#56010=ADVANCED_FACE('',(#56000),#15800,.T.);
#56020=CARTESIAN_POINT('',(1.84692777493467,3.36254390569169,
6.63546839977082));
#56030=CARTESIAN_POINT('',(1.80932414426534,3.36667247104407,
6.65710929783641));
#56040=CARTESIAN_POINT('',(1.77585431722562,3.36963420821,
6.68326281363755));
#56050=CARTESIAN_POINT('',(1.75244264878594,3.37327820137312,
6.71515965337233));
#56060=CARTESIAN_POINT('',(1.74075573131598,3.37780187785563,
6.75265691530517));
#56070=CARTESIAN_POINT('',(1.73820239458465,3.38175100811821,
6.7942380897669));
#56080=CARTESIAN_POINT('',(1.73793370576009,3.3820197057601,
6.83701305915475));
#56090=CARTESIAN_POINT('',(1.88398221169764,3.33084172204232,
6.63412085789744));
#56100=CARTESIAN_POINT('',(1.84761492550274,3.33831404382143,
6.65374611485176));
#56110=CARTESIAN_POINT('',(1.80768458773151,3.3403934630078,
6.67622921661774));
#56120=CARTESIAN_POINT('',(1.77674936129796,3.34014728800029,
6.70704177824899));
#56130=CARTESIAN_POINT('',(1.77220248736984,3.34346722416122,
6.74973480743788));
#56140=CARTESIAN_POINT('',(1.77523562246331,3.34464747556349,
6.79496831085398));
#56150=CARTESIAN_POINT('',(1.77495742755298,3.34499598396721,
6.83701305915475));
#56160=CARTESIAN_POINT('',(1.9146750646584,3.2925962926369,
6.63316698260295));
#56170=CARTESIAN_POINT('',(1.88052659946692,3.30049430463064,
6.65357768095821));
#56180=CARTESIAN_POINT('',(1.84059755643793,3.30195125441033,
6.67617802080036));
#56190=CARTESIAN_POINT('',(1.80810738609995,3.3000789892392,
6.70703950004324));
#56200=CARTESIAN_POINT('',(1.80374570999927,3.30203929548121,
6.75043795309272));
#56210=CARTESIAN_POINT('',(1.80641565577975,3.30173762069763,
6.79569853194109));
#56220=CARTESIAN_POINT('',(1.80616544759051,3.30215656041896,
6.83701305915478));
#56230=CARTESIAN_POINT('',(1.93449889582793,3.2629590455749,
6.6310186444226));
#56240=CARTESIAN_POINT('',(1.902935759396,3.26934367603461,
6.65382609180418));
#56250=CARTESIAN_POINT('',(1.86759981274501,3.2675417009204,
6.67912406427306));
#56260=CARTESIAN_POINT('',(1.83836935017539,3.26136732229062,
6.71118030488233));
#56270=CARTESIAN_POINT('',(1.83108732174118,3.25783736221534,
6.75298139619628));
#56280=CARTESIAN_POINT('',(1.83059556698979,3.25419155434873,
6.79638493976298));
#56290=CARTESIAN_POINT('',(1.83041654197996,3.25464265900806,
6.83701305915482));
#56300=CARTESIAN_POINT('',(1.94289807334926,3.23854583032619,
6.6276447453527));
#56310=CARTESIAN_POINT('',(1.91367080466021,3.24245700196664,
6.65327047449917));
#56320=CARTESIAN_POINT('',(1.884927660121,3.23563408733776,
6.68232781029231));
#56330=CARTESIAN_POINT('',(1.86153233169504,3.22319662324771,
6.716270194624));
#56340=CARTESIAN_POINT('',(1.8509841838692,3.21172423666229,
6.75589158696737));
#56350=CARTESIAN_POINT('',(1.84694852651272,3.20348788540385,
6.79698372105441));
#56360=CARTESIAN_POINT('',(1.84686833694329,3.20389435374193,
6.83701305915484));
#56370=CARTESIAN_POINT('',(1.94326877149752,3.19743691773101,
6.62457121885059));
#56380=CARTESIAN_POINT('',(1.91551194076183,3.19889354773041,
6.6522469876137));
#56390=CARTESIAN_POINT('',(1.89207365677315,3.18990353491348,
6.68429534728341));
#56400=CARTESIAN_POINT('',(1.87380326108563,3.17556987038411,
6.71989368685651));
#56410=CARTESIAN_POINT('',(1.86135045664292,3.16099554524613,
6.75800638191694));
#56420=CARTESIAN_POINT('',(1.85509099999999,3.15128355060341,
6.79745106255007));
#56430=CARTESIAN_POINT('',(1.85509099999999,3.15153687755982,
6.83701305915477));
#56440=CARTESIAN_POINT('',(1.9429589706799,3.09917699999999,
6.62488102983467));
#56450=CARTESIAN_POINT('',(1.91519117933523,3.09917699999999,
6.65264882117933));
#56460=CARTESIAN_POINT('',(1.89178516430709,3.09917699999999,
6.68477838884054));
#56470=CARTESIAN_POINT('',(1.87359684351502,3.09917699999999,
6.72041381489875));
#56480=CARTESIAN_POINT('',(1.86125799729253,3.099177,6.75847504384837));
#56490=CARTESIAN_POINT('',(1.85509099999999,3.099177,6.7977431509849));
#56500=CARTESIAN_POINT('',(1.85509099999999,3.099177,6.83701305915477));
#56510=B_SPLINE_SURFACE_WITH_KNOTS('',6,6,((#56020,#56090,#56160,#56230,
#56300,#56370,#56440),(#56030,#56100,#56170,#56240,#56310,#56380,#56450)
,(#56040,#56110,#56180,#56250,#56320,#56390,#56460),(#56050,#56120,
#56190,#56260,#56330,#56400,#56470),(#56060,#56130,#56200,#56270,#56340,
#56410,#56480),(#56070,#56140,#56210,#56280,#56350,#56420,#56490),(
#56080,#56150,#56220,#56290,#56360,#56430,#56500)),.UNSPECIFIED.,.F.,.F.
,.F.,(7,7),(7,7),(0.,1.),(0.,1.),.UNSPECIFIED.);
#56520=CARTESIAN_POINT('',(1.84692777493467,3.36254390569169,
6.63546839977082));
#56530=CARTESIAN_POINT('',(1.80932414426534,3.36667247104407,
6.65710929783641));
#56540=CARTESIAN_POINT('',(1.77585431722562,3.36963420821,
6.68326281363755));
#56550=CARTESIAN_POINT('',(1.75244264878594,3.37327820137312,
6.71515965337233));
#56560=CARTESIAN_POINT('',(1.74075573131598,3.37780187785563,
6.75265691530517));
#56570=CARTESIAN_POINT('',(1.73820239458465,3.38175100811821,
6.7942380897669));
#56580=CARTESIAN_POINT('',(1.73793370576009,3.3820197057601,
6.83701305915475));
#56590=B_SPLINE_CURVE_WITH_KNOTS('',6,(#56520,#56530,#56540,#56550,
#56560,#56570,#56580),.UNSPECIFIED.,.F.,.F.,(7,7),(0.,1.),.UNSPECIFIED.)
;
#56600=EDGE_CURVE('',#18910,#51690,#56590,.T.);
#56610=ORIENTED_EDGE('',*,*,#56600,.T.);
#56620=ORIENTED_EDGE('',*,*,#18940,.F.);
#56630=ORIENTED_EDGE('',*,*,#26020,.T.);
#56640=ORIENTED_EDGE('',*,*,#51720,.T.);
#56650=EDGE_LOOP('',(#56640,#56630,#56620,#56610));
#56660=FACE_OUTER_BOUND('',#56650,.T.);
#56670=ADVANCED_FACE('',(#56660),#56510,.T.);
#56680=CARTESIAN_POINT('',(1.70509099999999,-1.650823,7.23701305915477))
;
#56690=DIRECTION('',(-0.707106781186549,-8.65927457071933E-17,
0.707106781186546));
#56700=DIRECTION('',(-0.707106781186546,0.,-0.707106781186549));
#56710=AXIS2_PLACEMENT_3D('',#56680,#56690,#56700);
#56720=PLANE('',#56710);
#56730=ORIENTED_EDGE('',*,*,#27900,.T.);
#56740=ORIENTED_EDGE('',*,*,#46070,.T.);
#56750=ORIENTED_EDGE('',*,*,#38020,.T.);
#56760=ORIENTED_EDGE('',*,*,#48750,.T.);
#56770=EDGE_LOOP('',(#56760,#56750,#56740,#56730));
#56780=FACE_OUTER_BOUND('',#56770,.T.);
#56790=ADVANCED_FACE('',(#56780),#56720,.F.);
#56800=CARTESIAN_POINT('',(-9.04490900000001,5.199177,7.88701305915477))
;
#56810=DIRECTION('',(0.,0.,-1.));
#56820=DIRECTION('',(-1.,0.,0.));
#56830=AXIS2_PLACEMENT_3D('',#56800,#56810,#56820);
#56840=TOROIDAL_SURFACE('',#56830,0.4,0.4);
#56850=ORIENTED_EDGE('',*,*,#53830,.F.);
#56860=ORIENTED_EDGE('',*,*,#38610,.T.);
#56870=CARTESIAN_POINT('',(-9.44490900000002,5.199177,7.88701305915477))
;
#56880=DIRECTION('',(0.,1.,0.));
#56890=DIRECTION('',(1.,0.,0.));
#56900=AXIS2_PLACEMENT_3D('',#56870,#56880,#56890);
#56910=CIRCLE('',#56900,0.4);
#56920=EDGE_CURVE('',#41410,#38490,#56910,.T.);
#56930=ORIENTED_EDGE('',*,*,#56920,.T.);
#56940=ORIENTED_EDGE('',*,*,#41420,.F.);
#56950=EDGE_LOOP('',(#56940,#56930,#56860,#56850));
#56960=FACE_OUTER_BOUND('',#56950,.T.);
#56970=ADVANCED_FACE('',(#56960),#56840,.T.);
#56980=CARTESIAN_POINT('',(-0.394909000000015,-3.5527136788005E-15,
6.73701305915477));
#56990=DIRECTION('',(0.,-1.,0.));
#57000=DIRECTION('',(-1.,0.,0.));
#57010=AXIS2_PLACEMENT_3D('',#56980,#56990,#57000);
#57020=CYLINDRICAL_SURFACE('',#57010,0.3);
#57030=ORIENTED_EDGE('',*,*,#52900,.F.);
#57040=ORIENTED_EDGE('',*,*,#39250,.F.);
#57050=ORIENTED_EDGE('',*,*,#51210,.T.);
#57060=ORIENTED_EDGE('',*,*,#18270,.F.);
#57070=EDGE_LOOP('',(#57060,#57050,#57040,#57030));
#57080=FACE_OUTER_BOUND('',#57070,.T.);
#57090=ADVANCED_FACE('',(#57080),#57020,.F.);
#57100=CARTESIAN_POINT('',(0.,2.299177,1.13701305915477));
#57110=DIRECTION('',(-1.,0.,0.));
#57120=DIRECTION('',(0.,1.,0.));
#57130=AXIS2_PLACEMENT_3D('',#57100,#57110,#57120);
#57140=CYLINDRICAL_SURFACE('',#57130,0.3);
#57150=ORIENTED_EDGE('',*,*,#12900,.T.);
#57160=ORIENTED_EDGE('',*,*,#11390,.T.);
#57170=ORIENTED_EDGE('',*,*,#40430,.F.);
#57180=ORIENTED_EDGE('',*,*,#22290,.F.);
#57190=EDGE_LOOP('',(#57180,#57170,#57160,#57150));
#57200=FACE_OUTER_BOUND('',#57190,.T.);
#57210=ADVANCED_FACE('',(#57200),#57140,.F.);
#57220=CARTESIAN_POINT('',(-17.844909,1.499177,7.08701305915477));
#57230=DIRECTION('',(9.65529606993524E-33,1.,1.22460635382238E-16));
#57240=DIRECTION('',(0.,1.22460635382238E-16,-1.));
#57250=AXIS2_PLACEMENT_3D('',#57220,#57230,#57240);
#57260=PLANE('',#57250);
#57270=ORIENTED_EDGE('',*,*,#46160,.T.);
#57280=ORIENTED_EDGE('',*,*,#9270,.F.);
#57290=ORIENTED_EDGE('',*,*,#9880,.T.);
#57300=ORIENTED_EDGE('',*,*,#50920,.F.);
#57310=EDGE_LOOP('',(#57300,#57290,#57280,#57270));
#57320=FACE_OUTER_BOUND('',#57310,.T.);
#57330=ADVANCED_FACE('',(#57320),#57260,.T.);
#57340=CARTESIAN_POINT('',(1.84692777493467,3.36254390569169,
6.63546839977082));
#57350=CARTESIAN_POINT('',(1.84747696884104,3.3901175239887,
6.6151750435786));
#57360=CARTESIAN_POINT('',(1.84876560931346,3.41800608376739,
6.59495043303377));
#57370=CARTESIAN_POINT('',(1.85082289700019,3.44353514621921,
6.57679869385032));
#57380=CARTESIAN_POINT('',(1.85322418922755,3.46536067510041,
6.56153669157868));
#57390=CARTESIAN_POINT('',(1.85509099999999,3.48346903673205,
6.54879403160573));
#57400=CARTESIAN_POINT('',(1.85509099999999,3.499177,6.53701305915477));
#57410=CARTESIAN_POINT('',(1.80932414426534,3.36667247104407,
6.65710929783641));
#57420=CARTESIAN_POINT('',(1.80519215733926,3.39187468973637,
6.63507106797584));
#57430=CARTESIAN_POINT('',(1.79404084406053,3.42003625474156,
6.60878738884329));
#57440=CARTESIAN_POINT('',(1.7809570621089,3.44783390410419,
6.582565389588));
#57450=CARTESIAN_POINT('',(1.77013926276136,3.46771593982871,
6.563487360192));
#57460=CARTESIAN_POINT('',(1.76253093878835,3.48346903673205,
6.54879403160573));
#57470=CARTESIAN_POINT('',(1.76253093878835,3.499177,6.53701305915477));
#57480=CARTESIAN_POINT('',(1.77585431722562,3.36963420821,
6.68326281363755));
#57490=CARTESIAN_POINT('',(1.76326770855889,3.39628409198527,
6.66464219184692));
#57500=CARTESIAN_POINT('',(1.7416355446889,3.42553015754226,
6.63751858595886));
#57510=CARTESIAN_POINT('',(1.71685512455112,3.454049300819,
6.60795521579159));
#57520=CARTESIAN_POINT('',(1.69400746588889,3.47297576268014,
6.58582039822814));
#57530=CARTESIAN_POINT('',(1.67449090205806,3.48661062938568,
6.56964748337902));
#57540=CARTESIAN_POINT('',(1.66401892654609,3.49917700000004,
6.55998903467038));
#57550=CARTESIAN_POINT('',(1.75244264878594,3.37327820137312,
6.71515965337233));
#57560=CARTESIAN_POINT('',(1.72998376661628,3.40351444145949,
6.70278538999633));
#57570=CARTESIAN_POINT('',(1.69924744647916,3.43388420431533,
6.67874955272409));
#57580=CARTESIAN_POINT('',(1.66473726086963,3.46162197098676,
6.65004663713014));
#57590=CARTESIAN_POINT('',(1.6305073019703,3.47978257726507,
6.62664368760396));
#57600=CARTESIAN_POINT('',(1.5979668836893,3.49132301836591,
6.61012524947198));
#57610=CARTESIAN_POINT('',(1.57178694490939,3.49917699999988,
6.6037090040638));
#57620=CARTESIAN_POINT('',(1.74075573131598,3.37780187785563,
6.75265691530517));
#57630=CARTESIAN_POINT('',(1.70936271302703,3.41208279202167,
6.74702402929489));
#57640=CARTESIAN_POINT('',(1.67116807463147,3.44317348171762,
6.72898693113647));
#57650=CARTESIAN_POINT('',(1.62869476630737,3.46916672080025,
6.70523131430783));
#57660=CARTESIAN_POINT('',(1.58446572184645,3.48644848582218,
6.68379038865272));
#57670=CARTESIAN_POINT('',(1.53995487756328,3.49603540734649,
6.66899819243491));
#57680=CARTESIAN_POINT('',(1.49806697551541,3.49917700000008,
6.66594098570112));
#57690=CARTESIAN_POINT('',(1.73820239458465,3.38175100811821,
6.7942380897669));
#57700=CARTESIAN_POINT('',(1.70116916670598,3.41885454067294,
6.79350786867982));
#57710=CARTESIAN_POINT('',(1.65828274426509,3.45015175091654,
6.78363847684554));
#57720=CARTESIAN_POINT('',(1.61069005480617,3.47447252802091,
6.76921410405939));
#57730=CARTESIAN_POINT('',(1.55985812383689,3.49095525921693,
6.75481894011672));
#57740=CARTESIAN_POINT('',(1.50745087755981,3.49917699999999,
6.7450371748128));
#57750=CARTESIAN_POINT('',(1.45509099999999,3.49917699999999,
6.74445299794313));
#57760=CARTESIAN_POINT('',(1.73793370576009,3.3820197057601,
6.83701305915475));
#57770=CARTESIAN_POINT('',(1.70090998396719,3.41904342755299,
6.83701305915474));
#57780=CARTESIAN_POINT('',(1.65807056041894,3.45025144759052,
6.83701305915476));
#57790=CARTESIAN_POINT('',(1.61055665900805,3.47450254197995,
6.8370130591548));
#57800=CARTESIAN_POINT('',(1.55980835374192,3.49095433694327,
6.83701305915483));
#57810=CARTESIAN_POINT('',(1.50745087755981,3.49917699999999,
6.83701305915477));
#57820=CARTESIAN_POINT('',(1.45509099999998,3.49917699999999,
6.83701305915477));
#57830=B_SPLINE_SURFACE_WITH_KNOTS('',6,6,((#57340,#57410,#57480,#57550,
#57620,#57690,#57760),(#57350,#57420,#57490,#57560,#57630,#57700,#57770)
,(#57360,#57430,#57500,#57570,#57640,#57710,#57780),(#57370,#57440,
#57510,#57580,#57650,#57720,#57790),(#57380,#57450,#57520,#57590,#57660,
#57730,#57800),(#57390,#57460,#57530,#57600,#57670,#57740,#57810),(
#57400,#57470,#57540,#57610,#57680,#57750,#57820)),.UNSPECIFIED.,.F.,.F.
,.F.,(7,7),(7,7),(0.,1.),(0.,1.),.UNSPECIFIED.);
#57840=ORIENTED_EDGE('',*,*,#19040,.T.);
#57850=ORIENTED_EDGE('',*,*,#56600,.F.);
#57860=ORIENTED_EDGE('',*,*,#51700,.T.);
#57870=ORIENTED_EDGE('',*,*,#55390,.T.);
#57880=EDGE_LOOP('',(#57870,#57860,#57850,#57840));
#57890=FACE_OUTER_BOUND('',#57880,.T.);
#57900=ADVANCED_FACE('',(#57890),#57830,.T.);
#57910=CARTESIAN_POINT('',(-9.04490900000001,5.199177,
-0.0129869408452293));
#57920=DIRECTION('',(0.,0.,-1.));
#57930=DIRECTION('',(-1.,0.,0.));
#57940=AXIS2_PLACEMENT_3D('',#57910,#57920,#57930);
#57950=TOROIDAL_SURFACE('',#57940,0.4,0.4);
#57960=ORIENTED_EDGE('',*,*,#54470,.T.);
#57970=ORIENTED_EDGE('',*,*,#44450,.F.);
#57980=ORIENTED_EDGE('',*,*,#44750,.F.);
#57990=ORIENTED_EDGE('',*,*,#41570,.T.);
#58000=EDGE_LOOP('',(#57990,#57980,#57970,#57960));
#58010=FACE_OUTER_BOUND('',#58000,.T.);
#58020=ADVANCED_FACE('',(#58010),#57950,.T.);
#58030=ORIENTED_EDGE('',*,*,#56920,.F.);
#58040=ORIENTED_EDGE('',*,*,#38520,.F.);
#58050=ORIENTED_EDGE('',*,*,#40210,.T.);
#58060=ORIENTED_EDGE('',*,*,#46490,.T.);
#58070=EDGE_LOOP('',(#58060,#58050,#58040,#58030));
#58080=FACE_OUTER_BOUND('',#58070,.T.);
#58090=ADVANCED_FACE('',(#58080),#40050,.T.);
#58100=CARTESIAN_POINT('',(-6.33454643244974,4.999177,7.88701305915477))
;
#58110=DIRECTION('',(0.,0.,1.));
#58120=DIRECTION('',(1.,0.,0.));
#58130=AXIS2_PLACEMENT_3D('',#58100,#58110,#58120);
#58140=TOROIDAL_SURFACE('',#58130,0.6,0.4);
#58150=ORIENTED_EDGE('',*,*,#52570,.T.);
#58160=ORIENTED_EDGE('',*,*,#38780,.F.);
#58170=ORIENTED_EDGE('',*,*,#53750,.T.);
#58180=ORIENTED_EDGE('',*,*,#38340,.T.);
#58190=EDGE_LOOP('',(#58180,#58170,#58160,#58150));
#58200=FACE_OUTER_BOUND('',#58190,.T.);
#58210=ADVANCED_FACE('',(#58200),#58140,.T.);
#58220=CARTESIAN_POINT('',(-3.64490900000002,4.1924895171738,0.));
#58230=DIRECTION('',(0.,0.,1.));
#58240=DIRECTION('',(1.,0.,0.));
#58250=AXIS2_PLACEMENT_3D('',#58220,#58230,#58240);
#58260=CYLINDRICAL_SURFACE('',#58250,0.5);
#58270=ORIENTED_EDGE('',*,*,#26670,.T.);
#58280=ORIENTED_EDGE('',*,*,#8440,.T.);
#58290=ORIENTED_EDGE('',*,*,#30850,.F.);
#58300=ORIENTED_EDGE('',*,*,#55760,.F.);
#58310=EDGE_LOOP('',(#58300,#58290,#58280,#58270));
#58320=FACE_OUTER_BOUND('',#58310,.T.);
#58330=ADVANCED_FACE('',(#58320),#58260,.T.);
#58340=CARTESIAN_POINT('',(1.55509099999999,-8.425823,2.03701305915477))
;
#58350=DIRECTION('',(-9.65529606993524E-33,-1.,-1.22460635382238E-16));
#58360=DIRECTION('',(0.,-1.22460635382238E-16,1.));
#58370=AXIS2_PLACEMENT_3D('',#58340,#58350,#58360);
#58380=PLANE('',#58370);
#58390=CARTESIAN_POINT('',(10.605091,-8.425823,7.08701305915477));
#58400=DIRECTION('',(0.,-1.22460635382238E-16,1.));
#58410=VECTOR('',#58400,1.);
#58420=LINE('',#58390,#58410);
#58430=CARTESIAN_POINT('',(10.605091,-8.425823,2.93701305915477));
#58440=VERTEX_POINT('',#58430);
#58450=CARTESIAN_POINT('',(10.605091,-8.425823,4.93701305915477));
#58460=VERTEX_POINT('',#58450);
#58470=EDGE_CURVE('',#58440,#58460,#58420,.T.);
#58480=ORIENTED_EDGE('',*,*,#58470,.T.);
#58490=CARTESIAN_POINT('',(0.,-8.425823,2.93701305915477));
#58500=DIRECTION('',(1.,-2.46519032881566E-32,1.22460635382238E-16));
#58510=VECTOR('',#58500,1.);
#58520=LINE('',#58490,#58510);
#58530=CARTESIAN_POINT('',(10.105091,-8.425823,2.93701305915477));
#58540=VERTEX_POINT('',#58530);
#58550=EDGE_CURVE('',#58540,#58440,#58520,.T.);
#58560=ORIENTED_EDGE('',*,*,#58550,.T.);
#58570=CARTESIAN_POINT('',(10.105091,-8.425823,0.));
#58580=DIRECTION('',(-1.14383329197221E-17,-1.22460635382238E-16,1.));
#58590=VECTOR('',#58580,1.);
#58600=LINE('',#58570,#58590);
#58610=CARTESIAN_POINT('',(10.105091,-8.425823,3.93701305915477));
#58620=VERTEX_POINT('',#58610);
#58630=EDGE_CURVE('',#58540,#58620,#58600,.T.);
#58640=ORIENTED_EDGE('',*,*,#58630,.F.);
#58650=CARTESIAN_POINT('',(0.,-8.425823,3.93701305915477));
#58660=DIRECTION('',(-1.,2.46519032881566E-32,-1.22460635382238E-16));
#58670=VECTOR('',#58660,1.);
#58680=LINE('',#58650,#58670);
#58690=EDGE_CURVE('',#58620,#45620,#58680,.T.);
#58700=ORIENTED_EDGE('',*,*,#58690,.F.);
#58710=ORIENTED_EDGE('',*,*,#45630,.T.);
#58720=CARTESIAN_POINT('',(0.,-8.425823,4.93701305915477));
#58730=DIRECTION('',(1.,-9.65529606993524E-33,-2.05268329735081E-48));
#58740=VECTOR('',#58730,1.);
#58750=LINE('',#58720,#58740);
#58760=EDGE_CURVE('',#45540,#58460,#58750,.T.);
#58770=ORIENTED_EDGE('',*,*,#58760,.F.);
#58780=EDGE_LOOP('',(#58770,#58710,#58700,#58640,#58560,#58480));
#58790=FACE_OUTER_BOUND('',#58780,.T.);
#58800=ADVANCED_FACE('',(#58790),#58380,.T.);
#58810=CARTESIAN_POINT('',(10.605091,-9.46813679665685,0.923560930910086
));
#58820=DIRECTION('',(1.,0.,0.));
#58830=DIRECTION('',(0.,-1.,-1.22460635382238E-16));
#58840=AXIS2_PLACEMENT_3D('',#58810,#58820,#58830);
#58850=PLANE('',#58840);
#58860=CARTESIAN_POINT('',(10.605091,-7.92582300000001,0.));
#58870=DIRECTION('',(0.,0.,1.));
#58880=VECTOR('',#58870,1.);
#58890=LINE('',#58860,#58880);
#58900=CARTESIAN_POINT('',(10.605091,-7.92582300000001,2.93701305915477)
);
#58910=VERTEX_POINT('',#58900);
#58920=CARTESIAN_POINT('',(10.605091,-7.92582300000001,4.93701305915477)
);
#58930=VERTEX_POINT('',#58920);
#58940=EDGE_CURVE('',#58910,#58930,#58890,.T.);
#58950=ORIENTED_EDGE('',*,*,#58940,.T.);
#58960=CARTESIAN_POINT('',(10.605091,0.,2.93701305915477));
#58970=DIRECTION('',(0.,-1.,-1.22460635382238E-16));
#58980=VECTOR('',#58970,1.);
#58990=LINE('',#58960,#58980);
#59000=EDGE_CURVE('',#58910,#58440,#58990,.T.);
#59010=ORIENTED_EDGE('',*,*,#59000,.F.);
#59020=ORIENTED_EDGE('',*,*,#58470,.F.);
#59030=CARTESIAN_POINT('',(10.605091,0.,4.93701305915477));
#59040=DIRECTION('',(0.,1.,0.));
#59050=VECTOR('',#59040,1.);
#59060=LINE('',#59030,#59050);
#59070=EDGE_CURVE('',#58460,#58930,#59060,.T.);
#59080=ORIENTED_EDGE('',*,*,#59070,.F.);
#59090=EDGE_LOOP('',(#59080,#59020,#59010,#58950));
#59100=FACE_OUTER_BOUND('',#59090,.T.);
#59110=ADVANCED_FACE('',(#59100),#58850,.T.);
#59120=CARTESIAN_POINT('',(-31.644909,-1.650823,3.93701305915477));
#59130=DIRECTION('',(-1.,9.65529606993524E-33,1.18239369152789E-48));
#59140=DIRECTION('',(0.,-1.22460635382238E-16,1.));
#59150=AXIS2_PLACEMENT_3D('',#59120,#59130,#59140);
#59160=PLANE('',#59150);
#59170=CARTESIAN_POINT('',(-31.644909,-1.650823,3.93701305915477));
#59180=DIRECTION('',(-1.,9.65529606993524E-33,0.));
#59190=DIRECTION('',(0.,-1.22460635382238E-16,1.));
#59200=AXIS2_PLACEMENT_3D('',#59170,#59180,#59190);
#59210=CIRCLE('',#59200,2.2);
#59220=CARTESIAN_POINT('',(-31.644909,-1.650823,6.13701305915477));
#59230=VERTEX_POINT('',#59220);
#59240=CARTESIAN_POINT('',(-31.644909,-1.650823,1.73701305915477));
#59250=VERTEX_POINT('',#59240);
#59260=EDGE_CURVE('',#59230,#59250,#59210,.T.);
#59270=ORIENTED_EDGE('',*,*,#59260,.T.);
#59280=EDGE_CURVE('',#59250,#59230,#59210,.T.);
#59290=ORIENTED_EDGE('',*,*,#59280,.T.);
#59300=EDGE_LOOP('',(#59290,#59270));
#59310=FACE_OUTER_BOUND('',#59300,.T.);
#59320=ADVANCED_FACE('',(#59310),#59160,.T.);
#59330=CARTESIAN_POINT('',(5.20037004397305,4.224177,5.43701305915477));
#59340=DIRECTION('',(1.22460635382238E-16,0.,-1.));
#59350=DIRECTION('',(-1.,0.,-1.22460635382238E-16));
#59360=AXIS2_PLACEMENT_3D('',#59330,#59340,#59350);
#59370=PLANE('',#59360);
#59380=CARTESIAN_POINT('',(36.404663,3.52417699999999,5.43701305915477))
;
#59390=DIRECTION('',(1.,0.,1.22460635382238E-16));
#59400=VECTOR('',#59390,1.);
#59410=LINE('',#59380,#59400);
#59420=CARTESIAN_POINT('',(7.005091,3.52417699999999,5.43701305915477));
#59430=VERTEX_POINT('',#59420);
#59440=CARTESIAN_POINT('',(10.605091,3.52417699999999,5.43701305915477))
;
#59450=VERTEX_POINT('',#59440);
#59460=EDGE_CURVE('',#59430,#59450,#59410,.T.);
#59470=ORIENTED_EDGE('',*,*,#59460,.T.);
#59480=CARTESIAN_POINT('',(0.,6.67025682783369,5.43701305915477));
#59490=DIRECTION('',(0.912223938130634,-0.409691941221007,
1.11022302462516E-16));
#59500=VECTOR('',#59490,1.);
#59510=LINE('',#59480,#59500);
#59520=CARTESIAN_POINT('',(5.8917862869369,4.02417699999999,
5.43701305915477));
#59530=VERTEX_POINT('',#59520);
#59540=EDGE_CURVE('',#59530,#59430,#59510,.T.);
#59550=ORIENTED_EDGE('',*,*,#59540,.T.);
#59560=CARTESIAN_POINT('',(0.,4.02417699999999,5.43701305915477));
#59570=DIRECTION('',(-1.,0.,-1.22460635382238E-16));
#59580=VECTOR('',#59570,1.);
#59590=LINE('',#59560,#59580);
#59600=CARTESIAN_POINT('',(10.605091,4.02417699999999,5.43701305915477))
;
#59610=VERTEX_POINT('',#59600);
#59620=EDGE_CURVE('',#59610,#59530,#59590,.T.);
#59630=ORIENTED_EDGE('',*,*,#59620,.T.);
#59640=CARTESIAN_POINT('',(10.605091,0.0249999999999986,5.43701305915477
));
#59650=DIRECTION('',(0.,1.,0.));
#59660=VECTOR('',#59650,1.);
#59670=LINE('',#59640,#59660);
#59680=EDGE_CURVE('',#59450,#59610,#59670,.T.);
#59690=ORIENTED_EDGE('',*,*,#59680,.T.);
#59700=EDGE_LOOP('',(#59690,#59630,#59550,#59470));
#59710=FACE_OUTER_BOUND('',#59700,.T.);
#59720=ADVANCED_FACE('',(#59710),#59370,.F.);
#59730=CARTESIAN_POINT('',(10.205091,0.774176999999998,5.83701305915477)
);
#59740=DIRECTION('',(-1.,0.,0.));
#59750=DIRECTION('',(0.,1.,1.22460635382238E-16));
#59760=AXIS2_PLACEMENT_3D('',#59730,#59740,#59750);
#59770=CONICAL_SURFACE('',#59760,0.700000000000001,0.432169944593574);
#59780=CARTESIAN_POINT('',(10.605091,1.289677,5.83701305915477));
#59790=DIRECTION('',(-0.908059023836548,0.418842224744611,
5.12916849671351E-17));
#59800=VECTOR('',#59790,1.);
#59810=LINE('',#59780,#59800);
#59820=CARTESIAN_POINT('',(10.605091,1.28967699999999,5.83701305915477))
;
#59830=VERTEX_POINT('',#59820);
#59840=CARTESIAN_POINT('',(10.2648900088868,1.44659470715096,
5.83701305915477));
#59850=VERTEX_POINT('',#59840);
#59860=EDGE_CURVE('',#59830,#59850,#59810,.T.);
#59870=ORIENTED_EDGE('',*,*,#59860,.T.);
#59880=CARTESIAN_POINT('',(10.605091,0.774176999999998,5.83701305915477)
);
#59890=DIRECTION('',(-1.,0.,0.));
#59900=DIRECTION('',(0.,1.,1.22460635382238E-16));
#59910=AXIS2_PLACEMENT_3D('',#59880,#59890,#59900);
#59920=CIRCLE('',#59910,0.515499999999993);
#59930=CARTESIAN_POINT('',(10.605091,0.774176999999998,6.35251305915476)
);
#59940=VERTEX_POINT('',#59930);
#59950=EDGE_CURVE('',#59940,#59830,#59920,.T.);
#59960=ORIENTED_EDGE('',*,*,#59950,.T.);
#59970=CARTESIAN_POINT('',(10.605091,0.774176999999998,6.35251305915477)
);
#59980=DIRECTION('',(-0.908059023836549,-5.12916849671347E-17,
0.418842224744608));
#59990=VECTOR('',#59980,1.);
#60000=LINE('',#59970,#59990);
#60010=CARTESIAN_POINT('',(10.2648900088868,0.774176999999998,
6.50943076630574));
#60020=VERTEX_POINT('',#60010);
#60030=EDGE_CURVE('',#59940,#60020,#60000,.T.);
#60040=ORIENTED_EDGE('',*,*,#60030,.F.);
#60050=CARTESIAN_POINT('',(10.2648900088868,0.774176999999998,
5.83701305915477));
#60060=DIRECTION('',(1.,0.,0.));
#60070=DIRECTION('',(0.,-1.,-1.22460635382238E-16));
#60080=AXIS2_PLACEMENT_3D('',#60050,#60060,#60070);
#60090=CIRCLE('',#60080,0.672417707150965);
#60100=EDGE_CURVE('',#59850,#60020,#60090,.T.);
#60110=ORIENTED_EDGE('',*,*,#60100,.T.);
#60120=EDGE_LOOP('',(#60110,#60040,#59960,#59870));
#60130=FACE_OUTER_BOUND('',#60120,.T.);
#60140=ADVANCED_FACE('',(#60130),#59770,.T.);
#60150=CARTESIAN_POINT('',(10.405091,1.381927,5.26201305915477));
#60160=DIRECTION('',(-0.418842224744608,-0.90805902383655,
-1.11201485023598E-16));
#60170=DIRECTION('',(-0.908059023836549,0.418842224744608,
5.12916849671347E-17));
#60180=AXIS2_PLACEMENT_3D('',#60150,#60160,#60170);
#60190=PLANE('',#60180);
#60200=CARTESIAN_POINT('',(10.605091,1.289677,2.03701305915477));
#60210=DIRECTION('',(-0.908059023836549,0.418842224744608,
5.12916849671347E-17));
#60220=VECTOR('',#60210,1.);
#60230=LINE('',#60200,#60220);
#60240=CARTESIAN_POINT('',(10.605091,1.28967699999999,2.03701305915477))
;
#60250=VERTEX_POINT('',#60240);
#60260=CARTESIAN_POINT('',(10.2648900088868,1.44659470715096,
2.03701305915477));
#60270=VERTEX_POINT('',#60260);
#60280=EDGE_CURVE('',#60250,#60270,#60230,.T.);
#60290=ORIENTED_EDGE('',*,*,#60280,.T.);
#60300=CARTESIAN_POINT('',(10.605091,1.28967699999999,0.));
#60310=DIRECTION('',(1.22460635382238E-16,6.59756673121806E-17,-1.));
#60320=VECTOR('',#60310,1.);
#60330=LINE('',#60300,#60320);
#60340=EDGE_CURVE('',#59830,#60250,#60330,.T.);
#60350=ORIENTED_EDGE('',*,*,#60340,.T.);
#60360=ORIENTED_EDGE('',*,*,#59860,.F.);
#60370=CARTESIAN_POINT('',(10.2648900088868,1.44659470715096,
0.923560930910087));
#60380=DIRECTION('',(0.,1.22460635382238E-16,-1.));
#60390=VECTOR('',#60380,1.);
#60400=LINE('',#60370,#60390);
#60410=EDGE_CURVE('',#59850,#60270,#60400,.T.);
#60420=ORIENTED_EDGE('',*,*,#60410,.F.);
#60430=EDGE_LOOP('',(#60420,#60360,#60350,#60290));
#60440=FACE_OUTER_BOUND('',#60430,.T.);
#60450=ADVANCED_FACE('',(#60440),#60190,.F.);
#60460=CARTESIAN_POINT('',(10.1392373414634,1.174177,0.923560930910087))
;
#60470=DIRECTION('',(0.,1.22460635382238E-16,-1.));
#60480=DIRECTION('',(0.,-1.,-1.22460635382238E-16));
#60490=AXIS2_PLACEMENT_3D('',#60460,#60470,#60480);
#60500=CYLINDRICAL_SURFACE('',#60490,0.3);
#60510=CARTESIAN_POINT('',(10.1392373414634,1.174177,5.83701305915477));
#60520=DIRECTION('',(0.,-1.22460635382238E-16,1.));
#60530=DIRECTION('',(0.,1.,1.22460635382238E-16));
#60540=AXIS2_PLACEMENT_3D('',#60510,#60520,#60530);
#60550=CIRCLE('',#60540,0.3);
#60560=CARTESIAN_POINT('',(10.1392373414634,1.474177,5.83701305915477));
#60570=VERTEX_POINT('',#60560);
#60580=EDGE_CURVE('',#59850,#60570,#60550,.T.);
#60590=ORIENTED_EDGE('',*,*,#60580,.F.);
#60600=CARTESIAN_POINT('',(10.1392373414634,1.474177,0.923560930910087))
;
#60610=DIRECTION('',(0.,1.22460635382238E-16,-1.));
#60620=VECTOR('',#60610,1.);
#60630=LINE('',#60600,#60620);
#60640=CARTESIAN_POINT('',(10.1392373414634,1.474177,2.03701305915477));
#60650=VERTEX_POINT('',#60640);
#60660=EDGE_CURVE('',#60570,#60650,#60630,.T.);
#60670=ORIENTED_EDGE('',*,*,#60660,.F.);
#60680=CARTESIAN_POINT('',(10.1392373414634,1.174177,2.03701305915477));
#60690=DIRECTION('',(0.,1.22460635382238E-16,-1.));
#60700=DIRECTION('',(0.,-1.,-1.22460635382238E-16));
#60710=AXIS2_PLACEMENT_3D('',#60680,#60690,#60700);
#60720=CIRCLE('',#60710,0.3);
#60730=EDGE_CURVE('',#60650,#60270,#60720,.T.);
#60740=ORIENTED_EDGE('',*,*,#60730,.F.);
#60750=ORIENTED_EDGE('',*,*,#60410,.T.);
#60760=EDGE_LOOP('',(#60750,#60740,#60670,#60590));
#60770=FACE_OUTER_BOUND('',#60760,.T.);
#60780=ADVANCED_FACE('',(#60770),#60500,.T.);
#60790=CARTESIAN_POINT('',(9.7737201501015,4.02417699999999,
3.43701305915477));
#60800=DIRECTION('',(0.,1.,0.));
#60810=DIRECTION('',(-1.,0.,-1.22460635382238E-16));
#60820=AXIS2_PLACEMENT_3D('',#60790,#60800,#60810);
#60830=PLANE('',#60820);
#60840=CARTESIAN_POINT('',(0.,4.02417699999999,5.43701305915477));
#60850=DIRECTION('',(-1.,0.,-1.22460635382238E-16));
#60860=VECTOR('',#60850,1.);
#60870=LINE('',#60840,#60860);
#60880=CARTESIAN_POINT('',(4.605091,4.02417699999999,5.43701305915477));
#60890=VERTEX_POINT('',#60880);
#60900=CARTESIAN_POINT('',(2.56460382949845,4.02417699999999,
5.43701305915477));
#60910=VERTEX_POINT('',#60900);
#60920=EDGE_CURVE('',#60890,#60910,#60870,.T.);
#60930=ORIENTED_EDGE('',*,*,#60920,.F.);
#60940=CARTESIAN_POINT('',(2.56460382949845,4.02417699999999,0.));
#60950=DIRECTION('',(2.05061376925492E-16,0.,-1.));
#60960=VECTOR('',#60950,1.);
#60970=LINE('',#60940,#60960);
#60980=CARTESIAN_POINT('',(2.56460382949845,4.02417699999999,
3.43701305915477));
#60990=VERTEX_POINT('',#60980);
#61000=EDGE_CURVE('',#60910,#60990,#60970,.T.);
#61010=ORIENTED_EDGE('',*,*,#61000,.F.);
#61020=CARTESIAN_POINT('',(0.,4.02417699999999,3.43701305915477));
#61030=DIRECTION('',(-1.,0.,-1.22460635382238E-16));
#61040=VECTOR('',#61030,1.);
#61050=LINE('',#61020,#61040);
#61060=CARTESIAN_POINT('',(10.605091,4.02417699999999,3.43701305915477))
;
#61070=VERTEX_POINT('',#61060);
#61080=EDGE_CURVE('',#61070,#60990,#61050,.T.);
#61090=ORIENTED_EDGE('',*,*,#61080,.T.);
#61100=CARTESIAN_POINT('',(10.605091,4.02417699999999,0.));
#61110=DIRECTION('',(-1.22460635382238E-16,-1.22460635382238E-16,1.));
#61120=VECTOR('',#61110,1.);
#61130=LINE('',#61100,#61120);
#61140=EDGE_CURVE('',#61070,#59610,#61130,.T.);
#61150=ORIENTED_EDGE('',*,*,#61140,.F.);
#61160=ORIENTED_EDGE('',*,*,#59620,.F.);
#61170=CARTESIAN_POINT('',(0.,4.02417699999999,5.43701305915477));
#61180=DIRECTION('',(-1.,0.,-1.22460635382238E-16));
#61190=VECTOR('',#61180,1.);
#61200=LINE('',#61170,#61190);
#61210=EDGE_CURVE('',#59530,#60890,#61200,.T.);
#61220=ORIENTED_EDGE('',*,*,#61210,.F.);
#61230=EDGE_LOOP('',(#61220,#61160,#61150,#61090,#61010,#60930));
#61240=FACE_OUTER_BOUND('',#61230,.T.);
#61250=ADVANCED_FACE('',(#61240),#60830,.T.);
#61260=CARTESIAN_POINT('',(10.605085,-8.32582300000001,1.83701305915477)
);
#61270=DIRECTION('',(1.,0.,1.22460635382238E-16));
#61280=DIRECTION('',(0.,1.,0.));
#61290=AXIS2_PLACEMENT_3D('',#61260,#61270,#61280);
#61300=CYLINDRICAL_SURFACE('',#61290,0.500000000000004);
#61310=CARTESIAN_POINT('',(10.605091,-8.32582300000001,1.33701305915477)
);
#61320=DIRECTION('',(1.,0.,1.22460635382238E-16));
#61330=VECTOR('',#61320,1.);
#61340=LINE('',#61310,#61330);
#61350=CARTESIAN_POINT('',(10.605091,-8.32582300000001,1.33701305915477)
);
#61360=VERTEX_POINT('',#61350);
#61370=CARTESIAN_POINT('',(11.805091,-8.32582300000001,1.33701305915477)
);
#61380=VERTEX_POINT('',#61370);
#61390=EDGE_CURVE('',#61360,#61380,#61340,.T.);
#61400=ORIENTED_EDGE('',*,*,#61390,.T.);
#61410=CARTESIAN_POINT('',(10.605091,-8.32582300000001,1.83701305915477)
);
#61420=DIRECTION('',(1.,0.,1.22460635382238E-16));
#61430=DIRECTION('',(0.,1.,0.));
#61440=AXIS2_PLACEMENT_3D('',#61410,#61420,#61430);
#61450=CIRCLE('',#61440,0.500000000000004);
#61460=CARTESIAN_POINT('',(10.605091,-8.82582300000002,1.83701305915477)
);
#61470=VERTEX_POINT('',#61460);
#61480=EDGE_CURVE('',#61470,#61360,#61450,.T.);
#61490=ORIENTED_EDGE('',*,*,#61480,.T.);
#61500=CARTESIAN_POINT('',(10.605091,-8.82582300000001,1.83701305915477)
);
#61510=DIRECTION('',(1.,0.,1.22460635382238E-16));
#61520=VECTOR('',#61510,1.);
#61530=LINE('',#61500,#61520);
#61540=CARTESIAN_POINT('',(11.805091,-8.82582300000001,1.83701305915478)
);
#61550=VERTEX_POINT('',#61540);
#61560=EDGE_CURVE('',#61470,#61550,#61530,.T.);
#61570=ORIENTED_EDGE('',*,*,#61560,.F.);
#61580=CARTESIAN_POINT('',(11.805091,-8.32582299999999,1.83701305915478)
);
#61590=DIRECTION('',(1.,-6.12303176911189E-17,1.53035136646329E-16));
#61600=DIRECTION('',(6.12303176911189E-17,1.,7.49830360911069E-33));
#61610=AXIS2_PLACEMENT_3D('',#61580,#61590,#61600);
#61620=CIRCLE('',#61610,0.500000000000022);
#61630=EDGE_CURVE('',#61550,#61380,#61620,.T.);
#61640=ORIENTED_EDGE('',*,*,#61630,.F.);
#61650=EDGE_LOOP('',(#61640,#61570,#61490,#61400));
#61660=FACE_OUTER_BOUND('',#61650,.T.);
#61670=ADVANCED_FACE('',(#61660),#61300,.T.);
#61680=CARTESIAN_POINT('',(10.205091,-8.125823,5.83701305915477));
#61690=DIRECTION('',(-1.,0.,0.));
#61700=DIRECTION('',(0.,1.,1.22460635382238E-16));
#61710=AXIS2_PLACEMENT_3D('',#61680,#61690,#61700);
#61720=CONICAL_SURFACE('',#61710,0.7,0.432169944593573);
#61730=CARTESIAN_POINT('',(10.205091,-8.125823,6.53701305915477));
#61740=DIRECTION('',(0.908059023836549,5.12916849671347E-17,
-0.418842224744608));
#61750=VECTOR('',#61740,1.);
#61760=LINE('',#61730,#61750);
#61770=CARTESIAN_POINT('',(10.2648900088868,-8.125823,6.50943076630573))
;
#61780=VERTEX_POINT('',#61770);
#61790=CARTESIAN_POINT('',(10.605091,-8.125823,6.35251305915476));
#61800=VERTEX_POINT('',#61790);
#61810=EDGE_CURVE('',#61780,#61800,#61760,.T.);
#61820=ORIENTED_EDGE('',*,*,#61810,.F.);
#61830=CARTESIAN_POINT('',(10.605091,-8.125823,5.83701305915477));
#61840=DIRECTION('',(-1.,0.,0.));
#61850=DIRECTION('',(0.,1.,1.22460635382238E-16));
#61860=AXIS2_PLACEMENT_3D('',#61830,#61840,#61850);
#61870=CIRCLE('',#61860,0.515499999999993);
#61880=CARTESIAN_POINT('',(10.605091,-8.641323,5.83701305915477));
#61890=VERTEX_POINT('',#61880);
#61900=EDGE_CURVE('',#61890,#61800,#61870,.T.);
#61910=ORIENTED_EDGE('',*,*,#61900,.T.);
#61920=CARTESIAN_POINT('',(10.205091,-8.825823,5.83701305915477));
#61930=DIRECTION('',(0.908059023836549,0.418842224744609,
5.12916849671348E-17));
#61940=VECTOR('',#61930,1.);
#61950=LINE('',#61920,#61940);
#61960=CARTESIAN_POINT('',(10.2648900088868,-8.79824070715097,
5.83701305915477));
#61970=VERTEX_POINT('',#61960);
#61980=EDGE_CURVE('',#61970,#61890,#61950,.T.);
#61990=ORIENTED_EDGE('',*,*,#61980,.T.);
#62000=CARTESIAN_POINT('',(10.2648900088868,-8.125823,5.83701305915477))
;
#62010=DIRECTION('',(1.,0.,0.));
#62020=DIRECTION('',(0.,-1.,-1.22460635382238E-16));
#62030=AXIS2_PLACEMENT_3D('',#62000,#62010,#62020);
#62040=CIRCLE('',#62030,0.672417707150965);
#62050=EDGE_CURVE('',#61780,#61970,#62040,.T.);
#62060=ORIENTED_EDGE('',*,*,#62050,.T.);
#62070=EDGE_LOOP('',(#62060,#61990,#61910,#61820));
#62080=FACE_OUTER_BOUND('',#62070,.T.);
#62090=ADVANCED_FACE('',(#62080),#61720,.T.);
#62100=CARTESIAN_POINT('',(10.405091,-0.650823000000003,6.44476305915477
));
#62110=DIRECTION('',(0.418842224744608,-1.11201485023598E-16,
0.90805902383655));
#62120=DIRECTION('',(-0.908059023836549,-5.12916849671347E-17,
0.418842224744608));
#62130=AXIS2_PLACEMENT_3D('',#62100,#62110,#62120);
#62140=PLANE('',#62130);
#62150=CARTESIAN_POINT('',(10.605091,-5.275823,6.35251305915477));
#62160=DIRECTION('',(0.90805902383655,5.12916849671347E-17,
-0.418842224744608));
#62170=VECTOR('',#62160,1.);
#62180=LINE('',#62150,#62170);
#62190=CARTESIAN_POINT('',(10.2648900088868,-5.275823,6.50943076630574))
;
#62200=VERTEX_POINT('',#62190);
#62210=CARTESIAN_POINT('',(10.305091,-5.275823,6.49088805915477));
#62220=VERTEX_POINT('',#62210);
#62230=EDGE_CURVE('',#62200,#62220,#62180,.T.);
#62240=ORIENTED_EDGE('',*,*,#62230,.F.);
#62250=CARTESIAN_POINT('',(10.605091,-5.27582300000001,6.35251305915477)
);
#62260=DIRECTION('',(0.90805902383655,5.12916849671347E-17,
-0.418842224744608));
#62270=VECTOR('',#62260,1.);
#62280=LINE('',#62250,#62270);
#62290=CARTESIAN_POINT('',(10.605091,-5.275823,6.35251305915476));
#62300=VERTEX_POINT('',#62290);
#62310=EDGE_CURVE('',#62220,#62300,#62280,.T.);
#62320=ORIENTED_EDGE('',*,*,#62310,.F.);
#62330=CARTESIAN_POINT('',(10.605091,0.,6.35251305915476));
#62340=DIRECTION('',(1.35739542480412E-32,-1.,-1.22460635382238E-16));
#62350=VECTOR('',#62340,1.);
#62360=LINE('',#62330,#62350);
#62370=EDGE_CURVE('',#62300,#61800,#62360,.T.);
#62380=ORIENTED_EDGE('',*,*,#62370,.F.);
#62390=ORIENTED_EDGE('',*,*,#61810,.T.);
#62400=CARTESIAN_POINT('',(10.2648900088868,-9.46813679665685,
6.50943076630573));
#62410=DIRECTION('',(3.98155891278318E-48,-1.,-1.22460635382238E-16));
#62420=VECTOR('',#62410,1.);
#62430=LINE('',#62400,#62420);
#62440=EDGE_CURVE('',#62200,#61780,#62430,.T.);
#62450=ORIENTED_EDGE('',*,*,#62440,.T.);
#62460=EDGE_LOOP('',(#62450,#62390,#62380,#62320,#62240));
#62470=FACE_OUTER_BOUND('',#62460,.T.);
#62480=ADVANCED_FACE('',(#62470),#62140,.T.);
#62490=CARTESIAN_POINT('',(10.5059235688595,-5.27582300000001,
6.32063714518959));
#62500=DIRECTION('',(1.49966072182214E-32,-1.,-1.22460635382238E-16));
#62510=DIRECTION('',(-1.,0.,-1.22460635382238E-16));
#62520=AXIS2_PLACEMENT_3D('',#62490,#62500,#62510);
#62530=PLANE('',#62520);
#62540=CARTESIAN_POINT('',(0.,-5.27582300000001,6.13701305915477));
#62550=DIRECTION('',(-1.,0.,-1.22460635382238E-16));
#62560=VECTOR('',#62550,1.);
#62570=LINE('',#62540,#62560);
#62580=CARTESIAN_POINT('',(10.605091,-5.27582300000001,6.13701305915477)
);
#62590=VERTEX_POINT('',#62580);
#62600=CARTESIAN_POINT('',(10.055091,-5.27582300000001,6.13701305915477)
);
#62610=VERTEX_POINT('',#62600);
#62620=EDGE_CURVE('',#62590,#62610,#62570,.T.);
#62630=ORIENTED_EDGE('',*,*,#62620,.T.);
#62640=CARTESIAN_POINT('',(10.605091,-5.275823,0.));
#62650=DIRECTION('',(1.22460635382238E-16,1.22460635382238E-16,-1.));
#62660=VECTOR('',#62650,1.);
#62670=LINE('',#62640,#62660);
#62680=EDGE_CURVE('',#62300,#62590,#62670,.T.);
#62690=ORIENTED_EDGE('',*,*,#62680,.T.);
#62700=ORIENTED_EDGE('',*,*,#62310,.T.);
#62710=CARTESIAN_POINT('',(10.305091,-5.275823,7.08701305915477));
#62720=DIRECTION('',(0.,1.22460635382238E-16,-1.));
#62730=VECTOR('',#62720,1.);
#62740=LINE('',#62710,#62730);
#62750=CARTESIAN_POINT('',(10.305091,-5.27582300000001,6.38701305915477)
);
#62760=VERTEX_POINT('',#62750);
#62770=EDGE_CURVE('',#62220,#62760,#62740,.T.);
#62780=ORIENTED_EDGE('',*,*,#62770,.F.);
#62790=CARTESIAN_POINT('',(3.91807794084522,-5.27582300000001,0.));
#62800=DIRECTION('',(-0.707106781186548,1.11022302462516E-16,
-0.707106781186548));
#62810=VECTOR('',#62800,1.);
#62820=LINE('',#62790,#62810);
#62830=EDGE_CURVE('',#62760,#62610,#62820,.T.);
#62840=ORIENTED_EDGE('',*,*,#62830,.F.);
#62850=EDGE_LOOP('',(#62840,#62780,#62700,#62690,#62630));
#62860=FACE_OUTER_BOUND('',#62850,.T.);
#62870=ADVANCED_FACE('',(#62860),#62530,.F.);
#62880=CARTESIAN_POINT('',(10.305091,-2.07582300000001,6.53701305915477)
);
#62890=DIRECTION('',(1.,0.,1.22460635382238E-16));
#62900=DIRECTION('',(1.22460635382238E-16,1.22460635382238E-16,-1.));
#62910=AXIS2_PLACEMENT_3D('',#62880,#62890,#62900);
#62920=PLANE('',#62910);
#62930=CARTESIAN_POINT('',(10.305091,-2.075823,7.08701305915477));
#62940=DIRECTION('',(0.,1.22460635382238E-16,-1.));
#62950=VECTOR('',#62940,1.);
#62960=LINE('',#62930,#62950);
#62970=CARTESIAN_POINT('',(10.305091,-2.07582300000001,6.49088805915477)
);
#62980=VERTEX_POINT('',#62970);
#62990=CARTESIAN_POINT('',(10.305091,-2.07582300000001,6.38701305915477)
);
#63000=VERTEX_POINT('',#62990);
#63010=EDGE_CURVE('',#62980,#63000,#62960,.T.);
#63020=ORIENTED_EDGE('',*,*,#63010,.F.);
#63030=CARTESIAN_POINT('',(10.305091,-9.46813679665685,6.38701305915477)
);
#63040=DIRECTION('',(1.49966072182214E-32,-1.,-1.22460635382238E-16));
#63050=VECTOR('',#63040,1.);
#63060=LINE('',#63030,#63050);
#63070=EDGE_CURVE('',#63000,#62760,#63060,.T.);
#63080=ORIENTED_EDGE('',*,*,#63070,.F.);
#63090=ORIENTED_EDGE('',*,*,#62770,.T.);
#63100=CARTESIAN_POINT('',(10.305091,-5.275823,7.08701305915477));
#63110=DIRECTION('',(1.22460635382238E-16,1.22460635382238E-16,-1.));
#63120=VECTOR('',#63110,1.);
#63130=LINE('',#63100,#63120);
#63140=CARTESIAN_POINT('',(10.305091,-5.275823,6.53701305915477));
#63150=VERTEX_POINT('',#63140);
#63160=EDGE_CURVE('',#63150,#62220,#63130,.T.);
#63170=ORIENTED_EDGE('',*,*,#63160,.T.);
#63180=CARTESIAN_POINT('',(10.305091,-21.484156,6.53701305915477));
#63190=DIRECTION('',(1.49966072182214E-32,-1.,-1.22460635382238E-16));
#63200=VECTOR('',#63190,1.);
#63210=LINE('',#63180,#63200);
#63220=CARTESIAN_POINT('',(10.305091,-2.07582300000001,6.53701305915477)
);
#63230=VERTEX_POINT('',#63220);
#63240=EDGE_CURVE('',#63230,#63150,#63210,.T.);
#63250=ORIENTED_EDGE('',*,*,#63240,.T.);
#63260=CARTESIAN_POINT('',(10.305091,-2.07582300000001,6.49088805915477)
);
#63270=DIRECTION('',(1.22460635382238E-16,1.22460635382238E-16,-1.));
#63280=VECTOR('',#63270,1.);
#63290=LINE('',#63260,#63280);
#63300=EDGE_CURVE('',#63230,#62980,#63290,.T.);
#63310=ORIENTED_EDGE('',*,*,#63300,.F.);
#63320=EDGE_LOOP('',(#63310,#63250,#63170,#63090,#63080,#63020));
#63330=FACE_OUTER_BOUND('',#63320,.T.);
#63340=ADVANCED_FACE('',(#63330),#62920,.T.);
#63350=CARTESIAN_POINT('',(10.1392373414634,0.774176999999998,
2.03701305915477));
#63360=DIRECTION('',(1.,0.,0.));
#63370=DIRECTION('',(0.,-1.,0.));
#63380=AXIS2_PLACEMENT_3D('',#63350,#63360,#63370);
#63390=TOROIDAL_SURFACE('',#63380,0.4,0.3);
#63400=CARTESIAN_POINT('',(10.1392373414634,0.774176999999998,
1.63701305915477));
#63410=DIRECTION('',(0.,1.,1.22460635382238E-16));
#63420=DIRECTION('',(0.,1.22460635382238E-16,-1.));
#63430=AXIS2_PLACEMENT_3D('',#63400,#63410,#63420);
#63440=CIRCLE('',#63430,0.3);
#63450=CARTESIAN_POINT('',(10.2648900088868,0.774176999999998,
1.36459535200381));
#63460=VERTEX_POINT('',#63450);
#63470=CARTESIAN_POINT('',(10.1392373414634,0.774176999999998,
1.33701305915477));
#63480=VERTEX_POINT('',#63470);
#63490=EDGE_CURVE('',#63460,#63480,#63440,.T.);
#63500=ORIENTED_EDGE('',*,*,#63490,.T.);
#63510=CARTESIAN_POINT('',(10.2648900088868,0.774176999999998,
2.03701305915477));
#63520=DIRECTION('',(1.,0.,0.));
#63530=DIRECTION('',(0.,-1.,-1.22460635382238E-16));
#63540=AXIS2_PLACEMENT_3D('',#63510,#63520,#63530);
#63550=CIRCLE('',#63540,0.672417707150965);
#63560=EDGE_CURVE('',#63460,#60270,#63550,.T.);
#63570=ORIENTED_EDGE('',*,*,#63560,.F.);
#63580=ORIENTED_EDGE('',*,*,#60730,.T.);
#63590=CARTESIAN_POINT('',(10.1392373414634,0.774176999999998,
2.03701305915477));
#63600=DIRECTION('',(1.,0.,0.));
#63610=DIRECTION('',(0.,-1.,-1.22460635382238E-16));
#63620=AXIS2_PLACEMENT_3D('',#63590,#63600,#63610);
#63630=CIRCLE('',#63620,0.700000000000001);
#63640=EDGE_CURVE('',#63480,#60650,#63630,.T.);
#63650=ORIENTED_EDGE('',*,*,#63640,.T.);
#63660=EDGE_LOOP('',(#63650,#63580,#63570,#63500));
#63670=FACE_OUTER_BOUND('',#63660,.T.);
#63680=ADVANCED_FACE('',(#63670),#63390,.T.);
#63690=CARTESIAN_POINT('',(10.605091,0.774176999999998,2.03701305915477)
);
#63700=DIRECTION('',(1.,0.,0.));
#63710=DIRECTION('',(0.,-1.,-1.22460635382238E-16));
#63720=AXIS2_PLACEMENT_3D('',#63690,#63700,#63710);
#63730=CYLINDRICAL_SURFACE('',#63720,0.7);
#63740=CARTESIAN_POINT('',(10.605091,1.474177,2.03701305915477));
#63750=DIRECTION('',(1.,0.,0.));
#63760=VECTOR('',#63750,1.);
#63770=LINE('',#63740,#63760);
#63780=EDGE_CURVE('',#45040,#60650,#63770,.T.);
#63790=ORIENTED_EDGE('',*,*,#63780,.T.);
#63800=ORIENTED_EDGE('',*,*,#45050,.T.);
#63810=CARTESIAN_POINT('',(10.605091,0.774176999999998,1.33701305915477)
);
#63820=DIRECTION('',(-1.,0.,0.));
#63830=VECTOR('',#63820,1.);
#63840=LINE('',#63810,#63830);
#63850=EDGE_CURVE('',#63480,#44950,#63840,.T.);
#63860=ORIENTED_EDGE('',*,*,#63850,.T.);
#63870=ORIENTED_EDGE('',*,*,#63640,.F.);
#63880=EDGE_LOOP('',(#63870,#63860,#63800,#63790));
#63890=FACE_OUTER_BOUND('',#63880,.T.);
#63900=ADVANCED_FACE('',(#63890),#63730,.T.);
#63910=CARTESIAN_POINT('',(10.205091,-10.725823,1.33701305915477));
#63920=DIRECTION('',(-1.22460635382238E-16,1.22460635382238E-16,-1.));
#63930=DIRECTION('',(1.,4.93038065763132E-32,-1.22460635382238E-16));
#63940=AXIS2_PLACEMENT_3D('',#63910,#63920,#63930);
#63950=PLANE('',#63940);
#63960=CARTESIAN_POINT('',(10.605091,-8.125823,1.33701305915477));
#63970=DIRECTION('',(-1.,0.,0.));
#63980=VECTOR('',#63970,1.);
#63990=LINE('',#63960,#63980);
#64000=CARTESIAN_POINT('',(10.1392373414634,-8.125823,1.33701305915477))
;
#64010=VERTEX_POINT('',#64000);
#64020=EDGE_CURVE('',#64010,#44930,#63990,.T.);
#64030=ORIENTED_EDGE('',*,*,#64020,.T.);
#64040=CARTESIAN_POINT('',(10.1392373414634,-9.46813679665685,
1.33701305915477));
#64050=DIRECTION('',(0.,-1.,-1.22460635382238E-16));
#64060=VECTOR('',#64050,1.);
#64070=LINE('',#64040,#64060);
#64080=EDGE_CURVE('',#63480,#64010,#64070,.T.);
#64090=ORIENTED_EDGE('',*,*,#64080,.T.);
#64100=ORIENTED_EDGE('',*,*,#63850,.F.);
#64110=ORIENTED_EDGE('',*,*,#44960,.T.);
#64120=EDGE_LOOP('',(#64110,#64100,#64090,#64030));
#64130=FACE_OUTER_BOUND('',#64120,.T.);
#64140=ADVANCED_FACE('',(#64130),#63950,.T.);
#64150=CARTESIAN_POINT('',(9.86724204804578,1.474177,4.07538366359123));
#64160=DIRECTION('',(0.,1.,1.22460635382238E-16));
#64170=DIRECTION('',(1.,-1.49966072182214E-32,1.22460635382238E-16));
#64180=AXIS2_PLACEMENT_3D('',#64150,#64160,#64170);
#64190=PLANE('',#64180);
#64200=ORIENTED_EDGE('',*,*,#63780,.F.);
#64210=ORIENTED_EDGE('',*,*,#60660,.T.);
#64220=CARTESIAN_POINT('',(10.605091,1.474177,5.83701305915477));
#64230=DIRECTION('',(1.,0.,0.));
#64240=VECTOR('',#64230,1.);
#64250=LINE('',#64220,#64240);
#64260=EDGE_CURVE('',#45120,#60570,#64250,.T.);
#64270=ORIENTED_EDGE('',*,*,#64260,.T.);
#64280=ORIENTED_EDGE('',*,*,#45130,.T.);
#64290=EDGE_LOOP('',(#64280,#64270,#64210,#64200));
#64300=FACE_OUTER_BOUND('',#64290,.T.);
#64310=ADVANCED_FACE('',(#64300),#64190,.T.);
#64320=CARTESIAN_POINT('',(10.605091,0.774176999999998,5.83701305915477)
);
#64330=DIRECTION('',(1.,0.,0.));
#64340=DIRECTION('',(0.,-1.,-1.22460635382238E-16));
#64350=AXIS2_PLACEMENT_3D('',#64320,#64330,#64340);
#64360=CYLINDRICAL_SURFACE('',#64350,0.7);
#64370=CARTESIAN_POINT('',(10.605091,0.774176999999998,6.53701305915477)
);
#64380=DIRECTION('',(-1.,0.,0.));
#64390=VECTOR('',#64380,1.);
#64400=LINE('',#64370,#64390);
#64410=CARTESIAN_POINT('',(10.1392373414634,0.774176999999998,
6.53701305915477));
#64420=VERTEX_POINT('',#64410);
#64430=EDGE_CURVE('',#64420,#45210,#64400,.T.);
#64440=ORIENTED_EDGE('',*,*,#64430,.F.);
#64450=ORIENTED_EDGE('',*,*,#45220,.T.);
#64460=ORIENTED_EDGE('',*,*,#64260,.F.);
#64470=CARTESIAN_POINT('',(10.1392373414634,0.774176999999998,
5.83701305915477));
#64480=DIRECTION('',(1.,0.,0.));
#64490=DIRECTION('',(0.,-1.,-1.22460635382238E-16));
#64500=AXIS2_PLACEMENT_3D('',#64470,#64480,#64490);
#64510=CIRCLE('',#64500,0.700000000000001);
#64520=EDGE_CURVE('',#60570,#64420,#64510,.T.);
#64530=ORIENTED_EDGE('',*,*,#64520,.F.);
#64540=EDGE_LOOP('',(#64530,#64460,#64450,#64440));
#64550=FACE_OUTER_BOUND('',#64540,.T.);
#64560=ADVANCED_FACE('',(#64550),#64360,.T.);
#64570=CARTESIAN_POINT('',(10.1392373414634,0.774176999999998,
5.83701305915477));
#64580=DIRECTION('',(1.,0.,0.));
#64590=DIRECTION('',(0.,-1.,0.));
#64600=AXIS2_PLACEMENT_3D('',#64570,#64580,#64590);
#64610=TOROIDAL_SURFACE('',#64600,0.4,0.3);
#64620=ORIENTED_EDGE('',*,*,#60580,.T.);
#64630=ORIENTED_EDGE('',*,*,#60100,.F.);
#64640=CARTESIAN_POINT('',(10.1392373414634,0.774176999999998,
6.23701305915477));
#64650=DIRECTION('',(3.98155891278318E-48,-1.,-1.22460635382238E-16));
#64660=DIRECTION('',(-1.,-3.98155891278318E-48,-4.8758423427124E-64));
#64670=AXIS2_PLACEMENT_3D('',#64640,#64650,#64660);
#64680=CIRCLE('',#64670,0.3);
#64690=EDGE_CURVE('',#60020,#64420,#64680,.T.);
#64700=ORIENTED_EDGE('',*,*,#64690,.F.);
#64710=ORIENTED_EDGE('',*,*,#64520,.T.);
#64720=EDGE_LOOP('',(#64710,#64700,#64630,#64620));
#64730=FACE_OUTER_BOUND('',#64720,.T.);
#64740=ADVANCED_FACE('',(#64730),#64610,.T.);
#64750=CARTESIAN_POINT('',(10.1392373414634,-9.46813679665685,
6.23701305915477));
#64760=DIRECTION('',(3.98155891278318E-48,-1.,-1.22460635382238E-16));
#64770=DIRECTION('',(-1.,-3.98155891278318E-48,-4.8758423427124E-64));
#64780=AXIS2_PLACEMENT_3D('',#64750,#64760,#64770);
#64790=CYLINDRICAL_SURFACE('',#64780,0.3);
#64800=CARTESIAN_POINT('',(10.1392373414634,-2.07582300000001,
6.23701305915477));
#64810=DIRECTION('',(3.98155891278318E-48,-1.,-1.22460635382238E-16));
#64820=DIRECTION('',(-1.,-3.98155891278318E-48,-4.8758423427124E-64));
#64830=AXIS2_PLACEMENT_3D('',#64800,#64810,#64820);
#64840=CIRCLE('',#64830,0.3);
#64850=CARTESIAN_POINT('',(10.2648900088868,-2.07582300000001,
6.50943076630574));
#64860=VERTEX_POINT('',#64850);
#64870=CARTESIAN_POINT('',(10.1392373414634,-2.07582300000001,
6.53701305915477));
#64880=VERTEX_POINT('',#64870);
#64890=EDGE_CURVE('',#64860,#64880,#64840,.T.);
#64900=ORIENTED_EDGE('',*,*,#64890,.F.);
#64910=CARTESIAN_POINT('',(10.1392373414634,-9.46813679665685,
6.53701305915477));
#64920=DIRECTION('',(3.98155891278318E-48,-1.,-1.22460635382238E-16));
#64930=VECTOR('',#64920,1.);
#64940=LINE('',#64910,#64930);
#64950=EDGE_CURVE('',#64420,#64880,#64940,.T.);
#64960=ORIENTED_EDGE('',*,*,#64950,.T.);
#64970=ORIENTED_EDGE('',*,*,#64690,.T.);
#64980=CARTESIAN_POINT('',(10.2648900088868,-9.46813679665685,
6.50943076630573));
#64990=DIRECTION('',(3.98155891278318E-48,-1.,-1.22460635382238E-16));
#65000=VECTOR('',#64990,1.);
#65010=LINE('',#64980,#65000);
#65020=EDGE_CURVE('',#60020,#64860,#65010,.T.);
#65030=ORIENTED_EDGE('',*,*,#65020,.F.);
#65040=EDGE_LOOP('',(#65030,#64970,#64960,#64900));
#65050=FACE_OUTER_BOUND('',#65040,.T.);
#65060=ADVANCED_FACE('',(#65050),#64790,.T.);
#65070=CARTESIAN_POINT('',(10.5059235688595,-2.07582300000001,
6.32063714518959));
#65080=DIRECTION('',(1.49966072182214E-32,-1.,-1.22460635382238E-16));
#65090=DIRECTION('',(-1.,0.,-1.22460635382238E-16));
#65100=AXIS2_PLACEMENT_3D('',#65070,#65080,#65090);
#65110=PLANE('',#65100);
#65120=CARTESIAN_POINT('',(3.91807794084522,-2.07582300000001,0.));
#65130=DIRECTION('',(-0.707106781186548,1.11022302462516E-16,
-0.707106781186548));
#65140=VECTOR('',#65130,1.);
#65150=LINE('',#65120,#65140);
#65160=CARTESIAN_POINT('',(10.055091,-2.07582300000001,6.13701305915477)
);
#65170=VERTEX_POINT('',#65160);
#65180=EDGE_CURVE('',#63000,#65170,#65150,.T.);
#65190=ORIENTED_EDGE('',*,*,#65180,.T.);
#65200=ORIENTED_EDGE('',*,*,#63010,.T.);
#65210=CARTESIAN_POINT('',(10.605091,-2.07582300000001,6.35251305915477)
);
#65220=DIRECTION('',(0.90805902383655,5.12916849671347E-17,
-0.418842224744608));
#65230=VECTOR('',#65220,1.);
#65240=LINE('',#65210,#65230);
#65250=CARTESIAN_POINT('',(10.605091,-2.07582300000001,6.35251305915477)
);
#65260=VERTEX_POINT('',#65250);
#65270=EDGE_CURVE('',#62980,#65260,#65240,.T.);
#65280=ORIENTED_EDGE('',*,*,#65270,.F.);
#65290=CARTESIAN_POINT('',(10.605091,-2.07582300000001,0.));
#65300=DIRECTION('',(1.22460635382238E-16,1.22460635382238E-16,-1.));
#65310=VECTOR('',#65300,1.);
#65320=LINE('',#65290,#65310);
#65330=CARTESIAN_POINT('',(10.605091,-2.07582300000001,6.13701305915477)
);
#65340=VERTEX_POINT('',#65330);
#65350=EDGE_CURVE('',#65260,#65340,#65320,.T.);
#65360=ORIENTED_EDGE('',*,*,#65350,.F.);
#65370=CARTESIAN_POINT('',(0.,-2.07582300000001,6.13701305915477));
#65380=DIRECTION('',(-1.,0.,-1.22460635382238E-16));
#65390=VECTOR('',#65380,1.);
#65400=LINE('',#65370,#65390);
#65410=EDGE_CURVE('',#65340,#65170,#65400,.T.);
#65420=ORIENTED_EDGE('',*,*,#65410,.F.);
#65430=EDGE_LOOP('',(#65420,#65360,#65280,#65200,#65190));
#65440=FACE_OUTER_BOUND('',#65430,.T.);
#65450=ADVANCED_FACE('',(#65440),#65110,.T.);
#65460=CARTESIAN_POINT('',(-18.644909,-1.650823,3.93701305915477));
#65470=DIRECTION('',(-1.,9.65529606993524E-33,0.));
#65480=DIRECTION('',(0.,-1.22460635382238E-16,1.));
#65490=AXIS2_PLACEMENT_3D('',#65460,#65470,#65480);
#65500=CYLINDRICAL_SURFACE('',#65490,2.2);
#65510=CARTESIAN_POINT('',(-18.644909,-1.650823,6.13701305915477));
#65520=DIRECTION('',(-1.,9.65529606993524E-33,0.));
#65530=VECTOR('',#65520,1.);
#65540=LINE('',#65510,#65530);
#65550=EDGE_CURVE('',#11000,#59230,#65540,.T.);
#65560=ORIENTED_EDGE('',*,*,#65550,.T.);
#65570=ORIENTED_EDGE('',*,*,#11050,.T.);
#65580=CARTESIAN_POINT('',(-18.644909,-1.650823,1.73701305915477));
#65590=DIRECTION('',(-1.,9.65529606993524E-33,0.));
#65600=VECTOR('',#65590,1.);
#65610=LINE('',#65580,#65600);
#65620=EDGE_CURVE('',#11020,#59250,#65610,.T.);
#65630=ORIENTED_EDGE('',*,*,#65620,.F.);
#65640=ORIENTED_EDGE('',*,*,#59280,.F.);
#65650=EDGE_LOOP('',(#65640,#65630,#65570,#65560));
#65660=FACE_OUTER_BOUND('',#65650,.T.);
#65670=ADVANCED_FACE('',(#65660),#65500,.T.);
#65680=CARTESIAN_POINT('',(10.055091,-3.67582300000001,6.13701305915477)
);
#65690=DIRECTION('',(-0.707106781186548,-8.65927457071935E-17,
0.707106781186547));
#65700=DIRECTION('',(0.707106781186547,-8.65927457071935E-17,
0.707106781186548));
#65710=AXIS2_PLACEMENT_3D('',#65680,#65690,#65700);
#65720=PLANE('',#65710);
#65730=ORIENTED_EDGE('',*,*,#62830,.T.);
#65740=ORIENTED_EDGE('',*,*,#63070,.T.);
#65750=ORIENTED_EDGE('',*,*,#65180,.F.);
#65760=CARTESIAN_POINT('',(10.055091,0.,6.13701305915477));
#65770=DIRECTION('',(1.22460635382238E-16,-1.,1.74315279842105E-32));
#65780=VECTOR('',#65770,1.);
#65790=LINE('',#65760,#65780);
#65800=EDGE_CURVE('',#65170,#62610,#65790,.T.);
#65810=ORIENTED_EDGE('',*,*,#65800,.F.);
#65820=EDGE_LOOP('',(#65810,#65750,#65740,#65730));
#65830=FACE_OUTER_BOUND('',#65820,.T.);
#65840=ADVANCED_FACE('',(#65830),#65720,.F.);
#65850=ORIENTED_EDGE('',*,*,#60030,.T.);
#65860=CARTESIAN_POINT('',(10.605091,0.,6.35251305915476));
#65870=DIRECTION('',(1.35739542480412E-32,-1.,-1.22460635382238E-16));
#65880=VECTOR('',#65870,1.);
#65890=LINE('',#65860,#65880);
#65900=EDGE_CURVE('',#59940,#65260,#65890,.T.);
#65910=ORIENTED_EDGE('',*,*,#65900,.F.);
#65920=ORIENTED_EDGE('',*,*,#65270,.T.);
#65930=CARTESIAN_POINT('',(10.605091,-2.07582300000001,6.35251305915477)
);
#65940=DIRECTION('',(0.90805902383655,5.12916849671347E-17,
-0.418842224744608));
#65950=VECTOR('',#65940,1.);
#65960=LINE('',#65930,#65950);
#65970=EDGE_CURVE('',#64860,#62980,#65960,.T.);
#65980=ORIENTED_EDGE('',*,*,#65970,.T.);
#65990=ORIENTED_EDGE('',*,*,#65020,.T.);
#66000=EDGE_LOOP('',(#65990,#65980,#65920,#65910,#65850));
#66010=FACE_OUTER_BOUND('',#66000,.T.);
#66020=ADVANCED_FACE('',(#66010),#62140,.T.);
#66030=CARTESIAN_POINT('',(10.4564511702957,-2.07582300000001,
6.17885399407086));
#66040=DIRECTION('',(1.49966072182214E-32,-1.,-1.22460635382238E-16));
#66050=DIRECTION('',(-1.,0.,-1.22460635382238E-16));
#66060=AXIS2_PLACEMENT_3D('',#66030,#66040,#66050);
#66070=PLANE('',#66060);
#66080=ORIENTED_EDGE('',*,*,#63300,.T.);
#66090=CARTESIAN_POINT('',(10.205091,-2.07582300000001,6.53701305915477)
);
#66100=DIRECTION('',(-1.,0.,-1.22460635382238E-16));
#66110=VECTOR('',#66100,1.);
#66120=LINE('',#66090,#66110);
#66130=EDGE_CURVE('',#63230,#64880,#66120,.T.);
#66140=ORIENTED_EDGE('',*,*,#66130,.F.);
#66150=ORIENTED_EDGE('',*,*,#64890,.T.);
#66160=ORIENTED_EDGE('',*,*,#65970,.F.);
#66170=EDGE_LOOP('',(#66160,#66150,#66140,#66080));
#66180=FACE_OUTER_BOUND('',#66170,.T.);
#66190=ADVANCED_FACE('',(#66180),#66070,.F.);
#66200=CARTESIAN_POINT('',(10.205091,0.774176999999998,2.03701305915477)
);
#66210=DIRECTION('',(-1.,0.,0.));
#66220=DIRECTION('',(0.,1.,1.22460635382238E-16));
#66230=AXIS2_PLACEMENT_3D('',#66200,#66210,#66220);
#66240=CONICAL_SURFACE('',#66230,0.7,0.432169944593574);
#66250=CARTESIAN_POINT('',(10.605091,0.774176999999998,1.52151305915477)
);
#66260=DIRECTION('',(-0.908059023836549,5.12916849671349E-17,
-0.41884222474461));
#66270=VECTOR('',#66260,1.);
#66280=LINE('',#66250,#66270);
#66290=CARTESIAN_POINT('',(10.605091,0.774176999999998,1.52151305915478)
);
#66300=VERTEX_POINT('',#66290);
#66310=EDGE_CURVE('',#66300,#63460,#66280,.T.);
#66320=ORIENTED_EDGE('',*,*,#66310,.T.);
#66330=CARTESIAN_POINT('',(10.605091,0.774176999999998,2.03701305915477)
);
#66340=DIRECTION('',(-1.,0.,0.));
#66350=DIRECTION('',(0.,1.,1.22460635382238E-16));
#66360=AXIS2_PLACEMENT_3D('',#66330,#66340,#66350);
#66370=CIRCLE('',#66360,0.515499999999992);
#66380=EDGE_CURVE('',#60250,#66300,#66370,.T.);
#66390=ORIENTED_EDGE('',*,*,#66380,.T.);
#66400=ORIENTED_EDGE('',*,*,#60280,.F.);
#66410=ORIENTED_EDGE('',*,*,#63560,.T.);
#66420=EDGE_LOOP('',(#66410,#66400,#66390,#66320));
#66430=FACE_OUTER_BOUND('',#66420,.T.);
#66440=ADVANCED_FACE('',(#66430),#66240,.T.);
#66450=CARTESIAN_POINT('',(10.405091,-3.675823,1.42926305915477));
#66460=DIRECTION('',(-0.418842224744608,-1.11201485023598E-16,
0.908059023836549));
#66470=DIRECTION('',(-0.908059023836549,5.12916849671348E-17,
-0.418842224744608));
#66480=AXIS2_PLACEMENT_3D('',#66450,#66460,#66470);
#66490=PLANE('',#66480);
#66500=CARTESIAN_POINT('',(10.605091,-8.125823,1.52151305915477));
#66510=DIRECTION('',(-0.908059023836549,5.12916849671347E-17,
-0.418842224744608));
#66520=VECTOR('',#66510,1.);
#66530=LINE('',#66500,#66520);
#66540=CARTESIAN_POINT('',(10.605091,-8.125823,1.52151305915478));
#66550=VERTEX_POINT('',#66540);
#66560=CARTESIAN_POINT('',(10.2648900088868,-8.125823,1.3645953520038));
#66570=VERTEX_POINT('',#66560);
#66580=EDGE_CURVE('',#66550,#66570,#66530,.T.);
#66590=ORIENTED_EDGE('',*,*,#66580,.T.);
#66600=CARTESIAN_POINT('',(10.605091,0.,1.52151305915478));
#66610=DIRECTION('',(1.35739542480412E-32,-1.,-1.22460635382238E-16));
#66620=VECTOR('',#66610,1.);
#66630=LINE('',#66600,#66620);
#66640=EDGE_CURVE('',#66300,#66550,#66630,.T.);
#66650=ORIENTED_EDGE('',*,*,#66640,.T.);
#66660=ORIENTED_EDGE('',*,*,#66310,.F.);
#66670=CARTESIAN_POINT('',(10.2648900088868,-9.46813679665685,
1.3645953520038));
#66680=DIRECTION('',(0.,-1.,-1.22460635382238E-16));
#66690=VECTOR('',#66680,1.);
#66700=LINE('',#66670,#66690);
#66710=EDGE_CURVE('',#63460,#66570,#66700,.T.);
#66720=ORIENTED_EDGE('',*,*,#66710,.F.);
#66730=EDGE_LOOP('',(#66720,#66660,#66650,#66590));
#66740=FACE_OUTER_BOUND('',#66730,.T.);
#66750=ADVANCED_FACE('',(#66740),#66490,.F.);
#66760=CARTESIAN_POINT('',(10.205091,-8.125823,2.03701305915477));
#66770=DIRECTION('',(-1.,0.,0.));
#66780=DIRECTION('',(0.,1.,1.22460635382238E-16));
#66790=AXIS2_PLACEMENT_3D('',#66760,#66770,#66780);
#66800=CONICAL_SURFACE('',#66790,0.7,0.432169944593573);
#66810=CARTESIAN_POINT('',(10.605091,-8.641323,2.03701305915477));
#66820=DIRECTION('',(-0.908059023836549,-0.418842224744608,
-5.12916849671348E-17));
#66830=VECTOR('',#66820,1.);
#66840=LINE('',#66810,#66830);
#66850=CARTESIAN_POINT('',(10.605091,-8.641323,2.03701305915477));
#66860=VERTEX_POINT('',#66850);
#66870=CARTESIAN_POINT('',(10.2648900088868,-8.79824070715097,
2.03701305915477));
#66880=VERTEX_POINT('',#66870);
#66890=EDGE_CURVE('',#66860,#66880,#66840,.T.);
#66900=ORIENTED_EDGE('',*,*,#66890,.T.);
#66910=CARTESIAN_POINT('',(10.605091,-8.125823,2.03701305915477));
#66920=DIRECTION('',(-1.,0.,0.));
#66930=DIRECTION('',(0.,1.,1.22460635382238E-16));
#66940=AXIS2_PLACEMENT_3D('',#66910,#66920,#66930);
#66950=CIRCLE('',#66940,0.515499999999993);
#66960=EDGE_CURVE('',#66550,#66860,#66950,.T.);
#66970=ORIENTED_EDGE('',*,*,#66960,.T.);
#66980=ORIENTED_EDGE('',*,*,#66580,.F.);
#66990=CARTESIAN_POINT('',(10.2648900088868,-8.125823,2.03701305915477))
;
#67000=DIRECTION('',(1.,0.,0.));
#67010=DIRECTION('',(0.,-1.,-1.22460635382238E-16));
#67020=AXIS2_PLACEMENT_3D('',#66990,#67000,#67010);
#67030=CIRCLE('',#67020,0.672417707150965);
#67040=EDGE_CURVE('',#66880,#66570,#67030,.T.);
#67050=ORIENTED_EDGE('',*,*,#67040,.T.);
#67060=EDGE_LOOP('',(#67050,#66980,#66970,#66900));
#67070=FACE_OUTER_BOUND('',#67060,.T.);
#67080=ADVANCED_FACE('',(#67070),#66800,.T.);
#67090=CARTESIAN_POINT('',(10.405091,-8.733573,2.23701305915477));
#67100=DIRECTION('',(0.418842224744608,-0.908059023836549,
-1.11201485023598E-16));
#67110=DIRECTION('',(-0.908059023836549,-0.418842224744608,
-5.12916849671348E-17));
#67120=AXIS2_PLACEMENT_3D('',#67090,#67100,#67110);
#67130=PLANE('',#67120);
#67140=CARTESIAN_POINT('',(10.605091,-8.641323,0.));
#67150=DIRECTION('',(1.22460635382238E-16,1.78945603452295E-16,-1.));
#67160=VECTOR('',#67150,1.);
#67170=LINE('',#67140,#67160);
#67180=CARTESIAN_POINT('',(10.605091,-8.641323,2.93701305915477));
#67190=VERTEX_POINT('',#67180);
#67200=EDGE_CURVE('',#67190,#66860,#67170,.T.);
#67210=ORIENTED_EDGE('',*,*,#67200,.F.);
#67220=ORIENTED_EDGE('',*,*,#66890,.F.);
#67230=CARTESIAN_POINT('',(10.2648900088868,-8.79824070715097,
0.923560930910086));
#67240=DIRECTION('',(0.,1.22460635382238E-16,-1.));
#67250=VECTOR('',#67240,1.);
#67260=LINE('',#67230,#67250);
#67270=CARTESIAN_POINT('',(10.2648900088868,-8.79824070715097,
2.93701305915477));
#67280=VERTEX_POINT('',#67270);
#67290=EDGE_CURVE('',#67280,#66880,#67260,.T.);
#67300=ORIENTED_EDGE('',*,*,#67290,.T.);
#67310=CARTESIAN_POINT('',(0.,-13.53292122375,2.93701305915477));
#67320=DIRECTION('',(-0.908059023836549,-0.418842224744608,
-1.66533453693773E-16));
#67330=VECTOR('',#67320,1.);
#67340=LINE('',#67310,#67330);
#67350=EDGE_CURVE('',#67190,#67280,#67340,.T.);
#67360=ORIENTED_EDGE('',*,*,#67350,.T.);
#67370=EDGE_LOOP('',(#67360,#67300,#67220,#67210));
#67380=FACE_OUTER_BOUND('',#67370,.T.);
#67390=ADVANCED_FACE('',(#67380),#67130,.T.);
#67400=CARTESIAN_POINT('',(10.605091,-8.125823,2.03701305915477));
#67410=DIRECTION('',(1.,0.,0.));
#67420=DIRECTION('',(0.,-1.,-1.22460635382238E-16));
#67430=AXIS2_PLACEMENT_3D('',#67400,#67410,#67420);
#67440=CYLINDRICAL_SURFACE('',#67430,0.7);
#67450=ORIENTED_EDGE('',*,*,#64020,.F.);
#67460=ORIENTED_EDGE('',*,*,#45860,.T.);
#67470=CARTESIAN_POINT('',(10.605091,-8.825823,2.03701305915477));
#67480=DIRECTION('',(-1.,0.,0.));
#67490=VECTOR('',#67480,1.);
#67500=LINE('',#67470,#67490);
#67510=CARTESIAN_POINT('',(10.1392373414634,-8.825823,2.03701305915477))
;
#67520=VERTEX_POINT('',#67510);
#67530=EDGE_CURVE('',#67520,#45780,#67500,.T.);
#67540=ORIENTED_EDGE('',*,*,#67530,.T.);
#67550=CARTESIAN_POINT('',(10.1392373414634,-8.125823,2.03701305915477))
;
#67560=DIRECTION('',(1.,0.,0.));
#67570=DIRECTION('',(0.,-1.,-1.22460635382238E-16));
#67580=AXIS2_PLACEMENT_3D('',#67550,#67560,#67570);
#67590=CIRCLE('',#67580,0.7);
#67600=EDGE_CURVE('',#67520,#64010,#67590,.T.);
#67610=ORIENTED_EDGE('',*,*,#67600,.F.);
#67620=EDGE_LOOP('',(#67610,#67540,#67460,#67450));
#67630=FACE_OUTER_BOUND('',#67620,.T.);
#67640=ADVANCED_FACE('',(#67630),#67440,.T.);
#67650=CARTESIAN_POINT('',(10.605091,-8.825823,1.33701305915477));
#67660=DIRECTION('',(0.,1.,1.22460635382238E-16));
#67670=DIRECTION('',(0.,1.22460635382238E-16,-1.));
#67680=AXIS2_PLACEMENT_3D('',#67650,#67660,#67670);
#67690=PLANE('',#67680);
#67700=CARTESIAN_POINT('',(10.1392373414634,-8.825823,0.923560930910086)
);
#67710=DIRECTION('',(0.,1.22460635382238E-16,-1.));
#67720=VECTOR('',#67710,1.);
#67730=LINE('',#67700,#67720);
#67740=CARTESIAN_POINT('',(10.1392373414634,-8.825823,2.93584572384776))
;
#67750=VERTEX_POINT('',#67740);
#67760=EDGE_CURVE('',#67750,#67520,#67730,.T.);
#67770=ORIENTED_EDGE('',*,*,#67760,.F.);
#67780=ORIENTED_EDGE('',*,*,#67530,.F.);
#67790=ORIENTED_EDGE('',*,*,#45790,.F.);
#67800=CARTESIAN_POINT('',(10.605091,-8.82582300000001,3.93701305915477)
);
#67810=DIRECTION('',(-1.,-2.81976676914726E-49,-1.22460635382238E-16));
#67820=VECTOR('',#67810,1.);
#67830=LINE('',#67800,#67820);
#67840=CARTESIAN_POINT('',(10.105091,-8.825823,3.93701305915477));
#67850=VERTEX_POINT('',#67840);
#67860=EDGE_CURVE('',#67850,#45700,#67830,.T.);
#67870=ORIENTED_EDGE('',*,*,#67860,.T.);
#67880=CARTESIAN_POINT('',(10.105091,-8.825823,0.));
#67890=DIRECTION('',(-1.14383329197221E-17,-1.22460635382238E-16,1.));
#67900=VECTOR('',#67890,1.);
#67910=LINE('',#67880,#67900);
#67920=CARTESIAN_POINT('',(10.105091,-8.825823,2.93701305915477));
#67930=VERTEX_POINT('',#67920);
#67940=EDGE_CURVE('',#67930,#67850,#67910,.T.);
#67950=ORIENTED_EDGE('',*,*,#67940,.T.);
#67960=CARTESIAN_POINT('',(0.,-8.825823,2.93701305915477));
#67970=DIRECTION('',(-1.,2.46519032881566E-32,-1.22460635382238E-16));
#67980=VECTOR('',#67970,1.);
#67990=LINE('',#67960,#67980);
#68000=EDGE_CURVE('',#67750,#67930,#67990,.T.);
#68010=ORIENTED_EDGE('',*,*,#68000,.T.);
#68020=EDGE_LOOP('',(#68010,#67950,#67870,#67790,#67780,#67770));
#68030=FACE_OUTER_BOUND('',#68020,.T.);
#68040=ADVANCED_FACE('',(#68030),#67690,.F.);
#68050=CARTESIAN_POINT('',(10.1392373414634,-8.125823,2.03701305915477))
;
#68060=DIRECTION('',(1.,0.,0.));
#68070=DIRECTION('',(0.,-1.,0.));
#68080=AXIS2_PLACEMENT_3D('',#68050,#68060,#68070);
#68090=TOROIDAL_SURFACE('',#68080,0.399999999999999,0.3);
#68100=CARTESIAN_POINT('',(10.1392373414634,-8.525823,2.03701305915477))
;
#68110=DIRECTION('',(0.,1.22460635382238E-16,-1.));
#68120=DIRECTION('',(0.,-1.,-1.22460635382238E-16));
#68130=AXIS2_PLACEMENT_3D('',#68100,#68110,#68120);
#68140=CIRCLE('',#68130,0.3);
#68150=EDGE_CURVE('',#66880,#67520,#68140,.T.);
#68160=ORIENTED_EDGE('',*,*,#68150,.T.);
#68170=ORIENTED_EDGE('',*,*,#67040,.F.);
#68180=CARTESIAN_POINT('',(10.1392373414634,-8.125823,1.63701305915477))
;
#68190=DIRECTION('',(0.,1.,1.22460635382238E-16));
#68200=DIRECTION('',(0.,1.22460635382238E-16,-1.));
#68210=AXIS2_PLACEMENT_3D('',#68180,#68190,#68200);
#68220=CIRCLE('',#68210,0.3);
#68230=EDGE_CURVE('',#66570,#64010,#68220,.T.);
#68240=ORIENTED_EDGE('',*,*,#68230,.F.);
#68250=ORIENTED_EDGE('',*,*,#67600,.T.);
#68260=EDGE_LOOP('',(#68250,#68240,#68170,#68160));
#68270=FACE_OUTER_BOUND('',#68260,.T.);
#68280=ADVANCED_FACE('',(#68270),#68090,.T.);
#68290=CARTESIAN_POINT('',(10.1392373414634,-9.46813679665685,
1.63701305915477));
#68300=DIRECTION('',(0.,1.,1.22460635382238E-16));
#68310=DIRECTION('',(0.,1.22460635382238E-16,-1.));
#68320=AXIS2_PLACEMENT_3D('',#68290,#68300,#68310);
#68330=CYLINDRICAL_SURFACE('',#68320,0.3);
#68340=ORIENTED_EDGE('',*,*,#63490,.F.);
#68350=ORIENTED_EDGE('',*,*,#64080,.F.);
#68360=ORIENTED_EDGE('',*,*,#68230,.T.);
#68370=ORIENTED_EDGE('',*,*,#66710,.T.);
#68380=EDGE_LOOP('',(#68370,#68360,#68350,#68340));
#68390=FACE_OUTER_BOUND('',#68380,.T.);
#68400=ADVANCED_FACE('',(#68390),#68330,.T.);
#68410=CARTESIAN_POINT('',(10.1392373414634,-8.525823,0.923560930910086)
);
#68420=DIRECTION('',(0.,-1.22460635382238E-16,1.));
#68430=DIRECTION('',(0.,1.,1.22460635382238E-16));
#68440=AXIS2_PLACEMENT_3D('',#68410,#68420,#68430);
#68450=CYLINDRICAL_SURFACE('',#68440,0.3);
#68460=ORIENTED_EDGE('',*,*,#67290,.F.);
#68470=ORIENTED_EDGE('',*,*,#68150,.F.);
#68480=ORIENTED_EDGE('',*,*,#67760,.T.);
#68490=CARTESIAN_POINT('',(10.1392373414634,-8.525823,2.93701305915477))
;
#68500=DIRECTION('',(0.,1.22460635382238E-16,-1.));
#68510=DIRECTION('',(0.,1.,1.22460635382238E-16));
#68520=AXIS2_PLACEMENT_3D('',#68490,#68500,#68510);
#68530=CIRCLE('',#68520,0.3);
#68540=EDGE_CURVE('',#67280,#67750,#68530,.T.);
#68550=ORIENTED_EDGE('',*,*,#68540,.T.);
#68560=EDGE_LOOP('',(#68550,#68480,#68470,#68460));
#68570=FACE_OUTER_BOUND('',#68560,.T.);
#68580=ADVANCED_FACE('',(#68570),#68450,.T.);
#68590=CARTESIAN_POINT('',(11.305091,-8.82582300000001,2.80701305915477)
);
#68600=DIRECTION('',(0.,1.,0.));
#68610=DIRECTION('',(1.22460635382238E-16,0.,-1.));
#68620=AXIS2_PLACEMENT_3D('',#68590,#68600,#68610);
#68630=PLANE('',#68620);
#68640=CARTESIAN_POINT('',(0.,-8.82582300000001,2.93701305915477));
#68650=DIRECTION('',(-1.,0.,-1.22460635382238E-16));
#68660=VECTOR('',#68650,1.);
#68670=LINE('',#68640,#68660);
#68680=CARTESIAN_POINT('',(11.805091,-8.82582300000001,2.93701305915477)
);
#68690=VERTEX_POINT('',#68680);
#68700=CARTESIAN_POINT('',(10.605091,-8.82582300000001,2.93701305915477)
);
#68710=VERTEX_POINT('',#68700);
#68720=EDGE_CURVE('',#68690,#68710,#68670,.T.);
#68730=ORIENTED_EDGE('',*,*,#68720,.T.);
#68740=CARTESIAN_POINT('',(11.805091,-8.82582300000001,3.93701305915477)
);
#68750=DIRECTION('',(1.22460635382238E-16,0.,-1.));
#68760=VECTOR('',#68750,1.);
#68770=LINE('',#68740,#68760);
#68780=EDGE_CURVE('',#68690,#61550,#68770,.T.);
#68790=ORIENTED_EDGE('',*,*,#68780,.F.);
#68800=ORIENTED_EDGE('',*,*,#61560,.T.);
#68810=CARTESIAN_POINT('',(10.605091,-8.82582300000001,0.));
#68820=DIRECTION('',(-1.22460635382238E-16,0.,1.));
#68830=VECTOR('',#68820,1.);
#68840=LINE('',#68810,#68830);
#68850=EDGE_CURVE('',#61470,#68710,#68840,.T.);
#68860=ORIENTED_EDGE('',*,*,#68850,.F.);
#68870=EDGE_LOOP('',(#68860,#68800,#68790,#68730));
#68880=FACE_OUTER_BOUND('',#68870,.T.);
#68890=ADVANCED_FACE('',(#68880),#68630,.F.);
#68900=CARTESIAN_POINT('',(10.605091,-8.825823,4.93701305915477));
#68910=DIRECTION('',(0.,1.,1.22460635382238E-16));
#68920=DIRECTION('',(0.,1.22460635382238E-16,-1.));
#68930=AXIS2_PLACEMENT_3D('',#68900,#68910,#68920);
#68940=PLANE('',#68930);
#68950=CARTESIAN_POINT('',(0.,-8.825823,4.93701305915477));
#68960=DIRECTION('',(-1.,0.,0.));
#68970=VECTOR('',#68960,1.);
#68980=LINE('',#68950,#68970);
#68990=CARTESIAN_POINT('',(10.1392373414634,-8.825823,4.93701305915477))
;
#69000=VERTEX_POINT('',#68990);
#69010=EDGE_CURVE('',#69000,#45460,#68980,.T.);
#69020=ORIENTED_EDGE('',*,*,#69010,.F.);
#69030=ORIENTED_EDGE('',*,*,#45470,.F.);
#69040=CARTESIAN_POINT('',(10.605091,-8.825823,5.83701305915477));
#69050=DIRECTION('',(-1.,0.,0.));
#69060=VECTOR('',#69050,1.);
#69070=LINE('',#69040,#69060);
#69080=CARTESIAN_POINT('',(10.1392373414634,-8.825823,5.83701305915477))
;
#69090=VERTEX_POINT('',#69080);
#69100=EDGE_CURVE('',#69090,#45380,#69070,.T.);
#69110=ORIENTED_EDGE('',*,*,#69100,.T.);
#69120=CARTESIAN_POINT('',(10.1392373414634,-8.825823,0.923560930910086)
);
#69130=DIRECTION('',(0.,1.22460635382238E-16,-1.));
#69140=VECTOR('',#69130,1.);
#69150=LINE('',#69120,#69140);
#69160=EDGE_CURVE('',#69090,#69000,#69150,.T.);
#69170=ORIENTED_EDGE('',*,*,#69160,.F.);
#69180=EDGE_LOOP('',(#69170,#69110,#69030,#69020));
#69190=FACE_OUTER_BOUND('',#69180,.T.);
#69200=ADVANCED_FACE('',(#69190),#68940,.F.);
#69210=CARTESIAN_POINT('',(10.605091,-8.125823,5.83701305915477));
#69220=DIRECTION('',(1.,0.,0.));
#69230=DIRECTION('',(0.,-1.,-1.22460635382238E-16));
#69240=AXIS2_PLACEMENT_3D('',#69210,#69220,#69230);
#69250=CYLINDRICAL_SURFACE('',#69240,0.7);
#69260=ORIENTED_EDGE('',*,*,#69100,.F.);
#69270=ORIENTED_EDGE('',*,*,#45390,.T.);
#69280=CARTESIAN_POINT('',(10.605091,-8.125823,6.53701305915477));
#69290=DIRECTION('',(-1.,0.,0.));
#69300=VECTOR('',#69290,1.);
#69310=LINE('',#69280,#69300);
#69320=CARTESIAN_POINT('',(10.1392373414634,-8.125823,6.53701305915477))
;
#69330=VERTEX_POINT('',#69320);
#69340=EDGE_CURVE('',#69330,#45290,#69310,.T.);
#69350=ORIENTED_EDGE('',*,*,#69340,.T.);
#69360=CARTESIAN_POINT('',(10.1392373414634,-8.125823,5.83701305915477))
;
#69370=DIRECTION('',(1.,0.,0.));
#69380=DIRECTION('',(0.,-1.,-1.22460635382238E-16));
#69390=AXIS2_PLACEMENT_3D('',#69360,#69370,#69380);
#69400=CIRCLE('',#69390,0.7);
#69410=EDGE_CURVE('',#69330,#69090,#69400,.T.);
#69420=ORIENTED_EDGE('',*,*,#69410,.F.);
#69430=EDGE_LOOP('',(#69420,#69350,#69270,#69260));
#69440=FACE_OUTER_BOUND('',#69430,.T.);
#69450=ADVANCED_FACE('',(#69440),#69250,.T.);
#69460=CARTESIAN_POINT('',(10.205091,-2.07582300000001,6.53701305915477)
);
#69470=DIRECTION('',(-1.22460635382238E-16,-1.22460635382238E-16,1.));
#69480=DIRECTION('',(1.,0.,1.22460635382238E-16));
#69490=AXIS2_PLACEMENT_3D('',#69460,#69470,#69480);
#69500=PLANE('',#69490);
#69510=ORIENTED_EDGE('',*,*,#63240,.F.);
#69520=CARTESIAN_POINT('',(-72.625678,-5.275823,6.53701305915476));
#69530=DIRECTION('',(1.,0.,1.22460635382238E-16));
#69540=VECTOR('',#69530,1.);
#69550=LINE('',#69520,#69540);
#69560=CARTESIAN_POINT('',(10.1392373414634,-5.275823,6.53701305915477))
;
#69570=VERTEX_POINT('',#69560);
#69580=EDGE_CURVE('',#69570,#63150,#69550,.T.);
#69590=ORIENTED_EDGE('',*,*,#69580,.T.);
#69600=CARTESIAN_POINT('',(10.1392373414634,-9.46813679665685,
6.53701305915477));
#69610=DIRECTION('',(3.98155891278318E-48,-1.,-1.22460635382238E-16));
#69620=VECTOR('',#69610,1.);
#69630=LINE('',#69600,#69620);
#69640=EDGE_CURVE('',#69570,#69330,#69630,.T.);
#69650=ORIENTED_EDGE('',*,*,#69640,.F.);
#69660=ORIENTED_EDGE('',*,*,#69340,.F.);
#69670=ORIENTED_EDGE('',*,*,#45300,.T.);
#69680=ORIENTED_EDGE('',*,*,#64430,.T.);
#69690=ORIENTED_EDGE('',*,*,#64950,.F.);
#69700=ORIENTED_EDGE('',*,*,#66130,.T.);
#69710=EDGE_LOOP('',(#69700,#69690,#69680,#69670,#69660,#69650,#69590,
#69510));
#69720=FACE_OUTER_BOUND('',#69710,.T.);
#69730=ADVANCED_FACE('',(#69720),#69500,.T.);
#69740=CARTESIAN_POINT('',(10.5059235688595,-5.275823,6.32063714518959))
;
#69750=DIRECTION('',(1.49966072182214E-32,-1.,-1.22460635382238E-16));
#69760=DIRECTION('',(-1.,0.,-1.22460635382238E-16));
#69770=AXIS2_PLACEMENT_3D('',#69740,#69750,#69760);
#69780=PLANE('',#69770);
#69790=ORIENTED_EDGE('',*,*,#62230,.T.);
#69800=CARTESIAN_POINT('',(10.1392373414634,-5.275823,6.23701305915477))
;
#69810=DIRECTION('',(3.98155891278318E-48,-1.,-1.22460635382238E-16));
#69820=DIRECTION('',(-1.,-3.98155891278318E-48,-4.8758423427124E-64));
#69830=AXIS2_PLACEMENT_3D('',#69800,#69810,#69820);
#69840=CIRCLE('',#69830,0.3);
#69850=EDGE_CURVE('',#62200,#69570,#69840,.T.);
#69860=ORIENTED_EDGE('',*,*,#69850,.F.);
#69870=ORIENTED_EDGE('',*,*,#69580,.F.);
#69880=ORIENTED_EDGE('',*,*,#63160,.F.);
#69890=EDGE_LOOP('',(#69880,#69870,#69860,#69790));
#69900=FACE_OUTER_BOUND('',#69890,.T.);
#69910=ADVANCED_FACE('',(#69900),#69780,.T.);
#69920=CARTESIAN_POINT('',(10.1392373414634,-9.46813679665685,
6.23701305915477));
#69930=DIRECTION('',(3.98155891278318E-48,-1.,-1.22460635382238E-16));
#69940=DIRECTION('',(-1.,-3.98155891278318E-48,-4.8758423427124E-64));
#69950=AXIS2_PLACEMENT_3D('',#69920,#69930,#69940);
#69960=CYLINDRICAL_SURFACE('',#69950,0.3);
#69970=CARTESIAN_POINT('',(10.1392373414634,-8.125823,6.23701305915477))
;
#69980=DIRECTION('',(0.,-1.,2.07757624136588E-16));
#69990=DIRECTION('',(0.,2.07757624136588E-16,1.));
#70000=AXIS2_PLACEMENT_3D('',#69970,#69980,#69990);
#70010=CIRCLE('',#70000,0.3);
#70020=EDGE_CURVE('',#61780,#69330,#70010,.T.);
#70030=ORIENTED_EDGE('',*,*,#70020,.F.);
#70040=ORIENTED_EDGE('',*,*,#69640,.T.);
#70050=ORIENTED_EDGE('',*,*,#69850,.T.);
#70060=ORIENTED_EDGE('',*,*,#62440,.F.);
#70070=EDGE_LOOP('',(#70060,#70050,#70040,#70030));
#70080=FACE_OUTER_BOUND('',#70070,.T.);
#70090=ADVANCED_FACE('',(#70080),#69960,.T.);
#70100=CARTESIAN_POINT('',(10.1392373414634,-8.125823,5.83701305915477))
;
#70110=DIRECTION('',(1.,0.,0.));
#70120=DIRECTION('',(0.,-1.,0.));
#70130=AXIS2_PLACEMENT_3D('',#70100,#70110,#70120);
#70140=TOROIDAL_SURFACE('',#70130,0.4,0.3);
#70150=ORIENTED_EDGE('',*,*,#70020,.T.);
#70160=ORIENTED_EDGE('',*,*,#62050,.F.);
#70170=CARTESIAN_POINT('',(10.1392373414634,-8.525823,5.83701305915477))
;
#70180=DIRECTION('',(0.,-1.22460635382238E-16,1.));
#70190=DIRECTION('',(0.,1.,1.22460635382238E-16));
#70200=AXIS2_PLACEMENT_3D('',#70170,#70180,#70190);
#70210=CIRCLE('',#70200,0.3);
#70220=EDGE_CURVE('',#69090,#61970,#70210,.T.);
#70230=ORIENTED_EDGE('',*,*,#70220,.T.);
#70240=ORIENTED_EDGE('',*,*,#69410,.T.);
#70250=EDGE_LOOP('',(#70240,#70230,#70160,#70150));
#70260=FACE_OUTER_BOUND('',#70250,.T.);
#70270=ADVANCED_FACE('',(#70260),#70140,.T.);
#70280=CARTESIAN_POINT('',(10.1392373414634,-8.525823,0.923560930910086)
);
#70290=DIRECTION('',(0.,-1.22460635382238E-16,1.));
#70300=DIRECTION('',(0.,1.,1.22460635382238E-16));
#70310=AXIS2_PLACEMENT_3D('',#70280,#70290,#70300);
#70320=CYLINDRICAL_SURFACE('',#70310,0.3);
#70330=CARTESIAN_POINT('',(10.1392373414634,-8.525823,4.93701305915477))
;
#70340=DIRECTION('',(0.,-1.22460635382238E-16,1.));
#70350=DIRECTION('',(0.,1.,1.22460635382238E-16));
#70360=AXIS2_PLACEMENT_3D('',#70330,#70340,#70350);
#70370=CIRCLE('',#70360,0.3);
#70380=CARTESIAN_POINT('',(10.2648900088868,-8.79824070715097,
4.93701305915477));
#70390=VERTEX_POINT('',#70380);
#70400=EDGE_CURVE('',#69000,#70390,#70370,.T.);
#70410=ORIENTED_EDGE('',*,*,#70400,.T.);
#70420=ORIENTED_EDGE('',*,*,#69160,.T.);
#70430=ORIENTED_EDGE('',*,*,#70220,.F.);
#70440=CARTESIAN_POINT('',(10.2648900088868,-8.79824070715097,
0.923560930910086));
#70450=DIRECTION('',(0.,1.22460635382238E-16,-1.));
#70460=VECTOR('',#70450,1.);
#70470=LINE('',#70440,#70460);
#70480=EDGE_CURVE('',#61970,#70390,#70470,.T.);
#70490=ORIENTED_EDGE('',*,*,#70480,.F.);
#70500=EDGE_LOOP('',(#70490,#70430,#70420,#70410));
#70510=FACE_OUTER_BOUND('',#70500,.T.);
#70520=ADVANCED_FACE('',(#70510),#70320,.T.);
#70530=CARTESIAN_POINT('',(10.405091,-8.733573,5.63701305915477));
#70540=DIRECTION('',(0.418842224744608,-0.908059023836549,
-1.11201485023598E-16));
#70550=DIRECTION('',(-0.908059023836549,-0.418842224744608,
-5.12916849671348E-17));
#70560=AXIS2_PLACEMENT_3D('',#70530,#70540,#70550);
#70570=PLANE('',#70560);
#70580=CARTESIAN_POINT('',(0.,-13.53292122375,4.93701305915477));
#70590=DIRECTION('',(0.908059023836549,0.418842224744608,
5.55111512312578E-17));
#70600=VECTOR('',#70590,1.);
#70610=LINE('',#70580,#70600);
#70620=CARTESIAN_POINT('',(10.605091,-8.641323,4.93701305915477));
#70630=VERTEX_POINT('',#70620);
#70640=EDGE_CURVE('',#70390,#70630,#70610,.T.);
#70650=ORIENTED_EDGE('',*,*,#70640,.T.);
#70660=ORIENTED_EDGE('',*,*,#70480,.T.);
#70670=ORIENTED_EDGE('',*,*,#61980,.F.);
#70680=CARTESIAN_POINT('',(10.605091,-8.641323,0.));
#70690=DIRECTION('',(1.22460635382238E-16,1.78945603452295E-16,-1.));
#70700=VECTOR('',#70690,1.);
#70710=LINE('',#70680,#70700);
#70720=EDGE_CURVE('',#61890,#70630,#70710,.T.);
#70730=ORIENTED_EDGE('',*,*,#70720,.F.);
#70740=EDGE_LOOP('',(#70730,#70670,#70660,#70650));
#70750=FACE_OUTER_BOUND('',#70740,.T.);
#70760=ADVANCED_FACE('',(#70750),#70570,.T.);
#70770=CARTESIAN_POINT('',(5.73962891183151,4.09251290719594,
1.33701305915477));
#70780=DIRECTION('',(0.409691941221007,0.912223938130634,
1.61882658507271E-16));
#70790=DIRECTION('',(-0.912223938130634,0.409691941221007,
-6.15403876414576E-17));
#70800=AXIS2_PLACEMENT_3D('',#70770,#70780,#70790);
#70810=PLANE('',#70800);
#70820=CARTESIAN_POINT('',(7.005091,3.52417699999999,0.));
#70830=DIRECTION('',(-1.22460635382238E-16,-1.22460635382238E-16,1.));
#70840=VECTOR('',#70830,1.);
#70850=LINE('',#70820,#70840);
#70860=CARTESIAN_POINT('',(7.005091,3.52417699999999,1.33701305915477));
#70870=VERTEX_POINT('',#70860);
#70880=CARTESIAN_POINT('',(7.005091,3.52417699999999,2.43701305915477));
#70890=VERTEX_POINT('',#70880);
#70900=EDGE_CURVE('',#70870,#70890,#70850,.T.);
#70910=ORIENTED_EDGE('',*,*,#70900,.F.);
#70920=CARTESIAN_POINT('',(0.,6.67025682783369,2.43701305915477));
#70930=DIRECTION('',(0.912223938130634,-0.409691941221007,
1.11022302462516E-16));
#70940=VECTOR('',#70930,1.);
#70950=LINE('',#70920,#70940);
#70960=CARTESIAN_POINT('',(5.73962891183151,4.09251290719594,
2.43701305915477));
#70970=VERTEX_POINT('',#70960);
#70980=EDGE_CURVE('',#70970,#70890,#70950,.T.);
#70990=ORIENTED_EDGE('',*,*,#70980,.T.);
#71000=CARTESIAN_POINT('',(5.73962891183151,4.09251290719594,
1.33701305915477));
#71010=DIRECTION('',(-1.22460635382238E-16,-1.22460635382238E-16,1.));
#71020=VECTOR('',#71010,1.);
#71030=LINE('',#71000,#71020);
#71040=CARTESIAN_POINT('',(5.73962891183151,4.09251290719594,
1.33701305915477));
#71050=VERTEX_POINT('',#71040);
#71060=EDGE_CURVE('',#71050,#70970,#71030,.T.);
#71070=ORIENTED_EDGE('',*,*,#71060,.T.);
#71080=CARTESIAN_POINT('',(7.005091,3.52417699999999,1.33701305915477));
#71090=DIRECTION('',(-0.912223938130634,0.409691941221007,
-6.15403876414576E-17));
#71100=VECTOR('',#71090,1.);
#71110=LINE('',#71080,#71100);
#71120=EDGE_CURVE('',#70870,#71050,#71110,.T.);
#71130=ORIENTED_EDGE('',*,*,#71120,.T.);
#71140=EDGE_LOOP('',(#71130,#71070,#70990,#70910));
#71150=FACE_OUTER_BOUND('',#71140,.T.);
#71160=ADVANCED_FACE('',(#71150),#70810,.T.);
#71170=CARTESIAN_POINT('',(5.125091,2.72417699999999,1.33701305915477));
#71180=DIRECTION('',(1.22460635382238E-16,1.22460635382238E-16,-1.));
#71190=DIRECTION('',(-1.49966072182214E-32,1.,1.22460635382238E-16));
#71200=AXIS2_PLACEMENT_3D('',#71170,#71180,#71190);
#71210=CYLINDRICAL_SURFACE('',#71200,1.5);
#71220=ORIENTED_EDGE('',*,*,#71060,.F.);
#71230=CARTESIAN_POINT('',(5.125091,2.72417699999999,2.43701305915477));
#71240=DIRECTION('',(1.22460635382238E-16,1.22460635382238E-16,-1.));
#71250=DIRECTION('',(-1.49966072182214E-32,1.,1.22460635382238E-16));
#71260=AXIS2_PLACEMENT_3D('',#71230,#71240,#71250);
#71270=CIRCLE('',#71260,1.5);
#71280=CARTESIAN_POINT('',(5.125091,4.22417699999999,2.43701305915477));
#71290=VERTEX_POINT('',#71280);
#71300=EDGE_CURVE('',#71290,#70970,#71270,.T.);
#71310=ORIENTED_EDGE('',*,*,#71300,.T.);
#71320=CARTESIAN_POINT('',(5.125091,4.22417699999999,1.33701305915477));
#71330=DIRECTION('',(1.22460635382238E-16,1.22460635382238E-16,-1.));
#71340=VECTOR('',#71330,1.);
#71350=LINE('',#71320,#71340);
#71360=CARTESIAN_POINT('',(5.125091,4.22417699999999,1.33701305915477));
#71370=VERTEX_POINT('',#71360);
#71380=EDGE_CURVE('',#71290,#71370,#71350,.T.);
#71390=ORIENTED_EDGE('',*,*,#71380,.F.);
#71400=CARTESIAN_POINT('',(5.125091,2.72417699999999,1.33701305915477));
#71410=DIRECTION('',(1.22460635382238E-16,1.22460635382238E-16,-1.));
#71420=DIRECTION('',(-1.49966072182214E-32,1.,1.22460635382238E-16));
#71430=AXIS2_PLACEMENT_3D('',#71400,#71410,#71420);
#71440=CIRCLE('',#71430,1.5);
#71450=EDGE_CURVE('',#71370,#71050,#71440,.T.);
#71460=ORIENTED_EDGE('',*,*,#71450,.F.);
#71470=EDGE_LOOP('',(#71460,#71390,#71310,#71220));
#71480=FACE_OUTER_BOUND('',#71470,.T.);
#71490=ADVANCED_FACE('',(#71480),#71210,.T.);
#71500=CARTESIAN_POINT('',(10.605091,-7.92582300000001,3.93701305915477)
);
#71510=DIRECTION('',(-1.22460635382238E-16,4.40728183115358E-17,1.));
#71520=DIRECTION('',(-5.39718533351659E-33,-1.,4.40728183115358E-17));
#71530=AXIS2_PLACEMENT_3D('',#71500,#71510,#71520);
#71540=PLANE('',#71530);
#71550=ORIENTED_EDGE('',*,*,#58690,.T.);
#71560=CARTESIAN_POINT('',(10.105091,0.0249999999999986,3.93701305915477
));
#71570=DIRECTION('',(-1.23259516440783E-32,1.,-4.40728183115358E-17));
#71580=VECTOR('',#71570,1.);
#71590=LINE('',#71560,#71580);
#71600=EDGE_CURVE('',#67850,#58620,#71590,.T.);
#71610=ORIENTED_EDGE('',*,*,#71600,.T.);
#71620=ORIENTED_EDGE('',*,*,#67860,.F.);
#71630=ORIENTED_EDGE('',*,*,#45710,.T.);
#71640=EDGE_LOOP('',(#71630,#71620,#71610,#71550));
#71650=FACE_OUTER_BOUND('',#71640,.T.);
#71660=ADVANCED_FACE('',(#71650),#71540,.T.);
#71670=CARTESIAN_POINT('',(10.105091,-8.82582300000001,2.93701305915477)
);
#71680=DIRECTION('',(1.,1.35958617011586E-32,1.14383329197221E-17));
#71690=DIRECTION('',(1.14383329197221E-17,1.22460635382238E-16,-1.));
#71700=AXIS2_PLACEMENT_3D('',#71670,#71680,#71690);
#71710=PLANE('',#71700);
#71720=ORIENTED_EDGE('',*,*,#67940,.F.);
#71730=ORIENTED_EDGE('',*,*,#71600,.F.);
#71740=ORIENTED_EDGE('',*,*,#58630,.T.);
#71750=CARTESIAN_POINT('',(10.105091,0.,2.93701305915477));
#71760=DIRECTION('',(-2.46519032881566E-32,1.,1.22460635382238E-16));
#71770=VECTOR('',#71760,1.);
#71780=LINE('',#71750,#71770);
#71790=EDGE_CURVE('',#67930,#58540,#71780,.T.);
#71800=ORIENTED_EDGE('',*,*,#71790,.T.);
#71810=EDGE_LOOP('',(#71800,#71740,#71730,#71720));
#71820=FACE_OUTER_BOUND('',#71810,.T.);
#71830=ADVANCED_FACE('',(#71820),#71710,.T.);
#71840=CARTESIAN_POINT('',(10.605091,0.139176999999986,1.73701305915477)
);
#71850=DIRECTION('',(-1.,-9.65529606993524E-33,-1.22460635382238E-16));
#71860=DIRECTION('',(2.46519032881566E-32,-1.,-1.22460635382238E-16));
#71870=AXIS2_PLACEMENT_3D('',#71840,#71850,#71860);
#71880=PLANE('',#71870);
#71890=CARTESIAN_POINT('',(10.605091,0.,2.93701305915477));
#71900=DIRECTION('',(-2.46519032881566E-32,1.,1.22460635382238E-16));
#71910=VECTOR('',#71900,1.);
#71920=LINE('',#71890,#71910);
#71930=EDGE_CURVE('',#68710,#67190,#71920,.T.);
#71940=ORIENTED_EDGE('',*,*,#71930,.T.);
#71950=ORIENTED_EDGE('',*,*,#68850,.T.);
#71960=ORIENTED_EDGE('',*,*,#61480,.F.);
#71970=CARTESIAN_POINT('',(10.605091,0.0249999999999986,1.33701305915477
));
#71980=DIRECTION('',(-2.46519032881566E-32,1.,1.22460635382238E-16));
#71990=VECTOR('',#71980,1.);
#72000=LINE('',#71970,#71990);
#72010=CARTESIAN_POINT('',(10.605091,1.56812606421639,1.33701305915477))
;
#72020=VERTEX_POINT('',#72010);
#72030=EDGE_CURVE('',#61360,#72020,#72000,.T.);
#72040=ORIENTED_EDGE('',*,*,#72030,.F.);
#72050=CARTESIAN_POINT('',(10.605091,1.56812606421639,
9.79685083057918E-17));
#72060=DIRECTION('',(1.22460635382238E-16,1.22460635382238E-16,-1.));
#72070=VECTOR('',#72060,1.);
#72080=LINE('',#72050,#72070);
#72090=CARTESIAN_POINT('',(10.605091,1.56812606421639,6.53701305915477))
;
#72100=VERTEX_POINT('',#72090);
#72110=EDGE_CURVE('',#72100,#72020,#72080,.T.);
#72120=ORIENTED_EDGE('',*,*,#72110,.T.);
#72130=CARTESIAN_POINT('',(10.605091,0.0249999999999986,6.53701305915477
));
#72140=DIRECTION('',(-2.46519032881566E-32,1.,1.22460635382238E-16));
#72150=VECTOR('',#72140,1.);
#72160=LINE('',#72130,#72150);
#72170=CARTESIAN_POINT('',(10.605091,-2.17582300000001,6.53701305915477)
);
#72180=VERTEX_POINT('',#72170);
#72190=EDGE_CURVE('',#72180,#72100,#72160,.T.);
#72200=ORIENTED_EDGE('',*,*,#72190,.T.);
#72210=CARTESIAN_POINT('',(10.605091,-2.17582300000001,0.));
#72220=DIRECTION('',(1.22460635382238E-16,0.,-1.));
#72230=VECTOR('',#72220,1.);
#72240=LINE('',#72210,#72230);
#72250=CARTESIAN_POINT('',(10.605091,-2.17582300000001,6.13701305915477)
);
#72260=VERTEX_POINT('',#72250);
#72270=EDGE_CURVE('',#72180,#72260,#72240,.T.);
#72280=ORIENTED_EDGE('',*,*,#72270,.F.);
#72290=CARTESIAN_POINT('',(10.605091,0.,6.13701305915477));
#72300=DIRECTION('',(2.46519032881566E-32,-1.,-1.22460635382238E-16));
#72310=VECTOR('',#72300,1.);
#72320=LINE('',#72290,#72310);
#72330=EDGE_CURVE('',#65340,#72260,#72320,.T.);
#72340=ORIENTED_EDGE('',*,*,#72330,.T.);
#72350=ORIENTED_EDGE('',*,*,#65350,.T.);
#72360=ORIENTED_EDGE('',*,*,#65900,.T.);
#72370=ORIENTED_EDGE('',*,*,#59950,.F.);
#72380=ORIENTED_EDGE('',*,*,#60340,.F.);
#72390=ORIENTED_EDGE('',*,*,#66380,.F.);
#72400=ORIENTED_EDGE('',*,*,#66640,.F.);
#72410=ORIENTED_EDGE('',*,*,#66960,.F.);
#72420=ORIENTED_EDGE('',*,*,#67200,.T.);
#72430=EDGE_LOOP('',(#72420,#72410,#72400,#72390,#72380,#72370,#72360,
#72350,#72340,#72280,#72200,#72120,#72040,#71960,#71950,#71940));
#72440=FACE_OUTER_BOUND('',#72430,.T.);
#72450=ADVANCED_FACE('',(#72440),#71880,.T.);
#72460=CARTESIAN_POINT('',(4.605091,3.52417699999999,6.53701305915477));
#72470=DIRECTION('',(0.,-1.,-0.));
#72480=DIRECTION('',(-1.,0.,-1.22460635382238E-16));
#72490=AXIS2_PLACEMENT_3D('',#72460,#72470,#72480);
#72500=PLANE('',#72490);
#72510=CARTESIAN_POINT('',(10.605091,3.52417699999999,8.68701305915477))
;
#72520=DIRECTION('',(-1.22460635382238E-16,0.,1.));
#72530=VECTOR('',#72520,1.);
#72540=LINE('',#72510,#72530);
#72550=CARTESIAN_POINT('',(10.605091,3.52417699999999,6.23701305915477))
;
#72560=VERTEX_POINT('',#72550);
#72570=EDGE_CURVE('',#59450,#72560,#72540,.T.);
#72580=ORIENTED_EDGE('',*,*,#72570,.F.);
#72590=CARTESIAN_POINT('',(10.1808269312881,3.52417699999999,
6.23701305915477));
#72600=DIRECTION('',(0.,-1.,0.));
#72610=DIRECTION('',(-1.,0.,0.));
#72620=AXIS2_PLACEMENT_3D('',#72590,#72600,#72610);
#72630=ELLIPSE('',#72620,0.424264068711928,0.3);
#72640=CARTESIAN_POINT('',(10.1808269312881,3.52417699999999,
6.53701305915477));
#72650=VERTEX_POINT('',#72640);
#72660=EDGE_CURVE('',#72560,#72650,#72630,.T.);
#72670=ORIENTED_EDGE('',*,*,#72660,.F.);
#72680=CARTESIAN_POINT('',(0.,3.52417699999999,6.53701305915477));
#72690=DIRECTION('',(1.,0.,1.22460635382238E-16));
#72700=VECTOR('',#72690,1.);
#72710=LINE('',#72680,#72700);
#72720=CARTESIAN_POINT('',(7.005091,3.52417699999999,6.53701305915477));
#72730=VERTEX_POINT('',#72720);
#72740=EDGE_CURVE('',#72730,#72650,#72710,.T.);
#72750=ORIENTED_EDGE('',*,*,#72740,.T.);
#72760=CARTESIAN_POINT('',(7.005091,3.52417699999999,0.));
#72770=DIRECTION('',(-3.95132640453731E-16,0.,1.));
#72780=VECTOR('',#72770,1.);
#72790=LINE('',#72760,#72780);
#72800=EDGE_CURVE('',#59430,#72730,#72790,.T.);
#72810=ORIENTED_EDGE('',*,*,#72800,.T.);
#72820=ORIENTED_EDGE('',*,*,#59460,.F.);
#72830=EDGE_LOOP('',(#72820,#72810,#72750,#72670,#72580));
#72840=FACE_OUTER_BOUND('',#72830,.T.);
#72850=ADVANCED_FACE('',(#72840),#72500,.F.);
#72860=CARTESIAN_POINT('',(11.1050909999999,3.02417700000004,
3.93701305915477));
#72870=DIRECTION('',(0.707106781186548,0.707106781186547,
8.65927457071937E-17));
#72880=DIRECTION('',(-0.707106781186547,0.707106781186548,
-8.65927457071935E-17));
#72890=AXIS2_PLACEMENT_3D('',#72860,#72870,#72880);
#72900=PLANE('',#72890);
#72910=CARTESIAN_POINT('',(13.892135965644,0.237132034355963,
6.23701305915477));
#72920=DIRECTION('',(0.707106781186547,-0.707106781186548,0.));
#72930=VECTOR('',#72920,1.);
#72940=LINE('',#72910,#72930);
#72950=CARTESIAN_POINT('',(11.8707764249492,2.25849157505076,
6.23701305915477));
#72960=VERTEX_POINT('',#72950);
#72970=EDGE_CURVE('',#72560,#72960,#72940,.T.);
#72980=ORIENTED_EDGE('',*,*,#72970,.T.);
#72990=ORIENTED_EDGE('',*,*,#72570,.T.);
#73000=CARTESIAN_POINT('',(10.605091,3.52417699999999,0.));
#73010=DIRECTION('',(1.22460635382238E-16,-2.61472919763158E-32,-1.));
#73020=VECTOR('',#73010,1.);
#73030=LINE('',#73000,#73020);
#73040=CARTESIAN_POINT('',(10.605091,3.52417699999999,3.43701305915477))
;
#73050=VERTEX_POINT('',#73040);
#73060=EDGE_CURVE('',#59450,#73050,#73030,.T.);
#73070=ORIENTED_EDGE('',*,*,#73060,.F.);
#73080=CARTESIAN_POINT('',(10.605091,3.52417699999999,0.));
#73090=DIRECTION('',(1.22460635382238E-16,0.,-1.));
#73100=VECTOR('',#73090,1.);
#73110=LINE('',#73080,#73100);
#73120=CARTESIAN_POINT('',(10.605091,3.52417699999999,1.63701305915477))
;
#73130=VERTEX_POINT('',#73120);
#73140=EDGE_CURVE('',#73050,#73130,#73110,.T.);
#73150=ORIENTED_EDGE('',*,*,#73140,.F.);
#73160=CARTESIAN_POINT('',(13.892135965644,0.237132034355963,
1.63701305915477));
#73170=DIRECTION('',(0.707106781186547,-0.707106781186548,0.));
#73180=VECTOR('',#73170,1.);
#73190=LINE('',#73160,#73180);
#73200=CARTESIAN_POINT('',(11.8707764249492,2.25849157505076,
1.63701305915477));
#73210=VERTEX_POINT('',#73200);
#73220=EDGE_CURVE('',#73130,#73210,#73190,.T.);
#73230=ORIENTED_EDGE('',*,*,#73220,.F.);
#73240=CARTESIAN_POINT('',(11.8707764249492,2.25849157505076,
6.92741965657549E-17));
#73250=DIRECTION('',(1.22460635382238E-16,0.,-1.));
#73260=VECTOR('',#73250,1.);
#73270=LINE('',#73240,#73260);
#73280=EDGE_CURVE('',#72960,#73210,#73270,.T.);
#73290=ORIENTED_EDGE('',*,*,#73280,.T.);
#73300=EDGE_LOOP('',(#73290,#73230,#73150,#73070,#72990,#72980));
#73310=FACE_OUTER_BOUND('',#73300,.T.);
#73320=ADVANCED_FACE('',(#73310),#72900,.T.);
#73330=CARTESIAN_POINT('',(10.605091,4.02417699999996,3.43701305915477))
;
#73340=DIRECTION('',(1.,0.,1.22460635382238E-16));
#73350=DIRECTION('',(-1.49966072182214E-32,1.,1.22460635382238E-16));
#73360=AXIS2_PLACEMENT_3D('',#73330,#73340,#73350);
#73370=PLANE('',#73360);
#73380=ORIENTED_EDGE('',*,*,#73060,.T.);
#73390=ORIENTED_EDGE('',*,*,#59680,.F.);
#73400=ORIENTED_EDGE('',*,*,#61140,.T.);
#73410=CARTESIAN_POINT('',(10.605091,3.52417699999999,3.43701305915477))
;
#73420=DIRECTION('',(-1.49966072182214E-32,1.,1.22460635382238E-16));
#73430=VECTOR('',#73420,1.);
#73440=LINE('',#73410,#73430);
#73450=EDGE_CURVE('',#73050,#61070,#73440,.T.);
#73460=ORIENTED_EDGE('',*,*,#73450,.T.);
#73470=EDGE_LOOP('',(#73460,#73400,#73390,#73380));
#73480=FACE_OUTER_BOUND('',#73470,.T.);
#73490=ADVANCED_FACE('',(#73480),#73370,.T.);
#73500=CARTESIAN_POINT('',(7.67281270948477,3.63190510402395,
3.43701305915477));
#73510=DIRECTION('',(1.22460635382238E-16,0.,-1.));
#73520=DIRECTION('',(-1.,0.,-1.22460635382238E-16));
#73530=AXIS2_PLACEMENT_3D('',#73500,#73510,#73520);
#73540=PLANE('',#73530);
#73550=CARTESIAN_POINT('',(1.62620617715137,0.0249999999999986,
3.43701305915477));
#73560=DIRECTION('',(0.,1.,0.));
#73570=VECTOR('',#73560,1.);
#73580=LINE('',#73550,#73570);
#73590=CARTESIAN_POINT('',(1.62620617715137,4.02417699999999,
3.43701305915477));
#73600=VERTEX_POINT('',#73590);
#73610=CARTESIAN_POINT('',(1.62620617715138,5.026055896593,
3.43701305915477));
#73620=VERTEX_POINT('',#73610);
#73630=EDGE_CURVE('',#73600,#73620,#73580,.T.);
#73640=ORIENTED_EDGE('',*,*,#73630,.T.);
#73650=CARTESIAN_POINT('',(2.12620617715138,4.02417699999999,
3.43701305915477));
#73660=DIRECTION('',(-1.22460635382238E-16,-1.22460635382238E-16,1.));
#73670=DIRECTION('',(1.,0.,1.22460635382238E-16));
#73680=AXIS2_PLACEMENT_3D('',#73650,#73660,#73670);
#73690=CIRCLE('',#73680,0.5);
#73700=CARTESIAN_POINT('',(2.12620617715138,3.52417699999999,
3.43701305915477));
#73710=VERTEX_POINT('',#73700);
#73720=EDGE_CURVE('',#73600,#73710,#73690,.T.);
#73730=ORIENTED_EDGE('',*,*,#73720,.F.);
#73740=CARTESIAN_POINT('',(0.,3.52417699999999,3.43701305915477));
#73750=DIRECTION('',(-1.,0.,-1.22460635382238E-16));
#73760=VECTOR('',#73750,1.);
#73770=LINE('',#73740,#73760);
#73780=EDGE_CURVE('',#73050,#73710,#73770,.T.);
#73790=ORIENTED_EDGE('',*,*,#73780,.T.);
#73800=ORIENTED_EDGE('',*,*,#73450,.F.);
#73810=ORIENTED_EDGE('',*,*,#61080,.F.);
#73820=CARTESIAN_POINT('',(2.56460382949845,4.32417699999999,
3.43701305915477));
#73830=DIRECTION('',(-2.05061376925492E-16,0.,1.));
#73840=DIRECTION('',(1.,0.,2.05061376925492E-16));
#73850=AXIS2_PLACEMENT_3D('',#73820,#73830,#73840);
#73860=CIRCLE('',#73850,0.3);
#73870=CARTESIAN_POINT('',(2.31589255773194,4.15641912895876,
3.43701305915477));
#73880=VERTEX_POINT('',#73870);
#73890=EDGE_CURVE('',#73880,#60990,#73860,.T.);
#73900=ORIENTED_EDGE('',*,*,#73890,.T.);
#73910=CARTESIAN_POINT('',(5.10256994686035,0.0249999999999986,
3.43701305915477));
#73920=DIRECTION('',(-0.559192903470747,0.829037572555042,
-8.32667268468867E-17));
#73930=VECTOR('',#73920,1.);
#73940=LINE('',#73910,#73930);
#73950=CARTESIAN_POINT('',(1.5407249634289,5.30565234832837,
3.43701305915477));
#73960=VERTEX_POINT('',#73950);
#73970=EDGE_CURVE('',#73880,#73960,#73940,.T.);
#73980=ORIENTED_EDGE('',*,*,#73970,.F.);
#73990=CARTESIAN_POINT('',(1.12620617715138,5.026055896593,
3.43701305915477));
#74000=DIRECTION('',(1.22460635382238E-16,1.22460635382238E-16,-1.));
#74010=DIRECTION('',(-1.49966072182214E-32,1.,1.22460635382238E-16));
#74020=AXIS2_PLACEMENT_3D('',#73990,#74000,#74010);
#74030=CIRCLE('',#74020,0.499999999999999);
#74040=EDGE_CURVE('',#73960,#73620,#74030,.T.);
#74050=ORIENTED_EDGE('',*,*,#74040,.F.);
#74060=EDGE_LOOP('',(#74050,#73980,#73900,#73810,#73800,#73790,#73730,
#73640));
#74070=FACE_OUTER_BOUND('',#74060,.T.);
#74080=ADVANCED_FACE('',(#74070),#73540,.T.);
#74090=CARTESIAN_POINT('',(1.62620617715138,5.17892123732234,
2.43701305915477));
#74100=DIRECTION('',(-0.829037572555042,-0.559192903470746,
-1.70003586151104E-16));
#74110=DIRECTION('',(0.559192903470746,-0.829037572555042,
-3.30453496305725E-17));
#74120=AXIS2_PLACEMENT_3D('',#74090,#74100,#74110);
#74130=PLANE('',#74120);
#74140=ORIENTED_EDGE('',*,*,#73970,.T.);
#74150=CARTESIAN_POINT('',(2.31589255773194,4.15641912895876,
-5.10010758453313E-17));
#74160=DIRECTION('',(2.05061376925492E-16,0.,-1.));
#74170=VECTOR('',#74160,1.);
#74180=LINE('',#74150,#74170);
#74190=CARTESIAN_POINT('',(2.31589255773194,4.15641912895876,
5.43701305915477));
#74200=VERTEX_POINT('',#74190);
#74210=EDGE_CURVE('',#74200,#73880,#74180,.T.);
#74220=ORIENTED_EDGE('',*,*,#74210,.T.);
#74230=CARTESIAN_POINT('',(5.10256994686035,0.0249999999999986,
5.43701305915477));
#74240=DIRECTION('',(-0.559192903470747,0.829037572555042,
-5.55111512312578E-17));
#74250=VECTOR('',#74240,1.);
#74260=LINE('',#74230,#74250);
#74270=CARTESIAN_POINT('',(1.5407249634289,5.30565234832837,
5.43701305915477));
#74280=VERTEX_POINT('',#74270);
#74290=EDGE_CURVE('',#74200,#74280,#74260,.T.);
#74300=ORIENTED_EDGE('',*,*,#74290,.F.);
#74310=CARTESIAN_POINT('',(1.5407249634289,5.30565234832837,
2.43701305915477));
#74320=DIRECTION('',(-1.22460635382238E-16,-1.22460635382238E-16,1.));
#74330=VECTOR('',#74320,1.);
#74340=LINE('',#74310,#74330);
#74350=EDGE_CURVE('',#73960,#74280,#74340,.T.);
#74360=ORIENTED_EDGE('',*,*,#74350,.T.);
#74370=EDGE_LOOP('',(#74360,#74300,#74220,#74140));
#74380=FACE_OUTER_BOUND('',#74370,.T.);
#74390=ADVANCED_FACE('',(#74380),#74130,.F.);
#74400=CARTESIAN_POINT('',(2.56460382949845,4.32417699999999,0.));
#74410=DIRECTION('',(-2.05061376925492E-16,0.,1.));
#74420=DIRECTION('',(1.,0.,2.05061376925492E-16));
#74430=AXIS2_PLACEMENT_3D('',#74400,#74410,#74420);
#74440=CYLINDRICAL_SURFACE('',#74430,0.3);
#74450=CARTESIAN_POINT('',(2.56460382949845,4.32417699999999,
5.43701305915477));
#74460=DIRECTION('',(-2.05061376925492E-16,0.,1.));
#74470=DIRECTION('',(1.,0.,2.05061376925492E-16));
#74480=AXIS2_PLACEMENT_3D('',#74450,#74460,#74470);
#74490=CIRCLE('',#74480,0.3);
#74500=EDGE_CURVE('',#74200,#60910,#74490,.T.);
#74510=ORIENTED_EDGE('',*,*,#74500,.T.);
#74520=ORIENTED_EDGE('',*,*,#74210,.F.);
#74530=ORIENTED_EDGE('',*,*,#73890,.F.);
#74540=ORIENTED_EDGE('',*,*,#61000,.T.);
#74550=EDGE_LOOP('',(#74540,#74530,#74520,#74510));
#74560=FACE_OUTER_BOUND('',#74550,.T.);
#74570=ADVANCED_FACE('',(#74560),#74440,.F.);
#74580=CARTESIAN_POINT('',(4.605091,0.0249999999999986,5.43701305915477)
);
#74590=DIRECTION('',(0.,1.,0.));
#74600=VECTOR('',#74590,1.);
#74610=LINE('',#74580,#74600);
#74620=CARTESIAN_POINT('',(4.605091,2.3681260642164,5.43701305915477));
#74630=VERTEX_POINT('',#74620);
#74640=EDGE_CURVE('',#74630,#60890,#74610,.T.);
#74650=ORIENTED_EDGE('',*,*,#74640,.T.);
#74660=CARTESIAN_POINT('',(-72.625678,2.3681260642164,5.43701305915476))
;
#74670=DIRECTION('',(-1.,0.,-1.22460635382238E-16));
#74680=VECTOR('',#74670,1.);
#74690=LINE('',#74660,#74680);
#74700=CARTESIAN_POINT('',(-4.894909,2.3681260642164,5.43701305915477));
#74710=VERTEX_POINT('',#74700);
#74720=EDGE_CURVE('',#74630,#74710,#74690,.T.);
#74730=ORIENTED_EDGE('',*,*,#74720,.F.);
#74740=CARTESIAN_POINT('',(-4.894909,-21.484156,5.43701305915477));
#74750=DIRECTION('',(-1.49966072182214E-32,1.,1.22460635382238E-16));
#74760=VECTOR('',#74750,1.);
#74770=LINE('',#74740,#74760);
#74780=CARTESIAN_POINT('',(-4.894909,4.57417699999997,5.43701305915477))
;
#74790=VERTEX_POINT('',#74780);
#74800=EDGE_CURVE('',#74710,#74790,#74770,.T.);
#74810=ORIENTED_EDGE('',*,*,#74800,.F.);
#74820=CARTESIAN_POINT('',(0.,3.59519519999997,5.43701305915477));
#74830=DIRECTION('',(0.98058067569092,-0.196116135138185,
8.32667268468867E-17));
#74840=VECTOR('',#74830,1.);
#74850=LINE('',#74820,#74840);
#74860=CARTESIAN_POINT('',(-3.89490900000053,4.37417700000008,
5.43701305915477));
#74870=VERTEX_POINT('',#74860);
#74880=EDGE_CURVE('',#74790,#74870,#74850,.T.);
#74890=ORIENTED_EDGE('',*,*,#74880,.F.);
#74900=CARTESIAN_POINT('',(0.,4.37417700000008,5.43701305915477));
#74910=DIRECTION('',(1.,0.,1.22460635382238E-16));
#74920=VECTOR('',#74910,1.);
#74930=LINE('',#74900,#74920);
#74940=CARTESIAN_POINT('',(-0.894908999999998,4.37417700000008,
5.43701305915477));
#74950=VERTEX_POINT('',#74940);
#74960=EDGE_CURVE('',#74870,#74950,#74930,.T.);
#74970=ORIENTED_EDGE('',*,*,#74960,.F.);
#74980=CARTESIAN_POINT('',(-0.894908999999998,0.0249999999999986,
5.43701305915477));
#74990=DIRECTION('',(0.,1.,0.));
#75000=VECTOR('',#74990,1.);
#75010=LINE('',#74980,#75000);
#75020=CARTESIAN_POINT('',(-0.894908999999998,5.67739031334144,
5.43701305915477));
#75030=VERTEX_POINT('',#75020);
#75040=EDGE_CURVE('',#74950,#75030,#75010,.T.);
#75050=ORIENTED_EDGE('',*,*,#75040,.F.);
#75060=CARTESIAN_POINT('',(1.405091,5.50673796851274,5.43701305915477));
#75070=DIRECTION('',(-0.997258740056128,0.0739932793006544,
-1.22124938947763E-16));
#75080=VECTOR('',#75070,1.);
#75090=LINE('',#75060,#75080);
#75100=CARTESIAN_POINT('',(1.1632028168017,5.52468526662106,
5.43701305915477));
#75110=VERTEX_POINT('',#75100);
#75120=EDGE_CURVE('',#75110,#75030,#75090,.T.);
#75130=ORIENTED_EDGE('',*,*,#75120,.T.);
#75140=CARTESIAN_POINT('',(1.12620617715138,5.026055896593,
5.43701305915477));
#75150=DIRECTION('',(1.22460635382238E-16,1.22460635382238E-16,-1.));
#75160=DIRECTION('',(-1.49966072182214E-32,1.,1.22460635382238E-16));
#75170=AXIS2_PLACEMENT_3D('',#75140,#75150,#75160);
#75180=CIRCLE('',#75170,0.499999999999999);
#75190=EDGE_CURVE('',#75110,#74280,#75180,.T.);
#75200=ORIENTED_EDGE('',*,*,#75190,.F.);
#75210=ORIENTED_EDGE('',*,*,#74290,.T.);
#75220=ORIENTED_EDGE('',*,*,#74500,.F.);
#75230=ORIENTED_EDGE('',*,*,#60920,.T.);
#75240=EDGE_LOOP('',(#75230,#75220,#75210,#75200,#75130,#75050,#74970,
#74890,#74810,#74730,#74650));
#75250=FACE_OUTER_BOUND('',#75240,.T.);
#75260=ADVANCED_FACE('',(#75250),#59370,.F.);
#75270=CARTESIAN_POINT('',(-2.01752489662616,5.76068467642894,
3.07901406140861));
#75280=DIRECTION('',(0.0739932793006523,0.997258740056128,
9.29068742695276E-18));
#75290=DIRECTION('',(0.997258740056128,-0.0739932793006523,
1.1306367495059E-16));
#75300=AXIS2_PLACEMENT_3D('',#75270,#75280,#75290);
#75310=PLANE('',#75300);
#75320=ORIENTED_EDGE('',*,*,#75120,.F.);
#75330=CARTESIAN_POINT('',(-0.894908999999996,5.67739031334145,0.));
#75340=DIRECTION('',(-1.22460635382238E-16,0.,1.));
#75350=VECTOR('',#75340,1.);
#75360=LINE('',#75330,#75350);
#75370=CARTESIAN_POINT('',(-0.894908999999996,5.67739031334145,
5.53701305915477));
#75380=VERTEX_POINT('',#75370);
#75390=EDGE_CURVE('',#75030,#75380,#75360,.T.);
#75400=ORIENTED_EDGE('',*,*,#75390,.F.);
#75410=CARTESIAN_POINT('',(0.0739932793006544,5.60550098904904,
5.53701305915477));
#75420=DIRECTION('',(0.997258740056128,-0.0739932793006544,
1.2490009027033E-16));
#75430=VECTOR('',#75420,1.);
#75440=LINE('',#75410,#75430);
#75450=CARTESIAN_POINT('',(-3.82091572069934,5.89449027328576,
5.53701305915477));
#75460=VERTEX_POINT('',#75450);
#75470=EDGE_CURVE('',#75460,#75380,#75440,.T.);
#75480=ORIENTED_EDGE('',*,*,#75470,.T.);
#75490=CARTESIAN_POINT('',(-3.82091572069934,5.89449027328576,
9.06126399717352E-18));
#75500=DIRECTION('',(-1.22460635382238E-16,0.,1.));
#75510=VECTOR('',#75500,1.);
#75520=LINE('',#75490,#75510);
#75530=CARTESIAN_POINT('',(-3.82091572069934,5.89449027328576,
2.33701305915477));
#75540=VERTEX_POINT('',#75530);
#75550=EDGE_CURVE('',#75540,#75460,#75520,.T.);
#75560=ORIENTED_EDGE('',*,*,#75550,.T.);
#75570=CARTESIAN_POINT('',(0.0739932793006544,5.60550098904904,
2.33701305915477));
#75580=DIRECTION('',(0.997258740056128,-0.0739932793006544,
1.2490009027033E-16));
#75590=VECTOR('',#75580,1.);
#75600=LINE('',#75570,#75590);
#75610=CARTESIAN_POINT('',(-0.894908999999998,5.67739031334144,
2.33701305915477));
#75620=VERTEX_POINT('',#75610);
#75630=EDGE_CURVE('',#75540,#75620,#75600,.T.);
#75640=ORIENTED_EDGE('',*,*,#75630,.F.);
#75650=CARTESIAN_POINT('',(-0.894908999999996,5.67739031334145,0.));
#75660=DIRECTION('',(1.22460635382238E-16,0.,-1.));
#75670=VECTOR('',#75660,1.);
#75680=LINE('',#75650,#75670);
#75690=CARTESIAN_POINT('',(-0.894908999999998,5.67739031334144,
2.43701305915477));
#75700=VERTEX_POINT('',#75690);
#75710=EDGE_CURVE('',#75700,#75620,#75680,.T.);
#75720=ORIENTED_EDGE('',*,*,#75710,.T.);
#75730=CARTESIAN_POINT('',(0.,5.6109910440987,2.43701305915477));
#75740=DIRECTION('',(0.997258740056128,-0.0739932793006544,
1.2490009027033E-16));
#75750=VECTOR('',#75740,1.);
#75760=LINE('',#75730,#75750);
#75770=CARTESIAN_POINT('',(1.1632028168017,5.52468526662106,
2.43701305915477));
#75780=VERTEX_POINT('',#75770);
#75790=EDGE_CURVE('',#75700,#75780,#75760,.T.);
#75800=ORIENTED_EDGE('',*,*,#75790,.F.);
#75810=CARTESIAN_POINT('',(1.1632028168017,5.52468526662106,
2.43701305915477));
#75820=DIRECTION('',(1.17942423023669E-16,6.15655540099988E-17,-1.));
#75830=VECTOR('',#75820,1.);
#75840=LINE('',#75810,#75830);
#75850=EDGE_CURVE('',#75110,#75780,#75840,.T.);
#75860=ORIENTED_EDGE('',*,*,#75850,.T.);
#75870=EDGE_LOOP('',(#75860,#75800,#75720,#75640,#75560,#75480,#75400,
#75320));
#75880=FACE_OUTER_BOUND('',#75870,.T.);
#75890=ADVANCED_FACE('',(#75880),#75310,.T.);
#75900=CARTESIAN_POINT('',(1.12620617715138,5.026055896593,
2.43701305915477));
#75910=DIRECTION('',(1.22460635382238E-16,1.22460635382238E-16,-1.));
#75920=DIRECTION('',(-1.49966072182214E-32,1.,1.22460635382238E-16));
#75930=AXIS2_PLACEMENT_3D('',#75900,#75910,#75920);
#75940=CYLINDRICAL_SURFACE('',#75930,0.499999999999999);
#75950=CARTESIAN_POINT('',(1.62620617715138,5.026055896593,
2.43701305915477));
#75960=DIRECTION('',(1.22460635382238E-16,1.22460635382238E-16,-1.));
#75970=VECTOR('',#75960,1.);
#75980=LINE('',#75950,#75970);
#75990=CARTESIAN_POINT('',(1.62620617715138,5.026055896593,
2.43701305915477));
#76000=VERTEX_POINT('',#75990);
#76010=EDGE_CURVE('',#73620,#76000,#75980,.T.);
#76020=ORIENTED_EDGE('',*,*,#76010,.T.);
#76030=ORIENTED_EDGE('',*,*,#74040,.T.);
#76040=ORIENTED_EDGE('',*,*,#74350,.F.);
#76050=ORIENTED_EDGE('',*,*,#75190,.T.);
#76060=ORIENTED_EDGE('',*,*,#75850,.F.);
#76070=CARTESIAN_POINT('',(1.12620617715138,5.026055896593,
2.43701305915477));
#76080=DIRECTION('',(1.22460635382238E-16,1.22460635382238E-16,-1.));
#76090=DIRECTION('',(-1.49966072182214E-32,1.,1.22460635382238E-16));
#76100=AXIS2_PLACEMENT_3D('',#76070,#76080,#76090);
#76110=CIRCLE('',#76100,0.499999999999999);
#76120=EDGE_CURVE('',#75780,#76000,#76110,.T.);
#76130=ORIENTED_EDGE('',*,*,#76120,.F.);
#76140=EDGE_LOOP('',(#76130,#76060,#76050,#76040,#76030,#76020));
#76150=FACE_OUTER_BOUND('',#76140,.T.);
#76160=ADVANCED_FACE('',(#76150),#75940,.T.);
#76170=CARTESIAN_POINT('',(1.62620617715138,3.52417699999999,
2.43701305915477));
#76180=DIRECTION('',(-1.,0.,-1.22460635382238E-16));
#76190=DIRECTION('',(1.49966072182214E-32,-1.,-1.22460635382238E-16));
#76200=AXIS2_PLACEMENT_3D('',#76170,#76180,#76190);
#76210=PLANE('',#76200);
#76220=ORIENTED_EDGE('',*,*,#73630,.F.);
#76230=ORIENTED_EDGE('',*,*,#76010,.F.);
#76240=CARTESIAN_POINT('',(1.62620617715138,5.026055896593,
2.43701305915477));
#76250=DIRECTION('',(-1.49966072182214E-32,1.,1.22460635382238E-16));
#76260=VECTOR('',#76250,1.);
#76270=LINE('',#76240,#76260);
#76280=CARTESIAN_POINT('',(1.62620617715138,4.02417699999999,
2.43701305915477));
#76290=VERTEX_POINT('',#76280);
#76300=EDGE_CURVE('',#76290,#76000,#76270,.T.);
#76310=ORIENTED_EDGE('',*,*,#76300,.T.);
#76320=CARTESIAN_POINT('',(1.62620617715138,4.02417699999999,
-6.12303176911189E-17));
#76330=DIRECTION('',(1.22460635382238E-16,1.22460635382238E-16,-1.));
#76340=VECTOR('',#76330,1.);
#76350=LINE('',#76320,#76340);
#76360=EDGE_CURVE('',#73600,#76290,#76350,.T.);
#76370=ORIENTED_EDGE('',*,*,#76360,.T.);
#76380=EDGE_LOOP('',(#76370,#76310,#76230,#76220));
#76390=FACE_OUTER_BOUND('',#76380,.T.);
#76400=ADVANCED_FACE('',(#76390),#76210,.F.);
#76410=CARTESIAN_POINT('',(4.505091,4.22417699999999,1.33701305915477));
#76420=DIRECTION('',(-1.49966072182214E-32,1.,1.22460635382238E-16));
#76430=DIRECTION('',(-1.,0.,-1.22460635382238E-16));
#76440=AXIS2_PLACEMENT_3D('',#76410,#76420,#76430);
#76450=PLANE('',#76440);
#76460=ORIENTED_EDGE('',*,*,#71380,.T.);
#76470=CARTESIAN_POINT('',(0.,4.22417699999999,2.43701305915477));
#76480=DIRECTION('',(1.,0.,1.22460635382238E-16));
#76490=VECTOR('',#76480,1.);
#76500=LINE('',#76470,#76490);
#76510=CARTESIAN_POINT('',(4.6050909999999,4.22417699999999,
2.43701305915477));
#76520=VERTEX_POINT('',#76510);
#76530=EDGE_CURVE('',#76520,#71290,#76500,.T.);
#76540=ORIENTED_EDGE('',*,*,#76530,.T.);
#76550=CARTESIAN_POINT('',(4.6050909999999,4.22417699999999,0.));
#76560=DIRECTION('',(-1.22460635382238E-16,-1.22460635382238E-16,1.));
#76570=VECTOR('',#76560,1.);
#76580=LINE('',#76550,#76570);
#76590=CARTESIAN_POINT('',(4.6050909999999,4.22417699999999,
1.33701305915477));
#76600=VERTEX_POINT('',#76590);
#76610=EDGE_CURVE('',#76600,#76520,#76580,.T.);
#76620=ORIENTED_EDGE('',*,*,#76610,.T.);
#76630=CARTESIAN_POINT('',(0.,4.22417699999999,1.33701305915477));
#76640=DIRECTION('',(-1.,0.,-1.22460635382238E-16));
#76650=VECTOR('',#76640,1.);
#76660=LINE('',#76630,#76650);
#76670=EDGE_CURVE('',#71370,#76600,#76660,.T.);
#76680=ORIENTED_EDGE('',*,*,#76670,.T.);
#76690=EDGE_LOOP('',(#76680,#76620,#76540,#76460));
#76700=FACE_OUTER_BOUND('',#76690,.T.);
#76710=ADVANCED_FACE('',(#76700),#76450,.T.);
#76720=CARTESIAN_POINT('',(4.6050909999999,3.09917699999999,
1.88701305915477));
#76730=DIRECTION('',(-1.,-0.,-1.22460635382238E-16));
#76740=DIRECTION('',(0.,-1.,0.));
#76750=AXIS2_PLACEMENT_3D('',#76720,#76730,#76740);
#76760=PLANE('',#76750);
#76770=ORIENTED_EDGE('',*,*,#76610,.F.);
#76780=CARTESIAN_POINT('',(4.6050909999999,0.0249999999999986,
2.43701305915477));
#76790=DIRECTION('',(0.,-1.,0.));
#76800=VECTOR('',#76790,1.);
#76810=LINE('',#76780,#76800);
#76820=CARTESIAN_POINT('',(4.6050909999999,3.52417699999999,
2.43701305915477));
#76830=VERTEX_POINT('',#76820);
#76840=EDGE_CURVE('',#76520,#76830,#76810,.T.);
#76850=ORIENTED_EDGE('',*,*,#76840,.F.);
#76860=CARTESIAN_POINT('',(4.6050909999999,0.0249999999999986,
2.43701305915477));
#76870=DIRECTION('',(2.46519032881566E-32,-1.,-1.22460635382238E-16));
#76880=VECTOR('',#76870,1.);
#76890=LINE('',#76860,#76880);
#76900=CARTESIAN_POINT('',(4.6050909999999,2.3681260642164,
2.43701305915477));
#76910=VERTEX_POINT('',#76900);
#76920=EDGE_CURVE('',#76830,#76910,#76890,.T.);
#76930=ORIENTED_EDGE('',*,*,#76920,.F.);
#76940=CARTESIAN_POINT('',(4.6050909999999,2.36812606421641,0.));
#76950=DIRECTION('',(1.22460635382238E-16,1.22460635382238E-16,-1.));
#76960=VECTOR('',#76950,1.);
#76970=LINE('',#76940,#76960);
#76980=CARTESIAN_POINT('',(4.6050909999999,2.36812606421641,
1.33701305915477));
#76990=VERTEX_POINT('',#76980);
#77000=EDGE_CURVE('',#76910,#76990,#76970,.T.);
#77010=ORIENTED_EDGE('',*,*,#77000,.F.);
#77020=CARTESIAN_POINT('',(4.6050909999999,0.0249999999999986,
1.33701305915477));
#77030=DIRECTION('',(2.46519032881566E-32,-1.,-1.22460635382238E-16));
#77040=VECTOR('',#77030,1.);
#77050=LINE('',#77020,#77040);
#77060=EDGE_CURVE('',#76600,#76990,#77050,.T.);
#77070=ORIENTED_EDGE('',*,*,#77060,.T.);
#77080=EDGE_LOOP('',(#77070,#77010,#76930,#76850,#76770));
#77090=FACE_OUTER_BOUND('',#77080,.T.);
#77100=ADVANCED_FACE('',(#77090),#76760,.T.);
#77110=CARTESIAN_POINT('',(1.50311905230106,4.22545481625918,
2.43701305915477));
#77120=DIRECTION('',(1.22460635382238E-16,1.22460635382238E-16,-1.));
#77130=DIRECTION('',(-1.49966072182214E-32,1.,1.22460635382238E-16));
#77140=AXIS2_PLACEMENT_3D('',#77110,#77120,#77130);
#77150=PLANE('',#77140);
#77160=ORIENTED_EDGE('',*,*,#75790,.T.);
#77170=CARTESIAN_POINT('',(-0.894908999999998,0.0249999999999986,
2.43701305915477));
#77180=DIRECTION('',(0.,1.,0.));
#77190=VECTOR('',#77180,1.);
#77200=LINE('',#77170,#77190);
#77210=CARTESIAN_POINT('',(-0.894908999999998,4.37417700000008,
2.43701305915477));
#77220=VERTEX_POINT('',#77210);
#77230=EDGE_CURVE('',#77220,#75700,#77200,.T.);
#77240=ORIENTED_EDGE('',*,*,#77230,.T.);
#77250=CARTESIAN_POINT('',(0.,4.37417700000008,2.43701305915477));
#77260=DIRECTION('',(1.,0.,1.22460635382238E-16));
#77270=VECTOR('',#77260,1.);
#77280=LINE('',#77250,#77270);
#77290=CARTESIAN_POINT('',(-3.89490900000053,4.37417700000008,
2.43701305915477));
#77300=VERTEX_POINT('',#77290);
#77310=EDGE_CURVE('',#77300,#77220,#77280,.T.);
#77320=ORIENTED_EDGE('',*,*,#77310,.T.);
#77330=CARTESIAN_POINT('',(0.,3.59519519999997,2.43701305915477));
#77340=DIRECTION('',(0.98058067569092,-0.196116135138185,
8.32667268468867E-17));
#77350=VECTOR('',#77340,1.);
#77360=LINE('',#77330,#77350);
#77370=CARTESIAN_POINT('',(-4.894909,4.57417699999997,2.43701305915477))
;
#77380=VERTEX_POINT('',#77370);
#77390=EDGE_CURVE('',#77380,#77300,#77360,.T.);
#77400=ORIENTED_EDGE('',*,*,#77390,.T.);
#77410=CARTESIAN_POINT('',(-4.894909,0.0249999999999986,2.43701305915477
));
#77420=DIRECTION('',(-1.49966072182214E-32,1.,1.22460635382238E-16));
#77430=VECTOR('',#77420,1.);
#77440=LINE('',#77410,#77430);
#77450=CARTESIAN_POINT('',(-4.894909,2.3681260642164,2.43701305915477));
#77460=VERTEX_POINT('',#77450);
#77470=EDGE_CURVE('',#77460,#77380,#77440,.T.);
#77480=ORIENTED_EDGE('',*,*,#77470,.T.);
#77490=CARTESIAN_POINT('',(9.8516784705763,2.3681260642164,
2.43701305915477));
#77500=DIRECTION('',(-1.,0.,-1.22460635382238E-16));
#77510=VECTOR('',#77500,1.);
#77520=LINE('',#77490,#77510);
#77530=EDGE_CURVE('',#76910,#77460,#77520,.T.);
#77540=ORIENTED_EDGE('',*,*,#77530,.T.);
#77550=ORIENTED_EDGE('',*,*,#76920,.T.);
#77560=CARTESIAN_POINT('',(0.,3.52417699999999,2.43701305915477));
#77570=DIRECTION('',(1.,0.,1.22460635382238E-16));
#77580=VECTOR('',#77570,1.);
#77590=LINE('',#77560,#77580);
#77600=CARTESIAN_POINT('',(2.12620617715138,3.52417699999999,
2.43701305915477));
#77610=VERTEX_POINT('',#77600);
#77620=EDGE_CURVE('',#77610,#76830,#77590,.T.);
#77630=ORIENTED_EDGE('',*,*,#77620,.T.);
#77640=CARTESIAN_POINT('',(2.12620617715138,4.02417699999999,
2.43701305915477));
#77650=DIRECTION('',(-1.22460635382238E-16,-1.22460635382238E-16,1.));
#77660=DIRECTION('',(1.,0.,1.22460635382238E-16));
#77670=AXIS2_PLACEMENT_3D('',#77640,#77650,#77660);
#77680=CIRCLE('',#77670,0.5);
#77690=EDGE_CURVE('',#76290,#77610,#77680,.T.);
#77700=ORIENTED_EDGE('',*,*,#77690,.T.);
#77710=ORIENTED_EDGE('',*,*,#76300,.F.);
#77720=ORIENTED_EDGE('',*,*,#76120,.T.);
#77730=EDGE_LOOP('',(#77720,#77710,#77700,#77630,#77550,#77540,#77480,
#77400,#77320,#77240,#77160));
#77740=FACE_OUTER_BOUND('',#77730,.T.);
#77750=ADVANCED_FACE('',(#77740),#77150,.T.);
#77760=CARTESIAN_POINT('',(2.12620617715138,4.02417699999999,0.));
#77770=DIRECTION('',(-1.22460635382238E-16,-1.22460635382238E-16,1.));
#77780=DIRECTION('',(1.,0.,1.22460635382238E-16));
#77790=AXIS2_PLACEMENT_3D('',#77760,#77770,#77780);
#77800=CYLINDRICAL_SURFACE('',#77790,0.5);
#77810=ORIENTED_EDGE('',*,*,#77690,.F.);
#77820=CARTESIAN_POINT('',(2.12620617715138,3.52417699999999,
-6.12303176911189E-17));
#77830=DIRECTION('',(1.22460635382238E-16,1.22460635382238E-16,-1.));
#77840=VECTOR('',#77830,1.);
#77850=LINE('',#77820,#77840);
#77860=EDGE_CURVE('',#73710,#77610,#77850,.T.);
#77870=ORIENTED_EDGE('',*,*,#77860,.T.);
#77880=ORIENTED_EDGE('',*,*,#73720,.T.);
#77890=ORIENTED_EDGE('',*,*,#76360,.F.);
#77900=EDGE_LOOP('',(#77890,#77880,#77870,#77810));
#77910=FACE_OUTER_BOUND('',#77900,.T.);
#77920=ADVANCED_FACE('',(#77910),#77800,.F.);
#77930=CARTESIAN_POINT('',(-0.894908999999998,4.47312299999999,
6.53701305915477));
#77940=DIRECTION('',(-1.,0.,-1.22460635382238E-16));
#77950=DIRECTION('',(0.,1.,0.));
#77960=AXIS2_PLACEMENT_3D('',#77930,#77940,#77950);
#77970=PLANE('',#77960);
#77980=ORIENTED_EDGE('',*,*,#77230,.F.);
#77990=ORIENTED_EDGE('',*,*,#75710,.F.);
#78000=CARTESIAN_POINT('',(-0.894908999999998,4.67464151823566,
2.33701305915477));
#78010=DIRECTION('',(-1.,0.,-1.22460635382238E-16));
#78020=DIRECTION('',(4.59294137866913E-33,1.,-3.75054511544312E-17));
#78030=AXIS2_PLACEMENT_3D('',#78000,#78010,#78020);
#78040=ELLIPSE('',#78030,1.00274879510579,1.);
#78050=CARTESIAN_POINT('',(-0.894908999999998,5.54304744841151,
1.83701305915477));
#78060=VERTEX_POINT('',#78050);
#78070=EDGE_CURVE('',#75620,#78060,#78040,.T.);
#78080=ORIENTED_EDGE('',*,*,#78070,.F.);
#78090=CARTESIAN_POINT('',(-0.894908999999998,0.0249999999999986,
1.83701305915477));
#78100=DIRECTION('',(0.,-1.,0.));
#78110=VECTOR('',#78100,1.);
#78120=LINE('',#78090,#78110);
#78130=CARTESIAN_POINT('',(-0.894908999999998,4.37417700000008,
1.83701305915477));
#78140=VERTEX_POINT('',#78130);
#78150=EDGE_CURVE('',#78060,#78140,#78120,.T.);
#78160=ORIENTED_EDGE('',*,*,#78150,.F.);
#78170=CARTESIAN_POINT('',(-0.894908999999998,4.37417700000008,0.));
#78180=DIRECTION('',(1.22460635382238E-16,0.,-1.));
#78190=VECTOR('',#78180,1.);
#78200=LINE('',#78170,#78190);
#78210=EDGE_CURVE('',#77220,#78140,#78200,.T.);
#78220=ORIENTED_EDGE('',*,*,#78210,.T.);
#78230=EDGE_LOOP('',(#78220,#78160,#78080,#77990,#77980));
#78240=FACE_OUTER_BOUND('',#78230,.T.);
#78250=ADVANCED_FACE('',(#78240),#77970,.F.);
#78260=CARTESIAN_POINT('',(-0.894908999999997,4.37417700000008,
6.53701305915477));
#78270=DIRECTION('',(-0.,1.,0.));
#78280=DIRECTION('',(1.,0.,1.22460635382238E-16));
#78290=AXIS2_PLACEMENT_3D('',#78260,#78270,#78280);
#78300=PLANE('',#78290);
#78310=ORIENTED_EDGE('',*,*,#77310,.F.);
#78320=ORIENTED_EDGE('',*,*,#78210,.F.);
#78330=CARTESIAN_POINT('',(-1.394909,4.37417700000008,1.83701305915477))
;
#78340=DIRECTION('',(0.,1.,0.));
#78350=DIRECTION('',(1.,0.,0.));
#78360=AXIS2_PLACEMENT_3D('',#78330,#78340,#78350);
#78370=CIRCLE('',#78360,0.5);
#78380=CARTESIAN_POINT('',(-1.394909,4.37417700000008,1.33701305915477))
;
#78390=VERTEX_POINT('',#78380);
#78400=EDGE_CURVE('',#78140,#78390,#78370,.T.);
#78410=ORIENTED_EDGE('',*,*,#78400,.F.);
#78420=CARTESIAN_POINT('',(0.,4.37417700000008,1.33701305915477));
#78430=DIRECTION('',(-1.,0.,-1.22460635382238E-16));
#78440=VECTOR('',#78430,1.);
#78450=LINE('',#78420,#78440);
#78460=CARTESIAN_POINT('',(-3.89490900000053,4.37417700000008,
1.33701305915477));
#78470=VERTEX_POINT('',#78460);
#78480=EDGE_CURVE('',#78390,#78470,#78450,.T.);
#78490=ORIENTED_EDGE('',*,*,#78480,.F.);
#78500=CARTESIAN_POINT('',(-3.89490900000053,4.37417700000008,0.));
#78510=DIRECTION('',(1.22460635382238E-16,0.,-1.));
#78520=VECTOR('',#78510,1.);
#78530=LINE('',#78500,#78520);
#78540=EDGE_CURVE('',#77300,#78470,#78530,.T.);
#78550=ORIENTED_EDGE('',*,*,#78540,.T.);
#78560=EDGE_LOOP('',(#78550,#78490,#78410,#78320,#78310));
#78570=FACE_OUTER_BOUND('',#78560,.T.);
#78580=ADVANCED_FACE('',(#78570),#78300,.F.);
#78590=CARTESIAN_POINT('',(-2.89490900000001,4.89839002248622,
1.33701305915477));
#78600=DIRECTION('',(1.22460635382238E-16,0.,-1.));
#78610=DIRECTION('',(-1.,0.,-1.22460635382238E-16));
#78620=AXIS2_PLACEMENT_3D('',#78590,#78600,#78610);
#78630=PLANE('',#78620);
#78640=CARTESIAN_POINT('',(0.,3.59519519999997,1.33701305915477));
#78650=DIRECTION('',(-0.98058067569092,0.196116135138185,
-1.11022302462516E-16));
#78660=VECTOR('',#78650,1.);
#78670=LINE('',#78640,#78660);
#78680=CARTESIAN_POINT('',(-4.394909,4.47417699999997,1.33701305915477))
;
#78690=VERTEX_POINT('',#78680);
#78700=EDGE_CURVE('',#78470,#78690,#78670,.T.);
#78710=ORIENTED_EDGE('',*,*,#78700,.T.);
#78720=ORIENTED_EDGE('',*,*,#78480,.T.);
#78730=CARTESIAN_POINT('',(-1.394909,0.0249999999999986,1.33701305915477
));
#78740=DIRECTION('',(0.,-1.,0.));
#78750=VECTOR('',#78740,1.);
#78760=LINE('',#78730,#78750);
#78770=CARTESIAN_POINT('',(-1.394909,4.71173985406799,1.33701305915477))
;
#78780=VERTEX_POINT('',#78770);
#78790=EDGE_CURVE('',#78780,#78390,#78760,.T.);
#78800=ORIENTED_EDGE('',*,*,#78790,.T.);
#78810=CARTESIAN_POINT('',(1.22460635382238E-16,4.60824224899291,
1.33701305915477));
#78820=DIRECTION('',(0.997258740056128,-0.0739932793006544,
1.2490009027033E-16));
#78830=VECTOR('',#78820,1.);
#78840=LINE('',#78810,#78830);
#78850=CARTESIAN_POINT('',(-4.394909,4.93432986906196,1.33701305915477))
;
#78860=VERTEX_POINT('',#78850);
#78870=EDGE_CURVE('',#78860,#78780,#78840,.T.);
#78880=ORIENTED_EDGE('',*,*,#78870,.T.);
#78890=CARTESIAN_POINT('',(-4.394909,0.0249999999999986,1.33701305915477
));
#78900=DIRECTION('',(0.,1.,0.));
#78910=VECTOR('',#78900,1.);
#78920=LINE('',#78890,#78910);
#78930=EDGE_CURVE('',#78690,#78860,#78920,.T.);
#78940=ORIENTED_EDGE('',*,*,#78930,.T.);
#78950=EDGE_LOOP('',(#78940,#78880,#78800,#78720,#78710));
#78960=FACE_OUTER_BOUND('',#78950,.T.);
#78970=ADVANCED_FACE('',(#78960),#78630,.T.);
#78980=CARTESIAN_POINT('',(-1.394909,0.0249999999999986,1.83701305915477
));
#78990=DIRECTION('',(0.,1.,0.));
#79000=DIRECTION('',(1.,0.,0.));
#79010=AXIS2_PLACEMENT_3D('',#78980,#78990,#79000);
#79020=CYLINDRICAL_SURFACE('',#79010,0.5);
#79030=ORIENTED_EDGE('',*,*,#78400,.T.);
#79040=ORIENTED_EDGE('',*,*,#78150,.T.);
#79050=CARTESIAN_POINT('',(0.,4.60824224899291,2.33701305915477));
#79060=DIRECTION('',(-0.997258740056128,0.0739932793006544,
-1.2490009027033E-16));
#79070=DIRECTION('',(0.0739932793006544,0.997258740056128,0.));
#79080=AXIS2_PLACEMENT_3D('',#79050,#79060,#79070);
#79090=CYLINDRICAL_SURFACE('',#79080,1.);
#79100=CARTESIAN_POINT('',(-0.894908999999998,5.54304744841151,
1.83701305915477));
#79110=CARTESIAN_POINT('',(-0.894908999999998,5.49466888837245,
1.75344863664571));
#79120=CARTESIAN_POINT('',(-0.915648026004958,5.43582713775351,
1.67781053974342));
#79130=CARTESIAN_POINT('',(-0.947263060619508,5.37154577751379,
1.61427304713061));
#79140=CARTESIAN_POINT('',(-0.979092064522708,5.30682936360131,
1.55030553531134));
#79150=CARTESIAN_POINT('',(-1.02184023362512,5.23680854639041,
1.49826442946105));
#79160=CARTESIAN_POINT('',(-1.06943508490055,5.1646843131826,
1.45745182484567));
#79170=CARTESIAN_POINT('',(-1.1172498941531,5.09222676029812,
1.41645060617411));
#79180=CARTESIAN_POINT('',(-1.17052371484047,5.01696936763671,
1.38639994601756));
#79190=CARTESIAN_POINT('',(-1.22537043868008,4.94140857347697,
1.36663456062891));
#79200=CARTESIAN_POINT('',(-1.2803913658923,4.86560778421345,
1.34680639670848));
#79210=CARTESIAN_POINT('',(-1.33785437337132,4.78841581064729,
1.33701305915477));
#79220=CARTESIAN_POINT('',(-1.394909,4.71173985406799,1.33701305915477))
;
#79230=B_SPLINE_CURVE_WITH_KNOTS('',3,(#79100,#79110,#79120,#79130,
#79140,#79150,#79160,#79170,#79180,#79190,#79200,#79210,#79220),
.UNSPECIFIED.,.F.,.F.,(4,3,3,3,4),(0.,0.288123040608402,
0.576121045650342,0.863871953550614,1.15139378104883),.UNSPECIFIED.);
#79240=SURFACE_CURVE('',#79230,(#79090,#79020),.CURVE_3D.);
#79250=EDGE_CURVE('',#78060,#78780,#79240,.T.);
#79260=ORIENTED_EDGE('',*,*,#79250,.F.);
#79270=ORIENTED_EDGE('',*,*,#78790,.F.);
#79280=EDGE_LOOP('',(#79270,#79260,#79040,#79030));
#79290=FACE_OUTER_BOUND('',#79280,.T.);
#79300=ADVANCED_FACE('',(#79290),#79020,.T.);
#79310=CARTESIAN_POINT('',(0.355090999999888,3.52417699999999,
5.43701305915477));
#79320=DIRECTION('',(-0.196116135138185,-0.98058067569092,-0.));
#79330=DIRECTION('',(-0.98058067569092,0.196116135138185,0.));
#79340=AXIS2_PLACEMENT_3D('',#79310,#79320,#79330);
#79350=PLANE('',#79340);
#79360=ORIENTED_EDGE('',*,*,#78700,.F.);
#79370=CARTESIAN_POINT('',(-4.394909,4.47417699999997,1.83701305915477))
;
#79380=DIRECTION('',(-0.196116135138185,-0.98058067569092,0.));
#79390=DIRECTION('',(-0.98058067569092,0.196116135138185,0.));
#79400=AXIS2_PLACEMENT_3D('',#79370,#79380,#79390);
#79410=ELLIPSE('',#79400,0.509901951359279,0.5);
#79420=CARTESIAN_POINT('',(-4.894909,4.57417699999996,1.83701305915477))
;
#79430=VERTEX_POINT('',#79420);
#79440=EDGE_CURVE('',#79430,#78690,#79410,.T.);
#79450=ORIENTED_EDGE('',*,*,#79440,.T.);
#79460=CARTESIAN_POINT('',(-4.894909,4.57417699999996,8.68701305915477))
;
#79470=DIRECTION('',(-1.22460635382238E-16,0.,1.));
#79480=VECTOR('',#79470,1.);
#79490=LINE('',#79460,#79480);
#79500=EDGE_CURVE('',#79430,#77380,#79490,.T.);
#79510=ORIENTED_EDGE('',*,*,#79500,.F.);
#79520=ORIENTED_EDGE('',*,*,#77390,.F.);
#79530=ORIENTED_EDGE('',*,*,#78540,.F.);
#79540=EDGE_LOOP('',(#79530,#79520,#79510,#79450,#79360));
#79550=FACE_OUTER_BOUND('',#79540,.T.);
#79560=ADVANCED_FACE('',(#79550),#79350,.T.);
#79570=CARTESIAN_POINT('',(-0.894908999999998,4.37417700000008,
6.03701305915477));
#79580=VERTEX_POINT('',#79570);
#79590=EDGE_CURVE('',#79580,#74950,#78200,.T.);
#79600=ORIENTED_EDGE('',*,*,#79590,.T.);
#79610=CARTESIAN_POINT('',(-0.894908999999998,0.0249999999999986,
6.03701305915477));
#79620=DIRECTION('',(0.,-1.,0.));
#79630=VECTOR('',#79620,1.);
#79640=LINE('',#79610,#79630);
#79650=CARTESIAN_POINT('',(-0.894908999999998,5.54304744841151,
6.03701305915477));
#79660=VERTEX_POINT('',#79650);
#79670=EDGE_CURVE('',#79660,#79580,#79640,.T.);
#79680=ORIENTED_EDGE('',*,*,#79670,.T.);
#79690=CARTESIAN_POINT('',(-0.894908999999998,4.67464151823566,
5.53701305915477));
#79700=DIRECTION('',(-1.,0.,-1.22460635382238E-16));
#79710=DIRECTION('',(4.59294137866913E-33,1.,-3.75054511544312E-17));
#79720=AXIS2_PLACEMENT_3D('',#79690,#79700,#79710);
#79730=ELLIPSE('',#79720,1.00274879510579,1.);
#79740=EDGE_CURVE('',#79660,#75380,#79730,.T.);
#79750=ORIENTED_EDGE('',*,*,#79740,.F.);
#79760=ORIENTED_EDGE('',*,*,#75390,.T.);
#79770=ORIENTED_EDGE('',*,*,#75040,.T.);
#79780=EDGE_LOOP('',(#79770,#79760,#79750,#79680,#79600));
#79790=FACE_OUTER_BOUND('',#79780,.T.);
#79800=ADVANCED_FACE('',(#79790),#77970,.F.);
#79810=CARTESIAN_POINT('',(-1.72103071664384,4.93701145266607,
6.53701305915477));
#79820=DIRECTION('',(-1.22460635382238E-16,0.,1.));
#79830=DIRECTION('',(0.,-1.,0.));
#79840=AXIS2_PLACEMENT_3D('',#79810,#79820,#79830);
#79850=PLANE('',#79840);
#79860=CARTESIAN_POINT('',(-1.394909,0.0249999999999986,6.53701305915477
));
#79870=DIRECTION('',(0.,-1.,0.));
#79880=VECTOR('',#79870,1.);
#79890=LINE('',#79860,#79880);
#79900=CARTESIAN_POINT('',(-1.394909,4.71173985406799,6.53701305915477))
;
#79910=VERTEX_POINT('',#79900);
#79920=CARTESIAN_POINT('',(-1.394909,4.37417700000008,6.53701305915477))
;
#79930=VERTEX_POINT('',#79920);
#79940=EDGE_CURVE('',#79910,#79930,#79890,.T.);
#79950=ORIENTED_EDGE('',*,*,#79940,.F.);
#79960=CARTESIAN_POINT('',(-4.894909,4.37417700000008,6.53701305915477))
;
#79970=DIRECTION('',(1.,0.,1.22460635382238E-16));
#79980=VECTOR('',#79970,1.);
#79990=LINE('',#79960,#79980);
#80000=CARTESIAN_POINT('',(-3.89490900000053,4.37417700000008,
6.53701305915477));
#80010=VERTEX_POINT('',#80000);
#80020=EDGE_CURVE('',#80010,#79930,#79990,.T.);
#80030=ORIENTED_EDGE('',*,*,#80020,.T.);
#80040=CARTESIAN_POINT('',(-3.88963900000007,4.37312299999999,
6.53701305915477));
#80050=DIRECTION('',(-0.98058067569092,0.196116135138185,
-1.20082532588654E-16));
#80060=VECTOR('',#80050,1.);
#80070=LINE('',#80040,#80060);
#80080=CARTESIAN_POINT('',(-4.394909,4.47417699999997,6.53701305915477))
;
#80090=VERTEX_POINT('',#80080);
#80100=EDGE_CURVE('',#80010,#80090,#80070,.T.);
#80110=ORIENTED_EDGE('',*,*,#80100,.F.);
#80120=CARTESIAN_POINT('',(-4.394909,0.0249999999999986,6.53701305915477
));
#80130=DIRECTION('',(0.,-1.,0.));
#80140=VECTOR('',#80130,1.);
#80150=LINE('',#80120,#80140);
#80160=CARTESIAN_POINT('',(-4.394909,4.93432986906196,6.53701305915477))
;
#80170=VERTEX_POINT('',#80160);
#80180=EDGE_CURVE('',#80170,#80090,#80150,.T.);
#80190=ORIENTED_EDGE('',*,*,#80180,.T.);
#80200=CARTESIAN_POINT('',(-1.22460635382238E-16,4.60824224899291,
6.53701305915477));
#80210=DIRECTION('',(0.997258740056128,-0.0739932793006544,
1.2490009027033E-16));
#80220=VECTOR('',#80210,1.);
#80230=LINE('',#80200,#80220);
#80240=EDGE_CURVE('',#80170,#79910,#80230,.T.);
#80250=ORIENTED_EDGE('',*,*,#80240,.F.);
#80260=EDGE_LOOP('',(#80250,#80190,#80110,#80030,#79950));
#80270=FACE_OUTER_BOUND('',#80260,.T.);
#80280=ADVANCED_FACE('',(#80270),#79850,.T.);
#80290=CARTESIAN_POINT('',(0.,4.60824224899291,5.53701305915477));
#80300=DIRECTION('',(0.997258740056128,-0.0739932793006544,
1.2490009027033E-16));
#80310=DIRECTION('',(-0.0739932793006544,-0.997258740056128,0.));
#80320=AXIS2_PLACEMENT_3D('',#80290,#80300,#80310);
#80330=CYLINDRICAL_SURFACE('',#80320,1.);
#80340=ORIENTED_EDGE('',*,*,#75470,.F.);
#80350=ORIENTED_EDGE('',*,*,#79740,.T.);
#80360=CARTESIAN_POINT('',(-1.394909,0.0249999999999986,6.03701305915477
));
#80370=DIRECTION('',(0.,-1.,0.));
#80380=DIRECTION('',(-1.,0.,0.));
#80390=AXIS2_PLACEMENT_3D('',#80360,#80370,#80380);
#80400=CYLINDRICAL_SURFACE('',#80390,0.5);
#80410=CARTESIAN_POINT('',(-1.394909,4.71173985406799,6.53701305915477))
;
#80420=CARTESIAN_POINT('',(-1.33785437337132,4.7884158106473,
6.53701305915477));
#80430=CARTESIAN_POINT('',(-1.28039136589231,4.86560778421345,
6.52721972160106));
#80440=CARTESIAN_POINT('',(-1.22537043868008,4.94140857347697,
6.50739155768063));
#80450=CARTESIAN_POINT('',(-1.17052371483899,5.01696936763875,
6.48762617229144));
#80460=CARTESIAN_POINT('',(-1.11724989415183,5.09222676030005,
6.45757551213434));
#80470=CARTESIAN_POINT('',(-1.06943508490055,5.1646843131826,
6.41657429346387));
#80480=CARTESIAN_POINT('',(-1.0218402336227,5.23680854639407,
6.37576168884642));
#80490=CARTESIAN_POINT('',(-0.979092064523562,5.30682936359957,
6.32372058299991));
#80500=CARTESIAN_POINT('',(-0.947263060619509,5.37154577751379,
6.25975307117893));
#80510=CARTESIAN_POINT('',(-0.915648026003022,5.43582713775745,
6.19621557856223));
#80520=CARTESIAN_POINT('',(-0.894908999999998,5.49466888836641,
6.12057748167426));
#80530=CARTESIAN_POINT('',(-0.894908999999998,5.54304744841151,
6.03701305915477));
#80540=B_SPLINE_CURVE_WITH_KNOTS('',3,(#80410,#80420,#80430,#80440,
#80450,#80460,#80470,#80480,#80490,#80500,#80510,#80520,#80530),
.UNSPECIFIED.,.F.,.F.,(4,3,3,3,4),(0.,0.287521827498214,
0.575272735398485,0.863270740440425,1.15139378104883),.UNSPECIFIED.);
#80550=SURFACE_CURVE('',#80540,(#80330,#80400),.CURVE_3D.);
#80560=EDGE_CURVE('',#79910,#79660,#80550,.T.);
#80570=ORIENTED_EDGE('',*,*,#80560,.T.);
#80580=ORIENTED_EDGE('',*,*,#80240,.T.);
#80590=CARTESIAN_POINT('',(-4.394909,4.93432986906196,6.53701305915477))
;
#80600=CARTESIAN_POINT('',(-4.29220427144451,5.18922854071395,
6.53701305915477));
#80610=CARTESIAN_POINT('',(-4.18950131974726,5.44410326441679,
6.45478642858775));
#80620=CARTESIAN_POINT('',(-4.08917794785195,5.66690674086439,
6.29020379045521));
#80630=CARTESIAN_POINT('',(-3.99366660540768,5.82485515923162,
6.06058782097595));
#80640=CARTESIAN_POINT('',(-3.90424905403268,5.90067332925781,
5.79881244695392));
#80650=CARTESIAN_POINT('',(-3.82091572069934,5.89449027328576,
5.53701305915477));
#80660=B_SPLINE_CURVE_WITH_KNOTS('',6,(#80590,#80600,#80610,#80620,
#80630,#80640,#80650),.UNSPECIFIED.,.F.,.F.,(7,7),(0.,1.),.UNSPECIFIED.)
;
#80670=CARTESIAN_POINT('',(-4.09258785168634,5.62094910209675,
6.24411982355502));
#80680=VERTEX_POINT('',#80670);
#80690=EDGE_CURVE('',#80170,#80680,#80660,.T.);
#80700=ORIENTED_EDGE('',*,*,#80690,.F.);
#80710=EDGE_CURVE('',#80680,#75460,#80660,.T.);
#80720=ORIENTED_EDGE('',*,*,#80710,.F.);
#80730=EDGE_LOOP('',(#80720,#80700,#80580,#80570,#80350,#80340));
#80740=FACE_OUTER_BOUND('',#80730,.T.);
#80750=ADVANCED_FACE('',(#80740),#80330,.T.);
#80760=CARTESIAN_POINT('',(-4.394909,0.0249999999999986,6.03701305915477
));
#80770=DIRECTION('',(0.,-1.,0.));
#80780=DIRECTION('',(-1.,0.,0.));
#80790=AXIS2_PLACEMENT_3D('',#80760,#80770,#80780);
#80800=CYLINDRICAL_SURFACE('',#80790,0.5);
#80810=ORIENTED_EDGE('',*,*,#80180,.F.);
#80820=CARTESIAN_POINT('',(-4.394909,4.47417699999997,6.03701305915477))
;
#80830=DIRECTION('',(-0.196116135138185,-0.98058067569092,0.));
#80840=DIRECTION('',(-0.98058067569092,0.196116135138185,0.));
#80850=AXIS2_PLACEMENT_3D('',#80820,#80830,#80840);
#80860=ELLIPSE('',#80850,0.509901951359279,0.5);
#80870=CARTESIAN_POINT('',(-4.894909,4.57417699999996,6.03701305915477))
;
#80880=VERTEX_POINT('',#80870);
#80890=EDGE_CURVE('',#80090,#80880,#80860,.T.);
#80900=ORIENTED_EDGE('',*,*,#80890,.F.);
#80910=CARTESIAN_POINT('',(-4.894909,0.0249999999999986,6.03701305915477
));
#80920=DIRECTION('',(0.,-1.,0.));
#80930=VECTOR('',#80920,1.);
#80940=LINE('',#80910,#80930);
#80950=CARTESIAN_POINT('',(-4.894909,4.89723153322963,6.03701305915477))
;
#80960=VERTEX_POINT('',#80950);
#80970=EDGE_CURVE('',#80960,#80880,#80940,.T.);
#80980=ORIENTED_EDGE('',*,*,#80970,.T.);
#80990=CARTESIAN_POINT('',(-4.894909,4.89723153322963,6.03701305915477))
;
#81000=CARTESIAN_POINT('',(-4.894909,4.90341458920169,6.16791275305434))
;
#81010=CARTESIAN_POINT('',(-4.85379568471658,4.90959764517385,
6.29880044006557));
#81020=CARTESIAN_POINT('',(-4.77150436565006,4.91578070114555,
6.41360842480455));
#81030=CARTESIAN_POINT('',(-4.65669638091068,4.92196375711802,
6.49589974387156));
#81040=CARTESIAN_POINT('',(-4.52580869389957,4.9281468130899,
6.53701305915477));
#81050=CARTESIAN_POINT('',(-4.394909,4.93432986906196,6.53701305915477))
;
#81060=B_SPLINE_CURVE_WITH_KNOTS('',6,(#80990,#81000,#81010,#81020,
#81030,#81040,#81050),.UNSPECIFIED.,.F.,.F.,(7,7),(0.,1.),.UNSPECIFIED.)
;
#81070=CARTESIAN_POINT('',(-4.74846238220012,4.91578070114578,
6.39056644135488));
#81080=VERTEX_POINT('',#81070);
#81090=EDGE_CURVE('',#80960,#81080,#81060,.T.);
#81100=ORIENTED_EDGE('',*,*,#81090,.F.);
#81110=EDGE_CURVE('',#81080,#80170,#81060,.T.);
#81120=ORIENTED_EDGE('',*,*,#81110,.F.);
#81130=EDGE_LOOP('',(#81120,#81100,#80980,#80900,#80810));
#81140=FACE_OUTER_BOUND('',#81130,.T.);
#81150=ADVANCED_FACE('',(#81140),#80800,.T.);
#81160=CARTESIAN_POINT('',(-4.56304760784322,5.48226756148768,
6.23599689156239));
#81170=CARTESIAN_POINT('',(-4.57998300021922,5.52430745539822,
6.17089965127947));
#81180=CARTESIAN_POINT('',(-4.59344121380017,5.56120503108172,
6.09720048323415));
#81190=CARTESIAN_POINT('',(-4.59928356154923,5.58927311335504,
6.02715692746529));
#81200=CARTESIAN_POINT('',(-4.59641295242517,5.60791808742499,
5.96139170567502));
#81210=CARTESIAN_POINT('',(-4.58677389138241,5.61963989888832,
5.88889272122865));
#81220=CARTESIAN_POINT('',(-4.57535247937102,5.63003205373176,
5.78701305915475));
#81230=CARTESIAN_POINT('',(-4.61561014306203,5.3984822319129,
6.28331982932127));
#81240=CARTESIAN_POINT('',(-4.63324410399896,5.44426392383283,
6.22300210398084));
#81250=CARTESIAN_POINT('',(-4.6596947876937,5.48630264507925,
6.14449159871294));
#81260=CARTESIAN_POINT('',(-4.68259758704172,5.51599066676511,
6.06090999991063));
#81270=CARTESIAN_POINT('',(-4.68667023605713,5.52386768217843,
6.00399387421623));
#81280=CARTESIAN_POINT('',(-4.68271641330701,5.5273791926758,
5.92506211004119));
#81290=CARTESIAN_POINT('',(-4.67579742543307,5.53676368577692,
5.82867972582142));
#81300=CARTESIAN_POINT('',(-4.66138137190905,5.3049235005141,
6.32366647539423));
#81310=CARTESIAN_POINT('',(-4.68759594258674,5.34275921298157,
6.26581780646264));
#81320=CARTESIAN_POINT('',(-4.72336117313522,5.38127290286384,
6.18772964986898));
#81330=CARTESIAN_POINT('',(-4.75517530335603,5.41012251247574,
6.1008044904623));
#81340=CARTESIAN_POINT('',(-4.76467170769455,5.41670546658616,
6.04329246088017));
#81350=CARTESIAN_POINT('',(-4.7639018313538,5.41946873549028,
5.96098450607714));
#81360=CARTESIAN_POINT('',(-4.76090095486005,5.42697344872311,
5.87034639248811));
#81370=CARTESIAN_POINT('',(-4.69935243312194,5.21666667456391,
6.35667120060672));
#81380=CARTESIAN_POINT('',(-4.73737576626033,5.24025535271581,
6.30022099836991));
#81390=CARTESIAN_POINT('',(-4.77879890213857,5.26721389095998,
6.22614039634214));
#81400=CARTESIAN_POINT('',(-4.81338922826678,5.2890886239999,
6.14275310202895));
#81410=CARTESIAN_POINT('',(-4.82675944722018,5.29542114234057,
6.07948451497511));
#81420=CARTESIAN_POINT('',(-4.8275548024122,5.29873083959269,
5.99667284651898));
#81430=CARTESIAN_POINT('',(-4.8272685030303,5.30381337275792,
5.91201305915482));
#81440=CARTESIAN_POINT('',(-4.72798689102956,5.13420839460259,
6.38080763458547));
#81450=CARTESIAN_POINT('',(-4.77639325088869,5.14263570617455,
6.32592517814893));
#81460=CARTESIAN_POINT('',(-4.82032567754568,5.15379968874086,
6.25802100481333));
#81470=CARTESIAN_POINT('',(-4.8542490795793,5.16360376994945,
6.18208816691988));
#81480=CARTESIAN_POINT('',(-4.87048658644451,5.16699163424026,
6.11253493756954));
#81490=CARTESIAN_POINT('',(-4.87228524861963,5.16905057720261,
6.03214006854917));
#81500=CARTESIAN_POINT('',(-4.87236988404231,5.17136637681321,
5.9536797258215));
#81510=CARTESIAN_POINT('',(-4.7452207355519,5.04346663443804,
6.39338866575844));
#81520=CARTESIAN_POINT('',(-4.79793049793191,5.04120496976443,
6.34148310304727));
#81530=CARTESIAN_POINT('',(-4.84187876696824,5.03924826876534,
6.28074004900446));
#81540=CARTESIAN_POINT('',(-4.87465614696263,5.03758812507623,
6.21356164684498));
#81550=CARTESIAN_POINT('',(-4.89367243278782,5.03621613233254,
6.14217648149221));
#81560=CARTESIAN_POINT('',(-4.89742419685828,5.0351238841697,
6.06739910935015));
#81570=CARTESIAN_POINT('',(-4.894909,5.03430297422325,5.9953463924881));
#81580=CARTESIAN_POINT('',(-4.74846238220012,4.91578070114578,
6.39056644135488));
#81590=CARTESIAN_POINT('',(-4.79474203444123,4.91268917315975,
6.34428678911376));
#81600=CARTESIAN_POINT('',(-4.83375205948815,4.90959764517373,
6.29073750967846));
#81610=CARTESIAN_POINT('',(-4.86406592747497,4.90650611718772,
6.23134513291488));
#81620=CARTESIAN_POINT('',(-4.88463067117914,4.90341458920171,
6.16790975133226));
#81630=CARTESIAN_POINT('',(-4.894909,4.90032306121566,6.10246290610456))
;
#81640=CARTESIAN_POINT('',(-4.894909,4.89723153322963,6.03701305915477))
;
#81650=B_SPLINE_SURFACE_WITH_KNOTS('',6,6,((#81160,#81230,#81300,#81370,
#81440,#81510,#81580),(#81170,#81240,#81310,#81380,#81450,#81520,#81590)
,(#81180,#81250,#81320,#81390,#81460,#81530,#81600),(#81190,#81260,
#81330,#81400,#81470,#81540,#81610),(#81200,#81270,#81340,#81410,#81480,
#81550,#81620),(#81210,#81280,#81350,#81420,#81490,#81560,#81630),(
#81220,#81290,#81360,#81430,#81500,#81570,#81640)),.UNSPECIFIED.,.F.,.F.
,.F.,(7,7),(7,7),(0.,1.),(0.,1.),.UNSPECIFIED.);
#81660=CARTESIAN_POINT('',(-4.56304760784322,5.48226756148768,
6.23599689156239));
#81670=CARTESIAN_POINT('',(-4.57998300021922,5.52430745539822,
6.17089965127947));
#81680=CARTESIAN_POINT('',(-4.59344121380017,5.56120503108172,
6.09720048323415));
#81690=CARTESIAN_POINT('',(-4.59928356154923,5.58927311335504,
6.02715692746529));
#81700=CARTESIAN_POINT('',(-4.59641295242517,5.60791808742499,
5.96139170567502));
#81710=CARTESIAN_POINT('',(-4.58677389138241,5.61963989888832,
5.88889272122865));
#81720=CARTESIAN_POINT('',(-4.57535247937102,5.63003205373176,
5.78701305915475));
#81730=B_SPLINE_CURVE_WITH_KNOTS('',6,(#81660,#81670,#81680,#81690,
#81700,#81710,#81720),.UNSPECIFIED.,.F.,.F.,(7,7),(0.,1.),.UNSPECIFIED.)
;
#81740=CARTESIAN_POINT('',(-4.56304760784322,5.48226756148768,
6.23599689156239));
#81750=VERTEX_POINT('',#81740);
#81760=CARTESIAN_POINT('',(-4.57535247937102,5.63003205373176,
5.78701305915475));
#81770=VERTEX_POINT('',#81760);
#81780=EDGE_CURVE('',#81750,#81770,#81730,.T.);
#81790=ORIENTED_EDGE('',*,*,#81780,.T.);
#81800=CARTESIAN_POINT('',(-4.56304760784322,5.48226756148768,
6.23599689156239));
#81810=CARTESIAN_POINT('',(-4.61561014306203,5.3984822319129,
6.28331982932127));
#81820=CARTESIAN_POINT('',(-4.66138137190905,5.3049235005141,
6.32366647539423));
#81830=CARTESIAN_POINT('',(-4.69935243312194,5.21666667456391,
6.35667120060672));
#81840=CARTESIAN_POINT('',(-4.72798689102956,5.13420839460259,
6.38080763458547));
#81850=CARTESIAN_POINT('',(-4.7452207355519,5.04346663443804,
6.39338866575844));
#81860=CARTESIAN_POINT('',(-4.74846238220012,4.91578070114578,
6.39056644135488));
#81870=B_SPLINE_CURVE_WITH_KNOTS('',6,(#81800,#81810,#81820,#81830,
#81840,#81850,#81860),.UNSPECIFIED.,.F.,.F.,(7,7),(0.,1.),.UNSPECIFIED.)
;
#81880=EDGE_CURVE('',#81750,#81080,#81870,.T.);
#81890=ORIENTED_EDGE('',*,*,#81880,.F.);
#81900=ORIENTED_EDGE('',*,*,#81090,.T.);
#81910=CARTESIAN_POINT('',(-3.82091572069935,5.89449027328576,
5.53701305915477));
#81920=CARTESIAN_POINT('',(-4.09430710578528,5.91477500412093,
5.6203463924881));
#81930=CARTESIAN_POINT('',(-4.3743373978069,5.84514803427695,
5.70367972582163));
#81940=CARTESIAN_POINT('',(-4.62425441573459,5.68269677241471,
5.78701305915435));
#81950=CARTESIAN_POINT('',(-4.80475253616927,5.44548514358948,
5.87034639248837));
#81960=CARTESIAN_POINT('',(-4.894909,5.17137441521686,5.95367972582144))
;
#81970=CARTESIAN_POINT('',(-4.894909,4.89723153322963,6.03701305915477))
;
#81980=B_SPLINE_CURVE_WITH_KNOTS('',6,(#81910,#81920,#81930,#81940,
#81950,#81960,#81970),.UNSPECIFIED.,.F.,.F.,(7,7),(0.,1.),.UNSPECIFIED.)
;
#81990=EDGE_CURVE('',#81770,#80960,#81980,.T.);
#82000=ORIENTED_EDGE('',*,*,#81990,.T.);
#82010=EDGE_LOOP('',(#82000,#81900,#81890,#81790));
#82020=FACE_OUTER_BOUND('',#82010,.T.);
#82030=ADVANCED_FACE('',(#82020),#81650,.T.);
#82040=CARTESIAN_POINT('',(-4.56304760784322,5.48226756148768,
6.23599689156239));
#82050=CARTESIAN_POINT('',(-4.4935496802484,5.52401299715193,
6.25377119408643));
#82060=CARTESIAN_POINT('',(-4.41545983203294,5.55982302798767,
6.26743811302414));
#82070=CARTESIAN_POINT('',(-4.34158491540713,5.58676247754997,
6.2731715635885));
#82080=CARTESIAN_POINT('',(-4.27268308754899,5.60429240459053,
6.26978609875141));
#82090=CARTESIAN_POINT('',(-4.19746381060425,5.61427010305777,
6.25873690924368));
#82100=CARTESIAN_POINT('',(-4.09258785168634,5.62094910209675,
6.24411982355502));
#82110=CARTESIAN_POINT('',(-4.57998300021922,5.52430745539822,
6.17089965127947));
#82120=CARTESIAN_POINT('',(-4.51268415305935,5.56659635824227,
6.19106271199635));
#82130=CARTESIAN_POINT('',(-4.4215538938469,5.61801943354421,
6.20667624238564));
#82140=CARTESIAN_POINT('',(-4.32222138906074,5.66383675762382,
6.21069506876932));
#82150=CARTESIAN_POINT('',(-4.24960876164851,5.68979122566003,
6.19380074137853));
#82160=CARTESIAN_POINT('',(-4.15499810849749,5.70387364915739,
6.17035833910472));
#82170=CARTESIAN_POINT('',(-4.04407241855125,5.71016314947915,
6.15156051907279));
#82180=CARTESIAN_POINT('',(-4.59344121380017,5.56120503108172,
6.09720048323415));
#82190=CARTESIAN_POINT('',(-4.52219374868883,5.61350414912293,
6.10815201289311));
#82200=CARTESIAN_POINT('',(-4.42233008664967,5.67573123035812,
6.117582108305));
#82210=CARTESIAN_POINT('',(-4.30822372646666,5.73110434909885,
6.11737191551556));
#82220=CARTESIAN_POINT('',(-4.22260042305434,5.76270139444354,
6.09561839415789));
#82230=CARTESIAN_POINT('',(-4.11335821448123,5.77961028690037,
6.06778248315391));
#82240=CARTESIAN_POINT('',(-3.99663279252695,5.78487779834882,
6.04446196020217));
#82250=CARTESIAN_POINT('',(-4.59928356154923,5.58927311335504,
6.02715692746529));
#82260=CARTESIAN_POINT('',(-4.52034347883595,5.65636224005832,
6.02230817783625));
#82270=CARTESIAN_POINT('',(-4.41531737237769,5.72587421293585,
6.0181948709911));
#82280=CARTESIAN_POINT('',(-4.29475249432931,5.78480057253574,
6.00834095308033));
#82290=CARTESIAN_POINT('',(-4.19228022291558,5.8201930307657,
5.98316816666905));
#82300=CARTESIAN_POINT('',(-4.07272200632196,5.8388414475719,
5.9533571750131));
#82310=CARTESIAN_POINT('',(-3.95048008085905,5.84224780995231,
5.92567720667494));
#82320=CARTESIAN_POINT('',(-4.59641295242517,5.60791808742499,
5.96139170567502));
#82330=CARTESIAN_POINT('',(-4.50843995119549,5.68989006170286,
5.93916546954858));
#82340=CARTESIAN_POINT('',(-4.40046383384966,5.76402981316931,
5.91760885844372));
#82350=CARTESIAN_POINT('',(-4.27845444243135,5.82317405796661,
5.89377777834844));
#82360=CARTESIAN_POINT('',(-4.15982510738767,5.86077634919402,
5.86329069726259));
#82370=CARTESIAN_POINT('',(-4.03320433087552,5.8797780737519,
5.83071136709835));
#82380=CARTESIAN_POINT('',(-3.90577010854309,5.88017302275825,
5.79880644350963));
#82390=CARTESIAN_POINT('',(-4.58677389138241,5.61963989888832,
5.88889272122865));
#82400=CARTESIAN_POINT('',(-4.49083136945781,5.71190060510086,
5.8527233324161));
#82410=CARTESIAN_POINT('',(-4.38013174365539,5.7885115603404,
5.81630695082697));
#82420=CARTESIAN_POINT('',(-4.25745035708571,5.84665045234605,
5.77963063927874));
#82430=CARTESIAN_POINT('',(-4.12694781810732,5.88455772881553,
5.74268146058891));
#82440=CARTESIAN_POINT('',(-3.99483416082998,5.90178849373377,
5.7054464775749));
#82450=CARTESIAN_POINT('',(-3.86258238736601,5.89758180127178,
5.66791275305434));
#82460=CARTESIAN_POINT('',(-4.57535247937102,5.63003205373176,
5.78701305915475));
#82470=CARTESIAN_POINT('',(-4.47490753330897,5.7233004216866,
5.74534639248808));
#82480=CARTESIAN_POINT('',(-4.35912117061184,5.80004692054247,
5.70367972582142));
#82490=CARTESIAN_POINT('',(-4.23138795590131,5.85711952011176,
5.66201305915479));
#82500=CARTESIAN_POINT('',(-4.0959668325192,5.89229707895114,
5.62034639248815));
#82510=CARTESIAN_POINT('',(-3.95761141324231,5.90463263870334,
5.57867972582144));
#82520=CARTESIAN_POINT('',(-3.82091572069934,5.89449027328576,
5.53701305915477));
#82530=B_SPLINE_SURFACE_WITH_KNOTS('',6,6,((#82040,#82110,#82180,#82250,
#82320,#82390,#82460),(#82050,#82120,#82190,#82260,#82330,#82400,#82470)
,(#82060,#82130,#82200,#82270,#82340,#82410,#82480),(#82070,#82140,
#82210,#82280,#82350,#82420,#82490),(#82080,#82150,#82220,#82290,#82360,
#82430,#82500),(#82090,#82160,#82230,#82300,#82370,#82440,#82510),(
#82100,#82170,#82240,#82310,#82380,#82450,#82520)),.UNSPECIFIED.,.F.,.F.
,.F.,(7,7),(7,7),(0.,1.),(0.,1.),.UNSPECIFIED.);
#82540=CARTESIAN_POINT('',(-4.56304760784322,5.48226756148768,
6.23599689156239));
#82550=CARTESIAN_POINT('',(-4.4935496802484,5.52401299715193,
6.25377119408643));
#82560=CARTESIAN_POINT('',(-4.41545983203294,5.55982302798767,
6.26743811302414));
#82570=CARTESIAN_POINT('',(-4.34158491540713,5.58676247754997,
6.2731715635885));
#82580=CARTESIAN_POINT('',(-4.27268308754899,5.60429240459053,
6.26978609875141));
#82590=CARTESIAN_POINT('',(-4.19746381060425,5.61427010305777,
6.25873690924368));
#82600=CARTESIAN_POINT('',(-4.09258785168634,5.62094910209675,
6.24411982355502));
#82610=B_SPLINE_CURVE_WITH_KNOTS('',6,(#82540,#82550,#82560,#82570,
#82580,#82590,#82600),.UNSPECIFIED.,.F.,.F.,(7,7),(0.,1.),.UNSPECIFIED.)
;
#82620=EDGE_CURVE('',#81750,#80680,#82610,.T.);
#82630=ORIENTED_EDGE('',*,*,#82620,.T.);
#82640=ORIENTED_EDGE('',*,*,#81780,.F.);
#82650=EDGE_CURVE('',#75460,#81770,#81980,.T.);
#82660=ORIENTED_EDGE('',*,*,#82650,.T.);
#82670=ORIENTED_EDGE('',*,*,#80710,.T.);
#82680=EDGE_LOOP('',(#82670,#82660,#82640,#82630));
#82690=FACE_OUTER_BOUND('',#82680,.T.);
#82700=ADVANCED_FACE('',(#82690),#82530,.T.);
#82710=CARTESIAN_POINT('',(-3.894909,4.89723153322963,0.));
#82720=DIRECTION('',(-1.22460635382238E-16,0.,1.));
#82730=DIRECTION('',(1.,0.,1.22460635382238E-16));
#82740=AXIS2_PLACEMENT_3D('',#82710,#82720,#82730);
#82750=CYLINDRICAL_SURFACE('',#82740,1.);
#82760=ORIENTED_EDGE('',*,*,#75550,.F.);
#82770=ORIENTED_EDGE('',*,*,#82650,.F.);
#82780=ORIENTED_EDGE('',*,*,#81990,.F.);
#82790=CARTESIAN_POINT('',(-4.894909,4.89723153322963,
-1.22460635382238E-16));
#82800=DIRECTION('',(-1.22460635382238E-16,0.,1.));
#82810=VECTOR('',#82800,1.);
#82820=LINE('',#82790,#82810);
#82830=CARTESIAN_POINT('',(-4.894909,4.89723153322963,1.83701305915477))
;
#82840=VERTEX_POINT('',#82830);
#82850=EDGE_CURVE('',#82840,#80960,#82820,.T.);
#82860=ORIENTED_EDGE('',*,*,#82850,.T.);
#82870=CARTESIAN_POINT('',(-4.894909,4.89723153322963,1.83701305915477))
;
#82880=CARTESIAN_POINT('',(-4.894909,5.17137441521686,1.9203463924881));
#82890=CARTESIAN_POINT('',(-4.80475253616925,5.44548514358953,
2.00367972582156));
#82900=CARTESIAN_POINT('',(-4.62425441573452,5.6826967724145,
2.08701305915454));
#82910=CARTESIAN_POINT('',(-4.37433739780701,5.84514803427713,
2.17034639248824));
#82920=CARTESIAN_POINT('',(-4.09430710578528,5.91477500412093,
2.25367972582144));
#82930=CARTESIAN_POINT('',(-3.82091572069934,5.89449027328576,
2.33701305915477));
#82940=B_SPLINE_CURVE_WITH_KNOTS('',6,(#82870,#82880,#82890,#82900,
#82910,#82920,#82930),.UNSPECIFIED.,.F.,.F.,(7,7),(0.,1.),.UNSPECIFIED.)
;
#82950=CARTESIAN_POINT('',(-4.57535247937102,5.63003205373175,
2.08701305915476));
#82960=VERTEX_POINT('',#82950);
#82970=EDGE_CURVE('',#82840,#82960,#82940,.T.);
#82980=ORIENTED_EDGE('',*,*,#82970,.F.);
#82990=EDGE_CURVE('',#82960,#75540,#82940,.T.);
#83000=ORIENTED_EDGE('',*,*,#82990,.F.);
#83010=EDGE_LOOP('',(#83000,#82980,#82860,#82780,#82770,#82760));
#83020=FACE_OUTER_BOUND('',#83010,.T.);
#83030=ADVANCED_FACE('',(#83020),#82750,.T.);
#83040=CARTESIAN_POINT('',(-4.394909,0.0249999999999986,1.83701305915477
));
#83050=DIRECTION('',(0.,1.,0.));
#83060=DIRECTION('',(1.,0.,0.));
#83070=AXIS2_PLACEMENT_3D('',#83040,#83050,#83060);
#83080=CYLINDRICAL_SURFACE('',#83070,0.5);
#83090=CARTESIAN_POINT('',(-4.894909,0.0249999999999986,1.83701305915477
));
#83100=DIRECTION('',(0.,1.,0.));
#83110=VECTOR('',#83100,1.);
#83120=LINE('',#83090,#83110);
#83130=EDGE_CURVE('',#79430,#82840,#83120,.T.);
#83140=ORIENTED_EDGE('',*,*,#83130,.T.);
#83150=ORIENTED_EDGE('',*,*,#79440,.F.);
#83160=ORIENTED_EDGE('',*,*,#78930,.F.);
#83170=CARTESIAN_POINT('',(-4.394909,4.93432986906196,1.33701305915477))
;
#83180=CARTESIAN_POINT('',(-4.52580869389957,4.9281468130899,
1.33701305915477));
#83190=CARTESIAN_POINT('',(-4.65669638091057,4.92196375711805,
1.37812637443841));
#83200=CARTESIAN_POINT('',(-4.77150436565019,4.91578070114542,
1.46041769350428));
#83210=CARTESIAN_POINT('',(-4.85379568471655,4.90959764517397,
1.57522567824436));
#83220=CARTESIAN_POINT('',(-4.894909,4.90341458920169,1.70611336525519))
;
#83230=CARTESIAN_POINT('',(-4.894909,4.89723153322963,1.83701305915477))
;
#83240=B_SPLINE_CURVE_WITH_KNOTS('',6,(#83170,#83180,#83190,#83200,
#83210,#83220,#83230),.UNSPECIFIED.,.F.,.F.,(7,7),(0.,1.),.UNSPECIFIED.)
;
#83250=CARTESIAN_POINT('',(-4.74846238220012,4.91578070114578,
1.48345967695463));
#83260=VERTEX_POINT('',#83250);
#83270=EDGE_CURVE('',#78860,#83260,#83240,.T.);
#83280=ORIENTED_EDGE('',*,*,#83270,.F.);
#83290=EDGE_CURVE('',#83260,#82840,#83240,.T.);
#83300=ORIENTED_EDGE('',*,*,#83290,.F.);
#83310=EDGE_LOOP('',(#83300,#83280,#83160,#83150,#83140));
#83320=FACE_OUTER_BOUND('',#83310,.T.);
#83330=ADVANCED_FACE('',(#83320),#83080,.T.);
#83340=CARTESIAN_POINT('',(-4.56304760784322,5.48226756148769,
1.63802922674716));
#83350=CARTESIAN_POINT('',(-4.4935496802484,5.52401299715193,
1.62025492422312));
#83360=CARTESIAN_POINT('',(-4.41545983203294,5.55982302798769,
1.60658800528543));
#83370=CARTESIAN_POINT('',(-4.34158491540714,5.58676247754998,
1.60085455472106));
#83380=CARTESIAN_POINT('',(-4.272683087549,5.60429240459054,
1.60424001955813));
#83390=CARTESIAN_POINT('',(-4.19746381060425,5.61427010305777,
1.61528920906584));
#83400=CARTESIAN_POINT('',(-4.09258785168634,5.62094910209676,
1.6299062947545));
#83410=CARTESIAN_POINT('',(-4.61561014306203,5.3984822319129,
1.59070628898829));
#83420=CARTESIAN_POINT('',(-4.55107306888279,5.44463037108776,
1.57189792500181));
#83430=CARTESIAN_POINT('',(-4.46793612412927,5.48599312042619,
1.5453602352487));
#83440=CARTESIAN_POINT('',(-4.38014647344881,5.51448231350552,
1.52330620491238));
#83450=CARTESIAN_POINT('',(-4.32094423795747,5.52249260276214,
1.52022209526709));
#83460=CARTESIAN_POINT('',(-4.23992951271101,5.52466655695817,
1.52691063892687));
#83470=CARTESIAN_POINT('',(-4.14110328482144,5.53173505471437,
1.53734699027227));
#83480=CARTESIAN_POINT('',(-4.66138137190905,5.3049235005141,
1.55035964291533));
#83490=CARTESIAN_POINT('',(-4.5999080794281,5.34388945353047,
1.52339303250493));
#83500=CARTESIAN_POINT('',(-4.51760204997751,5.38258551644395,
1.48782373343678));
#83510=CARTESIAN_POINT('',(-4.42670445623249,5.41100360707592,
1.45717214271299));
#83520=CARTESIAN_POINT('',(-4.3672804603434,5.41875653179999,
1.44888697959359));
#83530=CARTESIAN_POINT('',(-4.28322102290827,5.42119610250192,
1.45272935459979));
#83540=CARTESIAN_POINT('',(-4.19069452506733,5.42802160881925,
1.45932694017846));
#83550=CARTESIAN_POINT('',(-4.69935243312194,5.21666667456391,
1.51735491770283));
#83560=CARTESIAN_POINT('',(-4.64014131215299,5.24230071256742,
1.47933396558101));
#83570=CARTESIAN_POINT('',(-4.56280543292866,5.27068277434632,
1.43849257427404));
#83580=CARTESIAN_POINT('',(-4.47629279126973,5.29353400028823,
1.40517364086475));
#83590=CARTESIAN_POINT('',(-4.41142236828831,5.30205157367522,
1.39312789354104));
#83600=CARTESIAN_POINT('',(-4.32716046342952,5.30649730840384,
1.39509318970645));
#83610=CARTESIAN_POINT('',(-4.24115046517841,5.31265400316483,
1.39869920420488));
#83620=CARTESIAN_POINT('',(-4.72798689102957,5.13420839460259,
1.49321848372406));
#83630=CARTESIAN_POINT('',(-4.67133179291727,5.14579594955359,
1.44547518427733));
#83640=CARTESIAN_POINT('',(-4.60145788089239,5.15989530812627,
1.40244640268355));
#83650=CARTESIAN_POINT('',(-4.52364700394806,5.17245833107974,
1.36975818590873));
#83660=CARTESIAN_POINT('',(-4.45294153629923,5.17915075967738,
1.35483171391422));
#83670=CARTESIAN_POINT('',(-4.37150692559767,5.18405825467349,
1.35506885907448));
#83680=CARTESIAN_POINT('',(-4.29220471565906,5.18922255372666,
1.35756971679658));
#83690=CARTESIAN_POINT('',(-4.74522073555191,5.04346663443803,
1.48063745255107));
#83700=CARTESIAN_POINT('',(-4.6925109731719,5.04572829911163,
1.4287318898399));
#83710=CARTESIAN_POINT('',(-4.6310397174482,5.04829492745975,
1.38566381846043));
#83720=CARTESIAN_POINT('',(-4.56321636407909,5.05117492584693,
1.35383538162764));
#83730=CARTESIAN_POINT('',(-4.49126949933385,5.05437670063768,
1.3358222808481));
#83740=CARTESIAN_POINT('',(-4.41597931308211,5.05790865819646,
1.33313330569226));
#83750=CARTESIAN_POINT('',(-4.34355663572225,5.06177920488796,
1.33701305915477));
#83760=CARTESIAN_POINT('',(-4.74846238220012,4.91578070114578,
1.48345967695463));
#83770=CARTESIAN_POINT('',(-4.702182729959,4.9188722291318,
1.43718002471351));
#83780=CARTESIAN_POINT('',(-4.64863345052369,4.92196375711784,
1.39816999966661));
#83790=CARTESIAN_POINT('',(-4.58924107376008,4.92505528510391,
1.36785613167982));
#83800=CARTESIAN_POINT('',(-4.52580569217743,4.92814681308995,
1.34729138797568));
#83810=CARTESIAN_POINT('',(-4.46035884694979,4.93123834107593,
1.33701305915477));
#83820=CARTESIAN_POINT('',(-4.394909,4.93432986906196,1.33701305915477))
;
#83830=B_SPLINE_SURFACE_WITH_KNOTS('',6,6,((#83340,#83410,#83480,#83550,
#83620,#83690,#83760),(#83350,#83420,#83490,#83560,#83630,#83700,#83770)
,(#83360,#83430,#83500,#83570,#83640,#83710,#83780),(#83370,#83440,
#83510,#83580,#83650,#83720,#83790),(#83380,#83450,#83520,#83590,#83660,
#83730,#83800),(#83390,#83460,#83530,#83600,#83670,#83740,#83810),(
#83400,#83470,#83540,#83610,#83680,#83750,#83820)),.UNSPECIFIED.,.F.,.F.
,.F.,(7,7),(7,7),(0.,1.),(0.,1.),.UNSPECIFIED.);
#83840=CARTESIAN_POINT('',(-4.56304760784322,5.48226756148769,
1.63802922674716));
#83850=CARTESIAN_POINT('',(-4.4935496802484,5.52401299715193,
1.62025492422312));
#83860=CARTESIAN_POINT('',(-4.41545983203294,5.55982302798768,
1.60658800528543));
#83870=CARTESIAN_POINT('',(-4.34158491540714,5.58676247754998,
1.60085455472106));
#83880=CARTESIAN_POINT('',(-4.272683087549,5.60429240459054,
1.60424001955813));
#83890=CARTESIAN_POINT('',(-4.19746381060425,5.61427010305777,
1.61528920906584));
#83900=CARTESIAN_POINT('',(-4.09258785168634,5.62094910209676,
1.6299062947545));
#83910=B_SPLINE_CURVE_WITH_KNOTS('',6,(#83840,#83850,#83860,#83870,
#83880,#83890,#83900),.UNSPECIFIED.,.F.,.F.,(7,7),(0.,1.),.UNSPECIFIED.)
;
#83920=CARTESIAN_POINT('',(-4.56304760784322,5.48226756148769,
1.63802922674716));
#83930=VERTEX_POINT('',#83920);
#83940=CARTESIAN_POINT('',(-4.09258785168634,5.62094910209676,
1.6299062947545));
#83950=VERTEX_POINT('',#83940);
#83960=EDGE_CURVE('',#83930,#83950,#83910,.T.);
#83970=ORIENTED_EDGE('',*,*,#83960,.T.);
#83980=CARTESIAN_POINT('',(-4.56304760784322,5.48226756148769,
1.63802922674716));
#83990=CARTESIAN_POINT('',(-4.61561014306203,5.3984822319129,
1.59070628898829));
#84000=CARTESIAN_POINT('',(-4.66138137190905,5.3049235005141,
1.55035964291533));
#84010=CARTESIAN_POINT('',(-4.69935243312194,5.21666667456391,
1.51735491770283));
#84020=CARTESIAN_POINT('',(-4.72798689102957,5.13420839460259,
1.49321848372406));
#84030=CARTESIAN_POINT('',(-4.74522073555191,5.04346663443803,
1.48063745255107));
#84040=CARTESIAN_POINT('',(-4.74846238220012,4.91578070114578,
1.48345967695463));
#84050=B_SPLINE_CURVE_WITH_KNOTS('',6,(#83980,#83990,#84000,#84010,
#84020,#84030,#84040),.UNSPECIFIED.,.F.,.F.,(7,7),(0.,1.),.UNSPECIFIED.)
;
#84060=EDGE_CURVE('',#83930,#83260,#84050,.T.);
#84070=ORIENTED_EDGE('',*,*,#84060,.F.);
#84080=ORIENTED_EDGE('',*,*,#83270,.T.);
#84090=CARTESIAN_POINT('',(-3.82091572069935,5.89449027328576,
2.33701305915477));
#84100=CARTESIAN_POINT('',(-3.90424905403268,5.90067332925781,
2.07521367135562));
#84110=CARTESIAN_POINT('',(-3.99366660540758,5.82485515923154,
1.81343829733388));
#84120=CARTESIAN_POINT('',(-4.08917794785205,5.66690674086445,
1.58382232785387));
#84130=CARTESIAN_POINT('',(-4.18950131974725,5.44410326441679,
1.41923968972202));
#84140=CARTESIAN_POINT('',(-4.2922042714445,5.18922854071395,
1.33701305915477));
#84150=CARTESIAN_POINT('',(-4.394909,4.93432986906196,1.33701305915477))
;
#84160=B_SPLINE_CURVE_WITH_KNOTS('',6,(#84090,#84100,#84110,#84120,
#84130,#84140,#84150),.UNSPECIFIED.,.F.,.F.,(7,7),(0.,1.),.UNSPECIFIED.)
;
#84170=EDGE_CURVE('',#83950,#78860,#84160,.T.);
#84180=ORIENTED_EDGE('',*,*,#84170,.T.);
#84190=EDGE_LOOP('',(#84180,#84080,#84070,#83970));
#84200=FACE_OUTER_BOUND('',#84190,.T.);
#84210=ADVANCED_FACE('',(#84200),#83830,.T.);
#84220=CARTESIAN_POINT('',(-4.56304760784322,5.48226756148769,
1.63802922674716));
#84230=CARTESIAN_POINT('',(-4.57998300021922,5.52430745539822,
1.70312646703008));
#84240=CARTESIAN_POINT('',(-4.59344121380017,5.56120503108172,
1.77682563507541));
#84250=CARTESIAN_POINT('',(-4.59928356154922,5.58927311335503,
1.84686919084426));
#84260=CARTESIAN_POINT('',(-4.59641295242516,5.60791808742498,
1.91263441263452));
#84270=CARTESIAN_POINT('',(-4.58677389138241,5.61963989888832,
1.98513339708086));
#84280=CARTESIAN_POINT('',(-4.57535247937102,5.63003205373175,
2.08701305915476));
#84290=CARTESIAN_POINT('',(-4.4935496802484,5.52401299715193,
1.62025492422312));
#84300=CARTESIAN_POINT('',(-4.51268415305935,5.56659635824228,
1.6829634063132));
#84310=CARTESIAN_POINT('',(-4.52727099257676,5.61939047806305,
1.76831118026744));
#84320=CARTESIAN_POINT('',(-4.53057723370688,5.66733212845667,
1.86181368362028));
#84330=CARTESIAN_POINT('',(-4.51295225247461,5.6945055034406,
1.93037147365689));
#84340=CARTESIAN_POINT('',(-4.49083136945782,5.71190060510086,
2.0213027858934));
#84350=CARTESIAN_POINT('',(-4.47490753330898,5.7233004216866,
2.12867972582143));
#84360=CARTESIAN_POINT('',(-4.41545983203294,5.55982302798768,
1.60658800528543));
#84370=CARTESIAN_POINT('',(-4.42436384824,5.61210571269525,
1.67263885483949));
#84380=CARTESIAN_POINT('',(-4.43179472458691,5.67569836006751,
1.76571527452443));
#84390=CARTESIAN_POINT('',(-4.4301268371766,5.73371573024981,
1.87270622011886));
#84400=CARTESIAN_POINT('',(-4.40700257714187,5.76720285491502,
1.9531458413072));
#84410=CARTESIAN_POINT('',(-4.38013174365541,5.78851156034042,
2.05771916748256));
#84420=CARTESIAN_POINT('',(-4.35912117061187,5.80004692054249,
2.17034639248811));
#84430=CARTESIAN_POINT('',(-4.34158491540714,5.58676247754998,
1.60085455472106));
#84440=CARTESIAN_POINT('',(-4.33321882534455,5.65322911750377,
1.67377028382114));
#84450=CARTESIAN_POINT('',(-4.32599016950637,5.72367287700089,
1.77137465129699));
#84460=CARTESIAN_POINT('',(-4.31386056636858,5.78512659598621,
1.88416664491438));
#84470=CARTESIAN_POINT('',(-4.2869144880961,5.82308489948257,
1.98038377607989));
#84480=CARTESIAN_POINT('',(-4.25745035708574,5.84665045234609,
2.09439547903084));
#84490=CARTESIAN_POINT('',(-4.23138795590134,5.8571195201118,
2.21201305915479));
#84500=CARTESIAN_POINT('',(-4.272683087549,5.60429240459054,
1.60424001955813));
#84510=CARTESIAN_POINT('',(-4.2453971289241,5.68475640661115,
1.68533452671144));
#84520=CARTESIAN_POINT('',(-4.21957736134023,5.75901414316092,
1.7855135338286));
#84530=CARTESIAN_POINT('',(-4.19258325541198,5.82004964898105,
1.89949448370176));
#84540=CARTESIAN_POINT('',(-4.15994537480956,5.86060859826958,
2.01098341091762));
#84550=CARTESIAN_POINT('',(-4.12694781810735,5.88455772881558,
2.13134465772071));
#84560=CARTESIAN_POINT('',(-4.09596683251923,5.89229707895119,
2.25367972582147));
#84570=CARTESIAN_POINT('',(-4.19746381060425,5.61427010305777,
1.61528920906584));
#84580=CARTESIAN_POINT('',(-4.15499810849749,5.70387364915738,
1.7036677792048));
#84590=CARTESIAN_POINT('',(-4.11335821448122,5.77961028690035,
1.80624363515564));
#84600=CARTESIAN_POINT('',(-4.07272200632193,5.83884144757188,
1.92066894329649));
#84610=CARTESIAN_POINT('',(-4.0332043308755,5.87977807375189,
2.04331475121126));
#84620=CARTESIAN_POINT('',(-3.99483416082998,5.90178849373377,
2.16857964073464));
#84630=CARTESIAN_POINT('',(-3.95761141324231,5.90463263870334,
2.2953463924881));
#84640=CARTESIAN_POINT('',(-4.09258785168634,5.62094910209676,
1.6299062947545));
#84650=CARTESIAN_POINT('',(-4.04407241855124,5.71016314947915,
1.72246559923673));
#84660=CARTESIAN_POINT('',(-3.99663279252694,5.7848777983488,
1.82956415810738));
#84670=CARTESIAN_POINT('',(-3.95048008085902,5.84224780995229,
1.94834891163464));
#84680=CARTESIAN_POINT('',(-3.90577010854307,5.88017302275823,
2.07521967479997));
#84690=CARTESIAN_POINT('',(-3.86258238736601,5.89758180127179,
2.20611336525519));
#84700=CARTESIAN_POINT('',(-3.82091572069934,5.89449027328576,
2.33701305915477));
#84710=B_SPLINE_SURFACE_WITH_KNOTS('',6,6,((#84220,#84290,#84360,#84430,
#84500,#84570,#84640),(#84230,#84300,#84370,#84440,#84510,#84580,#84650)
,(#84240,#84310,#84380,#84450,#84520,#84590,#84660),(#84250,#84320,
#84390,#84460,#84530,#84600,#84670),(#84260,#84330,#84400,#84470,#84540,
#84610,#84680),(#84270,#84340,#84410,#84480,#84550,#84620,#84690),(
#84280,#84350,#84420,#84490,#84560,#84630,#84700)),.UNSPECIFIED.,.F.,.F.
,.F.,(7,7),(7,7),(0.,1.),(0.,1.),.UNSPECIFIED.);
#84720=CARTESIAN_POINT('',(-4.56304760784322,5.48226756148769,
1.63802922674716));
#84730=CARTESIAN_POINT('',(-4.57998300021922,5.52430745539822,
1.70312646703008));
#84740=CARTESIAN_POINT('',(-4.59344121380017,5.56120503108172,
1.77682563507541));
#84750=CARTESIAN_POINT('',(-4.59928356154922,5.58927311335503,
1.84686919084426));
#84760=CARTESIAN_POINT('',(-4.59641295242516,5.60791808742498,
1.91263441263452));
#84770=CARTESIAN_POINT('',(-4.58677389138241,5.61963989888832,
1.98513339708086));
#84780=CARTESIAN_POINT('',(-4.57535247937102,5.63003205373175,
2.08701305915476));
#84790=B_SPLINE_CURVE_WITH_KNOTS('',6,(#84720,#84730,#84740,#84750,
#84760,#84770,#84780),.UNSPECIFIED.,.F.,.F.,(7,7),(0.,1.),.UNSPECIFIED.)
;
#84800=EDGE_CURVE('',#83930,#82960,#84790,.T.);
#84810=ORIENTED_EDGE('',*,*,#84800,.T.);
#84820=ORIENTED_EDGE('',*,*,#83960,.F.);
#84830=EDGE_CURVE('',#75540,#83950,#84160,.T.);
#84840=ORIENTED_EDGE('',*,*,#84830,.T.);
#84850=ORIENTED_EDGE('',*,*,#82990,.T.);
#84860=EDGE_LOOP('',(#84850,#84840,#84820,#84810));
#84870=FACE_OUTER_BOUND('',#84860,.T.);
#84880=ADVANCED_FACE('',(#84870),#84710,.T.);
#84890=ORIENTED_EDGE('',*,*,#78870,.F.);
#84900=ORIENTED_EDGE('',*,*,#79250,.T.);
#84910=ORIENTED_EDGE('',*,*,#78070,.T.);
#84920=ORIENTED_EDGE('',*,*,#75630,.T.);
#84930=ORIENTED_EDGE('',*,*,#84830,.F.);
#84940=ORIENTED_EDGE('',*,*,#84170,.F.);
#84950=EDGE_LOOP('',(#84940,#84930,#84920,#84910,#84900,#84890));
#84960=FACE_OUTER_BOUND('',#84950,.T.);
#84970=ADVANCED_FACE('',(#84960),#79090,.T.);
#84980=CARTESIAN_POINT('',(-4.56304760784322,5.48226756148769,
1.63802922674716));
#84990=CARTESIAN_POINT('',(-4.61561014306203,5.3984822319129,
1.59070628898829));
#85000=CARTESIAN_POINT('',(-4.66138137190905,5.3049235005141,
1.55035964291533));
#85010=CARTESIAN_POINT('',(-4.69935243312194,5.21666667456391,
1.51735491770283));
#85020=CARTESIAN_POINT('',(-4.72798689102957,5.13420839460259,
1.49321848372406));
#85030=CARTESIAN_POINT('',(-4.74522073555191,5.04346663443803,
1.48063745255107));
#85040=CARTESIAN_POINT('',(-4.74846238220012,4.91578070114578,
1.48345967695463));
#85050=CARTESIAN_POINT('',(-4.57998300021922,5.52430745539822,
1.70312646703008));
#85060=CARTESIAN_POINT('',(-4.63324410399896,5.44426392383284,
1.65102401432871));
#85070=CARTESIAN_POINT('',(-4.69279605434281,5.33922460934917,
1.60331369793994));
#85080=CARTESIAN_POINT('',(-4.74644858236119,5.22716747336077,
1.56551719930528));
#85090=CARTESIAN_POINT('',(-4.78399365981222,5.14815802631004,
1.54039733829008));
#85100=CARTESIAN_POINT('',(-4.79793049793192,5.04120496976443,
1.53254301526223));
#85110=CARTESIAN_POINT('',(-4.79474203444124,4.91268917315975,
1.52973932919575));
#85120=CARTESIAN_POINT('',(-4.59344121380017,5.56120503108172,
1.77682563507541));
#85130=CARTESIAN_POINT('',(-4.65461754380576,5.48041631613912,
1.72709744474563));
#85140=CARTESIAN_POINT('',(-4.72350861457698,5.36996778377681,
1.67749844193105));
#85150=CARTESIAN_POINT('',(-4.78511676196045,5.24621073968783,
1.63574684984032));
#85160=CARTESIAN_POINT('',(-4.82741527069874,5.15807194132741,
1.60578596131123));
#85170=CARTESIAN_POINT('',(-4.84187876696825,5.03924826876536,
1.59328606930508));
#85180=CARTESIAN_POINT('',(-4.83375205948816,4.90959764517375,
1.58328860863108));
#85190=CARTESIAN_POINT('',(-4.59928356154922,5.58927311335503,
1.84686919084426));
#85200=CARTESIAN_POINT('',(-4.67236383217077,5.50502077836676,
1.80302037525196));
#85210=CARTESIAN_POINT('',(-4.74757489809136,5.39377750312856,
1.75670158355466));
#85220=CARTESIAN_POINT('',(-4.8123443833737,5.26743663302186,
1.71472771887748));
#85230=CARTESIAN_POINT('',(-4.85699594566209,5.16418590271209,
1.68096641244752));
#85240=CARTESIAN_POINT('',(-4.87465614696263,5.03758812507626,
1.66046447146462));
#85250=CARTESIAN_POINT('',(-4.86406592747498,4.90650611718775,
1.64268098539472));
#85260=CARTESIAN_POINT('',(-4.59641295242516,5.60791808742498,
1.91263441263452));
#85270=CARTESIAN_POINT('',(-4.68215793477799,5.51925224044067,
1.87452141919737));
#85280=CARTESIAN_POINT('',(-4.76133699086201,5.40975309504789,
1.8341628219915));
#85290=CARTESIAN_POINT('',(-4.82632750250928,5.28603209303459,
1.79526669267446));
#85300=CARTESIAN_POINT('',(-4.87172182950225,5.16735438559939,
1.76020541003358));
#85310=CARTESIAN_POINT('',(-4.89367243278781,5.03621613233257,
1.73184963681743));
#85320=CARTESIAN_POINT('',(-4.88463067117913,4.90341458920174,
1.70611636697738));
#85330=CARTESIAN_POINT('',(-4.58677389138241,5.61963989888832,
1.98513339708086));
#85340=CARTESIAN_POINT('',(-4.682716413307,5.52737919267577,
1.94896400826832));
#85350=CARTESIAN_POINT('',(-4.76390183135378,5.41946873549026,
1.91304161223241));
#85360=CARTESIAN_POINT('',(-4.82755480241218,5.29873083959269,
1.87735327179063));
#85370=CARTESIAN_POINT('',(-4.87228524861963,5.16905057720262,
1.84188604976046));
#85380=CARTESIAN_POINT('',(-4.89742419685828,5.0351238841697,
1.80662700895939));
#85390=CARTESIAN_POINT('',(-4.894909,4.90032306121566,1.77156321220498))
;
#85400=CARTESIAN_POINT('',(-4.57535247937102,5.63003205373175,
2.08701305915476));
#85410=CARTESIAN_POINT('',(-4.67579742543306,5.5367636857769,
2.04534639248809));
#85420=CARTESIAN_POINT('',(-4.76090095486004,5.42697344872309,
2.00367972582143));
#85430=CARTESIAN_POINT('',(-4.82726850303028,5.30381337275791,
1.96201305915479));
#85440=CARTESIAN_POINT('',(-4.87236988404231,5.17136637681322,
1.92034639248813));
#85450=CARTESIAN_POINT('',(-4.894909,5.03430297422324,1.87867972582144))
;
#85460=CARTESIAN_POINT('',(-4.894909,4.89723153322963,1.83701305915477))
;
#85470=B_SPLINE_SURFACE_WITH_KNOTS('',6,6,((#84980,#85050,#85120,#85190,
#85260,#85330,#85400),(#84990,#85060,#85130,#85200,#85270,#85340,#85410)
,(#85000,#85070,#85140,#85210,#85280,#85350,#85420),(#85010,#85080,
#85150,#85220,#85290,#85360,#85430),(#85020,#85090,#85160,#85230,#85300,
#85370,#85440),(#85030,#85100,#85170,#85240,#85310,#85380,#85450),(
#85040,#85110,#85180,#85250,#85320,#85390,#85460)),.UNSPECIFIED.,.F.,.F.
,.F.,(7,7),(7,7),(0.,1.),(0.,1.),.UNSPECIFIED.);
#85480=ORIENTED_EDGE('',*,*,#84060,.T.);
#85490=ORIENTED_EDGE('',*,*,#84800,.F.);
#85500=ORIENTED_EDGE('',*,*,#82970,.T.);
#85510=ORIENTED_EDGE('',*,*,#83290,.T.);
#85520=EDGE_LOOP('',(#85510,#85500,#85490,#85480));
#85530=FACE_OUTER_BOUND('',#85520,.T.);
#85540=ADVANCED_FACE('',(#85530),#85470,.T.);
#85550=EDGE_CURVE('',#74790,#80880,#79490,.T.);
#85560=ORIENTED_EDGE('',*,*,#85550,.F.);
#85570=ORIENTED_EDGE('',*,*,#80890,.T.);
#85580=ORIENTED_EDGE('',*,*,#80100,.T.);
#85590=EDGE_CURVE('',#80010,#74870,#78530,.T.);
#85600=ORIENTED_EDGE('',*,*,#85590,.F.);
#85610=ORIENTED_EDGE('',*,*,#74880,.T.);
#85620=EDGE_LOOP('',(#85610,#85600,#85580,#85570,#85560));
#85630=FACE_OUTER_BOUND('',#85620,.T.);
#85640=ADVANCED_FACE('',(#85630),#79350,.T.);
#85650=ORIENTED_EDGE('',*,*,#85590,.T.);
#85660=ORIENTED_EDGE('',*,*,#80020,.F.);
#85670=CARTESIAN_POINT('',(-1.394909,4.37417700000008,6.03701305915477))
;
#85680=DIRECTION('',(0.,-1.,0.));
#85690=DIRECTION('',(-1.,0.,0.));
#85700=AXIS2_PLACEMENT_3D('',#85670,#85680,#85690);
#85710=CIRCLE('',#85700,0.5);
#85720=EDGE_CURVE('',#79580,#79930,#85710,.T.);
#85730=ORIENTED_EDGE('',*,*,#85720,.T.);
#85740=ORIENTED_EDGE('',*,*,#79590,.F.);
#85750=ORIENTED_EDGE('',*,*,#74960,.T.);
#85760=EDGE_LOOP('',(#85750,#85740,#85730,#85660,#85650));
#85770=FACE_OUTER_BOUND('',#85760,.T.);
#85780=ADVANCED_FACE('',(#85770),#78300,.F.);
#85790=ORIENTED_EDGE('',*,*,#80560,.F.);
#85800=ORIENTED_EDGE('',*,*,#79670,.F.);
#85810=ORIENTED_EDGE('',*,*,#85720,.F.);
#85820=ORIENTED_EDGE('',*,*,#79940,.T.);
#85830=EDGE_LOOP('',(#85820,#85810,#85800,#85790));
#85840=FACE_OUTER_BOUND('',#85830,.T.);
#85850=ADVANCED_FACE('',(#85840),#80400,.T.);
#85860=CARTESIAN_POINT('',(-4.56304760784322,5.48226756148768,
6.23599689156239));
#85870=CARTESIAN_POINT('',(-4.61561014306203,5.3984822319129,
6.28331982932127));
#85880=CARTESIAN_POINT('',(-4.66138137190905,5.3049235005141,
6.32366647539423));
#85890=CARTESIAN_POINT('',(-4.69935243312194,5.21666667456391,
6.35667120060672));
#85900=CARTESIAN_POINT('',(-4.72798689102956,5.13420839460259,
6.38080763458547));
#85910=CARTESIAN_POINT('',(-4.7452207355519,5.04346663443804,
6.39338866575844));
#85920=CARTESIAN_POINT('',(-4.74846238220012,4.91578070114578,
6.39056644135488));
#85930=CARTESIAN_POINT('',(-4.4935496802484,5.52401299715193,
6.25377119408643));
#85940=CARTESIAN_POINT('',(-4.55107306888279,5.44463037108776,
6.30212819330774));
#85950=CARTESIAN_POINT('',(-4.60510819118418,5.34035484989807,
6.3555276997116));
#85960=CARTESIAN_POINT('',(-4.64921412825385,5.22921283321237,
6.40298007336292));
#85970=CARTESIAN_POINT('',(-4.67893220184079,5.15131826968909,
6.43625453590272));
#85980=CARTESIAN_POINT('',(-4.69251097317189,5.04572829911164,
6.44529422846961));
#85990=CARTESIAN_POINT('',(-4.702182729959,4.91887222913182,
6.436846093596));
#86000=CARTESIAN_POINT('',(-4.41545983203294,5.55982302798767,
6.26743811302414));
#86010=CARTESIAN_POINT('',(-4.47074607852237,5.48007939957721,
6.3233769041453));
#86020=CARTESIAN_POINT('',(-4.52721412935653,5.37124752706629,
6.3857291468625));
#86030=CARTESIAN_POINT('',(-4.57622177120349,5.24965497035619,
6.44071896777279));
#86040=CARTESIAN_POINT('',(-4.61170235335787,5.16415660394928,
6.47870844630441));
#86050=CARTESIAN_POINT('',(-4.63103971744821,5.04829492745977,
6.48836229984912));
#86060=CARTESIAN_POINT('',(-4.6486334505237,4.92196375711786,
6.47585611864293));
#86070=CARTESIAN_POINT('',(-4.34158491540713,5.58676247754997,
6.2731715635885));
#86080=CARTESIAN_POINT('',(-4.3911439097326,5.50387467338543,
6.3402806791163));
#86090=CARTESIAN_POINT('',(-4.44458148035353,5.39509329566266,
6.40873204697581));
#86100=CARTESIAN_POINT('',(-4.49435601841593,5.27220803276061,
6.46691629516302));
#86110=CARTESIAN_POINT('',(-4.53488634649278,5.17318536315365,
6.50702548037202));
#86120=CARTESIAN_POINT('',(-4.56321636407911,5.05117492584694,
6.52019073668197));
#86130=CARTESIAN_POINT('',(-4.5892410737601,4.92505528510391,
6.50616998662978));
#86140=CARTESIAN_POINT('',(-4.27268308754899,5.60429240459053,
6.26978609875141));
#86150=CARTESIAN_POINT('',(-4.31673260523306,5.51745778371324,
6.34869487326202));
#86160=CARTESIAN_POINT('',(-4.36430654577653,5.41130090748834,
6.42096600454226));
#86170=CARTESIAN_POINT('',(-4.41126102527669,5.29228508478919,
6.47961515821996));
#86180=CARTESIAN_POINT('',(-4.4542970467789,5.17934576011201,
6.52023218523149));
#86190=CARTESIAN_POINT('',(-4.49126949933387,5.05437670063767,
6.53820383746154));
#86200=CARTESIAN_POINT('',(-4.52580569217745,4.92814681308995,
6.52673473033397));
#86210=CARTESIAN_POINT('',(-4.19746381060425,5.61427010305777,
6.25873690924368));
#86220=CARTESIAN_POINT('',(-4.239929512711,5.52466655695815,
6.34711547938264));
#86230=CARTESIAN_POINT('',(-4.28322102290825,5.4211961025019,
6.42129676370974));
#86240=CARTESIAN_POINT('',(-4.32716046342952,5.30649730840382,
6.47893292860312));
#86250=CARTESIAN_POINT('',(-4.37150692559767,5.18405825467349,
6.51895725923511));
#86260=CARTESIAN_POINT('',(-4.41597931308211,5.05790865819646,
6.54089281261728));
#86270=CARTESIAN_POINT('',(-4.46035884694978,4.93123834107593,
6.53701305915477));
#86280=CARTESIAN_POINT('',(-4.09258785168634,5.62094910209675,
6.24411982355502));
#86290=CARTESIAN_POINT('',(-4.14110328482143,5.53173505471436,
6.33667912803725));
#86300=CARTESIAN_POINT('',(-4.19069452506732,5.42802160881923,
6.41469917813107));
#86310=CARTESIAN_POINT('',(-4.2411504651784,5.31265400316482,
6.47532691410469));
#86320=CARTESIAN_POINT('',(-4.29220471565907,5.18922255372666,
6.51645640151301));
#86330=CARTESIAN_POINT('',(-4.34355663572225,5.06177920488795,
6.53701305915477));
#86340=CARTESIAN_POINT('',(-4.394909,4.93432986906196,6.53701305915477))
;
#86350=B_SPLINE_SURFACE_WITH_KNOTS('',6,6,((#85860,#85930,#86000,#86070,
#86140,#86210,#86280),(#85870,#85940,#86010,#86080,#86150,#86220,#86290)
,(#85880,#85950,#86020,#86090,#86160,#86230,#86300),(#85890,#85960,
#86030,#86100,#86170,#86240,#86310),(#85900,#85970,#86040,#86110,#86180,
#86250,#86320),(#85910,#85980,#86050,#86120,#86190,#86260,#86330),(
#85920,#85990,#86060,#86130,#86200,#86270,#86340)),.UNSPECIFIED.,.F.,.F.
,.F.,(7,7),(7,7),(0.,1.),(0.,1.),.UNSPECIFIED.);
#86360=ORIENTED_EDGE('',*,*,#81880,.T.);
#86370=ORIENTED_EDGE('',*,*,#82620,.F.);
#86380=ORIENTED_EDGE('',*,*,#80690,.T.);
#86390=ORIENTED_EDGE('',*,*,#81110,.T.);
#86400=EDGE_LOOP('',(#86390,#86380,#86370,#86360));
#86410=FACE_OUTER_BOUND('',#86400,.T.);
#86420=ADVANCED_FACE('',(#86410),#86350,.T.);
#86430=CARTESIAN_POINT('',(4.605091,3.09917699999999,5.98701305915477));
#86440=DIRECTION('',(-1.,-0.,-1.22460635382238E-16));
#86450=DIRECTION('',(0.,-1.,0.));
#86460=AXIS2_PLACEMENT_3D('',#86430,#86440,#86450);
#86470=PLANE('',#86460);
#86480=CARTESIAN_POINT('',(4.605091,2.36812606421641,0.));
#86490=DIRECTION('',(1.22460635382238E-16,1.22460635382238E-16,-1.));
#86500=VECTOR('',#86490,1.);
#86510=LINE('',#86480,#86500);
#86520=CARTESIAN_POINT('',(4.605091,2.3681260642164,6.53701305915477));
#86530=VERTEX_POINT('',#86520);
#86540=EDGE_CURVE('',#86530,#74630,#86510,.T.);
#86550=ORIENTED_EDGE('',*,*,#86540,.F.);
#86560=ORIENTED_EDGE('',*,*,#74640,.F.);
#86570=CARTESIAN_POINT('',(4.605091,0.0249999999999986,5.43701305915477)
);
#86580=DIRECTION('',(0.,1.,0.));
#86590=VECTOR('',#86580,1.);
#86600=LINE('',#86570,#86590);
#86610=CARTESIAN_POINT('',(4.605091,4.22417699999999,5.43701305915477));
#86620=VERTEX_POINT('',#86610);
#86630=EDGE_CURVE('',#60890,#86620,#86600,.T.);
#86640=ORIENTED_EDGE('',*,*,#86630,.F.);
#86650=CARTESIAN_POINT('',(4.605091,4.22417699999999,0.));
#86660=DIRECTION('',(-1.22460635382238E-16,-1.22460635382238E-16,1.));
#86670=VECTOR('',#86660,1.);
#86680=LINE('',#86650,#86670);
#86690=CARTESIAN_POINT('',(4.605091,4.22417699999999,6.53701305915477));
#86700=VERTEX_POINT('',#86690);
#86710=EDGE_CURVE('',#86620,#86700,#86680,.T.);
#86720=ORIENTED_EDGE('',*,*,#86710,.F.);
#86730=CARTESIAN_POINT('',(4.605091,0.0249999999999986,6.53701305915477)
);
#86740=DIRECTION('',(-2.46519032881566E-32,1.,1.22460635382238E-16));
#86750=VECTOR('',#86740,1.);
#86760=LINE('',#86730,#86750);
#86770=EDGE_CURVE('',#86530,#86700,#86760,.T.);
#86780=ORIENTED_EDGE('',*,*,#86770,.T.);
#86790=EDGE_LOOP('',(#86780,#86720,#86640,#86560,#86550));
#86800=FACE_OUTER_BOUND('',#86790,.T.);
#86810=ADVANCED_FACE('',(#86800),#86470,.T.);
#86820=CARTESIAN_POINT('',(-4.894909,2.3681260642164,2.43701305915477));
#86830=DIRECTION('',(-1.49966072182214E-32,1.,1.22460635382238E-16));
#86840=DIRECTION('',(-1.,0.,-1.22460635382238E-16));
#86850=AXIS2_PLACEMENT_3D('',#86820,#86830,#86840);
#86860=PLANE('',#86850);
#86870=CARTESIAN_POINT('',(0.,2.36812606421641,1.33701305915477));
#86880=DIRECTION('',(1.,0.,1.22460635382238E-16));
#86890=VECTOR('',#86880,1.);
#86900=LINE('',#86870,#86890);
#86910=CARTESIAN_POINT('',(9.80509099999999,2.3681260642164,
1.33701305915477));
#86920=VERTEX_POINT('',#86910);
#86930=EDGE_CURVE('',#76990,#86920,#86900,.T.);
#86940=ORIENTED_EDGE('',*,*,#86930,.T.);
#86950=ORIENTED_EDGE('',*,*,#77000,.T.);
#86960=ORIENTED_EDGE('',*,*,#77530,.F.);
#86970=CARTESIAN_POINT('',(-4.894909,2.3681260642164,7.08701305915477));
#86980=DIRECTION('',(-1.22460635382238E-16,-1.22460635382238E-16,1.));
#86990=VECTOR('',#86980,1.);
#87000=LINE('',#86970,#86990);
#87010=EDGE_CURVE('',#77460,#74710,#87000,.T.);
#87020=ORIENTED_EDGE('',*,*,#87010,.F.);
#87030=ORIENTED_EDGE('',*,*,#74720,.T.);
#87040=ORIENTED_EDGE('',*,*,#86540,.T.);
#87050=CARTESIAN_POINT('',(0.,2.3681260642164,6.53701305915477));
#87060=DIRECTION('',(1.,0.,1.22460635382238E-16));
#87070=VECTOR('',#87060,1.);
#87080=LINE('',#87050,#87070);
#87090=CARTESIAN_POINT('',(9.80509099999999,2.3681260642164,
6.53701305915477));
#87100=VERTEX_POINT('',#87090);
#87110=EDGE_CURVE('',#86530,#87100,#87080,.T.);
#87120=ORIENTED_EDGE('',*,*,#87110,.F.);
#87130=CARTESIAN_POINT('',(9.80509099999999,2.3681260642164,
9.79685083057918E-17));
#87140=DIRECTION('',(1.22460635382238E-16,1.22460635382238E-16,-1.));
#87150=VECTOR('',#87140,1.);
#87160=LINE('',#87130,#87150);
#87170=EDGE_CURVE('',#87100,#86920,#87160,.T.);
#87180=ORIENTED_EDGE('',*,*,#87170,.F.);
#87190=EDGE_LOOP('',(#87180,#87120,#87040,#87030,#87020,#86960,#86950,
#86940));
#87200=FACE_OUTER_BOUND('',#87190,.T.);
#87210=ADVANCED_FACE('',(#87200),#86860,.F.);
#87220=CARTESIAN_POINT('',(-4.894909,4.72365704497243,3.93701305915477))
;
#87230=DIRECTION('',(-1.,-0.,-1.22460635382238E-16));
#87240=DIRECTION('',(0.,-1.,0.));
#87250=AXIS2_PLACEMENT_3D('',#87220,#87230,#87240);
#87260=PLANE('',#87250);
#87270=ORIENTED_EDGE('',*,*,#80970,.F.);
#87280=ORIENTED_EDGE('',*,*,#85550,.T.);
#87290=ORIENTED_EDGE('',*,*,#74800,.T.);
#87300=ORIENTED_EDGE('',*,*,#87010,.T.);
#87310=ORIENTED_EDGE('',*,*,#77470,.F.);
#87320=ORIENTED_EDGE('',*,*,#79500,.T.);
#87330=ORIENTED_EDGE('',*,*,#83130,.F.);
#87340=ORIENTED_EDGE('',*,*,#82850,.F.);
#87350=EDGE_LOOP('',(#87340,#87330,#87320,#87310,#87300,#87290,#87280,
#87270));
#87360=FACE_OUTER_BOUND('',#87350,.T.);
#87370=ADVANCED_FACE('',(#87360),#87260,.T.);
#87380=CARTESIAN_POINT('',(5.89537418181577,3.10485893236293,
1.33701305915477));
#87390=DIRECTION('',(1.22460635382238E-16,1.22460635382238E-16,-1.));
#87400=DIRECTION('',(-1.49966072182214E-32,1.,1.22460635382238E-16));
#87410=AXIS2_PLACEMENT_3D('',#87380,#87390,#87400);
#87420=PLANE('',#87410);
#87430=CARTESIAN_POINT('',(9.80509099999999,1.56812606421639,
1.33701305915477));
#87440=DIRECTION('',(-1.22460635382238E-16,-1.22460635382238E-16,1.));
#87450=DIRECTION('',(1.,0.,1.22460635382238E-16));
#87460=AXIS2_PLACEMENT_3D('',#87430,#87440,#87450);
#87470=CIRCLE('',#87460,0.800000000000013);
#87480=EDGE_CURVE('',#72020,#86920,#87470,.T.);
#87490=ORIENTED_EDGE('',*,*,#87480,.T.);
#87500=ORIENTED_EDGE('',*,*,#72030,.T.);
#87510=ORIENTED_EDGE('',*,*,#61390,.F.);
#87520=CARTESIAN_POINT('',(11.805091,0.0249999999999986,1.33701305915477
));
#87530=DIRECTION('',(-2.46519032881566E-32,1.,1.22460635382238E-16));
#87540=VECTOR('',#87530,1.);
#87550=LINE('',#87520,#87540);
#87560=CARTESIAN_POINT('',(11.805091,1.69280615010152,1.33701305915477))
;
#87570=VERTEX_POINT('',#87560);
#87580=EDGE_CURVE('',#61380,#87570,#87550,.T.);
#87590=ORIENTED_EDGE('',*,*,#87580,.F.);
#87600=CARTESIAN_POINT('',(11.305091,1.69280615010152,1.33701305915477))
;
#87610=DIRECTION('',(1.22460635382238E-16,0.,-1.));
#87620=DIRECTION('',(-1.,0.,-1.22460635382238E-16));
#87630=AXIS2_PLACEMENT_3D('',#87600,#87610,#87620);
#87640=CIRCLE('',#87630,0.5);
#87650=CARTESIAN_POINT('',(11.6586443905933,2.04635954069479,
1.33701305915477));
#87660=VERTEX_POINT('',#87650);
#87670=EDGE_CURVE('',#87660,#87570,#87640,.T.);
#87680=ORIENTED_EDGE('',*,*,#87670,.T.);
#87690=CARTESIAN_POINT('',(13.6800039312881,0.0249999999999986,
1.33701305915477));
#87700=DIRECTION('',(0.707106781186547,-0.707106781186548,0.));
#87710=VECTOR('',#87700,1.);
#87720=LINE('',#87690,#87710);
#87730=CARTESIAN_POINT('',(10.1808269312881,3.52417699999999,
1.33701305915477));
#87740=VERTEX_POINT('',#87730);
#87750=EDGE_CURVE('',#87740,#87660,#87720,.T.);
#87760=ORIENTED_EDGE('',*,*,#87750,.T.);
#87770=CARTESIAN_POINT('',(0.,3.52417699999999,1.33701305915477));
#87780=DIRECTION('',(-1.,0.,-1.22460635382238E-16));
#87790=VECTOR('',#87780,1.);
#87800=LINE('',#87770,#87790);
#87810=EDGE_CURVE('',#87740,#70870,#87800,.T.);
#87820=ORIENTED_EDGE('',*,*,#87810,.F.);
#87830=ORIENTED_EDGE('',*,*,#71120,.F.);
#87840=ORIENTED_EDGE('',*,*,#71450,.T.);
#87850=ORIENTED_EDGE('',*,*,#76670,.F.);
#87860=ORIENTED_EDGE('',*,*,#77060,.F.);
#87870=ORIENTED_EDGE('',*,*,#86930,.F.);
#87880=EDGE_LOOP('',(#87870,#87860,#87850,#87840,#87830,#87820,#87760,
#87680,#87590,#87510,#87500,#87490));
#87890=FACE_OUTER_BOUND('',#87880,.T.);
#87900=ADVANCED_FACE('',(#87890),#87420,.T.);
#87910=CARTESIAN_POINT('',(5.755091,3.974177,2.43701305915477));
#87920=DIRECTION('',(-1.22460635382238E-16,0.,1.));
#87930=DIRECTION('',(1.,0.,1.22460635382238E-16));
#87940=AXIS2_PLACEMENT_3D('',#87910,#87920,#87930);
#87950=PLANE('',#87940);
#87960=CARTESIAN_POINT('',(8.383287,3.52417699999999,2.43701305915477));
#87970=DIRECTION('',(-1.,0.,-1.22460635382238E-16));
#87980=VECTOR('',#87970,1.);
#87990=LINE('',#87960,#87980);
#88000=EDGE_CURVE('',#70890,#76830,#87990,.T.);
#88010=ORIENTED_EDGE('',*,*,#88000,.F.);
#88020=ORIENTED_EDGE('',*,*,#76840,.T.);
#88030=ORIENTED_EDGE('',*,*,#76530,.F.);
#88040=ORIENTED_EDGE('',*,*,#71300,.F.);
#88050=ORIENTED_EDGE('',*,*,#70980,.F.);
#88060=EDGE_LOOP('',(#88050,#88040,#88030,#88020,#88010));
#88070=FACE_OUTER_BOUND('',#88060,.T.);
#88080=ADVANCED_FACE('',(#88070),#87950,.T.);
#88090=CARTESIAN_POINT('',(2.77748720572958,3.52417699999999,
2.43701305915477));
#88100=DIRECTION('',(1.49966072182214E-32,-1.,-1.22460635382238E-16));
#88110=DIRECTION('',(1.,0.,1.22460635382238E-16));
#88120=AXIS2_PLACEMENT_3D('',#88090,#88100,#88110);
#88130=PLANE('',#88120);
#88140=ORIENTED_EDGE('',*,*,#77620,.F.);
#88150=ORIENTED_EDGE('',*,*,#88000,.T.);
#88160=ORIENTED_EDGE('',*,*,#70900,.T.);
#88170=ORIENTED_EDGE('',*,*,#87810,.T.);
#88180=CARTESIAN_POINT('',(10.1808269312881,3.52417699999999,
1.63701305915477));
#88190=DIRECTION('',(1.49966072182214E-32,-1.,-1.22460635382238E-16));
#88200=DIRECTION('',(1.,-2.60831900740246E-47,1.22460635382238E-16));
#88210=AXIS2_PLACEMENT_3D('',#88180,#88190,#88200);
#88220=ELLIPSE('',#88210,0.424264068711928,0.3);
#88230=EDGE_CURVE('',#87740,#73130,#88220,.T.);
#88240=ORIENTED_EDGE('',*,*,#88230,.F.);
#88250=ORIENTED_EDGE('',*,*,#73140,.T.);
#88260=ORIENTED_EDGE('',*,*,#73780,.F.);
#88270=ORIENTED_EDGE('',*,*,#77860,.F.);
#88280=EDGE_LOOP('',(#88270,#88260,#88250,#88240,#88170,#88160,#88150,
#88140));
#88290=FACE_OUTER_BOUND('',#88280,.T.);
#88300=ADVANCED_FACE('',(#88290),#88130,.F.);
#88310=CARTESIAN_POINT('',(11.305091,1.69280615010152,1.63701305915477))
;
#88320=DIRECTION('',(1.22460635382238E-16,0.,-1.));
#88330=DIRECTION('',(-1.,0.,-1.22460635382238E-16));
#88340=AXIS2_PLACEMENT_3D('',#88310,#88320,#88330);
#88350=TOROIDAL_SURFACE('',#88340,0.5,0.3);
#88360=ORIENTED_EDGE('',*,*,#87670,.F.);
#88370=CARTESIAN_POINT('',(11.805091,1.69280615010152,1.63701305915478))
;
#88380=DIRECTION('',(-2.46519032881566E-32,1.,1.22460635382238E-16));
#88390=DIRECTION('',(0.,1.22460635382238E-16,-1.));
#88400=AXIS2_PLACEMENT_3D('',#88370,#88380,#88390);
#88410=CIRCLE('',#88400,0.300000000000009);
#88420=CARTESIAN_POINT('',(12.105091,1.69280615010152,1.63701305915478))
;
#88430=VERTEX_POINT('',#88420);
#88440=EDGE_CURVE('',#88430,#87570,#88410,.T.);
#88450=ORIENTED_EDGE('',*,*,#88440,.T.);
#88460=CARTESIAN_POINT('',(11.305091,1.69280615010152,1.63701305915477))
;
#88470=DIRECTION('',(1.22460635382238E-16,0.,-1.));
#88480=DIRECTION('',(-1.,0.,-1.22460635382238E-16));
#88490=AXIS2_PLACEMENT_3D('',#88460,#88470,#88480);
#88500=CIRCLE('',#88490,0.8);
#88510=EDGE_CURVE('',#73210,#88430,#88500,.T.);
#88520=ORIENTED_EDGE('',*,*,#88510,.T.);
#88530=CARTESIAN_POINT('',(11.6586443905933,2.04635954069479,
1.63701305915477));
#88540=DIRECTION('',(0.707106781186547,-0.707106781186548,0.));
#88550=DIRECTION('',(-0.707106781186548,-0.707106781186547,0.));
#88560=AXIS2_PLACEMENT_3D('',#88530,#88540,#88550);
#88570=CIRCLE('',#88560,0.3);
#88580=EDGE_CURVE('',#87660,#73210,#88570,.T.);
#88590=ORIENTED_EDGE('',*,*,#88580,.T.);
#88600=EDGE_LOOP('',(#88590,#88520,#88450,#88360));
#88610=FACE_OUTER_BOUND('',#88600,.T.);
#88620=ADVANCED_FACE('',(#88610),#88350,.T.);
#88630=CARTESIAN_POINT('',(13.6800039312881,0.0249999999999986,
1.63701305915477));
#88640=DIRECTION('',(0.707106781186547,-0.707106781186548,0.));
#88650=DIRECTION('',(-0.707106781186548,-0.707106781186547,0.));
#88660=AXIS2_PLACEMENT_3D('',#88630,#88640,#88650);
#88670=CYLINDRICAL_SURFACE('',#88660,0.3);
#88680=ORIENTED_EDGE('',*,*,#88580,.F.);
#88690=ORIENTED_EDGE('',*,*,#73220,.T.);
#88700=ORIENTED_EDGE('',*,*,#88230,.T.);
#88710=ORIENTED_EDGE('',*,*,#87750,.F.);
#88720=EDGE_LOOP('',(#88710,#88700,#88690,#88680));
#88730=FACE_OUTER_BOUND('',#88720,.T.);
#88740=ADVANCED_FACE('',(#88730),#88670,.T.);
#88750=CARTESIAN_POINT('',(11.805091,0.0249999999999986,1.63701305915478
));
#88760=DIRECTION('',(-2.46519032881566E-32,1.,1.22460635382238E-16));
#88770=DIRECTION('',(0.,1.22460635382238E-16,-1.));
#88780=AXIS2_PLACEMENT_3D('',#88750,#88760,#88770);
#88790=CYLINDRICAL_SURFACE('',#88780,0.300000000000009);
#88800=ORIENTED_EDGE('',*,*,#88440,.F.);
#88810=ORIENTED_EDGE('',*,*,#87580,.T.);
#88820=CARTESIAN_POINT('',(11.805091,-8.32582300000003,1.63701305915478)
);
#88830=DIRECTION('',(-4.73695157173412E-14,1.,4.7308294434667E-14));
#88840=DIRECTION('',(-1.,-4.73695157173412E-14,-1.22460635382238E-16));
#88850=AXIS2_PLACEMENT_3D('',#88820,#88830,#88840);
#88860=CIRCLE('',#88850,0.300000000000008);
#88870=CARTESIAN_POINT('',(12.105091,-8.32582300000004,1.63701305915478)
);
#88880=VERTEX_POINT('',#88870);
#88890=EDGE_CURVE('',#88880,#61380,#88860,.T.);
#88900=ORIENTED_EDGE('',*,*,#88890,.T.);
#88910=CARTESIAN_POINT('',(12.105091,0.0249999999999986,1.63701305915478
));
#88920=DIRECTION('',(-2.46519032881566E-32,1.,1.22460635382238E-16));
#88930=VECTOR('',#88920,1.);
#88940=LINE('',#88910,#88930);
#88950=EDGE_CURVE('',#88880,#88430,#88940,.T.);
#88960=ORIENTED_EDGE('',*,*,#88950,.F.);
#88970=EDGE_LOOP('',(#88960,#88900,#88810,#88800));
#88980=FACE_OUTER_BOUND('',#88970,.T.);
#88990=ADVANCED_FACE('',(#88980),#88790,.T.);
#89000=CARTESIAN_POINT('',(11.305091,-7.92582300000001,3.93701305915477)
);
#89010=DIRECTION('',(0.,1.,0.));
#89020=DIRECTION('',(1.22460635382238E-16,0.,-1.));
#89030=AXIS2_PLACEMENT_3D('',#89000,#89010,#89020);
#89040=PLANE('',#89030);
#89050=CARTESIAN_POINT('',(0.,-7.92582300000001,3.18701305915477));
#89060=DIRECTION('',(-1.,0.,-1.22460635382238E-16));
#89070=VECTOR('',#89060,1.);
#89080=LINE('',#89050,#89070);
#89090=CARTESIAN_POINT('',(12.105091,-7.92582300000001,3.18701305915477)
);
#89100=VERTEX_POINT('',#89090);
#89110=CARTESIAN_POINT('',(11.405091,-7.92582300000001,3.18701305915477)
);
#89120=VERTEX_POINT('',#89110);
#89130=EDGE_CURVE('',#89100,#89120,#89080,.T.);
#89140=ORIENTED_EDGE('',*,*,#89130,.T.);
#89150=CARTESIAN_POINT('',(12.105091,-7.92582300000001,0.));
#89160=DIRECTION('',(-1.22460635382238E-16,-1.22460635382238E-16,1.));
#89170=VECTOR('',#89160,1.);
#89180=LINE('',#89150,#89170);
#89190=CARTESIAN_POINT('',(12.105091,-7.92582300000001,2.93701305915477)
);
#89200=VERTEX_POINT('',#89190);
#89210=EDGE_CURVE('',#89200,#89100,#89180,.T.);
#89220=ORIENTED_EDGE('',*,*,#89210,.T.);
#89230=CARTESIAN_POINT('',(0.,-7.92582300000001,2.93701305915477));
#89240=DIRECTION('',(-1.,0.,-1.22460635382238E-16));
#89250=VECTOR('',#89240,1.);
#89260=LINE('',#89230,#89250);
#89270=EDGE_CURVE('',#89200,#58910,#89260,.T.);
#89280=ORIENTED_EDGE('',*,*,#89270,.F.);
#89290=ORIENTED_EDGE('',*,*,#58940,.F.);
#89300=CARTESIAN_POINT('',(10.605091,-7.92582300000001,4.93701305915477)
);
#89310=DIRECTION('',(-1.,-2.81976676914726E-49,-1.22460635382238E-16));
#89320=VECTOR('',#89310,1.);
#89330=LINE('',#89300,#89320);
#89340=CARTESIAN_POINT('',(12.105091,-7.92582300000001,4.93701305915477)
);
#89350=VERTEX_POINT('',#89340);
#89360=EDGE_CURVE('',#89350,#58930,#89330,.T.);
#89370=ORIENTED_EDGE('',*,*,#89360,.T.);
#89380=CARTESIAN_POINT('',(12.105091,-7.92582300000001,4.68701305915477)
);
#89390=VERTEX_POINT('',#89380);
#89400=EDGE_CURVE('',#89390,#89350,#89180,.T.);
#89410=ORIENTED_EDGE('',*,*,#89400,.T.);
#89420=CARTESIAN_POINT('',(0.,-7.92582300000001,4.68701305915477));
#89430=DIRECTION('',(1.,0.,1.22460635382238E-16));
#89440=VECTOR('',#89430,1.);
#89450=LINE('',#89420,#89440);
#89460=CARTESIAN_POINT('',(11.405091,-7.92582300000001,4.68701305915477)
);
#89470=VERTEX_POINT('',#89460);
#89480=EDGE_CURVE('',#89470,#89390,#89450,.T.);
#89490=ORIENTED_EDGE('',*,*,#89480,.T.);
#89500=CARTESIAN_POINT('',(11.405091,-7.92582300000001,3.93701305915477)
);
#89510=DIRECTION('',(1.22460635382238E-16,0.,-1.));
#89520=VECTOR('',#89510,1.);
#89530=LINE('',#89500,#89520);
#89540=EDGE_CURVE('',#89470,#89120,#89530,.T.);
#89550=ORIENTED_EDGE('',*,*,#89540,.F.);
#89560=EDGE_LOOP('',(#89550,#89490,#89410,#89370,#89290,#89280,#89220,
#89140));
#89570=FACE_OUTER_BOUND('',#89560,.T.);
#89580=ADVANCED_FACE('',(#89570),#89040,.F.);
#89590=CARTESIAN_POINT('',(11.855091,-6.62582300000001,3.38701305915477)
);
#89600=DIRECTION('',(0.624695047554425,7.77620157364922E-17,
0.78086880944303));
#89610=DIRECTION('',(-0.78086880944303,0.,0.624695047554425));
#89620=AXIS2_PLACEMENT_3D('',#89590,#89600,#89610);
#89630=PLANE('',#89620);
#89640=CARTESIAN_POINT('',(0.,2.30824980000001,12.8710858591548));
#89650=DIRECTION('',(-0.662266178532521,0.529812942826018,
0.529812942826017));
#89660=VECTOR('',#89650,1.);
#89670=LINE('',#89640,#89660);
#89680=CARTESIAN_POINT('',(11.805091,-7.13582300000001,3.42701305915477)
);
#89690=VERTEX_POINT('',#89680);
#89700=CARTESIAN_POINT('',(11.605091,-6.97582300000001,3.58701305915477)
);
#89710=VERTEX_POINT('',#89700);
#89720=EDGE_CURVE('',#89690,#89710,#89670,.T.);
#89730=ORIENTED_EDGE('',*,*,#89720,.F.);
#89740=CARTESIAN_POINT('',(11.605091,0.0249999999999986,3.58701305915477
));
#89750=DIRECTION('',(7.89245997216231E-33,1.,-9.95839695427936E-17));
#89760=VECTOR('',#89750,1.);
#89770=LINE('',#89740,#89760);
#89780=CARTESIAN_POINT('',(11.605091,-6.27582300000001,3.58701305915477)
);
#89790=VERTEX_POINT('',#89780);
#89800=EDGE_CURVE('',#89710,#89790,#89770,.T.);
#89810=ORIENTED_EDGE('',*,*,#89800,.F.);
#89820=CARTESIAN_POINT('',(0.,-15.5598958,12.8710858591548));
#89830=DIRECTION('',(0.662266178532522,0.529812942826018,
-0.529812942826018));
#89840=VECTOR('',#89830,1.);
#89850=LINE('',#89820,#89840);
#89860=CARTESIAN_POINT('',(12.105091,-5.87582300000001,3.18701305915477)
);
#89870=VERTEX_POINT('',#89860);
#89880=EDGE_CURVE('',#89790,#89870,#89850,.T.);
#89890=ORIENTED_EDGE('',*,*,#89880,.F.);
#89900=CARTESIAN_POINT('',(12.105091,-6.62582300000001,3.18701305915477)
);
#89910=DIRECTION('',(-1.84889274661175E-32,-1.,9.95839695427936E-17));
#89920=VECTOR('',#89910,1.);
#89930=LINE('',#89900,#89920);
#89940=CARTESIAN_POINT('',(12.105091,-7.13582300000001,3.18701305915477)
);
#89950=VERTEX_POINT('',#89940);
#89960=EDGE_CURVE('',#89870,#89950,#89930,.T.);
#89970=ORIENTED_EDGE('',*,*,#89960,.F.);
#89980=CARTESIAN_POINT('',(0.,-7.13582300000002,12.8710858591548));
#89990=DIRECTION('',(-0.78086880944303,-5.55111512312578E-17,
0.624695047554425));
#90000=VECTOR('',#89990,1.);
#90010=LINE('',#89980,#90000);
#90020=EDGE_CURVE('',#89950,#89690,#90010,.T.);
#90030=ORIENTED_EDGE('',*,*,#90020,.F.);
#90040=EDGE_LOOP('',(#90030,#89970,#89890,#89810,#89730));
#90050=FACE_OUTER_BOUND('',#90040,.T.);
#90060=ADVANCED_FACE('',(#90050),#89630,.T.);
#90070=CARTESIAN_POINT('',(11.805091,-7.56146177826745,3.65121196872981)
);
#90080=DIRECTION('',(1.,0.,1.22460635382238E-16));
#90090=DIRECTION('',(1.49966072182214E-32,-1.,-1.22460635382238E-16));
#90100=AXIS2_PLACEMENT_3D('',#90070,#90080,#90090);
#90110=PLANE('',#90100);
#90120=CARTESIAN_POINT('',(11.805091,-7.37582300000001,4.68701305915477)
);
#90130=DIRECTION('',(1.49966072182214E-32,-1.,-1.22460635382238E-16));
#90140=VECTOR('',#90130,1.);
#90150=LINE('',#90120,#90140);
#90160=CARTESIAN_POINT('',(11.805091,-7.13582300000001,4.68701305915477)
);
#90170=VERTEX_POINT('',#90160);
#90180=CARTESIAN_POINT('',(11.805091,-7.52582300000001,4.68701305915478)
);
#90190=VERTEX_POINT('',#90180);
#90200=EDGE_CURVE('',#90170,#90190,#90150,.T.);
#90210=ORIENTED_EDGE('',*,*,#90200,.T.);
#90220=CARTESIAN_POINT('',(11.805091,-7.13582300000001,3.42701305915477)
);
#90230=DIRECTION('',(1.22460635382238E-16,1.22460635382238E-16,-1.));
#90240=VECTOR('',#90230,1.);
#90250=LINE('',#90220,#90240);
#90260=CARTESIAN_POINT('',(11.805091,-7.13582300000001,4.44701305915478)
);
#90270=VERTEX_POINT('',#90260);
#90280=EDGE_CURVE('',#90170,#90270,#90250,.T.);
#90290=ORIENTED_EDGE('',*,*,#90280,.F.);
#90300=CARTESIAN_POINT('',(11.805091,-7.13582300000001,0.));
#90310=DIRECTION('',(1.22460635382238E-16,1.22460635382238E-16,-1.));
#90320=VECTOR('',#90310,1.);
#90330=LINE('',#90300,#90320);
#90340=EDGE_CURVE('',#90270,#89690,#90330,.T.);
#90350=ORIENTED_EDGE('',*,*,#90340,.F.);
#90360=CARTESIAN_POINT('',(11.805091,-7.13582300000001,3.18701305915477)
);
#90370=VERTEX_POINT('',#90360);
#90380=EDGE_CURVE('',#89690,#90370,#90250,.T.);
#90390=ORIENTED_EDGE('',*,*,#90380,.F.);
#90400=CARTESIAN_POINT('',(11.805091,-7.37582300000001,3.18701305915477)
);
#90410=DIRECTION('',(1.49966072182214E-32,-1.,-1.22460635382238E-16));
#90420=VECTOR('',#90410,1.);
#90430=LINE('',#90400,#90420);
#90440=CARTESIAN_POINT('',(11.805091,-7.52582300000001,3.18701305915477)
);
#90450=VERTEX_POINT('',#90440);
#90460=EDGE_CURVE('',#90370,#90450,#90430,.T.);
#90470=ORIENTED_EDGE('',*,*,#90460,.F.);
#90480=CARTESIAN_POINT('',(11.805091,-7.52582300000001,3.93701305915477)
);
#90490=DIRECTION('',(1.22460635382238E-16,0.,-1.));
#90500=VECTOR('',#90490,1.);
#90510=LINE('',#90480,#90500);
#90520=EDGE_CURVE('',#90190,#90450,#90510,.T.);
#90530=ORIENTED_EDGE('',*,*,#90520,.T.);
#90540=EDGE_LOOP('',(#90530,#90470,#90390,#90350,#90290,#90210));
#90550=FACE_OUTER_BOUND('',#90540,.T.);
#90560=ADVANCED_FACE('',(#90550),#90110,.T.);
#90570=CARTESIAN_POINT('',(11.805091,-7.13582300000001,4.68701305915477)
);
#90580=DIRECTION('',(-1.49966072182214E-32,1.,1.22460635382238E-16));
#90590=DIRECTION('',(1.22460635382238E-16,1.22460635382238E-16,-1.));
#90600=AXIS2_PLACEMENT_3D('',#90570,#90580,#90590);
#90610=PLANE('',#90600);
#90620=ORIENTED_EDGE('',*,*,#90380,.T.);
#90630=ORIENTED_EDGE('',*,*,#90020,.T.);
#90640=CARTESIAN_POINT('',(0.,-7.13582300000001,3.18701305915477));
#90650=DIRECTION('',(1.,0.,1.22460635382238E-16));
#90660=VECTOR('',#90650,1.);
#90670=LINE('',#90640,#90660);
#90680=EDGE_CURVE('',#90370,#89950,#90670,.T.);
#90690=ORIENTED_EDGE('',*,*,#90680,.T.);
#90700=EDGE_LOOP('',(#90690,#90630,#90620));
#90710=FACE_OUTER_BOUND('',#90700,.T.);
#90720=ADVANCED_FACE('',(#90710),#90610,.F.);
#90730=CARTESIAN_POINT('',(11.805091,-7.92582300000001,4.68701305915477)
);
#90740=DIRECTION('',(-1.22460635382238E-16,-1.22460635382238E-16,1.));
#90750=DIRECTION('',(-1.49966072182214E-32,1.,1.22460635382238E-16));
#90760=AXIS2_PLACEMENT_3D('',#90730,#90740,#90750);
#90770=PLANE('',#90760);
#90780=ORIENTED_EDGE('',*,*,#90200,.F.);
#90790=CARTESIAN_POINT('',(19.3559139999999,0.0249999999999986,
4.68701305915478));
#90800=DIRECTION('',(0.707106781186544,0.707106781186551,
1.38777878078145E-16));
#90810=VECTOR('',#90800,1.);
#90820=LINE('',#90790,#90810);
#90830=EDGE_CURVE('',#89470,#90190,#90820,.T.);
#90840=ORIENTED_EDGE('',*,*,#90830,.T.);
#90850=ORIENTED_EDGE('',*,*,#89480,.F.);
#90860=CARTESIAN_POINT('',(12.105091,0.0249999999999986,4.68701305915478
));
#90870=DIRECTION('',(2.46519032881566E-32,-1.,-1.22460635382238E-16));
#90880=VECTOR('',#90870,1.);
#90890=LINE('',#90860,#90880);
#90900=CARTESIAN_POINT('',(12.105091,-7.13582300000001,4.68701305915477)
);
#90910=VERTEX_POINT('',#90900);
#90920=EDGE_CURVE('',#90910,#89390,#90890,.T.);
#90930=ORIENTED_EDGE('',*,*,#90920,.T.);
#90940=CARTESIAN_POINT('',(0.,-7.13582300000001,4.68701305915477));
#90950=DIRECTION('',(1.,0.,1.22460635382238E-16));
#90960=VECTOR('',#90950,1.);
#90970=LINE('',#90940,#90960);
#90980=EDGE_CURVE('',#90170,#90910,#90970,.T.);
#90990=ORIENTED_EDGE('',*,*,#90980,.T.);
#91000=EDGE_LOOP('',(#90990,#90930,#90850,#90840,#90780));
#91010=FACE_OUTER_BOUND('',#91000,.T.);
#91020=ADVANCED_FACE('',(#91010),#90770,.F.);
#91030=CARTESIAN_POINT('',(11.605091,-7.72582300000001,3.93701305915477)
);
#91040=DIRECTION('',(-0.707106781186551,0.707106781186544,
-8.65927457071939E-17));
#91050=DIRECTION('',(0.707106781186544,0.707106781186551,0.));
#91060=AXIS2_PLACEMENT_3D('',#91030,#91040,#91050);
#91070=PLANE('',#91060);
#91080=ORIENTED_EDGE('',*,*,#90830,.F.);
#91090=ORIENTED_EDGE('',*,*,#90520,.F.);
#91100=CARTESIAN_POINT('',(19.3559139999999,0.0249999999999986,
3.18701305915477));
#91110=DIRECTION('',(0.707106781186544,0.707106781186551,
1.38777878078145E-16));
#91120=VECTOR('',#91110,1.);
#91130=LINE('',#91100,#91120);
#91140=EDGE_CURVE('',#89120,#90450,#91130,.T.);
#91150=ORIENTED_EDGE('',*,*,#91140,.T.);
#91160=ORIENTED_EDGE('',*,*,#89540,.T.);
#91170=EDGE_LOOP('',(#91160,#91150,#91090,#91080));
#91180=FACE_OUTER_BOUND('',#91170,.T.);
#91190=ADVANCED_FACE('',(#91180),#91070,.F.);
#91200=CARTESIAN_POINT('',(12.105091,-7.82237813135978,3.95470344832604)
);
#91210=DIRECTION('',(1.,0.,1.22460635382238E-16));
#91220=DIRECTION('',(1.49966072182214E-32,-1.,-1.22460635382238E-16));
#91230=AXIS2_PLACEMENT_3D('',#91200,#91210,#91220);
#91240=PLANE('',#91230);
#91250=CARTESIAN_POINT('',(12.105091,-2.62582300000001,4.68701305915477)
);
#91260=DIRECTION('',(9.24446373305873E-33,1.,-4.40728183115358E-17));
#91270=VECTOR('',#91260,1.);
#91280=LINE('',#91250,#91270);
#91290=CARTESIAN_POINT('',(12.105091,-3.37582300000001,4.68701305915477)
);
#91300=VERTEX_POINT('',#91290);
#91310=CARTESIAN_POINT('',(12.105091,-1.87582300000001,4.68701305915477)
);
#91320=VERTEX_POINT('',#91310);
#91330=EDGE_CURVE('',#91300,#91320,#91280,.T.);
#91340=ORIENTED_EDGE('',*,*,#91330,.T.);
#91350=CARTESIAN_POINT('',(12.105091,-3.37582300000001,3.93701305915477)
);
#91360=DIRECTION('',(-1.22460635382238E-16,-1.22460635382238E-16,1.));
#91370=VECTOR('',#91360,1.);
#91380=LINE('',#91350,#91370);
#91390=CARTESIAN_POINT('',(12.105091,-3.37582300000001,3.18701305915477)
);
#91400=VERTEX_POINT('',#91390);
#91410=EDGE_CURVE('',#91400,#91300,#91380,.T.);
#91420=ORIENTED_EDGE('',*,*,#91410,.T.);
#91430=CARTESIAN_POINT('',(12.105091,-2.62582300000001,3.18701305915477)
);
#91440=DIRECTION('',(-1.84889274661175E-32,-1.,9.95839695427936E-17));
#91450=VECTOR('',#91440,1.);
#91460=LINE('',#91430,#91450);
#91470=CARTESIAN_POINT('',(12.105091,-1.87582300000001,3.18701305915477)
);
#91480=VERTEX_POINT('',#91470);
#91490=EDGE_CURVE('',#91480,#91400,#91460,.T.);
#91500=ORIENTED_EDGE('',*,*,#91490,.T.);
#91510=CARTESIAN_POINT('',(12.105091,-1.87582300000001,3.93701305915477)
);
#91520=DIRECTION('',(1.22460635382238E-16,1.22460635382238E-16,-1.));
#91530=VECTOR('',#91520,1.);
#91540=LINE('',#91510,#91530);
#91550=EDGE_CURVE('',#91320,#91480,#91540,.T.);
#91560=ORIENTED_EDGE('',*,*,#91550,.T.);
#91570=EDGE_LOOP('',(#91560,#91500,#91420,#91340));
#91580=FACE_BOUND('',#91570,.T.);
#91590=CARTESIAN_POINT('',(12.105091,-0.625823000000008,4.68701305915477
));
#91600=DIRECTION('',(9.24446373305873E-33,1.,-4.40728183115358E-17));
#91610=VECTOR('',#91600,1.);
#91620=LINE('',#91590,#91610);
#91630=CARTESIAN_POINT('',(12.105091,-1.37582300000001,4.68701305915477)
);
#91640=VERTEX_POINT('',#91630);
#91650=CARTESIAN_POINT('',(12.105091,0.124176999999992,4.68701305915477)
);
#91660=VERTEX_POINT('',#91650);
#91670=EDGE_CURVE('',#91640,#91660,#91620,.T.);
#91680=ORIENTED_EDGE('',*,*,#91670,.T.);
#91690=CARTESIAN_POINT('',(12.105091,-1.37582300000001,3.93701305915477)
);
#91700=DIRECTION('',(-1.22460635382238E-16,-1.22460635382238E-16,1.));
#91710=VECTOR('',#91700,1.);
#91720=LINE('',#91690,#91710);
#91730=CARTESIAN_POINT('',(12.105091,-1.37582300000001,3.18701305915477)
);
#91740=VERTEX_POINT('',#91730);
#91750=EDGE_CURVE('',#91740,#91640,#91720,.T.);
#91760=ORIENTED_EDGE('',*,*,#91750,.T.);
#91770=CARTESIAN_POINT('',(12.105091,-0.625823000000008,3.18701305915477
));
#91780=DIRECTION('',(-1.84889274661175E-32,-1.,9.95839695427936E-17));
#91790=VECTOR('',#91780,1.);
#91800=LINE('',#91770,#91790);
#91810=CARTESIAN_POINT('',(12.105091,0.124176999999992,3.18701305915477)
);
#91820=VERTEX_POINT('',#91810);
#91830=EDGE_CURVE('',#91820,#91740,#91800,.T.);
#91840=ORIENTED_EDGE('',*,*,#91830,.T.);
#91850=CARTESIAN_POINT('',(12.105091,0.124176999999992,3.93701305915477)
);
#91860=DIRECTION('',(1.22460635382238E-16,1.22460635382238E-16,-1.));
#91870=VECTOR('',#91860,1.);
#91880=LINE('',#91850,#91870);
#91890=EDGE_CURVE('',#91660,#91820,#91880,.T.);
#91900=ORIENTED_EDGE('',*,*,#91890,.T.);
#91910=EDGE_LOOP('',(#91900,#91840,#91760,#91680));
#91920=FACE_BOUND('',#91910,.T.);
#91930=CARTESIAN_POINT('',(12.105091,-4.62582300000001,4.68701305915477)
);
#91940=DIRECTION('',(9.24446373305873E-33,1.,-4.40728183115358E-17));
#91950=VECTOR('',#91940,1.);
#91960=LINE('',#91930,#91950);
#91970=CARTESIAN_POINT('',(12.105091,-5.37582300000001,4.68701305915477)
);
#91980=VERTEX_POINT('',#91970);
#91990=CARTESIAN_POINT('',(12.105091,-3.87582300000001,4.68701305915477)
);
#92000=VERTEX_POINT('',#91990);
#92010=EDGE_CURVE('',#91980,#92000,#91960,.T.);
#92020=ORIENTED_EDGE('',*,*,#92010,.T.);
#92030=CARTESIAN_POINT('',(12.105091,-5.37582300000001,3.93701305915477)
);
#92040=DIRECTION('',(-1.22460635382238E-16,-1.22460635382238E-16,1.));
#92050=VECTOR('',#92040,1.);
#92060=LINE('',#92030,#92050);
#92070=CARTESIAN_POINT('',(12.105091,-5.37582300000001,3.18701305915477)
);
#92080=VERTEX_POINT('',#92070);
#92090=EDGE_CURVE('',#92080,#91980,#92060,.T.);
#92100=ORIENTED_EDGE('',*,*,#92090,.T.);
#92110=CARTESIAN_POINT('',(12.105091,-4.62582300000001,3.18701305915477)
);
#92120=DIRECTION('',(-1.84889274661175E-32,-1.,9.95839695427936E-17));
#92130=VECTOR('',#92120,1.);
#92140=LINE('',#92110,#92130);
#92150=CARTESIAN_POINT('',(12.105091,-3.87582300000001,3.18701305915477)
);
#92160=VERTEX_POINT('',#92150);
#92170=EDGE_CURVE('',#92160,#92080,#92140,.T.);
#92180=ORIENTED_EDGE('',*,*,#92170,.T.);
#92190=CARTESIAN_POINT('',(12.105091,-3.87582300000001,3.93701305915477)
);
#92200=DIRECTION('',(1.22460635382238E-16,1.22460635382238E-16,-1.));
#92210=VECTOR('',#92200,1.);
#92220=LINE('',#92190,#92210);
#92230=EDGE_CURVE('',#92000,#92160,#92220,.T.);
#92240=ORIENTED_EDGE('',*,*,#92230,.T.);
#92250=EDGE_LOOP('',(#92240,#92180,#92100,#92020));
#92260=FACE_BOUND('',#92250,.T.);
#92270=CARTESIAN_POINT('',(12.105091,-8.32582300000001,1.83701305915479)
);
#92280=DIRECTION('',(1.,-6.12303176911189E-17,1.53035136646329E-16));
#92290=DIRECTION('',(6.12303176911189E-17,1.,7.49830360911069E-33));
#92300=AXIS2_PLACEMENT_3D('',#92270,#92280,#92290);
#92310=CIRCLE('',#92300,0.20000000000001);
#92320=CARTESIAN_POINT('',(12.105091,-8.52582300000002,1.83701305915477)
);
#92330=VERTEX_POINT('',#92320);
#92340=EDGE_CURVE('',#92330,#88880,#92310,.T.);
#92350=ORIENTED_EDGE('',*,*,#92340,.T.);
#92360=CARTESIAN_POINT('',(12.105091,-8.52582300000001,3.93701305915477)
);
#92370=DIRECTION('',(1.22460635382238E-16,0.,-1.));
#92380=VECTOR('',#92370,1.);
#92390=LINE('',#92360,#92380);
#92400=CARTESIAN_POINT('',(12.105091,-8.52582300000001,2.93701305915477)
);
#92410=VERTEX_POINT('',#92400);
#92420=EDGE_CURVE('',#92410,#92330,#92390,.T.);
#92430=ORIENTED_EDGE('',*,*,#92420,.T.);
#92440=CARTESIAN_POINT('',(12.105091,0.0249999999999986,2.93701305915477
));
#92450=DIRECTION('',(-2.46519032881566E-32,1.,1.22460635382238E-16));
#92460=VECTOR('',#92450,1.);
#92470=LINE('',#92440,#92460);
#92480=EDGE_CURVE('',#92410,#89200,#92470,.T.);
#92490=ORIENTED_EDGE('',*,*,#92480,.F.);
#92500=ORIENTED_EDGE('',*,*,#89210,.F.);
#92510=CARTESIAN_POINT('',(12.105091,0.0249999999999986,3.18701305915477
));
#92520=DIRECTION('',(-2.46519032881566E-32,1.,1.22460635382238E-16));
#92530=VECTOR('',#92520,1.);
#92540=LINE('',#92510,#92530);
#92550=EDGE_CURVE('',#89100,#89950,#92540,.T.);
#92560=ORIENTED_EDGE('',*,*,#92550,.F.);
#92570=ORIENTED_EDGE('',*,*,#89960,.T.);
#92580=CARTESIAN_POINT('',(12.105091,-5.87582300000001,3.93701305915477)
);
#92590=DIRECTION('',(1.22460635382238E-16,1.22460635382238E-16,-1.));
#92600=VECTOR('',#92590,1.);
#92610=LINE('',#92580,#92600);
#92620=CARTESIAN_POINT('',(12.105091,-5.87582300000001,4.68701305915477)
);
#92630=VERTEX_POINT('',#92620);
#92640=EDGE_CURVE('',#92630,#89870,#92610,.T.);
#92650=ORIENTED_EDGE('',*,*,#92640,.T.);
#92660=CARTESIAN_POINT('',(12.105091,-6.62582300000001,4.68701305915477)
);
#92670=DIRECTION('',(9.24446373305873E-33,1.,-4.40728183115358E-17));
#92680=VECTOR('',#92670,1.);
#92690=LINE('',#92660,#92680);
#92700=EDGE_CURVE('',#90910,#92630,#92690,.T.);
#92710=ORIENTED_EDGE('',*,*,#92700,.T.);
#92720=ORIENTED_EDGE('',*,*,#90920,.F.);
#92730=ORIENTED_EDGE('',*,*,#89400,.F.);
#92740=CARTESIAN_POINT('',(12.105091,-64.851139,4.93701305915477));
#92750=DIRECTION('',(0.,-1.,0.));
#92760=VECTOR('',#92750,1.);
#92770=LINE('',#92740,#92760);
#92780=CARTESIAN_POINT('',(12.105091,-8.52582300000001,4.93701305915477)
);
#92790=VERTEX_POINT('',#92780);
#92800=EDGE_CURVE('',#89350,#92790,#92770,.T.);
#92810=ORIENTED_EDGE('',*,*,#92800,.F.);
#92820=CARTESIAN_POINT('',(12.105091,-8.52582300000001,6.03701305915477)
);
#92830=DIRECTION('',(1.22460635382238E-16,0.,-1.));
#92840=VECTOR('',#92830,1.);
#92850=LINE('',#92820,#92840);
#92860=CARTESIAN_POINT('',(12.105091,-8.52582300000001,6.03701305915477)
);
#92870=VERTEX_POINT('',#92860);
#92880=EDGE_CURVE('',#92870,#92790,#92850,.T.);
#92890=ORIENTED_EDGE('',*,*,#92880,.T.);
#92900=CARTESIAN_POINT('',(12.105091,-8.32582299999999,6.03701305915472)
);
#92910=DIRECTION('',(1.,-6.12303176911189E-17,9.18861341181465E-17));
#92920=DIRECTION('',(6.12303176911189E-17,1.,7.49830360911069E-33));
#92930=AXIS2_PLACEMENT_3D('',#92900,#92910,#92920);
#92940=CIRCLE('',#92930,0.200000000000052);
#92950=CARTESIAN_POINT('',(12.105091,-8.32582300000001,6.23701305915477)
);
#92960=VERTEX_POINT('',#92950);
#92970=EDGE_CURVE('',#92960,#92870,#92940,.T.);
#92980=ORIENTED_EDGE('',*,*,#92970,.T.);
#92990=CARTESIAN_POINT('',(12.105091,-5.17582300000001,6.23701305915477)
);
#93000=DIRECTION('',(0.,-1.,0.));
#93010=VECTOR('',#93000,1.);
#93020=LINE('',#92990,#93010);
#93030=CARTESIAN_POINT('',(12.105091,-5.17582300000001,6.23701305915477)
);
#93040=VERTEX_POINT('',#93030);
#93050=EDGE_CURVE('',#93040,#92960,#93020,.T.);
#93060=ORIENTED_EDGE('',*,*,#93050,.T.);
#93070=CARTESIAN_POINT('',(12.105091,-5.17582300000001,8.68701305915477)
);
#93080=DIRECTION('',(1.22460635382238E-16,0.,-1.));
#93090=VECTOR('',#93080,1.);
#93100=LINE('',#93070,#93090);
#93110=CARTESIAN_POINT('',(12.105091,-5.17582300000001,6.13701305915477)
);
#93120=VERTEX_POINT('',#93110);
#93130=EDGE_CURVE('',#93040,#93120,#93100,.T.);
#93140=ORIENTED_EDGE('',*,*,#93130,.F.);
#93150=CARTESIAN_POINT('',(12.105091,-64.851139,6.13701305915477));
#93160=DIRECTION('',(0.,-1.,0.));
#93170=VECTOR('',#93160,1.);
#93180=LINE('',#93150,#93170);
#93190=CARTESIAN_POINT('',(12.105091,-2.17582300000001,6.13701305915477)
);
#93200=VERTEX_POINT('',#93190);
#93210=EDGE_CURVE('',#93200,#93120,#93180,.T.);
#93220=ORIENTED_EDGE('',*,*,#93210,.T.);
#93230=CARTESIAN_POINT('',(12.105091,-2.17582300000001,8.68701305915477)
);
#93240=DIRECTION('',(-1.22460635382238E-16,0.,1.));
#93250=VECTOR('',#93240,1.);
#93260=LINE('',#93230,#93250);
#93270=CARTESIAN_POINT('',(12.105091,-2.17582300000001,6.23701305915477)
);
#93280=VERTEX_POINT('',#93270);
#93290=EDGE_CURVE('',#93200,#93280,#93260,.T.);
#93300=ORIENTED_EDGE('',*,*,#93290,.F.);
#93310=CARTESIAN_POINT('',(12.105091,0.0249999999999986,6.23701305915476
));
#93320=DIRECTION('',(2.46519032881566E-32,-1.,-1.22460635382238E-16));
#93330=VECTOR('',#93320,1.);
#93340=LINE('',#93310,#93330);
#93350=CARTESIAN_POINT('',(12.105091,1.69280615010152,6.23701305915477))
;
#93360=VERTEX_POINT('',#93350);
#93370=EDGE_CURVE('',#93360,#93280,#93340,.T.);
#93380=ORIENTED_EDGE('',*,*,#93370,.T.);
#93390=CARTESIAN_POINT('',(12.105091,1.69280615010152,
9.79685083057902E-17));
#93400=DIRECTION('',(1.22460635382238E-16,0.,-1.));
#93410=VECTOR('',#93400,1.);
#93420=LINE('',#93390,#93410);
#93430=EDGE_CURVE('',#93360,#88430,#93420,.T.);
#93440=ORIENTED_EDGE('',*,*,#93430,.F.);
#93450=ORIENTED_EDGE('',*,*,#88950,.T.);
#93460=EDGE_LOOP('',(#93450,#93440,#93380,#93300,#93220,#93140,#93060,
#92980,#92890,#92810,#92730,#92720,#92710,#92650,#92570,#92560,#92500,
#92490,#92430,#92350));
#93470=FACE_OUTER_BOUND('',#93460,.T.);
#93480=ADVANCED_FACE('',(#91580,#91920,#92260,#93470),#91240,.T.);
#93490=CARTESIAN_POINT('',(11.855091,-2.07582300000001,3.93701305915477)
);
#93500=DIRECTION('',(0.624695047554425,-0.78086880944303,
-1.91251381109129E-17));
#93510=DIRECTION('',(-0.78086880944303,-0.624695047554425,0.));
#93520=AXIS2_PLACEMENT_3D('',#93490,#93500,#93510);
#93530=PLANE('',#93520);
#93540=CARTESIAN_POINT('',(0.,-11.5598958,12.8710858591548));
#93550=DIRECTION('',(0.662266178532522,0.529812942826018,
-0.529812942826017));
#93560=VECTOR('',#93550,1.);
#93570=LINE('',#93540,#93560);
#93580=CARTESIAN_POINT('',(11.605091,-2.27582300000001,3.58701305915477)
);
#93590=VERTEX_POINT('',#93580);
#93600=EDGE_CURVE('',#93590,#91480,#93570,.T.);
#93610=ORIENTED_EDGE('',*,*,#93600,.T.);
#93620=CARTESIAN_POINT('',(11.605091,-2.27582300000001,0.));
#93630=DIRECTION('',(-1.22460635382238E-16,-1.22460635382238E-16,1.));
#93640=VECTOR('',#93630,1.);
#93650=LINE('',#93620,#93640);
#93660=CARTESIAN_POINT('',(11.605091,-2.27582300000001,4.28701305915477)
);
#93670=VERTEX_POINT('',#93660);
#93680=EDGE_CURVE('',#93590,#93670,#93650,.T.);
#93690=ORIENTED_EDGE('',*,*,#93680,.F.);
#93700=CARTESIAN_POINT('',(0.,-11.5598958,-4.99705974084524));
#93710=DIRECTION('',(-0.662266178532522,-0.529812942826018,
-0.529812942826018));
#93720=VECTOR('',#93710,1.);
#93730=LINE('',#93700,#93720);
#93740=EDGE_CURVE('',#91320,#93670,#93730,.T.);
#93750=ORIENTED_EDGE('',*,*,#93740,.T.);
#93760=ORIENTED_EDGE('',*,*,#91550,.F.);
#93770=EDGE_LOOP('',(#93760,#93750,#93690,#93610));
#93780=FACE_OUTER_BOUND('',#93770,.T.);
#93790=ADVANCED_FACE('',(#93780),#93530,.T.);
#93800=CARTESIAN_POINT('',(11.855091,-2.62582300000001,4.48701305915477)
);
#93810=DIRECTION('',(0.624695047554425,-3.44150891637279E-17,
-0.78086880944303));
#93820=DIRECTION('',(-0.78086880944303,0.,-0.624695047554425));
#93830=AXIS2_PLACEMENT_3D('',#93800,#93810,#93820);
#93840=PLANE('',#93830);
#93850=ORIENTED_EDGE('',*,*,#93740,.F.);
#93860=CARTESIAN_POINT('',(11.605091,0.0249999999999986,4.28701305915477
));
#93870=DIRECTION('',(-5.91934497912173E-33,-1.,4.40728183115358E-17));
#93880=VECTOR('',#93870,1.);
#93890=LINE('',#93860,#93880);
#93900=CARTESIAN_POINT('',(11.605091,-2.97582300000001,4.28701305915477)
);
#93910=VERTEX_POINT('',#93900);
#93920=EDGE_CURVE('',#93670,#93910,#93890,.T.);
#93930=ORIENTED_EDGE('',*,*,#93920,.F.);
#93940=CARTESIAN_POINT('',(0.,6.3082498,-4.99705974084524));
#93950=DIRECTION('',(-0.662266178532522,0.529812942826018,
-0.529812942826018));
#93960=VECTOR('',#93950,1.);
#93970=LINE('',#93940,#93960);
#93980=EDGE_CURVE('',#91300,#93910,#93970,.T.);
#93990=ORIENTED_EDGE('',*,*,#93980,.T.);
#94000=ORIENTED_EDGE('',*,*,#91330,.F.);
#94010=EDGE_LOOP('',(#94000,#93990,#93930,#93850));
#94020=FACE_OUTER_BOUND('',#94010,.T.);
#94030=ADVANCED_FACE('',(#94020),#93840,.T.);
#94040=CARTESIAN_POINT('',(11.855091,-3.17582300000001,3.93701305915477)
);
#94050=DIRECTION('',(0.624695047554425,0.78086880944303,
1.72126242998217E-16));
#94060=DIRECTION('',(-0.78086880944303,0.624695047554425,0.));
#94070=AXIS2_PLACEMENT_3D('',#94040,#94050,#94060);
#94080=PLANE('',#94070);
#94090=ORIENTED_EDGE('',*,*,#93980,.F.);
#94100=CARTESIAN_POINT('',(11.605091,-2.97582300000001,0.));
#94110=DIRECTION('',(1.22460635382238E-16,1.22460635382238E-16,-1.));
#94120=VECTOR('',#94110,1.);
#94130=LINE('',#94100,#94120);
#94140=CARTESIAN_POINT('',(11.605091,-2.97582300000002,3.58701305915477)
);
#94150=VERTEX_POINT('',#94140);
#94160=EDGE_CURVE('',#93910,#94150,#94130,.T.);
#94170=ORIENTED_EDGE('',*,*,#94160,.F.);
#94180=CARTESIAN_POINT('',(0.,6.30824979999999,12.8710858591548));
#94190=DIRECTION('',(-0.662266178532522,0.529812942826018,
0.529812942826017));
#94200=VECTOR('',#94190,1.);
#94210=LINE('',#94180,#94200);
#94220=EDGE_CURVE('',#91400,#94150,#94210,.T.);
#94230=ORIENTED_EDGE('',*,*,#94220,.T.);
#94240=ORIENTED_EDGE('',*,*,#91410,.F.);
#94250=EDGE_LOOP('',(#94240,#94230,#94170,#94090));
#94260=FACE_OUTER_BOUND('',#94250,.T.);
#94270=ADVANCED_FACE('',(#94260),#94080,.T.);
#94280=CARTESIAN_POINT('',(11.855091,-2.62582300000001,3.38701305915477)
);
#94290=DIRECTION('',(0.624695047554424,7.77620157364922E-17,
0.78086880944303));
#94300=DIRECTION('',(-0.78086880944303,0.,0.624695047554424));
#94310=AXIS2_PLACEMENT_3D('',#94280,#94290,#94300);
#94320=PLANE('',#94310);
#94330=ORIENTED_EDGE('',*,*,#94220,.F.);
#94340=CARTESIAN_POINT('',(11.605091,0.0249999999999986,3.58701305915477
));
#94350=DIRECTION('',(7.89245997216231E-33,1.,-9.95839695427936E-17));
#94360=VECTOR('',#94350,1.);
#94370=LINE('',#94340,#94360);
#94380=EDGE_CURVE('',#94150,#93590,#94370,.T.);
#94390=ORIENTED_EDGE('',*,*,#94380,.F.);
#94400=ORIENTED_EDGE('',*,*,#93600,.F.);
#94410=ORIENTED_EDGE('',*,*,#91490,.F.);
#94420=EDGE_LOOP('',(#94410,#94400,#94390,#94330));
#94430=FACE_OUTER_BOUND('',#94420,.T.);
#94440=ADVANCED_FACE('',(#94430),#94320,.T.);
#94450=CARTESIAN_POINT('',(11.605091,-7.53458797273403,4.61320209009837)
);
#94460=DIRECTION('',(1.,0.,1.22460635382238E-16));
#94470=DIRECTION('',(1.49966072182214E-32,-1.,-1.22460635382238E-16));
#94480=AXIS2_PLACEMENT_3D('',#94450,#94460,#94470);
#94490=PLANE('',#94480);
#94500=ORIENTED_EDGE('',*,*,#94160,.T.);
#94510=ORIENTED_EDGE('',*,*,#93920,.T.);
#94520=ORIENTED_EDGE('',*,*,#93680,.T.);
#94530=ORIENTED_EDGE('',*,*,#94380,.T.);
#94540=EDGE_LOOP('',(#94530,#94520,#94510,#94500));
#94550=FACE_OUTER_BOUND('',#94540,.T.);
#94560=ADVANCED_FACE('',(#94550),#94490,.T.);
#94570=CARTESIAN_POINT('',(11.855091,-0.625823000000008,3.38701305915477
));
#94580=DIRECTION('',(0.624695047554424,7.77620157364922E-17,
0.78086880944303));
#94590=DIRECTION('',(-0.78086880944303,0.,0.624695047554424));
#94600=AXIS2_PLACEMENT_3D('',#94570,#94580,#94590);
#94610=PLANE('',#94600);
#94620=CARTESIAN_POINT('',(0.,8.3082498,12.8710858591548));
#94630=DIRECTION('',(-0.662266178532522,0.529812942826018,
0.529812942826017));
#94640=VECTOR('',#94630,1.);
#94650=LINE('',#94620,#94640);
#94660=CARTESIAN_POINT('',(11.605091,-0.975823000000009,3.58701305915476
));
#94670=VERTEX_POINT('',#94660);
#94680=EDGE_CURVE('',#91740,#94670,#94650,.T.);
#94690=ORIENTED_EDGE('',*,*,#94680,.F.);
#94700=CARTESIAN_POINT('',(11.605091,0.0249999999999986,3.58701305915477
));
#94710=DIRECTION('',(7.89245997216231E-33,1.,-9.95839695427936E-17));
#94720=VECTOR('',#94710,1.);
#94730=LINE('',#94700,#94720);
#94740=CARTESIAN_POINT('',(11.605091,-0.275823000000006,3.58701305915477
));
#94750=VERTEX_POINT('',#94740);
#94760=EDGE_CURVE('',#94670,#94750,#94730,.T.);
#94770=ORIENTED_EDGE('',*,*,#94760,.F.);
#94780=CARTESIAN_POINT('',(0.,-9.55989580000001,12.8710858591548));
#94790=DIRECTION('',(0.662266178532522,0.529812942826018,
-0.529812942826017));
#94800=VECTOR('',#94790,1.);
#94810=LINE('',#94780,#94800);
#94820=EDGE_CURVE('',#94750,#91820,#94810,.T.);
#94830=ORIENTED_EDGE('',*,*,#94820,.F.);
#94840=ORIENTED_EDGE('',*,*,#91830,.F.);
#94850=EDGE_LOOP('',(#94840,#94830,#94770,#94690));
#94860=FACE_OUTER_BOUND('',#94850,.T.);
#94870=ADVANCED_FACE('',(#94860),#94610,.T.);
#94880=CARTESIAN_POINT('',(11.855091,-1.17582300000001,3.93701305915477)
);
#94890=DIRECTION('',(0.624695047554425,0.78086880944303,
1.72126242998217E-16));
#94900=DIRECTION('',(-0.78086880944303,0.624695047554425,0.));
#94910=AXIS2_PLACEMENT_3D('',#94880,#94890,#94900);
#94920=PLANE('',#94910);
#94930=CARTESIAN_POINT('',(0.,8.3082498,-4.99705974084524));
#94940=DIRECTION('',(-0.662266178532522,0.529812942826018,
-0.529812942826018));
#94950=VECTOR('',#94940,1.);
#94960=LINE('',#94930,#94950);
#94970=CARTESIAN_POINT('',(11.605091,-0.975823000000009,4.28701305915477
));
#94980=VERTEX_POINT('',#94970);
#94990=EDGE_CURVE('',#91640,#94980,#94960,.T.);
#95000=ORIENTED_EDGE('',*,*,#94990,.F.);
#95010=CARTESIAN_POINT('',(11.605091,-0.975823000000009,0.));
#95020=DIRECTION('',(1.22460635382238E-16,1.22460635382238E-16,-1.));
#95030=VECTOR('',#95020,1.);
#95040=LINE('',#95010,#95030);
#95050=EDGE_CURVE('',#94980,#94670,#95040,.T.);
#95060=ORIENTED_EDGE('',*,*,#95050,.F.);
#95070=ORIENTED_EDGE('',*,*,#94680,.T.);
#95080=ORIENTED_EDGE('',*,*,#91750,.F.);
#95090=EDGE_LOOP('',(#95080,#95070,#95060,#95000));
#95100=FACE_OUTER_BOUND('',#95090,.T.);
#95110=ADVANCED_FACE('',(#95100),#94920,.T.);
#95120=CARTESIAN_POINT('',(11.855091,-0.625823000000008,4.48701305915477
));
#95130=DIRECTION('',(0.624695047554425,-3.44150891637279E-17,
-0.78086880944303));
#95140=DIRECTION('',(-0.78086880944303,0.,-0.624695047554425));
#95150=AXIS2_PLACEMENT_3D('',#95120,#95130,#95140);
#95160=PLANE('',#95150);
#95170=CARTESIAN_POINT('',(0.,-9.55989580000001,-4.99705974084524));
#95180=DIRECTION('',(-0.662266178532522,-0.529812942826018,
-0.529812942826018));
#95190=VECTOR('',#95180,1.);
#95200=LINE('',#95170,#95190);
#95210=CARTESIAN_POINT('',(11.605091,-0.275823000000006,4.28701305915477
));
#95220=VERTEX_POINT('',#95210);
#95230=EDGE_CURVE('',#91660,#95220,#95200,.T.);
#95240=ORIENTED_EDGE('',*,*,#95230,.F.);
#95250=CARTESIAN_POINT('',(11.605091,0.0249999999999986,4.28701305915477
));
#95260=DIRECTION('',(-5.91934497912173E-33,-1.,4.40728183115358E-17));
#95270=VECTOR('',#95260,1.);
#95280=LINE('',#95250,#95270);
#95290=EDGE_CURVE('',#95220,#94980,#95280,.T.);
#95300=ORIENTED_EDGE('',*,*,#95290,.F.);
#95310=ORIENTED_EDGE('',*,*,#94990,.T.);
#95320=ORIENTED_EDGE('',*,*,#91670,.F.);
#95330=EDGE_LOOP('',(#95320,#95310,#95300,#95240));
#95340=FACE_OUTER_BOUND('',#95330,.T.);
#95350=ADVANCED_FACE('',(#95340),#95160,.T.);
#95360=CARTESIAN_POINT('',(11.855091,-0.0758230000000077,
3.93701305915477));
#95370=DIRECTION('',(0.624695047554425,-0.78086880944303,
-1.91251381109129E-17));
#95380=DIRECTION('',(-0.78086880944303,-0.624695047554425,0.));
#95390=AXIS2_PLACEMENT_3D('',#95360,#95370,#95380);
#95400=PLANE('',#95390);
#95410=ORIENTED_EDGE('',*,*,#94820,.T.);
#95420=CARTESIAN_POINT('',(11.605091,-0.275823000000005,0.));
#95430=DIRECTION('',(-1.22460635382238E-16,-1.22460635382238E-16,1.));
#95440=VECTOR('',#95430,1.);
#95450=LINE('',#95420,#95440);
#95460=EDGE_CURVE('',#94750,#95220,#95450,.T.);
#95470=ORIENTED_EDGE('',*,*,#95460,.F.);
#95480=ORIENTED_EDGE('',*,*,#95230,.T.);
#95490=ORIENTED_EDGE('',*,*,#91890,.F.);
#95500=EDGE_LOOP('',(#95490,#95480,#95470,#95410));
#95510=FACE_OUTER_BOUND('',#95500,.T.);
#95520=ADVANCED_FACE('',(#95510),#95400,.T.);
#95530=CARTESIAN_POINT('',(11.605091,-7.53458797273403,4.61320209009837)
);
#95540=DIRECTION('',(1.,0.,1.22460635382238E-16));
#95550=DIRECTION('',(1.49966072182214E-32,-1.,-1.22460635382238E-16));
#95560=AXIS2_PLACEMENT_3D('',#95530,#95540,#95550);
#95570=PLANE('',#95560);
#95580=ORIENTED_EDGE('',*,*,#95050,.T.);
#95590=ORIENTED_EDGE('',*,*,#95290,.T.);
#95600=ORIENTED_EDGE('',*,*,#95460,.T.);
#95610=ORIENTED_EDGE('',*,*,#94760,.T.);
#95620=EDGE_LOOP('',(#95610,#95600,#95590,#95580));
#95630=FACE_OUTER_BOUND('',#95620,.T.);
#95640=ADVANCED_FACE('',(#95630),#95570,.T.);
#95650=CARTESIAN_POINT('',(11.855091,-4.07582300000001,3.93701305915477)
);
#95660=DIRECTION('',(0.624695047554424,-0.78086880944303,
-1.9125138110913E-17));
#95670=DIRECTION('',(-0.78086880944303,-0.624695047554424,0.));
#95680=AXIS2_PLACEMENT_3D('',#95650,#95660,#95670);
#95690=PLANE('',#95680);
#95700=CARTESIAN_POINT('',(0.,-13.5598958,12.8710858591548));
#95710=DIRECTION('',(0.662266178532522,0.529812942826018,
-0.529812942826018));
#95720=VECTOR('',#95710,1.);
#95730=LINE('',#95700,#95720);
#95740=CARTESIAN_POINT('',(11.605091,-4.27582300000001,3.58701305915477)
);
#95750=VERTEX_POINT('',#95740);
#95760=EDGE_CURVE('',#95750,#92160,#95730,.T.);
#95770=ORIENTED_EDGE('',*,*,#95760,.T.);
#95780=CARTESIAN_POINT('',(11.605091,-4.27582300000001,0.));
#95790=DIRECTION('',(-1.22460635382238E-16,-1.22460635382238E-16,1.));
#95800=VECTOR('',#95790,1.);
#95810=LINE('',#95780,#95800);
#95820=CARTESIAN_POINT('',(11.605091,-4.27582300000001,4.28701305915477)
);
#95830=VERTEX_POINT('',#95820);
#95840=EDGE_CURVE('',#95750,#95830,#95810,.T.);
#95850=ORIENTED_EDGE('',*,*,#95840,.F.);
#95860=CARTESIAN_POINT('',(0.,-13.5598958,-4.99705974084524));
#95870=DIRECTION('',(-0.662266178532522,-0.529812942826017,
-0.529812942826018));
#95880=VECTOR('',#95870,1.);
#95890=LINE('',#95860,#95880);
#95900=EDGE_CURVE('',#92000,#95830,#95890,.T.);
#95910=ORIENTED_EDGE('',*,*,#95900,.T.);
#95920=ORIENTED_EDGE('',*,*,#92230,.F.);
#95930=EDGE_LOOP('',(#95920,#95910,#95850,#95770));
#95940=FACE_OUTER_BOUND('',#95930,.T.);
#95950=ADVANCED_FACE('',(#95940),#95690,.T.);
#95960=CARTESIAN_POINT('',(11.855091,-4.62582300000001,4.48701305915477)
);
#95970=DIRECTION('',(0.624695047554425,-3.44150891637279E-17,
-0.78086880944303));
#95980=DIRECTION('',(-0.78086880944303,0.,-0.624695047554425));
#95990=AXIS2_PLACEMENT_3D('',#95960,#95970,#95980);
#96000=PLANE('',#95990);
#96010=ORIENTED_EDGE('',*,*,#95900,.F.);
#96020=CARTESIAN_POINT('',(11.605091,0.0249999999999986,4.28701305915477
));
#96030=DIRECTION('',(-5.91934497912173E-33,-1.,4.40728183115358E-17));
#96040=VECTOR('',#96030,1.);
#96050=LINE('',#96020,#96040);
#96060=CARTESIAN_POINT('',(11.605091,-4.97582300000001,4.28701305915477)
);
#96070=VERTEX_POINT('',#96060);
#96080=EDGE_CURVE('',#95830,#96070,#96050,.T.);
#96090=ORIENTED_EDGE('',*,*,#96080,.F.);
#96100=CARTESIAN_POINT('',(0.,4.30824980000002,-4.99705974084524));
#96110=DIRECTION('',(-0.662266178532521,0.529812942826019,
-0.529812942826017));
#96120=VECTOR('',#96110,1.);
#96130=LINE('',#96100,#96120);
#96140=EDGE_CURVE('',#91980,#96070,#96130,.T.);
#96150=ORIENTED_EDGE('',*,*,#96140,.T.);
#96160=ORIENTED_EDGE('',*,*,#92010,.F.);
#96170=EDGE_LOOP('',(#96160,#96150,#96090,#96010));
#96180=FACE_OUTER_BOUND('',#96170,.T.);
#96190=ADVANCED_FACE('',(#96180),#96000,.T.);
#96200=CARTESIAN_POINT('',(11.855091,-5.17582300000001,3.93701305915477)
);
#96210=DIRECTION('',(0.624695047554425,0.780868809443029,
1.72126242998217E-16));
#96220=DIRECTION('',(-0.780868809443029,0.624695047554425,0.));
#96230=AXIS2_PLACEMENT_3D('',#96200,#96210,#96220);
#96240=PLANE('',#96230);
#96250=ORIENTED_EDGE('',*,*,#96140,.F.);
#96260=CARTESIAN_POINT('',(11.605091,-4.97582300000001,0.));
#96270=DIRECTION('',(1.22460635382238E-16,1.22460635382238E-16,-1.));
#96280=VECTOR('',#96270,1.);
#96290=LINE('',#96260,#96280);
#96300=CARTESIAN_POINT('',(11.605091,-4.97582300000001,3.58701305915477)
);
#96310=VERTEX_POINT('',#96300);
#96320=EDGE_CURVE('',#96070,#96310,#96290,.T.);
#96330=ORIENTED_EDGE('',*,*,#96320,.F.);
#96340=CARTESIAN_POINT('',(0.,4.30824980000001,12.8710858591548));
#96350=DIRECTION('',(-0.662266178532521,0.529812942826019,
0.529812942826017));
#96360=VECTOR('',#96350,1.);
#96370=LINE('',#96340,#96360);
#96380=EDGE_CURVE('',#92080,#96310,#96370,.T.);
#96390=ORIENTED_EDGE('',*,*,#96380,.T.);
#96400=ORIENTED_EDGE('',*,*,#92090,.F.);
#96410=EDGE_LOOP('',(#96400,#96390,#96330,#96250));
#96420=FACE_OUTER_BOUND('',#96410,.T.);
#96430=ADVANCED_FACE('',(#96420),#96240,.T.);
#96440=CARTESIAN_POINT('',(11.855091,-4.62582300000001,3.38701305915477)
);
#96450=DIRECTION('',(0.624695047554424,7.77620157364922E-17,
0.78086880944303));
#96460=DIRECTION('',(-0.78086880944303,0.,0.624695047554424));
#96470=AXIS2_PLACEMENT_3D('',#96440,#96450,#96460);
#96480=PLANE('',#96470);
#96490=ORIENTED_EDGE('',*,*,#96380,.F.);
#96500=CARTESIAN_POINT('',(11.605091,0.0249999999999986,3.58701305915477
));
#96510=DIRECTION('',(7.89245997216231E-33,1.,-9.95839695427936E-17));
#96520=VECTOR('',#96510,1.);
#96530=LINE('',#96500,#96520);
#96540=EDGE_CURVE('',#96310,#95750,#96530,.T.);
#96550=ORIENTED_EDGE('',*,*,#96540,.F.);
#96560=ORIENTED_EDGE('',*,*,#95760,.F.);
#96570=ORIENTED_EDGE('',*,*,#92170,.F.);
#96580=EDGE_LOOP('',(#96570,#96560,#96550,#96490));
#96590=FACE_OUTER_BOUND('',#96580,.T.);
#96600=ADVANCED_FACE('',(#96590),#96480,.T.);
#96610=CARTESIAN_POINT('',(11.605091,-7.53458797273403,4.61320209009837)
);
#96620=DIRECTION('',(1.,0.,1.22460635382238E-16));
#96630=DIRECTION('',(1.49966072182214E-32,-1.,-1.22460635382238E-16));
#96640=AXIS2_PLACEMENT_3D('',#96610,#96620,#96630);
#96650=PLANE('',#96640);
#96660=ORIENTED_EDGE('',*,*,#96320,.T.);
#96670=ORIENTED_EDGE('',*,*,#96080,.T.);
#96680=ORIENTED_EDGE('',*,*,#95840,.T.);
#96690=ORIENTED_EDGE('',*,*,#96540,.T.);
#96700=EDGE_LOOP('',(#96690,#96680,#96670,#96660));
#96710=FACE_OUTER_BOUND('',#96700,.T.);
#96720=ADVANCED_FACE('',(#96710),#96650,.T.);
#96730=CARTESIAN_POINT('',(3.380091,-8.37582300000001,4.93701305915477))
;
#96740=DIRECTION('',(1.22460635382238E-16,0.,-1.));
#96750=DIRECTION('',(-1.,0.,-1.22460635382238E-16));
#96760=AXIS2_PLACEMENT_3D('',#96730,#96740,#96750);
#96770=PLANE('',#96760);
#96780=CARTESIAN_POINT('',(10.605091,0.,4.93701305915477));
#96790=DIRECTION('',(0.,1.,0.));
#96800=VECTOR('',#96790,1.);
#96810=LINE('',#96780,#96800);
#96820=CARTESIAN_POINT('',(10.605091,-8.82582300000001,4.93701305915477)
);
#96830=VERTEX_POINT('',#96820);
#96840=EDGE_CURVE('',#96830,#70630,#96810,.T.);
#96850=ORIENTED_EDGE('',*,*,#96840,.T.);
#96860=CARTESIAN_POINT('',(36.404663,-8.82582300000001,4.93701305915477)
);
#96870=DIRECTION('',(1.,0.,1.22460635382238E-16));
#96880=VECTOR('',#96870,1.);
#96890=LINE('',#96860,#96880);
#96900=CARTESIAN_POINT('',(11.805091,-8.82582300000002,4.93701305915477)
);
#96910=VERTEX_POINT('',#96900);
#96920=EDGE_CURVE('',#96830,#96910,#96890,.T.);
#96930=ORIENTED_EDGE('',*,*,#96920,.F.);
#96940=CARTESIAN_POINT('',(11.805091,-8.525823,4.93701305915477));
#96950=DIRECTION('',(1.22460635382238E-16,0.,-1.));
#96960=DIRECTION('',(-1.,0.,-1.22460635382238E-16));
#96970=AXIS2_PLACEMENT_3D('',#96940,#96950,#96960);
#96980=CIRCLE('',#96970,0.300000000000022);
#96990=EDGE_CURVE('',#92790,#96910,#96980,.T.);
#97000=ORIENTED_EDGE('',*,*,#96990,.T.);
#97010=ORIENTED_EDGE('',*,*,#92800,.T.);
#97020=ORIENTED_EDGE('',*,*,#89360,.F.);
#97030=ORIENTED_EDGE('',*,*,#59070,.T.);
#97040=ORIENTED_EDGE('',*,*,#58760,.T.);
#97050=ORIENTED_EDGE('',*,*,#45550,.F.);
#97060=ORIENTED_EDGE('',*,*,#69010,.T.);
#97070=ORIENTED_EDGE('',*,*,#70400,.F.);
#97080=ORIENTED_EDGE('',*,*,#70640,.F.);
#97090=EDGE_LOOP('',(#97080,#97070,#97060,#97050,#97040,#97030,#97020,
#97010,#97000,#96930,#96850));
#97100=FACE_OUTER_BOUND('',#97090,.T.);
#97110=ADVANCED_FACE('',(#97100),#96770,.T.);
#97120=CARTESIAN_POINT('',(11.355091,-5.17582300000001,6.33701305915477)
);
#97130=DIRECTION('',(0.,1.,0.));
#97140=DIRECTION('',(-1.,0.,-1.22460635382238E-16));
#97150=AXIS2_PLACEMENT_3D('',#97120,#97130,#97140);
#97160=PLANE('',#97150);
#97170=CARTESIAN_POINT('',(11.805091,-5.17582300000001,6.23701305915476)
);
#97180=DIRECTION('',(0.,-1.,0.));
#97190=DIRECTION('',(1.,0.,1.22460635382238E-16));
#97200=AXIS2_PLACEMENT_3D('',#97170,#97180,#97190);
#97210=CIRCLE('',#97200,0.300000000000012);
#97220=CARTESIAN_POINT('',(11.805091,-5.17582300000001,6.53701305915477)
);
#97230=VERTEX_POINT('',#97220);
#97240=EDGE_CURVE('',#93040,#97230,#97210,.T.);
#97250=ORIENTED_EDGE('',*,*,#97240,.F.);
#97260=CARTESIAN_POINT('',(36.404663,-5.17582300000001,6.53701305915477)
);
#97270=DIRECTION('',(-1.,0.,-1.22460635382238E-16));
#97280=VECTOR('',#97270,1.);
#97290=LINE('',#97260,#97280);
#97300=CARTESIAN_POINT('',(10.605091,-5.17582300000001,6.53701305915477)
);
#97310=VERTEX_POINT('',#97300);
#97320=EDGE_CURVE('',#97230,#97310,#97290,.T.);
#97330=ORIENTED_EDGE('',*,*,#97320,.F.);
#97340=CARTESIAN_POINT('',(10.605091,-5.17582300000001,0.));
#97350=DIRECTION('',(-1.22460635382238E-16,0.,1.));
#97360=VECTOR('',#97350,1.);
#97370=LINE('',#97340,#97360);
#97380=CARTESIAN_POINT('',(10.605091,-5.17582300000001,6.13701305915477)
);
#97390=VERTEX_POINT('',#97380);
#97400=EDGE_CURVE('',#97390,#97310,#97370,.T.);
#97410=ORIENTED_EDGE('',*,*,#97400,.T.);
#97420=CARTESIAN_POINT('',(36.404663,-5.17582300000001,6.13701305915477)
);
#97430=DIRECTION('',(-1.,0.,-1.22460635382238E-16));
#97440=VECTOR('',#97430,1.);
#97450=LINE('',#97420,#97440);
#97460=EDGE_CURVE('',#93120,#97390,#97450,.T.);
#97470=ORIENTED_EDGE('',*,*,#97460,.T.);
#97480=ORIENTED_EDGE('',*,*,#93130,.T.);
#97490=EDGE_LOOP('',(#97480,#97470,#97410,#97330,#97250));
#97500=FACE_OUTER_BOUND('',#97490,.T.);
#97510=ADVANCED_FACE('',(#97500),#97160,.T.);
#97520=CARTESIAN_POINT('',(11.355091,-3.67582300000001,6.13701305915477)
);
#97530=DIRECTION('',(-1.22460635382238E-16,0.,1.));
#97540=DIRECTION('',(1.,0.,1.22460635382238E-16));
#97550=AXIS2_PLACEMENT_3D('',#97520,#97530,#97540);
#97560=PLANE('',#97550);
#97570=ORIENTED_EDGE('',*,*,#65800,.T.);
#97580=ORIENTED_EDGE('',*,*,#65410,.T.);
#97590=ORIENTED_EDGE('',*,*,#72330,.F.);
#97600=CARTESIAN_POINT('',(36.404663,-2.17582300000001,6.13701305915477)
);
#97610=DIRECTION('',(-1.,0.,-1.22460635382238E-16));
#97620=VECTOR('',#97610,1.);
#97630=LINE('',#97600,#97620);
#97640=EDGE_CURVE('',#93200,#72260,#97630,.T.);
#97650=ORIENTED_EDGE('',*,*,#97640,.T.);
#97660=ORIENTED_EDGE('',*,*,#93210,.F.);
#97670=ORIENTED_EDGE('',*,*,#97460,.F.);
#97680=CARTESIAN_POINT('',(10.605091,0.,6.13701305915477));
#97690=DIRECTION('',(2.46519032881566E-32,-1.,-1.22460635382238E-16));
#97700=VECTOR('',#97690,1.);
#97710=LINE('',#97680,#97700);
#97720=EDGE_CURVE('',#97390,#62590,#97710,.T.);
#97730=ORIENTED_EDGE('',*,*,#97720,.F.);
#97740=ORIENTED_EDGE('',*,*,#62620,.F.);
#97750=EDGE_LOOP('',(#97740,#97730,#97670,#97660,#97650,#97590,#97580,
#97570));
#97760=FACE_OUTER_BOUND('',#97750,.T.);
#97770=ADVANCED_FACE('',(#97760),#97560,.T.);
#97780=CARTESIAN_POINT('',(11.355091,-2.17582300000001,6.33701305915477)
);
#97790=DIRECTION('',(0.,-1.,0.));
#97800=DIRECTION('',(1.,0.,1.22460635382238E-16));
#97810=AXIS2_PLACEMENT_3D('',#97780,#97790,#97800);
#97820=PLANE('',#97810);
#97830=ORIENTED_EDGE('',*,*,#93290,.T.);
#97840=ORIENTED_EDGE('',*,*,#97640,.F.);
#97850=ORIENTED_EDGE('',*,*,#72270,.T.);
#97860=CARTESIAN_POINT('',(36.404663,-2.17582300000001,6.53701305915477)
);
#97870=DIRECTION('',(-1.,0.,-1.22460635382238E-16));
#97880=VECTOR('',#97870,1.);
#97890=LINE('',#97860,#97880);
#97900=CARTESIAN_POINT('',(11.805091,-2.17582300000001,6.53701305915477)
);
#97910=VERTEX_POINT('',#97900);
#97920=EDGE_CURVE('',#97910,#72180,#97890,.T.);
#97930=ORIENTED_EDGE('',*,*,#97920,.T.);
#97940=CARTESIAN_POINT('',(11.805091,-2.17582300000001,6.23701305915477)
);
#97950=DIRECTION('',(0.,-1.,0.));
#97960=DIRECTION('',(1.,0.,1.22460635382238E-16));
#97970=AXIS2_PLACEMENT_3D('',#97940,#97950,#97960);
#97980=CIRCLE('',#97970,0.300000000000008);
#97990=EDGE_CURVE('',#93280,#97910,#97980,.T.);
#98000=ORIENTED_EDGE('',*,*,#97990,.T.);
#98010=EDGE_LOOP('',(#98000,#97930,#97850,#97840,#97830));
#98020=FACE_OUTER_BOUND('',#98010,.T.);
#98030=ADVANCED_FACE('',(#98020),#97820,.T.);
#98040=CARTESIAN_POINT('',(10.605091,-4.61686019651222,5.05562354373395)
);
#98050=DIRECTION('',(-1.,0.,-1.22460635382238E-16));
#98060=DIRECTION('',(-1.49966072182214E-32,1.,1.22460635382238E-16));
#98070=AXIS2_PLACEMENT_3D('',#98040,#98050,#98060);
#98080=PLANE('',#98070);
#98090=ORIENTED_EDGE('',*,*,#70720,.T.);
#98100=ORIENTED_EDGE('',*,*,#61900,.F.);
#98110=ORIENTED_EDGE('',*,*,#62370,.T.);
#98120=ORIENTED_EDGE('',*,*,#62680,.F.);
#98130=ORIENTED_EDGE('',*,*,#97720,.T.);
#98140=ORIENTED_EDGE('',*,*,#97400,.F.);
#98150=CARTESIAN_POINT('',(10.605091,0.0249999999999986,6.53701305915477
));
#98160=DIRECTION('',(-2.46519032881566E-32,1.,1.22460635382238E-16));
#98170=VECTOR('',#98160,1.);
#98180=LINE('',#98150,#98170);
#98190=CARTESIAN_POINT('',(10.605091,-8.32582300000001,6.53701305915477)
);
#98200=VERTEX_POINT('',#98190);
#98210=EDGE_CURVE('',#98200,#97310,#98180,.T.);
#98220=ORIENTED_EDGE('',*,*,#98210,.T.);
#98230=CARTESIAN_POINT('',(10.605091,-8.325823,6.03701305915474));
#98240=DIRECTION('',(1.,0.,1.22460635382238E-16));
#98250=DIRECTION('',(0.,1.,0.));
#98260=AXIS2_PLACEMENT_3D('',#98230,#98240,#98250);
#98270=CIRCLE('',#98260,0.500000000000029);
#98280=CARTESIAN_POINT('',(10.605091,-8.82582300000003,6.03701305915474)
);
#98290=VERTEX_POINT('',#98280);
#98300=EDGE_CURVE('',#98200,#98290,#98270,.T.);
#98310=ORIENTED_EDGE('',*,*,#98300,.F.);
#98320=CARTESIAN_POINT('',(10.605091,-8.82582300000001,0.));
#98330=DIRECTION('',(-1.22460635382238E-16,0.,1.));
#98340=VECTOR('',#98330,1.);
#98350=LINE('',#98320,#98340);
#98360=EDGE_CURVE('',#96830,#98290,#98350,.T.);
#98370=ORIENTED_EDGE('',*,*,#98360,.T.);
#98380=ORIENTED_EDGE('',*,*,#96840,.F.);
#98390=EDGE_LOOP('',(#98380,#98370,#98310,#98220,#98140,#98130,#98120,
#98110,#98100,#98090));
#98400=FACE_OUTER_BOUND('',#98390,.T.);
#98410=ADVANCED_FACE('',(#98400),#98080,.T.);
#98420=CARTESIAN_POINT('',(11.805091,-5.17581299999999,6.23701305915476)
);
#98430=DIRECTION('',(0.,-1.,0.));
#98440=DIRECTION('',(1.,0.,1.22460635382238E-16));
#98450=AXIS2_PLACEMENT_3D('',#98420,#98430,#98440);
#98460=CYLINDRICAL_SURFACE('',#98450,0.300000000000012);
#98470=CARTESIAN_POINT('',(11.805091,-8.32582300000003,6.23701305915476)
);
#98480=DIRECTION('',(4.73695157173418E-14,-1.,4.73695157173422E-14));
#98490=DIRECTION('',(1.22460635382238E-16,-4.73695157173422E-14,-1.));
#98500=AXIS2_PLACEMENT_3D('',#98470,#98480,#98490);
#98510=CIRCLE('',#98500,0.300000000000008);
#98520=CARTESIAN_POINT('',(11.805091,-8.32582300000001,6.53701305915477)
);
#98530=VERTEX_POINT('',#98520);
#98540=EDGE_CURVE('',#92960,#98530,#98510,.T.);
#98550=ORIENTED_EDGE('',*,*,#98540,.F.);
#98560=CARTESIAN_POINT('',(11.805091,-5.17582300000001,6.53701305915477)
);
#98570=DIRECTION('',(0.,-1.,0.));
#98580=VECTOR('',#98570,1.);
#98590=LINE('',#98560,#98580);
#98600=EDGE_CURVE('',#97230,#98530,#98590,.T.);
#98610=ORIENTED_EDGE('',*,*,#98600,.T.);
#98620=ORIENTED_EDGE('',*,*,#97240,.T.);
#98630=ORIENTED_EDGE('',*,*,#93050,.F.);
#98640=EDGE_LOOP('',(#98630,#98620,#98610,#98550));
#98650=FACE_OUTER_BOUND('',#98640,.T.);
#98660=ADVANCED_FACE('',(#98650),#98460,.T.);
#98670=CARTESIAN_POINT('',(10.605085,-8.325823,6.03701305915474));
#98680=DIRECTION('',(1.,0.,1.22460635382238E-16));
#98690=DIRECTION('',(0.,1.,0.));
#98700=AXIS2_PLACEMENT_3D('',#98670,#98680,#98690);
#98710=CYLINDRICAL_SURFACE('',#98700,0.500000000000029);
#98720=CARTESIAN_POINT('',(10.605091,-8.82582300000001,6.03701305915477)
);
#98730=DIRECTION('',(1.,0.,1.22460635382238E-16));
#98740=VECTOR('',#98730,1.);
#98750=LINE('',#98720,#98740);
#98760=CARTESIAN_POINT('',(11.805091,-8.82582300000003,6.03701305915474)
);
#98770=VERTEX_POINT('',#98760);
#98780=EDGE_CURVE('',#98290,#98770,#98750,.T.);
#98790=ORIENTED_EDGE('',*,*,#98780,.T.);
#98800=ORIENTED_EDGE('',*,*,#98300,.T.);
#98810=CARTESIAN_POINT('',(10.605091,-8.32582300000001,6.53701305915477)
);
#98820=DIRECTION('',(1.,0.,1.22460635382238E-16));
#98830=VECTOR('',#98820,1.);
#98840=LINE('',#98810,#98830);
#98850=EDGE_CURVE('',#98200,#98530,#98840,.T.);
#98860=ORIENTED_EDGE('',*,*,#98850,.F.);
#98870=CARTESIAN_POINT('',(11.805091,-8.32582300000001,6.03701305915478)
);
#98880=DIRECTION('',(1.,-6.12303176911189E-17,9.18861341181465E-17));
#98890=DIRECTION('',(6.12303176911189E-17,1.,7.49830360911069E-33));
#98900=AXIS2_PLACEMENT_3D('',#98870,#98880,#98890);
#98910=CIRCLE('',#98900,0.499999999999996);
#98920=EDGE_CURVE('',#98530,#98770,#98910,.T.);
#98930=ORIENTED_EDGE('',*,*,#98920,.F.);
#98940=EDGE_LOOP('',(#98930,#98860,#98800,#98790));
#98950=FACE_OUTER_BOUND('',#98940,.T.);
#98960=ADVANCED_FACE('',(#98950),#98710,.T.);
#98970=CARTESIAN_POINT('',(5.51883323959032,3.4959156570801,
6.53701305915477));
#98980=DIRECTION('',(1.22460635382238E-16,1.22460635382238E-16,-1.));
#98990=DIRECTION('',(-1.49966072182214E-32,1.,1.22460635382238E-16));
#99000=AXIS2_PLACEMENT_3D('',#98970,#98980,#98990);
#99010=PLANE('',#99000);
#99020=ORIENTED_EDGE('',*,*,#97320,.T.);
#99030=ORIENTED_EDGE('',*,*,#98600,.F.);
#99040=ORIENTED_EDGE('',*,*,#98850,.T.);
#99050=ORIENTED_EDGE('',*,*,#98210,.F.);
#99060=EDGE_LOOP('',(#99050,#99040,#99030,#99020));
#99070=FACE_OUTER_BOUND('',#99060,.T.);
#99080=ADVANCED_FACE('',(#99070),#99010,.F.);
#99090=ORIENTED_EDGE('',*,*,#98780,.F.);
#99100=CARTESIAN_POINT('',(11.805091,-8.82582300000001,6.03701305915477)
);
#99110=DIRECTION('',(1.22460635382238E-16,0.,-1.));
#99120=VECTOR('',#99110,1.);
#99130=LINE('',#99100,#99120);
#99140=EDGE_CURVE('',#98770,#96910,#99130,.T.);
#99150=ORIENTED_EDGE('',*,*,#99140,.F.);
#99160=ORIENTED_EDGE('',*,*,#96920,.T.);
#99170=ORIENTED_EDGE('',*,*,#98360,.F.);
#99180=EDGE_LOOP('',(#99170,#99160,#99150,#99090));
#99190=FACE_OUTER_BOUND('',#99180,.T.);
#99200=ADVANCED_FACE('',(#99190),#68630,.F.);
#99210=CARTESIAN_POINT('',(11.805091,-8.525823,6.03702305915477));
#99220=DIRECTION('',(1.22460635382238E-16,0.,-1.));
#99230=DIRECTION('',(-1.,0.,-1.22460635382238E-16));
#99240=AXIS2_PLACEMENT_3D('',#99210,#99220,#99230);
#99250=CYLINDRICAL_SURFACE('',#99240,0.300000000000022);
#99260=ORIENTED_EDGE('',*,*,#96990,.F.);
#99270=ORIENTED_EDGE('',*,*,#99140,.T.);
#99280=CARTESIAN_POINT('',(11.8050909999999,-8.52582299999997,
6.03701305915477));
#99290=DIRECTION('',(1.22460635382238E-16,1.61554255216634E-15,-1.));
#99300=DIRECTION('',(-1.97840367425332E-31,1.,1.61554255216634E-15));
#99310=AXIS2_PLACEMENT_3D('',#99280,#99290,#99300);
#99320=CIRCLE('',#99310,0.300000000000053);
#99330=EDGE_CURVE('',#92870,#98770,#99320,.T.);
#99340=ORIENTED_EDGE('',*,*,#99330,.T.);
#99350=ORIENTED_EDGE('',*,*,#92880,.F.);
#99360=EDGE_LOOP('',(#99350,#99340,#99270,#99260));
#99370=FACE_OUTER_BOUND('',#99360,.T.);
#99380=ADVANCED_FACE('',(#99370),#99250,.T.);
#99390=CARTESIAN_POINT('',(11.805091,-8.32582300000002,6.03701305915478)
);
#99400=DIRECTION('',(1.,2.36844025952959E-14,3.08301095979423E-15));
#99410=DIRECTION('',(-4.26201467712887E-15,0.0499421917326242,
0.998752110127905));
#99420=AXIS2_PLACEMENT_3D('',#99390,#99400,#99410);
#99430=DEGENERATE_TOROIDAL_SURFACE('',#99420,0.200000000000003,
0.299999999999978,.T.);
#99440=ORIENTED_EDGE('',*,*,#98540,.T.);
#99450=ORIENTED_EDGE('',*,*,#92970,.F.);
#99460=ORIENTED_EDGE('',*,*,#99330,.F.);
#99470=ORIENTED_EDGE('',*,*,#98920,.T.);
#99480=EDGE_LOOP('',(#99470,#99460,#99450,#99440));
#99490=FACE_OUTER_BOUND('',#99480,.T.);
#99500=ADVANCED_FACE('',(#99490),#99430,.T.);
#99510=CARTESIAN_POINT('',(11.855091,-6.07582300000001,3.93701305915477)
);
#99520=DIRECTION('',(0.624695047554425,-0.78086880944303,
-1.91251381109129E-17));
#99530=DIRECTION('',(-0.78086880944303,-0.624695047554425,0.));
#99540=AXIS2_PLACEMENT_3D('',#99510,#99520,#99530);
#99550=PLANE('',#99540);
#99560=ORIENTED_EDGE('',*,*,#89880,.T.);
#99570=CARTESIAN_POINT('',(11.605091,-6.27582300000001,0.));
#99580=DIRECTION('',(-1.22460635382238E-16,-1.22460635382238E-16,1.));
#99590=VECTOR('',#99580,1.);
#99600=LINE('',#99570,#99590);
#99610=CARTESIAN_POINT('',(11.605091,-6.27582300000001,4.28701305915477)
);
#99620=VERTEX_POINT('',#99610);
#99630=EDGE_CURVE('',#89790,#99620,#99600,.T.);
#99640=ORIENTED_EDGE('',*,*,#99630,.F.);
#99650=CARTESIAN_POINT('',(0.,-15.5598958,-4.99705974084524));
#99660=DIRECTION('',(-0.662266178532522,-0.529812942826018,
-0.529812942826018));
#99670=VECTOR('',#99660,1.);
#99680=LINE('',#99650,#99670);
#99690=EDGE_CURVE('',#92630,#99620,#99680,.T.);
#99700=ORIENTED_EDGE('',*,*,#99690,.T.);
#99710=ORIENTED_EDGE('',*,*,#92640,.F.);
#99720=EDGE_LOOP('',(#99710,#99700,#99640,#99560));
#99730=FACE_OUTER_BOUND('',#99720,.T.);
#99740=ADVANCED_FACE('',(#99730),#99550,.T.);
#99750=CARTESIAN_POINT('',(11.855091,-6.62582300000001,4.48701305915477)
);
#99760=DIRECTION('',(0.624695047554425,-3.44150891637279E-17,
-0.78086880944303));
#99770=DIRECTION('',(-0.78086880944303,0.,-0.624695047554425));
#99780=AXIS2_PLACEMENT_3D('',#99750,#99760,#99770);
#99790=PLANE('',#99780);
#99800=ORIENTED_EDGE('',*,*,#99690,.F.);
#99810=CARTESIAN_POINT('',(11.605091,0.0249999999999986,4.28701305915477
));
#99820=DIRECTION('',(-5.91934497912173E-33,-1.,4.40728183115358E-17));
#99830=VECTOR('',#99820,1.);
#99840=LINE('',#99810,#99830);
#99850=CARTESIAN_POINT('',(11.605091,-6.97582300000001,4.28701305915477)
);
#99860=VERTEX_POINT('',#99850);
#99870=EDGE_CURVE('',#99620,#99860,#99840,.T.);
#99880=ORIENTED_EDGE('',*,*,#99870,.F.);
#99890=CARTESIAN_POINT('',(0.,2.30824980000002,-4.99705974084524));
#99900=DIRECTION('',(-0.662266178532521,0.529812942826019,
-0.529812942826017));
#99910=VECTOR('',#99900,1.);
#99920=LINE('',#99890,#99910);
#99930=EDGE_CURVE('',#90270,#99860,#99920,.T.);
#99940=ORIENTED_EDGE('',*,*,#99930,.T.);
#99950=CARTESIAN_POINT('',(0.,-7.13582300000001,-4.99705974084524));
#99960=DIRECTION('',(0.78086880944303,-5.55111512312578E-17,
0.624695047554425));
#99970=VECTOR('',#99960,1.);
#99980=LINE('',#99950,#99970);
#99990=EDGE_CURVE('',#90270,#90910,#99980,.T.);
#100000=ORIENTED_EDGE('',*,*,#99990,.F.);
#100010=ORIENTED_EDGE('',*,*,#92700,.F.);
#100020=EDGE_LOOP('',(#100010,#100000,#99940,#99880,#99800));
#100030=FACE_OUTER_BOUND('',#100020,.T.);
#100040=ADVANCED_FACE('',(#100030),#99790,.T.);
#100050=ORIENTED_EDGE('',*,*,#90280,.T.);
#100060=ORIENTED_EDGE('',*,*,#90980,.F.);
#100070=ORIENTED_EDGE('',*,*,#99990,.T.);
#100080=EDGE_LOOP('',(#100070,#100060,#100050));
#100090=FACE_OUTER_BOUND('',#100080,.T.);
#100100=ADVANCED_FACE('',(#100090),#90610,.F.);
#100110=CARTESIAN_POINT('',(11.855091,-7.17582300000001,3.93701305915477
));
#100120=DIRECTION('',(0.624695047554425,0.780868809443029,
1.72126242998217E-16));
#100130=DIRECTION('',(-0.780868809443029,0.624695047554425,0.));
#100140=AXIS2_PLACEMENT_3D('',#100110,#100120,#100130);
#100150=PLANE('',#100140);
#100160=ORIENTED_EDGE('',*,*,#99930,.F.);
#100170=CARTESIAN_POINT('',(11.605091,-6.97582300000001,0.));
#100180=DIRECTION('',(1.22460635382238E-16,1.22460635382238E-16,-1.));
#100190=VECTOR('',#100180,1.);
#100200=LINE('',#100170,#100190);
#100210=EDGE_CURVE('',#99860,#89710,#100200,.T.);
#100220=ORIENTED_EDGE('',*,*,#100210,.F.);
#100230=ORIENTED_EDGE('',*,*,#89720,.T.);
#100240=ORIENTED_EDGE('',*,*,#90340,.T.);
#100250=EDGE_LOOP('',(#100240,#100230,#100220,#100160));
#100260=FACE_OUTER_BOUND('',#100250,.T.);
#100270=ADVANCED_FACE('',(#100260),#100150,.T.);
#100280=CARTESIAN_POINT('',(12.105091,-7.37582300000001,3.18701305915477
));
#100290=DIRECTION('',(-1.22460635382238E-16,-1.22460635382238E-16,1.));
#100300=DIRECTION('',(-1.49966072182214E-32,1.,1.22460635382238E-16));
#100310=AXIS2_PLACEMENT_3D('',#100280,#100290,#100300);
#100320=PLANE('',#100310);
#100330=ORIENTED_EDGE('',*,*,#89130,.F.);
#100340=ORIENTED_EDGE('',*,*,#91140,.F.);
#100350=ORIENTED_EDGE('',*,*,#90460,.T.);
#100360=ORIENTED_EDGE('',*,*,#90680,.F.);
#100370=ORIENTED_EDGE('',*,*,#92550,.T.);
#100380=EDGE_LOOP('',(#100370,#100360,#100350,#100340,#100330));
#100390=FACE_OUTER_BOUND('',#100380,.T.);
#100400=ADVANCED_FACE('',(#100390),#100320,.T.);
#100410=CARTESIAN_POINT('',(11.605091,-7.53458797273403,4.61320209009837
));
#100420=DIRECTION('',(1.,0.,1.22460635382238E-16));
#100430=DIRECTION('',(1.49966072182214E-32,-1.,-1.22460635382238E-16));
#100440=AXIS2_PLACEMENT_3D('',#100410,#100420,#100430);
#100450=PLANE('',#100440);
#100460=ORIENTED_EDGE('',*,*,#100210,.T.);
#100470=ORIENTED_EDGE('',*,*,#99870,.T.);
#100480=ORIENTED_EDGE('',*,*,#99630,.T.);
#100490=ORIENTED_EDGE('',*,*,#89800,.T.);
#100500=EDGE_LOOP('',(#100490,#100480,#100470,#100460));
#100510=FACE_OUTER_BOUND('',#100500,.T.);
#100520=ADVANCED_FACE('',(#100510),#100450,.T.);
#100530=CARTESIAN_POINT('',(10.605091,-8.82582300000001,2.93701305915477
));
#100540=DIRECTION('',(-1.22460635382238E-16,-1.22460635382238E-16,1.));
#100550=DIRECTION('',(1.,2.81976676914726E-49,1.22460635382238E-16));
#100560=AXIS2_PLACEMENT_3D('',#100530,#100540,#100550);
#100570=PLANE('',#100560);
#100580=ORIENTED_EDGE('',*,*,#59000,.T.);
#100590=ORIENTED_EDGE('',*,*,#89270,.T.);
#100600=ORIENTED_EDGE('',*,*,#92480,.T.);
#100610=CARTESIAN_POINT('',(11.805091,-8.52582300000003,2.93701305915477
));
#100620=DIRECTION('',(1.22460635382238E-16,0.,-1.));
#100630=DIRECTION('',(-1.,0.,-1.22460635382238E-16));
#100640=AXIS2_PLACEMENT_3D('',#100610,#100620,#100630);
#100650=CIRCLE('',#100640,0.299999999999969);
#100660=EDGE_CURVE('',#92410,#68690,#100650,.T.);
#100670=ORIENTED_EDGE('',*,*,#100660,.F.);
#100680=ORIENTED_EDGE('',*,*,#68720,.F.);
#100690=ORIENTED_EDGE('',*,*,#71930,.F.);
#100700=ORIENTED_EDGE('',*,*,#67350,.F.);
#100710=ORIENTED_EDGE('',*,*,#68540,.F.);
#100720=ORIENTED_EDGE('',*,*,#68000,.F.);
#100730=ORIENTED_EDGE('',*,*,#71790,.F.);
#100740=ORIENTED_EDGE('',*,*,#58550,.F.);
#100750=EDGE_LOOP('',(#100740,#100730,#100720,#100710,#100700,#100690,
#100680,#100670,#100600,#100590,#100580));
#100760=FACE_OUTER_BOUND('',#100750,.T.);
#100770=ADVANCED_FACE('',(#100760),#100570,.T.);
#100780=CARTESIAN_POINT('',(9.80509099999999,1.56812606421639,0.));
#100790=DIRECTION('',(-1.22460635382238E-16,-1.22460635382238E-16,1.));
#100800=DIRECTION('',(1.,0.,1.22460635382238E-16));
#100810=AXIS2_PLACEMENT_3D('',#100780,#100790,#100800);
#100820=CYLINDRICAL_SURFACE('',#100810,0.800000000000013);
#100830=CARTESIAN_POINT('',(9.80509099999999,1.56812606421639,
6.53701305915477));
#100840=DIRECTION('',(-1.22460635382238E-16,-1.22460635382238E-16,1.));
#100850=DIRECTION('',(1.,0.,1.22460635382238E-16));
#100860=AXIS2_PLACEMENT_3D('',#100830,#100840,#100850);
#100870=CIRCLE('',#100860,0.800000000000013);
#100880=EDGE_CURVE('',#72100,#87100,#100870,.T.);
#100890=ORIENTED_EDGE('',*,*,#100880,.T.);
#100900=ORIENTED_EDGE('',*,*,#72110,.F.);
#100910=ORIENTED_EDGE('',*,*,#87480,.F.);
#100920=ORIENTED_EDGE('',*,*,#87170,.T.);
#100930=EDGE_LOOP('',(#100920,#100910,#100900,#100890));
#100940=FACE_OUTER_BOUND('',#100930,.T.);
#100950=ADVANCED_FACE('',(#100940),#100820,.F.);
#100960=ORIENTED_EDGE('',*,*,#100880,.F.);
#100970=ORIENTED_EDGE('',*,*,#87110,.T.);
#100980=ORIENTED_EDGE('',*,*,#86770,.F.);
#100990=CARTESIAN_POINT('',(0.,4.22417699999999,6.53701305915477));
#101000=DIRECTION('',(1.,0.,1.22460635382238E-16));
#101010=VECTOR('',#101000,1.);
#101020=LINE('',#100990,#101010);
#101030=CARTESIAN_POINT('',(5.125091,4.22417699999999,6.53701305915477))
;
#101040=VERTEX_POINT('',#101030);
#101050=EDGE_CURVE('',#86700,#101040,#101020,.T.);
#101060=ORIENTED_EDGE('',*,*,#101050,.F.);
#101070=CARTESIAN_POINT('',(5.125091,2.72417699999999,6.53701305915477))
;
#101080=DIRECTION('',(1.22460635382238E-16,1.22460635382238E-16,-1.));
#101090=DIRECTION('',(-1.49966072182214E-32,1.,1.22460635382238E-16));
#101100=AXIS2_PLACEMENT_3D('',#101070,#101080,#101090);
#101110=CIRCLE('',#101100,1.5);
#101120=CARTESIAN_POINT('',(5.73962891183151,4.09251290719594,
6.53701305915477));
#101130=VERTEX_POINT('',#101120);
#101140=EDGE_CURVE('',#101040,#101130,#101110,.T.);
#101150=ORIENTED_EDGE('',*,*,#101140,.F.);
#101160=CARTESIAN_POINT('',(0.,6.67025682783369,6.53701305915477));
#101170=DIRECTION('',(0.912223938130634,-0.409691941221007,
6.15403876414576E-17));
#101180=VECTOR('',#101170,1.);
#101190=LINE('',#101160,#101180);
#101200=EDGE_CURVE('',#101130,#72730,#101190,.T.);
#101210=ORIENTED_EDGE('',*,*,#101200,.F.);
#101220=ORIENTED_EDGE('',*,*,#72740,.F.);
#101230=CARTESIAN_POINT('',(13.6800039312881,0.0249999999999985,
6.53701305915477));
#101240=DIRECTION('',(0.707106781186547,-0.707106781186548,0.));
#101250=VECTOR('',#101240,1.);
#101260=LINE('',#101230,#101250);
#101270=CARTESIAN_POINT('',(11.6586443905933,2.04635954069479,
6.53701305915477));
#101280=VERTEX_POINT('',#101270);
#101290=EDGE_CURVE('',#72650,#101280,#101260,.T.);
#101300=ORIENTED_EDGE('',*,*,#101290,.F.);
#101310=CARTESIAN_POINT('',(11.305091,1.69280615010152,6.53701305915477)
);
#101320=DIRECTION('',(1.22460635382238E-16,0.,-1.));
#101330=DIRECTION('',(-1.,0.,-1.22460635382238E-16));
#101340=AXIS2_PLACEMENT_3D('',#101310,#101320,#101330);
#101350=CIRCLE('',#101340,0.5);
#101360=CARTESIAN_POINT('',(11.805091,1.69280615010152,6.53701305915477)
);
#101370=VERTEX_POINT('',#101360);
#101380=EDGE_CURVE('',#101280,#101370,#101350,.T.);
#101390=ORIENTED_EDGE('',*,*,#101380,.F.);
#101400=CARTESIAN_POINT('',(11.805091,0.0249999999999985,
6.53701305915477));
#101410=DIRECTION('',(2.46519032881566E-32,-1.,-1.22460635382238E-16));
#101420=VECTOR('',#101410,1.);
#101430=LINE('',#101400,#101420);
#101440=EDGE_CURVE('',#101370,#97910,#101430,.T.);
#101450=ORIENTED_EDGE('',*,*,#101440,.F.);
#101460=ORIENTED_EDGE('',*,*,#97920,.F.);
#101470=ORIENTED_EDGE('',*,*,#72190,.F.);
#101480=EDGE_LOOP('',(#101470,#101460,#101450,#101390,#101300,#101220,
#101210,#101150,#101060,#100980,#100970,#100960));
#101490=FACE_OUTER_BOUND('',#101480,.T.);
#101500=ADVANCED_FACE('',(#101490),#99010,.F.);
#101510=CARTESIAN_POINT('',(11.805091,0.0249999999999986,
6.23701305915476));
#101520=DIRECTION('',(2.46519032881566E-32,-1.,-1.22460635382238E-16));
#101530=DIRECTION('',(0.,-1.22460635382238E-16,1.));
#101540=AXIS2_PLACEMENT_3D('',#101510,#101520,#101530);
#101550=CYLINDRICAL_SURFACE('',#101540,0.300000000000008);
#101560=CARTESIAN_POINT('',(11.805091,1.69280615010152,6.23701305915476)
);
#101570=DIRECTION('',(2.46519032881566E-32,-1.,-1.22460635382238E-16));
#101580=DIRECTION('',(0.,-1.22460635382238E-16,1.));
#101590=AXIS2_PLACEMENT_3D('',#101560,#101570,#101580);
#101600=CIRCLE('',#101590,0.300000000000008);
#101610=EDGE_CURVE('',#93360,#101370,#101600,.T.);
#101620=ORIENTED_EDGE('',*,*,#101610,.T.);
#101630=ORIENTED_EDGE('',*,*,#93370,.F.);
#101640=ORIENTED_EDGE('',*,*,#97990,.F.);
#101650=ORIENTED_EDGE('',*,*,#101440,.T.);
#101660=EDGE_LOOP('',(#101650,#101640,#101630,#101620));
#101670=FACE_OUTER_BOUND('',#101660,.T.);
#101680=ADVANCED_FACE('',(#101670),#101550,.T.);
#101690=CARTESIAN_POINT('',(11.305091,1.69280615010152,6.23701305915477)
);
#101700=DIRECTION('',(1.22460635382238E-16,0.,-1.));
#101710=DIRECTION('',(-1.,0.,-1.22460635382238E-16));
#101720=AXIS2_PLACEMENT_3D('',#101690,#101700,#101710);
#101730=TOROIDAL_SURFACE('',#101720,0.5,0.3);
#101740=ORIENTED_EDGE('',*,*,#101380,.T.);
#101750=CARTESIAN_POINT('',(11.6586443905933,2.04635954069479,
6.23701305915477));
#101760=DIRECTION('',(0.707106781186547,-0.707106781186548,0.));
#101770=DIRECTION('',(-0.707106781186548,-0.707106781186547,0.));
#101780=AXIS2_PLACEMENT_3D('',#101750,#101760,#101770);
#101790=CIRCLE('',#101780,0.3);
#101800=EDGE_CURVE('',#72960,#101280,#101790,.T.);
#101810=ORIENTED_EDGE('',*,*,#101800,.T.);
#101820=CARTESIAN_POINT('',(11.305091,1.69280615010152,6.23701305915476)
);
#101830=DIRECTION('',(1.22460635382238E-16,0.,-1.));
#101840=DIRECTION('',(-1.,0.,-1.22460635382238E-16));
#101850=AXIS2_PLACEMENT_3D('',#101820,#101830,#101840);
#101860=CIRCLE('',#101850,0.8);
#101870=EDGE_CURVE('',#72960,#93360,#101860,.T.);
#101880=ORIENTED_EDGE('',*,*,#101870,.F.);
#101890=ORIENTED_EDGE('',*,*,#101610,.F.);
#101900=EDGE_LOOP('',(#101890,#101880,#101810,#101740));
#101910=FACE_OUTER_BOUND('',#101900,.T.);
#101920=ADVANCED_FACE('',(#101910),#101730,.T.);
#101930=CARTESIAN_POINT('',(11.305091,1.69280615010152,0.));
#101940=DIRECTION('',(1.22460635382238E-16,0.,-1.));
#101950=DIRECTION('',(-1.,0.,-1.22460635382238E-16));
#101960=AXIS2_PLACEMENT_3D('',#101930,#101940,#101950);
#101970=CYLINDRICAL_SURFACE('',#101960,0.8);
#101980=ORIENTED_EDGE('',*,*,#88510,.F.);
#101990=ORIENTED_EDGE('',*,*,#93430,.T.);
#102000=ORIENTED_EDGE('',*,*,#101870,.T.);
#102010=ORIENTED_EDGE('',*,*,#73280,.F.);
#102020=EDGE_LOOP('',(#102010,#102000,#101990,#101980));
#102030=FACE_OUTER_BOUND('',#102020,.T.);
#102040=ADVANCED_FACE('',(#102030),#101970,.T.);
#102050=CARTESIAN_POINT('',(13.6800039312881,0.0249999999999986,
6.23701305915477));
#102060=DIRECTION('',(0.707106781186547,-0.707106781186548,0.));
#102070=DIRECTION('',(-0.707106781186548,-0.707106781186547,0.));
#102080=AXIS2_PLACEMENT_3D('',#102050,#102060,#102070);
#102090=CYLINDRICAL_SURFACE('',#102080,0.3);
#102100=ORIENTED_EDGE('',*,*,#72660,.T.);
#102110=ORIENTED_EDGE('',*,*,#72970,.F.);
#102120=ORIENTED_EDGE('',*,*,#101800,.F.);
#102130=ORIENTED_EDGE('',*,*,#101290,.T.);
#102140=EDGE_LOOP('',(#102130,#102120,#102110,#102100));
#102150=FACE_OUTER_BOUND('',#102140,.T.);
#102160=ADVANCED_FACE('',(#102150),#102090,.T.);
#102170=CARTESIAN_POINT('',(5.125091,2.72417699999999,6.53701305915477))
;
#102180=DIRECTION('',(1.22460635382238E-16,1.22460635382238E-16,-1.));
#102190=DIRECTION('',(-1.49966072182214E-32,1.,1.22460635382238E-16));
#102200=AXIS2_PLACEMENT_3D('',#102170,#102180,#102190);
#102210=CYLINDRICAL_SURFACE('',#102200,1.5);
#102220=CARTESIAN_POINT('',(5.125091,4.22417699999999,6.53701305915477))
;
#102230=DIRECTION('',(1.22460635382238E-16,1.22460635382238E-16,-1.));
#102240=VECTOR('',#102230,1.);
#102250=LINE('',#102220,#102240);
#102260=CARTESIAN_POINT('',(5.125091,4.22417699999999,5.43701305915477))
;
#102270=VERTEX_POINT('',#102260);
#102280=EDGE_CURVE('',#101040,#102270,#102250,.T.);
#102290=ORIENTED_EDGE('',*,*,#102280,.F.);
#102300=CARTESIAN_POINT('',(5.125091,2.72417699999999,5.43701305915477))
;
#102310=DIRECTION('',(1.22460635382238E-16,1.22460635382238E-16,-1.));
#102320=DIRECTION('',(-1.49966072182214E-32,1.,1.22460635382238E-16));
#102330=AXIS2_PLACEMENT_3D('',#102300,#102310,#102320);
#102340=CIRCLE('',#102330,1.5);
#102350=CARTESIAN_POINT('',(5.73962891183151,4.09251290719594,
5.43701305915477));
#102360=VERTEX_POINT('',#102350);
#102370=EDGE_CURVE('',#102270,#102360,#102340,.T.);
#102380=ORIENTED_EDGE('',*,*,#102370,.F.);
#102390=CARTESIAN_POINT('',(5.73962891183151,4.09251290719594,
6.53701305915477));
#102400=DIRECTION('',(1.22460635382238E-16,1.22460635382238E-16,-1.));
#102410=VECTOR('',#102400,1.);
#102420=LINE('',#102390,#102410);
#102430=EDGE_CURVE('',#101130,#102360,#102420,.T.);
#102440=ORIENTED_EDGE('',*,*,#102430,.T.);
#102450=ORIENTED_EDGE('',*,*,#101140,.T.);
#102460=EDGE_LOOP('',(#102450,#102440,#102380,#102290));
#102470=FACE_OUTER_BOUND('',#102460,.T.);
#102480=ADVANCED_FACE('',(#102470),#102210,.T.);
#102490=CARTESIAN_POINT('',(5.125091,4.22417699999999,6.53701305915477))
;
#102500=DIRECTION('',(-1.49966072182214E-32,1.,1.22460635382238E-16));
#102510=DIRECTION('',(-1.,0.,-1.22460635382238E-16));
#102520=AXIS2_PLACEMENT_3D('',#102490,#102500,#102510);
#102530=PLANE('',#102520);
#102540=ORIENTED_EDGE('',*,*,#86710,.T.);
#102550=CARTESIAN_POINT('',(0.,4.22417699999999,5.43701305915477));
#102560=DIRECTION('',(-1.,0.,-1.22460635382238E-16));
#102570=VECTOR('',#102560,1.);
#102580=LINE('',#102550,#102570);
#102590=EDGE_CURVE('',#102270,#86620,#102580,.T.);
#102600=ORIENTED_EDGE('',*,*,#102590,.T.);
#102610=ORIENTED_EDGE('',*,*,#102280,.T.);
#102620=ORIENTED_EDGE('',*,*,#101050,.T.);
#102630=EDGE_LOOP('',(#102620,#102610,#102600,#102540));
#102640=FACE_OUTER_BOUND('',#102630,.T.);
#102650=ADVANCED_FACE('',(#102640),#102530,.T.);
#102660=CARTESIAN_POINT('',(7.005091,3.52417699999999,6.53701305915477))
;
#102670=DIRECTION('',(0.409691941221007,0.912223938130634,
1.61882658507271E-16));
#102680=DIRECTION('',(-0.912223938130634,0.409691941221007,
-6.15403876414576E-17));
#102690=AXIS2_PLACEMENT_3D('',#102660,#102670,#102680);
#102700=PLANE('',#102690);
#102710=ORIENTED_EDGE('',*,*,#102430,.F.);
#102720=CARTESIAN_POINT('',(0.,6.67025682783369,5.43701305915477));
#102730=DIRECTION('',(-0.912223938130634,0.409691941221007,
-1.11022302462516E-16));
#102740=VECTOR('',#102730,1.);
#102750=LINE('',#102720,#102740);
#102760=EDGE_CURVE('',#59530,#102360,#102750,.T.);
#102770=ORIENTED_EDGE('',*,*,#102760,.T.);
#102780=ORIENTED_EDGE('',*,*,#59540,.F.);
#102790=ORIENTED_EDGE('',*,*,#72800,.F.);
#102800=ORIENTED_EDGE('',*,*,#101200,.T.);
#102810=EDGE_LOOP('',(#102800,#102790,#102780,#102770,#102710));
#102820=FACE_OUTER_BOUND('',#102810,.T.);
#102830=ADVANCED_FACE('',(#102820),#102700,.T.);
#102840=ORIENTED_EDGE('',*,*,#102760,.F.);
#102850=ORIENTED_EDGE('',*,*,#102370,.T.);
#102860=ORIENTED_EDGE('',*,*,#102590,.F.);
#102870=ORIENTED_EDGE('',*,*,#86630,.T.);
#102880=ORIENTED_EDGE('',*,*,#61210,.T.);
#102890=EDGE_LOOP('',(#102880,#102870,#102860,#102850,#102840));
#102900=FACE_OUTER_BOUND('',#102890,.T.);
#102910=ADVANCED_FACE('',(#102900),#59370,.T.);
#102920=CARTESIAN_POINT('',(11.805091,-8.325823,1.83701305915478));
#102930=DIRECTION('',(1.,-1.18422012976481E-13,-6.50096465016823E-14));
#102940=DIRECTION('',(-1.14798120721057E-13,-0.998585610643771,
0.0531674544736517));
#102950=AXIS2_PLACEMENT_3D('',#102920,#102930,#102940);
#102960=DEGENERATE_TOROIDAL_SURFACE('',#102950,0.20000000000002,
0.29999999999998,.T.);
#102970=CARTESIAN_POINT('',(11.8050909999999,-8.52582299999997,
1.83701305915477));
#102980=DIRECTION('',(1.22460635382238E-16,4.50212241619175E-15,-1.));
#102990=DIRECTION('',(-5.51332771655456E-31,1.,4.50212241619175E-15));
#103000=AXIS2_PLACEMENT_3D('',#102970,#102980,#102990);
#103010=CIRCLE('',#103000,0.300000000000053);
#103020=EDGE_CURVE('',#92330,#61550,#103010,.T.);
#103030=ORIENTED_EDGE('',*,*,#103020,.T.);
#103040=ORIENTED_EDGE('',*,*,#92340,.F.);
#103050=ORIENTED_EDGE('',*,*,#88890,.F.);
#103060=ORIENTED_EDGE('',*,*,#61630,.T.);
#103070=EDGE_LOOP('',(#103060,#103050,#103040,#103030));
#103080=FACE_OUTER_BOUND('',#103070,.T.);
#103090=ADVANCED_FACE('',(#103080),#102960,.T.);
#103100=CARTESIAN_POINT('',(11.805091,-8.52582300000003,3.93702305915477
));
#103110=DIRECTION('',(1.22460635382238E-16,0.,-1.));
#103120=DIRECTION('',(-1.,0.,-1.22460635382238E-16));
#103130=AXIS2_PLACEMENT_3D('',#103100,#103110,#103120);
#103140=CYLINDRICAL_SURFACE('',#103130,0.299999999999969);
#103150=ORIENTED_EDGE('',*,*,#103020,.F.);
#103160=ORIENTED_EDGE('',*,*,#68780,.T.);
#103170=ORIENTED_EDGE('',*,*,#100660,.T.);
#103180=ORIENTED_EDGE('',*,*,#92420,.F.);
#103190=EDGE_LOOP('',(#103180,#103170,#103160,#103150));
#103200=FACE_OUTER_BOUND('',#103190,.T.);
#103210=ADVANCED_FACE('',(#103200),#103140,.T.);
#103220=CARTESIAN_POINT('',(-18.644909,-1.650823,3.93701305915477));
#103230=DIRECTION('',(-1.,9.65529606993524E-33,0.));
#103240=DIRECTION('',(0.,-1.22460635382238E-16,1.));
#103250=AXIS2_PLACEMENT_3D('',#103220,#103230,#103240);
#103260=CYLINDRICAL_SURFACE('',#103250,2.2);
#103270=ORIENTED_EDGE('',*,*,#59260,.F.);
#103280=ORIENTED_EDGE('',*,*,#65620,.T.);
#103290=ORIENTED_EDGE('',*,*,#11030,.T.);
#103300=ORIENTED_EDGE('',*,*,#65550,.F.);
#103310=EDGE_LOOP('',(#103300,#103290,#103280,#103270));
#103320=FACE_OUTER_BOUND('',#103310,.T.);
#103330=ADVANCED_FACE('',(#103320),#103260,.T.);
#103340=CARTESIAN_POINT('',(-18.644909,-1.650823,3.93701305915477));
#103350=DIRECTION('',(-1.,0.,0.));
#103360=DIRECTION('',(0.,1.,0.));
#103370=AXIS2_PLACEMENT_3D('',#103340,#103350,#103360);
#103380=TOROIDAL_SURFACE('',#103370,2.9,0.2);
#103390=ORIENTED_EDGE('',*,*,#10880,.F.);
#103400=ORIENTED_EDGE('',*,*,#29420,.F.);
#103410=ORIENTED_EDGE('',*,*,#42660,.T.);
#103420=ORIENTED_EDGE('',*,*,#29520,.T.);
#103430=EDGE_LOOP('',(#103420,#103410,#103400,#103390));
#103440=FACE_OUTER_BOUND('',#103430,.T.);
#103450=ADVANCED_FACE('',(#103440),#103380,.T.);
#103460=CLOSED_SHELL('',(#810,#1230,#1800,#2200,#2860,#3180,#3580,#4000,
#4490,#4910,#5350,#6420,#6740,#7060,#7420,#7990,#8310,#8650,#9050,#9680,
#9990,#10230,#10730,#11090,#12340,#12760,#13250,#13670,#14050,#14860,
#15610,#16080,#16400,#16650,#17070,#17430,#17730,#17970,#18310,#19190,
#20000,#20510,#20750,#21050,#21480,#21920,#22570,#23230,#23550,#24550,
#25500,#25670,#25860,#26150,#26550,#26790,#27100,#27500,#27760,#28100,
#28420,#28660,#29290,#29630,#29800,#30200,#30420,#30600,#30890,#31640,
#32100,#32390,#32790,#33050,#33570,#33930,#34150,#34660,#34920,#35230,
#35370,#35570,#35790,#36190,#36470,#36720,#37000,#37320,#37640,#37820,
#38130,#38380,#39120,#39370,#39610,#39780,#40260,#40490,#40670,#40910,
#41190,#41610,#41920,#42300,#42370,#42530,#42600,#43000,#43490,#43570,
#43800,#43920,#44100,#44640,#44820,#46380,#46700,#46940,#47150,#47820,
#48000,#48120,#48810,#48950,#49120,#49330,#49910,#50240,#50550,#50670,
#50980,#51100,#51270,#51390,#51770,#51850,#51930,#52150,#52340,#52450,
#52630,#52960,#53110,#53230,#53570,#53640,#53880,#54160,#54280,#54390,
#54520,#54690,#54810,#54990,#55170,#55300,#55500,#55620,#55800,#55920,
#56010,#56670,#56790,#56970,#57090,#57210,#57330,#57900,#58020,#58090,
#58210,#58330,#58800,#59110,#59320,#59720,#60140,#60450,#60780,#61250,
#61670,#62090,#62480,#62870,#63340,#63680,#63900,#64140,#64310,#64560,
#64740,#65060,#65450,#65670,#65840,#66020,#66190,#66440,#66750,#67080,
#67390,#67640,#68040,#68280,#68400,#68580,#68890,#69200,#69450,#69730,
#69910,#70090,#70270,#70520,#70760,#71160,#71490,#71660,#71830,#72450,
#72850,#73320,#73490,#74080,#74390,#74570,#75260,#75890,#76160,#76400,
#76710,#77100,#77750,#77920,#78250,#78580,#78970,#79300,#79560,#79800,
#80280,#80750,#81150,#82030,#82700,#83030,#83330,#84210,#84880,#84970,
#85540,#85640,#85780,#85850,#86420,#86810,#87210,#87370,#87900,#88080,
#88300,#88620,#88740,#88990,#89580,#90060,#90560,#90720,#91020,#91190,
#93480,#93790,#94030,#94270,#94440,#94560,#94870,#95110,#95350,#95520,
#95640,#95950,#96190,#96430,#96600,#96720,#97110,#97510,#97770,#98030,
#98410,#98660,#98960,#99080,#99200,#99380,#99500,#99740,#100040,#100100,
#100270,#100400,#100520,#100770,#100950,#101500,#101680,#101920,#102040,
#102160,#102480,#102650,#102830,#102910,#103090,#103210,#103330,#103450)
);
#103470=MANIFOLD_SOLID_BREP('',#103460);
#103480=CARTESIAN_POINT('',(0.,0.,0.));
#103490=DIRECTION('',(0.,0.,1.));
#103500=DIRECTION('',(1.,0.,0.));
#103510=AXIS2_PLACEMENT_3D('',#103480,#103490,#103500);
#103520=APPLICATION_CONTEXT(' ');
#103530=APPLICATION_PROTOCOL_DEFINITION(' ','automotive_design',1998,
#103520);
#103540=PRODUCT_CONTEXT('',#103520,'mechanical');
#103550=PRODUCT_DEFINITION_CONTEXT('part definition',#103520,'design');
#103560=PRODUCT('GT17HS2-4S-ASSY','GT17HS2-4S-ASSY','',(#103540));
#103570=PRODUCT_RELATED_PRODUCT_CATEGORY('part',' ',(#103560));
#103580=PRODUCT_DEFINITION_FORMATION_WITH_SPECIFIED_SOURCE('','',#103560
,.BOUGHT.);
#103590=PRODUCT_DEFINITION('',' ',#103580,#103550);
#103600=PRODUCT_DEFINITION_SHAPE('','',#103590);
#103610=DIMENSIONAL_EXPONENTS(1.,0.,0.,0.,0.,0.,0.);
#103620=DIMENSIONAL_EXPONENTS(0.,0.,0.,0.,0.,0.,0.);
#103630=DIMENSIONAL_EXPONENTS(0.,0.,0.,0.,0.,0.,0.);
#103640=(LENGTH_UNIT() NAMED_UNIT(*) SI_UNIT(.MILLI.,.METRE.));
#103650=(NAMED_UNIT(*) PLANE_ANGLE_UNIT() SI_UNIT($,.RADIAN.));
#103660=(NAMED_UNIT(*) SI_UNIT($,.STERADIAN.) SOLID_ANGLE_UNIT());
#103670=(GEOMETRIC_REPRESENTATION_CONTEXT(3) 
GLOBAL_UNCERTAINTY_ASSIGNED_CONTEXT((#103680)) 
GLOBAL_UNIT_ASSIGNED_CONTEXT((#103640,#103650,#103660)) 
REPRESENTATION_CONTEXT('',''));
#103680=UNCERTAINTY_MEASURE_WITH_UNIT(LENGTH_MEASURE(0.01),#103640,
'distance_accuracy_value','maximum gap value');
#103690=ADVANCED_BREP_SHAPE_REPRESENTATION('',(#103510,#103470),#103670)
;
#103700=SHAPE_DEFINITION_REPRESENTATION(#103600,#103690);
#103710=COLOUR_RGB('',0.372549027204514,0.372549027204514,
0.372549027204514);
#103720=FILL_AREA_STYLE_COLOUR('',#103710);
#103730=FILL_AREA_STYLE('',(#103720));
#103740=SURFACE_STYLE_FILL_AREA(#103730);
#103750=SURFACE_SIDE_STYLE('',(#103740));
#103760=SURFACE_STYLE_USAGE(.BOTH.,#103750);
#103770=PRESENTATION_STYLE_ASSIGNMENT((#103760));
#103780=STYLED_ITEM('',(#103770),#103470);
#103790=DRAUGHTING_MODEL('',(#103780),#103670);
#103800=CARTESIAN_POINT('',(21.509156,72.625678,7.07201305915481));
#103810=DIRECTION('',(1.22460635382238E-16,1.22460635382238E-16,-1.));
#103820=DIRECTION('',(-1.49966072182214E-32,1.,1.22460635382238E-16));
#103830=AXIS2_PLACEMENT_3D('',#103800,#103810,#103820);
#103840=ITEM_DEFINED_TRANSFORMATION('GT17HS2-4S-ASSY','',#103510,#103830
);
#103850=APPLICATION_CONTEXT(' ');
#103860=APPLICATION_PROTOCOL_DEFINITION(' ','automotive_design',1998,
#103850);
#103870=PRODUCT_CONTEXT('',#103850,'mechanical');
#103880=PRODUCT_DEFINITION_CONTEXT('part definition',#103850,'design');
#103890=PRODUCT('GT17HS2-4S-ASSY','GT17HS2-4S-ASSY','',(#103870));
#103900=PRODUCT_RELATED_PRODUCT_CATEGORY('part',' ',(#103890));
#103910=PRODUCT_DEFINITION_FORMATION_WITH_SPECIFIED_SOURCE('','',#103890
,.BOUGHT.);
#103920=PRODUCT_DEFINITION('',' ',#103910,#103880);
#103930=PRODUCT_DEFINITION_SHAPE('','',#103920);
#103940=DIMENSIONAL_EXPONENTS(1.,0.,0.,0.,0.,0.,0.);
#103950=DIMENSIONAL_EXPONENTS(0.,0.,0.,0.,0.,0.,0.);
#103960=DIMENSIONAL_EXPONENTS(0.,0.,0.,0.,0.,0.,0.);
#103970=(LENGTH_UNIT() NAMED_UNIT(*) SI_UNIT(.MILLI.,.METRE.));
#103980=(NAMED_UNIT(*) PLANE_ANGLE_UNIT() SI_UNIT($,.RADIAN.));
#103990=(NAMED_UNIT(*) SI_UNIT($,.STERADIAN.) SOLID_ANGLE_UNIT());
#104000=(GEOMETRIC_REPRESENTATION_CONTEXT(3) 
GLOBAL_UNCERTAINTY_ASSIGNED_CONTEXT((#104010)) 
GLOBAL_UNIT_ASSIGNED_CONTEXT((#103970,#103980,#103990)) 
REPRESENTATION_CONTEXT('',''));
#104010=UNCERTAINTY_MEASURE_WITH_UNIT(LENGTH_MEASURE(0.01),#103970,
'distance_accuracy_value','maximum gap value');
#104020=SHAPE_REPRESENTATION('',(#103510,#103830),#104000);
#104030=SHAPE_DEFINITION_REPRESENTATION(#103930,#104020);
#104040=(REPRESENTATION_RELATIONSHIP('','',#103690,#104020) 
REPRESENTATION_RELATIONSHIP_WITH_TRANSFORMATION(#103840) 
SHAPE_REPRESENTATION_RELATIONSHIP());
#104050=NEXT_ASSEMBLY_USAGE_OCCURRENCE('1','','GT17HS2-4S-ASSY',#103920,
#103590,'');
#104060=PRODUCT_DEFINITION_SHAPE('','',#104050);
#104070=CONTEXT_DEPENDENT_SHAPE_REPRESENTATION(#104040,#104060);
ENDSEC;
END-ISO-10303-21;
